=== dsct_M1.85_T7555  (M=1.85, log g=4.010, MW23 Teff=7555) ===
    host=compute-1-23.local.tier3-atlas.uta.edu  cores=16  started Tue Aug 11 09:27:34 AM CDT 2026
    workdir=/net/nas-1-16/users/home2/txr7972/Stellar
    MESA_DIR=/net/nas-1-16/users/home2/txr7972/soft/mesa-26.04.1
    GYRE_DIR=/net/nas-1-16/users/home2/txr7972/soft/gyre-9.1.1

--- [dsct_M1.85_T7555] MESA
gfortran -fopenmp -o ../star  run_star_extras.o run_star.o run.o  -L/net/nas-1-16/users/home2/txr7972/soft/mesa-26.04.1/lib -lstar -lstar_data -lgyre_mesa -lgyre -lionization -latm -lcolors -lturb -lnet -leos -lkap -lrates -lneu -lchem -linterp_2d -linterp_1d -lnum -lauto_diff -lforum -lmtx -lconst -lmath -lutils `mesasdk_crmath_link` `mesasdk_lapack95_link` `mesasdk_lapack_link` `mesasdk_blas_link` `mesasdk_hdf5_link`  `mesasdk_pgplot_link` -lz 
DATE: 2026-08-11
TIME: 09:27:38
 reading user weak rate file /net/nas-1-16/users/home2/txr7972/soft/mesa-26.04.1/data/rates_data/rate_tables/S13_r_be7_wk_li7.h5
 version_number r26.4.1
 read inlist_project


 The terminal output contains the following information

      'step' is the number of steps since the start of the run,
      'lg_dt' is log10 timestep in years,
      'age_yr' is the simulated years since the start run,
      'lg_Tcntr' is log10 center temperature (K),
      'lg_Dcntr' is log10 center density (g/cm^3),
      'lg_Tmax' is log10 max temperature (K),
      'Teff' is the surface temperature (K),
      'lg_R' is log10 surface radius (Rsun),
      'lg_L' is log10 surface luminosity (Lsun),
      'lg_LH' is log10 total PP and CNO hydrogen burning power (Lsun),
      'lg_L3a' is log10 total triple-alpha helium burning power (Lsun),
      'lg_gsurf' is log10 surface gravity,
      'lg_Lnuc' is log10 nuclear power (Lsun),
      'lg_Lneu' is log10 total neutrino power (Lsun),
      'lg_Lphoto' is log10 total photodisintegration (Lsun),
      'Mass' is the total stellar baryonic mass (Msun),
      'lg_Mdot' is log10 magnitude of rate of change of mass (Msun/year),
      'lg_Dsurf' is log10 surface density (g/cm^3),
      'H_env' is the amount of mass where H is dominant,
      'He_core' is the largest mass where He is dominant.
      'CO_core' is the largest mass where CO is dominant.
      'H_cntr' is the center H1 mass fraction,
      'He_cntr' is the center He4 mass fraction,
      'C_cntr' is the center C12 mass fraction,
      'N_cntr' is the center N14 mass fraction,
      'O_cntr' is the center O16 mass fraction,
      'Ne_cntr' is the center Ne20 mass fraction,
      'gam_cntr' is the center plasma interaction parameter,
      'eta_cntr' is the center electron degeneracy parameter,
      'zones' is the number of zones in the current model,
      'iters' is the number of solver iterations for the current step,
      'retry' is the number of step retries required during the run,
      'dt_limit' is an indication of what limited the timestep.

 All this and more are saved in the LOGS directory during the run.
 create pre-main-sequence model
                                          species  mass          25    1.8500000000000001D+00

                                        relax_num_steps         300

 hydro_solver_step returned ierr          -1
 s% model_number           1
 nz        1570
 s% num_retries           0

 retry:  logRho > hydro_mtx_max_allowed_logRho         462       1
         50   5.477164   4580.713 -21.898035 -21.898035   1.850000   1.850000   0.700000   0.001035   0.280000  -9.238570   5974      1
-5.0000E+00   5.476744   1.726002 -99.000000 -22.542042 -99.000000   0.000000   0.280000   0.008572   0.020000   0.047995      3
 4.8482E-04  -3.817754   3.050430 -99.000000 -99.000000  -8.399266   0.000000   0.003501   0.001867   0.020000  0.000E+00        max_dt

        100   5.477165   4341.933 -21.898034 -21.898034   1.850000   1.850000   0.700000   0.001035   0.280000  -9.238570   5966      1
-5.0000E+00   5.476745   1.725125 -99.000000 -22.542041 -99.000000   0.000000   0.280000   0.008572   0.020000   0.047995      3
 9.8482E-04  -3.817754   2.955676 -99.000000 -99.000000  -8.375175   0.000000   0.003501   0.001867   0.020000  0.000E+00        max_dt

        150   5.477165   4216.493 -21.898033 -21.898033   1.850000   1.850000   0.700000   0.001035   0.280000  -9.238570   5966      1
-5.0000E+00   5.476745   1.724528 -99.000000 -22.542040 -99.000000   0.000000   0.280000   0.008572   0.020000   0.047995      3
 1.4848E-03  -3.817754   2.903555 -99.000000 -99.000000  -8.352659   0.000000   0.003501   0.001867   0.020000  0.000E+00        max_dt

        200   5.477165   4136.856 -21.898031 -21.898031   1.850000   1.850000   0.700000   0.001035   0.280000  -9.238570   5969      1
-5.0000E+00   5.476745   1.724078 -99.000000 -22.542038 -99.000000   0.000000   0.280000   0.008572   0.020000   0.047995      2
 1.9848E-03  -3.817754   2.869531 -99.000000 -99.000000  -8.333999   0.000000   0.003501   0.001867   0.020000  0.000E+00        max_dt

        250   5.477165   4080.852 -21.898029 -21.898029   1.850000   1.850000   0.700000   0.001035   0.280000  -9.238570   5965      1
-5.0000E+00   5.476745   1.723715 -99.000000 -22.542036 -99.000000   0.000000   0.280000   0.008572   0.020000   0.047995      2
 2.4848E-03  -3.817754   2.845126 -99.000000 -99.000000  -8.317743   0.000000   0.003501   0.001867   0.020000  0.000E+00        max_dt

        300   5.477165   4038.919 -21.898027 -21.898027   1.850000   1.850000   0.700000   0.001035   0.280000  -9.238570   5966      1
-5.0000E+00   5.476745   1.723409 -99.000000 -22.542034 -99.000000   0.000000   0.280000   0.008572   0.020000   0.047995      2
 2.9848E-03  -3.817754   2.826572 -99.000000 -99.000000  -8.303241   0.000000   0.003501   0.001867   0.020000  0.000E+00        max_dt


 finished doing relax num steps


                                relax_to_radiative_core

         50   5.549481   3794.929 -20.540528 -20.540528   1.850000   1.850000   0.700000   0.001035   0.280000  -9.008452   5956      0
 1.2321E+00   5.549481   1.641805 -99.000000 -21.184535 -99.000000   0.000000   0.280000   0.008572   0.020000   0.047656      3
 4.2004E+02  -3.608792   2.555118 -99.000000 -99.000000  -8.066028   0.000000   0.003501   0.001867   0.020000  0.000E+00    varcontrol

             relative mass of radiative core still tiny          50    1.9532955791018436D-08
write /net/nas-1-16/users/home2/txr7972/soft/mesa-26.04.1/data/kap_data/cache/a09_z0.02_x0.8.bin
        100   5.666899   3927.675 -18.429070 -18.429070   1.850000   1.850000   0.700000   0.001035   0.280000  -8.607102   6033      0
 1.5402E+00   5.666899   1.517220 -99.000000 -19.073077 -99.000000   0.000000   0.280000   0.008572   0.020000   0.047583      3
 1.6721E+03  -3.258524   2.365675 -34.317420 -99.000000  -7.997994   0.000000   0.003501   0.001867   0.020000  0.000E+00    varcontrol

             relative mass of radiative core still tiny         100    1.9532956013063041D-08
        150   5.783579   4059.749 -16.484058 -16.484058   1.850000   1.850000   0.700000   0.001035   0.280000  -8.205633   6104      0
 1.8444E+00   5.783579   1.394404 -99.000000 -17.128065 -99.000000   0.000000   0.280000   0.008572   0.020000   0.047553      3
 4.2039E+03  -2.909320   2.177499 -99.000000 -99.000000  -7.916044   0.000000   0.003501   0.001867   0.020000  0.000E+00    varcontrol

             relative mass of radiative core still tiny         150    1.9532956679196856D-08
        200   5.899455   4189.212 -14.690261 -14.690261   1.850000   1.850000   0.700000   0.001035   0.280000  -7.805258   6171      0
 2.1457E+00   5.899455   1.273394 -99.000000 -15.334267 -99.000000   0.000000   0.280000   0.008572   0.020000   0.047548      3
 9.2837E+03  -2.561821   1.990011 -99.000000 -99.000000  -7.821512   0.000000   0.003501   0.001867   0.020000  0.000E+00    varcontrol

             relative mass of radiative core still tiny         200    1.9532956013063041D-08
        250   6.014484   4313.331 -13.034037 -13.034037   1.850000   1.850000   0.700000   0.001035   0.280000  -7.406684   6232      0
 2.4460E+00   6.014484   1.154134 -99.000000 -13.678043 -99.000000   0.000000   0.280000   0.008572   0.020000   0.047560      3
 1.9435E+04  -2.216411   1.802213 -99.000000 -99.000000  -7.722687   0.000000   0.003501   0.001867   0.020000  0.000E+00    varcontrol

             relative mass of radiative core still tiny         250    1.9532956901241461D-08
        300   6.128718   4430.565 -11.502779 -11.502779   1.850000   1.850000   0.700000   0.001035   0.280000  -7.011125   6304      0
 2.7457E+00   6.128718   1.036525 -99.000000 -12.146803 -99.000000   0.000000   0.280000   0.008572   0.020000   0.047567      3
 3.9684E+04  -1.873501   1.613580 -99.000000 -99.000000  -7.619999   0.000000   0.003501   0.001867   0.020000  0.000E+00    varcontrol

             relative mass of radiative core still tiny         300    1.9532957123286065D-08
        350   6.242079   4539.338 -10.084503 -10.084503   1.850000   1.850000   0.700000   0.001035   0.280000  -6.619180   6358      0
 3.0456E+00   6.242079   0.920483 -99.000000 -10.729413 -99.000000   0.000000   0.280000   0.008572   0.020000   0.047566      3
 8.0068E+04  -1.533440   1.423629 -99.000000 -99.000000  -7.511178   0.000000   0.003501   0.001867   0.020000  0.000E+00    varcontrol

             relative mass of radiative core still tiny         350    1.9532954902840016D-08
        400   6.354490   4636.608  -8.742651  -8.742651   1.850000   1.850000   0.700000   0.001035   0.280000  -6.231061   6423      0
 3.3467E+00   6.354490   0.805937 -99.000000  -9.415998 -99.000000   0.000000   0.280000   0.008572   0.020000   0.047559      3
 1.6074E+05  -1.196424   1.231369 -24.684460 -99.000000  -7.398418   0.000000   0.003501   0.001867   0.020000  0.000E+00    varcontrol

             relative mass of radiative core still tiny         400    1.9532957789419880D-08
        450   6.465854   4718.883  -7.121385  -7.121385   1.850000   1.850000   0.700000   0.001035   0.280000  -5.846428   6470      0
 3.6500E+00   6.465854   0.692819 -99.000000  -8.197327 -99.000000   0.000000   0.280000   0.008572   0.020000   0.047553      3
 3.2254E+05  -0.862482   1.035689 -99.000000 -99.000000  -7.284612   0.000000   0.003501   0.001867   0.020000  0.000E+00    varcontrol

             relative mass of radiative core still tiny         450    1.9532955124884621D-08
                 finished relax to begin radiative core         470    1.3669410850547688D-03

 finished doing relax_to_radiative_core

 read profile_columns.list
                             set_initial_number_retries           0
 net name pp_and_cno_extras.net
                                      atm_option: T_tau
 kap_option a09
 kap_CO_option a09_co
 kap_lowT_option lowT_fa05_a09p
                                        OMP_NUM_THREADS          16


dsct_M2.0: will stop at first post-ZAMS model with log g <=    4.0100
__________________________________________________________________________________________________________________________________________________

       step    lg_Tmax     Teff     lg_LH      lg_Lnuc_tot Mass       H_rich     H_cntr     N_cntr     Y_surf   eta_cntr   zones  retry
  lg_dt_yrs    lg_Tcntr    lg_R     lg_L3a     lg_Lneu     lg_Mdot    He_core    He_cntr    O_cntr     Z_surf   gam_cntr   iters  
    age_yrs    lg_Dcntr    lg_L     lg_LZ      lg_Lphoto   lg_Dsurf   CO_core    C_cntr     Ne_cntr    Z_cntr   v_div_cs       dt_limit
__________________________________________________________________________________________________________________________________________________

save LOGS/profile1.data LOGS/profile1.data.GYRE for model 1
         50   6.510035   4818.331  -6.180086  -6.180086   1.850000   1.850000   0.700000   0.001035   0.280000  -5.693203   6488      0
-1.1201E+00   6.510035   0.647879 -99.000000  -7.734523 -99.000000   0.000000   0.280000   0.008572   0.020000   0.047561      2
 4.5497E-01  -0.729729   0.982038 -99.000000 -99.000000  -7.064612   0.000000   0.003501   0.001867   0.020000  0.000E+00  max increase

save photos/x050 for model 50
        100   6.511692   4819.351  -6.011069  -6.011069   1.850000   1.850000   0.700000   0.001035   0.280000  -5.687732   6488      0
 2.8389E+00   6.511692   0.646227 -99.000000  -7.717691 -99.000000   0.000000   0.280000   0.008572   0.020000   0.047557      3
 4.1409E+03  -0.724869   0.979103 -21.072100 -99.000000  -7.062972   0.000000   0.003501   0.001867   0.020000  0.000E+00  max increase

save LOGS/profile2.data LOGS/profile2.data.GYRE for model 100
save photos/x100 for model 100
        150   6.597374   4872.415  -4.335443  -4.335443   1.850000   1.850000   0.700000   0.001035   0.280000  -5.294261   6520      0
 4.0115E+00   6.597374   0.550628 -99.000000  -6.771192 -99.000000   0.000000   0.280000   0.008572   0.020000   0.049121      3
 3.4051E+05  -0.425668   0.806927 -19.867980 -99.000000  -6.966258   0.000000   0.003501   0.001867   0.020000  0.000E+00    varcontrol

save photos/x150 for model 150
        200   6.683487   4932.041  -3.462511  -3.462511   1.850000   1.850000   0.700000   0.001035   0.280000  -4.696929   6562      0
 4.3113E+00   6.683487   0.447588 -99.000000  -5.771352 -99.000000   0.000000   0.280000   0.008572   0.020000   0.054262      4
 1.0872E+06  -0.037629   0.621976 -99.000000 -99.000000  -6.862522   0.000000   0.003501   0.001867   0.020000  0.000E+00    varcontrol

save LOGS/profile3.data LOGS/profile3.data.GYRE for model 200
save photos/x200 for model 200
        250   6.776693   5073.510  -3.237367  -3.237367   1.850000   1.850000   0.700000   0.001035   0.280000  -3.967817   6602      0
 4.5735E+00   6.776693   0.366872 -99.000000  -4.769421 -99.000000   0.000000   0.280000   0.008572   0.020000   0.062085      3
 2.5198E+06   0.417464   0.509671 -99.000000 -99.000000  -6.803729   0.000000   0.003501   0.001867   0.020000  0.000E+00    varcontrol

save photos/x250 for model 250
        300   6.901185   5489.606  -2.214228  -2.214228   1.850000   1.850000   0.699999   0.001035   0.280000  -3.194013   6625      0
 4.5970E+00   6.901185   0.354353 -99.000000  -3.617263 -99.000000   0.000000   0.280001   0.008572   0.020000   0.069461      4
 4.6595E+06   0.937188   0.621565 -17.107557 -99.000000  -6.852024   0.000000   0.003501   0.001867   0.020000  0.000E+00    varcontrol

save LOGS/profile4.data LOGS/profile4.data.GYRE for model 300
save photos/x300 for model 300
        350   7.020165   6030.692  -1.256120  -1.256120   1.850000   1.850000   0.699994   0.001035   0.280000  -2.707678   6619      0
 4.3656E+00   7.020165   0.418917 -53.954002  -2.651775 -99.000000   0.000000   0.280006   0.008572   0.020000   0.071040      5
 6.1562E+06   1.323416   0.913995 -13.201055 -86.112620  -7.009881   0.000000   0.003501   0.001867   0.020000  0.000E+00    varcontrol

save photos/x350 for model 350
        400   7.126119   6639.656  -0.378274  -0.378274   1.850000   1.850000   0.699972   0.001036   0.280000  -2.408169   6641      0
 4.2079E+00   7.126119   0.435080 -47.643355  -1.728711 -99.000000   0.000000   0.280026   0.008572   0.020000   0.069326      5
 7.1193E+06   1.609447   1.113437 -10.078093 -65.817881  -7.237894   0.000000   0.003479   0.001867   0.020002  0.000E+00    varcontrol

save LOGS/profile5.data LOGS/profile5.data.GYRE for model 400
save photos/x400 for model 400
        450   7.247661   7777.285   1.032104   1.032104   1.850000   1.850000   0.699881   0.001354   0.280000  -2.543099   6871      0
 4.4559E+00   7.247661   0.338785 -41.561378  -0.117682 -99.000000   0.000000   0.280044   0.008572   0.020000   0.057731      4
 8.0174E+06   1.735420   1.195576  -7.114121 -48.515733  -7.646593   0.000000   0.002869   0.001867   0.020075  0.000E+00    varcontrol

save photos/x450 for model 450

__________________________________________________________________________________________________________________________________________________

       step    lg_Tmax     Teff     lg_LH      lg_Lnuc_tot Mass       H_rich     H_cntr     N_cntr     Y_surf   eta_cntr   zones  retry
  lg_dt_yrs    lg_Tcntr    lg_R     lg_L3a     lg_Lneu     lg_Mdot    He_core    He_cntr    O_cntr     Z_surf   gam_cntr   iters  
    age_yrs    lg_Dcntr    lg_L     lg_LZ      lg_Lphoto   lg_Dsurf   CO_core    C_cntr     Ne_cntr    Z_cntr   v_div_cs       dt_limit
__________________________________________________________________________________________________________________________________________________

        500   7.307921   8347.115   1.048334   1.048334   1.850000   1.850000   0.698687   0.005141   0.280000  -2.518136   6942      0
 5.3778E+00   7.307921   0.205838 -38.558471  -0.298923 -99.000000   0.000000   0.280735   0.008558   0.020000   0.054438      5
 1.2769E+07   1.837018   1.052515  -5.587953 -41.024865  -7.747246   0.000000   0.000029   0.001867   0.020578  0.000E+00  max increase

save LOGS/profile6.data LOGS/profile6.data.GYRE for model 500
save photos/x500 for model 500
        550   7.317162   8258.234   1.062946   1.062946   1.850000   1.850000   0.641997   0.005617   0.280000  -2.571179   6949      0
 6.6990E+00   7.317162   0.220211 -37.916679  -0.258661 -99.000000   0.000000   0.337428   0.006944   0.020000   0.055337      5
 2.0781E+08   1.843028   1.062664  -5.432335 -40.027131  -7.720059   0.000000   0.000032   0.001867   0.020575  0.000E+00        max_dt

save photos/x550 for model 550
        600   7.324106   8072.135   1.092944   1.092945   1.850000   1.850000   0.561380   0.007116   0.280000  -2.636715   6961      0
 6.6990E+00   7.324106   0.254973 -37.359914  -0.180851 -99.000000   0.000000   0.418257   0.005122   0.020000   0.057538      5
 4.5781E+08   1.847269   1.092593  -5.369549 -39.353478  -7.672995   0.000000   0.000041   0.001866   0.020363  0.000E+00        max_dt

save LOGS/profile7.data LOGS/profile7.data.GYRE for model 600
save photos/x600 for model 600
save LOGS/profile8.data LOGS/profile8.data.GYRE for model 617
save LOGS/profile9.data LOGS/profile9.data.GYRE for model 618
save LOGS/profile10.data LOGS/profile10.data.GYRE for model 619
save LOGS/profile11.data LOGS/profile11.data.GYRE for model 620
save LOGS/profile12.data LOGS/profile12.data.GYRE for model 621
save LOGS/profile13.data LOGS/profile13.data.GYRE for model 622
save LOGS/profile14.data LOGS/profile14.data.GYRE for model 623
save LOGS/profile15.data LOGS/profile15.data.GYRE for model 624
save LOGS/profile16.data LOGS/profile16.data.GYRE for model 625
save LOGS/profile17.data LOGS/profile17.data.GYRE for model 626
save LOGS/profile18.data LOGS/profile18.data.GYRE for model 627
save LOGS/profile19.data LOGS/profile19.data.GYRE for model 628
save LOGS/profile20.data LOGS/profile20.data.GYRE for model 629
save LOGS/profile21.data LOGS/profile21.data.GYRE for model 630
save LOGS/profile22.data LOGS/profile22.data.GYRE for model 631
save LOGS/profile23.data LOGS/profile23.data.GYRE for model 632
save LOGS/profile24.data LOGS/profile24.data.GYRE for model 633
save LOGS/profile25.data LOGS/profile25.data.GYRE for model 634
save LOGS/profile26.data LOGS/profile26.data.GYRE for model 635
save LOGS/profile27.data LOGS/profile27.data.GYRE for model 636
save LOGS/profile28.data LOGS/profile28.data.GYRE for model 637
save LOGS/profile29.data LOGS/profile29.data.GYRE for model 638
save LOGS/profile30.data LOGS/profile30.data.GYRE for model 639
save LOGS/profile31.data LOGS/profile31.data.GYRE for model 640
save LOGS/profile32.data LOGS/profile32.data.GYRE for model 641
save LOGS/profile33.data LOGS/profile33.data.GYRE for model 642
save LOGS/profile34.data LOGS/profile34.data.GYRE for model 643
save LOGS/profile35.data LOGS/profile35.data.GYRE for model 644
save LOGS/profile36.data LOGS/profile36.data.GYRE for model 645
save LOGS/profile37.data LOGS/profile37.data.GYRE for model 646
save LOGS/profile38.data LOGS/profile38.data.GYRE for model 647
save LOGS/profile39.data LOGS/profile39.data.GYRE for model 648
save LOGS/profile40.data LOGS/profile40.data.GYRE for model 649
        650   7.327143   7976.436   1.105336   1.105336   1.850000   1.850000   0.525452   0.007790   0.280000  -2.665359   6951      0
 5.6990E+00   7.327143   0.271518 -37.132091  -0.152216 -99.000000   0.000000   0.454291   0.004488   0.020000   0.058704      5
 5.5931E+08   1.849638   1.104965  -5.346554 -39.105359  -7.648137   0.000000   0.000046   0.001866   0.020256  0.000E+00        max_dt

save LOGS/profile41.data LOGS/profile41.data.GYRE for model 650
save photos/x650 for model 650
save LOGS/profile42.data LOGS/profile42.data.GYRE for model 651
save LOGS/profile43.data LOGS/profile43.data.GYRE for model 652
save LOGS/profile44.data LOGS/profile44.data.GYRE for model 653
save LOGS/profile45.data LOGS/profile45.data.GYRE for model 654
save LOGS/profile46.data LOGS/profile46.data.GYRE for model 655
save LOGS/profile47.data LOGS/profile47.data.GYRE for model 656
save LOGS/profile48.data LOGS/profile48.data.GYRE for model 657
save LOGS/profile49.data LOGS/profile49.data.GYRE for model 658
save LOGS/profile50.data LOGS/profile50.data.GYRE for model 659
save LOGS/profile51.data LOGS/profile51.data.GYRE for model 660
save LOGS/profile52.data LOGS/profile52.data.GYRE for model 661
save LOGS/profile53.data LOGS/profile53.data.GYRE for model 662
save LOGS/profile54.data LOGS/profile54.data.GYRE for model 663
save LOGS/profile55.data LOGS/profile55.data.GYRE for model 664
save LOGS/profile56.data LOGS/profile56.data.GYRE for model 665
save LOGS/profile57.data LOGS/profile57.data.GYRE for model 666
save LOGS/profile58.data LOGS/profile58.data.GYRE for model 667
save LOGS/profile59.data LOGS/profile59.data.GYRE for model 668
save LOGS/profile60.data LOGS/profile60.data.GYRE for model 669
save LOGS/profile61.data LOGS/profile61.data.GYRE for model 670
save LOGS/profile62.data LOGS/profile62.data.GYRE for model 671
save LOGS/profile63.data LOGS/profile63.data.GYRE for model 672
save LOGS/profile64.data LOGS/profile64.data.GYRE for model 673
save LOGS/profile65.data LOGS/profile65.data.GYRE for model 674
save LOGS/profile66.data LOGS/profile66.data.GYRE for model 675
save LOGS/profile67.data LOGS/profile67.data.GYRE for model 676
save LOGS/profile68.data LOGS/profile68.data.GYRE for model 677
save LOGS/profile69.data LOGS/profile69.data.GYRE for model 678
save LOGS/profile70.data LOGS/profile70.data.GYRE for model 679
save LOGS/profile71.data LOGS/profile71.data.GYRE for model 680
save LOGS/profile72.data LOGS/profile72.data.GYRE for model 681
save LOGS/profile73.data LOGS/profile73.data.GYRE for model 682
save LOGS/profile74.data LOGS/profile74.data.GYRE for model 683
save LOGS/profile75.data LOGS/profile75.data.GYRE for model 684
save LOGS/profile76.data LOGS/profile76.data.GYRE for model 685
save LOGS/profile77.data LOGS/profile77.data.GYRE for model 686
save LOGS/profile78.data LOGS/profile78.data.GYRE for model 687
save LOGS/profile79.data LOGS/profile79.data.GYRE for model 688
save LOGS/profile80.data LOGS/profile80.data.GYRE for model 689
save LOGS/profile81.data LOGS/profile81.data.GYRE for model 690
save LOGS/profile82.data LOGS/profile82.data.GYRE for model 691
save LOGS/profile83.data LOGS/profile83.data.GYRE for model 692
save LOGS/profile84.data LOGS/profile84.data.GYRE for model 693
save LOGS/profile85.data LOGS/profile85.data.GYRE for model 694
save LOGS/profile86.data LOGS/profile86.data.GYRE for model 695
save LOGS/profile87.data LOGS/profile87.data.GYRE for model 696
save LOGS/profile88.data LOGS/profile88.data.GYRE for model 697
save LOGS/profile89.data LOGS/profile89.data.GYRE for model 698
save LOGS/profile90.data LOGS/profile90.data.GYRE for model 699
        700   7.327941   7950.983   1.108417   1.108417   1.850000   1.850000   0.516261   0.007955   0.280000  -2.672549   6952      0
 5.6990E+00   7.327941   0.275832 -37.074188  -0.145252 -99.000000   0.000000   0.463510   0.004340   0.020000   0.059023      5
 5.8431E+08   1.850371   1.108041  -5.340552 -39.034839  -7.641539   0.000000   0.000047   0.001866   0.020230  0.000E+00        max_dt

save LOGS/profile91.data LOGS/profile91.data.GYRE for model 700
save photos/x700 for model 700
save LOGS/profile92.data LOGS/profile92.data.GYRE for model 701
save LOGS/profile93.data LOGS/profile93.data.GYRE for model 702
save LOGS/profile94.data LOGS/profile94.data.GYRE for model 703
save LOGS/profile95.data LOGS/profile95.data.GYRE for model 704
save LOGS/profile96.data LOGS/profile96.data.GYRE for model 705
save LOGS/profile97.data LOGS/profile97.data.GYRE for model 706
save LOGS/profile98.data LOGS/profile98.data.GYRE for model 707
save LOGS/profile99.data LOGS/profile99.data.GYRE for model 708
save LOGS/profile100.data LOGS/profile100.data.GYRE for model 709
save LOGS/profile101.data LOGS/profile101.data.GYRE for model 710
save LOGS/profile102.data LOGS/profile102.data.GYRE for model 711
save LOGS/profile103.data LOGS/profile103.data.GYRE for model 712
save LOGS/profile104.data LOGS/profile104.data.GYRE for model 713
save LOGS/profile105.data LOGS/profile105.data.GYRE for model 714
save LOGS/profile106.data LOGS/profile106.data.GYRE for model 715
save LOGS/profile107.data LOGS/profile107.data.GYRE for model 716
save LOGS/profile108.data LOGS/profile108.data.GYRE for model 717
save LOGS/profile109.data LOGS/profile109.data.GYRE for model 718
save LOGS/profile110.data LOGS/profile110.data.GYRE for model 719
save LOGS/profile111.data LOGS/profile111.data.GYRE for model 720
save LOGS/profile112.data LOGS/profile112.data.GYRE for model 721
save LOGS/profile113.data LOGS/profile113.data.GYRE for model 722
save LOGS/profile114.data LOGS/profile114.data.GYRE for model 723
save LOGS/profile115.data LOGS/profile115.data.GYRE for model 724
save LOGS/profile116.data LOGS/profile116.data.GYRE for model 725
save LOGS/profile117.data LOGS/profile117.data.GYRE for model 726
save LOGS/profile118.data LOGS/profile118.data.GYRE for model 727
save LOGS/profile119.data LOGS/profile119.data.GYRE for model 728
save LOGS/profile120.data LOGS/profile120.data.GYRE for model 729
save LOGS/profile121.data LOGS/profile121.data.GYRE for model 730
save LOGS/profile122.data LOGS/profile122.data.GYRE for model 731
save LOGS/profile123.data LOGS/profile123.data.GYRE for model 732
save LOGS/profile124.data LOGS/profile124.data.GYRE for model 733
save LOGS/profile125.data LOGS/profile125.data.GYRE for model 734
save LOGS/profile126.data LOGS/profile126.data.GYRE for model 735
save LOGS/profile127.data LOGS/profile127.data.GYRE for model 736
save LOGS/profile128.data LOGS/profile128.data.GYRE for model 737
save LOGS/profile129.data LOGS/profile129.data.GYRE for model 738
save LOGS/profile130.data LOGS/profile130.data.GYRE for model 739
save LOGS/profile131.data LOGS/profile131.data.GYRE for model 740
save LOGS/profile132.data LOGS/profile132.data.GYRE for model 741
save LOGS/profile133.data LOGS/profile133.data.GYRE for model 742
save LOGS/profile134.data LOGS/profile134.data.GYRE for model 743
save LOGS/profile135.data LOGS/profile135.data.GYRE for model 744
save LOGS/profile136.data LOGS/profile136.data.GYRE for model 745
save LOGS/profile137.data LOGS/profile137.data.GYRE for model 746
save LOGS/profile138.data LOGS/profile138.data.GYRE for model 747
save LOGS/profile139.data LOGS/profile139.data.GYRE for model 748
save LOGS/profile140.data LOGS/profile140.data.GYRE for model 749
        750   7.328762   7924.755   1.111512   1.111513   1.850000   1.850000   0.506938   0.008117   0.280000  -2.679788   6943      0
 5.6990E+00   7.328762   0.280247 -37.015431  -0.138370 -99.000000   0.000000   0.472858   0.004196   0.020000   0.059356      5
 6.0931E+08   1.851171   1.111131  -5.334350 -38.962857  -7.634753   0.000000   0.000048   0.001866   0.020203  0.000E+00        max_dt

save LOGS/profile141.data LOGS/profile141.data.GYRE for model 750
save photos/x750 for model 750
save LOGS/profile142.data LOGS/profile142.data.GYRE for model 751
save LOGS/profile143.data LOGS/profile143.data.GYRE for model 752
save LOGS/profile144.data LOGS/profile144.data.GYRE for model 753
save LOGS/profile145.data LOGS/profile145.data.GYRE for model 754
save LOGS/profile146.data LOGS/profile146.data.GYRE for model 755
save LOGS/profile147.data LOGS/profile147.data.GYRE for model 756
save LOGS/profile148.data LOGS/profile148.data.GYRE for model 757
save LOGS/profile149.data LOGS/profile149.data.GYRE for model 758
save LOGS/profile150.data LOGS/profile150.data.GYRE for model 759
save LOGS/profile151.data LOGS/profile151.data.GYRE for model 760
save LOGS/profile152.data LOGS/profile152.data.GYRE for model 761
save LOGS/profile153.data LOGS/profile153.data.GYRE for model 762
save LOGS/profile154.data LOGS/profile154.data.GYRE for model 763
save LOGS/profile155.data LOGS/profile155.data.GYRE for model 764
save LOGS/profile156.data LOGS/profile156.data.GYRE for model 765
save LOGS/profile157.data LOGS/profile157.data.GYRE for model 766
save LOGS/profile158.data LOGS/profile158.data.GYRE for model 767
save LOGS/profile159.data LOGS/profile159.data.GYRE for model 768
save LOGS/profile160.data LOGS/profile160.data.GYRE for model 769
save LOGS/profile161.data LOGS/profile161.data.GYRE for model 770
save LOGS/profile162.data LOGS/profile162.data.GYRE for model 771
save LOGS/profile163.data LOGS/profile163.data.GYRE for model 772
save LOGS/profile164.data LOGS/profile164.data.GYRE for model 773
save LOGS/profile165.data LOGS/profile165.data.GYRE for model 774
save LOGS/profile166.data LOGS/profile166.data.GYRE for model 775
save LOGS/profile167.data LOGS/profile167.data.GYRE for model 776
save LOGS/profile168.data LOGS/profile168.data.GYRE for model 777
save LOGS/profile169.data LOGS/profile169.data.GYRE for model 778
save LOGS/profile170.data LOGS/profile170.data.GYRE for model 779
save LOGS/profile171.data LOGS/profile171.data.GYRE for model 780
save LOGS/profile172.data LOGS/profile172.data.GYRE for model 781
save LOGS/profile173.data LOGS/profile173.data.GYRE for model 782
save LOGS/profile174.data LOGS/profile174.data.GYRE for model 783
save LOGS/profile175.data LOGS/profile175.data.GYRE for model 784
save LOGS/profile176.data LOGS/profile176.data.GYRE for model 785
save LOGS/profile177.data LOGS/profile177.data.GYRE for model 786
save LOGS/profile178.data LOGS/profile178.data.GYRE for model 787
save LOGS/profile179.data LOGS/profile179.data.GYRE for model 788
save LOGS/profile180.data LOGS/profile180.data.GYRE for model 789
save LOGS/profile181.data LOGS/profile181.data.GYRE for model 790
save LOGS/profile182.data LOGS/profile182.data.GYRE for model 791
save LOGS/profile183.data LOGS/profile183.data.GYRE for model 792
save LOGS/profile184.data LOGS/profile184.data.GYRE for model 793
save LOGS/profile185.data LOGS/profile185.data.GYRE for model 794
save LOGS/profile186.data LOGS/profile186.data.GYRE for model 795
save LOGS/profile187.data LOGS/profile187.data.GYRE for model 796
save LOGS/profile188.data LOGS/profile188.data.GYRE for model 797
save LOGS/profile189.data LOGS/profile189.data.GYRE for model 798
save LOGS/profile190.data LOGS/profile190.data.GYRE for model 799
        800   7.329609   7897.719   1.114625   1.114625   1.850000   1.850000   0.497476   0.008278   0.280000  -2.687059   6949      0
 5.6990E+00   7.329609   0.284769 -36.955706  -0.131565 -99.000000   0.000000   0.482347   0.004055   0.020000   0.059703      5
 6.3431E+08   1.852051   1.114239  -5.327931 -38.889218  -7.627774   0.000000   0.000049   0.001866   0.020177  0.000E+00        max_dt

save LOGS/profile191.data LOGS/profile191.data.GYRE for model 800
save photos/x800 for model 800
save LOGS/profile192.data LOGS/profile192.data.GYRE for model 801
save LOGS/profile193.data LOGS/profile193.data.GYRE for model 802
save LOGS/profile194.data LOGS/profile194.data.GYRE for model 803
save LOGS/profile195.data LOGS/profile195.data.GYRE for model 804
save LOGS/profile196.data LOGS/profile196.data.GYRE for model 805
save LOGS/profile197.data LOGS/profile197.data.GYRE for model 806
save LOGS/profile198.data LOGS/profile198.data.GYRE for model 807
save LOGS/profile199.data LOGS/profile199.data.GYRE for model 808
save LOGS/profile200.data LOGS/profile200.data.GYRE for model 809
save LOGS/profile201.data LOGS/profile201.data.GYRE for model 810
save LOGS/profile202.data LOGS/profile202.data.GYRE for model 811
save LOGS/profile203.data LOGS/profile203.data.GYRE for model 812
save LOGS/profile204.data LOGS/profile204.data.GYRE for model 813
save LOGS/profile205.data LOGS/profile205.data.GYRE for model 814
save LOGS/profile206.data LOGS/profile206.data.GYRE for model 815
save LOGS/profile207.data LOGS/profile207.data.GYRE for model 816
save LOGS/profile208.data LOGS/profile208.data.GYRE for model 817
save LOGS/profile209.data LOGS/profile209.data.GYRE for model 818
save LOGS/profile210.data LOGS/profile210.data.GYRE for model 819
save LOGS/profile211.data LOGS/profile211.data.GYRE for model 820
save LOGS/profile212.data LOGS/profile212.data.GYRE for model 821
save LOGS/profile213.data LOGS/profile213.data.GYRE for model 822
save LOGS/profile214.data LOGS/profile214.data.GYRE for model 823
save LOGS/profile215.data LOGS/profile215.data.GYRE for model 824
save LOGS/profile216.data LOGS/profile216.data.GYRE for model 825
save LOGS/profile217.data LOGS/profile217.data.GYRE for model 826
save LOGS/profile218.data LOGS/profile218.data.GYRE for model 827
save LOGS/profile219.data LOGS/profile219.data.GYRE for model 828
save LOGS/profile220.data LOGS/profile220.data.GYRE for model 829
save LOGS/profile221.data LOGS/profile221.data.GYRE for model 830
save LOGS/profile222.data LOGS/profile222.data.GYRE for model 831
save LOGS/profile223.data LOGS/profile223.data.GYRE for model 832
save LOGS/profile224.data LOGS/profile224.data.GYRE for model 833
save LOGS/profile225.data LOGS/profile225.data.GYRE for model 834
save LOGS/profile226.data LOGS/profile226.data.GYRE for model 835
save LOGS/profile227.data LOGS/profile227.data.GYRE for model 836
save LOGS/profile228.data LOGS/profile228.data.GYRE for model 837
save LOGS/profile229.data LOGS/profile229.data.GYRE for model 838
save LOGS/profile230.data LOGS/profile230.data.GYRE for model 839
save LOGS/profile231.data LOGS/profile231.data.GYRE for model 840
save LOGS/profile232.data LOGS/profile232.data.GYRE for model 841
save LOGS/profile233.data LOGS/profile233.data.GYRE for model 842
save LOGS/profile234.data LOGS/profile234.data.GYRE for model 843
save LOGS/profile235.data LOGS/profile235.data.GYRE for model 844
save LOGS/profile236.data LOGS/profile236.data.GYRE for model 845
save LOGS/profile237.data LOGS/profile237.data.GYRE for model 846
save LOGS/profile238.data LOGS/profile238.data.GYRE for model 847
save LOGS/profile239.data LOGS/profile239.data.GYRE for model 848
save LOGS/profile240.data LOGS/profile240.data.GYRE for model 849
        850   7.330481   7869.899   1.117757   1.117757   1.850000   1.850000   0.487854   0.008436   0.280000  -2.694320   6943      0
 5.6990E+00   7.330481   0.289398 -36.894878  -0.124832 -99.000000   0.000000   0.491995   0.003916   0.020000   0.060069      5
 6.5931E+08   1.853035   1.117366  -5.321286 -38.813714  -7.620614   0.000000   0.000050   0.001866   0.020151  0.000E+00        max_dt

save LOGS/profile241.data LOGS/profile241.data.GYRE for model 850
save photos/x850 for model 850
save LOGS/profile242.data LOGS/profile242.data.GYRE for model 851
save LOGS/profile243.data LOGS/profile243.data.GYRE for model 852
save LOGS/profile244.data LOGS/profile244.data.GYRE for model 853
save LOGS/profile245.data LOGS/profile245.data.GYRE for model 854
save LOGS/profile246.data LOGS/profile246.data.GYRE for model 855
save LOGS/profile247.data LOGS/profile247.data.GYRE for model 856
save LOGS/profile248.data LOGS/profile248.data.GYRE for model 857
save LOGS/profile249.data LOGS/profile249.data.GYRE for model 858
save LOGS/profile250.data LOGS/profile250.data.GYRE for model 859
save LOGS/profile251.data LOGS/profile251.data.GYRE for model 860
save LOGS/profile252.data LOGS/profile252.data.GYRE for model 861
save LOGS/profile253.data LOGS/profile253.data.GYRE for model 862
save LOGS/profile254.data LOGS/profile254.data.GYRE for model 863
save LOGS/profile255.data LOGS/profile255.data.GYRE for model 864
save LOGS/profile256.data LOGS/profile256.data.GYRE for model 865
save LOGS/profile257.data LOGS/profile257.data.GYRE for model 866
save LOGS/profile258.data LOGS/profile258.data.GYRE for model 867
save LOGS/profile259.data LOGS/profile259.data.GYRE for model 868
save LOGS/profile260.data LOGS/profile260.data.GYRE for model 869
save LOGS/profile261.data LOGS/profile261.data.GYRE for model 870
save LOGS/profile262.data LOGS/profile262.data.GYRE for model 871
save LOGS/profile263.data LOGS/profile263.data.GYRE for model 872
save LOGS/profile264.data LOGS/profile264.data.GYRE for model 873
save LOGS/profile265.data LOGS/profile265.data.GYRE for model 874
save LOGS/profile266.data LOGS/profile266.data.GYRE for model 875
save LOGS/profile267.data LOGS/profile267.data.GYRE for model 876
save LOGS/profile268.data LOGS/profile268.data.GYRE for model 877
save LOGS/profile269.data LOGS/profile269.data.GYRE for model 878
save LOGS/profile270.data LOGS/profile270.data.GYRE for model 879
save LOGS/profile271.data LOGS/profile271.data.GYRE for model 880
save LOGS/profile272.data LOGS/profile272.data.GYRE for model 881
save LOGS/profile273.data LOGS/profile273.data.GYRE for model 882
save LOGS/profile274.data LOGS/profile274.data.GYRE for model 883
save LOGS/profile275.data LOGS/profile275.data.GYRE for model 884
save LOGS/profile276.data LOGS/profile276.data.GYRE for model 885
save LOGS/profile277.data LOGS/profile277.data.GYRE for model 886
save LOGS/profile278.data LOGS/profile278.data.GYRE for model 887
save LOGS/profile279.data LOGS/profile279.data.GYRE for model 888
save LOGS/profile280.data LOGS/profile280.data.GYRE for model 889
save LOGS/profile281.data LOGS/profile281.data.GYRE for model 890
save LOGS/profile282.data LOGS/profile282.data.GYRE for model 891
save LOGS/profile283.data LOGS/profile283.data.GYRE for model 892
save LOGS/profile284.data LOGS/profile284.data.GYRE for model 893
save LOGS/profile285.data LOGS/profile285.data.GYRE for model 894
save LOGS/profile286.data LOGS/profile286.data.GYRE for model 895
save LOGS/profile287.data LOGS/profile287.data.GYRE for model 896
save LOGS/profile288.data LOGS/profile288.data.GYRE for model 897
save LOGS/profile289.data LOGS/profile289.data.GYRE for model 898
save LOGS/profile290.data LOGS/profile290.data.GYRE for model 899
        900   7.331381   7841.234   1.120892   1.120892   1.850000   1.850000   0.478069   0.008592   0.280000  -2.701612   6936      0
 5.6990E+00   7.331381   0.294133 -36.832936  -0.118191 -99.000000   0.000000   0.501806   0.003781   0.020000   0.060452      5
 6.8431E+08   1.854110   1.120497  -5.314427 -38.736580  -7.613241   0.000000   0.000051   0.001866   0.020126  0.000E+00        max_dt

save LOGS/profile291.data LOGS/profile291.data.GYRE for model 900
save photos/x900 for model 900
save LOGS/profile292.data LOGS/profile292.data.GYRE for model 901
save LOGS/profile293.data LOGS/profile293.data.GYRE for model 902
save LOGS/profile294.data LOGS/profile294.data.GYRE for model 903
save LOGS/profile295.data LOGS/profile295.data.GYRE for model 904
save LOGS/profile296.data LOGS/profile296.data.GYRE for model 905
save LOGS/profile297.data LOGS/profile297.data.GYRE for model 906
save LOGS/profile298.data LOGS/profile298.data.GYRE for model 907
save LOGS/profile299.data LOGS/profile299.data.GYRE for model 908
save LOGS/profile300.data LOGS/profile300.data.GYRE for model 909
save LOGS/profile301.data LOGS/profile301.data.GYRE for model 910
save LOGS/profile302.data LOGS/profile302.data.GYRE for model 911
save LOGS/profile303.data LOGS/profile303.data.GYRE for model 912
save LOGS/profile304.data LOGS/profile304.data.GYRE for model 913
save LOGS/profile305.data LOGS/profile305.data.GYRE for model 914
save LOGS/profile306.data LOGS/profile306.data.GYRE for model 915
save LOGS/profile307.data LOGS/profile307.data.GYRE for model 916
save LOGS/profile308.data LOGS/profile308.data.GYRE for model 917
save LOGS/profile309.data LOGS/profile309.data.GYRE for model 918
save LOGS/profile310.data LOGS/profile310.data.GYRE for model 919
save LOGS/profile311.data LOGS/profile311.data.GYRE for model 920
save LOGS/profile312.data LOGS/profile312.data.GYRE for model 921
save LOGS/profile313.data LOGS/profile313.data.GYRE for model 922
save LOGS/profile314.data LOGS/profile314.data.GYRE for model 923
save LOGS/profile315.data LOGS/profile315.data.GYRE for model 924
save LOGS/profile316.data LOGS/profile316.data.GYRE for model 925
save LOGS/profile317.data LOGS/profile317.data.GYRE for model 926
save LOGS/profile318.data LOGS/profile318.data.GYRE for model 927
save LOGS/profile319.data LOGS/profile319.data.GYRE for model 928
save LOGS/profile320.data LOGS/profile320.data.GYRE for model 929
save LOGS/profile321.data LOGS/profile321.data.GYRE for model 930
save LOGS/profile322.data LOGS/profile322.data.GYRE for model 931
save LOGS/profile323.data LOGS/profile323.data.GYRE for model 932
save LOGS/profile324.data LOGS/profile324.data.GYRE for model 933
save LOGS/profile325.data LOGS/profile325.data.GYRE for model 934
save LOGS/profile326.data LOGS/profile326.data.GYRE for model 935
save LOGS/profile327.data LOGS/profile327.data.GYRE for model 936
save LOGS/profile328.data LOGS/profile328.data.GYRE for model 937
save LOGS/profile329.data LOGS/profile329.data.GYRE for model 938
save LOGS/profile330.data LOGS/profile330.data.GYRE for model 939
save LOGS/profile331.data LOGS/profile331.data.GYRE for model 940
save LOGS/profile332.data LOGS/profile332.data.GYRE for model 941
save LOGS/profile333.data LOGS/profile333.data.GYRE for model 942
save LOGS/profile334.data LOGS/profile334.data.GYRE for model 943
save LOGS/profile335.data LOGS/profile335.data.GYRE for model 944
save LOGS/profile336.data LOGS/profile336.data.GYRE for model 945
save LOGS/profile337.data LOGS/profile337.data.GYRE for model 946
save LOGS/profile338.data LOGS/profile338.data.GYRE for model 947
save LOGS/profile339.data LOGS/profile339.data.GYRE for model 948
save LOGS/profile340.data LOGS/profile340.data.GYRE for model 949
        950   7.332309   7811.676   1.124031   1.124031   1.850000   1.850000   0.468118   0.008746   0.280000  -2.708937   6933      0
 5.6990E+00   7.332309   0.298980 -36.769795  -0.111640 -99.000000   0.000000   0.511782   0.003649   0.020000   0.060853      5
 7.0931E+08   1.855279   1.123630  -5.307336 -38.657719  -7.605639   0.000000   0.000052   0.001866   0.020101  0.000E+00        max_dt

save LOGS/profile341.data LOGS/profile341.data.GYRE for model 950
save photos/x950 for model 950
save LOGS/profile342.data LOGS/profile342.data.GYRE for model 951
save LOGS/profile343.data LOGS/profile343.data.GYRE for model 952
save LOGS/profile344.data LOGS/profile344.data.GYRE for model 953
save LOGS/profile345.data LOGS/profile345.data.GYRE for model 954
save LOGS/profile346.data LOGS/profile346.data.GYRE for model 955
save LOGS/profile347.data LOGS/profile347.data.GYRE for model 956
save LOGS/profile348.data LOGS/profile348.data.GYRE for model 957
save LOGS/profile349.data LOGS/profile349.data.GYRE for model 958
save LOGS/profile350.data LOGS/profile350.data.GYRE for model 959
save LOGS/profile351.data LOGS/profile351.data.GYRE for model 960
save LOGS/profile352.data LOGS/profile352.data.GYRE for model 961
save LOGS/profile353.data LOGS/profile353.data.GYRE for model 962
save LOGS/profile354.data LOGS/profile354.data.GYRE for model 963
save LOGS/profile355.data LOGS/profile355.data.GYRE for model 964
save LOGS/profile356.data LOGS/profile356.data.GYRE for model 965
save LOGS/profile357.data LOGS/profile357.data.GYRE for model 966
save LOGS/profile358.data LOGS/profile358.data.GYRE for model 967
save LOGS/profile359.data LOGS/profile359.data.GYRE for model 968
save LOGS/profile360.data LOGS/profile360.data.GYRE for model 969
save LOGS/profile361.data LOGS/profile361.data.GYRE for model 970
save LOGS/profile362.data LOGS/profile362.data.GYRE for model 971
save LOGS/profile363.data LOGS/profile363.data.GYRE for model 972
save LOGS/profile364.data LOGS/profile364.data.GYRE for model 973
save LOGS/profile365.data LOGS/profile365.data.GYRE for model 974
save LOGS/profile366.data LOGS/profile366.data.GYRE for model 975
save LOGS/profile367.data LOGS/profile367.data.GYRE for model 976
save LOGS/profile368.data LOGS/profile368.data.GYRE for model 977
save LOGS/profile369.data LOGS/profile369.data.GYRE for model 978
save LOGS/profile370.data LOGS/profile370.data.GYRE for model 979
save LOGS/profile371.data LOGS/profile371.data.GYRE for model 980
save LOGS/profile372.data LOGS/profile372.data.GYRE for model 981
save LOGS/profile373.data LOGS/profile373.data.GYRE for model 982
save LOGS/profile374.data LOGS/profile374.data.GYRE for model 983
save LOGS/profile375.data LOGS/profile375.data.GYRE for model 984
save LOGS/profile376.data LOGS/profile376.data.GYRE for model 985
save LOGS/profile377.data LOGS/profile377.data.GYRE for model 986
save LOGS/profile378.data LOGS/profile378.data.GYRE for model 987
save LOGS/profile379.data LOGS/profile379.data.GYRE for model 988
save LOGS/profile380.data LOGS/profile380.data.GYRE for model 989
save LOGS/profile381.data LOGS/profile381.data.GYRE for model 990
save LOGS/profile382.data LOGS/profile382.data.GYRE for model 991
save LOGS/profile383.data LOGS/profile383.data.GYRE for model 992
save LOGS/profile384.data LOGS/profile384.data.GYRE for model 993
save LOGS/profile385.data LOGS/profile385.data.GYRE for model 994
save LOGS/profile386.data LOGS/profile386.data.GYRE for model 995
save LOGS/profile387.data LOGS/profile387.data.GYRE for model 996
save LOGS/profile388.data LOGS/profile388.data.GYRE for model 997
save LOGS/profile389.data LOGS/profile389.data.GYRE for model 998
save LOGS/profile390.data LOGS/profile390.data.GYRE for model 999

__________________________________________________________________________________________________________________________________________________

       step    lg_Tmax     Teff     lg_LH      lg_Lnuc_tot Mass       H_rich     H_cntr     N_cntr     Y_surf   eta_cntr   zones  retry
  lg_dt_yrs    lg_Tcntr    lg_R     lg_L3a     lg_Lneu     lg_Mdot    He_core    He_cntr    O_cntr     Z_surf   gam_cntr   iters  
    age_yrs    lg_Dcntr    lg_L     lg_LZ      lg_Lphoto   lg_Dsurf   CO_core    C_cntr     Ne_cntr    Z_cntr   v_div_cs       dt_limit
__________________________________________________________________________________________________________________________________________________

       1000   7.333269   7781.169   1.127170   1.127171   1.850000   1.850000   0.457996   0.008896   0.280000  -2.716293   6936      0
 5.6990E+00   7.333269   0.303945 -36.705378  -0.105181 -99.000000   0.000000   0.521928   0.003520   0.020000   0.061275      5
 7.3431E+08   1.856548   1.126764  -5.300003 -38.577054  -7.597792   0.000000   0.000053   0.001866   0.020076  0.000E+00        max_dt

save LOGS/profile391.data LOGS/profile391.data.GYRE for model 1000
save photos/1000 for model 1000
save LOGS/profile392.data LOGS/profile392.data.GYRE for model 1001
save LOGS/profile393.data LOGS/profile393.data.GYRE for model 1002
save LOGS/profile394.data LOGS/profile394.data.GYRE for model 1003
save LOGS/profile395.data LOGS/profile395.data.GYRE for model 1004
save LOGS/profile396.data LOGS/profile396.data.GYRE for model 1005
save LOGS/profile397.data LOGS/profile397.data.GYRE for model 1006
save LOGS/profile398.data LOGS/profile398.data.GYRE for model 1007
save LOGS/profile399.data LOGS/profile399.data.GYRE for model 1008
save LOGS/profile400.data LOGS/profile400.data.GYRE for model 1009
save LOGS/profile2.data LOGS/profile2.data.GYRE for model 1010
save LOGS/profile3.data LOGS/profile3.data.GYRE for model 1011
save LOGS/profile4.data LOGS/profile4.data.GYRE for model 1012
save LOGS/profile5.data LOGS/profile5.data.GYRE for model 1013
save LOGS/profile6.data LOGS/profile6.data.GYRE for model 1014
save LOGS/profile7.data LOGS/profile7.data.GYRE for model 1015
save LOGS/profile8.data LOGS/profile8.data.GYRE for model 1016
save LOGS/profile9.data LOGS/profile9.data.GYRE for model 1017
save LOGS/profile10.data LOGS/profile10.data.GYRE for model 1018
save LOGS/profile11.data LOGS/profile11.data.GYRE for model 1019
save LOGS/profile12.data LOGS/profile12.data.GYRE for model 1020
save LOGS/profile13.data LOGS/profile13.data.GYRE for model 1021
save LOGS/profile14.data LOGS/profile14.data.GYRE for model 1022
save LOGS/profile15.data LOGS/profile15.data.GYRE for model 1023
save LOGS/profile16.data LOGS/profile16.data.GYRE for model 1024
save LOGS/profile17.data LOGS/profile17.data.GYRE for model 1025
save LOGS/profile18.data LOGS/profile18.data.GYRE for model 1026
save LOGS/profile19.data LOGS/profile19.data.GYRE for model 1027
save LOGS/profile20.data LOGS/profile20.data.GYRE for model 1028
save LOGS/profile21.data LOGS/profile21.data.GYRE for model 1029
save LOGS/profile22.data LOGS/profile22.data.GYRE for model 1030
save LOGS/profile23.data LOGS/profile23.data.GYRE for model 1031
save LOGS/profile24.data LOGS/profile24.data.GYRE for model 1032
save LOGS/profile25.data LOGS/profile25.data.GYRE for model 1033
save LOGS/profile26.data LOGS/profile26.data.GYRE for model 1034
save LOGS/profile27.data LOGS/profile27.data.GYRE for model 1035
save LOGS/profile28.data LOGS/profile28.data.GYRE for model 1036
save LOGS/profile29.data LOGS/profile29.data.GYRE for model 1037
save LOGS/profile30.data LOGS/profile30.data.GYRE for model 1038
save LOGS/profile31.data LOGS/profile31.data.GYRE for model 1039
save LOGS/profile32.data LOGS/profile32.data.GYRE for model 1040
save LOGS/profile33.data LOGS/profile33.data.GYRE for model 1041
save LOGS/profile34.data LOGS/profile34.data.GYRE for model 1042
save LOGS/profile35.data LOGS/profile35.data.GYRE for model 1043
save LOGS/profile36.data LOGS/profile36.data.GYRE for model 1044
save LOGS/profile37.data LOGS/profile37.data.GYRE for model 1045
save LOGS/profile38.data LOGS/profile38.data.GYRE for model 1046
save LOGS/profile39.data LOGS/profile39.data.GYRE for model 1047
save LOGS/profile40.data LOGS/profile40.data.GYRE for model 1048
save LOGS/profile41.data LOGS/profile41.data.GYRE for model 1049
       1050   7.334260   7749.652   1.130310   1.130310   1.850000   1.850000   0.447698   0.009044   0.280000  -2.723683   6934      0
 5.6990E+00   7.334260   0.309038 -36.639595  -0.098813 -99.000000   0.000000   0.532250   0.003393   0.020000   0.061718      5
 7.5931E+08   1.857923   1.129897  -5.292416 -38.494502  -7.589675   0.000000   0.000054   0.001865   0.020052  0.000E+00        max_dt

save LOGS/profile42.data LOGS/profile42.data.GYRE for model 1050
save photos/x050 for model 1050
save LOGS/profile43.data LOGS/profile43.data.GYRE for model 1051
save LOGS/profile44.data LOGS/profile44.data.GYRE for model 1052
save LOGS/profile45.data LOGS/profile45.data.GYRE for model 1053
save LOGS/profile46.data LOGS/profile46.data.GYRE for model 1054
save LOGS/profile47.data LOGS/profile47.data.GYRE for model 1055
save LOGS/profile48.data LOGS/profile48.data.GYRE for model 1056
save LOGS/profile49.data LOGS/profile49.data.GYRE for model 1057
save LOGS/profile50.data LOGS/profile50.data.GYRE for model 1058
save LOGS/profile51.data LOGS/profile51.data.GYRE for model 1059
save LOGS/profile52.data LOGS/profile52.data.GYRE for model 1060
save LOGS/profile53.data LOGS/profile53.data.GYRE for model 1061
save LOGS/profile54.data LOGS/profile54.data.GYRE for model 1062
save LOGS/profile55.data LOGS/profile55.data.GYRE for model 1063
save LOGS/profile56.data LOGS/profile56.data.GYRE for model 1064
save LOGS/profile57.data LOGS/profile57.data.GYRE for model 1065
save LOGS/profile58.data LOGS/profile58.data.GYRE for model 1066
save LOGS/profile59.data LOGS/profile59.data.GYRE for model 1067
save LOGS/profile60.data LOGS/profile60.data.GYRE for model 1068
save LOGS/profile61.data LOGS/profile61.data.GYRE for model 1069
save LOGS/profile62.data LOGS/profile62.data.GYRE for model 1070
save LOGS/profile63.data LOGS/profile63.data.GYRE for model 1071
save LOGS/profile64.data LOGS/profile64.data.GYRE for model 1072
save LOGS/profile65.data LOGS/profile65.data.GYRE for model 1073
save LOGS/profile66.data LOGS/profile66.data.GYRE for model 1074
save LOGS/profile67.data LOGS/profile67.data.GYRE for model 1075
save LOGS/profile68.data LOGS/profile68.data.GYRE for model 1076
save LOGS/profile69.data LOGS/profile69.data.GYRE for model 1077
save LOGS/profile70.data LOGS/profile70.data.GYRE for model 1078
save LOGS/profile71.data LOGS/profile71.data.GYRE for model 1079
save LOGS/profile72.data LOGS/profile72.data.GYRE for model 1080
save LOGS/profile73.data LOGS/profile73.data.GYRE for model 1081
save LOGS/profile74.data LOGS/profile74.data.GYRE for model 1082
save LOGS/profile75.data LOGS/profile75.data.GYRE for model 1083
save LOGS/profile76.data LOGS/profile76.data.GYRE for model 1084
save LOGS/profile77.data LOGS/profile77.data.GYRE for model 1085
save LOGS/profile78.data LOGS/profile78.data.GYRE for model 1086
save LOGS/profile79.data LOGS/profile79.data.GYRE for model 1087
save LOGS/profile80.data LOGS/profile80.data.GYRE for model 1088
save LOGS/profile81.data LOGS/profile81.data.GYRE for model 1089
save LOGS/profile82.data LOGS/profile82.data.GYRE for model 1090
save LOGS/profile83.data LOGS/profile83.data.GYRE for model 1091
save LOGS/profile84.data LOGS/profile84.data.GYRE for model 1092
save LOGS/profile85.data LOGS/profile85.data.GYRE for model 1093
save LOGS/profile86.data LOGS/profile86.data.GYRE for model 1094
save LOGS/profile87.data LOGS/profile87.data.GYRE for model 1095
save LOGS/profile88.data LOGS/profile88.data.GYRE for model 1096
save LOGS/profile89.data LOGS/profile89.data.GYRE for model 1097
save LOGS/profile90.data LOGS/profile90.data.GYRE for model 1098
save LOGS/profile91.data LOGS/profile91.data.GYRE for model 1099
       1100   7.335286   7717.051   1.133447   1.133447   1.850000   1.850000   0.437218   0.009188   0.280000  -2.731108   6919      0
 5.6990E+00   7.335286   0.314264 -36.572365  -0.092538 -99.000000   0.000000   0.542754   0.003270   0.020000   0.062184      5
 7.8431E+08   1.859409   1.133027  -5.284572 -38.410005  -7.581264   0.000000   0.000055   0.001865   0.020028  0.000E+00        max_dt

save LOGS/profile92.data LOGS/profile92.data.GYRE for model 1100
save photos/x100 for model 1100
save LOGS/profile93.data LOGS/profile93.data.GYRE for model 1101
save LOGS/profile94.data LOGS/profile94.data.GYRE for model 1102
save LOGS/profile95.data LOGS/profile95.data.GYRE for model 1103
save LOGS/profile96.data LOGS/profile96.data.GYRE for model 1104
save LOGS/profile97.data LOGS/profile97.data.GYRE for model 1105
save LOGS/profile98.data LOGS/profile98.data.GYRE for model 1106
save LOGS/profile99.data LOGS/profile99.data.GYRE for model 1107
save LOGS/profile100.data LOGS/profile100.data.GYRE for model 1108
save LOGS/profile101.data LOGS/profile101.data.GYRE for model 1109
save LOGS/profile102.data LOGS/profile102.data.GYRE for model 1110
save LOGS/profile103.data LOGS/profile103.data.GYRE for model 1111
save LOGS/profile104.data LOGS/profile104.data.GYRE for model 1112
save LOGS/profile105.data LOGS/profile105.data.GYRE for model 1113
save LOGS/profile106.data LOGS/profile106.data.GYRE for model 1114
save LOGS/profile107.data LOGS/profile107.data.GYRE for model 1115
save LOGS/profile108.data LOGS/profile108.data.GYRE for model 1116
save LOGS/profile109.data LOGS/profile109.data.GYRE for model 1117
save LOGS/profile110.data LOGS/profile110.data.GYRE for model 1118
save LOGS/profile111.data LOGS/profile111.data.GYRE for model 1119
save LOGS/profile112.data LOGS/profile112.data.GYRE for model 1120
save LOGS/profile113.data LOGS/profile113.data.GYRE for model 1121
save LOGS/profile114.data LOGS/profile114.data.GYRE for model 1122
save LOGS/profile115.data LOGS/profile115.data.GYRE for model 1123
save LOGS/profile116.data LOGS/profile116.data.GYRE for model 1124
save LOGS/profile117.data LOGS/profile117.data.GYRE for model 1125
save LOGS/profile118.data LOGS/profile118.data.GYRE for model 1126
save LOGS/profile119.data LOGS/profile119.data.GYRE for model 1127
save LOGS/profile120.data LOGS/profile120.data.GYRE for model 1128
save LOGS/profile121.data LOGS/profile121.data.GYRE for model 1129
save LOGS/profile122.data LOGS/profile122.data.GYRE for model 1130
save LOGS/profile123.data LOGS/profile123.data.GYRE for model 1131
save LOGS/profile124.data LOGS/profile124.data.GYRE for model 1132
save LOGS/profile125.data LOGS/profile125.data.GYRE for model 1133
save LOGS/profile126.data LOGS/profile126.data.GYRE for model 1134
save LOGS/profile127.data LOGS/profile127.data.GYRE for model 1135
save LOGS/profile128.data LOGS/profile128.data.GYRE for model 1136
save LOGS/profile129.data LOGS/profile129.data.GYRE for model 1137
save LOGS/profile130.data LOGS/profile130.data.GYRE for model 1138
save LOGS/profile131.data LOGS/profile131.data.GYRE for model 1139
save LOGS/profile132.data LOGS/profile132.data.GYRE for model 1140
save LOGS/profile133.data LOGS/profile133.data.GYRE for model 1141
save LOGS/profile134.data LOGS/profile134.data.GYRE for model 1142
save LOGS/profile135.data LOGS/profile135.data.GYRE for model 1143
save LOGS/profile136.data LOGS/profile136.data.GYRE for model 1144
save LOGS/profile137.data LOGS/profile137.data.GYRE for model 1145
save LOGS/profile138.data LOGS/profile138.data.GYRE for model 1146
save LOGS/profile139.data LOGS/profile139.data.GYRE for model 1147
save LOGS/profile140.data LOGS/profile140.data.GYRE for model 1148
save LOGS/profile141.data LOGS/profile141.data.GYRE for model 1149
       1150   7.336348   7683.292   1.136578   1.136579   1.850000   1.850000   0.426549   0.009329   0.280000  -2.738568   6917      0
 5.6990E+00   7.336348   0.319634 -36.503587  -0.086358 -99.000000   0.000000   0.553447   0.003149   0.020000   0.062674      5
 8.0931E+08   1.861014   1.136151  -5.276461 -38.323478  -7.572529   0.000000   0.000056   0.001865   0.020005  0.000E+00        max_dt

save LOGS/profile142.data LOGS/profile142.data.GYRE for model 1150
save photos/x150 for model 1150
save LOGS/profile143.data LOGS/profile143.data.GYRE for model 1151
save LOGS/profile144.data LOGS/profile144.data.GYRE for model 1152
save LOGS/profile145.data LOGS/profile145.data.GYRE for model 1153
save LOGS/profile146.data LOGS/profile146.data.GYRE for model 1154
save LOGS/profile147.data LOGS/profile147.data.GYRE for model 1155
save LOGS/profile148.data LOGS/profile148.data.GYRE for model 1156
save LOGS/profile149.data LOGS/profile149.data.GYRE for model 1157
save LOGS/profile150.data LOGS/profile150.data.GYRE for model 1158
save LOGS/profile151.data LOGS/profile151.data.GYRE for model 1159
save LOGS/profile152.data LOGS/profile152.data.GYRE for model 1160
save LOGS/profile153.data LOGS/profile153.data.GYRE for model 1161
save LOGS/profile154.data LOGS/profile154.data.GYRE for model 1162
save LOGS/profile155.data LOGS/profile155.data.GYRE for model 1163
save LOGS/profile156.data LOGS/profile156.data.GYRE for model 1164
save LOGS/profile157.data LOGS/profile157.data.GYRE for model 1165
save LOGS/profile158.data LOGS/profile158.data.GYRE for model 1166
save LOGS/profile159.data LOGS/profile159.data.GYRE for model 1167
save LOGS/profile160.data LOGS/profile160.data.GYRE for model 1168
save LOGS/profile161.data LOGS/profile161.data.GYRE for model 1169
save LOGS/profile162.data LOGS/profile162.data.GYRE for model 1170
save LOGS/profile163.data LOGS/profile163.data.GYRE for model 1171
save LOGS/profile164.data LOGS/profile164.data.GYRE for model 1172
save LOGS/profile165.data LOGS/profile165.data.GYRE for model 1173
save LOGS/profile166.data LOGS/profile166.data.GYRE for model 1174
save LOGS/profile167.data LOGS/profile167.data.GYRE for model 1175
save LOGS/profile168.data LOGS/profile168.data.GYRE for model 1176
save LOGS/profile169.data LOGS/profile169.data.GYRE for model 1177
save LOGS/profile170.data LOGS/profile170.data.GYRE for model 1178
save LOGS/profile171.data LOGS/profile171.data.GYRE for model 1179
save LOGS/profile172.data LOGS/profile172.data.GYRE for model 1180
save LOGS/profile173.data LOGS/profile173.data.GYRE for model 1181
save LOGS/profile174.data LOGS/profile174.data.GYRE for model 1182
save LOGS/profile175.data LOGS/profile175.data.GYRE for model 1183
save LOGS/profile176.data LOGS/profile176.data.GYRE for model 1184
save LOGS/profile177.data LOGS/profile177.data.GYRE for model 1185
save LOGS/profile178.data LOGS/profile178.data.GYRE for model 1186
save LOGS/profile179.data LOGS/profile179.data.GYRE for model 1187
save LOGS/profile180.data LOGS/profile180.data.GYRE for model 1188
save LOGS/profile181.data LOGS/profile181.data.GYRE for model 1189
save LOGS/profile182.data LOGS/profile182.data.GYRE for model 1190
save LOGS/profile183.data LOGS/profile183.data.GYRE for model 1191
save LOGS/profile184.data LOGS/profile184.data.GYRE for model 1192
save LOGS/profile185.data LOGS/profile185.data.GYRE for model 1193
save LOGS/profile186.data LOGS/profile186.data.GYRE for model 1194
save LOGS/profile187.data LOGS/profile187.data.GYRE for model 1195
save LOGS/profile188.data LOGS/profile188.data.GYRE for model 1196
save LOGS/profile189.data LOGS/profile189.data.GYRE for model 1197
save LOGS/profile190.data LOGS/profile190.data.GYRE for model 1198
save LOGS/profile191.data LOGS/profile191.data.GYRE for model 1199
       1200   7.337449   7648.314   1.139712   1.139712   1.850000   1.850000   0.415676   0.009467   0.280000  -2.746010   6916      0
 5.6990E+00   7.337449   0.325160 -36.433086  -0.080257 -99.000000   0.000000   0.564342   0.003030   0.020000   0.063192      5
 8.3431E+08   1.862771   1.139277  -5.268065 -38.234556  -7.563455   0.000000   0.000057   0.001865   0.019982  0.000E+00        max_dt

save LOGS/profile192.data LOGS/profile192.data.GYRE for model 1200
save photos/x200 for model 1200
save LOGS/profile193.data LOGS/profile193.data.GYRE for model 1201
save LOGS/profile194.data LOGS/profile194.data.GYRE for model 1202
save LOGS/profile195.data LOGS/profile195.data.GYRE for model 1203
save LOGS/profile196.data LOGS/profile196.data.GYRE for model 1204
save LOGS/profile197.data LOGS/profile197.data.GYRE for model 1205
save LOGS/profile198.data LOGS/profile198.data.GYRE for model 1206
save LOGS/profile199.data LOGS/profile199.data.GYRE for model 1207
save LOGS/profile200.data LOGS/profile200.data.GYRE for model 1208
save LOGS/profile201.data LOGS/profile201.data.GYRE for model 1209
save LOGS/profile202.data LOGS/profile202.data.GYRE for model 1210
save LOGS/profile203.data LOGS/profile203.data.GYRE for model 1211
save LOGS/profile204.data LOGS/profile204.data.GYRE for model 1212
save LOGS/profile205.data LOGS/profile205.data.GYRE for model 1213
save LOGS/profile206.data LOGS/profile206.data.GYRE for model 1214
save LOGS/profile207.data LOGS/profile207.data.GYRE for model 1215
save LOGS/profile208.data LOGS/profile208.data.GYRE for model 1216
save LOGS/profile209.data LOGS/profile209.data.GYRE for model 1217
save LOGS/profile210.data LOGS/profile210.data.GYRE for model 1218
save LOGS/profile211.data LOGS/profile211.data.GYRE for model 1219
save LOGS/profile212.data LOGS/profile212.data.GYRE for model 1220
save LOGS/profile213.data LOGS/profile213.data.GYRE for model 1221
save LOGS/profile214.data LOGS/profile214.data.GYRE for model 1222
save LOGS/profile215.data LOGS/profile215.data.GYRE for model 1223
save LOGS/profile216.data LOGS/profile216.data.GYRE for model 1224
save LOGS/profile217.data LOGS/profile217.data.GYRE for model 1225
save LOGS/profile218.data LOGS/profile218.data.GYRE for model 1226
save LOGS/profile219.data LOGS/profile219.data.GYRE for model 1227
save LOGS/profile220.data LOGS/profile220.data.GYRE for model 1228
save LOGS/profile221.data LOGS/profile221.data.GYRE for model 1229
save LOGS/profile222.data LOGS/profile222.data.GYRE for model 1230
save LOGS/profile223.data LOGS/profile223.data.GYRE for model 1231
save LOGS/profile224.data LOGS/profile224.data.GYRE for model 1232
save LOGS/profile225.data LOGS/profile225.data.GYRE for model 1233
save LOGS/profile226.data LOGS/profile226.data.GYRE for model 1234
save LOGS/profile227.data LOGS/profile227.data.GYRE for model 1235
save LOGS/profile228.data LOGS/profile228.data.GYRE for model 1236
save LOGS/profile229.data LOGS/profile229.data.GYRE for model 1237
save LOGS/profile230.data LOGS/profile230.data.GYRE for model 1238
save LOGS/profile231.data LOGS/profile231.data.GYRE for model 1239
save LOGS/profile232.data LOGS/profile232.data.GYRE for model 1240
save LOGS/profile233.data LOGS/profile233.data.GYRE for model 1241
save LOGS/profile234.data LOGS/profile234.data.GYRE for model 1242
save LOGS/profile235.data LOGS/profile235.data.GYRE for model 1243
save LOGS/profile236.data LOGS/profile236.data.GYRE for model 1244
save LOGS/profile237.data LOGS/profile237.data.GYRE for model 1245
save LOGS/profile238.data LOGS/profile238.data.GYRE for model 1246
save LOGS/profile239.data LOGS/profile239.data.GYRE for model 1247
save LOGS/profile240.data LOGS/profile240.data.GYRE for model 1248
save LOGS/profile241.data LOGS/profile241.data.GYRE for model 1249
       1250   7.338592   7611.978   1.142836   1.142836   1.850000   1.850000   0.404585   0.009601   0.280000  -2.753471   6904      0
 5.6990E+00   7.338592   0.330854 -36.360743  -0.074251 -99.000000   0.000000   0.575456   0.002915   0.020000   0.063741      5
 8.5931E+08   1.864675   1.142391  -5.259391 -38.143350  -7.553984   0.000000   0.000059   0.001865   0.019960  0.000E+00        max_dt

save LOGS/profile242.data LOGS/profile242.data.GYRE for model 1250
save photos/x250 for model 1250
save LOGS/profile243.data LOGS/profile243.data.GYRE for model 1251
save LOGS/profile244.data LOGS/profile244.data.GYRE for model 1252
save LOGS/profile245.data LOGS/profile245.data.GYRE for model 1253
save LOGS/profile246.data LOGS/profile246.data.GYRE for model 1254
save LOGS/profile247.data LOGS/profile247.data.GYRE for model 1255
save LOGS/profile248.data LOGS/profile248.data.GYRE for model 1256
save LOGS/profile249.data LOGS/profile249.data.GYRE for model 1257
save LOGS/profile250.data LOGS/profile250.data.GYRE for model 1258
save LOGS/profile251.data LOGS/profile251.data.GYRE for model 1259
save LOGS/profile252.data LOGS/profile252.data.GYRE for model 1260
save LOGS/profile253.data LOGS/profile253.data.GYRE for model 1261
save LOGS/profile254.data LOGS/profile254.data.GYRE for model 1262
save LOGS/profile255.data LOGS/profile255.data.GYRE for model 1263
save LOGS/profile256.data LOGS/profile256.data.GYRE for model 1264
save LOGS/profile257.data LOGS/profile257.data.GYRE for model 1265
save LOGS/profile258.data LOGS/profile258.data.GYRE for model 1266
save LOGS/profile259.data LOGS/profile259.data.GYRE for model 1267
save LOGS/profile260.data LOGS/profile260.data.GYRE for model 1268
save LOGS/profile261.data LOGS/profile261.data.GYRE for model 1269
save LOGS/profile262.data LOGS/profile262.data.GYRE for model 1270
save LOGS/profile263.data LOGS/profile263.data.GYRE for model 1271
save LOGS/profile264.data LOGS/profile264.data.GYRE for model 1272
save LOGS/profile265.data LOGS/profile265.data.GYRE for model 1273
save LOGS/profile266.data LOGS/profile266.data.GYRE for model 1274
save LOGS/profile267.data LOGS/profile267.data.GYRE for model 1275
save LOGS/profile268.data LOGS/profile268.data.GYRE for model 1276
save LOGS/profile269.data LOGS/profile269.data.GYRE for model 1277
save LOGS/profile270.data LOGS/profile270.data.GYRE for model 1278
save LOGS/profile271.data LOGS/profile271.data.GYRE for model 1279
save LOGS/profile272.data LOGS/profile272.data.GYRE for model 1280
save LOGS/profile273.data LOGS/profile273.data.GYRE for model 1281
save LOGS/profile274.data LOGS/profile274.data.GYRE for model 1282
save LOGS/profile275.data LOGS/profile275.data.GYRE for model 1283
save LOGS/profile276.data LOGS/profile276.data.GYRE for model 1284
save LOGS/profile277.data LOGS/profile277.data.GYRE for model 1285
save LOGS/profile278.data LOGS/profile278.data.GYRE for model 1286
save LOGS/profile279.data LOGS/profile279.data.GYRE for model 1287
save LOGS/profile280.data LOGS/profile280.data.GYRE for model 1288
save LOGS/profile281.data LOGS/profile281.data.GYRE for model 1289
save LOGS/profile282.data LOGS/profile282.data.GYRE for model 1290
save LOGS/profile283.data LOGS/profile283.data.GYRE for model 1291
save LOGS/profile284.data LOGS/profile284.data.GYRE for model 1292
save LOGS/profile285.data LOGS/profile285.data.GYRE for model 1293
save LOGS/profile286.data LOGS/profile286.data.GYRE for model 1294
save LOGS/profile287.data LOGS/profile287.data.GYRE for model 1295
save LOGS/profile288.data LOGS/profile288.data.GYRE for model 1296
save LOGS/profile289.data LOGS/profile289.data.GYRE for model 1297
save LOGS/profile290.data LOGS/profile290.data.GYRE for model 1298
save LOGS/profile291.data LOGS/profile291.data.GYRE for model 1299
       1300   7.339778   7574.217   1.145939   1.145939   1.850000   1.850000   0.393270   0.009732   0.280000  -2.760962   6901      0
 5.6990E+00   7.339778   0.336721 -36.286494  -0.068351 -99.000000   0.000000   0.586791   0.002801   0.020000   0.064321      5
 8.8431E+08   1.866726   1.145486  -5.250448 -38.049937  -7.544088   0.000000   0.000060   0.001865   0.019938  0.000E+00        max_dt

save LOGS/profile292.data LOGS/profile292.data.GYRE for model 1300
save photos/x300 for model 1300
save LOGS/profile293.data LOGS/profile293.data.GYRE for model 1301
save LOGS/profile294.data LOGS/profile294.data.GYRE for model 1302
save LOGS/profile295.data LOGS/profile295.data.GYRE for model 1303
save LOGS/profile296.data LOGS/profile296.data.GYRE for model 1304
save LOGS/profile297.data LOGS/profile297.data.GYRE for model 1305
save LOGS/profile298.data LOGS/profile298.data.GYRE for model 1306
save LOGS/profile299.data LOGS/profile299.data.GYRE for model 1307
save LOGS/profile300.data LOGS/profile300.data.GYRE for model 1308
save LOGS/profile301.data LOGS/profile301.data.GYRE for model 1309
save LOGS/profile302.data LOGS/profile302.data.GYRE for model 1310
save LOGS/profile303.data LOGS/profile303.data.GYRE for model 1311
save LOGS/profile304.data LOGS/profile304.data.GYRE for model 1312
save LOGS/profile305.data LOGS/profile305.data.GYRE for model 1313
save LOGS/profile306.data LOGS/profile306.data.GYRE for model 1314
save LOGS/profile307.data LOGS/profile307.data.GYRE for model 1315
save LOGS/profile308.data LOGS/profile308.data.GYRE for model 1316
save LOGS/profile309.data LOGS/profile309.data.GYRE for model 1317
save LOGS/profile310.data LOGS/profile310.data.GYRE for model 1318
save LOGS/profile311.data LOGS/profile311.data.GYRE for model 1319
save LOGS/profile312.data LOGS/profile312.data.GYRE for model 1320
save LOGS/profile313.data LOGS/profile313.data.GYRE for model 1321
save LOGS/profile314.data LOGS/profile314.data.GYRE for model 1322
save LOGS/profile315.data LOGS/profile315.data.GYRE for model 1323
save LOGS/profile316.data LOGS/profile316.data.GYRE for model 1324
save LOGS/profile317.data LOGS/profile317.data.GYRE for model 1325
save LOGS/profile318.data LOGS/profile318.data.GYRE for model 1326
save LOGS/profile319.data LOGS/profile319.data.GYRE for model 1327
save LOGS/profile320.data LOGS/profile320.data.GYRE for model 1328
save LOGS/profile321.data LOGS/profile321.data.GYRE for model 1329
save LOGS/profile322.data LOGS/profile322.data.GYRE for model 1330
save LOGS/profile323.data LOGS/profile323.data.GYRE for model 1331
save LOGS/profile324.data LOGS/profile324.data.GYRE for model 1332
save LOGS/profile325.data LOGS/profile325.data.GYRE for model 1333
save LOGS/profile326.data LOGS/profile326.data.GYRE for model 1334
save LOGS/profile327.data LOGS/profile327.data.GYRE for model 1335
save LOGS/profile328.data LOGS/profile328.data.GYRE for model 1336
save LOGS/profile329.data LOGS/profile329.data.GYRE for model 1337
save LOGS/profile330.data LOGS/profile330.data.GYRE for model 1338
save LOGS/profile331.data LOGS/profile331.data.GYRE for model 1339
save LOGS/profile332.data LOGS/profile332.data.GYRE for model 1340
save LOGS/profile333.data LOGS/profile333.data.GYRE for model 1341
save LOGS/profile334.data LOGS/profile334.data.GYRE for model 1342
save LOGS/profile335.data LOGS/profile335.data.GYRE for model 1343
save LOGS/profile336.data LOGS/profile336.data.GYRE for model 1344
save LOGS/profile337.data LOGS/profile337.data.GYRE for model 1345
save LOGS/profile338.data LOGS/profile338.data.GYRE for model 1346
save LOGS/profile339.data LOGS/profile339.data.GYRE for model 1347
save LOGS/profile340.data LOGS/profile340.data.GYRE for model 1348
save LOGS/profile341.data LOGS/profile341.data.GYRE for model 1349
       1350   7.341009   7535.083   1.149010   1.149010   1.850000   1.850000   0.381726   0.009860   0.280000  -2.768460   6890      0
 5.6990E+00   7.341009   0.342751 -36.210278  -0.062574 -99.000000   0.000000   0.598357   0.002690   0.020000   0.064936      5
 9.0931E+08   1.868938   1.148548  -5.241258 -37.954398  -7.533771   0.000000   0.000061   0.001865   0.019918  0.000E+00        max_dt

save LOGS/profile342.data LOGS/profile342.data.GYRE for model 1350
save photos/x350 for model 1350
save LOGS/profile343.data LOGS/profile343.data.GYRE for model 1351
save LOGS/profile344.data LOGS/profile344.data.GYRE for model 1352
save LOGS/profile345.data LOGS/profile345.data.GYRE for model 1353
save LOGS/profile346.data LOGS/profile346.data.GYRE for model 1354
save LOGS/profile347.data LOGS/profile347.data.GYRE for model 1355
save LOGS/profile348.data LOGS/profile348.data.GYRE for model 1356
save LOGS/profile349.data LOGS/profile349.data.GYRE for model 1357
save LOGS/profile350.data LOGS/profile350.data.GYRE for model 1358
save LOGS/profile351.data LOGS/profile351.data.GYRE for model 1359
save LOGS/profile352.data LOGS/profile352.data.GYRE for model 1360
save LOGS/profile353.data LOGS/profile353.data.GYRE for model 1361
save LOGS/profile354.data LOGS/profile354.data.GYRE for model 1362
save LOGS/profile355.data LOGS/profile355.data.GYRE for model 1363
save LOGS/profile356.data LOGS/profile356.data.GYRE for model 1364
save LOGS/profile357.data LOGS/profile357.data.GYRE for model 1365
save LOGS/profile358.data LOGS/profile358.data.GYRE for model 1366
save LOGS/profile359.data LOGS/profile359.data.GYRE for model 1367
save LOGS/profile360.data LOGS/profile360.data.GYRE for model 1368
save LOGS/profile361.data LOGS/profile361.data.GYRE for model 1369
save LOGS/profile362.data LOGS/profile362.data.GYRE for model 1370
save LOGS/profile363.data LOGS/profile363.data.GYRE for model 1371
save LOGS/profile364.data LOGS/profile364.data.GYRE for model 1372
save LOGS/profile365.data LOGS/profile365.data.GYRE for model 1373
save LOGS/profile366.data LOGS/profile366.data.GYRE for model 1374
save LOGS/profile367.data LOGS/profile367.data.GYRE for model 1375
save LOGS/profile368.data LOGS/profile368.data.GYRE for model 1376
save LOGS/profile369.data LOGS/profile369.data.GYRE for model 1377
save LOGS/profile370.data LOGS/profile370.data.GYRE for model 1378
save LOGS/profile371.data LOGS/profile371.data.GYRE for model 1379
save LOGS/profile372.data LOGS/profile372.data.GYRE for model 1380
save LOGS/profile373.data LOGS/profile373.data.GYRE for model 1381
save LOGS/profile374.data LOGS/profile374.data.GYRE for model 1382
save LOGS/profile375.data LOGS/profile375.data.GYRE for model 1383
save LOGS/profile376.data LOGS/profile376.data.GYRE for model 1384
save LOGS/profile377.data LOGS/profile377.data.GYRE for model 1385
save LOGS/profile378.data LOGS/profile378.data.GYRE for model 1386
save LOGS/profile379.data LOGS/profile379.data.GYRE for model 1387
save LOGS/profile380.data LOGS/profile380.data.GYRE for model 1388
save LOGS/profile381.data LOGS/profile381.data.GYRE for model 1389

reached the target model
  log g      =    4.0098
  Teff       =    7502.7
  R / Rsun   =    2.2269
  log L/Lsun =    1.1510
  center h1  =    0.3723

save LOGS/profile382.data LOGS/profile382.data.GYRE for model 1390
                                         solver retries           1

                                    varcontrol dt limit         834
                                  max increase dt limit        1322
                                  max decrease dt limit           1
                                        solver dt limit           1

 model saved to dsct_M1.85_T7555_final.mod
save photos/x390 for model 1390
termination code: reached target log g
run select_model.py to pick the profile and its .GYRE file
__________________________________________________________________________________________________________________________________________________

       step    lg_Tmax     Teff     lg_LH      lg_Lnuc_tot Mass       H_rich     H_cntr     N_cntr     Y_surf   eta_cntr   zones  retry
  lg_dt_yrs    lg_Tcntr    lg_R     lg_L3a     lg_Lneu     lg_Mdot    He_core    He_cntr    O_cntr     Z_surf   gam_cntr   iters  
    age_yrs    lg_Dcntr    lg_L     lg_LZ      lg_Lphoto   lg_Dsurf   CO_core    C_cntr     Ne_cntr    Z_cntr   v_div_cs       dt_limit
__________________________________________________________________________________________________________________________________________________

       1390   7.342027   7502.727   1.151440   1.151441   1.850000   1.850000   0.372319   0.009959   0.280000  -2.774459   6881      0
 5.6990E+00   7.342027   0.347700 -36.147796  -0.058042 -99.000000   0.000000   0.607780   0.002604   0.020000   0.065455      5
 9.2931E+08   1.870831   1.150971  -5.233725 -37.876382  -7.525193   0.000000   0.000061   0.001865   0.019901  0.000E+00        max_dt

DATE: 2026-08-11
TIME: 12:11:38

--- [dsct_M1.85_T7555] selecting profile at log g = 4.010
matching on log g = 4.010   (400 profiles)

         profile   model     Teff   R/Rsun    logL    logg   nu_dyn     X_c
---------------------------------------------------------------------------
 profile381.data    1389   7503.5    2.226   1.151   4.010    3.535  0.3726
 profile382.data    1390   7502.7    2.227   1.151   4.010    3.533  0.3723
 profile380.data    1388   7504.4    2.226   1.151   4.010    3.536  0.3728
 profile379.data    1387   7505.2    2.225   1.151   4.011    3.538  0.3730
 profile378.data    1386   7506.0    2.224   1.151   4.011    3.540  0.3733
 profile377.data    1385   7506.8    2.224   1.151   4.011    3.541  0.3735
 profile376.data    1384   7507.6    2.223   1.151   4.011    3.543  0.3737
 profile375.data    1383   7508.5    2.222   1.151   4.012    3.544  0.3740

selected: LOGS/profile381.data
GYRE input: LOGS/profile381.data.GYRE

  R_Rsun             2.226   expect     2.226 +/- 0.020   OK
  logg               4.010   expect     4.010 +/- 0.005   OK
  dyn_freq_cpd       3.535   expect     3.534 +/- 0.040   OK

  Teff 7503.5 K, -51.5 K vs MW23
  detuning cut 0.15*nu_dyn = 0.530 c/d
    -> profile381.data.GYRE

--- [dsct_M1.85_T7555] generating GYRE inlists

dsct_M1.85_T7555:  nu_dyn=3.5349  Dnu=4.589  nu_ac=125.1  K=16.969 c/d
  core scan 0.99-30.8-117.2 c/d;  daughter band 2.10-6.41 c/d  (scaled)
  wrote models/dsct_M1.85_T7555/gyre/gyre_ad.in
  wrote models/dsct_M1.85_T7555/gyre/gyre_nad.in
  gnet pass 1 (l 2-15): 643 modes;  pass 2 (l 16-25): 1144 modes
  wrote models/dsct_M1.85_T7555/gyre/gyre_ad_wide.in
  wrote models/dsct_M1.85_T7555/gyre/gyre_nad_wide.in
  wrote models/dsct_M1.85_T7555/gyre/gyre_ad_wide_hi.in
  wrote models/dsct_M1.85_T7555/gyre/gyre_nad_wide_hi.in

--- [dsct_M1.85_T7555] GYRE narrow net (l <= 3, |n_pg| <= 20)
gyre [9.1.1]
------------

OpenMP Threads   : 16
Input filename   : gyre_ad.in

Model Init
----------

Reading from MESA file
   File name ../mesa/LOGS/profile381.data.GYRE
   File version 1.01
   Read 7165 points
   No need to add central point

Mode Search
-----------

Mode parameters
   l : 0
   m : 0

Building frequency grid (REAL axis)
   added scan interval :  0.2801E+00 ->  0.8713E+01 (1000 points, INVERSE)
   added scan interval :  0.8713E+01 ->  0.3315E+02 (1000 points, LINEAR)

Building spatial grid
   Scaffold grid from model
   Split 0 subinterval(s) in iteration 1
   Final grid has 1 segment(s) and 7165 point(s):
      Segment 1 : x range 0.0000 -> 1.0010 (1 -> 7165)

Starting search (adiabatic)

Scanning frequencies
  Time elapsed :     0.525 s

Finding roots
  Time elapsed :      0.023 s

Processing modes
   id    l     m    n_pg    n_p    n_g       Re(omega)       Im(omega)        chi n_iter
    1    0     0       1      1      0  0.35521317E+01  0.00000000E+00 0.1645E-14      7
    2    0     0       2      2      0  0.45896596E+01  0.00000000E+00 0.9348E-14      6
    3    0     0       3      3      0  0.56879276E+01  0.00000000E+00 0.1841E-13      7
    4    0     0       4      4      0  0.67939007E+01  0.00000000E+00 0.7460E-14      7
    5    0     0       5      5      0  0.79058669E+01  0.00000000E+00 0.9972E-14      7
    6    0     0       6      6      0  0.90196432E+01  0.00000000E+00 0.5768E-14      6
    7    0     0       7      7      0  0.10138489E+02  0.00000000E+00 0.1115E-12      6
    8    0     0       8      8      0  0.11282037E+02  0.00000000E+00 0.3772E-13      4
    9    0     0       9      9      0  0.12462830E+02  0.00000000E+00 0.1463E-13      6
   10    0     0      10     10      0  0.13674432E+02  0.00000000E+00 0.1706E-12      5
   11    0     0      11     11      0  0.14911338E+02  0.00000000E+00 0.3455E-13      5
   12    0     0      12     12      0  0.16170076E+02  0.00000000E+00 0.1156E-12      5
   13    0     0      13     13      0  0.17442877E+02  0.00000000E+00 0.2072E-12      5
   14    0     0      14     14      0  0.18722172E+02  0.00000000E+00 0.4910E-14      5
   15    0     0      15     15      0  0.20002199E+02  0.00000000E+00 0.1549E-12      5
   16    0     0      16     16      0  0.21280836E+02  0.00000000E+00 0.9746E-14      5
   17    0     0      17     17      0  0.22556684E+02  0.00000000E+00 0.2102E-12      5
   18    0     0      18     18      0  0.23829041E+02  0.00000000E+00 0.1107E-12      5
   19    0     0      19     19      0  0.25099956E+02  0.00000000E+00 0.6412E-13      5
   20    0     0      20     20      0  0.26372278E+02  0.00000000E+00 0.1283E-12      5
  Time elapsed :      0.603 s

Mode Search
-----------

Mode parameters
   l : 1
   m : 0

Building frequency grid (REAL axis)
   added scan interval :  0.2801E+00 ->  0.8713E+01 (1000 points, INVERSE)
   added scan interval :  0.8713E+01 ->  0.3315E+02 (1000 points, LINEAR)

Building spatial grid
   Scaffold grid from model
   Split 0 subinterval(s) in iteration 1
   Final grid has 1 segment(s) and 7165 point(s):
      Segment 1 : x range 0.0000 -> 1.0010 (1 -> 7165)

Starting search (adiabatic)

Scanning frequencies
  Time elapsed :     1.257 s

Finding roots
  Time elapsed :      0.113 s

Processing modes
   id    l     m    n_pg    n_p    n_g       Re(omega)       Im(omega)        chi n_iter
   29    1     0     -20      0     20  0.32401709E+00  0.00000000E+00 0.2289E-12      5
   30    1     0     -19      0     19  0.33550534E+00  0.00000000E+00 0.1584E-12      6
   31    1     0     -18      0     18  0.35302969E+00  0.00000000E+00 0.1731E-12      6
   32    1     0     -17      0     17  0.37488610E+00  0.00000000E+00 0.1237E-12      5
   33    1     0     -16      0     16  0.40016359E+00  0.00000000E+00 0.1890E-12      5
   34    1     0     -15      0     15  0.42883958E+00  0.00000000E+00 0.1062E-13      5
   35    1     0     -14      0     14  0.45944077E+00  0.00000000E+00 0.1137E-12      5
   36    1     0     -13      0     13  0.48360632E+00  0.00000000E+00 0.3399E-13      6
   37    1     0     -12      0     12  0.51318121E+00  0.00000000E+00 0.2743E-13      6
   38    1     0     -11      0     11  0.55922439E+00  0.00000000E+00 0.1217E-12      6
   39    1     0     -10      0     10  0.61812404E+00  0.00000000E+00 0.1710E-12      6
   40    1     0      -9      0      9  0.69233812E+00  0.00000000E+00 0.1313E-12      6
   41    1     0      -8      0      8  0.78629091E+00  0.00000000E+00 0.5327E-13      5
   42    1     0      -7      0      7  0.89632177E+00  0.00000000E+00 0.2717E-14      6
   43    1     0      -6      0      6  0.98645698E+00  0.00000000E+00 0.1303E-13      6
   44    1     0      -5      0      5  0.11349010E+01  0.00000000E+00 0.3127E-13      7
   45    1     0      -4      0      4  0.13948727E+01  0.00000000E+00 0.1250E-13      5
   46    1     0      -3      0      3  0.18157673E+01  0.00000000E+00 0.1934E-13      5
   47    1     0      -2      0      2  0.25923196E+01  0.00000000E+00 0.3115E-13      6
   48    1     0      -1      0      1  0.36320984E+01  0.00000000E+00 0.2959E-13      7
   49    1     0       1      1      1  0.46278804E+01  0.00000000E+00 0.1689E-13      7
   50    1     0       2      2      1  0.49248402E+01  0.00000000E+00 0.7545E-14      8
   51    1     0       3      2      0  0.59246972E+01  0.00000000E+00 0.8904E-14      7
   52    1     0       4      3      0  0.71099540E+01  0.00000000E+00 0.1226E-13      6
   53    1     0       5      4      0  0.83074230E+01  0.00000000E+00 0.1193E-14      6
   54    1     0       6      5      0  0.94728043E+01  0.00000000E+00 0.7171E-13      5
   55    1     0       7      6      0  0.10627908E+02  0.00000000E+00 0.5608E-13      5
   56    1     0       8      7      0  0.11804551E+02  0.00000000E+00 0.8754E-13      5
   57    1     0       9      8      0  0.13008761E+02  0.00000000E+00 0.1553E-12      5
   58    1     0      10      9      0  0.14236308E+02  0.00000000E+00 0.1190E-13      5
   59    1     0      11     10      0  0.15484767E+02  0.00000000E+00 0.1518E-12      5
   60    1     0      12     11      0  0.16750719E+02  0.00000000E+00 0.3206E-12      5
   61    1     0      13     12      0  0.18026430E+02  0.00000000E+00 0.1000E-12      5
   62    1     0      14     13      0  0.19306006E+02  0.00000000E+00 0.4100E-13      5
   63    1     0      15     14      0  0.20585409E+02  0.00000000E+00 0.3001E-12      5
   64    1     0      16     15      0  0.21863169E+02  0.00000000E+00 0.6087E-13      5
   65    1     0      17     16      0  0.23138717E+02  0.00000000E+00 0.1924E-12      5
   66    1     0      18     17      0  0.24412150E+02  0.00000000E+00 0.1373E-12      5
   67    1     0      19     18      0  0.25685664E+02  0.00000000E+00 0.7000E-13      5
   68    1     0      20     19      0  0.26963161E+02  0.00000000E+00 0.4142E-13      5
  Time elapsed :      1.427 s

Mode Search
-----------

Mode parameters
   l : 2
   m : 0

Building frequency grid (REAL axis)
   added scan interval :  0.2801E+00 ->  0.8713E+01 (1000 points, INVERSE)
   added scan interval :  0.8713E+01 ->  0.3315E+02 (1000 points, LINEAR)

Building spatial grid
   Scaffold grid from model
   Split 0 subinterval(s) in iteration 1
   Final grid has 1 segment(s) and 7165 point(s):
      Segment 1 : x range 0.0000 -> 1.0010 (1 -> 7165)

Starting search (adiabatic)

Scanning frequencies
  Time elapsed :     1.244 s

Finding roots
  Time elapsed :      0.169 s

Processing modes
   id    l     m    n_pg    n_p    n_g       Re(omega)       Im(omega)        chi n_iter
   94    2     0     -20      0     20  0.55923951E+00  0.00000000E+00 0.6554E-13      6
   95    2     0     -19      0     19  0.57890639E+00  0.00000000E+00 0.9136E-13      6
   96    2     0     -18      0     18  0.60882960E+00  0.00000000E+00 0.1084E-12      6
   97    2     0     -17      0     17  0.64619205E+00  0.00000000E+00 0.9007E-13      6
   98    2     0     -16      0     16  0.68936343E+00  0.00000000E+00 0.1181E-12      5
   99    2     0     -15      0     15  0.73829463E+00  0.00000000E+00 0.2872E-13      6
  100    2     0     -14      0     14  0.79071512E+00  0.00000000E+00 0.2797E-13      6
  101    2     0     -13      0     13  0.83259047E+00  0.00000000E+00 0.4315E-13      5
  102    2     0     -12      0     12  0.88183398E+00  0.00000000E+00 0.1181E-12      6
  103    2     0     -11      0     11  0.95936649E+00  0.00000000E+00 0.1468E-13      6
  104    2     0     -10      0     10  0.10586604E+01  0.00000000E+00 0.2750E-13      6
  105    2     0      -9      0      9  0.11833847E+01  0.00000000E+00 0.2923E-13      6
  106    2     0      -8      0      8  0.13407548E+01  0.00000000E+00 0.5066E-13      6
  107    2     0      -7      0      7  0.15263596E+01  0.00000000E+00 0.3495E-13      6
  108    2     0      -6      0      6  0.16777819E+01  0.00000000E+00 0.1906E-13      6
  109    2     0      -5      0      5  0.19118442E+01  0.00000000E+00 0.2356E-13      5
  110    2     0      -4      0      4  0.23176860E+01  0.00000000E+00 0.8329E-14      6
  111    2     0      -3      0      3  0.29090817E+01  0.00000000E+00 0.4122E-14      6
  112    2     0      -2      0      2  0.35390891E+01  0.00000000E+00 0.3464E-13      7
  113    2     0      -1      1      2  0.41012216E+01  0.00000000E+00 0.2310E-13      6
  114    2     0       0      1      1  0.48299315E+01  0.00000000E+00 0.6585E-14      7
  115    2     0       1      2      1  0.56026856E+01  0.00000000E+00 0.6175E-14      7
  116    2     0       2      3      1  0.65524590E+01  0.00000000E+00 0.2480E-14      7
  117    2     0       3      4      1  0.76060607E+01  0.00000000E+00 0.1668E-13      8
  118    2     0       4      4      0  0.79465028E+01  0.00000000E+00 0.2194E-13      8
  119    2     0       5      5      0  0.88650940E+01  0.00000000E+00 0.3541E-14      6
  120    2     0       6      6      0  0.10006874E+02  0.00000000E+00 0.4385E-13      5
  121    2     0       7      7      0  0.11166397E+02  0.00000000E+00 0.4042E-13      6
  122    2     0       8      8      0  0.12356881E+02  0.00000000E+00 0.9672E-13      5
  123    2     0       9      9      0  0.13573861E+02  0.00000000E+00 0.2007E-13      6
  124    2     0      10     10      0  0.14813020E+02  0.00000000E+00 0.1243E-12      5
  125    2     0      11     11      0  0.16072028E+02  0.00000000E+00 0.4488E-13      5
  126    2     0      12     12      0  0.17344357E+02  0.00000000E+00 0.6337E-13      6
  127    2     0      13     13      0  0.18622878E+02  0.00000000E+00 0.2972E-13      5
  128    2     0      14     14      0  0.19902197E+02  0.00000000E+00 0.4150E-13      6
  129    2     0      15     15      0  0.21180263E+02  0.00000000E+00 0.2007E-12      5
  130    2     0      16     16      0  0.22455770E+02  0.00000000E+00 0.1227E-13      5
  131    2     0      17     17      0  0.23728188E+02  0.00000000E+00 0.4506E-13      5
  132    2     0      18     18      0  0.24999443E+02  0.00000000E+00 0.2146E-12      5
  133    2     0      19     19      0  0.26272204E+02  0.00000000E+00 0.2988E-12      5
  134    2     0      20     20      0  0.27550229E+02  0.00000000E+00 0.3138E-13      5
  Time elapsed :      1.605 s

Mode Search
-----------

Mode parameters
   l : 3
   m : 0

Building frequency grid (REAL axis)
   added scan interval :  0.2801E+00 ->  0.8713E+01 (1000 points, INVERSE)
   added scan interval :  0.8713E+01 ->  0.3315E+02 (1000 points, LINEAR)

Building spatial grid
   Scaffold grid from model
   Split 0 subinterval(s) in iteration 1
   Final grid has 1 segment(s) and 7165 point(s):
      Segment 1 : x range 0.0000 -> 1.0010 (1 -> 7165)

Starting search (adiabatic)

Scanning frequencies
  Time elapsed :     1.186 s

Finding roots
  Time elapsed :      0.199 s

Processing modes
   id    l     m    n_pg    n_p    n_g       Re(omega)       Im(omega)        chi n_iter
  177    3     0     -20      0     20  0.78721701E+00  0.00000000E+00 0.6818E-13      6
  178    3     0     -19      0     19  0.81442465E+00  0.00000000E+00 0.1496E-13      6
  179    3     0     -18      0     18  0.85558637E+00  0.00000000E+00 0.4045E-13      6
  180    3     0     -17      0     17  0.90734091E+00  0.00000000E+00 0.1451E-13      6
  181    3     0     -16      0     16  0.96711387E+00  0.00000000E+00 0.1113E-12      5
  182    3     0     -15      0     15  0.10348035E+01  0.00000000E+00 0.3247E-13      6
  183    3     0     -14      0     14  0.11079033E+01  0.00000000E+00 0.4131E-13      6
  184    3     0     -13      0     13  0.11679879E+01  0.00000000E+00 0.5062E-13      6
  185    3     0     -12      0     12  0.12329763E+01  0.00000000E+00 0.2147E-13      6
  186    3     0     -11      0     11  0.13377284E+01  0.00000000E+00 0.4621E-13      6
  187    3     0     -10      0     10  0.14725940E+01  0.00000000E+00 0.3945E-13      6
  188    3     0      -9      0      9  0.16413474E+01  0.00000000E+00 0.1054E-13      5
  189    3     0      -8      0      8  0.18533390E+01  0.00000000E+00 0.2626E-13      6
  190    3     0      -7      0      7  0.21066274E+01  0.00000000E+00 0.1822E-13      6
  191    3     0      -6      0      6  0.23177291E+01  0.00000000E+00 0.2197E-14      7
  192    3     0      -5      0      5  0.25994458E+01  0.00000000E+00 0.1799E-13      5
  193    3     0      -4      0      4  0.30666044E+01  0.00000000E+00 0.6784E-14      6
  194    3     0      -3      0      3  0.34720775E+01  0.00000000E+00 0.3185E-14      6
  195    3     0      -2      1      3  0.40459517E+01  0.00000000E+00 0.1653E-13      7
  196    3     0      -1      1      2  0.45558156E+01  0.00000000E+00 0.1021E-14      6
  197    3     0       0      2      2  0.54293068E+01  0.00000000E+00 0.8612E-14      7
  198    3     0       1      2      1  0.58974475E+01  0.00000000E+00 0.1071E-13      7
  199    3     0       2      3      1  0.69031331E+01  0.00000000E+00 0.3810E-14      6
  200    3     0       3      4      1  0.80794042E+01  0.00000000E+00 0.1120E-13      7
  201    3     0       4      5      1  0.92380381E+01  0.00000000E+00 0.6176E-13      7
  202    3     0       5      5      0  0.94676583E+01  0.00000000E+00 0.5043E-13      7
  203    3     0       6      6      0  0.10421300E+02  0.00000000E+00 0.1593E-12      6
  204    3     0       7      7      0  0.11599722E+02  0.00000000E+00 0.9594E-13      5
  205    3     0       8      8      0  0.12807368E+02  0.00000000E+00 0.1565E-12      6
  206    3     0       9      9      0  0.14038450E+02  0.00000000E+00 0.2402E-12      5
  207    3     0      10     10      0  0.15289974E+02  0.00000000E+00 0.3975E-13      5
  208    3     0      11     11      0  0.16559242E+02  0.00000000E+00 0.1889E-12      5
  209    3     0      12     12      0  0.17838557E+02  0.00000000E+00 0.3987E-13      5
  210    3     0      13     13      0  0.19121780E+02  0.00000000E+00 0.8677E-13      5
  211    3     0      14     14      0  0.20404397E+02  0.00000000E+00 0.1488E-12      5
  212    3     0      15     15      0  0.21685062E+02  0.00000000E+00 0.1416E-12      5
  213    3     0      16     16      0  0.22963095E+02  0.00000000E+00 0.3426E-12      5
  214    3     0      17     17      0  0.24238258E+02  0.00000000E+00 0.3159E-12      5
  215    3     0      18     18      0  0.25512920E+02  0.00000000E+00 0.2069E-12      5
  216    3     0      19     19      0  0.26790821E+02  0.00000000E+00 0.1884E-13      5
  217    3     0      20     20      0  0.28075224E+02  0.00000000E+00 0.3691E-12      5
  Time elapsed :      1.688 s

gyre [9.1.1]
------------

OpenMP Threads   : 16
Input filename   : gyre_nad.in

Model Init
----------

Reading from MESA file
   File name ../mesa/LOGS/profile381.data.GYRE
   File version 1.01
   Read 7165 points
   No need to add central point

Mode Search
-----------

Mode parameters
   l : 0
   m : 0

Building frequency grid (REAL axis)
   added scan interval :  0.2801E+00 ->  0.8713E+01 (1000 points, INVERSE)
   added scan interval :  0.8713E+01 ->  0.3315E+02 (1000 points, LINEAR)

Building spatial grid
   Scaffold grid from model
   Split 0 subinterval(s) in iteration 1
   Final grid has 1 segment(s) and 7165 point(s):
      Segment 1 : x range 0.0000 -> 1.0010 (1 -> 7165)

Starting search (adiabatic)

Scanning frequencies
  Time elapsed :     1.211 s

Finding roots
  Time elapsed :      0.074 s

Processing modes
   id    l     m    n_pg    n_p    n_g       Re(omega)       Im(omega)        chi n_iter
    1    0     0       1      1      0  0.35521322E+01  0.00000000E+00 0.5595E-13      6
    2    0     0       2      2      0  0.45896605E+01  0.00000000E+00 0.3821E-14      7
    3    0     0       3      3      0  0.56879301E+01  0.00000000E+00 0.4017E-13      8
    4    0     0       4      4      0  0.67939070E+01  0.00000000E+00 0.2869E-13      8
    5    0     0       5      5      0  0.79058773E+01  0.00000000E+00 0.6933E-14      8
    6    0     0       6      6      0  0.90196563E+01  0.00000000E+00 0.1367E-13      6
    7    0     0       7      7      0  0.10138504E+02  0.00000000E+00 0.6167E-13      5
    8    0     0       8      8      0  0.11282056E+02  0.00000000E+00 0.2299E-13      6
    9    0     0       9      9      0  0.12462851E+02  0.00000000E+00 0.5638E-13      6
   10    0     0      10     10      0  0.13674457E+02  0.00000000E+00 0.8171E-13      5
   11    0     0      11     11      0  0.14911366E+02  0.00000000E+00 0.5979E-12      6
   12    0     0      12     12      0  0.16170108E+02  0.00000000E+00 0.8849E-13      5
   13    0     0      13     13      0  0.17442911E+02  0.00000000E+00 0.1549E-13      5
   14    0     0      14     14      0  0.18722209E+02  0.00000000E+00 0.1734E-12      6
   15    0     0      15     15      0  0.20002240E+02  0.00000000E+00 0.5391E-12      5
   16    0     0      16     16      0  0.21280882E+02  0.00000000E+00 0.2750E-12      5
   17    0     0      17     17      0  0.22556737E+02  0.00000000E+00 0.2312E-12      5
   18    0     0      18     18      0  0.23829099E+02  0.00000000E+00 0.6521E-13      5
   19    0     0      19     19      0  0.25100016E+02  0.00000000E+00 0.3647E-12      5
   20    0     0      20     20      0  0.26372342E+02  0.00000000E+00 0.2218E-12      5
  Time elapsed :      0.043 s

Starting search (non-adiabatic)

Finding roots
  Time elapsed :     23.484 s

Processing modes
   id    l     m    n_pg    n_p    n_g       Re(omega)       Im(omega)        chi n_iter
    1    0     0       1      1      0  0.35521347E+01  0.72144576E-06 0.2807E-08      6
    2    0     0       2      2      0  0.45896695E+01  0.92390008E-05 0.1558E-07      9
    3    0     0       3      3      0  0.56879283E+01  0.51827446E-04 0.5210E-08      6
    4    0     0       4      4      0  0.67937599E+01  0.19559749E-03 0.4307E-09      7
    5    0     0       5      5      0  0.79050506E+01  0.57987416E-03 0.3872E-09      7
    6    0     0       6      6      0  0.90165089E+01  0.13425042E-02 0.5287E-10     12
    7    0     0       7      7      0  0.10130205E+02  0.18295838E-02 0.1190E-10     10
    8    0     0       8      8      0  0.11266422E+02  0.42516000E-03 0.2592E-11     12
    9    0     0       9      9      0  0.12439380E+02 -0.38963905E-02 0.1104E-10     10
   10    0     0      10     10      0  0.13643972E+02 -0.10962055E-01 0.6408E-11      8
   11    0     0      11     11      0  0.14875408E+02 -0.19820961E-01 0.7182E-11      8
   12    0     0      12     12      0  0.16129861E+02 -0.29648105E-01 0.1611E-11      8
   13    0     0      13     13      0  0.17398581E+02 -0.40212835E-01 0.1497E-11     11
   14    0     0      14     14      0  0.18673513E+02 -0.51147900E-01 0.3948E-11      9
   15    0     0      15     15      0  0.19948808E+02 -0.61682734E-01 0.1820E-11      8
   16    0     0      16     16      0  0.21222534E+02 -0.70857686E-01 0.2838E-11      8
   17    0     0      17     17      0  0.22493468E+02 -0.78110727E-01 0.1029E-11     10
   18    0     0      18     18      0  0.23761098E+02 -0.83431197E-01 0.1626E-11      9
   19    0     0      19     19      0  0.25027600E+02 -0.87515084E-01 0.9809E-12      9
   20    0     0      20     20      0  0.26295516E+02 -0.91820174E-01 0.4398E-11      9
  Time elapsed :      1.295 s

Mode Search
-----------

Mode parameters
   l : 1
   m : 0

Building frequency grid (REAL axis)
   added scan interval :  0.2801E+00 ->  0.8713E+01 (1000 points, INVERSE)
   added scan interval :  0.8713E+01 ->  0.3315E+02 (1000 points, LINEAR)

Building spatial grid
   Scaffold grid from model
   Split 0 subinterval(s) in iteration 1
   Final grid has 1 segment(s) and 7165 point(s):
      Segment 1 : x range 0.0000 -> 1.0010 (1 -> 7165)

Starting search (adiabatic)

Scanning frequencies
  Time elapsed :    23.853 s

Finding roots
  Time elapsed :      2.982 s

Processing modes
   id    l     m    n_pg    n_p    n_g       Re(omega)       Im(omega)        chi n_iter
   29    1     0     -20      0     20  0.32401875E+00  0.00000000E+00 0.1034E-12      5
   30    1     0     -19      0     19  0.33550816E+00  0.00000000E+00 0.1297E-12      6
   31    1     0     -18      0     18  0.35303086E+00  0.00000000E+00 0.9192E-13      6
   32    1     0     -17      0     17  0.37488650E+00  0.00000000E+00 0.5854E-13      5
   33    1     0     -16      0     16  0.40016359E+00  0.00000000E+00 0.8163E-13      5
   34    1     0     -15      0     15  0.42883911E+00  0.00000000E+00 0.1402E-12      5
   35    1     0     -14      0     14  0.45943965E+00  0.00000000E+00 0.1221E-13      5
   36    1     0     -13      0     13  0.48360689E+00  0.00000000E+00 0.7837E-13      6
   37    1     0     -12      0     12  0.51318259E+00  0.00000000E+00 0.9464E-13      6
   38    1     0     -11      0     11  0.55922509E+00  0.00000000E+00 0.2855E-13      7
   39    1     0     -10      0     10  0.61812438E+00  0.00000000E+00 0.1929E-12      6
   40    1     0      -9      0      9  0.69233804E+00  0.00000000E+00 0.1798E-12      6
   41    1     0      -8      0      8  0.78629010E+00  0.00000000E+00 0.1872E-12      8
   42    1     0      -7      0      7  0.89631860E+00  0.00000000E+00 0.4091E-14      7
   43    1     0      -6      0      6  0.98645401E+00  0.00000000E+00 0.7747E-13      6
   44    1     0      -5      0      5  0.11349011E+01  0.00000000E+00 0.4537E-12      7
   45    1     0      -4      0      4  0.13948731E+01  0.00000000E+00 0.2175E-13      7
   46    1     0      -3      0      3  0.18157675E+01  0.00000000E+00 0.1103E-12      7
   47    1     0      -2      0      2  0.25923207E+01  0.00000000E+00 0.6369E-13      8
   48    1     0      -1      0      1  0.36320986E+01  0.00000000E+00 0.1025E-12      8
   49    1     0       1      1      1  0.46278790E+01  0.00000000E+00 0.4233E-13      7
   50    1     0       2      2      1  0.49248352E+01  0.00000000E+00 0.1575E-13     10
   51    1     0       3      2      0  0.59246963E+01  0.00000000E+00 0.4174E-13      7
   52    1     0       4      3      0  0.71099537E+01  0.00000000E+00 0.4787E-13      6
   53    1     0       5      4      0  0.83074231E+01  0.00000000E+00 0.6571E-14      6
   54    1     0       6      5      0  0.94728061E+01  0.00000000E+00 0.1105E-12      8
   55    1     0       7      6      0  0.10627912E+02  0.00000000E+00 0.6381E-14      5
   56    1     0       8      7      0  0.11804558E+02  0.00000000E+00 0.7581E-13      6
   57    1     0       9      8      0  0.13008769E+02  0.00000000E+00 0.1504E-12      5
   58    1     0      10      9      0  0.14236318E+02  0.00000000E+00 0.3130E-12      5
   59    1     0      11     10      0  0.15484778E+02  0.00000000E+00 0.9654E-15      6
   60    1     0      12     11      0  0.16750732E+02  0.00000000E+00 0.2224E-12      5
   61    1     0      13     12      0  0.18026446E+02  0.00000000E+00 0.1400E-12      5
   62    1     0      14     13      0  0.19306025E+02  0.00000000E+00 0.4002E-12      5
   63    1     0      15     14      0  0.20585429E+02  0.00000000E+00 0.4006E-12      5
   64    1     0      16     15      0  0.21863191E+02  0.00000000E+00 0.9589E-13      5
   65    1     0      17     16      0  0.23138743E+02  0.00000000E+00 0.3938E-13      5
   66    1     0      18     17      0  0.24412179E+02  0.00000000E+00 0.2580E-12      5
   67    1     0      19     18      0  0.25685694E+02  0.00000000E+00 0.1290E-12      5
   68    1     0      20     19      0  0.26963193E+02  0.00000000E+00 0.4467E-13      5
  Time elapsed :      0.844 s

Starting search (non-adiabatic)

Finding roots
  Time elapsed :     43.313 s

Processing modes
   id    l     m    n_pg    n_p    n_g       Re(omega)       Im(omega)        chi n_iter
   29    1     0     -20      0     20  0.32401876E+00 -0.32052813E-07 0.4183E-08      7
   30    1     0     -19      0     19  0.33550816E+00 -0.31035183E-07 0.1492E-07      6
   31    1     0     -18      0     18  0.35303087E+00 -0.28390299E-07 0.4608E-08      4
   32    1     0     -17      0     17  0.37488651E+00 -0.21957596E-07 0.5990E-07      5
   33    1     0     -16      0     16  0.40016359E+00 -0.16748331E-07 0.2743E-07      6
   34    1     0     -15      0     15  0.42883912E+00 -0.12780637E-07 0.1451E-07      5
   35    1     0     -14      0     14  0.45943965E+00 -0.92317193E-08 0.9283E-07      4
   36    1     0     -13      0     13  0.48360689E+00 -0.65009893E-08 0.1418E-06      6
   37    1     0     -12      0     12  0.51318259E+00 -0.68704931E-08 0.2463E-07      3
   38    1     0     -11      0     11  0.55922509E+00 -0.56894691E-08 0.5868E-07      4
   39    1     0     -10      0     10  0.61812438E+00 -0.43475460E-08 0.9097E-07      6
   40    1     0      -9      0      9  0.69233804E+00 -0.32240006E-08 0.8632E-07      5
   41    1     0      -8      0      8  0.78629010E+00 -0.23089237E-08 0.7578E-07      5
   42    1     0      -7      0      7  0.89631860E+00 -0.15487144E-08 0.3379E-06      6
   43    1     0      -6      0      6  0.98645401E+00 -0.11554812E-08 0.6081E-06      7
   44    1     0      -5      0      5  0.11349011E+01 -0.94415247E-09 0.4067E-06      5
   45    1     0      -4      0      4  0.13948731E+01 -0.58365992E-09 0.9306E-06      6
   46    1     0      -3      0      3  0.18157675E+01 -0.25760756E-09 0.1046E-05      5
   47    1     0      -2      0      2  0.25923207E+01  0.77021498E-09 0.1839E-05      7
   48    1     0      -1      0      1  0.36320996E+01  0.95088453E-06 0.6041E-08      8
   49    1     0       1      1      1  0.46278813E+01  0.67119527E-05 0.2483E-07      7
   50    1     0       2      2      1  0.49248363E+01  0.70151747E-05 0.5037E-08      5
   51    1     0       3      2      0  0.59246648E+01  0.74329705E-04 0.2516E-09      6
   52    1     0       4      3      0  0.71096477E+01  0.29332371E-03 0.4415E-09      7
   53    1     0       5      4      0  0.83059066E+01  0.86620422E-03 0.4331E-10      7
   54    1     0       6      5      0  0.94677251E+01  0.17105364E-02 0.1475E-09      7
   55    1     0       7      6      0  0.10616357E+02  0.15740045E-02 0.1464E-10      9
   56    1     0       8      7      0  0.11785172E+02 -0.11379439E-02 0.1520E-10      9
   57    1     0       9      8      0  0.12981783E+02 -0.68382831E-02 0.5273E-10     11
   58    1     0      10      9      0  0.14203034E+02 -0.14876317E-01 0.7921E-11     11
   59    1     0      11     10      0  0.15446733E+02 -0.24216136E-01 0.9540E-11     10
   60    1     0      12     11      0  0.16708614E+02 -0.34381612E-01 0.1991E-11      9
   61    1     0      13     12      0  0.17980163E+02 -0.45160239E-01 0.1458E-10      7
   62    1     0      14     13      0  0.19255170E+02 -0.56052638E-01 0.2070E-10     13
   63    1     0      15     14      0  0.20529725E+02 -0.66076066E-01 0.2569E-10     10
   64    1     0      16     15      0  0.21802510E+02 -0.74454068E-01 0.4969E-11      7
   65    1     0      17     16      0  0.23073124E+02 -0.80881664E-01 0.1558E-11      7
   66    1     0      18     17      0  0.24341952E+02 -0.85528016E-01 0.1964E-11      8
   67    1     0      19     18      0  0.25611077E+02 -0.89546808E-01 0.4603E-11      8
   68    1     0      20     19      0  0.26883776E+02 -0.94725982E-01 0.1272E-11      8
  Time elapsed :      2.379 s

Mode Search
-----------

Mode parameters
   l : 2
   m : 0

Building frequency grid (REAL axis)
   added scan interval :  0.2801E+00 ->  0.8713E+01 (1000 points, INVERSE)
   added scan interval :  0.8713E+01 ->  0.3315E+02 (1000 points, LINEAR)

Building spatial grid
   Scaffold grid from model
   Split 0 subinterval(s) in iteration 1
   Final grid has 1 segment(s) and 7165 point(s):
      Segment 1 : x range 0.0000 -> 1.0010 (1 -> 7165)

Starting search (adiabatic)

Scanning frequencies
  Time elapsed :    23.268 s

Finding roots
  Time elapsed :      4.056 s

Processing modes
   id    l     m    n_pg    n_p    n_g       Re(omega)       Im(omega)        chi n_iter
   94    2     0     -20      0     20  0.55924228E+00  0.00000000E+00 0.3305E-13      6
   95    2     0     -19      0     19  0.57891126E+00  0.00000000E+00 0.1369E-12      6
   96    2     0     -18      0     18  0.60883163E+00  0.00000000E+00 0.1503E-12      6
   97    2     0     -17      0     17  0.64619276E+00  0.00000000E+00 0.1525E-12      6
   98    2     0     -16      0     16  0.68936344E+00  0.00000000E+00 0.8229E-13      5
   99    2     0     -15      0     15  0.73829384E+00  0.00000000E+00 0.3353E-12      6
  100    2     0     -14      0     14  0.79071317E+00  0.00000000E+00 0.2527E-14      6
  101    2     0     -13      0     13  0.83259116E+00  0.00000000E+00 0.5085E-14      5
  102    2     0     -12      0     12  0.88183639E+00  0.00000000E+00 0.1837E-13      6
  103    2     0     -11      0     11  0.95936773E+00  0.00000000E+00 0.3039E-13      7
  104    2     0     -10      0     10  0.10586610E+01  0.00000000E+00 0.6258E-13      6
  105    2     0      -9      0      9  0.11833846E+01  0.00000000E+00 0.3073E-13      6
  106    2     0      -8      0      8  0.13407534E+01  0.00000000E+00 0.1943E-13      6
  107    2     0      -7      0      7  0.15263544E+01  0.00000000E+00 0.1476E-13      6
  108    2     0      -6      0      6  0.16777761E+01  0.00000000E+00 0.1936E-14      6
  109    2     0      -5      0      5  0.19118443E+01  0.00000000E+00 0.4064E-13      5
  110    2     0      -4      0      4  0.23176864E+01  0.00000000E+00 0.3636E-13      6
  111    2     0      -3      0      3  0.29090817E+01  0.00000000E+00 0.1916E-13      9
  112    2     0      -2      0      2  0.35390889E+01  0.00000000E+00 0.8879E-13      9
  113    2     0      -1      1      2  0.41012213E+01  0.00000000E+00 0.1493E-14      6
  114    2     0       0      1      1  0.48299309E+01  0.00000000E+00 0.3232E-13      8
  115    2     0       1      2      1  0.56026846E+01  0.00000000E+00 0.2498E-13      8
  116    2     0       2      3      1  0.65524586E+01  0.00000000E+00 0.7268E-14      7
  117    2     0       3      4      1  0.76060545E+01  0.00000000E+00 0.9881E-14      9
  118    2     0       4      4      0  0.79464837E+01  0.00000000E+00 0.1044E-12     11
  119    2     0       5      5      0  0.88650946E+01  0.00000000E+00 0.1241E-12      6
  120    2     0       6      6      0  0.10006876E+02  0.00000000E+00 0.8954E-13      5
  121    2     0       7      7      0  0.11166401E+02  0.00000000E+00 0.9658E-13      5
  122    2     0       8      8      0  0.12356888E+02  0.00000000E+00 0.9598E-14      6
  123    2     0       9      9      0  0.13573870E+02  0.00000000E+00 0.1048E-12      6
  124    2     0      10     10      0  0.14813032E+02  0.00000000E+00 0.3721E-13      5
  125    2     0      11     11      0  0.16072040E+02  0.00000000E+00 0.4229E-12      5
  126    2     0      12     12      0  0.17344370E+02  0.00000000E+00 0.2130E-12      5
  127    2     0      13     13      0  0.18622893E+02  0.00000000E+00 0.1151E-12      5
  128    2     0      14     14      0  0.19902215E+02  0.00000000E+00 0.3236E-12      5
  129    2     0      15     15      0  0.21180284E+02  0.00000000E+00 0.5453E-12      5
  130    2     0      16     16      0  0.22455795E+02  0.00000000E+00 0.1826E-12      5
  131    2     0      17     17      0  0.23728215E+02  0.00000000E+00 0.1455E-12      5
  132    2     0      18     18      0  0.24999470E+02  0.00000000E+00 0.2112E-12      7
  133    2     0      19     19      0  0.26272232E+02  0.00000000E+00 0.1574E-12      5
  134    2     0      20     20      0  0.27550259E+02  0.00000000E+00 0.6054E-13      5
  Time elapsed :      1.367 s

Starting search (non-adiabatic)

Finding roots
  Time elapsed :     43.712 s

Processing modes
   id    l     m    n_pg    n_p    n_g       Re(omega)       Im(omega)        chi n_iter
   94    2     0     -20      0     20  0.55924229E+00 -0.29454393E-07 0.3397E-07      6
   95    2     0     -19      0     19  0.57891127E+00 -0.28549298E-07 0.2974E-07      4
   96    2     0     -18      0     18  0.60883164E+00 -0.26712458E-07 0.3145E-07      5
   97    2     0     -17      0     17  0.64619277E+00 -0.21274659E-07 0.3356E-07      8
   98    2     0     -16      0     16  0.68936344E+00 -0.16706501E-07 0.2135E-07      4
   99    2     0     -15      0     15  0.73829384E+00 -0.13084781E-07 0.1195E-06      5
  100    2     0     -14      0     14  0.79071317E+00 -0.96852642E-08 0.6838E-07      5
  101    2     0     -13      0     13  0.83259116E+00 -0.67747899E-08 0.1150E-06      4
  102    2     0     -12      0     12  0.88183639E+00 -0.72193409E-08 0.7037E-07      5
  103    2     0     -11      0     11  0.95936773E+00 -0.60520161E-08 0.8671E-07      6
  104    2     0     -10      0     10  0.10586610E+01 -0.46370583E-08 0.4711E-07      6
  105    2     0      -9      0      9  0.11833846E+01 -0.34400604E-08 0.5293E-07      4
  106    2     0      -8      0      8  0.13407534E+01 -0.24607725E-08 0.1001E-06      4
  107    2     0      -7      0      7  0.15263544E+01 -0.16504975E-08 0.3576E-07      6
  108    2     0      -6      0      6  0.16777761E+01 -0.12007809E-08 0.5088E-06      5
  109    2     0      -5      0      5  0.19118443E+01 -0.86923267E-09 0.1242E-06      5
  110    2     0      -4      0      4  0.23176864E+01  0.15518120E-09 0.3010E-06      5
  111    2     0      -3      0      3  0.29090817E+01  0.11556364E-07 0.3982E-06      5
  112    2     0      -2      0      2  0.35390894E+01  0.40936177E-06 0.9315E-07      6
  113    2     0      -1      1      2  0.41012226E+01  0.20081720E-05 0.2799E-07      6
  114    2     0       0      1      1  0.48299329E+01  0.97103981E-05 0.4867E-08      8
  115    2     0       1      2      1  0.56026762E+01  0.34697366E-04 0.2470E-08      7
  116    2     0       2      3      1  0.65523524E+01  0.14096858E-03 0.2114E-08     10
  117    2     0       3      4      1  0.76055862E+01  0.35762680E-03 0.3099E-09      8
  118    2     0       4      4      0  0.79462324E+01  0.16605803E-03 0.2194E-08      8
  119    2     0       5      5      0  0.88623460E+01  0.12414125E-02 0.3414E-10     10
  120    2     0       6      6      0  0.99991405E+01  0.18731396E-02 0.1536E-09      8
  121    2     0       7      7      0  0.11151309E+02  0.69916291E-03 0.6592E-10      8
  122    2     0       8      8      0  0.12333871E+02 -0.34180003E-02 0.2480E-10      8
  123    2     0       9      9      0  0.13543731E+02 -0.10342118E-01 0.3184E-11      9
  124    2     0      10     10      0  0.14777330E+02 -0.19121134E-01 0.1603E-10      8
  125    2     0      11     11      0  0.16032038E+02 -0.28876445E-01 0.5836E-11      9
  126    2     0      12     12      0  0.17300325E+02 -0.39370626E-01 0.5413E-11      8
  127    2     0      13     13      0  0.18574535E+02 -0.50271230E-01 0.1224E-10     10
  128    2     0      14     14      0  0.19849149E+02 -0.60862217E-01 0.8317E-11      8
  129    2     0      15     15      0  0.21122311E+02 -0.70164539E-01 0.1086E-10      9
  130    2     0      16     16      0  0.22392885E+02 -0.77584507E-01 0.4333E-11      8
  131    2     0      17     17      0  0.23660521E+02 -0.83079005E-01 0.4337E-11      9
  132    2     0      18     18      0  0.24927315E+02 -0.87243990E-01 0.5636E-11      8
  133    2     0      19     19      0  0.26195665E+02 -0.91494256E-01 0.3235E-11      7
  134    2     0      20     20      0  0.27468312E+02 -0.97879646E-01 0.1893E-11      7
  Time elapsed :      2.559 s

Mode Search
-----------

Mode parameters
   l : 3
   m : 0

Building frequency grid (REAL axis)
   added scan interval :  0.2801E+00 ->  0.8713E+01 (1000 points, INVERSE)
   added scan interval :  0.8713E+01 ->  0.3315E+02 (1000 points, LINEAR)

Building spatial grid
   Scaffold grid from model
   Split 0 subinterval(s) in iteration 1
   Final grid has 1 segment(s) and 7165 point(s):
      Segment 1 : x range 0.0000 -> 1.0010 (1 -> 7165)

Starting search (adiabatic)

Scanning frequencies
  Time elapsed :    22.877 s

Finding roots
  Time elapsed :      4.990 s

Processing modes
   id    l     m    n_pg    n_p    n_g       Re(omega)       Im(omega)        chi n_iter
  177    3     0     -20      0     20  0.78722046E+00  0.00000000E+00 0.1524E-13      6
  178    3     0     -19      0     19  0.81443163E+00  0.00000000E+00 0.8599E-13      6
  179    3     0     -18      0     18  0.85558933E+00  0.00000000E+00 0.6631E-13      6
  180    3     0     -17      0     17  0.90734198E+00  0.00000000E+00 0.3399E-14      6
  181    3     0     -16      0     16  0.96711395E+00  0.00000000E+00 0.6580E-14      6
  182    3     0     -15      0     15  0.10348025E+01  0.00000000E+00 0.2777E-13      6
  183    3     0     -14      0     14  0.11079006E+01  0.00000000E+00 0.1513E-13      6
  184    3     0     -13      0     13  0.11679881E+01  0.00000000E+00 0.4063E-13      6
  185    3     0     -12      0     12  0.12329798E+01  0.00000000E+00 0.4558E-13      6
  186    3     0     -11      0     11  0.13377303E+01  0.00000000E+00 0.2067E-13      6
  187    3     0     -10      0     10  0.14725949E+01  0.00000000E+00 0.1446E-13      6
  188    3     0      -9      0      9  0.16413473E+01  0.00000000E+00 0.2760E-13      5
  189    3     0      -8      0      8  0.18533374E+01  0.00000000E+00 0.6682E-13      6
  190    3     0      -7      0      7  0.21066211E+01  0.00000000E+00 0.1112E-13      7
  191    3     0      -6      0      6  0.23177195E+01  0.00000000E+00 0.2163E-14      7
  192    3     0      -5      0      5  0.25994454E+01  0.00000000E+00 0.8356E-14      8
  193    3     0      -4      0      4  0.30666049E+01  0.00000000E+00 0.2154E-13      6
  194    3     0      -3      0      3  0.34720776E+01  0.00000000E+00 0.1530E-13      8
  195    3     0      -2      1      3  0.40459517E+01  0.00000000E+00 0.2988E-13      7
  196    3     0      -1      1      2  0.45558154E+01  0.00000000E+00 0.7078E-14      7
  197    3     0       0      2      2  0.54293065E+01  0.00000000E+00 0.4444E-13      7
  198    3     0       1      2      1  0.58974470E+01  0.00000000E+00 0.4587E-16      8
  199    3     0       2      3      1  0.69031333E+01  0.00000000E+00 0.1048E-13      6
  200    3     0       3      4      1  0.80794048E+01  0.00000000E+00 0.8290E-14      8
  201    3     0       4      5      1  0.92380368E+01  0.00000000E+00 0.8181E-13      7
  202    3     0       5      5      0  0.94676222E+01  0.00000000E+00 0.3515E-12      6
  203    3     0       6      6      0  0.10421303E+02  0.00000000E+00 0.7335E-13      6
  204    3     0       7      7      0  0.11599727E+02  0.00000000E+00 0.1865E-12      7
  205    3     0       8      8      0  0.12807375E+02  0.00000000E+00 0.2096E-12      7
  206    3     0       9      9      0  0.14038459E+02  0.00000000E+00 0.3412E-12      5
  207    3     0      10     10      0  0.15289986E+02  0.00000000E+00 0.7211E-13      5
  208    3     0      11     11      0  0.16559255E+02  0.00000000E+00 0.7333E-13      6
  209    3     0      12     12      0  0.17838572E+02  0.00000000E+00 0.1582E-12      5
  210    3     0      13     13      0  0.19121797E+02  0.00000000E+00 0.3816E-12      5
  211    3     0      14     14      0  0.20404415E+02  0.00000000E+00 0.3613E-12      5
  212    3     0      15     15      0  0.21685083E+02  0.00000000E+00 0.3076E-12      5
  213    3     0      16     16      0  0.22963121E+02  0.00000000E+00 0.3411E-12      5
  214    3     0      17     17      0  0.24238287E+02  0.00000000E+00 0.7647E-12      5
  215    3     0      18     18      0  0.25512949E+02  0.00000000E+00 0.2430E-12      5
  216    3     0      19     19      0  0.26790851E+02  0.00000000E+00 0.3529E-12      5
  217    3     0      20     20      0  0.28075252E+02  0.00000000E+00 0.6038E-13      5
  Time elapsed :      1.374 s

Starting search (non-adiabatic)

Finding roots
  Time elapsed :     46.356 s

Processing modes
   id    l     m    n_pg    n_p    n_g       Re(omega)       Im(omega)        chi n_iter
  177    3     0     -20      0     20  0.78722048E+00 -0.28601962E-07 0.3999E-07      8
  178    3     0     -19      0     19  0.81443165E+00 -0.27282475E-07 0.3403E-07      6
  179    3     0     -18      0     18  0.85558934E+00 -0.26538718E-07 0.1679E-07      4
  180    3     0     -17      0     17  0.90734199E+00 -0.21835018E-07 0.8040E-07      5
  181    3     0     -16      0     16  0.96711395E+00 -0.17627721E-07 0.6519E-07      4
  182    3     0     -15      0     15  0.10348025E+01 -0.14109022E-07 0.9436E-07      4
  183    3     0     -14      0     14  0.11079006E+01 -0.10655464E-07 0.1972E-06      4
  184    3     0     -13      0     13  0.11679881E+01 -0.72111587E-08 0.2214E-06      9
  185    3     0     -12      0     12  0.12329798E+01 -0.77232360E-08 0.2854E-06      4
  186    3     0     -11      0     11  0.13377303E+01 -0.65775415E-08 0.1104E-06      5
  187    3     0     -10      0     10  0.14725949E+01 -0.50210893E-08 0.2246E-06      6
  188    3     0      -9      0      9  0.16413473E+01 -0.36934044E-08 0.1444E-06      5
  189    3     0      -8      0      8  0.18533374E+01 -0.23771156E-08 0.1363E-06      8
  190    3     0      -7      0      7  0.21066211E+01 -0.15817661E-08 0.1414E-06      4
  191    3     0      -6      0      6  0.23177195E+01 -0.92878614E-09 0.2114E-06      6
  192    3     0      -5      0      5  0.25994454E+01  0.10152459E-08 0.5187E-06      6
  193    3     0      -4      0      4  0.30666049E+01  0.30588057E-07 0.2545E-06      6
  194    3     0      -3      0      3  0.34720780E+01  0.30318913E-06 0.6927E-07      7
  195    3     0      -2      1      3  0.40459524E+01  0.10169432E-05 0.7958E-08      5
  196    3     0      -1      1      2  0.45558179E+01  0.66100460E-05 0.1376E-07      6
  197    3     0       0      2      2  0.54293036E+01  0.20259297E-04 0.3284E-08      5
  198    3     0       1      2      1  0.58974301E+01  0.41795108E-04 0.1559E-08      9
  199    3     0       2      3      1  0.69029226E+01  0.22583377E-03 0.1111E-08      6
  200    3     0       3      4      1  0.80782708E+01  0.71090736E-03 0.2646E-09      8
  201    3     0       4      5      1  0.92342160E+01  0.14532933E-02 0.3019E-09      9
  202    3     0       5      5      0  0.94672125E+01  0.13582793E-03 0.1261E-09      6
  203    3     0       6      6      0  0.10411037E+02  0.17565989E-02 0.2695E-10     12
  204    3     0       7      7      0  0.11581611E+02 -0.45411603E-03 0.4283E-10     13
  205    3     0       8      8      0  0.12781434E+02 -0.57334222E-02 0.1027E-10     12
  206    3     0       9      9      0  0.14005904E+02 -0.13543185E-01 0.1334E-10     12
  207    3     0      10     10      0  0.15252430E+02 -0.22812136E-01 0.7531E-11     10
  208    3     0      11     11      0  0.16517579E+02 -0.32928023E-01 0.7096E-11     10
  209    3     0      12     12      0  0.17792771E+02 -0.43694310E-01 0.3803E-11      7
  210    3     0      13     13      0  0.19071488E+02 -0.54657986E-01 0.4341E-11      8
  211    3     0      14     14      0  0.20349285E+02 -0.64888326E-01 0.2724E-11      9
  212    3     0      15     15      0  0.21624981E+02 -0.73545558E-01 0.5489E-11      8
  213    3     0      16     16      0  0.22898073E+02 -0.80235463E-01 0.1015E-11      8
  214    3     0      17     17      0  0.24168589E+02 -0.85065138E-01 0.1048E-11      9
  215    3     0      18     18      0  0.25438849E+02 -0.89078702E-01 0.2959E-11     10
  216    3     0      19     19      0  0.26712081E+02 -0.93965411E-01 0.5499E-11     10
  217    3     0      20     20      0  0.27990230E+02 -0.10185389E+00 0.1596E-11      7
  Time elapsed :      2.547 s

=== adiabatic (summary_ad.h5, windows from gyre_ad.in) ===
142 modes total, 4 l values requested

  l  count     n_pg range       freq range (c/d)   gaps
--------------------------------------------------------
  0     20      1 ..   20     12.557 ..   93.224      0
  1     40    -20 ..   20      1.145 ..   95.313      0
  2     41    -20 ..   20      1.977 ..   97.388      0
  3     41    -20 ..   20      2.783 ..   99.244      0

142 detail files, 7165 grid points in detail.l2.n+19.h5
dlnrho/dlnr from (As, V_2, Gamma_1) vs numerical
  median rel err 3.74e-07, 95th pct 2.72e-04

=== nonadiabatic (summary_nad.h5) ===

41 driven modes (gamma < 0) of 142
  driven n_pg range -5 .. 8,  freq 8.19 .. 39.83 c/d
  mostly p-modes, as expected for the kappa mechanism
  damping rates (dimensionless): 2.576e-10 .. 1.019e-01
  gamma covers 142 of 142 adiabatic modes (0 duplicate n_pg labels in the nad summary, harmless)

OK

--- [dsct_M1.85_T7555] stages 3-5: triplets, kappa, observables
loading models/dsct_M1.85_T7555 ...
  142 modes, sqrt(GM/R^3) = 2.570668e-04 rad/s, detuning cut = 3.856003e-05 rad/s
stage 3: enumerating triplets ...
  5253 radial triplets, 73323 with m  [3.5s]
  -> out/triplets_dsct_M1.85_T7555.csv
stages 4-5: kappa, mu, thresholds ...
  73323 rows  [157.3s]
  -> out/observables_dsct_M1.85_T7555.csv
  -> out/kappa_dsct_M1.85_T7555.csv
done in 162.9s

--- [dsct_M1.85_T7555] GYRE wide net pass 1 (l <= 15)
gyre [9.1.1]
------------

OpenMP Threads   : 16
Input filename   : gyre_ad_wide.in

Model Init
----------

Reading from MESA file
   File name ../mesa/LOGS/profile381.data.GYRE
   File version 1.01
   Read 7165 points
   No need to add central point

Mode Search
-----------

Mode parameters
   l : 0
   m : 0

Building frequency grid (REAL axis)
   added scan interval :  0.2801E+00 ->  0.8713E+01 (1000 points, INVERSE)
   added scan interval :  0.8713E+01 ->  0.3315E+02 (1000 points, LINEAR)

Building spatial grid
   Scaffold grid from model
   Split 0 subinterval(s) in iteration 1
   Final grid has 1 segment(s) and 7165 point(s):
      Segment 1 : x range 0.0000 -> 1.0010 (1 -> 7165)

Starting search (adiabatic)

Scanning frequencies
  Time elapsed :     0.681 s

Finding roots
  Time elapsed :      0.033 s

Processing modes
   id    l     m    n_pg    n_p    n_g       Re(omega)       Im(omega)        chi n_iter
    1    0     0       1      1      0  0.35521317E+01  0.00000000E+00 0.1645E-14      7
    2    0     0       2      2      0  0.45896596E+01  0.00000000E+00 0.9348E-14      6
    3    0     0       3      3      0  0.56879276E+01  0.00000000E+00 0.1841E-13      7
    4    0     0       4      4      0  0.67939007E+01  0.00000000E+00 0.7460E-14      7
    5    0     0       5      5      0  0.79058669E+01  0.00000000E+00 0.9972E-14      7
    6    0     0       6      6      0  0.90196432E+01  0.00000000E+00 0.5768E-14      6
    7    0     0       7      7      0  0.10138489E+02  0.00000000E+00 0.1115E-12      6
    8    0     0       8      8      0  0.11282037E+02  0.00000000E+00 0.3772E-13      4
    9    0     0       9      9      0  0.12462830E+02  0.00000000E+00 0.1463E-13      6
   10    0     0      10     10      0  0.13674432E+02  0.00000000E+00 0.1706E-12      5
   11    0     0      11     11      0  0.14911338E+02  0.00000000E+00 0.3455E-13      5
   12    0     0      12     12      0  0.16170076E+02  0.00000000E+00 0.1156E-12      5
   13    0     0      13     13      0  0.17442877E+02  0.00000000E+00 0.2072E-12      5
   14    0     0      14     14      0  0.18722172E+02  0.00000000E+00 0.4910E-14      5
   15    0     0      15     15      0  0.20002199E+02  0.00000000E+00 0.1549E-12      5
   16    0     0      16     16      0  0.21280836E+02  0.00000000E+00 0.9746E-14      5
   17    0     0      17     17      0  0.22556684E+02  0.00000000E+00 0.2102E-12      5
   18    0     0      18     18      0  0.23829041E+02  0.00000000E+00 0.1107E-12      5
   19    0     0      19     19      0  0.25099956E+02  0.00000000E+00 0.6412E-13      5
   20    0     0      20     20      0  0.26372278E+02  0.00000000E+00 0.1283E-12      5
  Time elapsed :      0.717 s

Mode Search
-----------

Mode parameters
   l : 1
   m : 0

Building frequency grid (REAL axis)
   added scan interval :  0.2801E+00 ->  0.8713E+01 (1000 points, INVERSE)
   added scan interval :  0.8713E+01 ->  0.3315E+02 (1000 points, LINEAR)

Building spatial grid
   Scaffold grid from model
   Split 0 subinterval(s) in iteration 1
   Final grid has 1 segment(s) and 7165 point(s):
      Segment 1 : x range 0.0000 -> 1.0010 (1 -> 7165)

Starting search (adiabatic)

Scanning frequencies
  Time elapsed :     1.256 s

Finding roots
  Time elapsed :      0.139 s

Processing modes
   id    l     m    n_pg    n_p    n_g       Re(omega)       Im(omega)        chi n_iter
   29    1     0     -20      0     20  0.32401709E+00  0.00000000E+00 0.2289E-12      5
   30    1     0     -19      0     19  0.33550534E+00  0.00000000E+00 0.1584E-12      6
   31    1     0     -18      0     18  0.35302969E+00  0.00000000E+00 0.1731E-12      6
   32    1     0     -17      0     17  0.37488610E+00  0.00000000E+00 0.1237E-12      5
   33    1     0     -16      0     16  0.40016359E+00  0.00000000E+00 0.1890E-12      5
   34    1     0     -15      0     15  0.42883958E+00  0.00000000E+00 0.1062E-13      5
   35    1     0     -14      0     14  0.45944077E+00  0.00000000E+00 0.1137E-12      5
   36    1     0     -13      0     13  0.48360632E+00  0.00000000E+00 0.3399E-13      6
   37    1     0     -12      0     12  0.51318121E+00  0.00000000E+00 0.2743E-13      6
   38    1     0     -11      0     11  0.55922439E+00  0.00000000E+00 0.1217E-12      6
   39    1     0     -10      0     10  0.61812404E+00  0.00000000E+00 0.1710E-12      6
   40    1     0      -9      0      9  0.69233812E+00  0.00000000E+00 0.1313E-12      6
   41    1     0      -8      0      8  0.78629091E+00  0.00000000E+00 0.5327E-13      5
   42    1     0      -7      0      7  0.89632177E+00  0.00000000E+00 0.2717E-14      6
   43    1     0      -6      0      6  0.98645698E+00  0.00000000E+00 0.1303E-13      6
   44    1     0      -5      0      5  0.11349010E+01  0.00000000E+00 0.3127E-13      7
   45    1     0      -4      0      4  0.13948727E+01  0.00000000E+00 0.1250E-13      5
   46    1     0      -3      0      3  0.18157673E+01  0.00000000E+00 0.1934E-13      5
   47    1     0      -2      0      2  0.25923196E+01  0.00000000E+00 0.3115E-13      6
   48    1     0      -1      0      1  0.36320984E+01  0.00000000E+00 0.2959E-13      7
   49    1     0       1      1      1  0.46278804E+01  0.00000000E+00 0.1689E-13      7
   50    1     0       2      2      1  0.49248402E+01  0.00000000E+00 0.7545E-14      8
   51    1     0       3      2      0  0.59246972E+01  0.00000000E+00 0.8904E-14      7
   52    1     0       4      3      0  0.71099540E+01  0.00000000E+00 0.1226E-13      6
   53    1     0       5      4      0  0.83074230E+01  0.00000000E+00 0.1193E-14      6
   54    1     0       6      5      0  0.94728043E+01  0.00000000E+00 0.7171E-13      5
   55    1     0       7      6      0  0.10627908E+02  0.00000000E+00 0.5608E-13      5
   56    1     0       8      7      0  0.11804551E+02  0.00000000E+00 0.8754E-13      5
   57    1     0       9      8      0  0.13008761E+02  0.00000000E+00 0.1553E-12      5
   58    1     0      10      9      0  0.14236308E+02  0.00000000E+00 0.1190E-13      5
   59    1     0      11     10      0  0.15484767E+02  0.00000000E+00 0.1518E-12      5
   60    1     0      12     11      0  0.16750719E+02  0.00000000E+00 0.3206E-12      5
   61    1     0      13     12      0  0.18026430E+02  0.00000000E+00 0.1000E-12      5
   62    1     0      14     13      0  0.19306006E+02  0.00000000E+00 0.4100E-13      5
   63    1     0      15     14      0  0.20585409E+02  0.00000000E+00 0.3001E-12      5
   64    1     0      16     15      0  0.21863169E+02  0.00000000E+00 0.6087E-13      5
   65    1     0      17     16      0  0.23138717E+02  0.00000000E+00 0.1924E-12      5
   66    1     0      18     17      0  0.24412150E+02  0.00000000E+00 0.1373E-12      5
   67    1     0      19     18      0  0.25685664E+02  0.00000000E+00 0.7000E-13      5
   68    1     0      20     19      0  0.26963161E+02  0.00000000E+00 0.4142E-13      5
  Time elapsed :      1.521 s

Mode Search
-----------

Mode parameters
   l : 2
   m : 0

Building frequency grid (REAL axis)
   added scan interval :  0.2801E+00 ->  0.8713E+01 (1000 points, INVERSE)
   added scan interval :  0.8713E+01 ->  0.3315E+02 (1000 points, LINEAR)

Building spatial grid
   Scaffold grid from model
   Split 0 subinterval(s) in iteration 1
   Final grid has 1 segment(s) and 7165 point(s):
      Segment 1 : x range 0.0000 -> 1.0010 (1 -> 7165)

Starting search (adiabatic)

Scanning frequencies
  Time elapsed :     1.366 s

Finding roots
  Time elapsed :      0.174 s

Processing modes
   id    l     m    n_pg    n_p    n_g       Re(omega)       Im(omega)        chi n_iter
   94    2     0     -20      0     20  0.55923951E+00  0.00000000E+00 0.6554E-13      6
   95    2     0     -19      0     19  0.57890639E+00  0.00000000E+00 0.9136E-13      6
   96    2     0     -18      0     18  0.60882960E+00  0.00000000E+00 0.1084E-12      6
   97    2     0     -17      0     17  0.64619205E+00  0.00000000E+00 0.9007E-13      6
   98    2     0     -16      0     16  0.68936343E+00  0.00000000E+00 0.1181E-12      5
   99    2     0     -15      0     15  0.73829463E+00  0.00000000E+00 0.2872E-13      6
  100    2     0     -14      0     14  0.79071512E+00  0.00000000E+00 0.2797E-13      6
  101    2     0     -13      0     13  0.83259047E+00  0.00000000E+00 0.4315E-13      5
  102    2     0     -12      0     12  0.88183398E+00  0.00000000E+00 0.1181E-12      6
  103    2     0     -11      0     11  0.95936649E+00  0.00000000E+00 0.1468E-13      6
  104    2     0     -10      0     10  0.10586604E+01  0.00000000E+00 0.2750E-13      6
  105    2     0      -9      0      9  0.11833847E+01  0.00000000E+00 0.2923E-13      6
  106    2     0      -8      0      8  0.13407548E+01  0.00000000E+00 0.5066E-13      6
  107    2     0      -7      0      7  0.15263596E+01  0.00000000E+00 0.3495E-13      6
  108    2     0      -6      0      6  0.16777819E+01  0.00000000E+00 0.1906E-13      6
  109    2     0      -5      0      5  0.19118442E+01  0.00000000E+00 0.2356E-13      5
  110    2     0      -4      0      4  0.23176860E+01  0.00000000E+00 0.8329E-14      6
  111    2     0      -3      0      3  0.29090817E+01  0.00000000E+00 0.4122E-14      6
  112    2     0      -2      0      2  0.35390891E+01  0.00000000E+00 0.3464E-13      7
  113    2     0      -1      1      2  0.41012216E+01  0.00000000E+00 0.2310E-13      6
  114    2     0       0      1      1  0.48299315E+01  0.00000000E+00 0.6585E-14      7
  115    2     0       1      2      1  0.56026856E+01  0.00000000E+00 0.6175E-14      7
  116    2     0       2      3      1  0.65524590E+01  0.00000000E+00 0.2480E-14      7
  117    2     0       3      4      1  0.76060607E+01  0.00000000E+00 0.1668E-13      8
  118    2     0       4      4      0  0.79465028E+01  0.00000000E+00 0.2194E-13      8
  119    2     0       5      5      0  0.88650940E+01  0.00000000E+00 0.3541E-14      6
  120    2     0       6      6      0  0.10006874E+02  0.00000000E+00 0.4385E-13      5
  121    2     0       7      7      0  0.11166397E+02  0.00000000E+00 0.4042E-13      6
  122    2     0       8      8      0  0.12356881E+02  0.00000000E+00 0.9672E-13      5
  123    2     0       9      9      0  0.13573861E+02  0.00000000E+00 0.2007E-13      6
  124    2     0      10     10      0  0.14813020E+02  0.00000000E+00 0.1243E-12      5
  125    2     0      11     11      0  0.16072028E+02  0.00000000E+00 0.4488E-13      5
  126    2     0      12     12      0  0.17344357E+02  0.00000000E+00 0.6337E-13      6
  127    2     0      13     13      0  0.18622878E+02  0.00000000E+00 0.2972E-13      5
  128    2     0      14     14      0  0.19902197E+02  0.00000000E+00 0.4150E-13      6
  129    2     0      15     15      0  0.21180263E+02  0.00000000E+00 0.2007E-12      5
  130    2     0      16     16      0  0.22455770E+02  0.00000000E+00 0.1227E-13      5
  131    2     0      17     17      0  0.23728188E+02  0.00000000E+00 0.4506E-13      5
  132    2     0      18     18      0  0.24999443E+02  0.00000000E+00 0.2146E-12      5
  133    2     0      19     19      0  0.26272204E+02  0.00000000E+00 0.2988E-12      5
  134    2     0      20     20      0  0.27550229E+02  0.00000000E+00 0.3138E-13      5
  Time elapsed :      1.601 s

Mode Search
-----------

Mode parameters
   l : 3
   m : 0

Building frequency grid (REAL axis)
   added scan interval :  0.2801E+00 ->  0.8713E+01 (1000 points, INVERSE)
   added scan interval :  0.8713E+01 ->  0.3315E+02 (1000 points, LINEAR)

Building spatial grid
   Scaffold grid from model
   Split 0 subinterval(s) in iteration 1
   Final grid has 1 segment(s) and 7165 point(s):
      Segment 1 : x range 0.0000 -> 1.0010 (1 -> 7165)

Starting search (adiabatic)

Scanning frequencies
  Time elapsed :     1.389 s

Finding roots
  Time elapsed :      0.256 s

Processing modes
   id    l     m    n_pg    n_p    n_g       Re(omega)       Im(omega)        chi n_iter
  177    3     0     -20      0     20  0.78721701E+00  0.00000000E+00 0.6818E-13      6
  178    3     0     -19      0     19  0.81442465E+00  0.00000000E+00 0.1496E-13      6
  179    3     0     -18      0     18  0.85558637E+00  0.00000000E+00 0.4045E-13      6
  180    3     0     -17      0     17  0.90734091E+00  0.00000000E+00 0.1451E-13      6
  181    3     0     -16      0     16  0.96711387E+00  0.00000000E+00 0.1113E-12      5
  182    3     0     -15      0     15  0.10348035E+01  0.00000000E+00 0.3247E-13      6
  183    3     0     -14      0     14  0.11079033E+01  0.00000000E+00 0.4131E-13      6
  184    3     0     -13      0     13  0.11679879E+01  0.00000000E+00 0.5062E-13      6
  185    3     0     -12      0     12  0.12329763E+01  0.00000000E+00 0.2147E-13      6
  186    3     0     -11      0     11  0.13377284E+01  0.00000000E+00 0.4621E-13      6
  187    3     0     -10      0     10  0.14725940E+01  0.00000000E+00 0.3945E-13      6
  188    3     0      -9      0      9  0.16413474E+01  0.00000000E+00 0.1054E-13      5
  189    3     0      -8      0      8  0.18533390E+01  0.00000000E+00 0.2626E-13      6
  190    3     0      -7      0      7  0.21066274E+01  0.00000000E+00 0.1822E-13      6
  191    3     0      -6      0      6  0.23177291E+01  0.00000000E+00 0.2197E-14      7
  192    3     0      -5      0      5  0.25994458E+01  0.00000000E+00 0.1799E-13      5
  193    3     0      -4      0      4  0.30666044E+01  0.00000000E+00 0.6784E-14      6
  194    3     0      -3      0      3  0.34720775E+01  0.00000000E+00 0.3185E-14      6
  195    3     0      -2      1      3  0.40459517E+01  0.00000000E+00 0.1653E-13      7
  196    3     0      -1      1      2  0.45558156E+01  0.00000000E+00 0.1021E-14      6
  197    3     0       0      2      2  0.54293068E+01  0.00000000E+00 0.8612E-14      7
  198    3     0       1      2      1  0.58974475E+01  0.00000000E+00 0.1071E-13      7
  199    3     0       2      3      1  0.69031331E+01  0.00000000E+00 0.3810E-14      6
  200    3     0       3      4      1  0.80794042E+01  0.00000000E+00 0.1120E-13      7
  201    3     0       4      5      1  0.92380381E+01  0.00000000E+00 0.6176E-13      7
  202    3     0       5      5      0  0.94676583E+01  0.00000000E+00 0.5043E-13      7
  203    3     0       6      6      0  0.10421300E+02  0.00000000E+00 0.1593E-12      6
  204    3     0       7      7      0  0.11599722E+02  0.00000000E+00 0.9594E-13      5
  205    3     0       8      8      0  0.12807368E+02  0.00000000E+00 0.1565E-12      6
  206    3     0       9      9      0  0.14038450E+02  0.00000000E+00 0.2402E-12      5
  207    3     0      10     10      0  0.15289974E+02  0.00000000E+00 0.3975E-13      5
  208    3     0      11     11      0  0.16559242E+02  0.00000000E+00 0.1889E-12      5
  209    3     0      12     12      0  0.17838557E+02  0.00000000E+00 0.3987E-13      5
  210    3     0      13     13      0  0.19121780E+02  0.00000000E+00 0.8677E-13      5
  211    3     0      14     14      0  0.20404397E+02  0.00000000E+00 0.1488E-12      5
  212    3     0      15     15      0  0.21685062E+02  0.00000000E+00 0.1416E-12      5
  213    3     0      16     16      0  0.22963095E+02  0.00000000E+00 0.3426E-12      5
  214    3     0      17     17      0  0.24238258E+02  0.00000000E+00 0.3159E-12      5
  215    3     0      18     18      0  0.25512920E+02  0.00000000E+00 0.2069E-12      5
  216    3     0      19     19      0  0.26790821E+02  0.00000000E+00 0.1884E-13      5
  217    3     0      20     20      0  0.28075224E+02  0.00000000E+00 0.3691E-12      5
  Time elapsed :      1.788 s

Mode Search
-----------

Mode parameters
   l : 4
   m : 0

Building frequency grid (REAL axis)
   added scan interval :  0.2801E+00 ->  0.8713E+01 (1000 points, INVERSE)
   added scan interval :  0.8713E+01 ->  0.3315E+02 (1000 points, LINEAR)

Building spatial grid
   Scaffold grid from model
   Split 0 subinterval(s) in iteration 1
   Final grid has 1 segment(s) and 7165 point(s):
      Segment 1 : x range 0.0000 -> 1.0010 (1 -> 7165)

Starting search (adiabatic)

Scanning frequencies
  Time elapsed :     1.313 s

Finding roots
  Time elapsed :      0.266 s

Processing modes
   id    l     m    n_pg    n_p    n_g       Re(omega)       Im(omega)        chi n_iter
  277    4     0     -20      0     20  0.10103773E+01  0.00000000E+00 0.4545E-13      6
  278    4     0     -19      0     19  0.10445568E+01  0.00000000E+00 0.8923E-14      7
  279    4     0     -18      0     18  0.10954529E+01  0.00000000E+00 0.3278E-13      6
  280    4     0     -17      0     17  0.11603694E+01  0.00000000E+00 0.2291E-13      6
  281    4     0     -16      0     16  0.12353533E+01  0.00000000E+00 0.1528E-13      5
  282    4     0     -15      0     15  0.13201725E+01  0.00000000E+00 0.6701E-14      6
  283    4     0     -14      0     14  0.14126647E+01  0.00000000E+00 0.7130E-13      6
  284    4     0     -13      0     13  0.14926030E+01  0.00000000E+00 0.8445E-14      6
  285    4     0     -12      0     12  0.15689202E+01  0.00000000E+00 0.1095E-13      6
  286    4     0     -11      0     11  0.16954729E+01  0.00000000E+00 0.1121E-13      6
  287    4     0     -10      0     10  0.18605640E+01  0.00000000E+00 0.9016E-15      6
  288    4     0      -9      0      9  0.20662799E+01  0.00000000E+00 0.2670E-13      6
  289    4     0      -8      0      8  0.23231377E+01  0.00000000E+00 0.1396E-13      6
  290    4     0      -7      0      7  0.26332833E+01  0.00000000E+00 0.1462E-13      7
  291    4     0      -6      0      6  0.29094532E+01  0.00000000E+00 0.2738E-13      7
  292    4     0      -5      0      5  0.31846713E+01  0.00000000E+00 0.1166E-13      7
  293    4     0      -4      0      4  0.34588902E+01  0.00000000E+00 0.2569E-13      7
  294    4     0      -3      0      3  0.38764311E+01  0.00000000E+00 0.7270E-14      6
  295    4     0      -2      1      3  0.45518856E+01  0.00000000E+00 0.2294E-14      7
  296    4     0      -1      1      2  0.48468694E+01  0.00000000E+00 0.1276E-13      8
  297    4     0       0      2      2  0.58271873E+01  0.00000000E+00 0.3939E-14      7
  298    4     0       1      2      1  0.62239536E+01  0.00000000E+00 0.9088E-14      8
  299    4     0       2      3      1  0.71223964E+01  0.00000000E+00 0.1529E-13      7
  300    4     0       3      4      1  0.83535769E+01  0.00000000E+00 0.8982E-14      7
  301    4     0       4      5      1  0.95517605E+01  0.00000000E+00 0.1162E-12      6
  302    4     0       5      6      1  0.10677528E+02  0.00000000E+00 0.2307E-14      8
  303    4     0       6      6      0  0.10742868E+02  0.00000000E+00 0.2992E-12      7
  304    4     0       7      7      0  0.11943700E+02  0.00000000E+00 0.8237E-13      6
  305    4     0       8      8      0  0.13173421E+02  0.00000000E+00 0.2679E-12      6
  306    4     0       9      9      0  0.14423186E+02  0.00000000E+00 0.3591E-13      5
  307    4     0      10     10      0  0.15691073E+02  0.00000000E+00 0.1040E-12      5
  308    4     0      11     11      0  0.16972992E+02  0.00000000E+00 0.2910E-12      5
  309    4     0      12     12      0  0.18261441E+02  0.00000000E+00 0.1098E-12      5
  310    4     0      13     13      0  0.19550965E+02  0.00000000E+00 0.2884E-13      5
  311    4     0      14     14      0  0.20838572E+02  0.00000000E+00 0.1595E-12      5
  312    4     0      15     15      0  0.22123075E+02  0.00000000E+00 0.2543E-12      5
  313    4     0      16     16      0  0.23404220E+02  0.00000000E+00 0.2857E-12      5
  314    4     0      17     17      0  0.24683084E+02  0.00000000E+00 0.2817E-12      5
  315    4     0      18     18      0  0.25962117E+02  0.00000000E+00 0.3462E-13      5
  316    4     0      19     19      0  0.27245480E+02  0.00000000E+00 0.3396E-12      5
  317    4     0      20     20      0  0.28535936E+02  0.00000000E+00 0.2776E-14      5
  Time elapsed :      1.671 s

Mode Search
-----------

Mode parameters
   l : 5
   m : 0

Building frequency grid (REAL axis)
   added scan interval :  0.2801E+00 ->  0.8713E+01 (1000 points, INVERSE)
   added scan interval :  0.8713E+01 ->  0.3315E+02 (1000 points, LINEAR)

Building spatial grid
   Scaffold grid from model
   Split 0 subinterval(s) in iteration 1
   Final grid has 1 segment(s) and 7165 point(s):
      Segment 1 : x range 0.0000 -> 1.0010 (1 -> 7165)

Starting search (adiabatic)

Scanning frequencies
  Time elapsed :     1.403 s

Finding roots
  Time elapsed :      0.315 s

Processing modes
   id    l     m    n_pg    n_p    n_g       Re(omega)       Im(omega)        chi n_iter
  394    5     0     -20      0     20  0.12286021E+01  0.00000000E+00 0.1114E-13      6
  395    5     0     -19      0     19  0.12695304E+01  0.00000000E+00 0.6026E-13      7
  396    5     0     -18      0     18  0.13281112E+01  0.00000000E+00 0.4897E-13      7
  397    5     0     -17      0     17  0.14046539E+01  0.00000000E+00 0.3721E-13      6
  398    5     0     -16      0     16  0.14931708E+01  0.00000000E+00 0.1152E-13      6
  399    5     0     -15      0     15  0.15931253E+01  0.00000000E+00 0.2175E-13      6
  400    5     0     -14      0     14  0.17031040E+01  0.00000000E+00 0.2803E-13      7
  401    5     0     -13      0     13  0.18050268E+01  0.00000000E+00 0.1056E-13      6
  402    5     0     -12      0     12  0.18896052E+01  0.00000000E+00 0.1073E-13      7
  403    5     0     -11      0     11  0.20307044E+01  0.00000000E+00 0.2387E-13      6
  404    5     0     -10      0     10  0.22201279E+01  0.00000000E+00 0.2297E-13      6
  405    5     0      -9      0      9  0.24553571E+01  0.00000000E+00 0.2363E-13      6
  406    5     0      -8      0      8  0.27466973E+01  0.00000000E+00 0.1277E-13      6
  407    5     0      -7      0      7  0.30981276E+01  0.00000000E+00 0.1967E-13      7
  408    5     0      -6      0      6  0.34180547E+01  0.00000000E+00 0.1657E-13      8
  409    5     0      -5      0      5  0.35378451E+01  0.00000000E+00 0.1583E-13      7
  410    5     0      -4      0      4  0.37874712E+01  0.00000000E+00 0.2543E-13      7
  411    5     0      -3      1      4  0.43605618E+01  0.00000000E+00 0.9233E-14      7
  412    5     0      -2      1      3  0.47650980E+01  0.00000000E+00 0.6823E-15      7
  413    5     0      -1      1      2  0.52558186E+01  0.00000000E+00 0.8929E-14      7
  414    5     0       0      2      2  0.60485003E+01  0.00000000E+00 0.3989E-14      7
  415    5     0       1      2      1  0.65163578E+01  0.00000000E+00 0.3435E-14      8
  416    5     0       2      3      1  0.73392439E+01  0.00000000E+00 0.2131E-13      7
  417    5     0       3      4      1  0.86021319E+01  0.00000000E+00 0.7824E-14      7
  418    5     0       4      5      1  0.98186684E+01  0.00000000E+00 0.1256E-12      6
  419    5     0       5      6      1  0.11025052E+02  0.00000000E+00 0.1593E-13      7
  420    5     0       6      6      0  0.11708964E+02  0.00000000E+00 0.1081E-12      6
  421    5     0       7      7      0  0.12253130E+02  0.00000000E+00 0.1797E-13      6
  422    5     0       8      8      0  0.13502425E+02  0.00000000E+00 0.2409E-12      6
  423    5     0       9      9      0  0.14769596E+02  0.00000000E+00 0.2591E-12      6
  424    5     0      10     10      0  0.16053146E+02  0.00000000E+00 0.8145E-13      5
  425    5     0      11     11      0  0.17347237E+02  0.00000000E+00 0.1055E-12      5
  426    5     0      12     12      0  0.18644971E+02  0.00000000E+00 0.3136E-13      5
  427    5     0      13     13      0  0.19941313E+02  0.00000000E+00 0.9961E-14      5
  428    5     0      14     14      0  0.21234576E+02  0.00000000E+00 0.1428E-12      5
  429    5     0      15     15      0  0.22523830E+02  0.00000000E+00 0.4225E-12      5
  430    5     0      16     16      0  0.23808872E+02  0.00000000E+00 0.4351E-14      5
  431    5     0      17     17      0  0.25092000E+02  0.00000000E+00 0.6547E-13      5
  432    5     0      18     18      0  0.26376277E+02  0.00000000E+00 0.6870E-13      5
  433    5     0      19     19      0  0.27665649E+02  0.00000000E+00 0.1299E-12      5
  434    5     0      20     20      0  0.28962172E+02  0.00000000E+00 0.1272E-12      5
  Time elapsed :      1.778 s

Mode Search
-----------

Mode parameters
   l : 6
   m : 0

Building frequency grid (REAL axis)
   added scan interval :  0.2801E+00 ->  0.8713E+01 (1000 points, INVERSE)
   added scan interval :  0.8713E+01 ->  0.3315E+02 (1000 points, LINEAR)

Building spatial grid
   Scaffold grid from model
   Split 0 subinterval(s) in iteration 1
   Final grid has 1 segment(s) and 7165 point(s):
      Segment 1 : x range 0.0000 -> 1.0010 (1 -> 7165)

Starting search (adiabatic)

Scanning frequencies
  Time elapsed :     1.302 s

Finding roots
  Time elapsed :      0.372 s

Processing modes
   id    l     m    n_pg    n_p    n_g       Re(omega)       Im(omega)        chi n_iter
  528    6     0     -20      0     20  0.14410192E+01  0.00000000E+00 0.1445E-13      7
  529    6     0     -19      0     19  0.14892766E+01  0.00000000E+00 0.1439E-13      6
  530    6     0     -18      0     18  0.15528953E+01  0.00000000E+00 0.1766E-13      6
  531    6     0     -17      0     17  0.16391034E+01  0.00000000E+00 0.4437E-13      6
  532    6     0     -16      0     16  0.17391271E+01  0.00000000E+00 0.1022E-13      6
  533    6     0     -15      0     15  0.18518159E+01  0.00000000E+00 0.9450E-14      6
  534    6     0     -14      0     14  0.19767026E+01  0.00000000E+00 0.2120E-13      6
  535    6     0     -13      0     13  0.21015347E+01  0.00000000E+00 0.5626E-13      7
  536    6     0     -12      0     12  0.21963948E+01  0.00000000E+00 0.1614E-14      7
  537    6     0     -11      0     11  0.23424081E+01  0.00000000E+00 0.3720E-13      7
  538    6     0     -10      0     10  0.25499183E+01  0.00000000E+00 0.3104E-13      6
  539    6     0      -9      0      9  0.28074677E+01  0.00000000E+00 0.3287E-13      6
  540    6     0      -8      0      8  0.31232550E+01  0.00000000E+00 0.1151E-13      7
  541    6     0      -7      0      7  0.34859933E+01  0.00000000E+00 0.1406E-13      8
  542    6     0      -6      0      6  0.36031229E+01  0.00000000E+00 0.6463E-14      7
  543    6     0      -5      0      5  0.39515637E+01  0.00000000E+00 0.7222E-14      6
  544    6     0      -4      0      4  0.42514695E+01  0.00000000E+00 0.1753E-14      7
  545    6     0      -3      1      4  0.47654758E+01  0.00000000E+00 0.9786E-14      8
  546    6     0      -2      1      3  0.49244677E+01  0.00000000E+00 0.3852E-14      8
  547    6     0      -1      1      2  0.55920803E+01  0.00000000E+00 0.2388E-13      7
  548    6     0       0      2      2  0.62458431E+01  0.00000000E+00 0.5425E-14      6
  549    6     0       1      2      1  0.67114650E+01  0.00000000E+00 0.4294E-14      7
  550    6     0       2      3      1  0.75603228E+01  0.00000000E+00 0.1114E-13      7
  551    6     0       3      4      1  0.88410232E+01  0.00000000E+00 0.7245E-14      5
  552    6     0       4      5      1  0.10071952E+02  0.00000000E+00 0.5008E-13      6
  553    6     0       5      6      1  0.11297801E+02  0.00000000E+00 0.6488E-14      6
  554    6     0       6      7      1  0.12545497E+02  0.00000000E+00 0.5859E-13      8
  555    6     0       7      7      0  0.12597908E+02  0.00000000E+00 0.9743E-13      8
  556    6     0       8      8      0  0.13812339E+02  0.00000000E+00 0.1193E-13      6
  557    6     0       9      9      0  0.15095463E+02  0.00000000E+00 0.9491E-13      5
  558    6     0      10     10      0  0.16393170E+02  0.00000000E+00 0.1106E-12      5
  559    6     0      11     11      0  0.17698275E+02  0.00000000E+00 0.1895E-12      5
  560    6     0      12     12      0  0.19004550E+02  0.00000000E+00 0.5445E-13      5
  561    6     0      13     13      0  0.20307568E+02  0.00000000E+00 0.1726E-12      5
  562    6     0      14     14      0  0.21606379E+02  0.00000000E+00 0.1515E-12      5
  563    6     0      15     15      0  0.22900524E+02  0.00000000E+00 0.1141E-12      5
  564    6     0      16     16      0  0.24190082E+02  0.00000000E+00 0.8567E-13      5
  565    6     0      17     17      0  0.25477874E+02  0.00000000E+00 0.1183E-12      5
  566    6     0      18     18      0  0.26767845E+02  0.00000000E+00 0.8434E-14      5
  567    6     0      19     19      0  0.28063553E+02  0.00000000E+00 0.1220E-12      5
  568    6     0      20     20      0  0.29366241E+02  0.00000000E+00 0.2248E-12      5
  Time elapsed :      1.862 s

Mode Search
-----------

Mode parameters
   l : 3
   m : 0

Building frequency grid (REAL axis)
   added scan interval :  0.5233E+00 ->  0.2105E+01 (3000 points, INVERSE)

Building spatial grid
   Scaffold grid from model
   Split 0 subinterval(s) in iteration 1
   Final grid has 1 segment(s) and 7165 point(s):
      Segment 1 : x range 0.0000 -> 1.0010 (1 -> 7165)

Starting search (adiabatic)

Scanning frequencies
  Time elapsed :     1.929 s

Finding roots
  Time elapsed :      0.068 s

Processing modes
   id    l     m    n_pg    n_p    n_g       Re(omega)       Im(omega)        chi n_iter
  573    3     0     -28      0     28  0.57308467E+00  0.00000000E+00 0.6322E-13      5
  574    3     0     -27      0     27  0.59415353E+00  0.00000000E+00 0.3831E-12      5
  575    3     0     -26      0     26  0.61103520E+00  0.00000000E+00 0.2416E-12      5
  576    3     0     -25      0     25  0.63023655E+00  0.00000000E+00 0.7979E-12      5
  577    3     0     -24      0     24  0.65657205E+00  0.00000000E+00 0.6302E-12      5
  578    3     0     -23      0     23  0.68681195E+00  0.00000000E+00 0.1742E-13      5
  579    3     0     -22      0     22  0.72004712E+00  0.00000000E+00 0.6641E-12      5
  580    3     0     -21      0     21  0.75537101E+00  0.00000000E+00 0.5073E-12      5
  Time elapsed :      0.313 s

Mode Search
-----------

Mode parameters
   l : 4
   m : 0

Building frequency grid (REAL axis)
   added scan interval :  0.5233E+00 ->  0.2105E+01 (3000 points, INVERSE)

Building spatial grid
   Scaffold grid from model
   Split 0 subinterval(s) in iteration 1
   Final grid has 1 segment(s) and 7165 point(s):
      Segment 1 : x range 0.0000 -> 1.0010 (1 -> 7165)

Starting search (adiabatic)

Scanning frequencies
  Time elapsed :     1.911 s

Finding roots
  Time elapsed :      0.079 s

Processing modes
   id    l     m    n_pg    n_p    n_g       Re(omega)       Im(omega)        chi n_iter
  598    4     0     -36      0     36  0.57619835E+00  0.00000000E+00 0.2055E-12      5
  599    4     0     -35      0     35  0.59383102E+00  0.00000000E+00 0.2839E-12      5
  600    4     0     -34      0     34  0.61242673E+00  0.00000000E+00 0.1707E-12      5
  601    4     0     -33      0     33  0.63049781E+00  0.00000000E+00 0.1096E-13      5
  602    4     0     -32      0     32  0.64498818E+00  0.00000000E+00 0.2802E-13      5
  603    4     0     -31      0     31  0.66212766E+00  0.00000000E+00 0.9770E-12      5
  604    4     0     -30      0     30  0.68460954E+00  0.00000000E+00 0.1401E-12      5
  605    4     0     -29      0     29  0.70982716E+00  0.00000000E+00 0.6403E-12      5
  606    4     0     -28      0     28  0.73682822E+00  0.00000000E+00 0.5187E-14      5
  607    4     0     -27      0     27  0.76385020E+00  0.00000000E+00 0.3389E-12      5
  608    4     0     -26      0     26  0.78565468E+00  0.00000000E+00 0.7006E-13      5
  609    4     0     -25      0     25  0.80985560E+00  0.00000000E+00 0.1542E-12      5
  610    4     0     -24      0     24  0.84321154E+00  0.00000000E+00 0.2544E-12      5
  611    4     0     -23      0     23  0.88159585E+00  0.00000000E+00 0.8895E-13      5
  612    4     0     -22      0     22  0.92379882E+00  0.00000000E+00 0.1422E-12      5
  613    4     0     -21      0     21  0.96882489E+00  0.00000000E+00 0.1935E-13      5
  Time elapsed :      0.645 s

Mode Search
-----------

Mode parameters
   l : 5
   m : 0

Building frequency grid (REAL axis)
   added scan interval :  0.5233E+00 ->  0.2105E+01 (3000 points, INVERSE)

Building spatial grid
   Scaffold grid from model
   Split 0 subinterval(s) in iteration 1
   Final grid has 1 segment(s) and 7165 point(s):
      Segment 1 : x range 0.0000 -> 1.0010 (1 -> 7165)

Starting search (adiabatic)

Scanning frequencies
  Time elapsed :     1.786 s

Finding roots
  Time elapsed :      0.092 s

Processing modes
   id    l     m    n_pg    n_p    n_g       Re(omega)       Im(omega)        chi n_iter
  631    5     0     -44      0     44  0.58277349E+00  0.00000000E+00 0.3675E-12      4
  632    5     0     -43      0     43  0.59364959E+00  0.00000000E+00 0.6121E-12      5
  633    5     0     -42      0     42  0.60785633E+00  0.00000000E+00 0.1733E-12      5
  634    5     0     -41      0     41  0.62369916E+00  0.00000000E+00 0.1593E-12      5
  635    5     0     -40      0     40  0.64028888E+00  0.00000000E+00 0.1637E-12      5
  636    5     0     -39      0     39  0.65615190E+00  0.00000000E+00 0.1596E-13      5
  637    5     0     -38      0     38  0.66883671E+00  0.00000000E+00 0.3300E-12      5
  638    5     0     -37      0     37  0.68397516E+00  0.00000000E+00 0.5316E-12      5
  639    5     0     -36      0     36  0.70335704E+00  0.00000000E+00 0.4331E-13      5
  640    5     0     -35      0     35  0.72476214E+00  0.00000000E+00 0.2762E-12      5
  641    5     0     -34      0     34  0.74732062E+00  0.00000000E+00 0.5012E-12      5
  642    5     0     -33      0     33  0.76926651E+00  0.00000000E+00 0.3750E-13      5
  643    5     0     -32      0     32  0.78691180E+00  0.00000000E+00 0.1854E-12      5
  644    5     0     -31      0     31  0.80761077E+00  0.00000000E+00 0.8047E-13      5
  645    5     0     -30      0     30  0.83476845E+00  0.00000000E+00 0.6515E-13      5
  646    5     0     -29      0     29  0.86524463E+00  0.00000000E+00 0.1704E-12      5
  647    5     0     -28      0     28  0.89790603E+00  0.00000000E+00 0.1376E-12      5
  648    5     0     -27      0     27  0.93082618E+00  0.00000000E+00 0.9099E-13      6
  649    5     0     -26      0     26  0.95774494E+00  0.00000000E+00 0.2490E-12      5
  650    5     0     -25      0     25  0.98631524E+00  0.00000000E+00 0.1554E-12      6
  651    5     0     -24      0     24  0.10260794E+01  0.00000000E+00 0.6028E-12      5
  652    5     0     -23      0     23  0.10720760E+01  0.00000000E+00 0.1280E-12      5
  653    5     0     -22      0     22  0.11227012E+01  0.00000000E+00 0.1809E-12      5
  654    5     0     -21      0     21  0.11769689E+01  0.00000000E+00 0.1997E-12      5
  Time elapsed :      0.901 s

Mode Search
-----------

Mode parameters
   l : 6
   m : 0

Building frequency grid (REAL axis)
   added scan interval :  0.5233E+00 ->  0.2105E+01 (3000 points, INVERSE)

Building spatial grid
   Scaffold grid from model
   Split 0 subinterval(s) in iteration 1
   Final grid has 1 segment(s) and 7165 point(s):
      Segment 1 : x range 0.0000 -> 1.0010 (1 -> 7165)

Starting search (adiabatic)

Scanning frequencies
  Time elapsed :     1.946 s

Finding roots
  Time elapsed :      0.114 s

Processing modes
   id    l     m    n_pg    n_p    n_g       Re(omega)       Im(omega)        chi n_iter
  671    6     0     -52      0     52  0.58726268E+00  0.00000000E+00 0.4338E-12      5
  672    6     0     -51      0     51  0.59916459E+00  0.00000000E+00 0.2154E-12      5
  673    6     0     -50      0     50  0.60940266E+00  0.00000000E+00 0.9676E-12      5
  674    6     0     -49      0     49  0.61903914E+00  0.00000000E+00 0.5435E-13      5
  675    6     0     -48      0     48  0.63159759E+00  0.00000000E+00 0.3204E-13      5
  676    6     0     -47      0     47  0.64588263E+00  0.00000000E+00 0.1931E-12      5
  677    6     0     -46      0     46  0.66085807E+00  0.00000000E+00 0.1177E-11      5
  678    6     0     -45      0     45  0.67533948E+00  0.00000000E+00 0.2430E-12      6
  679    6     0     -44      0     44  0.68715887E+00  0.00000000E+00 0.7674E-12      5
  680    6     0     -43      0     43  0.70021789E+00  0.00000000E+00 0.5071E-12      5
  681    6     0     -42      0     42  0.71702952E+00  0.00000000E+00 0.2114E-12      5
  682    6     0     -41      0     41  0.73563918E+00  0.00000000E+00 0.5197E-12      5
  683    6     0     -40      0     40  0.75507176E+00  0.00000000E+00 0.1051E-12      5
  684    6     0     -39      0     39  0.77357262E+00  0.00000000E+00 0.1938E-12      5
  685    6     0     -38      0     38  0.78841922E+00  0.00000000E+00 0.1245E-12      5
  686    6     0     -37      0     37  0.80627435E+00  0.00000000E+00 0.2153E-12      6
  687    6     0     -36      0     36  0.82898620E+00  0.00000000E+00 0.1992E-12      5
  688    6     0     -35      0     35  0.85403632E+00  0.00000000E+00 0.8069E-13      5
  689    6     0     -34      0     34  0.88045114E+00  0.00000000E+00 0.3332E-13      5
  690    6     0     -33      0     33  0.90628222E+00  0.00000000E+00 0.2415E-12      6
  691    6     0     -32      0     32  0.92714727E+00  0.00000000E+00 0.2001E-13      5
  692    6     0     -31      0     31  0.95103232E+00  0.00000000E+00 0.1751E-12      5
  693    6     0     -30      0     30  0.98255620E+00  0.00000000E+00 0.5510E-12      5
  694    6     0     -29      0     29  0.10180289E+01  0.00000000E+00 0.1530E-12      5
  695    6     0     -28      0     28  0.10561114E+01  0.00000000E+00 0.5604E-12      5
  696    6     0     -27      0     27  0.10948527E+01  0.00000000E+00 0.3048E-12      6
  697    6     0     -26      0     26  0.11272289E+01  0.00000000E+00 0.9648E-13      5
  698    6     0     -25      0     25  0.11594591E+01  0.00000000E+00 0.4161E-12      5
  699    6     0     -24      0     24  0.12048241E+01  0.00000000E+00 0.4395E-12      5
  700    6     0     -23      0     23  0.12577930E+01  0.00000000E+00 0.1153E-13      5
  701    6     0     -22      0     22  0.13161976E+01  0.00000000E+00 0.9376E-13      5
  702    6     0     -21      0     21  0.13791151E+01  0.00000000E+00 0.1184E-12      5
  Time elapsed :      1.325 s

Mode Search
-----------

Mode parameters
   l : 7
   m : 0

Building frequency grid (REAL axis)
   added scan interval :  0.5233E+00 ->  0.2105E+01 (3000 points, INVERSE)

Building spatial grid
   Scaffold grid from model
   Split 11 subinterval(s) in iteration 1
   Split 0 subinterval(s) in iteration 2
   Final grid has 1 segment(s) and 7176 point(s):
      Segment 1 : x range 0.0000 -> 1.0010 (1 -> 7176)

Starting search (adiabatic)

Scanning frequencies
  Time elapsed :     1.970 s

Finding roots
  Time elapsed :      0.132 s

Processing modes
   id    l     m    n_pg    n_p    n_g       Re(omega)       Im(omega)        chi n_iter
  718    7     0     -60      0     60  0.58714670E+00  0.00000000E+00 0.2253E-12      5
  719    7     0     -59      0     59  0.59759748E+00  0.00000000E+00 0.2731E-12      5
  720    7     0     -58      0     58  0.60870314E+00  0.00000000E+00 0.5703E-12      5
  721    7     0     -57      0     57  0.61987070E+00  0.00000000E+00 0.1201E-12      6
  722    7     0     -56      0     56  0.62985273E+00  0.00000000E+00 0.4115E-12      5
  723    7     0     -55      0     55  0.63873075E+00  0.00000000E+00 0.1635E-12      5
  724    7     0     -54      0     54  0.64986377E+00  0.00000000E+00 0.1437E-12      5
  725    7     0     -53      0     53  0.66278943E+00  0.00000000E+00 0.1745E-12      5
  726    7     0     -52      0     52  0.67646022E+00  0.00000000E+00 0.4076E-12      5
  727    7     0     -51      0     51  0.68999139E+00  0.00000000E+00 0.1084E-12      5
  728    7     0     -50      0     50  0.70147139E+00  0.00000000E+00 0.6218E-12      5
  729    7     0     -49      0     49  0.71267760E+00  0.00000000E+00 0.4618E-12      6
  730    7     0     -48      0     48  0.72724741E+00  0.00000000E+00 0.3839E-13      5
  731    7     0     -47      0     47  0.74364795E+00  0.00000000E+00 0.9727E-13      5
  732    7     0     -46      0     46  0.76076371E+00  0.00000000E+00 0.4844E-13      6
  733    7     0     -45      0     45  0.77717768E+00  0.00000000E+00 0.7360E-13      6
  734    7     0     -44      0     44  0.79057051E+00  0.00000000E+00 0.1733E-12      5
  735    7     0     -43      0     43  0.80575808E+00  0.00000000E+00 0.1691E-12      5
  736    7     0     -42      0     42  0.82508421E+00  0.00000000E+00 0.7061E-13      5
  737    7     0     -41      0     41  0.84637875E+00  0.00000000E+00 0.7629E-14      5
  738    7     0     -40      0     40  0.86858431E+00  0.00000000E+00 0.3526E-12      6
  739    7     0     -39      0     39  0.88973091E+00  0.00000000E+00 0.3598E-12      6
  740    7     0     -38      0     38  0.90675336E+00  0.00000000E+00 0.2478E-12      5
  741    7     0     -37      0     37  0.92709631E+00  0.00000000E+00 0.2409E-12      6
  742    7     0     -36      0     36  0.95295953E+00  0.00000000E+00 0.5972E-12      5
  743    7     0     -35      0     35  0.98150910E+00  0.00000000E+00 0.2802E-12      5
  744    7     0     -34      0     34  0.10116630E+01  0.00000000E+00 0.5380E-12      5
  745    7     0     -33      0     33  0.10414005E+01  0.00000000E+00 0.4929E-12      6
  746    7     0     -32      0     32  0.10656316E+01  0.00000000E+00 0.1385E-12      5
  747    7     0     -31      0     31  0.10922452E+01  0.00000000E+00 0.2584E-13      5
  748    7     0     -30      0     30  0.11277425E+01  0.00000000E+00 0.3581E-12      5
  749    7     0     -29      0     29  0.11679045E+01  0.00000000E+00 0.1233E-12      5
  750    7     0     -28      0     28  0.12111267E+01  0.00000000E+00 0.1219E-12      5
  751    7     0     -27      0     27  0.12555406E+01  0.00000000E+00 0.1724E-12      6
  752    7     0     -26      0     26  0.12938432E+01  0.00000000E+00 0.4670E-14      5
  753    7     0     -25      0     25  0.13291098E+01  0.00000000E+00 0.5949E-13      6
  754    7     0     -24      0     24  0.13790084E+01  0.00000000E+00 0.1637E-12      6
  755    7     0     -23      0     23  0.14381845E+01  0.00000000E+00 0.1685E-12      5
  756    7     0     -22      0     22  0.15036242E+01  0.00000000E+00 0.5212E-14      5
  757    7     0     -21      0     21  0.15744477E+01  0.00000000E+00 0.3874E-13      5
  758    7     0     -20      0     20  0.16463468E+01  0.00000000E+00 0.1440E-12      6
  Time elapsed :      1.749 s

Mode Search
-----------

Mode parameters
   l : 8
   m : 0

Building frequency grid (REAL axis)
   added scan interval :  0.5233E+00 ->  0.2105E+01 (3000 points, INVERSE)

Building spatial grid
   Scaffold grid from model
   Split 13 subinterval(s) in iteration 1
   Split 0 subinterval(s) in iteration 2
   Final grid has 1 segment(s) and 7178 point(s):
      Segment 1 : x range 0.0000 -> 1.0010 (1 -> 7178)

Starting search (adiabatic)

Scanning frequencies
  Time elapsed :     1.718 s

Finding roots
  Time elapsed :      0.143 s

Processing modes
   id    l     m    n_pg    n_p    n_g       Re(omega)       Im(omega)        chi n_iter
  772    8     0     -68      0     68  0.59020182E+00  0.00000000E+00 0.4743E-12      5
  773    8     0     -67      0     67  0.59735161E+00  0.00000000E+00 0.6644E-13      6
  774    8     0     -66      0     66  0.60582974E+00  0.00000000E+00 0.1569E-12      5
  775    8     0     -65      0     65  0.61560342E+00  0.00000000E+00 0.1266E-13      5
  776    8     0     -64      0     64  0.62595542E+00  0.00000000E+00 0.5755E-12      5
  777    8     0     -63      0     63  0.63636088E+00  0.00000000E+00 0.6187E-12      5
  778    8     0     -62      0     62  0.64581008E+00  0.00000000E+00 0.7432E-12      5
  779    8     0     -61      0     61  0.65422980E+00  0.00000000E+00 0.5125E-12      6
  780    8     0     -60      0     60  0.66439005E+00  0.00000000E+00 0.6218E-13      6
  781    8     0     -59      0     59  0.67618504E+00  0.00000000E+00 0.1413E-12      5
  782    8     0     -58      0     58  0.68868875E+00  0.00000000E+00 0.8163E-13      5
  783    8     0     -57      0     57  0.70121129E+00  0.00000000E+00 0.1241E-12      6
  784    8     0     -56      0     56  0.71229388E+00  0.00000000E+00 0.9700E-12      5
  785    8     0     -55      0     55  0.72231638E+00  0.00000000E+00 0.1673E-12      6
  786    8     0     -54      0     54  0.73498148E+00  0.00000000E+00 0.6248E-13      6
  787    8     0     -53      0     53  0.74956571E+00  0.00000000E+00 0.1569E-12      5
  788    8     0     -52      0     52  0.76492992E+00  0.00000000E+00 0.2188E-12      6
  789    8     0     -51      0     51  0.78002988E+00  0.00000000E+00 0.5425E-13      6
  790    8     0     -50      0     50  0.79271431E+00  0.00000000E+00 0.1205E-12      5
  791    8     0     -49      0     49  0.80549935E+00  0.00000000E+00 0.1638E-12      5
  792    8     0     -48      0     48  0.82203119E+00  0.00000000E+00 0.2332E-12      5
  793    8     0     -47      0     47  0.84049071E+00  0.00000000E+00 0.1303E-12      5
  794    8     0     -46      0     46  0.85969096E+00  0.00000000E+00 0.2106E-12      6
  795    8     0     -45      0     45  0.87801142E+00  0.00000000E+00 0.5345E-12      6
  796    8     0     -44      0     44  0.89299723E+00  0.00000000E+00 0.4752E-12      5
  797    8     0     -43      0     43  0.91020008E+00  0.00000000E+00 0.1035E-12      6
  798    8     0     -42      0     42  0.93192862E+00  0.00000000E+00 0.4122E-13      5
  799    8     0     -41      0     41  0.95581564E+00  0.00000000E+00 0.2137E-12      5
  800    8     0     -40      0     40  0.98072254E+00  0.00000000E+00 0.3533E-13      6
  801    8     0     -39      0     39  0.10045507E+01  0.00000000E+00 0.1304E-12      5
  802    8     0     -38      0     38  0.10237880E+01  0.00000000E+00 0.1235E-12      5
  803    8     0     -37      0     37  0.10463235E+01  0.00000000E+00 0.1543E-12      5
  804    8     0     -36      0     36  0.10751211E+01  0.00000000E+00 0.3544E-12      6
  805    8     0     -35      0     35  0.11070045E+01  0.00000000E+00 0.4038E-12      5
  806    8     0     -34      0     34  0.11407623E+01  0.00000000E+00 0.3085E-12      5
  807    8     0     -33      0     33  0.11744059E+01  0.00000000E+00 0.6701E-13      6
  808    8     0     -32      0     32  0.12022557E+01  0.00000000E+00 0.1919E-12      5
  809    8     0     -31      0     31  0.12311041E+01  0.00000000E+00 0.2995E-12      6
  810    8     0     -30      0     30  0.12700764E+01  0.00000000E+00 0.3081E-12      5
  811    8     0     -29      0     29  0.13145701E+01  0.00000000E+00 0.4735E-12      5
  812    8     0     -28      0     28  0.13626001E+01  0.00000000E+00 0.1641E-12      5
  813    8     0     -27      0     27  0.14124292E+01  0.00000000E+00 0.4140E-13      6
  814    8     0     -26      0     26  0.14571301E+01  0.00000000E+00 0.3331E-12      5
  815    8     0     -25      0     25  0.14951889E+01  0.00000000E+00 0.2406E-13      6
  816    8     0     -24      0     24  0.15482154E+01  0.00000000E+00 0.1397E-12      6
  817    8     0     -23      0     23  0.16126830E+01  0.00000000E+00 0.3094E-12      5
  Time elapsed :      1.846 s

Mode Search
-----------

Mode parameters
   l : 9
   m : 0

Building frequency grid (REAL axis)
   added scan interval :  0.5233E+00 ->  0.2105E+01 (3000 points, INVERSE)

Building spatial grid
   Scaffold grid from model
   Split 14 subinterval(s) in iteration 1
   Split 0 subinterval(s) in iteration 2
   Final grid has 1 segment(s) and 7179 point(s):
      Segment 1 : x range 0.0000 -> 1.0010 (1 -> 7179)

Starting search (adiabatic)

Scanning frequencies
  Time elapsed :     1.679 s

Finding roots
  Time elapsed :      0.163 s

Processing modes
   id    l     m    n_pg    n_p    n_g       Re(omega)       Im(omega)        chi n_iter
  834    9     0     -76      0     76  0.59111839E+00  0.00000000E+00 0.1385E-12      6
  835    9     0     -75      0     75  0.59919986E+00  0.00000000E+00 0.3411E-12      5
  836    9     0     -74      0     74  0.60653572E+00  0.00000000E+00 0.3467E-12      6
  837    9     0     -73      0     73  0.61340885E+00  0.00000000E+00 0.1391E-12      5
  838    9     0     -72      0     72  0.62148964E+00  0.00000000E+00 0.6214E-12      5
  839    9     0     -71      0     71  0.63063330E+00  0.00000000E+00 0.2977E-13      5
  840    9     0     -70      0     70  0.64026183E+00  0.00000000E+00 0.6077E-12      5
  841    9     0     -69      0     69  0.64990961E+00  0.00000000E+00 0.3177E-12      5
  842    9     0     -68      0     68  0.65870468E+00  0.00000000E+00 0.8586E-12      5
  843    9     0     -67      0     67  0.66664876E+00  0.00000000E+00 0.1547E-12      5
  844    9     0     -66      0     66  0.67607566E+00  0.00000000E+00 0.8278E-12      5
  845    9     0     -65      0     65  0.68694192E+00  0.00000000E+00 0.1686E-12      5
  846    9     0     -64      0     64  0.69844490E+00  0.00000000E+00 0.4271E-12      5
  847    9     0     -63      0     63  0.70999001E+00  0.00000000E+00 0.3344E-13      6
  848    9     0     -62      0     62  0.72043047E+00  0.00000000E+00 0.1602E-12      5
  849    9     0     -61      0     61  0.72977345E+00  0.00000000E+00 0.1583E-12      5
  850    9     0     -60      0     60  0.74110736E+00  0.00000000E+00 0.1444E-13      5
  851    9     0     -59      0     59  0.75422080E+00  0.00000000E+00 0.3466E-12      5
  852    9     0     -58      0     58  0.76809025E+00  0.00000000E+00 0.3555E-12      5
  853    9     0     -57      0     57  0.78192507E+00  0.00000000E+00 0.1837E-12      5
  854    9     0     -56      0     56  0.79405987E+00  0.00000000E+00 0.1462E-12      5
  855    9     0     -55      0     55  0.80522479E+00  0.00000000E+00 0.2257E-13      6
  856    9     0     -54      0     54  0.81940021E+00  0.00000000E+00 0.9978E-13      5
  857    9     0     -53      0     53  0.83560509E+00  0.00000000E+00 0.1263E-12      5
  858    9     0     -52      0     52  0.85261858E+00  0.00000000E+00 0.4023E-12      6
  859    9     0     -51      0     51  0.86923975E+00  0.00000000E+00 0.1906E-12      6
  860    9     0     -50      0     50  0.88311921E+00  0.00000000E+00 0.4184E-12      5
  861    9     0     -49      0     49  0.89745884E+00  0.00000000E+00 0.2234E-12      5
  862    9     0     -48      0     48  0.91588372E+00  0.00000000E+00 0.5433E-12      5
  863    9     0     -47      0     47  0.93633878E+00  0.00000000E+00 0.4584E-13      5
  864    9     0     -46      0     46  0.95757065E+00  0.00000000E+00 0.1106E-12      5
  865    9     0     -45      0     45  0.97780347E+00  0.00000000E+00 0.3576E-12      5
  866    9     0     -44      0     44  0.99440878E+00  0.00000000E+00 0.2472E-12      5
  867    9     0     -43      0     43  0.10134627E+01  0.00000000E+00 0.5725E-13      6
  868    9     0     -42      0     42  0.10374598E+01  0.00000000E+00 0.3238E-12      5
  869    9     0     -41      0     41  0.10638348E+01  0.00000000E+00 0.3819E-13      5
  870    9     0     -40      0     40  0.10913639E+01  0.00000000E+00 0.1214E-12      6
  871    9     0     -39      0     39  0.11179169E+01  0.00000000E+00 0.4700E-12      6
  872    9     0     -38      0     38  0.11394608E+01  0.00000000E+00 0.4434E-12      5
  873    9     0     -37      0     37  0.11638405E+01  0.00000000E+00 0.5861E-12      6
  874    9     0     -36      0     36  0.11953093E+01  0.00000000E+00 0.1625E-12      5
  875    9     0     -35      0     35  0.12303385E+01  0.00000000E+00 0.3027E-12      5
  876    9     0     -34      0     34  0.12675403E+01  0.00000000E+00 0.1890E-12      5
  877    9     0     -33      0     33  0.13050368E+01  0.00000000E+00 0.6789E-13      6
  878    9     0     -32      0     32  0.13368581E+01  0.00000000E+00 0.9173E-13      5
  879    9     0     -31      0     31  0.13675103E+01  0.00000000E+00 0.4120E-13      5
  880    9     0     -30      0     30  0.14093198E+01  0.00000000E+00 0.1309E-12      6
  881    9     0     -29      0     29  0.14577276E+01  0.00000000E+00 0.4529E-12      5
  882    9     0     -28      0     28  0.15101759E+01  0.00000000E+00 0.9908E-13      5
  883    9     0     -27      0     27  0.15650332E+01  0.00000000E+00 0.2624E-12      6
  884    9     0     -26      0     26  0.16163753E+01  0.00000000E+00 0.8464E-13      5
  Time elapsed :      2.027 s

Mode Search
-----------

Mode parameters
   l : 10
   m : 0

Building frequency grid (REAL axis)
   added scan interval :  0.5233E+00 ->  0.2105E+01 (3000 points, INVERSE)

Building spatial grid
   Scaffold grid from model
   Split 15 subinterval(s) in iteration 1
   Split 0 subinterval(s) in iteration 2
   Final grid has 1 segment(s) and 7180 point(s):
      Segment 1 : x range 0.0000 -> 1.0010 (1 -> 7180)

Starting search (adiabatic)

Scanning frequencies
  Time elapsed :     1.785 s

Finding roots
  Time elapsed :      0.172 s

Processing modes
   id    l     m    n_pg    n_p    n_g       Re(omega)       Im(omega)        chi n_iter
  902   10     0     -84      0     84  0.59113922E+00  0.00000000E+00 0.2827E-12      5
  903   10     0     -83      0     83  0.59859069E+00  0.00000000E+00 0.3594E-12      5
  904   10     0     -82      0     82  0.60627017E+00  0.00000000E+00 0.3259E-12      5
  905   10     0     -81      0     81  0.61378696E+00  0.00000000E+00 0.3300E-12      5
  906   10     0     -80      0     80  0.62054750E+00  0.00000000E+00 0.1089E-12      5
  907   10     0     -79      0     79  0.62714796E+00  0.00000000E+00 0.5318E-12      5
  908   10     0     -78      0     78  0.63491051E+00  0.00000000E+00 0.4994E-12      5
  909   10     0     -77      0     77  0.64352320E+00  0.00000000E+00 0.1153E-12      5
  910   10     0     -76      0     76  0.65249700E+00  0.00000000E+00 0.6804E-13      5
  911   10     0     -75      0     75  0.66139974E+00  0.00000000E+00 0.1319E-12      5
  912   10     0     -74      0     74  0.66949087E+00  0.00000000E+00 0.4288E-13      6
  913   10     0     -73      0     73  0.67704253E+00  0.00000000E+00 0.3510E-12      5
  914   10     0     -72      0     72  0.68590857E+00  0.00000000E+00 0.9639E-13      5
  915   10     0     -71      0     71  0.69595570E+00  0.00000000E+00 0.2288E-12      5
  916   10     0     -70      0     70  0.70654082E+00  0.00000000E+00 0.9708E-13      5
  917   10     0     -69      0     69  0.71714886E+00  0.00000000E+00 0.6476E-12      6
  918   10     0     -68      0     68  0.72681806E+00  0.00000000E+00 0.4442E-12      6
  919   10     0     -67      0     67  0.73553978E+00  0.00000000E+00 0.1270E-12      6
  920   10     0     -66      0     66  0.74589198E+00  0.00000000E+00 0.1506E-12      5
  921   10     0     -65      0     65  0.75782848E+00  0.00000000E+00 0.6337E-13      5
  922   10     0     -64      0     64  0.77045958E+00  0.00000000E+00 0.3148E-12      5
  923   10     0     -63      0     63  0.78311928E+00  0.00000000E+00 0.5656E-13      5
  924   10     0     -62      0     62  0.79452287E+00  0.00000000E+00 0.1456E-12      6
  925   10     0     -61      0     61  0.80477001E+00  0.00000000E+00 0.4956E-12      5
  926   10     0     -60      0     60  0.81725729E+00  0.00000000E+00 0.1526E-12      6
  927   10     0     -59      0     59  0.83166046E+00  0.00000000E+00 0.2564E-12      5
  928   10     0     -58      0     58  0.84686136E+00  0.00000000E+00 0.1575E-12      5
  929   10     0     -57      0     57  0.86196719E+00  0.00000000E+00 0.1786E-12      5
  930   10     0     -56      0     56  0.87511749E+00  0.00000000E+00 0.1191E-12      6
  931   10     0     -55      0     55  0.88741796E+00  0.00000000E+00 0.1025E-12      6
  932   10     0     -54      0     54  0.90306962E+00  0.00000000E+00 0.3221E-13      6
  933   10     0     -53      0     53  0.92085235E+00  0.00000000E+00 0.6382E-13      5
  934   10     0     -52      0     52  0.93947172E+00  0.00000000E+00 0.1504E-12      5
  935   10     0     -51      0     51  0.95758445E+00  0.00000000E+00 0.1400E-12      5
  936   10     0     -50      0     50  0.97267266E+00  0.00000000E+00 0.1052E-12      5
  937   10     0     -49      0     49  0.98850459E+00  0.00000000E+00 0.8899E-13      6
  938   10     0     -48      0     48  0.10087353E+01  0.00000000E+00 0.7427E-12      5
  939   10     0     -47      0     47  0.10311153E+01  0.00000000E+00 0.1240E-12      5
  940   10     0     -46      0     46  0.10543273E+01  0.00000000E+00 0.2790E-12      5
  941   10     0     -45      0     45  0.10765021E+01  0.00000000E+00 0.1546E-12      5
  942   10     0     -44      0     44  0.10947667E+01  0.00000000E+00 0.1418E-12      6
  943   10     0     -43      0     43  0.11154652E+01  0.00000000E+00 0.4718E-13      6
  944   10     0     -42      0     42  0.11415721E+01  0.00000000E+00 0.2132E-12      6
  945   10     0     -41      0     41  0.11703163E+01  0.00000000E+00 0.2157E-12      5
  946   10     0     -40      0     40  0.12003742E+01  0.00000000E+00 0.3712E-13      5
  947   10     0     -39      0     39  0.12296791E+01  0.00000000E+00 0.1710E-12      6
  948   10     0     -38      0     38  0.12537017E+01  0.00000000E+00 0.2036E-12      5
  949   10     0     -37      0     37  0.12795525E+01  0.00000000E+00 0.7323E-13      5
  950   10     0     -36      0     36  0.13133698E+01  0.00000000E+00 0.1089E-12      5
  951   10     0     -35      0     35  0.13513298E+01  0.00000000E+00 0.7617E-13      5
  952   10     0     -34      0     34  0.13917850E+01  0.00000000E+00 0.9275E-13      6
  953   10     0     -33      0     33  0.14330057E+01  0.00000000E+00 0.3183E-13      6
  954   10     0     -32      0     32  0.14691859E+01  0.00000000E+00 0.8154E-13      6
  955   10     0     -31      0     31  0.15014453E+01  0.00000000E+00 0.1860E-12      6
  956   10     0     -30      0     30  0.15452717E+01  0.00000000E+00 0.1098E-12      6
  957   10     0     -29      0     29  0.15970979E+01  0.00000000E+00 0.1084E-12      6
  958   10     0     -28      0     28  0.16535065E+01  0.00000000E+00 0.6652E-13      5
  Time elapsed :      2.260 s

Mode Search
-----------

Mode parameters
   l : 11
   m : 0

Building frequency grid (REAL axis)
   added scan interval :  0.5233E+00 ->  0.2105E+01 (3000 points, INVERSE)

Building spatial grid
   Scaffold grid from model
   Split 16 subinterval(s) in iteration 1
   Split 0 subinterval(s) in iteration 2
   Final grid has 1 segment(s) and 7181 point(s):
      Segment 1 : x range 0.0000 -> 1.0010 (1 -> 7181)

Starting search (adiabatic)

Scanning frequencies
  Time elapsed :     1.667 s

Finding roots
  Time elapsed :      0.187 s

Processing modes
   id    l     m    n_pg    n_p    n_g       Re(omega)       Im(omega)        chi n_iter
  977   11     0     -92      0     92  0.59254822E+00  0.00000000E+00 0.3526E-13      5
  978   11     0     -91      0     91  0.59841591E+00  0.00000000E+00 0.8472E-12      5
  979   11     0     -90      0     90  0.60510806E+00  0.00000000E+00 0.1452E-12      5
  980   11     0     -89      0     89  0.61224184E+00  0.00000000E+00 0.8570E-13      6
  981   11     0     -88      0     88  0.61949719E+00  0.00000000E+00 0.2603E-12      6
  982   11     0     -87      0     87  0.62647926E+00  0.00000000E+00 0.1138E-12      5
  983   11     0     -86      0     86  0.63276757E+00  0.00000000E+00 0.4084E-12      5
  984   11     0     -85      0     85  0.63920753E+00  0.00000000E+00 0.1085E-12      6
  985   11     0     -84      0     84  0.64667338E+00  0.00000000E+00 0.7067E-12      5
  986   11     0     -83      0     83  0.65479422E+00  0.00000000E+00 0.6448E-13      5
  987   11     0     -82      0     82  0.66317350E+00  0.00000000E+00 0.3015E-12      6
  988   11     0     -81      0     81  0.67139100E+00  0.00000000E+00 0.6512E-12      5
  989   11     0     -80      0     80  0.67879447E+00  0.00000000E+00 0.1720E-12      5
  990   11     0     -79      0     79  0.68597277E+00  0.00000000E+00 0.3526E-12      6
  991   11     0     -78      0     78  0.69440585E+00  0.00000000E+00 0.6714E-12      5
  992   11     0     -77      0     77  0.70378417E+00  0.00000000E+00 0.3562E-12      5
  993   11     0     -76      0     76  0.71356609E+00  0.00000000E+00 0.1690E-12      5
  994   11     0     -75      0     75  0.72328240E+00  0.00000000E+00 0.9020E-13      6
  995   11     0     -74      0     74  0.73212760E+00  0.00000000E+00 0.2801E-12      5
  996   11     0     -73      0     73  0.74034375E+00  0.00000000E+00 0.1015E-12      5
  997   11     0     -72      0     72  0.74997063E+00  0.00000000E+00 0.2236E-12      5
  998   11     0     -71      0     71  0.76090130E+00  0.00000000E+00 0.1553E-12      5
  999   11     0     -70      0     70  0.77242545E+00  0.00000000E+00 0.1267E-12      5
 1000   11     0     -69      0     69  0.78397874E+00  0.00000000E+00 0.1296E-12      5
 1001   11     0     -68      0     68  0.79451184E+00  0.00000000E+00 0.2702E-12      6
 1002   11     0     -67      0     67  0.80399324E+00  0.00000000E+00 0.4167E-12      6
 1003   11     0     -66      0     66  0.81524500E+00  0.00000000E+00 0.5794E-12      5
 1004   11     0     -65      0     65  0.82822756E+00  0.00000000E+00 0.6688E-13      5
 1005   11     0     -64      0     64  0.84196227E+00  0.00000000E+00 0.3472E-12      6
 1006   11     0     -63      0     63  0.85571048E+00  0.00000000E+00 0.2071E-12      6
 1007   11     0     -62      0     62  0.86805009E+00  0.00000000E+00 0.6077E-13      5
 1008   11     0     -61      0     61  0.87918125E+00  0.00000000E+00 0.5419E-13      6
 1009   11     0     -60      0     60  0.89279744E+00  0.00000000E+00 0.1004E-12      5
 1010   11     0     -59      0     59  0.90845867E+00  0.00000000E+00 0.6427E-13      5
 1011   11     0     -58      0     58  0.92495548E+00  0.00000000E+00 0.2060E-12      5
 1012   11     0     -57      0     57  0.94129524E+00  0.00000000E+00 0.2928E-12      6
 1013   11     0     -56      0     56  0.95543967E+00  0.00000000E+00 0.2889E-12      5
 1014   11     0     -55      0     55  0.96885895E+00  0.00000000E+00 0.2676E-12      6
 1015   11     0     -54      0     54  0.98593922E+00  0.00000000E+00 0.3343E-12      5
 1016   11     0     -53      0     53  0.10052522E+01  0.00000000E+00 0.5245E-13      5
 1017   11     0     -52      0     52  0.10254356E+01  0.00000000E+00 0.4199E-12      6
 1018   11     0     -51      0     51  0.10450300E+01  0.00000000E+00 0.1706E-12      6
 1019   11     0     -50      0     50  0.10613593E+01  0.00000000E+00 0.4573E-12      5
 1020   11     0     -49      0     49  0.10785840E+01  0.00000000E+00 0.1200E-12      6
 1021   11     0     -48      0     48  0.11005148E+01  0.00000000E+00 0.4800E-13      6
 1022   11     0     -47      0     47  0.11247413E+01  0.00000000E+00 0.1649E-12      5
 1023   11     0     -46      0     46  0.11498800E+01  0.00000000E+00 0.2737E-14      6
 1024   11     0     -45      0     45  0.11740372E+01  0.00000000E+00 0.1615E-12      6
 1025   11     0     -44      0     44  0.11940303E+01  0.00000000E+00 0.1453E-12      5
 1026   11     0     -43      0     43  0.12161355E+01  0.00000000E+00 0.2104E-12      6
 1027   11     0     -42      0     42  0.12441624E+01  0.00000000E+00 0.3333E-12      6
 1028   11     0     -41      0     41  0.12751385E+01  0.00000000E+00 0.5553E-13      5
 1029   11     0     -40      0     40  0.13076118E+01  0.00000000E+00 0.1033E-12      5
 1030   11     0     -39      0     39  0.13396562E+01  0.00000000E+00 0.8051E-13      6
 1031   11     0     -38      0     38  0.13664200E+01  0.00000000E+00 0.1958E-12      5
 1032   11     0     -37      0     37  0.13934034E+01  0.00000000E+00 0.2568E-12      6
 1033   11     0     -36      0     36  0.14291653E+01  0.00000000E+00 0.2373E-12      5
 1034   11     0     -35      0     35  0.14698067E+01  0.00000000E+00 0.2469E-12      5
 1035   11     0     -34      0     34  0.15132885E+01  0.00000000E+00 0.7585E-13      5
 1036   11     0     -33      0     33  0.15580206E+01  0.00000000E+00 0.1300E-13      6
 1037   11     0     -32      0     32  0.15988465E+01  0.00000000E+00 0.5884E-13      5
 1038   11     0     -31      0     31  0.16329811E+01  0.00000000E+00 0.9683E-13      6
  Time elapsed :      2.510 s

Mode Search
-----------

Mode parameters
   l : 12
   m : 0

Building frequency grid (REAL axis)
   added scan interval :  0.5233E+00 ->  0.2105E+01 (3000 points, INVERSE)

Building spatial grid
   Scaffold grid from model
   Split 22 subinterval(s) in iteration 1
   Split 0 subinterval(s) in iteration 2
   Final grid has 1 segment(s) and 7187 point(s):
      Segment 1 : x range 0.0000 -> 1.0010 (1 -> 7187)

Starting search (adiabatic)

Scanning frequencies
  Time elapsed :     1.778 s

Finding roots
  Time elapsed :      0.212 s

Processing modes
   id    l     m    n_pg    n_p    n_g       Re(omega)       Im(omega)        chi n_iter
 1059   12     0    -101      0    101  0.58781932E+00  0.00000000E+00 0.1630E-12      6
 1060   12     0    -100      0    100  0.59391440E+00  0.00000000E+00 0.2915E-12      6
 1061   12     0     -99      0     99  0.59962597E+00  0.00000000E+00 0.6785E-13      6
 1062   12     0     -98      0     98  0.60490785E+00  0.00000000E+00 0.1047E-13      5
 1063   12     0     -97      0     97  0.61068213E+00  0.00000000E+00 0.1532E-13      5
 1064   12     0     -96      0     96  0.61718116E+00  0.00000000E+00 0.3068E-12      5
 1065   12     0     -95      0     95  0.62404027E+00  0.00000000E+00 0.7857E-13      5
 1066   12     0     -94      0     94  0.63094615E+00  0.00000000E+00 0.6620E-12      6
 1067   12     0     -93      0     93  0.63748057E+00  0.00000000E+00 0.1129E-12      6
 1068   12     0     -92      0     92  0.64340900E+00  0.00000000E+00 0.6317E-13      5
 1069   12     0     -91      0     91  0.64973884E+00  0.00000000E+00 0.5629E-13      6
 1070   12     0     -90      0     90  0.65696831E+00  0.00000000E+00 0.8983E-13      5
 1071   12     0     -89      0     89  0.66468868E+00  0.00000000E+00 0.6028E-12      5
 1072   12     0     -88      0     88  0.67255101E+00  0.00000000E+00 0.3310E-12      6
 1073   12     0     -87      0     87  0.68013540E+00  0.00000000E+00 0.9667E-12      5
 1074   12     0     -86      0     86  0.68696924E+00  0.00000000E+00 0.8794E-12      5
 1075   12     0     -85      0     85  0.69391239E+00  0.00000000E+00 0.1087E-12      5
 1076   12     0     -84      0     84  0.70196307E+00  0.00000000E+00 0.5556E-12      5
 1077   12     0     -83      0     83  0.71074079E+00  0.00000000E+00 0.5884E-12      5
 1078   12     0     -82      0     82  0.71981094E+00  0.00000000E+00 0.1290E-12      6
 1079   12     0     -81      0     81  0.72872591E+00  0.00000000E+00 0.5870E-12      5
 1080   12     0     -80      0     80  0.73677555E+00  0.00000000E+00 0.9460E-13      5
 1081   12     0     -79      0     79  0.74451782E+00  0.00000000E+00 0.2588E-12      6
 1082   12     0     -78      0     78  0.75359868E+00  0.00000000E+00 0.4323E-12      6
 1083   12     0     -77      0     77  0.76372588E+00  0.00000000E+00 0.1374E-12      5
 1084   12     0     -76      0     76  0.77430274E+00  0.00000000E+00 0.3243E-12      6
 1085   12     0     -75      0     75  0.78482406E+00  0.00000000E+00 0.2810E-12      6
 1086   12     0     -74      0     74  0.79442209E+00  0.00000000E+00 0.1323E-12      5
 1087   12     0     -73      0     73  0.80328839E+00  0.00000000E+00 0.4280E-13      5
 1088   12     0     -72      0     72  0.81364945E+00  0.00000000E+00 0.1240E-12      5
 1089   12     0     -71      0     71  0.82544192E+00  0.00000000E+00 0.3069E-12      5
 1090   12     0     -70      0     70  0.83788604E+00  0.00000000E+00 0.3202E-12      6
 1091   12     0     -69      0     69  0.85036831E+00  0.00000000E+00 0.2085E-12      5
 1092   12     0     -68      0     68  0.86175447E+00  0.00000000E+00 0.6123E-13      6
 1093   12     0     -67      0     67  0.87197670E+00  0.00000000E+00 0.2064E-12      5
 1094   12     0     -66      0     66  0.88410031E+00  0.00000000E+00 0.1913E-12      6
 1095   12     0     -65      0     65  0.89810300E+00  0.00000000E+00 0.1503E-12      5
 1096   12     0     -64      0     64  0.91291533E+00  0.00000000E+00 0.1722E-12      5
 1097   12     0     -63      0     63  0.92772545E+00  0.00000000E+00 0.5293E-13      6
 1098   12     0     -62      0     62  0.94097636E+00  0.00000000E+00 0.1990E-12      6
 1099   12     0     -61      0     61  0.95297039E+00  0.00000000E+00 0.1985E-12      6
 1100   12     0     -60      0     60  0.96768614E+00  0.00000000E+00 0.3419E-12      5
 1101   12     0     -59      0     59  0.98457082E+00  0.00000000E+00 0.6656E-13      5
 1102   12     0     -58      0     58  0.10023275E+01  0.00000000E+00 0.2484E-12      6
 1103   12     0     -57      0     57  0.10198712E+01  0.00000000E+00 0.4588E-13      6
 1104   12     0     -56      0     56  0.10350058E+01  0.00000000E+00 0.2867E-12      5
 1105   12     0     -55      0     55  0.10495126E+01  0.00000000E+00 0.1201E-12      6
 1106   12     0     -54      0     54  0.10679596E+01  0.00000000E+00 0.2272E-12      6
 1107   12     0     -53      0     53  0.10887504E+01  0.00000000E+00 0.2727E-12      5
 1108   12     0     -52      0     52  0.11104576E+01  0.00000000E+00 0.8471E-13      6
 1109   12     0     -51      0     51  0.11315413E+01  0.00000000E+00 0.2099E-12      6
 1110   12     0     -50      0     50  0.11491614E+01  0.00000000E+00 0.1939E-12      5
 1111   12     0     -49      0     49  0.11676468E+01  0.00000000E+00 0.5546E-13      6
 1112   12     0     -48      0     48  0.11911519E+01  0.00000000E+00 0.8725E-13      5
 1113   12     0     -47      0     47  0.12171369E+01  0.00000000E+00 0.1198E-12      5
 1114   12     0     -46      0     46  0.12441428E+01  0.00000000E+00 0.6158E-13      6
 1115   12     0     -45      0     45  0.12703194E+01  0.00000000E+00 0.4695E-12      5
 1116   12     0     -44      0     44  0.12921572E+01  0.00000000E+00 0.3339E-13      5
 1117   12     0     -43      0     43  0.13154171E+01  0.00000000E+00 0.2144E-12      6
 1118   12     0     -42      0     42  0.13451332E+01  0.00000000E+00 0.9779E-13      6
 1119   12     0     -41      0     41  0.13781809E+01  0.00000000E+00 0.2285E-12      5
 1120   12     0     -40      0     40  0.14129316E+01  0.00000000E+00 0.1353E-12      5
 1121   12     0     -39      0     39  0.14476475E+01  0.00000000E+00 0.1699E-12      6
 1122   12     0     -38      0     38  0.14774757E+01  0.00000000E+00 0.5686E-13      6
 1123   12     0     -37      0     37  0.15053947E+01  0.00000000E+00 0.3074E-13      6
 1124   12     0     -36      0     36  0.15425857E+01  0.00000000E+00 0.2376E-12      6
 1125   12     0     -35      0     35  0.15856100E+01  0.00000000E+00 0.1214E-13      5
 1126   12     0     -34      0     34  0.16318502E+01  0.00000000E+00 0.1677E-12      5
  Time elapsed :      2.700 s

Mode Search
-----------

Mode parameters
   l : 13
   m : 0

Building frequency grid (REAL axis)
   added scan interval :  0.5233E+00 ->  0.2105E+01 (3000 points, INVERSE)

Building spatial grid
   Scaffold grid from model
   Split 34 subinterval(s) in iteration 1
   Split 10 subinterval(s) in iteration 2
   Split 0 subinterval(s) in iteration 3
   Final grid has 1 segment(s) and 7209 point(s):
      Segment 1 : x range 0.0000 -> 1.0010 (1 -> 7209)

Starting search (adiabatic)

Scanning frequencies
  Time elapsed :     1.671 s

Finding roots
  Time elapsed :      0.220 s

Processing modes
   id    l     m    n_pg    n_p    n_g       Re(omega)       Im(omega)        chi n_iter
 1148   13     0    -109      0    109  0.58782143E+00  0.00000000E+00 0.2230E-12      5
 1149   13     0    -108      0    108  0.59346589E+00  0.00000000E+00 0.2124E-12      5
 1150   13     0    -107      0    107  0.59934031E+00  0.00000000E+00 0.4963E-12      5
 1151   13     0    -106      0    106  0.60516629E+00  0.00000000E+00 0.5602E-12      6
 1152   13     0    -105      0    105  0.61059187E+00  0.00000000E+00 0.2026E-12      6
 1153   13     0    -104      0    104  0.61570899E+00  0.00000000E+00 0.2345E-12      5
 1154   13     0    -103      0    103  0.62135827E+00  0.00000000E+00 0.7756E-12      5
 1155   13     0    -102      0    102  0.62763339E+00  0.00000000E+00 0.4435E-12      5
 1156   13     0    -101      0    101  0.63420354E+00  0.00000000E+00 0.1230E-12      6
 1157   13     0    -100      0    100  0.64077499E+00  0.00000000E+00 0.1490E-12      6
 1158   13     0     -99      0     99  0.64694726E+00  0.00000000E+00 0.3939E-12      6
 1159   13     0     -98      0     98  0.65263900E+00  0.00000000E+00 0.3318E-12      5
 1160   13     0     -97      0     97  0.65882905E+00  0.00000000E+00 0.1381E-12      5
 1161   13     0     -96      0     96  0.66580791E+00  0.00000000E+00 0.2738E-13      5
 1162   13     0     -95      0     95  0.67318645E+00  0.00000000E+00 0.6756E-13      6
 1163   13     0     -94      0     94  0.68062759E+00  0.00000000E+00 0.3829E-13      6
 1164   13     0     -93      0     93  0.68768865E+00  0.00000000E+00 0.1514E-12      6
 1165   13     0     -92      0     92  0.69408442E+00  0.00000000E+00 0.1891E-12      5
 1166   13     0     -91      0     91  0.70086180E+00  0.00000000E+00 0.1653E-12      5
 1167   13     0     -90      0     90  0.70861455E+00  0.00000000E+00 0.3556E-12      5
 1168   13     0     -89      0     89  0.71691196E+00  0.00000000E+00 0.5253E-13      5
 1169   13     0     -88      0     88  0.72537516E+00  0.00000000E+00 0.2235E-12      6
 1170   13     0     -87      0     87  0.73356187E+00  0.00000000E+00 0.3432E-12      6
 1171   13     0     -86      0     86  0.74094468E+00  0.00000000E+00 0.6988E-12      5
 1172   13     0     -85      0     85  0.74837601E+00  0.00000000E+00 0.2350E-12      5
 1173   13     0     -84      0     84  0.75699178E+00  0.00000000E+00 0.1573E-13      5
 1174   13     0     -83      0     83  0.76641249E+00  0.00000000E+00 0.2204E-12      5
 1175   13     0     -82      0     82  0.77616363E+00  0.00000000E+00 0.4929E-12      5
 1176   13     0     -81      0     81  0.78577227E+00  0.00000000E+00 0.1670E-12      5
 1177   13     0     -80      0     80  0.79447229E+00  0.00000000E+00 0.8392E-13      5
 1178   13     0     -79      0     79  0.80276503E+00  0.00000000E+00 0.3214E-12      6
 1179   13     0     -78      0     78  0.81246835E+00  0.00000000E+00 0.7600E-13      6
 1180   13     0     -77      0     77  0.82332581E+00  0.00000000E+00 0.2859E-12      5
 1181   13     0     -76      0     76  0.83468310E+00  0.00000000E+00 0.2083E-12      6
 1182   13     0     -75      0     75  0.84599978E+00  0.00000000E+00 0.1829E-12      6
 1183   13     0     -74      0     74  0.85634934E+00  0.00000000E+00 0.3180E-12      5
 1184   13     0     -73      0     73  0.86585177E+00  0.00000000E+00 0.2012E-12      5
 1185   13     0     -72      0     72  0.87691817E+00  0.00000000E+00 0.9377E-14      6
 1186   13     0     -71      0     71  0.88954880E+00  0.00000000E+00 0.1914E-12      5
 1187   13     0     -70      0     70  0.90289232E+00  0.00000000E+00 0.3530E-12      5
 1188   13     0     -69      0     69  0.91628609E+00  0.00000000E+00 0.2014E-13      6
 1189   13     0     -68      0     68  0.92851421E+00  0.00000000E+00 0.2261E-12      6
 1190   13     0     -67      0     67  0.93945810E+00  0.00000000E+00 0.1906E-12      5
 1191   13     0     -66      0     66  0.95242376E+00  0.00000000E+00 0.1304E-13      6
 1192   13     0     -65      0     65  0.96741885E+00  0.00000000E+00 0.1823E-12      5
 1193   13     0     -64      0     64  0.98328152E+00  0.00000000E+00 0.2486E-12      5
 1194   13     0     -63      0     63  0.99912735E+00  0.00000000E+00 0.1822E-12      6
 1195   13     0     -62      0     62  0.10132699E+01  0.00000000E+00 0.1838E-12      5
 1196   13     0     -61      0     61  0.10261045E+01  0.00000000E+00 0.7964E-13      6
 1197   13     0     -60      0     60  0.10418837E+01  0.00000000E+00 0.2247E-13      6
 1198   13     0     -59      0     59  0.10599538E+01  0.00000000E+00 0.1975E-12      5
 1199   13     0     -58      0     58  0.10789345E+01  0.00000000E+00 0.1817E-12      6
 1200   13     0     -57      0     57  0.10976611E+01  0.00000000E+00 0.1461E-12      6
 1201   13     0     -56      0     56  0.11138010E+01  0.00000000E+00 0.1485E-12      5
 1202   13     0     -55      0     55  0.11293472E+01  0.00000000E+00 0.1849E-12      6
 1203   13     0     -54      0     54  0.11490833E+01  0.00000000E+00 0.3666E-13      6
 1204   13     0     -53      0     53  0.11712938E+01  0.00000000E+00 0.6307E-13      5
 1205   13     0     -52      0     52  0.11944842E+01  0.00000000E+00 0.3127E-13      6
 1206   13     0     -51      0     51  0.12170759E+01  0.00000000E+00 0.8989E-13      6
 1207   13     0     -50      0     50  0.12360574E+01  0.00000000E+00 0.1206E-12      5
 1208   13     0     -49      0     49  0.12556492E+01  0.00000000E+00 0.1206E-12      6
 1209   13     0     -48      0     48  0.12805787E+01  0.00000000E+00 0.7060E-13      6
 1210   13     0     -47      0     47  0.13082224E+01  0.00000000E+00 0.5930E-13      5
 1211   13     0     -46      0     46  0.13370261E+01  0.00000000E+00 0.3075E-12      5
 1212   13     0     -45      0     45  0.13652389E+01  0.00000000E+00 0.3095E-12      6
 1213   13     0     -44      0     44  0.13890939E+01  0.00000000E+00 0.1616E-12      5
 1214   13     0     -43      0     43  0.14132769E+01  0.00000000E+00 0.1936E-12      6
 1215   13     0     -42      0     42  0.14443956E+01  0.00000000E+00 0.4383E-13      6
 1216   13     0     -41      0     41  0.14793252E+01  0.00000000E+00 0.3265E-12      5
 1217   13     0     -40      0     40  0.15161890E+01  0.00000000E+00 0.1933E-14      6
 1218   13     0     -39      0     39  0.15534489E+01  0.00000000E+00 0.1158E-13      6
 1219   13     0     -38      0     38  0.15866407E+01  0.00000000E+00 0.1491E-12      5
 1220   13     0     -37      0     37  0.16155942E+01  0.00000000E+00 0.3138E-13      6
 1221   13     0     -36      0     36  0.16535606E+01  0.00000000E+00 0.1022E-12      6
  Time elapsed :      3.039 s

Mode Search
-----------

Mode parameters
   l : 14
   m : 0

Building frequency grid (REAL axis)
   added scan interval :  0.5233E+00 ->  0.2105E+01 (3000 points, INVERSE)

Building spatial grid
   Scaffold grid from model
   Split 50 subinterval(s) in iteration 1
   Split 20 subinterval(s) in iteration 2
   Split 0 subinterval(s) in iteration 3
   Final grid has 1 segment(s) and 7235 point(s):
      Segment 1 : x range 0.0000 -> 1.0010 (1 -> 7235)

Starting search (adiabatic)

Scanning frequencies
  Time elapsed :     1.763 s

Finding roots
  Time elapsed :      0.242 s

Processing modes
   id    l     m    n_pg    n_p    n_g       Re(omega)       Im(omega)        chi n_iter
 1244   14     0    -117      0    117  0.58902390E+00  0.00000000E+00 0.2867E-12      5
 1245   14     0    -116      0    116  0.59351857E+00  0.00000000E+00 0.8380E-13      5
 1246   14     0    -115      0    115  0.59848248E+00  0.00000000E+00 0.2746E-12      5
 1247   14     0    -114      0    114  0.60392435E+00  0.00000000E+00 0.6334E-12      5
 1248   14     0    -113      0    113  0.60957320E+00  0.00000000E+00 0.2928E-13      6
 1249   14     0    -112      0    112  0.61516508E+00  0.00000000E+00 0.3030E-12      6
 1250   14     0    -111      0    111  0.62036809E+00  0.00000000E+00 0.1181E-12      6
 1251   14     0    -110      0    110  0.62530736E+00  0.00000000E+00 0.3593E-12      5
 1252   14     0    -109      0    109  0.63076891E+00  0.00000000E+00 0.5779E-12      5
 1253   14     0    -108      0    108  0.63680631E+00  0.00000000E+00 0.1317E-12      5
 1254   14     0    -107      0    107  0.64309769E+00  0.00000000E+00 0.2198E-14      6
 1255   14     0    -106      0    106  0.64934689E+00  0.00000000E+00 0.2512E-12      6
 1256   14     0    -105      0    105  0.65517818E+00  0.00000000E+00 0.4456E-12      5
 1257   14     0    -104      0    104  0.66065813E+00  0.00000000E+00 0.2828E-12      5
 1258   14     0    -103      0    103  0.66668484E+00  0.00000000E+00 0.1405E-12      5
 1259   14     0    -102      0    102  0.67339075E+00  0.00000000E+00 0.2345E-12      5
 1260   14     0    -101      0    101  0.68042302E+00  0.00000000E+00 0.2584E-12      6
 1261   14     0    -100      0    100  0.68746875E+00  0.00000000E+00 0.2096E-12      6
 1262   14     0     -99      0     99  0.69410470E+00  0.00000000E+00 0.4181E-12      5
 1263   14     0     -98      0     98  0.70020551E+00  0.00000000E+00 0.2885E-12      5
 1264   14     0     -97      0     97  0.70679809E+00  0.00000000E+00 0.3575E-13      5
 1265   14     0     -96      0     96  0.71424517E+00  0.00000000E+00 0.2484E-12      5
 1266   14     0     -95      0     95  0.72213556E+00  0.00000000E+00 0.3144E-12      5
 1267   14     0     -94      0     94  0.73010803E+00  0.00000000E+00 0.5681E-12      6
 1268   14     0     -93      0     93  0.73769815E+00  0.00000000E+00 0.1287E-12      6
 1269   14     0     -92      0     92  0.74456333E+00  0.00000000E+00 0.1329E-12      5
 1270   14     0     -91      0     91  0.75177308E+00  0.00000000E+00 0.6826E-12      5
 1271   14     0     -90      0     90  0.76003343E+00  0.00000000E+00 0.2509E-13      5
 1272   14     0     -89      0     89  0.76889728E+00  0.00000000E+00 0.2003E-12      5
 1273   14     0     -88      0     88  0.77795442E+00  0.00000000E+00 0.3296E-14      6
 1274   14     0     -87      0     87  0.78674273E+00  0.00000000E+00 0.1252E-12      6
 1275   14     0     -86      0     86  0.79467890E+00  0.00000000E+00 0.6729E-12      5
 1276   14     0     -85      0     85  0.80258369E+00  0.00000000E+00 0.3721E-12      6
 1277   14     0     -84      0     84  0.81174291E+00  0.00000000E+00 0.2574E-12      5
 1278   14     0     -83      0     83  0.82179137E+00  0.00000000E+00 0.3347E-12      5
 1279   14     0     -82      0     82  0.83221261E+00  0.00000000E+00 0.4103E-13      6
 1280   14     0     -81      0     81  0.84251006E+00  0.00000000E+00 0.2285E-12      5
 1281   14     0     -80      0     80  0.85186483E+00  0.00000000E+00 0.5760E-14      6
 1282   14     0     -79      0     79  0.86069549E+00  0.00000000E+00 0.7528E-13      6
 1283   14     0     -78      0     78  0.87099389E+00  0.00000000E+00 0.4904E-13      5
 1284   14     0     -77      0     77  0.88256132E+00  0.00000000E+00 0.2493E-13      5
 1285   14     0     -76      0     76  0.89468328E+00  0.00000000E+00 0.1443E-12      6
 1286   14     0     -75      0     75  0.90678442E+00  0.00000000E+00 0.9131E-13      6
 1287   14     0     -74      0     74  0.91788349E+00  0.00000000E+00 0.5437E-13      6
 1288   14     0     -73      0     73  0.92800845E+00  0.00000000E+00 0.1697E-12      6
 1289   14     0     -72      0     72  0.93974971E+00  0.00000000E+00 0.3723E-12      6
 1290   14     0     -71      0     71  0.95319326E+00  0.00000000E+00 0.9847E-13      5
 1291   14     0     -70      0     70  0.96741427E+00  0.00000000E+00 0.5431E-12      5
 1292   14     0     -69      0     69  0.98170103E+00  0.00000000E+00 0.5742E-13      6
 1293   14     0     -68      0     68  0.99475991E+00  0.00000000E+00 0.1195E-12      6
 1294   14     0     -67      0     67  0.10064061E+01  0.00000000E+00 0.2700E-12      5
 1295   14     0     -66      0     66  0.10201820E+01  0.00000000E+00 0.6097E-12      5
 1296   14     0     -65      0     65  0.10361402E+01  0.00000000E+00 0.2488E-12      5
 1297   14     0     -64      0     64  0.10530250E+01  0.00000000E+00 0.7899E-13      6
 1298   14     0     -63      0     63  0.10698819E+01  0.00000000E+00 0.1623E-12      5
 1299   14     0     -62      0     62  0.10849039E+01  0.00000000E+00 0.1087E-12      5
 1300   14     0     -61      0     61  0.10985545E+01  0.00000000E+00 0.9777E-13      5
 1301   14     0     -60      0     60  0.11153526E+01  0.00000000E+00 0.4005E-12      6
 1302   14     0     -59      0     59  0.11345665E+01  0.00000000E+00 0.5768E-12      5
 1303   14     0     -58      0     58  0.11547357E+01  0.00000000E+00 0.2631E-12      6
 1304   14     0     -57      0     57  0.11746343E+01  0.00000000E+00 0.1313E-13      6
 1305   14     0     -56      0     56  0.11918141E+01  0.00000000E+00 0.5190E-14      6
 1306   14     0     -55      0     55  0.12083345E+01  0.00000000E+00 0.2291E-12      6
 1307   14     0     -54      0     54  0.12292650E+01  0.00000000E+00 0.2041E-13      6
 1308   14     0     -53      0     53  0.12528305E+01  0.00000000E+00 0.2267E-12      5
 1309   14     0     -52      0     52  0.12774612E+01  0.00000000E+00 0.1246E-12      6
 1310   14     0     -51      0     51  0.13015816E+01  0.00000000E+00 0.1900E-12      6
 1311   14     0     -50      0     50  0.13220214E+01  0.00000000E+00 0.4278E-12      5
 1312   14     0     -49      0     49  0.13425574E+01  0.00000000E+00 0.1670E-12      6
 1313   14     0     -48      0     48  0.13687311E+01  0.00000000E+00 0.1071E-12      6
 1314   14     0     -47      0     47  0.13979196E+01  0.00000000E+00 0.4796E-14      5
 1315   14     0     -46      0     46  0.14284390E+01  0.00000000E+00 0.7405E-13      5
 1316   14     0     -45      0     45  0.14586724E+01  0.00000000E+00 0.8311E-13      6
 1317   14     0     -44      0     44  0.14847613E+01  0.00000000E+00 0.5224E-13      6
 1318   14     0     -43      0     43  0.15097121E+01  0.00000000E+00 0.7924E-13      6
 1319   14     0     -42      0     42  0.15418726E+01  0.00000000E+00 0.1004E-12      6
 1320   14     0     -41      0     41  0.15784567E+01  0.00000000E+00 0.1041E-12      5
 1321   14     0     -40      0     40  0.16172448E+01  0.00000000E+00 0.2730E-12      5
 1322   14     0     -39      0     39  0.16568724E+01  0.00000000E+00 0.1584E-12      6
  Time elapsed :      3.183 s

Mode Search
-----------

Mode parameters
   l : 15
   m : 0

Building frequency grid (REAL axis)
   added scan interval :  0.5233E+00 ->  0.2105E+01 (3000 points, INVERSE)

Building spatial grid
   Scaffold grid from model
   Split 75 subinterval(s) in iteration 1
   Split 23 subinterval(s) in iteration 2
   Split 0 subinterval(s) in iteration 3
   Final grid has 1 segment(s) and 7263 point(s):
      Segment 1 : x range 0.0000 -> 1.0010 (1 -> 7263)

Starting search (adiabatic)

Scanning frequencies
  Time elapsed :     1.800 s

Finding roots
  Time elapsed :      0.253 s

Processing modes
   id    l     m    n_pg    n_p    n_g       Re(omega)       Im(omega)        chi n_iter
 1348   15     0    -125      0    125  0.58955331E+00  0.00000000E+00 0.8682E-13      6
 1349   15     0    -124      0    124  0.59440463E+00  0.00000000E+00 0.4092E-12      6
 1350   15     0    -123      0    123  0.59891480E+00  0.00000000E+00 0.2670E-12      6
 1351   15     0    -122      0    122  0.60326105E+00  0.00000000E+00 0.1514E-12      5
 1352   15     0    -121      0    121  0.60806243E+00  0.00000000E+00 0.4937E-12      5
 1353   15     0    -120      0    120  0.61331341E+00  0.00000000E+00 0.9983E-12      5
 1354   15     0    -119      0    119  0.61874649E+00  0.00000000E+00 0.2037E-12      6
 1355   15     0    -118      0    118  0.62410499E+00  0.00000000E+00 0.6441E-12      6
 1356   15     0    -117      0    117  0.62909550E+00  0.00000000E+00 0.3354E-12      5
 1357   15     0    -116      0    116  0.63388562E+00  0.00000000E+00 0.3220E-12      5
 1358   15     0    -115      0    115  0.63916528E+00  0.00000000E+00 0.3677E-12      5
 1359   15     0    -114      0    114  0.64495977E+00  0.00000000E+00 0.4660E-12      5
 1360   15     0    -113      0    113  0.65098132E+00  0.00000000E+00 0.2822E-12      6
 1361   15     0    -112      0    112  0.65695089E+00  0.00000000E+00 0.4265E-12      6
 1362   15     0    -111      0    111  0.66251520E+00  0.00000000E+00 0.6016E-12      6
 1363   15     0    -110      0    110  0.66777852E+00  0.00000000E+00 0.2108E-12      5
 1364   15     0    -109      0    109  0.67357932E+00  0.00000000E+00 0.5691E-12      5
 1365   15     0    -108      0    108  0.68000261E+00  0.00000000E+00 0.9229E-13      5
 1366   15     0    -107      0    107  0.68670671E+00  0.00000000E+00 0.2110E-12      6
 1367   15     0    -106      0    106  0.69337814E+00  0.00000000E+00 0.1423E-13      6
 1368   15     0    -105      0    105  0.69961846E+00  0.00000000E+00 0.8130E-13      6
 1369   15     0    -104      0    104  0.70545933E+00  0.00000000E+00 0.5941E-12      5
 1370   15     0    -103      0    103  0.71185200E+00  0.00000000E+00 0.1482E-12      5
 1371   15     0    -102      0    102  0.71897933E+00  0.00000000E+00 0.6900E-13      5
 1372   15     0    -101      0    101  0.72646775E+00  0.00000000E+00 0.1949E-12      5
 1373   15     0    -100      0    100  0.73398523E+00  0.00000000E+00 0.4542E-12      6
 1374   15     0     -99      0     99  0.74108808E+00  0.00000000E+00 0.1336E-12      6
 1375   15     0     -98      0     98  0.74759852E+00  0.00000000E+00 0.3637E-12      5
 1376   15     0     -97      0     97  0.75457959E+00  0.00000000E+00 0.6019E-12      5
 1377   15     0     -96      0     96  0.76248181E+00  0.00000000E+00 0.1748E-12      5
 1378   15     0     -95      0     95  0.77087556E+00  0.00000000E+00 0.3694E-12      6
 1379   15     0     -94      0     94  0.77937477E+00  0.00000000E+00 0.1591E-12      6
 1380   15     0     -93      0     93  0.78749610E+00  0.00000000E+00 0.1320E-12      6
 1381   15     0     -92      0     92  0.79483443E+00  0.00000000E+00 0.3578E-12      5
 1382   15     0     -91      0     91  0.80246110E+00  0.00000000E+00 0.4197E-12      6
 1383   15     0     -90      0     90  0.81121151E+00  0.00000000E+00 0.7617E-12      5
 1384   15     0     -89      0     89  0.82062996E+00  0.00000000E+00 0.3084E-12      5
 1385   15     0     -88      0     88  0.83027315E+00  0.00000000E+00 0.2531E-12      6
 1386   15     0     -87      0     87  0.83966151E+00  0.00000000E+00 0.7837E-13      6
 1387   15     0     -86      0     86  0.84815659E+00  0.00000000E+00 0.5237E-13      6
 1388   15     0     -85      0     85  0.85652113E+00  0.00000000E+00 0.2643E-12      6
 1389   15     0     -84      0     84  0.86620001E+00  0.00000000E+00 0.7765E-13      5
 1390   15     0     -83      0     83  0.87685934E+00  0.00000000E+00 0.4941E-13      5
 1391   15     0     -82      0     82  0.88793856E+00  0.00000000E+00 0.3527E-12      5
 1392   15     0     -81      0     81  0.89891866E+00  0.00000000E+00 0.3779E-13      6
 1393   15     0     -80      0     80  0.90893252E+00  0.00000000E+00 0.2333E-12      6
 1394   15     0     -79      0     79  0.91829037E+00  0.00000000E+00 0.7390E-13      6
 1395   15     0     -78      0     78  0.92915455E+00  0.00000000E+00 0.1223E-12      6
 1396   15     0     -77      0     77  0.94140983E+00  0.00000000E+00 0.5447E-12      5
 1397   15     0     -76      0     76  0.95427926E+00  0.00000000E+00 0.1814E-13      6
 1398   15     0     -75      0     75  0.96715250E+00  0.00000000E+00 0.1152E-12      6
 1399   15     0     -74      0     74  0.97899817E+00  0.00000000E+00 0.6335E-13      6
 1400   15     0     -73      0     73  0.98973314E+00  0.00000000E+00 0.3595E-12      5
 1401   15     0     -72      0     72  0.10021174E+01  0.00000000E+00 0.2391E-12      5
 1402   15     0     -71      0     71  0.10163470E+01  0.00000000E+00 0.3174E-12      5
 1403   15     0     -70      0     70  0.10314223E+01  0.00000000E+00 0.1299E-12      5
 1404   15     0     -69      0     69  0.10465826E+01  0.00000000E+00 0.4770E-12      6
 1405   15     0     -68      0     68  0.10604617E+01  0.00000000E+00 0.9281E-13      6
 1406   15     0     -67      0     67  0.10727915E+01  0.00000000E+00 0.7016E-13      6
 1407   15     0     -66      0     66  0.10873435E+01  0.00000000E+00 0.5000E-13      6
 1408   15     0     -65      0     65  0.11042336E+01  0.00000000E+00 0.2851E-12      5
 1409   15     0     -64      0     64  0.11221117E+01  0.00000000E+00 0.2667E-12      5
 1410   15     0     -63      0     63  0.11399575E+01  0.00000000E+00 0.8843E-15      5
 1411   15     0     -62      0     62  0.11558565E+01  0.00000000E+00 0.1761E-12      6
 1412   15     0     -61      0     61  0.11702963E+01  0.00000000E+00 0.3177E-12      6
 1413   15     0     -60      0     60  0.11880583E+01  0.00000000E+00 0.7478E-13      6
 1414   15     0     -59      0     59  0.12083702E+01  0.00000000E+00 0.3315E-12      5
 1415   15     0     -58      0     58  0.12296925E+01  0.00000000E+00 0.2747E-12      6
 1416   15     0     -57      0     57  0.12507605E+01  0.00000000E+00 0.3423E-12      6
 1417   15     0     -56      0     56  0.12690333E+01  0.00000000E+00 0.2567E-12      6
 1418   15     0     -55      0     55  0.12864515E+01  0.00000000E+00 0.3133E-13      6
 1419   15     0     -54      0     54  0.13084622E+01  0.00000000E+00 0.1778E-12      5
 1420   15     0     -53      0     53  0.13333098E+01  0.00000000E+00 0.1049E-12      5
 1421   15     0     -52      0     52  0.13593325E+01  0.00000000E+00 0.2882E-13      6
 1422   15     0     -51      0     51  0.13849932E+01  0.00000000E+00 0.6162E-13      6
 1423   15     0     -50      0     50  0.14070163E+01  0.00000000E+00 0.3989E-12      5
 1424   15     0     -49      0     49  0.14283518E+01  0.00000000E+00 0.2040E-12      5
 1425   15     0     -48      0     48  0.14555518E+01  0.00000000E+00 0.1008E-12      6
 1426   15     0     -47      0     47  0.14861540E+01  0.00000000E+00 0.8319E-13      5
 1427   15     0     -46      0     46  0.15182928E+01  0.00000000E+00 0.4227E-13      6
 1428   15     0     -45      0     45  0.15504904E+01  0.00000000E+00 0.2561E-13      6
 1429   15     0     -44      0     44  0.15790297E+01  0.00000000E+00 0.6919E-13      6
 1430   15     0     -43      0     43  0.16047521E+01  0.00000000E+00 0.7871E-13      6
 1431   15     0     -42      0     42  0.16375046E+01  0.00000000E+00 0.6001E-14      6
 1432   15     0     -41      0     41  0.16754676E+01  0.00000000E+00 0.6822E-13      6
  Time elapsed :      3.490 s

gyre [9.1.1]
------------

OpenMP Threads   : 16
Input filename   : gyre_nad_wide.in

Model Init
----------

Reading from MESA file
   File name ../mesa/LOGS/profile381.data.GYRE
   File version 1.01
   Read 7165 points
   No need to add central point

Mode Search
-----------

Mode parameters
   l : 0
   m : 0

Building frequency grid (REAL axis)
   added scan interval :  0.2801E+00 ->  0.8713E+01 (1000 points, INVERSE)
   added scan interval :  0.8713E+01 ->  0.3315E+02 (1000 points, LINEAR)

Building spatial grid
   Scaffold grid from model
   Split 0 subinterval(s) in iteration 1
   Final grid has 1 segment(s) and 7165 point(s):
      Segment 1 : x range 0.0000 -> 1.0010 (1 -> 7165)

Starting search (adiabatic)

Scanning frequencies
  Time elapsed :     1.173 s

Finding roots
  Time elapsed :      0.069 s

Processing modes
   id    l     m    n_pg    n_p    n_g       Re(omega)       Im(omega)        chi n_iter
    1    0     0       1      1      0  0.35521322E+01  0.00000000E+00 0.5595E-13      6
    2    0     0       2      2      0  0.45896605E+01  0.00000000E+00 0.3821E-14      7
    3    0     0       3      3      0  0.56879301E+01  0.00000000E+00 0.4017E-13      8
    4    0     0       4      4      0  0.67939070E+01  0.00000000E+00 0.2869E-13      8
    5    0     0       5      5      0  0.79058773E+01  0.00000000E+00 0.6933E-14      8
    6    0     0       6      6      0  0.90196563E+01  0.00000000E+00 0.1367E-13      6
    7    0     0       7      7      0  0.10138504E+02  0.00000000E+00 0.6167E-13      5
    8    0     0       8      8      0  0.11282056E+02  0.00000000E+00 0.2299E-13      6
    9    0     0       9      9      0  0.12462851E+02  0.00000000E+00 0.5638E-13      6
   10    0     0      10     10      0  0.13674457E+02  0.00000000E+00 0.8171E-13      5
   11    0     0      11     11      0  0.14911366E+02  0.00000000E+00 0.5979E-12      6
   12    0     0      12     12      0  0.16170108E+02  0.00000000E+00 0.8849E-13      5
   13    0     0      13     13      0  0.17442911E+02  0.00000000E+00 0.1549E-13      5
   14    0     0      14     14      0  0.18722209E+02  0.00000000E+00 0.1734E-12      6
   15    0     0      15     15      0  0.20002240E+02  0.00000000E+00 0.5391E-12      5
   16    0     0      16     16      0  0.21280882E+02  0.00000000E+00 0.2750E-12      5
   17    0     0      17     17      0  0.22556737E+02  0.00000000E+00 0.2312E-12      5
   18    0     0      18     18      0  0.23829099E+02  0.00000000E+00 0.6521E-13      5
   19    0     0      19     19      0  0.25100016E+02  0.00000000E+00 0.3647E-12      5
   20    0     0      20     20      0  0.26372342E+02  0.00000000E+00 0.2218E-12      5
  Time elapsed :      0.041 s

Starting search (non-adiabatic)

Finding roots
  Time elapsed :     23.000 s

Processing modes
   id    l     m    n_pg    n_p    n_g       Re(omega)       Im(omega)        chi n_iter
    1    0     0       1      1      0  0.35521347E+01  0.72144576E-06 0.2807E-08      6
    2    0     0       2      2      0  0.45896695E+01  0.92390008E-05 0.1558E-07      9
    3    0     0       3      3      0  0.56879283E+01  0.51827446E-04 0.5210E-08      6
    4    0     0       4      4      0  0.67937599E+01  0.19559749E-03 0.4307E-09      7
    5    0     0       5      5      0  0.79050506E+01  0.57987416E-03 0.3872E-09      7
    6    0     0       6      6      0  0.90165089E+01  0.13425042E-02 0.5287E-10     12
    7    0     0       7      7      0  0.10130205E+02  0.18295838E-02 0.1190E-10     10
    8    0     0       8      8      0  0.11266422E+02  0.42516000E-03 0.2592E-11     12
    9    0     0       9      9      0  0.12439380E+02 -0.38963905E-02 0.1104E-10     10
   10    0     0      10     10      0  0.13643972E+02 -0.10962055E-01 0.6408E-11      8
   11    0     0      11     11      0  0.14875408E+02 -0.19820961E-01 0.7182E-11      8
   12    0     0      12     12      0  0.16129861E+02 -0.29648105E-01 0.1611E-11      8
   13    0     0      13     13      0  0.17398581E+02 -0.40212835E-01 0.1497E-11     11
   14    0     0      14     14      0  0.18673513E+02 -0.51147900E-01 0.3948E-11      9
   15    0     0      15     15      0  0.19948808E+02 -0.61682734E-01 0.1820E-11      8
   16    0     0      16     16      0  0.21222534E+02 -0.70857686E-01 0.2838E-11      8
   17    0     0      17     17      0  0.22493468E+02 -0.78110727E-01 0.1029E-11     10
   18    0     0      18     18      0  0.23761098E+02 -0.83431197E-01 0.1626E-11      9
   19    0     0      19     19      0  0.25027600E+02 -0.87515084E-01 0.9809E-12      9
   20    0     0      20     20      0  0.26295516E+02 -0.91820174E-01 0.4398E-11      9
  Time elapsed :      1.280 s

Mode Search
-----------

Mode parameters
   l : 1
   m : 0

Building frequency grid (REAL axis)
   added scan interval :  0.2801E+00 ->  0.8713E+01 (1000 points, INVERSE)
   added scan interval :  0.8713E+01 ->  0.3315E+02 (1000 points, LINEAR)

Building spatial grid
   Scaffold grid from model
   Split 0 subinterval(s) in iteration 1
   Final grid has 1 segment(s) and 7165 point(s):
      Segment 1 : x range 0.0000 -> 1.0010 (1 -> 7165)

Starting search (adiabatic)

Scanning frequencies
  Time elapsed :    24.010 s

Finding roots
  Time elapsed :      3.286 s

Processing modes
   id    l     m    n_pg    n_p    n_g       Re(omega)       Im(omega)        chi n_iter
   29    1     0     -20      0     20  0.32401875E+00  0.00000000E+00 0.1034E-12      5
   30    1     0     -19      0     19  0.33550816E+00  0.00000000E+00 0.1297E-12      6
   31    1     0     -18      0     18  0.35303086E+00  0.00000000E+00 0.9192E-13      6
   32    1     0     -17      0     17  0.37488650E+00  0.00000000E+00 0.5854E-13      5
   33    1     0     -16      0     16  0.40016359E+00  0.00000000E+00 0.8163E-13      5
   34    1     0     -15      0     15  0.42883911E+00  0.00000000E+00 0.1402E-12      5
   35    1     0     -14      0     14  0.45943965E+00  0.00000000E+00 0.1221E-13      5
   36    1     0     -13      0     13  0.48360689E+00  0.00000000E+00 0.7837E-13      6
   37    1     0     -12      0     12  0.51318259E+00  0.00000000E+00 0.9464E-13      6
   38    1     0     -11      0     11  0.55922509E+00  0.00000000E+00 0.2855E-13      7
   39    1     0     -10      0     10  0.61812438E+00  0.00000000E+00 0.1929E-12      6
   40    1     0      -9      0      9  0.69233804E+00  0.00000000E+00 0.1798E-12      6
   41    1     0      -8      0      8  0.78629010E+00  0.00000000E+00 0.1872E-12      8
   42    1     0      -7      0      7  0.89631860E+00  0.00000000E+00 0.4091E-14      7
   43    1     0      -6      0      6  0.98645401E+00  0.00000000E+00 0.7747E-13      6
   44    1     0      -5      0      5  0.11349011E+01  0.00000000E+00 0.4537E-12      7
   45    1     0      -4      0      4  0.13948731E+01  0.00000000E+00 0.2175E-13      7
   46    1     0      -3      0      3  0.18157675E+01  0.00000000E+00 0.1103E-12      7
   47    1     0      -2      0      2  0.25923207E+01  0.00000000E+00 0.6369E-13      8
   48    1     0      -1      0      1  0.36320986E+01  0.00000000E+00 0.1025E-12      8
   49    1     0       1      1      1  0.46278790E+01  0.00000000E+00 0.4233E-13      7
   50    1     0       2      2      1  0.49248352E+01  0.00000000E+00 0.1575E-13     10
   51    1     0       3      2      0  0.59246963E+01  0.00000000E+00 0.4174E-13      7
   52    1     0       4      3      0  0.71099537E+01  0.00000000E+00 0.4787E-13      6
   53    1     0       5      4      0  0.83074231E+01  0.00000000E+00 0.6571E-14      6
   54    1     0       6      5      0  0.94728061E+01  0.00000000E+00 0.1105E-12      8
   55    1     0       7      6      0  0.10627912E+02  0.00000000E+00 0.6381E-14      5
   56    1     0       8      7      0  0.11804558E+02  0.00000000E+00 0.7581E-13      6
   57    1     0       9      8      0  0.13008769E+02  0.00000000E+00 0.1504E-12      5
   58    1     0      10      9      0  0.14236318E+02  0.00000000E+00 0.3130E-12      5
   59    1     0      11     10      0  0.15484778E+02  0.00000000E+00 0.9654E-15      6
   60    1     0      12     11      0  0.16750732E+02  0.00000000E+00 0.2224E-12      5
   61    1     0      13     12      0  0.18026446E+02  0.00000000E+00 0.1400E-12      5
   62    1     0      14     13      0  0.19306025E+02  0.00000000E+00 0.4002E-12      5
   63    1     0      15     14      0  0.20585429E+02  0.00000000E+00 0.4006E-12      5
   64    1     0      16     15      0  0.21863191E+02  0.00000000E+00 0.9589E-13      5
   65    1     0      17     16      0  0.23138743E+02  0.00000000E+00 0.3938E-13      5
   66    1     0      18     17      0  0.24412179E+02  0.00000000E+00 0.2580E-12      5
   67    1     0      19     18      0  0.25685694E+02  0.00000000E+00 0.1290E-12      5
   68    1     0      20     19      0  0.26963193E+02  0.00000000E+00 0.4467E-13      5
  Time elapsed :      0.859 s

Starting search (non-adiabatic)

Finding roots
  Time elapsed :     42.427 s

Processing modes
   id    l     m    n_pg    n_p    n_g       Re(omega)       Im(omega)        chi n_iter
   29    1     0     -20      0     20  0.32401876E+00 -0.32052813E-07 0.4183E-08      7
   30    1     0     -19      0     19  0.33550816E+00 -0.31035183E-07 0.1492E-07      6
   31    1     0     -18      0     18  0.35303087E+00 -0.28390299E-07 0.4608E-08      4
   32    1     0     -17      0     17  0.37488651E+00 -0.21957596E-07 0.5990E-07      5
   33    1     0     -16      0     16  0.40016359E+00 -0.16748331E-07 0.2743E-07      6
   34    1     0     -15      0     15  0.42883912E+00 -0.12780637E-07 0.1451E-07      5
   35    1     0     -14      0     14  0.45943965E+00 -0.92317193E-08 0.9283E-07      4
   36    1     0     -13      0     13  0.48360689E+00 -0.65009893E-08 0.1418E-06      6
   37    1     0     -12      0     12  0.51318259E+00 -0.68704931E-08 0.2463E-07      3
   38    1     0     -11      0     11  0.55922509E+00 -0.56894691E-08 0.5868E-07      4
   39    1     0     -10      0     10  0.61812438E+00 -0.43475460E-08 0.9097E-07      6
   40    1     0      -9      0      9  0.69233804E+00 -0.32240006E-08 0.8632E-07      5
   41    1     0      -8      0      8  0.78629010E+00 -0.23089237E-08 0.7578E-07      5
   42    1     0      -7      0      7  0.89631860E+00 -0.15487144E-08 0.3379E-06      6
   43    1     0      -6      0      6  0.98645401E+00 -0.11554812E-08 0.6081E-06      7
   44    1     0      -5      0      5  0.11349011E+01 -0.94415247E-09 0.4067E-06      5
   45    1     0      -4      0      4  0.13948731E+01 -0.58365992E-09 0.9306E-06      6
   46    1     0      -3      0      3  0.18157675E+01 -0.25760756E-09 0.1046E-05      5
   47    1     0      -2      0      2  0.25923207E+01  0.77021498E-09 0.1839E-05      7
   48    1     0      -1      0      1  0.36320996E+01  0.95088453E-06 0.6041E-08      8
   49    1     0       1      1      1  0.46278813E+01  0.67119527E-05 0.2483E-07      7
   50    1     0       2      2      1  0.49248363E+01  0.70151747E-05 0.5037E-08      5
   51    1     0       3      2      0  0.59246648E+01  0.74329705E-04 0.2516E-09      6
   52    1     0       4      3      0  0.71096477E+01  0.29332371E-03 0.4415E-09      7
   53    1     0       5      4      0  0.83059066E+01  0.86620422E-03 0.4331E-10      7
   54    1     0       6      5      0  0.94677251E+01  0.17105364E-02 0.1475E-09      7
   55    1     0       7      6      0  0.10616357E+02  0.15740045E-02 0.1464E-10      9
   56    1     0       8      7      0  0.11785172E+02 -0.11379439E-02 0.1520E-10      9
   57    1     0       9      8      0  0.12981783E+02 -0.68382831E-02 0.5273E-10     11
   58    1     0      10      9      0  0.14203034E+02 -0.14876317E-01 0.7921E-11     11
   59    1     0      11     10      0  0.15446733E+02 -0.24216136E-01 0.9540E-11     10
   60    1     0      12     11      0  0.16708614E+02 -0.34381612E-01 0.1991E-11      9
   61    1     0      13     12      0  0.17980163E+02 -0.45160239E-01 0.1458E-10      7
   62    1     0      14     13      0  0.19255170E+02 -0.56052638E-01 0.2070E-10     13
   63    1     0      15     14      0  0.20529725E+02 -0.66076066E-01 0.2569E-10     10
   64    1     0      16     15      0  0.21802510E+02 -0.74454068E-01 0.4969E-11      7
   65    1     0      17     16      0  0.23073124E+02 -0.80881664E-01 0.1558E-11      7
   66    1     0      18     17      0  0.24341952E+02 -0.85528016E-01 0.1964E-11      8
   67    1     0      19     18      0  0.25611077E+02 -0.89546808E-01 0.4603E-11      8
   68    1     0      20     19      0  0.26883776E+02 -0.94725982E-01 0.1272E-11      8
  Time elapsed :      2.408 s

Mode Search
-----------

Mode parameters
   l : 2
   m : 0

Building frequency grid (REAL axis)
   added scan interval :  0.2801E+00 ->  0.8713E+01 (1000 points, INVERSE)
   added scan interval :  0.8713E+01 ->  0.3315E+02 (1000 points, LINEAR)

Building spatial grid
   Scaffold grid from model
   Split 0 subinterval(s) in iteration 1
   Final grid has 1 segment(s) and 7165 point(s):
      Segment 1 : x range 0.0000 -> 1.0010 (1 -> 7165)

Starting search (adiabatic)

Scanning frequencies
  Time elapsed :    23.414 s

Finding roots
  Time elapsed :      4.195 s

Processing modes
   id    l     m    n_pg    n_p    n_g       Re(omega)       Im(omega)        chi n_iter
   94    2     0     -20      0     20  0.55924228E+00  0.00000000E+00 0.3305E-13      6
   95    2     0     -19      0     19  0.57891126E+00  0.00000000E+00 0.1369E-12      6
   96    2     0     -18      0     18  0.60883163E+00  0.00000000E+00 0.1503E-12      6
   97    2     0     -17      0     17  0.64619276E+00  0.00000000E+00 0.1525E-12      6
   98    2     0     -16      0     16  0.68936344E+00  0.00000000E+00 0.8229E-13      5
   99    2     0     -15      0     15  0.73829384E+00  0.00000000E+00 0.3353E-12      6
  100    2     0     -14      0     14  0.79071317E+00  0.00000000E+00 0.2527E-14      6
  101    2     0     -13      0     13  0.83259116E+00  0.00000000E+00 0.5085E-14      5
  102    2     0     -12      0     12  0.88183639E+00  0.00000000E+00 0.1837E-13      6
  103    2     0     -11      0     11  0.95936773E+00  0.00000000E+00 0.3039E-13      7
  104    2     0     -10      0     10  0.10586610E+01  0.00000000E+00 0.6258E-13      6
  105    2     0      -9      0      9  0.11833846E+01  0.00000000E+00 0.3073E-13      6
  106    2     0      -8      0      8  0.13407534E+01  0.00000000E+00 0.1943E-13      6
  107    2     0      -7      0      7  0.15263544E+01  0.00000000E+00 0.1476E-13      6
  108    2     0      -6      0      6  0.16777761E+01  0.00000000E+00 0.1936E-14      6
  109    2     0      -5      0      5  0.19118443E+01  0.00000000E+00 0.4064E-13      5
  110    2     0      -4      0      4  0.23176864E+01  0.00000000E+00 0.3636E-13      6
  111    2     0      -3      0      3  0.29090817E+01  0.00000000E+00 0.1916E-13      9
  112    2     0      -2      0      2  0.35390889E+01  0.00000000E+00 0.8879E-13      9
  113    2     0      -1      1      2  0.41012213E+01  0.00000000E+00 0.1493E-14      6
  114    2     0       0      1      1  0.48299309E+01  0.00000000E+00 0.3232E-13      8
  115    2     0       1      2      1  0.56026846E+01  0.00000000E+00 0.2498E-13      8
  116    2     0       2      3      1  0.65524586E+01  0.00000000E+00 0.7268E-14      7
  117    2     0       3      4      1  0.76060545E+01  0.00000000E+00 0.9881E-14      9
  118    2     0       4      4      0  0.79464837E+01  0.00000000E+00 0.1044E-12     11
  119    2     0       5      5      0  0.88650946E+01  0.00000000E+00 0.1241E-12      6
  120    2     0       6      6      0  0.10006876E+02  0.00000000E+00 0.8954E-13      5
  121    2     0       7      7      0  0.11166401E+02  0.00000000E+00 0.9658E-13      5
  122    2     0       8      8      0  0.12356888E+02  0.00000000E+00 0.9598E-14      6
  123    2     0       9      9      0  0.13573870E+02  0.00000000E+00 0.1048E-12      6
  124    2     0      10     10      0  0.14813032E+02  0.00000000E+00 0.3721E-13      5
  125    2     0      11     11      0  0.16072040E+02  0.00000000E+00 0.4229E-12      5
  126    2     0      12     12      0  0.17344370E+02  0.00000000E+00 0.2130E-12      5
  127    2     0      13     13      0  0.18622893E+02  0.00000000E+00 0.1151E-12      5
  128    2     0      14     14      0  0.19902215E+02  0.00000000E+00 0.3236E-12      5
  129    2     0      15     15      0  0.21180284E+02  0.00000000E+00 0.5453E-12      5
  130    2     0      16     16      0  0.22455795E+02  0.00000000E+00 0.1826E-12      5
  131    2     0      17     17      0  0.23728215E+02  0.00000000E+00 0.1455E-12      5
  132    2     0      18     18      0  0.24999470E+02  0.00000000E+00 0.2112E-12      7
  133    2     0      19     19      0  0.26272232E+02  0.00000000E+00 0.1574E-12      5
  134    2     0      20     20      0  0.27550259E+02  0.00000000E+00 0.6054E-13      5
  Time elapsed :      1.023 s

Starting search (non-adiabatic)

Finding roots
  Time elapsed :     44.012 s

Processing modes
   id    l     m    n_pg    n_p    n_g       Re(omega)       Im(omega)        chi n_iter
   94    2     0     -20      0     20  0.55924229E+00 -0.29454393E-07 0.3397E-07      6
   95    2     0     -19      0     19  0.57891127E+00 -0.28549298E-07 0.2974E-07      4
   96    2     0     -18      0     18  0.60883164E+00 -0.26712458E-07 0.3145E-07      5
   97    2     0     -17      0     17  0.64619277E+00 -0.21274659E-07 0.3356E-07      8
   98    2     0     -16      0     16  0.68936344E+00 -0.16706501E-07 0.2135E-07      4
   99    2     0     -15      0     15  0.73829384E+00 -0.13084781E-07 0.1195E-06      5
  100    2     0     -14      0     14  0.79071317E+00 -0.96852642E-08 0.6838E-07      5
  101    2     0     -13      0     13  0.83259116E+00 -0.67747899E-08 0.1150E-06      4
  102    2     0     -12      0     12  0.88183639E+00 -0.72193409E-08 0.7037E-07      5
  103    2     0     -11      0     11  0.95936773E+00 -0.60520161E-08 0.8671E-07      6
  104    2     0     -10      0     10  0.10586610E+01 -0.46370583E-08 0.4711E-07      6
  105    2     0      -9      0      9  0.11833846E+01 -0.34400604E-08 0.5293E-07      4
  106    2     0      -8      0      8  0.13407534E+01 -0.24607725E-08 0.1001E-06      4
  107    2     0      -7      0      7  0.15263544E+01 -0.16504975E-08 0.3576E-07      6
  108    2     0      -6      0      6  0.16777761E+01 -0.12007809E-08 0.5088E-06      5
  109    2     0      -5      0      5  0.19118443E+01 -0.86923267E-09 0.1242E-06      5
  110    2     0      -4      0      4  0.23176864E+01  0.15518120E-09 0.3010E-06      5
  111    2     0      -3      0      3  0.29090817E+01  0.11556364E-07 0.3982E-06      5
  112    2     0      -2      0      2  0.35390894E+01  0.40936177E-06 0.9315E-07      6
  113    2     0      -1      1      2  0.41012226E+01  0.20081720E-05 0.2799E-07      6
  114    2     0       0      1      1  0.48299329E+01  0.97103981E-05 0.4867E-08      8
  115    2     0       1      2      1  0.56026762E+01  0.34697366E-04 0.2470E-08      7
  116    2     0       2      3      1  0.65523524E+01  0.14096858E-03 0.2114E-08     10
  117    2     0       3      4      1  0.76055862E+01  0.35762680E-03 0.3099E-09      8
  118    2     0       4      4      0  0.79462324E+01  0.16605803E-03 0.2194E-08      8
  119    2     0       5      5      0  0.88623460E+01  0.12414125E-02 0.3414E-10     10
  120    2     0       6      6      0  0.99991405E+01  0.18731396E-02 0.1536E-09      8
  121    2     0       7      7      0  0.11151309E+02  0.69916291E-03 0.6592E-10      8
  122    2     0       8      8      0  0.12333871E+02 -0.34180003E-02 0.2480E-10      8
  123    2     0       9      9      0  0.13543731E+02 -0.10342118E-01 0.3184E-11      9
  124    2     0      10     10      0  0.14777330E+02 -0.19121134E-01 0.1603E-10      8
  125    2     0      11     11      0  0.16032038E+02 -0.28876445E-01 0.5836E-11      9
  126    2     0      12     12      0  0.17300325E+02 -0.39370626E-01 0.5413E-11      8
  127    2     0      13     13      0  0.18574535E+02 -0.50271230E-01 0.1224E-10     10
  128    2     0      14     14      0  0.19849149E+02 -0.60862217E-01 0.8317E-11      8
  129    2     0      15     15      0  0.21122311E+02 -0.70164539E-01 0.1086E-10      9
  130    2     0      16     16      0  0.22392885E+02 -0.77584507E-01 0.4333E-11      8
  131    2     0      17     17      0  0.23660521E+02 -0.83079005E-01 0.4337E-11      9
  132    2     0      18     18      0  0.24927315E+02 -0.87243990E-01 0.5636E-11      8
  133    2     0      19     19      0  0.26195665E+02 -0.91494256E-01 0.3235E-11      7
  134    2     0      20     20      0  0.27468312E+02 -0.97879646E-01 0.1893E-11      7
  Time elapsed :      2.509 s

Mode Search
-----------

Mode parameters
   l : 3
   m : 0

Building frequency grid (REAL axis)
   added scan interval :  0.2801E+00 ->  0.8713E+01 (1000 points, INVERSE)
   added scan interval :  0.8713E+01 ->  0.3315E+02 (1000 points, LINEAR)

Building spatial grid
   Scaffold grid from model
   Split 0 subinterval(s) in iteration 1
   Final grid has 1 segment(s) and 7165 point(s):
      Segment 1 : x range 0.0000 -> 1.0010 (1 -> 7165)

Starting search (adiabatic)

Scanning frequencies
  Time elapsed :    22.923 s

Finding roots
  Time elapsed :      4.952 s

Processing modes
   id    l     m    n_pg    n_p    n_g       Re(omega)       Im(omega)        chi n_iter
  177    3     0     -20      0     20  0.78722046E+00  0.00000000E+00 0.1524E-13      6
  178    3     0     -19      0     19  0.81443163E+00  0.00000000E+00 0.8599E-13      6
  179    3     0     -18      0     18  0.85558933E+00  0.00000000E+00 0.6631E-13      6
  180    3     0     -17      0     17  0.90734198E+00  0.00000000E+00 0.3399E-14      6
  181    3     0     -16      0     16  0.96711395E+00  0.00000000E+00 0.6580E-14      6
  182    3     0     -15      0     15  0.10348025E+01  0.00000000E+00 0.2777E-13      6
  183    3     0     -14      0     14  0.11079006E+01  0.00000000E+00 0.1513E-13      6
  184    3     0     -13      0     13  0.11679881E+01  0.00000000E+00 0.4063E-13      6
  185    3     0     -12      0     12  0.12329798E+01  0.00000000E+00 0.4558E-13      6
  186    3     0     -11      0     11  0.13377303E+01  0.00000000E+00 0.2067E-13      6
  187    3     0     -10      0     10  0.14725949E+01  0.00000000E+00 0.1446E-13      6
  188    3     0      -9      0      9  0.16413473E+01  0.00000000E+00 0.2760E-13      5
  189    3     0      -8      0      8  0.18533374E+01  0.00000000E+00 0.6682E-13      6
  190    3     0      -7      0      7  0.21066211E+01  0.00000000E+00 0.1112E-13      7
  191    3     0      -6      0      6  0.23177195E+01  0.00000000E+00 0.2163E-14      7
  192    3     0      -5      0      5  0.25994454E+01  0.00000000E+00 0.8356E-14      8
  193    3     0      -4      0      4  0.30666049E+01  0.00000000E+00 0.2154E-13      6
  194    3     0      -3      0      3  0.34720776E+01  0.00000000E+00 0.1530E-13      8
  195    3     0      -2      1      3  0.40459517E+01  0.00000000E+00 0.2988E-13      7
  196    3     0      -1      1      2  0.45558154E+01  0.00000000E+00 0.7078E-14      7
  197    3     0       0      2      2  0.54293065E+01  0.00000000E+00 0.4444E-13      7
  198    3     0       1      2      1  0.58974470E+01  0.00000000E+00 0.4587E-16      8
  199    3     0       2      3      1  0.69031333E+01  0.00000000E+00 0.1048E-13      6
  200    3     0       3      4      1  0.80794048E+01  0.00000000E+00 0.8290E-14      8
  201    3     0       4      5      1  0.92380368E+01  0.00000000E+00 0.8181E-13      7
  202    3     0       5      5      0  0.94676222E+01  0.00000000E+00 0.3515E-12      6
  203    3     0       6      6      0  0.10421303E+02  0.00000000E+00 0.7335E-13      6
  204    3     0       7      7      0  0.11599727E+02  0.00000000E+00 0.1865E-12      7
  205    3     0       8      8      0  0.12807375E+02  0.00000000E+00 0.2096E-12      7
  206    3     0       9      9      0  0.14038459E+02  0.00000000E+00 0.3412E-12      5
  207    3     0      10     10      0  0.15289986E+02  0.00000000E+00 0.7211E-13      5
  208    3     0      11     11      0  0.16559255E+02  0.00000000E+00 0.7333E-13      6
  209    3     0      12     12      0  0.17838572E+02  0.00000000E+00 0.1582E-12      5
  210    3     0      13     13      0  0.19121797E+02  0.00000000E+00 0.3816E-12      5
  211    3     0      14     14      0  0.20404415E+02  0.00000000E+00 0.3613E-12      5
  212    3     0      15     15      0  0.21685083E+02  0.00000000E+00 0.3076E-12      5
  213    3     0      16     16      0  0.22963121E+02  0.00000000E+00 0.3411E-12      5
  214    3     0      17     17      0  0.24238287E+02  0.00000000E+00 0.7647E-12      5
  215    3     0      18     18      0  0.25512949E+02  0.00000000E+00 0.2430E-12      5
  216    3     0      19     19      0  0.26790851E+02  0.00000000E+00 0.3529E-12      5
  217    3     0      20     20      0  0.28075252E+02  0.00000000E+00 0.6038E-13      5
  Time elapsed :      1.393 s

Starting search (non-adiabatic)

Finding roots
  Time elapsed :     46.471 s

Processing modes
   id    l     m    n_pg    n_p    n_g       Re(omega)       Im(omega)        chi n_iter
  177    3     0     -20      0     20  0.78722048E+00 -0.28601962E-07 0.3999E-07      8
  178    3     0     -19      0     19  0.81443165E+00 -0.27282475E-07 0.3403E-07      6
  179    3     0     -18      0     18  0.85558934E+00 -0.26538718E-07 0.1679E-07      4
  180    3     0     -17      0     17  0.90734199E+00 -0.21835018E-07 0.8040E-07      5
  181    3     0     -16      0     16  0.96711395E+00 -0.17627721E-07 0.6519E-07      4
  182    3     0     -15      0     15  0.10348025E+01 -0.14109022E-07 0.9436E-07      4
  183    3     0     -14      0     14  0.11079006E+01 -0.10655464E-07 0.1972E-06      4
  184    3     0     -13      0     13  0.11679881E+01 -0.72111587E-08 0.2214E-06      9
  185    3     0     -12      0     12  0.12329798E+01 -0.77232360E-08 0.2854E-06      4
  186    3     0     -11      0     11  0.13377303E+01 -0.65775415E-08 0.1104E-06      5
  187    3     0     -10      0     10  0.14725949E+01 -0.50210893E-08 0.2246E-06      6
  188    3     0      -9      0      9  0.16413473E+01 -0.36934044E-08 0.1444E-06      5
  189    3     0      -8      0      8  0.18533374E+01 -0.23771156E-08 0.1363E-06      8
  190    3     0      -7      0      7  0.21066211E+01 -0.15817661E-08 0.1414E-06      4
  191    3     0      -6      0      6  0.23177195E+01 -0.92878614E-09 0.2114E-06      6
  192    3     0      -5      0      5  0.25994454E+01  0.10152459E-08 0.5187E-06      6
  193    3     0      -4      0      4  0.30666049E+01  0.30588057E-07 0.2545E-06      6
  194    3     0      -3      0      3  0.34720780E+01  0.30318913E-06 0.6927E-07      7
  195    3     0      -2      1      3  0.40459524E+01  0.10169432E-05 0.7958E-08      5
  196    3     0      -1      1      2  0.45558179E+01  0.66100460E-05 0.1376E-07      6
  197    3     0       0      2      2  0.54293036E+01  0.20259297E-04 0.3284E-08      5
  198    3     0       1      2      1  0.58974301E+01  0.41795108E-04 0.1559E-08      9
  199    3     0       2      3      1  0.69029226E+01  0.22583377E-03 0.1111E-08      6
  200    3     0       3      4      1  0.80782708E+01  0.71090736E-03 0.2646E-09      8
  201    3     0       4      5      1  0.92342160E+01  0.14532933E-02 0.3019E-09      9
  202    3     0       5      5      0  0.94672125E+01  0.13582793E-03 0.1261E-09      6
  203    3     0       6      6      0  0.10411037E+02  0.17565989E-02 0.2695E-10     12
  204    3     0       7      7      0  0.11581611E+02 -0.45411603E-03 0.4283E-10     13
  205    3     0       8      8      0  0.12781434E+02 -0.57334222E-02 0.1027E-10     12
  206    3     0       9      9      0  0.14005904E+02 -0.13543185E-01 0.1334E-10     12
  207    3     0      10     10      0  0.15252430E+02 -0.22812136E-01 0.7531E-11     10
  208    3     0      11     11      0  0.16517579E+02 -0.32928023E-01 0.7096E-11     10
  209    3     0      12     12      0  0.17792771E+02 -0.43694310E-01 0.3803E-11      7
  210    3     0      13     13      0  0.19071488E+02 -0.54657986E-01 0.4341E-11      8
  211    3     0      14     14      0  0.20349285E+02 -0.64888326E-01 0.2724E-11      9
  212    3     0      15     15      0  0.21624981E+02 -0.73545558E-01 0.5489E-11      8
  213    3     0      16     16      0  0.22898073E+02 -0.80235463E-01 0.1015E-11      8
  214    3     0      17     17      0  0.24168589E+02 -0.85065138E-01 0.1048E-11      9
  215    3     0      18     18      0  0.25438849E+02 -0.89078702E-01 0.2959E-11     10
  216    3     0      19     19      0  0.26712081E+02 -0.93965411E-01 0.5499E-11     10
  217    3     0      20     20      0  0.27990230E+02 -0.10185389E+00 0.1596E-11      7
  Time elapsed :      2.540 s

Mode Search
-----------

Mode parameters
   l : 4
   m : 0

Building frequency grid (REAL axis)
   added scan interval :  0.2801E+00 ->  0.8713E+01 (1000 points, INVERSE)
   added scan interval :  0.8713E+01 ->  0.3315E+02 (1000 points, LINEAR)

Building spatial grid
   Scaffold grid from model
   Split 0 subinterval(s) in iteration 1
   Final grid has 1 segment(s) and 7165 point(s):
      Segment 1 : x range 0.0000 -> 1.0010 (1 -> 7165)

Starting search (adiabatic)

Scanning frequencies
  Time elapsed :    23.151 s

Finding roots
  Time elapsed :      6.156 s

Processing modes
   id    l     m    n_pg    n_p    n_g       Re(omega)       Im(omega)        chi n_iter
  277    4     0     -20      0     20  0.10103808E+01  0.00000000E+00 0.1291E-13      6
  278    4     0     -19      0     19  0.10445661E+01  0.00000000E+00 0.8445E-13      7
  279    4     0     -18      0     18  0.10954570E+01  0.00000000E+00 0.2696E-13      6
  280    4     0     -17      0     17  0.11603709E+01  0.00000000E+00 0.3080E-13      6
  281    4     0     -16      0     16  0.12353536E+01  0.00000000E+00 0.3150E-13      6
  282    4     0     -15      0     15  0.13201714E+01  0.00000000E+00 0.2823E-13      6
  283    4     0     -14      0     14  0.14126615E+01  0.00000000E+00 0.5392E-13      6
  284    4     0     -13      0     13  0.14926019E+01  0.00000000E+00 0.5869E-13      6
  285    4     0     -12      0     12  0.15689248E+01  0.00000000E+00 0.3620E-13      6
  286    4     0     -11      0     11  0.16954755E+01  0.00000000E+00 0.1316E-14      6
  287    4     0     -10      0     10  0.18605652E+01  0.00000000E+00 0.4590E-13      6
  288    4     0      -9      0      9  0.20662799E+01  0.00000000E+00 0.2491E-13      6
  289    4     0      -8      0      8  0.23231361E+01  0.00000000E+00 0.5259E-13      6
  290    4     0      -7      0      7  0.26332771E+01  0.00000000E+00 0.2224E-14      7
  291    4     0      -6      0      6  0.29094391E+01  0.00000000E+00 0.2420E-13      8
  292    4     0      -5      0      5  0.31846695E+01  0.00000000E+00 0.2840E-13      7
  293    4     0      -4      0      4  0.34588904E+01  0.00000000E+00 0.1884E-13      7
  294    4     0      -3      0      3  0.38764315E+01  0.00000000E+00 0.9618E-13      6
  295    4     0      -2      1      3  0.45518858E+01  0.00000000E+00 0.2329E-13      7
  296    4     0      -1      1      2  0.48468691E+01  0.00000000E+00 0.1606E-13      9
  297    4     0       0      2      2  0.58271874E+01  0.00000000E+00 0.6780E-14      7
  298    4     0       1      2      1  0.62239532E+01  0.00000000E+00 0.2596E-13      7
  299    4     0       2      3      1  0.71223970E+01  0.00000000E+00 0.4005E-14      7
  300    4     0       3      4      1  0.83535777E+01  0.00000000E+00 0.3263E-13      7
  301    4     0       4      5      1  0.95517626E+01  0.00000000E+00 0.1284E-12      9
  302    4     0       5      6      1  0.10677483E+02  0.00000000E+00 0.1786E-12      8
  303    4     0       6      6      0  0.10742868E+02  0.00000000E+00 0.2846E-12      7
  304    4     0       7      7      0  0.11943706E+02  0.00000000E+00 0.4535E-13      5
  305    4     0       8      8      0  0.13173429E+02  0.00000000E+00 0.6572E-13      7
  306    4     0       9      9      0  0.14423196E+02  0.00000000E+00 0.3216E-14      5
  307    4     0      10     10      0  0.15691084E+02  0.00000000E+00 0.1531E-12      5
  308    4     0      11     11      0  0.16973005E+02  0.00000000E+00 0.6549E-12      5
  309    4     0      12     12      0  0.18261457E+02  0.00000000E+00 0.2152E-13      6
  310    4     0      13     13      0  0.19550984E+02  0.00000000E+00 0.9841E-13      6
  311    4     0      14     14      0  0.20838592E+02  0.00000000E+00 0.3728E-12      5
  312    4     0      15     15      0  0.22123098E+02  0.00000000E+00 0.3367E-12      5
  313    4     0      16     16      0  0.23404246E+02  0.00000000E+00 0.1516E-12      6
  314    4     0      17     17      0  0.24683111E+02  0.00000000E+00 0.1235E-12      6
  315    4     0      18     18      0  0.25962146E+02  0.00000000E+00 0.7465E-13      6
  316    4     0      19     19      0  0.27245511E+02  0.00000000E+00 0.3705E-12      5
  317    4     0      20     20      0  0.28535966E+02  0.00000000E+00 0.4480E-14      5
  Time elapsed :      1.665 s

Starting search (non-adiabatic)

Finding roots
  Time elapsed :     44.108 s

Processing modes
   id    l     m    n_pg    n_p    n_g       Re(omega)       Im(omega)        chi n_iter
  277    4     0     -20      0     20  0.10103808E+01 -0.30131699E-07 0.5113E-07      6
  278    4     0     -19      0     19  0.10445661E+01 -0.27586503E-07 0.9324E-07      5
  279    4     0     -18      0     18  0.10954570E+01 -0.28208493E-07 0.7594E-07      5
  280    4     0     -17      0     17  0.11603709E+01 -0.23857530E-07 0.4462E-07      8
  281    4     0     -16      0     16  0.12353536E+01 -0.19610696E-07 0.3211E-07      3
  282    4     0     -15      0     15  0.13201714E+01 -0.15871354E-07 0.1029E-06      4
  283    4     0     -14      0     14  0.14126615E+01 -0.12140763E-07 0.4641E-07      4
  284    4     0     -13      0     13  0.14926019E+01 -0.78926167E-08 0.9012E-07      4
  285    4     0     -12      0     12  0.15689248E+01 -0.82108138E-08 0.1928E-06      7
  286    4     0     -11      0     11  0.16954755E+01 -0.71601152E-08 0.3024E-06      5
  287    4     0     -10      0     10  0.18605652E+01 -0.54084186E-08 0.6644E-07      4
  288    4     0      -9      0      9  0.20662799E+01 -0.38752127E-08 0.1365E-06      6
  289    4     0      -8      0      8  0.23231361E+01 -0.24277191E-08 0.3377E-07      6
  290    4     0      -7      0      7  0.26332771E+01 -0.37478801E-09 0.1112E-06      5
  291    4     0      -6      0      6  0.29094391E+01  0.25093850E-08 0.4359E-06      7
  292    4     0      -5      0      5  0.31846696E+01  0.41431575E-07 0.3012E-06      6
  293    4     0      -4      0      4  0.34588907E+01  0.35732209E-06 0.5067E-07      5
  294    4     0      -3      0      3  0.38764317E+01  0.25123468E-06 0.1314E-07      6
  295    4     0      -2      1      3  0.45518884E+01  0.67327095E-05 0.5721E-08      6
  296    4     0      -1      1      2  0.48468700E+01  0.42578545E-05 0.4845E-08      7
  297    4     0       0      2      2  0.58271656E+01  0.60427345E-04 0.1339E-08      6
  298    4     0       1      2      1  0.62239443E+01  0.15462934E-04 0.1989E-08      6
  299    4     0       2      3      1  0.71220837E+01  0.29962092E-03 0.6836E-10      6
  300    4     0       3      4      1  0.83519427E+01  0.91669117E-03 0.4901E-10      7
  301    4     0       4      5      1  0.95462049E+01  0.17911629E-02 0.4261E-10     10
  302    4     0       5      6      1  0.10676319E+02  0.17721079E-03 0.3634E-10      6
  303    4     0       6      6      0  0.10731501E+02  0.12989354E-02 0.1055E-10      6
  304    4     0       7      7      0  0.11923019E+02 -0.16800731E-02 0.8117E-11      9
  305    4     0       8      8      0  0.13145047E+02 -0.79299385E-02 0.9494E-11      9
  306    4     0       9      9      0  0.14388630E+02 -0.16438586E-01 0.1612E-10     10
  307    4     0      10     10      0  0.15651895E+02 -0.26121978E-01 0.7262E-12      8
  308    4     0      11     11      0  0.16929751E+02 -0.36580984E-01 0.9311E-11     11
  309    4     0      12     12      0  0.18213974E+02 -0.47562006E-01 0.1177E-11     11
  310    4     0      13     13      0  0.19498846E+02 -0.58479092E-01 0.2554E-11      8
  311    4     0      14     14      0  0.20781558E+02 -0.68301480E-01 0.3974E-11      7
  312    4     0      15     15      0  0.22061078E+02 -0.76322274E-01 0.5220E-11      9
  313    4     0      16     16      0  0.23337321E+02 -0.82362647E-01 0.2413E-11      9
  314    4     0      17     17      0  0.24611635E+02 -0.86763511E-01 0.1933E-11      9
  315    4     0      18     18      0  0.25886274E+02 -0.90845341E-01 0.4310E-11      9
  316    4     0      19     19      0  0.27164575E+02 -0.96571681E-01 0.7005E-12     10
  317    4     0      20     20      0  0.28447769E+02 -0.10602019E+00 0.3066E-11      9
  Time elapsed :      2.500 s

Mode Search
-----------

Mode parameters
   l : 5
   m : 0

Building frequency grid (REAL axis)
   added scan interval :  0.2801E+00 ->  0.8713E+01 (1000 points, INVERSE)
   added scan interval :  0.8713E+01 ->  0.3315E+02 (1000 points, LINEAR)

Building spatial grid
   Scaffold grid from model
   Split 0 subinterval(s) in iteration 1
   Final grid has 1 segment(s) and 7165 point(s):
      Segment 1 : x range 0.0000 -> 1.0010 (1 -> 7165)

Starting search (adiabatic)

Scanning frequencies
  Time elapsed :    22.461 s

Finding roots
  Time elapsed :      6.995 s

Processing modes
   id    l     m    n_pg    n_p    n_g       Re(omega)       Im(omega)        chi n_iter
  394    5     0     -20      0     20  0.12286049E+01  0.00000000E+00 0.2570E-13      6
  395    5     0     -19      0     19  0.12695418E+01  0.00000000E+00 0.4884E-13      7
  396    5     0     -18      0     18  0.13281167E+01  0.00000000E+00 0.4305E-13      7
  397    5     0     -17      0     17  0.14046560E+01  0.00000000E+00 0.1312E-13      6
  398    5     0     -16      0     16  0.14931713E+01  0.00000000E+00 0.6739E-14      6
  399    5     0     -15      0     15  0.15931242E+01  0.00000000E+00 0.5405E-13      6
  400    5     0     -14      0     14  0.17031005E+01  0.00000000E+00 0.2863E-13      7
  401    5     0     -13      0     13  0.18050235E+01  0.00000000E+00 0.1518E-14      6
  402    5     0     -12      0     12  0.18896106E+01  0.00000000E+00 0.2530E-13      7
  403    5     0     -11      0     11  0.20307080E+01  0.00000000E+00 0.1389E-13      6
  404    5     0     -10      0     10  0.22201296E+01  0.00000000E+00 0.2414E-13      6
  405    5     0      -9      0      9  0.24553572E+01  0.00000000E+00 0.2592E-14      6
  406    5     0      -8      0      8  0.27466958E+01  0.00000000E+00 0.1588E-13      6
  407    5     0      -7      0      7  0.30981224E+01  0.00000000E+00 0.6372E-14      7
  408    5     0      -6      0      6  0.34180442E+01  0.00000000E+00 0.4134E-13     10
  409    5     0      -5      0      5  0.35378363E+01  0.00000000E+00 0.2066E-13      7
  410    5     0      -4      0      4  0.37874673E+01  0.00000000E+00 0.2573E-14      7
  411    5     0      -3      1      4  0.43605623E+01  0.00000000E+00 0.1084E-13      6
  412    5     0      -2      1      3  0.47650983E+01  0.00000000E+00 0.1277E-13      7
  413    5     0      -1      1      2  0.52558186E+01  0.00000000E+00 0.2811E-13      7
  414    5     0       0      2      2  0.60485007E+01  0.00000000E+00 0.1854E-13      7
  415    5     0       1      2      1  0.65163576E+01  0.00000000E+00 0.1197E-13      7
  416    5     0       2      3      1  0.73392449E+01  0.00000000E+00 0.3111E-14      8
  417    5     0       3      4      1  0.86021332E+01  0.00000000E+00 0.4116E-14      9
  418    5     0       4      5      1  0.98186711E+01  0.00000000E+00 0.1994E-13      9
  419    5     0       5      6      1  0.11025056E+02  0.00000000E+00 0.3470E-12      6
  420    5     0       6      6      0  0.11708906E+02  0.00000000E+00 0.2911E-13      8
  421    5     0       7      7      0  0.12253137E+02  0.00000000E+00 0.6620E-13      8
  422    5     0       8      8      0  0.13502434E+02  0.00000000E+00 0.2133E-13      6
  423    5     0       9      9      0  0.14769606E+02  0.00000000E+00 0.2755E-12      8
  424    5     0      10     10      0  0.16053158E+02  0.00000000E+00 0.1544E-12      5
  425    5     0      11     11      0  0.17347251E+02  0.00000000E+00 0.1504E-12      8
  426    5     0      12     12      0  0.18644987E+02  0.00000000E+00 0.3855E-13      5
  427    5     0      13     13      0  0.19941331E+02  0.00000000E+00 0.1150E-12      5
  428    5     0      14     14      0  0.21234598E+02  0.00000000E+00 0.1928E-13      5
  429    5     0      15     15      0  0.22523855E+02  0.00000000E+00 0.1915E-12      5
  430    5     0      16     16      0  0.23808899E+02  0.00000000E+00 0.1900E-12      5
  431    5     0      17     17      0  0.25092027E+02  0.00000000E+00 0.2296E-13      6
  432    5     0      18     18      0  0.26376305E+02  0.00000000E+00 0.2879E-13      5
  433    5     0      19     19      0  0.27665679E+02  0.00000000E+00 0.2556E-12      5
  434    5     0      20     20      0  0.28962201E+02  0.00000000E+00 0.1098E-12      5
  Time elapsed :      2.120 s

Starting search (non-adiabatic)

Finding roots
  Time elapsed :     44.361 s

Processing modes
   id    l     m    n_pg    n_p    n_g       Re(omega)       Im(omega)        chi n_iter
  394    5     0     -20      0     20  0.12286049E+01 -0.34074499E-07 0.3216E-07      8
  395    5     0     -19      0     19  0.12695418E+01 -0.28899943E-07 0.4681E-07      4
  396    5     0     -18      0     18  0.13281167E+01 -0.31289179E-07 0.3434E-07      7
  397    5     0     -17      0     17  0.14046560E+01 -0.27083598E-07 0.2536E-07      4
  398    5     0     -16      0     16  0.14931713E+01 -0.22466820E-07 0.2921E-07      5
  399    5     0     -15      0     15  0.15931242E+01 -0.18205319E-07 0.7172E-07      7
  400    5     0     -14      0     14  0.17031005E+01 -0.13971958E-07 0.2905E-07      3
  401    5     0     -13      0     13  0.18050235E+01 -0.89077531E-08 0.3344E-07      6
  402    5     0     -12      0     12  0.18896106E+01 -0.83818631E-08 0.1116E-06      5
  403    5     0     -11      0     11  0.20307080E+01 -0.76364944E-08 0.1130E-06      4
  404    5     0     -10      0     10  0.22201296E+01 -0.56861463E-08 0.1836E-06      4
  405    5     0      -9      0      9  0.24553572E+01 -0.38346750E-08 0.9463E-07      4
  406    5     0      -8      0      8  0.27466958E+01 -0.13954916E-08 0.2358E-06      5
  407    5     0      -7      0      7  0.30981224E+01  0.90616018E-08 0.1739E-06      6
  408    5     0      -6      0      6  0.34180444E+01  0.20139069E-06 0.2863E-07      5
  409    5     0      -5      0      5  0.35378367E+01  0.37645808E-06 0.2343E-07      6
  410    5     0      -4      0      4  0.37874673E+01  0.10586310E-06 0.3822E-07      7
  411    5     0      -3      1      4  0.43605624E+01  0.29791849E-06 0.5023E-07      7
  412    5     0      -2      1      3  0.47651018E+01  0.13249710E-04 0.4230E-08      8
  413    5     0      -1      1      2  0.52558186E+01  0.10046552E-05 0.3719E-07      5
  414    5     0       0      2      2  0.60484573E+01  0.90935213E-04 0.2412E-09      5
  415    5     0       1      2      1  0.65163548E+01  0.38253202E-05 0.4368E-08      7
  416    5     0       2      3      1  0.73387995E+01  0.38412645E-03 0.1879E-09      7
  417    5     0       3      4      1  0.85999158E+01  0.11214057E-02 0.2386E-10      8
  418    5     0       4      5      1  0.98116660E+01  0.19253954E-02 0.8594E-11      8
  419    5     0       5      6      1  0.11010424E+02  0.10232839E-02 0.9838E-11      8
  420    5     0       6      6      0  0.11708903E+02 -0.12897115E-06 0.1160E-07      5
  421    5     0       7      7      0  0.12230142E+02 -0.30208832E-02 0.1687E-10      9
  422    5     0       8      8      0  0.13471935E+02 -0.10108869E-01 0.4882E-11     11
  423    5     0       9      9      0  0.14733316E+02 -0.19180764E-01 0.8782E-11      9
  424    5     0      10     10      0  0.16012482E+02 -0.29237267E-01 0.2824E-11      8
  425    5     0      11     11      0  0.17302489E+02 -0.40011647E-01 0.5103E-11      9
  426    5     0      12     12      0  0.18595864E+02 -0.51161663E-01 0.2153E-11      9
  427    5     0      13     13      0  0.19887442E+02 -0.61937612E-01 0.6301E-11     10
  428    5     0      14     14      0  0.21175744E+02 -0.71328721E-01 0.2587E-11     10
  429    5     0      15     15      0  0.22460015E+02 -0.78751593E-01 0.4413E-11      7
  430    5     0      16     16      0  0.23740247E+02 -0.84192572E-01 0.2998E-11     10
  431    5     0      17     17      0  0.25018889E+02 -0.88339291E-01 0.2960E-11      6
  432    5     0      18     18      0  0.26298682E+02 -0.92709641E-01 0.4254E-11      9
  433    5     0      19     19      0  0.27582459E+02 -0.99447063E-01 0.1461E-11     10
  434    5     0      20     20      0  0.28870581E+02 -0.11049628E+00 0.3710E-11     10
  Time elapsed :      2.562 s

Mode Search
-----------

Mode parameters
   l : 6
   m : 0

Building frequency grid (REAL axis)
   added scan interval :  0.2801E+00 ->  0.8713E+01 (1000 points, INVERSE)
   added scan interval :  0.8713E+01 ->  0.3315E+02 (1000 points, LINEAR)

Building spatial grid
   Scaffold grid from model
   Split 0 subinterval(s) in iteration 1
   Final grid has 1 segment(s) and 7165 point(s):
      Segment 1 : x range 0.0000 -> 1.0010 (1 -> 7165)

Starting search (adiabatic)

Scanning frequencies
  Time elapsed :    22.557 s

Finding roots
  Time elapsed :      8.041 s

Processing modes
   id    l     m    n_pg    n_p    n_g       Re(omega)       Im(omega)        chi n_iter
  528    6     0     -20      0     20  0.14410205E+01  0.00000000E+00 0.8860E-14      7
  529    6     0     -19      0     19  0.14892898E+01  0.00000000E+00 0.5817E-14      6
  530    6     0     -18      0     18  0.15529028E+01  0.00000000E+00 0.4635E-13      6
  531    6     0     -17      0     17  0.16391064E+01  0.00000000E+00 0.4046E-15      6
  532    6     0     -16      0     16  0.17391281E+01  0.00000000E+00 0.3799E-13      6
  533    6     0     -15      0     15  0.18518150E+01  0.00000000E+00 0.1578E-13      6
  534    6     0     -14      0     14  0.19766992E+01  0.00000000E+00 0.4428E-14      6
  535    6     0     -13      0     13  0.21015293E+01  0.00000000E+00 0.3205E-13      7
  536    6     0     -12      0     12  0.21963997E+01  0.00000000E+00 0.2757E-13      7
  537    6     0     -11      0     11  0.23424130E+01  0.00000000E+00 0.3456E-13      7
  538    6     0     -10      0     10  0.25499206E+01  0.00000000E+00 0.4314E-13      6
  539    6     0      -9      0      9  0.28074681E+01  0.00000000E+00 0.2714E-13      6
  540    6     0      -8      0      8  0.31232538E+01  0.00000000E+00 0.4330E-15      8
  541    6     0      -7      0      7  0.34859904E+01  0.00000000E+00 0.1132E-13      8
  542    6     0      -6      0      6  0.36031213E+01  0.00000000E+00 0.8094E-13      8
  543    6     0      -5      0      5  0.39515470E+01  0.00000000E+00 0.3262E-14      6
  544    6     0      -4      0      4  0.42514555E+01  0.00000000E+00 0.4833E-14      7
  545    6     0      -3      1      4  0.47654759E+01  0.00000000E+00 0.2211E-13      8
  546    6     0      -2      1      3  0.49244680E+01  0.00000000E+00 0.9277E-14      8
  547    6     0      -1      1      2  0.55920804E+01  0.00000000E+00 0.2813E-14      8
  548    6     0       0      2      2  0.62458439E+01  0.00000000E+00 0.2614E-14      6
  549    6     0       1      2      1  0.67114649E+01  0.00000000E+00 0.7372E-14      7
  550    6     0       2      3      1  0.75603243E+01  0.00000000E+00 0.7871E-14      7
  551    6     0       3      4      1  0.88410251E+01  0.00000000E+00 0.1828E-12      5
  552    6     0       4      5      1  0.10071956E+02  0.00000000E+00 0.1813E-12      8
  553    6     0       5      6      1  0.11297807E+02  0.00000000E+00 0.3210E-13      6
  554    6     0       6      7      1  0.12545505E+02  0.00000000E+00 0.4000E-13      8
  555    6     0       7      7      0  0.12597842E+02  0.00000000E+00 0.3413E-12     10
  556    6     0       8      8      0  0.13812349E+02  0.00000000E+00 0.2527E-12      6
  557    6     0       9      9      0  0.15095474E+02  0.00000000E+00 0.2155E-12      6
  558    6     0      10     10      0  0.16393183E+02  0.00000000E+00 0.1708E-12      5
  559    6     0      11     11      0  0.17698289E+02  0.00000000E+00 0.2616E-12      6
  560    6     0      12     12      0  0.19004567E+02  0.00000000E+00 0.1329E-12      6
  561    6     0      13     13      0  0.20307587E+02  0.00000000E+00 0.2509E-12      5
  562    6     0      14     14      0  0.21606401E+02  0.00000000E+00 0.1052E-12      5
  563    6     0      15     15      0  0.22900551E+02  0.00000000E+00 0.2114E-12      5
  564    6     0      16     16      0  0.24190110E+02  0.00000000E+00 0.1279E-12      5
  565    6     0      17     17      0  0.25477903E+02  0.00000000E+00 0.2039E-12      5
  566    6     0      18     18      0  0.26767875E+02  0.00000000E+00 0.1178E-12      5
  567    6     0      19     19      0  0.28063581E+02  0.00000000E+00 0.3185E-12      5
  568    6     0      20     20      0  0.29366268E+02  0.00000000E+00 0.2583E-12      5
  Time elapsed :      1.848 s

Starting search (non-adiabatic)

Finding roots
  Time elapsed :     44.497 s

Processing modes
   id    l     m    n_pg    n_p    n_g       Re(omega)       Im(omega)        chi n_iter
  528    6     0     -20      0     20  0.14410205E+01 -0.40465678E-07 0.3266E-07      4
  529    6     0     -19      0     19  0.14892898E+01 -0.30735802E-07 0.5536E-08      4
  530    6     0     -18      0     18  0.15529028E+01 -0.35164065E-07 0.1380E-07      4
  531    6     0     -17      0     17  0.16391064E+01 -0.31179768E-07 0.1760E-07      6
  532    6     0     -16      0     16  0.17391281E+01 -0.25927783E-07 0.4416E-07      4
  533    6     0     -15      0     15  0.18518150E+01 -0.20819767E-07 0.2355E-07      8
  534    6     0     -14      0     14  0.19766992E+01 -0.15798954E-07 0.6603E-07      5
  535    6     0     -13      0     13  0.21015293E+01 -0.10231960E-07 0.1637E-06      6
  536    6     0     -12      0     12  0.21963997E+01 -0.80106762E-08 0.1856E-06      5
  537    6     0     -11      0     11  0.23424130E+01 -0.78349902E-08 0.1634E-06      3
  538    6     0     -10      0     10  0.25499206E+01 -0.57940399E-08 0.1054E-06      4
  539    6     0      -9      0      9  0.28074681E+01 -0.34560466E-08 0.3659E-06      5
  540    6     0      -8      0      8  0.31232538E+01  0.23326800E-08 0.3389E-06      4
  541    6     0      -7      0      7  0.34859906E+01  0.20056590E-06 0.3107E-07      6
  542    6     0      -6      0      6  0.36031219E+01  0.69171379E-06 0.2388E-07      6
  543    6     0      -5      0      5  0.39515471E+01  0.36584362E-07 0.1539E-06      8
  544    6     0      -4      0      4  0.42514556E+01  0.29224746E-07 0.1715E-06      5
  545    6     0      -3      1      4  0.47654761E+01  0.89494776E-06 0.8415E-08      6
  546    6     0      -2      1      3  0.49244710E+01  0.17613848E-04 0.3148E-08      6
  547    6     0      -1      1      2  0.55920803E+01  0.32346709E-06 0.7493E-08      7
  548    6     0       0      2      2  0.62457745E+01  0.11988716E-03 0.3557E-09      7
  549    6     0       1      2      1  0.67114641E+01  0.89650413E-06 0.3276E-07      8
  550    6     0       2      3      1  0.75597070E+01  0.48231296E-03 0.1042E-09      9
  551    6     0       3      4      1  0.88381154E+01  0.13277309E-02 0.2266E-10      6
  552    6     0       4      5      1  0.10063417E+02  0.19707120E-02 0.8542E-11      8
  553    6     0       5      6      1  0.11281118E+02  0.41492428E-03 0.8469E-11      8
  554    6     0       6      7      1  0.12520370E+02 -0.44858515E-02 0.4557E-11     11
  555    6     0       7      7      0  0.12597834E+02 -0.93197338E-06 0.9491E-09      6
  556    6     0       8      8      0  0.13779954E+02 -0.12312979E-01 0.2520E-11     11
  557    6     0       9      9      0  0.15057652E+02 -0.21850957E-01 0.1112E-10      7
  558    6     0      10     10      0  0.16351111E+02 -0.32253136E-01 0.9241E-11     10
  559    6     0      11     11      0  0.17652070E+02 -0.43304012E-01 0.4288E-11      9
  560    6     0      12     12      0  0.18953841E+02 -0.54564592E-01 0.2463E-11      9
  561    6     0      13     13      0  0.20252006E+02 -0.65118362E-01 0.3534E-11     10
  562    6     0      14     14      0  0.21545805E+02 -0.74046922E-01 0.3746E-11      8
  563    6     0      15     15      0  0.22834967E+02 -0.80914696E-01 0.7683E-12     10
  564    6     0      16     16      0  0.24119823E+02 -0.85841606E-01 0.3382E-11     10
  565    6     0      17     17      0  0.25403177E+02 -0.89870670E-01 0.1918E-11      7
  566    6     0      18     18      0  0.26688463E+02 -0.94734781E-01 0.1087E-11      8
  567    6     0      19     19      0  0.27977890E+02 -0.10264041E+00 0.1140E-11      7
  568    6     0      20     20      0  0.29270893E+02 -0.11532889E+00 0.4762E-11     12
  Time elapsed :      2.654 s

Mode Search
-----------

Mode parameters
   l : 3
   m : 0

Building frequency grid (REAL axis)
   added scan interval :  0.5233E+00 ->  0.2105E+01 (3000 points, INVERSE)

Building spatial grid
   Scaffold grid from model
   Split 0 subinterval(s) in iteration 1
   Final grid has 1 segment(s) and 7165 point(s):
      Segment 1 : x range 0.0000 -> 1.0010 (1 -> 7165)

Starting search (adiabatic)

Scanning frequencies
  Time elapsed :    33.981 s

Finding roots
  Time elapsed :      1.402 s

Processing modes
   id    l     m    n_pg    n_p    n_g       Re(omega)       Im(omega)        chi n_iter
  573    3     0     -28      0     28  0.57308428E+00  0.00000000E+00 0.1044E-11      5
  574    3     0     -27      0     27  0.59415472E+00  0.00000000E+00 0.2355E-12      5
  575    3     0     -26      0     26  0.61104297E+00  0.00000000E+00 0.1291E-12      5
  576    3     0     -25      0     25  0.63024143E+00  0.00000000E+00 0.2833E-12      5
  577    3     0     -24      0     24  0.65657375E+00  0.00000000E+00 0.1545E-12      5
  578    3     0     -23      0     23  0.68681230E+00  0.00000000E+00 0.1529E-12      5
  579    3     0     -22      0     22  0.72004661E+00  0.00000000E+00 0.5189E-13      5
  580    3     0     -21      0     21  0.75537010E+00  0.00000000E+00 0.6186E-12      5
  Time elapsed :      0.432 s

Starting search (non-adiabatic)

Finding roots
  Time elapsed :      6.673 s

Processing modes
   id    l     m    n_pg    n_p    n_g       Re(omega)       Im(omega)        chi n_iter
  573    3     0     -28      0     28  0.57308438E+00 -0.23864216E-06 0.1644E-08      6
  574    3     0     -27      0     27  0.59415481E+00 -0.16171217E-06 0.1466E-08      5
  575    3     0     -26      0     26  0.61104303E+00 -0.10551229E-06 0.6194E-08      6
  576    3     0     -25      0     25  0.63024151E+00 -0.11960232E-06 0.5818E-08      5
  577    3     0     -24      0     24  0.65657383E+00 -0.10496462E-06 0.6044E-08      5
  578    3     0     -23      0     23  0.68681236E+00 -0.83041468E-07 0.7401E-08      4
  579    3     0     -22      0     22  0.72004665E+00 -0.63437759E-07 0.2905E-07      4
  580    3     0     -21      0     21  0.75537013E+00 -0.46189803E-07 0.1075E-07      4
  Time elapsed :      0.551 s

Mode Search
-----------

Mode parameters
   l : 4
   m : 0

Building frequency grid (REAL axis)
   added scan interval :  0.5233E+00 ->  0.2105E+01 (3000 points, INVERSE)

Building spatial grid
   Scaffold grid from model
   Split 0 subinterval(s) in iteration 1
   Final grid has 1 segment(s) and 7165 point(s):
      Segment 1 : x range 0.0000 -> 1.0010 (1 -> 7165)

Starting search (adiabatic)

Scanning frequencies
  Time elapsed :    34.008 s

Finding roots
  Time elapsed :      1.748 s

Processing modes
   id    l     m    n_pg    n_p    n_g       Re(omega)       Im(omega)        chi n_iter
  598    4     0     -36      0     36  0.57619964E+00  0.00000000E+00 0.5637E-13      5
  599    4     0     -35      0     35  0.59383105E+00  0.00000000E+00 0.6511E-12      5
  600    4     0     -34      0     34  0.61242618E+00  0.00000000E+00 0.4609E-13      5
  601    4     0     -33      0     33  0.63049912E+00  0.00000000E+00 0.2896E-13      5
  602    4     0     -32      0     32  0.64499543E+00  0.00000000E+00 0.7719E-12      5
  603    4     0     -31      0     31  0.66213197E+00  0.00000000E+00 0.2311E-12      5
  604    4     0     -30      0     30  0.68461090E+00  0.00000000E+00 0.2665E-12      5
  605    4     0     -29      0     29  0.70982723E+00  0.00000000E+00 0.1950E-12      5
  606    4     0     -28      0     28  0.73682773E+00  0.00000000E+00 0.4508E-12      5
  607    4     0     -27      0     27  0.76385157E+00  0.00000000E+00 0.7172E-12      5
  608    4     0     -26      0     26  0.78566451E+00  0.00000000E+00 0.3150E-13      5
  609    4     0     -25      0     25  0.80986211E+00  0.00000000E+00 0.4906E-12      5
  610    4     0     -24      0     24  0.84321383E+00  0.00000000E+00 0.2564E-12      5
  611    4     0     -23      0     23  0.88159636E+00  0.00000000E+00 0.1255E-12      5
  612    4     0     -22      0     22  0.92379823E+00  0.00000000E+00 0.3084E-12      5
  613    4     0     -21      0     21  0.96882369E+00  0.00000000E+00 0.5617E-12      5
  Time elapsed :      0.556 s

Starting search (non-adiabatic)

Finding roots
  Time elapsed :     12.568 s

Processing modes
   id    l     m    n_pg    n_p    n_g       Re(omega)       Im(omega)        chi n_iter
  599    4     0     -36      0     36  0.59383088E+00 -0.17175442E-05 0.4461E-10      4
  600    4     0     -35      0     35  0.61242612E+00 -0.12227150E-05 0.7074E-09      5
  601    4     0     -34      0     34  0.63049913E+00 -0.76041658E-06 0.2641E-08      4
  602    4     0     -32      0     32  0.64499547E+00 -0.49647891E-06 0.2207E-08      6
  603    4     0     -31      0     31  0.66213206E+00 -0.53061604E-06 0.9570E-09      5
  604    4     0     -30      0     30  0.68461103E+00 -0.43593319E-06 0.1524E-08      4
  605    4     0     -29      0     29  0.70982737E+00 -0.33003902E-06 0.5972E-08      5
  606    4     0     -28      0     28  0.73682787E+00 -0.24331432E-06 0.2589E-08      5
  607    4     0     -27      0     27  0.76385168E+00 -0.16376617E-06 0.3532E-08      5
  608    4     0     -26      0     26  0.78566459E+00 -0.10451774E-06 0.6809E-08      6
  609    4     0     -25      0     25  0.80986220E+00 -0.11696331E-06 0.4034E-08      4
  610    4     0     -24      0     24  0.84321391E+00 -0.10302751E-06 0.1221E-07      5
  611    4     0     -23      0     23  0.88159643E+00 -0.81924164E-07 0.1689E-07      4
  612    4     0     -22      0     22  0.92379827E+00 -0.63374445E-07 0.1697E-07      5
  613    4     0     -21      0     21  0.96882372E+00 -0.47270316E-07 0.2470E-07      4
  Time elapsed :      0.870 s

Mode Search
-----------

Mode parameters
   l : 5
   m : 0

Building frequency grid (REAL axis)
   added scan interval :  0.5233E+00 ->  0.2105E+01 (3000 points, INVERSE)

Building spatial grid
   Scaffold grid from model
   Split 0 subinterval(s) in iteration 1
   Final grid has 1 segment(s) and 7165 point(s):
      Segment 1 : x range 0.0000 -> 1.0010 (1 -> 7165)

Starting search (adiabatic)

Scanning frequencies
  Time elapsed :    33.699 s

Finding roots
  Time elapsed :      2.126 s

Processing modes
   id    l     m    n_pg    n_p    n_g       Re(omega)       Im(omega)        chi n_iter
  631    5     0     -44      0     44  0.58278008E+00  0.00000000E+00 0.1834E-12      5
  632    5     0     -43      0     43  0.59365482E+00  0.00000000E+00 0.9202E-12      5
  633    5     0     -42      0     42  0.60785797E+00  0.00000000E+00 0.9955E-13      5
  634    5     0     -41      0     41  0.62369908E+00  0.00000000E+00 0.3087E-13      5
  635    5     0     -40      0     40  0.64028786E+00  0.00000000E+00 0.2571E-12      5
  636    5     0     -39      0     39  0.65615275E+00  0.00000000E+00 0.3579E-12      5
  637    5     0     -38      0     38  0.66884409E+00  0.00000000E+00 0.4000E-12      5
  638    5     0     -37      0     37  0.68397974E+00  0.00000000E+00 0.5061E-12      6
  639    5     0     -36      0     36  0.70335857E+00  0.00000000E+00 0.1880E-12      5
  640    5     0     -35      0     35  0.72476218E+00  0.00000000E+00 0.1524E-12      5
  641    5     0     -34      0     34  0.74731998E+00  0.00000000E+00 0.4569E-12      5
  642    5     0     -33      0     33  0.76926812E+00  0.00000000E+00 0.2075E-12      5
  643    5     0     -32      0     32  0.78692069E+00  0.00000000E+00 0.1396E-12      5
  644    5     0     -31      0     31  0.80761613E+00  0.00000000E+00 0.1088E-12      5
  645    5     0     -30      0     30  0.83477017E+00  0.00000000E+00 0.2444E-12      5
  646    5     0     -29      0     29  0.86524478E+00  0.00000000E+00 0.1008E-12      5
  647    5     0     -28      0     28  0.89790546E+00  0.00000000E+00 0.1252E-12      5
  648    5     0     -27      0     27  0.93082748E+00  0.00000000E+00 0.1590E-12      5
  649    5     0     -26      0     26  0.95775649E+00  0.00000000E+00 0.6449E-12      5
  650    5     0     -25      0     25  0.98632368E+00  0.00000000E+00 0.3608E-12      6
  651    5     0     -24      0     24  0.10260824E+01  0.00000000E+00 0.6482E-13      5
  652    5     0     -23      0     23  0.10720768E+01  0.00000000E+00 0.6827E-13      4
  653    5     0     -22      0     22  0.11227006E+01  0.00000000E+00 0.4096E-12      5
  654    5     0     -21      0     21  0.11769674E+01  0.00000000E+00 0.4384E-12      5
  Time elapsed :      0.741 s

Starting search (non-adiabatic)

Finding roots
  Time elapsed :     21.024 s

Processing modes
   id    l     m    n_pg    n_p    n_g       Re(omega)       Im(omega)        chi n_iter
  632    5     0     -44      0     44  0.59365435E+00 -0.72549963E-05 0.1587E-10      7
  633    5     0     -43      0     43  0.60785752E+00 -0.70022679E-05 0.5515E-10      6
  634    5     0     -42      0     42  0.62369871E+00 -0.59264137E-05 0.1311E-09      5
  635    5     0     -41      0     41  0.64028759E+00 -0.46923011E-05 0.3690E-10      6
  636    5     0     -40      0     40  0.65615259E+00 -0.31869399E-05 0.2010E-09      9
  637    5     0     -39      0     39  0.66884399E+00 -0.22875165E-05 0.4936E-09      5
  638    5     0     -38      0     38  0.68397966E+00 -0.25788960E-05 0.6760E-09      4
  639    5     0     -37      0     37  0.70335857E+00 -0.22040319E-05 0.1586E-09      5
  640    5     0     -36      0     36  0.72476225E+00 -0.16802215E-05 0.1405E-08      4
  641    5     0     -35      0     35  0.74732010E+00 -0.12029650E-05 0.1228E-09      5
  642    5     0     -33      0     33  0.76926825E+00 -0.75666572E-06 0.7832E-09      6
  643    5     0     -32      0     32  0.78692081E+00 -0.49534933E-06 0.1321E-08      5
  644    5     0     -31      0     31  0.80761630E+00 -0.53177367E-06 0.1681E-08      5
  645    5     0     -30      0     30  0.83477036E+00 -0.44065943E-06 0.3140E-08      6
  646    5     0     -29      0     29  0.86524496E+00 -0.33471611E-06 0.2898E-09      6
  647    5     0     -28      0     28  0.89790562E+00 -0.24722177E-06 0.4460E-09      4
  648    5     0     -27      0     27  0.93082760E+00 -0.16854921E-06 0.5763E-08      5
  649    5     0     -26      0     26  0.95775657E+00 -0.10542707E-06 0.1533E-07      5
  650    5     0     -25      0     25  0.98632377E+00 -0.11710149E-06 0.3353E-08      5
  651    5     0     -24      0     24  0.10260825E+01 -0.10570783E-06 0.1433E-07      6
  652    5     0     -23      0     23  0.10720769E+01 -0.85493889E-07 0.1866E-07      6
  653    5     0     -22      0     22  0.11227006E+01 -0.67405889E-07 0.1882E-07      4
  654    5     0     -21      0     21  0.11769675E+01 -0.51599621E-07 0.2820E-07      6
  Time elapsed :      1.511 s

Mode Search
-----------

Mode parameters
   l : 6
   m : 0

Building frequency grid (REAL axis)
   added scan interval :  0.5233E+00 ->  0.2105E+01 (3000 points, INVERSE)

Building spatial grid
   Scaffold grid from model
   Split 0 subinterval(s) in iteration 1
   Final grid has 1 segment(s) and 7165 point(s):
      Segment 1 : x range 0.0000 -> 1.0010 (1 -> 7165)

Starting search (adiabatic)

Scanning frequencies
  Time elapsed :    33.916 s

Finding roots
  Time elapsed :      2.704 s

Processing modes
   id    l     m    n_pg    n_p    n_g       Re(omega)       Im(omega)        chi n_iter
  671    6     0     -52      0     52  0.58726161E+00  0.00000000E+00 0.7347E-12      5
  672    6     0     -51      0     51  0.59916441E+00  0.00000000E+00 0.7339E-12      5
  673    6     0     -50      0     50  0.60940912E+00  0.00000000E+00 0.6120E-13      5
  674    6     0     -49      0     49  0.61904610E+00  0.00000000E+00 0.4049E-12      5
  675    6     0     -48      0     48  0.63159975E+00  0.00000000E+00 0.2642E-12      5
  676    6     0     -47      0     47  0.64588243E+00  0.00000000E+00 0.5676E-12      5
  677    6     0     -46      0     46  0.66085680E+00  0.00000000E+00 0.3188E-12      5
  678    6     0     -45      0     45  0.67534013E+00  0.00000000E+00 0.6561E-12      5
  679    6     0     -44      0     44  0.68716728E+00  0.00000000E+00 0.7671E-12      5
  680    6     0     -43      0     43  0.70022376E+00  0.00000000E+00 0.1080E-13      6
  681    6     0     -42      0     42  0.71703131E+00  0.00000000E+00 0.2486E-12      5
  682    6     0     -41      0     41  0.73563903E+00  0.00000000E+00 0.2024E-12      5
  683    6     0     -40      0     40  0.75507060E+00  0.00000000E+00 0.4483E-12      5
  684    6     0     -39      0     39  0.77357395E+00  0.00000000E+00 0.8170E-13      5
  685    6     0     -38      0     38  0.78842818E+00  0.00000000E+00 0.1576E-12      5
  686    6     0     -37      0     37  0.80627975E+00  0.00000000E+00 0.3383E-12      6
  687    6     0     -36      0     36  0.82898801E+00  0.00000000E+00 0.4589E-12      5
  688    6     0     -35      0     35  0.85403640E+00  0.00000000E+00 0.1933E-12      5
  689    6     0     -34      0     34  0.88045041E+00  0.00000000E+00 0.3540E-12      5
  690    6     0     -33      0     33  0.90628391E+00  0.00000000E+00 0.2115E-12      6
  691    6     0     -32      0     32  0.92715766E+00  0.00000000E+00 0.8322E-12      5
  692    6     0     -31      0     31  0.95103891E+00  0.00000000E+00 0.5362E-13      5
  693    6     0     -30      0     30  0.98255836E+00  0.00000000E+00 0.4761E-12      5
  694    6     0     -29      0     29  0.10180291E+01  0.00000000E+00 0.6877E-12      5
  695    6     0     -28      0     28  0.10561108E+01  0.00000000E+00 0.3458E-12      5
  696    6     0     -27      0     27  0.10948536E+01  0.00000000E+00 0.3722E-12      6
  697    6     0     -26      0     26  0.11272416E+01  0.00000000E+00 0.3252E-12      5
  698    6     0     -25      0     25  0.11594699E+01  0.00000000E+00 0.2551E-12      5
  699    6     0     -24      0     24  0.12048280E+01  0.00000000E+00 0.1824E-13      6
  700    6     0     -23      0     23  0.12577941E+01  0.00000000E+00 0.3290E-12      5
  701    6     0     -22      0     22  0.13161971E+01  0.00000000E+00 0.6727E-12      5
  702    6     0     -21      0     21  0.13791135E+01  0.00000000E+00 0.9038E-13      5
  Time elapsed :      0.864 s

Starting search (non-adiabatic)

Finding roots
  Time elapsed :     25.497 s

Processing modes
   id    l     m    n_pg    n_p    n_g       Re(omega)       Im(omega)        chi n_iter
  672    6     0     -52      0     52  0.59916379E+00 -0.19800086E-04 0.2571E-10      6
  673    6     0     -51      0     51  0.60940878E+00 -0.13687951E-04 0.6034E-10      8
  674    6     0     -50      0     50  0.61904582E+00 -0.14648873E-04 0.8090E-10      4
  675    6     0     -49      0     49  0.63159955E+00 -0.15332527E-04 0.1917E-10      6
  676    6     0     -48      0     48  0.64588234E+00 -0.13788593E-04 0.9114E-11      5
  677    6     0     -47      0     47  0.66085678E+00 -0.11668595E-04 0.1355E-09      5
  678    6     0     -46      0     46  0.67534015E+00 -0.87071594E-05 0.1915E-10      6
  679    6     0     -45      0     45  0.68716732E+00 -0.62780582E-05 0.6509E-10      7
  680    6     0     -44      0     44  0.70022382E+00 -0.73162095E-05 0.6390E-10      4
  681    6     0     -43      0     43  0.71703141E+00 -0.69125290E-05 0.7547E-10      4
  682    6     0     -42      0     42  0.73563915E+00 -0.57999575E-05 0.5811E-11      4
  683    6     0     -41      0     41  0.75507074E+00 -0.45648545E-05 0.1492E-09      4
  684    6     0     -40      0     40  0.77357409E+00 -0.30825538E-05 0.3083E-09      4
  685    6     0     -39      0     39  0.78842831E+00 -0.22475995E-05 0.4585E-09      5
  686    6     0     -38      0     38  0.80627996E+00 -0.25129899E-05 0.8106E-10      5
  687    6     0     -37      0     37  0.82898826E+00 -0.21407192E-05 0.9785E-09      5
  688    6     0     -36      0     36  0.85403668E+00 -0.16343390E-05 0.9426E-09      4
  689    6     0     -34      0     34  0.88045069E+00 -0.11769972E-05 0.8093E-09      4
  690    6     0     -33      0     33  0.90628414E+00 -0.75211841E-06 0.3385E-08      5
  691    6     0     -32      0     32  0.92715784E+00 -0.48573587E-06 0.2206E-08      4
  692    6     0     -31      0     31  0.95103914E+00 -0.52419830E-06 0.1292E-08      5
  693    6     0     -30      0     30  0.98255860E+00 -0.44147666E-06 0.3023E-08      6
  694    6     0     -29      0     29  0.10180294E+01 -0.33860423E-06 0.5413E-08      6
  695    6     0     -28      0     28  0.10561110E+01 -0.25287331E-06 0.3147E-08      5
  696    6     0     -27      0     27  0.10948538E+01 -0.17700191E-06 0.8290E-08      4
  697    6     0     -26      0     26  0.11272417E+01 -0.10933780E-06 0.8913E-08      5
  698    6     0     -25      0     25  0.11594700E+01 -0.11947329E-06 0.5152E-08      5
  699    6     0     -24      0     24  0.12048281E+01 -0.11247303E-06 0.2553E-07      5
  700    6     0     -23      0     23  0.12577942E+01 -0.93138647E-07 0.2144E-08      5
  701    6     0     -22      0     22  0.13161971E+01 -0.74906970E-07 0.1955E-07      4
  702    6     0     -21      0     21  0.13791135E+01 -0.58657110E-07 0.5130E-07      5
  Time elapsed :      1.803 s

Mode Search
-----------

Mode parameters
   l : 7
   m : 0

Building frequency grid (REAL axis)
   added scan interval :  0.5233E+00 ->  0.2105E+01 (3000 points, INVERSE)

Building spatial grid
   Scaffold grid from model
   Split 11 subinterval(s) in iteration 1
   Split 0 subinterval(s) in iteration 2
   Final grid has 1 segment(s) and 7176 point(s):
      Segment 1 : x range 0.0000 -> 1.0010 (1 -> 7176)

Starting search (adiabatic)

Scanning frequencies
  Time elapsed :    34.040 s

Finding roots
  Time elapsed :      3.033 s

Processing modes
   id    l     m    n_pg    n_p    n_g       Re(omega)       Im(omega)        chi n_iter
  718    7     0     -60      0     60  0.58714952E+00  0.00000000E+00 0.4914E-13      5
  719    7     0     -59      0     59  0.59759766E+00  0.00000000E+00 0.2280E-12      5
  720    7     0     -58      0     58  0.60870236E+00  0.00000000E+00 0.2036E-12      5
  721    7     0     -57      0     57  0.61987100E+00  0.00000000E+00 0.1943E-12      6
  722    7     0     -56      0     56  0.62985956E+00  0.00000000E+00 0.3733E-13      5
  723    7     0     -55      0     55  0.63873938E+00  0.00000000E+00 0.3233E-12      5
  724    7     0     -54      0     54  0.64986661E+00  0.00000000E+00 0.1429E-12      5
  725    7     0     -53      0     53  0.66278938E+00  0.00000000E+00 0.2160E-12      5
  726    7     0     -52      0     52  0.67645897E+00  0.00000000E+00 0.5067E-13      5
  727    7     0     -51      0     51  0.68999155E+00  0.00000000E+00 0.1202E-12      5
  728    7     0     -50      0     50  0.70147956E+00  0.00000000E+00 0.4335E-12      5
  729    7     0     -49      0     49  0.71268514E+00  0.00000000E+00 0.7982E-13      6
  730    7     0     -48      0     48  0.72724959E+00  0.00000000E+00 0.3537E-12      5
  731    7     0     -47      0     47  0.74364760E+00  0.00000000E+00 0.1740E-12      5
  732    7     0     -46      0     46  0.76076229E+00  0.00000000E+00 0.3082E-12      5
  733    7     0     -45      0     45  0.77717903E+00  0.00000000E+00 0.1551E-12      6
  734    7     0     -44      0     44  0.79058069E+00  0.00000000E+00 0.2844E-12      5
  735    7     0     -43      0     43  0.80576463E+00  0.00000000E+00 0.9680E-14      5
  736    7     0     -42      0     42  0.82508618E+00  0.00000000E+00 0.1119E-12      5
  737    7     0     -41      0     41  0.84637855E+00  0.00000000E+00 0.4416E-12      5
  738    7     0     -40      0     40  0.86858301E+00  0.00000000E+00 0.3025E-12      6
  739    7     0     -39      0     39  0.88973257E+00  0.00000000E+00 0.1918E-12      6
  740    7     0     -38      0     38  0.90676387E+00  0.00000000E+00 0.7423E-12      5
  741    7     0     -37      0     37  0.92710269E+00  0.00000000E+00 0.2232E-12      6
  742    7     0     -36      0     36  0.95296170E+00  0.00000000E+00 0.6257E-13      5
  743    7     0     -35      0     35  0.98150926E+00  0.00000000E+00 0.3103E-12      5
  744    7     0     -34      0     34  0.10116622E+01  0.00000000E+00 0.5254E-12      5
  745    7     0     -33      0     33  0.10414020E+01  0.00000000E+00 0.2462E-12      6
  746    7     0     -32      0     32  0.10656432E+01  0.00000000E+00 0.4277E-12      5
  747    7     0     -31      0     31  0.10922533E+01  0.00000000E+00 0.1118E-12      5
  748    7     0     -30      0     30  0.11277453E+01  0.00000000E+00 0.1030E-12      6
  749    7     0     -29      0     29  0.11679050E+01  0.00000000E+00 0.3333E-12      5
  750    7     0     -28      0     28  0.12111261E+01  0.00000000E+00 0.1361E-12      5
  751    7     0     -27      0     27  0.12555410E+01  0.00000000E+00 0.8823E-13      6
  752    7     0     -26      0     26  0.12938559E+01  0.00000000E+00 0.7914E-13      5
  753    7     0     -25      0     25  0.13291236E+01  0.00000000E+00 0.2329E-12      6
  754    7     0     -24      0     24  0.13790136E+01  0.00000000E+00 0.3924E-12      6
  755    7     0     -23      0     23  0.14381862E+01  0.00000000E+00 0.1346E-12      5
  756    7     0     -22      0     22  0.15036239E+01  0.00000000E+00 0.3088E-12      5
  757    7     0     -21      0     21  0.15744460E+01  0.00000000E+00 0.2238E-12      5
  758    7     0     -20      0     20  0.16463464E+01  0.00000000E+00 0.3484E-12      6
  Time elapsed :      1.051 s

Starting search (non-adiabatic)

Finding roots
  Time elapsed :     34.502 s

Processing modes
   id    l     m    n_pg    n_p    n_g       Re(omega)       Im(omega)        chi n_iter
  719    7     0     -60      0     60  0.59759468E+00 -0.54136363E-04 0.5064E-11      6
  720    7     0     -59      0     59  0.60870044E+00 -0.48241238E-04 0.6180E-11      5
  721    7     0     -58      0     58  0.61986995E+00 -0.40247241E-04 0.2490E-10      5
  722    7     0     -57      0     57  0.62985913E+00 -0.29036655E-04 0.3036E-10      7
  723    7     0     -56      0     56  0.63873919E+00 -0.28202486E-04 0.2804E-10      5
  724    7     0     -55      0     55  0.64986674E+00 -0.30862109E-04 0.1137E-10      5
  725    7     0     -54      0     54  0.66278981E+00 -0.28593766E-04 0.1851E-10      6
  726    7     0     -53      0     53  0.67645959E+00 -0.24776571E-04 0.1243E-10      5
  727    7     0     -52      0     52  0.68999222E+00 -0.19565041E-04 0.1860E-10      6
  728    7     0     -51      0     51  0.70148010E+00 -0.13592095E-04 0.5278E-10      5
  729    7     0     -50      0     50  0.71268583E+00 -0.14986544E-04 0.4041E-10      4
  730    7     0     -49      0     49  0.72725040E+00 -0.15346292E-04 0.8047E-10      6
  731    7     0     -48      0     48  0.74364842E+00 -0.13679695E-04 0.4661E-10      6
  732    7     0     -47      0     47  0.76076305E+00 -0.11490719E-04 0.1178E-09      5
  733    7     0     -46      0     46  0.77717963E+00 -0.84544271E-05 0.1051E-09      6
  734    7     0     -45      0     45  0.79058117E+00 -0.62568665E-05 0.4386E-10      5
  735    7     0     -44      0     44  0.80576522E+00 -0.72461121E-05 0.2484E-10      6
  736    7     0     -43      0     43  0.82508679E+00 -0.67483349E-05 0.6008E-10      5
  737    7     0     -42      0     42  0.84637913E+00 -0.56306650E-05 0.2582E-09      5
  738    7     0     -41      0     41  0.86858353E+00 -0.44216541E-05 0.1376E-09      5
  739    7     0     -40      0     40  0.88973298E+00 -0.29934595E-05 0.1218E-09      5
  740    7     0     -39      0     39  0.90676421E+00 -0.21790766E-05 0.3581E-09      5
  741    7     0     -38      0     38  0.92710314E+00 -0.24268662E-05 0.7780E-09      4
  742    7     0     -37      0     37  0.95296217E+00 -0.20709999E-05 0.6588E-09      5
  743    7     0     -35      0     35  0.98150971E+00 -0.15850587E-05 0.1525E-08      6
  744    7     0     -34      0     34  0.10116626E+01 -0.11496546E-05 0.4402E-09      4
  745    7     0     -33      0     33  0.10414023E+01 -0.75057249E-06 0.1096E-08      5
  746    7     0     -32      0     32  0.10656435E+01 -0.47361447E-06 0.1097E-08      5
  747    7     0     -31      0     31  0.10922536E+01 -0.51231374E-06 0.5130E-09      7
  748    7     0     -30      0     30  0.11277456E+01 -0.44253674E-06 0.9738E-09      6
  749    7     0     -29      0     29  0.11679053E+01 -0.34470763E-06 0.1485E-08      4
  750    7     0     -28      0     28  0.12111263E+01 -0.26206781E-06 0.5253E-08      5
  751    7     0     -27      0     27  0.12555412E+01 -0.18997507E-06 0.8866E-08      5
  752    7     0     -26      0     26  0.12938560E+01 -0.11792182E-06 0.1414E-07      4
  753    7     0     -25      0     25  0.13291237E+01 -0.12338081E-06 0.8295E-08      5
  754    7     0     -24      0     24  0.13790137E+01 -0.12289340E-06 0.7753E-08      5
  755    7     0     -23      0     23  0.14381862E+01 -0.10436245E-06 0.1625E-07      4
  756    7     0     -22      0     22  0.15036240E+01 -0.85280419E-07 0.2296E-07      6
  757    7     0     -21      0     21  0.15744460E+01 -0.67860722E-07 0.2279E-07      5
  758    7     0     -20      0     20  0.16463464E+01 -0.49054650E-07 0.2565E-07      6
  Time elapsed :      2.581 s

Mode Search
-----------

Mode parameters
   l : 8
   m : 0

Building frequency grid (REAL axis)
   added scan interval :  0.5233E+00 ->  0.2105E+01 (3000 points, INVERSE)

Building spatial grid
   Scaffold grid from model
   Split 13 subinterval(s) in iteration 1
   Split 0 subinterval(s) in iteration 2
   Final grid has 1 segment(s) and 7178 point(s):
      Segment 1 : x range 0.0000 -> 1.0010 (1 -> 7178)

Starting search (adiabatic)

Scanning frequencies
  Time elapsed :    33.970 s

Finding roots
  Time elapsed :      3.378 s

Processing modes
   id    l     m    n_pg    n_p    n_g       Re(omega)       Im(omega)        chi n_iter
  772    8     0     -68      0     68  0.59020787E+00  0.00000000E+00 0.5699E-12      5
  773    8     0     -67      0     67  0.59735888E+00  0.00000000E+00 0.5248E-12      6
  774    8     0     -66      0     66  0.60583247E+00  0.00000000E+00 0.3528E-12      6
  775    8     0     -65      0     65  0.61560372E+00  0.00000000E+00 0.1346E-12      5
  776    8     0     -64      0     64  0.62595498E+00  0.00000000E+00 0.1759E-12      5
  777    8     0     -63      0     63  0.63636170E+00  0.00000000E+00 0.2616E-12      5
  778    8     0     -62      0     62  0.64581675E+00  0.00000000E+00 0.1502E-12      5
  779    8     0     -61      0     61  0.65423833E+00  0.00000000E+00 0.9008E-14      6
  780    8     0     -60      0     60  0.66439304E+00  0.00000000E+00 0.5941E-13      6
  781    8     0     -59      0     59  0.67618515E+00  0.00000000E+00 0.1716E-12      5
  782    8     0     -58      0     58  0.68868786E+00  0.00000000E+00 0.2388E-12      5
  783    8     0     -57      0     57  0.70121184E+00  0.00000000E+00 0.7876E-13      6
  784    8     0     -56      0     56  0.71230209E+00  0.00000000E+00 0.2651E-12      5
  785    8     0     -55      0     55  0.72232568E+00  0.00000000E+00 0.3151E-12      6
  786    8     0     -54      0     54  0.73498435E+00  0.00000000E+00 0.1705E-12      6
  787    8     0     -53      0     53  0.74956549E+00  0.00000000E+00 0.3376E-12      5
  788    8     0     -52      0     52  0.76492849E+00  0.00000000E+00 0.7808E-12      5
  789    8     0     -51      0     51  0.78003051E+00  0.00000000E+00 0.4547E-12      6
  790    8     0     -50      0     50  0.79272421E+00  0.00000000E+00 0.2577E-12      5
  791    8     0     -49      0     49  0.80550745E+00  0.00000000E+00 0.2247E-12      6
  792    8     0     -48      0     48  0.82203342E+00  0.00000000E+00 0.4046E-13      5
  793    8     0     -47      0     47  0.84049024E+00  0.00000000E+00 0.1955E-13      5
  794    8     0     -46      0     46  0.85968943E+00  0.00000000E+00 0.6746E-13      5
  795    8     0     -45      0     45  0.87801346E+00  0.00000000E+00 0.3976E-12      6
  796    8     0     -44      0     44  0.89300914E+00  0.00000000E+00 0.2330E-12      6
  797    8     0     -43      0     43  0.91020742E+00  0.00000000E+00 0.8722E-13      6
  798    8     0     -42      0     42  0.93193084E+00  0.00000000E+00 0.2670E-12      5
  799    8     0     -41      0     41  0.95581544E+00  0.00000000E+00 0.2919E-12      5
  800    8     0     -40      0     40  0.98072111E+00  0.00000000E+00 0.5601E-12      6
  801    8     0     -39      0     39  0.10045524E+01  0.00000000E+00 0.1116E-12      5
  802    8     0     -38      0     38  0.10238000E+01  0.00000000E+00 0.1558E-12      5
  803    8     0     -37      0     37  0.10463311E+01  0.00000000E+00 0.3341E-13      5
  804    8     0     -36      0     36  0.10751237E+01  0.00000000E+00 0.6179E-12      6
  805    8     0     -35      0     35  0.11070049E+01  0.00000000E+00 0.5822E-12      5
  806    8     0     -34      0     34  0.11407615E+01  0.00000000E+00 0.5631E-15      5
  807    8     0     -33      0     33  0.11744070E+01  0.00000000E+00 0.1599E-12      6
  808    8     0     -32      0     32  0.12022680E+01  0.00000000E+00 0.1520E-12      4
  809    8     0     -31      0     31  0.12311141E+01  0.00000000E+00 0.1083E-12      6
  810    8     0     -30      0     30  0.12700800E+01  0.00000000E+00 0.4731E-12      5
  811    8     0     -29      0     29  0.13145709E+01  0.00000000E+00 0.5714E-13      5
  812    8     0     -28      0     28  0.13625995E+01  0.00000000E+00 0.2717E-13      5
  813    8     0     -27      0     27  0.14124290E+01  0.00000000E+00 0.6913E-13      6
  814    8     0     -26      0     26  0.14571415E+01  0.00000000E+00 0.6779E-13      5
  815    8     0     -25      0     25  0.14952062E+01  0.00000000E+00 0.5812E-14      6
  816    8     0     -24      0     24  0.15482224E+01  0.00000000E+00 0.1818E-12      6
  817    8     0     -23      0     23  0.16126854E+01  0.00000000E+00 0.9611E-13      6
  Time elapsed :      1.063 s

Starting search (non-adiabatic)

Finding roots
  Time elapsed :     40.818 s

Processing modes
   id    l     m    n_pg    n_p    n_g       Re(omega)       Im(omega)        chi n_iter
  773    8     0     -68      0     68  0.59734525E+00 -0.10712126E-03 0.6938E-11      5
  774    8     0     -67      0     67  0.60582016E+00 -0.11449381E-03 0.4330E-11      7
  775    8     0     -66      0     66  0.61559441E+00 -0.10719523E-03 0.6590E-12      7
  776    8     0     -65      0     65  0.62594865E+00 -0.94334650E-04 0.1726E-10      5
  777    8     0     -64      0     64  0.63635790E+00 -0.78265336E-04 0.4395E-11      6
  778    8     0     -63      0     63  0.64581484E+00 -0.57701675E-04 0.3155E-11      5
  779    8     0     -62      0     62  0.65423716E+00 -0.53623430E-04 0.1481E-10      6
  780    8     0     -61      0     61  0.66439263E+00 -0.58361109E-04 0.2275E-10      6
  781    8     0     -60      0     60  0.67618561E+00 -0.55025311E-04 0.2157E-10      7
  782    8     0     -59      0     59  0.68868899E+00 -0.48786907E-04 0.3192E-10      6
  783    8     0     -58      0     58  0.70121331E+00 -0.40330468E-04 0.3238E-10      5
  784    8     0     -57      0     57  0.71230345E+00 -0.28889255E-04 0.2715E-10      8
  785    8     0     -56      0     56  0.72232728E+00 -0.28822327E-04 0.3453E-10      6
  786    8     0     -55      0     55  0.73498640E+00 -0.31095177E-04 0.7492E-11      6
  787    8     0     -54      0     54  0.74956768E+00 -0.28557300E-04 0.1919E-10      5
  788    8     0     -53      0     53  0.76493063E+00 -0.24574886E-04 0.7043E-10      7
  789    8     0     -52      0     52  0.78003234E+00 -0.19143361E-04 0.3354E-10      7
  790    8     0     -51      0     51  0.79272558E+00 -0.13436910E-04 0.8068E-10      6
  791    8     0     -50      0     50  0.80550908E+00 -0.15092299E-04 0.2361E-09      4
  792    8     0     -49      0     49  0.82203517E+00 -0.15184989E-04 0.1071E-09      5
  793    8     0     -48      0     48  0.84049189E+00 -0.13446478E-04 0.6833E-10      4
  794    8     0     -47      0     47  0.85969090E+00 -0.11234899E-04 0.1673E-10      5
  795    8     0     -46      0     46  0.87801459E+00 -0.82008437E-05 0.2268E-09      4
  796    8     0     -45      0     45  0.89301003E+00 -0.61666396E-05 0.2972E-09      5
  797    8     0     -44      0     44  0.91020849E+00 -0.70828072E-05 0.1428E-09      5
  798    8     0     -43      0     43  0.93193192E+00 -0.65413089E-05 0.3414E-09      5
  799    8     0     -42      0     42  0.95581642E+00 -0.54430940E-05 0.3355E-09      5
  800    8     0     -41      0     41  0.98072197E+00 -0.42794547E-05 0.3274E-09      5
  801    8     0     -40      0     40  0.10045531E+01 -0.29262455E-05 0.1259E-09      4
  802    8     0     -39      0     39  0.10238005E+01 -0.20926147E-05 0.7495E-09      5
  803    8     0     -38      0     38  0.10463318E+01 -0.23282225E-05 0.3916E-09      6
  804    8     0     -36      0     36  0.10751244E+01 -0.20001313E-05 0.2967E-09      5
  805    8     0     -35      0     35  0.11070054E+01 -0.15369509E-05 0.2828E-09      5
  806    8     0     -34      0     34  0.11407620E+01 -0.11249595E-05 0.5074E-09      5
  807    8     0     -33      0     33  0.11744073E+01 -0.75450271E-06 0.5074E-09      4
  808    8     0     -32      0     32  0.12022683E+01 -0.46494384E-06 0.5982E-08      5
  809    8     0     -31      0     31  0.12311144E+01 -0.49831907E-06 0.5223E-08      4
  810    8     0     -30      0     30  0.12700803E+01 -0.44614725E-06 0.9192E-08      5
  811    8     0     -29      0     29  0.13145712E+01 -0.35475388E-06 0.1748E-08      5
  812    8     0     -28      0     28  0.13625997E+01 -0.27589633E-06 0.9358E-08      6
  813    8     0     -27      0     27  0.14124291E+01 -0.20800484E-06 0.6418E-08      5
  814    8     0     -26      0     26  0.14571416E+01 -0.13325385E-06 0.3844E-08      5
  815    8     0     -25      0     25  0.14952063E+01 -0.12780632E-06 0.1950E-07      5
  816    8     0     -24      0     24  0.15482224E+01 -0.13616627E-06 0.3980E-08      6
  817    8     0     -23      0     23  0.16126855E+01 -0.11845458E-06 0.5826E-08      6
  Time elapsed :      2.692 s

Mode Search
-----------

Mode parameters
   l : 9
   m : 0

Building frequency grid (REAL axis)
   added scan interval :  0.5233E+00 ->  0.2105E+01 (3000 points, INVERSE)

Building spatial grid
   Scaffold grid from model
   Split 14 subinterval(s) in iteration 1
   Split 0 subinterval(s) in iteration 2
   Final grid has 1 segment(s) and 7179 point(s):
      Segment 1 : x range 0.0000 -> 1.0010 (1 -> 7179)

Starting search (adiabatic)

Scanning frequencies
  Time elapsed :    33.773 s

Finding roots
  Time elapsed :      3.774 s

Processing modes
   id    l     m    n_pg    n_p    n_g       Re(omega)       Im(omega)        chi n_iter
  834    9     0     -76      0     76  0.59111838E+00  0.00000000E+00 0.3907E-12      5
  835    9     0     -75      0     75  0.59920133E+00  0.00000000E+00 0.8533E-12      5
  836    9     0     -74      0     74  0.60654205E+00  0.00000000E+00 0.3151E-12      5
  837    9     0     -73      0     73  0.61341586E+00  0.00000000E+00 0.6911E-13      5
  838    9     0     -72      0     72  0.62149259E+00  0.00000000E+00 0.2480E-12      6
  839    9     0     -71      0     71  0.63063399E+00  0.00000000E+00 0.1777E-13      5
  840    9     0     -70      0     70  0.64026182E+00  0.00000000E+00 0.6472E-13      5
  841    9     0     -69      0     69  0.64991095E+00  0.00000000E+00 0.3208E-12      5
  842    9     0     -68      0     68  0.65871137E+00  0.00000000E+00 0.2268E-12      5
  843    9     0     -67      0     67  0.66665677E+00  0.00000000E+00 0.3210E-12      5
  844    9     0     -66      0     66  0.67607865E+00  0.00000000E+00 0.2289E-12      6
  845    9     0     -65      0     65  0.68694222E+00  0.00000000E+00 0.2148E-12      5
  846    9     0     -64      0     64  0.69844440E+00  0.00000000E+00 0.3946E-12      5
  847    9     0     -63      0     63  0.70999099E+00  0.00000000E+00 0.1192E-12      5
  848    9     0     -62      0     62  0.72043801E+00  0.00000000E+00 0.1794E-12      5
  849    9     0     -61      0     61  0.72978271E+00  0.00000000E+00 0.5215E-13      5
  850    9     0     -60      0     60  0.74111049E+00  0.00000000E+00 0.6263E-12      5
  851    9     0     -59      0     59  0.75422083E+00  0.00000000E+00 0.2979E-12      5
  852    9     0     -58      0     58  0.76808926E+00  0.00000000E+00 0.5066E-13      5
  853    9     0     -57      0     57  0.78192593E+00  0.00000000E+00 0.2656E-12      5
  854    9     0     -56      0     56  0.79406949E+00  0.00000000E+00 0.4573E-12      5
  855    9     0     -55      0     55  0.80523468E+00  0.00000000E+00 0.4790E-12      6
  856    9     0     -54      0     54  0.81940308E+00  0.00000000E+00 0.3965E-13      5
  857    9     0     -53      0     53  0.83560472E+00  0.00000000E+00 0.1137E-12      5
  858    9     0     -52      0     52  0.85261702E+00  0.00000000E+00 0.9163E-13      5
  859    9     0     -51      0     51  0.86924095E+00  0.00000000E+00 0.1279E-12      6
  860    9     0     -50      0     50  0.88313082E+00  0.00000000E+00 0.1630E-13      5
  861    9     0     -49      0     49  0.89746752E+00  0.00000000E+00 0.7461E-13      5
  862    9     0     -48      0     48  0.91588604E+00  0.00000000E+00 0.3301E-12      5
  863    9     0     -47      0     47  0.93633822E+00  0.00000000E+00 0.6587E-12      5
  864    9     0     -46      0     46  0.95756904E+00  0.00000000E+00 0.1101E-12      5
  865    9     0     -45      0     45  0.97780606E+00  0.00000000E+00 0.5024E-12      5
  866    9     0     -44      0     44  0.99442235E+00  0.00000000E+00 0.1051E-12      5
  867    9     0     -43      0     43  0.10134710E+01  0.00000000E+00 0.1429E-12      6
  868    9     0     -42      0     42  0.10374623E+01  0.00000000E+00 0.1672E-13      5
  869    9     0     -41      0     41  0.10638347E+01  0.00000000E+00 0.8997E-13      5
  870    9     0     -40      0     40  0.10913624E+01  0.00000000E+00 0.3283E-12      5
  871    9     0     -39      0     39  0.11179185E+01  0.00000000E+00 0.1115E-12      5
  872    9     0     -38      0     38  0.11394740E+01  0.00000000E+00 0.8712E-13      5
  873    9     0     -37      0     37  0.11638496E+01  0.00000000E+00 0.3738E-12      6
  874    9     0     -36      0     36  0.11953126E+01  0.00000000E+00 0.2706E-12      5
  875    9     0     -35      0     35  0.12303391E+01  0.00000000E+00 0.4398E-12      5
  876    9     0     -34      0     34  0.12675395E+01  0.00000000E+00 0.5314E-12      5
  877    9     0     -33      0     33  0.13050373E+01  0.00000000E+00 0.3026E-12      6
  878    9     0     -32      0     32  0.13368704E+01  0.00000000E+00 0.1375E-12      5
  879    9     0     -31      0     31  0.13675227E+01  0.00000000E+00 0.2617E-12      5
  880    9     0     -30      0     30  0.14093245E+01  0.00000000E+00 0.2612E-13      6
  881    9     0     -29      0     29  0.14577289E+01  0.00000000E+00 0.3945E-13      5
  882    9     0     -28      0     28  0.15101754E+01  0.00000000E+00 0.3956E-13      5
  883    9     0     -27      0     27  0.15650325E+01  0.00000000E+00 0.1699E-13      6
  884    9     0     -26      0     26  0.16163839E+01  0.00000000E+00 0.2176E-13      5
  Time elapsed :      0.910 s

Starting search (non-adiabatic)

Finding roots
  Time elapsed :     47.681 s

Processing modes
   id    l     m    n_pg    n_p    n_g       Re(omega)       Im(omega)        chi n_iter
  835    9     0     -76      0     76  0.59913292E+00 -0.30274183E-03 0.1098E-11      7
  836    9     0     -75      0     75  0.60649419E+00 -0.23298956E-03 0.3396E-11      7
  837    9     0     -74      0     74  0.61337329E+00 -0.22272371E-03 0.2309E-11      5
  838    9     0     -73      0     73  0.62145371E+00 -0.23261043E-03 0.1411E-11      6
  839    9     0     -72      0     72  0.63060306E+00 -0.21718410E-03 0.1414E-11      7
  840    9     0     -71      0     71  0.64023911E+00 -0.19159914E-03 0.2917E-11      6
  841    9     0     -70      0     70  0.64989567E+00 -0.15934721E-03 0.7907E-12      7
  842    9     0     -69      0     69  0.65870220E+00 -0.11921277E-03 0.7365E-11      6
  843    9     0     -68      0     68  0.66664979E+00 -0.11011538E-03 0.3491E-11      6
  844    9     0     -67      0     67  0.67607345E+00 -0.11733479E-03 0.4243E-11      5
  845    9     0     -66      0     66  0.68693956E+00 -0.10941505E-03 0.1030E-11      6
  846    9     0     -65      0     65  0.69844392E+00 -0.95892761E-04 0.5316E-11      7
  847    9     0     -64      0     64  0.70999201E+00 -0.79137003E-04 0.1574E-10      7
  848    9     0     -63      0     63  0.72043962E+00 -0.58027480E-04 0.7770E-11      5
  849    9     0     -62      0     62  0.72978482E+00 -0.54470585E-04 0.7946E-11      6
  850    9     0     -61      0     61  0.74111363E+00 -0.58997917E-04 0.1008E-10      6
  851    9     0     -60      0     60  0.75422462E+00 -0.55343275E-04 0.5658E-11      7
  852    9     0     -59      0     59  0.76809329E+00 -0.48840696E-04 0.1724E-10      6
  853    9     0     -58      0     58  0.78192976E+00 -0.40020160E-04 0.2833E-10      6
  854    9     0     -57      0     57  0.79407251E+00 -0.28540214E-04 0.4763E-10      6
  855    9     0     -56      0     56  0.80523800E+00 -0.29135325E-04 0.9872E-11      7
  856    9     0     -55      0     55  0.81940694E+00 -0.31006551E-04 0.3024E-10      6
  857    9     0     -54      0     54  0.83560854E+00 -0.28258219E-04 0.1068E-10      5
  858    9     0     -53      0     53  0.85262053E+00 -0.24172323E-04 0.3593E-10      6
  859    9     0     -52      0     52  0.86924382E+00 -0.18622686E-04 0.4337E-10      5
  860    9     0     -51      0     51  0.88313295E+00 -0.13231242E-04 0.5075E-10      6
  861    9     0     -50      0     50  0.89747003E+00 -0.15000497E-04 0.1460E-10      5
  862    9     0     -49      0     49  0.91588865E+00 -0.14899765E-04 0.3455E-10      5
  863    9     0     -48      0     48  0.93634064E+00 -0.13135110E-04 0.6625E-10      4
  864    9     0     -47      0     47  0.95757115E+00 -0.10941862E-04 0.2594E-10      7
  865    9     0     -46      0     46  0.97780767E+00 -0.79729381E-05 0.6247E-10      4
  866    9     0     -45      0     45  0.99442361E+00 -0.60142843E-05 0.2172E-09      5
  867    9     0     -44      0     44  0.10134725E+01 -0.68556121E-05 0.1962E-09      5
  868    9     0     -43      0     43  0.10374638E+01 -0.63140034E-05 0.6471E-10      5
  869    9     0     -42      0     42  0.10638360E+01 -0.52541739E-05 0.3257E-10      4
  870    9     0     -41      0     41  0.10913635E+01 -0.41484752E-05 0.1192E-09      4
  871    9     0     -40      0     40  0.11179193E+01 -0.28837013E-05 0.1445E-09      7
  872    9     0     -39      0     39  0.11394746E+01 -0.20005553E-05 0.1017E-09     10
  873    9     0     -37      1     38  0.11638504E+01 -0.22208778E-05 0.7065E-09      4
  874    9     0     -36      0     36  0.11953133E+01 -0.19314833E-05 0.1103E-08      6
  875    9     0     -35      0     35  0.12303397E+01 -0.14933383E-05 0.4681E-09      5
  876    9     0     -34      0     34  0.12675401E+01 -0.11057516E-05 0.2018E-08      4
  877    9     0     -33      0     33  0.13050377E+01 -0.76507053E-06 0.4256E-08      6
  878    9     0     -32      0     32  0.13368707E+01 -0.46559098E-06 0.3645E-08      5
  879    9     0     -31      0     31  0.13675230E+01 -0.48254169E-06 0.6134E-08      5
  880    9     0     -30      0     30  0.14093248E+01 -0.45312720E-06 0.6806E-08      4
  881    9     0     -29      0     29  0.14577292E+01 -0.36955454E-06 0.4563E-08      6
  882    9     0     -28      0     28  0.15101756E+01 -0.29495716E-06 0.2587E-08      4
  883    9     0     -27      0     27  0.15650326E+01 -0.23136232E-06 0.1006E-07      5
  884    9     0     -26      0     26  0.16163840E+01 -0.15725091E-06 0.1039E-07      5
  Time elapsed :      3.347 s

Mode Search
-----------

Mode parameters
   l : 10
   m : 0

Building frequency grid (REAL axis)
   added scan interval :  0.5233E+00 ->  0.2105E+01 (3000 points, INVERSE)

Building spatial grid
   Scaffold grid from model
   Split 15 subinterval(s) in iteration 1
   Split 0 subinterval(s) in iteration 2
   Final grid has 1 segment(s) and 7180 point(s):
      Segment 1 : x range 0.0000 -> 1.0010 (1 -> 7180)

Starting search (adiabatic)

Scanning frequencies
  Time elapsed :    34.037 s

Finding roots
  Time elapsed :      4.044 s

Processing modes
   id    l     m    n_pg    n_p    n_g       Re(omega)       Im(omega)        chi n_iter
  902   10     0     -84      0     84  0.59114103E+00  0.00000000E+00 0.5457E-12      5
  903   10     0     -83      0     83  0.59859102E+00  0.00000000E+00 0.4510E-13      5
  904   10     0     -82      0     82  0.60627043E+00  0.00000000E+00 0.1627E-13      5
  905   10     0     -81      0     81  0.61378958E+00  0.00000000E+00 0.2957E-12      5
  906   10     0     -80      0     80  0.62055531E+00  0.00000000E+00 0.2407E-12      5
  907   10     0     -79      0     79  0.62715477E+00  0.00000000E+00 0.1405E-12      6
  908   10     0     -78      0     78  0.63491312E+00  0.00000000E+00 0.4348E-12      6
  909   10     0     -77      0     77  0.64352371E+00  0.00000000E+00 0.4430E-12      5
  910   10     0     -76      0     76  0.65249697E+00  0.00000000E+00 0.3392E-12      5
  911   10     0     -75      0     75  0.66140128E+00  0.00000000E+00 0.6505E-12      5
  912   10     0     -74      0     74  0.66949775E+00  0.00000000E+00 0.1062E-11      5
  913   10     0     -73      0     73  0.67705031E+00  0.00000000E+00 0.7901E-12      5
  914   10     0     -72      0     72  0.68591186E+00  0.00000000E+00 0.2754E-12      5
  915   10     0     -71      0     71  0.69595646E+00  0.00000000E+00 0.2604E-12      5
  916   10     0     -70      0     70  0.70654080E+00  0.00000000E+00 0.2290E-12      5
  917   10     0     -69      0     69  0.71715030E+00  0.00000000E+00 0.2488E-14      6
  918   10     0     -68      0     68  0.72682532E+00  0.00000000E+00 0.4655E-12      6
  919   10     0     -67      0     67  0.73554852E+00  0.00000000E+00 0.2027E-12      6
  920   10     0     -66      0     66  0.74589521E+00  0.00000000E+00 0.1242E-12      5
  921   10     0     -65      0     65  0.75782878E+00  0.00000000E+00 0.1787E-13      5
  922   10     0     -64      0     64  0.77045904E+00  0.00000000E+00 0.2590E-12      5
  923   10     0     -63      0     63  0.78312042E+00  0.00000000E+00 0.3884E-14      5
  924   10     0     -62      0     62  0.79453128E+00  0.00000000E+00 0.2101E-12      6
  925   10     0     -61      0     61  0.80477995E+00  0.00000000E+00 0.7800E-13      5
  926   10     0     -60      0     60  0.81726054E+00  0.00000000E+00 0.3923E-12      6
  927   10     0     -59      0     59  0.83166042E+00  0.00000000E+00 0.1231E-12      5
  928   10     0     -58      0     58  0.84686029E+00  0.00000000E+00 0.6101E-13      5
  929   10     0     -57      0     57  0.86196841E+00  0.00000000E+00 0.6292E-13      5
  930   10     0     -56      0     56  0.87512853E+00  0.00000000E+00 0.1468E-12      5
  931   10     0     -55      0     55  0.88742842E+00  0.00000000E+00 0.2479E-12      6
  932   10     0     -54      0     54  0.90307250E+00  0.00000000E+00 0.1282E-12      6
  933   10     0     -53      0     53  0.92085183E+00  0.00000000E+00 0.6174E-13      5
  934   10     0     -52      0     52  0.93947006E+00  0.00000000E+00 0.2892E-12      5
  935   10     0     -51      0     51  0.95758623E+00  0.00000000E+00 0.1733E-12      5
  936   10     0     -50      0     50  0.97268595E+00  0.00000000E+00 0.3308E-12      5
  937   10     0     -49      0     49  0.98851398E+00  0.00000000E+00 0.2863E-13      6
  938   10     0     -48      0     48  0.10087377E+01  0.00000000E+00 0.4361E-12      6
  939   10     0     -47      0     47  0.10311147E+01  0.00000000E+00 0.4474E-13      5
  940   10     0     -46      0     46  0.10543257E+01  0.00000000E+00 0.3298E-12      5
  941   10     0     -45      0     45  0.10765049E+01  0.00000000E+00 0.4887E-13      5
  942   10     0     -44      0     44  0.10947818E+01  0.00000000E+00 0.2406E-12      6
  943   10     0     -43      0     43  0.11154747E+01  0.00000000E+00 0.9428E-13      6
  944   10     0     -42      0     42  0.11415751E+01  0.00000000E+00 0.7676E-13      6
  945   10     0     -41      0     41  0.11703162E+01  0.00000000E+00 0.1503E-12      5
  946   10     0     -40      0     40  0.12003726E+01  0.00000000E+00 0.2440E-12      5
  947   10     0     -39      0     39  0.12296802E+01  0.00000000E+00 0.1188E-12      6
  948   10     0     -38      0     38  0.12537156E+01  0.00000000E+00 0.6910E-12      5
  949   10     0     -37      0     37  0.12795634E+01  0.00000000E+00 0.3457E-12      5
  950   10     0     -36      0     36  0.13133738E+01  0.00000000E+00 0.2564E-12      5
  951   10     0     -35      0     35  0.13513308E+01  0.00000000E+00 0.7173E-13      5
  952   10     0     -34      0     34  0.13917844E+01  0.00000000E+00 0.4987E-12      5
  953   10     0     -33      0     33  0.14330055E+01  0.00000000E+00 0.1407E-12      6
  954   10     0     -32      0     32  0.14691969E+01  0.00000000E+00 0.2896E-12      6
  955   10     0     -31      0     31  0.15014604E+01  0.00000000E+00 0.2341E-12      6
  956   10     0     -30      0     30  0.15452779E+01  0.00000000E+00 0.1115E-12      6
  957   10     0     -29      0     29  0.15970998E+01  0.00000000E+00 0.1979E-12      6
  958   10     0     -28      0     28  0.16535062E+01  0.00000000E+00 0.3313E-13      5
  Time elapsed :      1.303 s

Starting search (non-adiabatic)

Finding roots
  Time elapsed :     51.929 s

Processing modes
   id    l     m    n_pg    n_p    n_g       Re(omega)       Im(omega)        chi n_iter
  903   10     0     -84      0     84  0.59836480E+00 -0.73678481E-03 0.2494E-11      7
  904   10     0     -83      0     83  0.60607386E+00 -0.66846105E-03 0.1333E-11      7
  905   10     0     -82      0     82  0.61363339E+00 -0.56345920E-03 0.7834E-12      9
  906   10     0     -81      0     81  0.62043612E+00 -0.44674880E-03 0.1675E-12      6
  907   10     0     -80      0     80  0.62703863E+00 -0.44801027E-03 0.1118E-11      8
  908   10     0     -79      0     79  0.63480453E+00 -0.46185886E-03 0.1693E-11      6
  909   10     0     -78      0     78  0.64343314E+00 -0.43033065E-03 0.1446E-11      9
  910   10     0     -77      0     77  0.65242626E+00 -0.38058351E-03 0.1360E-11      6
  911   10     0     -76      0     76  0.66135019E+00 -0.31688032E-03 0.2229E-11      6
  912   10     0     -75      0     75  0.66946344E+00 -0.24296962E-03 0.1148E-11      6
  913   10     0     -74      0     74  0.67702097E+00 -0.23056583E-03 0.5114E-11      5
  914   10     0     -73      0     73  0.68588683E+00 -0.24035737E-03 0.2232E-11      6
  915   10     0     -72      0     72  0.69593851E+00 -0.22378224E-03 0.2536E-11      5
  916   10     0     -71      0     71  0.70652959E+00 -0.19673219E-03 0.2183E-11      6
  917   10     0     -70      0     70  0.71714460E+00 -0.16305122E-03 0.2769E-11      5
  918   10     0     -69      0     69  0.72682332E+00 -0.12151533E-03 0.1280E-10      5
  919   10     0     -68      0     68  0.73554816E+00 -0.11187766E-03 0.3373E-11      5
  920   10     0     -67      0     67  0.74589703E+00 -0.11893684E-03 0.7054E-11      5
  921   10     0     -66      0     66  0.75783263E+00 -0.11053210E-03 0.6153E-11      6
  922   10     0     -65      0     65  0.77046421E+00 -0.96518311E-04 0.6164E-12      6
  923   10     0     -64      0     64  0.78312604E+00 -0.79273860E-04 0.6905E-11      7
  924   10     0     -63      0     63  0.79453622E+00 -0.57853447E-04 0.1465E-10      6
  925   10     0     -62      0     62  0.80478522E+00 -0.54816597E-04 0.1225E-10      6
  926   10     0     -61      0     61  0.81726707E+00 -0.59111535E-04 0.1971E-10      5
  927   10     0     -60      0     60  0.83166733E+00 -0.55200947E-04 0.2760E-10      6
  928   10     0     -59      0     59  0.84686703E+00 -0.48507723E-04 0.1088E-11      6
  929   10     0     -58      0     58  0.86197439E+00 -0.39423617E-04 0.2387E-10      6
  930   10     0     -57      0     57  0.87513306E+00 -0.28060814E-04 0.6718E-10      6
  931   10     0     -56      0     56  0.88743337E+00 -0.29170169E-04 0.3335E-10      5
  932   10     0     -55      0     55  0.90307803E+00 -0.30661338E-04 0.3337E-10      6
  933   10     0     -54      0     54  0.92085713E+00 -0.27764000E-04 0.1487E-10      7
  934   10     0     -53      0     53  0.93947481E+00 -0.23635679E-04 0.4998E-10      6
  935   10     0     -52      0     52  0.95759002E+00 -0.18072422E-04 0.5788E-10      5
  936   10     0     -51      0     51  0.97268875E+00 -0.12973353E-04 0.1359E-09      4
  937   10     0     -50      0     50  0.98851728E+00 -0.14747815E-04 0.6538E-10      5
  938   10     0     -49      0     49  0.10087411E+01 -0.14532485E-04 0.1720E-10      4
  939   10     0     -48      0     48  0.10311178E+01 -0.12781095E-04 0.7150E-10      6
  940   10     0     -47      0     47  0.10543283E+01 -0.10639549E-04 0.7889E-10      5
  941   10     0     -46      0     46  0.10765070E+01 -0.77840011E-05 0.6877E-10      5
  942   10     0     -45      0     45  0.10947834E+01 -0.58153782E-05 0.1125E-09      6
  943   10     0     -44      0     44  0.11154766E+01 -0.65852137E-05 0.2254E-09      5
  944   10     0     -43      0     43  0.11415770E+01 -0.60822417E-05 0.3070E-09      4
  945   10     0     -42      0     42  0.11703179E+01 -0.50756053E-05 0.1346E-09      6
  946   10     0     -41      0     41  0.12003740E+01 -0.40346844E-05 0.1544E-09      5
  947   10     0     -40      0     40  0.12296812E+01 -0.28653814E-05 0.3029E-09      7
  948   10     0     -38      0     38  0.12537164E+01 -0.19166846E-05 0.1428E-08      5
  949   10     0     -37      0     37  0.12795643E+01 -0.21050670E-05 0.4277E-09      7
  950   10     0     -36      0     36  0.13133747E+01 -0.18665206E-05 0.1565E-08      7
  951   10     0     -35      0     35  0.13513315E+01 -0.14563040E-05 0.8317E-09      4
  952   10     0     -34      0     34  0.13917850E+01 -0.10938363E-05 0.2809E-09      4
  953   10     0     -33      0     33  0.14330060E+01 -0.78243458E-06 0.8208E-09      4
  954   10     0     -32      0     32  0.14691972E+01 -0.48096050E-06 0.6211E-08      4
  955   10     0     -31      0     31  0.15014607E+01 -0.46430495E-06 0.1906E-08      4
  956   10     0     -30      0     30  0.15452782E+01 -0.46300818E-06 0.2532E-08      6
  957   10     0     -29      0     29  0.15971001E+01 -0.38932974E-06 0.9493E-08      7
  958   10     0     -28      0     28  0.16535064E+01 -0.31959446E-06 0.1252E-08      6
  Time elapsed :      3.523 s

Mode Search
-----------

Mode parameters
   l : 11
   m : 0

Building frequency grid (REAL axis)
   added scan interval :  0.5233E+00 ->  0.2105E+01 (3000 points, INVERSE)

Building spatial grid
   Scaffold grid from model
   Split 16 subinterval(s) in iteration 1
   Split 0 subinterval(s) in iteration 2
   Final grid has 1 segment(s) and 7181 point(s):
      Segment 1 : x range 0.0000 -> 1.0010 (1 -> 7181)

Starting search (adiabatic)

Scanning frequencies
  Time elapsed :    33.833 s

Finding roots
  Time elapsed :      4.393 s

Processing modes
   id    l     m    n_pg    n_p    n_g       Re(omega)       Im(omega)        chi n_iter
  977   11     0     -92      0     92  0.59255488E+00  0.00000000E+00 0.3039E-13      5
  978   11     0     -91      0     91  0.59842007E+00  0.00000000E+00 0.3278E-12      6
  979   11     0     -90      0     90  0.60510985E+00  0.00000000E+00 0.5622E-12      5
  980   11     0     -89      0     89  0.61224276E+00  0.00000000E+00 0.1028E-11      5
  981   11     0     -88      0     88  0.61949853E+00  0.00000000E+00 0.5148E-12      6
  982   11     0     -87      0     87  0.62648336E+00  0.00000000E+00 0.3209E-12      5
  983   11     0     -86      0     86  0.63277519E+00  0.00000000E+00 0.2643E-12      5
  984   11     0     -85      0     85  0.63921259E+00  0.00000000E+00 0.2831E-12      6
  985   11     0     -84      0     84  0.64667520E+00  0.00000000E+00 0.9115E-12      5
  986   11     0     -83      0     83  0.65479465E+00  0.00000000E+00 0.1048E-13      5
  987   11     0     -82      0     82  0.66317407E+00  0.00000000E+00 0.5242E-12      5
  988   11     0     -81      0     81  0.67139429E+00  0.00000000E+00 0.1918E-12      5
  989   11     0     -80      0     80  0.67880325E+00  0.00000000E+00 0.3417E-12      5
  990   11     0     -79      0     79  0.68598006E+00  0.00000000E+00 0.7531E-13      6
  991   11     0     -78      0     78  0.69440836E+00  0.00000000E+00 0.1094E-12      6
  992   11     0     -77      0     77  0.70378445E+00  0.00000000E+00 0.5412E-12      5
  993   11     0     -76      0     76  0.71356595E+00  0.00000000E+00 0.3313E-13      5
  994   11     0     -75      0     75  0.72328431E+00  0.00000000E+00 0.3294E-12      6
  995   11     0     -74      0     74  0.73213596E+00  0.00000000E+00 0.2375E-12      5
  996   11     0     -73      0     73  0.74035309E+00  0.00000000E+00 0.2684E-13      5
  997   11     0     -72      0     72  0.74997438E+00  0.00000000E+00 0.1252E-13      6
  998   11     0     -71      0     71  0.76090193E+00  0.00000000E+00 0.7692E-13      5
  999   11     0     -70      0     70  0.77242510E+00  0.00000000E+00 0.3473E-12      5
 1000   11     0     -69      0     69  0.78397993E+00  0.00000000E+00 0.1756E-12      5
 1001   11     0     -68      0     68  0.79451974E+00  0.00000000E+00 0.3503E-12      6
 1002   11     0     -67      0     67  0.80400339E+00  0.00000000E+00 0.2310E-12      6
 1003   11     0     -66      0     66  0.81524892E+00  0.00000000E+00 0.3359E-12      6
 1004   11     0     -65      0     65  0.82822800E+00  0.00000000E+00 0.5342E-12      5
 1005   11     0     -64      0     64  0.84196156E+00  0.00000000E+00 0.5374E-12      5
 1006   11     0     -63      0     63  0.85571126E+00  0.00000000E+00 0.6605E-14      6
 1007   11     0     -62      0     62  0.86805845E+00  0.00000000E+00 0.1008E-12      5
 1008   11     0     -61      0     61  0.87919158E+00  0.00000000E+00 0.3017E-12      6
 1009   11     0     -60      0     60  0.89280104E+00  0.00000000E+00 0.2283E-12      6
 1010   11     0     -59      0     59  0.90845882E+00  0.00000000E+00 0.2155E-13      5
 1011   11     0     -58      0     58  0.92495449E+00  0.00000000E+00 0.7556E-13      5
 1012   11     0     -57      0     57  0.94129663E+00  0.00000000E+00 0.3517E-12      6
 1013   11     0     -56      0     56  0.95545099E+00  0.00000000E+00 0.1810E-12      5
 1014   11     0     -55      0     55  0.96886922E+00  0.00000000E+00 0.1108E-12      6
 1015   11     0     -54      0     54  0.98594205E+00  0.00000000E+00 0.3788E-13      6
 1016   11     0     -53      0     53  0.10052517E+01  0.00000000E+00 0.3502E-12      5
 1017   11     0     -52      0     52  0.10254342E+01  0.00000000E+00 0.1937E-12      5
 1018   11     0     -51      0     51  0.10450326E+01  0.00000000E+00 0.6990E-12      6
 1019   11     0     -50      0     50  0.10613739E+01  0.00000000E+00 0.2386E-14      5
 1020   11     0     -49      0     49  0.10785937E+01  0.00000000E+00 0.2526E-12      6
 1021   11     0     -48      0     48  0.11005173E+01  0.00000000E+00 0.2145E-12      6
 1022   11     0     -47      0     47  0.11247407E+01  0.00000000E+00 0.2685E-12      5
 1023   11     0     -46      0     46  0.11498785E+01  0.00000000E+00 0.1464E-12      5
 1024   11     0     -45      0     45  0.11740409E+01  0.00000000E+00 0.2019E-12      6
 1025   11     0     -44      0     44  0.11940477E+01  0.00000000E+00 0.6299E-13      5
 1026   11     0     -43      0     43  0.12161466E+01  0.00000000E+00 0.1345E-12      6
 1027   11     0     -42      0     42  0.12441659E+01  0.00000000E+00 0.2948E-12      6
 1028   11     0     -41      0     41  0.12751385E+01  0.00000000E+00 0.1339E-12      5
 1029   11     0     -40      0     40  0.13076101E+01  0.00000000E+00 0.2626E-13      5
 1030   11     0     -39      0     39  0.13396567E+01  0.00000000E+00 0.5253E-13      6
 1031   11     0     -38      0     38  0.13664351E+01  0.00000000E+00 0.1144E-12      5
 1032   11     0     -37      0     37  0.13934173E+01  0.00000000E+00 0.5096E-13      6
 1033   11     0     -36      0     36  0.14291706E+01  0.00000000E+00 0.2461E-12      6
 1034   11     0     -35      0     35  0.14698082E+01  0.00000000E+00 0.3562E-12      5
 1035   11     0     -34      0     34  0.15132878E+01  0.00000000E+00 0.2617E-12      5
 1036   11     0     -33      0     33  0.15580193E+01  0.00000000E+00 0.1698E-12      6
 1037   11     0     -32      0     32  0.15988546E+01  0.00000000E+00 0.1161E-12      5
 1038   11     0     -31      0     31  0.16329992E+01  0.00000000E+00 0.2420E-12      6
  Time elapsed :      1.335 s

Starting search (non-adiabatic)

Finding roots
  Time elapsed :     57.045 s

Processing modes
   id    l     m    n_pg    n_p    n_g       Re(omega)       Im(omega)        chi n_iter
  977   11     0     -92      0     92  0.59235732E+00 -0.86136185E-03 0.1832E-11      7
  978   11     0     -91      0     91  0.59818639E+00 -0.97154533E-03 0.1505E-11      8
  979   11     0     -90      0     90  0.60486038E+00 -0.10351663E-02 0.2758E-12      6
  980   11     0     -89      0     89  0.61199175E+00 -0.10283769E-02 0.1152E-12      7
  981   11     0     -88      0     88  0.61926004E+00 -0.97100855E-03 0.3971E-12      6
  982   11     0     -88      0     88  0.62627699E+00 -0.84832517E-03 0.1707E-11      6
  983   11     0     -87      0     87  0.63258990E+00 -0.72805944E-03 0.1701E-11      6
  984   11     0     -86      0     86  0.63900909E+00 -0.77721710E-03 0.1180E-11      7
  985   11     0     -85      0     85  0.64647058E+00 -0.81254107E-03 0.1290E-11      7
  986   11     0     -84      0     84  0.65460646E+00 -0.77834267E-03 0.7668E-12      7
  987   11     0     -83      0     83  0.66301224E+00 -0.70558751E-03 0.2005E-11      7
  988   11     0     -82      0     82  0.67126752E+00 -0.59466495E-03 0.9172E-12      6
  989   11     0     -81      0     81  0.67870814E+00 -0.46958971E-03 0.2430E-11      8
  990   11     0     -80      0     80  0.68588884E+00 -0.46708939E-03 0.9291E-12      6
  991   11     0     -79      0     79  0.69432549E+00 -0.48146376E-03 0.1321E-11      6
  992   11     0     -78      0     78  0.70371806E+00 -0.44785749E-03 0.1997E-12      6
  993   11     0     -77      0     77  0.71351684E+00 -0.39510735E-03 0.1158E-11      5
  994   11     0     -76      0     76  0.72325132E+00 -0.32837260E-03 0.1189E-11      7
  995   11     0     -75      0     75  0.73211568E+00 -0.25089701E-03 0.2162E-11      7
  996   11     0     -74      0     74  0.74033725E+00 -0.23596695E-03 0.4787E-11      5
  997   11     0     -73      0     73  0.74996338E+00 -0.24573668E-03 0.3533E-11      7
  998   11     0     -72      0     72  0.76089704E+00 -0.22830056E-03 0.4260E-11      6
  999   11     0     -71      0     71  0.77242534E+00 -0.20009535E-03 0.5249E-11      8
 1000   11     0     -70      0     70  0.78398368E+00 -0.16535476E-03 0.3078E-11      5
 1001   11     0     -69      0     69  0.79452475E+00 -0.12280209E-03 0.4127E-12      5
 1002   11     0     -68      0     68  0.80400945E+00 -0.11256102E-03 0.2756E-11      6
 1003   11     0     -67      0     67  0.81525750E+00 -0.11946330E-03 0.1706E-10      6
 1004   11     0     -66      0     66  0.82823806E+00 -0.11070813E-03 0.7426E-11      6
 1005   11     0     -65      0     65  0.84197208E+00 -0.96363567E-04 0.1058E-10      6
 1006   11     0     -64      0     64  0.85572120E+00 -0.78814078E-04 0.6399E-11      6
 1007   11     0     -63      0     63  0.86806648E+00 -0.57291324E-04 0.3024E-10      5
 1008   11     0     -62      0     62  0.87919984E+00 -0.54748462E-04 0.4585E-10      6
 1009   11     0     -61      0     61  0.89281073E+00 -0.58801884E-04 0.1008E-10      7
 1010   11     0     -60      0     60  0.90846862E+00 -0.54696297E-04 0.5662E-11      6
 1011   11     0     -59      0     59  0.92496373E+00 -0.47880515E-04 0.1503E-10      7
 1012   11     0     -58      0     58  0.94130456E+00 -0.38636486E-04 0.2715E-10      5
 1013   11     0     -57      0     57  0.95545690E+00 -0.27500092E-04 0.7030E-10      5
 1014   11     0     -56      0     56  0.96887567E+00 -0.28953416E-04 0.3340E-10      7
 1015   11     0     -55      0     55  0.98594908E+00 -0.30116020E-04 0.2707E-10      5
 1016   11     0     -54      0     54  0.10052584E+01 -0.27131077E-04 0.4213E-10      5
 1017   11     0     -53      0     53  0.10254401E+01 -0.23019103E-04 0.1221E-10      6
 1018   11     0     -52      0     52  0.10450373E+01 -0.17541924E-04 0.1679E-09      5
 1019   11     0     -51      0     51  0.10613773E+01 -0.12663068E-04 0.8134E-10      5
 1020   11     0     -50      0     50  0.10785977E+01 -0.14368957E-04 0.7799E-10      4
 1021   11     0     -49      0     49  0.11005213E+01 -0.14116325E-04 0.1034E-09      4
 1022   11     0     -48      0     48  0.11247444E+01 -0.12410755E-04 0.4093E-10      6
 1023   11     0     -47      0     47  0.11498817E+01 -0.10345446E-04 0.7652E-10      5
 1024   11     0     -46      0     46  0.11740433E+01 -0.76390287E-05 0.9321E-10      5
 1025   11     0     -45      0     45  0.11940495E+01 -0.55921141E-05 0.4750E-09      5
 1026   11     0     -44      0     44  0.12161487E+01 -0.62847493E-05 0.6484E-10      5
 1027   11     0     -43      0     43  0.12441680E+01 -0.58569237E-05 0.2251E-09      5
 1028   11     0     -42      0     42  0.12751404E+01 -0.49154362E-05 0.9418E-10      7
 1029   11     0     -41      0     41  0.13076117E+01 -0.39411606E-05 0.3890E-09      5
 1030   11     0     -39      0     39  0.13396580E+01 -0.28675114E-05 0.5321E-09      5
 1031   11     0     -38      0     38  0.13664360E+01 -0.18559684E-05 0.1927E-08      5
 1032   11     0     -37      0     37  0.13934183E+01 -0.19781011E-05 0.3871E-09      5
 1033   11     0     -36      0     36  0.14291715E+01 -0.18049508E-05 0.1131E-08      5
 1034   11     0     -35      0     35  0.14698090E+01 -0.14269279E-05 0.1549E-08      4
 1035   11     0     -34      0     34  0.15132884E+01 -0.10901846E-05 0.1112E-08      4
 1036   11     0     -33      0     33  0.15580198E+01 -0.80611368E-06 0.1931E-08      4
 1037   11     0     -32      0     32  0.15988549E+01 -0.51454566E-06 0.3824E-08      6
 1038   11     0     -31      0     31  0.16329995E+01 -0.44403365E-06 0.9435E-09      5
  Time elapsed :      3.595 s

Mode Search
-----------

Mode parameters
   l : 12
   m : 0

Building frequency grid (REAL axis)
   added scan interval :  0.5233E+00 ->  0.2105E+01 (3000 points, INVERSE)

Building spatial grid
   Scaffold grid from model
   Split 22 subinterval(s) in iteration 1
   Split 0 subinterval(s) in iteration 2
   Final grid has 1 segment(s) and 7187 point(s):
      Segment 1 : x range 0.0000 -> 1.0010 (1 -> 7187)

Starting search (adiabatic)

Scanning frequencies
  Time elapsed :    33.981 s

Finding roots
  Time elapsed :      4.668 s

Processing modes
   id    l     m    n_pg    n_p    n_g       Re(omega)       Im(omega)        chi n_iter
 1059   12     0    -101      0    101  0.58782018E+00  0.00000000E+00 0.5093E-12      5
 1060   12     0    -100      0    100  0.59391666E+00  0.00000000E+00 0.1494E-12      5
 1061   12     0     -99      0     99  0.59963103E+00  0.00000000E+00 0.4284E-13      5
 1062   12     0     -98      0     98  0.60491296E+00  0.00000000E+00 0.5759E-12      5
 1063   12     0     -97      0     97  0.61068412E+00  0.00000000E+00 0.4448E-12      5
 1064   12     0     -96      0     96  0.61718165E+00  0.00000000E+00 0.1745E-12      5
 1065   12     0     -95      0     95  0.62404073E+00  0.00000000E+00 0.8720E-13      5
 1066   12     0     -94      0     94  0.63094793E+00  0.00000000E+00 0.2466E-12      6
 1067   12     0     -93      0     93  0.63748557E+00  0.00000000E+00 0.2662E-12      6
 1068   12     0     -92      0     92  0.64341510E+00  0.00000000E+00 0.2201E-12      5
 1069   12     0     -91      0     91  0.64974122E+00  0.00000000E+00 0.2537E-12      6
 1070   12     0     -90      0     90  0.65696855E+00  0.00000000E+00 0.9588E-14      5
 1071   12     0     -89      0     89  0.66468871E+00  0.00000000E+00 0.3830E-12      5
 1072   12     0     -88      0     88  0.67255239E+00  0.00000000E+00 0.6066E-12      6
 1073   12     0     -87      0     87  0.68014081E+00  0.00000000E+00 0.5922E-12      5
 1074   12     0     -86      0     86  0.68697824E+00  0.00000000E+00 0.8630E-13      5
 1075   12     0     -85      0     85  0.69391683E+00  0.00000000E+00 0.2160E-12      6
 1076   12     0     -84      0     84  0.70196334E+00  0.00000000E+00 0.5447E-13      6
 1077   12     0     -83      0     83  0.71073975E+00  0.00000000E+00 0.1256E-12      5
 1078   12     0     -82      0     82  0.71981058E+00  0.00000000E+00 0.7449E-13      5
 1079   12     0     -81      0     81  0.72872948E+00  0.00000000E+00 0.3276E-12      5
 1080   12     0     -80      0     80  0.73678633E+00  0.00000000E+00 0.3470E-12      5
 1081   12     0     -79      0     79  0.74452622E+00  0.00000000E+00 0.2034E-12      6
 1082   12     0     -78      0     78  0.75360054E+00  0.00000000E+00 0.7685E-12      6
 1083   12     0     -77      0     77  0.76372486E+00  0.00000000E+00 0.2128E-12      5
 1084   12     0     -76      0     76  0.77430124E+00  0.00000000E+00 0.8396E-12      5
 1085   12     0     -75      0     75  0.78482508E+00  0.00000000E+00 0.1664E-12      6
 1086   12     0     -74      0     74  0.79443108E+00  0.00000000E+00 0.1737E-12      5
 1087   12     0     -73      0     73  0.80329889E+00  0.00000000E+00 0.7603E-13      5
 1088   12     0     -72      0     72  0.81365298E+00  0.00000000E+00 0.5835E-13      5
 1089   12     0     -71      0     71  0.82544154E+00  0.00000000E+00 0.1029E-12      5
 1090   12     0     -70      0     70  0.83788445E+00  0.00000000E+00 0.2330E-12      5
 1091   12     0     -69      0     69  0.85036853E+00  0.00000000E+00 0.1306E-12      5
 1092   12     0     -68      0     68  0.86176274E+00  0.00000000E+00 0.1756E-12      6
 1093   12     0     -67      0     67  0.87198788E+00  0.00000000E+00 0.1255E-12      5
 1094   12     0     -66      0     66  0.88410389E+00  0.00000000E+00 0.1119E-12      6
 1095   12     0     -65      0     65  0.89810227E+00  0.00000000E+00 0.6015E-12      5
 1096   12     0     -64      0     64  0.91291311E+00  0.00000000E+00 0.4498E-12      5
 1097   12     0     -63      0     63  0.92772500E+00  0.00000000E+00 0.1602E-13      6
 1098   12     0     -62      0     62  0.94098585E+00  0.00000000E+00 0.1712E-12      6
 1099   12     0     -61      0     61  0.95298275E+00  0.00000000E+00 0.9820E-13      6
 1100   12     0     -60      0     60  0.96768984E+00  0.00000000E+00 0.8959E-13      5
 1101   12     0     -59      0     59  0.98456981E+00  0.00000000E+00 0.5307E-13      5
 1102   12     0     -58      0     58  0.10023245E+01  0.00000000E+00 0.2416E-12      5
 1103   12     0     -57      0     57  0.10198702E+01  0.00000000E+00 0.3222E-12      6
 1104   12     0     -56      0     56  0.10350174E+01  0.00000000E+00 0.1290E-12      5
 1105   12     0     -55      0     55  0.10495249E+01  0.00000000E+00 0.5690E-13      6
 1106   12     0     -54      0     54  0.10679630E+01  0.00000000E+00 0.4001E-12      6
 1107   12     0     -53      0     53  0.10887492E+01  0.00000000E+00 0.3021E-12      5
 1108   12     0     -52      0     52  0.11104540E+01  0.00000000E+00 0.2916E-13      6
 1109   12     0     -51      0     51  0.11315397E+01  0.00000000E+00 0.1258E-12      6
 1110   12     0     -50      0     50  0.11491728E+01  0.00000000E+00 0.1169E-13      5
 1111   12     0     -49      0     49  0.11676574E+01  0.00000000E+00 0.1667E-12      6
 1112   12     0     -48      0     48  0.11911552E+01  0.00000000E+00 0.5104E-13      6
 1113   12     0     -47      0     47  0.12171362E+01  0.00000000E+00 0.1510E-12      5
 1114   12     0     -46      0     46  0.12441398E+01  0.00000000E+00 0.2504E-12      6
 1115   12     0     -45      0     45  0.12703181E+01  0.00000000E+00 0.5164E-13      5
 1116   12     0     -44      0     44  0.12921688E+01  0.00000000E+00 0.1828E-12      5
 1117   12     0     -43      0     43  0.13154281E+01  0.00000000E+00 0.1641E-12      6
 1118   12     0     -42      0     42  0.13451372E+01  0.00000000E+00 0.1135E-12      6
 1119   12     0     -41      0     41  0.13781809E+01  0.00000000E+00 0.1682E-12      5
 1120   12     0     -40      0     40  0.14129291E+01  0.00000000E+00 0.2706E-12      5
 1121   12     0     -39      0     39  0.14476447E+01  0.00000000E+00 0.3223E-12      6
 1122   12     0     -38      0     38  0.14774844E+01  0.00000000E+00 0.2094E-12      5
 1123   12     0     -37      0     37  0.15054088E+01  0.00000000E+00 0.1541E-12      6
 1124   12     0     -36      0     36  0.15425919E+01  0.00000000E+00 0.9657E-13      6
 1125   12     0     -35      0     35  0.15856116E+01  0.00000000E+00 0.6297E-13      5
 1126   12     0     -34      0     34  0.16318488E+01  0.00000000E+00 0.5660E-13      5
  Time elapsed :      1.553 s

Starting search (non-adiabatic)

Finding roots
  Time elapsed :     68.321 s

Processing modes
   id    l     m    n_pg    n_p    n_g       Re(omega)       Im(omega)        chi n_iter
 1059   12     0    -101      0    101  0.58766672E+00 -0.97301633E-03 0.1098E-11      7
 1060   12     0    -100      0    100  0.59377842E+00 -0.94871349E-03 0.9663E-12      7
 1061   12     0     -99      0     99  0.59951313E+00 -0.86009261E-03 0.8184E-12      8
 1062   12     0     -98      0     98  0.60478328E+00 -0.85087585E-03 0.3596E-12      8
 1063   12     0     -97      0     97  0.61053441E+00 -0.98336672E-03 0.1652E-11      7
 1064   12     0     -96      0     96  0.61702387E+00 -0.10711520E-02 0.1098E-11      6
 1065   12     0     -95      0     95  0.62387903E+00 -0.10997518E-02 0.8778E-12      9
 1066   12     0     -94      0     94  0.63078995E+00 -0.10713431E-02 0.5445E-13      6
 1067   12     0     -93      0     93  0.63734371E+00 -0.96030172E-03 0.3555E-12      7
 1068   12     0     -92      0     92  0.64326280E+00 -0.89419274E-03 0.2052E-12      6
 1069   12     0     -91      0     91  0.64955864E+00 -0.10088350E-02 0.1310E-11      6
 1070   12     0     -90      0     90  0.65677341E+00 -0.10786927E-02 0.4522E-12      9
 1071   12     0     -89      0     89  0.66449160E+00 -0.10744964E-02 0.8870E-12      7
 1072   12     0     -88      0     88  0.67236444E+00 -0.10172803E-02 0.6153E-12      7
 1073   12     0     -87      0     87  0.67997811E+00 -0.89174403E-03 0.1029E-11      8
 1074   12     0     -86      0     86  0.68683154E+00 -0.76274313E-03 0.1055E-11      7
 1075   12     0     -86      0     86  0.69375468E+00 -0.81076814E-03 0.1810E-11      6
 1076   12     0     -85      0     85  0.70180149E+00 -0.84948340E-03 0.3240E-12      8
 1077   12     0     -84      0     84  0.71059254E+00 -0.81401547E-03 0.1453E-11      8
 1078   12     0     -83      0     83  0.71968603E+00 -0.73756979E-03 0.2127E-12      8
 1079   12     0     -82      0     82  0.72863420E+00 -0.62191801E-03 0.1464E-11      7
 1080   12     0     -81      0     81  0.73671679E+00 -0.48907463E-03 0.2986E-11      7
 1081   12     0     -80      0     80  0.74446108E+00 -0.48159729E-03 0.2549E-11      8
 1082   12     0     -79      0     79  0.75354443E+00 -0.49680622E-03 0.2411E-11      8
 1083   12     0     -78      0     78  0.76368347E+00 -0.46168808E-03 0.1536E-11      6
 1084   12     0     -77      0     77  0.77427429E+00 -0.40648324E-03 0.1911E-11      7
 1085   12     0     -76      0     76  0.78481055E+00 -0.33739367E-03 0.1487E-11      6
 1086   12     0     -75      0     75  0.79442501E+00 -0.25696525E-03 0.2089E-11      5
 1087   12     0     -74      0     74  0.80329646E+00 -0.23916854E-03 0.2580E-11      5
 1088   12     0     -73      0     73  0.81365585E+00 -0.24897975E-03 0.9245E-12      7
 1089   12     0     -72      0     72  0.82544947E+00 -0.23096690E-03 0.2694E-11      5
 1090   12     0     -71      0     71  0.83789584E+00 -0.20190179E-03 0.4370E-11      6
 1091   12     0     -70      0     70  0.85038142E+00 -0.16643958E-03 0.4249E-11      5
 1092   12     0     -69      0     69  0.86177448E+00 -0.12321047E-03 0.1590E-10      6
 1093   12     0     -68      0     68  0.87200002E+00 -0.11231250E-03 0.4614E-11      6
 1094   12     0     -67      0     67  0.88411885E+00 -0.11907776E-03 0.3779E-11      5
 1095   12     0     -66      0     66  0.89811817E+00 -0.11010180E-03 0.1237E-10      6
 1096   12     0     -65      0     65  0.91292862E+00 -0.95577103E-04 0.7220E-11      5
 1097   12     0     -64      0     64  0.92773894E+00 -0.77898346E-04 0.4875E-11      5
 1098   12     0     -63      0     63  0.94099672E+00 -0.56453149E-04 0.2383E-10      6
 1099   12     0     -62      0     62  0.95299379E+00 -0.54325453E-04 0.2021E-10      8
 1100   12     0     -61      0     61  0.96770245E+00 -0.58149843E-04 0.1920E-10      5
 1101   12     0     -60      0     60  0.98458225E+00 -0.53912643E-04 0.2035E-10      6
 1102   12     0     -59      0     59  0.10023360E+01 -0.47039190E-04 0.1023E-10      7
 1103   12     0     -58      0     58  0.10198799E+01 -0.37746606E-04 0.7602E-10      6
 1104   12     0     -57      0     57  0.10350245E+01 -0.26898388E-04 0.7551E-10      5
 1105   12     0     -56      0     56  0.10495327E+01 -0.28504190E-04 0.7823E-10      6
 1106   12     0     -55      0     55  0.10679714E+01 -0.29414490E-04 0.6028E-10      6
 1107   12     0     -54      0     54  0.10887570E+01 -0.26403511E-04 0.4537E-10      7
 1108   12     0     -53      0     53  0.11104608E+01 -0.22362525E-04 0.6915E-10      6
 1109   12     0     -52      0     52  0.11315450E+01 -0.17061239E-04 0.1151E-09      5
 1110   12     0     -51      0     51  0.11491767E+01 -0.12315370E-04 0.8030E-10      5
 1111   12     0     -50      0     50  0.11676619E+01 -0.13894174E-04 0.9396E-10      4
 1112   12     0     -49      0     49  0.11911598E+01 -0.13675660E-04 0.2847E-10      5
 1113   12     0     -48      0     48  0.12171404E+01 -0.12041930E-04 0.7963E-10      6
 1114   12     0     -47      0     47  0.12441434E+01 -0.10068081E-04 0.2191E-10      6
 1115   12     0     -46      0     46  0.12703209E+01 -0.75352304E-05 0.1644E-09      4
 1116   12     0     -45      0     45  0.12921709E+01 -0.53740952E-05 0.5023E-09      6
 1117   12     0     -44      0     44  0.13154304E+01 -0.59627683E-05 0.2081E-09      4
 1118   12     0     -43      0     43  0.13451395E+01 -0.56453659E-05 0.1227E-09      4
 1119   12     0     -42      0     42  0.13781830E+01 -0.47788473E-05 0.1665E-09      6
 1120   12     0     -40      0     40  0.14129309E+01 -0.38684956E-05 0.4911E-09      4
 1121   12     0     -39      0     39  0.14476461E+01 -0.28828820E-05 0.6227E-09      5
 1122   12     0     -38      0     38  0.14774853E+01 -0.18326845E-05 0.7462E-09      5
 1123   12     0     -37      0     37  0.15054098E+01 -0.18369333E-05 0.9476E-09      5
 1124   12     0     -36      0     36  0.15425929E+01 -0.17450062E-05 0.5425E-09      4
 1125   12     0     -35      0     35  0.15856125E+01 -0.14055411E-05 0.1021E-08      4
 1126   12     0     -34      0     34  0.16318494E+01 -0.10950223E-05 0.7583E-09      6
  Time elapsed :      4.373 s

Mode Search
-----------

Mode parameters
   l : 13
   m : 0

Building frequency grid (REAL axis)
   added scan interval :  0.5233E+00 ->  0.2105E+01 (3000 points, INVERSE)

Building spatial grid
   Scaffold grid from model
   Split 34 subinterval(s) in iteration 1
   Split 10 subinterval(s) in iteration 2
   Split 0 subinterval(s) in iteration 3
   Final grid has 1 segment(s) and 7209 point(s):
      Segment 1 : x range 0.0000 -> 1.0010 (1 -> 7209)

Starting search (adiabatic)

Scanning frequencies
  Time elapsed :    34.090 s

Finding roots
  Time elapsed :      5.068 s

Processing modes
   id    l     m    n_pg    n_p    n_g       Re(omega)       Im(omega)        chi n_iter
 1148   13     0    -109      0    109  0.58782250E+00  0.00000000E+00 0.4068E-12      5
 1149   13     0    -108      0    108  0.59346541E+00  0.00000000E+00 0.3699E-13      5
 1150   13     0    -107      0    107  0.59934046E+00  0.00000000E+00 0.1092E-13      5
 1151   13     0    -106      0    106  0.60516930E+00  0.00000000E+00 0.3394E-12      6
 1152   13     0    -105      0    105  0.61059974E+00  0.00000000E+00 0.3996E-12      6
 1153   13     0    -104      0    104  0.61571606E+00  0.00000000E+00 0.4094E-12      5
 1154   13     0    -103      0    103  0.62136013E+00  0.00000000E+00 0.1256E-12      6
 1155   13     0    -102      0    102  0.62763281E+00  0.00000000E+00 0.4421E-12      5
 1156   13     0    -101      0    101  0.63420293E+00  0.00000000E+00 0.5067E-12      5
 1157   13     0    -100      0    100  0.64077666E+00  0.00000000E+00 0.4708E-12      6
 1158   13     0     -99      0     99  0.64695448E+00  0.00000000E+00 0.3863E-12      6
 1159   13     0     -98      0     98  0.65264789E+00  0.00000000E+00 0.1126E-12      5
 1160   13     0     -97      0     97  0.65883238E+00  0.00000000E+00 0.7230E-12      5
 1161   13     0     -96      0     96  0.66580768E+00  0.00000000E+00 0.3263E-12      5
 1162   13     0     -95      0     95  0.67318529E+00  0.00000000E+00 0.3261E-12      5
 1163   13     0     -94      0     94  0.68062781E+00  0.00000000E+00 0.1273E-12      6
 1164   13     0     -93      0     93  0.68769418E+00  0.00000000E+00 0.4641E-13      6
 1165   13     0     -92      0     92  0.69409434E+00  0.00000000E+00 0.4984E-13      5
 1166   13     0     -91      0     91  0.70086681E+00  0.00000000E+00 0.9105E-13      5
 1167   13     0     -90      0     90  0.70861503E+00  0.00000000E+00 0.5481E-12      5
 1168   13     0     -89      0     89  0.71691075E+00  0.00000000E+00 0.6070E-13      5
 1169   13     0     -88      0     88  0.72537453E+00  0.00000000E+00 0.1706E-12      6
 1170   13     0     -87      0     87  0.73356589E+00  0.00000000E+00 0.8643E-15      6
 1171   13     0     -86      0     86  0.74095590E+00  0.00000000E+00 0.2616E-12      5
 1172   13     0     -85      0     85  0.74838383E+00  0.00000000E+00 0.1570E-12      6
 1173   13     0     -84      0     84  0.75699335E+00  0.00000000E+00 0.1451E-12      5
 1174   13     0     -83      0     83  0.76641100E+00  0.00000000E+00 0.3553E-12      5
 1175   13     0     -82      0     82  0.77616155E+00  0.00000000E+00 0.7874E-13      5
 1176   13     0     -81      0     81  0.78577332E+00  0.00000000E+00 0.1417E-12      5
 1177   13     0     -80      0     80  0.79448251E+00  0.00000000E+00 0.2177E-13      5
 1178   13     0     -79      0     79  0.80277611E+00  0.00000000E+00 0.4219E-12      6
 1179   13     0     -78      0     78  0.81247205E+00  0.00000000E+00 0.1143E-12      6
 1180   13     0     -77      0     77  0.82332509E+00  0.00000000E+00 0.6065E-12      5
 1181   13     0     -76      0     76  0.83468056E+00  0.00000000E+00 0.1628E-12      5
 1182   13     0     -75      0     75  0.84599852E+00  0.00000000E+00 0.1166E-12      6
 1183   13     0     -74      0     74  0.85635651E+00  0.00000000E+00 0.2046E-12      5
 1184   13     0     -73      0     73  0.86586384E+00  0.00000000E+00 0.5820E-13      5
 1185   13     0     -72      0     72  0.87692340E+00  0.00000000E+00 0.1333E-12      6
 1186   13     0     -71      0     71  0.88954885E+00  0.00000000E+00 0.8709E-13      5
 1187   13     0     -70      0     70  0.90288989E+00  0.00000000E+00 0.6442E-13      5
 1188   13     0     -69      0     69  0.91628413E+00  0.00000000E+00 0.7611E-14      6
 1189   13     0     -68      0     68  0.92852038E+00  0.00000000E+00 0.4905E-13      6
 1190   13     0     -67      0     67  0.93947076E+00  0.00000000E+00 0.4233E-13      5
 1191   13     0     -66      0     66  0.95242924E+00  0.00000000E+00 0.1037E-12      6
 1192   13     0     -65      0     65  0.96741879E+00  0.00000000E+00 0.4583E-12      5
 1193   13     0     -64      0     64  0.98327848E+00  0.00000000E+00 0.5656E-13      5
 1194   13     0     -63      0     63  0.99912398E+00  0.00000000E+00 0.1069E-12      6
 1195   13     0     -62      0     62  0.10132754E+01  0.00000000E+00 0.5706E-13      5
 1196   13     0     -61      0     61  0.10261171E+01  0.00000000E+00 0.3006E-13      6
 1197   13     0     -60      0     60  0.10418892E+01  0.00000000E+00 0.2233E-12      6
 1198   13     0     -59      0     59  0.10599538E+01  0.00000000E+00 0.2819E-12      5
 1199   13     0     -58      0     58  0.10789311E+01  0.00000000E+00 0.1223E-12      5
 1200   13     0     -57      0     57  0.10976571E+01  0.00000000E+00 0.1688E-12      6
 1201   13     0     -56      0     56  0.11138071E+01  0.00000000E+00 0.2440E-13      5
 1202   13     0     -55      0     55  0.11293582E+01  0.00000000E+00 0.3824E-14      6
 1203   13     0     -54      0     54  0.11490877E+01  0.00000000E+00 0.5473E-13      6
 1204   13     0     -53      0     53  0.11712935E+01  0.00000000E+00 0.2874E-12      5
 1205   13     0     -52      0     52  0.11944808E+01  0.00000000E+00 0.7166E-13      6
 1206   13     0     -51      0     51  0.12170720E+01  0.00000000E+00 0.1287E-12      6
 1207   13     0     -50      0     50  0.12360645E+01  0.00000000E+00 0.6708E-13      5
 1208   13     0     -49      0     49  0.12556593E+01  0.00000000E+00 0.6769E-13      6
 1209   13     0     -48      0     48  0.12805827E+01  0.00000000E+00 0.2589E-12      6
 1210   13     0     -47      0     47  0.13082223E+01  0.00000000E+00 0.5209E-13      5
 1211   13     0     -46      0     46  0.13370229E+01  0.00000000E+00 0.2742E-12      5
 1212   13     0     -45      0     45  0.13652347E+01  0.00000000E+00 0.5981E-13      6
 1213   13     0     -44      0     44  0.13891010E+01  0.00000000E+00 0.6800E-14      5
 1214   13     0     -43      0     43  0.14132887E+01  0.00000000E+00 0.2988E-12      6
 1215   13     0     -42      0     42  0.14444013E+01  0.00000000E+00 0.7370E-13      6
 1216   13     0     -41      0     41  0.14793265E+01  0.00000000E+00 0.2357E-12      6
 1217   13     0     -40      0     40  0.15161869E+01  0.00000000E+00 0.2599E-12      5
 1218   13     0     -39      0     39  0.15534435E+01  0.00000000E+00 0.1796E-12      6
 1219   13     0     -38      0     38  0.15866388E+01  0.00000000E+00 0.7580E-13      5
 1220   13     0     -37      0     37  0.16156043E+01  0.00000000E+00 0.2459E-12      6
 1221   13     0     -36      0     36  0.16535680E+01  0.00000000E+00 0.1022E-12      6
  Time elapsed :      1.702 s

Starting search (non-adiabatic)

Finding roots
  Time elapsed :     74.494 s

Processing modes
   id    l     m    n_pg    n_p    n_g       Re(omega)       Im(omega)        chi n_iter
 1148   13     0    -109      0    109  0.58764840E+00 -0.84822570E-03 0.1422E-11      7
 1149   13     0    -108      0    108  0.59329641E+00 -0.90220144E-03 0.6051E-12      7
 1150   13     0    -107      0    107  0.59918435E+00 -0.91198024E-03 0.1942E-12      7
 1151   13     0    -106      0    106  0.60503447E+00 -0.87475604E-03 0.5903E-12      7
 1152   13     0    -105      0    105  0.61048737E+00 -0.78837739E-03 0.2229E-12      7
 1153   13     0    -104      0    104  0.61559675E+00 -0.79769596E-03 0.3836E-12      8
 1154   13     0    -103      0    103  0.62123408E+00 -0.90893546E-03 0.4036E-12      8
 1155   13     0    -102      0    102  0.62751175E+00 -0.97713006E-03 0.1582E-11      8
 1156   13     0    -101      0    101  0.63409125E+00 -0.10004832E-02 0.9927E-12      7
 1157   13     0    -100      0    100  0.64067966E+00 -0.97689543E-03 0.9548E-12      7
 1158   13     0     -99      0     99  0.64687481E+00 -0.88710422E-03 0.1102E-11      7
 1159   13     0     -98      0     98  0.65255801E+00 -0.87237078E-03 0.5210E-12      8
 1160   13     0     -97      0     97  0.65872892E+00 -0.10074523E-02 0.1710E-11      6
 1161   13     0     -96      0     96  0.66570095E+00 -0.10999856E-02 0.9042E-12      7
 1162   13     0     -95      0     95  0.67307687E+00 -0.11314830E-02 0.1003E-11      8
 1163   13     0     -94      0     94  0.68052232E+00 -0.11051872E-02 0.1232E-11      7
 1164   13     0     -93      0     93  0.68759996E+00 -0.99436550E-03 0.6271E-12      7
 1165   13     0     -92      0     92  0.69398862E+00 -0.92131907E-03 0.2080E-12      7
 1166   13     0     -91      0     91  0.70073686E+00 -0.10378167E-02 0.1073E-11      6
 1167   13     0     -90      0     90  0.70847620E+00 -0.11141240E-02 0.4455E-12      7
 1168   13     0     -89      0     89  0.71676983E+00 -0.11130944E-02 0.1050E-11      9
 1169   13     0     -88      0     88  0.72523957E+00 -0.10569586E-02 0.4182E-12      7
 1170   13     0     -87      0     87  0.73344920E+00 -0.93041993E-03 0.1266E-11      8
 1171   13     0     -86      0     86  0.74084971E+00 -0.79313739E-03 0.6058E-12      7
 1172   13     0     -86      0     86  0.74826492E+00 -0.83762479E-03 0.2308E-11      7
 1173   13     0     -85      0     85  0.75687634E+00 -0.87988381E-03 0.4076E-12      8
 1174   13     0     -84      0     84  0.76630674E+00 -0.84379484E-03 0.6502E-12      8
 1175   13     0     -83      0     83  0.77607602E+00 -0.76439215E-03 0.9013E-14      7
 1176   13     0     -82      0     82  0.78571097E+00 -0.64517867E-03 0.1611E-11      6
 1177   13     0     -81      0     81  0.79443944E+00 -0.50562677E-03 0.1038E-11      5
 1178   13     0     -80      0     80  0.80273748E+00 -0.49201522E-03 0.3351E-12      6
 1179   13     0     -79      0     79  0.81244312E+00 -0.50811590E-03 0.9411E-12      6
 1180   13     0     -78      0     78  0.82330898E+00 -0.47202850E-03 0.2298E-11      6
 1181   13     0     -77      0     77  0.83467589E+00 -0.41490113E-03 0.1623E-11      7
 1182   13     0     -76      0     76  0.84600247E+00 -0.34408663E-03 0.1012E-11      7
 1183   13     0     -75      0     75  0.85636456E+00 -0.26139198E-03 0.4158E-11      6
 1184   13     0     -74      0     74  0.86587444E+00 -0.24048791E-03 0.4938E-11      5
 1185   13     0     -73      0     73  0.87693971E+00 -0.25031970E-03 0.3525E-11      5
 1186   13     0     -72      0     72  0.88956915E+00 -0.23198866E-03 0.4274E-11      6
 1187   13     0     -71      0     71  0.90291199E+00 -0.20233502E-03 0.4982E-11      6
 1188   13     0     -70      0     70  0.91630575E+00 -0.16645033E-03 0.6349E-11      7
 1189   13     0     -69      0     69  0.92853848E+00 -0.12288601E-03 0.6475E-11      5
 1190   13     0     -68      0     68  0.93948857E+00 -0.11131852E-03 0.3645E-11      5
 1191   13     0     -67      0     67  0.95245015E+00 -0.11792991E-03 0.2036E-10      6
 1192   13     0     -66      0     66  0.96744008E+00 -0.10884775E-03 0.7131E-11      6
 1193   13     0     -65      0     65  0.98329857E+00 -0.94279529E-04 0.1141E-10      7
 1194   13     0     -64      0     64  0.99914156E+00 -0.76626228E-04 0.1224E-10      5
 1195   13     0     -63      0     63  0.10132889E+01 -0.55419814E-04 0.1840E-10      5
 1196   13     0     -62      0     62  0.10261307E+01 -0.53634449E-04 0.5114E-10      8
 1197   13     0     -61      0     61  0.10419044E+01 -0.57236985E-04 0.2571E-10      6
 1198   13     0     -60      0     60  0.10599687E+01 -0.52921670E-04 0.9858E-11      8
 1199   13     0     -59      0     59  0.10789446E+01 -0.46048276E-04 0.2768E-10      7
 1200   13     0     -58      0     58  0.10976683E+01 -0.36812734E-04 0.6660E-10      7
 1201   13     0     -57      0     57  0.11138153E+01 -0.26262632E-04 0.4207E-10      6
 1202   13     0     -56      0     56  0.11293672E+01 -0.27854982E-04 0.6023E-10      4
 1203   13     0     -55      0     55  0.11490972E+01 -0.28600699E-04 0.5873E-10      5
 1204   13     0     -54      0     54  0.11713023E+01 -0.25619806E-04 0.1407E-10      5
 1205   13     0     -53      0     53  0.11944884E+01 -0.21697780E-04 0.2500E-10      5
 1206   13     0     -52      0     52  0.12170781E+01 -0.16647201E-04 0.2280E-09      6
 1207   13     0     -51      0     51  0.12360689E+01 -0.11947220E-04 0.1430E-10      6
 1208   13     0     -50      0     50  0.12556643E+01 -0.13345439E-04 0.6929E-10      5
 1209   13     0     -49      0     49  0.12805879E+01 -0.13228836E-04 0.1812E-09      5
 1210   13     0     -48      0     48  0.13082270E+01 -0.11687242E-04 0.2757E-10      4
 1211   13     0     -47      0     47  0.13370269E+01 -0.98122551E-05 0.1305E-09      6
 1212   13     0     -46      0     46  0.13652379E+01 -0.74678259E-05 0.1526E-09      4
 1213   13     0     -45      0     45  0.13891032E+01 -0.51926212E-05 0.2355E-09      5
 1214   13     0     -44      0     44  0.14132912E+01 -0.56218827E-05 0.4659E-10      4
 1215   13     0     -43      0     43  0.14444038E+01 -0.54514350E-05 0.3048E-09      5
 1216   13     0     -41      0     41  0.14793287E+01 -0.46683957E-05 0.2902E-09      4
 1217   13     0     -40      0     40  0.15161888E+01 -0.38149752E-05 0.2813E-09      4
 1218   13     0     -39      0     39  0.15534450E+01 -0.29028136E-05 0.2587E-09      6
 1219   13     0     -38      0     38  0.15866398E+01 -0.18552367E-05 0.9736E-09      5
 1220   13     0     -37      0     37  0.16156053E+01 -0.16825017E-05 0.8318E-09      6
 1221   13     0     -36      0     36  0.16535689E+01 -0.16833726E-05 0.1274E-08      6
  Time elapsed :      4.481 s

Mode Search
-----------

Mode parameters
   l : 14
   m : 0

Building frequency grid (REAL axis)
   added scan interval :  0.5233E+00 ->  0.2105E+01 (3000 points, INVERSE)

Building spatial grid
   Scaffold grid from model
   Split 50 subinterval(s) in iteration 1
   Split 20 subinterval(s) in iteration 2
   Split 0 subinterval(s) in iteration 3
   Final grid has 1 segment(s) and 7235 point(s):
      Segment 1 : x range 0.0000 -> 1.0010 (1 -> 7235)

Starting search (adiabatic)

Scanning frequencies
  Time elapsed :    34.219 s

Finding roots
  Time elapsed :      5.794 s

Processing modes
   id    l     m    n_pg    n_p    n_g       Re(omega)       Im(omega)        chi n_iter
 1244   14     0    -117      0    117  0.58903214E+00  0.00000000E+00 0.1992E-12      5
 1245   14     0    -116      0    116  0.59352487E+00  0.00000000E+00 0.1505E-12      5
 1246   14     0    -115      0    115  0.59848336E+00  0.00000000E+00 0.3179E-12      5
 1247   14     0    -114      0    114  0.60392292E+00  0.00000000E+00 0.9070E-12      5
 1248   14     0    -113      0    113  0.60957211E+00  0.00000000E+00 0.2402E-12      5
 1249   14     0    -112      0    112  0.61516736E+00  0.00000000E+00 0.4287E-13      6
 1250   14     0    -111      0    111  0.62037679E+00  0.00000000E+00 0.1419E-12      6
 1251   14     0    -110      0    110  0.62531590E+00  0.00000000E+00 0.3702E-12      5
 1252   14     0    -109      0    109  0.63077117E+00  0.00000000E+00 0.2118E-13      6
 1253   14     0    -108      0    108  0.63680504E+00  0.00000000E+00 0.5843E-12      5
 1254   14     0    -107      0    107  0.64309579E+00  0.00000000E+00 0.1019E-12      5
 1255   14     0    -106      0    106  0.64934748E+00  0.00000000E+00 0.4267E-12      6
 1256   14     0    -105      0    105  0.65518565E+00  0.00000000E+00 0.2982E-12      5
 1257   14     0    -104      0    104  0.66066796E+00  0.00000000E+00 0.2367E-12      5
 1258   14     0    -103      0    103  0.66668877E+00  0.00000000E+00 0.3243E-12      6
 1259   14     0    -102      0    102  0.67339039E+00  0.00000000E+00 0.8822E-12      5
 1260   14     0    -101      0    101  0.68042113E+00  0.00000000E+00 0.3069E-12      5
 1261   14     0    -100      0    100  0.68746811E+00  0.00000000E+00 0.5621E-12      5
 1262   14     0     -99      0     99  0.69411020E+00  0.00000000E+00 0.3044E-12      5
 1263   14     0     -98      0     98  0.70021574E+00  0.00000000E+00 0.3301E-12      5
 1264   14     0     -97      0     97  0.70680323E+00  0.00000000E+00 0.8790E-13      5
 1265   14     0     -96      0     96  0.71424532E+00  0.00000000E+00 0.1645E-12      5
 1266   14     0     -95      0     95  0.72213338E+00  0.00000000E+00 0.3162E-12      5
 1267   14     0     -94      0     94  0.73010604E+00  0.00000000E+00 0.1163E-12      6
 1268   14     0     -93      0     93  0.73770136E+00  0.00000000E+00 0.8347E-13      6
 1269   14     0     -92      0     92  0.74457421E+00  0.00000000E+00 0.5738E-12      5
 1270   14     0     -91      0     91  0.75178069E+00  0.00000000E+00 0.2343E-12      5
 1271   14     0     -90      0     90  0.76003520E+00  0.00000000E+00 0.3565E-12      5
 1272   14     0     -89      0     89  0.76889573E+00  0.00000000E+00 0.6746E-13      5
 1273   14     0     -88      0     88  0.77795176E+00  0.00000000E+00 0.1003E-12      6
 1274   14     0     -87      0     87  0.78674310E+00  0.00000000E+00 0.2618E-12      6
 1275   14     0     -86      0     86  0.79468799E+00  0.00000000E+00 0.8868E-13      5
 1276   14     0     -85      0     85  0.80259306E+00  0.00000000E+00 0.1581E-12      6
 1277   14     0     -84      0     84  0.81174608E+00  0.00000000E+00 0.5527E-12      5
 1278   14     0     -83      0     83  0.82179032E+00  0.00000000E+00 0.5124E-12      5
 1279   14     0     -82      0     82  0.83220954E+00  0.00000000E+00 0.9108E-13      6
 1280   14     0     -81      0     81  0.84250822E+00  0.00000000E+00 0.9672E-13      5
 1281   14     0     -80      0     80  0.85187167E+00  0.00000000E+00 0.2587E-12      6
 1282   14     0     -79      0     79  0.86070694E+00  0.00000000E+00 0.5192E-12      6
 1283   14     0     -78      0     78  0.87099908E+00  0.00000000E+00 0.1881E-12      6
 1284   14     0     -77      0     77  0.88256130E+00  0.00000000E+00 0.5267E-12      5
 1285   14     0     -76      0     76  0.89468014E+00  0.00000000E+00 0.7412E-12      5
 1286   14     0     -75      0     75  0.90678055E+00  0.00000000E+00 0.1850E-12      6
 1287   14     0     -74      0     74  0.91788639E+00  0.00000000E+00 0.4204E-13      6
 1288   14     0     -73      0     73  0.92801965E+00  0.00000000E+00 0.1440E-12      6
 1289   14     0     -72      0     72  0.93975626E+00  0.00000000E+00 0.7970E-13      6
 1290   14     0     -71      0     71  0.95319424E+00  0.00000000E+00 0.4992E-13      5
 1291   14     0     -70      0     70  0.96741167E+00  0.00000000E+00 0.1785E-12      5
 1292   14     0     -69      0     69  0.98169685E+00  0.00000000E+00 0.2337E-13      6
 1293   14     0     -68      0     68  0.99476130E+00  0.00000000E+00 0.6004E-12      6
 1294   14     0     -67      0     67  0.10064167E+01  0.00000000E+00 0.8102E-13      6
 1295   14     0     -66      0     66  0.10201883E+01  0.00000000E+00 0.2949E-12      5
 1296   14     0     -65      0     65  0.10361410E+01  0.00000000E+00 0.1837E-12      6
 1297   14     0     -64      0     64  0.10530219E+01  0.00000000E+00 0.6675E-12      5
 1298   14     0     -63      0     63  0.10698763E+01  0.00000000E+00 0.2675E-12      5
 1299   14     0     -62      0     62  0.10849040E+01  0.00000000E+00 0.3993E-13      5
 1300   14     0     -61      0     61  0.10985646E+01  0.00000000E+00 0.2546E-12      5
 1301   14     0     -60      0     60  0.11153586E+01  0.00000000E+00 0.2340E-12      6
 1302   14     0     -59      0     59  0.11345674E+01  0.00000000E+00 0.4255E-12      5
 1303   14     0     -58      0     58  0.11547324E+01  0.00000000E+00 0.5041E-12      6
 1304   14     0     -57      0     57  0.11746282E+01  0.00000000E+00 0.1106E-12      6
 1305   14     0     -56      0     56  0.11918149E+01  0.00000000E+00 0.4356E-12      5
 1306   14     0     -55      0     55  0.12083435E+01  0.00000000E+00 0.7829E-13      6
 1307   14     0     -54      0     54  0.12292697E+01  0.00000000E+00 0.6611E-13      6
 1308   14     0     -53      0     53  0.12528308E+01  0.00000000E+00 0.1820E-12      5
 1309   14     0     -52      0     52  0.12774577E+01  0.00000000E+00 0.7215E-13      5
 1310   14     0     -51      0     51  0.13015750E+01  0.00000000E+00 0.1295E-12      6
 1311   14     0     -50      0     50  0.13220228E+01  0.00000000E+00 0.3786E-13      5
 1312   14     0     -49      0     49  0.13425665E+01  0.00000000E+00 0.9355E-13      6
 1313   14     0     -48      0     48  0.13687363E+01  0.00000000E+00 0.7909E-13      6
 1314   14     0     -47      0     47  0.13979207E+01  0.00000000E+00 0.1191E-12      5
 1315   14     0     -46      0     46  0.14284361E+01  0.00000000E+00 0.8486E-13      5
 1316   14     0     -45      0     45  0.14586651E+01  0.00000000E+00 0.1560E-12      6
 1317   14     0     -44      0     44  0.14847582E+01  0.00000000E+00 0.2286E-12      6
 1318   14     0     -43      0     43  0.15097199E+01  0.00000000E+00 0.5902E-13      6
 1319   14     0     -42      0     42  0.15418786E+01  0.00000000E+00 0.1023E-12      6
 1320   14     0     -41      0     41  0.15784592E+01  0.00000000E+00 0.2677E-12      5
 1321   14     0     -40      0     40  0.16172441E+01  0.00000000E+00 0.1374E-12      5
 1322   14     0     -39      0     39  0.16568677E+01  0.00000000E+00 0.1891E-12      6
  Time elapsed :      1.832 s

Starting search (non-adiabatic)

Finding roots
  Time elapsed :     79.156 s

Processing modes
   id    l     m    n_pg    n_p    n_g       Re(omega)       Im(omega)        chi n_iter
 1244   14     0    -117      0    117  0.58883726E+00 -0.73324393E-03 0.1451E-11      7
 1245   14     0    -116      0    116  0.59332522E+00 -0.74764548E-03 0.8370E-12      7
 1246   14     0    -115      0    115  0.59827572E+00 -0.83383849E-03 0.4698E-12      7
 1247   14     0    -114      0    114  0.60372272E+00 -0.87941703E-03 0.4777E-12      7
 1248   14     0    -113      0    113  0.60938825E+00 -0.88418669E-03 0.2280E-11      7
 1249   14     0    -112      0    112  0.61500900E+00 -0.84391385E-03 0.1119E-11      7
 1250   14     0    -111      0    111  0.62024453E+00 -0.75971209E-03 0.9476E-12      8
 1251   14     0    -110      0    110  0.62517844E+00 -0.77105734E-03 0.9398E-12      8
 1252   14     0    -109      0    109  0.63062816E+00 -0.87132085E-03 0.6686E-12      7
 1253   14     0    -108      0    108  0.63666956E+00 -0.92681749E-03 0.2085E-12      6
 1254   14     0    -107      0    107  0.64297411E+00 -0.93676423E-03 0.8724E-12      8
 1255   14     0    -106      0    106  0.64924603E+00 -0.89922252E-03 0.1624E-11      6
 1256   14     0    -105      0    105  0.65510419E+00 -0.81078698E-03 0.9573E-12      8
 1257   14     0    -104      0    104  0.66058146E+00 -0.81526249E-03 0.1540E-11      7
 1258   14     0    -103      0    103  0.66660032E+00 -0.92786234E-03 0.1283E-11      7
 1259   14     0    -102      0    102  0.67331026E+00 -0.99848792E-03 0.4497E-12      7
 1260   14     0    -101      0    101  0.68035199E+00 -0.10231072E-02 0.8064E-12      7
 1261   14     0    -100      0    100  0.68741310E+00 -0.10006587E-02 0.9977E-12      7
 1262   14     0     -99      0     99  0.69406946E+00 -0.91064915E-03 0.2668E-12      6
 1263   14     0     -98      0     98  0.70016595E+00 -0.88959325E-03 0.6715E-12      8
 1264   14     0     -97      0     97  0.70674618E+00 -0.10257966E-02 0.1772E-12      6
 1265   14     0     -96      0     96  0.71418994E+00 -0.11227930E-02 0.5259E-12      8
 1266   14     0     -95      0     95  0.72207868E+00 -0.11571264E-02 0.6719E-12      7
 1267   14     0     -94      0     94  0.73005369E+00 -0.11332586E-02 0.3281E-12      8
 1268   14     0     -93      0     93  0.73765564E+00 -0.10237462E-02 0.1163E-11      8
 1269   14     0     -92      0     92  0.74451556E+00 -0.94322650E-03 0.1083E-11      7
 1270   14     0     -91      0     91  0.75170377E+00 -0.10596865E-02 0.2813E-11      7
 1271   14     0     -90      0     90  0.75995353E+00 -0.11423931E-02 0.1171E-11      6
 1272   14     0     -89      0     89  0.76881221E+00 -0.11448701E-02 0.9829E-12      7
 1273   14     0     -88      0     88  0.77787127E+00 -0.10904672E-02 0.2618E-11      8
 1274   14     0     -87      0     87  0.78667410E+00 -0.96420196E-03 0.1473E-11      7
 1275   14     0     -87      0     87  0.79462353E+00 -0.81916301E-03 0.2917E-11      7
 1276   14     0     -86      0     86  0.80251822E+00 -0.85846080E-03 0.4332E-12      6
 1277   14     0     -85      0     85  0.81167497E+00 -0.90434820E-03 0.1124E-11      6
 1278   14     0     -84      0     84  0.82173009E+00 -0.86814865E-03 0.1051E-11      7
 1279   14     0     -83      0     83  0.83216399E+00 -0.78641905E-03 0.1158E-12      8
 1280   14     0     -82      0     82  0.84247965E+00 -0.66461148E-03 0.3726E-11      6
 1281   14     0     -81      0     81  0.85185556E+00 -0.51922821E-03 0.1430E-11      6
 1282   14     0     -80      0     80  0.86069467E+00 -0.49864648E-03 0.2972E-11      5
 1283   14     0     -79      0     79  0.87099719E+00 -0.51579739E-03 0.3401E-11      6
 1284   14     0     -78      0     78  0.88257029E+00 -0.47925289E-03 0.2903E-11      6
 1285   14     0     -77      0     77  0.89469748E+00 -0.42068350E-03 0.1981E-11      6
 1286   14     0     -76      0     76  0.90680273E+00 -0.34868358E-03 0.8439E-12      6
 1287   14     0     -75      0     75  0.91790827E+00 -0.26429394E-03 0.6830E-11      5
 1288   14     0     -74      0     74  0.92804269E+00 -0.24015340E-03 0.2270E-11      7
 1289   14     0     -73      0     73  0.93978538E+00 -0.25003341E-03 0.2172E-11      5
 1290   14     0     -72      0     72  0.95322630E+00 -0.23161814E-03 0.4221E-11      6
 1291   14     0     -71      0     71  0.96744389E+00 -0.20161324E-03 0.3399E-11      6
 1292   14     0     -70      0     70  0.98172667E+00 -0.16555795E-03 0.8197E-11      6
 1293   14     0     -69      0     69  0.99478537E+00 -0.12191862E-03 0.4158E-11      5
 1294   14     0     -68      0     68  0.10064397E+01 -0.10969371E-03 0.1018E-10      5
 1295   14     0     -67      0     67  0.10202146E+01 -0.11617347E-03 0.4319E-11      8
 1296   14     0     -66      0     66  0.10361672E+01 -0.10709114E-03 0.8769E-11      5
 1297   14     0     -65      0     65  0.10530462E+01 -0.92604508E-04 0.9717E-11      5
 1298   14     0     -64      0     64  0.10698972E+01 -0.75124876E-04 0.1148E-10      5
 1299   14     0     -63      0     63  0.10849198E+01 -0.54266152E-04 0.2085E-10      6
 1300   14     0     -62      0     62  0.10985805E+01 -0.52695791E-04 0.1482E-10      7
 1301   14     0     -61      0     61  0.11153763E+01 -0.56121428E-04 0.6803E-10      7
 1302   14     0     -60      0     60  0.11345844E+01 -0.51784569E-04 0.1942E-10      7
 1303   14     0     -59      0     59  0.11547477E+01 -0.44966376E-04 0.3110E-10      7
 1304   14     0     -58      0     58  0.11746409E+01 -0.35896386E-04 0.3110E-10      6
 1305   14     0     -57      0     57  0.11918241E+01 -0.25611195E-04 0.3746E-10      5
 1306   14     0     -56      0     56  0.12083534E+01 -0.27015799E-04 0.5601E-10      5
 1307   14     0     -55      0     55  0.12292802E+01 -0.27702611E-04 0.5397E-10      7
 1308   14     0     -54      0     54  0.12528405E+01 -0.24807721E-04 0.6976E-10      6
 1309   14     0     -53      0     53  0.12774661E+01 -0.21045565E-04 0.6848E-10      5
 1310   14     0     -52      0     52  0.13015817E+01 -0.16306096E-04 0.5003E-10      5
 1311   14     0     -51      0     51  0.13220276E+01 -0.11597628E-04 0.1010E-09      5
 1312   14     0     -50      0     50  0.13425719E+01 -0.12737595E-04 0.5731E-10      4
 1313   14     0     -49      0     49  0.13687418E+01 -0.12785760E-04 0.1561E-09      4
 1314   14     0     -48      0     48  0.13979257E+01 -0.11352970E-04 0.1061E-09      5
 1315   14     0     -47      0     47  0.14284404E+01 -0.95782947E-05 0.8104E-10      6
 1316   14     0     -46      0     46  0.14586686E+01 -0.74265872E-05 0.4283E-10      4
 1317   14     0     -45      0     45  0.14847606E+01 -0.50829152E-05 0.1864E-09      5
 1318   14     0     -44      0     44  0.15097224E+01 -0.52662817E-05 0.1023E-09      7
 1319   14     0     -42      0     42  0.15418812E+01 -0.52758691E-05 0.2095E-09      5
 1320   14     0     -41      0     41  0.15784616E+01 -0.45835014E-05 0.1565E-09      6
 1321   14     0     -40      0     40  0.16172461E+01 -0.37759431E-05 0.8150E-09      4
 1322   14     0     -39      0     39  0.16568693E+01 -0.29185020E-05 0.1739E-09      6
  Time elapsed :      4.587 s

Mode Search
-----------

Mode parameters
   l : 15
   m : 0

Building frequency grid (REAL axis)
   added scan interval :  0.5233E+00 ->  0.2105E+01 (3000 points, INVERSE)

Building spatial grid
   Scaffold grid from model
   Split 75 subinterval(s) in iteration 1
   Split 23 subinterval(s) in iteration 2
   Split 0 subinterval(s) in iteration 3
   Final grid has 1 segment(s) and 7263 point(s):
      Segment 1 : x range 0.0000 -> 1.0010 (1 -> 7263)

Starting search (adiabatic)

Scanning frequencies
  Time elapsed :    34.112 s

Finding roots
  Time elapsed :      5.931 s

Processing modes
   id    l     m    n_pg    n_p    n_g       Re(omega)       Im(omega)        chi n_iter
 1348   15     0    -125      0    125  0.58955387E+00  0.00000000E+00 0.3867E-12      5
 1349   15     0    -124      0    124  0.59440856E+00  0.00000000E+00 0.3703E-12      5
 1350   15     0    -123      0    123  0.59892242E+00  0.00000000E+00 0.7976E-13      5
 1351   15     0    -122      0    122  0.60326593E+00  0.00000000E+00 0.2200E-12      6
 1352   15     0    -121      0    121  0.60806259E+00  0.00000000E+00 0.4552E-12      5
 1353   15     0    -120      0    120  0.61331213E+00  0.00000000E+00 0.5276E-12      5
 1354   15     0    -119      0    119  0.61874623E+00  0.00000000E+00 0.2813E-12      5
 1355   15     0    -118      0    118  0.62410843E+00  0.00000000E+00 0.2341E-12      6
 1356   15     0    -117      0    117  0.62910410E+00  0.00000000E+00 0.3032E-13      5
 1357   15     0    -116      0    116  0.63389228E+00  0.00000000E+00 0.2743E-13      5
 1358   15     0    -115      0    115  0.63916613E+00  0.00000000E+00 0.9304E-13      6
 1359   15     0    -114      0    114  0.64495806E+00  0.00000000E+00 0.1430E-12      5
 1360   15     0    -113      0    113  0.65097985E+00  0.00000000E+00 0.5821E-12      5
 1361   15     0    -112      0    112  0.65695278E+00  0.00000000E+00 0.6826E-13      6
 1362   15     0    -111      0    111  0.66252382E+00  0.00000000E+00 0.2203E-12      6
 1363   15     0    -110      0    110  0.66778750E+00  0.00000000E+00 0.1699E-12      6
 1364   15     0    -109      0    109  0.67358186E+00  0.00000000E+00 0.9459E-13      6
 1365   15     0    -108      0    108  0.68000139E+00  0.00000000E+00 0.1380E-11      5
 1366   15     0    -107      0    107  0.68670477E+00  0.00000000E+00 0.1727E-12      6
 1367   15     0    -106      0    106  0.69337870E+00  0.00000000E+00 0.8078E-13      6
 1368   15     0    -105      0    105  0.69962614E+00  0.00000000E+00 0.2558E-12      6
 1369   15     0    -104      0    104  0.70546973E+00  0.00000000E+00 0.3634E-12      6
 1370   15     0    -103      0    103  0.71185616E+00  0.00000000E+00 0.1111E-12      5
 1371   15     0    -102      0    102  0.71897882E+00  0.00000000E+00 0.4323E-13      5
 1372   15     0    -101      0    101  0.72646548E+00  0.00000000E+00 0.5503E-13      5
 1373   15     0    -100      0    100  0.73398410E+00  0.00000000E+00 0.1603E-12      6
 1374   15     0     -99      0     99  0.74109331E+00  0.00000000E+00 0.2733E-12      6
 1375   15     0     -98      0     98  0.74760945E+00  0.00000000E+00 0.4046E-12      5
 1376   15     0     -97      0     97  0.75458551E+00  0.00000000E+00 0.3566E-12      6
 1377   15     0     -96      0     96  0.76248228E+00  0.00000000E+00 0.4507E-12      5
 1378   15     0     -95      0     95  0.77087340E+00  0.00000000E+00 0.3386E-12      5
 1379   15     0     -94      0     94  0.77937264E+00  0.00000000E+00 0.6973E-13      6
 1380   15     0     -93      0     93  0.78749906E+00  0.00000000E+00 0.2622E-12      6
 1381   15     0     -92      0     92  0.79484560E+00  0.00000000E+00 0.2312E-12      5
 1382   15     0     -91      0     91  0.80246929E+00  0.00000000E+00 0.5857E-13      6
 1383   15     0     -90      0     90  0.81121345E+00  0.00000000E+00 0.5128E-13      6
 1384   15     0     -89      0     89  0.82062828E+00  0.00000000E+00 0.2450E-12      5
 1385   15     0     -88      0     88  0.83027022E+00  0.00000000E+00 0.2561E-12      6
 1386   15     0     -87      0     87  0.83966160E+00  0.00000000E+00 0.1200E-12      6
 1387   15     0     -86      0     86  0.84816609E+00  0.00000000E+00 0.2520E-12      5
 1388   15     0     -85      0     85  0.85653163E+00  0.00000000E+00 0.1416E-12      6
 1389   15     0     -84      0     84  0.86620377E+00  0.00000000E+00 0.3137E-12      5
 1390   15     0     -83      0     83  0.87685838E+00  0.00000000E+00 0.1379E-12      5
 1391   15     0     -82      0     82  0.88793532E+00  0.00000000E+00 0.7635E-13      5
 1392   15     0     -81      0     81  0.89891635E+00  0.00000000E+00 0.1362E-12      6
 1393   15     0     -80      0     80  0.90893891E+00  0.00000000E+00 0.1569E-12      6
 1394   15     0     -79      0     79  0.91830246E+00  0.00000000E+00 0.6020E-13      6
 1395   15     0     -78      0     78  0.92916033E+00  0.00000000E+00 0.1006E-13      6
 1396   15     0     -77      0     77  0.94141003E+00  0.00000000E+00 0.5301E-13      6
 1397   15     0     -76      0     76  0.95427617E+00  0.00000000E+00 0.4283E-12      5
 1398   15     0     -75      0     75  0.96714860E+00  0.00000000E+00 0.1555E-12      6
 1399   15     0     -74      0     74  0.97900125E+00  0.00000000E+00 0.2475E-13      6
 1400   15     0     -73      0     73  0.98974525E+00  0.00000000E+00 0.3335E-12      5
 1401   15     0     -72      0     72  0.10021245E+01  0.00000000E+00 0.3565E-13      5
 1402   15     0     -71      0     71  0.10163480E+01  0.00000000E+00 0.3006E-12      5
 1403   15     0     -70      0     70  0.10314194E+01  0.00000000E+00 0.8350E-14      5
 1404   15     0     -69      0     69  0.10465779E+01  0.00000000E+00 0.1613E-12      6
 1405   15     0     -68      0     68  0.10604627E+01  0.00000000E+00 0.5174E-12      6
 1406   15     0     -67      0     67  0.10728030E+01  0.00000000E+00 0.1621E-12      6
 1407   15     0     -66      0     66  0.10873506E+01  0.00000000E+00 0.2940E-12      6
 1408   15     0     -65      0     65  0.11042348E+01  0.00000000E+00 0.2249E-12      5
 1409   15     0     -64      0     64  0.11221087E+01  0.00000000E+00 0.1263E-12      5
 1410   15     0     -63      0     63  0.11399518E+01  0.00000000E+00 0.7839E-13      5
 1411   15     0     -62      0     62  0.11558568E+01  0.00000000E+00 0.6004E-13      6
 1412   15     0     -61      0     61  0.11703068E+01  0.00000000E+00 0.2912E-12      6
 1413   15     0     -60      0     60  0.11880644E+01  0.00000000E+00 0.3814E-12      6
 1414   15     0     -59      0     59  0.12083709E+01  0.00000000E+00 0.1656E-12      5
 1415   15     0     -58      0     58  0.12296890E+01  0.00000000E+00 0.2217E-12      6
 1416   15     0     -57      0     57  0.12507543E+01  0.00000000E+00 0.5870E-13      6
 1417   15     0     -56      0     56  0.12690350E+01  0.00000000E+00 0.1443E-12      6
 1418   15     0     -55      0     55  0.12864620E+01  0.00000000E+00 0.2459E-12      6
 1419   15     0     -54      0     54  0.13084679E+01  0.00000000E+00 0.3776E-13      5
 1420   15     0     -53      0     53  0.13333106E+01  0.00000000E+00 0.2161E-12      5
 1421   15     0     -52      0     52  0.13593292E+01  0.00000000E+00 0.4636E-13      6
 1422   15     0     -51      0     51  0.13849862E+01  0.00000000E+00 0.9016E-13      6
 1423   15     0     -50      0     50  0.14070161E+01  0.00000000E+00 0.3710E-13      5
 1424   15     0     -49      0     49  0.14283613E+01  0.00000000E+00 0.7756E-13      5
 1425   15     0     -48      0     48  0.14555578E+01  0.00000000E+00 0.4834E-12      6
 1426   15     0     -47      0     47  0.14861557E+01  0.00000000E+00 0.8941E-13      5
 1427   15     0     -46      0     46  0.15182905E+01  0.00000000E+00 0.4638E-12      6
 1428   15     0     -45      0     45  0.15504838E+01  0.00000000E+00 0.2028E-12      6
 1429   15     0     -44      0     44  0.15790257E+01  0.00000000E+00 0.5496E-13      6
 1430   15     0     -43      0     43  0.16047607E+01  0.00000000E+00 0.1990E-12      6
 1431   15     0     -42      0     42  0.16375120E+01  0.00000000E+00 0.1848E-12      6
 1432   15     0     -41      0     41  0.16754710E+01  0.00000000E+00 0.7479E-13      6
  Time elapsed :      1.750 s

Starting search (non-adiabatic)

Finding roots
  Time elapsed :     87.706 s

Processing modes
   id    l     m    n_pg    n_p    n_g       Re(omega)       Im(omega)        chi n_iter
 1348   15     0    -125      0    125  0.58922427E+00 -0.91431549E-03 0.8280E-12      7
 1349   15     0    -124      0    124  0.59411817E+00 -0.85925682E-03 0.9508E-12      6
 1350   15     0    -123      0    123  0.59867277E+00 -0.76873364E-03 0.3121E-12      7
 1351   15     0    -122      0    122  0.60301045E+00 -0.77860322E-03 0.4766E-12      6
 1352   15     0    -121      0    121  0.60779647E+00 -0.86117585E-03 0.5549E-12      8
 1353   15     0    -120      0    120  0.61305526E+00 -0.89855814E-03 0.6609E-12      7
 1354   15     0    -119      0    119  0.61851049E+00 -0.89292280E-03 0.5305E-12      6
 1355   15     0    -118      0    118  0.62390482E+00 -0.84319010E-03 0.2451E-12      8
 1356   15     0    -117      0    117  0.62893192E+00 -0.75891869E-03 0.9774E-12      6
 1357   15     0    -116      0    116  0.63371692E+00 -0.77085894E-03 0.8508E-12      7
 1358   15     0    -115      0    115  0.63898585E+00 -0.85882589E-03 0.2320E-12      6
 1359   15     0    -114      0    114  0.64478709E+00 -0.90549962E-03 0.3086E-12      6
 1360   15     0    -113      0    113  0.65082579E+00 -0.91006944E-03 0.1082E-11      6
 1361   15     0    -112      0    112  0.65682309E+00 -0.86890773E-03 0.6257E-12      7
 1362   15     0    -111      0    111  0.66241812E+00 -0.78181584E-03 0.1136E-11      7
 1363   15     0    -110      0    110  0.66767826E+00 -0.78888470E-03 0.3880E-12      7
 1364   15     0    -109      0    109  0.67347086E+00 -0.89058417E-03 0.6850E-12      8
 1365   15     0    -108      0    108  0.67990035E+00 -0.94765599E-03 0.1519E-11      6
 1366   15     0    -107      0    107  0.68661837E+00 -0.95792522E-03 0.7531E-12      6
 1367   15     0    -106      0    106  0.69331145E+00 -0.92045955E-03 0.3951E-12      8
 1368   15     0    -105      0    105  0.69957639E+00 -0.83009032E-03 0.1147E-11      8
 1369   15     0    -104      0    104  0.70541644E+00 -0.82857970E-03 0.1319E-11      6
 1370   15     0    -103      0    103  0.71180553E+00 -0.94227829E-03 0.9648E-12      8
 1371   15     0    -102      0    102  0.71893986E+00 -0.10155163E-02 0.5582E-12      8
 1372   15     0    -101      0    101  0.72643912E+00 -0.10415890E-02 0.1125E-11      7
 1373   15     0    -100      0    100  0.73397140E+00 -0.10207465E-02 0.1223E-11      7
 1374   15     0     -99      0     99  0.74109194E+00 -0.93109263E-03 0.1061E-11      7
 1375   15     0     -98      0     98  0.74759963E+00 -0.90230237E-03 0.8368E-12      9
 1376   15     0     -97      0     97  0.75457442E+00 -0.10386198E-02 0.4860E-12      8
 1377   15     0     -96      0     96  0.76247793E+00 -0.11401942E-02 0.7060E-12      7
 1378   15     0     -95      0     95  0.77087222E+00 -0.11774579E-02 0.8167E-12      7
 1379   15     0     -94      0     94  0.77937347E+00 -0.11564028E-02 0.3990E-12      7
 1380   15     0     -93      0     93  0.78750226E+00 -0.10490467E-02 0.7792E-13      8
 1381   15     0     -92      0     92  0.79483396E+00 -0.95990904E-03 0.3465E-12      7
 1382   15     0     -91      0     91  0.80244494E+00 -0.10747100E-02 0.5833E-12      8
 1383   15     0     -90      0     90  0.81118892E+00 -0.11641737E-02 0.1008E-11      7
 1384   15     0     -89      0     89  0.82060252E+00 -0.11706115E-02 0.5631E-12      8
 1385   15     0     -88      0     88  0.83024488E+00 -0.11186392E-02 0.1450E-11      6
 1386   15     0     -87      0     87  0.83964130E+00 -0.99389513E-03 0.1164E-11      7
 1387   15     0     -86      0     86  0.84814405E+00 -0.84107553E-03 0.8454E-12      7
 1388   15     0     -88      0     88  0.85650090E+00 -0.87315122E-03 0.1290E-11      6
 1389   15     0     -85      0     85  0.86617880E+00 -0.92312976E-03 0.1262E-11      8
 1390   15     0     -84      0     84  0.87684253E+00 -0.88748683E-03 0.1312E-11      6
 1391   15     0     -83      0     83  0.88793004E+00 -0.80409325E-03 0.1100E-11      6
 1392   15     0     -82      0     82  0.89892189E+00 -0.68065736E-03 0.5684E-12      7
 1393   15     0     -81      0     81  0.90894985E+00 -0.53023473E-03 0.1609E-11      6
 1394   15     0     -80      0     80  0.91831596E+00 -0.50162503E-03 0.1291E-11      5
 1395   15     0     -79      0     79  0.92918489E+00 -0.52011038E-03 0.3867E-11      7
 1396   15     0     -78      0     78  0.94144357E+00 -0.48369763E-03 0.7676E-11      7
 1397   15     0     -77      0     77  0.95431496E+00 -0.42416641E-03 0.2216E-11      7
 1398   15     0     -76      0     76  0.96718851E+00 -0.35150172E-03 0.3881E-11      6
 1399   15     0     -75      0     75  0.97903654E+00 -0.26591308E-03 0.8438E-11      6
 1400   15     0     -74      0     74  0.98977997E+00 -0.23827938E-03 0.1238E-11      5
 1401   15     0     -73      0     73  0.10021657E+01 -0.24830470E-03 0.3517E-11      6
 1402   15     0     -72      0     72  0.10163911E+01 -0.23006972E-03 0.9226E-11      6
 1403   15     0     -71      0     71  0.10314611E+01 -0.19994019E-03 0.1612E-11      7
 1404   15     0     -70      0     70  0.10466153E+01 -0.16395725E-03 0.4543E-11      7
 1405   15     0     -69      0     69  0.10604923E+01 -0.12047748E-03 0.7513E-11      6
 1406   15     0     -68      0     68  0.10728307E+01 -0.10749580E-03 0.7843E-11      6
 1407   15     0     -67      0     67  0.10873818E+01 -0.11389821E-03 0.6532E-11      6
 1408   15     0     -66      0     66  0.11042654E+01 -0.10494402E-03 0.8375E-11      6
 1409   15     0     -65      0     65  0.11221367E+01 -0.90664208E-04 0.8882E-11      6
 1410   15     0     -64      0     64  0.11399757E+01 -0.73511097E-04 0.5880E-11      5
 1411   15     0     -63      0     63  0.11558747E+01 -0.53081387E-04 0.3761E-10      5
 1412   15     0     -62      0     62  0.11703246E+01 -0.51517596E-04 0.3346E-10      5
 1413   15     0     -61      0     61  0.11880842E+01 -0.54838123E-04 0.1052E-10      5
 1414   15     0     -60      0     60  0.12083898E+01 -0.50543782E-04 0.1293E-10      6
 1415   15     0     -59      0     59  0.12297059E+01 -0.43834140E-04 0.3585E-10      6
 1416   15     0     -58      0     58  0.12507682E+01 -0.35035062E-04 0.1515E-10      5
 1417   15     0     -57      0     57  0.12690451E+01 -0.24970561E-04 0.5325E-10      5
 1418   15     0     -56      0     56  0.12864728E+01 -0.26000831E-04 0.9302E-10      6
 1419   15     0     -55      0     55  0.13084792E+01 -0.26741262E-04 0.9026E-10      7
 1420   15     0     -54      0     54  0.13333210E+01 -0.23988449E-04 0.8302E-10      5
 1421   15     0     -53      0     53  0.13593382E+01 -0.20420175E-04 0.1965E-10      6
 1422   15     0     -52      0     52  0.13849934E+01 -0.16036226E-04 0.1197E-09      5
 1423   15     0     -51      0     51  0.14070212E+01 -0.11312882E-04 0.7045E-10      5
 1424   15     0     -50      0     50  0.14283669E+01 -0.12078481E-04 0.9406E-10      5
 1425   15     0     -49      0     49  0.14555636E+01 -0.12349241E-04 0.2181E-09      5
 1426   15     0     -48      0     48  0.14861610E+01 -0.11041254E-04 0.1423E-09      5
 1427   15     0     -47      0     47  0.15182951E+01 -0.93661159E-05 0.2163E-10      6
 1428   15     0     -46      0     46  0.15504875E+01 -0.74041891E-05 0.1463E-09      6
 1429   15     0     -44      1     45  0.15790283E+01 -0.50773107E-05 0.1243E-09      5
 1430   15     0     -43      0     43  0.16047632E+01 -0.49027731E-05 0.1019E-09      5
 1431   15     0     -42      0     42  0.16375147E+01 -0.51129290E-05 0.2215E-09      4
 1432   15     0     -41      0     41  0.16754734E+01 -0.45185051E-05 0.5115E-09      6
  Time elapsed :      5.187 s

=== adiabatic (summary_ad_wide.h5, windows from gyre_ad_wide.in) ===
908 modes total, 16 l values requested

  l  count     n_pg range       freq range (c/d)   gaps
--------------------------------------------------------
  0     20      1 ..   20     12.557 ..   93.224      0
  1     40    -20 ..   20      1.145 ..   95.313      0
  2     41    -20 ..   20      1.977 ..   97.388      0
  3     49    -28 ..   20      2.026 ..   99.244      0
  4     57    -36 ..   20      2.037 ..  100.872      0
  5     65    -44 ..   20      2.060 ..  102.379      0
  6     73    -52 ..   20      2.076 ..  103.807      0
  7     41    -60 ..  -20      2.076 ..    5.820      0
  8     46    -68 ..  -23      2.086 ..    5.701      0
  9     51    -76 ..  -26      2.090 ..    5.714      0
 10     57    -84 ..  -28      2.090 ..    5.845      0
 11     62    -92 ..  -31      2.095 ..    5.772      0
 12     68   -101 ..  -34      2.078 ..    5.768      0
 13     74   -109 ..  -36      2.078 ..    5.845      0
 14     79   -117 ..  -39      2.082 ..    5.857      0
 15     85   -125 ..  -41      2.084 ..    5.923      0

908 detail files, 7263 grid points in detail.l15.n-69.h5
dlnrho/dlnr from (As, V_2, Gamma_1) vs numerical
  median rel err 3.81e-07, 95th pct 2.84e-04

=== nonadiabatic (summary_nad_wide.h5) ===

81 driven modes (gamma < 0) of 901
  driven n_pg range -8 .. 8,  freq 8.19 .. 39.88 c/d
  mostly p-modes, as expected for the kappa mechanism
  damping rates (dimensionless): 2.576e-10 .. 1.153e-01
  gamma covers 900 of 908 adiabatic modes (5 duplicate n_pg labels in the nad summary, harmless)
    no gamma: l =  4  n_pg =   -36  2.0368 c/d
    no gamma: l =  5  n_pg =   -44  2.0601 c/d
    no gamma: l =  6  n_pg =     6  44.3474 c/d
    no gamma: l =  6  n_pg =   -52  2.0759 c/d
    no gamma: l =  7  n_pg =   -60  2.0755 c/d
    no gamma: l =  8  n_pg =   -68  2.0863 c/d
    no gamma: l =  9  n_pg =   -76  2.0896 c/d
    no gamma: l = 10  n_pg =   -84  2.0896 c/d
  pass require_gamma=True to build_mode_list to drop these

OK
nas-1-16:/users/home2/txr7972   24T   17T  6.0T  74% /net/nas-1-16/users/home2/txr7972

--- [dsct_M1.85_T7555] GYRE wide net pass 2 (l = 16-25)
gyre [9.1.1]
------------

OpenMP Threads   : 16
Input filename   : gyre_ad_wide_hi.in

Model Init
----------

Reading from MESA file
   File name ../mesa/LOGS/profile381.data.GYRE
   File version 1.01
   Read 7165 points
   No need to add central point

Mode Search
-----------

Mode parameters
   l : 16
   m : 0

Building frequency grid (REAL axis)
   added scan interval :  0.5233E+00 ->  0.2105E+01 (3000 points, INVERSE)

Building spatial grid
   Scaffold grid from model
   Split 103 subinterval(s) in iteration 1
   Split 25 subinterval(s) in iteration 2
   Split 0 subinterval(s) in iteration 3
   Final grid has 1 segment(s) and 7293 point(s):
      Segment 1 : x range 0.0000 -> 1.0010 (1 -> 7293)

Starting search (adiabatic)

Scanning frequencies
  Time elapsed :     1.789 s

Finding roots
  Time elapsed :      0.288 s

Processing modes
   id    l     m    n_pg    n_p    n_g       Re(omega)       Im(omega)        chi n_iter
   18   16     0    -133      0    133  0.58947844E+00  0.00000000E+00 0.1591E-12      5
   19   16     0    -132      0    132  0.59409246E+00  0.00000000E+00 0.4426E-12      5
   20   16     0    -131      0    131  0.59885297E+00  0.00000000E+00 0.5352E-12      6
   21   16     0    -130      0    130  0.60354062E+00  0.00000000E+00 0.3687E-12      6
   22   16     0    -129      0    129  0.60791593E+00  0.00000000E+00 0.4407E-13      6
   23   16     0    -128      0    128  0.61213714E+00  0.00000000E+00 0.3015E-12      5
   24   16     0    -127      0    127  0.61676652E+00  0.00000000E+00 0.6154E-12      5
   25   16     0    -126      0    126  0.62181904E+00  0.00000000E+00 0.9776E-13      5
   26   16     0    -125      0    125  0.62704845E+00  0.00000000E+00 0.4130E-12      5
   27   16     0    -124      0    124  0.63220514E+00  0.00000000E+00 0.5693E-12      6
   28   16     0    -123      0    123  0.63700376E+00  0.00000000E+00 0.1343E-12      6
   29   16     0    -122      0    122  0.64161668E+00  0.00000000E+00 0.4752E-12      5
   30   16     0    -121      0    121  0.64670420E+00  0.00000000E+00 0.1016E-11      5
   31   16     0    -120      0    120  0.65227392E+00  0.00000000E+00 0.4378E-12      5
   32   16     0    -119      0    119  0.65804263E+00  0.00000000E+00 0.2485E-12      5
   33   16     0    -118      0    118  0.66373976E+00  0.00000000E+00 0.1700E-12      6
   34   16     0    -117      0    117  0.66905282E+00  0.00000000E+00 0.1454E-12      6
   35   16     0    -116      0    116  0.67413556E+00  0.00000000E+00 0.2929E-12      5
   36   16     0    -115      0    115  0.67972329E+00  0.00000000E+00 0.7863E-12      5
   37   16     0    -114      0    114  0.68586454E+00  0.00000000E+00 0.2428E-12      5
   38   16     0    -113      0    113  0.69225522E+00  0.00000000E+00 0.5410E-12      5
   39   16     0    -112      0    112  0.69860178E+00  0.00000000E+00 0.3571E-12      6
   40   16     0    -111      0    111  0.70453031E+00  0.00000000E+00 0.5420E-12      6
   41   16     0    -110      0    110  0.71011543E+00  0.00000000E+00 0.3074E-12      5
   42   16     0    -109      0    109  0.71624546E+00  0.00000000E+00 0.1380E-12      5
   43   16     0    -108      0    108  0.72304683E+00  0.00000000E+00 0.3741E-12      5
   44   16     0    -107      0    107  0.73015898E+00  0.00000000E+00 0.6784E-12      6
   45   16     0    -106      0    106  0.73725138E+00  0.00000000E+00 0.3896E-12      5
   46   16     0    -105      0    105  0.74390434E+00  0.00000000E+00 0.8918E-13      6
   47   16     0    -104      0    104  0.75010504E+00  0.00000000E+00 0.2288E-12      5
   48   16     0    -103      0    103  0.75685134E+00  0.00000000E+00 0.2691E-13      6
   49   16     0    -102      0    102  0.76438969E+00  0.00000000E+00 0.1595E-12      5
   50   16     0    -101      0    101  0.77232764E+00  0.00000000E+00 0.6963E-13      6
   51   16     0    -100      0    100  0.78031390E+00  0.00000000E+00 0.2866E-12      6
   52   16     0     -99      0     99  0.78788683E+00  0.00000000E+00 0.2184E-12      6
   53   16     0     -98      0     98  0.79480886E+00  0.00000000E+00 0.1195E-12      5
   54   16     0     -97      0     97  0.80216377E+00  0.00000000E+00 0.2627E-12      6
   55   16     0     -96      0     96  0.81050659E+00  0.00000000E+00 0.2022E-13      5
   56   16     0     -95      0     95  0.81939428E+00  0.00000000E+00 0.1327E-12      5
   57   16     0     -94      0     94  0.82841497E+00  0.00000000E+00 0.4017E-13      6
   58   16     0     -93      0     93  0.83706920E+00  0.00000000E+00 0.2066E-13      6
   59   16     0     -92      0     92  0.84488601E+00  0.00000000E+00 0.1111E-12      5
   60   16     0     -91      0     91  0.85291433E+00  0.00000000E+00 0.2972E-12      6
   61   16     0     -90      0     90  0.86213536E+00  0.00000000E+00 0.8833E-12      5
   62   16     0     -89      0     89  0.87209532E+00  0.00000000E+00 0.2625E-12      5
   63   16     0     -88      0     88  0.88231567E+00  0.00000000E+00 0.4544E-12      5
   64   16     0     -87      0     87  0.89230146E+00  0.00000000E+00 0.2064E-13      6
   65   16     0     -86      0     86  0.90136179E+00  0.00000000E+00 0.8571E-13      5
   66   16     0     -85      0     85  0.91017385E+00  0.00000000E+00 0.1199E-12      6
   67   16     0     -84      0     84  0.92034659E+00  0.00000000E+00 0.3602E-13      5
   68   16     0     -83      0     83  0.93159832E+00  0.00000000E+00 0.1352E-12      5
   69   16     0     -82      0     82  0.94332224E+00  0.00000000E+00 0.6647E-13      5
   70   16     0     -81      0     81  0.95497746E+00  0.00000000E+00 0.3368E-12      5
   71   16     0     -80      0     80  0.96565433E+00  0.00000000E+00 0.2474E-12      6
   72   16     0     -79      0     79  0.97553077E+00  0.00000000E+00 0.3012E-13      6
   73   16     0     -78      0     78  0.98692966E+00  0.00000000E+00 0.2862E-12      5
   74   16     0     -77      0     77  0.99984880E+00  0.00000000E+00 0.3032E-14      5
   75   16     0     -76      0     76  0.10134472E+01  0.00000000E+00 0.4078E-12      6
   76   16     0     -75      0     75  0.10270788E+01  0.00000000E+00 0.2478E-12      6
   77   16     0     -74      0     74  0.10396673E+01  0.00000000E+00 0.2019E-12      6
   78   16     0     -73      0     73  0.10510010E+01  0.00000000E+00 0.2898E-12      5
   79   16     0     -72      0     72  0.10639952E+01  0.00000000E+00 0.1757E-14      6
   80   16     0     -71      0     71  0.10789822E+01  0.00000000E+00 0.6877E-12      5
   81   16     0     -70      0     70  0.10948874E+01  0.00000000E+00 0.2630E-12      6
   82   16     0     -69      0     69  0.11109014E+01  0.00000000E+00 0.9500E-13      6
   83   16     0     -68      0     68  0.11255920E+01  0.00000000E+00 0.2889E-13      6
   84   16     0     -67      0     67  0.11385886E+01  0.00000000E+00 0.1074E-12      6
   85   16     0     -66      0     66  0.11538792E+01  0.00000000E+00 0.1907E-12      6
   86   16     0     -65      0     65  0.11716676E+01  0.00000000E+00 0.4258E-12      5
   87   16     0     -64      0     64  0.11905095E+01  0.00000000E+00 0.1619E-12      6
   88   16     0     -63      0     63  0.12093254E+01  0.00000000E+00 0.1197E-12      6
   89   16     0     -62      0     62  0.12261111E+01  0.00000000E+00 0.9744E-13      6
   90   16     0     -61      0     61  0.12413108E+01  0.00000000E+00 0.1271E-13      6
   91   16     0     -60      0     60  0.12599690E+01  0.00000000E+00 0.8979E-13      6
   92   16     0     -59      0     59  0.12813276E+01  0.00000000E+00 0.1145E-15      5
   93   16     0     -58      0     58  0.13037670E+01  0.00000000E+00 0.2681E-13      6
   94   16     0     -57      0     57  0.13260065E+01  0.00000000E+00 0.1937E-12      6
   95   16     0     -56      0     56  0.13454440E+01  0.00000000E+00 0.3529E-12      5
   96   16     0     -55      0     55  0.13636820E+01  0.00000000E+00 0.1740E-12      6
   97   16     0     -54      0     54  0.13866366E+01  0.00000000E+00 0.1089E-12      5
   98   16     0     -53      0     53  0.14126825E+01  0.00000000E+00 0.2156E-12      5
   99   16     0     -52      0     52  0.14400402E+01  0.00000000E+00 0.1501E-12      5
  100   16     0     -51      0     51  0.14672341E+01  0.00000000E+00 0.1468E-12      6
  101   16     0     -50      0     50  0.14909852E+01  0.00000000E+00 0.2521E-13      6
  102   16     0     -49      0     49  0.15130314E+01  0.00000000E+00 0.5037E-13      6
  103   16     0     -48      0     48  0.15409933E+01  0.00000000E+00 0.2101E-12      5
  104   16     0     -47      0     47  0.15728566E+01  0.00000000E+00 0.2794E-13      5
  105   16     0     -46      0     46  0.16065035E+01  0.00000000E+00 0.1612E-12      5
  106   16     0     -45      0     45  0.16405665E+01  0.00000000E+00 0.8639E-13      6
  107   16     0     -44      0     44  0.16717009E+01  0.00000000E+00 0.8862E-13      6
  Time elapsed :      3.701 s

Mode Search
-----------

Mode parameters
   l : 17
   m : 0

Building frequency grid (REAL axis)
   added scan interval :  0.5233E+00 ->  0.2105E+01 (3000 points, INVERSE)

Building spatial grid
   Scaffold grid from model
   Split 117 subinterval(s) in iteration 1
   Split 26 subinterval(s) in iteration 2
   Split 0 subinterval(s) in iteration 3
   Final grid has 1 segment(s) and 7308 point(s):
      Segment 1 : x range 0.0000 -> 1.0010 (1 -> 7308)

Starting search (adiabatic)

Scanning frequencies
  Time elapsed :     1.791 s

Finding roots
  Time elapsed :      0.312 s

Processing modes
   id    l     m    n_pg    n_p    n_g       Re(omega)       Im(omega)        chi n_iter
  136   17     0    -141      0    141  0.59038454E+00  0.00000000E+00 0.1939E-12      6
  137   17     0    -140      0    140  0.59415371E+00  0.00000000E+00 0.7063E-12      5
  138   17     0    -139      0    139  0.59827038E+00  0.00000000E+00 0.4097E-12      5
  139   17     0    -138      0    138  0.60273927E+00  0.00000000E+00 0.4271E-12      5
  140   17     0    -137      0    137  0.60734911E+00  0.00000000E+00 0.9571E-13      5
  141   17     0    -136      0    136  0.61188331E+00  0.00000000E+00 0.4125E-12      6
  142   17     0    -135      0    135  0.61611344E+00  0.00000000E+00 0.1366E-12      5
  143   17     0    -134      0    134  0.62020860E+00  0.00000000E+00 0.2545E-12      5
  144   17     0    -133      0    133  0.62469589E+00  0.00000000E+00 0.6328E-12      5
  145   17     0    -132      0    132  0.62957477E+00  0.00000000E+00 0.9571E-13      5
  146   17     0    -131      0    131  0.63461163E+00  0.00000000E+00 0.4526E-12      6
  147   17     0    -130      0    130  0.63957546E+00  0.00000000E+00 0.2183E-12      6
  148   17     0    -129      0    129  0.64421207E+00  0.00000000E+00 0.1775E-12      6
  149   17     0    -128      0    128  0.64867635E+00  0.00000000E+00 0.3354E-12      5
  150   17     0    -127      0    127  0.65356496E+00  0.00000000E+00 0.3153E-12      5
  151   17     0    -126      0    126  0.65890488E+00  0.00000000E+00 0.1035E-12      5
  152   17     0    -125      0    125  0.66443677E+00  0.00000000E+00 0.3403E-12      6
  153   17     0    -124      0    124  0.66989848E+00  0.00000000E+00 0.2365E-12      6
  154   17     0    -123      0    123  0.67498725E+00  0.00000000E+00 0.2517E-12      6
  155   17     0    -122      0    122  0.67986447E+00  0.00000000E+00 0.1618E-12      5
  156   17     0    -121      0    121  0.68523165E+00  0.00000000E+00 0.1412E-12      5
  157   17     0    -120      0    120  0.69111514E+00  0.00000000E+00 0.4819E-13      5
  158   17     0    -119      0    119  0.69721655E+00  0.00000000E+00 0.3350E-12      6
  159   17     0    -118      0    118  0.70325185E+00  0.00000000E+00 0.7002E-12      5
  160   17     0    -117      0    117  0.70888984E+00  0.00000000E+00 0.3100E-12      6
  161   17     0    -116      0    116  0.71426291E+00  0.00000000E+00 0.4995E-13      5
  162   17     0    -115      0    115  0.72015042E+00  0.00000000E+00 0.5097E-13      5
  163   17     0    -114      0    114  0.72663182E+00  0.00000000E+00 0.3359E-12      5
  164   17     0    -113      0    113  0.73338760E+00  0.00000000E+00 0.5612E-12      5
  165   17     0    -112      0    112  0.74011012E+00  0.00000000E+00 0.2347E-12      5
  166   17     0    -111      0    111  0.74640606E+00  0.00000000E+00 0.6167E-13      6
  167   17     0    -110      0    110  0.75231168E+00  0.00000000E+00 0.3487E-12      5
  168   17     0    -109      0    109  0.75876029E+00  0.00000000E+00 0.4310E-12      6
  169   17     0    -108      0    108  0.76593100E+00  0.00000000E+00 0.1187E-13      5
  170   17     0    -107      0    107  0.77344590E+00  0.00000000E+00 0.2253E-12      6
  171   17     0    -106      0    106  0.78095748E+00  0.00000000E+00 0.1135E-12      6
  172   17     0    -105      0    105  0.78802674E+00  0.00000000E+00 0.9723E-13      6
  173   17     0    -104      0    104  0.79458762E+00  0.00000000E+00 0.3124E-12      5
  174   17     0    -103      0    103  0.80167476E+00  0.00000000E+00 0.5274E-12      5
  175   17     0    -102      0    102  0.80961254E+00  0.00000000E+00 0.2400E-12      5
  176   17     0    -101      0    101  0.81799259E+00  0.00000000E+00 0.3368E-12      6
  177   17     0    -100      0    100  0.82644386E+00  0.00000000E+00 0.7844E-13      6
  178   17     0     -99      0     99  0.83448961E+00  0.00000000E+00 0.4778E-13      6
  179   17     0     -98      0     98  0.84182695E+00  0.00000000E+00 0.1254E-12      5
  180   17     0     -97      0     97  0.84954118E+00  0.00000000E+00 0.1975E-12      6
  181   17     0     -96      0     96  0.85830849E+00  0.00000000E+00 0.8237E-13      5
  182   17     0     -95      0     95  0.86767964E+00  0.00000000E+00 0.4349E-13      5
  183   17     0     -94      0     94  0.87721557E+00  0.00000000E+00 0.1683E-12      6
  184   17     0     -93      0     93  0.88640337E+00  0.00000000E+00 0.8509E-13      6
  185   17     0     -92      0     92  0.89470553E+00  0.00000000E+00 0.1961E-12      6
  186   17     0     -91      0     91  0.90312142E+00  0.00000000E+00 0.2299E-12      6
  187   17     0     -90      0     90  0.91279181E+00  0.00000000E+00 0.3405E-13      5
  188   17     0     -89      0     89  0.92327877E+00  0.00000000E+00 0.1143E-12      5
  189   17     0     -88      0     88  0.93406618E+00  0.00000000E+00 0.4745E-12      5
  190   17     0     -87      0     87  0.94464529E+00  0.00000000E+00 0.2044E-13      6
  191   17     0     -86      0     86  0.95427746E+00  0.00000000E+00 0.6146E-13      6
  192   17     0     -85      0     85  0.96352738E+00  0.00000000E+00 0.1119E-13      6
  193   17     0     -84      0     84  0.97416652E+00  0.00000000E+00 0.1950E-12      5
  194   17     0     -83      0     83  0.98599053E+00  0.00000000E+00 0.4148E-13      5
  195   17     0     -82      0     82  0.99834454E+00  0.00000000E+00 0.8942E-13      5
  196   17     0     -81      0     81  0.10106657E+01  0.00000000E+00 0.3073E-13      6
  197   17     0     -80      0     80  0.10220083E+01  0.00000000E+00 0.2337E-12      6
  198   17     0     -79      0     79  0.10323974E+01  0.00000000E+00 0.3226E-12      5
  199   17     0     -78      0     78  0.10442989E+01  0.00000000E+00 0.8064E-13      6
  200   17     0     -77      0     77  0.10578561E+01  0.00000000E+00 0.5028E-13      5
  201   17     0     -76      0     76  0.10721636E+01  0.00000000E+00 0.2851E-12      5
  202   17     0     -75      0     75  0.10865384E+01  0.00000000E+00 0.5211E-13      6
  203   17     0     -74      0     74  0.10998647E+01  0.00000000E+00 0.1761E-12      6
  204   17     0     -73      0     73  0.11117877E+01  0.00000000E+00 0.7996E-13      6
  205   17     0     -72      0     72  0.11253577E+01  0.00000000E+00 0.1053E-12      6
  206   17     0     -71      0     71  0.11410722E+01  0.00000000E+00 0.3873E-12      5
  207   17     0     -70      0     70  0.11577821E+01  0.00000000E+00 0.2049E-12      6
  208   17     0     -69      0     69  0.11746298E+01  0.00000000E+00 0.1871E-12      6
  209   17     0     -68      0     68  0.11901262E+01  0.00000000E+00 0.1731E-12      6
  210   17     0     -67      0     67  0.12037752E+01  0.00000000E+00 0.1828E-12      6
  211   17     0     -66      0     66  0.12197624E+01  0.00000000E+00 0.2426E-12      5
  212   17     0     -65      0     65  0.12384129E+01  0.00000000E+00 0.8506E-13      5
  213   17     0     -64      0     64  0.12581882E+01  0.00000000E+00 0.9401E-13      6
  214   17     0     -63      0     63  0.12779586E+01  0.00000000E+00 0.1619E-13      6
  215   17     0     -62      0     62  0.12956542E+01  0.00000000E+00 0.4446E-13      6
  216   17     0     -61      0     61  0.13115841E+01  0.00000000E+00 0.1240E-12      6
  217   17     0     -60      0     60  0.13310557E+01  0.00000000E+00 0.5603E-13      6
  218   17     0     -59      0     59  0.13534036E+01  0.00000000E+00 0.5506E-13      5
  219   17     0     -58      0     58  0.13769218E+01  0.00000000E+00 0.2846E-12      6
  220   17     0     -57      0     57  0.14003338E+01  0.00000000E+00 0.2025E-12      6
  221   17     0     -56      0     56  0.14210226E+01  0.00000000E+00 0.9656E-13      6
  222   17     0     -55      0     55  0.14400189E+01  0.00000000E+00 0.3458E-14      6
  223   17     0     -54      0     54  0.14637547E+01  0.00000000E+00 0.4089E-12      6
  224   17     0     -53      0     53  0.14909016E+01  0.00000000E+00 0.1855E-12      6
  225   17     0     -52      0     52  0.15195260E+01  0.00000000E+00 0.2098E-12      6
  226   17     0     -51      0     51  0.15482192E+01  0.00000000E+00 0.1261E-12      6
  227   17     0     -50      0     50  0.15738391E+01  0.00000000E+00 0.5779E-13      6
  228   17     0     -49      0     49  0.15966145E+01  0.00000000E+00 0.1585E-12      6
  229   17     0     -48      0     48  0.16250241E+01  0.00000000E+00 0.4375E-13      5
  230   17     0     -47      0     47  0.16579672E+01  0.00000000E+00 0.1069E-13      6
  Time elapsed :      3.932 s

Mode Search
-----------

Mode parameters
   l : 18
   m : 0

Building frequency grid (REAL axis)
   added scan interval :  0.5233E+00 ->  0.2105E+01 (3000 points, INVERSE)

Building spatial grid
   Scaffold grid from model
   Split 124 subinterval(s) in iteration 1
   Split 28 subinterval(s) in iteration 2
   Split 0 subinterval(s) in iteration 3
   Final grid has 1 segment(s) and 7317 point(s):
      Segment 1 : x range 0.0000 -> 1.0010 (1 -> 7317)

Starting search (adiabatic)

Scanning frequencies
  Time elapsed :     1.753 s

Finding roots
  Time elapsed :      0.313 s

Processing modes
   id    l     m    n_pg    n_p    n_g       Re(omega)       Im(omega)        chi n_iter
  261   18     0    -149      0    149  0.59084782E+00  0.00000000E+00 0.2766E-12      5
  262   18     0    -148      0    148  0.59488416E+00  0.00000000E+00 0.1672E-14      5
  263   18     0    -147      0    147  0.59866637E+00  0.00000000E+00 0.3579E-12      6
  264   18     0    -146      0    146  0.60235440E+00  0.00000000E+00 0.3208E-12      5
  265   18     0    -145      0    145  0.60636452E+00  0.00000000E+00 0.5952E-12      5
  266   18     0    -144      0    144  0.61069490E+00  0.00000000E+00 0.2776E-12      5
  267   18     0    -143      0    143  0.61515332E+00  0.00000000E+00 0.4532E-12      6
  268   18     0    -142      0    142  0.61953972E+00  0.00000000E+00 0.1472E-12      6
  269   18     0    -141      0    141  0.62364366E+00  0.00000000E+00 0.3802E-12      6
  270   18     0    -140      0    140  0.62761755E+00  0.00000000E+00 0.5273E-12      5
  271   18     0    -139      0    139  0.63195376E+00  0.00000000E+00 0.3362E-12      5
  272   18     0    -138      0    138  0.63666392E+00  0.00000000E+00 0.7899E-13      6
  273   18     0    -137      0    137  0.64152579E+00  0.00000000E+00 0.2221E-12      6
  274   18     0    -136      0    136  0.64631182E+00  0.00000000E+00 0.3014E-12      6
  275   18     0    -135      0    135  0.65077976E+00  0.00000000E+00 0.2128E-12      6
  276   18     0    -134      0    134  0.65509640E+00  0.00000000E+00 0.2201E-12      5
  277   18     0    -133      0    133  0.65982040E+00  0.00000000E+00 0.4968E-12      5
  278   18     0    -132      0    132  0.66496085E+00  0.00000000E+00 0.2255E-12      5
  279   18     0    -131      0    131  0.67027211E+00  0.00000000E+00 0.7562E-12      5
  280   18     0    -130      0    130  0.67551184E+00  0.00000000E+00 0.3315E-12      5
  281   18     0    -129      0    129  0.68041092E+00  0.00000000E+00 0.2163E-12      6
  282   18     0    -128      0    128  0.68511594E+00  0.00000000E+00 0.2581E-12      5
  283   18     0    -127      0    127  0.69025820E+00  0.00000000E+00 0.1425E-12      5
  284   18     0    -126      0    126  0.69588124E+00  0.00000000E+00 0.1106E-11      5
  285   18     0    -125      0    125  0.70171317E+00  0.00000000E+00 0.1958E-12      6
  286   18     0    -124      0    124  0.70747972E+00  0.00000000E+00 0.9083E-13      6
  287   18     0    -123      0    123  0.71286075E+00  0.00000000E+00 0.8769E-13      6
  288   18     0    -122      0    122  0.71799985E+00  0.00000000E+00 0.9961E-13      5
  289   18     0    -121      0    121  0.72363941E+00  0.00000000E+00 0.9506E-12      5
  290   18     0    -120      0    120  0.72983120E+00  0.00000000E+00 0.3670E-12      5
  291   18     0    -119      0    119  0.73626219E+00  0.00000000E+00 0.2502E-12      6
  292   18     0    -118      0    118  0.74263533E+00  0.00000000E+00 0.3395E-12      6
  293   18     0    -117      0    117  0.74860108E+00  0.00000000E+00 0.2595E-13      5
  294   18     0    -116      0    116  0.75426244E+00  0.00000000E+00 0.2575E-12      5
  295   18     0    -115      0    115  0.76044055E+00  0.00000000E+00 0.2890E-12      6
  296   18     0    -114      0    114  0.76725478E+00  0.00000000E+00 0.2853E-12      5
  297   18     0    -113      0    113  0.77437129E+00  0.00000000E+00 0.1828E-12      5
  298   18     0    -112      0    112  0.78146866E+00  0.00000000E+00 0.1436E-12      6
  299   18     0    -111      0    111  0.78813565E+00  0.00000000E+00 0.2146E-12      5
  300   18     0    -110      0    110  0.79436127E+00  0.00000000E+00 0.4169E-12      5
  301   18     0    -109      0    109  0.80111690E+00  0.00000000E+00 0.2693E-13      5
  302   18     0    -108      0    108  0.80864717E+00  0.00000000E+00 0.2461E-12      5
  303   18     0    -107      0    107  0.81655897E+00  0.00000000E+00 0.8220E-13      6
  304   18     0    -106      0    106  0.82448769E+00  0.00000000E+00 0.3459E-12      6
  305   18     0    -105      0    105  0.83197716E+00  0.00000000E+00 0.1057E-12      6
  306   18     0    -104      0    104  0.83889994E+00  0.00000000E+00 0.1228E-12      5
  307   18     0    -103      0    103  0.84631438E+00  0.00000000E+00 0.3001E-13      6
  308   18     0    -102      0    102  0.85463860E+00  0.00000000E+00 0.1058E-12      5
  309   18     0    -101      0    101  0.86345249E+00  0.00000000E+00 0.2922E-13      6
  310   18     0    -100      0    100  0.87236446E+00  0.00000000E+00 0.2187E-13      6
  311   18     0     -99      0     99  0.88088548E+00  0.00000000E+00 0.1695E-12      6
  312   18     0     -98      0     98  0.88864364E+00  0.00000000E+00 0.4494E-13      5
  313   18     0     -97      0     97  0.89670274E+00  0.00000000E+00 0.2207E-12      5
  314   18     0     -96      0     96  0.90587658E+00  0.00000000E+00 0.1036E-12      5
  315   18     0     -95      0     95  0.91571956E+00  0.00000000E+00 0.1652E-12      6
  316   18     0     -94      0     94  0.92576366E+00  0.00000000E+00 0.9256E-13      5
  317   18     0     -93      0     93  0.93548492E+00  0.00000000E+00 0.3603E-12      6
  318   18     0     -92      0     92  0.94428088E+00  0.00000000E+00 0.1245E-12      6
  319   18     0     -91      0     91  0.95307160E+00  0.00000000E+00 0.3861E-12      6
  320   18     0     -90      0     90  0.96316790E+00  0.00000000E+00 0.5570E-13      5
  321   18     0     -89      0     89  0.97416579E+00  0.00000000E+00 0.1067E-12      5
  322   18     0     -88      0     88  0.98550904E+00  0.00000000E+00 0.1020E-12      6
  323   18     0     -87      0     87  0.99667602E+00  0.00000000E+00 0.2252E-12      6
  324   18     0     -86      0     86  0.10068868E+01  0.00000000E+00 0.1928E-13      6
  325   18     0     -85      0     85  0.10165678E+01  0.00000000E+00 0.7105E-13      6
  326   18     0     -84      0     84  0.10276441E+01  0.00000000E+00 0.3747E-12      6
  327   18     0     -83      0     83  0.10400183E+01  0.00000000E+00 0.5923E-13      5
  328   18     0     -82      0     82  0.10529865E+01  0.00000000E+00 0.1156E-13      6
  329   18     0     -81      0     81  0.10659629E+01  0.00000000E+00 0.1985E-12      6
  330   18     0     -80      0     80  0.10779729E+01  0.00000000E+00 0.1621E-12      6
  331   18     0     -79      0     79  0.10888718E+01  0.00000000E+00 0.1324E-12      5
  332   18     0     -78      0     78  0.11012424E+01  0.00000000E+00 0.4149E-12      6
  333   18     0     -77      0     77  0.11154100E+01  0.00000000E+00 0.4546E-12      5
  334   18     0     -76      0     76  0.11304055E+01  0.00000000E+00 0.1739E-12      6
  335   18     0     -75      0     75  0.11455071E+01  0.00000000E+00 0.1379E-13      6
  336   18     0     -74      0     74  0.11595659E+01  0.00000000E+00 0.1447E-12      5
  337   18     0     -73      0     73  0.11720708E+01  0.00000000E+00 0.1603E-12      6
  338   18     0     -72      0     72  0.11861814E+01  0.00000000E+00 0.3739E-12      6
  339   18     0     -71      0     71  0.12025914E+01  0.00000000E+00 0.2343E-12      6
  340   18     0     -70      0     70  0.12200798E+01  0.00000000E+00 0.2572E-12      6
  341   18     0     -69      0     69  0.12377419E+01  0.00000000E+00 0.1392E-12      6
  342   18     0     -68      0     68  0.12540432E+01  0.00000000E+00 0.1672E-12      6
  343   18     0     -67      0     67  0.12683348E+01  0.00000000E+00 0.1736E-12      6
  344   18     0     -66      0     66  0.12849704E+01  0.00000000E+00 0.1188E-12      6
  345   18     0     -65      0     65  0.13044422E+01  0.00000000E+00 0.9122E-13      5
  346   18     0     -64      0     64  0.13251192E+01  0.00000000E+00 0.5492E-13      5
  347   18     0     -63      0     63  0.13458312E+01  0.00000000E+00 0.1405E-12      6
  348   18     0     -62      0     62  0.13644728E+01  0.00000000E+00 0.1225E-12      6
  349   18     0     -61      0     61  0.13811082E+01  0.00000000E+00 0.8545E-14      5
  350   18     0     -60      0     60  0.14012933E+01  0.00000000E+00 0.2992E-13      6
  351   18     0     -59      0     59  0.14245644E+01  0.00000000E+00 0.2237E-13      5
  352   18     0     -58      0     58  0.14491190E+01  0.00000000E+00 0.1923E-14      5
  353   18     0     -57      0     57  0.14736980E+01  0.00000000E+00 0.2801E-13      5
  354   18     0     -56      0     56  0.14957332E+01  0.00000000E+00 0.1557E-12      6
  355   18     0     -55      0     55  0.15154660E+01  0.00000000E+00 0.2122E-12      6
  356   18     0     -54      0     54  0.15397913E+01  0.00000000E+00 0.1912E-13      6
  357   18     0     -53      0     53  0.15679230E+01  0.00000000E+00 0.1939E-12      5
  358   18     0     -52      0     52  0.15977317E+01  0.00000000E+00 0.1188E-12      5
  359   18     0     -51      0     51  0.16278604E+01  0.00000000E+00 0.9118E-15      6
  360   18     0     -50      0     50  0.16554487E+01  0.00000000E+00 0.9932E-13      6
  361   18     0     -49      0     49  0.16791327E+01  0.00000000E+00 0.2068E-12      6
  Time elapsed :      4.200 s

Mode Search
-----------

Mode parameters
   l : 19
   m : 0

Building frequency grid (REAL axis)
   added scan interval :  0.5233E+00 ->  0.2105E+01 (3000 points, INVERSE)

Building spatial grid
   Scaffold grid from model
   Split 127 subinterval(s) in iteration 1
   Split 28 subinterval(s) in iteration 2
   Split 0 subinterval(s) in iteration 3
   Final grid has 1 segment(s) and 7320 point(s):
      Segment 1 : x range 0.0000 -> 1.0010 (1 -> 7320)

Starting search (adiabatic)

Scanning frequencies
  Time elapsed :     1.731 s

Finding roots
  Time elapsed :      0.333 s

Processing modes
   id    l     m    n_pg    n_p    n_g       Re(omega)       Im(omega)        chi n_iter
  393   19     0    -157      0    157  0.59076844E+00  0.00000000E+00 0.1595E-12      5
  394   19     0    -156      0    156  0.59466619E+00  0.00000000E+00 0.1950E-12      6
  395   19     0    -155      0    155  0.59866730E+00  0.00000000E+00 0.4857E-12      6
  396   19     0    -154      0    154  0.60259642E+00  0.00000000E+00 0.2101E-12      6
  397   19     0    -153      0    153  0.60628647E+00  0.00000000E+00 0.2656E-12      5
  398   19     0    -152      0    152  0.60988808E+00  0.00000000E+00 0.2106E-12      5
  399   19     0    -151      0    151  0.61379282E+00  0.00000000E+00 0.6160E-13      5
  400   19     0    -150      0    150  0.61800103E+00  0.00000000E+00 0.4507E-12      6
  401   19     0    -149      0    149  0.62232658E+00  0.00000000E+00 0.2999E-12      6
  402   19     0    -148      0    148  0.62657503E+00  0.00000000E+00 0.3524E-12      6
  403   19     0    -147      0    147  0.63055762E+00  0.00000000E+00 0.2831E-12      6
  404   19     0    -146      0    146  0.63443420E+00  0.00000000E+00 0.1060E-12      5
  405   19     0    -145      0    145  0.63864532E+00  0.00000000E+00 0.3029E-12      5
  406   19     0    -144      0    144  0.64319589E+00  0.00000000E+00 0.5937E-12      6
  407   19     0    -143      0    143  0.64788422E+00  0.00000000E+00 0.3383E-12      6
  408   19     0    -142      0    142  0.65250052E+00  0.00000000E+00 0.4441E-13      5
  409   19     0    -141      0    141  0.65682223E+00  0.00000000E+00 0.2850E-13      6
  410   19     0    -140      0    140  0.66099912E+00  0.00000000E+00 0.7200E-13      5
  411   19     0    -139      0    139  0.66555110E+00  0.00000000E+00 0.9460E-13      5
  412   19     0    -138      0    138  0.67049956E+00  0.00000000E+00 0.6727E-13      5
  413   19     0    -137      0    137  0.67561165E+00  0.00000000E+00 0.2244E-12      6
  414   19     0    -136      0    136  0.68064920E+00  0.00000000E+00 0.1307E-12      6
  415   19     0    -135      0    135  0.68535592E+00  0.00000000E+00 0.1223E-12      6
  416   19     0    -134      0    134  0.68989206E+00  0.00000000E+00 0.5654E-12      5
  417   19     0    -133      0    133  0.69484798E+00  0.00000000E+00 0.2701E-12      5
  418   19     0    -132      0    132  0.70024630E+00  0.00000000E+00 0.3975E-12      5
  419   19     0    -131      0    131  0.70582975E+00  0.00000000E+00 0.4236E-12      5
  420   19     0    -130      0    130  0.71134505E+00  0.00000000E+00 0.4248E-12      6
  421   19     0    -129      0    129  0.71650814E+00  0.00000000E+00 0.2254E-12      5
  422   19     0    -128      0    128  0.72145191E+00  0.00000000E+00 0.1973E-12      5
  423   19     0    -127      0    127  0.72684175E+00  0.00000000E+00 0.2095E-14      5
  424   19     0    -126      0    126  0.73274314E+00  0.00000000E+00 0.8742E-12      5
  425   19     0    -125      0    125  0.73887232E+00  0.00000000E+00 0.3753E-12      6
  426   19     0    -124      0    124  0.74494340E+00  0.00000000E+00 0.1514E-12      6
  427   19     0    -123      0    123  0.75061918E+00  0.00000000E+00 0.8031E-13      6
  428   19     0    -122      0    122  0.75601829E+00  0.00000000E+00 0.3464E-12      5
  429   19     0    -121      0    121  0.76192241E+00  0.00000000E+00 0.2035E-12      5
  430   19     0    -120      0    120  0.76841639E+00  0.00000000E+00 0.1030E-13      5
  431   19     0    -119      0    119  0.77517341E+00  0.00000000E+00 0.2357E-12      6
  432   19     0    -118      0    118  0.78188373E+00  0.00000000E+00 0.6881E-13      6
  433   19     0    -117      0    117  0.78818036E+00  0.00000000E+00 0.4005E-13      6
  434   19     0    -116      0    116  0.79412889E+00  0.00000000E+00 0.1363E-12      5
  435   19     0    -115      0    115  0.80058791E+00  0.00000000E+00 0.6796E-12      5
  436   19     0    -114      0    114  0.80772681E+00  0.00000000E+00 0.4220E-13      5
  437   19     0    -113      0    113  0.81519907E+00  0.00000000E+00 0.6817E-13      5
  438   19     0    -112      0    112  0.82266968E+00  0.00000000E+00 0.1160E-12      6
  439   19     0    -111      0    111  0.82971137E+00  0.00000000E+00 0.3846E-13      6
  440   19     0    -110      0    110  0.83625797E+00  0.00000000E+00 0.1706E-12      5
  441   19     0    -109      0    109  0.84330872E+00  0.00000000E+00 0.2071E-12      6
  442   19     0    -108      0    108  0.85118766E+00  0.00000000E+00 0.1237E-12      5
  443   19     0    -107      0    107  0.85948977E+00  0.00000000E+00 0.8542E-13      5
  444   19     0    -106      0    106  0.86783284E+00  0.00000000E+00 0.1998E-12      6
  445   19     0    -105      0    105  0.87574609E+00  0.00000000E+00 0.1024E-12      6
  446   19     0    -104      0    104  0.88303433E+00  0.00000000E+00 0.1909E-12      5
  447   19     0    -103      0    103  0.89076263E+00  0.00000000E+00 0.2375E-12      6
  448   19     0    -102      0    102  0.89945890E+00  0.00000000E+00 0.9045E-13      5
  449   19     0    -101      0    101  0.90869739E+00  0.00000000E+00 0.1444E-12      6
  450   19     0    -100      0    100  0.91806477E+00  0.00000000E+00 0.1001E-12      6
  451   19     0     -99      0     99  0.92706257E+00  0.00000000E+00 0.6214E-13      6
  452   19     0     -98      0     98  0.93524890E+00  0.00000000E+00 0.1254E-12      5
  453   19     0     -97      0     97  0.94363963E+00  0.00000000E+00 0.5514E-13      6
  454   19     0     -96      0     96  0.95320035E+00  0.00000000E+00 0.3469E-13      5
  455   19     0     -95      0     95  0.96350228E+00  0.00000000E+00 0.4805E-14      6
  456   19     0     -94      0     94  0.97404636E+00  0.00000000E+00 0.1390E-12      6
  457   19     0     -93      0     93  0.98429947E+00  0.00000000E+00 0.3694E-13      6
  458   19     0     -92      0     92  0.99359865E+00  0.00000000E+00 0.4725E-12      5
  459   19     0     -91      0     91  0.10027541E+01  0.00000000E+00 0.8204E-13      6
  460   19     0     -90      0     90  0.10132511E+01  0.00000000E+00 0.3202E-12      5
  461   19     0     -89      0     89  0.10247422E+01  0.00000000E+00 0.1641E-12      5
  462   19     0     -88      0     88  0.10366287E+01  0.00000000E+00 0.2062E-12      6
  463   19     0     -87      0     87  0.10483764E+01  0.00000000E+00 0.3586E-12      6
  464   19     0     -86      0     86  0.10591718E+01  0.00000000E+00 0.4274E-12      6
  465   19     0     -85      0     85  0.10692809E+01  0.00000000E+00 0.9592E-13      5
  466   19     0     -84      0     84  0.10807639E+01  0.00000000E+00 0.4338E-13      6
  467   19     0     -83      0     83  0.10936646E+01  0.00000000E+00 0.3362E-13      5
  468   19     0     -82      0     82  0.11072298E+01  0.00000000E+00 0.1064E-12      5
  469   19     0     -81      0     81  0.11208489E+01  0.00000000E+00 0.1078E-12      6
  470   19     0     -80      0     80  0.11335260E+01  0.00000000E+00 0.2717E-12      6
  471   19     0     -79      0     79  0.11449347E+01  0.00000000E+00 0.4342E-13      5
  472   19     0     -78      0     78  0.11577410E+01  0.00000000E+00 0.5994E-13      6
  473   19     0     -77      0     77  0.11724894E+01  0.00000000E+00 0.1227E-13      5
  474   19     0     -76      0     76  0.11881506E+01  0.00000000E+00 0.4685E-13      6
  475   19     0     -75      0     75  0.12039617E+01  0.00000000E+00 0.3525E-12      6
  476   19     0     -74      0     74  0.12187469E+01  0.00000000E+00 0.1151E-12      6
  477   19     0     -73      0     73  0.12318293E+01  0.00000000E+00 0.1212E-12      6
  478   19     0     -72      0     72  0.12464442E+01  0.00000000E+00 0.2680E-13      6
  479   19     0     -71      0     71  0.12635158E+01  0.00000000E+00 0.1285E-12      5
  480   19     0     -70      0     70  0.12817558E+01  0.00000000E+00 0.1791E-13      6
  481   19     0     -69      0     69  0.13002139E+01  0.00000000E+00 0.1262E-12      6
  482   19     0     -68      0     68  0.13173248E+01  0.00000000E+00 0.7946E-13      6
  483   19     0     -67      0     67  0.13322554E+01  0.00000000E+00 0.3698E-12      6
  484   19     0     -66      0     66  0.13494835E+01  0.00000000E+00 0.1011E-12      6
  485   19     0     -65      0     65  0.13697303E+01  0.00000000E+00 0.2191E-12      6
  486   19     0     -64      0     64  0.13912751E+01  0.00000000E+00 0.6749E-13      5
  487   19     0     -63      0     63  0.14129164E+01  0.00000000E+00 0.1334E-12      5
  488   19     0     -62      0     62  0.14325506E+01  0.00000000E+00 0.1667E-12      6
  489   19     0     -61      0     61  0.14498797E+01  0.00000000E+00 0.5104E-13      6
  490   19     0     -60      0     60  0.14706605E+01  0.00000000E+00 0.4247E-13      6
  491   19     0     -59      0     59  0.14947784E+01  0.00000000E+00 0.6477E-13      5
  492   19     0     -58      0     58  0.15203208E+01  0.00000000E+00 0.3099E-12      6
  493   19     0     -57      0     57  0.15460493E+01  0.00000000E+00 0.1116E-12      6
  494   19     0     -56      0     56  0.15695202E+01  0.00000000E+00 0.4373E-12      6
  495   19     0     -55      0     55  0.15900360E+01  0.00000000E+00 0.3791E-14      6
  496   19     0     -54      0     54  0.16147317E+01  0.00000000E+00 0.8825E-13      6
  497   19     0     -53      0     53  0.16437064E+01  0.00000000E+00 0.7063E-13      6
  498   19     0     -52      0     52  0.16746007E+01  0.00000000E+00 0.7390E-13      5
  Time elapsed :      4.415 s

Mode Search
-----------

Mode parameters
   l : 20
   m : 0

Building frequency grid (REAL axis)
   added scan interval :  0.5233E+00 ->  0.2105E+01 (3000 points, INVERSE)

Building spatial grid
   Scaffold grid from model
   Split 131 subinterval(s) in iteration 1
   Split 29 subinterval(s) in iteration 2
   Split 0 subinterval(s) in iteration 3
   Final grid has 1 segment(s) and 7325 point(s):
      Segment 1 : x range 0.0000 -> 1.0010 (1 -> 7325)

Starting search (adiabatic)

Scanning frequencies
  Time elapsed :     1.803 s

Finding roots
  Time elapsed :      0.354 s

Processing modes
   id    l     m    n_pg    n_p    n_g       Re(omega)       Im(omega)        chi n_iter
  532   20     0    -165      0    165  0.59134604E+00  0.00000000E+00 0.8292E-13      5
  533   20     0    -164      0    164  0.59463190E+00  0.00000000E+00 0.3968E-12      5
  534   20     0    -163      0    163  0.59818936E+00  0.00000000E+00 0.4890E-12      5
  535   20     0    -162      0    162  0.60199846E+00  0.00000000E+00 0.3716E-12      6
  536   20     0    -161      0    161  0.60589798E+00  0.00000000E+00 0.2445E-12      6
  537   20     0    -160      0    160  0.60972049E+00  0.00000000E+00 0.4929E-12      6
  538   20     0    -159      0    159  0.61331444E+00  0.00000000E+00 0.5765E-12      6
  539   20     0    -158      0    158  0.61683116E+00  0.00000000E+00 0.6087E-13      5
  540   20     0    -157      0    157  0.62063264E+00  0.00000000E+00 0.3963E-12      5
  541   20     0    -156      0    156  0.62471867E+00  0.00000000E+00 0.5663E-12      6
  542   20     0    -155      0    155  0.62891625E+00  0.00000000E+00 0.3053E-12      5
  543   20     0    -154      0    154  0.63304184E+00  0.00000000E+00 0.3083E-13      6
  544   20     0    -153      0    153  0.63691817E+00  0.00000000E+00 0.8114E-13      6
  545   20     0    -152      0    152  0.64069399E+00  0.00000000E+00 0.3006E-12      5
  546   20     0    -151      0    151  0.64478306E+00  0.00000000E+00 0.3240E-12      5
  547   20     0    -150      0    150  0.64919346E+00  0.00000000E+00 0.3018E-12      6
  548   20     0    -149      0    149  0.65373052E+00  0.00000000E+00 0.1435E-12      5
  549   20     0    -148      0    148  0.65819072E+00  0.00000000E+00 0.1601E-12      6
  550   20     0    -147      0    147  0.66237403E+00  0.00000000E+00 0.1745E-12      6
  551   20     0    -146      0    146  0.66643748E+00  0.00000000E+00 0.4516E-13      5
  552   20     0    -145      0    145  0.67084625E+00  0.00000000E+00 0.6131E-14      5
  553   20     0    -144      0    144  0.67561437E+00  0.00000000E+00 0.4219E-12      6
  554   20     0    -143      0    143  0.68053095E+00  0.00000000E+00 0.1553E-12      6
  555   20     0    -142      0    142  0.68537677E+00  0.00000000E+00 0.6005E-14      6
  556   20     0    -141      0    141  0.68991696E+00  0.00000000E+00 0.3129E-13      6
  557   20     0    -140      0    140  0.69429510E+00  0.00000000E+00 0.1528E-12      5
  558   20     0    -139      0    139  0.69905875E+00  0.00000000E+00 0.1641E-12      5
  559   20     0    -138      0    138  0.70424227E+00  0.00000000E+00 0.1082E-12      6
  560   20     0    -137      0    137  0.70960266E+00  0.00000000E+00 0.2516E-12      6
  561   20     0    -136      0    136  0.71489147E+00  0.00000000E+00 0.5070E-13      6
  562   20     0    -135      0    135  0.71983826E+00  0.00000000E+00 0.4053E-12      6
  563   20     0    -134      0    134  0.72459196E+00  0.00000000E+00 0.6658E-12      5
  564   20     0    -133      0    133  0.72977458E+00  0.00000000E+00 0.1591E-12      5
  565   20     0    -132      0    132  0.73542671E+00  0.00000000E+00 0.4012E-12      5
  566   20     0    -131      0    131  0.74127997E+00  0.00000000E+00 0.4059E-12      6
  567   20     0    -130      0    130  0.74707053E+00  0.00000000E+00 0.2877E-12      6
  568   20     0    -129      0    129  0.75249949E+00  0.00000000E+00 0.6150E-13      6
  569   20     0    -128      0    128  0.75768027E+00  0.00000000E+00 0.4451E-12      5
  570   20     0    -127      0    127  0.76331110E+00  0.00000000E+00 0.5736E-12      5
  571   20     0    -126      0    126  0.76948555E+00  0.00000000E+00 0.4190E-12      5
  572   20     0    -125      0    125  0.77590893E+00  0.00000000E+00 0.1328E-13      6
  573   20     0    -124      0    124  0.78228412E+00  0.00000000E+00 0.1181E-12      6
  574   20     0    -123      0    123  0.78825751E+00  0.00000000E+00 0.3605E-12      6
  575   20     0    -122      0    122  0.79391535E+00  0.00000000E+00 0.2193E-12      5
  576   20     0    -121      0    121  0.80007560E+00  0.00000000E+00 0.3139E-12      6
  577   20     0    -120      0    120  0.80686493E+00  0.00000000E+00 0.6226E-12      5
  578   20     0    -119      0    119  0.81394404E+00  0.00000000E+00 0.1588E-12      5
  579   20     0    -118      0    118  0.82099065E+00  0.00000000E+00 0.6364E-15      6
  580   20     0    -117      0    117  0.82762152E+00  0.00000000E+00 0.1746E-12      6
  581   20     0    -116      0    116  0.83385710E+00  0.00000000E+00 0.3416E-13      5
  582   20     0    -115      0    115  0.84058678E+00  0.00000000E+00 0.5735E-13      6
  583   20     0    -114      0    114  0.84804126E+00  0.00000000E+00 0.8957E-13      5
  584   20     0    -113      0    113  0.85586373E+00  0.00000000E+00 0.1951E-12      6
  585   20     0    -112      0    112  0.86370550E+00  0.00000000E+00 0.4910E-14      6
  586   20     0    -111      0    111  0.87112555E+00  0.00000000E+00 0.1331E-12      6
  587   20     0    -110      0    110  0.87799567E+00  0.00000000E+00 0.6158E-13      5
  588   20     0    -109      0    109  0.88532936E+00  0.00000000E+00 0.1737E-12      5
  589   20     0    -108      0    108  0.89354485E+00  0.00000000E+00 0.2387E-12      5
  590   20     0    -107      0    107  0.90222987E+00  0.00000000E+00 0.2375E-12      6
  591   20     0    -106      0    106  0.91098384E+00  0.00000000E+00 0.8311E-13      6
  592   20     0    -105      0    105  0.91932401E+00  0.00000000E+00 0.1963E-12      6
  593   20     0    -104      0    104  0.92698320E+00  0.00000000E+00 0.1901E-12      5
  594   20     0    -103      0    103  0.93501227E+00  0.00000000E+00 0.2774E-12      6
  595   20     0    -102      0    102  0.94406463E+00  0.00000000E+00 0.2323E-12      5
  596   20     0    -101      0    101  0.95371738E+00  0.00000000E+00 0.3876E-13      5
  597   20     0    -100      0    100  0.96353399E+00  0.00000000E+00 0.2407E-12      6
  598   20     0     -99      0     99  0.97300899E+00  0.00000000E+00 0.9833E-13      6
  599   20     0     -98      0     98  0.98163250E+00  0.00000000E+00 0.1316E-12      6
  600   20     0     -97      0     97  0.99034344E+00  0.00000000E+00 0.1643E-12      6
  601   20     0     -96      0     96  0.10002696E+01  0.00000000E+00 0.6263E-15      5
  602   20     0     -95      0     95  0.10110161E+01  0.00000000E+00 0.6101E-13      6
  603   20     0     -94      0     94  0.10220509E+01  0.00000000E+00 0.6111E-13      6
  604   20     0     -93      0     93  0.10328327E+01  0.00000000E+00 0.5310E-13      6
  605   20     0     -92      0     92  0.10426451E+01  0.00000000E+00 0.2329E-12      5
  606   20     0     -91      0     91  0.10521586E+01  0.00000000E+00 0.2561E-12      5
  607   20     0     -90      0     90  0.10630292E+01  0.00000000E+00 0.3734E-13      6
  608   20     0     -89      0     89  0.10749940E+01  0.00000000E+00 0.5914E-12      5
  609   20     0     -88      0     88  0.10874099E+01  0.00000000E+00 0.1494E-12      6
  610   20     0     -87      0     87  0.10997293E+01  0.00000000E+00 0.2863E-12      5
  611   20     0     -86      0     86  0.11111141E+01  0.00000000E+00 0.5063E-13      6
  612   20     0     -85      0     85  0.11216523E+01  0.00000000E+00 0.4313E-12      5
  613   20     0     -84      0     84  0.11335113E+01  0.00000000E+00 0.4308E-13      6
  614   20     0     -83      0     83  0.11469126E+01  0.00000000E+00 0.1945E-12      5
  615   20     0     -82      0     82  0.11610561E+01  0.00000000E+00 0.1304E-12      6
  616   20     0     -81      0     81  0.11753039E+01  0.00000000E+00 0.2071E-12      6
  617   20     0     -80      0     80  0.11886457E+01  0.00000000E+00 0.2460E-12      6
  618   20     0     -79      0     79  0.12005676E+01  0.00000000E+00 0.2857E-12      6
  619   20     0     -78      0     78  0.12137762E+01  0.00000000E+00 0.3669E-12      6
  620   20     0     -77      0     77  0.12290740E+01  0.00000000E+00 0.2312E-12      5
  621   20     0     -76      0     76  0.12453775E+01  0.00000000E+00 0.2882E-12      5
  622   20     0     -75      0     75  0.12618799E+01  0.00000000E+00 0.3632E-13      6
  623   20     0     -74      0     74  0.12773856E+01  0.00000000E+00 0.1278E-12      6
  624   20     0     -73      0     73  0.12910450E+01  0.00000000E+00 0.1131E-12      6
  625   20     0     -72      0     72  0.13061266E+01  0.00000000E+00 0.9866E-13      6
  626   20     0     -71      0     71  0.13238232E+01  0.00000000E+00 0.2307E-12      6
  627   20     0     -70      0     70  0.13427872E+01  0.00000000E+00 0.3538E-12      5
  628   20     0     -69      0     69  0.13620239E+01  0.00000000E+00 0.1480E-12      6
  629   20     0     -68      0     68  0.13799549E+01  0.00000000E+00 0.1548E-12      6
  630   20     0     -67      0     67  0.13955306E+01  0.00000000E+00 0.9284E-13      6
  631   20     0     -66      0     66  0.14132861E+01  0.00000000E+00 0.1880E-12      6
  632   20     0     -65      0     65  0.14342538E+01  0.00000000E+00 0.2815E-12      5
  633   20     0     -64      0     64  0.14566290E+01  0.00000000E+00 0.3632E-13      6
  634   20     0     -63      0     63  0.14791850E+01  0.00000000E+00 0.8067E-13      6
  635   20     0     -62      0     62  0.14998637E+01  0.00000000E+00 0.1654E-13      6
  636   20     0     -61      0     61  0.15179009E+01  0.00000000E+00 0.8100E-13      6
  637   20     0     -60      0     60  0.15391422E+01  0.00000000E+00 0.8087E-13      6
  638   20     0     -59      0     59  0.15640163E+01  0.00000000E+00 0.2464E-12      5
  639   20     0     -58      0     58  0.15904901E+01  0.00000000E+00 0.8881E-13      5
  640   20     0     -57      0     57  0.16173347E+01  0.00000000E+00 0.6871E-13      6
  641   20     0     -56      0     56  0.16423057E+01  0.00000000E+00 0.9044E-13      6
  642   20     0     -55      0     55  0.16637443E+01  0.00000000E+00 0.9427E-13      5
  Time elapsed :      4.573 s

Mode Search
-----------

Mode parameters
   l : 21
   m : 0

Building frequency grid (REAL axis)
   added scan interval :  0.5233E+00 ->  0.2105E+01 (3000 points, INVERSE)

Building spatial grid
   Scaffold grid from model
   Split 133 subinterval(s) in iteration 1
   Split 30 subinterval(s) in iteration 2
   Split 0 subinterval(s) in iteration 3
   Final grid has 1 segment(s) and 7328 point(s):
      Segment 1 : x range 0.0000 -> 1.0010 (1 -> 7328)

Starting search (adiabatic)

Scanning frequencies
  Time elapsed :     1.708 s

Finding roots
  Time elapsed :      0.372 s

Processing modes
   id    l     m    n_pg    n_p    n_g       Re(omega)       Im(omega)        chi n_iter
  678   21     0    -173      0    173  0.59163321E+00  0.00000000E+00 0.1679E-12      6
  679   21     0    -172      0    172  0.59508356E+00  0.00000000E+00 0.4158E-12      6
  680   21     0    -171      0    171  0.59833570E+00  0.00000000E+00 0.1305E-12      6
  681   21     0    -170      0    170  0.60156362E+00  0.00000000E+00 0.8590E-13      5
  682   21     0    -169      0    169  0.60505238E+00  0.00000000E+00 0.8654E-13      5
  683   21     0    -168      0    168  0.60877264E+00  0.00000000E+00 0.2068E-12      5
  684   21     0    -167      0    167  0.61257363E+00  0.00000000E+00 0.1899E-14      6
  685   21     0    -166      0    166  0.61629388E+00  0.00000000E+00 0.3487E-12      5
  686   21     0    -165      0    165  0.61979132E+00  0.00000000E+00 0.2862E-12      6
  687   21     0    -164      0    164  0.62322772E+00  0.00000000E+00 0.1400E-12      5
  688   21     0    -163      0    163  0.62694455E+00  0.00000000E+00 0.6146E-12      5
  689   21     0    -162      0    162  0.63092803E+00  0.00000000E+00 0.6666E-12      6
  690   21     0    -161      0    161  0.63500972E+00  0.00000000E+00 0.2754E-12      6
  691   21     0    -160      0    160  0.63901459E+00  0.00000000E+00 0.4765E-12      6
  692   21     0    -159      0    159  0.64278150E+00  0.00000000E+00 0.8012E-13      6
  693   21     0    -158      0    158  0.64645931E+00  0.00000000E+00 0.1677E-12      5
  694   21     0    -157      0    157  0.65043053E+00  0.00000000E+00 0.1794E-12      5
  695   21     0    -156      0    156  0.65470277E+00  0.00000000E+00 0.8795E-14      5
  696   21     0    -155      0    155  0.65909556E+00  0.00000000E+00 0.5682E-12      5
  697   21     0    -154      0    154  0.66341732E+00  0.00000000E+00 0.3567E-12      6
  698   21     0    -153      0    153  0.66748027E+00  0.00000000E+00 0.3695E-14      6
  699   21     0    -152      0    152  0.67142882E+00  0.00000000E+00 0.2877E-12      5
  700   21     0    -151      0    151  0.67569913E+00  0.00000000E+00 0.2739E-12      5
  701   21     0    -150      0    150  0.68030929E+00  0.00000000E+00 0.1801E-12      5
  702   21     0    -149      0    149  0.68505636E+00  0.00000000E+00 0.1040E-12      6
  703   21     0    -148      0    148  0.68972798E+00  0.00000000E+00 0.8075E-13      6
  704   21     0    -147      0    147  0.69411254E+00  0.00000000E+00 0.4699E-14      5
  705   21     0    -146      0    146  0.69836122E+00  0.00000000E+00 0.1350E-12      5
  706   21     0    -145      0    145  0.70296400E+00  0.00000000E+00 0.1381E-12      5
  707   21     0    -144      0    144  0.70794678E+00  0.00000000E+00 0.6483E-12      5
  708   21     0    -143      0    143  0.71308986E+00  0.00000000E+00 0.1491E-12      5
  709   21     0    -142      0    142  0.71816488E+00  0.00000000E+00 0.1075E-12      6
  710   21     0    -141      0    141  0.72292450E+00  0.00000000E+00 0.3176E-12      6
  711   21     0    -140      0    140  0.72750225E+00  0.00000000E+00 0.1488E-13      5
  712   21     0    -139      0    139  0.73247307E+00  0.00000000E+00 0.6547E-12      5
  713   21     0    -138      0    138  0.73788809E+00  0.00000000E+00 0.1912E-12      6
  714   21     0    -137      0    137  0.74349473E+00  0.00000000E+00 0.1678E-12      6
  715   21     0    -136      0    136  0.74903458E+00  0.00000000E+00 0.1488E-12      6
  716   21     0    -135      0    135  0.75422304E+00  0.00000000E+00 0.3331E-12      6
  717   21     0    -134      0    134  0.75919259E+00  0.00000000E+00 0.4766E-13      5
  718   21     0    -133      0    133  0.76459618E+00  0.00000000E+00 0.6801E-12      5
  719   21     0    -132      0    132  0.77049761E+00  0.00000000E+00 0.2142E-12      6
  720   21     0    -131      0    131  0.77661810E+00  0.00000000E+00 0.4627E-13      6
  721   21     0    -130      0    130  0.78268356E+00  0.00000000E+00 0.1485E-13      6
  722   21     0    -129      0    129  0.78838061E+00  0.00000000E+00 0.1503E-12      6
  723   21     0    -128      0    128  0.79379710E+00  0.00000000E+00 0.5318E-13      5
  724   21     0    -127      0    127  0.79966179E+00  0.00000000E+00 0.2024E-12      5
  725   21     0    -126      0    126  0.80610345E+00  0.00000000E+00 0.1250E-12      5
  726   21     0    -125      0    125  0.81281765E+00  0.00000000E+00 0.9104E-13      6
  727   21     0    -124      0    124  0.81949638E+00  0.00000000E+00 0.2693E-13      6
  728   21     0    -123      0    123  0.82577054E+00  0.00000000E+00 0.1777E-12      6
  729   21     0    -122      0    122  0.83168665E+00  0.00000000E+00 0.2166E-12      5
  730   21     0    -121      0    121  0.83809403E+00  0.00000000E+00 0.9438E-13      5
  731   21     0    -120      0    120  0.84517110E+00  0.00000000E+00 0.3454E-13      5
  732   21     0    -119      0    119  0.85256786E+00  0.00000000E+00 0.2036E-12      6
  733   21     0    -118      0    118  0.85994951E+00  0.00000000E+00 0.2461E-12      6
  734   21     0    -117      0    117  0.86691817E+00  0.00000000E+00 0.1850E-12      6
  735   21     0    -116      0    116  0.87344195E+00  0.00000000E+00 0.8190E-13      5
  736   21     0    -115      0    115  0.88043169E+00  0.00000000E+00 0.4636E-12      5
  737   21     0    -114      0    114  0.88819160E+00  0.00000000E+00 0.8444E-14      5
  738   21     0    -113      0    113  0.89635805E+00  0.00000000E+00 0.1817E-12      5
  739   21     0    -112      0    112  0.90456833E+00  0.00000000E+00 0.1765E-12      6
  740   21     0    -111      0    111  0.91237020E+00  0.00000000E+00 0.3077E-13      6
  741   21     0    -110      0    110  0.91956820E+00  0.00000000E+00 0.1184E-12      5
  742   21     0    -109      0    109  0.92717277E+00  0.00000000E+00 0.1822E-12      6
  743   21     0    -108      0    108  0.93571131E+00  0.00000000E+00 0.3134E-13      5
  744   21     0    -107      0    107  0.94477091E+00  0.00000000E+00 0.1533E-12      6
  745   21     0    -106      0    106  0.95393152E+00  0.00000000E+00 0.5644E-14      6
  746   21     0    -105      0    105  0.96270107E+00  0.00000000E+00 0.7123E-13      6
  747   21     0    -104      0    104  0.97073871E+00  0.00000000E+00 0.1667E-12      6
  748   21     0    -103      0    103  0.97905642E+00  0.00000000E+00 0.3460E-12      5
  749   21     0    -102      0    102  0.98844723E+00  0.00000000E+00 0.1692E-12      5
  750   21     0    -101      0    101  0.99850268E+00  0.00000000E+00 0.6390E-13      6
  751   21     0    -100      0    100  0.10087613E+01  0.00000000E+00 0.2068E-13      6
  752   21     0     -99      0     99  0.10187126E+01  0.00000000E+00 0.3084E-12      6
  753   21     0     -98      0     98  0.10277837E+01  0.00000000E+00 0.3274E-12      5
  754   21     0     -97      0     97  0.10368061E+01  0.00000000E+00 0.3243E-13      6
  755   21     0     -96      0     96  0.10470743E+01  0.00000000E+00 0.1643E-12      6
  756   21     0     -95      0     95  0.10582496E+01  0.00000000E+00 0.9746E-13      6
  757   21     0     -94      0     94  0.10697646E+01  0.00000000E+00 0.5275E-13      6
  758   21     0     -93      0     93  0.10810704E+01  0.00000000E+00 0.6307E-13      6
  759   21     0     -92      0     92  0.10914058E+01  0.00000000E+00 0.3988E-12      6
  760   21     0     -91      0     91  0.11012748E+01  0.00000000E+00 0.6913E-13      6
  761   21     0     -90      0     90  0.11124905E+01  0.00000000E+00 0.1850E-12      6
  762   21     0     -89      0     89  0.11249074E+01  0.00000000E+00 0.5264E-12      5
  763   21     0     -88      0     88  0.11378374E+01  0.00000000E+00 0.1377E-12      6
  764   21     0     -87      0     87  0.11507178E+01  0.00000000E+00 0.3091E-13      6
  765   21     0     -86      0     86  0.11626948E+01  0.00000000E+00 0.3439E-13      6
  766   21     0     -85      0     85  0.11736678E+01  0.00000000E+00 0.2438E-13      6
  767   21     0     -84      0     84  0.11858720E+01  0.00000000E+00 0.4235E-13      5
  768   21     0     -83      0     83  0.11997460E+01  0.00000000E+00 0.3751E-12      5
  769   21     0     -82      0     82  0.12144479E+01  0.00000000E+00 0.1470E-12      6
  770   21     0     -81      0     81  0.12293086E+01  0.00000000E+00 0.7306E-13      6
  771   21     0     -80      0     80  0.12433105E+01  0.00000000E+00 0.2465E-13      6
  772   21     0     -79      0     79  0.12557522E+01  0.00000000E+00 0.5410E-13      5
  773   21     0     -78      0     78  0.12693308E+01  0.00000000E+00 0.1975E-12      6
  774   21     0     -77      0     77  0.12851445E+01  0.00000000E+00 0.1421E-13      5
  775   21     0     -76      0     76  0.13020658E+01  0.00000000E+00 0.2706E-12      5
  776   21     0     -75      0     75  0.13192405E+01  0.00000000E+00 0.3095E-12      5
  777   21     0     -74      0     74  0.13354615E+01  0.00000000E+00 0.1159E-12      6
  778   21     0     -73      0     73  0.13497028E+01  0.00000000E+00 0.1567E-12      6
  779   21     0     -72      0     72  0.13652119E+01  0.00000000E+00 0.7302E-13      6
  780   21     0     -71      0     71  0.13834934E+01  0.00000000E+00 0.1448E-12      6
  781   21     0     -70      0     70  0.14031529E+01  0.00000000E+00 0.1779E-12      5
  782   21     0     -69      0     69  0.14231514E+01  0.00000000E+00 0.7090E-13      6
  783   21     0     -68      0     68  0.14419184E+01  0.00000000E+00 0.2263E-13      6
  784   21     0     -67      0     67  0.14581584E+01  0.00000000E+00 0.2255E-12      5
  785   21     0     -66      0     66  0.14763666E+01  0.00000000E+00 0.2569E-12      6
  786   21     0     -65      0     65  0.14979909E+01  0.00000000E+00 0.3050E-13      5
  787   21     0     -64      0     64  0.15211539E+01  0.00000000E+00 0.1314E-12      6
  788   21     0     -63      0     63  0.15446046E+01  0.00000000E+00 0.7120E-13      6
  789   21     0     -62      0     62  0.15663772E+01  0.00000000E+00 0.1053E-12      6
  790   21     0     -61      0     61  0.15851773E+01  0.00000000E+00 0.5951E-13      6
  791   21     0     -60      0     60  0.16067314E+01  0.00000000E+00 0.1822E-12      6
  792   21     0     -59      0     59  0.16322525E+01  0.00000000E+00 0.3088E-13      6
  793   21     0     -58      0     58  0.16595910E+01  0.00000000E+00 0.1930E-13      5
  794   21     0     -57      0     57  0.16875014E+01  0.00000000E+00 0.2818E-12      6
  Time elapsed :      4.850 s

Mode Search
-----------

Mode parameters
   l : 22
   m : 0

Building frequency grid (REAL axis)
   added scan interval :  0.5233E+00 ->  0.2105E+01 (3000 points, INVERSE)

Building spatial grid
   Scaffold grid from model
   Split 159 subinterval(s) in iteration 1
   Split 30 subinterval(s) in iteration 2
   Split 0 subinterval(s) in iteration 3
   Final grid has 1 segment(s) and 7354 point(s):
      Segment 1 : x range 0.0000 -> 1.0010 (1 -> 7354)

Starting search (adiabatic)

Scanning frequencies
  Time elapsed :     1.772 s

Finding roots
  Time elapsed :      0.411 s

Processing modes
   id    l     m    n_pg    n_p    n_g       Re(omega)       Im(omega)        chi n_iter
  830   22     0    -182      0    182  0.58824556E+00  0.00000000E+00 0.1014E-11      5
  831   22     0    -181      0    181  0.59146261E+00  0.00000000E+00 0.1997E-12      5
  832   22     0    -180      0    180  0.59486183E+00  0.00000000E+00 0.2876E-12      6
  833   22     0    -179      0    179  0.59831394E+00  0.00000000E+00 0.3646E-12      6
  834   22     0    -178      0    178  0.60167774E+00  0.00000000E+00 0.4127E-12      6
  835   22     0    -177      0    177  0.60485455E+00  0.00000000E+00 0.2703E-12      6
  836   22     0    -176      0    176  0.60802177E+00  0.00000000E+00 0.2164E-12      5
  837   22     0    -175      0    175  0.61143741E+00  0.00000000E+00 0.2407E-12      5
  838   22     0    -174      0    174  0.61506492E+00  0.00000000E+00 0.1120E-12      6
  839   22     0    -173      0    173  0.61875995E+00  0.00000000E+00 0.6057E-12      6
  840   22     0    -172      0    172  0.62236883E+00  0.00000000E+00 0.3405E-12      5
  841   22     0    -171      0    171  0.62577111E+00  0.00000000E+00 0.3776E-12      6
  842   22     0    -170      0    170  0.62913953E+00  0.00000000E+00 0.7480E-13      5
  843   22     0    -169      0    169  0.63277669E+00  0.00000000E+00 0.6773E-14      5
  844   22     0    -168      0    168  0.63665897E+00  0.00000000E+00 0.5229E-13      6
  845   22     0    -167      0    167  0.64062943E+00  0.00000000E+00 0.3032E-13      6
  846   22     0    -166      0    166  0.64451990E+00  0.00000000E+00 0.2163E-12      6
  847   22     0    -165      0    165  0.64817882E+00  0.00000000E+00 0.1100E-12      6
  848   22     0    -164      0    164  0.65176442E+00  0.00000000E+00 0.1081E-12      5
  849   22     0    -163      0    163  0.65563804E+00  0.00000000E+00 0.5140E-12      5
  850   22     0    -162      0    162  0.65979393E+00  0.00000000E+00 0.2140E-13      6
  851   22     0    -161      0    161  0.66405668E+00  0.00000000E+00 0.1859E-12      6
  852   22     0    -160      0    160  0.66824375E+00  0.00000000E+00 0.1210E-12      6
  853   22     0    -159      0    159  0.67218400E+00  0.00000000E+00 0.2114E-12      6
  854   22     0    -158      0    158  0.67602151E+00  0.00000000E+00 0.4381E-12      5
  855   22     0    -157      0    157  0.68015954E+00  0.00000000E+00 0.8376E-13      5
  856   22     0    -156      0    156  0.68461575E+00  0.00000000E+00 0.1845E-13      6
  857   22     0    -155      0    155  0.68920245E+00  0.00000000E+00 0.4310E-12      6
  858   22     0    -154      0    154  0.69372016E+00  0.00000000E+00 0.5637E-13      6
  859   22     0    -153      0    153  0.69797033E+00  0.00000000E+00 0.7903E-13      6
  860   22     0    -152      0    152  0.70209012E+00  0.00000000E+00 0.5823E-13      5
  861   22     0    -151      0    151  0.70653823E+00  0.00000000E+00 0.1199E-12      5
  862   22     0    -150      0    150  0.71134543E+00  0.00000000E+00 0.4828E-12      5
  863   22     0    -149      0    149  0.71630095E+00  0.00000000E+00 0.1835E-12      6
  864   22     0    -148      0    148  0.72118375E+00  0.00000000E+00 0.1943E-14      6
  865   22     0    -147      0    147  0.72577041E+00  0.00000000E+00 0.5005E-13      6
  866   22     0    -146      0    146  0.73020276E+00  0.00000000E+00 0.3607E-13      5
  867   22     0    -145      0    145  0.73499548E+00  0.00000000E+00 0.3524E-12      5
  868   22     0    -144      0    144  0.74018970E+00  0.00000000E+00 0.3290E-13      6
  869   22     0    -143      0    143  0.74555740E+00  0.00000000E+00 0.2031E-12      6
  870   22     0    -142      0    142  0.75086134E+00  0.00000000E+00 0.4005E-13      6
  871   22     0    -141      0    141  0.75584172E+00  0.00000000E+00 0.1263E-12      6
  872   22     0    -140      0    140  0.76061765E+00  0.00000000E+00 0.5793E-14      5
  873   22     0    -139      0    139  0.76579069E+00  0.00000000E+00 0.8751E-12      5
  874   22     0    -138      0    138  0.77143324E+00  0.00000000E+00 0.3538E-13      6
  875   22     0    -137      0    137  0.77728386E+00  0.00000000E+00 0.2366E-12      5
  876   22     0    -136      0    136  0.78307452E+00  0.00000000E+00 0.1332E-12      6
  877   22     0    -135      0    135  0.78850661E+00  0.00000000E+00 0.1044E-12      6
  878   22     0    -134      0    134  0.79369064E+00  0.00000000E+00 0.1738E-12      5
  879   22     0    -133      0    133  0.79930899E+00  0.00000000E+00 0.3311E-13      5
  880   22     0    -132      0    132  0.80545473E+00  0.00000000E+00 0.2206E-12      5
  881   22     0    -131      0    131  0.81183959E+00  0.00000000E+00 0.1400E-12      6
  882   22     0    -130      0    130  0.81817951E+00  0.00000000E+00 0.9871E-13      6
  883   22     0    -129      0    129  0.82414719E+00  0.00000000E+00 0.2344E-12      6
  884   22     0    -128      0    128  0.82979871E+00  0.00000000E+00 0.2126E-12      5
  885   22     0    -127      0    127  0.83588963E+00  0.00000000E+00 0.1499E-12      6
  886   22     0    -126      0    126  0.84259196E+00  0.00000000E+00 0.5972E-12      5
  887   22     0    -125      0    125  0.84959323E+00  0.00000000E+00 0.1381E-12      6
  888   22     0    -124      0    124  0.85657472E+00  0.00000000E+00 0.1327E-14      6
  889   22     0    -123      0    123  0.86315312E+00  0.00000000E+00 0.9719E-13      6
  890   22     0    -122      0    122  0.86932808E+00  0.00000000E+00 0.3012E-12      5
  891   22     0    -121      0    121  0.87597309E+00  0.00000000E+00 0.1915E-12      6
  892   22     0    -120      0    120  0.88332935E+00  0.00000000E+00 0.6627E-13      5
  893   22     0    -119      0    119  0.89103875E+00  0.00000000E+00 0.4146E-12      5
  894   22     0    -118      0    118  0.89875380E+00  0.00000000E+00 0.2310E-13      6
  895   22     0    -117      0    117  0.90606387E+00  0.00000000E+00 0.9743E-13      5
  896   22     0    -116      0    116  0.91287857E+00  0.00000000E+00 0.1285E-12      5
  897   22     0    -115      0    115  0.92011754E+00  0.00000000E+00 0.1191E-12      5
  898   22     0    -114      0    114  0.92817152E+00  0.00000000E+00 0.1227E-12      5
  899   22     0    -113      0    113  0.93667490E+00  0.00000000E+00 0.7086E-13      6
  900   22     0    -112      0    112  0.94525037E+00  0.00000000E+00 0.1010E-12      6
  901   22     0    -111      0    111  0.95343712E+00  0.00000000E+00 0.1719E-13      6
  902   22     0    -110      0    110  0.96096946E+00  0.00000000E+00 0.4550E-12      5
  903   22     0    -109      0    109  0.96883345E+00  0.00000000E+00 0.1588E-12      6
  904   22     0    -108      0    108  0.97767994E+00  0.00000000E+00 0.8170E-13      5
  905   22     0    -107      0    107  0.98710469E+00  0.00000000E+00 0.6453E-14      6
  906   22     0    -106      0    106  0.99666671E+00  0.00000000E+00 0.1936E-12      6
  907   22     0    -105      0    105  0.10058671E+01  0.00000000E+00 0.5295E-13      6
  908   22     0    -104      0    104  0.10142927E+01  0.00000000E+00 0.2627E-12      5
  909   22     0    -103      0    103  0.10228887E+01  0.00000000E+00 0.1168E-12      6
  910   22     0    -102      0    102  0.10325986E+01  0.00000000E+00 0.3162E-13      5
  911   22     0    -101      0    101  0.10430438E+01  0.00000000E+00 0.2204E-12      6
  912   22     0    -100      0    100  0.10537359E+01  0.00000000E+00 0.1464E-12      5
  913   22     0     -99      0     99  0.10641611E+01  0.00000000E+00 0.3909E-12      6
  914   22     0     -98      0     98  0.10736909E+01  0.00000000E+00 0.2281E-13      6
  915   22     0     -97      0     97  0.10830199E+01  0.00000000E+00 0.1265E-12      6
  916   22     0     -96      0     96  0.10936054E+01  0.00000000E+00 0.1674E-12      6
  917   22     0     -95      0     95  0.11051918E+01  0.00000000E+00 0.1067E-12      6
  918   22     0     -94      0     94  0.11171753E+01  0.00000000E+00 0.5098E-13      6
  919   22     0     -93      0     93  0.11289983E+01  0.00000000E+00 0.1030E-12      6
  920   22     0     -92      0     92  0.11398654E+01  0.00000000E+00 0.2929E-12      6
  921   22     0     -91      0     91  0.11500922E+01  0.00000000E+00 0.7710E-13      6
  922   22     0     -90      0     90  0.11616237E+01  0.00000000E+00 0.2204E-12      6
  923   22     0     -89      0     89  0.11744692E+01  0.00000000E+00 0.3131E-13      5
  924   22     0     -88      0     88  0.11878966E+01  0.00000000E+00 0.1690E-12      5
  925   22     0     -87      0     87  0.12013256E+01  0.00000000E+00 0.2308E-12      6
  926   22     0     -86      0     86  0.12138953E+01  0.00000000E+00 0.1942E-12      6
  927   22     0     -85      0     85  0.12253126E+01  0.00000000E+00 0.6204E-13      6
  928   22     0     -84      0     84  0.12378326E+01  0.00000000E+00 0.9345E-13      5
  929   22     0     -83      0     83  0.12521493E+01  0.00000000E+00 0.2394E-12      5
  930   22     0     -82      0     82  0.12673882E+01  0.00000000E+00 0.5362E-13      6
  931   22     0     -81      0     81  0.12828447E+01  0.00000000E+00 0.8142E-13      6
  932   22     0     -80      0     80  0.12975000E+01  0.00000000E+00 0.2209E-12      6
  933   22     0     -79      0     79  0.13104712E+01  0.00000000E+00 0.2043E-12      5
  934   22     0     -78      0     78  0.13243888E+01  0.00000000E+00 0.1046E-13      6
  935   22     0     -77      0     77  0.13406827E+01  0.00000000E+00 0.5864E-13      6
  936   22     0     -76      0     76  0.13581962E+01  0.00000000E+00 0.2119E-12      6
  937   22     0     -75      0     75  0.13760239E+01  0.00000000E+00 0.1087E-12      6
  938   22     0     -74      0     74  0.13929562E+01  0.00000000E+00 0.3892E-13      6
  939   22     0     -73      0     73  0.14077912E+01  0.00000000E+00 0.5671E-13      6
  940   22     0     -72      0     72  0.14236872E+01  0.00000000E+00 0.1112E-12      6
  941   22     0     -71      0     71  0.14425089E+01  0.00000000E+00 0.9725E-13      6
  942   22     0     -70      0     70  0.14628335E+01  0.00000000E+00 0.1452E-12      5
  943   22     0     -69      0     69  0.14835767E+01  0.00000000E+00 0.5568E-13      6
  944   22     0     -68      0     68  0.15031985E+01  0.00000000E+00 0.8047E-13      6
  945   22     0     -67      0     67  0.15201399E+01  0.00000000E+00 0.7016E-13      6
  946   22     0     -66      0     66  0.15387184E+01  0.00000000E+00 0.8919E-13      6
  947   22     0     -65      0     65  0.15609214E+01  0.00000000E+00 0.4005E-13      6
  948   22     0     -64      0     64  0.15848226E+01  0.00000000E+00 0.4691E-13      6
  949   22     0     -63      0     63  0.16091402E+01  0.00000000E+00 0.1730E-12      6
  950   22     0     -62      0     62  0.16320431E+01  0.00000000E+00 0.1238E-12      6
  951   22     0     -61      0     61  0.16517128E+01  0.00000000E+00 0.1711E-12      6
  952   22     0     -60      0     60  0.16734330E+01  0.00000000E+00 0.1698E-12      6
  Time elapsed :      5.123 s

Mode Search
-----------

Mode parameters
   l : 23
   m : 0

Building frequency grid (REAL axis)
   added scan interval :  0.5233E+00 ->  0.2105E+01 (3000 points, INVERSE)

Building spatial grid
   Scaffold grid from model
   Split 171 subinterval(s) in iteration 1
   Split 35 subinterval(s) in iteration 2
   Split 0 subinterval(s) in iteration 3
   Final grid has 1 segment(s) and 7371 point(s):
      Segment 1 : x range 0.0000 -> 1.0010 (1 -> 7371)

Starting search (adiabatic)

Scanning frequencies
  Time elapsed :     1.763 s

Finding roots
  Time elapsed :      0.431 s

Processing modes
   id    l     m    n_pg    n_p    n_g       Re(omega)       Im(omega)        chi n_iter
  991   23     0    -190      0    190  0.58884494E+00  0.00000000E+00 0.5503E-12      5
  992   23     0    -189      0    189  0.59176107E+00  0.00000000E+00 0.7958E-13      6
  993   23     0    -188      0    188  0.59470262E+00  0.00000000E+00 0.2070E-12      5
  994   23     0    -187      0    187  0.59785407E+00  0.00000000E+00 0.2222E-12      6
  995   23     0    -186      0    186  0.60117109E+00  0.00000000E+00 0.1653E-12      6
  996   23     0    -185      0    185  0.60453172E+00  0.00000000E+00 0.2638E-12      5
  997   23     0    -184      0    184  0.60780500E+00  0.00000000E+00 0.1938E-12      6
  998   23     0    -183      0    183  0.61091315E+00  0.00000000E+00 0.2977E-12      5
  999   23     0    -182      0    182  0.61403028E+00  0.00000000E+00 0.3134E-12      5
 1000   23     0    -181      0    181  0.61737857E+00  0.00000000E+00 0.2157E-12      5
 1001   23     0    -180      0    180  0.62091989E+00  0.00000000E+00 0.4351E-13      6
 1002   23     0    -179      0    179  0.62452004E+00  0.00000000E+00 0.4146E-12      6
 1003   23     0    -178      0    178  0.62803210E+00  0.00000000E+00 0.1910E-12      6
 1004   23     0    -177      0    177  0.63134908E+00  0.00000000E+00 0.2714E-12      6
 1005   23     0    -176      0    176  0.63464711E+00  0.00000000E+00 0.2307E-12      5
 1006   23     0    -175      0    175  0.63820096E+00  0.00000000E+00 0.7036E-12      5
 1007   23     0    -174      0    174  0.64197930E+00  0.00000000E+00 0.3196E-12      6
 1008   23     0    -173      0    173  0.64583210E+00  0.00000000E+00 0.1068E-12      5
 1009   23     0    -172      0    172  0.64959953E+00  0.00000000E+00 0.2491E-12      6
 1010   23     0    -171      0    171  0.65315228E+00  0.00000000E+00 0.7232E-13      6
 1011   23     0    -170      0    170  0.65665990E+00  0.00000000E+00 0.8556E-12      5
 1012   23     0    -169      0    169  0.66044311E+00  0.00000000E+00 0.1383E-11      5
 1013   23     0    -168      0    168  0.66448559E+00  0.00000000E+00 0.7367E-13      6
 1014   23     0    -167      0    167  0.66862449E+00  0.00000000E+00 0.1068E-13      6
 1015   23     0    -166      0    166  0.67268504E+00  0.00000000E+00 0.2160E-12      6
 1016   23     0    -165      0    165  0.67650597E+00  0.00000000E+00 0.2251E-12      6
 1017   23     0    -164      0    164  0.68023959E+00  0.00000000E+00 0.5071E-12      5
 1018   23     0    -163      0    163  0.68426728E+00  0.00000000E+00 0.1799E-12      5
 1019   23     0    -162      0    162  0.68859343E+00  0.00000000E+00 0.1633E-12      6
 1020   23     0    -161      0    161  0.69303591E+00  0.00000000E+00 0.1379E-12      6
 1021   23     0    -160      0    160  0.69740484E+00  0.00000000E+00 0.1843E-12      6
 1022   23     0    -159      0    159  0.70151894E+00  0.00000000E+00 0.1476E-12      6
 1023   23     0    -158      0    158  0.70551506E+00  0.00000000E+00 0.4445E-13      5
 1024   23     0    -157      0    157  0.70981702E+00  0.00000000E+00 0.3429E-12      5
 1025   23     0    -156      0    156  0.71445474E+00  0.00000000E+00 0.1865E-12      6
 1026   23     0    -155      0    155  0.71923379E+00  0.00000000E+00 0.7795E-13      6
 1027   23     0    -154      0    154  0.72394697E+00  0.00000000E+00 0.1032E-12      5
 1028   23     0    -153      0    153  0.72838490E+00  0.00000000E+00 0.5577E-13      6
 1029   23     0    -152      0    152  0.73267482E+00  0.00000000E+00 0.1309E-12      5
 1030   23     0    -151      0    151  0.73729738E+00  0.00000000E+00 0.1408E-13      5
 1031   23     0    -150      0    150  0.74229878E+00  0.00000000E+00 0.8218E-13      6
 1032   23     0    -149      0    149  0.74746096E+00  0.00000000E+00 0.3197E-12      6
 1033   23     0    -148      0    148  0.75255444E+00  0.00000000E+00 0.2704E-12      6
 1034   23     0    -147      0    147  0.75734394E+00  0.00000000E+00 0.1680E-12      6
 1035   23     0    -146      0    146  0.76195866E+00  0.00000000E+00 0.2145E-12      5
 1036   23     0    -145      0    145  0.76693735E+00  0.00000000E+00 0.3082E-12      5
 1037   23     0    -144      0    144  0.77233968E+00  0.00000000E+00 0.4336E-12      5
 1038   23     0    -143      0    143  0.77792995E+00  0.00000000E+00 0.8332E-13      6
 1039   23     0    -142      0    142  0.78346235E+00  0.00000000E+00 0.2734E-12      6
 1040   23     0    -141      0    141  0.78866473E+00  0.00000000E+00 0.5371E-13      6
 1041   23     0    -140      0    140  0.79363768E+00  0.00000000E+00 0.7264E-13      5
 1042   23     0    -139      0    139  0.79900795E+00  0.00000000E+00 0.8859E-13      5
 1043   23     0    -138      0    138  0.80487386E+00  0.00000000E+00 0.1270E-12      5
 1044   23     0    -137      0    137  0.81096599E+00  0.00000000E+00 0.6617E-13      6
 1045   23     0    -136      0    136  0.81700701E+00  0.00000000E+00 0.2239E-12      6
 1046   23     0    -135      0    135  0.82268470E+00  0.00000000E+00 0.2795E-12      6
 1047   23     0    -134      0    134  0.82808233E+00  0.00000000E+00 0.1638E-12      5
 1048   23     0    -133      0    133  0.83390908E+00  0.00000000E+00 0.9085E-13      6
 1049   23     0    -132      0    132  0.84029375E+00  0.00000000E+00 0.7640E-13      5
 1050   23     0    -131      0    131  0.84693982E+00  0.00000000E+00 0.2824E-13      5
 1051   23     0    -130      0    130  0.85355343E+00  0.00000000E+00 0.1614E-12      6
 1052   23     0    -129      0    129  0.85979425E+00  0.00000000E+00 0.1318E-12      6
 1053   23     0    -128      0    128  0.86568088E+00  0.00000000E+00 0.1104E-12      5
 1054   23     0    -127      0    127  0.87199034E+00  0.00000000E+00 0.1784E-12      5
 1055   23     0    -126      0    126  0.87894629E+00  0.00000000E+00 0.1129E-12      5
 1056   23     0    -125      0    125  0.88623045E+00  0.00000000E+00 0.2025E-12      6
 1057   23     0    -124      0    124  0.89351342E+00  0.00000000E+00 0.6451E-13      6
 1058   23     0    -123      0    123  0.90039928E+00  0.00000000E+00 0.7109E-13      6
 1059   23     0    -122      0    122  0.90683482E+00  0.00000000E+00 0.9487E-13      5
 1060   23     0    -121      0    121  0.91370803E+00  0.00000000E+00 0.5604E-13      6
 1061   23     0    -120      0    120  0.92133422E+00  0.00000000E+00 0.3818E-13      5
 1062   23     0    -119      0    119  0.92935072E+00  0.00000000E+00 0.1633E-12      6
 1063   23     0    -118      0    118  0.93739689E+00  0.00000000E+00 0.3267E-12      5
 1064   23     0    -117      0    117  0.94505146E+00  0.00000000E+00 0.1393E-12      6
 1065   23     0    -116      0    116  0.95216116E+00  0.00000000E+00 0.3595E-12      5
 1066   23     0    -115      0    115  0.95963902E+00  0.00000000E+00 0.1358E-12      6
 1067   23     0    -114      0    114  0.96797476E+00  0.00000000E+00 0.1035E-12      5
 1068   23     0    -113      0    113  0.97680734E+00  0.00000000E+00 0.2221E-13      5
 1069   23     0    -112      0    112  0.98574395E+00  0.00000000E+00 0.2403E-12      6
 1070   23     0    -111      0    111  0.99431773E+00  0.00000000E+00 0.4343E-13      6
 1071   23     0    -110      0    110  0.10021924E+01  0.00000000E+00 0.3422E-12      5
 1072   23     0    -109      0    109  0.10103056E+01  0.00000000E+00 0.1945E-12      6
 1073   23     0    -108      0    108  0.10194437E+01  0.00000000E+00 0.1220E-12      5
 1074   23     0    -107      0    107  0.10292232E+01  0.00000000E+00 0.1658E-12      6
 1075   23     0    -106      0    106  0.10391805E+01  0.00000000E+00 0.2550E-13      6
 1076   23     0    -105      0    105  0.10488120E+01  0.00000000E+00 0.3906E-12      6
 1077   23     0    -104      0    104  0.10576362E+01  0.00000000E+00 0.3493E-12      6
 1078   23     0    -103      0    103  0.10665027E+01  0.00000000E+00 0.1805E-12      6
 1079   23     0    -102      0    102  0.10765106E+01  0.00000000E+00 0.2415E-12      5
 1080   23     0    -101      0    101  0.10873311E+01  0.00000000E+00 0.1752E-12      6
 1081   23     0    -100      0    100  0.10984474E+01  0.00000000E+00 0.2030E-12      6
 1082   23     0     -99      0     99  0.11093425E+01  0.00000000E+00 0.2415E-12      6
 1083   23     0     -98      0     98  0.11193422E+01  0.00000000E+00 0.1653E-13      6
 1084   23     0     -97      0     97  0.11289771E+01  0.00000000E+00 0.1450E-12      5
 1085   23     0     -96      0     96  0.11398536E+01  0.00000000E+00 0.1321E-13      5
 1086   23     0     -95      0     95  0.11518317E+01  0.00000000E+00 0.1339E-12      5
 1087   23     0     -94      0     94  0.11642705E+01  0.00000000E+00 0.5153E-13      6
 1088   23     0     -93      0     93  0.11766024E+01  0.00000000E+00 0.1942E-12      6
 1089   23     0     -92      0     92  0.11880085E+01  0.00000000E+00 0.1366E-12      6
 1090   23     0     -91      0     91  0.11986006E+01  0.00000000E+00 0.2260E-12      6
 1091   23     0     -90      0     90  0.12104181E+01  0.00000000E+00 0.7564E-14      6
 1092   23     0     -89      0     89  0.12236662E+01  0.00000000E+00 0.1516E-12      5
 1093   23     0     -88      0     88  0.12375727E+01  0.00000000E+00 0.2739E-13      6
 1094   23     0     -87      0     87  0.12515363E+01  0.00000000E+00 0.1062E-12      6
 1095   23     0     -86      0     86  0.12646967E+01  0.00000000E+00 0.2094E-12      6
 1096   23     0     -85      0     85  0.12765722E+01  0.00000000E+00 0.5085E-13      5
 1097   23     0     -84      0     84  0.12893803E+01  0.00000000E+00 0.9370E-13      6
 1098   23     0     -83      0     83  0.13041074E+01  0.00000000E+00 0.1126E-12      6
 1099   23     0     -82      0     82  0.13198603E+01  0.00000000E+00 0.1176E-12      6
 1100   23     0     -81      0     81  0.13358940E+01  0.00000000E+00 0.7950E-13      6
 1101   23     0     -80      0     80  0.13511940E+01  0.00000000E+00 0.1148E-12      6
 1102   23     0     -79      0     79  0.13647080E+01  0.00000000E+00 0.9643E-13      5
 1103   23     0     -78      0     78  0.13789366E+01  0.00000000E+00 0.5496E-13      6
 1104   23     0     -77      0     77  0.13956721E+01  0.00000000E+00 0.6400E-13      6
 1105   23     0     -76      0     76  0.14137506E+01  0.00000000E+00 0.2138E-12      5
 1106   23     0     -75      0     75  0.14322113E+01  0.00000000E+00 0.5935E-13      5
 1107   23     0     -74      0     74  0.14498515E+01  0.00000000E+00 0.2017E-12      6
 1108   23     0     -73      0     73  0.14653010E+01  0.00000000E+00 0.5073E-13      5
 1109   23     0     -72      0     72  0.14815437E+01  0.00000000E+00 0.4591E-13      6
 1110   23     0     -71      0     71  0.15008544E+01  0.00000000E+00 0.2336E-14      6
 1111   23     0     -70      0     70  0.15218115E+01  0.00000000E+00 0.1442E-12      5
 1112   23     0     -69      0     69  0.15432804E+01  0.00000000E+00 0.1099E-12      6
 1113   23     0     -68      0     68  0.15637738E+01  0.00000000E+00 0.1125E-12      6
 1114   23     0     -67      0     67  0.15814752E+01  0.00000000E+00 0.4272E-13      6
 1115   23     0     -66      0     66  0.16003400E+01  0.00000000E+00 0.1560E-12      6
 1116   23     0     -65      0     65  0.16230271E+01  0.00000000E+00 0.6161E-13      6
 1117   23     0     -64      0     64  0.16476085E+01  0.00000000E+00 0.3945E-13      5
 1118   23     0     -63      0     63  0.16727551E+01  0.00000000E+00 0.2864E-13      6
  Time elapsed :      5.276 s

Mode Search
-----------

Mode parameters
   l : 24
   m : 0

Building frequency grid (REAL axis)
   added scan interval :  0.5233E+00 ->  0.2105E+01 (3000 points, INVERSE)

Building spatial grid
   Scaffold grid from model
   Split 178 subinterval(s) in iteration 1
   Split 40 subinterval(s) in iteration 2
   Split 0 subinterval(s) in iteration 3
   Final grid has 1 segment(s) and 7383 point(s):
      Segment 1 : x range 0.0000 -> 1.0010 (1 -> 7383)

Starting search (adiabatic)

Scanning frequencies
  Time elapsed :     1.732 s

Finding roots
  Time elapsed :      0.421 s

Processing modes
   id    l     m    n_pg    n_p    n_g       Re(omega)       Im(omega)        chi n_iter
 1159   24     0    -198      0    198  0.58892958E+00  0.00000000E+00 0.4454E-12      6
 1160   24     0    -197      0    197  0.59200538E+00  0.00000000E+00 0.1551E-12      6
 1161   24     0    -196      0    196  0.59499785E+00  0.00000000E+00 0.2979E-12      6
 1162   24     0    -195      0    195  0.59786063E+00  0.00000000E+00 0.3076E-12      6
 1163   24     0    -194      0    194  0.60075444E+00  0.00000000E+00 0.5743E-12      5
 1164   24     0    -193      0    193  0.60384360E+00  0.00000000E+00 0.7115E-13      5
 1165   24     0    -192      0    192  0.60708579E+00  0.00000000E+00 0.1035E-13      6
 1166   24     0    -191      0    191  0.61036501E+00  0.00000000E+00 0.5321E-14      5
 1167   24     0    -190      0    190  0.61355629E+00  0.00000000E+00 0.2258E-12      6
 1168   24     0    -189      0    189  0.61659505E+00  0.00000000E+00 0.2887E-12      6
 1169   24     0    -188      0    188  0.61965305E+00  0.00000000E+00 0.3184E-12      5
 1170   24     0    -187      0    187  0.62292757E+00  0.00000000E+00 0.4108E-12      5
 1171   24     0    -186      0    186  0.62637743E+00  0.00000000E+00 0.3941E-13      6
 1172   24     0    -185      0    185  0.62987632E+00  0.00000000E+00 0.4577E-12      5
 1173   24     0    -184      0    184  0.63328816E+00  0.00000000E+00 0.1936E-12      6
 1174   24     0    -183      0    183  0.63652765E+00  0.00000000E+00 0.7944E-13      6
 1175   24     0    -182      0    182  0.63976779E+00  0.00000000E+00 0.8803E-12      5
 1176   24     0    -181      0    181  0.64324547E+00  0.00000000E+00 0.2409E-12      5
 1177   24     0    -180      0    180  0.64692749E+00  0.00000000E+00 0.4857E-12      6
 1178   24     0    -179      0    179  0.65067488E+00  0.00000000E+00 0.7707E-12      5
 1179   24     0    -178      0    178  0.65433513E+00  0.00000000E+00 0.3873E-12      5
 1180   24     0    -177      0    177  0.65779260E+00  0.00000000E+00 0.2975E-12      6
 1181   24     0    -176      0    176  0.66122037E+00  0.00000000E+00 0.1120E-11      5
 1182   24     0    -175      0    175  0.66491037E+00  0.00000000E+00 0.1621E-12      5
 1183   24     0    -174      0    174  0.66883794E+00  0.00000000E+00 0.4830E-12      6
 1184   24     0    -173      0    173  0.67284756E+00  0.00000000E+00 0.5114E-13      6
 1185   24     0    -172      0    172  0.67677336E+00  0.00000000E+00 0.1326E-12      6
 1186   24     0    -171      0    171  0.68047691E+00  0.00000000E+00 0.2811E-12      6
 1187   24     0    -170      0    170  0.68412264E+00  0.00000000E+00 0.1978E-12      5
 1188   24     0    -169      0    169  0.68804956E+00  0.00000000E+00 0.4741E-12      5
 1189   24     0    -168      0    168  0.69225040E+00  0.00000000E+00 0.3108E-12      5
 1190   24     0    -167      0    167  0.69655661E+00  0.00000000E+00 0.1911E-12      6
 1191   24     0    -166      0    166  0.70078697E+00  0.00000000E+00 0.2079E-12      6
 1192   24     0    -165      0    165  0.70477026E+00  0.00000000E+00 0.3951E-12      6
 1193   24     0    -164      0    164  0.70865071E+00  0.00000000E+00 0.7448E-13      5
 1194   24     0    -163      0    163  0.71282979E+00  0.00000000E+00 0.4316E-13      5
 1195   24     0    -162      0    162  0.71732407E+00  0.00000000E+00 0.7862E-13      6
 1196   24     0    -161      0    161  0.72194502E+00  0.00000000E+00 0.6461E-13      5
 1197   24     0    -160      0    160  0.72649549E+00  0.00000000E+00 0.1287E-12      6
 1198   24     0    -159      0    159  0.73078386E+00  0.00000000E+00 0.2315E-12      5
 1199   24     0    -158      0    158  0.73493733E+00  0.00000000E+00 0.3129E-13      5
 1200   24     0    -157      0    157  0.73940014E+00  0.00000000E+00 0.1379E-12      5
 1201   24     0    -156      0    156  0.74421689E+00  0.00000000E+00 0.2724E-13      6
 1202   24     0    -155      0    155  0.74918681E+00  0.00000000E+00 0.1948E-12      6
 1203   24     0    -154      0    154  0.75409515E+00  0.00000000E+00 0.1985E-12      6
 1204   24     0    -153      0    153  0.75872156E+00  0.00000000E+00 0.2396E-12      6
 1205   24     0    -152      0    152  0.76318032E+00  0.00000000E+00 0.3744E-12      5
 1206   24     0    -151      0    151  0.76797358E+00  0.00000000E+00 0.5979E-14      5
 1207   24     0    -150      0    150  0.77316611E+00  0.00000000E+00 0.1972E-12      6
 1208   24     0    -149      0    149  0.77853317E+00  0.00000000E+00 0.1941E-12      6
 1209   24     0    -148      0    148  0.78383703E+00  0.00000000E+00 0.8288E-13      6
 1210   24     0    -147      0    147  0.78883048E+00  0.00000000E+00 0.5047E-13      6
 1211   24     0    -146      0    146  0.79362634E+00  0.00000000E+00 0.6205E-14      5
 1212   24     0    -145      0    145  0.79878648E+00  0.00000000E+00 0.8006E-13      5
 1213   24     0    -144      0    144  0.80439320E+00  0.00000000E+00 0.6985E-13      6
 1214   24     0    -143      0    143  0.81020389E+00  0.00000000E+00 0.1146E-12      6
 1215   24     0    -142      0    142  0.81596438E+00  0.00000000E+00 0.1497E-12      6
 1216   24     0    -141      0    141  0.82139048E+00  0.00000000E+00 0.2072E-14      6
 1217   24     0    -140      0    140  0.82655961E+00  0.00000000E+00 0.1839E-12      5
 1218   24     0    -139      0    139  0.83212155E+00  0.00000000E+00 0.1857E-13      5
 1219   24     0    -138      0    138  0.83820609E+00  0.00000000E+00 0.1896E-12      6
 1220   24     0    -137      0    137  0.84453704E+00  0.00000000E+00 0.8526E-13      5
 1221   24     0    -136      0    136  0.85082796E+00  0.00000000E+00 0.1519E-13      6
 1222   24     0    -135      0    135  0.85675369E+00  0.00000000E+00 0.2064E-12      6
 1223   24     0    -134      0    134  0.86236463E+00  0.00000000E+00 0.2213E-12      5
 1224   24     0    -133      0    133  0.86839285E+00  0.00000000E+00 0.5343E-14      5
 1225   24     0    -132      0    132  0.87501035E+00  0.00000000E+00 0.3856E-12      5
 1226   24     0    -131      0    131  0.88191412E+00  0.00000000E+00 0.4165E-13      6
 1227   24     0    -130      0    130  0.88880051E+00  0.00000000E+00 0.7740E-13      6
 1228   24     0    -129      0    129  0.89531739E+00  0.00000000E+00 0.9744E-13      6
 1229   24     0    -128      0    128  0.90144026E+00  0.00000000E+00 0.1134E-12      5
 1230   24     0    -127      0    127  0.90796011E+00  0.00000000E+00 0.9223E-13      6
 1231   24     0    -126      0    126  0.91516164E+00  0.00000000E+00 0.1657E-12      5
 1232   24     0    -125      0    125  0.92272392E+00  0.00000000E+00 0.9711E-13      6
 1233   24     0    -124      0    124  0.93030673E+00  0.00000000E+00 0.1096E-13      5
 1234   24     0    -123      0    123  0.93750345E+00  0.00000000E+00 0.1100E-12      6
 1235   24     0    -122      0    122  0.94420300E+00  0.00000000E+00 0.1756E-12      5
 1236   24     0    -121      0    121  0.95129488E+00  0.00000000E+00 0.2609E-13      6
 1237   24     0    -120      0    120  0.95918044E+00  0.00000000E+00 0.5555E-13      5
 1238   24     0    -119      0    119  0.96749760E+00  0.00000000E+00 0.1169E-12      6
 1239   24     0    -118      0    118  0.97587191E+00  0.00000000E+00 0.1020E-12      6
 1240   24     0    -117      0    117  0.98387373E+00  0.00000000E+00 0.8291E-13      6
 1241   24     0    -116      0    116  0.99128463E+00  0.00000000E+00 0.1869E-12      5
 1242   24     0    -115      0    115  0.99899183E+00  0.00000000E+00 0.2179E-12      6
 1243   24     0    -114      0    114  0.10075956E+01  0.00000000E+00 0.2327E-12      5
 1244   24     0    -113      0    113  0.10167484E+01  0.00000000E+00 0.6552E-13      5
 1245   24     0    -112      0    112  0.10260412E+01  0.00000000E+00 0.1770E-14      6
 1246   24     0    -111      0    111  0.10350030E+01  0.00000000E+00 0.2317E-12      6
 1247   24     0    -110      0    110  0.10432299E+01  0.00000000E+00 0.2236E-13      5
 1248   24     0    -109      0    109  0.10515844E+01  0.00000000E+00 0.1321E-13      5
 1249   24     0    -108      0    108  0.10609961E+01  0.00000000E+00 0.3222E-12      5
 1250   24     0    -107      0    107  0.10711185E+01  0.00000000E+00 0.1111E-12      6
 1251   24     0    -106      0    106  0.10814640E+01  0.00000000E+00 0.1880E-12      6
 1252   24     0    -105      0    105  0.10915251E+01  0.00000000E+00 0.6557E-13      6
 1253   24     0    -104      0    104  0.11007596E+01  0.00000000E+00 0.3431E-13      6
 1254   24     0    -103      0    103  0.11098923E+01  0.00000000E+00 0.9847E-13      6
 1255   24     0    -102      0    102  0.11201760E+01  0.00000000E+00 0.2482E-12      6
 1256   24     0    -101      0    101  0.11313558E+01  0.00000000E+00 0.1360E-12      5
 1257   24     0    -100      0    100  0.11428854E+01  0.00000000E+00 0.2484E-12      6
 1258   24     0     -99      0     99  0.11542444E+01  0.00000000E+00 0.8157E-14      6
 1259   24     0     -98      0     98  0.11647241E+01  0.00000000E+00 0.1119E-12      5
 1260   24     0     -97      0     97  0.11746699E+01  0.00000000E+00 0.2436E-12      5
 1261   24     0     -96      0     96  0.11858107E+01  0.00000000E+00 0.2617E-12      5
 1262   24     0     -95      0     95  0.11981591E+01  0.00000000E+00 0.1730E-13      5
 1263   24     0     -94      0     94  0.12110388E+01  0.00000000E+00 0.3462E-12      6
 1264   24     0     -93      0     93  0.12238691E+01  0.00000000E+00 0.3727E-13      6
 1265   24     0     -92      0     92  0.12358184E+01  0.00000000E+00 0.1229E-12      6
 1266   24     0     -91      0     91  0.12467884E+01  0.00000000E+00 0.9289E-13      5
 1267   24     0     -90      0     90  0.12588633E+01  0.00000000E+00 0.2028E-13      6
 1268   24     0     -89      0     89  0.12724860E+01  0.00000000E+00 0.4283E-14      5
 1269   24     0     -88      0     88  0.12868521E+01  0.00000000E+00 0.9690E-13      6
 1270   24     0     -87      0     87  0.13013347E+01  0.00000000E+00 0.4687E-14      6
 1271   24     0     -86      0     86  0.13150804E+01  0.00000000E+00 0.8613E-13      5
 1272   24     0     -85      0     85  0.13274306E+01  0.00000000E+00 0.1531E-12      5
 1273   24     0     -84      0     84  0.13405032E+01  0.00000000E+00 0.2305E-12      6
 1274   24     0     -83      0     83  0.13556063E+01  0.00000000E+00 0.5681E-13      6
 1275   24     0     -82      0     82  0.13718488E+01  0.00000000E+00 0.1360E-12      5
 1276   24     0     -81      0     81  0.13884399E+01  0.00000000E+00 0.1776E-12      5
 1277   24     0     -80      0     80  0.14043741E+01  0.00000000E+00 0.6538E-13      6
 1278   24     0     -79      0     79  0.14184473E+01  0.00000000E+00 0.2035E-12      5
 1279   24     0     -78      0     78  0.14329621E+01  0.00000000E+00 0.1067E-12      6
 1280   24     0     -77      0     77  0.14500975E+01  0.00000000E+00 0.1253E-12      5
 1281   24     0     -76      0     76  0.14687124E+01  0.00000000E+00 0.3826E-12      5
 1282   24     0     -75      0     75  0.14877854E+01  0.00000000E+00 0.1549E-12      6
 1283   24     0     -74      0     74  0.15061313E+01  0.00000000E+00 0.1195E-12      6
 1284   24     0     -73      0     73  0.15222266E+01  0.00000000E+00 0.1418E-12      5
 1285   24     0     -72      0     72  0.15387772E+01  0.00000000E+00 0.2048E-13      5
 1286   24     0     -71      0     71  0.15585177E+01  0.00000000E+00 0.1911E-12      6
 1287   24     0     -70      0     70  0.15800704E+01  0.00000000E+00 0.1389E-12      5
 1288   24     0     -69      0     69  0.16022427E+01  0.00000000E+00 0.6223E-13      6
 1289   24     0     -68      0     68  0.16236182E+01  0.00000000E+00 0.1067E-12      6
 1290   24     0     -67      0     67  0.16421614E+01  0.00000000E+00 0.1082E-12      5
 1291   24     0     -66      0     66  0.16612374E+01  0.00000000E+00 0.7122E-13      6
 1292   24     0     -65      0     65  0.16842925E+01  0.00000000E+00 0.6587E-13      6
  Time elapsed :      5.531 s

Mode Search
-----------

Mode parameters
   l : 25
   m : 0

Building frequency grid (REAL axis)
   added scan interval :  0.5233E+00 ->  0.2105E+01 (3000 points, INVERSE)

Building spatial grid
   Scaffold grid from model
   Split 184 subinterval(s) in iteration 1
   Split 46 subinterval(s) in iteration 2
   Split 9 subinterval(s) in iteration 3
   Split 0 subinterval(s) in iteration 4
   Final grid has 1 segment(s) and 7404 point(s):
      Segment 1 : x range 0.0000 -> 1.0010 (1 -> 7404)

Starting search (adiabatic)

Scanning frequencies
  Time elapsed :     1.777 s

Finding roots
  Time elapsed :      0.464 s

Processing modes
   id    l     m    n_pg    n_p    n_g       Re(omega)       Im(omega)        chi n_iter
 1333   25     0    -206      0    206  0.58901831E+00  0.00000000E+00 0.2306E-12      5
 1334   25     0    -205      0    205  0.59188099E+00  0.00000000E+00 0.1055E-12      5
 1335   25     0    -204      0    204  0.59485933E+00  0.00000000E+00 0.3732E-12      6
 1336   25     0    -203      0    203  0.59785757E+00  0.00000000E+00 0.1117E-12      6
 1337   25     0    -202      0    202  0.60077470E+00  0.00000000E+00 0.3176E-12      6
 1338   25     0    -201      0    201  0.60358172E+00  0.00000000E+00 0.4135E-12      6
 1339   25     0    -200      0    200  0.60643246E+00  0.00000000E+00 0.1931E-13      5
 1340   25     0    -199      0    199  0.60946288E+00  0.00000000E+00 0.2631E-12      5
 1341   25     0    -198      0    198  0.61262988E+00  0.00000000E+00 0.2056E-12      6
 1342   25     0    -197      0    197  0.61582756E+00  0.00000000E+00 0.9580E-13      6
 1343   25     0    -196      0    196  0.61894161E+00  0.00000000E+00 0.6040E-12      6
 1344   25     0    -195      0    195  0.62191964E+00  0.00000000E+00 0.2577E-12      6
 1345   25     0    -194      0    194  0.62492308E+00  0.00000000E+00 0.9920E-13      5
 1346   25     0    -193      0    193  0.62812773E+00  0.00000000E+00 0.4228E-12      5
 1347   25     0    -192      0    192  0.63149434E+00  0.00000000E+00 0.2491E-12      6
 1348   25     0    -191      0    191  0.63490302E+00  0.00000000E+00 0.2335E-12      6
 1349   25     0    -190      0    190  0.63822396E+00  0.00000000E+00 0.7243E-12      6
 1350   25     0    -189      0    189  0.64138547E+00  0.00000000E+00 0.1490E-12      6
 1351   25     0    -188      0    188  0.64455885E+00  0.00000000E+00 0.2236E-12      5
 1352   25     0    -187      0    187  0.64795479E+00  0.00000000E+00 0.2284E-12      6
 1353   25     0    -186      0    186  0.65153628E+00  0.00000000E+00 0.3238E-12      6
 1354   25     0    -185      0    185  0.65517280E+00  0.00000000E+00 0.2412E-13      6
 1355   25     0    -184      0    184  0.65872326E+00  0.00000000E+00 0.4011E-12      6
 1356   25     0    -183      0    183  0.66209435E+00  0.00000000E+00 0.4469E-13      6
 1357   25     0    -182      0    182  0.66545642E+00  0.00000000E+00 0.9593E-12      5
 1358   25     0    -181      0    181  0.66906153E+00  0.00000000E+00 0.2396E-12      5
 1359   25     0    -180      0    180  0.67288275E+00  0.00000000E+00 0.3969E-12      5
 1360   25     0    -179      0    179  0.67677657E+00  0.00000000E+00 0.2406E-12      6
 1361   25     0    -178      0    178  0.68058499E+00  0.00000000E+00 0.2101E-12      6
 1362   25     0    -177      0    177  0.68418331E+00  0.00000000E+00 0.3416E-13      6
 1363   25     0    -176      0    176  0.68773972E+00  0.00000000E+00 0.4163E-13      5
 1364   25     0    -175      0    175  0.69156365E+00  0.00000000E+00 0.9303E-13      5
 1365   25     0    -174      0    174  0.69563873E+00  0.00000000E+00 0.1417E-14      6
 1366   25     0    -173      0    173  0.69980420E+00  0.00000000E+00 0.5322E-13      6
 1367   25     0    -172      0    172  0.70388827E+00  0.00000000E+00 0.5968E-13      6
 1368   25     0    -171      0    171  0.70774305E+00  0.00000000E+00 0.6968E-13      6
 1369   25     0    -170      0    170  0.71152578E+00  0.00000000E+00 0.3556E-12      5
 1370   25     0    -169      0    169  0.71559389E+00  0.00000000E+00 0.1820E-12      5
 1371   25     0    -168      0    168  0.71995107E+00  0.00000000E+00 0.6977E-13      5
 1372   25     0    -167      0    167  0.72442340E+00  0.00000000E+00 0.2024E-13      6
 1373   25     0    -166      0    166  0.72882333E+00  0.00000000E+00 0.1616E-12      6
 1374   25     0    -165      0    165  0.73296953E+00  0.00000000E+00 0.1907E-12      6
 1375   25     0    -164      0    164  0.73699575E+00  0.00000000E+00 0.1786E-12      5
 1376   25     0    -163      0    163  0.74132328E+00  0.00000000E+00 0.2346E-12      5
 1377   25     0    -162      0    162  0.74598330E+00  0.00000000E+00 0.1105E-12      6
 1378   25     0    -161      0    161  0.75078132E+00  0.00000000E+00 0.2737E-12      6
 1379   25     0    -160      0    160  0.75551300E+00  0.00000000E+00 0.3301E-12      6
 1380   25     0    -159      0    159  0.75997628E+00  0.00000000E+00 0.2861E-12      6
 1381   25     0    -158      0    158  0.76428608E+00  0.00000000E+00 0.6285E-12      5
 1382   25     0    -157      0    157  0.76890645E+00  0.00000000E+00 0.1289E-13      5
 1383   25     0    -156      0    156  0.77389947E+00  0.00000000E+00 0.3213E-12      6
 1384   25     0    -155      0    155  0.77905859E+00  0.00000000E+00 0.2718E-12      6
 1385   25     0    -154      0    154  0.78416166E+00  0.00000000E+00 0.2030E-13      6
 1386   25     0    -153      0    153  0.78897743E+00  0.00000000E+00 0.1700E-12      6
 1387   25     0    -152      0    152  0.79360410E+00  0.00000000E+00 0.6557E-12      5
 1388   25     0    -151      0    151  0.79856415E+00  0.00000000E+00 0.1053E-13      5
 1389   25     0    -150      0    150  0.80394447E+00  0.00000000E+00 0.4360E-12      5
 1390   25     0    -149      0    149  0.80951442E+00  0.00000000E+00 0.1837E-14      5
 1391   25     0    -148      0    148  0.81502820E+00  0.00000000E+00 0.1048E-12      6
 1392   25     0    -147      0    147  0.82022683E+00  0.00000000E+00 0.3426E-12      6
 1393   25     0    -146      0    146  0.82520296E+00  0.00000000E+00 0.4524E-13      5
 1394   25     0    -145      0    145  0.83053991E+00  0.00000000E+00 0.1064E-12      5
 1395   25     0    -144      0    144  0.83634700E+00  0.00000000E+00 0.2975E-12      5
 1396   25     0    -143      0    143  0.84237572E+00  0.00000000E+00 0.2082E-12      6
 1397   25     0    -142      0    142  0.84836379E+00  0.00000000E+00 0.1537E-12      6
 1398   25     0    -141      0    141  0.85401540E+00  0.00000000E+00 0.1833E-12      6
 1399   25     0    -140      0    140  0.85938038E+00  0.00000000E+00 0.3144E-12      5
 1400   25     0    -139      0    139  0.86512828E+00  0.00000000E+00 0.3070E-12      5
 1401   25     0    -138      0    138  0.87142633E+00  0.00000000E+00 0.2520E-12      5
 1402   25     0    -137      0    137  0.87799307E+00  0.00000000E+00 0.1249E-12      6
 1403   25     0    -136      0    136  0.88453318E+00  0.00000000E+00 0.8307E-14      6
 1404   25     0    -135      0    135  0.89070945E+00  0.00000000E+00 0.1511E-12      6
 1405   25     0    -134      0    134  0.89653420E+00  0.00000000E+00 0.7221E-13      5
 1406   25     0    -133      0    133  0.90275682E+00  0.00000000E+00 0.1668E-13      6
 1407   25     0    -132      0    132  0.90960050E+00  0.00000000E+00 0.1311E-12      5
 1408   25     0    -131      0    131  0.91675801E+00  0.00000000E+00 0.1761E-13      6
 1409   25     0    -130      0    130  0.92391591E+00  0.00000000E+00 0.4116E-13      6
 1410   25     0    -129      0    129  0.93071160E+00  0.00000000E+00 0.2540E-12      5
 1411   25     0    -128      0    128  0.93707295E+00  0.00000000E+00 0.4650E-12      5
 1412   25     0    -127      0    127  0.94379516E+00  0.00000000E+00 0.3445E-12      5
 1413   25     0    -126      0    126  0.95123354E+00  0.00000000E+00 0.1469E-12      5
 1414   25     0    -125      0    125  0.95906862E+00  0.00000000E+00 0.3255E-12      6
 1415   25     0    -124      0    124  0.96694906E+00  0.00000000E+00 0.6746E-13      6
 1416   25     0    -123      0    123  0.97445960E+00  0.00000000E+00 0.1188E-12      6
 1417   25     0    -122      0    122  0.98142798E+00  0.00000000E+00 0.6431E-13      5
 1418   25     0    -121      0    121  0.98872950E+00  0.00000000E+00 0.1084E-12      6
 1419   25     0    -120      0    120  0.99686291E+00  0.00000000E+00 0.1199E-12      5
 1420   25     0    -119      0    119  0.10054736E+01  0.00000000E+00 0.4726E-13      5
 1421   25     0    -118      0    118  0.10141724E+01  0.00000000E+00 0.8816E-13      6
 1422   25     0    -117      0    117  0.10225234E+01  0.00000000E+00 0.3016E-12      6
 1423   25     0    -116      0    116  0.10302432E+01  0.00000000E+00 0.1441E-12      5
 1424   25     0    -115      0    115  0.10381714E+01  0.00000000E+00 0.1509E-12      6
 1425   25     0    -114      0    114  0.10470282E+01  0.00000000E+00 0.1216E-12      5
 1426   25     0    -113      0    113  0.10564915E+01  0.00000000E+00 0.1098E-12      6
 1427   25     0    -112      0    112  0.10661345E+01  0.00000000E+00 0.5875E-13      6
 1428   25     0    -111      0    111  0.10754844E+01  0.00000000E+00 0.1629E-12      6
 1429   25     0    -110      0    110  0.10840745E+01  0.00000000E+00 0.2145E-12      6
 1430   25     0    -109      0    109  0.10926651E+01  0.00000000E+00 0.1023E-12      6
 1431   25     0    -108      0    108  0.11023311E+01  0.00000000E+00 0.1997E-13      6
 1432   25     0    -107      0    107  0.11127832E+01  0.00000000E+00 0.1224E-12      6
 1433   25     0    -106      0    106  0.11235084E+01  0.00000000E+00 0.1461E-13      6
 1434   25     0    -105      0    105  0.11339961E+01  0.00000000E+00 0.1173E-12      6
 1435   25     0    -104      0    104  0.11436526E+01  0.00000000E+00 0.1756E-12      5
 1436   25     0    -103      0    103  0.11530517E+01  0.00000000E+00 0.2526E-12      6
 1437   25     0    -102      0    102  0.11635876E+01  0.00000000E+00 0.1179E-13      6
 1438   25     0    -101      0    101  0.11751089E+01  0.00000000E+00 0.5189E-14      5
 1439   25     0    -100      0    100  0.11870398E+01  0.00000000E+00 0.3836E-13      6
 1440   25     0     -99      0     99  0.11988551E+01  0.00000000E+00 0.7230E-14      5
 1441   25     0     -98      0     98  0.12098232E+01  0.00000000E+00 0.5252E-13      6
 1442   25     0     -97      0     97  0.12200903E+01  0.00000000E+00 0.2764E-12      6
 1443   25     0     -96      0     96  0.12314690E+01  0.00000000E+00 0.9089E-13      6
 1444   25     0     -95      0     95  0.12441638E+01  0.00000000E+00 0.5709E-12      5
 1445   25     0     -94      0     94  0.12574686E+01  0.00000000E+00 0.2717E-12      6
 1446   25     0     -93      0     93  0.12707852E+01  0.00000000E+00 0.1551E-13      6
 1447   25     0     -92      0     92  0.12832788E+01  0.00000000E+00 0.2077E-12      6
 1448   25     0     -91      0     91  0.12946439E+01  0.00000000E+00 0.5363E-13      5
 1449   25     0     -90      0     90  0.13069498E+01  0.00000000E+00 0.1785E-13      6
 1450   25     0     -89      0     89  0.13209164E+01  0.00000000E+00 0.1269E-12      5
 1451   25     0     -88      0     88  0.13357212E+01  0.00000000E+00 0.2000E-12      6
 1452   25     0     -87      0     87  0.13507059E+01  0.00000000E+00 0.3150E-13      6
 1453   25     0     -86      0     86  0.13650290E+01  0.00000000E+00 0.1137E-13      6
 1454   25     0     -85      0     85  0.13778726E+01  0.00000000E+00 0.4625E-12      5
 1455   25     0     -84      0     84  0.13911904E+01  0.00000000E+00 0.1919E-12      5
 1456   25     0     -83      0     83  0.14066328E+01  0.00000000E+00 0.1943E-12      6
 1457   25     0     -82      0     82  0.14233387E+01  0.00000000E+00 0.1125E-12      5
 1458   25     0     -81      0     81  0.14404664E+01  0.00000000E+00 0.2263E-12      6
 1459   25     0     -80      0     80  0.14570231E+01  0.00000000E+00 0.6491E-13      6
 1460   25     0     -79      0     79  0.14716760E+01  0.00000000E+00 0.2833E-12      5
 1461   25     0     -78      0     78  0.14864569E+01  0.00000000E+00 0.1047E-13      6
 1462   25     0     -77      0     77  0.15039461E+01  0.00000000E+00 0.2450E-12      6
 1463   25     0     -76      0     76  0.15230659E+01  0.00000000E+00 0.1236E-13      5
 1464   25     0     -75      0     75  0.15427294E+01  0.00000000E+00 0.7204E-13      6
 1465   25     0     -74      0     74  0.15617783E+01  0.00000000E+00 0.8914E-13      6
 1466   25     0     -73      0     73  0.15785626E+01  0.00000000E+00 0.7818E-13      6
 1467   25     0     -72      0     72  0.15953897E+01  0.00000000E+00 0.8524E-13      6
 1468   25     0     -71      0     71  0.16154895E+01  0.00000000E+00 0.1401E-12      6
 1469   25     0     -70      0     70  0.16375951E+01  0.00000000E+00 0.5776E-13      5
 1470   25     0     -69      0     69  0.16604428E+01  0.00000000E+00 0.2133E-12      6
 1471   25     0     -68      0     68  0.16826985E+01  0.00000000E+00 0.5002E-13      6
  Time elapsed :      5.882 s

gyre [9.1.1]
------------

OpenMP Threads   : 16
Input filename   : gyre_nad_wide_hi.in

Model Init
----------

Reading from MESA file
   File name ../mesa/LOGS/profile381.data.GYRE
   File version 1.01
   Read 7165 points
   No need to add central point

Mode Search
-----------

Mode parameters
   l : 16
   m : 0

Building frequency grid (REAL axis)
   added scan interval :  0.5233E+00 ->  0.2105E+01 (3000 points, INVERSE)

Building spatial grid
   Scaffold grid from model
   Split 103 subinterval(s) in iteration 1
   Split 25 subinterval(s) in iteration 2
   Split 0 subinterval(s) in iteration 3
   Final grid has 1 segment(s) and 7293 point(s):
      Segment 1 : x range 0.0000 -> 1.0010 (1 -> 7293)

Starting search (adiabatic)

Scanning frequencies
  Time elapsed :    37.378 s

Finding roots
  Time elapsed :      6.956 s

Processing modes
   id    l     m    n_pg    n_p    n_g       Re(omega)       Im(omega)        chi n_iter
   18   16     0    -133      0    133  0.58948001E+00  0.00000000E+00 0.2080E-12      5
   19   16     0    -132      0    132  0.59409176E+00  0.00000000E+00 0.3568E-12      5
   20   16     0    -131      0    131  0.59885218E+00  0.00000000E+00 0.6671E-12      5
   21   16     0    -130      0    130  0.60354239E+00  0.00000000E+00 0.5964E-12      6
   22   16     0    -129      0    129  0.60792242E+00  0.00000000E+00 0.1013E-12      6
   23   16     0    -128      0    128  0.61214336E+00  0.00000000E+00 0.2643E-12      5
   24   16     0    -127      0    127  0.61676819E+00  0.00000000E+00 0.9799E-13      6
   25   16     0    -126      0    126  0.62181814E+00  0.00000000E+00 0.5231E-13      5
   26   16     0    -125      0    125  0.62704742E+00  0.00000000E+00 0.2165E-12      5
   27   16     0    -124      0    124  0.63220701E+00  0.00000000E+00 0.1548E-12      6
   28   16     0    -123      0    123  0.63701137E+00  0.00000000E+00 0.8353E-12      5
   29   16     0    -122      0    122  0.64162422E+00  0.00000000E+00 0.2025E-12      6
   30   16     0    -121      0    121  0.64670631E+00  0.00000000E+00 0.9448E-13      6
   31   16     0    -120      0    120  0.65227280E+00  0.00000000E+00 0.9357E-13      5
   32   16     0    -119      0    119  0.65804098E+00  0.00000000E+00 0.6145E-13      5
   33   16     0    -118      0    118  0.66374087E+00  0.00000000E+00 0.3741E-14      6
   34   16     0    -117      0    117  0.66906065E+00  0.00000000E+00 0.1762E-12      6
   35   16     0    -116      0    116  0.67414467E+00  0.00000000E+00 0.8791E-12      5
   36   16     0    -115      0    115  0.67972652E+00  0.00000000E+00 0.9733E-13      6
   37   16     0    -114      0    114  0.68586356E+00  0.00000000E+00 0.3796E-12      5
   38   16     0    -113      0    113  0.69225279E+00  0.00000000E+00 0.5662E-13      5
   39   16     0    -112      0    112  0.69860127E+00  0.00000000E+00 0.1151E-12      6
   40   16     0    -111      0    111  0.70453706E+00  0.00000000E+00 0.2717E-12      6
   41   16     0    -110      0    110  0.71012597E+00  0.00000000E+00 0.3628E-12      5
   42   16     0    -109      0    109  0.71625037E+00  0.00000000E+00 0.1582E-12      5
   43   16     0    -108      0    108  0.72304671E+00  0.00000000E+00 0.7846E-12      5
   44   16     0    -107      0    107  0.73015650E+00  0.00000000E+00 0.3429E-12      6
   45   16     0    -106      0    106  0.73724960E+00  0.00000000E+00 0.6127E-12      5
   46   16     0    -105      0    105  0.74390917E+00  0.00000000E+00 0.2943E-12      6
   47   16     0    -104      0    104  0.75011601E+00  0.00000000E+00 0.8019E-13      6
   48   16     0    -103      0    103  0.75685798E+00  0.00000000E+00 0.3027E-12      6
   49   16     0    -102      0    102  0.76439089E+00  0.00000000E+00 0.7702E-12      5
   50   16     0    -101      0    101  0.77232562E+00  0.00000000E+00 0.5930E-12      5
   51   16     0    -100      0    100  0.78031120E+00  0.00000000E+00 0.4406E-13      6
   52   16     0     -99      0     99  0.78788900E+00  0.00000000E+00 0.1600E-12      6
   53   16     0     -98      0     98  0.79481912E+00  0.00000000E+00 0.1297E-12      5
   54   16     0     -97      0     97  0.80217181E+00  0.00000000E+00 0.1586E-12      6
   55   16     0     -96      0     96  0.81050898E+00  0.00000000E+00 0.5323E-12      5
   56   16     0     -95      0     95  0.81939288E+00  0.00000000E+00 0.5282E-12      5
   57   16     0     -94      0     94  0.82841187E+00  0.00000000E+00 0.1726E-12      5
   58   16     0     -93      0     93  0.83706877E+00  0.00000000E+00 0.2280E-12      5
   59   16     0     -92      0     92  0.84489434E+00  0.00000000E+00 0.1840E-12      5
   60   16     0     -91      0     91  0.85292343E+00  0.00000000E+00 0.2814E-12      6
   61   16     0     -90      0     90  0.86213910E+00  0.00000000E+00 0.2587E-12      6
   62   16     0     -89      0     89  0.87209481E+00  0.00000000E+00 0.2208E-12      5
   63   16     0     -88      0     88  0.88231261E+00  0.00000000E+00 0.4625E-13      5
   64   16     0     -87      0     87  0.89229910E+00  0.00000000E+00 0.5397E-13      6
   65   16     0     -86      0     86  0.90136757E+00  0.00000000E+00 0.8738E-13      5
   66   16     0     -85      0     85  0.91018417E+00  0.00000000E+00 0.2116E-12      6
   67   16     0     -84      0     84  0.92035200E+00  0.00000000E+00 0.8855E-13      6
   68   16     0     -83      0     83  0.93159892E+00  0.00000000E+00 0.1104E-12      5
   69   16     0     -82      0     82  0.94331975E+00  0.00000000E+00 0.1142E-14      5
   70   16     0     -81      0     81  0.95497398E+00  0.00000000E+00 0.2757E-12      5
   71   16     0     -80      0     80  0.96565687E+00  0.00000000E+00 0.4346E-13      6
   72   16     0     -79      0     79  0.97554122E+00  0.00000000E+00 0.3521E-13      6
   73   16     0     -78      0     78  0.98693652E+00  0.00000000E+00 0.4841E-12      5
   74   16     0     -77      0     77  0.99985054E+00  0.00000000E+00 0.6137E-13      6
   75   16     0     -76      0     76  0.10134452E+01  0.00000000E+00 0.1129E-12      5
   76   16     0     -75      0     75  0.10270745E+01  0.00000000E+00 0.4711E-12      6
   77   16     0     -74      0     74  0.10396669E+01  0.00000000E+00 0.1709E-12      6
   78   16     0     -73      0     73  0.10510104E+01  0.00000000E+00 0.1293E-12      5
   79   16     0     -72      0     72  0.10640025E+01  0.00000000E+00 0.4649E-13      6
   80   16     0     -71      0     71  0.10789845E+01  0.00000000E+00 0.1771E-12      6
   81   16     0     -70      0     70  0.10948857E+01  0.00000000E+00 0.9479E-13      6
   82   16     0     -69      0     69  0.11108967E+01  0.00000000E+00 0.1608E-12      5
   83   16     0     -68      0     68  0.11255899E+01  0.00000000E+00 0.3227E-12      6
   84   16     0     -67      0     67  0.11385969E+01  0.00000000E+00 0.5328E-13      6
   85   16     0     -66      0     66  0.11538861E+01  0.00000000E+00 0.1147E-12      6
   86   16     0     -65      0     65  0.11716699E+01  0.00000000E+00 0.2541E-12      6
   87   16     0     -64      0     64  0.11905077E+01  0.00000000E+00 0.3673E-13      5
   88   16     0     -63      0     63  0.12093201E+01  0.00000000E+00 0.1995E-12      6
   89   16     0     -62      0     62  0.12261092E+01  0.00000000E+00 0.3970E-12      6
   90   16     0     -61      0     61  0.12413192E+01  0.00000000E+00 0.8289E-15      6
   91   16     0     -60      0     60  0.12599753E+01  0.00000000E+00 0.5372E-13      6
   92   16     0     -59      0     59  0.12813295E+01  0.00000000E+00 0.3112E-12      5
   93   16     0     -58      0     58  0.13037649E+01  0.00000000E+00 0.2040E-12      6
   94   16     0     -57      0     57  0.13260007E+01  0.00000000E+00 0.2047E-12      6
   95   16     0     -56      0     56  0.13454424E+01  0.00000000E+00 0.1119E-12      5
   96   16     0     -55      0     55  0.13636902E+01  0.00000000E+00 0.8968E-13      6
   97   16     0     -54      0     54  0.13866423E+01  0.00000000E+00 0.2855E-12      5
   98   16     0     -53      0     53  0.14126844E+01  0.00000000E+00 0.4068E-12      5
   99   16     0     -52      0     52  0.14400384E+01  0.00000000E+00 0.1888E-12      5
  100   16     0     -51      0     51  0.14672282E+01  0.00000000E+00 0.1277E-12      6
  101   16     0     -50      0     50  0.14909821E+01  0.00000000E+00 0.1296E-12      6
  102   16     0     -49      0     49  0.15130388E+01  0.00000000E+00 0.9680E-13      6
  103   16     0     -48      0     48  0.15409996E+01  0.00000000E+00 0.2922E-12      5
  104   16     0     -47      0     47  0.15728594E+01  0.00000000E+00 0.1841E-12      6
  105   16     0     -46      0     46  0.16065031E+01  0.00000000E+00 0.5564E-13      5
  106   16     0     -45      0     45  0.16405621E+01  0.00000000E+00 0.4732E-13      6
  107   16     0     -44      0     44  0.16716956E+01  0.00000000E+00 0.2122E-13      6
  Time elapsed :      2.505 s

Starting search (non-adiabatic)

Finding roots
  Time elapsed :     96.170 s

Processing modes
   id    l     m    n_pg    n_p    n_g       Re(omega)       Im(omega)        chi n_iter
   18   16     0    -133      0    133  0.58904208E+00 -0.96208688E-03 0.4229E-12      6
   19   16     0    -132      0    132  0.59366023E+00 -0.99866144E-03 0.3804E-12      7
   20   16     0    -131      0    131  0.59844631E+00 -0.98767826E-03 0.4141E-12      8
   21   16     0    -130      0    130  0.60318105E+00 -0.92909372E-03 0.6194E-12      6
   22   16     0    -129      0    129  0.60760794E+00 -0.83512129E-03 0.2911E-12      6
   23   16     0    -128      0    128  0.61182311E+00 -0.83805283E-03 0.7723E-12      6
   24   16     0    -127      0    127  0.61643236E+00 -0.92000812E-03 0.1514E-12      7
   25   16     0    -126      0    126  0.62148963E+00 -0.95818972E-03 0.4231E-12      8
   26   16     0    -125      0    125  0.62674177E+00 -0.94930333E-03 0.6523E-12      8
   27   16     0    -124      0    124  0.63193940E+00 -0.89194126E-03 0.7837E-12      6
   28   16     0    -123      0    123  0.63678270E+00 -0.79775065E-03 0.8502E-12      6
   29   16     0    -122      0    122  0.64139136E+00 -0.80502837E-03 0.1151E-11      8
   30   16     0    -121      0    121  0.64646563E+00 -0.88896310E-03 0.1060E-11      8
   31   16     0    -120      0    120  0.65204288E+00 -0.92714015E-03 0.6849E-13      7
   32   16     0    -119      0    119  0.65783240E+00 -0.92096497E-03 0.5255E-12      7
   33   16     0    -118      0    118  0.66356308E+00 -0.86995476E-03 0.4137E-12      8
   34   16     0    -117      0    117  0.66891237E+00 -0.78283355E-03 0.3235E-12      6
   35   16     0    -116      0    116  0.67399489E+00 -0.79108892E-03 0.7730E-12      6
   36   16     0    -115      0    115  0.67957490E+00 -0.88004186E-03 0.3082E-12      7
   37   16     0    -114      0    114  0.68572305E+00 -0.92791332E-03 0.1940E-12      6
   38   16     0    -113      0    113  0.69212964E+00 -0.93254848E-03 0.8766E-12      8
   39   16     0    -112      0    112  0.69850124E+00 -0.89111892E-03 0.3376E-12      7
   40   16     0    -111      0    111  0.70445871E+00 -0.80197296E-03 0.4551E-12      7
   41   16     0    -110      0    110  0.71004561E+00 -0.80355723E-03 0.1017E-11      6
   42   16     0    -109      0    109  0.71617196E+00 -0.90574996E-03 0.1585E-11      7
   43   16     0    -108      0    108  0.72298064E+00 -0.96446521E-03 0.1203E-11      7
   44   16     0    -107      0    107  0.73010587E+00 -0.97527393E-03 0.5644E-12      7
   45   16     0    -106      0    106  0.73721702E+00 -0.93843753E-03 0.5708E-12      6
   46   16     0    -105      0    105  0.74389151E+00 -0.84714967E-03 0.1091E-11      7
   47   16     0    -104      0    104  0.75009595E+00 -0.83869671E-03 0.5508E-12      6
   48   16     0    -103      0    103  0.75684500E+00 -0.95230418E-03 0.2201E-11      7
   49   16     0    -102      0    102  0.76439295E+00 -0.10281713E-02 0.1557E-11      7
   50   16     0    -101      0    101  0.77234193E+00 -0.10558789E-02 0.1308E-11      6
   51   16     0    -100      0    100  0.78034078E+00 -0.10370900E-02 0.2378E-12      7
   52   16     0     -99      0     99  0.78792710E+00 -0.94889097E-03 0.9666E-12      8
   53   16     0     -98      0     98  0.79484881E+00 -0.91175034E-03 0.1995E-11      7
   54   16     0     -97      0     97  0.80220578E+00 -0.10464070E-02 0.8208E-12      7
   55   16     0     -96      0     96  0.81055486E+00 -0.11524040E-02 0.1457E-11      8
   56   16     0     -95      0     95  0.81944457E+00 -0.11926363E-02 0.7755E-12      6
   57   16     0     -94      0     94  0.82846549E+00 -0.11746686E-02 0.1569E-11      6
   58   16     0     -93      0     93  0.83712088E+00 -0.10706003E-02 0.1631E-11      7
   59   16     0     -92      0     92  0.84492917E+00 -0.97295187E-03 0.5964E-12      7
   60   16     0     -91      0     91  0.85295057E+00 -0.10837704E-02 0.1495E-11      7
   61   16     0     -90      0     90  0.86217102E+00 -0.11798831E-02 0.1741E-11      7
   62   16     0     -89      0     89  0.87212650E+00 -0.11906201E-02 0.7139E-12      7
   63   16     0     -88      0     88  0.88234248E+00 -0.11415846E-02 0.5272E-12      6
   64   16     0     -87      0     87  0.89232801E+00 -0.10194427E-02 0.8112E-12      6
   65   16     0     -86      0     86  0.90138807E+00 -0.85989145E-03 0.2479E-11      8
   66   16     0     -86      1     87  0.91019687E+00 -0.88276106E-03 0.7221E-12      7
   67   16     0     -85      0     85  0.92037275E+00 -0.93666624E-03 0.1610E-11      9
   68   16     0     -84      0     84  0.93162717E+00 -0.90209098E-03 0.1559E-11      7
   69   16     0     -83      0     83  0.94335451E+00 -0.81759007E-03 0.1853E-11      7
   70   16     0     -82      0     82  0.95501354E+00 -0.69332724E-03 0.2356E-11      7
   71   16     0     -81      0     81  0.96569466E+00 -0.53902086E-03 0.4089E-12      5
   72   16     0     -80      0     80  0.97557949E+00 -0.50171437E-03 0.1355E-11      5
   73   16     0     -79      0     79  0.98698658E+00 -0.52146341E-03 0.3132E-11      6
   74   16     0     -78      0     78  0.99990778E+00 -0.48564982E-03 0.4065E-11      6
   75   16     0     -77      0     77  0.10135047E+01 -0.42555696E-03 0.1351E-11      5
   76   16     0     -76      0     76  0.10271315E+01 -0.35263346E-03 0.6372E-11      6
   77   16     0     -75      0     75  0.10397150E+01 -0.26639355E-03 0.6702E-11      7
   78   16     0     -74      0     74  0.10510559E+01 -0.23529393E-03 0.7251E-11      5
   79   16     0     -73      0     73  0.10640549E+01 -0.24541257E-03 0.8653E-11      7
   80   16     0     -72      0     72  0.10790378E+01 -0.22753529E-03 0.3202E-11      6
   81   16     0     -71      0     71  0.10949361E+01 -0.19745967E-03 0.5771E-11      5
   82   16     0     -70      0     70  0.11109411E+01 -0.16173773E-03 0.2831E-11      6
   83   16     0     -69      0     69  0.11256245E+01 -0.11863826E-03 0.1092E-10      7
   84   16     0     -68      0     68  0.11386288E+01 -0.10488901E-03 0.3480E-11      8
   85   16     0     -67      0     67  0.11539217E+01 -0.11123281E-03 0.2436E-11      6
   86   16     0     -66      0     66  0.11717045E+01 -0.10251049E-03 0.8875E-11      6
   87   16     0     -65      0     65  0.11905391E+01 -0.88545656E-04 0.9750E-11      7
   88   16     0     -64      0     64  0.12093466E+01 -0.71851611E-04 0.1250E-10      9
   89   16     0     -63      0     63  0.12261291E+01 -0.51917234E-04 0.2083E-10      5
   90   16     0     -62      0     62  0.12413388E+01 -0.50148206E-04 0.2020E-10      7
   91   16     0     -61      0     61  0.12599969E+01 -0.53427504E-04 0.3323E-10      6
   92   16     0     -60      0     60  0.12813500E+01 -0.49231995E-04 0.5579E-10      6
   93   16     0     -59      0     59  0.13037832E+01 -0.42674883E-04 0.2543E-10      7
   94   16     0     -58      0     58  0.13260158E+01 -0.34230578E-04 0.8888E-11      5
   95   16     0     -57      0     57  0.13454533E+01 -0.24365645E-04 0.5939E-10      7
   96   16     0     -56      0     56  0.13637015E+01 -0.24843629E-04 0.1546E-09      5
   97   16     0     -55      0     55  0.13866543E+01 -0.25737844E-04 0.1523E-09      5
   98   16     0     -54      0     54  0.14126954E+01 -0.23179532E-04 0.2636E-10      5
   99   16     0     -53      0     53  0.14400480E+01 -0.19830619E-04 0.1317E-09      4
  100   16     0     -52      0     52  0.14672359E+01 -0.15825449E-04 0.1352E-09      5
  101   16     0     -51      0     51  0.14909876E+01 -0.11142190E-04 0.2484E-09      4
  102   16     0     -50      0     50  0.15130445E+01 -0.11379785E-04 0.7847E-10      4
  103   16     0     -49      0     49  0.15410057E+01 -0.11915729E-04 0.6297E-10      4
  104   16     0     -48      0     48  0.15728650E+01 -0.10750855E-04 0.1076E-09      6
  105   16     0     -47      0     47  0.16065079E+01 -0.91756142E-05 0.1630E-09      5
  106   16     0     -45      0     45  0.16405661E+01 -0.73946686E-05 0.2116E-09      4
  107   16     0     -44      0     44  0.16716984E+01 -0.51905825E-05 0.6879E-10      6
  Time elapsed :      5.413 s

Mode Search
-----------

Mode parameters
   l : 17
   m : 0

Building frequency grid (REAL axis)
   added scan interval :  0.5233E+00 ->  0.2105E+01 (3000 points, INVERSE)

Building spatial grid
   Scaffold grid from model
   Split 117 subinterval(s) in iteration 1
   Split 26 subinterval(s) in iteration 2
   Split 0 subinterval(s) in iteration 3
   Final grid has 1 segment(s) and 7308 point(s):
      Segment 1 : x range 0.0000 -> 1.0010 (1 -> 7308)

Starting search (adiabatic)

Scanning frequencies
  Time elapsed :    35.167 s

Finding roots
  Time elapsed :      6.891 s

Processing modes
   id    l     m    n_pg    n_p    n_g       Re(omega)       Im(omega)        chi n_iter
  136   17     0    -141      0    141  0.59039077E+00  0.00000000E+00 0.5745E-13      6
  137   17     0    -140      0    140  0.59416043E+00  0.00000000E+00 0.3605E-13      6
  138   17     0    -139      0    139  0.59827272E+00  0.00000000E+00 0.6186E-12      5
  139   17     0    -138      0    138  0.60273868E+00  0.00000000E+00 0.7988E-13      5
  140   17     0    -137      0    137  0.60734786E+00  0.00000000E+00 0.2921E-12      5
  141   17     0    -136      0    136  0.61188432E+00  0.00000000E+00 0.6962E-12      6
  142   17     0    -135      0    135  0.61611964E+00  0.00000000E+00 0.4480E-12      5
  143   17     0    -134      0    134  0.62021565E+00  0.00000000E+00 0.6167E-12      6
  144   17     0    -133      0    133  0.62469863E+00  0.00000000E+00 0.3581E-12      6
  145   17     0    -132      0    132  0.62957446E+00  0.00000000E+00 0.9182E-12      5
  146   17     0    -131      0    131  0.63461046E+00  0.00000000E+00 0.5548E-12      5
  147   17     0    -130      0    130  0.63957627E+00  0.00000000E+00 0.1703E-12      6
  148   17     0    -129      0    129  0.64421803E+00  0.00000000E+00 0.3753E-12      5
  149   17     0    -128      0    128  0.64868334E+00  0.00000000E+00 0.5962E-13      6
  150   17     0    -127      0    127  0.65356752E+00  0.00000000E+00 0.1232E-12      6
  151   17     0    -126      0    126  0.65890421E+00  0.00000000E+00 0.2988E-12      5
  152   17     0    -125      0    125  0.66443517E+00  0.00000000E+00 0.4328E-12      6
  153   17     0    -124      0    124  0.66989892E+00  0.00000000E+00 0.2530E-13      6
  154   17     0    -123      0    123  0.67499337E+00  0.00000000E+00 0.1276E-12      6
  155   17     0    -122      0    122  0.67987199E+00  0.00000000E+00 0.3084E-12      5
  156   17     0    -121      0    121  0.68523434E+00  0.00000000E+00 0.1089E-12      5
  157   17     0    -120      0    120  0.69111421E+00  0.00000000E+00 0.8751E-13      5
  158   17     0    -119      0    119  0.69721435E+00  0.00000000E+00 0.4508E-12      5
  159   17     0    -118      0    118  0.70325151E+00  0.00000000E+00 0.4651E-12      5
  160   17     0    -117      0    117  0.70889605E+00  0.00000000E+00 0.1589E-12      6
  161   17     0    -116      0    116  0.71427207E+00  0.00000000E+00 0.1598E-12      5
  162   17     0    -115      0    115  0.72015454E+00  0.00000000E+00 0.1378E-12      6
  163   17     0    -114      0    114  0.72663142E+00  0.00000000E+00 0.4453E-12      5
  164   17     0    -113      0    113  0.73338510E+00  0.00000000E+00 0.1646E-13      5
  165   17     0    -112      0    112  0.74010872E+00  0.00000000E+00 0.1887E-12      5
  166   17     0    -111      0    111  0.74641158E+00  0.00000000E+00 0.5178E-13      5
  167   17     0    -110      0    110  0.75232257E+00  0.00000000E+00 0.7226E-12      5
  168   17     0    -109      0    109  0.75876646E+00  0.00000000E+00 0.3617E-13      6
  169   17     0    -108      0    108  0.76593183E+00  0.00000000E+00 0.3412E-12      5
  170   17     0    -107      0    107  0.77344373E+00  0.00000000E+00 0.6610E-12      5
  171   17     0    -106      0    106  0.78095511E+00  0.00000000E+00 0.2866E-12      6
  172   17     0    -105      0    105  0.78803015E+00  0.00000000E+00 0.2505E-12      6
  173   17     0    -104      0    104  0.79459836E+00  0.00000000E+00 0.1671E-12      6
  174   17     0    -103      0    103  0.80168244E+00  0.00000000E+00 0.3285E-12      6
  175   17     0    -102      0    102  0.80961468E+00  0.00000000E+00 0.1587E-12      5
  176   17     0    -101      0    101  0.81799094E+00  0.00000000E+00 0.4028E-12      5
  177   17     0    -100      0    100  0.82644062E+00  0.00000000E+00 0.2297E-12      6
  178   17     0     -99      0     99  0.83448987E+00  0.00000000E+00 0.2225E-13      6
  179   17     0     -98      0     98  0.84183567E+00  0.00000000E+00 0.4729E-12      5
  180   17     0     -97      0     97  0.84954952E+00  0.00000000E+00 0.1584E-13      6
  181   17     0     -96      0     96  0.85831157E+00  0.00000000E+00 0.2053E-12      6
  182   17     0     -95      0     95  0.86767863E+00  0.00000000E+00 0.9980E-13      5
  183   17     0     -94      0     94  0.87721213E+00  0.00000000E+00 0.1135E-12      5
  184   17     0     -93      0     93  0.88640111E+00  0.00000000E+00 0.1413E-12      6
  185   17     0     -92      0     92  0.89471142E+00  0.00000000E+00 0.1140E-12      5
  186   17     0     -91      0     91  0.90313016E+00  0.00000000E+00 0.1318E-13      6
  187   17     0     -90      0     90  0.91279612E+00  0.00000000E+00 0.8920E-13      5
  188   17     0     -89      0     89  0.92327879E+00  0.00000000E+00 0.7777E-13      5
  189   17     0     -88      0     88  0.93406323E+00  0.00000000E+00 0.1033E-12      5
  190   17     0     -87      0     87  0.94464192E+00  0.00000000E+00 0.8399E-13      6
  191   17     0     -86      0     86  0.95428096E+00  0.00000000E+00 0.3976E-12      6
  192   17     0     -85      0     85  0.96353701E+00  0.00000000E+00 0.2105E-12      6
  193   17     0     -84      0     84  0.97417248E+00  0.00000000E+00 0.2027E-12      6
  194   17     0     -83      0     83  0.98599186E+00  0.00000000E+00 0.1201E-12      5
  195   17     0     -82      0     82  0.99834262E+00  0.00000000E+00 0.1259E-13      5
  196   17     0     -81      0     81  0.10106621E+01  0.00000000E+00 0.5626E-12      6
  197   17     0     -80      0     80  0.10220093E+01  0.00000000E+00 0.4477E-12      6
  198   17     0     -79      0     79  0.10324071E+01  0.00000000E+00 0.2245E-12      6
  199   17     0     -78      0     78  0.10443062E+01  0.00000000E+00 0.3946E-13      6
  200   17     0     -77      0     77  0.10578586E+01  0.00000000E+00 0.1122E-12      5
  201   17     0     -76      0     76  0.10721623E+01  0.00000000E+00 0.1090E-12      5
  202   17     0     -75      0     75  0.10865344E+01  0.00000000E+00 0.1185E-12      6
  203   17     0     -74      0     74  0.10998632E+01  0.00000000E+00 0.3550E-13      6
  204   17     0     -73      0     73  0.11117958E+01  0.00000000E+00 0.4609E-13      6
  205   17     0     -72      0     72  0.11253651E+01  0.00000000E+00 0.1918E-12      6
  206   17     0     -71      0     71  0.11410749E+01  0.00000000E+00 0.1318E-12      6
  207   17     0     -70      0     70  0.11577808E+01  0.00000000E+00 0.1439E-12      5
  208   17     0     -69      0     69  0.11746249E+01  0.00000000E+00 0.6632E-13      5
  209   17     0     -68      0     68  0.11901223E+01  0.00000000E+00 0.4334E-12      6
  210   17     0     -67      0     67  0.12037813E+01  0.00000000E+00 0.2370E-13      6
  211   17     0     -66      0     66  0.12197688E+01  0.00000000E+00 0.1842E-12      5
  212   17     0     -65      0     65  0.12384152E+01  0.00000000E+00 0.1140E-12      6
  213   17     0     -64      0     64  0.12581866E+01  0.00000000E+00 0.5111E-12      5
  214   17     0     -63      0     63  0.12779531E+01  0.00000000E+00 0.1397E-12      6
  215   17     0     -62      0     62  0.12956506E+01  0.00000000E+00 0.3060E-13      6
  216   17     0     -61      0     61  0.13115911E+01  0.00000000E+00 0.5649E-13      6
  217   17     0     -60      0     60  0.13310620E+01  0.00000000E+00 0.1313E-12      6
  218   17     0     -59      0     59  0.13534060E+01  0.00000000E+00 0.1242E-12      5
  219   17     0     -58      0     58  0.13769205E+01  0.00000000E+00 0.2675E-12      6
  220   17     0     -57      0     57  0.14003289E+01  0.00000000E+00 0.4636E-13      6
  221   17     0     -56      0     56  0.14210208E+01  0.00000000E+00 0.3617E-13      6
  222   17     0     -55      0     55  0.14400270E+01  0.00000000E+00 0.3768E-14      6
  223   17     0     -54      0     54  0.14637611E+01  0.00000000E+00 0.1617E-12      6
  224   17     0     -53      0     53  0.14909044E+01  0.00000000E+00 0.1739E-12      6
  225   17     0     -52      0     52  0.15195253E+01  0.00000000E+00 0.4160E-12      5
  226   17     0     -51      0     51  0.15482143E+01  0.00000000E+00 0.2019E-12      6
  227   17     0     -50      0     50  0.15738346E+01  0.00000000E+00 0.3094E-13      6
  228   17     0     -49      0     49  0.15966204E+01  0.00000000E+00 0.1396E-14      6
  229   17     0     -48      0     48  0.16250305E+01  0.00000000E+00 0.1112E-12      5
  230   17     0     -47      0     47  0.16579705E+01  0.00000000E+00 0.3321E-13      6
  Time elapsed :      1.813 s

Starting search (non-adiabatic)

Finding roots
  Time elapsed :    104.482 s

Processing modes
   id    l     m    n_pg    n_p    n_g       Re(omega)       Im(omega)        chi n_iter
  136   17     0    -141      0    141  0.58990703E+00 -0.99576196E-03 0.3519E-12      7
  137   17     0    -140      0    140  0.59366236E+00 -0.98761080E-03 0.5820E-12      7
  138   17     0    -139      0    139  0.59774479E+00 -0.10724199E-02 0.4466E-12      7
  139   17     0    -138      0    138  0.60221473E+00 -0.11094485E-02 0.9244E-12      8
  140   17     0    -137      0    137  0.60685250E+00 -0.10926976E-02 0.8205E-12      9
  141   17     0    -136      0    136  0.61144157E+00 -0.10234513E-02 0.5632E-12      9
  142   17     0    -135      0    135  0.61573183E+00 -0.91759582E-03 0.8386E-13      9
  143   17     0    -134      0    134  0.61981913E+00 -0.91827635E-03 0.1755E-12      6
  144   17     0    -133      0    133  0.62428266E+00 -0.10025349E-02 0.1088E-11      7
  145   17     0    -132      0    132  0.62916618E+00 -0.10397153E-02 0.9201E-12      7
  146   17     0    -131      0    131  0.63422800E+00 -0.10274443E-02 0.9085E-12      6
  147   17     0    -130      0    130  0.63923723E+00 -0.96602512E-03 0.8167E-12      7
  148   17     0    -129      0    129  0.64392411E+00 -0.86788339E-03 0.2816E-12      8
  149   17     0    -128      0    128  0.64838478E+00 -0.86878326E-03 0.5051E-12      7
  150   17     0    -127      0    127  0.65325593E+00 -0.95240375E-03 0.7448E-12      7
  151   17     0    -126      0    126  0.65860135E+00 -0.99126548E-03 0.1793E-11      6
  152   17     0    -125      0    125  0.66415534E+00 -0.98146143E-03 0.1084E-11      7
  153   17     0    -124      0    124  0.66965580E+00 -0.92206635E-03 0.7501E-12      6
  154   17     0    -123      0    123  0.67478731E+00 -0.82419888E-03 0.1309E-11      8
  155   17     0    -122      0    122  0.67966326E+00 -0.82832083E-03 0.1027E-11      7
  156   17     0    -121      0    121  0.68502055E+00 -0.91357347E-03 0.2533E-12      6
  157   17     0    -120      0    120  0.69091264E+00 -0.95267616E-03 0.4179E-12      6
  158   17     0    -119      0    119  0.69703424E+00 -0.94616175E-03 0.4714E-12      6
  159   17     0    -118      0    118  0.70310075E+00 -0.89422906E-03 0.6818E-12      7
  160   17     0    -117      0    117  0.70877280E+00 -0.80429102E-03 0.6867E-12      6
  161   17     0    -116      0    116  0.71414878E+00 -0.80808052E-03 0.4066E-12      7
  162   17     0    -115      0    115  0.72003239E+00 -0.89791296E-03 0.4372E-12      6
  163   17     0    -114      0    114  0.72652215E+00 -0.94716264E-03 0.7118E-12      7
  164   17     0    -113      0    113  0.73329359E+00 -0.95208505E-03 0.1642E-11      8
  165   17     0    -112      0    112  0.74003902E+00 -0.91081224E-03 0.2008E-11      7
  166   17     0    -111      0    111  0.74636124E+00 -0.81981958E-03 0.1308E-11      7
  167   17     0    -110      0    110  0.75227139E+00 -0.81477934E-03 0.2137E-11      7
  168   17     0    -109      0    109  0.75872076E+00 -0.91713483E-03 0.1251E-11      7
  169   17     0    -108      0    108  0.76590087E+00 -0.97774423E-03 0.1083E-11      7
  170   17     0    -107      0    107  0.77342900E+00 -0.98935334E-03 0.5166E-12      7
  171   17     0    -106      0    106  0.78095741E+00 -0.95361995E-03 0.7352E-12      7
  172   17     0    -105      0    105  0.78804483E+00 -0.86184576E-03 0.3433E-12      8
  173   17     0    -104      0    104  0.79461122E+00 -0.84524237E-03 0.8057E-12      7
  174   17     0    -103      0    103  0.80170650E+00 -0.95817122E-03 0.1040E-11      8
  175   17     0    -102      0    102  0.80965723E+00 -0.10369788E-02 0.2075E-11      6
  176   17     0    -101      0    101  0.81804942E+00 -0.10665921E-02 0.6093E-12      8
  177   17     0    -100      0    100  0.82651218E+00 -0.10503010E-02 0.1247E-11      7
  178   17     0     -99      0     99  0.83456736E+00 -0.96430399E-03 0.2000E-11      7
  179   17     0     -98      0     98  0.84190412E+00 -0.91782620E-03 0.1143E-11      7
  180   17     0     -97      0     97  0.84962720E+00 -0.10493989E-02 0.1726E-11      9
  181   17     0     -96      0     96  0.85840648E+00 -0.11600033E-02 0.8237E-12      7
  182   17     0     -95      0     95  0.86778213E+00 -0.12033838E-02 0.1525E-11      7
  183   17     0     -94      0     94  0.87731777E+00 -0.11888536E-02 0.1443E-11      8
  184   17     0     -93      0     93  0.88650185E+00 -0.10890468E-02 0.6404E-12      8
  185   17     0     -92      0     92  0.89479191E+00 -0.98252078E-03 0.1596E-11      8
  186   17     0     -91      0     91  0.90320714E+00 -0.10870688E-02 0.3205E-13      7
  187   17     0     -90      0     90  0.91288320E+00 -0.11901236E-02 0.6186E-12      9
  188   17     0     -89      0     89  0.92336707E+00 -0.12056563E-02 0.1304E-11      9
  189   17     0     -88      0     88  0.93414786E+00 -0.11601027E-02 0.4860E-12      7
  190   17     0     -87      0     87  0.94472011E+00 -0.10415766E-02 0.5159E-12      7
  191   17     0     -86      0     86  0.95434384E+00 -0.87602733E-03 0.1290E-11      8
  192   17     0     -86      1     87  0.96359193E+00 -0.88738602E-03 0.5026E-12      8
  193   17     0     -87      0     87  0.97423792E+00 -0.94528529E-03 0.1821E-11      7
  194   17     0     -84      0     84  0.98606343E+00 -0.91243872E-03 0.8579E-12      7
  195   17     0     -83      0     83  0.99841676E+00 -0.82741599E-03 0.1439E-11      8
  196   17     0     -82      0     82  0.10107352E+01 -0.70311221E-03 0.1980E-11      6
  197   17     0     -81      0     81  0.10220736E+01 -0.54598567E-03 0.3291E-11      6
  198   17     0     -80      0     80  0.10324689E+01 -0.49911491E-03 0.3330E-11      8
  199   17     0     -79      0     79  0.10443806E+01 -0.52011395E-03 0.1701E-11      6
  200   17     0     -78      0     78  0.10579385E+01 -0.48543698E-03 0.2580E-11      6
  201   17     0     -77      0     77  0.10722415E+01 -0.42517710E-03 0.2772E-11      5
  202   17     0     -76      0     76  0.10866076E+01 -0.35238896E-03 0.2854E-11      5
  203   17     0     -75      0     75  0.10999236E+01 -0.26599943E-03 0.1066E-10      6
  204   17     0     -74      0     74  0.11118513E+01 -0.23130888E-03 0.4254E-11      7
  205   17     0     -73      0     73  0.11254276E+01 -0.24149283E-03 0.6277E-11      7
  206   17     0     -72      0     72  0.11411377E+01 -0.22418223E-03 0.1434E-10      6
  207   17     0     -71      0     71  0.11578392E+01 -0.19433122E-03 0.1531E-10      5
  208   17     0     -70      0     70  0.11746758E+01 -0.15905673E-03 0.3218E-11      7
  209   17     0     -69      0     69  0.11901615E+01 -0.11655807E-03 0.4878E-11      6
  210   17     0     -68      0     68  0.12038168E+01 -0.10191782E-03 0.8907E-11      5
  211   17     0     -67      0     67  0.12198083E+01 -0.10823632E-03 0.2352E-10      5
  212   17     0     -66      0     66  0.12384533E+01 -0.99874397E-04 0.1336E-10      5
  213   17     0     -65      0     65  0.12582210E+01 -0.86331805E-04 0.2148E-10      7
  214   17     0     -64      0     64  0.12779821E+01 -0.70227072E-04 0.6397E-11      7
  215   17     0     -63      0     63  0.12956722E+01 -0.50845240E-04 0.2930E-10      7
  216   17     0     -62      0     62  0.13116122E+01 -0.48588831E-04 0.3078E-10      6
  217   17     0     -61      0     61  0.13310851E+01 -0.51901609E-04 0.2579E-10      6
  218   17     0     -60      0     60  0.13534279E+01 -0.47869342E-04 0.7989E-11      5
  219   17     0     -59      0     59  0.13769400E+01 -0.41505657E-04 0.4708E-10      7
  220   17     0     -58      0     58  0.14003450E+01 -0.33487629E-04 0.3106E-10      7
  221   17     0     -57      0     57  0.14210324E+01 -0.23847291E-04 0.5672E-10      5
  222   17     0     -56      0     56  0.14400386E+01 -0.23560038E-04 0.1340E-09      5
  223   17     0     -55      0     55  0.14637736E+01 -0.24698741E-04 0.1286E-09      6
  224   17     0     -54      0     54  0.14909158E+01 -0.22392810E-04 0.4258E-10      6
  225   17     0     -53      0     53  0.15195353E+01 -0.19284240E-04 0.6589E-10      4
  226   17     0     -52      0     52  0.15482225E+01 -0.15662844E-04 0.1005E-09      4
  227   17     0     -51      0     51  0.15738406E+01 -0.11128881E-04 0.1905E-09      7
  228   17     0     -50      0     50  0.15966261E+01 -0.10657217E-04 0.1479E-09      5
  229   17     0     -49      0     49  0.16250368E+01 -0.11471527E-04 0.5963E-10      5
  230   17     0     -48      0     48  0.16579762E+01 -0.10478215E-04 0.7776E-10      4
  Time elapsed :      5.995 s

Mode Search
-----------

Mode parameters
   l : 18
   m : 0

Building frequency grid (REAL axis)
   added scan interval :  0.5233E+00 ->  0.2105E+01 (3000 points, INVERSE)

Building spatial grid
   Scaffold grid from model
   Split 124 subinterval(s) in iteration 1
   Split 28 subinterval(s) in iteration 2
   Split 0 subinterval(s) in iteration 3
   Final grid has 1 segment(s) and 7317 point(s):
      Segment 1 : x range 0.0000 -> 1.0010 (1 -> 7317)

Starting search (adiabatic)

Scanning frequencies
  Time elapsed :    35.061 s

Finding roots
  Time elapsed :      7.246 s

Processing modes
   id    l     m    n_pg    n_p    n_g       Re(omega)       Im(omega)        chi n_iter
  261   18     0    -149      0    149  0.59084586E+00  0.00000000E+00 0.2747E-12      5
  262   18     0    -148      0    148  0.59488377E+00  0.00000000E+00 0.3747E-13      5
  263   18     0    -147      0    147  0.59867151E+00  0.00000000E+00 0.6958E-12      5
  264   18     0    -146      0    146  0.60236185E+00  0.00000000E+00 0.8712E-13      6
  265   18     0    -145      0    145  0.60636809E+00  0.00000000E+00 0.1832E-13      6
  266   18     0    -144      0    144  0.61069455E+00  0.00000000E+00 0.3431E-12      5
  267   18     0    -143      0    143  0.61515088E+00  0.00000000E+00 0.4948E-12      5
  268   18     0    -142      0    142  0.61953813E+00  0.00000000E+00 0.2180E-12      6
  269   18     0    -141      0    141  0.62364731E+00  0.00000000E+00 0.2550E-12      5
  270   18     0    -140      0    140  0.62762444E+00  0.00000000E+00 0.4482E-12      5
  271   18     0    -139      0    139  0.63195734E+00  0.00000000E+00 0.1239E-12      5
  272   18     0    -138      0    138  0.63666366E+00  0.00000000E+00 0.1029E-11      5
  273   18     0    -137      0    137  0.64152320E+00  0.00000000E+00 0.1092E-11      5
  274   18     0    -136      0    136  0.64630938E+00  0.00000000E+00 0.5607E-12      6
  275   18     0    -135      0    135  0.65078193E+00  0.00000000E+00 0.3663E-12      6
  276   18     0    -134      0    134  0.65510240E+00  0.00000000E+00 0.1051E-12      6
  277   18     0    -133      0    133  0.65982396E+00  0.00000000E+00 0.2304E-13      6
  278   18     0    -132      0    132  0.66496094E+00  0.00000000E+00 0.6487E-13      5
  279   18     0    -131      0    131  0.67026988E+00  0.00000000E+00 0.1120E-12      5
  280   18     0    -130      0    130  0.67550957E+00  0.00000000E+00 0.1156E-12      5
  281   18     0    -129      0    129  0.68041307E+00  0.00000000E+00 0.6386E-12      6
  282   18     0    -128      0    128  0.68512212E+00  0.00000000E+00 0.5050E-12      6
  283   18     0    -127      0    127  0.69026207E+00  0.00000000E+00 0.3145E-12      6
  284   18     0    -126      0    126  0.69588167E+00  0.00000000E+00 0.1103E-11      5
  285   18     0    -125      0    125  0.70171142E+00  0.00000000E+00 0.6922E-13      6
  286   18     0    -124      0    124  0.70747817E+00  0.00000000E+00 0.9476E-13      6
  287   18     0    -123      0    123  0.71286404E+00  0.00000000E+00 0.2775E-12      5
  288   18     0    -122      0    122  0.71800721E+00  0.00000000E+00 0.2572E-12      5
  289   18     0    -121      0    121  0.72364389E+00  0.00000000E+00 0.1848E-12      6
  290   18     0    -120      0    120  0.72983186E+00  0.00000000E+00 0.1401E-12      5
  291   18     0    -119      0    119  0.73626038E+00  0.00000000E+00 0.7620E-12      5
  292   18     0    -118      0    118  0.74263339E+00  0.00000000E+00 0.4391E-12      6
  293   18     0    -117      0    117  0.74860412E+00  0.00000000E+00 0.4886E-13      5
  294   18     0    -116      0    116  0.75427052E+00  0.00000000E+00 0.4552E-13      5
  295   18     0    -115      0    115  0.76044588E+00  0.00000000E+00 0.5298E-12      6
  296   18     0    -114      0    114  0.76725567E+00  0.00000000E+00 0.1347E-12      5
  297   18     0    -113      0    113  0.77436898E+00  0.00000000E+00 0.3436E-12      5
  298   18     0    -112      0    112  0.78146524E+00  0.00000000E+00 0.2954E-12      6
  299   18     0    -111      0    111  0.78813637E+00  0.00000000E+00 0.3076E-13      5
  300   18     0    -110      0    110  0.79436875E+00  0.00000000E+00 0.3019E-12      6
  301   18     0    -109      0    109  0.80112295E+00  0.00000000E+00 0.2029E-12      5
  302   18     0    -108      0    108  0.80864871E+00  0.00000000E+00 0.4611E-12      5
  303   18     0    -107      0    107  0.81655680E+00  0.00000000E+00 0.3962E-12      5
  304   18     0    -106      0    106  0.82448321E+00  0.00000000E+00 0.3602E-13      6
  305   18     0    -105      0    105  0.83197503E+00  0.00000000E+00 0.3238E-12      6
  306   18     0    -104      0    104  0.83890564E+00  0.00000000E+00 0.2213E-12      6
  307   18     0    -103      0    103  0.84632111E+00  0.00000000E+00 0.1642E-12      6
  308   18     0    -102      0    102  0.85464139E+00  0.00000000E+00 0.1748E-12      6
  309   18     0    -101      0    101  0.86345130E+00  0.00000000E+00 0.4331E-13      5
  310   18     0    -100      0    100  0.87236022E+00  0.00000000E+00 0.1013E-12      5
  311   18     0     -99      0     99  0.88088169E+00  0.00000000E+00 0.3677E-12      5
  312   18     0     -98      0     98  0.88864752E+00  0.00000000E+00 0.3543E-12      5
  313   18     0     -97      0     97  0.89671012E+00  0.00000000E+00 0.2181E-12      5
  314   18     0     -96      0     96  0.90588070E+00  0.00000000E+00 0.1011E-12      6
  315   18     0     -95      0     95  0.91571981E+00  0.00000000E+00 0.1339E-12      5
  316   18     0     -94      0     94  0.92576069E+00  0.00000000E+00 0.1297E-12      5
  317   18     0     -93      0     93  0.93548082E+00  0.00000000E+00 0.4282E-13      6
  318   18     0     -92      0     92  0.94428295E+00  0.00000000E+00 0.6644E-12      5
  319   18     0     -91      0     91  0.95307929E+00  0.00000000E+00 0.1415E-12      6
  320   18     0     -90      0     90  0.96317329E+00  0.00000000E+00 0.3725E-15      6
  321   18     0     -89      0     89  0.97416733E+00  0.00000000E+00 0.1378E-12      5
  322   18     0     -88      0     88  0.98550718E+00  0.00000000E+00 0.4134E-14      6
  323   18     0     -87      0     87  0.99667193E+00  0.00000000E+00 0.2974E-13      6
  324   18     0     -86      0     86  0.10068864E+01  0.00000000E+00 0.1370E-12      5
  325   18     0     -85      0     85  0.10165747E+01  0.00000000E+00 0.1204E-12      6
  326   18     0     -84      0     84  0.10276500E+01  0.00000000E+00 0.1640E-12      6
  327   18     0     -83      0     83  0.10400206E+01  0.00000000E+00 0.2073E-12      5
  328   18     0     -82      0     82  0.10529854E+01  0.00000000E+00 0.4582E-12      5
  329   18     0     -81      0     81  0.10659584E+01  0.00000000E+00 0.1806E-12      6
  330   18     0     -80      0     80  0.10779687E+01  0.00000000E+00 0.4137E-13      6
  331   18     0     -79      0     79  0.10888756E+01  0.00000000E+00 0.2121E-12      5
  332   18     0     -78      0     78  0.11012480E+01  0.00000000E+00 0.4539E-12      6
  333   18     0     -77      0     77  0.11154125E+01  0.00000000E+00 0.2175E-12      6
  334   18     0     -76      0     76  0.11304045E+01  0.00000000E+00 0.4729E-12      5
  335   18     0     -75      0     75  0.11455021E+01  0.00000000E+00 0.2002E-12      6
  336   18     0     -74      0     74  0.11595590E+01  0.00000000E+00 0.1667E-12      5
  337   18     0     -73      0     73  0.11720721E+01  0.00000000E+00 0.7163E-14      6
  338   18     0     -72      0     72  0.11861865E+01  0.00000000E+00 0.8890E-13      6
  339   18     0     -71      0     71  0.12025941E+01  0.00000000E+00 0.4083E-12      6
  340   18     0     -70      0     70  0.12200791E+01  0.00000000E+00 0.3712E-12      5
  341   18     0     -69      0     69  0.12377370E+01  0.00000000E+00 0.2275E-13      6
  342   18     0     -68      0     68  0.12540362E+01  0.00000000E+00 0.3768E-13      6
  343   18     0     -67      0     67  0.12683367E+01  0.00000000E+00 0.2012E-12      6
  344   18     0     -66      0     66  0.12849759E+01  0.00000000E+00 0.5170E-13      6
  345   18     0     -65      0     65  0.13044453E+01  0.00000000E+00 0.2888E-12      5
  346   18     0     -64      0     64  0.13251189E+01  0.00000000E+00 0.6981E-13      5
  347   18     0     -63      0     63  0.13458266E+01  0.00000000E+00 0.1848E-12      6
  348   18     0     -62      0     62  0.13644671E+01  0.00000000E+00 0.1096E-12      6
  349   18     0     -61      0     61  0.13811119E+01  0.00000000E+00 0.4175E-13      5
  350   18     0     -60      0     60  0.14012989E+01  0.00000000E+00 0.7400E-13      6
  351   18     0     -59      0     59  0.14245674E+01  0.00000000E+00 0.1076E-12      5
  352   18     0     -58      0     58  0.14491186E+01  0.00000000E+00 0.4168E-13      5
  353   18     0     -57      0     57  0.14736930E+01  0.00000000E+00 0.3049E-13      5
  354   18     0     -56      0     56  0.14957259E+01  0.00000000E+00 0.2031E-13      6
  355   18     0     -55      0     55  0.15154679E+01  0.00000000E+00 0.2268E-13      6
  356   18     0     -54      0     54  0.15397960E+01  0.00000000E+00 0.1062E-12      6
  357   18     0     -53      0     53  0.15679257E+01  0.00000000E+00 0.8101E-13      6
  358   18     0     -52      0     52  0.15977314E+01  0.00000000E+00 0.9176E-13      5
  359   18     0     -51      0     51  0.16278553E+01  0.00000000E+00 0.2246E-13      6
  360   18     0     -50      0     50  0.16554384E+01  0.00000000E+00 0.2373E-13      6
  361   18     0     -49      0     49  0.16791301E+01  0.00000000E+00 0.1301E-12      6
  Time elapsed :      2.548 s

Starting search (non-adiabatic)

Finding roots
  Time elapsed :    108.211 s

Processing modes
   id    l     m    n_pg    n_p    n_g       Re(omega)       Im(omega)        chi n_iter
  261   18     0    -149      1    150  0.59022732E+00 -0.13298646E-02 0.3962E-12      9
  262   18     0    -148      1    149  0.59431163E+00 -0.12517900E-02 0.4302E-12      7
  263   18     0    -147      1    148  0.59814854E+00 -0.11324897E-02 0.3697E-12      7
  264   18     0    -146      1    147  0.60181117E+00 -0.11265598E-02 0.2069E-12      7
  265   18     0    -145      0    145  0.60577847E+00 -0.12160482E-02 0.2991E-12      9
  266   18     0    -144      0    144  0.61010112E+00 -0.12550274E-02 0.5058E-12      7
  267   18     0    -143      0    143  0.61458047E+00 -0.12353681E-02 0.2586E-12      8
  268   18     0    -142      0    142  0.61901926E+00 -0.11583883E-02 0.9406E-12      7
  269   18     0    -141      0    141  0.62318511E+00 -0.10400008E-02 0.1256E-11      8
  270   18     0    -140      0    140  0.62714794E+00 -0.10311264E-02 0.5862E-12      8
  271   18     0    -139      0    139  0.63145326E+00 -0.11180478E-02 0.3787E-12      7
  272   18     0    -138      0    138  0.63616470E+00 -0.11555632E-02 0.1419E-11      7
  273   18     0    -137      0    137  0.64105268E+00 -0.11372809E-02 0.1461E-12      6
  274   18     0    -136      0    136  0.64589000E+00 -0.10647168E-02 0.1925E-12      8
  275   18     0    -135      0    135  0.65041521E+00 -0.95459340E-03 0.2681E-12      8
  276   18     0    -134      0    134  0.65472776E+00 -0.95398749E-03 0.5378E-12      6
  277   18     0    -133      0    133  0.65943234E+00 -0.10399670E-02 0.4399E-12      6
  278   18     0    -132      0    132  0.66457825E+00 -0.10776495E-02 0.6175E-12      9
  279   18     0    -131      0    131  0.66991303E+00 -0.10642024E-02 0.3025E-12      6
  280   18     0    -130      0    130  0.67519474E+00 -0.10003252E-02 0.9321E-12      7
  281   18     0    -129      0    129  0.68014134E+00 -0.89851853E-03 0.1732E-11      7
  282   18     0    -128      0    128  0.68484694E+00 -0.89692071E-03 0.9363E-12      8
  283   18     0    -127      0    127  0.68997647E+00 -0.98168567E-03 0.8852E-12      7
  284   18     0    -126      0    126  0.69560617E+00 -0.10211997E-02 0.8637E-12      7
  285   18     0    -125      0    125  0.70145900E+00 -0.10106589E-02 0.1513E-11      8
  286   18     0    -124      0    124  0.70726092E+00 -0.94970164E-03 0.6811E-12      7
  287   18     0    -123      0    123  0.71268180E+00 -0.84858449E-03 0.4836E-12      7
  288   18     0    -122      0    122  0.71782379E+00 -0.84870840E-03 0.1272E-11      7
  289   18     0    -121      0    121  0.72345816E+00 -0.93484409E-03 0.7432E-12      6
  290   18     0    -120      0    120  0.72965973E+00 -0.97500808E-03 0.6076E-12      8
  291   18     0    -119      0    119  0.73610975E+00 -0.96840221E-03 0.7481E-12      6
  292   18     0    -118      0    118  0.74251057E+00 -0.91601147E-03 0.5054E-12      7
  293   18     0    -117      0    117  0.74850670E+00 -0.82367800E-03 0.1055E-11      6
  294   18     0    -116      0    116  0.75417432E+00 -0.82217438E-03 0.6984E-12      6
  295   18     0    -115      0    115  0.76035370E+00 -0.91242291E-03 0.4446E-12      7
  296   18     0    -114      0    114  0.76717812E+00 -0.96317227E-03 0.1344E-11      7
  297   18     0    -113      0    113  0.77430955E+00 -0.96856899E-03 0.4046E-12      7
  298   18     0    -112      0    112  0.78142634E+00 -0.92782128E-03 0.1826E-11      7
  299   18     0    -111      0    111  0.78811443E+00 -0.83553469E-03 0.1635E-11      7
  300   18     0    -110      0    110  0.79434673E+00 -0.82317283E-03 0.2275E-12      6
  301   18     0    -109      0    109  0.80110977E+00 -0.92499967E-03 0.1015E-11      7
  302   18     0    -108      0    108  0.80865269E+00 -0.98757740E-03 0.6766E-12      9
  303   18     0    -107      0    107  0.81657782E+00 -0.10001458E-02 0.1301E-11      7
  304   18     0    -106      0    106  0.82452032E+00 -0.96585080E-03 0.1906E-11      6
  305   18     0    -105      0    105  0.83202203E+00 -0.87431785E-03 0.8032E-12      7
  306   18     0    -104      0    104  0.83895085E+00 -0.84909570E-03 0.5632E-12      7
  307   18     0    -103      0    103  0.84638133E+00 -0.96038484E-03 0.1159E-11      7
  308   18     0    -102      0    102  0.85472359E+00 -0.10422051E-02 0.1429E-11      7
  309   18     0    -101      0    101  0.86355120E+00 -0.10738929E-02 0.1176E-11      8
  310   18     0    -100      0    100  0.87247320E+00 -0.10604031E-02 0.1852E-11      7
  311   18     0     -99      0     99  0.88099829E+00 -0.97747393E-03 0.4058E-12      6
  312   18     0     -98      0     98  0.88875380E+00 -0.92150140E-03 0.7164E-12      8
  313   18     0     -97      0     97  0.89682985E+00 -0.10482108E-02 0.1023E-11      6
  314   18     0     -96      0     96  0.90602310E+00 -0.11633674E-02 0.2220E-11      8
  315   18     0     -95      0     95  0.91587376E+00 -0.12100167E-02 0.9779E-12      7
  316   18     0     -94      0     94  0.92591730E+00 -0.11991498E-02 0.1167E-11      7
  317   18     0     -93      0     93  0.93562970E+00 -0.11045092E-02 0.2350E-11      6
  318   18     0     -92      0     92  0.94440811E+00 -0.98962266E-03 0.1619E-11      8
  319   18     0     -91      0     91  0.95320406E+00 -0.10854528E-02 0.1669E-11      7
  320   18     0     -90      0     90  0.96331384E+00 -0.11954581E-02 0.8400E-12      8
  321   18     0     -89      0     89  0.97431092E+00 -0.12162175E-02 0.9282E-12      8
  322   18     0     -88      0     88  0.98564571E+00 -0.11745456E-02 0.5009E-12      8
  323   18     0     -87      0     87  0.99679912E+00 -0.10603869E-02 0.1103E-11      7
  324   18     0     -86      0     86  0.10069912E+01 -0.89005272E-03 0.8800E-12      8
  325   18     0     -85      1     86  0.10166702E+01 -0.88789221E-03 0.3028E-11      7
  326   18     0     -85      1     86  0.10277587E+01 -0.94947580E-03 0.2154E-11      8
  327   18     0     -86      0     86  0.10401343E+01 -0.91892386E-03 0.1262E-11      8
  328   18     0     -83      0     83  0.10530979E+01 -0.83386859E-03 0.1943E-11      6
  329   18     0     -82      0     82  0.10660644E+01 -0.71011032E-03 0.1085E-11      6
  330   18     0     -81      0     81  0.10780588E+01 -0.55129171E-03 0.1472E-11      7
  331   18     0     -80      0     80  0.10889595E+01 -0.49452624E-03 0.1504E-11      7
  332   18     0     -79      0     79  0.11013451E+01 -0.51652204E-03 0.2111E-11      7
  333   18     0     -78      0     78  0.11155138E+01 -0.48338109E-03 0.3537E-11      6
  334   18     0     -77      0     77  0.11305023E+01 -0.42326205E-03 0.4104E-11      8
  335   18     0     -76      0     76  0.11455907E+01 -0.35090010E-03 0.1230E-11      6
  336   18     0     -75      0     75  0.11596310E+01 -0.26482400E-03 0.3205E-11      5
  337   18     0     -74      0     74  0.11721366E+01 -0.22663826E-03 0.1276E-10      6
  338   18     0     -73      0     73  0.11862583E+01 -0.23678100E-03 0.6614E-11      6
  339   18     0     -72      0     72  0.12026654E+01 -0.22017418E-03 0.3685E-11      7
  340   18     0     -71      0     71  0.12201447E+01 -0.19067903E-03 0.6082E-11      6
  341   18     0     -70      0     70  0.12377937E+01 -0.15600895E-03 0.7580E-11      6
  342   18     0     -69      0     69  0.12540796E+01 -0.11432524E-03 0.2249E-10      8
  343   18     0     -68      0     68  0.12683753E+01 -0.98675235E-04 0.2349E-10      6
  344   18     0     -67      0     67  0.12850187E+01 -0.10498786E-03 0.4007E-11      6
  345   18     0     -66      0     66  0.13044864E+01 -0.97113443E-04 0.8486E-11      7
  346   18     0     -65      0     65  0.13251558E+01 -0.84088219E-04 0.1101E-10      7
  347   18     0     -64      0     64  0.13458578E+01 -0.68682326E-04 0.1755E-10      6
  348   18     0     -63      0     63  0.13644904E+01 -0.49906794E-04 0.7981E-10      5
  349   18     0     -62      0     62  0.13811342E+01 -0.46858089E-04 0.8802E-11      7
  350   18     0     -61      0     61  0.14013233E+01 -0.50270934E-04 0.4911E-10      8
  351   18     0     -60      0     60  0.14245905E+01 -0.46468760E-04 0.2071E-10      7
  352   18     0     -59      0     59  0.14491391E+01 -0.40332445E-04 0.5276E-10      6
  353   18     0     -58      0     58  0.14737100E+01 -0.32786055E-04 0.4931E-10      8
  354   18     0     -57      0     57  0.14957382E+01 -0.23453736E-04 0.8942E-10      5
  355   18     0     -56      0     56  0.15154797E+01 -0.22192990E-04 0.3542E-10      5
  356   18     0     -55      0     55  0.15398087E+01 -0.23631699E-04 0.1084E-09      5
  357   18     0     -54      0     54  0.15679375E+01 -0.21639676E-04 0.3405E-10      5
  358   18     0     -53      0     53  0.15977418E+01 -0.18787675E-04 0.2826E-10      6
  359   18     0     -52      0     52  0.16278640E+01 -0.15535029E-04 0.1210E-09      4
  360   18     0     -51      0     51  0.16554447E+01 -0.11284197E-04 0.6511E-10      4
  361   18     0     -50      0     50  0.16791357E+01 -0.99541316E-05 0.3821E-09      5
  Time elapsed :      6.133 s

Mode Search
-----------

Mode parameters
   l : 19
   m : 0

Building frequency grid (REAL axis)
   added scan interval :  0.5233E+00 ->  0.2105E+01 (3000 points, INVERSE)

Building spatial grid
   Scaffold grid from model
   Split 127 subinterval(s) in iteration 1
   Split 28 subinterval(s) in iteration 2
   Split 0 subinterval(s) in iteration 3
   Final grid has 1 segment(s) and 7320 point(s):
      Segment 1 : x range 0.0000 -> 1.0010 (1 -> 7320)

Starting search (adiabatic)

Scanning frequencies
  Time elapsed :    35.122 s

Finding roots
  Time elapsed :      7.642 s

Processing modes
   id    l     m    n_pg    n_p    n_g       Re(omega)       Im(omega)        chi n_iter
  393   19     0    -157      0    157  0.59077150E+00  0.00000000E+00 0.2446E-12      6
  394   19     0    -156      0    156  0.59466552E+00  0.00000000E+00 0.1667E-12      5
  395   19     0    -155      0    155  0.59866521E+00  0.00000000E+00 0.1957E-12      5
  396   19     0    -154      0    154  0.60259614E+00  0.00000000E+00 0.2420E-12      5
  397   19     0    -153      0    153  0.60629151E+00  0.00000000E+00 0.4078E-12      5
  398   19     0    -152      0    152  0.60989489E+00  0.00000000E+00 0.5706E-12      6
  399   19     0    -151      0    151  0.61379561E+00  0.00000000E+00 0.6671E-13      5
  400   19     0    -150      0    150  0.61800008E+00  0.00000000E+00 0.4235E-12      5
  401   19     0    -149      0    149  0.62232387E+00  0.00000000E+00 0.1513E-12      5
  402   19     0    -148      0    148  0.62657361E+00  0.00000000E+00 0.1377E-12      6
  403   19     0    -147      0    147  0.63056157E+00  0.00000000E+00 0.3250E-12      6
  404   19     0    -146      0    146  0.63444085E+00  0.00000000E+00 0.1597E-12      5
  405   19     0    -145      0    145  0.63864837E+00  0.00000000E+00 0.4919E-12      6
  406   19     0    -144      0    144  0.64319504E+00  0.00000000E+00 0.1566E-12      5
  407   19     0    -143      0    143  0.64788121E+00  0.00000000E+00 0.4540E-12      5
  408   19     0    -142      0    142  0.65249832E+00  0.00000000E+00 0.8353E-14      5
  409   19     0    -141      0    141  0.65682550E+00  0.00000000E+00 0.9916E-13      5
  410   19     0    -140      0    140  0.66100617E+00  0.00000000E+00 0.1684E-12      6
  411   19     0    -139      0    139  0.66555497E+00  0.00000000E+00 0.3353E-12      5
  412   19     0    -138      0    138  0.67049950E+00  0.00000000E+00 0.1384E-12      5
  413   19     0    -137      0    137  0.67560923E+00  0.00000000E+00 0.7081E-13      6
  414   19     0    -136      0    136  0.68064711E+00  0.00000000E+00 0.1508E-12      6
  415   19     0    -135      0    135  0.68535902E+00  0.00000000E+00 0.5345E-12      6
  416   19     0    -134      0    134  0.68989938E+00  0.00000000E+00 0.4451E-12      6
  417   19     0    -133      0    133  0.69485255E+00  0.00000000E+00 0.2740E-12      6
  418   19     0    -132      0    132  0.70024702E+00  0.00000000E+00 0.9471E-13      5
  419   19     0    -131      0    131  0.70582798E+00  0.00000000E+00 0.1620E-12      5
  420   19     0    -130      0    130  0.71134332E+00  0.00000000E+00 0.1455E-12      6
  421   19     0    -129      0    129  0.71651116E+00  0.00000000E+00 0.1432E-12      5
  422   19     0    -128      0    128  0.72145914E+00  0.00000000E+00 0.2721E-13      5
  423   19     0    -127      0    127  0.72684632E+00  0.00000000E+00 0.4009E-12      6
  424   19     0    -126      0    126  0.73274384E+00  0.00000000E+00 0.5178E-13      5
  425   19     0    -125      0    125  0.73887055E+00  0.00000000E+00 0.5561E-12      5
  426   19     0    -124      0    124  0.74494152E+00  0.00000000E+00 0.2844E-13      6
  427   19     0    -123      0    123  0.75062187E+00  0.00000000E+00 0.1643E-12      6
  428   19     0    -122      0    122  0.75602531E+00  0.00000000E+00 0.1627E-12      6
  429   19     0    -121      0    121  0.76192672E+00  0.00000000E+00 0.3040E-12      6
  430   19     0    -120      0    120  0.76841671E+00  0.00000000E+00 0.2314E-13      5
  431   19     0    -119      0    119  0.77517098E+00  0.00000000E+00 0.2712E-12      5
  432   19     0    -118      0    118  0.78188069E+00  0.00000000E+00 0.2852E-12      6
  433   19     0    -117      0    117  0.78818176E+00  0.00000000E+00 0.3323E-12      6
  434   19     0    -116      0    116  0.79413587E+00  0.00000000E+00 0.4383E-12      5
  435   19     0    -115      0    115  0.80059281E+00  0.00000000E+00 0.2519E-12      6
  436   19     0    -114      0    114  0.80772732E+00  0.00000000E+00 0.1611E-12      5
  437   19     0    -113      0    113  0.81519623E+00  0.00000000E+00 0.1159E-12      5
  438   19     0    -112      0    112  0.82266545E+00  0.00000000E+00 0.4270E-12      6
  439   19     0    -111      0    111  0.82971097E+00  0.00000000E+00 0.3804E-13      6
  440   19     0    -110      0    110  0.83626505E+00  0.00000000E+00 0.1596E-12      6
  441   19     0    -109      0    109  0.84331511E+00  0.00000000E+00 0.4044E-12      6
  442   19     0    -108      0    108  0.85118950E+00  0.00000000E+00 0.1544E-13      6
  443   19     0    -107      0    107  0.85948776E+00  0.00000000E+00 0.2167E-12      5
  444   19     0    -106      0    106  0.86782844E+00  0.00000000E+00 0.5896E-13      6
  445   19     0    -105      0    105  0.87574409E+00  0.00000000E+00 0.1418E-14      6
  446   19     0    -104      0    104  0.88304090E+00  0.00000000E+00 0.1307E-12      5
  447   19     0    -103      0    103  0.89077067E+00  0.00000000E+00 0.3052E-12      6
  448   19     0    -102      0    102  0.89946264E+00  0.00000000E+00 0.8850E-13      5
  449   19     0    -101      0    101  0.90869684E+00  0.00000000E+00 0.1796E-12      5
  450   19     0    -100      0    100  0.91806112E+00  0.00000000E+00 0.5357E-12      5
  451   19     0     -99      0     99  0.92705939E+00  0.00000000E+00 0.7585E-13      6
  452   19     0     -98      0     98  0.93525376E+00  0.00000000E+00 0.9828E-14      5
  453   19     0     -97      0     97  0.94364837E+00  0.00000000E+00 0.1893E-12      6
  454   19     0     -96      0     96  0.95320542E+00  0.00000000E+00 0.1411E-12      5
  455   19     0     -95      0     95  0.96350307E+00  0.00000000E+00 0.6754E-13      5
  456   19     0     -94      0     94  0.97404369E+00  0.00000000E+00 0.9451E-13      6
  457   19     0     -93      0     93  0.98429526E+00  0.00000000E+00 0.3529E-13      6
  458   19     0     -92      0     92  0.99360019E+00  0.00000000E+00 0.3515E-12      5
  459   19     0     -91      0     91  0.10027620E+01  0.00000000E+00 0.2994E-12      6
  460   19     0     -90      0     90  0.10132568E+01  0.00000000E+00 0.4249E-12      5
  461   19     0     -89      0     89  0.10247438E+01  0.00000000E+00 0.4097E-13      5
  462   19     0     -88      0     88  0.10366266E+01  0.00000000E+00 0.2219E-12      6
  463   19     0     -87      0     87  0.10483713E+01  0.00000000E+00 0.1537E-12      6
  464   19     0     -86      0     86  0.10591691E+01  0.00000000E+00 0.2549E-12      6
  465   19     0     -85      0     85  0.10692861E+01  0.00000000E+00 0.5326E-13      6
  466   19     0     -84      0     84  0.10807694E+01  0.00000000E+00 0.1619E-13      6
  467   19     0     -83      0     83  0.10936666E+01  0.00000000E+00 0.2961E-13      6
  468   19     0     -82      0     82  0.11072282E+01  0.00000000E+00 0.6977E-13      5
  469   19     0     -81      0     81  0.11208435E+01  0.00000000E+00 0.1325E-12      6
  470   19     0     -80      0     80  0.11335197E+01  0.00000000E+00 0.1445E-12      6
  471   19     0     -79      0     79  0.11449369E+01  0.00000000E+00 0.1861E-12      5
  472   19     0     -78      0     78  0.11577463E+01  0.00000000E+00 0.1942E-12      6
  473   19     0     -77      0     77  0.11724920E+01  0.00000000E+00 0.2595E-12      5
  474   19     0     -76      0     76  0.11881496E+01  0.00000000E+00 0.1503E-12      5
  475   19     0     -75      0     75  0.12039567E+01  0.00000000E+00 0.1586E-12      6
  476   19     0     -74      0     74  0.12187399E+01  0.00000000E+00 0.1995E-12      6
  477   19     0     -73      0     73  0.12318310E+01  0.00000000E+00 0.5669E-14      6
  478   19     0     -72      0     72  0.12464502E+01  0.00000000E+00 0.1954E-13      6
  479   19     0     -71      0     71  0.12635192E+01  0.00000000E+00 0.1254E-12      6
  480   19     0     -70      0     70  0.12817557E+01  0.00000000E+00 0.1398E-12      5
  481   19     0     -69      0     69  0.13002097E+01  0.00000000E+00 0.8191E-13      6
  482   19     0     -68      0     68  0.13173188E+01  0.00000000E+00 0.5963E-14      6
  483   19     0     -67      0     67  0.13322586E+01  0.00000000E+00 0.5445E-14      6
  484   19     0     -66      0     66  0.13494900E+01  0.00000000E+00 0.8598E-13      6
  485   19     0     -65      0     65  0.13697339E+01  0.00000000E+00 0.2546E-12      6
  486   19     0     -64      0     64  0.13912750E+01  0.00000000E+00 0.1122E-12      5
  487   19     0     -63      0     63  0.14129116E+01  0.00000000E+00 0.2872E-13      5
  488   19     0     -62      0     62  0.14325437E+01  0.00000000E+00 0.3733E-12      6
  489   19     0     -61      0     61  0.14498822E+01  0.00000000E+00 0.1858E-12      6
  490   19     0     -60      0     60  0.14706659E+01  0.00000000E+00 0.4959E-13      6
  491   19     0     -59      0     59  0.14947813E+01  0.00000000E+00 0.1594E-13      5
  492   19     0     -58      0     58  0.15203203E+01  0.00000000E+00 0.5470E-12      5
  493   19     0     -57      0     57  0.15460436E+01  0.00000000E+00 0.5228E-13      6
  494   19     0     -56      0     56  0.15695101E+01  0.00000000E+00 0.3136E-13      6
  495   19     0     -55      0     55  0.15900350E+01  0.00000000E+00 0.6450E-13      6
  496   19     0     -54      0     54  0.16147360E+01  0.00000000E+00 0.6557E-13      6
  497   19     0     -53      0     53  0.16437092E+01  0.00000000E+00 0.1804E-12      6
  498   19     0     -52      0     52  0.16746007E+01  0.00000000E+00 0.1176E-12      5
  Time elapsed :      2.256 s

Starting search (non-adiabatic)

Finding roots
  Time elapsed :    113.248 s

Processing modes
   id    l     m    n_pg    n_p    n_g       Re(omega)       Im(omega)        chi n_iter
  393   19     0    -157      1    158  0.59020798E+00 -0.14073720E-02 0.7314E-12      8
  394   19     0    -156      1    157  0.59408502E+00 -0.14607576E-02 0.6302E-12      8
  395   19     0    -155      1    156  0.59809198E+00 -0.14492941E-02 0.8942E-12      7
  396   19     0    -154      1    155  0.60205932E+00 -0.13723302E-02 0.5751E-12      9
  397   19     0    -153      1    154  0.60579129E+00 -0.12505293E-02 0.3810E-12      8
  398   19     0    -152      1    153  0.60935465E+00 -0.12486534E-02 0.2693E-12      7
  399   19     0    -151      1    152  0.61320933E+00 -0.13508238E-02 0.2049E-12      7
  400   19     0    -150      1    151  0.61740225E+00 -0.13995509E-02 0.8475E-12      8
  401   19     0    -149      1    150  0.62174026E+00 -0.13830396E-02 0.3144E-12      8
  402   19     0    -148      1    149  0.62603345E+00 -0.13022327E-02 0.7475E-12      9
  403   19     0    -147      1    148  0.63006704E+00 -0.11784505E-02 0.4699E-12      8
  404   19     0    -146      1    147  0.63391802E+00 -0.11722464E-02 0.1330E-11      7
  405   19     0    -145      0    145  0.63808821E+00 -0.12651178E-02 0.3233E-12      8
  406   19     0    -144      0    144  0.64263153E+00 -0.13054702E-02 0.4536E-12      8
  407   19     0    -143      0    143  0.64733984E+00 -0.12847904E-02 0.4465E-12      9
  408   19     0    -142      0    142  0.65200630E+00 -0.12046170E-02 0.5395E-12      7
  409   19     0    -141      0    141  0.65638751E+00 -0.10812517E-02 0.4619E-12      7
  410   19     0    -140      0    140  0.66055415E+00 -0.10705854E-02 0.2043E-12      8
  411   19     0    -139      0    139  0.66507738E+00 -0.11599787E-02 0.1061E-11      7
  412   19     0    -138      0    138  0.67002792E+00 -0.11985193E-02 0.5762E-12      7
  413   19     0    -137      0    137  0.67516569E+00 -0.11792189E-02 0.7961E-12      6
  414   19     0    -136      0    136  0.68025291E+00 -0.11039943E-02 0.1762E-12      6
  415   19     0    -135      0    135  0.68501547E+00 -0.98925717E-03 0.3178E-12      6
  416   19     0    -134      0    134  0.68954899E+00 -0.98579467E-03 0.9073E-12      6
  417   19     0    -133      0    133  0.69448734E+00 -0.10737964E-02 0.1262E-11      7
  418   19     0    -132      0    132  0.69989178E+00 -0.11125909E-02 0.6392E-12      7
  419   19     0    -131      0    131  0.70549836E+00 -0.10984748E-02 0.3563E-12      8
  420   19     0    -130      0    130  0.71105408E+00 -0.10327638E-02 0.6567E-12      8
  421   19     0    -129      0    129  0.71626316E+00 -0.92700408E-03 0.9315E-12      7
  422   19     0    -128      0    128  0.72120902E+00 -0.92129053E-03 0.7332E-12      7
  423   19     0    -127      0    127  0.72658814E+00 -0.10073694E-02 0.4964E-12      6
  424   19     0    -126      0    126  0.73249698E+00 -0.10480879E-02 0.8072E-12      6
  425   19     0    -125      0    125  0.73864667E+00 -0.10372572E-02 0.9359E-12      7
  426   19     0    -124      0    124  0.74475114E+00 -0.97533577E-03 0.1152E-11      8
  427   19     0    -123      0    123  0.75046450E+00 -0.87089425E-03 0.9620E-12      7
  428   19     0    -122      0    122  0.75586820E+00 -0.86553257E-03 0.1332E-11      7
  429   19     0    -121      0    121  0.76176984E+00 -0.95259031E-03 0.9051E-12      7
  430   19     0    -120      0    120  0.76827476E+00 -0.99431768E-03 0.1052E-12      8
  431   19     0    -119      0    119  0.77505048E+00 -0.98804864E-03 0.1138E-11      7
  432   19     0    -118      0    118  0.78178642E+00 -0.93580819E-03 0.2392E-11      6
  433   19     0    -117      0    117  0.78811075E+00 -0.84129027E-03 0.2292E-11      6
  434   19     0    -116      0    116  0.79406710E+00 -0.83303869E-03 0.1093E-11      7
  435   19     0    -115      0    115  0.80053076E+00 -0.92343020E-03 0.4840E-12      6
  436   19     0    -114      0    114  0.80768165E+00 -0.97612980E-03 0.3867E-12      8
  437   19     0    -113      0    113  0.81516902E+00 -0.98240417E-03 0.3003E-12      7
  438   19     0    -112      0    112  0.82265753E+00 -0.94281323E-03 0.1300E-11      6
  439   19     0    -111      0    111  0.82971766E+00 -0.84980509E-03 0.9776E-13      7
  440   19     0    -110      0    110  0.83627196E+00 -0.82846355E-03 0.1111E-11      7
  441   19     0    -109      0    109  0.84333390E+00 -0.92900268E-03 0.1949E-11      7
  442   19     0    -108      0    108  0.85122793E+00 -0.99405894E-03 0.1476E-11      9
  443   19     0    -107      0    107  0.85954408E+00 -0.10080393E-02 0.5742E-12      8
  444   19     0    -106      0    106  0.86790009E+00 -0.97584863E-03 0.6813E-12      7
  445   19     0    -105      0    105  0.87582334E+00 -0.88546708E-03 0.7410E-12      7
  446   19     0    -104      0    104  0.88311774E+00 -0.85014554E-03 0.2223E-11      6
  447   19     0    -103      0    103  0.89086579E+00 -0.95851054E-03 0.1858E-11      6
  448   19     0    -102      0    102  0.89958337E+00 -0.10438986E-02 0.2612E-12      7
  449   19     0    -101      0    101  0.90883716E+00 -0.10781328E-02 0.2172E-11      7
  450   19     0    -100      0    100  0.91821478E+00 -0.10679975E-02 0.1252E-11      8
  451   19     0     -99      0     99  0.92721479E+00 -0.98923657E-03 0.5565E-12      7
  452   19     0     -98      0     98  0.93539689E+00 -0.92308996E-03 0.3285E-12      9
  453   19     0     -97      0     97  0.94380811E+00 -0.10425355E-02 0.1363E-11      6
  454   19     0     -96      0     96  0.95339343E+00 -0.11625740E-02 0.1240E-11      7
  455   19     0     -95      0     95  0.96370583E+00 -0.12128882E-02 0.1820E-11      6
  456   19     0     -94      0     94  0.97424997E+00 -0.12060593E-02 0.4783E-12      7
  457   19     0     -93      0     93  0.98449164E+00 -0.11176377E-02 0.1918E-11     10
  458   19     0     -92      0     92  0.99376901E+00 -0.99504943E-03 0.3101E-12      7
  459   19     0     -91      0     91  0.10029321E+01 -0.10791138E-02 0.1728E-11      7
  460   19     0     -90      0     90  0.10134487E+01 -0.11961927E-02 0.1199E-11      6
  461   19     0     -89      0     89  0.10249411E+01 -0.12228096E-02 0.2337E-11      7
  462   19     0     -88      0     88  0.10368179E+01 -0.11854767E-02 0.4837E-12      6
  463   19     0     -87      0     87  0.10485470E+01 -0.10764590E-02 0.2395E-11      7
  464   19     0     -86      0     86  0.10593155E+01 -0.90276067E-03 0.1709E-12      8
  465   19     0     -85      1     86  0.10694203E+01 -0.88467719E-03 0.4010E-11      8
  466   19     0     -84      1     85  0.10809194E+01 -0.94945116E-03 0.2030E-11      7
  467   19     0     -86      0     86  0.10938209E+01 -0.92192045E-03 0.1942E-11      7
  468   19     0     -85      0     85  0.11073778E+01 -0.83739017E-03 0.1432E-11      6
  469   19     0     -82      0     82  0.11209814E+01 -0.71481809E-03 0.6993E-12      8
  470   19     0     -81      0     81  0.11336350E+01 -0.55551447E-03 0.1620E-11      7
  471   19     0     -80      0     80  0.11450413E+01 -0.48822865E-03 0.1937E-11      5
  472   19     0     -79      0     79  0.11578647E+01 -0.51080694E-03 0.1855E-11      8
  473   19     0     -78      0     78  0.11726134E+01 -0.47970259E-03 0.6569E-11      6
  474   19     0     -77      0     77  0.11882649E+01 -0.42006252E-03 0.5639E-11      6
  475   19     0     -76      0     76  0.12040597E+01 -0.34844974E-03 0.2394E-11      5
  476   19     0     -75      0     75  0.12188228E+01 -0.26318240E-03 0.1867E-11      6
  477   19     0     -74      0     74  0.12319036E+01 -0.22136241E-03 0.6653E-12      7
  478   19     0     -73      0     73  0.12465302E+01 -0.23130310E-03 0.5774E-11      6
  479   19     0     -72      0     72  0.12635982E+01 -0.21559956E-03 0.8641E-11      5
  480   19     0     -71      0     71  0.12818278E+01 -0.18660501E-03 0.1023E-10      6
  481   19     0     -70      0     70  0.13002716E+01 -0.15270970E-03 0.9403E-11      6
  482   19     0     -69      0     69  0.13173660E+01 -0.11208276E-03 0.1188E-10      6
  483   19     0     -68      0     68  0.13322998E+01 -0.95196271E-04 0.3061E-10      6
  484   19     0     -67      0     67  0.13495355E+01 -0.10151228E-03 0.2014E-10      6
  485   19     0     -66      0     66  0.13697777E+01 -0.94282485E-04 0.1169E-10      5
  486   19     0     -65      0     65  0.13913143E+01 -0.81865136E-04 0.2462E-10      6
  487   19     0     -64      0     64  0.14129448E+01 -0.67250102E-04 0.4287E-10      6
  488   19     0     -63      0     63  0.14325686E+01 -0.49162836E-04 0.2751E-10      6
  489   19     0     -62      0     62  0.14499053E+01 -0.44973137E-04 0.5030E-10      8
  490   19     0     -61      0     61  0.14706914E+01 -0.48524058E-04 0.2404E-10      7
  491   19     0     -60      0     60  0.14948053E+01 -0.45032997E-04 0.4881E-10      8
  492   19     0     -59      0     59  0.15203416E+01 -0.39157969E-04 0.8247E-10      5
  493   19     0     -58      0     58  0.15460613E+01 -0.32111501E-04 0.1418E-09      5
  494   19     0     -57      0     57  0.15695231E+01 -0.23228309E-04 0.9479E-10      6
  495   19     0     -56      0     56  0.15900467E+01 -0.20792962E-04 0.1438E-10      5
  496   19     0     -55      0     55  0.16147489E+01 -0.22529653E-04 0.1015E-09      5
  497   19     0     -54      0     54  0.16437213E+01 -0.20926520E-04 0.2117E-09      5
  498   19     0     -53      0     53  0.16746113E+01 -0.18346302E-04 0.3583E-10      4
  Time elapsed :      6.509 s

Mode Search
-----------

Mode parameters
   l : 20
   m : 0

Building frequency grid (REAL axis)
   added scan interval :  0.5233E+00 ->  0.2105E+01 (3000 points, INVERSE)

Building spatial grid
   Scaffold grid from model
   Split 131 subinterval(s) in iteration 1
   Split 29 subinterval(s) in iteration 2
   Split 0 subinterval(s) in iteration 3
   Final grid has 1 segment(s) and 7325 point(s):
      Segment 1 : x range 0.0000 -> 1.0010 (1 -> 7325)

Starting search (adiabatic)

Scanning frequencies
  Time elapsed :    35.083 s

Finding roots
  Time elapsed :      8.109 s

Processing modes
   id    l     m    n_pg    n_p    n_g       Re(omega)       Im(omega)        chi n_iter
  532   20     0    -165      0    165  0.59135013E+00  0.00000000E+00 0.1036E-12      5
  533   20     0    -164      0    164  0.59463878E+00  0.00000000E+00 0.3827E-12      6
  534   20     0    -163      0    163  0.59819288E+00  0.00000000E+00 0.2146E-13      6
  535   20     0    -162      0    162  0.60199792E+00  0.00000000E+00 0.1841E-12      5
  536   20     0    -161      0    161  0.60589489E+00  0.00000000E+00 0.3451E-12      6
  537   20     0    -160      0    160  0.60971771E+00  0.00000000E+00 0.2972E-12      6
  538   20     0    -159      0    159  0.61331659E+00  0.00000000E+00 0.8199E-12      6
  539   20     0    -158      0    158  0.61683710E+00  0.00000000E+00 0.3385E-12      5
  540   20     0    -157      0    157  0.62063614E+00  0.00000000E+00 0.5320E-12      6
  541   20     0    -156      0    156  0.62471834E+00  0.00000000E+00 0.7952E-12      5
  542   20     0    -155      0    155  0.62891329E+00  0.00000000E+00 0.1817E-12      5
  543   20     0    -154      0    154  0.63303883E+00  0.00000000E+00 0.7207E-13      6
  544   20     0    -153      0    153  0.63691973E+00  0.00000000E+00 0.7853E-12      5
  545   20     0    -152      0    152  0.64069979E+00  0.00000000E+00 0.2770E-12      5
  546   20     0    -151      0    151  0.64478686E+00  0.00000000E+00 0.1341E-12      6
  547   20     0    -150      0    150  0.64919361E+00  0.00000000E+00 0.1961E-12      5
  548   20     0    -149      0    149  0.65372793E+00  0.00000000E+00 0.3176E-12      5
  549   20     0    -148      0    148  0.65818785E+00  0.00000000E+00 0.1990E-12      6
  550   20     0    -147      0    147  0.66237588E+00  0.00000000E+00 0.7995E-12      5
  551   20     0    -146      0    146  0.66644416E+00  0.00000000E+00 0.1712E-12      5
  552   20     0    -145      0    145  0.67085104E+00  0.00000000E+00 0.1500E-12      6
  553   20     0    -144      0    144  0.67561527E+00  0.00000000E+00 0.7744E-12      5
  554   20     0    -143      0    143  0.68052879E+00  0.00000000E+00 0.2841E-12      5
  555   20     0    -142      0    142  0.68537390E+00  0.00000000E+00 0.1352E-12      6
  556   20     0    -141      0    141  0.68991855E+00  0.00000000E+00 0.7312E-14      6
  557   20     0    -140      0    140  0.69430210E+00  0.00000000E+00 0.4589E-13      6
  558   20     0    -139      0    139  0.69906419E+00  0.00000000E+00 0.1656E-12      6
  559   20     0    -138      0    138  0.70424382E+00  0.00000000E+00 0.6154E-12      5
  560   20     0    -137      0    137  0.70960092E+00  0.00000000E+00 0.3137E-13      5
  561   20     0    -136      0    136  0.71488820E+00  0.00000000E+00 0.2052E-13      6
  562   20     0    -135      0    135  0.71983832E+00  0.00000000E+00 0.3597E-12      6
  563   20     0    -134      0    134  0.72459754E+00  0.00000000E+00 0.4211E-12      6
  564   20     0    -133      0    133  0.72977955E+00  0.00000000E+00 0.5958E-12      5
  565   20     0    -132      0    132  0.73542829E+00  0.00000000E+00 0.8234E-13      5
  566   20     0    -131      0    131  0.74127826E+00  0.00000000E+00 0.6614E-13      6
  567   20     0    -130      0    130  0.74706678E+00  0.00000000E+00 0.2929E-12      6
  568   20     0    -129      0    129  0.75249789E+00  0.00000000E+00 0.3126E-12      6
  569   20     0    -128      0    128  0.75768395E+00  0.00000000E+00 0.1432E-12      6
  570   20     0    -127      0    127  0.76331499E+00  0.00000000E+00 0.1687E-12      6
  571   20     0    -126      0    126  0.76948662E+00  0.00000000E+00 0.3858E-12      5
  572   20     0    -125      0    125  0.77590709E+00  0.00000000E+00 0.4790E-12      5
  573   20     0    -124      0    124  0.78228031E+00  0.00000000E+00 0.4832E-12      6
  574   20     0    -123      0    123  0.78825553E+00  0.00000000E+00 0.3854E-12      6
  575   20     0    -122      0    122  0.79391860E+00  0.00000000E+00 0.7718E-14      6
  576   20     0    -121      0    121  0.80007927E+00  0.00000000E+00 0.2230E-12      6
  577   20     0    -120      0    120  0.80686592E+00  0.00000000E+00 0.2736E-12      6
  578   20     0    -119      0    119  0.81394217E+00  0.00000000E+00 0.2234E-13      5
  579   20     0    -118      0    118  0.82098684E+00  0.00000000E+00 0.2017E-12      5
  580   20     0    -117      0    117  0.82761986E+00  0.00000000E+00 0.2754E-12      6
  581   20     0    -116      0    116  0.83386146E+00  0.00000000E+00 0.3889E-12      6
  582   20     0    -115      0    115  0.84059176E+00  0.00000000E+00 0.1623E-12      6
  583   20     0    -114      0    114  0.84804307E+00  0.00000000E+00 0.1544E-12      5
  584   20     0    -113      0    113  0.85586229E+00  0.00000000E+00 0.1695E-12      5
  585   20     0    -112      0    112  0.86370182E+00  0.00000000E+00 0.2159E-12      6
  586   20     0    -111      0    111  0.87112368E+00  0.00000000E+00 0.1379E-12      6
  587   20     0    -110      0    110  0.87800093E+00  0.00000000E+00 0.2149E-12      5
  588   20     0    -109      0    109  0.88533611E+00  0.00000000E+00 0.1312E-13      5
  589   20     0    -108      0    108  0.89354820E+00  0.00000000E+00 0.1696E-12      6
  590   20     0    -107      0    107  0.90222952E+00  0.00000000E+00 0.3059E-12      5
  591   20     0    -106      0    106  0.91098044E+00  0.00000000E+00 0.4185E-13      6
  592   20     0    -105      0    105  0.91932084E+00  0.00000000E+00 0.6536E-13      6
  593   20     0    -104      0    104  0.92698715E+00  0.00000000E+00 0.1439E-12      5
  594   20     0    -103      0    103  0.93501969E+00  0.00000000E+00 0.1520E-12      6
  595   20     0    -102      0    102  0.94406921E+00  0.00000000E+00 0.4064E-13      5
  596   20     0    -101      0    101  0.95371803E+00  0.00000000E+00 0.2124E-12      5
  597   20     0    -100      0    100  0.96353102E+00  0.00000000E+00 0.1840E-12      6
  598   20     0     -99      0     99  0.97300416E+00  0.00000000E+00 0.1868E-12      6
  599   20     0     -98      0     98  0.98163276E+00  0.00000000E+00 0.3022E-12      5
  600   20     0     -97      0     97  0.99034947E+00  0.00000000E+00 0.9005E-13      6
  601   20     0     -96      0     96  0.10002742E+01  0.00000000E+00 0.6496E-14      6
  602   20     0     -95      0     95  0.10110174E+01  0.00000000E+00 0.2320E-12      5
  603   20     0     -94      0     94  0.10220485E+01  0.00000000E+00 0.3341E-12      6
  604   20     0     -93      0     93  0.10328268E+01  0.00000000E+00 0.5083E-13      5
  605   20     0     -92      0     92  0.10426409E+01  0.00000000E+00 0.1515E-12      5
  606   20     0     -91      0     91  0.10521618E+01  0.00000000E+00 0.6916E-13      6
  607   20     0     -90      0     90  0.10630334E+01  0.00000000E+00 0.4967E-12      6
  608   20     0     -89      0     89  0.10749956E+01  0.00000000E+00 0.1782E-12      5
  609   20     0     -88      0     88  0.10874081E+01  0.00000000E+00 0.2014E-12      6
  610   20     0     -87      0     87  0.10997236E+01  0.00000000E+00 0.6886E-13      5
  611   20     0     -86      0     86  0.11111071E+01  0.00000000E+00 0.8590E-13      6
  612   20     0     -85      0     85  0.11216525E+01  0.00000000E+00 0.1432E-12      6
  613   20     0     -84      0     84  0.11335151E+01  0.00000000E+00 0.3268E-12      6
  614   20     0     -83      0     83  0.11469148E+01  0.00000000E+00 0.1671E-12      6
  615   20     0     -82      0     82  0.11610555E+01  0.00000000E+00 0.8185E-13      6
  616   20     0     -81      0     81  0.11752992E+01  0.00000000E+00 0.6958E-13      6
  617   20     0     -80      0     80  0.11886381E+01  0.00000000E+00 0.2075E-12      5
  618   20     0     -79      0     79  0.12005666E+01  0.00000000E+00 0.1580E-12      6
  619   20     0     -78      0     78  0.12137805E+01  0.00000000E+00 0.9987E-13      6
  620   20     0     -77      0     77  0.12290772E+01  0.00000000E+00 0.6751E-13      5
  621   20     0     -76      0     76  0.12453779E+01  0.00000000E+00 0.1533E-12      5
  622   20     0     -75      0     75  0.12618765E+01  0.00000000E+00 0.2984E-12      5
  623   20     0     -74      0     74  0.12773791E+01  0.00000000E+00 0.8468E-13      6
  624   20     0     -73      0     73  0.12910449E+01  0.00000000E+00 0.2380E-12      6
  625   20     0     -72      0     72  0.13061317E+01  0.00000000E+00 0.1177E-12      6
  626   20     0     -71      0     71  0.13238270E+01  0.00000000E+00 0.1688E-12      6
  627   20     0     -70      0     70  0.13427882E+01  0.00000000E+00 0.9378E-13      5
  628   20     0     -69      0     69  0.13620207E+01  0.00000000E+00 0.2023E-12      6
  629   20     0     -68      0     68  0.13799479E+01  0.00000000E+00 0.1079E-12      6
  630   20     0     -67      0     67  0.13955297E+01  0.00000000E+00 0.1161E-13      6
  631   20     0     -66      0     66  0.14132905E+01  0.00000000E+00 0.7775E-13      6
  632   20     0     -65      0     65  0.14342570E+01  0.00000000E+00 0.1033E-12      5
  633   20     0     -64      0     64  0.14566291E+01  0.00000000E+00 0.5277E-12      5
  634   20     0     -63      0     63  0.14791802E+01  0.00000000E+00 0.1420E-12      6
  635   20     0     -62      0     62  0.14998534E+01  0.00000000E+00 0.7967E-13      6
  636   20     0     -61      0     61  0.15178972E+01  0.00000000E+00 0.2165E-13      6
  637   20     0     -60      0     60  0.15391450E+01  0.00000000E+00 0.2523E-13      6
  638   20     0     -59      0     59  0.15640186E+01  0.00000000E+00 0.2098E-12      5
  639   20     0     -58      0     58  0.15904899E+01  0.00000000E+00 0.3906E-13      5
  640   20     0     -57      0     57  0.16173298E+01  0.00000000E+00 0.3807E-13      6
  641   20     0     -56      0     56  0.16422941E+01  0.00000000E+00 0.1102E-12      6
  642   20     0     -55      0     55  0.16637378E+01  0.00000000E+00 0.4416E-13      6
  Time elapsed :      2.287 s

Starting search (non-adiabatic)

Finding roots
  Time elapsed :    127.186 s

Processing modes
   id    l     m    n_pg    n_p    n_g       Re(omega)       Im(omega)        chi n_iter
  532   20     0    -165      1    166  0.59099900E+00 -0.12942799E-02 0.4845E-12      8
  533   20     0    -164      1    165  0.59423372E+00 -0.13282907E-02 0.7737E-12     10
  534   20     0    -163      1    164  0.59774563E+00 -0.14484115E-02 0.5999E-12      9
  535   20     0    -162      1    163  0.60153343E+00 -0.15118266E-02 0.6500E-12      8
  536   20     0    -161      1    162  0.60543071E+00 -0.15091831E-02 0.1034E-11      9
  537   20     0    -160      1    161  0.60927741E+00 -0.14379569E-02 0.1268E-12      9
  538   20     0    -159      1    160  0.61289402E+00 -0.13240870E-02 0.6182E-12      9
  539   20     0    -158      1    159  0.61636430E+00 -0.13352147E-02 0.3487E-12      8
  540   20     0    -157      1    158  0.62011690E+00 -0.14459124E-02 0.3213E-12      7
  541   20     0    -156      1    157  0.62418308E+00 -0.15022731E-02 0.4381E-12     10
  542   20     0    -155      1    156  0.62838412E+00 -0.14921795E-02 0.3914E-12      9
  543   20     0    -154      1    155  0.63254275E+00 -0.14145335E-02 0.6170E-12      8
  544   20     0    -153      1    154  0.63645581E+00 -0.12910817E-02 0.9570E-12      8
  545   20     0    -152      1    153  0.64019560E+00 -0.12906577E-02 0.1930E-12      8
  546   20     0    -151      1    152  0.64423886E+00 -0.13964263E-02 0.3563E-12     10
  547   20     0    -150      1    151  0.64863446E+00 -0.14474246E-02 0.8147E-13      9
  548   20     0    -149      1    150  0.65318156E+00 -0.14310886E-02 0.7750E-12      7
  549   20     0    -148      1    149  0.65768178E+00 -0.13482197E-02 0.3440E-12      7
  550   20     0    -147      1    148  0.66191161E+00 -0.12209757E-02 0.5913E-12     11
  551   20     0    -146      0    146  0.66595138E+00 -0.12143626E-02 0.6044E-12      8
  552   20     0    -145      0    145  0.67032284E+00 -0.13099545E-02 0.9938E-12      7
  553   20     0    -144      0    144  0.67508422E+00 -0.13516269E-02 0.6932E-12      6
  554   20     0    -143      0    143  0.68001891E+00 -0.13301721E-02 0.3001E-12      6
  555   20     0    -142      0    142  0.68491092E+00 -0.12473174E-02 0.6885E-12      8
  556   20     0    -141      0    141  0.68950663E+00 -0.11196799E-02 0.8749E-12      6
  557   20     0    -140      0    140  0.69387658E+00 -0.11070031E-02 0.9815E-12      6
  558   20     0    -139      0    139  0.69861526E+00 -0.11983626E-02 0.3025E-12      7
  559   20     0    -138      0    138  0.70380180E+00 -0.12379003E-02 0.2386E-12      8
  560   20     0    -137      0    137  0.70918644E+00 -0.12177530E-02 0.2987E-12      7
  561   20     0    -136      0    136  0.71452106E+00 -0.11402237E-02 0.3614E-12      7
  562   20     0    -135      0    135  0.71951950E+00 -0.10214123E-02 0.2083E-11      7
  563   20     0    -134      0    134  0.72427287E+00 -0.10149936E-02 0.9862E-13      7
  564   20     0    -133      0    133  0.72944233E+00 -0.11046061E-02 0.2378E-12      9
  565   20     0    -132      0    132  0.73510206E+00 -0.11444211E-02 0.8664E-12      6
  566   20     0    -131      0    131  0.74097737E+00 -0.11297101E-02 0.8893E-12      7
  567   20     0    -130      0    130  0.74680451E+00 -0.10624263E-02 0.8816E-12      8
  568   20     0    -129      0    129  0.75227473E+00 -0.95320322E-03 0.5878E-12      6
  569   20     0    -128      0    128  0.75745982E+00 -0.94322950E-03 0.1350E-12      8
  570   20     0    -127      0    127  0.76308524E+00 -0.10301480E-02 0.8264E-12      6
  571   20     0    -126      0    126  0.76926942E+00 -0.10719743E-02 0.7257E-12      7
  572   20     0    -125      0    125  0.77571272E+00 -0.10609495E-02 0.7355E-12      8
  573   20     0    -124      0    124  0.78211770E+00 -0.99839177E-03 0.1516E-11      7
  574   20     0    -123      0    123  0.78812374E+00 -0.89114407E-03 0.6113E-12      7
  575   20     0    -122      0    122  0.79378829E+00 -0.87983854E-03 0.9262E-12      6
  576   20     0    -121      0    121  0.79995170E+00 -0.96733050E-03 0.5039E-12      8
  577   20     0    -120      0    120  0.80675462E+00 -0.10106913E-02 0.1386E-11      8
  578   20     0    -119      0    119  0.81385226E+00 -0.10049521E-02 0.1564E-11      7
  579   20     0    -118      0    118  0.82092158E+00 -0.95324539E-03 0.7125E-12      8
  580   20     0    -117      0    117  0.82757565E+00 -0.85709591E-03 0.6793E-12      6
  581   20     0    -116      0    116  0.83382014E+00 -0.84144737E-03 0.7795E-12      7
  582   20     0    -115      0    115  0.84055971E+00 -0.93137127E-03 0.1245E-11      8
  583   20     0    -114      0    114  0.84802917E+00 -0.98615610E-03 0.1327E-11      7
  584   20     0    -113      0    113  0.85586723E+00 -0.99349922E-03 0.1029E-11      8
  585   20     0    -112      0    112  0.86372492E+00 -0.95538590E-03 0.5537E-12      8
  586   20     0    -111      0    111  0.87115904E+00 -0.86231577E-03 0.7745E-12      8
  587   20     0    -110      0    110  0.87803630E+00 -0.83141578E-03 0.6806E-12      8
  588   20     0    -109      0    109  0.88538610E+00 -0.92973559E-03 0.1763E-11      6
  589   20     0    -108      0    108  0.89362034E+00 -0.99744001E-03 0.2170E-11      7
  590   20     0    -107      0    107  0.90232052E+00 -0.10130366E-02 0.1114E-11      7
  591   20     0    -106      0    106  0.91108616E+00 -0.98320676E-03 0.7331E-12      7
  592   20     0    -105      0    105  0.91943205E+00 -0.89472152E-03 0.2074E-11      6
  593   20     0    -104      0    104  0.92709472E+00 -0.84924964E-03 0.5651E-12      6
  594   20     0    -103      0    103  0.93514826E+00 -0.95347416E-03 0.1805E-11      7
  595   20     0    -102      0    102  0.94422712E+00 -0.10425497E-02 0.1264E-11      7
  596   20     0    -101      0    101  0.95389759E+00 -0.10795146E-02 0.1511E-11      8
  597   20     0    -100      0    100  0.96372441E+00 -0.10728619E-02 0.1550E-11      8
  598   20     0     -99      0     99  0.97319780E+00 -0.99888618E-03 0.3536E-12      7
  599   20     0     -98      0     98  0.98181165E+00 -0.92331974E-03 0.2711E-11      7
  600   20     0     -97      0     97  0.99054707E+00 -0.10335765E-02 0.7592E-12     10
  601   20     0     -96      0     96  0.10005058E+01 -0.11583092E-02 0.5959E-12      7
  602   20     0     -95      0     95  0.10112671E+01 -0.12124169E-02 0.1580E-11      7
  603   20     0     -94      0     94  0.10223030E+01 -0.12096844E-02 0.1738E-11      6
  604   20     0     -93      0     93  0.10330698E+01 -0.11279803E-02 0.1502E-11      8
  605   20     0     -92      0     92  0.10428524E+01 -0.99926914E-03 0.7682E-12      8
  606   20     0     -91      0     91  0.10523748E+01 -0.10694039E-02 0.1390E-11      6
  607   20     0     -90      0     90  0.10632744E+01 -0.11932025E-02 0.5337E-12      7
  608   20     0     -89      0     89  0.10752448E+01 -0.12260735E-02 0.8030E-12      8
  609   20     0     -88      0     88  0.10876508E+01 -0.11933000E-02 0.1200E-11      7
  610   20     0     -87      0     87  0.10999469E+01 -0.10897459E-02 0.1827E-11      7
  611   20     0     -86      0     86  0.11112943E+01 -0.91419360E-03 0.1477E-11      5
  612   20     0     -85      0     85  0.11218233E+01 -0.87874005E-03 0.3913E-11      7
  613   20     0     -84      1     85  0.11337042E+01 -0.94587057E-03 0.3437E-11      7
  614   20     0     -83      1     84  0.11471079E+01 -0.92192057E-03 0.2600E-11      8
  615   20     0     -85      0     85  0.11612406E+01 -0.83835165E-03 0.6241E-12      7
  616   20     0     -84      0     84  0.11754679E+01 -0.71738840E-03 0.9700E-12      7
  617   20     0     -83      0     83  0.11887779E+01 -0.55861900E-03 0.2550E-11      5
  618   20     0     -80      0     80  0.12006901E+01 -0.48078242E-03 0.5004E-11      7
  619   20     0     -79      0     79  0.12139184E+01 -0.50341451E-03 0.7060E-12      7
  620   20     0     -78      0     78  0.12292173E+01 -0.47470848E-03 0.1381E-11      6
  621   20     0     -77      0     77  0.12455094E+01 -0.41579836E-03 0.2708E-11      7
  622   20     0     -76      0     76  0.12619929E+01 -0.34515514E-03 0.6983E-11      8
  623   20     0     -75      0     75  0.12774723E+01 -0.26108091E-03 0.4591E-11      5
  624   20     0     -74      0     74  0.12911246E+01 -0.21570128E-03 0.4792E-11      6
  625   20     0     -73      0     73  0.13062189E+01 -0.22525566E-03 0.8778E-11      7
  626   20     0     -72      0     72  0.13239128E+01 -0.21058715E-03 0.2320E-11      7
  627   20     0     -71      0     71  0.13428660E+01 -0.18220046E-03 0.2535E-11      5
  628   20     0     -70      0     70  0.13620872E+01 -0.14921706E-03 0.1086E-10      6
  629   20     0     -69      0     69  0.13799987E+01 -0.10986733E-03 0.9354E-11      6
  630   20     0     -68      0     68  0.13955731E+01 -0.91580957E-04 0.1737E-10      6
  631   20     0     -67      0     67  0.14133383E+01 -0.97883917E-04 0.5197E-11      5
  632   20     0     -66      0     66  0.14343030E+01 -0.91444158E-04 0.1957E-10      6
  633   20     0     -65      0     65  0.14566704E+01 -0.79702354E-04 0.4471E-10      6
  634   20     0     -64      0     64  0.14792153E+01 -0.65930080E-04 0.9696E-11      6
  635   20     0     -63      0     63  0.14998798E+01 -0.48628941E-04 0.2511E-10      7
  636   20     0     -62      0     62  0.15179208E+01 -0.42981875E-04 0.2845E-10      7
  637   20     0     -61      0     61  0.15391711E+01 -0.46653677E-04 0.6289E-10      6
  638   20     0     -60      0     60  0.15640434E+01 -0.43564524E-04 0.6418E-10      5
  639   20     0     -59      0     59  0.15905118E+01 -0.37983245E-04 0.1918E-10      5
  640   20     0     -58      0     58  0.16173482E+01 -0.31442660E-04 0.2605E-10      6
  641   20     0     -57      0     57  0.16423078E+01 -0.23169989E-04 0.9901E-10      5
  642   20     0     -56      0     56  0.16637494E+01 -0.19456308E-04 0.5388E-10      5
  Time elapsed :      6.645 s

Mode Search
-----------

Mode parameters
   l : 21
   m : 0

Building frequency grid (REAL axis)
   added scan interval :  0.5233E+00 ->  0.2105E+01 (3000 points, INVERSE)

Building spatial grid
   Scaffold grid from model
   Split 133 subinterval(s) in iteration 1
   Split 30 subinterval(s) in iteration 2
   Split 0 subinterval(s) in iteration 3
   Final grid has 1 segment(s) and 7328 point(s):
      Segment 1 : x range 0.0000 -> 1.0010 (1 -> 7328)

Starting search (adiabatic)

Scanning frequencies
  Time elapsed :    35.315 s

Finding roots
  Time elapsed :      8.528 s

Processing modes
   id    l     m    n_pg    n_p    n_g       Re(omega)       Im(omega)        chi n_iter
  678   21     0    -173      0    173  0.59163045E+00  0.00000000E+00 0.1997E-12      6
  679   21     0    -172      0    172  0.59508277E+00  0.00000000E+00 0.3820E-12      5
  680   21     0    -171      0    171  0.59834065E+00  0.00000000E+00 0.6570E-13      5
  681   21     0    -170      0    170  0.60157042E+00  0.00000000E+00 0.1923E-12      5
  682   21     0    -169      0    169  0.60505524E+00  0.00000000E+00 0.8933E-13      5
  683   21     0    -168      0    168  0.60877143E+00  0.00000000E+00 0.7342E-13      5
  684   21     0    -167      0    167  0.61257025E+00  0.00000000E+00 0.5796E-13      6
  685   21     0    -166      0    166  0.61629150E+00  0.00000000E+00 0.3112E-12      5
  686   21     0    -165      0    165  0.61979450E+00  0.00000000E+00 0.4426E-12      5
  687   21     0    -164      0    164  0.62323421E+00  0.00000000E+00 0.1478E-12      6
  688   21     0    -163      0    163  0.62694793E+00  0.00000000E+00 0.1187E-13      6
  689   21     0    -162      0    162  0.63092732E+00  0.00000000E+00 0.8788E-12      5
  690   21     0    -161      0    161  0.63500640E+00  0.00000000E+00 0.9756E-12      5
  691   21     0    -160      0    160  0.63901164E+00  0.00000000E+00 0.2302E-12      6
  692   21     0    -159      0    159  0.64278383E+00  0.00000000E+00 0.4927E-13      6
  693   21     0    -158      0    158  0.64646591E+00  0.00000000E+00 0.1473E-14      5
  694   21     0    -157      0    157  0.65043465E+00  0.00000000E+00 0.8384E-12      5
  695   21     0    -156      0    156  0.65470289E+00  0.00000000E+00 0.5792E-12      5
  696   21     0    -155      0    155  0.65909301E+00  0.00000000E+00 0.4759E-13      5
  697   21     0    -154      0    154  0.66341488E+00  0.00000000E+00 0.1170E-12      6
  698   21     0    -153      0    153  0.66748287E+00  0.00000000E+00 0.1024E-12      5
  699   21     0    -152      0    152  0.67143594E+00  0.00000000E+00 0.3366E-12      6
  700   21     0    -151      0    151  0.67570394E+00  0.00000000E+00 0.2603E-12      5
  701   21     0    -150      0    150  0.68031008E+00  0.00000000E+00 0.1661E-12      5
  702   21     0    -149      0    149  0.68505423E+00  0.00000000E+00 0.4959E-12      5
  703   21     0    -148      0    148  0.68972558E+00  0.00000000E+00 0.7329E-13      6
  704   21     0    -147      0    147  0.69411510E+00  0.00000000E+00 0.1160E-12      5
  705   21     0    -146      0    146  0.69836876E+00  0.00000000E+00 0.4126E-12      6
  706   21     0    -145      0    145  0.70296937E+00  0.00000000E+00 0.6808E-12      5
  707   21     0    -144      0    144  0.70794790E+00  0.00000000E+00 0.6715E-12      5
  708   21     0    -143      0    143  0.71308763E+00  0.00000000E+00 0.2223E-12      5
  709   21     0    -142      0    142  0.71816163E+00  0.00000000E+00 0.1257E-12      6
  710   21     0    -141      0    141  0.72292547E+00  0.00000000E+00 0.2045E-13      5
  711   21     0    -140      0    140  0.72750886E+00  0.00000000E+00 0.1258E-12      5
  712   21     0    -139      0    139  0.73247830E+00  0.00000000E+00 0.1954E-12      6
  713   21     0    -138      0    138  0.73788932E+00  0.00000000E+00 0.2765E-12      5
  714   21     0    -137      0    137  0.74349239E+00  0.00000000E+00 0.3165E-12      5
  715   21     0    -136      0    136  0.74903024E+00  0.00000000E+00 0.4896E-12      6
  716   21     0    -135      0    135  0.75422154E+00  0.00000000E+00 0.3837E-13      5
  717   21     0    -134      0    134  0.75919704E+00  0.00000000E+00 0.1442E-12      5
  718   21     0    -133      0    133  0.76460065E+00  0.00000000E+00 0.1260E-12      6
  719   21     0    -132      0    132  0.77049879E+00  0.00000000E+00 0.5097E-13      5
  720   21     0    -131      0    131  0.77661585E+00  0.00000000E+00 0.7264E-14      6
  721   21     0    -130      0    130  0.78267898E+00  0.00000000E+00 0.4681E-12      6
  722   21     0    -129      0    129  0.78837791E+00  0.00000000E+00 0.2819E-12      5
  723   21     0    -128      0    128  0.79380019E+00  0.00000000E+00 0.4652E-12      5
  724   21     0    -127      0    127  0.79966570E+00  0.00000000E+00 0.4167E-13      6
  725   21     0    -126      0    126  0.80610462E+00  0.00000000E+00 0.6045E-13      5
  726   21     0    -125      0    125  0.81281588E+00  0.00000000E+00 0.4333E-12      5
  727   21     0    -124      0    124  0.81949260E+00  0.00000000E+00 0.4552E-12      6
  728   21     0    -123      0    123  0.82576872E+00  0.00000000E+00 0.1633E-12      6
  729   21     0    -122      0    122  0.83169057E+00  0.00000000E+00 0.1522E-12      6
  730   21     0    -121      0    121  0.83809856E+00  0.00000000E+00 0.1548E-12      5
  731   21     0    -120      0    120  0.84517277E+00  0.00000000E+00 0.1329E-13      5
  732   21     0    -119      0    119  0.85256654E+00  0.00000000E+00 0.1133E-12      5
  733   21     0    -118      0    118  0.85994630E+00  0.00000000E+00 0.1583E-12      6
  734   21     0    -117      0    117  0.86691732E+00  0.00000000E+00 0.2501E-12      6
  735   21     0    -116      0    116  0.87344755E+00  0.00000000E+00 0.1788E-12      5
  736   21     0    -115      0    115  0.88043787E+00  0.00000000E+00 0.1617E-12      5
  737   21     0    -114      0    114  0.88819423E+00  0.00000000E+00 0.1066E-12      6
  738   21     0    -113      0    113  0.89635717E+00  0.00000000E+00 0.2161E-12      5
  739   21     0    -112      0    112  0.90456508E+00  0.00000000E+00 0.2619E-12      6
  740   21     0    -111      0    111  0.91236857E+00  0.00000000E+00 0.4951E-14      5
  741   21     0    -110      0    110  0.91957390E+00  0.00000000E+00 0.1372E-12      5
  742   21     0    -109      0    109  0.92718027E+00  0.00000000E+00 0.3160E-12      6
  743   21     0    -108      0    108  0.93571515E+00  0.00000000E+00 0.1345E-12      5
  744   21     0    -107      0    107  0.94477074E+00  0.00000000E+00 0.6177E-12      5
  745   21     0    -106      0    106  0.95392794E+00  0.00000000E+00 0.6919E-13      6
  746   21     0    -105      0    105  0.96269703E+00  0.00000000E+00 0.2259E-13      6
  747   21     0    -104      0    104  0.97074149E+00  0.00000000E+00 0.2599E-12      5
  748   21     0    -103      0    103  0.97906356E+00  0.00000000E+00 0.5688E-13      6
  749   21     0    -102      0    102  0.98845176E+00  0.00000000E+00 0.1234E-12      6
  750   21     0    -101      0    101  0.99850313E+00  0.00000000E+00 0.1519E-12      5
  751   21     0    -100      0    100  0.10087578E+01  0.00000000E+00 0.2424E-12      6
  752   21     0     -99      0     99  0.10187064E+01  0.00000000E+00 0.6564E-13      6
  753   21     0     -98      0     98  0.10277816E+01  0.00000000E+00 0.1194E-13      5
  754   21     0     -97      0     97  0.10368110E+01  0.00000000E+00 0.1652E-12      6
  755   21     0     -96      0     96  0.10470787E+01  0.00000000E+00 0.5117E-13      6
  756   21     0     -95      0     95  0.10582507E+01  0.00000000E+00 0.9611E-13      5
  757   21     0     -94      0     94  0.10697619E+01  0.00000000E+00 0.1954E-12      6
  758   21     0     -93      0     93  0.10810636E+01  0.00000000E+00 0.7733E-13      6
  759   21     0     -92      0     92  0.10913997E+01  0.00000000E+00 0.1511E-12      6
  760   21     0     -91      0     91  0.11012768E+01  0.00000000E+00 0.1407E-12      6
  761   21     0     -90      0     90  0.11124946E+01  0.00000000E+00 0.9461E-13      6
  762   21     0     -89      0     89  0.11249092E+01  0.00000000E+00 0.1148E-12      6
  763   21     0     -88      0     88  0.11378359E+01  0.00000000E+00 0.5399E-13      6
  764   21     0     -87      0     87  0.11507122E+01  0.00000000E+00 0.3484E-13      6
  765   21     0     -86      0     86  0.11626876E+01  0.00000000E+00 0.3346E-13      6
  766   21     0     -85      0     85  0.11736679E+01  0.00000000E+00 0.5176E-13      6
  767   21     0     -84      0     84  0.11858764E+01  0.00000000E+00 0.6258E-13      5
  768   21     0     -83      0     83  0.11997489E+01  0.00000000E+00 0.5988E-13      6
  769   21     0     -82      0     82  0.12144479E+01  0.00000000E+00 0.1242E-12      5
  770   21     0     -81      0     81  0.12293047E+01  0.00000000E+00 0.5646E-14      6
  771   21     0     -80      0     80  0.12433039E+01  0.00000000E+00 0.2029E-12      6
  772   21     0     -79      0     79  0.12557521E+01  0.00000000E+00 0.7258E-13      5
  773   21     0     -78      0     78  0.12693361E+01  0.00000000E+00 0.1865E-12      6
  774   21     0     -77      0     77  0.12851485E+01  0.00000000E+00 0.2487E-12      5
  775   21     0     -76      0     76  0.13020668E+01  0.00000000E+00 0.1397E-13      5
  776   21     0     -75      0     75  0.13192376E+01  0.00000000E+00 0.6501E-13      5
  777   21     0     -74      0     74  0.13354554E+01  0.00000000E+00 0.4325E-14      6
  778   21     0     -73      0     73  0.13497026E+01  0.00000000E+00 0.1550E-12      6
  779   21     0     -72      0     72  0.13652173E+01  0.00000000E+00 0.5644E-13      6
  780   21     0     -71      0     71  0.13834975E+01  0.00000000E+00 0.1774E-12      6
  781   21     0     -70      0     70  0.14031538E+01  0.00000000E+00 0.4830E-13      5
  782   21     0     -69      0     69  0.14231477E+01  0.00000000E+00 0.2780E-13      6
  783   21     0     -68      0     68  0.14419098E+01  0.00000000E+00 0.4579E-13      6
  784   21     0     -67      0     67  0.14581551E+01  0.00000000E+00 0.8287E-13      6
  785   21     0     -66      0     66  0.14763702E+01  0.00000000E+00 0.6458E-14      6
  786   21     0     -65      0     65  0.14979938E+01  0.00000000E+00 0.4405E-13      5
  787   21     0     -64      0     64  0.15211537E+01  0.00000000E+00 0.3538E-12      5
  788   21     0     -63      0     63  0.15445995E+01  0.00000000E+00 0.4550E-13      5
  789   21     0     -62      0     62  0.15663656E+01  0.00000000E+00 0.1103E-13      6
  790   21     0     -61      0     61  0.15851710E+01  0.00000000E+00 0.1322E-12      6
  791   21     0     -60      0     60  0.16067337E+01  0.00000000E+00 0.3171E-13      6
  792   21     0     -59      0     59  0.16322550E+01  0.00000000E+00 0.1233E-12      6
  793   21     0     -58      0     58  0.16595912E+01  0.00000000E+00 0.1785E-12      5
  794   21     0     -57      0     57  0.16874973E+01  0.00000000E+00 0.7673E-13      6
  Time elapsed :      2.188 s

Starting search (non-adiabatic)

Finding roots
  Time elapsed :    158.425 s

Processing modes
   id    l     m    n_pg    n_p    n_g       Re(omega)       Im(omega)        chi n_iter
  678   21     0    -173      1    174  0.59131515E+00 -0.13544237E-02 0.8826E-12     10
  679   21     0    -172      1    173  0.59479455E+00 -0.12998684E-02 0.1153E-12      8
  680   21     0    -171      1    172  0.59805992E+00 -0.12241147E-02 0.3551E-12      9
  681   21     0    -170      1    171  0.60124929E+00 -0.12732811E-02 0.4032E-12      9
  682   21     0    -169      1    170  0.60470873E+00 -0.13906520E-02 0.1050E-12      8
  683   21     0    -168      1    169  0.60841830E+00 -0.14579358E-02 0.3623E-12      9
  684   21     0    -167      1    168  0.61222273E+00 -0.14659511E-02 0.8148E-12      8
  685   21     0    -166      1    167  0.61596606E+00 -0.14072313E-02 0.5971E-12      9
  686   21     0    -165      1    166  0.61947692E+00 -0.13111511E-02 0.1106E-11      9
  687   21     0    -164      1    165  0.62286610E+00 -0.13456646E-02 0.6026E-12      7
  688   21     0    -163      1    164  0.62654152E+00 -0.14689331E-02 0.1709E-12      8
  689   21     0    -161      1    162  0.63458567E+00 -0.15354559E-02 0.5628E-12     12
  690   21     0    -160      1    161  0.63861288E+00 -0.14654100E-02 0.5450E-12     10
  691   21     0    -159      1    160  0.64240047E+00 -0.13512561E-02 0.3526E-12      9
  692   21     0    -158      1    159  0.64603393E+00 -0.13633148E-02 0.2855E-12      9
  693   21     0    -157      1    158  0.64995913E+00 -0.14781199E-02 0.7536E-12      8
  694   21     0    -156      1    157  0.65421241E+00 -0.15381897E-02 0.6089E-12      9
  695   21     0    -155      1    156  0.65860759E+00 -0.15302030E-02 0.5728E-12     10
  696   21     0    -154      1    155  0.66295942E+00 -0.14527933E-02 0.5675E-12      9
  697   21     0    -153      1    154  0.66705614E+00 -0.13273901E-02 0.1973E-12      9
  698   21     0    -152      1    153  0.67096940E+00 -0.13264910E-02 0.2017E-12     10
  699   21     0    -151      1    152  0.67519557E+00 -0.14361601E-02 0.7333E-12      9
  700   21     0    -150      1    151  0.67979089E+00 -0.14903124E-02 0.3464E-12      9
  701   21     0    -149      1    150  0.68454632E+00 -0.14749509E-02 0.3624E-12      9
  702   21     0    -148      1    149  0.68925475E+00 -0.13909238E-02 0.4270E-12      9
  703   21     0    -147      1    148  0.69368277E+00 -0.12600846E-02 0.6534E-12     10
  704   21     0    -146      0    146  0.69790820E+00 -0.12514704E-02 0.2433E-13      8
  705   21     0    -145      0    145  0.70247504E+00 -0.13500128E-02 0.2103E-12      8
  706   21     0    -144      0    144  0.70745109E+00 -0.13937282E-02 0.5149E-12     10
  707   21     0    -143      0    143  0.71261086E+00 -0.13721460E-02 0.2881E-12     10
  708   21     0    -142      0    142  0.71772909E+00 -0.12873880E-02 0.4877E-12     10
  709   21     0    -141      0    141  0.72254126E+00 -0.11555080E-02 0.3316E-12      9
  710   21     0    -140      0    140  0.72711180E+00 -0.11393852E-02 0.1933E-12      9
  711   21     0    -139      0    139  0.73205981E+00 -0.12327562E-02 0.1140E-11     10
  712   21     0    -138      0    138  0.73747848E+00 -0.12738803E-02 0.4980E-12      9
  713   21     0    -137      0    137  0.74310839E+00 -0.12534629E-02 0.4014E-12      9
  714   21     0    -136      0    136  0.74869133E+00 -0.11744179E-02 0.1347E-11      9
  715   21     0    -135      0    135  0.75392870E+00 -0.10516562E-02 0.8956E-12      9
  716   21     0    -134      0    134  0.75889959E+00 -0.10406748E-02 0.9068E-13      8
  717   21     0    -133      0    133  0.76429273E+00 -0.11317805E-02 0.1232E-11     10
  718   21     0    -132      0    132  0.77020275E+00 -0.11731714E-02 0.1168E-11     10
  719   21     0    -131      0    131  0.77634471E+00 -0.11584161E-02 0.7831E-13      8
  720   21     0    -130      0    130  0.78244452E+00 -0.10903582E-02 0.3788E-12      9
  721   21     0    -129      0    129  0.78818046E+00 -0.97790515E-03 0.1606E-12     10
  722   21     0    -128      0    128  0.79360306E+00 -0.96182150E-03 0.7905E-12     10
  723   21     0    -127      0    127  0.79946517E+00 -0.10492388E-02 0.2159E-12     10
  724   21     0    -126      0    126  0.80591777E+00 -0.10927514E-02 0.7384E-12      9
  725   21     0    -125      0    125  0.81265162E+00 -0.10820859E-02 0.1422E-11      8
  726   21     0    -124      0    124  0.81935829E+00 -0.10197064E-02 0.5395E-12      9
  727   21     0    -123      0    123  0.82566305E+00 -0.91009185E-03 0.6234E-12      9
  728   21     0    -122      0    122  0.83158748E+00 -0.89093305E-03 0.4696E-12      9
  729   21     0    -121      0    121  0.83800054E+00 -0.97838794E-03 0.1608E-11      9
  730   21     0    -120      0    120  0.84509231E+00 -0.10240068E-02 0.8106E-12      9
  731   21     0    -119      0    119  0.85250739E+00 -0.10193339E-02 0.1306E-11      9
  732   21     0    -118      0    118  0.85991027E+00 -0.96888275E-03 0.1507E-11      9
  733   21     0    -117      0    117  0.86690013E+00 -0.87176889E-03 0.7622E-12      9
  734   21     0    -115      0    115  0.88043544E+00 -0.93579484E-03 0.3892E-12     12
  735   21     0    -116      0    116  0.87343356E+00 -0.84716142E-03 0.1174E-11      8
  736   21     0    -114      0    114  0.88821174E+00 -0.99316906E-03 0.1199E-11     10
  737   21     0    -113      0    113  0.89639395E+00 -0.10020083E-02 0.2219E-11      9
  738   21     0    -112      0    112  0.90461901E+00 -0.96591407E-03 0.5369E-12      9
  739   21     0    -111      0    111  0.91243255E+00 -0.87369768E-03 0.5185E-12      9
  740   21     0    -110      0    110  0.91963714E+00 -0.83220942E-03 0.1836E-11     10
  741   21     0    -109      0    109  0.92726038E+00 -0.92692941E-03 0.1938E-11     10
  742   21     0    -108      0    108  0.93582004E+00 -0.99769040E-03 0.2802E-11      8
  743   21     0    -107      0    107  0.94489554E+00 -0.10153064E-02 0.2621E-11      8
  744   21     0    -106      0    106  0.95406712E+00 -0.98829488E-03 0.1454E-12     10
  745   21     0    -105      0    105  0.96283986E+00 -0.90278525E-03 0.9167E-12      9
  746   21     0    -104      0    104  0.97087888E+00 -0.84692574E-03 0.3892E-12      8
  747   21     0    -103      0    103  0.97922388E+00 -0.94511809E-03 0.7929E-12      8
  748   21     0    -102      0    102  0.98864530E+00 -0.10381562E-02 0.1020E-11     10
  749   21     0    -101      0    101  0.99872055E+00 -0.10782474E-02 0.4228E-12      9
  750   21     0    -100      0    100  0.10089898E+01 -0.10754059E-02 0.1884E-12      9
  751   21     0     -99      0     99  0.10189378E+01 -0.10071818E-02 0.8736E-12     10
  752   21     0     -98      0     98  0.10279954E+01 -0.92300164E-03 0.8401E-12      9
  753   21     0     -97      0     97  0.10370441E+01 -0.10211900E-02 0.1696E-11     10
  754   21     0     -96      0     96  0.10473515E+01 -0.11504949E-02 0.1698E-11      8
  755   21     0     -95      0     95  0.10585454E+01 -0.12088076E-02 0.7133E-12     10
  756   21     0     -94      0     94  0.10700629E+01 -0.12104519E-02 0.1161E-11      9
  757   21     0     -93      0     93  0.10813524E+01 -0.11363031E-02 0.2076E-11      8
  758   21     0     -92      0     92  0.10916530E+01 -0.10033826E-02 0.3972E-12      8
  759   21     0     -91      0     91  0.11015300E+01 -0.10564749E-02 0.6918E-12     10
  760   21     0     -90      0     90  0.11127820E+01 -0.11864852E-02 0.2064E-11      9
  761   21     0     -89      0     89  0.11252082E+01 -0.12262957E-02 0.6554E-12     10
  762   21     0     -88      0     88  0.11381282E+01 -0.11984353E-02 0.8189E-12      9
  763   21     0     -87      0     87  0.11509823E+01 -0.11007907E-02 0.2197E-12     10
  764   21     0     -86      0     86  0.11629152E+01 -0.92517331E-03 0.9517E-12     10
  765   21     0     -85      0     85  0.11738731E+01 -0.87052259E-03 0.7377E-12     10
  766   21     0     -84      1     85  0.11861021E+01 -0.93873539E-03 0.2124E-11      9
  767   21     0     -83      1     84  0.11999789E+01 -0.91914419E-03 0.2506E-11      9
  768   21     0     -82      1     83  0.12146669E+01 -0.83707439E-03 0.1283E-11      9
  769   21     0     -81      1     82  0.12295029E+01 -0.71817750E-03 0.7819E-12      9
  770   21     0     -83      0     83  0.12434674E+01 -0.56104787E-03 0.3169E-11      8
  771   21     0     -82      0     82  0.12558932E+01 -0.47262436E-03 0.1635E-11     10
  772   21     0     -81      0     81  0.12694917E+01 -0.49445176E-03 0.1536E-11      9
  773   21     0     -78      0     78  0.12853058E+01 -0.46854718E-03 0.3302E-11      9
  774   21     0     -77      0     77  0.13022133E+01 -0.41064032E-03 0.3751E-11      9
  775   21     0     -76      0     76  0.13193665E+01 -0.34119678E-03 0.2525E-11     10
  776   21     0     -75      0     75  0.13355581E+01 -0.25875319E-03 0.3374E-11      8
  777   21     0     -74      0     74  0.13497887E+01 -0.20983453E-03 0.6016E-11     10
  778   21     0     -73      0     73  0.13653107E+01 -0.21865388E-03 0.1208E-10      9
  779   21     0     -72      0     72  0.13835892E+01 -0.20517806E-03 0.4085E-11      9
  780   21     0     -71      0     71  0.14032366E+01 -0.17752521E-03 0.5167E-12      8
  781   21     0     -70      0     70  0.14232183E+01 -0.14560728E-03 0.1275E-10      8
  782   21     0     -69      0     69  0.14419638E+01 -0.10780914E-03 0.6665E-11      8
  783   21     0     -68      0     68  0.14582002E+01 -0.87918649E-04 0.1071E-10      9
  784   21     0     -67      0     67  0.14764197E+01 -0.94102252E-04 0.1968E-10      9
  785   21     0     -66      0     66  0.14980417E+01 -0.88623390E-04 0.7659E-11     10
  786   21     0     -65      0     65  0.15211967E+01 -0.77616898E-04 0.1478E-10      9
  787   21     0     -64      0     64  0.15446362E+01 -0.64711038E-04 0.1960E-10     11
  788   21     0     -63      0     63  0.15663935E+01 -0.48335177E-04 0.1407E-10      9
  789   21     0     -62      0     62  0.15851949E+01 -0.40952156E-04 0.1604E-10      8
  790   21     0     -61      0     61  0.16067602E+01 -0.44621808E-04 0.1305E-09      8
  791   21     0     -60      0     60  0.16322803E+01 -0.42052946E-04 0.1048E-09      9
  792   21     0     -59      0     59  0.16596136E+01 -0.36806645E-04 0.5764E-10      9
  793   21     0     -58      0     58  0.16875163E+01 -0.30767627E-04 0.5118E-11     10
  794   21     0     -57      0     57  0.17139957E+01 -0.23252781E-04 0.8870E-10      9
  Time elapsed :      7.180 s

Mode Search
-----------

Mode parameters
   l : 22
   m : 0

Building frequency grid (REAL axis)
   added scan interval :  0.5233E+00 ->  0.2105E+01 (3000 points, INVERSE)

Building spatial grid
   Scaffold grid from model
   Split 159 subinterval(s) in iteration 1
   Split 30 subinterval(s) in iteration 2
   Split 0 subinterval(s) in iteration 3
   Final grid has 1 segment(s) and 7354 point(s):
      Segment 1 : x range 0.0000 -> 1.0010 (1 -> 7354)

Starting search (adiabatic)

Scanning frequencies
  Time elapsed :    35.254 s

Finding roots
  Time elapsed :      9.093 s

Processing modes
   id    l     m    n_pg    n_p    n_g       Re(omega)       Im(omega)        chi n_iter
  830   22     0    -182      0    182  0.58825040E+00  0.00000000E+00 0.3168E-13      6
  831   22     0    -181      0    181  0.59146576E+00  0.00000000E+00 0.4269E-12      6
  832   22     0    -180      0    180  0.59486197E+00  0.00000000E+00 0.5066E-14      5
  833   22     0    -179      0    179  0.59831168E+00  0.00000000E+00 0.2862E-12      5
  834   22     0    -178      0    178  0.60167517E+00  0.00000000E+00 0.1368E-12      6
  835   22     0    -177      0    177  0.60485562E+00  0.00000000E+00 0.9551E-13      5
  836   22     0    -176      0    176  0.60802597E+00  0.00000000E+00 0.3640E-12      5
  837   22     0    -175      0    175  0.61144022E+00  0.00000000E+00 0.2646E-14      5
  838   22     0    -174      0    174  0.61506474E+00  0.00000000E+00 0.3339E-12      5
  839   22     0    -173      0    173  0.61875734E+00  0.00000000E+00 0.3754E-12      6
  840   22     0    -172      0    172  0.62236591E+00  0.00000000E+00 0.9396E-13      5
  841   22     0    -171      0    171  0.62577213E+00  0.00000000E+00 0.1181E-11      5
  842   22     0    -170      0    170  0.62914430E+00  0.00000000E+00 0.4750E-12      6
  843   22     0    -169      0    169  0.63278009E+00  0.00000000E+00 0.3791E-12      6
  844   22     0    -168      0    168  0.63665913E+00  0.00000000E+00 0.5199E-12      5
  845   22     0    -167      0    167  0.64062680E+00  0.00000000E+00 0.3878E-12      6
  846   22     0    -166      0    166  0.64451642E+00  0.00000000E+00 0.2405E-12      6
  847   22     0    -165      0    165  0.64817934E+00  0.00000000E+00 0.2360E-13      6
  848   22     0    -164      0    164  0.65176989E+00  0.00000000E+00 0.1265E-12      6
  849   22     0    -163      0    163  0.65564267E+00  0.00000000E+00 0.8825E-13      6
  850   22     0    -162      0    162  0.65979512E+00  0.00000000E+00 0.3030E-12      5
  851   22     0    -161      0    161  0.66405458E+00  0.00000000E+00 0.1840E-13      5
  852   22     0    -160      0    160  0.66824014E+00  0.00000000E+00 0.3972E-12      6
  853   22     0    -159      0    159  0.67218389E+00  0.00000000E+00 0.8353E-12      5
  854   22     0    -158      0    158  0.67602710E+00  0.00000000E+00 0.1134E-12      6
  855   22     0    -157      0    157  0.68016502E+00  0.00000000E+00 0.4094E-12      6
  856   22     0    -156      0    156  0.68461792E+00  0.00000000E+00 0.1591E-12      5
  857   22     0    -155      0    155  0.68920117E+00  0.00000000E+00 0.4414E-12      6
  858   22     0    -154      0    154  0.69371673E+00  0.00000000E+00 0.2440E-13      6
  859   22     0    -153      0    153  0.69796932E+00  0.00000000E+00 0.3980E-12      6
  860   22     0    -152      0    152  0.70209477E+00  0.00000000E+00 0.1764E-13      6
  861   22     0    -151      0    151  0.70654347E+00  0.00000000E+00 0.1341E-12      5
  862   22     0    -150      0    150  0.71134782E+00  0.00000000E+00 0.4102E-13      5
  863   22     0    -149      0    149  0.71629983E+00  0.00000000E+00 0.2437E-12      5
  864   22     0    -148      0    148  0.72117985E+00  0.00000000E+00 0.6125E-12      5
  865   22     0    -147      0    147  0.72576791E+00  0.00000000E+00 0.2490E-12      6
  866   22     0    -146      0    146  0.73020590E+00  0.00000000E+00 0.1753E-12      6
  867   22     0    -145      0    145  0.73500000E+00  0.00000000E+00 0.2278E-12      6
  868   22     0    -144      0    144  0.74019179E+00  0.00000000E+00 0.2862E-12      5
  869   22     0    -143      0    143  0.74555602E+00  0.00000000E+00 0.8459E-13      6
  870   22     0    -142      0    142  0.75085667E+00  0.00000000E+00 0.1626E-12      6
  871   22     0    -141      0    141  0.75583731E+00  0.00000000E+00 0.1808E-12      6
  872   22     0    -140      0    140  0.76061896E+00  0.00000000E+00 0.4835E-12      5
  873   22     0    -139      0    139  0.76579442E+00  0.00000000E+00 0.1509E-12      6
  874   22     0    -138      0    138  0.77143524E+00  0.00000000E+00 0.3204E-13      6
  875   22     0    -137      0    137  0.77728265E+00  0.00000000E+00 0.1380E-12      5
  876   22     0    -136      0    136  0.78306965E+00  0.00000000E+00 0.8980E-13      6
  877   22     0    -135      0    135  0.78850098E+00  0.00000000E+00 0.1358E-12      6
  878   22     0    -134      0    134  0.79369052E+00  0.00000000E+00 0.1967E-12      6
  879   22     0    -133      0    133  0.79931225E+00  0.00000000E+00 0.5366E-12      5
  880   22     0    -132      0    132  0.80545694E+00  0.00000000E+00 0.9228E-13      5
  881   22     0    -131      0    131  0.81183905E+00  0.00000000E+00 0.4986E-13      6
  882   22     0    -130      0    130  0.81817566E+00  0.00000000E+00 0.8855E-13      6
  883   22     0    -129      0    129  0.82414224E+00  0.00000000E+00 0.7405E-13      6
  884   22     0    -128      0    128  0.82979847E+00  0.00000000E+00 0.6770E-13      5
  885   22     0    -127      0    127  0.83589285E+00  0.00000000E+00 0.6839E-12      6
  886   22     0    -126      0    126  0.84259450E+00  0.00000000E+00 0.8057E-14      6
  887   22     0    -125      0    125  0.84959358E+00  0.00000000E+00 0.4626E-12      5
  888   22     0    -124      0    124  0.85657239E+00  0.00000000E+00 0.2538E-12      6
  889   22     0    -123      0    123  0.86314993E+00  0.00000000E+00 0.4426E-13      6
  890   22     0    -122      0    122  0.86932898E+00  0.00000000E+00 0.1651E-12      6
  891   22     0    -121      0    121  0.87597683E+00  0.00000000E+00 0.2170E-12      6
  892   22     0    -120      0    120  0.88333223E+00  0.00000000E+00 0.9382E-13      6
  893   22     0    -119      0    119  0.89103948E+00  0.00000000E+00 0.3510E-12      5
  894   22     0    -118      0    118  0.89875209E+00  0.00000000E+00 0.1420E-12      6
  895   22     0    -117      0    117  0.90606146E+00  0.00000000E+00 0.1413E-13      5
  896   22     0    -116      0    116  0.91287999E+00  0.00000000E+00 0.6814E-12      5
  897   22     0    -115      0    115  0.92012166E+00  0.00000000E+00 0.7439E-13      6
  898   22     0    -114      0    114  0.92817452E+00  0.00000000E+00 0.1982E-12      5
  899   22     0    -113      0    113  0.93667560E+00  0.00000000E+00 0.5595E-12      5
  900   22     0    -112      0    112  0.94524848E+00  0.00000000E+00 0.2149E-12      6
  901   22     0    -111      0    111  0.95343373E+00  0.00000000E+00 0.3468E-12      6
  902   22     0    -110      0    110  0.96096947E+00  0.00000000E+00 0.5966E-12      5
  903   22     0    -109      0    109  0.96883709E+00  0.00000000E+00 0.1635E-12      6
  904   22     0    -108      0    108  0.97768293E+00  0.00000000E+00 0.2422E-12      5
  905   22     0    -107      0    107  0.98710538E+00  0.00000000E+00 0.1395E-12      5
  906   22     0    -106      0    106  0.99666443E+00  0.00000000E+00 0.2506E-12      6
  907   22     0    -105      0    105  0.10058621E+01  0.00000000E+00 0.9990E-13      6
  908   22     0    -104      0    104  0.10142898E+01  0.00000000E+00 0.1589E-12      5
  909   22     0    -103      0    103  0.10228908E+01  0.00000000E+00 0.5390E-12      6
  910   22     0    -102      0    102  0.10326012E+01  0.00000000E+00 0.2960E-13      6
  911   22     0    -101      0    101  0.10430444E+01  0.00000000E+00 0.4054E-12      5
  912   22     0    -100      0    100  0.10537337E+01  0.00000000E+00 0.3029E-12      5
  913   22     0     -99      0     99  0.10641555E+01  0.00000000E+00 0.2260E-12      6
  914   22     0     -98      0     98  0.10736854E+01  0.00000000E+00 0.1891E-12      5
  915   22     0     -97      0     97  0.10830201E+01  0.00000000E+00 0.4050E-12      6
  916   22     0     -96      0     96  0.10936076E+01  0.00000000E+00 0.3351E-12      6
  917   22     0     -95      0     95  0.11051927E+01  0.00000000E+00 0.9745E-13      5
  918   22     0     -94      0     94  0.11171737E+01  0.00000000E+00 0.1014E-12      6
  919   22     0     -93      0     93  0.11289931E+01  0.00000000E+00 0.3358E-13      6
  920   22     0     -92      0     92  0.11398589E+01  0.00000000E+00 0.6904E-13      6
  921   22     0     -91      0     91  0.11500916E+01  0.00000000E+00 0.1056E-12      6
  922   22     0     -90      0     90  0.11616263E+01  0.00000000E+00 0.2565E-12      6
  923   22     0     -89      0     89  0.11744709E+01  0.00000000E+00 0.2816E-12      5
  924   22     0     -88      0     88  0.11878961E+01  0.00000000E+00 0.2698E-13      5
  925   22     0     -87      0     87  0.12013218E+01  0.00000000E+00 0.1978E-12      6
  926   22     0     -86      0     86  0.12138891E+01  0.00000000E+00 0.1838E-12      6
  927   22     0     -85      0     85  0.12253115E+01  0.00000000E+00 0.1245E-13      6
  928   22     0     -84      0     84  0.12378362E+01  0.00000000E+00 0.3703E-13      6
  929   22     0     -83      0     83  0.12521525E+01  0.00000000E+00 0.3906E-12      6
  930   22     0     -82      0     82  0.12673892E+01  0.00000000E+00 0.3111E-12      5
  931   22     0     -81      0     81  0.12828422E+01  0.00000000E+00 0.3463E-14      6
  932   22     0     -80      0     80  0.12974939E+01  0.00000000E+00 0.2809E-12      6
  933   22     0     -79      0     79  0.13104688E+01  0.00000000E+00 0.3365E-13      6
  934   22     0     -78      0     78  0.13243926E+01  0.00000000E+00 0.9669E-13      6
  935   22     0     -77      0     77  0.13406867E+01  0.00000000E+00 0.1695E-12      6
  936   22     0     -76      0     76  0.13581980E+01  0.00000000E+00 0.2023E-12      5
  937   22     0     -75      0     75  0.13760220E+01  0.00000000E+00 0.1716E-12      6
  938   22     0     -74      0     74  0.13929489E+01  0.00000000E+00 0.2066E-12      6
  939   22     0     -73      0     73  0.14077854E+01  0.00000000E+00 0.1204E-12      6
  940   22     0     -72      0     72  0.14236890E+01  0.00000000E+00 0.1853E-12      6
  941   22     0     -71      0     71  0.14425120E+01  0.00000000E+00 0.4345E-14      6
  942   22     0     -70      0     70  0.14628348E+01  0.00000000E+00 0.3870E-12      5
  943   22     0     -69      0     69  0.14835739E+01  0.00000000E+00 0.1977E-12      6
  944   22     0     -68      0     68  0.15031882E+01  0.00000000E+00 0.5667E-13      6
  945   22     0     -67      0     67  0.15201293E+01  0.00000000E+00 0.7173E-13      6
  946   22     0     -66      0     66  0.15387174E+01  0.00000000E+00 0.9215E-13      6
  947   22     0     -65      0     65  0.15609231E+01  0.00000000E+00 0.3413E-13      6
  948   22     0     -64      0     64  0.15848231E+01  0.00000000E+00 0.1499E-12      5
  949   22     0     -63      0     63  0.16091374E+01  0.00000000E+00 0.4979E-14      6
  950   22     0     -62      0     62  0.16320328E+01  0.00000000E+00 0.1011E-12      6
  951   22     0     -61      0     61  0.16517013E+01  0.00000000E+00 0.1602E-12      6
  952   22     0     -60      0     60  0.16734311E+01  0.00000000E+00 0.3061E-13      6
  Time elapsed :      2.566 s

Starting search (non-adiabatic)

Finding roots
  Time elapsed :    166.834 s

Processing modes
   id    l     m    n_pg    n_p    n_g       Re(omega)       Im(omega)        chi n_iter
  830   22     0    -182      1    183  0.58794043E+00 -0.11345618E-02 0.4187E-12      8
  831   22     0    -181      1    182  0.59114314E+00 -0.12249038E-02 0.1948E-12      8
  832   22     0    -180      1    181  0.59454327E+00 -0.12738781E-02 0.1337E-12      9
  833   22     0    -179      1    180  0.59800944E+00 -0.12736703E-02 0.1098E-11      8
  834   22     0    -178      1    179  0.60140152E+00 -0.12188616E-02 0.8701E-13      8
  835   22     0    -177      1    178  0.60459062E+00 -0.11520354E-02 0.4664E-12      9
  836   22     0    -176      1    177  0.60773042E+00 -0.12018607E-02 0.8475E-12      8
  837   22     0    -175      1    176  0.61113005E+00 -0.13054237E-02 0.8573E-12      7
  838   22     0    -174      1    175  0.61475748E+00 -0.13627750E-02 0.1391E-11      9
  839   22     0    -173      1    174  0.61846462E+00 -0.13668950E-02 0.1190E-11      8
  840   22     0    -172      1    173  0.62209988E+00 -0.13121000E-02 0.2092E-12      7
  841   22     0    -171      1    172  0.62551376E+00 -0.12359477E-02 0.8697E-12      9
  842   22     0    -170      1    171  0.62884859E+00 -0.12848350E-02 0.5730E-12      8
  843   22     0    -169      1    170  0.63246224E+00 -0.14031163E-02 0.8719E-12      9
  844   22     0    -168      1    169  0.63633694E+00 -0.14715794E-02 0.4972E-12      9
  845   22     0    -167      1    168  0.64031134E+00 -0.14804634E-02 0.1660E-12      9
  846   22     0    -166      1    167  0.64422252E+00 -0.14221927E-02 0.1057E-11      8
  847   22     0    -165      1    166  0.64789288E+00 -0.13261182E-02 0.3193E-12      9
  848   22     0    -164      1    165  0.65143614E+00 -0.13610224E-02 0.6274E-12      9
  849   22     0    -163      1    164  0.65527450E+00 -0.14866626E-02 0.4135E-12      8
  850   22     0    -162      1    163  0.65941436E+00 -0.15560385E-02 0.5087E-12      7
  851   22     0    -161      1    162  0.66367508E+00 -0.15577558E-02 0.2664E-12      7
  852   22     0    -160      1    161  0.66788108E+00 -0.14886477E-02 0.8084E-12      7
  853   22     0    -159      1    160  0.67183808E+00 -0.13745035E-02 0.2640E-12      8
  854   22     0    -158      1    159  0.67563444E+00 -0.13876956E-02 0.7745E-12     12
  855   22     0    -157      1    158  0.67973208E+00 -0.15059510E-02 0.4327E-12     11
  856   22     0    -156      1    157  0.68417146E+00 -0.15692107E-02 0.4381E-12      9
  857   22     0    -154      1    155  0.69330194E+00 -0.14859394E-02 0.1691E-12     11
  858   22     0    -153      1    154  0.69757981E+00 -0.13591994E-02 0.3743E-12     10
  859   22     0    -152      1    153  0.70166592E+00 -0.13586099E-02 0.4675E-12      9
  860   22     0    -151      1    152  0.70607517E+00 -0.14718017E-02 0.8115E-12     10
  861   22     0    -150      1    151  0.71086935E+00 -0.15287204E-02 0.5733E-12      8
  862   22     0    -149      1    150  0.71583141E+00 -0.15142224E-02 0.2087E-12      9
  863   22     0    -148      1    149  0.72074548E+00 -0.14290792E-02 0.1843E-12     10
  864   22     0    -147      1    148  0.72536856E+00 -0.12951835E-02 0.3095E-12      9
  865   22     0    -146      0    146  0.72977839E+00 -0.12854365E-02 0.1021E-11     11
  866   22     0    -145      0    145  0.73454066E+00 -0.13867231E-02 0.1078E-11      9
  867   22     0    -144      0    144  0.73973055E+00 -0.14321686E-02 0.6799E-12      8
  868   22     0    -143      0    143  0.74511378E+00 -0.14104018E-02 0.2636E-12     10
  869   22     0    -142      0    142  0.75045605E+00 -0.13238371E-02 0.9207E-12      8
  870   22     0    -141      0    141  0.75548207E+00 -0.11880715E-02 0.1232E-11      8
  871   22     0    -140      0    140  0.76025139E+00 -0.11689432E-02 0.1069E-11      9
  872   22     0    -139      0    139  0.76540754E+00 -0.12641844E-02 0.3106E-12      9
  873   22     0    -138      0    138  0.77105682E+00 -0.13067680E-02 0.7714E-12      9
  874   22     0    -137      0    137  0.77693037E+00 -0.12861567E-02 0.5776E-12      9
  875   22     0    -136      0    136  0.78276019E+00 -0.12058218E-02 0.2153E-12      9
  876   22     0    -135      0    135  0.78823520E+00 -0.10793199E-02 0.7402E-12      9
  877   22     0    -134      0    134  0.79342114E+00 -0.10636198E-02 0.9808E-12      7
  878   22     0    -133      0    133  0.79903447E+00 -0.11561101E-02 0.4425E-12     10
  879   22     0    -132      0    132  0.80519196E+00 -0.11991275E-02 0.9445E-12      9
  880   22     0    -131      0    131  0.81159851E+00 -0.11844599E-02 0.8044E-12      9
  881   22     0    -130      0    130  0.81796983E+00 -0.11158813E-02 0.4290E-12      9
  882   22     0    -129      0    129  0.82397121E+00 -0.10003927E-02 0.1451E-11      8
  883   22     0    -128      0    128  0.82962880E+00 -0.97772020E-03 0.1649E-11      8
  884   22     0    -127      0    127  0.83572194E+00 -0.10654072E-02 0.8879E-12      9
  885   22     0    -126      0    126  0.84243842E+00 -0.11107347E-02 0.6575E-12      9
  886   22     0    -125      0    125  0.84945987E+00 -0.11005882E-02 0.6545E-12     10
  887   22     0    -124      0    124  0.85646685E+00 -0.10386534E-02 0.3610E-12     10
  888   22     0    -123      0    123  0.86307078E+00 -0.92701791E-03 0.4607E-12      9
  889   22     0    -122      0    122  0.86925314E+00 -0.89951279E-03 0.8112E-12     10
  890   22     0    -121      0    121  0.87590824E+00 -0.98658870E-03 0.4845E-12      9
  891   22     0    -120      0    120  0.88328256E+00 -0.10346687E-02 0.4993E-12      9
  892   22     0    -119      0    119  0.89101110E+00 -0.10312398E-02 0.1279E-11      9
  893   22     0    -118      0    118  0.89874540E+00 -0.98225692E-03 0.6739E-12     10
  894   22     0    -117      0    117  0.90607137E+00 -0.88462520E-03 0.1253E-12      9
  895   22     0    -116      0    116  0.91289293E+00 -0.85078776E-03 0.1483E-11      9
  896   22     0    -115      0    115  0.92014821E+00 -0.93754435E-03 0.7189E-12      8
  897   22     0    -114      0    114  0.92822289E+00 -0.99764758E-03 0.1347E-11      9
  898   22     0    -113      0    113  0.93674374E+00 -0.10081070E-02 0.7418E-12      8
  899   22     0    -112      0    112  0.94533291E+00 -0.97414186E-03 0.1854E-11     10
  900   22     0    -111      0    111  0.95352612E+00 -0.88328668E-03 0.6616E-12      9
  901   22     0    -110      0    110  0.96105978E+00 -0.83125819E-03 0.9075E-12      9
  902   22     0    -109      0    109  0.96894608E+00 -0.92138134E-03 0.5271E-12      8
  903   22     0    -108      0    108  0.97781945E+00 -0.99534021E-03 0.9815E-12      9
  904   22     0    -107      0    107  0.98726298E+00 -0.10151618E-02 0.7946E-12      9
  905   22     0    -106      0    106  0.99683626E+00 -0.99110514E-03 0.2259E-12      9
  906   22     0    -105      0    105  0.10060361E+01 -0.90915001E-03 0.1513E-11      9
  907   22     0    -104      0    104  0.10144560E+01 -0.84339875E-03 0.1272E-11      8
  908   22     0    -103      0    103  0.10230811E+01 -0.93417430E-03 0.2435E-11      8
  909   22     0    -102      0    102  0.10328287E+01 -0.10312975E-02 0.2703E-12     10
  910   22     0    -101      0    101  0.10432982E+01 -0.10747586E-02 0.1213E-11      9
  911   22     0    -100      0    100  0.10540032E+01 -0.10758098E-02 0.3799E-12     11
  912   22     0     -99      0     99  0.10644238E+01 -0.10137424E-02 0.1512E-11      8
  913   22     0     -98      0     98  0.10739330E+01 -0.92214853E-03 0.1254E-11      9
  914   22     0     -97      0     97  0.10832863E+01 -0.10060832E-02 0.1106E-12      9
  915   22     0     -96      0     96  0.10939192E+01 -0.11397134E-02 0.9039E-12      9
  916   22     0     -95      0     95  0.11055303E+01 -0.12025581E-02 0.7547E-13      8
  917   22     0     -94      0     94  0.11175194E+01 -0.12086995E-02 0.1762E-11      9
  918   22     0     -93      0     93  0.11293265E+01 -0.11424553E-02 0.3233E-12     11
  919   22     0     -92      0     92  0.11401531E+01 -0.10073309E-02 0.9140E-12      9
  920   22     0     -91      0     91  0.11503823E+01 -0.10412455E-02 0.1722E-11      8
  921   22     0     -90      0     90  0.11619574E+01 -0.11767641E-02 0.3373E-11     10
  922   22     0     -89      0     89  0.11748178E+01 -0.12240985E-02 0.1186E-11     10
  923   22     0     -88      0     88  0.11882366E+01 -0.12013310E-02 0.1950E-11     10
  924   22     0     -87      0     87  0.12016376E+01 -0.11096426E-02 0.4803E-12      9
  925   22     0     -86      0     86  0.12141565E+01 -0.93543380E-03 0.1257E-11      8
  926   22     0     -85      0     85  0.12255490E+01 -0.86084017E-03 0.2237E-11      9
  927   22     0     -84      0     84  0.12380959E+01 -0.92868334E-03 0.5350E-12      9
  928   22     0     -83      1     84  0.12524173E+01 -0.91410383E-03 0.1043E-11     10
  929   22     0     -82      1     83  0.12676404E+01 -0.83397028E-03 0.1552E-11      9
  930   22     0     -81      1     82  0.12830686E+01 -0.71741738E-03 0.7083E-12     10
  931   22     0     -80      1     81  0.12976803E+01 -0.56272751E-03 0.8773E-12      8
  932   22     0     -81      0     81  0.13106262E+01 -0.46416778E-03 0.3404E-11      9
  933   22     0     -81      0     81  0.13245642E+01 -0.48430274E-03 0.4223E-11      9
  934   22     0     -80      0     80  0.13408598E+01 -0.46148735E-03 0.9152E-12     10
  935   22     0     -79      0     79  0.13583583E+01 -0.40479502E-03 0.4916E-11      9
  936   22     0     -78      0     78  0.13761624E+01 -0.33671367E-03 0.5935E-12      9
  937   22     0     -75      0     75  0.13930607E+01 -0.25622469E-03 0.1089E-11      9
  938   22     0     -74      0     74  0.14078770E+01 -0.20387964E-03 0.3451E-11      9
  939   22     0     -73      0     73  0.14237875E+01 -0.21159147E-03 0.2831E-11     11
  940   22     0     -72      0     72  0.14426088E+01 -0.19944766E-03 0.1935E-11      9
  941   22     0     -71      0     71  0.14629219E+01 -0.17264868E-03 0.6738E-11      9
  942   22     0     -70      0     70  0.14836480E+01 -0.14193448E-03 0.1040E-10     10
  943   22     0     -69      0     69  0.15032452E+01 -0.10593687E-03 0.1642E-10     10
  944   22     0     -68      0     68  0.15201756E+01 -0.84316693E-04 0.1179E-10     10
  945   22     0     -67      0     67  0.15387681E+01 -0.90202197E-04 0.3721E-10      9
  946   22     0     -66      0     66  0.15609725E+01 -0.85852944E-04 0.3050E-10      8
  947   22     0     -65      0     65  0.15848677E+01 -0.75619512E-04 0.8522E-11     10
  948   22     0     -64      0     64  0.16091756E+01 -0.63559898E-04 0.3021E-10     11
  949   22     0     -63      0     63  0.16320623E+01 -0.48236595E-04 0.8206E-11      9
  950   22     0     -62      0     62  0.16517254E+01 -0.38998458E-04 0.3143E-10      9
  951   22     0     -61      0     61  0.16734576E+01 -0.42402983E-04 0.3166E-10      8
  952   22     0     -60      0     60  0.16994936E+01 -0.40494129E-04 0.8441E-10      8
  Time elapsed :      7.341 s

Mode Search
-----------

Mode parameters
   l : 23
   m : 0

Building frequency grid (REAL axis)
   added scan interval :  0.5233E+00 ->  0.2105E+01 (3000 points, INVERSE)

Building spatial grid
   Scaffold grid from model
   Split 171 subinterval(s) in iteration 1
   Split 35 subinterval(s) in iteration 2
   Split 0 subinterval(s) in iteration 3
   Final grid has 1 segment(s) and 7371 point(s):
      Segment 1 : x range 0.0000 -> 1.0010 (1 -> 7371)

Starting search (adiabatic)

Scanning frequencies
  Time elapsed :    35.453 s

Finding roots
  Time elapsed :      9.495 s

Processing modes
   id    l     m    n_pg    n_p    n_g       Re(omega)       Im(omega)        chi n_iter
  991   23     0    -190      0    190  0.58884300E+00  0.00000000E+00 0.8221E-13      5
  992   23     0    -189      0    189  0.59176352E+00  0.00000000E+00 0.1678E-12      5
  993   23     0    -188      0    188  0.59470792E+00  0.00000000E+00 0.1295E-12      5
  994   23     0    -187      0    187  0.59785750E+00  0.00000000E+00 0.3631E-13      6
  995   23     0    -186      0    186  0.60117118E+00  0.00000000E+00 0.2165E-12      5
  996   23     0    -185      0    185  0.60452915E+00  0.00000000E+00 0.1684E-13      5
  997   23     0    -184      0    184  0.60780211E+00  0.00000000E+00 0.4832E-12      6
  998   23     0    -183      0    183  0.61091419E+00  0.00000000E+00 0.2403E-13      5
  999   23     0    -182      0    182  0.61403471E+00  0.00000000E+00 0.6994E-12      6
 1000   23     0    -181      0    181  0.61738171E+00  0.00000000E+00 0.1596E-13      5
 1001   23     0    -180      0    180  0.62091989E+00  0.00000000E+00 0.4582E-13      5
 1002   23     0    -179      0    179  0.62451718E+00  0.00000000E+00 0.3138E-12      6
 1003   23     0    -178      0    178  0.62802834E+00  0.00000000E+00 0.4116E-12      6
 1004   23     0    -177      0    177  0.63134900E+00  0.00000000E+00 0.3529E-13      5
 1005   23     0    -176      0    176  0.63465123E+00  0.00000000E+00 0.2598E-13      5
 1006   23     0    -175      0    175  0.63820434E+00  0.00000000E+00 0.7717E-14      6
 1007   23     0    -174      0    174  0.64197966E+00  0.00000000E+00 0.3995E-12      5
 1008   23     0    -173      0    173  0.64582959E+00  0.00000000E+00 0.1797E-12      5
 1009   23     0    -172      0    172  0.64959591E+00  0.00000000E+00 0.2233E-13      6
 1010   23     0    -171      0    171  0.65315213E+00  0.00000000E+00 0.8465E-12      5
 1011   23     0    -170      0    170  0.65666436E+00  0.00000000E+00 0.8692E-13      6
 1012   23     0    -169      0    169  0.66044715E+00  0.00000000E+00 0.2208E-12      6
 1013   23     0    -168      0    168  0.66448674E+00  0.00000000E+00 0.1788E-12      5
 1014   23     0    -167      0    167  0.66862272E+00  0.00000000E+00 0.6053E-13      6
 1015   23     0    -166      0    166  0.67268177E+00  0.00000000E+00 0.4573E-12      5
 1016   23     0    -165      0    165  0.67650560E+00  0.00000000E+00 0.1083E-12      6
 1017   23     0    -164      0    164  0.68024414E+00  0.00000000E+00 0.3731E-12      6
 1018   23     0    -163      0    163  0.68427185E+00  0.00000000E+00 0.3661E-12      6
 1019   23     0    -162      0    162  0.68859522E+00  0.00000000E+00 0.1202E-12      5
 1020   23     0    -161      0    161  0.69303477E+00  0.00000000E+00 0.1933E-12      6
 1021   23     0    -160      0    160  0.69740205E+00  0.00000000E+00 0.2891E-12      6
 1022   23     0    -159      0    159  0.70151859E+00  0.00000000E+00 0.1991E-12      6
 1023   23     0    -158      0    158  0.70551949E+00  0.00000000E+00 0.1123E-12      6
 1024   23     0    -157      0    157  0.70982159E+00  0.00000000E+00 0.2272E-12      6
 1025   23     0    -156      0    156  0.71445663E+00  0.00000000E+00 0.5955E-12      5
 1026   23     0    -155      0    155  0.71923276E+00  0.00000000E+00 0.2143E-13      5
 1027   23     0    -154      0    154  0.72394407E+00  0.00000000E+00 0.1265E-13      5
 1028   23     0    -153      0    153  0.72838391E+00  0.00000000E+00 0.6314E-12      6
 1029   23     0    -152      0    152  0.73267851E+00  0.00000000E+00 0.6971E-14      6
 1030   23     0    -151      0    151  0.73730145E+00  0.00000000E+00 0.9434E-13      6
 1031   23     0    -150      0    150  0.74230025E+00  0.00000000E+00 0.3362E-12      5
 1032   23     0    -149      0    149  0.74745930E+00  0.00000000E+00 0.1531E-13      5
 1033   23     0    -148      0    148  0.75255040E+00  0.00000000E+00 0.3700E-12      6
 1034   23     0    -147      0    147  0.75734134E+00  0.00000000E+00 0.1195E-12      6
 1035   23     0    -146      0    146  0.76196126E+00  0.00000000E+00 0.1751E-12      5
 1036   23     0    -145      0    145  0.76694101E+00  0.00000000E+00 0.4051E-12      6
 1037   23     0    -144      0    144  0.77234090E+00  0.00000000E+00 0.4231E-12      5
 1038   23     0    -143      0    143  0.77792790E+00  0.00000000E+00 0.9559E-13      6
 1039   23     0    -142      0    142  0.78345738E+00  0.00000000E+00 0.1294E-12      6
 1040   23     0    -141      0    141  0.78866040E+00  0.00000000E+00 0.3157E-12      6
 1041   23     0    -140      0    140  0.79363903E+00  0.00000000E+00 0.3282E-12      6
 1042   23     0    -139      0    139  0.79901142E+00  0.00000000E+00 0.2961E-12      6
 1043   23     0    -138      0    138  0.80487538E+00  0.00000000E+00 0.2229E-12      5
 1044   23     0    -137      0    137  0.81096437E+00  0.00000000E+00 0.1641E-12      6
 1045   23     0    -136      0    136  0.81700219E+00  0.00000000E+00 0.6487E-13      6
 1046   23     0    -135      0    135  0.82267994E+00  0.00000000E+00 0.4559E-12      6
 1047   23     0    -134      0    134  0.82808327E+00  0.00000000E+00 0.1371E-12      5
 1048   23     0    -133      0    133  0.83391277E+00  0.00000000E+00 0.1358E-12      6
 1049   23     0    -132      0    132  0.84029581E+00  0.00000000E+00 0.1146E-12      6
 1050   23     0    -131      0    131  0.84693896E+00  0.00000000E+00 0.1934E-13      5
 1051   23     0    -130      0    130  0.85354963E+00  0.00000000E+00 0.9298E-13      6
 1052   23     0    -129      0    129  0.85979048E+00  0.00000000E+00 0.2365E-12      5
 1053   23     0    -128      0    128  0.86568257E+00  0.00000000E+00 0.2572E-12      6
 1054   23     0    -127      0    127  0.87199478E+00  0.00000000E+00 0.5177E-13      5
 1055   23     0    -126      0    126  0.87894904E+00  0.00000000E+00 0.5975E-12      5
 1056   23     0    -125      0    125  0.88623034E+00  0.00000000E+00 0.1545E-12      5
 1057   23     0    -124      0    124  0.89351038E+00  0.00000000E+00 0.1970E-12      6
 1058   23     0    -123      0    123  0.90039603E+00  0.00000000E+00 0.1615E-12      6
 1059   23     0    -122      0    122  0.90683710E+00  0.00000000E+00 0.8112E-14      5
 1060   23     0    -121      0    121  0.91371334E+00  0.00000000E+00 0.1083E-12      6
 1061   23     0    -120      0    120  0.92133775E+00  0.00000000E+00 0.2192E-12      5
 1062   23     0    -119      0    119  0.92935110E+00  0.00000000E+00 0.1498E-12      5
 1063   23     0    -118      0    118  0.93739383E+00  0.00000000E+00 0.1028E-12      5
 1064   23     0    -117      0    117  0.94504699E+00  0.00000000E+00 0.3570E-12      5
 1065   23     0    -116      0    116  0.95216166E+00  0.00000000E+00 0.2250E-12      6
 1066   23     0    -115      0    115  0.95964389E+00  0.00000000E+00 0.8887E-13      6
 1067   23     0    -114      0    114  0.96797857E+00  0.00000000E+00 0.1448E-12      6
 1068   23     0    -113      0    113  0.97680818E+00  0.00000000E+00 0.1173E-12      5
 1069   23     0    -112      0    112  0.98574107E+00  0.00000000E+00 0.9482E-13      6
 1070   23     0    -111      0    111  0.99431159E+00  0.00000000E+00 0.1784E-13      6
 1071   23     0    -110      0    110  0.10021892E+01  0.00000000E+00 0.1255E-12      5
 1072   23     0    -109      0    109  0.10103084E+01  0.00000000E+00 0.2702E-12      6
 1073   23     0    -108      0    108  0.10194470E+01  0.00000000E+00 0.2801E-12      6
 1074   23     0    -107      0    107  0.10292242E+01  0.00000000E+00 0.1343E-12      5
 1075   23     0    -106      0    106  0.10391780E+01  0.00000000E+00 0.3804E-12      6
 1076   23     0    -105      0    105  0.10488053E+01  0.00000000E+00 0.5576E-13      6
 1077   23     0    -104      0    104  0.10576301E+01  0.00000000E+00 0.3979E-12      5
 1078   23     0    -103      0    103  0.10665030E+01  0.00000000E+00 0.1598E-12      6
 1079   23     0    -102      0    102  0.10765131E+01  0.00000000E+00 0.2898E-12      5
 1080   23     0    -101      0    101  0.10873321E+01  0.00000000E+00 0.1388E-12      5
 1081   23     0    -100      0    100  0.10984455E+01  0.00000000E+00 0.1344E-12      6
 1082   23     0     -99      0     99  0.11093364E+01  0.00000000E+00 0.8353E-13      6
 1083   23     0     -98      0     98  0.11193345E+01  0.00000000E+00 0.8431E-13      6
 1084   23     0     -97      0     97  0.11289758E+01  0.00000000E+00 0.3471E-13      6
 1085   23     0     -96      0     96  0.11398558E+01  0.00000000E+00 0.1258E-13      6
 1086   23     0     -95      0     95  0.11518332E+01  0.00000000E+00 0.3176E-13      5
 1087   23     0     -94      0     94  0.11642696E+01  0.00000000E+00 0.9839E-13      6
 1088   23     0     -93      0     93  0.11765974E+01  0.00000000E+00 0.7000E-13      6
 1089   23     0     -92      0     92  0.11880006E+01  0.00000000E+00 0.1024E-12      6
 1090   23     0     -91      0     91  0.11985982E+01  0.00000000E+00 0.7167E-13      6
 1091   23     0     -90      0     90  0.12104207E+01  0.00000000E+00 0.8486E-13      6
 1092   23     0     -89      0     89  0.12236688E+01  0.00000000E+00 0.1649E-12      6
 1093   23     0     -88      0     88  0.12375734E+01  0.00000000E+00 0.1840E-12      6
 1094   23     0     -87      0     87  0.12515335E+01  0.00000000E+00 0.2582E-12      6
 1095   23     0     -86      0     86  0.12646899E+01  0.00000000E+00 0.4665E-13      6
 1096   23     0     -85      0     85  0.12765685E+01  0.00000000E+00 0.7854E-13      5
 1097   23     0     -84      0     84  0.12893828E+01  0.00000000E+00 0.3949E-13      6
 1098   23     0     -83      0     83  0.13041109E+01  0.00000000E+00 0.1124E-12      6
 1099   23     0     -82      0     82  0.13198622E+01  0.00000000E+00 0.8573E-13      5
 1100   23     0     -81      0     81  0.13358930E+01  0.00000000E+00 0.1248E-12      6
 1101   23     0     -80      0     80  0.13511887E+01  0.00000000E+00 0.1349E-12      6
 1102   23     0     -79      0     79  0.13647033E+01  0.00000000E+00 0.1550E-12      6
 1103   23     0     -78      0     78  0.13789379E+01  0.00000000E+00 0.1313E-12      6
 1104   23     0     -77      0     77  0.13956750E+01  0.00000000E+00 0.1530E-12      6
 1105   23     0     -76      0     76  0.14137523E+01  0.00000000E+00 0.2733E-12      5
 1106   23     0     -75      0     75  0.14322103E+01  0.00000000E+00 0.1141E-12      5
 1107   23     0     -74      0     74  0.14498457E+01  0.00000000E+00 0.1422E-12      6
 1108   23     0     -73      0     73  0.14652943E+01  0.00000000E+00 0.1590E-12      5
 1109   23     0     -72      0     72  0.14815432E+01  0.00000000E+00 0.1304E-12      6
 1110   23     0     -71      0     71  0.15008559E+01  0.00000000E+00 0.1354E-12      6
 1111   23     0     -70      0     70  0.15218118E+01  0.00000000E+00 0.1326E-12      5
 1112   23     0     -69      0     69  0.15432777E+01  0.00000000E+00 0.2753E-13      6
 1113   23     0     -68      0     68  0.15637655E+01  0.00000000E+00 0.1331E-12      6
 1114   23     0     -67      0     67  0.15814659E+01  0.00000000E+00 0.2585E-12      6
 1115   23     0     -66      0     66  0.16003384E+01  0.00000000E+00 0.1136E-12      6
 1116   23     0     -65      0     65  0.16230278E+01  0.00000000E+00 0.1661E-13      6
 1117   23     0     -64      0     64  0.16476083E+01  0.00000000E+00 0.3035E-12      5
 1118   23     0     -63      0     63  0.16727522E+01  0.00000000E+00 0.9880E-13      6
  Time elapsed :      2.358 s

Starting search (non-adiabatic)

Finding roots
  Time elapsed :    145.286 s

Processing modes
   id    l     m    n_pg    n_p    n_g       Re(omega)       Im(omega)        chi n_iter
  991   23     0    -190      1    191  0.58852793E+00 -0.10757609E-02 0.1058E-11      7
  992   23     0    -189      1    190  0.59145903E+00 -0.10313171E-02 0.1760E-12      8
  993   23     0    -188      1    189  0.59438206E+00 -0.10788885E-02 0.5391E-12      8
  994   23     0    -187      1    188  0.59752190E+00 -0.11591759E-02 0.1341E-11      8
  995   23     0    -186      1    187  0.60084197E+00 -0.12020132E-02 0.2186E-12      8
  996   23     0    -185      1    186  0.60421871E+00 -0.12001659E-02 0.7687E-12      8
  997   23     0    -184      1    185  0.60752038E+00 -0.11505695E-02 0.4492E-12      7
  998   23     0    -183      1    184  0.61064121E+00 -0.10973196E-02 0.3719E-12      8
  999   23     0    -182      1    183  0.61373712E+00 -0.11460015E-02 0.1040E-11      8
 1000   23     0    -181      1    182  0.61707265E+00 -0.12369945E-02 0.6919E-12      7
 1001   23     0    -180      1    181  0.62061562E+00 -0.12868641E-02 0.3034E-12      9
 1002   23     0    -179      1    180  0.62422969E+00 -0.12870990E-02 0.2382E-12      9
 1003   23     0    -178      1    179  0.62776915E+00 -0.12323527E-02 0.7159E-12      6
 1004   23     0    -177      1    178  0.63109942E+00 -0.11640311E-02 0.8665E-12      8
 1005   23     0    -176      1    177  0.63437340E+00 -0.12117849E-02 0.7293E-12      7
 1006   23     0    -175      1    176  0.63791366E+00 -0.13161330E-02 0.6656E-12      9
 1007   23     0    -174      1    175  0.64169319E+00 -0.13746785E-02 0.1234E-11      8
 1008   23     0    -173      1    174  0.64555815E+00 -0.13795440E-02 0.6063E-12      9
 1009   23     0    -172      1    173  0.64935070E+00 -0.13251099E-02 0.1264E-11      8
 1010   23     0    -171      1    172  0.65291519E+00 -0.12477776E-02 0.5985E-13      8
 1011   23     0    -170      1    171  0.65639294E+00 -0.12946372E-02 0.3350E-12      8
 1012   23     0    -169      1    170  0.66015627E+00 -0.14139883E-02 0.1157E-11      8
 1013   23     0    -168      1    169  0.66419350E+00 -0.14841665E-02 0.7008E-12      8
 1014   23     0    -167      1    168  0.66833712E+00 -0.14943289E-02 0.8108E-12      8
 1015   23     0    -166      1    167  0.67241722E+00 -0.14368636E-02 0.1199E-11     10
 1016   23     0    -165      1    166  0.67624860E+00 -0.13398902E-02 0.4069E-12      9
 1017   23     0    -164      1    165  0.67994294E+00 -0.13733297E-02 0.5182E-12      7
 1018   23     0    -163      1    164  0.68393962E+00 -0.15014049E-02 0.7190E-12      7
 1019   23     0    -162      1    163  0.68825266E+00 -0.15737967E-02 0.6149E-12      7
 1020   23     0    -161      1    162  0.69269408E+00 -0.15777607E-02 0.2447E-12     10
 1021   23     0    -160      1    161  0.69708048E+00 -0.15099821E-02 0.6296E-12      9
 1022   23     0    -159      1    160  0.70120899E+00 -0.13949965E-02 0.7366E-12      8
 1023   23     0    -158      1    159  0.70516512E+00 -0.14072278E-02 0.5143E-12      9
 1024   23     0    -157      1    158  0.70942991E+00 -0.15290693E-02 0.3580E-12      9
 1025   23     0    -156      1    157  0.71405291E+00 -0.15961731E-02 0.9949E-12      8
 1026   23     0    -155      1    156  0.71883299E+00 -0.15925944E-02 0.2794E-12      8
 1027   23     0    -154      1    155  0.72356891E+00 -0.15165502E-02 0.1112E-11      7
 1028   23     0    -153      1    154  0.72803149E+00 -0.13881166E-02 0.6890E-12      9
 1029   23     0    -152      1    153  0.73228782E+00 -0.13854073E-02 0.4622E-12     10
 1030   23     0    -151      1    152  0.73687339E+00 -0.15021826E-02 0.1035E-11      8
 1031   23     0    -150      1    151  0.74186265E+00 -0.15628045E-02 0.8066E-12      8
 1032   23     0    -149      1    150  0.74703046E+00 -0.15500845E-02 0.6746E-12      6
 1033   23     0    -148      1    149  0.75215245E+00 -0.14650563E-02 0.4823E-12      7
 1034   23     0    -147      1    148  0.75697552E+00 -0.13281794E-02 0.5994E-12      7
 1035   23     0    -146      0    146  0.76156810E+00 -0.13145851E-02 0.8993E-12      7
 1036   23     0    -145      0    145  0.76651772E+00 -0.14183848E-02 0.6276E-12      9
 1037   23     0    -144      0    144  0.77191611E+00 -0.14665502E-02 0.6672E-12      7
 1038   23     0    -143      0    143  0.77752091E+00 -0.14455598E-02 0.5483E-12      8
 1039   23     0    -142      0    142  0.78308911E+00 -0.13584765E-02 0.3507E-12      8
 1040   23     0    -141      0    141  0.78833486E+00 -0.12192401E-02 0.6928E-12      7
 1041   23     0    -140      0    140  0.79330237E+00 -0.11943882E-02 0.3255E-12      7
 1042   23     0    -139      0    139  0.79865729E+00 -0.12910104E-02 0.2804E-12      7
 1043   23     0    -138      0    138  0.80453036E+00 -0.13359916E-02 0.5029E-12      6
 1044   23     0    -137      0    137  0.81064460E+00 -0.13160837E-02 0.8986E-12      8
 1045   23     0    -136      0    136  0.81672269E+00 -0.12356775E-02 0.3300E-12      8
 1046   23     0    -135      0    135  0.82244182E+00 -0.11060504E-02 0.1871E-11      7
 1047   23     0    -134      0    134  0.82784295E+00 -0.10831159E-02 0.1037E-11      6
 1048   23     0    -133      0    133  0.83366593E+00 -0.11763041E-02 0.3216E-12      8
 1049   23     0    -132      0    132  0.84006253E+00 -0.12217256E-02 0.1763E-11      8
 1050   23     0    -131      0    131  0.84672954E+00 -0.12078834E-02 0.1107E-11      6
 1051   23     0    -130      0    130  0.85337283E+00 -0.11398100E-02 0.9008E-12      6
 1052   23     0    -129      0    129  0.85964625E+00 -0.10221339E-02 0.1790E-11      7
 1053   23     0    -128      0    128  0.86554082E+00 -0.99076687E-03 0.1395E-11      7
 1054   23     0    -127      0    127  0.87185376E+00 -0.10776676E-02 0.1132E-11      8
 1055   23     0    -126      0    126  0.87882394E+00 -0.11254140E-02 0.6242E-12      7
 1056   23     0    -125      0    125  0.88612736E+00 -0.11163939E-02 0.4415E-12      7
 1057   23     0    -124      0    124  0.89343381E+00 -0.10557708E-02 0.7229E-12      7
 1058   23     0    -123      0    123  0.90034355E+00 -0.94327007E-03 0.1403E-11      8
 1059   23     0    -122      0    122  0.90678847E+00 -0.90585637E-03 0.1240E-11      8
 1060   23     0    -121      0    121  0.91367390E+00 -0.99121399E-03 0.1286E-11      7
 1061   23     0    -120      0    120  0.92131859E+00 -0.10422396E-02 0.6141E-12      6
 1062   23     0    -119      0    119  0.92935326E+00 -0.10405661E-02 0.1196E-11      8
 1063   23     0    -118      0    118  0.93741636E+00 -0.99372732E-03 0.1620E-11      7
 1064   23     0    -117      0    117  0.94508396E+00 -0.89683834E-03 0.2169E-11      7
 1065   23     0    -116      0    116  0.95220110E+00 -0.85294360E-03 0.1803E-11      7
 1066   23     0    -115      0    115  0.95969858E+00 -0.93609382E-03 0.1608E-12      7
 1067   23     0    -114      0    114  0.96805701E+00 -0.99918631E-03 0.1751E-11      8
 1068   23     0    -113      0    113  0.97690699E+00 -0.10116532E-02 0.7809E-12      7
 1069   23     0    -112      0    112  0.98585550E+00 -0.98025768E-03 0.2188E-11      7
 1070   23     0    -111      0    111  0.99443211E+00 -0.89199665E-03 0.1110E-11      6
 1071   23     0    -110      0    110  0.10023059E+01 -0.82944801E-03 0.2266E-11      7
 1072   23     0    -109      0    109  0.10104448E+01 -0.91275034E-03 0.2557E-11      7
 1073   23     0    -108      0    108  0.10196138E+01 -0.99004047E-03 0.4932E-12      7
 1074   23     0    -107      0    107  0.10294134E+01 -0.10124702E-02 0.1338E-11      7
 1075   23     0    -106      0    106  0.10393816E+01 -0.99172620E-03 0.7733E-12      7
 1076   23     0    -105      0    105  0.10490098E+01 -0.91446438E-03 0.9045E-12      7
 1077   23     0    -104      0    104  0.10578243E+01 -0.83979524E-03 0.1649E-11      7
 1078   23     0    -103      0    103  0.10667213E+01 -0.92062320E-03 0.6445E-12      7
 1079   23     0    -102      0    102  0.10767726E+01 -0.10217225E-02 0.2296E-11      6
 1080   23     0    -101      0    101  0.10876206E+01 -0.10689399E-02 0.1774E-12      8
 1081   23     0    -100      0    100  0.10987510E+01 -0.10740567E-02 0.1172E-11      7
 1082   23     0     -99      0     99  0.11096408E+01 -0.10188142E-02 0.1201E-11      7
 1083   23     0     -98      0     98  0.11196154E+01 -0.92191336E-03 0.1618E-11      8
 1084   23     0     -97      0     97  0.11292726E+01 -0.98870599E-03 0.5740E-12      7
 1085   23     0     -96      0     96  0.11402036E+01 -0.11258220E-02 0.2077E-11      8
 1086   23     0     -95      0     95  0.11522114E+01 -0.11936302E-02 0.1937E-12      8
 1087   23     0     -94      0     94  0.11646582E+01 -0.12044455E-02 0.2014E-11      7
 1088   23     0     -93      0     93  0.11769743E+01 -0.11464908E-02 0.1040E-11      6
 1089   23     0     -92      0     92  0.11883353E+01 -0.10119567E-02 0.2096E-11      7
 1090   23     0     -91      0     91  0.11989242E+01 -0.10248148E-02 0.1974E-11      7
 1091   23     0     -90      0     90  0.12107926E+01 -0.11642514E-02 0.1131E-11      6
 1092   23     0     -89      0     89  0.12240612E+01 -0.12196712E-02 0.1491E-12      7
 1093   23     0     -88      0     88  0.12379602E+01 -0.12021636E-02 0.1670E-11      8
 1094   23     0     -87      0     87  0.12518936E+01 -0.11164020E-02 0.3359E-13      7
 1095   23     0     -86      0     86  0.12649964E+01 -0.94522780E-03 0.1423E-11      7
 1096   23     0     -85      0     85  0.12768364E+01 -0.85065496E-03 0.1027E-11      5
 1097   23     0     -84      0     84  0.12896738E+01 -0.91602355E-03 0.1342E-11      7
 1098   23     0     -83      1     84  0.13044084E+01 -0.90706534E-03 0.2330E-11      6
 1099   23     0     -82      1     83  0.13201439E+01 -0.82934020E-03 0.2670E-11      7
 1100   23     0     -81      1     82  0.13361462E+01 -0.71540952E-03 0.1527E-11      7
 1101   23     0     -80      1     81  0.13513973E+01 -0.56394108E-03 0.2294E-11      6
 1102   23     0     -79      1     80  0.13648757E+01 -0.45581005E-03 0.3971E-12      7
 1103   23     0     -78      1     79  0.13791236E+01 -0.47305460E-03 0.1390E-11      5
 1104   23     0     -79      0     79  0.13958625E+01 -0.45363589E-03 0.3562E-12      5
 1105   23     0     -78      0     78  0.14139252E+01 -0.39840453E-03 0.4876E-11      7
 1106   23     0     -77      0     77  0.14323612E+01 -0.33186822E-03 0.5188E-11      7
 1107   23     0     -76      0     76  0.14499660E+01 -0.25370785E-03 0.3112E-11      6
 1108   23     0     -76      0     76  0.14653908E+01 -0.19796775E-03 0.1283E-10      6
 1109   23     0     -75      0     75  0.14816458E+01 -0.20397225E-03 0.4959E-11      7
 1110   23     0     -74      0     74  0.15009569E+01 -0.19337974E-03 0.1178E-10      6
 1111   23     0     -73      0     73  0.15219024E+01 -0.16760858E-03 0.1250E-10      6
 1112   23     0     -70      1     71  0.15433549E+01 -0.13825787E-03 0.1237E-10      5
 1113   23     0     -69      0     69  0.15638254E+01 -0.10435351E-03 0.9095E-11      7
 1114   23     0     -68      0     68  0.15815132E+01 -0.80945110E-04 0.2441E-10      7
 1115   23     0     -67      0     67  0.16003898E+01 -0.86140987E-04 0.2061E-10      6
 1116   23     0     -66      0     66  0.16230785E+01 -0.83115025E-04 0.1611E-10      7
 1117   23     0     -65      0     65  0.16476541E+01 -0.73690205E-04 0.6255E-10      6
 1118   23     0     -64      0     64  0.16727917E+01 -0.62430037E-04 0.9572E-11      6
  Time elapsed :      7.778 s

Mode Search
-----------

Mode parameters
   l : 24
   m : 0

Building frequency grid (REAL axis)
   added scan interval :  0.5233E+00 ->  0.2105E+01 (3000 points, INVERSE)

Building spatial grid
   Scaffold grid from model
   Split 178 subinterval(s) in iteration 1
   Split 40 subinterval(s) in iteration 2
   Split 0 subinterval(s) in iteration 3
   Final grid has 1 segment(s) and 7383 point(s):
      Segment 1 : x range 0.0000 -> 1.0010 (1 -> 7383)

Starting search (adiabatic)

Scanning frequencies
  Time elapsed :    35.432 s

Finding roots
  Time elapsed :      9.498 s

Processing modes
   id    l     m    n_pg    n_p    n_g       Re(omega)       Im(omega)        chi n_iter
 1159   24     0    -198      0    198  0.58892951E+00  0.00000000E+00 0.5118E-12      5
 1160   24     0    -197      0    197  0.59200312E+00  0.00000000E+00 0.1489E-12      5
 1161   24     0    -196      0    196  0.59499605E+00  0.00000000E+00 0.1501E-12      6
 1162   24     0    -195      0    195  0.59786276E+00  0.00000000E+00 0.4033E-12      5
 1163   24     0    -194      0    194  0.60075887E+00  0.00000000E+00 0.3100E-12      6
 1164   24     0    -193      0    193  0.60384619E+00  0.00000000E+00 0.3469E-12      5
 1165   24     0    -192      0    192  0.60708530E+00  0.00000000E+00 0.6807E-12      5
 1166   24     0    -191      0    191  0.61036225E+00  0.00000000E+00 0.2214E-12      5
 1167   24     0    -190      0    190  0.61355374E+00  0.00000000E+00 0.1320E-12      6
 1168   24     0    -189      0    189  0.61659653E+00  0.00000000E+00 0.4639E-12      5
 1169   24     0    -188      0    188  0.61965734E+00  0.00000000E+00 0.1231E-12      6
 1170   24     0    -187      0    187  0.62293023E+00  0.00000000E+00 0.2960E-12      5
 1171   24     0    -186      0    186  0.62637704E+00  0.00000000E+00 0.8065E-12      5
 1172   24     0    -185      0    185  0.62987353E+00  0.00000000E+00 0.4397E-13      5
 1173   24     0    -184      0    184  0.63328529E+00  0.00000000E+00 0.9760E-12      5
 1174   24     0    -183      0    183  0.63652884E+00  0.00000000E+00 0.5379E-12      5
 1175   24     0    -182      0    182  0.63977240E+00  0.00000000E+00 0.4111E-12      6
 1176   24     0    -181      0    181  0.64324876E+00  0.00000000E+00 0.1143E-12      5
 1177   24     0    -180      0    180  0.64692768E+00  0.00000000E+00 0.5760E-12      5
 1178   24     0    -179      0    179  0.65067243E+00  0.00000000E+00 0.1404E-12      5
 1179   24     0    -178      0    178  0.65433216E+00  0.00000000E+00 0.2095E-13      5
 1180   24     0    -177      0    177  0.65779359E+00  0.00000000E+00 0.2318E-12      5
 1181   24     0    -176      0    176  0.66122544E+00  0.00000000E+00 0.5693E-12      6
 1182   24     0    -175      0    175  0.66491439E+00  0.00000000E+00 0.2583E-12      6
 1183   24     0    -174      0    174  0.66883886E+00  0.00000000E+00 0.1369E-12      5
 1184   24     0    -173      0    173  0.67284583E+00  0.00000000E+00 0.5665E-12      5
 1185   24     0    -172      0    172  0.67677100E+00  0.00000000E+00 0.2545E-12      6
 1186   24     0    -171      0    171  0.68047831E+00  0.00000000E+00 0.2733E-12      5
 1187   24     0    -170      0    170  0.68412821E+00  0.00000000E+00 0.2198E-12      5
 1188   24     0    -169      0    169  0.68805406E+00  0.00000000E+00 0.6644E-13      6
 1189   24     0    -168      0    168  0.69225171E+00  0.00000000E+00 0.1119E-12      5
 1190   24     0    -167      0    167  0.69655507E+00  0.00000000E+00 0.1181E-12      6
 1191   24     0    -166      0    166  0.70078434E+00  0.00000000E+00 0.6567E-12      6
 1192   24     0    -165      0    165  0.70477101E+00  0.00000000E+00 0.3340E-12      6
 1193   24     0    -164      0    164  0.70865615E+00  0.00000000E+00 0.1255E-12      6
 1194   24     0    -163      0    163  0.71283446E+00  0.00000000E+00 0.1466E-12      5
 1195   24     0    -162      0    162  0.71732538E+00  0.00000000E+00 0.1711E-12      5
 1196   24     0    -161      0    161  0.72194310E+00  0.00000000E+00 0.1405E-13      5
 1197   24     0    -160      0    160  0.72649190E+00  0.00000000E+00 0.4048E-13      5
 1198   24     0    -159      0    159  0.73078308E+00  0.00000000E+00 0.3573E-13      5
 1199   24     0    -158      0    158  0.73494180E+00  0.00000000E+00 0.8893E-13      5
 1200   24     0    -157      0    157  0.73940456E+00  0.00000000E+00 0.4701E-12      6
 1201   24     0    -156      0    156  0.74421812E+00  0.00000000E+00 0.6063E-12      5
 1202   24     0    -155      0    155  0.74918457E+00  0.00000000E+00 0.1398E-12      6
 1203   24     0    -154      0    154  0.75409048E+00  0.00000000E+00 0.2010E-13      6
 1204   24     0    -153      0    153  0.75871873E+00  0.00000000E+00 0.5745E-13      6
 1205   24     0    -152      0    152  0.76318315E+00  0.00000000E+00 0.1894E-12      6
 1206   24     0    -151      0    151  0.76797742E+00  0.00000000E+00 0.2160E-12      6
 1207   24     0    -150      0    150  0.77316724E+00  0.00000000E+00 0.1807E-12      5
 1208   24     0    -149      0    149  0.77853076E+00  0.00000000E+00 0.2803E-12      6
 1209   24     0    -148      0    148  0.78383171E+00  0.00000000E+00 0.1401E-12      6
 1210   24     0    -147      0    147  0.78882640E+00  0.00000000E+00 0.2361E-12      6
 1211   24     0    -146      0    146  0.79362828E+00  0.00000000E+00 0.2997E-12      6
 1212   24     0    -145      0    145  0.79879022E+00  0.00000000E+00 0.5144E-13      6
 1213   24     0    -144      0    144  0.80439455E+00  0.00000000E+00 0.1918E-12      6
 1214   24     0    -143      0    143  0.81020182E+00  0.00000000E+00 0.8369E-13      5
 1215   24     0    -142      0    142  0.81595927E+00  0.00000000E+00 0.1831E-12      6
 1216   24     0    -141      0    141  0.82138626E+00  0.00000000E+00 0.2216E-12      6
 1217   24     0    -140      0    140  0.82656176E+00  0.00000000E+00 0.1940E-12      6
 1218   24     0    -139      0    139  0.83212603E+00  0.00000000E+00 0.8930E-14      6
 1219   24     0    -138      0    138  0.83820832E+00  0.00000000E+00 0.2374E-12      6
 1220   24     0    -137      0    137  0.84453581E+00  0.00000000E+00 0.7045E-13      5
 1221   24     0    -136      0    136  0.85082344E+00  0.00000000E+00 0.7745E-13      6
 1222   24     0    -135      0    135  0.85674969E+00  0.00000000E+00 0.4674E-13      6
 1223   24     0    -134      0    134  0.86236721E+00  0.00000000E+00 0.5697E-13      5
 1224   24     0    -133      0    133  0.86839827E+00  0.00000000E+00 0.1376E-12      5
 1225   24     0    -132      0    132  0.87501358E+00  0.00000000E+00 0.5294E-12      5
 1226   24     0    -131      0    131  0.88191384E+00  0.00000000E+00 0.1060E-12      5
 1227   24     0    -130      0    130  0.88879673E+00  0.00000000E+00 0.3022E-12      6
 1228   24     0    -129      0    129  0.89531322E+00  0.00000000E+00 0.1011E-12      6
 1229   24     0    -128      0    128  0.90144222E+00  0.00000000E+00 0.7208E-12      5
 1230   24     0    -127      0    127  0.90796568E+00  0.00000000E+00 0.4831E-13      6
 1231   24     0    -126      0    126  0.91516549E+00  0.00000000E+00 0.3275E-12      5
 1232   24     0    -125      0    125  0.92272445E+00  0.00000000E+00 0.6738E-12      5
 1233   24     0    -124      0    124  0.93030348E+00  0.00000000E+00 0.1190E-12      5
 1234   24     0    -123      0    123  0.93749852E+00  0.00000000E+00 0.2722E-12      6
 1235   24     0    -122      0    122  0.94420320E+00  0.00000000E+00 0.3186E-13      5
 1236   24     0    -121      0    121  0.95129959E+00  0.00000000E+00 0.1149E-12      6
 1237   24     0    -120      0    120  0.95918416E+00  0.00000000E+00 0.1332E-12      6
 1238   24     0    -119      0    119  0.96749826E+00  0.00000000E+00 0.3377E-12      5
 1239   24     0    -118      0    118  0.97586869E+00  0.00000000E+00 0.8497E-14      6
 1240   24     0    -117      0    117  0.98386761E+00  0.00000000E+00 0.1169E-12      6
 1241   24     0    -116      0    116  0.99128211E+00  0.00000000E+00 0.1629E-12      5
 1242   24     0    -115      0    115  0.99899483E+00  0.00000000E+00 0.1000E-12      6
 1243   24     0    -114      0    114  0.10075987E+01  0.00000000E+00 0.2227E-12      6
 1244   24     0    -113      0    113  0.10167491E+01  0.00000000E+00 0.3611E-12      5
 1245   24     0    -112      0    112  0.10260380E+01  0.00000000E+00 0.2709E-12      6
 1246   24     0    -111      0    111  0.10349958E+01  0.00000000E+00 0.1444E-13      6
 1247   24     0    -110      0    110  0.10432244E+01  0.00000000E+00 0.1523E-12      5
 1248   24     0    -109      0    109  0.10515856E+01  0.00000000E+00 0.4367E-12      5
 1249   24     0    -108      0    108  0.10609989E+01  0.00000000E+00 0.1251E-12      6
 1250   24     0    -107      0    107  0.10711194E+01  0.00000000E+00 0.9005E-13      5
 1251   24     0    -106      0    106  0.10814614E+01  0.00000000E+00 0.7535E-13      6
 1252   24     0    -105      0    105  0.10915179E+01  0.00000000E+00 0.1775E-13      6
 1253   24     0    -104      0    104  0.11007519E+01  0.00000000E+00 0.4783E-12      5
 1254   24     0    -103      0    103  0.11098916E+01  0.00000000E+00 0.1869E-13      6
 1255   24     0    -102      0    102  0.11201785E+01  0.00000000E+00 0.1852E-12      6
 1256   24     0    -101      0    101  0.11313573E+01  0.00000000E+00 0.3347E-13      5
 1257   24     0    -100      0    100  0.11428842E+01  0.00000000E+00 0.6404E-13      6
 1258   24     0     -99      0     99  0.11542390E+01  0.00000000E+00 0.6500E-13      6
 1259   24     0     -98      0     98  0.11647161E+01  0.00000000E+00 0.2885E-13      5
 1260   24     0     -97      0     97  0.11746677E+01  0.00000000E+00 0.1889E-12      6
 1261   24     0     -96      0     96  0.11858131E+01  0.00000000E+00 0.1933E-12      6
 1262   24     0     -95      0     95  0.11981613E+01  0.00000000E+00 0.1391E-12      5
 1263   24     0     -94      0     94  0.12110391E+01  0.00000000E+00 0.4336E-12      6
 1264   24     0     -93      0     93  0.12238660E+01  0.00000000E+00 0.1731E-12      6
 1265   24     0     -92      0     92  0.12358122E+01  0.00000000E+00 0.7801E-14      6
 1266   24     0     -91      0     91  0.12467862E+01  0.00000000E+00 0.3450E-13      5
 1267   24     0     -90      0     90  0.12588659E+01  0.00000000E+00 0.1737E-12      6
 1268   24     0     -89      0     89  0.12724889E+01  0.00000000E+00 0.1923E-12      5
 1269   24     0     -88      0     88  0.12868535E+01  0.00000000E+00 0.2614E-12      6
 1270   24     0     -87      0     87  0.13013333E+01  0.00000000E+00 0.1450E-12      6
 1271   24     0     -86      0     86  0.13150757E+01  0.00000000E+00 0.2512E-12      5
 1272   24     0     -85      0     85  0.13274280E+01  0.00000000E+00 0.7744E-13      6
 1273   24     0     -84      0     84  0.13405057E+01  0.00000000E+00 0.9053E-13      6
 1274   24     0     -83      0     83  0.13556096E+01  0.00000000E+00 0.9954E-13      6
 1275   24     0     -82      0     82  0.13718504E+01  0.00000000E+00 0.9387E-13      5
 1276   24     0     -81      0     81  0.13884388E+01  0.00000000E+00 0.1119E-12      5
 1277   24     0     -80      0     80  0.14043690E+01  0.00000000E+00 0.2370E-12      5
 1278   24     0     -79      0     79  0.14184423E+01  0.00000000E+00 0.1782E-12      6
 1279   24     0     -78      0     78  0.14329628E+01  0.00000000E+00 0.1316E-12      6
 1280   24     0     -77      0     77  0.14500998E+01  0.00000000E+00 0.1115E-12      5
 1281   24     0     -76      0     76  0.14687133E+01  0.00000000E+00 0.1387E-12      5
 1282   24     0     -75      0     75  0.14877834E+01  0.00000000E+00 0.2052E-12      6
 1283   24     0     -74      0     74  0.15061240E+01  0.00000000E+00 0.5176E-13      6
 1284   24     0     -73      0     73  0.15222175E+01  0.00000000E+00 0.2547E-14      5
 1285   24     0     -72      0     72  0.15387754E+01  0.00000000E+00 0.1910E-12      5
 1286   24     0     -71      0     71  0.15585186E+01  0.00000000E+00 0.8116E-14      6
 1287   24     0     -70      0     70  0.15800703E+01  0.00000000E+00 0.2489E-13      6
 1288   24     0     -69      0     69  0.16022399E+01  0.00000000E+00 0.6867E-13      6
 1289   24     0     -68      0     68  0.16236100E+01  0.00000000E+00 0.2210E-13      6
 1290   24     0     -67      0     67  0.16421509E+01  0.00000000E+00 0.1056E-13      6
 1291   24     0     -66      0     66  0.16612351E+01  0.00000000E+00 0.5405E-13      6
 1292   24     0     -65      0     65  0.16842932E+01  0.00000000E+00 0.2698E-13      6
  Time elapsed :      2.430 s

Starting search (non-adiabatic)

Finding roots
  Time elapsed :    153.237 s

Processing modes
   id    l     m    n_pg    n_p    n_g       Re(omega)       Im(omega)        chi n_iter
 1159   24     0    -198      1    199  0.58851332E+00 -0.10885709E-02 0.5219E-12      8
 1160   24     0    -197      1    198  0.59161064E+00 -0.10809548E-02 0.1238E-12      7
 1161   24     0    -196      1    197  0.59463754E+00 -0.10353214E-02 0.5476E-12      7
 1162   24     0    -195      1    196  0.59751819E+00 -0.99472604E-03 0.1646E-11      8
 1163   24     0    -194      1    195  0.60039653E+00 -0.10363332E-02 0.3695E-12      9
 1164   24     0    -193      1    194  0.60347535E+00 -0.11074589E-02 0.2655E-12      7
 1165   24     0    -192      1    193  0.60672278E+00 -0.11447894E-02 0.4475E-12      7
 1166   24     0    -191      1    192  0.61002164E+00 -0.11402623E-02 0.3220E-12      7
 1167   24     0    -190      1    191  0.61324488E+00 -0.10924284E-02 0.3027E-12      7
 1168   24     0    -189      1    190  0.61629937E+00 -0.10458089E-02 0.1538E-12      7
 1169   24     0    -188      1    189  0.61933997E+00 -0.10918082E-02 0.6821E-12      8
 1170   24     0    -187      1    188  0.62260375E+00 -0.11730800E-02 0.1056E-11      7
 1171   24     0    -186      1    187  0.62605742E+00 -0.12169362E-02 0.1137E-11      8
 1172   24     0    -185      1    186  0.62957276E+00 -0.12155998E-02 0.2078E-12      7
 1173   24     0    -184      1    185  0.63301310E+00 -0.11659120E-02 0.2953E-12      8
 1174   24     0    -183      1    184  0.63626664E+00 -0.11104271E-02 0.8399E-12      8
 1175   24     0    -182      1    183  0.63948725E+00 -0.11566957E-02 0.1970E-12      7
 1176   24     0    -181      1    182  0.64295312E+00 -0.12485931E-02 0.4057E-12      8
 1177   24     0    -180      1    181  0.64663758E+00 -0.12997207E-02 0.2636E-12      7
 1178   24     0    -179      1    180  0.65039933E+00 -0.13007256E-02 0.5438E-12      8
 1179   24     0    -178      1    179  0.65408709E+00 -0.12462774E-02 0.7602E-12      8
 1180   24     0    -177      1    178  0.65755925E+00 -0.11758365E-02 0.5578E-12     10
 1181   24     0    -176      1    177  0.66096495E+00 -0.12206590E-02 0.3347E-12      9
 1182   24     0    -175      1    176  0.66464254E+00 -0.13260918E-02 0.5811E-12      8
 1183   24     0    -174      1    175  0.66857236E+00 -0.13862905E-02 0.6470E-12      7
 1184   24     0    -173      1    174  0.67259472E+00 -0.13923088E-02 0.3654E-12      7
 1185   24     0    -172      1    173  0.67654563E+00 -0.13386054E-02 0.6574E-12      9
 1186   24     0    -171      1    172  0.68026208E+00 -0.12594351E-02 0.4649E-12      9
 1187   24     0    -170      1    171  0.68388013E+00 -0.13029223E-02 0.1637E-12      9
 1188   24     0    -169      1    170  0.68778877E+00 -0.14234867E-02 0.8423E-12      8
 1189   24     0    -168      1    169  0.69198584E+00 -0.14958107E-02 0.3539E-12      7
 1190   24     0    -167      1    168  0.69629758E+00 -0.15076065E-02 0.1367E-11      8
 1191   24     0    -166      1    167  0.70054732E+00 -0.14514460E-02 0.1245E-11      9
 1192   24     0    -165      1    166  0.70454193E+00 -0.13533033E-02 0.1073E-11      8
 1193   24     0    -164      1    165  0.70838596E+00 -0.13834151E-02 0.5006E-12      8
 1194   24     0    -163      1    164  0.71253625E+00 -0.15134451E-02 0.1259E-11      8
 1195   24     0    -162      1    163  0.71701898E+00 -0.15890375E-02 0.4652E-12      9
 1196   24     0    -161      1    162  0.72163919E+00 -0.15954476E-02 0.7384E-12      8
 1197   24     0    -160      1    161  0.72620582E+00 -0.15295163E-02 0.1093E-11      8
 1198   24     0    -159      1    160  0.73050799E+00 -0.14140692E-02 0.6956E-12      7
 1199   24     0    -158      1    159  0.73462441E+00 -0.14237939E-02 0.6206E-12      7
 1200   24     0    -157      1    158  0.73905278E+00 -0.15482281E-02 0.6381E-12     12
 1201   24     0    -156      1    157  0.74385590E+00 -0.16191882E-02 0.8601E-12      8
 1202   24     0    -155      1    156  0.74882596E+00 -0.16183671E-02 0.7252E-12      7
 1203   24     0    -154      1    155  0.75375403E+00 -0.15440489E-02 0.1211E-11      8
 1204   24     0    -153      1    154  0.75840260E+00 -0.14147498E-02 0.1110E-11      8
 1205   24     0    -152      1    153  0.76283021E+00 -0.14090517E-02 0.5230E-12      6
 1206   24     0    -151      1    152  0.76758936E+00 -0.15284549E-02 0.8931E-12      9
 1207   24     0    -150      1    151  0.77277039E+00 -0.15927924E-02 0.3170E-12      8
 1208   24     0    -149      1    150  0.77814153E+00 -0.15821568E-02 0.8982E-13      7
 1209   24     0    -148      1    149  0.78347028E+00 -0.14978741E-02 0.8706E-13      6
 1210   24     0    -147      1    148  0.78849423E+00 -0.13587590E-02 0.2701E-12      7
 1211   24     0    -146      1    147  0.79326984E+00 -0.13405765E-02 0.3922E-12      8
 1212   24     0    -145      0    145  0.79840343E+00 -0.14461919E-02 0.1364E-12      8
 1213   24     0    -144      0    144  0.80400675E+00 -0.14972181E-02 0.2569E-12      7
 1214   24     0    -143      0    143  0.80983066E+00 -0.14773765E-02 0.8390E-12      7
 1215   24     0    -142      0    142  0.81562392E+00 -0.13904278E-02 0.9926E-12      8
 1216   24     0    -141      0    141  0.82109094E+00 -0.12483765E-02 0.2087E-12      6
 1217   24     0    -140      0    140  0.82625664E+00 -0.12168391E-02 0.4826E-12      6
 1218   24     0    -139      0    139  0.83180530E+00 -0.13142163E-02 0.7357E-12      8
 1219   24     0    -138      0    138  0.83789731E+00 -0.13618937E-02 0.3902E-12      8
 1220   24     0    -137      0    137  0.84424917E+00 -0.13431074E-02 0.8051E-12      7
 1221   24     0    -136      0    136  0.85057452E+00 -0.12632598E-02 0.2418E-12      6
 1222   24     0    -135      0    135  0.85653972E+00 -0.11311956E-02 0.3055E-12      6
 1223   24     0    -134      0    134  0.86215636E+00 -0.11000592E-02 0.1123E-11      8
 1224   24     0    -133      0    133  0.86818270E+00 -0.11932361E-02 0.9392E-12      8
 1225   24     0    -132      0    132  0.87481236E+00 -0.12413318E-02 0.9294E-12      6
 1226   24     0    -131      0    131  0.88173593E+00 -0.12286379E-02 0.1259E-11     10
 1227   24     0    -130      0    130  0.88864936E+00 -0.11615048E-02 0.5730E-12      7
 1228   24     0    -129      0    129  0.89519609E+00 -0.10422956E-02 0.2073E-12      6
 1229   24     0    -128      0    128  0.90132842E+00 -0.10016284E-02 0.8432E-12      7
 1230   24     0    -127      0    127  0.90785446E+00 -0.10869243E-02 0.3647E-12      7
 1231   24     0    -126      0    126  0.91507132E+00 -0.11372730E-02 0.5254E-12      7
 1232   24     0    -125      0    125  0.92265222E+00 -0.11296401E-02 0.7874E-12      7
 1233   24     0    -124      0    124  0.93025599E+00 -0.10706611E-02 0.4906E-12      7
 1234   24     0    -123      0    123  0.93747281E+00 -0.95794472E-03 0.5955E-12      7
 1235   24     0    -122      0    122  0.94418145E+00 -0.91025297E-03 0.3285E-12      6
 1236   24     0    -121      0    121  0.95128874E+00 -0.99306759E-03 0.8328E-12      7
 1237   24     0    -120      0    120  0.95919504E+00 -0.10472942E-02 0.9960E-12      8
 1238   24     0    -119      0    119  0.96753058E+00 -0.10476572E-02 0.3479E-12      7
 1239   24     0    -118      0    118  0.97592021E+00 -0.10032619E-02 0.2192E-11      7
 1240   24     0    -117      0    117  0.98393151E+00 -0.90777260E-03 0.8199E-12      8
 1241   24     0    -116      0    116  0.99134744E+00 -0.85357646E-03 0.1448E-11      6
 1242   24     0    -115      0    115  0.99907663E+00 -0.93195013E-03 0.1264E-11      7
 1243   24     0    -114      0    114  0.10077062E+01 -0.99827095E-03 0.8721E-12      8
 1244   24     0    -113      0    113  0.10168777E+01 -0.10130207E-02 0.6152E-12      7
 1245   24     0    -112      0    112  0.10261818E+01 -0.98441683E-03 0.1317E-11      8
 1246   24     0    -111      0    111  0.10351441E+01 -0.89950349E-03 0.2011E-11      7
 1247   24     0    -110      0    110  0.10433667E+01 -0.82676853E-03 0.9974E-12      6
 1248   24     0    -109      0    109  0.10517479E+01 -0.90136630E-03 0.1353E-11      6
 1249   24     0    -108      0    108  0.10611944E+01 -0.98215297E-03 0.1977E-11      6
 1250   24     0    -107      0    107  0.10713389E+01 -0.10075780E-02 0.2553E-11      6
 1251   24     0    -106      0    106  0.10816956E+01 -0.99038289E-03 0.1703E-11      6
 1252   24     0    -105      0    105  0.10917524E+01 -0.91857001E-03 0.1519E-11      7
 1253   24     0    -104      0    104  0.11009734E+01 -0.83625563E-03 0.1507E-11      7
 1254   24     0    -103      0    103  0.11101359E+01 -0.90488388E-03 0.2714E-11      6
 1255   24     0    -102      0    102  0.11204680E+01 -0.10097790E-02 0.1967E-11      7
 1256   24     0    -101      0    101  0.11316788E+01 -0.10611448E-02 0.3473E-11      6
 1257   24     0    -100      0    100  0.11432243E+01 -0.10704183E-02 0.1469E-11      8
 1258   24     0     -99      0     99  0.11545786E+01 -0.10222998E-02 0.1179E-11      8
 1259   24     0     -98      0     98  0.11650296E+01 -0.92222586E-03 0.1597E-11      6
 1260   24     0     -97      0     97  0.11749928E+01 -0.96957948E-03 0.9106E-12      7
 1261   24     0     -96      0     96  0.11861943E+01 -0.11091634E-02 0.5162E-13      7
 1262   24     0     -95      0     95  0.11985778E+01 -0.11824326E-02 0.1337E-11      7
 1263   24     0     -94      0     94  0.12114686E+01 -0.11981322E-02 0.2013E-11      8
 1264   24     0     -93      0     93  0.12242851E+01 -0.11487036E-02 0.2552E-11      7
 1265   24     0     -92      0     92  0.12361870E+01 -0.10172658E-02 0.5752E-12      7
 1266   24     0     -91      0     91  0.12471453E+01 -0.10077594E-02 0.2311E-11      7
 1267   24     0     -90      0     90  0.12592758E+01 -0.11492690E-02 0.2104E-11      6
 1268   24     0     -89      0     89  0.12729245E+01 -0.12134224E-02 0.1516E-11      8
 1269   24     0     -88      0     88  0.12872848E+01 -0.12013528E-02 0.1469E-11      6
 1270   24     0     -87      0     87  0.13017364E+01 -0.11214444E-02 0.9930E-12      8
 1271   24     0     -86      0     86  0.13154209E+01 -0.95471386E-03 0.1623E-11      7
 1272   24     0     -85      0     85  0.13277248E+01 -0.84048730E-03 0.3033E-11      7
 1273   24     0     -84      0     84  0.13408251E+01 -0.90093033E-03 0.9599E-12      7
 1274   24     0     -83      0     83  0.13559374E+01 -0.89829693E-03 0.2688E-11      6
 1275   24     0     -82      1     83  0.13721607E+01 -0.82350120E-03 0.1112E-11      7
 1276   24     0     -81      1     82  0.13887174E+01 -0.71243658E-03 0.6068E-11      7
 1277   24     0     -80      1     81  0.14045990E+01 -0.56487770E-03 0.4433E-11      5
 1278   24     0     -79      1     80  0.14186287E+01 -0.44796687E-03 0.4632E-11      6
 1279   24     0     -78      1     79  0.14331607E+01 -0.46080701E-03 0.6331E-11      6
 1280   24     0     -77      1     78  0.14503001E+01 -0.44507452E-03 0.3969E-11      6
 1281   24     0     -76      1     77  0.14688976E+01 -0.39156631E-03 0.1664E-11      6
 1282   24     0     -75      1     76  0.14879439E+01 -0.32671538E-03 0.5455E-11      6
 1283   24     0     -76      0     76  0.15062522E+01 -0.25119994E-03 0.3438E-11      6
 1284   24     0     -75      0     75  0.15223182E+01 -0.19231324E-03 0.1631E-10      5
 1285   24     0     -74      0     74  0.15388809E+01 -0.19581744E-03 0.1976E-11      8
 1286   24     0     -73      0     73  0.15586228E+01 -0.18698651E-03 0.1670E-11      6
 1287   24     0     -72      0     72  0.15801638E+01 -0.16244700E-03 0.6694E-11      5
 1288   24     0     -71      0     71  0.16023197E+01 -0.13460326E-03 0.8855E-11      8
 1289   24     0     -70      0     70  0.16236726E+01 -0.10302507E-03 0.4877E-10      5
 1290   24     0     -69      0     69  0.16421992E+01 -0.78028656E-04 0.2529E-10      5
 1291   24     0     -68      0     68  0.16612866E+01 -0.81939499E-04 0.2175E-10      8
 1292   24     0     -67      0     67  0.16843448E+01 -0.80396478E-04 0.2480E-10      5
  Time elapsed :      8.164 s

Mode Search
-----------

Mode parameters
   l : 25
   m : 0

Building frequency grid (REAL axis)
   added scan interval :  0.5233E+00 ->  0.2105E+01 (3000 points, INVERSE)

Building spatial grid
   Scaffold grid from model
   Split 184 subinterval(s) in iteration 1
   Split 46 subinterval(s) in iteration 2
   Split 9 subinterval(s) in iteration 3
   Split 0 subinterval(s) in iteration 4
   Final grid has 1 segment(s) and 7404 point(s):
      Segment 1 : x range 0.0000 -> 1.0010 (1 -> 7404)

Starting search (adiabatic)

Scanning frequencies
  Time elapsed :    35.502 s

Finding roots
  Time elapsed :     10.173 s

Processing modes
   id    l     m    n_pg    n_p    n_g       Re(omega)       Im(omega)        chi n_iter
 1333   25     0    -206      0    206  0.58902235E+00  0.00000000E+00 0.1835E-12      5
 1334   25     0    -205      0    205  0.59188393E+00  0.00000000E+00 0.4017E-12      5
 1335   25     0    -204      0    204  0.59485995E+00  0.00000000E+00 0.4372E-12      5
 1336   25     0    -203      0    203  0.59785614E+00  0.00000000E+00 0.5997E-12      6
 1337   25     0    -202      0    202  0.60077302E+00  0.00000000E+00 0.2357E-12      6
 1338   25     0    -201      0    201  0.60358276E+00  0.00000000E+00 0.2547E-13      5
 1339   25     0    -200      0    200  0.60643579E+00  0.00000000E+00 0.2218E-12      6
 1340   25     0    -199      0    199  0.60946541E+00  0.00000000E+00 0.2245E-12      5
 1341   25     0    -198      0    198  0.61263020E+00  0.00000000E+00 0.3623E-12      5
 1342   25     0    -197      0    197  0.61582571E+00  0.00000000E+00 0.2395E-12      6
 1343   25     0    -196      0    196  0.61893914E+00  0.00000000E+00 0.4982E-12      6
 1344   25     0    -195      0    195  0.62191977E+00  0.00000000E+00 0.5053E-12      5
 1345   25     0    -194      0    194  0.62492590E+00  0.00000000E+00 0.2189E-12      6
 1346   25     0    -193      0    193  0.62813003E+00  0.00000000E+00 0.4402E-12      5
 1347   25     0    -192      0    192  0.63149444E+00  0.00000000E+00 0.6791E-12      5
 1348   25     0    -191      0    191  0.63490096E+00  0.00000000E+00 0.4364E-12      6
 1349   25     0    -190      0    190  0.63822128E+00  0.00000000E+00 0.5790E-12      6
 1350   25     0    -189      0    189  0.64138563E+00  0.00000000E+00 0.4323E-13      5
 1351   25     0    -188      0    188  0.64456211E+00  0.00000000E+00 0.1386E-12      6
 1352   25     0    -187      0    187  0.64795757E+00  0.00000000E+00 0.1603E-12      6
 1353   25     0    -186      0    186  0.65153680E+00  0.00000000E+00 0.1157E-12      5
 1354   25     0    -185      0    185  0.65517106E+00  0.00000000E+00 0.5407E-12      5
 1355   25     0    -184      0    184  0.65872070E+00  0.00000000E+00 0.7112E-13      6
 1356   25     0    -183      0    183  0.66209470E+00  0.00000000E+00 0.9389E-12      5
 1357   25     0    -182      0    182  0.66546032E+00  0.00000000E+00 0.8819E-13      6
 1358   25     0    -181      0    181  0.66906513E+00  0.00000000E+00 0.5494E-14      6
 1359   25     0    -180      0    180  0.67288396E+00  0.00000000E+00 0.2150E-12      5
 1360   25     0    -179      0    179  0.67677528E+00  0.00000000E+00 0.5973E-12      5
 1361   25     0    -178      0    178  0.68058252E+00  0.00000000E+00 0.3146E-12      6
 1362   25     0    -177      0    177  0.68418355E+00  0.00000000E+00 0.1552E-12      6
 1363   25     0    -176      0    176  0.68774399E+00  0.00000000E+00 0.5663E-12      5
 1364   25     0    -175      0    175  0.69156783E+00  0.00000000E+00 0.6502E-12      5
 1365   25     0    -174      0    174  0.69564050E+00  0.00000000E+00 0.5656E-12      5
 1366   25     0    -173      0    173  0.69980342E+00  0.00000000E+00 0.2784E-12      6
 1367   25     0    -172      0    172  0.70388609E+00  0.00000000E+00 0.1726E-12      6
 1368   25     0    -171      0    171  0.70774322E+00  0.00000000E+00 0.2737E-12      5
 1369   25     0    -170      0    170  0.71153006E+00  0.00000000E+00 0.2313E-12      6
 1370   25     0    -169      0    169  0.71559821E+00  0.00000000E+00 0.2893E-12      6
 1371   25     0    -168      0    168  0.71995293E+00  0.00000000E+00 0.3219E-13      5
 1372   25     0    -167      0    167  0.72442241E+00  0.00000000E+00 0.1641E-12      5
 1373   25     0    -166      0    166  0.72882032E+00  0.00000000E+00 0.1858E-12      6
 1374   25     0    -165      0    165  0.73296822E+00  0.00000000E+00 0.1210E-12      6
 1375   25     0    -164      0    164  0.73699910E+00  0.00000000E+00 0.2039E-12      5
 1376   25     0    -163      0    163  0.74132736E+00  0.00000000E+00 0.7362E-13      6
 1377   25     0    -162      0    162  0.74598499E+00  0.00000000E+00 0.2221E-12      5
 1378   25     0    -161      0    161  0.75077987E+00  0.00000000E+00 0.4518E-12      5
 1379   25     0    -160      0    160  0.75550884E+00  0.00000000E+00 0.1826E-12      6
 1380   25     0    -159      0    159  0.75997290E+00  0.00000000E+00 0.5489E-14      6
 1381   25     0    -158      0    158  0.76428777E+00  0.00000000E+00 0.2155E-12      6
 1382   25     0    -157      0    157  0.76890994E+00  0.00000000E+00 0.4477E-12      6
 1383   25     0    -156      0    156  0.77390110E+00  0.00000000E+00 0.4314E-12      5
 1384   25     0    -155      0    155  0.77905709E+00  0.00000000E+00 0.6444E-12      5
 1385   25     0    -154      0    154  0.78415691E+00  0.00000000E+00 0.2011E-12      6
 1386   25     0    -153      0    153  0.78897245E+00  0.00000000E+00 0.5107E-13      6
 1387   25     0    -152      0    152  0.79360422E+00  0.00000000E+00 0.8285E-13      6
 1388   25     0    -151      0    151  0.79856705E+00  0.00000000E+00 0.3538E-12      6
 1389   25     0    -150      0    150  0.80394610E+00  0.00000000E+00 0.1271E-12      5
 1390   25     0    -149      0    149  0.80951309E+00  0.00000000E+00 0.1590E-12      5
 1391   25     0    -148      0    148  0.81502354E+00  0.00000000E+00 0.4571E-13      6
 1392   25     0    -147      0    147  0.82022164E+00  0.00000000E+00 0.7549E-13      6
 1393   25     0    -146      0    146  0.82520294E+00  0.00000000E+00 0.1818E-12      5
 1394   25     0    -145      0    145  0.83054308E+00  0.00000000E+00 0.1116E-12      6
 1395   25     0    -144      0    144  0.83634911E+00  0.00000000E+00 0.1147E-12      6
 1396   25     0    -143      0    143  0.84237507E+00  0.00000000E+00 0.1594E-12      6
 1397   25     0    -142      0    142  0.84835981E+00  0.00000000E+00 0.3272E-13      6
 1398   25     0    -141      0    141  0.85401059E+00  0.00000000E+00 0.1805E-12      6
 1399   25     0    -140      0    140  0.85938078E+00  0.00000000E+00 0.1550E-12      6
 1400   25     0    -139      0    139  0.86513231E+00  0.00000000E+00 0.5712E-13      5
 1401   25     0    -138      0    138  0.87142948E+00  0.00000000E+00 0.3327E-12      6
 1402   25     0    -137      0    137  0.87799349E+00  0.00000000E+00 0.5168E-13      5
 1403   25     0    -136      0    136  0.88453011E+00  0.00000000E+00 0.1064E-12      6
 1404   25     0    -135      0    135  0.89070487E+00  0.00000000E+00 0.1464E-12      6
 1405   25     0    -134      0    134  0.89653431E+00  0.00000000E+00 0.1355E-12      6
 1406   25     0    -133      0    133  0.90276099E+00  0.00000000E+00 0.2294E-12      6
 1407   25     0    -132      0    132  0.90960417E+00  0.00000000E+00 0.9287E-13      5
 1408   25     0    -131      0    131  0.91675925E+00  0.00000000E+00 0.2299E-12      5
 1409   25     0    -130      0    130  0.92391379E+00  0.00000000E+00 0.1751E-12      6
 1410   25     0    -129      0    129  0.93070715E+00  0.00000000E+00 0.8183E-13      5
 1411   25     0    -128      0    128  0.93707186E+00  0.00000000E+00 0.1126E-13      6
 1412   25     0    -127      0    127  0.94379844E+00  0.00000000E+00 0.4147E-13      6
 1413   25     0    -126      0    126  0.95123695E+00  0.00000000E+00 0.4462E-14      6
 1414   25     0    -125      0    125  0.95907003E+00  0.00000000E+00 0.2131E-12      5
 1415   25     0    -124      0    124  0.96694721E+00  0.00000000E+00 0.6409E-13      6
 1416   25     0    -123      0    123  0.97445466E+00  0.00000000E+00 0.6279E-13      6
 1417   25     0    -122      0    122  0.98142521E+00  0.00000000E+00 0.5259E-13      5
 1418   25     0    -121      0    121  0.98873149E+00  0.00000000E+00 0.6700E-13      6
 1419   25     0    -120      0    120  0.99686565E+00  0.00000000E+00 0.2401E-14      5
 1420   25     0    -119      0    119  0.10054746E+01  0.00000000E+00 0.9023E-13      5
 1421   25     0    -118      0    118  0.10141703E+01  0.00000000E+00 0.2344E-12      6
 1422   25     0    -117      0    117  0.10225175E+01  0.00000000E+00 0.5067E-12      6
 1423   25     0    -116      0    116  0.10302378E+01  0.00000000E+00 0.2179E-12      5
 1424   25     0    -115      0    115  0.10381714E+01  0.00000000E+00 0.6265E-13      6
 1425   25     0    -114      0    114  0.10470301E+01  0.00000000E+00 0.3885E-12      6
 1426   25     0    -113      0    113  0.10564925E+01  0.00000000E+00 0.2974E-13      5
 1427   25     0    -112      0    112  0.10661328E+01  0.00000000E+00 0.7872E-13      6
 1428   25     0    -111      0    111  0.10754783E+01  0.00000000E+00 0.3133E-12      6
 1429   25     0    -110      0    110  0.10840670E+01  0.00000000E+00 0.1606E-13      5
 1430   25     0    -109      0    109  0.10926629E+01  0.00000000E+00 0.4913E-13      6
 1431   25     0    -108      0    108  0.11023322E+01  0.00000000E+00 0.5390E-12      6
 1432   25     0    -107      0    107  0.11127842E+01  0.00000000E+00 0.3237E-12      5
 1433   25     0    -106      0    106  0.11235075E+01  0.00000000E+00 0.4219E-12      6
 1434   25     0    -105      0    105  0.11339916E+01  0.00000000E+00 0.4655E-13      6
 1435   25     0    -104      0    104  0.11436456E+01  0.00000000E+00 0.6443E-13      5
 1436   25     0    -103      0    103  0.11530488E+01  0.00000000E+00 0.3845E-13      6
 1437   25     0    -102      0    102  0.11635883E+01  0.00000000E+00 0.2790E-12      6
 1438   25     0    -101      0    101  0.11751100E+01  0.00000000E+00 0.1785E-12      5
 1439   25     0    -100      0    100  0.11870399E+01  0.00000000E+00 0.2029E-13      6
 1440   25     0     -99      0     99  0.11988524E+01  0.00000000E+00 0.3067E-12      5
 1441   25     0     -98      0     98  0.12098178E+01  0.00000000E+00 0.1541E-12      6
 1442   25     0     -97      0     97  0.12200876E+01  0.00000000E+00 0.1305E-13      6
 1443   25     0     -96      0     96  0.12314701E+01  0.00000000E+00 0.9594E-13      6
 1444   25     0     -95      0     95  0.12441656E+01  0.00000000E+00 0.2950E-12      6
 1445   25     0     -94      0     94  0.12574695E+01  0.00000000E+00 0.1652E-12      6
 1446   25     0     -93      0     93  0.12707841E+01  0.00000000E+00 0.1228E-12      6
 1447   25     0     -92      0     92  0.12832751E+01  0.00000000E+00 0.1396E-12      6
 1448   25     0     -91      0     91  0.12946418E+01  0.00000000E+00 0.2418E-13      5
 1449   25     0     -90      0     90  0.13069512E+01  0.00000000E+00 0.7853E-13      6
 1450   25     0     -89      0     89  0.13209186E+01  0.00000000E+00 0.6761E-13      5
 1451   25     0     -88      0     88  0.13357228E+01  0.00000000E+00 0.2268E-12      6
 1452   25     0     -87      0     87  0.13507059E+01  0.00000000E+00 0.1641E-12      5
 1453   25     0     -86      0     86  0.13650264E+01  0.00000000E+00 0.1163E-12      6
 1454   25     0     -85      0     85  0.13778699E+01  0.00000000E+00 0.1415E-12      6
 1455   25     0     -84      0     84  0.13911909E+01  0.00000000E+00 0.2494E-12      5
 1456   25     0     -83      0     83  0.14066345E+01  0.00000000E+00 0.4545E-14      6
 1457   25     0     -82      0     82  0.14233397E+01  0.00000000E+00 0.1071E-12      5
 1458   25     0     -81      0     81  0.14404659E+01  0.00000000E+00 0.1888E-12      6
 1459   25     0     -80      0     80  0.14570199E+01  0.00000000E+00 0.1322E-12      6
 1460   25     0     -79      0     79  0.14716713E+01  0.00000000E+00 0.1552E-12      5
 1461   25     0     -78      0     78  0.14864557E+01  0.00000000E+00 0.1772E-12      6
 1462   25     0     -77      0     77  0.15039464E+01  0.00000000E+00 0.1179E-12      6
 1463   25     0     -76      0     76  0.15230657E+01  0.00000000E+00 0.1888E-13      5
 1464   25     0     -75      0     75  0.15427274E+01  0.00000000E+00 0.2309E-12      6
 1465   25     0     -74      0     74  0.15617726E+01  0.00000000E+00 0.9921E-13      6
 1466   25     0     -73      0     73  0.15785548E+01  0.00000000E+00 0.3890E-12      5
 1467   25     0     -72      0     72  0.15953870E+01  0.00000000E+00 0.2762E-14      6
 1468   25     0     -71      0     71  0.16154893E+01  0.00000000E+00 0.3485E-13      6
 1469   25     0     -70      0     70  0.16375944E+01  0.00000000E+00 0.2012E-12      5
 1470   25     0     -69      0     69  0.16604404E+01  0.00000000E+00 0.6993E-13      6
 1471   25     0     -68      0     68  0.16826924E+01  0.00000000E+00 0.7779E-13      6
  Time elapsed :      2.774 s

Starting search (non-adiabatic)

Finding roots
  Time elapsed :    203.249 s

Processing modes
   id    l     m    n_pg    n_p    n_g       Re(omega)       Im(omega)        chi n_iter
 1333   25     0    -206      1    207  0.58854902E+00 -0.98770237E-03 0.4060E-12      8
 1334   25     0    -205      1    206  0.59140236E+00 -0.10402172E-02 0.5994E-12      8
 1335   25     0    -204      1    205  0.59438809E+00 -0.10654447E-02 0.3939E-12      8
 1336   25     0    -203      1    204  0.59741009E+00 -0.10549463E-02 0.8506E-12      9
 1337   25     0    -202      1    203  0.60036231E+00 -0.10105559E-02 0.6020E-12      7
 1338   25     0    -201      1    202  0.60318583E+00 -0.97624241E-03 0.2665E-12      8
 1339   25     0    -200      1    201  0.60602233E+00 -0.10150549E-02 0.3739E-12      9
 1340   25     0    -199      1    200  0.60904395E+00 -0.10764136E-02 0.3368E-12      8
 1341   25     0    -198      1    199  0.61221787E+00 -0.11070309E-02 0.2978E-12      7
 1342   25     0    -197      1    198  0.61543720E+00 -0.10993518E-02 0.4104E-12      9
 1343   25     0    -196      1    197  0.61858479E+00 -0.10528729E-02 0.4110E-12      7
 1344   25     0    -195      1    196  0.62158028E+00 -0.10103516E-02 0.1127E-12      8
 1345   25     0    -194      1    195  0.62456944E+00 -0.10511096E-02 0.2574E-12      8
 1346   25     0    -193      1    194  0.62776547E+00 -0.11232679E-02 0.5898E-12      8
 1347   25     0    -192      1    193  0.63113852E+00 -0.11614188E-02 0.4219E-12      9
 1348   25     0    -191      1    192  0.63456701E+00 -0.11571099E-02 0.5898E-12      7
 1349   25     0    -190      1    191  0.63791907E+00 -0.11087251E-02 0.5210E-12      7
 1350   25     0    -189      1    190  0.64109609E+00 -0.10599610E-02 0.4737E-12      8
 1351   25     0    -188      1    189  0.64425344E+00 -0.11045063E-02 0.7607E-12      7
 1352   25     0    -187      1    188  0.64764043E+00 -0.11867886E-02 0.1549E-12      8
 1353   25     0    -186      1    187  0.65122701E+00 -0.12316358E-02 0.6527E-12      9
 1354   25     0    -185      1    186  0.65488021E+00 -0.12307374E-02 0.2230E-12      9
 1355   25     0    -184      1    185  0.65845831E+00 -0.11808255E-02 0.3595E-12      9
 1356   25     0    -183      1    184  0.66184334E+00 -0.11231106E-02 0.8359E-12      8
 1357   25     0    -182      1    183  0.66518751E+00 -0.11671751E-02 0.3124E-12      8
 1358   25     0    -181      1    182  0.66878280E+00 -0.12600268E-02 0.4284E-12      8
 1359   25     0    -180      1    181  0.67260794E+00 -0.13123577E-02 0.2421E-12      7
 1360   25     0    -179      1    180  0.67651650E+00 -0.13140305E-02 0.6914E-12      7
 1361   25     0    -178      1    179  0.68035151E+00 -0.12597194E-02 0.3891E-12      7
 1362   25     0    -177      1    178  0.68396420E+00 -0.11871646E-02 0.4661E-12      7
 1363   25     0    -176      1    177  0.68750035E+00 -0.12293150E-02 0.3595E-12      7
 1364   25     0    -175      1    176  0.69131428E+00 -0.13358627E-02 0.3863E-12      8
 1365   25     0    -174      1    175  0.69539343E+00 -0.13976189E-02 0.6511E-12      9
 1366   25     0    -173      1    174  0.69957210E+00 -0.14046405E-02 0.5279E-12      8
 1367   25     0    -172      1    173  0.70368005E+00 -0.13514687E-02 0.4436E-12      8
 1368   25     0    -171      1    172  0.70754694E+00 -0.12705442E-02 0.5196E-12      9
 1369   25     0    -170      1    171  0.71130425E+00 -0.13109883E-02 0.7218E-12      7
 1370   25     0    -169      1    170  0.71535737E+00 -0.14326543E-02 0.6308E-12      8
 1371   25     0    -168      1    169  0.71971323E+00 -0.15068856E-02 0.4908E-12      7
 1372   25     0    -167      1    168  0.72419182E+00 -0.15200494E-02 0.2047E-12      9
 1373   25     0    -166      1    167  0.72860969E+00 -0.14648828E-02 0.1071E-11      8
 1374   25     0    -165      1    166  0.73276569E+00 -0.13655445E-02 0.1242E-11      8
 1375   25     0    -164      1    165  0.73675819E+00 -0.13926600E-02 0.7591E-12      7
 1376   25     0    -163      1    164  0.74106136E+00 -0.15244197E-02 0.9230E-12      9
 1377   25     0    -162      1    163  0.74571295E+00 -0.16028225E-02 0.5568E-12     10
 1378   25     0    -161      1    162  0.75051103E+00 -0.16113344E-02 0.1293E-11      7
 1379   25     0    -160      1    161  0.75525683E+00 -0.15469035E-02 0.7493E-12      7
 1380   25     0    -159      1    160  0.75973096E+00 -0.14307235E-02 0.5046E-12      9
 1381   25     0    -158      1    159  0.76400573E+00 -0.14380543E-02 0.7340E-12      8
 1382   25     0    -157      1    158  0.76859647E+00 -0.15650115E-02 0.5311E-12      9
 1383   25     0    -156      1    157  0.77357894E+00 -0.16396020E-02 0.4684E-12      7
 1384   25     0    -155      1    156  0.77873845E+00 -0.16414057E-02 0.2247E-12      7
 1385   25     0    -154      1    155  0.78385831E+00 -0.15687663E-02 0.3671E-12      7
 1386   25     0    -153      1    154  0.78869204E+00 -0.14383541E-02 0.7566E-12      7
 1387   25     0    -152      1    153  0.79328833E+00 -0.14293527E-02 0.1226E-12      7
 1388   25     0    -151      1    152  0.79821826E+00 -0.15514751E-02 0.1375E-12      8
 1389   25     0    -150      1    151  0.80358946E+00 -0.16196336E-02 0.9407E-12      7
 1390   25     0    -149      1    150  0.80916314E+00 -0.16112189E-02 0.1036E-11      9
 1391   25     0    -148      1    149  0.81469856E+00 -0.15279109E-02 0.1032E-11      7
 1392   25     0    -147      1    148  0.81992330E+00 -0.13864709E-02 0.8865E-12      8
 1393   25     0    -146      1    147  0.82487927E+00 -0.13630898E-02 0.3268E-12      6
 1394   25     0    -145      0    145  0.83019281E+00 -0.14705615E-02 0.5002E-12      9
 1395   25     0    -144      0    144  0.83599845E+00 -0.15247097E-02 0.1691E-12      7
 1396   25     0    -143      0    143  0.84204001E+00 -0.15062491E-02 0.2532E-12      7
 1397   25     0    -142      0    142  0.84805779E+00 -0.14197236E-02 0.8024E-12      8
 1398   25     0    -141      0    141  0.85374599E+00 -0.12749740E-02 0.1287E-11      7
 1399   25     0    -140      0    140  0.85910749E+00 -0.12362361E-02 0.1680E-11      7
 1400   25     0    -139      0    139  0.86484519E+00 -0.13343007E-02 0.7518E-12      8
 1401   25     0    -138      0    138  0.87115279E+00 -0.13849597E-02 0.1843E-11      7
 1402   25     0    -137      0    137  0.87774035E+00 -0.13675558E-02 0.9587E-12      8
 1403   25     0    -136      0    136  0.88431222E+00 -0.12885545E-02 0.7787E-12      6
 1404   25     0    -135      0    135  0.89052350E+00 -0.11542070E-02 0.6178E-12      7
 1405   25     0    -134      0    134  0.89635306E+00 -0.11143299E-02 0.2250E-12      7
 1406   25     0    -133      0    133  0.90257669E+00 -0.12073579E-02 0.5097E-12      7
 1407   25     0    -132      0    132  0.90943506E+00 -0.12584296E-02 0.7307E-12      8
 1408   25     0    -131      0    131  0.91661297E+00 -0.12471303E-02 0.1063E-11      6
 1409   25     0    -130      0    130  0.92379609E+00 -0.11812131E-02 0.1060E-11      7
 1410   25     0    -129      0    129  0.93061737E+00 -0.10607033E-02 0.4929E-12      8
 1411   25     0    -128      0    128  0.93698588E+00 -0.10100214E-02 0.1577E-11      8
 1412   25     0    -127      0    127  0.94371668E+00 -0.10932744E-02 0.4626E-12      6
 1413   25     0    -126      0    126  0.95117344E+00 -0.11465907E-02 0.9224E-12      7
 1414   25     0    -125      0    125  0.95902835E+00 -0.11406453E-02 0.1174E-11      7
 1415   25     0    -124      0    124  0.96692876E+00 -0.10836675E-02 0.9571E-12      6
 1416   25     0    -123      0    123  0.97445575E+00 -0.97133164E-03 0.1498E-11      7
 1417   25     0    -122      0    122  0.98142991E+00 -0.91271469E-03 0.3905E-12      7
 1418   25     0    -121      0    121  0.98874847E+00 -0.99205240E-03 0.7342E-12      8
 1419   25     0    -120      0    120  0.99690590E+00 -0.10499032E-02 0.7636E-12      7
 1420   25     0    -119      0    119  0.10055366E+01 -0.10526571E-02 0.1057E-11      8
 1421   25     0    -118      0    118  0.10142505E+01 -0.10110165E-02 0.5580E-12      9
 1422   25     0    -117      0    117  0.10226082E+01 -0.91765342E-03 0.2986E-12      7
 1423   25     0    -116      0    116  0.10303284E+01 -0.85306491E-03 0.6752E-12      7
 1424   25     0    -115      0    115  0.10382790E+01 -0.92519221E-03 0.9113E-12      7
 1425   25     0    -114      0    114  0.10471656E+01 -0.99497184E-03 0.1416E-11      7
 1426   25     0    -113      0    113  0.10566500E+01 -0.10123048E-02 0.1057E-11      7
 1427   25     0    -112      0    112  0.10663052E+01 -0.98664305E-03 0.2606E-12      6
 1428   25     0    -111      0    111  0.10756540E+01 -0.90568898E-03 0.2890E-12      6
 1429   25     0    -110      0    110  0.10842341E+01 -0.82354780E-03 0.2531E-12      7
 1430   25     0    -109      0    109  0.10928493E+01 -0.88754869E-03 0.1445E-11      8
 1431   25     0    -108      0    108  0.11025548E+01 -0.97189832E-03 0.1055E-11      6
 1432   25     0    -107      0    107  0.11130325E+01 -0.10007170E-02 0.1670E-11      6
 1433   25     0    -106      0    106  0.11237712E+01 -0.98724968E-03 0.1610E-11      8
 1434   25     0    -105      0    105  0.11342554E+01 -0.92139425E-03 0.4101E-12      7
 1435   25     0    -104      0    104  0.11438936E+01 -0.83293025E-03 0.1485E-11      8
 1436   25     0    -103      0    103  0.11533170E+01 -0.88730412E-03 0.2463E-11      7
 1437   25     0    -102      0    102  0.11639058E+01 -0.99570523E-03 0.6194E-12      7
 1438   25     0    -101      0    101  0.11754628E+01 -0.10516367E-02 0.2491E-11      7
 1439   25     0    -100      0    100  0.11874130E+01 -0.10651147E-02 0.6952E-12      8
 1440   25     0     -99      0     99  0.11992262E+01 -0.10242156E-02 0.2972E-11      8
 1441   25     0     -98      0     98  0.12101634E+01 -0.92315172E-03 0.4695E-12      7
 1442   25     0     -97      0     97  0.12204387E+01 -0.94920780E-03 0.2363E-11      6
 1443   25     0     -96      0     96  0.12318817E+01 -0.10899101E-02 0.8752E-12      8
 1444   25     0     -95      0     95  0.12446179E+01 -0.11692083E-02 0.1648E-11      6
 1445   25     0     -94      0     94  0.12579380E+01 -0.11900146E-02 0.8684E-12      7
 1446   25     0     -93      0     93  0.12712441E+01 -0.11491944E-02 0.1350E-11      8
 1447   25     0     -92      0     92  0.12836897E+01 -0.10232695E-02 0.1194E-11      6
 1448   25     0     -91      0     91  0.12950321E+01 -0.99108859E-03 0.9154E-12      6
 1449   25     0     -90      0     90  0.13073960E+01 -0.11322216E-02 0.1535E-11      7
 1450   25     0     -89      0     89  0.13213953E+01 -0.12056691E-02 0.6571E-12      8
 1451   25     0     -88      0     88  0.13361967E+01 -0.11991566E-02 0.1755E-11      9
 1452   25     0     -87      0     87  0.13511505E+01 -0.11248654E-02 0.2272E-11      6
 1453   25     0     -86      0     86  0.13654094E+01 -0.96362949E-03 0.2729E-11      6
 1454   25     0     -85      0     85  0.13781943E+01 -0.83105854E-03 0.1120E-11      6
 1455   25     0     -84      0     84  0.13915360E+01 -0.88394294E-03 0.2111E-11      6
 1456   25     0     -83      0     83  0.14069906E+01 -0.88819447E-03 0.1479E-11      6
 1457   25     0     -82      0     82  0.14236768E+01 -0.81681712E-03 0.1444E-11      7
 1458   25     0     -81      1     82  0.14407685E+01 -0.70878359E-03 0.2141E-11      7
 1459   25     0     -80      1     81  0.14572706E+01 -0.56558057E-03 0.2930E-11      7
 1460   25     0     -79      1     80  0.14718710E+01 -0.44082551E-03 0.1699E-11      6
 1461   25     0     -78      1     79  0.14866640E+01 -0.44768142E-03 0.2020E-11      7
 1462   25     0     -77      1     78  0.15041581E+01 -0.43593045E-03 0.5406E-11      6
 1463   25     0     -76      1     77  0.15232602E+01 -0.38441758E-03 0.4663E-11      5
 1464   25     0     -75      1     76  0.15428966E+01 -0.32135734E-03 0.1408E-11      5
 1465   25     0     -74      1     75  0.15619083E+01 -0.24872461E-03 0.8758E-11      6
 1466   25     0     -73      1     74  0.15786594E+01 -0.18700787E-03 0.6037E-11      7
 1467   25     0     -72      1     73  0.15954942E+01 -0.18705849E-03 0.1118E-10      6
 1468   25     0     -71      1     72  0.16155959E+01 -0.18027219E-03 0.1697E-10      5
 1469   25     0     -70      1     71  0.16376902E+01 -0.15722873E-03 0.2666E-10      6
 1470   25     0     -69      1     70  0.16605224E+01 -0.13103234E-03 0.2235E-10      6
 1471   25     0     -68      1     69  0.16827576E+01 -0.10194737E-03 0.4598E-10      6
  Time elapsed :      8.610 s

=== adiabatic (summary_ad_wide_hi.h5, windows from gyre_ad_wide_hi.in) ===
1144 modes total, 10 l values requested

  l  count     n_pg range       freq range (c/d)   gaps
--------------------------------------------------------
 16     90   -133 ..  -44      2.084 ..    5.909      0
 17     95   -141 ..  -47      2.087 ..    5.861      0
 18    101   -149 ..  -49      2.089 ..    5.936      0
 19    106   -157 ..  -52      2.088 ..    5.920      0
 20    111   -165 ..  -55      2.090 ..    5.881      0
 21    117   -173 ..  -57      2.091 ..    5.965      0
 22    123   -182 ..  -60      2.079 ..    5.915      0
 23    128   -190 ..  -63      2.082 ..    5.913      0
 24    134   -198 ..  -65      2.082 ..    5.954      0
 25    139   -206 ..  -68      2.082 ..    5.948      0

2052 detail files, 7325 grid points in detail.l20.n-97.h5
dlnrho/dlnr from (As, V_2, Gamma_1) vs numerical
  median rel err 3.83e-07, 95th pct 2.82e-04

=== nonadiabatic (summary_nad_wide_hi.h5) ===

0 driven modes (gamma < 0) of 1144
  damping rates (dimensionless): 5.191e-06 .. 1.641e-03
  gamma covers 1142 of 1144 adiabatic modes (21 duplicate n_pg labels in the nad summary, harmless)
    no gamma: l = 21  n_pg =  -162  2.2303 c/d
    no gamma: l = 22  n_pg =  -155  2.4363 c/d
  pass require_gamma=True to build_mode_list to drop these

OK

--- [dsct_M1.85_T7555] four-mode search
2042 modes with gamma, 81 driven, cut 0.530 c/d
22492 direct triples, 1318760 four-mode candidates [48 s]
54175 distinct radial triplets to integrate
kappa done, 54175 triplets on 16 core(s) [648 s]

1318760 rows -> out/four_mode_dsct_M1.85_T7555.csv
 l_a  n_a  l_b  n_b  l_c  n_c  l_d  n_d comb      f_c      f_d  kappa_direct  kappa_param  E_c_over_E_th
   4    2    4    3    8  -31    8  -65 diff 4.351858 2.176111      7.101670    -0.783992   3.453047e-06
   4    2    4    3    8  -31    4  -34 diff 4.351858 2.164881      7.101670    -5.175181   2.154444e-07
   6    3    6    4    8  -31    8  -65 diff 4.351858 2.176111      3.882895    -0.783992   1.972106e-07
   4    2    4    3    8  -31   13 -104 diff 4.351858 2.176484      7.101670    -0.826301   8.203876e-08
   6    0    6    2    8  -29    5  -39 diff 4.646904 2.319446      3.617453    -1.833652   4.998440e-08
   6    2    6    3   10  -37    5  -40 diff 4.523119 2.263372      6.095697    -6.165150   4.381043e-08
   4    2    4    3    8  -31   17 -135 diff 4.351858 2.177913      7.101670    -0.678968   3.168042e-08
   4    2    4    3    8  -31   14 -112 diff 4.351858 2.174561      7.101670    -0.579905   3.093062e-08
   4    2    4    3    8  -31   10  -81 diff 4.351858 2.169690      7.101670    -1.051397   2.541320e-08
   4    2    4    3    8  -31    9  -73 diff 4.351858 2.168353      7.101670    -1.208974   2.481481e-08
   4    2    4    3    8  -31    6  -49 diff 4.351858 2.188256      7.101670    -1.860679   2.285622e-08
   6   -7    6   -3   10  -37    5  -40 diff 4.523119 2.263372      0.261869    -6.165150   2.167041e-08
   4    2    4    3    8  -31    4  -33 diff 4.351858 2.228761      7.101670    -7.043802   1.849719e-08
   6    0    6    2   10  -36    5  -39 diff 4.642661 2.319446      5.894351    -3.921359   1.813843e-08
   6    4    6    5   12  -47    7  -58 diff 4.302485 2.151719     14.623029    -3.431556   1.423468e-08

0 candidates above threshold (E_c > E_th) at q_parent = 1e-06; 50 if the detuning factor is dropped

full m for the top 200:
 l_c  n_c  l_d  n_d  kappa_m0  kappa_max         m_max  n_m  refine
   8  -31    8  -65 -0.783992  -1.270583    (-8, 4, 4)  205       1
   8  -31    4  -34 -5.175181  -8.387195    (-8, 4, 4)   81       1
   8  -31   13 -104 -0.826301   1.493676 (-2, -11, 13)  387       2
   8  -29    5  -39 -1.833652  -2.971722    (-8, 4, 4)  115       1
  10  -37    5  -40 -6.165150 -10.515801   (-10, 5, 5)  121       1
   8  -31   17 -135 -0.678968   1.296992 (-2, -15, 17)  523       1
   8  -31   14 -112 -0.579905  -1.074326 (-2, -12, 14)  421       1
   8  -31   10  -81 -1.051397   1.793758  (-3, -7, 10)  285       2
   8  -31    9  -73 -1.208974   1.976009   (-4, -5, 9)  243       2
   8  -31    6  -49 -1.860679  -3.015523    (-8, 4, 4)  145       1
   8  -31    4  -33 -7.043802 -11.415589    (-8, 4, 4)   81       1
  10  -36    5  -39 -3.921359  -6.688602   (-10, 5, 5)  121       1
  12  -47    7  -58 -3.431556  -6.107099   (-12, 6, 6)  219       1
   8  -29    4  -31 -4.143428  -6.715077    (-8, 4, 4)   81       1
   8  -31    6  -50 -2.340109  -3.792515    (-8, 4, 4)  145       2

total 866 s

--- [dsct_M1.85_T7555] M6 network integration
1318760 candidates, 0 above threshold at q = 1e-06

system: (4,+2) + (4,+3) -> (8,-31) -> 2x(8,-65)  [diff]
  f = 25.1771, 29.5292, 4.3519, 2.1761 c/d
  kappa  direct +7.102   param -0.784
  Delta  direct -2.701e-04  param +3.633e-04 c/d
  E_c/E_th 3.453e-06 at q = 1e-6 (Gamma/gamma_d 2.061e-03 without detuning)

conservation check (undamped, resonant):
  energy               drift 6.95e-06
  N_P + N_Q            drift 3.20e-09
  N_Q - N_c - N_d/2    drift 1.48e-09

threshold parent amplitude 2.320e-05; driving at 6.959e-05

pumped system (P, Q frozen), t_end 12.91 yr

integrated 1.291e+01 yr
  E_P/E_star  start 4.843e-09  end 4.843e-09  max 4.843e-09
  E_Q/E_star  start 4.843e-09  end 4.843e-09  max 4.843e-09
  E_c/E_star  start 4.843e-15  end 1.592e-08  max 1.857e-06
  E_d/E_star  start 4.843e-17  end 5.809e-08  max 1.852e-06

  daughter energy swing over the second half: 1.085
  bounded limit cycle
  q_c vs 2 mu q_P q_Q at 0.5x threshold (sub-threshold, slaved): median 6.022e-03
  E_d there: start 1.345e-18 -> end 0.000e+00 (decays, as it must below threshold)

-> out/m6_network_dsct_M1.85_T7555.csv

--- [dsct_M1.85_T7555] figures
model models/dsct_M1.85_T7555  tag dsct_M1.85_T7555  -> out/plots/dsct_M1.85_T7555
loading narrow model...
figures:
  fig_propagation
  fig_gamma
  fig_gamma_panels
  fig_kappa_cum
  fig_xi_kappa_p
  fig_xi_kappa_g
  fig_mu
  fig_eth
  fig_fourmode
  fig_m6
done -> out/plots/dsct_M1.85_T7555

=== dsct_M1.85_T7555 done Tue Aug 11 01:45:53 PM CDT 2026 ===
