t_yr,E_P,E_Q,E_c,E_d
0.0,3.4091126383139733e-09,3.4091126383139733e-09,3.4091126383139733e-15,3.409112638313974e-17
0.006966678510478227,3.4091126383139733e-09,3.4091126383139733e-09,2.807477523398919e-11,3.17744758729625e-17
0.013933357020956454,3.4091126383139733e-09,3.4091126383139733e-09,1.1220422709037632e-10,2.9653489934849635e-17
0.020900035531434682,3.4091126383139733e-09,3.4091126383139733e-09,2.522648025998533e-10,2.7709773325677733e-17
0.027866714041912908,3.4091126383139733e-09,3.4091126383139733e-09,4.481295707626484e-10,2.5926811571723455e-17
0.03483339255239114,3.4091126383139733e-09,3.4091126383139733e-09,6.996716320263358e-10,2.4289766244521553e-17
0.041800071062869364,3.4091126383139733e-09,3.4091126383139733e-09,1.006764118650461e-09,2.278529379856429e-17
0.04876674957334759,3.4091126383139733e-09,3.4091126383139733e-09,1.3692801950706334e-09,2.1401385113755028e-17
0.055733428083825816,3.4091126383139733e-09,3.4091126383139733e-09,1.7870930582620686e-09,2.0127223256148394e-17
0.06270010659430404,3.4091126383139733e-09,3.4091126383139733e-09,2.260075938102587e-09,1.8953057275115043e-17
0.06966678510478228,3.4091126383139733e-09,3.4091126383139733e-09,2.7881020977350804e-09,1.7870090136633452e-17
0.0766334636152605,3.4091126383139733e-09,3.4091126383139733e-09,3.371044833929422e-09,1.6870379123330263e-17
0.08360014212573873,3.4091126383139733e-09,3.4091126383139733e-09,4.008777477443854e-09,1.5946747244373493e-17
0.09056682063621695,3.4091126383139733e-09,3.4091126383139733e-09,4.701173393385813e-09,1.5092704372161582e-17
0.09753349914669518,3.4091126383139733e-09,3.4091126383139733e-09,5.448105981572204e-09,1.4302376984110433e-17
0.1045001776571734,3.4091126383139733e-09,3.4091126383139733e-09,6.2494486768891926e-09,1.3570445520515907e-17
0.11146685616765163,3.4091126383139733e-09,3.4091126383139733e-09,7.1050749496513745e-09,1.2892088492272552e-17
0.11843353467812986,3.4091126383139733e-09,3.4091126383139733e-09,8.014858305960444e-09,1.2262932572961708e-17
0.12540021318860808,3.4091126383139733e-09,3.4091126383139733e-09,8.978672288063304e-09,1.1679008003336997e-17
0.13236689169908633,3.4091126383139733e-09,3.4091126383139733e-09,9.996390474709682e-09,1.1136708714195693e-17
0.13933357020956455,3.4091126383139733e-09,3.4091126383139733e-09,1.1067886481509096e-08,1.0632756644338214e-17
0.14630024872004277,3.4091126383139733e-09,3.4091126383139733e-09,1.2193033961287376e-08,1.0164169791253203e-17
0.153266927230521,3.4091126383139733e-09,3.4091126383139733e-09,1.3371706604442583e-08,9.728233585363619e-18
0.16023360574099924,3.4091126383139733e-09,3.4091126383139733e-09,1.4603778139300398e-08,9.322475226510796e-18
0.16720028425147745,3.4091126383139733e-09,3.4091126383139733e-09,1.5889122332468972e-08,8.944640661825928e-18
0.1741669627619557,3.4091126383139733e-09,3.4091126383139733e-09,1.7227612989193206e-08,8.592673921869838e-18
0.1811336412724339,3.4091126383139733e-09,3.4091126383139733e-09,1.8619123953708497e-08,8.264698562565798e-18
0.18810031978291214,3.4091126383139733e-09,3.4091126383139733e-09,2.0063529109593946e-08,7.959000989950678e-18
0.19506699829339036,3.4091126383139733e-09,3.4091126383139733e-09,2.156070238012496e-08,7.674015468847117e-18
0.2020336768038686,3.4091126383139733e-09,3.4091126383139733e-09,2.311051772862539e-08,7.408310639283574e-18
0.2090003553143468,3.4091126383139733e-09,3.4091126383139733e-09,2.471284915881904e-08,7.160577383506112e-18
0.21596703382482504,3.4091126383139733e-09,3.4091126383139733e-09,2.636757071518067e-08,6.929617903880527e-18
0.22293371233530326,3.4091126383139733e-09,3.4091126383139733e-09,2.8074556483286383e-08,6.7143358873435005e-18
0.2299003908457815,3.4091126383139733e-09,3.4091126383139733e-09,2.9833680590163593e-08,6.513727645181428e-18
0.23686706935625973,3.4091126383139733e-09,3.4091126383139733e-09,3.1644817204640276e-08,6.326874129697591e-18
0.24383374786673795,3.4091126383139733e-09,3.4091126383139733e-09,3.350784053769373e-08,6.1529337391717315e-18
0.25080042637721617,3.4091126383139733e-09,3.4091126383139733e-09,3.5422624842798866e-08,5.991135832548925e-18
0.2577671048876944,3.4091126383139733e-09,3.4091126383139733e-09,3.738904441627577e-08,5.840774883769738e-18
0.26473378339817266,3.4091126383139733e-09,3.4091126383139733e-09,3.940697359763688e-08,5.7012052127686406e-18
0.2717004619086509,3.4091126383139733e-09,3.4091126383139733e-09,4.147628676993343e-08,5.571836237031365e-18
0.2786671404191291,3.4091126383139733e-09,3.4091126383139733e-09,4.359685836010156e-08,5.452128194404573e-18
0.2856338189296073,3.4091126383139733e-09,3.4091126383139733e-09,4.5768562839307574e-08,5.341588291784441e-18
0.29260049744008554,3.4091126383139733e-09,3.4091126383139733e-09,4.7991274723292985e-08,5.239767240115709e-18
0.29956717595056376,3.4091126383139733e-09,3.4091126383139733e-09,5.0264868572718625e-08,5.146256140400885e-18
0.306533854461042,3.4091126383139733e-09,3.4091126383139733e-09,5.258921899350854e-08,5.060683689112318e-18
0.3135005329715202,3.4091126383139733e-09,3.4091126383139733e-09,5.4964200637193034e-08,4.9827136746160154e-18
0.32046721148199847,3.4091126383139733e-09,3.4091126383139733e-09,5.738968820125133e-08,4.9120427392925745e-18
0.3274338899924767,3.4091126383139733e-09,3.4091126383139733e-09,5.986555642945366e-08,4.848398385887762e-18
0.3344005685029549,3.4091126383139733e-09,3.4091126383139733e-09,6.239168011220276e-08,4.791537208666131e-18
0.34136724701343313,3.4091126383139733e-09,3.4091126383139733e-09,6.496793408687455e-08,4.741243330844656e-18
0.3483339255239114,3.4091126383139733e-09,3.4091126383139733e-09,6.75941932381588e-08,4.697327034246455e-18
0.35530060403438957,3.4091126383139733e-09,3.4091126383139733e-09,7.027033249839865e-08,4.6596235675837155e-18
0.3622672825448678,3.4091126383139733e-09,3.4091126383139733e-09,7.299622684793018e-08,4.627992121991729e-18
0.369233961055346,3.4091126383139733e-09,3.4091126383139733e-09,7.577175131542052e-08,4.6023149639184946e-18
0.3762006395658243,3.4091126383139733e-09,3.4091126383139733e-09,7.859678097820636e-08,4.582496716990948e-18
0.3831673180763025,3.4091126383139733e-09,3.4091126383139733e-09,8.147119096263127e-08,4.568463786296773e-18
0.3901339965867807,3.4091126383139733e-09,3.4091126383139733e-09,8.439485644438274e-08,4.56016391932651e-18
0.39710067509725894,3.4091126383139733e-09,3.4091126383139733e-09,8.736765264882834e-08,4.557565899324369e-18
0.4040673536077372,3.4091126383139733e-09,3.4091126383139733e-09,9.038945485135184e-08,4.560659368004013e-18
0.41103403211821543,3.4091126383139733e-09,3.4091126383139733e-09,9.346013837768813e-08,4.569454775766467e-18
0.4180007106286936,3.4091126383139733e-09,3.4091126383139733e-09,9.657957860425789e-08,4.583983458716976e-18
0.4249673891391718,3.4091126383139733e-09,3.4091126383139733e-09,9.974765095850177e-08,4.6042978428329874e-18
0.4319340676496501,3.4091126383139733e-09,3.4091126383139733e-09,1.0296423091921407e-07,4.630471776659677e-18
0.4389007461601283,3.4091126383139733e-09,3.4091126383139733e-09,1.0622919401687509e-07,4.662600995339398e-18
0.4458674246706065,3.4091126383139733e-09,3.4091126383139733e-09,1.0954241583398418e-07,4.7008037198453795e-18
0.45283410318108475,3.4091126383139733e-09,3.4091126383139733e-09,1.1290377200539073e-07,4.745221396249516e-18
0.459800781691563,3.4091126383139733e-09,3.4091126383139733e-09,1.1631313821862619e-07,4.7960195812856184e-18
0.46676746020204124,3.4091126383139733e-09,3.4091126383139733e-09,1.197703902142341e-07,4.85338898189087e-18
0.47373413871251946,3.4091126383139733e-09,3.4091126383139733e-09,1.2327540378610018e-07,4.917546657731258e-18
0.4807008172229976,3.4091126383139733e-09,3.4091126383139733e-09,1.2682805478178204e-07,4.988737396946735e-18
0.4876674957334759,3.4091126383139733e-09,3.4091126383139733e-09,1.3042821910283807e-07,5.067235277069349e-18
0.4946341742439541,3.4091126383139733e-09,3.4091126383139733e-09,1.340757727051551e-07,5.15334542538901e-18
0.5016008527544323,3.4091126383139733e-09,3.4091126383139733e-09,1.3777059159927697e-07,5.247405994025005e-18
0.5085675312649106,3.4091126383139733e-09,3.4091126383139733e-09,1.415125518507312e-07,5.3497903673492276e-18
0.5155342097753888,3.4091126383139733e-09,3.4091126383139733e-09,1.4530152958035547e-07,5.460909621961897e-18
0.522500888285867,3.4091126383139733e-09,3.4091126383139733e-09,1.491374009646238e-07,5.581215261872047e-18
0.5294675667963453,3.4091126383139733e-09,3.4091126383139733e-09,1.5302004223597183e-07,5.711202253861918e-18
0.5364342453068235,3.4091126383139733e-09,3.4091126383139733e-09,1.569493296831216e-07,5.851412390804775e-18
0.5434009238173018,3.4091126383139733e-09,3.4091126383139733e-09,1.6092513965140592e-07,6.002438015672899e-18
0.5503676023277799,3.4091126383139733e-09,3.4091126383139733e-09,1.649473485430916e-07,6.1649261411381104e-18
0.5573342808382582,3.4091126383139733e-09,3.4091126383139733e-09,1.6901583281770298e-07,6.3395830040066596e-18
0.5643009593487364,3.4091126383139733e-09,3.4091126383139733e-09,1.7313046899234393e-07,6.527179099019087e-18
0.5712676378592146,3.4091126383139733e-09,3.4091126383139733e-09,1.7729113364202003e-07,6.728554742029244e-18
0.5782343163696928,3.4091126383139733e-09,3.4091126383139733e-09,1.8149770339995968e-07,6.944626217747033e-18
0.5852009948801711,3.4091126383139733e-09,3.4091126383139733e-09,1.8575005495793462e-07,7.176392572635679e-18
0.5921676733906494,3.4091126383139733e-09,3.4091126383139733e-09,1.9004806506658077e-07,7.42494312354138e-18
0.5991343519011275,3.4091126383139733e-09,3.4091126383139733e-09,1.943916105357164e-07,7.69146575957746e-18
0.6061010304116058,3.4091126383139733e-09,3.4091126383139733e-09,1.9878056823466246e-07,7.977256123113024e-18
0.613067708922084,3.4091126383139733e-09,3.4091126383139733e-09,2.0321481509255987e-07,8.283727766368454e-18
0.6200343874325622,3.4091126383139733e-09,3.4091126383139733e-09,2.076942280986878e-07,8.612423393496791e-18
0.6270010659430404,3.4091126383139733e-09,3.4091126383139733e-09,2.122186843027804e-07,8.965027310214572e-18
0.6339677444535187,3.4091126383139733e-09,3.4091126383139733e-09,2.1678806081534394e-07,9.343379216038548e-18
0.6409344229639969,3.4091126383139733e-09,3.4091126383139733e-09,2.214022348079717e-07,9.749489491397447e-18
0.6479011014744751,3.4091126383139733e-09,3.4091126383139733e-09,2.2606108351366046e-07,1.0185556154987834e-17
0.6548677799849534,3.4091126383139733e-09,3.4091126383139733e-09,2.3076448422712473e-07,1.0653983682484469e-17
0.6618344584954315,3.4091126383139733e-09,3.4091126383139733e-09,2.3551231430511066e-07,1.1157403902770957e-17
0.6688011370059098,3.4091126383139733e-09,3.4091126383139733e-09,2.403044511667098e-07,1.1698699216621024e-17
0.675767815516388,3.4091126383139733e-09,3.4091126383139733e-09,2.451407722936723e-07,1.2281028414565833e-17
0.6827344940268663,3.4091126383139733e-09,3.4091126383139733e-09,2.500211552307187e-07,1.2907855402077515e-17
0.6897011725373444,3.4091126383139733e-09,3.4091126383139733e-09,2.5494547758585224e-07,1.3582981177223564e-17
0.6966678510478228,3.4091126383139733e-09,3.4091126383139733e-09,2.599136170306697e-07,1.431057946014196e-17
0.703634529558301,3.4091126383139733e-09,3.4091126383139733e-09,2.6492545130067154e-07,1.5095236415408064e-17
0.7106012080687791,3.4091126383139733e-09,3.4091126383139733e-09,2.699808581955729e-07,1.5941994968098953e-17
0.7175678865792574,3.4091126383139733e-09,3.4091126383139733e-09,2.750797155796119e-07,1.6856404279054104e-17
0.7245345650897356,3.4091126383139733e-09,3.4091126383139733e-09,2.8022190138185867e-07,1.784457502371673e-17
0.7315012436002138,3.4091126383139733e-09,3.4091126383139733e-09,2.854072935965238e-07,1.891324119869087e-17
0.738467922110692,3.4091126383139733e-09,3.4091126383139733e-09,2.9063577028326473e-07,2.0069829268265312e-17
0.7454346006211703,3.4091126383139733e-09,3.4091126383139733e-09,2.9590720956749444e-07,2.1322535592139266e-17
0.7524012791316486,3.4091126383139733e-09,3.4091126383139733e-09,3.012214896406854e-07,2.2680413188236818e-17
0.7593679576421268,3.4091126383139733e-09,3.4091126383139733e-09,3.065784887606779e-07,2.415346901924233e-17
0.766334636152605,3.4091126383139733e-09,3.4091126383139733e-09,3.119780852519821e-07,2.575277316777989e-17
0.7733013146630832,3.4091126383139733e-09,3.4091126383139733e-09,3.174201575060851e-07,2.7490581450621674e-17
0.7802679931735614,3.4091126383139733e-09,3.4091126383139733e-09,3.229045839817529e-07,2.9380473228001757e-17
0.7872346716840396,3.4091126383139733e-09,3.4091126383139733e-09,3.2843124320533396e-07,3.14375063877103e-17
0.7942013501945179,3.4091126383139733e-09,3.4091126383139733e-09,3.340000137710625e-07,3.367839180948401e-17
0.801168028704996,3.4091126383139733e-09,3.4091126383139733e-09,3.396107743413586e-07,3.6121689910443074e-17
0.8081347072154744,3.4091126383139733e-09,3.4091126383139733e-09,3.4526340364713144e-07,3.878803219808605e-17
0.8151013857259526,3.4091126383139733e-09,3.4091126383139733e-09,3.5095778048807823e-07,4.170037124162978e-17
0.8220680642364309,3.4091126383139733e-09,3.4091126383139733e-09,3.566937837329853e-07,4.48842629352724e-17
0.829034742746909,3.4091126383139733e-09,3.4091126383139733e-09,3.6247129232002595e-07,4.836818545477196e-17
0.8360014212573872,3.4091126383139733e-09,3.4091126383139733e-09,3.682901852570603e-07,5.218389991013605e-17
0.8429680997678655,3.4091126383139733e-09,3.4091126383139733e-09,3.7415034162193253e-07,5.636685860186725e-17
0.8499347782783436,3.4091126383139733e-09,3.4091126383139733e-09,3.8005164056276767e-07,6.09566674212329e-17
0.8569014567888219,3.4091126383139733e-09,3.4091126383139733e-09,3.85993961298269e-07,6.599760998901829e-17
0.8638681352993002,3.4091126383139733e-09,3.4091126383139733e-09,3.919771831180129e-07,7.153924232368378e-17
0.8708348138097785,3.4091126383139733e-09,3.4091126383139733e-09,3.9800118538274417e-07,7.763706806637366e-17
0.8778014923202566,3.4091126383139733e-09,3.4091126383139733e-09,4.0406584752467006e-07,8.435330567209282e-17
0.8847681708307349,3.4091126383139733e-09,3.4091126383139733e-09,4.1017104904775447e-07,9.175776087765883e-17
0.891734849341213,3.4091126383139733e-09,3.4091126383139733e-09,4.163166695280091e-07,9.992881987758265e-17
0.8987015278516912,3.4091126383139733e-09,3.4091126383139733e-09,4.225025886137866e-07,1.0895458044491939e-16
0.9056682063621695,3.4091126383139733e-09,3.4091126383139733e-09,4.2872868602607136e-07,1.189341415046755e-16
0.9126348848726477,3.4091126383139733e-09,3.4091126383139733e-09,4.349948415587687e-07,1.299790745846265e-16
0.919601563383126,3.4091126383139733e-09,3.4091126383139733e-09,4.4130093507899426e-07,1.4221510392306636e-16
0.9265682418936042,3.4091126383139733e-09,3.4091126383139733e-09,4.4764684652736304e-07,1.5578402641024642e-16
0.9335349204040825,3.4091126383139733e-09,3.4091126383139733e-09,4.5403245591827494e-07,1.708459080290782e-16
0.9405015989145606,3.4091126383139733e-09,3.4091126383139733e-09,4.604576433402018e-07,1.8758159772827916e-16
0.9474682774250389,3.4091126383139733e-09,3.4091126383139733e-09,4.6692228895597164e-07,2.0619560767621903e-16
0.9544349559355171,3.4091126383139733e-09,3.4091126383139733e-09,4.7342627300305245e-07,2.269194161149692e-16
0.9614016344459952,3.4091126383139733e-09,3.4091126383139733e-09,4.799694757938334e-07,2.50015257315034e-16
0.9683683129564735,3.4091126383139733e-09,3.4091126383139733e-09,4.865517777159075e-07,2.7578047449301303e-16
0.9753349914669518,3.4091126383139733e-09,3.4091126383139733e-09,4.931730592323468e-07,3.045525243217219e-16
0.9823016699774301,3.4091126383139733e-09,3.4091126383139733e-09,4.99833200881984e-07,3.367147336885957e-16
0.9892683484879082,3.4091126383139733e-09,3.4091126383139733e-09,5.065320832796843e-07,3.727029289828374e-16
0.9962350269983865,3.4091126383139733e-09,3.4091126383139733e-09,5.132695871166198e-07,4.130130763261169e-16
1.0032017055088647,3.4091126383139733e-09,3.4091126383139733e-09,5.200455931605401e-07,4.582100926291498e-16
1.010168384019343,3.4091126383139733e-09,3.4091126383139733e-09,5.268599822560391e-07,5.089380186974962e-16
1.0171350625298212,3.4091126383139733e-09,3.4091126383139733e-09,5.337126353248215e-07,5.659317725977206e-16
1.0241017410402993,3.4091126383139733e-09,3.4091126383139733e-09,5.406034333659628e-07,6.300307404786374e-16
1.0310684195507775,3.4091126383139733e-09,3.4091126383139733e-09,5.475322574561676e-07,7.021945079073032e-16
1.0380350980612558,3.4091126383139733e-09,3.4091126383139733e-09,5.544989887500215e-07,7.835210811749351e-16
1.045001776571734,3.4091126383139733e-09,3.4091126383139733e-09,5.615035084802402e-07,8.752680119773533e-16
1.0519684550822122,3.4091126383139733e-09,3.4091126383139733e-09,5.685456979579116e-07,9.788769130895828e-16
1.0589351335926906,3.4091126383139733e-09,3.4091126383139733e-09,5.756254385727307e-07,1.0960019265406147e-15
1.0659018121031687,3.4091126383139733e-09,3.4091126383139733e-09,5.827426117932278e-07,1.2285428180581955e-15
1.072868490613647,3.4091126383139733e-09,3.4091126383139733e-09,5.898970991669885e-07,1.3786834786223202e-15
1.0798351691241252,3.4091126383139733e-09,3.4091126383139733e-09,5.970887823208618e-07,1.5489367516378711e-15
1.0868018476346035,3.4091126383139733e-09,3.4091126383139733e-09,6.043175429611573e-07,1.7421966847396128e-15
1.0937685261450816,3.4091126383139733e-09,3.4091126383139733e-09,6.115832628738296e-07,1.961799470662359e-15
1.1007352046555599,3.4091126383139733e-09,3.4091126383139733e-09,6.188858239246439e-07,2.2115946000892534e-15
1.107701883166038,3.4091126383139733e-09,3.4091126383139733e-09,6.26225108059328e-07,2.4960280045702992e-15
1.1146685616765164,3.4091126383139733e-09,3.4091126383139733e-09,6.336009973036977e-07,2.82023928399719e-15
1.1216352401869947,3.4091126383139733e-09,3.4091126383139733e-09,6.410133737637585e-07,3.190175535593423e-15
1.1286019186974727,3.4091126383139733e-09,3.4091126383139733e-09,6.484621196257791e-07,3.612724698697284e-15
1.135568597207951,3.4091126383139733e-09,3.4091126383139733e-09,6.559471171563298e-07,4.095871932390338e-15
1.1425352757184293,3.4091126383139733e-09,3.4091126383139733e-09,6.634682487022772e-07,4.648883149890726e-15
1.1495019542289076,3.4091126383139733e-09,3.4091126383139733e-09,6.71025396690734e-07,5.282520602656579e-15
1.1564686327393856,3.4091126383139733e-09,3.4091126383139733e-09,6.786184436289506e-07,6.009296388669181e-15
1.1634353112498639,3.4091126383139733e-09,3.4091126383139733e-09,6.862472721041437e-07,6.843770749639106e-15
1.1704019897603422,3.4091126383139733e-09,3.4091126383139733e-09,6.939117647832387e-07,7.802903458309949e-15
1.1773686682708204,3.4091126383139733e-09,3.4091126383139733e-09,7.016118044125289e-07,8.906468045336862e-15
1.1843353467812987,3.4091126383139733e-09,3.4091126383139733e-09,7.093472738172145e-07,1.0177540577999143e-14
1.1913020252917768,3.4091126383139733e-09,3.4091126383139733e-09,7.171180559008233e-07,1.1643076947996476e-14
1.198268703802255,3.4091126383139733e-09,3.4091126383139733e-09,7.249240336444676e-07,1.333459523567961e-14
1.2052353823127333,3.4091126383139733e-09,3.4091126383139733e-09,7.327650901059241e-07,1.5288983120744767e-14
1.2122020608232116,3.4091126383139733e-09,3.4091126383139733e-09,7.406411084184936e-07,1.7549453912918638e-14
1.2191687393336899,3.4091126383139733e-09,3.4091126383139733e-09,7.48551971789608e-07,2.016667985777798e-14
1.226135417844168,3.4091126383139733e-09,3.4091126383139733e-09,7.56497563499127e-07,2.3200136526098465e-14
1.2331020963546462,3.4091126383139733e-09,3.4091126383139733e-09,7.644777668972699e-07,2.671969926926477e-14
1.2400687748651245,3.4091126383139733e-09,3.4091126383139733e-09,7.724924654021155e-07,3.080754057271306e-14
1.2470354533756027,3.4091126383139733e-09,3.4091126383139733e-09,7.805415424965827e-07,3.5560387022886245e-14
1.2540021318860808,3.4091126383139733e-09,3.4091126383139733e-09,7.88624881724789e-07,4.109220676818208e-14
1.260968810396559,3.4091126383139733e-09,3.4091126383139733e-09,7.967423666876748e-07,4.7537412069803655e-14
1.2679354889070373,3.4091126383139733e-09,3.4091126383139733e-09,8.048938810377375e-07,5.5054679672192605e-14
1.2749021674175156,3.4091126383139733e-09,3.4091126383139733e-09,8.130793084727057e-07,6.38315114854517e-14
1.2818688459279939,3.4091126383139733e-09,3.4091126383139733e-09,8.212985327279495e-07,7.408968517962467e-14
1.288835524438472,3.4091126383139733e-09,3.4091126383139733e-09,8.295514375673602e-07,8.609177303518762e-14
1.2958022029489502,3.4091126383139733e-09,3.4091126383139733e-09,8.378379067724027e-07,1.0014894677415593e-13
1.3027688814594285,3.4091126383139733e-09,3.4091126383139733e-09,8.461578241289715e-07,1.1663032915867223e-13
1.3097355599699068,3.4091126383139733e-09,3.4091126383139733e-09,8.54511073411599e-07,1.359742106512249e-13
1.3167022384803848,3.4091126383139733e-09,3.4091126383139733e-09,8.628975383644829e-07,1.5870151423350832e-13
1.323668916990863,3.4091126383139733e-09,3.4091126383139733e-09,8.713171026786737e-07,1.8543197481341794e-13
1.3306355955013416,3.4091126383139733e-09,3.4091126383139733e-09,8.797696499646358e-07,2.1690359729865564e-13
1.3376022740118196,3.4091126383139733e-09,3.4091126383139733e-09,8.882550637192188e-07,2.5399607957818345e-13
1.344568952522298,3.4091126383139733e-09,3.4091126383139733e-09,8.967732272858824e-07,2.977590351030796e-13
1.351535631032776,3.4091126383139733e-09,3.4091126383139733e-09,9.053240238067469e-07,3.4944602865754197e-13
1.3585023095432542,3.4091126383139733e-09,3.4091126383139733e-09,9.139073361647609e-07,4.1055566149729674e-13
1.3654689880537325,3.4091126383139733e-09,3.4091126383139733e-09,9.225230469138934e-07,4.82881208927144e-13
1.3724356665642108,3.4091126383139733e-09,3.4091126383139733e-09,9.311710381947863e-07,5.685706511137328e-13
1.3794023450746888,3.4091126383139733e-09,3.4091126383139733e-09,9.398511916327795e-07,6.701993348167293e-13
1.3863690235851671,3.4091126383139733e-09,3.4091126383139733e-09,9.485633882144975e-07,7.908580095259274e-13
1.3933357020956456,3.4091126383139733e-09,3.4091126383139733e-09,9.573075081383788e-07,9.34259581810503e-13
1.4003023806061237,3.4091126383139733e-09,3.4091126383139733e-09,9.660834306334697e-07,1.1048686998851125e-12
1.407269059116602,3.4091126383139733e-09,3.4091126383139733e-09,9.748910337395724e-07,1.3080591842020847e-12
1.41423573762708,3.4091126383139733e-09,3.4091126383139733e-09,9.837301940402392e-07,1.5503054737531869e-12
1.4212024161375583,3.4091126383139733e-09,3.4091126383139733e-09,9.926007863382462e-07,1.8394156396716417e-12
1.4281690946480365,3.4091126383139733e-09,3.4091126383139733e-09,1.0015026832607332e-06,2.1848152754227613e-12
1.4351357731585148,3.4091126383139733e-09,3.4091126383139733e-09,1.0104357547783985e-06,2.5978936745715274e-12
1.442102451668993,3.4091126383139733e-09,3.4091126383139733e-09,1.019399867619445e-06,3.0924263596255764e-12
1.4490691301794711,3.4091126383139733e-09,3.4091126383139733e-09,1.0283948845546364e-06,3.685091272287816e-12
1.4560358086899496,3.4091126383139733e-09,3.4091126383139733e-09,1.0374206635242322e-06,4.396099987613685e-12
1.4630024872004277,3.4091126383139733e-09,3.4091126383139733e-09,1.0464770565709024e-06,5.24997029741073e-12
1.469969165710906,3.4091126383139733e-09,3.4091126383139733e-09,1.0555639085343095e-06,6.276472660767415e-12
1.476935844221384,3.4091126383139733e-09,3.4091126383139733e-09,1.064681055452543e-06,7.511790790753323e-12
1.4839025227318623,3.4091126383139733e-09,3.4091126383139733e-09,1.0738283226028596e-06,8.99994607588306e-12
1.4908692012423406,3.4091126383139733e-09,3.4091126383139733e-09,1.083005522097961e-06,1.0794547540820635e-11
1.4978358797528188,3.4091126383139733e-09,3.4091126383139733e-09,1.092212449934534e-06,1.2960943524464964e-11
1.5048025582632971,3.4091126383139733e-09,3.4091126383139733e-09,1.1014488823653234e-06,1.5578870034913022e-11
1.5117692367737752,3.4091126383139733e-09,3.4091126383139733e-09,1.1107145714361496e-06,1.8745713150675618e-11
1.5187359152842537,3.4091126383139733e-09,3.4091126383139733e-09,1.1200092394898777e-06,2.2580531861810026e-11
1.5257025937947317,3.4091126383139733e-09,3.4091126383139733e-09,1.1293325723928538e-06,2.7229022696938e-11
1.53266927230521,3.4091126383139733e-09,3.4091126383139733e-09,1.1386842111777348e-06,3.286965287689016e-11
1.539635950815688,3.4091126383139733e-09,3.4091126383139733e-09,1.1480637417242004e-06,3.972124349751821e-11
1.5466026293261663,3.4091126383139733e-09,3.4091126383139733e-09,1.1574706820043197e-06,4.805235427746371e-11
1.5535693078366448,3.4091126383139733e-09,3.4091126383139733e-09,1.1669044663036508e-06,5.8192908458038016e-11
1.5605359863471229,3.4091126383139733e-09,3.4091126383139733e-09,1.176364425682663e-06,7.054860558811317e-11
1.5675026648576011,3.4091126383139733e-09,3.4091126383139733e-09,1.185849763760338e-06,8.561880741092874e-11
1.5744693433680792,3.4091126383139733e-09,3.4091126383139733e-09,1.1953595266749376e-06,1.0401875191470114e-10
1.5814360218785577,3.4091126383139733e-09,3.4091126383139733e-09,1.2048925657838262e-06,1.265071698598184e-10
1.5884027003890357,3.4091126383139733e-09,3.4091126383139733e-09,1.2144474913109856e-06,1.5402064536270886e-10
1.595369378899514,3.4091126383139733e-09,3.4091126383139733e-09,1.2240226146903225e-06,1.8771640605100288e-10
1.602336057409992,3.4091126383139733e-09,3.4091126383139733e-09,1.2336158767909553e-06,2.2902565361851603e-10
1.6093027359204704,3.4091126383139733e-09,3.4091126383139733e-09,1.2432247584847885e-06,2.7972008862839597e-10
1.6162694144309488,3.4091126383139733e-09,3.4091126383139733e-09,1.2528461691245646e-06,3.4199496034094234e-10
1.623236092941427,3.4091126383139733e-09,3.4091126383139733e-09,1.2624763073699411e-06,4.185728210904443e-10
1.6302027714519052,3.4091126383139733e-09,3.4091126383139733e-09,1.2721104873560629e-06,5.128332516928326e-10
1.6371694499623832,3.4091126383139733e-09,3.4091126383139733e-09,1.281742921434321e-06,6.289751621882265e-10
1.6441361284728617,3.4091126383139733e-09,3.4091126383139733e-09,1.2913664484358648e-06,7.722199828542094e-10
1.6511028069833398,3.4091126383139733e-09,3.4091126383139733e-09,1.3009721936033934e-06,9.49066184573621e-10
1.658069485493818,3.4091126383139733e-09,3.4091126383139733e-09,1.3105491427556889e-06,1.167608255775068e-09
1.6650361640042963,3.4091126383139733e-09,3.4091126383139733e-09,1.3200836088242373e-06,1.4379366125954511e-09
1.6720028425147744,3.4091126383139733e-09,3.4091126383139733e-09,1.329558563363293e-06,1.7726390725848569e-09
1.6789695210252529,3.4091126383139733e-09,3.4091126383139733e-09,1.3389527986258293e-06,2.1874297766727942e-09
1.685936199535731,3.4091126383139733e-09,3.4091126383139733e-09,1.3482398773298772e-06,2.70193781650442e-09
1.6929028780462092,3.4091126383139733e-09,3.4091126383139733e-09,1.3573868165688978e-06,3.3406957446223133e-09
1.6998695565566873,3.4091126383139733e-09,3.4091126383139733e-09,1.3663524393850314e-06,4.134377759037358e-09
1.7068362350671658,3.4091126383139733e-09,3.4091126383139733e-09,1.3750853118912935e-06,5.121348859643221e-09
1.7138029135776438,3.4091126383139733e-09,3.4091126383139733e-09,1.3835211651186172e-06,6.349599915388905e-09
1.720769592088122,3.4091126383139733e-09,3.4091126383139733e-09,1.391579679056932e-06,7.879159088968896e-09
1.7277362705986004,3.4091126383139733e-09,3.4091126383139733e-09,1.3991604815202108e-06,9.78508740610002e-09
1.7347029491090784,3.4091126383139733e-09,3.4091126383139733e-09,1.4061381885059984e-06,1.2161183782172783e-08
1.741669627619557,3.4091126383139733e-09,3.4091126383139733e-09,1.4123562858449863e-06,1.5124540994640883e-08
1.748636306130035,3.4091126383139733e-09,3.4091126383139733e-09,1.417619631359523e-06,1.8821104121252323e-08
1.7556029846405132,3.4091126383139733e-09,3.4091126383139733e-09,1.421685346439629e-06,2.343238067256487e-08
1.7625696631509913,3.4091126383139733e-09,3.4091126383139733e-09,1.4242518864313488e-06,2.9183422973637476e-08
1.7695363416614698,3.4091126383139733e-09,3.4091126383139733e-09,1.4249461321160113e-06,3.6352136061489024e-08
1.776503020171948,3.4091126383139733e-09,3.4091126383139733e-09,1.4233085040791748e-06,4.527981453780814e-08
1.783469698682426,3.4091126383139733e-09,3.4091126383139733e-09,1.4187763584628852e-06,5.638255843241054e-08
1.7904363771929044,3.4091126383139733e-09,3.4091126383139733e-09,1.410666407718494e-06,7.016277590966307e-08
1.7974030557033824,3.4091126383139733e-09,3.4091126383139733e-09,1.398157685186196e-06,8.721928261542447e-08
1.804369734213861,3.4091126383139733e-09,3.4091126383139733e-09,1.3802777652124639e-06,1.082534514958943e-07
1.811336412724339,3.4091126383139733e-09,3.4091126383139733e-09,1.3558966997567644e-06,1.340673517142582e-07
1.8183030912348173,3.4091126383139733e-09,3.4091126383139733e-09,1.3237355018803608e-06,1.655478026465743e-07
1.8252697697452953,3.4091126383139733e-09,3.4091126383139733e-09,1.282398939242681e-06,2.036278569333025e-07
1.8322364482557738,3.4091126383139733e-09,3.4091126383139733e-09,1.2304454815917582e-06,2.492148476380154e-07
1.839203126766252,3.4091126383139733e-09,3.4091126383139733e-09,1.1665094275231934e-06,3.030728016363316e-07
1.8461698052767301,3.4091126383139733e-09,3.4091126383139733e-09,1.0894895082610674e-06,3.6564861827752e-07
1.8531364837872084,3.4091126383139733e-09,3.4091126383139733e-09,9.988114621489407e-07,4.368388095048545e-07
1.8601031622976865,3.4091126383139733e-09,3.4091126383139733e-09,8.947552762461181e-07,5.157101606527074e-07
1.867069840808165,3.4091126383139733e-09,3.4091126383139733e-09,7.788082681421451e-07,6.002154409696635e-07
1.874036519318643,3.4091126383139733e-09,3.4091126383139733e-09,6.539648564530188e-07,6.86981503307927e-07
1.8810031978291213,3.4091126383139733e-09,3.4091126383139733e-09,5.248547121036832e-07,7.712796445972789e-07
1.8879698763395996,3.4091126383139733e-09,3.4091126383139733e-09,3.9756706771463596e-07,8.472936833282265e-07
1.8949365548500778,3.4091126383139733e-09,3.4091126383139733e-09,2.790805487603214e-07,9.087526124108917e-07
1.9019032333605561,3.4091126383139733e-09,3.4091126383139733e-09,1.763205568276203e-07,9.498805251691668e-07
1.9088699118710342,3.4091126383139733e-09,3.4091126383139733e-09,9.502466804250352e-08,9.664662051926592e-07
1.9158365903815124,3.4091126383139733e-09,3.4091126383139733e-09,3.872607761072205e-08,9.567431502965671e-07
1.9228032688919905,3.4091126383139733e-09,3.4091126383139733e-09,8.177464224302052e-09,9.217807102021814e-07
1.929769947402469,3.4091126383139733e-09,3.4091126383139733e-09,1.3981946130110977e-09,8.652431603795246e-07
1.936736625912947,3.4091126383139733e-09,3.4091126383139733e-09,1.4298012811498993e-08,7.926060322491285e-07
1.9437033044234253,3.4091126383139733e-09,3.4091126383139733e-09,4.163343578244187e-08,7.101033439713283e-07
1.9506699829339036,3.4091126383139733e-09,3.4091126383139733e-09,7.798537878528258e-08,6.237258575540742e-07
1.9576366614443819,3.4091126383139733e-09,3.4091126383139733e-09,1.1851531616681518e-07,5.385018556854788e-07
1.9646033399548601,3.4091126383139733e-09,3.4091126383139733e-09,1.5939485339276283e-07,4.5814302146933524e-07
1.9715700184653382,3.4091126383139733e-09,3.4091126383139733e-09,1.979294637573817e-07,3.850106765969076e-07
1.9785366969758165,3.4091126383139733e-09,3.4091126383139733e-09,2.3246703243945782e-07,3.202931099606574e-07
1.9855033754862945,3.4091126383139733e-09,3.4091126383139733e-09,2.6219488663968456e-07,2.6427950695162615e-07
1.992470053996773,3.4091126383139733e-09,3.4091126383139733e-09,2.8690754233666267e-07,2.1664440737699484e-07
1.9994367325072513,3.4091126383139733e-09,3.4091126383139733e-09,3.0679533220477104e-07,1.7669337918550742e-07
2.0064034110177293,3.4091126383139733e-09,3.4091126383139733e-09,3.222761703599643e-07,1.4355086592397565e-07
2.0133700895282076,3.4091126383139733e-09,3.4091126383139733e-09,3.3387422519248706e-07,1.1629031366125227e-07
2.020336768038686,3.4091126383139733e-09,3.4091126383139733e-09,3.421396632736622e-07,9.401598074804781e-08
2.027303446549164,3.4091126383139733e-09,3.4091126383139733e-09,3.476002025042889e-07,7.590853878922253e-08
2.0342701250596424,3.4091126383139733e-09,3.4091126383139733e-09,3.507352517539539e-07,6.124575005948543e-08
2.0412368035701203,3.4091126383139733e-09,3.4091126383139733e-09,3.519649669370991e-07,4.940727200840387e-08
2.0482034820805985,3.4091126383139733e-09,3.4091126383139733e-09,3.51648474445746e-07,3.987019346639029e-08
2.0551701605910773,3.4091126383139733e-09,3.4091126383139733e-09,3.5008726019951135e-07,3.2199787665180974e-08
2.062136839101555,3.4091126383139733e-09,3.4091126383139733e-09,3.475311008341536e-07,2.6038341881965543e-08
2.0691035176120334,3.4091126383139733e-09,3.4091126383139733e-09,3.441849150382773e-07,2.1093768020205037e-08
2.0760701961225116,3.4091126383139733e-09,3.4091126383139733e-09,3.4021559583633743e-07,1.7128926110525263e-08
2.08303687463299,3.4091126383139733e-09,3.4091126383139733e-09,3.3575832848503627e-07,1.3952101522520014e-08
2.090003553143468,3.4091126383139733e-09,3.4091126383139733e-09,3.309221736124216e-07,1.140878098826214e-08
2.0969702316539465,3.4091126383139733e-09,3.4091126383139733e-09,3.257948562846188e-07,9.374706092987489e-09
2.1039369101644243,3.4091126383139733e-09,3.4091126383139733e-09,3.2044679095457166e-07,7.75009704553925e-09
2.1109035886749026,3.4091126383139733e-09,3.4091126383139733e-09,3.1493441503551514e-07,6.454904220769459e-09
2.1178702671853813,3.4091126383139733e-09,3.4091126383139733e-09,3.093029210418631e-07,5.424936919273632e-09
2.124836945695859,3.4091126383139733e-09,3.4091126383139733e-09,3.0358847812875464e-07,4.608726946923738e-09
2.1318036242063374,3.4091126383139733e-09,3.4091126383139733e-09,2.9782002869518667e-07,3.9649985950224785e-09
2.1387703027168157,3.4091126383139733e-09,3.4091126383139733e-09,2.92020734889222e-07,3.4606349016972714e-09
2.145736981227294,3.4091126383139733e-09,3.4091126383139733e-09,2.862091399133092e-07,3.069046453433569e-09
2.152703659737772,3.4091126383139733e-09,3.4091126383139733e-09,2.804000983228681e-07,2.768865269543261e-09
2.1596703382482505,3.4091126383139733e-09,3.4091126383139733e-09,2.746055202243767e-07,2.5429000722635194e-09
2.1666370167587288,3.4091126383139733e-09,3.4091126383139733e-09,2.6883496605612204e-07,2.377301152302771e-09
2.173603695269207,3.4091126383139733e-09,3.4091126383139733e-09,2.630961217237885e-07,2.2608929692015174e-09
2.1805703737796853,3.4091126383139733e-09,3.4091126383139733e-09,2.573951781093969e-07,2.1846407991731605e-09
2.187537052290163,3.4091126383139733e-09,3.4091126383139733e-09,2.5173713422638246e-07,2.1412244281517558e-09
2.1945037308006414,3.4091126383139733e-09,3.4091126383139733e-09,2.461260394586222e-07,2.1246972842698213e-09
2.2014704093111197,3.4091126383139733e-09,3.4091126383139733e-09,2.405651871972145e-07,2.1302137733226785e-09
2.208437087821598,3.4091126383139733e-09,3.4091126383139733e-09,2.350572697066806e-07,2.153811059285884e-09
2.215403766332076,3.4091126383139733e-09,3.4091126383139733e-09,2.2960450204322562e-07,2.1922343284219533e-09
2.2223704448425545,3.4091126383139733e-09,3.4091126383139733e-09,2.242087212461539e-07,2.242796811483504e-09
2.229337123353033,3.4091126383139733e-09,3.4091126383139733e-09,2.1887146576248865e-07,2.3032676034809246e-09
2.236303801863511,3.4091126383139733e-09,3.4091126383139733e-09,2.135940390440858e-07,2.3717817386834276e-09
2.2432704803739894,3.4091126383139733e-09,3.4091126383139733e-09,2.0837756045126382e-07,2.4467681051070938e-09
2.250237158884467,3.4091126383139733e-09,3.4091126383139733e-09,2.032230059630539e-07,2.526891671478698e-09
2.2572038373949455,3.4091126383139733e-09,3.4091126383139733e-09,1.9813124068210993e-07,2.611007213461572e-09
2.2641705159054237,3.4091126383139733e-09,3.4091126383139733e-09,1.9310304471980368e-07,2.698122291539572e-09
2.271137194415902,3.4091126383139733e-09,3.4091126383139733e-09,1.881391337291573e-07,2.7873676806700523e-09
2.2781038729263803,3.4091126383139733e-09,3.4091126383139733e-09,1.8324017509757252e-07,2.8779738107811285e-09
2.2850705514368586,3.4091126383139733e-09,3.4091126383139733e-09,1.784068006102156e-07,2.9692520618580908e-09
2.292037229947337,3.4091126383139733e-09,3.4091126383139733e-09,1.7363961623559702e-07,3.0605799836901976e-09
2.299003908457815,3.4091126383139733e-09,3.4091126383139733e-09,1.689392095573599e-07,3.1513896914341218e-09
2.3059705869682934,3.4091126383139733e-09,3.4091126383139733e-09,1.643061552757766e-07,3.2411588322199517e-09
2.312937265478771,3.4091126383139733e-09,3.4091126383139733e-09,1.5974101912268678e-07,3.329403632982866e-09
2.3199039439892495,3.4091126383139733e-09,3.4091126383139733e-09,1.5524436047002882e-07,3.415673631664796e-09
2.3268706224997278,3.4091126383139733e-09,3.4091126383139733e-09,1.5081673386187877e-07,3.4995477674171825e-09
2.333837301010206,3.4091126383139733e-09,3.4091126383139733e-09,1.464586896600203e-07,3.5806315643005184e-09
2.3408039795206843,3.4091126383139733e-09,3.4091126383139733e-09,1.421707739613049e-07,3.6585551902346373e-09
2.3477706580311626,3.4091126383139733e-09,3.4091126383139733e-09,1.3795352791987937e-07,3.732972210951769e-09
2.354737336541641,3.4091126383139733e-09,3.4091126383139733e-09,1.3380748658728444e-07,3.8035588893772396e-09
2.361704015052119,3.4091126383139733e-09,3.4091126383139733e-09,1.297331773672893e-07,3.870013905744079e-09
2.3686706935625974,3.4091126383139733e-09,3.4091126383139733e-09,1.2573111816949344e-07,3.93205839394379e-09
2.3756373720730752,3.4091126383139733e-09,3.4091126383139733e-09,1.2180181533518829e-07,3.9894362062582205e-09
2.3826040505835535,3.4091126383139733e-09,3.4091126383139733e-09,1.1794576140032346e-07,4.041914332364437e-09
2.389570729094032,3.4091126383139733e-09,3.4091126383139733e-09,1.141634327534025e-07,4.089283409866207e-09
2.39653740760451,3.4091126383139733e-09,3.4091126383139733e-09,1.1045528723991539e-07,4.131358273377762e-09
2.4035040861149883,3.4091126383139733e-09,3.4091126383139733e-09,1.0682176175968955e-07,4.167978497416131e-09
2.4104707646254666,3.4091126383139733e-09,3.4091126383139733e-09,1.0326326989892336e-07,4.199008895457527e-09
2.417437443135945,3.4091126383139733e-09,3.4091126383139733e-09,9.978019963430563e-08,4.224339943891478e-09
2.424404121646423,3.4091126383139733e-09,3.4091126383139733e-09,9.637291114276614e-08,4.243888105098977e-09
2.4313708001569014,3.4091126383139733e-09,3.4091126383139733e-09,9.304173474648408e-08,4.257596029005168e-09
2.4383374786673797,3.4091126383139733e-09,3.4091126383139733e-09,8.978696901937783e-08,4.265432616900155e-09
2.4453041571778575,3.4091126383139733e-09,3.4091126383139733e-09,8.660887907749808e-08,4.267392935625732e-09
2.452270835688336,3.4091126383139733e-09,3.4091126383139733e-09,8.350769507258998e-08,4.263497973933664e-09
2.459237514198814,3.4091126383139733e-09,3.4091126383139733e-09,8.048361090403634e-08,4.253794236683906e-09
2.4662041927092924,3.4091126383139733e-09,3.4091126383139733e-09,7.753678316211497e-08,4.238353175182654e-09
2.4731708712197706,3.4091126383139733e-09,3.4091126383139733e-09,7.466733031082895e-08,4.21727045585797e-09
2.480137549730249,3.4091126383139733e-09,3.4091126383139733e-09,7.187533211655199e-08,4.1906650712762335e-09
2.487104228240727,3.4091126383139733e-09,3.4091126383139733e-09,6.916082932494494e-08,4.158678300641625e-09
2.4940709067512055,3.4091126383139733e-09,3.4091126383139733e-09,6.652382358513097e-08,4.121472529283885e-09
2.5010375852616837,3.4091126383139733e-09,3.4091126383139733e-09,6.396427761898668e-08,4.079229937270843e-09
2.5080042637721616,3.4091126383139733e-09,3.4091126383139733e-09,6.148211562850975e-08,4.0321510707946286e-09
2.51497094228264,3.4091126383139733e-09,3.4091126383139733e-09,5.9077223933138705e-08,3.980453310286824e-09
2.521937620793118,3.4091126383139733e-09,3.4091126383139733e-09,5.6749451826447e-08,3.92436924991376e-09
2.5289042993035964,3.4091126383139733e-09,3.4091126383139733e-09,5.449861263912912e-08,3.864145004952559e-09
2.5358709778140747,3.4091126383139733e-09,3.4091126383139733e-09,5.232448499365327e-08,3.800038464208779e-09
2.542837656324553,3.4091126383139733e-09,3.4091126383139733e-09,5.0226814234614737e-08,3.732317503658542e-09
2.549804334835031,3.4091126383139733e-09,3.4091126383139733e-09,4.8205314017525106e-08,3.661258177490392e-09
2.5567710133455095,3.4091126383139733e-09,3.4091126383139733e-09,4.625966803681585e-08,3.5871429051898066e-09
2.5637376918559878,3.4091126383139733e-09,3.4091126383139733e-09,4.438953187560552e-08,3.510258669546463e-09
2.5707043703664656,3.4091126383139733e-09,3.4091126383139733e-09,4.2594534956551305e-08,3.4308952415884574e-09
2.577671048876944,3.4091126383139733e-09,3.4091126383139733e-09,4.087428257342243e-08,3.349343447008463e-09
2.584637727387422,3.4091126383139733e-09,3.4091126383139733e-09,3.9228357984430145e-08,3.2658934880086427e-09
2.5916044058979004,3.4091126383139733e-09,3.4091126383139733e-09,3.7656324549145436e-08,3.1808333333925032e-09
2.598571084408379,3.4091126383139733e-09,3.4091126383139733e-09,3.615772789163952e-08,3.094447188522889e-09
2.605537762918857,3.4091126383139733e-09,3.4091126383139733e-09,3.4732098067514205e-08,3.0070140546310426e-09
2.6125044414293352,3.4091126383139733e-09,3.4091126383139733e-09,3.33789517140276e-08,2.9188063853345942e-09
2.6194711199398135,3.4091126383139733e-09,3.4091126383139733e-09,3.2097794181947754e-08,2.8300888501949323e-09
2.626437798450292,3.4091126383139733e-09,3.4091126383139733e-09,3.0888121620385665e-08,2.7411172082823867e-09
2.6334044769607696,3.4091126383139733e-09,3.4091126383139733e-09,2.9749423005867662e-08,2.6521372978745125e-09
2.640371155471248,3.4091126383139733e-09,3.4091126383139733e-09,2.8681182102137425e-08,2.5633841446736446e-09
2.647337833981726,3.4091126383139733e-09,3.4091126383139733e-09,2.7682879340853263e-08,2.475081189619276e-09
2.6543045124922044,3.4091126383139733e-09,3.4091126383139733e-09,2.6753993614996398e-08,2.3874396364459497e-09
2.661271191002683,3.4091126383139733e-09,3.4091126383139733e-09,2.589400397492479e-08,2.300657918860356e-09
2.668237869513161,3.4091126383139733e-09,3.4091126383139733e-09,2.510239121505985e-08,2.2149212856171366e-09
2.6752045480236393,3.4091126383139733e-09,3.4091126383139733e-09,2.4378639358301882e-08,2.1304014977401224e-09
2.6821712265341175,3.4091126383139733e-09,3.4091126383139733e-09,2.3722237024186114e-08,2.047256636093885e-09
2.689137905044596,3.4091126383139733e-09,3.4091126383139733e-09,2.3132678681340084e-08,1.9656310137937552e-09
2.6961045835550737,3.4091126383139733e-09,3.4091126383139733e-09,2.2609465782558656e-08,1.8856551875651295e-09
2.703071262065552,3.4091126383139733e-09,3.4091126383139733e-09,2.215210778330014e-08,1.8074460613546077e-09
2.71003794057603,3.4091126383139733e-09,3.4091126383139733e-09,2.176012304434896e-08,1.7311070757827322e-09
2.7170046190865085,3.4091126383139733e-09,3.4091126383139733e-09,2.143303961670678e-08,1.6567284774288964e-09
2.723971297596987,3.4091126383139733e-09,3.4091126383139733e-09,2.1170395917221807e-08,1.5843876583570165e-09
2.730937976107465,3.4091126383139733e-09,3.4091126383139733e-09,2.097174129478984e-08,1.5141495597108967e-09
2.7379046546179433,3.4091126383139733e-09,3.4091126383139733e-09,2.0836636491790416e-08,1.4460671317016886e-09
2.7448713331284216,3.4091126383139733e-09,3.4091126383139733e-09,2.076465400554363e-08,1.3801818421758767e-09
2.7518380116389,3.4091126383139733e-09,3.4091126383139733e-09,2.0755378355926068e-08,1.3165242258324279e-09
2.7588046901493777,3.4091126383139733e-09,3.4091126383139733e-09,2.0808406264935465e-08,1.2551144669528617e-09
2.765771368659856,3.4091126383139733e-09,3.4091126383139733e-09,2.092334675054688e-08,1.1959630097957218e-09
2.7727380471703342,3.4091126383139733e-09,3.4091126383139733e-09,2.1099821146109292e-08,1.139071187809963e-09
2.7797047256808125,3.4091126383139733e-09,3.4091126383139733e-09,2.1337463048500627e-08,1.084431866504764e-09
2.7866714041912912,3.4091126383139733e-09,3.4091126383139733e-09,2.16359182017303e-08,1.0320300938116915e-09
2.793638082701769,3.4091126383139733e-09,3.4091126383139733e-09,2.1994844322450768e-08,9.818437521635721e-10
2.8006047612122473,3.4091126383139733e-09,3.4091126383139733e-09,2.2413910874378915e-08,9.33844206826297e-10
2.8075714397227256,3.4091126383139733e-09,3.4091126383139733e-09,2.289279879714782e-08,8.87996946103824e-10
2.814538118233204,3.4091126383139733e-09,3.4091126383139733e-09,2.343120019414445e-08,8.442622094801468e-10
2.8215047967436817,3.4091126383139733e-09,3.4091126383139733e-09,2.4028817987921963e-08,8.025955990285066e-10
2.82847147525416,3.4091126383139733e-09,3.4091126383139733e-09,2.468536554651921e-08,7.629486714527497e-10
2.8354381537646383,3.4091126383139733e-09,3.4091126383139733e-09,2.5400566286286916e-08,7.252695078139026e-10
2.8424048322751165,3.4091126383139733e-09,3.4091126383139733e-09,2.6174153256375495e-08,6.895032583953017e-10
2.8493715107855953,3.4091126383139733e-09,3.4091126383139733e-09,2.7005868710018606e-08,6.555926606269469e-10
2.856338189296073,3.4091126383139733e-09,3.4091126383139733e-09,2.789546366527076e-08,6.23478528949088e-10
2.8633048678065514,3.4091126383139733e-09,3.4091126383139733e-09,2.8842697460233967e-08,5.931002151186456e-10
2.8702715463170296,3.4091126383139733e-09,3.4091126383139733e-09,2.984733730644603e-08,5.643960381486832e-10
2.877238224827508,3.4091126383139733e-09,3.4091126383139733e-09,3.090915784289771e-08,5.373036836076286e-10
2.884204903337986,3.4091126383139733e-09,3.4091126383139733e-09,3.202794069374166e-08,5.117605720917115e-10
2.891171581848464,3.4091126383139733e-09,3.4091126383139733e-09,3.320347403267392e-08,4.877041968944159e-10
2.8981382603589423,3.4091126383139733e-09,3.4091126383139733e-09,3.443555215598758e-08,4.650724313484883e-10
2.9051049388694206,3.4091126383139733e-09,3.4091126383139733e-09,3.5723975065163546e-08,4.4380380663936206e-10
2.9120716173798993,3.4091126383139733e-09,3.4091126383139733e-09,3.706854806235471e-08,4.2383776062025306e-10
2.919038295890377,3.4091126383139733e-09,3.4091126383139733e-09,3.8469081358813646e-08,4.0511485881808427e-10
2.9260049744008554,3.4091126383139733e-09,3.4091126383139733e-09,3.992538969754205e-08,3.8757698877574333e-10
2.9329716529113337,3.4091126383139733e-09,3.4091126383139733e-09,4.143729199119468e-08,3.7116752893419156e-10
2.939938331421812,3.4091126383139733e-09,3.4091126383139733e-09,4.30046109760146e-08,3.558314933923183e-10
2.94690500993229,3.4091126383139733e-09,3.4091126383139733e-09,4.462717288116593e-08,3.415156541289092e-10
2.953871688442768,3.4091126383139733e-09,3.4091126383139733e-09,4.6304807114839964e-08,3.281686420214669e-10
2.9608383669532463,3.4091126383139733e-09,3.4091126383139733e-09,4.803734596649671e-08,3.157410282428326e-10
2.9678050454637246,3.4091126383139733e-09,3.4091126383139733e-09,4.9824624325094677e-08,3.0418538760483045e-10
2.9747717239742033,3.4091126383139733e-09,3.4091126383139733e-09,5.166647941322908e-08,2.9345634534651246e-10
2.981738402484681,3.4091126383139733e-09,3.4091126383139733e-09,5.3562750536887136e-08,2.8351060887378673e-10
2.9887050809951594,3.4091126383139733e-09,3.4091126383139733e-09,5.551327884971288e-08,2.7430698603956473e-10
2.9956717595056377,3.4091126383139733e-09,3.4091126383139733e-09,5.751790713195886e-08,2.6580639133232253e-10
3.002638438016116,3.4091126383139733e-09,3.4091126383139733e-09,5.9576479582978473e-08,2.5797184143805026e-10
3.0096051165265942,3.4091126383139733e-09,3.4091126383139733e-09,6.168884162660944e-08,2.5076844155196633e-10
3.016571795037072,3.4091126383139733e-09,3.4091126383139733e-09,6.385483972885626e-08,2.4416336370867595e-10
3.0235384735475503,3.4091126383139733e-09,3.4091126383139733e-09,6.607432122684277e-08,2.381258184103261e-10
3.0305051520580286,3.4091126383139733e-09,3.4091126383139733e-09,6.834713416823514e-08,2.3262702073535285e-10
3.0374718305685073,3.4091126383139733e-09,3.4091126383139733e-09,7.067312716038968e-08,2.2764015201550422e-10
3.0444385090789856,3.4091126383139733e-09,3.4091126383139733e-09,7.305214922818587e-08,2.2314031815487016e-10
3.0514051875894634,3.4091126383139733e-09,3.4091126383139733e-09,7.548404967977709e-08,2.1910450554778677e-10
3.0583718660999417,3.4091126383139733e-09,3.4091126383139733e-09,7.796867797924649e-08,2.1551153552701665e-10
3.06533854461042,3.4091126383139733e-09,3.4091126383139733e-09,8.050588362536222e-08,2.1234201817628563e-10
3.0723052231208983,3.4091126383139733e-09,3.4091126383139733e-09,8.309551603547408e-08,2.0957830630201944e-10
3.079271901631376,3.4091126383139733e-09,3.4091126383139733e-09,8.573742443369146e-08,2.0720445028670283e-10
3.0862385801418544,3.4091126383139733e-09,3.4091126383139733e-09,8.843145774241731e-08,2.0520615450361826e-10
3.0932052586523326,3.4091126383139733e-09,3.4091126383139733e-09,9.117746447637554e-08,2.0357073591264162e-10
3.1001719371628114,3.4091126383139733e-09,3.4091126383139733e-09,9.397529263822353e-08,2.0228708542044298e-10
3.1071386156732896,3.4091126383139733e-09,3.4091126383139733e-09,9.682478961488422e-08,2.0134563253900466e-10
3.1141052941837675,3.4091126383139733e-09,3.4091126383139733e-09,9.972580207368338e-08,2.0073831385373502e-10
3.1210719726942457,3.4091126383139733e-09,3.4091126383139733e-09,1.0267817585741823e-07,2.0045854577226198e-10
3.128038651204724,3.4091126383139733e-09,3.4091126383139733e-09,1.0568175587744026e-07,2.0050120201067442e-10
3.1350053297152023,3.4091126383139733e-09,3.4091126383139733e-09,1.0873638600384389e-07,2.0086259625125326e-10
3.14197200822568,3.4091126383139733e-09,3.4091126383139733e-09,1.1184190895181063e-07,2.0154047040149885e-10
3.1489386867361584,3.4091126383139733e-09,3.4091126383139733e-09,1.1499816616315349e-07,2.025339888752515e-10
3.1559053652466367,3.4091126383139733e-09,3.4091126383139733e-09,1.1820499768205888e-07,2.0384373932347307e-10
3.1628720437571154,3.4091126383139733e-09,3.4091126383139733e-09,1.2146224202399418e-07,2.0547174024888441e-10
3.1698387222675937,3.4091126383139733e-09,3.4091126383139733e-09,1.2476973603667858e-07,2.0742145596152587e-10
3.1768054007780715,3.4091126383139733e-09,3.4091126383139733e-09,1.281273147519866e-07,2.0969781935055798e-10
3.1837720792885498,3.4091126383139733e-09,3.4091126383139733e-09,1.3153481122755638e-07,2.1230726298503374e-10
3.190738757799028,3.4091126383139733e-09,3.4091126383139733e-09,1.3499205637681326e-07,2.1525775909394483e-10
3.1977054363095063,3.4091126383139733e-09,3.4091126383139733e-09,1.3849887878600873e-07,2.1855886902957303e-10
3.204672114819984,3.4091126383139733e-09,3.4091126383139733e-09,1.4205510451678691e-07,2.222218028714737e-10
3.2116387933304624,3.4091126383139733e-09,3.4091126383139733e-09,1.456605568926527e-07,2.262594899011795e-10
3.2186054718409407,3.4091126383139733e-09,3.4091126383139733e-09,1.4931505626758359e-07,2.3068666075486044e-10
3.2255721503514194,3.4091126383139733e-09,3.4091126383139733e-09,1.530184197748703e-07,2.355199421519584e-10
3.2325388288618977,3.4091126383139733e-09,3.4091126383139733e-09,1.5677046105408933e-07,2.4077796520071517e-10
3.2395055073723755,3.4091126383139733e-09,3.4091126383139733e-09,1.6057098995391625e-07,2.4648148839780537e-10
3.246472185882854,3.4091126383139733e-09,3.4091126383139733e-09,1.6441981220825543e-07,2.526535365709182e-10
3.253438864393332,3.4091126383139733e-09,3.4091126383139733e-09,1.6831672908291823e-07,2.593195571595868e-10
3.2604055429038103,3.4091126383139733e-09,3.4091126383139733e-09,1.7226153698978653e-07,2.6650759539734255e-10
3.267372221414288,3.4091126383139733e-09,3.4091126383139733e-09,1.7625402706509327e-07,2.742484901414791e-10
3.2743388999247665,3.4091126383139733e-09,3.4091126383139733e-09,1.8029398470807469e-07,2.825760923083145e-10
3.2813055784352447,3.4091126383139733e-09,3.4091126383139733e-09,1.8438118907589104e-07,2.915275081010986e-10
3.2882722569457234,3.4091126383139733e-09,3.4091126383139733e-09,1.8851541253019347e-07,3.0114336948172143e-10
3.2952389354562017,3.4091126383139733e-09,3.4091126383139733e-09,1.926964200302965e-07,3.114681346310985e-10
3.3022056139666796,3.4091126383139733e-09,3.4091126383139733e-09,1.9692396846730192e-07,3.225504214628339e-10
3.309172292477158,3.4091126383139733e-09,3.4091126383139733e-09,2.0119780593287755e-07,3.3444337763253185e-10
3.316138970987636,3.4091126383139733e-09,3.4091126383139733e-09,2.0551767091579682e-07,3.4720509089462e-10
3.3231056494981144,3.4091126383139733e-09,3.4091126383139733e-09,2.098832914183683e-07,3.60899044098579e-10
3.3300723280085927,3.4091126383139733e-09,3.4091126383139733e-09,2.1429438398420492e-07,3.7559461966951224e-10
3.3370390065190705,3.4091126383139733e-09,3.4091126383139733e-09,2.1875065262764197e-07,3.9136765897696373e-10
3.3440056850295488,3.4091126383139733e-09,3.4091126383139733e-09,2.2325178765412851e-07,4.083010826176907e-10
3.3509723635400275,3.4091126383139733e-09,3.4091126383139733e-09,2.2779746435945148e-07,4.264855784445782e-10
3.3579390420505058,3.4091126383139733e-09,3.4091126383139733e-09,2.323873415946729e-07,4.460203649537666e-10
3.3649057205609836,3.4091126383139733e-09,3.4091126383139733e-09,2.3702106018148797e-07,4.67014038482286e-10
3.371872399071462,3.4091126383139733e-09,3.4091126383139733e-09,2.4169824116158225e-07,4.89585513876414e-10
3.37883907758194,3.4091126383139733e-09,3.4091126383139733e-09,2.464184838610099e-07,5.138650693728944e-10
3.3858057560924184,3.4091126383139733e-09,3.4091126383139733e-09,2.511813637490545e-07,5.399955076433511e-10
3.3927724346028967,3.4091126383139733e-09,3.4091126383139733e-09,2.5598643006772227e-07,5.681334466133664e-10
3.3997391131133745,3.4091126383139733e-09,3.4091126383139733e-09,2.608332032056683e-07,5.98450755353284e-10
3.406705791623853,3.4091126383139733e-09,3.4091126383139733e-09,2.657211717879488e-07,6.311361519593494e-10
3.4136724701343315,3.4091126383139733e-09,3.4091126383139733e-09,2.706497894469315e-07,6.663969825789596e-10
3.42063914864481,3.4091126383139733e-09,3.4091126383139733e-09,2.75618471239401e-07,7.044612034243149e-10
3.4276058271552876,3.4091126383139733e-09,3.4091126383139733e-09,2.806265896665819e-07,7.455795898658114e-10
3.434572505665766,3.4091126383139733e-09,3.4091126383139733e-09,2.856734702522522e-07,7.900281997620588e-10
3.441539184176244,3.4091126383139733e-09,3.4091126383139733e-09,2.907583866248194e-07,8.381111219850123e-10
3.4485058626867224,3.4091126383139733e-09,3.4091126383139733e-09,2.9588055504556966e-07,8.901635447981121e-10
3.4554725411972007,3.4091126383139733e-09,3.4091126383139733e-09,3.0103912831845317e-07,9.465551825113877e-10
3.4624392197076785,3.4091126383139733e-09,3.4091126383139733e-09,3.062331890034851e-07,1.0076941043738667e-09
3.469405898218157,3.4091126383139733e-09,3.4091126383139733e-09,3.1146174185495453e-07,1.0740310152962059e-09
3.4763725767286355,3.4091126383139733e-09,3.4091126383139733e-09,3.167237053869815e-07,1.146064043470032e-09
3.483339255239114,3.4091126383139733e-09,3.4091126383139733e-09,3.2201790246496866e-07,1.22434409708223e-09
3.490305933749592,3.4091126383139733e-09,3.4091126383139733e-09,3.2734304979998044e-07,1.3094808607963504e-09
3.49727261226007,3.4091126383139733e-09,3.4091126383139733e-09,3.3269774621613553e-07,1.4021495110738852e-09
3.504239290770548,3.4091126383139733e-09,3.4091126383139733e-09,3.38080459542839e-07,1.5030982380985884e-09
3.5112059692810265,3.4091126383139733e-09,3.4091126383139733e-09,3.43489511958497e-07,1.6131566747939774e-09
3.5181726477915047,3.4091126383139733e-09,3.4091126383139733e-09,3.4892306360257783e-07,1.7332453452802468e-09
3.5251393263019826,3.4091126383139733e-09,3.4091126383139733e-09,3.543790942407342e-07,1.8643862578283427e-09
3.532106004812461,3.4091126383139733e-09,3.4091126383139733e-09,3.5985538275070537e-07,2.0077147829434677e-09
3.5390726833229396,3.4091126383139733e-09,3.4091126383139733e-09,3.653494841525703e-07,2.164492975442254e-09
3.546039361833418,3.4091126383139733e-09,3.4091126383139733e-09,3.708587038944873e-07,2.3361245173756196e-09
3.553006040343896,3.4091126383139733e-09,3.4091126383139733e-09,3.76380069057409e-07,2.524171475800881e-09
3.559972718854374,3.4091126383139733e-09,3.4091126383139733e-09,3.8191029610662527e-07,2.730373097843516e-09
3.566939397364852,3.4091126383139733e-09,3.4091126383139733e-09,3.8744575476644157e-07,2.9566668868923985e-09
3.5739060758753305,3.4091126383139733e-09,3.4091126383139733e-09,3.929824275724425e-07,3.205212227954754e-09
3.5808727543858088,3.4091126383139733e-09,3.4091126383139733e-09,3.9851586458127094e-07,3.4784168601972393e-09
3.5878394328962866,3.4091126383139733e-09,3.4091126383139733e-09,4.0404113265067534e-07,3.7789665291078475e-09
3.594806111406765,3.4091126383139733e-09,3.4091126383139733e-09,4.0955275869008463e-07,4.109858176470963e-09
3.6017727899172436,3.4091126383139733e-09,3.4091126383139733e-09,4.150446661889897e-07,4.474437046984342e-09
3.608739468427722,3.4091126383139733e-09,3.4091126383139733e-09,4.2051010426245687e-07,4.876438150290104e-09
3.6157061469382,3.4091126383139733e-09,3.4091126383139733e-09,4.25941568375391e-07,5.3200325217266534e-09
3.622672825448678,3.4091126383139733e-09,3.4091126383139733e-09,4.313307119481734e-07,5.809878747268185e-09
3.6296395039591562,3.4091126383139733e-09,3.4091126383139733e-09,4.3666824783025794e-07,6.351180254841371e-09
3.6366061824696345,3.4091126383139733e-09,3.4091126383139733e-09,4.4194383860006037e-07,6.9497489037214024e-09
3.643572860980113,3.4091126383139733e-09,3.4091126383139733e-09,4.4714597480584527e-07,7.61207532763439e-09
3.6505395394905906,3.4091126383139733e-09,3.4091126383139733e-09,4.522618400721305e-07,8.345406513576529e-09
3.657506218001069,3.4091126383139733e-09,3.4091126383139733e-09,4.5727716185720343e-07,9.15783109504899e-09
3.6644728965115476,3.4091126383139733e-09,3.4091126383139733e-09,4.6217604703087317e-07,1.0058372655443565e-08
3.671439575022026,3.4091126383139733e-09,3.4091126383139733e-09,4.6694080164792135e-07,1.105709117674739e-08
3.678406253532504,3.4091126383139733e-09,3.4091126383139733e-09,4.7155173385182567e-07,1.2165192703153378e-08
3.685372932042982,3.4091126383139733e-09,3.4091126383139733e-09,4.759869391102679e-07,1.3395147088339255e-08
3.6923396105534603,3.4091126383139733e-09,3.4091126383139733e-09,4.802220690466051e-07,1.476081274937438e-08
3.6993062890639385,3.4091126383139733e-09,3.4091126383139733e-09,4.842300836902487e-07,1.6277567416600542e-08
3.706272967574417,3.4091126383139733e-09,3.4091126383139733e-09,4.879809882136986e-07,1.796244309502685e-08
3.7132396460848947,3.4091126383139733e-09,3.4091126383139733e-09,4.914415575660157e-07,1.9834262084017074e-08
3.720206324595373,3.4091126383139733e-09,3.4091126383139733e-09,4.945750521908627e-07,2.191377024733972e-08
3.7271730031058516,3.4091126383139733e-09,3.4091126383139733e-09,4.973409309208071e-07,2.422376190648011e-08
3.73413968161633,3.4091126383139733e-09,3.4091126383139733e-09,4.996945692200069e-07,2.6789188939028335e-08
3.741106360126808,3.4091126383139733e-09,3.4091126383139733e-09,5.015869933896944e-07,2.9637244508078087e-08
3.748073038637286,3.4091126383139733e-09,3.4091126383139733e-09,5.029646456254396e-07,3.279740888625081e-08
3.7550397171477643,3.4091126383139733e-09,3.4091126383139733e-09,5.037691983215025e-07,3.630144177545716e-08
3.7620063956582426,3.4091126383139733e-09,3.4091126383139733e-09,5.039374420468129e-07,4.0183301491088034e-08
3.768973074168721,3.4091126383139733e-09,3.4091126383139733e-09,5.034012763898485e-07,4.447896738507983e-08
3.775939752679199,3.4091126383139733e-09,3.4091126383139733e-09,5.020878404793044e-07,4.92261370022889e-08
3.782906431189677,3.4091126383139733e-09,3.4091126383139733e-09,4.999198258192979e-07,5.44637649449763e-08
3.7898731097001557,3.4091126383139733e-09,3.4091126383139733e-09,4.968160229787302e-07,6.023140552947769e-08
3.796839788210634,3.4091126383139733e-09,3.4091126383139733e-09,4.926921585147072e-07,6.656831793309602e-08
3.8038064667211122,3.4091126383139733e-09,3.4091126383139733e-09,4.874620855219817e-07,7.35122901130017e-08
3.81077314523159,3.4091126383139733e-09,3.4091126383139733e-09,4.810393927215976e-07,8.109813843625463e-08
3.8177398237420683,3.4091126383139733e-09,3.4091126383139733e-09,4.733394967583219e-07,8.935584471684556e-08
3.8247065022525466,3.4091126383139733e-09,3.4091126383139733e-09,4.642822734871004e-07,9.830830283511925e-08
3.831673180763025,3.4091126383139733e-09,3.4091126383139733e-09,4.537952671524657e-07,1.0796866598315271e-07
3.838639859273503,3.4091126383139733e-09,3.4091126383139733e-09,4.41817491147127e-07,1.1833731282277966e-07
3.845606537783981,3.4091126383139733e-09,3.4091126383139733e-09,4.283037863688125e-07,1.293984923554531e-07
3.8525732162944597,3.4091126383139733e-09,3.4091126383139733e-09,4.132296526725188e-07,1.411167574231034e-07
3.859539894804938,3.4091126383139733e-09,3.4091126383139733e-09,3.965963882239114e-07,1.534333619294327e-07
3.8665065733154163,3.4091126383139733e-09,3.4091126383139733e-09,3.7843629467438545e-07,1.662628680675362e-07
3.873473251825894,3.4091126383139733e-09,3.4091126383139733e-09,3.5881759815981283e-07,1.794902848106526e-07
3.8804399303363724,3.4091126383139733e-09,3.4091126383139733e-09,3.378486586103774e-07,1.929691244775155e-07
3.8874066088468506,3.4091126383139733e-09,3.4091126383139733e-09,3.1568095639281466e-07,2.0652080985344194e-07
3.894373287357329,3.4091126383139733e-09,3.4091126383139733e-09,2.925103102429256e-07,2.1993586858848275e-07
3.901339965867807,3.4091126383139733e-09,3.4091126383139733e-09,2.6857579996211497e-07,2.3297730335447243e-07
3.908306644378285,3.4091126383139733e-09,3.4091126383139733e-09,2.441559605096493e-07,2.4538640379129223e-07
3.9152733228887637,3.4091126383139733e-09,3.4091126383139733e-09,2.1956199401885503e-07,2.568910760593743e-07
3.922240001399242,3.4091126383139733e-09,3.4091126383139733e-09,1.9512801124374208e-07,2.6721649456897466e-07
3.9292066799097203,3.4091126383139733e-09,3.4091126383139733e-09,1.7119864212717575e-07,2.7609758199114947e-07
3.9361733584201986,3.4091126383139733e-09,3.4091126383139733e-09,1.4811470136966164e-07,2.8329251131172035e-07
3.9431400369306764,3.4091126383139733e-09,3.4091126383139733e-09,1.261979265377756e-07,2.885961653479637e-07
3.9501067154411547,3.4091126383139733e-09,3.4091126383139733e-09,1.0573602292928819e-07,2.918523462564909e-07
3.957073393951633,3.4091126383139733e-09,3.4091126383139733e-09,8.696933597252313e-08,2.9296352642992187e-07
3.964040072462111,3.4091126383139733e-09,3.4091126383139733e-09,7.008037639248674e-08,2.918971176606007e-07
3.971006750972589,3.4091126383139733e-09,3.4091126383139733e-09,5.5187141799640195e-08,2.886875713908213e-07
3.9779734294830678,3.4091126383139733e-09,3.4091126383139733e-09,4.234076736517552e-08,2.834340760507827e-07
3.984940107993546,3.4091126383139733e-09,3.4091126383139733e-09,3.15275487381654e-08,2.7629411361558356e-07
3.9919067865040243,3.4091126383139733e-09,3.4091126383139733e-09,2.267490272086563e-08,2.674735807375571e-07
3.9988734650145026,3.4091126383139733e-09,3.4091126383139733e-09,1.5660443149900987e-08,2.572145137646356e-07
4.00584014352498,3.4091126383139733e-09,3.4091126383139733e-09,1.0323102368580951e-08,2.4578162778529636e-07
4.012806822035459,3.4091126383139733e-09,3.4091126383139733e-09,6.475150860312474e-09,2.3344887234270506e-07
4.019773500545937,3.4091126383139733e-09,3.4091126383139733e-09,3.914043327201927e-09,2.2048705349226854e-07
4.026740179056415,3.4091126383139733e-09,3.4091126383139733e-09,2.4332143671867334e-09,2.071533101126995e-07
4.0337068575668935,3.4091126383139733e-09,3.4091126383139733e-09,1.8312098877508331e-09,1.9368292393663113e-07
4.040673536077372,3.4091126383139733e-09,3.4091126383139733e-09,1.9188189912520405e-09,1.802836379671055e-07
4.04764021458785,3.4091126383139733e-09,3.4091126383139733e-09,2.5241245686238867e-09,1.6713239919014218e-07
4.054606893098328,3.4091126383139733e-09,3.4091126383139733e-09,3.4955913335535826e-09,1.5437425086643089e-07
4.061573571608807,3.4091126383139733e-09,3.4091126383139733e-09,4.7034463538864204e-09,1.421229840463969e-07
4.068540250119285,3.4091126383139733e-09,3.4091126383139733e-09,6.039680537298293e-09,1.3046311197467515e-07
4.075506928629763,3.4091126383139733e-09,3.4091126383139733e-09,7.417019938977981e-09,1.1945273908879058e-07
4.0824736071402405,3.4091126383139733e-09,3.4091126383139733e-09,8.767197179562642e-09,1.0912694227227266e-07
4.089440285650719,3.4091126383139733e-09,3.4091126383139733e-09,1.0038810274982955e-08,9.950134877511603e-08
4.096406964161197,3.4091126383139733e-09,3.4091126383139733e-09,1.1195001253098438e-08,9.057566921958684e-08
4.103373642671676,3.4091126383139733e-09,3.4091126383139733e-09,1.2211129918995441e-08,8.233701553150108e-08
4.1103403211821545,3.4091126383139733e-09,3.4091126383139733e-09,1.3072565197478467e-08,7.476289637587078e-08
4.117306999692632,3.4091126383139733e-09,3.4091126383139733e-09,1.3772671389714285e-08,6.782383380243787e-08
4.12427367820311,3.4091126383139733e-09,3.4091126383139733e-09,1.4311030716322803e-08,6.148558371573016e-08
4.1312403567135885,3.4091126383139733e-09,3.4091126383139733e-09,1.4691916624505777e-08,5.5710970349347144e-08
4.138207035224067,3.4091126383139733e-09,3.4091126383139733e-09,1.492301352117833e-08,5.0461362822486065e-08
4.145173713734545,3.4091126383139733e-09,3.4091126383139733e-09,1.501436646727943e-08,4.569783207128862e-08
4.152140392245023,3.4091126383139733e-09,3.4091126383139733e-09,1.497753745039662e-08,4.1382030905206934e-08
4.159107070755502,3.4091126383139733e-09,3.4091126383139733e-09,1.4824941767183217e-08,3.7476840347833445e-08
4.16607374926598,3.4091126383139733e-09,3.4091126383139733e-09,1.4569337613674961e-08,3.394682320404775e-08
4.173040427776458,3.4091126383139733e-09,3.4091126383139733e-09,1.4223443268509914e-08,3.0758522019235924e-08
4.180007106286936,3.4091126383139733e-09,3.4091126383139733e-09,1.3799658525569382e-08,2.788063407538596e-08
4.186973784797415,3.4091126383139733e-09,3.4091126383139733e-09,1.3309869821829008e-08,2.5284091333037605e-08
4.193940463307893,3.4091126383139733e-09,3.4091126383139733e-09,1.2765321407840872e-08,2.294206863817636e-08
4.200907141818371,3.4091126383139733e-09,3.4091126383139733e-09,1.2176537686126724e-08,2.0829939392610652e-08
4.207873820328849,3.4091126383139733e-09,3.4091126383139733e-09,1.1553284508729206e-08,1.892519401498667e-08
4.214840498839327,3.4091126383139733e-09,3.4091126383139733e-09,1.0904559445973541e-08,1.720733346196803e-08
4.221807177349805,3.4091126383139733e-09,3.4091126383139733e-09,1.0238603088977346e-08,1.5657747243314567e-08
4.228773855860284,3.4091126383139733e-09,3.4091126383139733e-09,9.562925107604766e-09,1.4259583180335205e-08
4.235740534370763,3.4091126383139733e-09,3.4091126383139733e-09,8.884340119433988e-09,1.2997614429076278e-08
4.24270721288124,3.4091126383139733e-09,3.4091126383139733e-09,8.20900974985297e-09,1.1858107502783869e-08
4.249673891391718,3.4091126383139733e-09,3.4091126383139733e-09,7.54248793631843e-09,1.0828694333492866e-08
4.256640569902197,3.4091126383139733e-09,3.4091126383139733e-09,6.8897674743777475e-09,9.898250112020574e-09
4.263607248412675,3.4091126383139733e-09,3.4091126383139733e-09,6.255326286825984e-09,9.05677812955304e-09
4.270573926923154,3.4091126383139733e-09,3.4091126383139733e-09,5.643172307407635e-09,8.29530242641931e-09
4.277540605433631,3.4091126383139733e-09,3.4091126383139733e-09,5.056886349005458e-09,7.605768355193247e-09
4.28450728394411,3.4091126383139733e-09,3.4091126383139733e-09,4.499662467054848e-09,6.980951168988995e-09
4.291473962454588,3.4091126383139733e-09,3.4091126383139733e-09,3.974345559311532e-09,6.4143724670757094e-09
4.298440640965066,3.4091126383139733e-09,3.4091126383139733e-09,3.4834661246161826e-09,5.900224103348275e-09
4.305407319475544,3.4091126383139733e-09,3.4091126383139733e-09,3.0292721618101933e-09,5.433299183712083e-09
4.312373997986023,3.4091126383139733e-09,3.4091126383139733e-09,2.613758279667827e-09,5.008929703144711e-09
4.319340676496501,3.4091126383139733e-09,3.4091126383139733e-09,2.2386921532229923e-09,4.622930273249643e-09
4.326307355006979,3.4091126383139733e-09,3.4091126383139733e-09,1.905638459606456e-09,4.2715475191668996e-09
4.3332740335174575,3.4091126383139733e-09,3.4091126383139733e-09,1.6159804735496358e-09,3.95141461995652e-09
4.340240712027935,3.4091126383139733e-09,3.4091126383139733e-09,1.3709394963222422e-09,3.6595105400194555e-09
4.347207390538414,3.4091126383139733e-09,3.4091126383139733e-09,1.1715922954800914e-09,3.3931235167154857e-09
4.3541740690488915,3.4091126383139733e-09,3.4091126383139733e-09,1.0188867306035522e-09,3.149818387174951e-09
4.361140747559371,3.4091126383139733e-09,3.4091126383139733e-09,9.136557309533133e-10,2.927407374890023e-09
4.368107426069848,3.4091126383139733e-09,3.4091126383139733e-09,8.566297825927477e-10,2.723923989509645e-09
4.375074104580326,3.4091126383139733e-09,3.4091126383139733e-09,8.484480718526927e-10,2.537599715956186e-09
4.3820407830908055,3.4091126383139733e-09,3.4091126383139733e-09,8.896684206834699e-10,2.366843202840137e-09
4.389007461601283,3.4091126383139733e-09,3.4091126383139733e-09,9.807761391039673e-10,2.2102216875371546e-09
4.395974140111762,3.4091126383139733e-09,3.4091126383139733e-09,1.1221919077002378e-09,2.0664444182435626e-09
4.402940818622239,3.4091126383139733e-09,3.4091126383139733e-09,1.3142787934421973e-09,1.934347858962502e-09
4.409907497132718,3.4091126383139733e-09,3.4091126383139733e-09,1.5573484925914517e-09,1.812882486164257e-09
4.416874175643196,3.4091126383139733e-09,3.4091126383139733e-09,1.8516668840313415e-09,1.7011010035097395e-09
4.423840854153674,3.4091126383139733e-09,3.4091126383139733e-09,2.1974589686926888e-09,1.5981478209233833e-09
4.430807532664152,3.4091126383139733e-09,3.4091126383139733e-09,2.5949132629947356e-09,1.5032496598124665e-09
4.437774211174631,3.4091126383139733e-09,3.4091126383139733e-09,3.044185706173765e-09,1.4157071617439714e-09
4.444740889685109,3.4091126383139733e-09,3.4091126383139733e-09,3.5454031357477313e-09,1.3348873910985803e-09
4.451707568195587,3.4091126383139733e-09,3.4091126383139733e-09,4.098666379292379e-09,1.2602171335834457e-09
4.458674246706066,3.4091126383139733e-09,3.4091126383139733e-09,4.704053005137254e-09,1.191176904015909e-09
4.465640925216543,3.4091126383139733e-09,3.4091126383139733e-09,5.361619770070515e-09,1.1272955860867496e-09
4.472607603727022,3.4091126383139733e-09,3.4091126383139733e-09,6.0714047981896435e-09,1.0681456349690314e-09
4.4795742822374995,3.4091126383139733e-09,3.4091126383139733e-09,6.833429520476479e-09,1.0133387815320356e-09
4.486540960747979,3.4091126383139733e-09,3.4091126383139733e-09,7.647700402185053e-09,9.625221844998233e-10
4.493507639258456,3.4091126383139733e-09,3.4091126383139733e-09,8.51421048143719e-09,9.153749812128869e-10
4.500474317768934,3.4091126383139733e-09,3.4091126383139733e-09,9.432940740202563e-09,8.71605194486727e-10
4.5074409962794135,3.4091126383139733e-09,3.4091126383139733e-09,1.0403861326048439e-08,8.309469573388845e-10
4.514407674789891,3.4091126383139733e-09,3.4091126383139733e-09,1.1426932641436746e-08,7.931580214799251e-10
4.52137435330037,3.4091126383139733e-09,3.4091126383139733e-09,1.2502106315020037e-08,7.580175191031809e-10
4.5283410318108475,3.4091126383139733e-09,3.4091126383139733e-09,1.3629326067769507e-08,7.253239513738824e-10
4.535307710321326,3.4091126383139733e-09,3.4091126383139733e-09,1.480852848585391e-08,6.948933797231989e-10
4.542274388831804,3.4091126383139733e-09,3.4091126383139733e-09,1.6039643709977724e-08,6.665577981958699e-10
4.549241067342282,3.4091126383139733e-09,3.4091126383139733e-09,1.732259605049509e-08,6.401636682405326e-10
4.556207745852761,3.4091126383139733e-09,3.4091126383139733e-09,1.8657304536170215e-08,6.155705989662905e-10
4.563174424363239,3.4091126383139733e-09,3.4091126383139733e-09,2.0043683403849373e-08,5.926501577290976e-10
4.570141102873717,3.4091126383139733e-09,3.4091126383139733e-09,2.1481642535070744e-08,5.712847975146216e-10
4.577107781384195,3.4091126383139733e-09,3.4091126383139733e-09,2.2971087845391853e-08,5.513668894262202e-10
4.584074459894674,3.4091126383139733e-09,3.4091126383139733e-09,2.45119216313911e-08,5.327978494077723e-10
4.591041138405151,3.4091126383139733e-09,3.4091126383139733e-09,2.610404287956254e-08,5.154873496035858e-10
4.59800781691563,3.4091126383139733e-09,3.4091126383139733e-09,2.7747347541113454e-08,4.993526059769895e-10
4.604974495426108,3.4091126383139733e-09,3.4091126383139733e-09,2.944172877606392e-08,4.843177345524338e-10
4.611941173936587,3.4091126383139733e-09,3.4091126383139733e-09,3.1187077169783865e-08,4.703131694471117e-10
4.618907852447064,3.4091126383139733e-09,3.4091126383139733e-09,3.298328092447489e-08,4.5727513656528404e-10
4.625874530957542,3.4091126383139733e-09,3.4091126383139733e-09,3.483022602816554e-08,4.4514517768704744e-10
4.632841209468022,3.4091126383139733e-09,3.4091126383139733e-09,3.6727796403316357e-08,4.338697199909717e-10
4.639807887978499,3.4091126383139733e-09,3.4091126383139733e-09,3.867587403677141e-08,4.2339968662493003e-10
4.646774566488978,3.4091126383139733e-09,3.4091126383139733e-09,4.067433909281121e-08,4.136901445213059e-10
4.6537412449994555,3.4091126383139733e-09,3.4091126383139733e-09,4.272307001069371e-08,4.0469998596120175e-10
4.660707923509934,3.4091126383139733e-09,3.4091126383139733e-09,4.4821943588020014e-08,3.963916407616366e-10
4.667674602020412,3.4091126383139733e-09,3.4091126383139733e-09,4.6970835050929935e-08,3.887308162727728e-10
4.67464128053089,3.4091126383139733e-09,3.4091126383139733e-09,4.916961811208416e-08,3.8168626274419886e-10
4.681607959041369,3.4091126383139733e-09,3.4091126383139733e-09,5.14181650174496e-08,3.7522956187635666e-10
4.688574637551847,3.4091126383139733e-09,3.4091126383139733e-09,5.3716346582309794e-08,3.69334936450771e-10
4.695541316062325,3.4091126383139733e-09,3.4091126383139733e-09,5.606403221730884e-08,3.639790793650391e-10
4.702507994572803,3.4091126383139733e-09,3.4091126383139733e-09,5.84610899449157e-08,3.591410004724199e-10
4.709474673083282,3.4091126383139733e-09,3.4091126383139733e-09,6.09073864067681e-08,3.5480188982731007e-10
4.71644135159376,3.4091126383139733e-09,3.4091126383139733e-09,6.340278686220198e-08,3.509449960826472e-10
4.723408030104238,3.4091126383139733e-09,3.4091126383139733e-09,6.59471551781284e-08,3.475555189309021e-10
4.730374708614716,3.4091126383139733e-09,3.4091126383139733e-09,6.854035381050055e-08,3.446205146809477e-10
4.737341387125195,3.4091126383139733e-09,3.4091126383139733e-09,7.118224377743663e-08,3.4212881408774467e-10
4.744308065635672,3.4091126383139733e-09,3.4091126383139733e-09,7.387268462393116e-08,3.4007095169605577e-10
4.7512747441461505,3.4091126383139733e-09,3.4091126383139733e-09,7.661153437817615e-08,3.3843910610035336e-10
4.75824142265663,3.4091126383139733e-09,3.4091126383139733e-09,7.939864949928969e-08,3.3722705058457864e-10
4.765208101167107,3.4091126383139733e-09,3.4091126383139733e-09,8.223388481628767e-08,3.3643011370767954e-10
4.772174779677586,3.4091126383139733e-09,3.4091126383139733e-09,8.511709345802192e-08,3.3604514948116947e-10
4.779141458188064,3.4091126383139733e-09,3.4091126383139733e-09,8.804812677370917e-08,3.360705168650137e-10
4.786108136698542,3.4091126383139733e-09,3.4091126383139733e-09,9.102683424362168e-08,3.365060684004932e-10
4.79307481520902,3.4091126383139733e-09,3.4091126383139733e-09,9.405306337948368e-08,3.3735314789486675e-10
4.800041493719498,3.4091126383139733e-09,3.4091126383139733e-09,9.712665961394355e-08,3.3861459706820395e-10
4.807008172229977,3.4091126383139733e-09,3.4091126383139733e-09,1.0024746617846696e-07,3.4029477125986666e-10
4.813974850740455,3.4091126383139733e-09,3.4091126383139733e-09,1.0341532396890796e-07,3.423995642753369e-10
4.820941529250933,3.4091126383139733e-09,3.4091126383139733e-09,1.0663007139786723e-07,3.449364425711345e-10
4.8279082077614115,3.4091126383139733e-09,3.4091126383139733e-09,1.0989154423286708e-07,3.4791448906078003e-10
4.83487488627189,3.4091126383139733e-09,3.4091126383139733e-09,1.1319957541926712e-07,3.513444569004711e-10
4.841841564782368,3.4091126383139733e-09,3.4091126383139733e-09,1.1655399488675078e-07,3.552388336922551e-10
4.848808243292846,3.4091126383139733e-09,3.4091126383139733e-09,1.199546293381365e-07,3.596119166256558e-10
4.855774921803324,3.4091126383139733e-09,3.4091126383139733e-09,1.2340130201879433e-07,3.644798991404542e-10
4.862741600313803,3.4091126383139733e-09,3.4091126383139733e-09,1.2689383246490809e-07,3.698609698940293e-10
4.86970827882428,3.4091126383139733e-09,3.4091126383139733e-09,1.3043203622942156e-07,3.757754248843103e-10
4.876674957334759,3.4091126383139733e-09,3.4091126383139733e-09,1.3401572458291379e-07,3.822457936233774e-10
4.883641635845238,3.4091126383139733e-09,3.4091126383139733e-09,1.3764470418756176e-07,3.8929698045149956e-10
4.890608314355715,3.4091126383139733e-09,3.4091126383139733e-09,1.4131877674159236e-07,3.969564222190655e-10
4.897574992866194,3.4091126383139733e-09,3.4091126383139733e-09,1.4503773859145275e-07,4.052542637308084e-10
4.904541671376672,3.4091126383139733e-09,3.4091126383139733e-09,1.4880138030877568e-07,4.14223552496956e-10
4.91150834988715,3.4091126383139733e-09,3.4091126383139733e-09,1.526094862289285e-07,4.2390045448004354e-10
4.918475028397628,3.4091126383139733e-09,3.4091126383139733e-09,1.5646183394682575e-07,4.343244927191534e-10
4.9254417069081065,3.4091126383139733e-09,3.4091126383139733e-09,1.6035819376678925e-07,4.455388111333283e-10
4.932408385418585,3.4091126383139733e-09,3.4091126383139733e-09,1.6429832810120821e-07,4.5759046581497083e-10
4.939375063929063,3.4091126383139733e-09,3.4091126383139733e-09,1.6828199081339458e-07,4.705307464812494e-10
4.946341742439541,3.4091126383139733e-09,3.4091126383139733e-09,1.7230892649897653e-07,4.844155310675731e-10
4.9533084209500196,3.4091126383139733e-09,3.4091126383139733e-09,1.7637886969948348e-07,4.993056768475396e-10
4.960275099460498,3.4091126383139733e-09,3.4091126383139733e-09,1.804915440414438e-07,5.152674518073615e-10
4.967241777970976,3.4091126383139733e-09,3.4091126383139733e-09,1.8464666129390827e-07,5.323730103677144e-10
4.974208456481454,3.4091126383139733e-09,3.4091126383139733e-09,1.8884392033497474e-07,5.507009178996906e-10
4.981175134991932,3.4091126383139733e-09,3.4091126383139733e-09,1.9308300601881692e-07,5.703367294556887e-10
4.988141813502411,3.4091126383139733e-09,3.4091126383139733e-09,1.9736358793273792e-07,5.913736283008466e-10
4.995108492012888,3.4091126383139733e-09,3.4091126383139733e-09,2.0168531903256144e-07,6.139131305774046e-10
5.0020751705233675,3.4091126383139733e-09,3.4091126383139733e-09,2.0604783414400378e-07,6.380658631909655e-10
5.009041849033846,3.4091126383139733e-09,3.4091126383139733e-09,2.1045074831522894e-07,6.639524229340178e-10
5.016008527544323,3.4091126383139733e-09,3.4091126383139733e-09,2.148936550051075e-07,6.917043257170567e-10
5.022975206054802,3.4091126383139733e-09,3.4091126383139733e-09,2.193761240906069e-07,7.214650556701902e-10
5.02994188456528,3.4091126383139733e-09,3.4091126383139733e-09,2.2389769967159213e-07,7.533912249438466e-10
5.036908563075759,3.4091126383139733e-09,3.4091126383139733e-09,2.2845789765357347e-07,7.876538569155135e-10
5.043875241586236,3.4091126383139733e-09,3.4091126383139733e-09,2.33056203082658e-07,8.244398062507919e-10
5.0508419200967145,3.4091126383139733e-09,3.4091126383139733e-09,2.376920672067071e-07,8.639533311031334e-10
5.057808598607193,3.4091126383139733e-09,3.4091126383139733e-09,2.42364904232221e-07,9.064178346014707e-10
5.064775277117671,3.4091126383139733e-09,3.4091126383139733e-09,2.4707408774269236e-07,9.520777948704336e-10
5.071741955628149,3.4091126383139733e-09,3.4091126383139733e-09,2.518189467426019e-07,1.0012009049056805e-09
5.078708634138628,3.4091126383139733e-09,3.4091126383139733e-09,2.565987612845088e-07,1.0540804458462686e-09
5.085675312649106,3.4091126383139733e-09,3.4091126383139733e-09,2.6141275763173973e-07,1.1110379207050085e-09
5.092641991159584,3.4091126383139733e-09,3.4091126383139733e-09,2.6626010290658757e-07,1.1724259783221486e-09
5.099608669670062,3.4091126383139733e-09,3.4091126383139733e-09,2.7113989916474106e-07,1.2386316606717865e-09
5.10657534818054,3.4091126383139733e-09,3.4091126383139733e-09,2.760511768324444e-07,1.3100800107606785e-09
5.113542026691019,3.4091126383139733e-09,3.4091126383139733e-09,2.809928874319042e-07,1.387238082935812e-09
5.120508705201496,3.4091126383139733e-09,3.4091126383139733e-09,2.8596389551695966e-07,1.470619402065288e-09
5.1274753837119755,3.4091126383139733e-09,3.4091126383139733e-09,2.909629697280773e-07,1.5607889229510544e-09
5.134442062222454,3.4091126383139733e-09,3.4091126383139733e-09,2.9598877286523736e-07,1.6583685484777357e-09
5.141408740732931,3.4091126383139733e-09,3.4091126383139733e-09,3.010398508679421e-07,1.7640432710224719e-09
5.14837541924341,3.4091126383139733e-09,3.4091126383139733e-09,3.061146205778997e-07,1.8785680088512042e-09
5.155342097753888,3.4091126383139733e-09,3.4091126383139733e-09,3.112113561450195e-07,2.002775217788319e-09
5.162308776264367,3.4091126383139733e-09,3.4091126383139733e-09,3.163281739188774e-07,2.1375833678887095e-09
5.169275454774844,3.4091126383139733e-09,3.4091126383139733e-09,3.2146301565886145e-07,2.284006384137594e-09
5.176242133285323,3.4091126383139733e-09,3.4091126383139733e-09,3.266136298658603e-07,2.443164160382634e-09
5.183208811795801,3.4091126383139733e-09,3.4091126383139733e-09,3.3177755102619654e-07,2.616294270301976e-09
5.190175490306279,3.4091126383139733e-09,3.4091126383139733e-09,3.36952076528331e-07,2.8047650092749182e-09
5.197142168816758,3.4091126383139733e-09,3.4091126383139733e-09,3.421342409972667e-07,3.010089915781097e-09
5.204108847327236,3.4091126383139733e-09,3.4091126383139733e-09,3.473207877482245e-07,3.233943937125871e-09
5.211075525837714,3.4091126383139733e-09,3.4091126383139733e-09,3.5250813704655615e-07,3.478181420033392e-09
5.218042204348192,3.4091126383139733e-09,3.4091126383139733e-09,3.5769235082647373e-07,3.744856118697888e-09
5.2250088828586705,3.4091126383139733e-09,3.4091126383139733e-09,3.6286909347739117e-07,4.0362434385467335e-09
5.231975561369148,3.4091126383139733e-09,3.4091126383139733e-09,3.680335882801871e-07,4.354865144158205e-09
5.238942239879627,3.4091126383139733e-09,3.4091126383139733e-09,3.7318056904844347e-07,4.703516777785812e-09
5.245908918390104,3.4091126383139733e-09,3.4091126383139733e-09,3.783042264605195e-07,5.085298056085014e-09
5.252875596900584,3.4091126383139733e-09,3.4091126383139733e-09,3.833981485649723e-07,5.503646523323942e-09
5.259842275411062,3.4091126383139733e-09,3.4091126383139733e-09,3.884552549082521e-07,5.96237474298007e-09
5.266808953921539,3.4091126383139733e-09,3.4091126383139733e-09,3.934677236574709e-07,6.465711335610755e-09
5.273775632432018,3.4091126383139733e-09,3.4091126383139733e-09,3.9842691113043415e-07,7.018346148793664e-09
5.280742310942496,3.4091126383139733e-09,3.4091126383139733e-09,4.033232630952928e-07,7.625479844302792e-09
5.287708989452975,3.4091126383139733e-09,3.4091126383139733e-09,4.081462171529896e-07,8.292878180479817e-09
5.294675667963452,3.4091126383139733e-09,3.4091126383139733e-09,4.128840956757351e-07,9.026931185241314e-09
5.301642346473931,3.4091126383139733e-09,3.4091126383139733e-09,4.175239886553293e-07,9.834717399058628e-09
5.308609024984409,3.4091126383139733e-09,3.4091126383139733e-09,4.2205162597928053e-07,1.0724073248796388e-08
5.315575703494887,3.4091126383139733e-09,3.4091126383139733e-09,4.264512388475801e-07,1.1703667464063527e-08
5.322542382005366,3.4091126383139733e-09,3.4091126383139733e-09,4.3070540999844574e-07,1.2783080325257164e-08
5.329509060515844,3.4091126383139733e-09,3.4091126383139733e-09,4.347949129494524e-07,1.3972887220692531e-08
5.336475739026322,3.4091126383139733e-09,3.4091126383139733e-09,4.3869854071717737e-07,1.528474568934836e-08
5.3434424175368,3.4091126383139733e-09,3.4091126383139733e-09,4.423929247872632e-07,1.673148476604484e-08
5.3504090960472785,3.4091126383139733e-09,3.4091126383139733e-09,4.458523461406673e-07,1.8327194799361326e-08
5.357375774557756,3.4091126383139733e-09,3.4091126383139733e-09,4.4904854041076303e-07,2.008731538953418e-08
5.364342453068235,3.4091126383139733e-09,3.4091126383139733e-09,4.5195050083017814e-07,2.2028718109666564e-08
5.3713091315787125,3.4091126383139733e-09,3.4091126383139733e-09,4.545242836234077e-07,2.41697797236563e-08
5.378275810089192,3.4091126383139733e-09,3.4091126383139733e-09,4.567328220815405e-07,2.65304403685263e-08
5.38524248859967,3.4091126383139733e-09,3.4091126383139733e-09,4.5853575766900996e-07,2.9132239625831748e-08
5.392209167110147,3.4091126383139733e-09,3.4091126383139733e-09,4.5988929873589277e-07,3.199832167031209e-08
5.3991758456206265,3.4091126383139733e-09,3.4091126383139733e-09,4.6074612026366463e-07,3.515339862462461e-08
5.406142524131104,3.4091126383139733e-09,3.4091126383139733e-09,4.610553211541135e-07,3.862365897022346e-08
5.413109202641583,3.4091126383139733e-09,3.4091126383139733e-09,4.6076245918169675e-07,4.2436605337922836e-08
5.42007588115206,3.4091126383139733e-09,3.4091126383139733e-09,4.598096877436258e-07,4.6620803329919126e-08
5.427042559662539,3.4091126383139733e-09,3.4091126383139733e-09,4.5813602250414514e-07,5.120552042278653e-08
5.434009238173017,3.4091126383139733e-09,3.4091126383139733e-09,4.55677770146977e-07,5.622023159955271e-08
5.440975916683495,3.4091126383139733e-09,3.4091126383139733e-09,4.523691551544895e-07,6.169396654455034e-08
5.447942595193974,3.4091126383139733e-09,3.4091126383139733e-09,4.48143183149519e-07,6.7654472495438e-08
5.454909273704452,3.4091126383139733e-09,3.4091126383139733e-09,4.429327805335222e-07,7.412716772251394e-08
5.46187595221493,3.4091126383139733e-09,3.4091126383139733e-09,4.366722486858543e-07,8.113386390594635e-08
5.468842630725408,3.4091126383139733e-09,3.4091126383139733e-09,4.29299066017906e-07,8.869124228132258e-08
5.475809309235887,3.4091126383139733e-09,3.4091126383139733e-09,4.2075606106669767e-07,9.680907935941802e-08
5.482775987746364,3.4091126383139733e-09,3.4091126383139733e-09,4.1099396422594396e-07,1.0548823404734231e-07
5.489742666256843,3.4091126383139733e-09,3.4091126383139733e-09,3.9997432141640426e-07,1.1471843048937064e-07
5.4967093447673205,3.4091126383139733e-09,3.4091126383139733e-09,3.876727216211389e-07,1.2447589941184318e-07
5.5036760232778,3.4091126383139733e-09,3.4091126383139733e-09,3.740822501285882e-07,1.347209759342039e-07
5.510642701788278,3.4091126383139733e-09,3.4091126383139733e-09,3.5921703086718046e-07,1.453957913268643e-07
5.517609380298755,3.4091126383139733e-09,3.4091126383139733e-09,3.4311566881250325e-07,1.5642223846437616e-07
5.5245760588092345,3.4091126383139733e-09,3.4091126383139733e-09,3.2584434907746033e-07,1.6770042858476822e-07
5.531542737319712,3.4091126383139733e-09,3.4091126383139733e-09,3.0749930397980915e-07,1.7910788870648364e-07
5.538509415830191,3.4091126383139733e-09,3.4091126383139733e-09,2.882083293142096e-07,1.9049976183161483e-07
5.5454760943406685,3.4091126383139733e-09,3.4091126383139733e-09,2.6813101550091007e-07,2.017102562148244e-07
5.552442772851147,3.4091126383139733e-09,3.4091126383139733e-09,2.4745740309519604e-07,2.125555486367577e-07
5.559409451361625,3.4091126383139733e-09,3.4091126383139733e-09,2.2640483160550554e-07,2.2283825778700098e-07
5.566376129872103,3.4091126383139733e-09,3.4091126383139733e-09,2.0521287694407404e-07,2.3235347827077857e-07
5.5733428083825824,3.4091126383139733e-09,3.4091126383139733e-09,1.841364318782562e-07,2.4089621120301237e-07
5.58030948689306,3.4091126383139733e-09,3.4091126383139733e-09,1.6343717413425573e-07,2.4826985042036024e-07
5.587276165403538,3.4091126383139733e-09,3.4091126383139733e-09,1.433738667028544e-07,2.542952142603218e-07
5.594242843914016,3.4091126383139733e-09,3.4091126383139733e-09,1.2419210910745945e-07,2.5881947677924505e-07
5.601209522424495,3.4091126383139733e-09,3.4091126383139733e-09,1.0611428348945387e-07,2.6172427652290276e-07
5.608176200934973,3.4091126383139733e-09,3.4091126383139733e-09,8.933048252938181e-08,2.62932287684201e-07
5.615142879445451,3.4091126383139733e-09,3.4091126383139733e-09,7.399115705335405e-08,2.624116386990409e-07
5.622109557955929,3.4091126383139733e-09,3.4091126383139733e-09,6.02020732540209e-08,2.601777482597453e-07
5.629076236466408,3.4091126383139733e-09,3.4091126383139733e-09,4.8021946868277494e-08,2.5629239627842067e-07
5.636042914976886,3.4091126383139733e-09,3.4091126383139733e-09,3.7462852226431344e-08,2.5086012509823606e-07
5.643009593487363,3.4091126383139733e-09,3.4091126383139733e-09,2.8493229600204187e-08,2.4402232540542904e-07
5.649976271997843,3.4091126383139733e-09,3.4091126383139733e-09,2.104307686573104e-08,2.3594957032182513e-07
5.65694295050832,3.4091126383139733e-09,3.4091126383139733e-09,1.5010740186471945e-08,2.2683289104404196e-07
5.663909629018799,3.4091126383139733e-09,3.4091126383139733e-09,1.0270634205038072e-08,2.1687472124378877e-07
5.6708763075292765,3.4091126383139733e-09,3.4091126383139733e-09,6.681224226665544e-09,2.062801880800969e-07
5.677842986039755,3.4091126383139733e-09,3.4091126383139733e-09,4.092678114778311e-09,1.952493075986483e-07
5.684809664550233,3.4091126383139733e-09,3.4091126383139733e-09,2.3537239044512897e-09,1.8397048029278808e-07
5.691776343060711,3.4091126383139733e-09,3.4091126383139733e-09,1.317400955455701e-09,1.7261550758931243e-07
5.6987430215711905,3.4091126383139733e-09,3.4091126383139733e-09,8.455460011674451e-10,1.6133618494933458e-07
5.705709700081668,3.4091126383139733e-09,3.4091126383139733e-09,8.119906247452845e-10,1.5026239172651288e-07
5.712676378592146,3.4091126383139733e-09,3.4091126383139733e-09,1.1045522307233224e-09,1.395014994027333e-07
5.719643057102624,3.4091126383139733e-09,3.4091126383139733e-09,1.6259721539621686e-09,1.291388615711753e-07
5.726609735613103,3.4091126383139733e-09,3.4091126383139733e-09,2.2939934474327793e-09,1.1923912631387966e-07
5.733576414123581,3.4091126383139733e-09,3.4091126383139733e-09,3.0407822626892416e-09,1.0984811704408084e-07
5.740543092634059,3.4091126383139733e-09,3.4091126383139733e-09,3.8118875741718224e-09,1.0099505350667796e-07
5.747509771144537,3.4091126383139733e-09,3.4091126383139733e-09,4.564911489198918e-09,9.26949212322941e-08
5.754476449655016,3.4091126383139733e-09,3.4091126383139733e-09,5.26803282018648e-09,8.495083905606032e-08
5.761443128165494,3.4091126383139733e-09,3.4091126383139733e-09,5.898495123131702e-09,7.775631488585943e-08
5.768409806675972,3.4091126383139733e-09,3.4091126383139733e-09,6.441140363456801e-09,7.109731636797443e-08
5.775376485186451,3.4091126383139733e-09,3.4091126383139733e-09,6.887042928322411e-09,6.495411379072983e-08
5.782343163696928,3.4091126383139733e-09,3.4091126383139733e-09,7.232276908423473e-09,5.9302876718794e-08
5.789309842207407,3.4091126383139733e-09,3.4091126383139733e-09,7.476832523154889e-09,5.411702382013495e-08
5.796276520717885,3.4091126383139733e-09,3.4091126383139733e-09,7.623685007297875e-09,4.9368337783138315e-08
5.803243199228363,3.4091126383139733e-09,3.4091126383139733e-09,7.678010597452798e-09,4.502786504855268e-08
5.810209877738841,3.4091126383139733e-09,3.4091126383139733e-09,7.646538712834151e-09,4.106662434851786e-08
5.817176556249319,3.4091126383139733e-09,3.4091126383139733e-09,7.537026337330408e-09,3.745614962438793e-08
5.824143234759799,3.4091126383139733e-09,3.4091126383139733e-09,7.357839307077244e-09,3.416889261096376e-08
5.831109913270276,3.4091126383139733e-09,3.4091126383139733e-09,7.1176251600213734e-09,3.117850888779185e-08
5.838076591780754,3.4091126383139733e-09,3.4091126383139733e-09,6.825062975033562e-09,2.8460048969633767e-08
5.8450432702912325,3.4091126383139733e-09,3.4091126383139733e-09,6.488676878009982e-09,2.5990073475104396e-08
5.852009948801711,3.4091126383139733e-09,3.4091126383139733e-09,6.1167013978173485e-09,2.3746708740331565e-08
5.858976627312189,3.4091126383139733e-09,3.4091126383139733e-09,5.7169883915446644e-09,2.170965676968314e-08
5.865943305822667,3.4091126383139733e-09,3.4091126383139733e-09,5.296946835658087e-09,1.9860170952056435e-08
5.872909984333145,3.4091126383139733e-09,3.4091126383139733e-09,4.8635081493746284e-09,1.8181006982548946e-08
5.879876662843624,3.4091126383139733e-09,3.4091126383139733e-09,4.4231110343904574e-09,1.665635649886417e-08
5.886843341354102,3.4091126383139733e-09,3.4091126383139733e-09,3.981700927305763e-09,1.527176939998467e-08
5.89381001986458,3.4091126383139733e-09,3.4091126383139733e-09,3.5447400680771897e-09,1.4014069619603361e-08
5.900776698375059,3.4091126383139733e-09,3.4091126383139733e-09,3.1172251366263247e-09,1.287126771356108e-08
5.907743376885536,3.4091126383139733e-09,3.4091126383139733e-09,2.70370991478715e-09,1.1832473152109998e-08
5.914710055396015,3.4091126383139733e-09,3.4091126383139733e-09,2.3083311184112103e-09,1.0887808163163129e-08
5.921676733906493,3.4091126383139733e-09,3.4091126383139733e-09,1.93483594819839e-09,1.0028324515146287e-08
5.928643412416972,3.4091126383139733e-09,3.4091126383139733e-09,1.586610246109374e-09,9.245924270705142e-09
5.935610090927449,3.4091126383139733e-09,3.4091126383139733e-09,1.2667064828989255e-09,8.533285043738547e-09
5.9425767694379275,3.4091126383139733e-09,3.4091126383139733e-09,9.778710171766258e-10,7.883790045386875e-09
5.949543447948407,3.4091126383139733e-09,3.4091126383139733e-09,7.22570201775879e-10,7.291463178787643e-09
5.956510126458884,3.4091126383139733e-09,3.4091126383139733e-09,5.030151107131933e-10,6.7509090633562756e-09
5.963476804969362,3.4091126383139733e-09,3.4091126383139733e-09,3.211847254058112e-10,6.257257904540853e-09
5.9704434834798406,3.4091126383139733e-09,3.4091126383139733e-09,1.7884750570396576e-10,5.806115038831165e-09
5.977410161990319,3.4091126383139733e-09,3.4091126383139733e-09,7.758133742304839e-11,5.393514869555927e-09
5.984376840500797,3.4091126383139733e-09,3.4091126383139733e-09,1.8791877085932374e-11,5.0158789554660785e-09
5.991343519011275,3.4091126383139733e-09,3.4091126383139733e-09,3.729350286040964e-12,4.669977965801914e-09
5.998310197521753,3.4091126383139733e-09,3.4091126383139733e-09,3.350387851595575e-11,4.3528972039681505e-09
6.005276876032232,3.4091126383139733e-09,3.4091126383139733e-09,1.0909941961808967e-10,4.062005422880464e-09
6.01224355454271,3.4091126383139733e-09,3.4091126383139733e-09,2.3138641513340748e-10,3.79492666220235e-09
6.0192102330531885,3.4091126383139733e-09,3.4091126383139733e-09,4.0113323869687383e-10,3.5495148308637104e-09
6.026176911563667,3.4091126383139733e-09,3.4091126383139733e-09,6.190165404446923e-10,3.323830803371875e-09
6.033143590074144,3.4091126383139733e-09,3.4091126383139733e-09,8.856305791652244e-10,3.1161217907013707e-09
6.040110268584623,3.4091126383139733e-09,3.4091126383139733e-09,1.2014956298501633e-09,2.924802773137685e-09
6.047076947095101,3.4091126383139733e-09,3.4091126383139733e-09,1.5670655501993175e-09,2.7484397982506913e-09
6.05404362560558,3.4091126383139733e-09,3.4091126383139733e-09,1.9827345837576714e-09,2.5857349632547085e-09
6.061010304116057,3.4091126383139733e-09,3.4091126383139733e-09,2.448843471424788e-09,2.435512913682365e-09
6.0679769826265355,3.4091126383139733e-09,3.4091126383139733e-09,2.9656849385786135e-09,2.2967087107600903e-09
6.074943661137015,3.4091126383139733e-09,3.4091126383139733e-09,3.533508618746108e-09,2.1683569284148067e-09
6.081910339647492,3.4091126383139733e-09,3.4091126383139733e-09,4.152525469167193e-09,2.049581856749361e-09
6.088877018157971,3.4091126383139733e-09,3.4091126383139733e-09,4.822911729721763e-09,1.9395886995459497e-09
6.095843696668449,3.4091126383139733e-09,3.4091126383139733e-09,5.544812471349838e-09,1.8376556647645878e-09
6.102810375178927,3.4091126383139733e-09,3.4091126383139733e-09,6.318344774895332e-09,1.743126856805353e-09
6.109777053689405,3.4091126383139733e-09,3.4091126383139733e-09,7.143600578982528e-09,1.655405888334129e-09
6.116743732199883,3.4091126383139733e-09,3.4091126383139733e-09,8.020649230350675e-09,1.573950138212296e-09
6.123710410710361,3.4091126383139733e-09,3.4091126383139733e-09,8.949539767768108e-09,1.4982655886971308e-09
6.13067708922084,3.4091126383139733e-09,3.4091126383139733e-09,9.930302966212666e-09,1.4279021830010317e-09
6.137643767731318,3.4091126383139733e-09,3.4091126383139733e-09,1.0962953166739794e-08,1.3624496495485532e-09
6.1446104462417965,3.4091126383139733e-09,3.4091126383139733e-09,1.2047489914414162e-08,1.3015337447768763e-09
6.151577124752275,3.4091126383139733e-09,3.4091126383139733e-09,1.3183899423247741e-08,1.2448128713777642e-09
6.158543803262752,3.4091126383139733e-09,3.4091126383139733e-09,1.4372155886432729e-08,1.1919750343955834e-09
6.165510481773231,3.4091126383139733e-09,3.4091126383139733e-09,1.561222264856207e-08,1.1427351000948315e-09
6.172477160283709,3.4091126383139733e-09,3.4091126383139733e-09,1.6904053252772433e-08,1.0968323262491428e-09
6.179443838794188,3.4091126383139733e-09,3.4091126383139733e-09,1.8247592376748954e-08,1.0540281367347839e-09
6.186410517304665,3.4091126383139733e-09,3.4091126383139733e-09,1.964277666821567e-08,1.014104115564514e-09
6.193377195815144,3.4091126383139733e-09,3.4091126383139733e-09,2.108953549070286e-08,9.768601980513663e-10
6.200343874325623,3.4091126383139733e-09,3.4091126383139733e-09,2.2587791588794336e-08,9.421130390125549e-10
6.2073105528361,3.4091126383139733e-09,3.4091126383139733e-09,2.4137461680419414e-08,9.096945400133304e-10
6.214277231346579,3.4091126383139733e-09,3.4091126383139733e-09,2.573845698368205e-08,8.794505202417617e-10
6.221243909857057,3.4091126383139733e-09,3.4091126383139733e-09,2.739068368581851e-08,8.512395166399554e-10
6.228210588367535,3.4091126383139733e-09,3.4091126383139733e-09,2.9094043358240776e-08,8.249316996497564e-10
6.235177266878013,3.4091126383139733e-09,3.4091126383139733e-09,3.0848433324509044e-08,8.004078938120954e-10
6.2421439453884915,3.4091126383139733e-09,3.4091126383139733e-09,3.265374698484594e-08,7.77558692739001e-10
6.249110623898969,3.4091126383139733e-09,3.4091126383139733e-09,3.450987410166031e-08,7.562836592712332e-10
6.256077302409448,3.4091126383139733e-09,3.4091126383139733e-09,3.641670104994189e-08,7.364906024647633e-10
6.263043980919926,3.4091126383139733e-09,3.4091126383139733e-09,3.837411103563826e-08,7.180949239176897e-10
6.270010659430405,3.4091126383139733e-09,3.4091126383139733e-09,4.038198428441411e-08,7.010190267417797e-10
6.276977337940883,3.4091126383139733e-09,3.4091126383139733e-09,4.244019820385987e-08,6.851917817602863e-10
6.28394401645136,3.4091126383139733e-09,3.4091126383139733e-09,4.4548627521788516e-08,6.705480452578788e-10
6.290910694961839,3.4091126383139733e-09,3.4091126383139733e-09,4.6707144401252784e-08,6.570282232660798e-10
6.297877373472317,3.4091126383139733e-09,3.4091126383139733e-09,4.891561853543721e-08,6.445778785250416e-10
6.304844051982796,3.4091126383139733e-09,3.4091126383139733e-09,5.1173917222960634e-08,6.331473762188574e-10
6.311810730493273,3.4091126383139733e-09,3.4091126383139733e-09,5.348190542507516e-08,6.22691565146241e-10
6.318777409003752,3.4091126383139733e-09,3.4091126383139733e-09,5.583944580602574e-08,6.131694912674869e-10
6.325744087514231,3.4091126383139733e-09,3.4091126383139733e-09,5.824639875749846e-08,6.045441409102855e-10
6.332710766024708,3.4091126383139733e-09,3.4091126383139733e-09,6.070262240778608e-08,5.967822112278505e-10
6.339677444535187,3.4091126383139733e-09,3.4091126383139733e-09,6.320797261597775e-08,5.898539057953259e-10
6.346644123045665,3.4091126383139733e-09,3.4091126383139733e-09,6.576230295183317e-08,5.837327538444266e-10
6.353610801556143,3.4091126383139733e-09,3.4091126383139733e-09,6.836546466204697e-08,5.783954511352939e-10
6.360577480066621,3.4091126383139733e-09,3.4091126383139733e-09,7.101730662233302e-08,5.738217209971108e-10
6.3675441585770995,3.4091126383139733e-09,3.4091126383139733e-09,7.371767527598067e-08,5.699941945751526e-10
6.374510837087577,3.4091126383139733e-09,3.4091126383139733e-09,7.646641455841837e-08,5.668983091098112e-10
6.381477515598056,3.4091126383139733e-09,3.4091126383139733e-09,7.926336580767768e-08,5.645222233961039e-10
6.388444194108534,3.4091126383139733e-09,3.4091126383139733e-09,8.210836766051155e-08,5.628567496813292e-10
6.395410872619013,3.4091126383139733e-09,3.4091126383139733e-09,8.500125593377541e-08,5.618953014068966e-10
6.402377551129491,3.4091126383139733e-09,3.4091126383139733e-09,8.794186349050672e-08,5.616338563416406e-10
6.409344229639968,3.4091126383139733e-09,3.4091126383139733e-09,9.093002008974419e-08,5.620709348246845e-10
6.4163109081504475,3.4091126383139733e-09,3.4091126383139733e-09,9.396555221921652e-08,5.632075929873514e-10
6.423277586660925,3.4091126383139733e-09,3.4091126383139733e-09,9.704828291065875e-08,5.650474307737704e-10
6.430244265171404,3.4091126383139733e-09,3.4091126383139733e-09,1.0017803153590381e-07,5.675966149200054e-10
6.437210943681881,3.4091126383139733e-09,3.4091126383139733e-09,1.0335461358279068e-07,5.708639170478744e-10
6.44417762219236,3.4091126383139733e-09,3.4091126383139733e-09,1.0657784040938756e-07,5.748607672057517e-10
6.451144300702839,3.4091126383139733e-09,3.4091126383139733e-09,1.0984751897497415e-07,5.796013233070351e-10
6.458110979213316,3.4091126383139733e-09,3.4091126383139733e-09,1.1316345154610361e-07,5.851025570439174e-10
6.465077657723795,3.4091126383139733e-09,3.4091126383139733e-09,1.1652543537586041e-07,5.913843569838442e-10
6.472044336234273,3.4091126383139733e-09,3.4091126383139733e-09,1.1993326235347015e-07,5.984696496903251e-10
6.479011014744751,3.4091126383139733e-09,3.4091126383139733e-09,1.2338671862253992e-07,6.063845399505876e-10
6.485977693255229,3.4091126383139733e-09,3.4091126383139733e-09,1.268855841650323e-07,6.151584712537087e-10
6.492944371765708,3.4091126383139733e-09,3.4091126383139733e-09,1.3042963234781957e-07,6.248244078721879e-10
6.499911050276186,3.4091126383139733e-09,3.4091126383139733e-09,1.3401862942863306e-07,6.354190400788059e-10
6.506877728786664,3.4091126383139733e-09,3.4091126383139733e-09,1.3765233401764114e-07,6.469830142834336e-10
6.513844407297142,3.4091126383139733e-09,3.4091126383139733e-09,1.4133049649066248e-07,6.595611900860644e-10
6.520811085807621,3.4091126383139733e-09,3.4091126383139733e-09,1.450528583498202e-07,6.732029264658603e-10
6.527777764318099,3.4091126383139733e-09,3.4091126383139733e-09,1.488191515265434e-07,6.879623995193455e-10
6.534744442828576,3.4091126383139733e-09,3.4091126383139733e-09,1.5262909762055915e-07,7.038989545710567e-10
6.5417111213390555,3.4091126383139733e-09,3.4091126383139733e-09,1.5648240707080677e-07,7.210774958783575e-10
6.548677799849533,3.4091126383139733e-09,3.4091126383139733e-09,1.603787782497594e-07,7.395689173252511e-10
6.555644478360012,3.4091126383139733e-09,3.4091126383139733e-09,1.6431789647493407e-07,7.594505779137481e-10
6.5626111568704895,3.4091126383139733e-09,3.4091126383139733e-09,1.682994329290738e-07,7.808068263847606e-10
6.569577835380968,3.4091126383139733e-09,3.4091126383139733e-09,1.723230434797981e-07,8.037295798451308e-10
6.576544513891447,3.4091126383139733e-09,3.4091126383139733e-09,1.763883673890245e-07,8.283189617625313e-10
6.583511192401924,3.4091126383139733e-09,3.4091126383139733e-09,1.804950259019915e-07,8.546840052140407e-10
6.5904778709124034,3.4091126383139733e-09,3.4091126383139733e-09,1.846426207020634e-07,8.829434276795762e-10
6.597444549422881,3.4091126383139733e-09,3.4091126383139733e-09,1.8883073221852242e-07,9.13226485180319e-10
6.604411227933359,3.4091126383139733e-09,3.4091126383139733e-09,1.9305891777372174e-07,9.45673913760173e-10
6.611377906443837,3.4091126383139733e-09,3.4091126383139733e-09,1.9732670955062224e-07,9.80438967393776e-10
6.618344584954316,3.4091126383139733e-09,3.4091126383139733e-09,2.0163361236497457e-07,1.0176885621389081e-09
6.625311263464794,3.4091126383139733e-09,3.4091126383139733e-09,2.0597910122036805e-07,1.0576045379124181e-09
6.632277941975272,3.4091126383139733e-09,3.4091126383139733e-09,2.1036261862307493e-07,1.1003850505179212e-09
6.6392446204857505,3.4091126383139733e-09,3.4091126383139733e-09,2.1478357163257083e-07,1.1462461078204391e-09
6.646211298996229,3.4091126383139733e-09,3.4091126383139733e-09,2.1924132862229422e-07,1.1954232652870294e-09
6.653177977506707,3.4091126383139733e-09,3.4091126383139733e-09,2.2373521571442716e-07,1.2481734972638841e-09
6.660144656017185,3.4091126383139733e-09,3.4091126383139733e-09,2.2826451285946952e-07,1.3047772645094588e-09
6.667111334527664,3.4091126383139733e-09,3.4091126383139733e-09,2.3282844952129445e-07,1.3655407983868862e-09
6.674078013038141,3.4091126383139733e-09,3.4091126383139733e-09,2.3742619992325064e-07,1.4307986253988655e-09
6.68104469154862,3.4091126383139733e-09,3.4091126383139733e-09,2.4205687781415683e-07,1.50091635769871e-09
6.6880113700590975,3.4091126383139733e-09,3.4091126383139733e-09,2.467195306980112e-07,1.5762937791009877e-09
6.694978048569576,3.4091126383139733e-09,3.4091126383139733e-09,2.514131334685081e-07,1.6573682592818961e-09
6.701944727080055,3.4091126383139733e-09,3.4091126383139733e-09,2.5613658138721645e-07,1.7446185321942055e-09
6.708911405590532,3.4091126383139733e-09,3.4091126383139733e-09,2.608886823401318e-07,1.8385688779047765e-09
6.7158780841010115,3.4091126383139733e-09,3.4091126383139733e-09,2.656681482787701e-07,1.9397937503877384e-09
6.722844762611489,3.4091126383139733e-09,3.4091126383139733e-09,2.704735857774189e-07,2.048922904340309e-09
6.729811441121967,3.4091126383139733e-09,3.4091126383139733e-09,2.7530348559273796e-07,2.1666470728056673e-09
6.736778119632445,3.4091126383139733e-09,3.4091126383139733e-09,2.801562111279414e-07,2.293724256159776e-09
6.743744798142924,3.4091126383139733e-09,3.4091126383139733e-09,2.85029985688892e-07,2.4309866879057504e-09
6.750711476653402,3.4091126383139733e-09,3.4091126383139733e-09,2.8992287838957555e-07,2.579348551779045e-09
6.75767815516388,3.4091126383139733e-09,3.4091126383139733e-09,2.9483278855979757e-07,2.7398145321878352e-09
6.7646448336743585,3.4091126383139733e-09,3.4091126383139733e-09,2.9975742850422746e-07,2.913489288030599e-09
6.771611512184837,3.4091126383139733e-09,3.4091126383139733e-09,3.04694304445386e-07,3.1015879420984867e-09
6.778578190695315,3.4091126383139733e-09,3.4091126383139733e-09,3.0964069542938884e-07,3.305447695966719e-09
6.785544869205793,3.4091126383139733e-09,3.4091126383139733e-09,3.1459363001767345e-07,3.526540691975332e-09
6.792511547716272,3.4091126383139733e-09,3.4091126383139733e-09,3.195498604786834e-07,3.766488246889967e-09
6.799478226226749,3.4091126383139733e-09,3.4091126383139733e-09,3.245058342889788e-07,4.02707659196088e-09
6.806444904737228,3.4091126383139733e-09,3.4091126383139733e-09,3.2945766264378536e-07,4.310274267921929e-09
6.813411583247706,3.4091126383139733e-09,3.4091126383139733e-09,3.3440108565038985e-07,4.6182513387780495e-09
6.820378261758185,3.4091126383139733e-09,3.4091126383139733e-09,3.393314338760557e-07,4.9534006008779555e-09
6.827344940268663,3.4091126383139733e-09,3.4091126383139733e-09,3.442435859450596e-07,5.318360962565531e-09
6.83431161877914,3.4091126383139733e-09,3.4091126383139733e-09,3.4913192182586267e-07,5.716043147246944e-09
6.84127829728962,3.4091126383139733e-09,3.4091126383139733e-09,3.5399027138120473e-07,6.149657968287358e-09
6.848244975800097,3.4091126383139733e-09,3.4091126383139733e-09,3.5881185769339746e-07,6.622747344535191e-09
6.855211654310575,3.4091126383139733e-09,3.4091126383139733e-09,3.6358923485790347e-07,7.139218246528825e-09
6.8621783328210535,3.4091126383139733e-09,3.4091126383139733e-09,3.683142198845568e-07,7.703379731732135e-09
6.869145011331532,3.4091126383139733e-09,3.4091126383139733e-09,3.729778181618242e-07,8.319983245928044e-09
6.87611168984201,3.4091126383139733e-09,3.4091126383139733e-09,3.77570141969249e-07,8.994266355032874e-09
6.883078368352488,3.4091126383139733e-09,3.4091126383139733e-09,3.8208032160034454e-07,9.73200003985028e-09
6.890045046862967,3.4091126383139733e-09,3.4091126383139733e-09,3.864964094342555e-07,1.0539539356092217e-08
6.897011725373445,3.4091126383139733e-09,3.4091126383139733e-09,3.908052760741344e-07,1.1423877575355893e-08
6.903978403883923,3.4091126383139733e-09,3.4091126383139733e-09,3.949924983830457e-07,1.2392703662725866e-08
6.910945082394401,3.4091126383139733e-09,3.4091126383139733e-09,3.9904223993942225e-07,1.345446258743736e-08
6.91791176090488,3.4091126383139733e-09,3.4091126383139733e-09,4.0293712407733864e-07,1.4618417963103896e-08
6.924878439415357,3.4091126383139733e-09,3.4091126383139733e-09,4.0665809984094384e-07,1.5894716264276106e-08
6.931845117925836,3.4091126383139733e-09,3.4091126383139733e-09,4.101843020408713e-07,1.7294451428696173e-08
6.938811796436314,3.4091126383139733e-09,3.4091126383139733e-09,4.134929073648155e-07,1.882972814357994e-08
6.945778474946793,3.4091126383139733e-09,3.4091126383139733e-09,4.165589878749602e-07,2.0513721961675665e-08
6.952745153457271,3.4091126383139733e-09,3.4091126383139733e-09,4.193553655670976e-07,2.2360733330853235e-08
6.9597118319677485,3.4091126383139733e-09,3.4091126383139733e-09,4.218524717351863e-07,2.43862321164653e-08
6.966678510478228,3.4091126383139733e-09,3.4091126383139733e-09,4.2401821590227516e-07,2.6606888315713487e-08
6.973645188988705,3.4091126383139733e-09,3.4091126383139733e-09,4.2581787175969336e-07,2.9040583297497255e-08
6.980611867499184,3.4091126383139733e-09,3.4091126383139733e-09,4.272139874215199e-07,3.170639511387113e-08
6.9875785460096616,3.4091126383139733e-09,3.4091126383139733e-09,4.2816633075416344e-07,3.462454965856085e-08
6.99454522452014,3.4091126383139733e-09,3.4091126383139733e-09,4.286318822267038e-07,3.78163280732873e-08
7.001511903030618,3.4091126383139733e-09,3.4091126383139733e-09,4.285648890946446e-07,4.130391932779876e-08
7.008478581541096,3.4091126383139733e-09,3.4091126383139733e-09,4.2791699987037347e-07,4.5110204738619206e-08
7.015445260051575,3.4091126383139733e-09,3.4091126383139733e-09,4.26637497666984e-07,4.925846018035245e-08
7.022411938562053,3.4091126383139733e-09,3.4091126383139733e-09,4.2467365563907373e-07,5.377195991173567e-08
7.029378617072531,3.4091126383139733e-09,3.4091126383139733e-09,4.219712393304022e-07,5.867346523473939e-08
7.0363452955830095,3.4091126383139733e-09,3.4091126383139733e-09,4.184751814786768e-07,6.398458090114444e-08
7.043311974093488,3.4091126383139733e-09,3.4091126383139733e-09,4.141304569573131e-07,6.972496318681021e-08
7.050278652603965,3.4091126383139733e-09,3.4091126383139733e-09,4.0888318239731165e-07,7.59113659734838e-08
7.057245331114444,3.4091126383139733e-09,3.4091126383139733e-09,4.0268196234214496e-07,8.255651586692183e-08
7.064212009624922,3.4091126383139733e-09,3.4091126383139733e-09,3.954794970300981e-07,8.966781475123269e-08
7.071178688135401,3.4091126383139733e-09,3.4091126383139733e-09,3.8723445723187016e-07,9.724587804169895e-08
7.078145366645879,3.4091126383139733e-09,3.4091126383139733e-09,3.7791361320396215e-07,1.0528293259041963e-07
7.0851120451563565,3.4091126383139733e-09,3.4091126383139733e-09,3.6749418960291426e-07,1.1376111445083755e-07
7.092078723666836,3.4091126383139733e-09,3.4091126383139733e-09,3.559663880809377e-07,1.2265073010696579e-07
7.099045402177313,3.4091126383139733e-09,3.4091126383139733e-09,3.433359933151224e-07,1.3190856879089059e-07
7.106012080687792,3.4091126383139733e-09,3.4091126383139733e-09,3.2962694065632754e-07,1.4147638027117968e-07
7.11297875919827,3.4091126383139733e-09,3.4091126383139733e-09,3.148836932978487e-07,1.5127965735096753e-07
7.119945437708748,3.4091126383139733e-09,3.4091126383139733e-09,2.9917324253364315e-07,1.6122688334695422e-07
7.126912116219226,3.4091126383139733e-09,3.4091126383139733e-09,2.825865229454174e-07,1.7120941644985712e-07
7.133878794729704,3.4091126383139733e-09,3.4091126383139733e-09,2.652390213544225e-07,1.8110218009635494e-07
7.140845473240184,3.4091126383139733e-09,3.4091126383139733e-09,2.4727037071862374e-07,1.9076530748717754e-07
7.147812151750661,3.4091126383139733e-09,3.4091126383139733e-09,2.2884275106855178e-07,2.0004684599626836e-07
7.154778830261139,3.4091126383139733e-09,3.4091126383139733e-09,2.1013798297988068e-07,2.0878655592260994e-07
7.1617455087716175,3.4091126383139733e-09,3.4091126383139733e-09,1.9135328714625756e-07,2.1682075210524353e-07
7.168712187282096,3.4091126383139733e-09,3.4091126383139733e-09,1.726957982796028e-07,2.239880267031442e-07
7.175678865792573,3.4091126383139733e-09,3.4091126383139733e-09,1.5437604009466177e-07,2.3013558558984155e-07
7.182645544303052,3.4091126383139733e-09,3.4091126383139733e-09,1.366007024722888e-07,2.3512582216119442e-07
7.18961222281353,3.4091126383139733e-09,3.4091126383139733e-09,1.1956515379109889e-07,2.388426846959791e-07
7.196578901324009,3.4091126383139733e-09,3.4091126383139733e-09,1.0344619596064976e-07,2.4119735296926853e-07
7.203545579834487,3.4091126383139733e-09,3.4091126383139733e-09,8.839558439496095e-08,2.4213276154966564e-07
7.210512258344965,3.4091126383139733e-09,3.4091126383139733e-09,7.453479049805108e-08,2.4162657985313196e-07
7.217478936855444,3.4091126383139733e-09,3.4091126383139733e-09,6.195138669349236e-08,2.3969238231771773e-07
7.224445615365921,3.4091126383139733e-09,3.4091126383139733e-09,5.069728918613588e-08,2.363789046151037e-07
7.2314122938764,3.4091126383139733e-09,3.4091126383139733e-09,4.078892192401474e-08,2.31767453430703e-07
7.238378972386878,3.4091126383139733e-09,3.4091126383139733e-09,3.2209193003348407e-08,2.2596770327133902e-07
7.245345650897356,3.4091126383139733e-09,3.4091126383139733e-09,2.491102144370546e-08,2.1911224801163446e-07
7.252312329407834,3.4091126383139733e-09,3.4091126383139733e-09,1.8822040324428684e-08,2.1135035820411702e-07
7.2592790079183125,3.4091126383139733e-09,3.4091126383139733e-09,1.3850040309778873e-08,2.0284142646716767e-07
7.266245686428792,3.4091126383139733e-09,3.4091126383139733e-09,9.888708503623501e-09,1.9374855913356377e-07
7.273212364939269,3.4091126383139733e-09,3.4091126383139733e-09,6.823255877927586e-09,1.842327042760298e-07
7.280179043449747,3.4091126383139733e-09,3.4091126383139733e-09,4.535598892773424e-09,1.7444760947367484e-07
7.287145721960226,3.4091126383139733e-09,3.4091126383139733e-09,2.908853420650582e-09,1.6453579224561975e-07
7.294112400470704,3.4091126383139733e-09,3.4091126383139733e-09,1.8309968953081164e-09,1.5462559855610762e-07
7.301079078981181,3.4091126383139733e-09,3.4091126383139733e-09,1.197645239899249e-09,1.4482933065605093e-07
7.30804575749166,3.4091126383139733e-09,3.4091126383139733e-09,9.139666077317066e-10,1.3524235285961257e-07
7.315012436002138,3.4091126383139733e-09,3.4091126383139733e-09,8.958097349902917e-10,1.2594303529519215e-07
7.321979114512617,3.4091126383139733e-09,3.4091126383139733e-09,1.0701601559587318e-09,1.1699336954294227e-07
7.328945793023095,3.4091126383139733e-09,3.4091126383139733e-09,1.3750545370193869e-09,1.084400846013216e-07
7.335912471533573,3.4091126383139733e-09,3.4091126383139733e-09,1.759085471106421e-09,1.0031610033149909e-07
7.342879150044052,3.4091126383139733e-09,3.4091126383139733e-09,2.180620369832752e-09,9.26421746910023e-08
7.349845828554529,3.4091126383139733e-09,3.4091126383139733e-09,2.6068425361978087e-09,8.542862542505346e-08
7.356812507065008,3.4091126383139733e-09,3.4091126383139733e-09,3.012703677579581e-09,7.867703319332337e-08
7.363779185575486,3.4091126383139733e-09,3.4091126383139733e-09,3.3798575004290387e-09,7.238185817724644e-08
7.370745864085964,3.4091126383139733e-09,3.4091126383139733e-09,3.6956255954527233e-09,6.653192476339188e-08
7.377712542596442,3.4091126383139733e-09,3.4091126383139733e-09,3.952030603445143e-09,6.11117477280441e-08
7.3846792211069205,3.4091126383139733e-09,3.4091126383139733e-09,4.144918178241698e-09,5.610268832957912e-08
7.3916458996174,3.4091126383139733e-09,3.4091126383139733e-09,4.2731786477842655e-09,5.148393992564179e-08
7.398612578127877,3.4091126383139733e-09,3.4091126383139733e-09,4.338071311559433e-09,4.723335063257605e-08
7.405579256638355,3.4091126383139733e-09,3.4091126383139733e-09,4.342648676327005e-09,4.3328095670702105e-08
7.412545935148834,3.4091126383139733e-09,3.4091126383139733e-09,4.291274223770522e-09,3.97452149241353e-08
7.419512613659312,3.4091126383139733e-09,3.4091126383139733e-09,4.189225099006591e-09,3.646203248634823e-08
7.426479292169789,3.4091126383139733e-09,3.4091126383139733e-09,4.042370059088711e-09,3.345647497978515e-08
7.4334459706802685,3.4091126383139733e-09,3.4091126383139733e-09,3.856912775644041e-09,3.070730465539045e-08
7.440412649190746,3.4091126383139733e-09,3.4091126383139733e-09,3.6391909104400856e-09,2.8194281990260582e-08
7.447379327701225,3.4091126383139733e-09,3.4091126383139733e-09,3.3955220411843285e-09,2.5898270952339357e-08
7.454346006211703,3.4091126383139733e-09,3.4091126383139733e-09,3.132088395180144e-09,2.38012984305871e-08
7.461312684722181,3.4091126383139733e-09,3.4091126383139733e-09,2.8548532777536765e-09,2.188657771284209e-08
7.46827936323266,3.4091126383139733e-09,3.4091126383139733e-09,2.5695030544638355e-09,2.01385043275883e-08
7.475246041743137,3.4091126383139733e-09,3.4091126383139733e-09,2.2814094330930194e-09,1.8542631204006215e-08
7.482212720253616,3.4091126383139733e-09,3.4091126383139733e-09,1.9956076739745615e-09,1.708562875326154e-08
7.489179398764094,3.4091126383139733e-09,3.4091126383139733e-09,1.7167870522641622e-09,1.5755234526613598e-08
7.496146077274572,3.4091126383139733e-09,3.4091126383139733e-09,1.4492906086070445e-09,1.4540196024669513e-08
7.50311275578505,3.4091126383139733e-09,3.4091126383139733e-09,1.197121749752024e-09,1.3430209574553563e-08
7.510079434295529,3.4091126383139733e-09,3.4091126383139733e-09,9.639557588618261e-10,1.2415857488080768e-08
7.517046112806008,3.4091126383139733e-09,3.4091126383139733e-09,7.531546985689598e-10,1.1488545094291097e-08
7.524012791316485,3.4091126383139733e-09,3.4091126383139733e-09,5.677844741228756e-10,1.0640439001512676e-08
7.530979469826963,3.4091126383139733e-09,3.4091126383139733e-09,4.106331471320441e-10,9.864407400861976e-09
7.537946148337442,3.4091126383139733e-09,3.4091126383139733e-09,2.842297881022528e-10,9.15396302680985e-09
7.54491282684792,3.4091126383139733e-09,3.4091126383139733e-09,1.9086333156341592e-10,8.503209226275722e-09
7.551879505358398,3.4091126383139733e-09,3.4091126383139733e-09,1.3260105553483245e-10,7.906789344404023e-09
7.5588461838688765,3.4091126383139733e-09,3.4091126383139733e-09,1.113064154918063e-10,7.359839438179022e-09
7.565812862379354,3.4091126383139733e-09,3.4091126383139733e-09,1.2865603641676992e-10,6.857944474753661e-09
7.572779540889833,3.4091126383139733e-09,3.4091126383139733e-09,1.8615575546101732e-10,6.397097840951209e-09
7.579746219400311,3.4091126383139733e-09,3.4091126383139733e-09,2.851556462415217e-10,5.973664079000893e-09
7.586712897910789,3.4091126383139733e-09,3.4091126383139733e-09,4.268639996223993e-10,5.584344705868317e-09
7.593679576421268,3.4091126383139733e-09,3.4091126383139733e-09,6.123602665442184e-10,5.226146955746805e-09
7.600646254931745,3.4091126383139733e-09,3.4091126383139733e-09,8.42606981714026e-10,4.896355220355729e-09
7.6076129334422244,3.4091126383139733e-09,3.4091126383139733e-09,1.1184607117408845e-09,4.592505050911736e-09
7.614579611952702,3.4091126383139733e-09,3.4091126383139733e-09,1.440682073536227e-09,4.312359505561466e-09
7.62154629046318,3.4091126383139733e-09,3.4091126383139733e-09,1.8099448768259337e-09,4.053887665433469e-09
7.628512968973658,3.4091126383139733e-09,3.4091126383139733e-09,2.2268444489117785e-09,3.815245144631754e-09
7.635479647484137,3.4091126383139733e-09,3.4091126383139733e-09,2.6919052004509187e-09,3.594756428603542e-09
7.642446325994616,3.4091126383139733e-09,3.4091126383139733e-09,3.205587487551319e-09,3.390898875516809e-09
7.649413004505093,3.4091126383139733e-09,3.4091126383139733e-09,3.768293829119505e-09,3.2022882414428256e-09
7.6563796830155715,3.4091126383139733e-09,3.4091126383139733e-09,4.3803745318268416e-09,3.027665587030295e-09
7.66334636152605,3.4091126383139733e-09,3.4091126383139733e-09,5.0421327734518615e-09,2.8658854399933646e-09
7.670313040036528,3.4091126383139733e-09,3.4091126383139733e-09,5.753829193179012e-09,2.7159050965660445e-09
7.677279718547006,3.4091126383139733e-09,3.4091126383139733e-09,6.5156860334416485e-09,2.5767749554232268e-09
7.684246397057485,3.4091126383139733e-09,3.4091126383139733e-09,7.327890873482013e-09,2.4476297844360406e-09
7.691213075567962,3.4091126383139733e-09,3.4091126383139733e-09,8.190599993916107e-09,2.3276808325685825e-09
7.698179754078441,3.4091126383139733e-09,3.4091126383139733e-09,9.103941406858844e-09,2.2162087047388492e-09
7.705146432588919,3.4091126383139733e-09,3.4091126383139733e-09,1.0068017583108415e-08,2.112556926023149e-09
7.712113111099398,3.4091126383139733e-09,3.4091126383139733e-09,1.1082907906003627e-08,2.0161261281840884e-09
7.719079789609876,3.4091126383139733e-09,3.4091126383139733e-09,1.2148670878621331e-08,1.9263687978517134e-09
7.726046468120353,3.4091126383139733e-09,3.4091126383139733e-09,1.3265346107650128e-08,1.842784531581094e-09
7.7330131466308325,3.4091126383139733e-09,3.4091126383139733e-09,1.4432956086324688e-08,1.7649157481726203e-09
7.73997982514131,3.4091126383139733e-09,3.4091126383139733e-09,1.565150779597193e-08,1.69234381350678e-09
7.746946503651788,3.4091126383139733e-09,3.4091126383139733e-09,1.692099414394045e-08,1.6246855374792499e-09
7.753913182162266,3.4091126383139733e-09,3.4091126383139733e-09,1.824139525383735e-08,1.5615900067396993e-09
7.760879860672745,3.4091126383139733e-09,3.4091126383139733e-09,1.961267962292027e-08,1.5027357202809863e-09
7.767846539183224,3.4091126383139733e-09,3.4091126383139733e-09,2.10348051593073e-08,1.447827998230642e-09
7.774813217693701,3.4091126383139733e-09,3.4091126383139733e-09,2.2507720110811072e-08,1.3965966375065425e-09
7.7817798962041795,3.4091126383139733e-09,3.4091126383139733e-09,2.4031363896075727e-08,1.3487937901173974e-09
7.788746574714658,3.4091126383139733e-09,3.4091126383139733e-09,2.5605667847336027e-08,1.304192042506755e-09
7.795713253225136,3.4091126383139733e-09,3.4091126383139733e-09,2.7230555873257337e-08,1.2625826766318539e-09
7.802679931735614,3.4091126383139733e-09,3.4091126383139733e-09,2.8905945049526896e-08,1.2237740952629154e-09
7.809646610246093,3.4091126383139733e-09,3.4091126383139733e-09,3.06317461441177e-08,1.1875903956789486e-09
7.81661328875657,3.4091126383139733e-09,3.4091126383139733e-09,3.240786408296042e-08,1.1538700775821149e-09
7.823579967267049,3.4091126383139733e-09,3.4091126383139733e-09,3.423419836189719e-08,1.1224648727658463e-09
7.8305466457775275,3.4091126383139733e-09,3.4091126383139733e-09,3.611064340942761e-08,1.093238684744173e-09
7.837513324288006,3.4091126383139733e-09,3.4091126383139733e-09,3.803708890478627e-08,1.0660666282083803e-09
7.844480002798484,3.4091126383139733e-09,3.4091126383139733e-09,4.0013420055010704e-08,1.040834159062006e-09
7.851446681308961,3.4091126383139733e-09,3.4091126383139733e-09,4.203951783452886e-08,1.0174362867064805e-09
7.858413359819441,3.4091126383139733e-09,3.4091126383139733e-09,4.4115259190314534e-08,9.957768610500807e-10
7.865380038329918,3.4091126383139733e-09,3.4091126383139733e-09,4.624051721499531e-08,9.757679275095353e-10
7.872346716840397,3.4091126383139733e-09,3.4091126383139733e-09,4.841516129055006e-08,9.573291441725653e-10
7.8793133953508745,3.4091126383139733e-09,3.4091126383139733e-09,5.063905720435655e-08,9.40387255507824e-10
7.886280073861353,3.4091126383139733e-09,3.4091126383139733e-09,5.291206723948869e-08,9.248756178684251e-10
7.893246752371832,3.4091126383139733e-09,3.4091126383139733e-09,5.523405024061093e-08,9.10733772482423e-10
7.900213430882309,3.4091126383139733e-09,3.4091126383139733e-09,5.760486165671981e-08,8.979070620805954e-10
7.907180109392788,3.4091126383139733e-09,3.4091126383139733e-09,6.002435356187485e-08,8.863462876958325e-10
7.914146787903266,3.4091126383139733e-09,3.4091126383139733e-09,6.249237465467165e-08,8.760074025493067e-10
7.921113466413744,3.4091126383139733e-09,3.4091126383139733e-09,6.500877023689818e-08,8.668512403224755e-10
7.928080144924222,3.4091126383139733e-09,3.4091126383139733e-09,6.757338217206238e-08,8.588432755724546e-10
7.935046823434701,3.4091126383139733e-09,3.4091126383139733e-09,7.018604882389631e-08,8.519534139828448e-10
7.942013501945178,3.4091126383139733e-09,3.4091126383139733e-09,7.284660497494135e-08,8.461558107586063e-10
7.948980180455657,3.4091126383139733e-09,3.4091126383139733e-09,7.555488172511185e-08,8.414287155715234e-10
7.9559468589661355,3.4091126383139733e-09,3.4091126383139733e-09,7.831070636998856e-08,8.377543427210488e-10
7.962913537476614,3.4091126383139733e-09,3.4091126383139733e-09,8.111390225845459e-08,8.351187653899886e-10
7.969880215987092,3.4091126383139733e-09,3.4091126383139733e-09,8.3964288629024e-08,8.335118330845865e-10
7.9768468944975695,3.4091126383139733e-09,3.4091126383139733e-09,8.686168042410638e-08,8.329271115662726e-10
7.983813573008049,3.4091126383139733e-09,3.4091126383139733e-09,8.980588808133608e-08,8.33361844737838e-10
7.990780251518526,3.4091126383139733e-09,3.4091126383139733e-09,9.27967173007879e-08,8.348169381497102e-10
7.997746930029005,3.4091126383139733e-09,3.4091126383139733e-09,9.583396878679801e-08,8.372969639674739e-10
8.004713608539483,3.4091126383139733e-09,3.4091126383139733e-09,9.891743796290456e-08,8.408101874215768e-10
8.01168028704996,3.4091126383139733e-09,3.4091126383139733e-09,1.0204691465819972e-07,8.453686149229101e-10
8.018646965560439,3.4091126383139733e-09,3.4091126383139733e-09,1.0522218276311603e-07,8.509880642155948e-10
8.025613644070917,3.4091126383139733e-09,3.4091126383139733e-09,1.0844301985255114e-07,8.576882571261994e-10
8.032580322581396,3.4091126383139733e-09,3.4091126383139733e-09,1.1170919677385852e-07,8.654929356299144e-10
8.039547001091874,3.4091126383139733e-09,3.4091126383139733e-09,1.1502047719699729e-07,8.744300021646867e-10
8.046513679602352,3.4091126383139733e-09,3.4091126383139733e-09,1.183766171238773e-07,8.845316853314247e-10
8.05348035811283,3.4091126383139733e-09,3.4091126383139733e-09,1.2177736435354974e-07,8.95834732299467e-10
8.060447036623309,3.4091126383139733e-09,3.4091126383139733e-09,1.2522245789952053e-07,9.083806294829776e-10
8.067413715133787,3.4091126383139733e-09,3.4091126383139733e-09,1.287116273551801e-07,9.222158533085116e-10
8.074380393644265,3.4091126383139733e-09,3.4091126383139733e-09,1.3224459220280892e-07,9.373921531062819e-10
8.081347072154744,3.4091126383139733e-09,3.4091126383139733e-09,1.3582106106117504e-07,9.539668684751516e-10
8.088313750665222,3.4091126383139733e-09,3.4091126383139733e-09,1.3944073086629406e-07,9.72003283773039e-10
8.0952804291757,3.4091126383139733e-09,3.4091126383139733e-09,1.431032859792507e-07,9.915710226572463e-10
8.102247107686178,3.4091126383139733e-09,3.4091126383139733e-09,1.4680839721442984e-07,1.0127464860353013e-09
8.109213786196657,3.4091126383139733e-09,3.4091126383139733e-09,1.5055572078082735e-07,1.035613337123924e-09
8.116180464707135,3.4091126383139733e-09,3.4091126383139733e-09,1.5434489712829796e-07,1.0602630377462194e-09
8.123147143217613,3.4091126383139733e-09,3.4091126383139733e-09,1.58175549689816e-07,1.0867954405058284e-09
8.13011382172809,3.4091126383139733e-09,3.4091126383139733e-09,1.620472835098827e-07,1.1153194419360659e-09
8.13708050023857,3.4091126383139733e-09,3.4091126383139733e-09,1.659596837482063e-07,1.1459537023338954e-09
8.144047178749048,3.4091126383139733e-09,3.4091126383139733e-09,1.6991231404661092e-07,1.178827438629808e-09
8.151013857259526,3.4091126383139733e-09,3.4091126383139733e-09,1.7390471474604742e-07,1.2140812972590355e-09
8.157980535770005,3.4091126383139733e-09,3.4091126383139733e-09,1.7793640093892613e-07,1.2518683148634062e-09
8.164947214280481,3.4091126383139733e-09,3.4091126383139733e-09,1.8200686034077527e-07,1.2923549755028265e-09
8.171913892790961,3.4091126383139733e-09,3.4091126383139733e-09,1.8611555096335416e-07,1.3357223738059186e-09
8.178880571301438,3.4091126383139733e-09,3.4091126383139733e-09,1.9026189856959936e-07,1.3821674947737683e-09
8.185847249811918,3.4091126383139733e-09,3.4091126383139733e-09,1.944452938885032e-07,1.4319046220070188e-09
8.192813928322394,3.4091126383139733e-09,3.4091126383139733e-09,1.98665089566341e-07,1.485166887228809e-09
8.199780606832872,3.4091126383139733e-09,3.4091126383139733e-09,2.0292059682740098e-07,1.5422079755665951e-09
8.206747285343353,3.4091126383139733e-09,3.4091126383139733e-09,2.0721108181477072e-07,1.6033040026909582e-09
8.213713963853829,3.4091126383139733e-09,3.4091126383139733e-09,2.1153576157964474e-07,1.6687555812914464e-09
8.220680642364309,3.4091126383139733e-09,3.4091126383139733e-09,2.1589379968232668e-07,1.7388900962413573e-09
8.227647320874786,3.4091126383139733e-09,3.4091126383139733e-09,2.2028430136654387e-07,1.8140642105127192e-09
8.234613999385264,3.4091126383139733e-09,3.4091126383139733e-09,2.247063082622226e-07,1.894666625449726e-09
8.241580677895742,3.4091126383139733e-09,3.4091126383139733e-09,2.2915879257051704e-07,1.9811211215977352e-09
8.24854735640622,3.4091126383139733e-09,3.4091126383139733e-09,2.3364065067594685e-07,2.073889909511403e-09
8.255514034916699,3.4091126383139733e-09,3.4091126383139733e-09,2.3815069612716202e-07,2.173477323051307e-09
8.262480713427177,3.4091126383139733e-09,3.4091126383139733e-09,2.426876519236965e-07,2.28043389006653e-09
8.269447391937655,3.4091126383139733e-09,3.4091126383139733e-09,2.472501420345667e-07,2.3953608193922318e-09
8.276414070448133,3.4091126383139733e-09,3.4091126383139733e-09,2.518366820723345e-07,2.518914948367625e-09
8.283380748958612,3.4091126383139733e-09,3.4091126383139733e-09,2.564456690326526e-07,2.651814197571931e-09
8.29034742746909,3.4091126383139733e-09,3.4091126383139733e-09,2.61075370010107e-07,2.7948435842946023e-09
8.297314105979568,3.4091126383139733e-09,3.4091126383139733e-09,2.657239097800022e-07,2.9488618523656756e-09
8.304280784490047,3.4091126383139733e-09,3.4091126383139733e-09,2.7038925712962794e-07,3.114808781803077e-09
8.311247463000525,3.4091126383139733e-09,3.4091126383139733e-09,2.7506920981927645e-07,3.293713245764006e-09
8.318214141511003,3.4091126383139733e-09,3.4091126383139733e-09,2.7976137803155217e-07,3.4867020863874135e-09
8.325180820021481,3.4091126383139733e-09,3.4091126383139733e-09,2.8446316615945627e-07,3.69500989536333e-09
8.33214749853196,3.4091126383139733e-09,3.4091126383139733e-09,2.8917175275900737e-07,3.919989784191758e-09
8.339114177042438,3.4091126383139733e-09,3.4091126383139733e-09,2.9388406850786716e-07,4.163125236955016e-09
8.346080855552916,3.4091126383139733e-09,3.4091126383139733e-09,2.98596771966571e-07,4.426043146850967e-09
8.353047534063395,3.4091126383139733e-09,3.4091126383139733e-09,3.0330622292074794e-07,4.710528147504007e-09
8.360014212573873,3.4091126383139733e-09,3.4091126383139733e-09,3.0800845308598307e-07,5.018538355843692e-09
8.366980891084351,3.4091126383139733e-09,3.4091126383139733e-09,3.1269913396209683e-07,5.352222631899983e-09
8.37394756959483,3.4091126383139733e-09,3.4091126383139733e-09,3.173735415570734e-07,5.713939494897647e-09
8.380914248105308,3.4091126383139733e-09,3.4091126383139733e-09,3.2202651768964533e-07,6.106277822349515e-09
8.387880926615786,3.4091126383139733e-09,3.4091126383139733e-09,3.2665242762514435e-07,6.53207945625317e-09
8.394847605126264,3.4091126383139733e-09,3.4091126383139733e-09,3.312451137867402e-07,6.994463835063785e-09
8.401814283636742,3.4091126383139733e-09,3.4091126383139733e-09,3.357978451917875e-07,7.49685477988004e-09
8.40878096214722,3.4091126383139733e-09,3.4091126383139733e-09,3.4030326227291145e-07,8.04300956115017e-09
8.415747640657697,3.4091126383139733e-09,3.4091126383139733e-09,3.4475331686612287e-07,8.637050326452312e-09
8.422714319168177,3.4091126383139733e-09,3.4091126383139733e-09,3.4913920725451275e-07,9.2834978868323e-09
8.429680997678654,3.4091126383139733e-09,3.4091126383139733e-09,3.5345130771668697e-07,9.987308002456494e-09
8.436647676189134,3.4091126383139733e-09,3.4091126383139733e-09,3.5767909255395907e-07,1.0753910068227223e-08
8.44361435469961,3.4091126383139733e-09,3.4091126383139733e-09,3.6181105459087085e-07,1.1589248094269551e-08
8.450581033210089,3.4091126383139733e-09,3.4091126383139733e-09,3.658346181103312e-07,1.249982378375237e-08
8.457547711720569,3.4091126383139733e-09,3.4091126383139733e-09,3.697360461426841e-07,1.3492741446200773e-08
8.464514390231045,3.4091126383139733e-09,3.4091126383139733e-09,3.7350034232622084e-07,1.4575754320804238e-08
8.471481068741525,3.4091126383139733e-09,3.4091126383139733e-09,3.7711114874173574e-07,1.5757311404062397e-08
8.478447747252002,3.4091126383139733e-09,3.4091126383139733e-09,3.805506393808891e-07,1.704660420627168e-08
8.48541442576248,3.4091126383139733e-09,3.4091126383139733e-09,3.837994111018277e-07,1.845361206689036e-08
8.492381104272958,3.4091126383139733e-09,3.4091126383139733e-09,3.86836373676323e-07,1.998914449518748e-08
8.499347782783437,3.4091126383139733e-09,3.4091126383139733e-09,3.8963864087861693e-07,2.1664878617966158e-08
8.506314461293917,3.4091126383139733e-09,3.4091126383139733e-09,3.921814257792331e-07,2.3493389171911973e-08
8.513281139804395,3.4091126383139733e-09,3.4091126383139733e-09,3.9443794376316645e-07,2.5488167981964968e-08
8.520247818314871,3.4091126383139733e-09,3.4091126383139733e-09,3.9637932794136484e-07,2.766362911496591e-08
8.52721449682535,3.4091126383139733e-09,3.4091126383139733e-09,3.979745627724566e-07,3.003509508948153e-08
8.534181175335828,3.4091126383139733e-09,3.4091126383139733e-09,3.991904427762801e-07,3.261875866104042e-08
8.541147853846308,3.4091126383139733e-09,3.4091126383139733e-09,3.9999156504248837e-07,3.5431613638551174e-08
8.548114532356784,3.4091126383139733e-09,3.4091126383139733e-09,4.003403653145154e-07,3.849134723335668e-08
8.555081210867263,3.4091126383139733e-09,3.4091126383139733e-09,4.0019720961799993e-07,4.1816185275918406e-08
8.562047889377741,3.4091126383139733e-09,3.4091126383139733e-09,3.9952055457248624e-07,4.542468069015888e-08
8.56901456788822,3.4091126383139733e-09,3.4091126383139733e-09,3.98267191871838e-07,4.933543461537806e-08
8.5759812463987,3.4091126383139733e-09,3.4091126383139733e-09,3.963925932121374e-07,5.356673901439382e-08
8.582947924909176,3.4091126383139733e-09,3.4091126383139733e-09,3.9385137355273664e-07,5.8136129323950454e-08
8.589914603419654,3.4091126383139733e-09,3.4091126383139733e-09,3.9059789082594933e-07,6.30598361267662e-08
8.596881281930132,3.4091126383139733e-09,3.4091126383139733e-09,3.865869998164694e-07,6.835212613176905e-08
8.60384796044061,3.4091126383139733e-09,3.4091126383139733e-09,3.8177497625025145e-07,7.402452525506495e-08
8.610814638951087,3.4091126383139733e-09,3.4091126383139733e-09,3.761206233680755e-07,8.008492057530345e-08
8.617781317461567,3.4091126383139733e-09,3.4091126383139733e-09,3.695865676880512e-07,8.653654394078566e-08
8.624747995972045,3.4091126383139733e-09,3.4091126383139733e-09,3.6214074305311646e-07,9.33768476695813e-08
8.631714674482524,3.4091126383139733e-09,3.4091126383139733e-09,3.537580484517903e-07,1.0059629389161434e-07
8.638681352993002,3.4091126383139733e-09,3.4091126383139733e-09,3.444221542044697e-07,1.081770910362136e-07
8.645648031503478,3.4091126383139733e-09,3.4091126383139733e-09,3.3412740803938656e-07,1.1609192646869969e-07
8.652614710013959,3.4091126383139733e-09,3.4091126383139733e-09,3.228807795800881e-07,1.243027606651142e-07
8.659581388524437,3.4091126383139733e-09,3.4091126383139733e-09,3.107037519593434e-07,1.3275976480176282e-07
8.666548067034915,3.4091126383139733e-09,3.4091126383139733e-09,2.976340514599927e-07,1.4140049982629225e-07
8.673514745545392,3.4091126383139733e-09,3.4091126383139733e-09,2.837270871453354e-07,1.501494464140941e-07
8.68048142405587,3.4091126383139733e-09,3.4091126383139733e-09,2.690569556043506e-07,1.5891800197260955e-07
8.68744810256635,3.4091126383139733e-09,3.4091126383139733e-09,2.5371686260005246e-07,1.6760505683808795e-07
8.694414781076828,3.4091126383139733e-09,3.4091126383139733e-09,2.3781881921121738e-07,1.7609824682082187e-07
8.701381459587306,3.4091126383139733e-09,3.4091126383139733e-09,2.2149249482625367e-07,1.842759495806676e-07
8.708348138097783,3.4091126383139733e-09,3.4091126383139733e-09,2.0488314657361992e-07,1.9201004965985516e-07
8.715314816608261,3.4091126383139733e-09,3.4091126383139733e-09,1.8814860476531557e-07,1.9916943677361371e-07
8.722281495118741,3.4091126383139733e-09,3.4091126383139733e-09,1.714553629507049e-07,2.0562413619711328e-07
8.72924817362922,3.4091126383139733e-09,3.4091126383139733e-09,1.5497390436917065e-07,2.1124989802274192e-07
8.736214852139696,3.4091126383139733e-09,3.4091126383139733e-09,1.3887347155781994e-07,2.159330059976338e-07
8.743181530650174,3.4091126383139733e-09,3.4091126383139733e-09,1.2331656522111917e-07,2.1957501279685064e-07
8.750148209160653,3.4091126383139733e-09,3.4091126383139733e-09,1.084534993288841e-07,2.2209708195746954e-07
8.757114887671133,3.4091126383139733e-09,3.4091126383139733e-09,9.441736721366491e-08,2.2344361786729515e-07
8.764081566181611,3.4091126383139733e-09,3.4091126383139733e-09,8.131975400831119e-08,2.2358490062641645e-07
8.771048244692087,3.4091126383139733e-09,3.4091126383139733e-09,6.924748459787543e-08,2.225185145893522e-07
8.778014923202566,3.4091126383139733e-09,3.4091126383139733e-09,5.826060992234254e-08,2.2026945184439356e-07
8.784981601713044,3.4091126383139733e-09,3.4091126383139733e-09,4.839173376762817e-08,2.1688888158176443e-07
8.791948280223524,3.4091126383139733e-09,3.4091126383139733e-09,3.9646668299731023e-08,2.1245169043513884e-07
8.798914958734,3.4091126383139733e-09,3.4091126383139733e-09,3.2006299612624416e-08,2.0705299241265337e-07
8.805881637244479,3.4091126383139733e-09,3.4091126383139733e-09,2.5429456531888147e-08,2.008038827278195e-07
8.812848315754957,3.4091126383139733e-09,3.4091126383139733e-09,1.9856513895674377e-08,1.938267511625683e-07
8.819814994265435,3.4091126383139733e-09,3.4091126383139733e-09,1.521343385083182e-08,1.8625047611012683e-07
8.826781672775915,3.4091126383139733e-09,3.4091126383139733e-09,1.1415951055666501e-08,1.7820579692927718e-07
8.833748351286392,3.4091126383139733e-09,3.4091126383139733e-09,8.373638340334662e-09,1.698211124052452e-07
8.84071502979687,3.4091126383139733e-09,3.4091126383139733e-09,5.993638332912231e-09,1.6121888800077684e-07
8.847681708307348,3.4091126383139733e-09,3.4091126383139733e-09,4.1839072390498515e-09,1.5251278357722579e-07
8.854648386817827,3.4091126383139733e-09,3.4091126383139733e-09,2.8558788063823373e-09,1.4380554503333324e-07
8.861615065328303,3.4091126383139733e-09,3.4091126383139733e-09,1.9265140665203034e-09,1.35187643550719e-07
8.868581743838783,3.4091126383139733e-09,3.4091126383139733e-09,1.3197504605648507e-09,1.267366006040923e-07
8.875548422349262,3.4091126383139733e-09,3.4091126383139733e-09,9.673998539481378e-10,1.1851690542217927e-07
8.88251510085974,3.4091126383139733e-09,3.4091126383139733e-09,8.095685382058539e-10,1.1058041426771766e-07
8.889481779370218,3.4091126383139733e-09,3.4091126383139733e-09,7.946844679742646e-10,1.0296711640922929e-07
8.896448457880695,3.4091126383139733e-09,3.4091126383139733e-09,8.792197296076716e-10,9.570615629292668e-08
8.903415136391175,3.4091126383139733e-09,3.4091126383139733e-09,1.0271919618337503e-09,8.881701248779596e-08
8.910381814901653,3.4091126383139733e-09,3.4091126383139733e-09,1.2095195001769373e-09,8.231074949786228e-08
8.917348493412131,3.4091126383139733e-09,3.4091126383139733e-09,1.4032935211357953e-09,7.619127494186182e-08
8.924315171922608,3.4091126383139733e-09,3.4091126383139733e-09,1.591018073493005e-09,7.04565512210251e-08
8.931281850433086,3.4091126383139733e-09,3.4091126383139733e-09,1.7598568434464068e-09,6.509972586648809e-08
8.938248528943566,3.4091126383139733e-09,3.4091126383139733e-09,1.9009145790518355e-09,6.011015780598769e-08
8.945215207454044,3.4091126383139733e-09,3.4091126383139733e-09,2.0085717443351056e-09,5.547432746734745e-08
8.952181885964523,3.4091126383139733e-09,3.4091126383139733e-09,2.079883332191008e-09,5.117662695687793e-08
8.959148564474999,3.4091126383139733e-09,3.4091126383139733e-09,2.114046808632054e-09,4.7200032687360423e-08
8.966115242985477,3.4091126383139733e-09,3.4091126383139733e-09,2.1119397336617308e-09,4.3526667075549985e-08
8.973081921495957,3.4091126383139733e-09,3.4091126383139733e-09,2.075724491174634e-09,4.0138258614130394e-08
8.980048600006436,3.4091126383139733e-09,3.4091126383139733e-09,2.008515524560678e-09,3.701651107601685e-08
8.987015278516912,3.4091126383139733e-09,3.4091126383139733e-09,1.9141032858805593e-09,3.414339313473997e-08
8.99398195702739,3.4091126383139733e-09,3.4091126383139733e-09,1.7967285552514242e-09,3.150135954882935e-08
9.000948635537869,3.4091126383139733e-09,3.4091126383139733e-09,1.6609006982550542e-09,2.907351447015493e-08
9.007915314048349,3.4091126383139733e-09,3.4091126383139733e-09,1.5112536490877592e-09,2.684372658172807e-08
9.014881992558827,3.4091126383139733e-09,3.4091126383139733e-09,1.3524338387961122e-09,2.4796704752375456e-08
9.021848671069304,3.4091126383139733e-09,3.4091126383139733e-09,1.1890148188616973e-09,2.291804184622097e-08
9.028815349579782,3.4091126383139733e-09,3.4091126383139733e-09,1.025433924171511e-09,2.1194233273853768e-08
9.03578202809026,3.4091126383139733e-09,3.4091126383139733e-09,8.659469079924614e-10,1.9612675895334777e-08
9.04274870660074,3.4091126383139733e-09,3.4091126383139733e-09,7.145970630611579e-10,1.8161651950417595e-08
9.049715385111217,3.4091126383139733e-09,3.4091126383139733e-09,5.751958584187407e-10,1.6830301928998045e-08
9.056682063621695,3.4091126383139733e-09,3.4091126383139733e-09,4.513126164122321e-10,1.5608589519152564e-08
9.063648742132173,3.4091126383139733e-09,3.4091126383139733e-09,3.4627116027797677e-10,1.4487261244491628e-08
9.070615420642651,3.4091126383139733e-09,3.4091126383139733e-09,2.6315174936773985e-10,1.345780278536108e-08
9.077582099153132,3.4091126383139733e-09,3.4091126383139733e-09,2.0479692490042543e-10,1.2512393589939412e-08
9.084548777663608,3.4091126383139733e-09,3.4091126383139733e-09,1.738201565939927e-10,1.1643861049826834e-08
9.091515456174086,3.4091126383139733e-09,3.4091126383139733e-09,1.726164153072608e-10,1.0845635125513666e-08
9.098482134684565,3.4091126383139733e-09,3.4091126383139733e-09,2.0337397359756192e-10,1.01117041102015e-08
9.105448813195043,3.4091126383139733e-09,3.4091126383139733e-09,2.680868938301666e-10,9.436572083487688e-09
9.112415491705521,3.4091126383139733e-09,3.4091126383139733e-09,3.685677994640469e-10,8.815218407078687e-09
9.119382170216,3.4091126383139733e-09,3.4091126383139733e-09,5.064606033940986e-10,8.243059287655169e-09
9.126348848726478,3.4091126383139733e-09,3.4091126383139733e-09,6.832529760672895e-10,7.715911785833648e-09
9.133315527236956,3.4091126383139733e-09,3.4091126383139733e-09,9.002883842696645e-10,7.229960153471005e-09
9.140282205747434,3.4091126383139733e-09,3.4091126383139733e-09,1.1587775865594593e-09,6.781724526928905e-09
9.14724888425791,3.4091126383139733e-09,3.4091126383139733e-09,1.4598095129060882e-09,6.368031924881173e-09
9.15421556276839,3.4091126383139733e-09,3.4091126383139733e-09,1.804361491576781e-09,5.985989484905452e-09
9.161182241278869,3.4091126383139733e-09,3.4091126383139733e-09,2.1933088009089083e-09,5.6329598184805155e-09
9.168148919789347,3.4091126383139733e-09,3.4091126383139733e-09,2.6274335415268624e-09,5.306538361334796e-09
9.175115598299824,3.4091126383139733e-09,3.4091126383139733e-09,3.10743285288203e-09,5.0045326334977665e-09
9.182082276810302,3.4091126383139733e-09,3.4091126383139733e-09,3.633926487143496e-09,4.724943254240915e-09
9.189048955320782,3.4091126383139733e-09,3.4091126383139733e-09,4.207463771026384e-09,4.465946598373203e-09
9.19601563383126,3.4091126383139733e-09,3.4091126383139733e-09,4.828529989561079e-09,4.225878972926332e-09
9.202982312341739,3.4091126383139733e-09,3.4091126383139733e-09,5.4975522270659255e-09,4.00322219891232e-09
9.209948990852215,3.4091126383139733e-09,3.4091126383139733e-09,6.214904696252356e-09,3.7965904767405234e-09
9.216915669362693,3.4091126383139733e-09,3.4091126383139733e-09,6.98091359732061e-09,3.6047184405777195e-09
9.223882347873174,3.4091126383139733e-09,3.4091126383139733e-09,7.795861539614073e-09,3.4264502952324502e-09
9.230849026383652,3.4091126383139733e-09,3.4091126383139733e-09,8.659991559095757e-09,3.2607299442578025e-09
9.237815704894128,3.4091126383139733e-09,3.4091126383139733e-09,9.57351076471174e-09,3.1065920222998248e-09
9.244782383404607,3.4091126383139733e-09,3.4091126383139733e-09,1.0536593645686019e-08,2.9631537522197268e-09
9.251749061915085,3.4091126383139733e-09,3.4091126383139733e-09,1.154938506814348e-08,2.8296075540588174e-09
9.258715740425565,3.4091126383139733e-09,3.4091126383139733e-09,1.2612002985089295e-08,2.70521433484995e-09
9.265682418936043,3.4091126383139733e-09,3.4091126383139733e-09,1.3724540888399364e-08,2.5892974003682932e-09
9.27264909744652,3.4091126383139733e-09,3.4091126383139733e-09,1.4887070024779486e-08,2.4812369305771832e-09
9.279615775956998,3.4091126383139733e-09,3.4091126383139733e-09,1.6099641396248448e-08,2.3804649666843134e-09
9.286582454467476,3.4091126383139733e-09,3.4091126383139733e-09,1.736228756444428e-08,2.2864608628281525e-09
9.293549132977956,3.4091126383139733e-09,3.4091126383139733e-09,1.8675024277608766e-08,2.19874715901982e-09
9.300515811488433,3.4091126383139733e-09,3.4091126383139733e-09,2.0037851936629925e-08,2.1168858361694864e-09
9.307482489998911,3.4091126383139733e-09,3.4091126383139733e-09,2.145075691379799e-08,2.040474917753975e-09
9.31444916850939,3.4091126383139733e-09,3.4091126383139733e-09,2.2913712737822084e-08,1.96914538568027e-09
9.321415847019868,3.4091126383139733e-09,3.4091126383139733e-09,2.4426681158482407e-08,1.9025583811422516e-09
9.328382525530348,3.4091126383139733e-09,3.4091126383139733e-09,2.5989613101241403e-08,1.8404026637755977e-09
9.335349204040824,3.4091126383139733e-09,3.4091126383139733e-09,2.7602449521806123e-08,1.7823923051764688e-09
9.342315882551302,3.4091126383139733e-09,3.4091126383139733e-09,2.926512216937126e-08,1.7282645951602477e-09
9.34928256106178,3.4091126383139733e-09,3.4091126383139733e-09,3.097755426733585e-08,1.677778140939869e-09
9.356249239572259,3.4091126383139733e-09,3.4091126383139733e-09,3.273966111887936e-08,1.630711141336383e-09
9.363215918082737,3.4091126383139733e-09,3.4091126383139733e-09,3.4551350643257455e-08,1.5868598199017236e-09
9.370182596593216,3.4091126383139733e-09,3.4091126383139733e-09,3.641252384875005e-08,1.5460370028741714e-09
9.377149275103694,3.4091126383139733e-09,3.4091126383139733e-09,3.832307524867684e-08,1.508070828586057e-09
9.384115953614172,3.4091126383139733e-09,3.4091126383139733e-09,4.0282893223685334e-08,1.4728035761897035e-09
9.39108263212465,3.4091126383139733e-09,3.4091126383139733e-09,4.229186033577436e-08,1.440090603368807e-09
9.398049310635129,3.4091126383139733e-09,3.4091126383139733e-09,4.4349853596767514e-08,1.4097993833763424e-09
9.405015989145607,3.4091126383139733e-09,3.4091126383139733e-09,4.6456744694928926e-08,1.3818086327213428e-09
9.411982667656085,3.4091126383139733e-09,3.4091126383139733e-09,4.86124001828389e-08,1.3560075216228379e-09
9.418949346166563,3.4091126383139733e-09,3.4091126383139733e-09,5.081668162892446e-08,1.3322949601541835e-09
9.42591602467704,3.4091126383139733e-09,3.4091126383139733e-09,5.306944573427817e-08,1.3105789537420722e-09
9.43288270318752,3.4091126383139733e-09,3.4091126383139733e-09,5.5370544416899234e-08,1.2907760227379807e-09
9.439849381697998,3.4091126383139733e-09,3.4091126383139733e-09,5.771982486561406e-08,1.272810680707931e-09
9.446816060208477,3.4091126383139733e-09,3.4091126383139733e-09,6.011712956351399e-08,1.2566149667608754e-09
9.453782738718955,3.4091126383139733e-09,3.4091126383139733e-09,6.256229628339743e-08,1.2421280281186931e-09
9.460749417229431,3.4091126383139733e-09,3.4091126383139733e-09,6.505515805490198e-08,1.2292957493085593e-09
9.46771609573991,3.4091126383139733e-09,3.4091126383139733e-09,6.75955431040467e-08,1.2180704248453386e-09
9.47468277425039,3.4091126383139733e-09,3.4091126383139733e-09,7.018327476568396e-08,1.2084104725851807e-09
9.481649452760868,3.4091126383139733e-09,3.4091126383139733e-09,7.281817136901388e-08,1.2002801852978316e-09
9.488616131271344,3.4091126383139733e-09,3.4091126383139733e-09,7.55000460959177e-08,1.1936495183473323e-09
9.495582809781823,3.4091126383139733e-09,3.4091126383139733e-09,7.822870681151246e-08,1.1884939116914875e-09
9.502549488292301,3.4091126383139733e-09,3.4091126383139733e-09,8.100395586597807e-08,1.184794144864344e-09
9.509516166802781,3.4091126383139733e-09,3.4091126383139733e-09,8.382558986772055e-08,1.182536223697873e-09
9.51648284531326,3.4091126383139733e-09,3.4091126383139733e-09,8.669339942637129e-08,1.1817112975118205e-09
9.523449523823736,3.4091126383139733e-09,3.4091126383139733e-09,8.960716886435267e-08,1.1823156064188806e-09
9.530416202334214,3.4091126383139733e-09,3.4091126383139733e-09,9.256667589551755e-08,1.1843504581060144e-09
9.537382880844692,3.4091126383139733e-09,3.4091126383139733e-09,9.557169126894566e-08,1.1878222339058347e-09
9.544349559355172,3.4091126383139733e-09,3.4091126383139733e-09,9.862197837596559e-08,1.1927424241687144e-09
9.551316237865649,3.4091126383139733e-09,3.4091126383139733e-09,1.0171729281817537e-07,1.199127693177661e-09
9.558282916376127,3.4091126383139733e-09,3.4091126383139733e-09,1.0485738193399049e-07,1.2069999740809617e-09
9.565249594886605,3.4091126383139733e-09,3.4091126383139733e-09,1.0804198428096082e-07,1.2163865945542164e-09
9.572216273397084,3.4091126383139733e-09,3.4091126383139733e-09,1.1127082906993696e-07,1.2273204340679017e-09
9.579182951907564,3.4091126383139733e-09,3.4091126383139733e-09,1.1454363554659936e-07,1.2398401140369154e-09
9.58614963041804,3.4091126383139733e-09,3.4091126383139733e-09,1.1786011231975972e-07,1.2539902224421607e-09
9.593116308928519,3.4091126383139733e-09,3.4091126383139733e-09,1.2121995662832499e-07,1.269821574551849e-09
9.600082987438997,3.4091126383139733e-09,3.4091126383139733e-09,1.2462285354387288e-07,1.2873915117881192e-09
9.607049665949475,3.4091126383139733e-09,3.4091126383139733e-09,1.2806847510307304e-07,1.30676424103844e-09
9.614016344459953,3.4091126383139733e-09,3.4091126383139733e-09,1.315564793637169e-07,1.3280112171848702e-09
9.620983022970432,3.4091126383139733e-09,3.4091126383139733e-09,1.350865093777667e-07,1.3512115719567831e-09
9.62794970148091,3.4091126383139733e-09,3.4091126383139733e-09,1.3865819207442837e-07,1.3764525925717758e-09
9.634916379991388,3.4091126383139733e-09,3.4091126383139733e-09,1.4227113704591923e-07,1.4038302540193266e-09
9.641883058501866,3.4091126383139733e-09,3.4091126383139733e-09,1.45924935226743e-07,1.4334498090216195e-09
9.648849737012345,3.4091126383139733e-09,3.4091126383139733e-09,1.4961915745281937e-07,1.4654264403429605e-09
9.655816415522823,3.4091126383139733e-09,3.4091126383139733e-09,1.533533528984243e-07,1.4998859818790272e-09
9.662783094033301,3.4091126383139733e-09,3.4091126383139733e-09,1.5712704737114433e-07,1.5369657134741082e-09
9.66974977254378,3.4091126383139733e-09,3.4091126383139733e-09,1.609397414558088e-07,1.5768152363810958e-09
9.676716451054256,3.4091126383139733e-09,3.4091126383139733e-09,1.647909084931937e-07,1.6195974364270682e-09
9.683683129564736,3.4091126383139733e-09,3.4091126383139733e-09,1.6867999237686462e-07,1.6654895432006007e-09
9.690649808075214,3.4091126383139733e-09,3.4091126383139733e-09,1.7260640515072707e-07,1.7146842943685706e-09
9.697616486585693,3.4091126383139733e-09,3.4091126383139733e-09,1.7656952438912465e-07,1.7673912150900928e-09
9.704583165096171,3.4091126383139733e-09,3.4091126383139733e-09,1.8056869034050613e-07,1.8238380233970402e-09
9.711549843606647,3.4091126383139733e-09,3.4091126383139733e-09,1.846032028086433e-07,1.8842721722108975e-09
9.718516522117127,3.4091126383139733e-09,3.4091126383139733e-09,1.886723177460605e-07,1.948962543279998e-09
9.725483200627606,3.4091126383139733e-09,3.4091126383139733e-09,1.927752435383689e-07,2.0182013070417165e-09
9.732449879138084,3.4091126383139733e-09,3.4091126383139733e-09,1.9691113693854173e-07,2.0923059646939782e-09
9.73941655764856,3.4091126383139733e-09,3.4091126383139733e-09,2.010790986276714e-07,2.1716215894967034e-09
9.746383236159039,3.4091126383139733e-09,3.4091126383139733e-09,2.052781683625163e-07,2.2565232870239464e-09
9.753349914669519,3.4091126383139733e-09,3.4091126383139733e-09,2.0950731966682138e-07,2.3474188964173056e-09
9.760316593179997,3.4091126383139733e-09,3.4091126383139733e-09,2.137654540218208e-07,2.4447519566946495e-09
9.767283271690475,3.4091126383139733e-09,3.4091126383139733e-09,2.1805139450979384e-07,2.5490049643581363e-09
9.774249950200952,3.4091126383139733e-09,3.4091126383139733e-09,2.223638788620989e-07,2.6607029495863e-09
9.78121662871143,3.4091126383139733e-09,3.4091126383139733e-09,2.2670155183934342e-07,2.7804173991299497e-09
9.788183307221908,3.4091126383139733e-09,3.4091126383139733e-09,2.3106295689826132e-07,2.908770568135701e-09
9.795149985732388,3.4091126383139733e-09,3.4091126383139733e-09,2.354465270545243e-07,3.046440212476975e-09
9.802116664242865,3.4091126383139733e-09,3.4091126383139733e-09,2.3985057487359223e-07,3.1941647844357873e-09
9.809083342753343,3.4091126383139733e-09,3.4091126383139733e-09,2.4427328151784994e-07,3.3527491335302907e-09
9.816050021263822,3.4091126383139733e-09,3.4091126383139733e-09,2.487126847468605e-07,3.523070761963433e-09
9.8230166997743,3.4091126383139733e-09,3.4091126383139733e-09,2.531666657643408e-07,3.706086688437297e-09
9.82998337828478,3.4091126383139733e-09,3.4091126383139733e-09,2.576329348031181e-07,3.902840978460581e-09
9.836950056795256,3.4091126383139733e-09,3.4091126383139733e-09,2.621090153387092e-07,4.114473003438353e-09
9.843916735305735,3.4091126383139733e-09,3.4091126383139733e-09,2.665922268253873e-07,4.342226477994924e-09
9.850883413816213,3.4091126383139733e-09,3.4091126383139733e-09,2.7107966577095517e-07,4.587459362769164e-09
9.857850092326691,3.4091126383139733e-09,3.4091126383139733e-09,2.7556818505213165e-07,4.8516547035615785e-09
9.86481677083717,3.4091126383139733e-09,3.4091126383139733e-09,2.800543712309483e-07,5.136432486235592e-09
9.871783449347648,3.4091126383139733e-09,3.4091126383139733e-09,2.8453451980094303e-07,5.443562581347877e-09
9.878750127858126,3.4091126383139733e-09,3.4091126383139733e-09,2.8900460816800903e-07,5.774978861073325e-09
9.885716806368604,3.4091126383139733e-09,3.4091126383139733e-09,2.934602661450787e-07,6.132794579401468e-09
9.892683484879083,3.4091126383139733e-09,3.4091126383139733e-09,2.9789674374168156e-07,6.5193191096199e-09
9.89965016338956,3.4091126383139733e-09,3.4091126383139733e-09,3.0230887603400145e-07,6.93707613549827e-09
9.906616841900039,3.4091126383139733e-09,3.4091126383139733e-09,3.0669104499095817e-07,7.38882335930255e-09
9.913583520410517,3.4091126383139733e-09,3.4091126383139733e-09,3.110371381926267e-07,7.877573725393202e-09
9.920550198920996,3.4091126383139733e-09,3.4091126383139733e-09,3.1534050383193166e-07,8.406618391644976e-09
9.927516877431472,3.4091126383139733e-09,3.4091126383139733e-09,3.1959390210611585e-07,8.979551361955462e-09
9.934483555941952,3.4091126383139733e-09,3.4091126383139733e-09,3.2378945279520664e-07,9.600295838641099e-09
9.94145023445243,3.4091126383139733e-09,3.4091126383139733e-09,3.279185789411989e-07,1.0273132263910915e-08
9.948416912962909,3.4091126383139733e-09,3.4091126383139733e-09,3.319719464335538e-07,1.100272801332858e-08
9.955383591473387,3.4091126383139733e-09,3.4091126383139733e-09,3.359393993469887e-07,1.1794168666695039e-08
9.962350269983864,3.4091126383139733e-09,3.4091126383139733e-09,3.3980989117080605e-07,1.2652990661758254e-08
9.969316948494344,3.4091126383139733e-09,3.4091126383139733e-09,3.435714126438924e-07,1.3585214884243172e-08
9.976283627004822,3.4091126383139733e-09,3.4091126383139733e-09,3.472109154043909e-07,1.4597381114665769e-08
9.9832503055153,3.4091126383139733e-09,3.4091126383139733e-09,3.507142326786189e-07,1.5696582585398155e-08
9.990216984025777,3.4091126383139733e-09,3.4091126383139733e-09,3.5406599755758255e-07,1.6890499993718263e-08
9.997183662536255,3.4091126383139733e-09,3.4091126383139733e-09,3.572495597191761e-07,1.81874340744795e-08
10.004150341046735,3.4091126383139733e-09,3.4091126383139733e-09,3.6024690159670395e-07,1.9596335633880597e-08
10.011117019557213,3.4091126383139733e-09,3.4091126383139733e-09,3.630385562724479e-07,2.112683143839393e-08
10.018083698067692,3.4091126383139733e-09,3.4091126383139733e-09,3.656035287566863e-07,2.278924425279023e-08
10.025050376578168,3.4091126383139733e-09,3.4091126383139733e-09,3.6791922328370555e-07,2.4594604809265256e-08
10.032017055088646,3.4091126383139733e-09,3.4091126383139733e-09,3.6996138035881765e-07,2.6554652919946407e-08
10.038983733599126,3.4091126383139733e-09,3.4091126383139733e-09,3.7170402759407463e-07,2.8681824521311793e-08
10.045950412109605,3.4091126383139733e-09,3.4091126383139733e-09,3.7311944857333167e-07,3.098922094344017e-08
10.052917090620081,3.4091126383139733e-09,3.4091126383139733e-09,3.741781765648396e-07,3.34905557412301e-08
10.05988376913056,3.4091126383139733e-09,3.4091126383139733e-09,3.7484902006749825e-07,3.620007393447889e-08
10.066850447641038,3.4091126383139733e-09,3.4091126383139733e-09,3.7509912726261465e-07,3.9132437954897133e-08
10.073817126151518,3.4091126383139733e-09,3.4091126383139733e-09,3.748940996363569e-07,4.23025735652631e-08
10.080783804661996,3.4091126383139733e-09,3.4091126383139733e-09,3.7419816483383693e-07,4.572546871589141e-08
10.087750483172472,3.4091126383139733e-09,3.4091126383139733e-09,3.7297441942761164e-07,4.9415917749586744e-08
10.09471716168295,3.4091126383139733e-09,3.4091126383139733e-09,3.711851549433465e-07,5.3388203135535684e-08
10.101683840193429,3.4091126383139733e-09,3.4091126383139733e-09,3.687922787540226e-07,5.765570721430526e-08
10.108650518703907,3.4091126383139733e-09,3.4091126383139733e-09,3.6575784269527045e-07,6.223044698665776e-08
10.115617197214386,3.4091126383139733e-09,3.4091126383139733e-09,3.6204469062953744e-07,6.712252661811881e-08
10.122583875724864,3.4091126383139733e-09,3.4091126383139733e-09,3.576172352785092e-07,7.233950430256027e-08
10.129550554235342,3.4091126383139733e-09,3.4091126383139733e-09,3.524423703826715e-07,7.78856736155055e-08
10.13651723274582,3.4091126383139733e-09,3.4091126383139733e-09,3.464905195872124e-07,8.376126469764456e-08
10.143483911256299,3.4091126383139733e-09,3.4091126383139733e-09,3.3973681827832025e-07,8.996157561541156e-08
10.150450589766777,3.4091126383139733e-09,3.4091126383139733e-09,3.3216241367444437e-07,9.647605296857545e-08
10.157417268277255,3.4091126383139733e-09,3.4091126383139733e-09,3.2375586102064103e-07,1.0328734911311532e-07
10.164383946787733,3.4091126383139733e-09,3.4091126383139733e-09,3.145145772241047e-07,1.1037039409163651e-07
10.171350625298212,3.4091126383139733e-09,3.4091126383139733e-09,3.0444630365862364e-07,1.1769153105073019e-07
10.178317303808688,3.4091126383139733e-09,3.4091126383139733e-09,2.9357051100610457e-07,1.252077746519247e-07
10.185283982319168,3.4091126383139733e-09,3.4091126383139733e-09,2.819196687989855e-07,1.328662623083792e-07
10.192250660829647,3.4091126383139733e-09,3.4091126383139733e-09,2.6954028623703163e-07,1.4060397398895418e-07
10.199217339340125,3.4091126383139733e-09,3.4091126383139733e-09,2.5649362490042504e-07,1.4834779993928258e-07
10.206184017850603,3.4091126383139733e-09,3.4091126383139733e-09,2.4285598121210465e-07,1.5601503128920253e-07
10.21315069636108,3.4091126383139733e-09,3.4091126383139733e-09,2.2871844176485517e-07,1.63514338484377e-07
10.22011737487156,3.4091126383139733e-09,3.4091126383139733e-09,2.14186031021419e-07,1.7074728068893223e-07
10.227084053382038,3.4091126383139733e-09,3.4091126383139733e-09,1.9937619700103507e-07,1.7761036128404779e-07
10.234050731892516,3.4091126383139733e-09,3.4091126383139733e-09,1.8441661968523787e-07,1.8399760543363105e-07
10.241017410402993,3.4091126383139733e-09,3.4091126383139733e-09,1.6944237021289922e-07,1.8980359341372597e-07
10.247984088913471,3.4091126383139733e-09,3.4091126383139733e-09,1.5459250611146286e-07,1.949268339808682e-07
10.254950767423951,3.4091126383139733e-09,3.4091126383139733e-09,1.4000623644309778e-07,1.992733205343369e-07
10.26191744593443,3.4091126383139733e-09,3.4091126383139733e-09,1.2581884237683782e-07,2.0276007556826287e-07
10.268884124444908,3.4091126383139733e-09,3.4091126383139733e-09,1.1215757154509218e-07,2.0531846691731406e-07
10.275850802955384,3.4091126383139733e-09,3.4091126383139733e-09,9.913774807160233e-08,2.0689707642410007e-07
10.282817481465862,3.4091126383139733e-09,3.4091126383139733e-09,8.685933299453418e-08,2.0746391920777182e-07
10.289784159976342,3.4091126383139733e-09,3.4091126383139733e-09,7.540414742211004e-08,2.0700785001539695e-07
10.29675083848682,3.4091126383139733e-09,3.4091126383139733e-09,6.483392349051374e-08,2.05539051393453e-07
10.303717516997297,3.4091126383139733e-09,3.4091126383139733e-09,5.518928496132808e-08,2.0308856599128545e-07
10.310684195507775,3.4091126383139733e-09,3.4091126383139733e-09,4.648968735865667e-08,1.9970691007225418e-07
10.317650874018254,3.4091126383139733e-09,3.4091126383139733e-09,3.873427494301987e-08,1.9546187205494368e-07
10.324617552528734,3.4091126383139733e-09,3.4091126383139733e-09,3.190354572117761e-08,1.9043566045119733e-07
10.331584231039212,3.4091126383139733e-09,3.4091126383139733e-09,2.596166511885437e-08,1.84721600944619e-07
10.338550909549689,3.4091126383139733e-09,3.4091126383139733e-09,2.0859237137084753e-08,1.7842060231394278e-07
10.345517588060167,3.4091126383139733e-09,3.4091126383139733e-09,1.653632899159217e-08,1.7163760757675677e-07
10.352484266570645,3.4091126383139733e-09,3.4091126383139733e-09,1.2925553973541063e-08,1.6447822407808063e-07
10.359450945081125,3.4091126383139733e-09,3.4091126383139733e-09,9.955039587535877e-09,1.5704569097410991e-07
10.366417623591602,3.4091126383139733e-09,3.4091126383139733e-09,7.551142749708322e-09,1.4943829884745142e-07
10.37338430210208,3.4091126383139733e-09,3.4091126383139733e-09,5.640812774592529e-09,1.4174732883775982e-07
10.380350980612558,3.4091126383139733e-09,3.4091126383139733e-09,4.153543849014672e-09,1.3405553543984682e-07
10.387317659123037,3.4091126383139733e-09,3.4091126383139733e-09,3.0228951259674536e-09,1.2643615902491574e-07
10.394284337633517,3.4091126383139733e-09,3.4091126383139733e-09,2.187587592958324e-09,1.1895242426858999e-07
10.401251016143993,3.4091126383139733e-09,3.4091126383139733e-09,1.5922102844429203e-09,1.1165746115286963e-07
10.408217694654471,3.4091126383139733e-09,3.4091126383139733e-09,1.187584009135694e-09,1.0459457349918814e-07
10.41518437316495,3.4091126383139733e-09,3.4091126383139733e-09,9.308393285301204e-10,9.779777645922129e-08
10.422151051675428,3.4091126383139733e-09,3.4091126383139733e-09,7.852680391542702e-10,9.129252709261828e-08
10.429117730185904,3.4091126383139733e-09,3.4091126383139733e-09,7.200053650807898e-10,8.509657891827457e-08
10.436084408696384,3.4091126383139733e-09,3.4091126383139733e-09,7.095948480175126e-10,7.922090094538927e-08
10.443051087206863,3.4091126383139733e-09,3.4091126383139733e-09,7.334808415495658e-10,7.367061242901523e-08
10.450017765717341,3.4091126383139733e-09,3.4091126383139733e-09,7.754656181202288e-10,6.844589551783914e-08
10.45698444422782,3.4091126383139733e-09,3.4091126383139733e-09,8.231602039118512e-10,6.354285813158326e-08
10.463951122738296,3.4091126383139733e-09,3.4091126383139733e-09,8.674507043418006e-10,5.895432843482811e-08
10.470917801248776,3.4091126383139733e-09,3.4091126383139733e-09,9.019954095306751e-10,5.4670569847171654e-08
10.477884479759254,3.4091126383139733e-09,3.4091126383139733e-09,9.227625264163602e-10,5.067991162359026e-08
10.484851158269732,3.4091126383139733e-09,3.4091126383139733e-09,9.276140013954523e-10,4.6969294694398295e-08
10.491817836780209,3.4091126383139733e-09,3.4091126383139733e-09,9.159375126632224e-10,4.35247358376682e-08
10.498784515290687,3.4091126383139733e-09,3.4091126383139733e-09,8.883262153330693e-10,4.03317155572825e-08
10.505751193801167,3.4091126383139733e-09,3.4091126383139733e-09,8.463040805002803e-10,3.7375496439412425e-08
10.512717872311645,3.4091126383139733e-09,3.4091126383139733e-09,7.920935395477322e-10,3.464137947652421e-08
10.519684550822124,3.4091126383139733e-09,3.4091126383139733e-09,7.28421498916929e-10,3.211490604099259e-08
10.5266512293326,3.4091126383139733e-09,3.4091126383139733e-09,6.58359504783084e-10,2.97820130053133e-08
10.533617907843078,3.4091126383139733e-09,3.4091126383139733e-09,5.851938159613334e-10,2.7629148081540642e-08
10.540584586353559,3.4091126383139733e-09,3.4091126383139733e-09,5.123213025506987e-10,2.564335186315327e-08
10.547551264864037,3.4091126383139733e-09,3.4091126383139733e-09,4.4316736293665284e-10,2.381231239380292e-08
10.554517943374513,3.4091126383139733e-09,3.4091126383139733e-09,3.8112239394877213e-10,2.212439738970168e-08
10.561484621884992,3.4091126383139733e-09,3.4091126383139733e-09,3.2949371962277363e-10,2.0568668576628125e-08
10.56845130039547,3.4091126383139733e-09,3.4091126383139733e-09,2.914702622625449e-10,1.9134881946007537e-08
10.57541797890595,3.4091126383139733e-09,3.4091126383139733e-09,2.700976020012098e-10,1.7813477149510863e-08
10.582384657416428,3.4091126383139733e-09,3.4091126383139733e-09,2.6826140952203657e-10,1.6595558728142827e-08
10.589351335926905,3.4091126383139733e-09,3.4091126383139733e-09,2.886775470228956e-10,1.547287137489198e-08
10.596318014437383,3.4091126383139733e-09,3.4091126383139733e-09,3.33887406727422e-10,1.4437771077478084e-08
10.603284692947861,3.4091126383139733e-09,3.4091126383139733e-09,4.0625730078912417e-10,1.348319355845319e-08
10.610251371458341,3.4091126383139733e-09,3.4091126383139733e-09,5.07980923611986e-10,1.2602621193358675e-08
10.617218049968818,3.4091126383139733e-09,3.4091126383139733e-09,6.410840924320949e-10,1.1790049332955811e-08
10.624184728479296,3.4091126383139733e-09,3.4091126383139733e-09,8.074311195764743e-10,1.1039952700610406e-08
10.631151406989774,3.4091126383139733e-09,3.4091126383139733e-09,1.0087322976232622e-09,1.034725239677853e-08
10.638118085500253,3.4091126383139733e-09,3.4091126383139733e-09,1.2465520961665992e-09,9.707283941404241e-09
10.645084764010733,3.4091126383139733e-09,3.4091126383139733e-09,1.5223177581321454e-09,9.11576663607378e-09
10.65205144252121,3.4091126383139733e-09,3.4091126383139733e-09,1.8373280140486725e-09,8.568774306699824e-09
10.659018121031687,3.4091126383139733e-09,3.4091126383139733e-09,2.1927617711312555e-09,8.062707729010849e-09
10.665984799542166,3.4091126383139733e-09,3.4091126383139733e-09,2.589686609969722e-09,7.594268671219332e-09
10.672951478052644,3.4091126383139733e-09,3.4091126383139733e-09,3.029066994899704e-09,7.160435607832664e-09
10.67991815656312,3.4091126383139733e-09,3.4091126383139733e-09,3.511772129965363e-09,6.758441090637498e-09
10.6868848350736,3.4091126383139733e-09,3.4091126383139733e-09,4.038583412758481e-09,6.385750732560812e-09
10.693851513584079,3.4091126383139733e-09,3.4091126383139733e-09,4.610201456721077e-09,6.040043742335135e-09
10.700818192094557,3.4091126383139733e-09,3.4091126383139733e-09,5.2272526739178775e-09,5.719194949643929e-09
10.707784870605035,3.4091126383139733e-09,3.4091126383139733e-09,5.890295412756952e-09,5.421258235890191e-09
10.714751549115512,3.4091126383139733e-09,3.4091126383139733e-09,6.599825658739644e-09,5.144451291244766e-09
10.721718227625992,3.4091126383139733e-09,3.4091126383139733e-09,7.356282312270442e-09,4.887141616253024e-09
10.72868490613647,3.4091126383139733e-09,3.4091126383139733e-09,8.160052057008502e-09,4.647833680143469e-09
10.735651584646948,3.4091126383139733e-09,3.4091126383139733e-09,9.011473841600168e-09,4.425157157956269e-09
10.742618263157425,3.4091126383139733e-09,3.4091126383139733e-09,9.910842994615034e-09,4.2178561651623585e-09
10.749584941667903,3.4091126383139733e-09,3.4091126383139733e-09,1.085841499496481e-08,4.024779413929561e-09
10.756551620178383,3.4091126383139733e-09,3.4091126383139733e-09,1.1854408921062016e-08,3.8448712193210665e-09
10.763518298688862,3.4091126383139733e-09,3.4091126383139733e-09,1.2899010600033784e-08,3.6771632867014607e-09
10.77048497719934,3.4091126383139733e-09,3.4091126383139733e-09,1.3992375479269768e-08,3.5207672167661466e-09
10.777451655709816,3.4091126383139733e-09,3.4091126383139733e-09,1.5134631241029364e-08,3.374867668549784e-09
10.784418334220295,3.4091126383139733e-09,3.4091126383139733e-09,1.6325880179904896e-08,3.238716124849624e-09
10.791385012730775,3.4091126383139733e-09,3.4091126383139733e-09,1.756620136199936e-08,3.111625208798197e-09
10.798351691241253,3.4091126383139733e-09,3.4091126383139733e-09,1.885565258333593e-08,2.9929635040956916e-09
10.80531836975173,3.4091126383139733e-09,3.4091126383139733e-09,2.0194272144040318e-08,2.8821508352681353e-09
10.812285048262208,3.4091126383139733e-09,3.4091126383139733e-09,2.1582080453485886e-08,2.7786539677667027e-09
10.819251726772686,3.4091126383139733e-09,3.4091126383139733e-09,2.3019081480600064e-08,2.6819826910888754e-09
10.826218405283166,3.4091126383139733e-09,3.4091126383139733e-09,2.450526406226649e-08,2.591686251184225e-09
10.833185083793644,3.4091126383139733e-09,3.4091126383139733e-09,2.6040603081851845e-08,2.507350101307547e-09
10.84015176230412,3.4091126383139733e-09,3.4091126383139733e-09,2.7625060528739982e-08,2.4285929431555237e-09
10.847118440814599,3.4091126383139733e-09,3.4091126383139733e-09,2.925858644894147e-08,2.355064032586404e-09
10.854085119325077,3.4091126383139733e-09,3.4091126383139733e-09,3.094111979581964e-08,2.286440726520847e-09
10.861051797835557,3.4091126383139733e-09,3.4091126383139733e-09,3.2672589189248795e-08,2.2224262497112414e-09
10.868018476346034,3.4091126383139733e-09,3.4091126383139733e-09,3.445291359068655e-08,2.1627476619932713e-09
10.874985154856512,3.4091126383139733e-09,3.4091126383139733e-09,3.628200290092041e-08,2.107154008417114e-09
10.88195183336699,3.4091126383139733e-09,3.4091126383139733e-09,3.8159758486631375e-08,2.0554146362417235e-09
10.888918511877469,3.4091126383139733e-09,3.4091126383139733e-09,4.008607364120122e-08,2.007317664303794e-09
10.895885190387949,3.4091126383139733e-09,3.4091126383139733e-09,4.206083398471032e-08,1.9626685915896417e-09
10.902851868898425,3.4091126383139733e-09,3.4091126383139733e-09,4.408391780747394e-08,1.9212890330924227e-09
10.909818547408904,3.4091126383139733e-09,3.4091126383139733e-09,4.615519636097861e-08,1.8830155721818343e-09
10.916785225919382,3.4091126383139733e-09,3.4091126383139733e-09,4.8274534099674375e-08,1.8476987197120942e-09
10.92375190442986,3.4091126383139733e-09,3.4091126383139733e-09,5.04417888765476e-08,1.8152019710764436e-09
10.930718582940338,3.4091126383139733e-09,3.4091126383139733e-09,5.265681209508469e-08,1.7854009532733273e-09
10.937685261450817,3.4091126383139733e-09,3.4091126383139733e-09,5.4919448819869495e-08,1.7581826548053457e-09
10.944651939961295,3.4091126383139733e-09,3.4091126383139733e-09,5.722953784757735e-08,1.7334447320088145e-09
10.951618618471773,3.4091126383139733e-09,3.4091126383139733e-09,5.9586911739942635e-08,1.7110948860513061e-09
10.958585296982251,3.4091126383139733e-09,3.4091126383139733e-09,6.199139681997437e-08,1.691050305419642e-09
10.965551975492728,3.4091126383139733e-09,3.4091126383139733e-09,6.444281313217384e-08,1.673237169304147e-09
10.972518654003208,3.4091126383139733e-09,3.4091126383139733e-09,6.694097436750358e-08,1.6575902078484467e-09
10.979485332513686,3.4091126383139733e-09,3.4091126383139733e-09,6.948568775327208e-08,1.6440523156253295e-09
10.986452011024165,3.4091126383139733e-09,3.4091126383139733e-09,7.207675390830508e-08,1.6325742151802434e-09
10.993418689534641,3.4091126383139733e-09,3.4091126383139733e-09,7.471396666286648e-08,1.6231141679247022e-09
11.00038536804512,3.4091126383139733e-09,3.4091126383139733e-09,7.739711284287028e-08,1.6156377300385804e-09
11.0073520465556,3.4091126383139733e-09,3.4091126383139733e-09,8.012597201779268e-08,1.610117551381338e-09
11.014318725066078,3.4091126383139733e-09,3.4091126383139733e-09,8.29003162113326e-08,1.6065332157632253e-09
11.021285403576556,3.4091126383139733e-09,3.4091126383139733e-09,8.571990957345618e-08,1.6048711212634076e-09
11.028252082087032,3.4091126383139733e-09,3.4091126383139733e-09,8.858450801191354e-08,1.6051243995997785e-09
11.03521876059751,3.4091126383139733e-09,3.4091126383139733e-09,9.149385878157731e-08,1.6072928738943668e-09
11.04218543910799,3.4091126383139733e-09,3.4091126383139733e-09,9.444770002978925e-08,1.6113830544192877e-09
11.049152117618469,3.4091126383139733e-09,3.4091126383139733e-09,9.744576029467838e-08,1.6174081722259461e-09
11.056118796128946,3.4091126383139733e-09,3.4091126383139733e-09,1.0048775795381548e-07,1.6253882508385475e-09
11.063085474639424,3.4091126383139733e-09,3.4091126383139733e-09,1.0357340061993913e-07,1.6353502165159704e-09
11.070052153149902,3.4091126383139733e-09,3.4091126383139733e-09,1.0670238448020306e-07,1.6473280478900932e-09
11.077018831660382,3.4091126383139733e-09,3.4091126383139733e-09,1.0987439357508125e-07,1.6613629660792908e-09
11.08398551017086,3.4091126383139733e-09,3.4091126383139733e-09,1.1308909901222015e-07,1.6775036665770038e-09
11.090952188681337,3.4091126383139733e-09,3.4091126383139733e-09,1.1634615811015237e-07,1.6958065946844418e-09
11.097918867191815,3.4091126383139733e-09,3.4091126383139733e-09,1.1964521346707333e-07,1.7163362666550555e-09
11.104885545702293,3.4091126383139733e-09,3.4091126383139733e-09,1.2298589194797181e-07,1.739165638849935e-09
11.111852224212774,3.4091126383139733e-09,3.4091126383139733e-09,1.2636780358391112e-07,1.76437652766906e-09
11.11881890272325,3.4091126383139733e-09,3.4091126383139733e-09,1.2979054037591952e-07,1.792060083491941e-09
11.125785581233728,3.4091126383139733e-09,3.4091126383139733e-09,1.3325367499547647e-07,1.8223173223090391e-09
11.132752259744207,3.4091126383139733e-09,3.4091126383139733e-09,1.3675675937309833e-07,1.8552597191474302e-09
11.139718938254685,3.4091126383139733e-09,3.4091126383139733e-09,1.402993231650308e-07,1.891009867588755e-09
11.146685616765165,3.4091126383139733e-09,3.4091126383139733e-09,1.4388087208710927e-07,1.929702210665937e-09
11.153652295275641,3.4091126383139733e-09,3.4091126383139733e-09,1.4750088610507897e-07,1.9714838489858893e-09
11.16061897378612,3.4091126383139733e-09,3.4091126383139733e-09,1.5115881746744922e-07,2.016515432181646e-09
11.167585652296598,3.4091126383139733e-09,3.4091126383139733e-09,1.548540885679107e-07,2.064972140584621e-09
11.174552330807076,3.4091126383139733e-09,3.4091126383139733e-09,1.585860896212627e-07,2.1170447649526216e-09
11.181519009317554,3.4091126383139733e-09,3.4091126383139733e-09,1.6235417613579069e-07,2.1729408929291907e-09
11.188485687828033,3.4091126383139733e-09,3.4091126383139733e-09,1.661576661643163e-07,2.2328862117111898e-09
11.195452366338511,3.4091126383139733e-09,3.4091126383139733e-09,1.699958373135613e-07,2.2971259366322864e-09
11.20241904484899,3.4091126383139733e-09,3.4091126383139733e-09,1.7386792348861873e-07,2.365926377497694e-09
11.209385723359468,3.4091126383139733e-09,3.4091126383139733e-09,1.7777311135006344e-07,2.43957665551269e-09
11.216352401869946,3.4091126383139733e-09,3.4091126383139733e-09,1.8171053645437258e-07,2.5183905842311808e-09
11.223319080380424,3.4091126383139733e-09,3.4091126383139733e-09,1.8567927905196117e-07,2.6027087292476577e-09
11.230285758890902,3.4091126383139733e-09,3.4091126383139733e-09,1.8967835950902018e-07,2.6929006633731136e-09
11.23725243740138,3.4091126383139733e-09,3.4091126383139733e-09,1.9370673331719485e-07,2.78936743575693e-09
11.244219115911857,3.4091126383139733e-09,3.4091126383139733e-09,1.9776328565383595e-07,2.8925442750341648e-09
11.251185794422337,3.4091126383139733e-09,3.4091126383139733e-09,2.0184682545375753e-07,3.0029035470884305e-09
11.258152472932816,3.4091126383139733e-09,3.4091126383139733e-09,2.059560789424654e-07,3.1209579901588947e-09
11.265119151443294,3.4091126383139733e-09,3.4091126383139733e-09,2.1008968258714062e-07,3.2472642558955085e-09
11.272085829953772,3.4091126383139733e-09,3.4091126383139733e-09,2.1424617540136354e-07,3.382426782519002e-09
11.279052508464249,3.4091126383139733e-09,3.4091126383139733e-09,2.1842399055553536e-07,3.5271020300260315e-09
11.286019186974727,3.4091126383139733e-09,3.4091126383139733e-09,2.226214462275757e-07,3.6820031098701747e-09
11.292985865485207,3.4091126383139733e-09,3.4091126383139733e-09,2.268367356187581e-07,3.847904845605871e-09
11.299952543995685,3.4091126383139733e-09,3.4091126383139733e-09,2.3106791605772532e-07,4.025649303838893e-09
11.306919222506162,3.4091126383139733e-09,3.4091126383139733e-09,2.353128971153713e-07,4.2161518372727575e-09
11.31388590101664,3.4091126383139733e-09,3.4091126383139733e-09,2.395694276529879e-07,4.420407675845751e-09
11.320852579527118,3.4091126383139733e-09,3.4091126383139733e-09,2.4383508169367937e-07,4.6394991218874195e-09
11.327819258037598,3.4091126383139733e-09,3.4091126383139733e-09,2.481072430224673e-07,4.874603396755353e-09
11.334785936548077,3.4091126383139733e-09,3.4091126383139733e-09,2.523830883875185e-07,5.1270011924903e-09
11.341752615058553,3.4091126383139733e-09,3.4091126383139733e-09,2.566595692284043e-07,5.398085978067197e-09
11.348719293569031,3.4091126383139733e-09,3.4091126383139733e-09,2.6093339179261443e-07,5.689374118106129e-09
11.35568597207951,3.4091126383139733e-09,3.4091126383139733e-09,2.652009954940038e-07,6.002515865881249e-09
11.36265265058999,3.4091126383139733e-09,3.4091126383139733e-09,2.694585293676231e-07,6.339307294811873e-09
11.369619329100466,3.4091126383139733e-09,3.4091126383139733e-09,2.7370182649184654e-07,6.701703230209991e-09
11.376586007610944,3.4091126383139733e-09,3.4091126383139733e-09,2.7792637631713256e-07,7.091831200490176e-09
11.383552686121423,3.4091126383139733e-09,3.4091126383139733e-09,2.8212729464284335e-07,7.512006509359241e-09
11.390519364631901,3.4091126383139733e-09,3.4091126383139733e-09,2.862992911882135e-07,7.964748449141061e-09
11.397486043142381,3.4091126383139733e-09,3.4091126383139733e-09,2.904366344069785e-07,8.452797730049455e-09
11.404452721652858,3.4091126383139733e-09,3.4091126383139733e-09,2.945331137058921e-07,8.979135107145592e-09
11.411419400163336,3.4091126383139733e-09,3.4091126383139733e-09,2.985819989140896e-07,9.5470012126079e-09
11.418386078673814,3.4091126383139733e-09,3.4091126383139733e-09,3.025759968293358e-07,1.0159917591895943e-08
11.425352757184292,3.4091126383139733e-09,3.4091126383139733e-09,3.065072046898744e-07,1.0821708921928327e-08
11.43231943569477,3.4091126383139733e-09,3.4091126383139733e-09,3.1036706044964026e-07,1.1536526364271008e-08
11.439286114205249,3.4091126383139733e-09,3.4091126383139733e-09,3.141462898353187e-07,1.2308871957075975e-08
11.446252792715727,3.4091126383139733e-09,3.4091126383139733e-09,3.178348515631395e-07,1.3143623490946211e-08
11.453219471226205,3.4091126383139733e-09,3.4091126383139733e-09,3.214218791562639e-07,1.4046060068326877e-08
11.460186149736684,3.4091126383139733e-09,3.4091126383139733e-09,3.2489562014093575e-07,1.5021887888819194e-08
11.467152828247162,3.4091126383139733e-09,3.4091126383139733e-09,3.282433736896852e-07,1.6077265607742445e-08
11.47411950675764,3.4091126383139733e-09,3.4091126383139733e-09,3.314514268533792e-07,1.7218828800738085e-08
11.481086185268119,3.4091126383139733e-09,3.4091126383139733e-09,3.345049901658216e-07,1.845371277456353e-08
11.488052863778597,3.4091126383139733e-09,3.4091126383139733e-09,3.3738813395476943e-07,1.9789572714945276e-08
11.495019542289073,3.4091126383139733e-09,3.4091126383139733e-09,3.4008372652890307e-07,2.1234600039669117e-08
11.501986220799553,3.4091126383139733e-09,3.4091126383139733e-09,3.425733760297916e-07,2.2797533507082253e-08
11.508952899310032,3.4091126383139733e-09,3.4091126383139733e-09,3.448373781743441e-07,2.4487663329510553e-08
11.51591957782051,3.4091126383139733e-09,3.4091126383139733e-09,3.468546723394913e-07,2.6314826250316896e-08
11.522886256330988,3.4091126383139733e-09,3.4091126383139733e-09,3.486028093769955e-07,2.8289389092227635e-08
11.529852934841465,3.4091126383139733e-09,3.4091126383139733e-09,3.500579347750641e-07,3.042221794338954e-08
11.536819613351945,3.4091126383139733e-09,3.4091126383139733e-09,3.511947916848438e-07,3.2724629659714074e-08
11.543786291862423,3.4091126383139733e-09,3.4091126383139733e-09,3.5198674906746546e-07,3.520832191036825e-08
11.550752970372901,3.4091126383139733e-09,3.4091126383139733e-09,3.524058606668017e-07,3.788527756567796e-08
11.557719648883378,3.4091126383139733e-09,3.4091126383139733e-09,3.5242296188773354e-07,4.0767638728912114e-08
11.564686327393856,3.4091126383139733e-09,3.4091126383139733e-09,3.520078117026151e-07,4.3867545426374816e-08
11.571653005904336,3.4091126383139733e-09,3.4091126383139733e-09,3.5112928786453895e-07,4.7196933657112554e-08
11.578619684414814,3.4091126383139733e-09,3.4091126383139733e-09,3.497556440177371e-07,5.076728747726298e-08
11.585586362925293,3.4091126383139733e-09,3.4091126383139733e-09,3.478548374166156e-07,5.4589339899997354e-08
11.59255304143577,3.4091126383139733e-09,3.4091126383139733e-09,3.4539493614998027e-07,5.867271805374848e-08
11.599519719946247,3.4091126383139733e-09,3.4091126383139733e-09,3.423446138395308e-07,6.302552887204292e-08
11.606486398456726,3.4091126383139733e-09,3.4091126383139733e-09,3.386737385079589e-07,6.765388328907762e-08
11.613453076967206,3.4091126383139733e-09,3.4091126383139733e-09,3.34354060204083e-07,7.256135920886485e-08
11.620419755477682,3.4091126383139733e-09,3.4091126383139733e-09,3.293599996547664e-07,7.774840623807414e-08
11.62738643398816,3.4091126383139733e-09,3.4091126383139733e-09,3.2366953356515297e-07,8.321169996225202e-08
11.634353112498639,3.4091126383139733e-09,3.4091126383139733e-09,3.172651700109528e-07,8.89434575712553e-08
11.641319791009117,3.4091126383139733e-09,3.4091126383139733e-09,3.101349977043895e-07,9.493073315506774e-08
11.648286469519597,3.4091126383139733e-09,3.4091126383139733e-09,3.022737841277592e-07,1.0115471745982043e-07
11.655253148030074,3.4091126383139733e-09,3.4091126383139733e-09,2.9368409496361697e-07,1.0759007417801298e-07
11.662219826540552,3.4091126383139733e-09,3.4091126383139733e-09,2.8437738705300166e-07,1.1420435179080205e-07
11.66918650505103,3.4091126383139733e-09,3.4091126383139733e-09,2.743750242043958e-07,1.2095751724711327e-07
11.676153183561508,3.4091126383139733e-09,3.4091126383139733e-09,2.637091574462705e-07,1.278016625521036e-07
11.683119862071987,3.4091126383139733e-09,3.4091126383139733e-09,2.524233987511575e-07,1.3468093837233461e-07
11.690086540582465,3.4091126383139733e-09,3.4091126383139733e-09,2.405732191178633e-07,1.4153176901280434e-07
11.697053219092943,3.4091126383139733e-09,3.4091126383139733e-09,2.2822599906082866e-07,1.4828339627514384e-07
11.704019897603422,3.4091126383139733e-09,3.4091126383139733e-09,2.1546066970081708e-07,1.548587917240462e-07
11.7109865761139,3.4091126383139733e-09,3.4091126383139733e-09,2.0236689443863137e-07,1.611759578636531e-07
11.717953254624378,3.4091126383139733e-09,3.4091126383139733e-09,1.8904376187132992e-07,1.671496204208045e-07
11.724919933134856,3.4091126383139733e-09,3.4091126383139733e-09,1.755979901506131e-07,1.7269328154823489e-07
11.731886611645335,3.4091126383139733e-09,3.4091126383139733e-09,1.6214167263330454e-07,1.7772157955500255e-07
11.738853290155813,3.4091126383139733e-09,3.4091126383139733e-09,1.4878963348796778e-07,1.8215286525735033e-07
11.74581996866629,3.4091126383139733e-09,3.4091126383139733e-09,1.356564926523428e-07,1.859118799103087e-07
11.75278664717677,3.4091126383139733e-09,3.4091126383139733e-09,1.2285357646751038e-07,1.889323952927024e-07
11.759753325687248,3.4091126383139733e-09,3.4091126383139733e-09,1.1048582631627058e-07,1.911596661717196e-07
11.766720004197726,3.4091126383139733e-09,3.4091126383139733e-09,9.864887372701913e-08,1.9255254376747228e-07
11.773686682708204,3.4091126383139733e-09,3.4091126383139733e-09,8.7426444098993e-08,1.9308511207330752e-07
11.78065336121868,3.4091126383139733e-09,3.4091126383139733e-09,7.688823705853632e-08,1.927477371218253e-07
11.78762003972916,3.4091126383139733e-09,3.4091126383139733e-09,6.708839709367005e-08,1.9154745573010923e-07
11.794586718239639,3.4091126383139733e-09,3.4091126383139733e-09,5.8064649261063225e-08,1.8950767598667945e-07
11.801553396750117,3.4091126383139733e-09,3.4091126383139733e-09,4.983812607760149e-08,1.866672122986838e-07
11.808520075260594,3.4091126383139733e-09,3.4091126383139733e-09,4.2413863262724214e-08,1.8307872137108216e-07
11.815486753771072,3.4091126383139733e-09,3.4091126383139733e-09,3.578189717216243e-08,1.7880664719923614e-07
11.822453432281552,3.4091126383139733e-09,3.4091126383139733e-09,2.9918861784819254e-08,1.7392480848345889e-07
11.82942011079203,3.4091126383139733e-09,3.4091126383139733e-09,2.478995674860446e-08,1.685137803642339e-07
11.836386789302509,3.4091126383139733e-09,3.4091126383139733e-09,2.0351148395333033e-08,1.6265821998083607e-07
11.843353467812985,3.4091126383139733e-09,3.4091126383139733e-09,1.655146524487868e-08,1.5644427678078644e-07
11.850320146323464,3.4091126383139733e-09,3.4091126383139733e-09,1.3335262252932812e-08,1.499572063643445e-07
11.857286824833944,3.4091126383139733e-09,3.4091126383139733e-09,1.0644347275716757e-08,1.432792792676828e-07
11.864253503344422,3.4091126383139733e-09,3.4091126383139733e-09,8.419889006051352e-09,1.3648804537624227e-07
11.871220181854898,3.4091126383139733e-09,3.4091126383139733e-09,6.604051805157067e-09,1.2965498484462584e-07
11.878186860365377,3.4091126383139733e-09,3.4091126383139733e-09,5.1413286758364745e-09,1.22844548127188e-07
11.885153538875855,3.4091126383139733e-09,3.4091126383139733e-09,3.979566596187926e-09,1.1611356609257668e-07
11.892120217386335,3.4091126383139733e-09,3.4091126383139733e-09,3.070696682336112e-09,1.0951099351464044e-07
11.899086895896813,3.4091126383139733e-09,3.4091126383139733e-09,2.37119533262515e-09,1.0307793876971662e-07
11.90605357440729,3.4091126383139733e-09,3.4091126383139733e-09,1.8423112925358094e-09,9.684792636517273e-08
11.913020252917768,3.4091126383139733e-09,3.4091126383139733e-09,1.4500980500087073e-09,9.08473384889075e-08
11.919986931428246,3.4091126383139733e-09,3.4091126383139733e-09,1.1652918724185124e-09,8.509598399689649e-08
11.926953609938725,3.4091126383139733e-09,3.4091126383139733e-09,9.630740291065755e-10,7.960774840936177e-08
11.933920288449203,3.4091126383139733e-09,3.4091126383139733e-09,8.227521248021237e-10,7.43912849522388e-08
11.940886966959681,3.4091126383139733e-09,3.4091126383139733e-09,7.273907243648132e-10,6.945071403212923e-08
11.94785364547016,3.4091126383139733e-09,3.4091126383139733e-09,6.634163184971607e-10,6.478630554122366e-08
11.954820323980638,3.4091126383139733e-09,3.4091126383139733e-09,6.202165110848918e-10,6.039512520123316e-08
11.961787002491116,3.4091126383139733e-09,3.4091126383139733e-09,5.897485046706411e-10,5.6271632071011455e-08
11.968753681001594,3.4091126383139733e-09,3.4091126383139733e-09,5.661676973549757e-10,5.240821938804767e-08
11.975720359512072,3.4091126383139733e-09,3.4091126383139733e-09,5.454835811960485e-10,4.879569499966051e-08
11.98268703802255,3.4091126383139733e-09,3.4091126383139733e-09,5.252471738157364e-10,4.542370081722453e-08
11.989653716533029,3.4091126383139733e-09,3.4091126383139733e-09,5.042718897622512e-10,4.228107307831267e-08
11.996620395043506,3.4091126383139733e-09,3.4091126383139733e-09,4.823880041398822e-10,3.935614684135207e-08
12.003587073553986,3.4091126383139733e-09,3.4091126383139733e-09,4.602295992478618e-10,3.6637009188924854e-08
12.010553752064464,3.4091126383139733e-09,3.4091126383139733e-09,4.390520312029933e-10,3.411170619650974e-08
12.017520430574942,3.4091126383139733e-09,3.4091126383139733e-09,4.205774267150397e-10,3.17684089447263e-08
12.02448710908542,3.4091126383139733e-09,3.4091126383139733e-09,4.068654460297384e-10,2.959554380910998e-08
12.031453787595897,3.4091126383139733e-09,3.4091126383139733e-09,4.002064623233698e-10,2.7581892033221433e-08
12.038420466106377,3.4091126383139733e-09,3.4091126383139733e-09,4.0303435705272357e-10,2.5716663241094045e-08
12.045387144616855,3.4091126383139733e-09,3.4091126383139733e-09,4.1785627094547067e-10,2.39895471268404e-08
12.052353823127333,3.4091126383139733e-09,3.4091126383139733e-09,4.4719684794049124e-10,2.239074710808018e-08
12.05932050163781,3.4091126383139733e-09,3.4091126383139733e-09,4.935547382430643e-10,2.0910999275110254e-08
12.066287180148288,3.4091126383139733e-09,3.4091126383139733e-09,5.593693678294277e-10,1.954157952783545e-08
12.073253858658768,3.4091126383139733e-09,3.4091126383139733e-09,6.469962216004099e-10,1.8274301378004072e-08
12.080220537169247,3.4091126383139733e-09,3.4091126383139733e-09,7.586891168123828e-10,1.7101506518670892e-08
12.087187215679725,3.4091126383139733e-09,3.4091126383139733e-09,8.965881589245773e-10,1.601604992928667e-08
12.094153894190201,3.4091126383139733e-09,3.4091126383139733e-09,1.0627122624314162e-09,1.501128096195316e-08
12.10112057270068,3.4091126383139733e-09,3.4091126383139733e-09,1.2589552999298196e-09,1.408102163060135e-08
12.10808725121116,3.4091126383139733e-09,3.4091126383139733e-09,1.4870850899773401e-09,1.3219543060194698e-08
12.115053929721638,3.4091126383139733e-09,3.4091126383139733e-09,1.748744567580254e-09,1.242154087219494e-08
12.122020608232114,3.4091126383139733e-09,3.4091126383139733e-09,2.045454609210459e-09,1.1682110156834091e-08
12.128987286742593,3.4091126383139733e-09,3.4091126383139733e-09,2.3786180704647313e-09,1.0996720492326511e-08
12.135953965253071,3.4091126383139733e-09,3.4091126383139733e-09,2.7495246663210606e-09,1.0361191350037837e-08
12.142920643763551,3.4091126383139733e-09,3.4091126383139733e-09,3.15935643411586e-09,9.771668226070964e-09
12.14988732227403,3.4091126383139733e-09,3.4091126383139733e-09,3.6091935380395e-09,9.224599653822733e-09
12.156854000784506,3.4091126383139733e-09,3.4091126383139733e-09,4.100020236409479e-09,8.71671524098373e-09
12.163820679294984,3.4091126383139733e-09,3.4091126383139733e-09,4.632730876993309e-09,8.245004823655007e-09
12.170787357805462,3.4091126383139733e-09,3.4091126383139733e-09,5.208135826261689e-09,7.806698803853547e-09
12.177754036315942,3.4091126383139733e-09,3.4091126383139733e-09,5.826967249528315e-09,7.399249679205302e-09
12.184720714826419,3.4091126383139733e-09,3.4091126383139733e-09,6.489884657455891e-09,7.0203147197282654e-09
12.191687393336897,3.4091126383139733e-09,3.4091126383139733e-09,7.197480230530129e-09,6.667739848706161e-09
12.198654071847375,3.4091126383139733e-09,3.4091126383139733e-09,7.950283860368883e-09,6.33954463343551e-09
12.205620750357854,3.4091126383139733e-09,3.4091126383139733e-09,8.74876790225472e-09,6.0339083620569815e-09
12.212587428868334,3.4091126383139733e-09,3.4091126383139733e-09,9.59335163139742e-09,5.7491571518612444e-09
12.21955410737881,3.4091126383139733e-09,3.4091126383139733e-09,1.0484405407185136e-08,5.483752038195093e-09
12.226520785889289,3.4091126383139733e-09,3.4091126383139733e-09,1.1422254553520542e-08,5.236277992001811e-09
12.233487464399767,3.4091126383139733e-09,3.4091126383139733e-09,1.240718294643311e-08,5.005433792842738e-09
12.240454142910245,3.4091126383139733e-09,3.4091126383139733e-09,1.3439436333911985e-08,4.7900227132879865e-09
12.247420821420722,3.4091126383139733e-09,3.4091126383139733e-09,1.4519225401589381e-08,4.5889439603725455e-09
12.254387499931202,3.4091126383139733e-09,3.4091126383139733e-09,1.5646728590646246e-08,4.401184813645643e-09
12.26135417844168,3.4091126383139733e-09,3.4091126383139733e-09,1.6822094683125524e-08,4.2258134118549476e-09
12.268320856952158,3.4091126383139733e-09,3.4091126383139733e-09,1.8045445170141758e-08,4.061972138520856e-09
12.275287535462637,3.4091126383139733e-09,3.4091126383139733e-09,1.9316876418784425e-08,3.908871561037562e-09
12.282254213973113,3.4091126383139733e-09,3.4091126383139733e-09,2.063646165188247e-08,3.765784881254835e-09
12.289220892483593,3.4091126383139733e-09,3.4091126383139733e-09,2.2004252746779865e-08,3.632042853555708e-09
12.296187570994071,3.4091126383139733e-09,3.4091126383139733e-09,2.342028187097068e-08,3.5070291337278223e-09
12.30315424950455,3.4091126383139733e-09,3.4091126383139733e-09,2.488456296970451e-08,3.3901760266933727e-09
12.310120928015026,3.4091126383139733e-09,3.4091126383139733e-09,2.6397093111358586e-08,3.2809605966095897e-09
12.317087606525504,3.4091126383139733e-09,3.4091126383139733e-09,2.7957853702480555e-08,3.178901111274983e-09
12.324054285035984,3.4091126383139733e-09,3.4091126383139733e-09,2.9566811582772454e-08,3.083553792598184e-09
12.331020963546463,3.4091126383139733e-09,3.4091126383139733e-09,3.122392000981197e-08,2.994509847626801e-09
12.337987642056941,3.4091126383139733e-09,3.4091126383139733e-09,3.2929119541625025e-08,2.911392756914302e-09
12.344954320567417,3.4091126383139733e-09,3.4091126383139733e-09,3.468233882297809e-08,2.8338557987127145e-09
12.351920999077896,3.4091126383139733e-09,3.4091126383139733e-09,3.648349528341495e-08,2.7615797888561267e-09
12.358887677588376,3.4091126383139733e-09,3.4091126383139733e-09,3.833249575485533e-08,2.6942710190614164e-09
12.365854356098854,3.4091126383139733e-09,3.4091126383139733e-09,4.022923701289656e-08,2.6316593765675563e-09
12.37282103460933,3.4091126383139733e-09,3.4091126383139733e-09,4.217360624709443e-08,2.573496630489362e-09
12.379787713119809,3.4091126383139733e-09,3.4091126383139733e-09,4.416548146515887e-08,2.5195548711054798e-09
12.386754391630287,3.4091126383139733e-09,3.4091126383139733e-09,4.6204731835640804e-08,2.469625089564311e-09
12.393721070140767,3.4091126383139733e-09,3.4091126383139733e-09,4.829121797265097e-08,2.4235158866953154e-09
12.400687748651245,3.4091126383139733e-09,3.4091126383139733e-09,5.042479216511867e-08,2.3810523007577083e-09
12.407654427161722,3.4091126383139733e-09,3.4091126383139733e-09,5.2605298553942576e-08,2.3420747449138122e-09
12.4146211056722,3.4091126383139733e-09,3.4091126383139733e-09,5.483257325956263e-08,2.3064380457553516e-09
12.421587784182679,3.4091126383139733e-09,3.4091126383139733e-09,5.710644446197885e-08,2.2740105754244883e-09
12.428554462693159,3.4091126383139733e-09,3.4091126383139733e-09,5.9426732434611944e-08,2.2446734704997137e-09
12.435521141203635,3.4091126383139733e-09,3.4091126383139733e-09,6.179324953305737e-08,2.2183199315577798e-09
12.442487819714113,3.4091126383139733e-09,3.4091126383139733e-09,6.420580014012444e-08,2.1948545978596875e-09
12.449454498224592,3.4091126383139733e-09,3.4091126383139733e-09,6.666418056794293e-08,2.1741929922361655e-09
12.45642117673507,3.4091126383139733e-09,3.4091126383139733e-09,6.916817891733225e-08,2.1562610318351386e-09
12.46338785524555,3.4091126383139733e-09,3.4091126383139733e-09,7.171757489396184e-08,2.140994600952544e-09
12.470354533756026,3.4091126383139733e-09,3.4091126383139733e-09,7.431213958093764e-08,2.1283391827445263e-09
12.477321212266505,3.4091126383139733e-09,3.4091126383139733e-09,7.695163516816619e-08,2.118249546730487e-09
12.484287890776983,3.4091126383139733e-09,3.4091126383139733e-09,7.963581463641597e-08,2.1106894897673835e-09
12.491254569287461,3.4091126383139733e-09,3.4091126383139733e-09,8.236442139592145e-08,2.105631628410045e-09
12.498221247797938,3.4091126383139733e-09,3.4091126383139733e-09,8.513718887695487e-08,2.103057241067311e-09
12.505187926308418,3.4091126383139733e-09,3.4091126383139733e-09,8.795384007056005e-08,2.1029561586833983e-09
12.512154604818896,3.4091126383139733e-09,3.4091126383139733e-09,9.081408701735394e-08,2.1053267030337486e-09
12.519121283329374,3.4091126383139733e-09,3.4091126383139733e-09,9.37176302419196e-08,2.1101756720929628e-09
12.526087961839853,3.4091126383139733e-09,3.4091126383139733e-09,9.666415812988292e-08,2.1175183722957723e-09
12.53305464035033,3.4091126383139733e-09,3.4091126383139733e-09,9.965334624437352e-08,2.1273786978732187e-09
12.54002131886081,3.4091126383139733e-09,3.4091126383139733e-09,1.0268485657809762e-07,2.1397892577960663e-09
12.546987997371287,3.4091126383139733e-09,3.4091126383139733e-09,1.0575833673365175e-07,2.1547915507175104e-09
12.553954675881766,3.4091126383139733e-09,3.4091126383139733e-09,1.0887341903151245e-07,2.172436189815308e-09
12.560921354392242,3.4091126383139733e-09,3.4091126383139733e-09,1.1202971954018162e-07,2.1927831788936737e-09
12.56788803290272,3.4091126383139733e-09,3.4091126383139733e-09,1.1522683701947725e-07,2.215902241496009e-09
12.5748547114132,3.4091126383139733e-09,3.4091126383139733e-09,1.1846435177293504e-07,2.241873205421853e-09
12.581821389923679,3.4091126383139733e-09,3.4091126383139733e-09,1.2174182440153417e-07,2.270786445380825e-09
12.588788068434157,3.4091126383139733e-09,3.4091126383139733e-09,1.2505879445074139e-07,2.302743387056876e-09
12.595754746944634,3.4091126383139733e-09,3.4091126383139733e-09,1.2841477894239344e-07,2.3378570762893305e-09
12.602721425455112,3.4091126383139733e-09,3.4091126383139733e-09,1.3180927078245903e-07,2.376252817539799e-09
12.609688103965592,3.4091126383139733e-09,3.4091126383139733e-09,1.3524173703476598e-07,2.418068886100586e-09
12.61665478247607,3.4091126383139733e-09,3.4091126383139733e-09,1.3871161704604004e-07,2.463457318441794e-09
12.623621460986547,3.4091126383139733e-09,3.4091126383139733e-09,1.4221832041537742e-07,2.512584788285823e-09
12.630588139497025,3.4091126383139733e-09,3.4091126383139733e-09,1.4576122479028576e-07,2.565633573546688e-09
12.637554818007503,3.4091126383139733e-09,3.4091126383139733e-09,1.493396734755987e-07,2.6228026216392046e-09
12.644521496517983,3.4091126383139733e-09,3.4091126383139733e-09,1.5295297284081028e-07,2.6843087205339305e-09
12.651488175028462,3.4091126383139733e-09,3.4091126383139733e-09,1.5660038950680006e-07,2.7503877844292987e-09
12.658454853538938,3.4091126383139733e-09,3.4091126383139733e-09,1.60281147292041e-07,2.8212962637695275e-09
12.665421532049416,3.4091126383139733e-09,3.4091126383139733e-09,1.6399442389756207e-07,2.8973126902054977e-09
12.672388210559895,3.4091126383139733e-09,3.4091126383139733e-09,1.677393473091452e-07,2.978739368038275e-09
12.679354889070375,3.4091126383139733e-09,3.4091126383139733e-09,1.7151499189237592e-07,3.0659042228096196e-09
12.686321567580851,3.4091126383139733e-09,3.4091126383139733e-09,1.7532037414805238e-07,3.1591628215555026e-09
12.69328824609133,3.4091126383139733e-09,3.4091126383139733e-09,1.7915444810780244e-07,3.258900581687045e-09
12.700254924601808,3.4091126383139733e-09,3.4091126383139733e-09,1.8301610032539808e-07,3.3655351824564824e-09
12.707221603112286,3.4091126383139733e-09,3.4091126383139733e-09,1.8690414443891636e-07,3.479519196830675e-09
12.714188281622766,3.4091126383139733e-09,3.4091126383139733e-09,1.9081731526459076e-07,3.6013429623865607e-09
12.721154960133243,3.4091126383139733e-09,3.4091126383139733e-09,1.947542623774339e-07,3.731537712561736e-09
12.72812163864372,3.4091126383139733e-09,3.4091126383139733e-09,1.987135431323263e-07,3.87067899124842e-09
12.735088317154199,3.4091126383139733e-09,3.4091126383139733e-09,2.0269361507804676e-07,4.019390375496836e-09
12.742054995664677,3.4091126383139733e-09,3.4091126383139733e-09,2.0669282771812763e-07,4.178347530727644e-09
12.749021674175154,3.4091126383139733e-09,3.4091126383139733e-09,2.1070941355940698e-07,4.3482826205064354e-09
12.755988352685634,3.4091126383139733e-09,3.4091126383139733e-09,2.1474147838558448e-07,4.529989113276921e-09
12.762955031196112,3.4091126383139733e-09,3.4091126383139733e-09,2.1878699068297701e-07,4.724327008981539e-09
12.76992170970659,3.4091126383139733e-09,3.4091126383139733e-09,2.2284377015440685e-07,4.932228522053296e-09
12.776888388217069,3.4091126383139733e-09,3.4091126383139733e-09,2.2690947526187407e-07,5.154704252658068e-09
12.783855066727545,3.4091126383139733e-09,3.4091126383139733e-09,2.3098158970614348e-07,5.392849884764265e-09
12.790821745238025,3.4091126383139733e-09,3.4091126383139733e-09,2.3505740774962263e-07,5.647853451805576e-09
12.797788423748504,3.4091126383139733e-09,3.4091126383139733e-09,2.3913401828850965e-07,5.921003212645447e-09
12.804755102258982,3.4091126383139733e-09,3.4091126383139733e-09,2.4320828758678096e-07,6.213696180245165e-09
12.811721780769458,3.4091126383139733e-09,3.4091126383139733e-09,2.4727684063521457e-07,6.527447317079669e-09
12.818688459279937,3.4091126383139733e-09,3.4091126383139733e-09,2.51336040944971e-07,6.863899472871408e-09
12.825655137790417,3.4091126383139733e-09,3.4091126383139733e-09,2.553819687233271e-07,7.224834088482398e-09
12.832621816300895,3.4091126383139733e-09,3.4091126383139733e-09,2.594103972629402e-07,7.612182709504685e-09
12.839588494811373,3.4091126383139733e-09,3.4091126383139733e-09,2.6341676754959075e-07,8.028039327602293e-09
12.84655517332185,3.4091126383139733e-09,3.4091126383139733e-09,2.673961609688484e-07,8.474673574619075e-09
12.853521851832328,3.4091126383139733e-09,3.4091126383139733e-09,2.7134326997935865e-07,8.954544792840175e-09
12.860488530342808,3.4091126383139733e-09,3.4091126383139733e-09,2.7525236662984564e-07,9.470316997356203e-09
12.867455208853286,3.4091126383139733e-09,3.4091126383139733e-09,2.791172688095439e-07,1.0024874737100745e-08
12.874421887363763,3.4091126383139733e-09,3.4091126383139733e-09,2.829313043346676e-07,1.0621339789556263e-08
12.881388565874241,3.4091126383139733e-09,3.4091126383139733e-09,2.866872731276262e-07,1.1263088539731423e-08
12.88835524438472,3.4091126383139733e-09,3.4091126383139733e-09,2.903774066674274e-07,1.1953770202854672e-08
12.8953219228952,3.4091126383139733e-09,3.4091126383139733e-09,2.939933254936167e-07,1.2697325552624899e-08
12.902288601405678,3.4091126383139733e-09,3.4091126383139733e-09,2.975259946685462e-07,1.3498006052053917e-08
12.909255279916154,3.4091126383139733e-09,3.4091126383139733e-09,3.0096567743518823e-07,1.4360393137150712e-08
12.916221958426632,3.4091126383139733e-09,3.4091126383139733e-09,3.0430188723896e-07,1.5289417370664208e-08
12.92318863693711,3.4091126383139733e-09,3.4091126383139733e-09,3.075233383932921e-07,1.629037710380115e-08
12.93015531544759,3.4091126383139733e-09,3.4091126383139733e-09,3.106178964378993e-07,1.7368956036331143e-08
12.937121993958067,3.4091126383139733e-09,3.4091126383139733e-09,3.1357252836157945e-07,1.8531239172293105e-08
12.944088672468546,3.4091126383139733e-09,3.4091126383139733e-09,3.16373253656007e-07,1.9783726397537962e-08
12.951055350979024,3.4091126383139733e-09,3.4091126383139733e-09,3.190050974983805e-07,2.113334271867769e-08
12.958022029489502,3.4091126383139733e-09,3.4091126383139733e-09,3.2145204733555985e-07,2.2587444078337304e-08
12.964988707999982,3.4091126383139733e-09,3.4091126383139733e-09,3.2369701432216145e-07,2.4153817462796267e-08
12.971955386510459,3.4091126383139733e-09,3.4091126383139733e-09,3.2572180199622166e-07,2.584067367785207e-08
12.978922065020937,3.4091126383139733e-09,3.4091126383139733e-09,3.2750708438518353e-07,2.7656631009215856e-08
12.985888743531415,3.4091126383139733e-09,3.4091126383139733e-09,3.290323962979398e-07,2.9610687671304556e-08
12.992855422041893,3.4091126383139733e-09,3.4091126383139733e-09,3.302761393262167e-07,3.1712180602405025e-08
12.999822100552372,3.4091126383139733e-09,3.4091126383139733e-09,3.3121560717821104e-07,3.397072791766529e-08
13.00678877906285,3.4091126383139733e-09,3.4091126383139733e-09,3.318270346933984e-07,3.6396151986431206e-08
13.013755457573328,3.4091126383139733e-09,3.4091126383139733e-09,3.3208567559267243e-07,3.8998379819005594e-08
13.020722136083807,3.4091126383139733e-09,3.4091126383139733e-09,3.3196591402451136e-07,4.178731724594329e-08
13.027688814594285,3.4091126383139733e-09,3.4091126383139733e-09,3.314414159186257e-07,4.477269318563273e-08
13.034655493104763,3.4091126383139733e-09,3.4091126383139733e-09,3.3048532615548113e-07,4.7963870269289446e-08
13.041622171615241,3.4091126383139733e-09,3.4091126383139733e-09,3.2907051787602137e-07,5.136961823516119e-08
13.04858885012572,3.4091126383139733e-09,3.4091126383139733e-09,3.2716990013732796e-07,5.49978468634463e-08
13.055555528636198,3.4091126383139733e-09,3.4091126383139733e-09,3.247567896744212e-07,5.8855295864927026e-08
13.062522207146674,3.4091126383139733e-09,3.4091126383139733e-09,3.218053516787917e-07,6.294718022535635e-08
13.069488885657153,3.4091126383139733e-09,3.4091126383139733e-09,3.182911134292989e-07,6.727679083296064e-08
13.076455564167633,3.4091126383139733e-09,3.4091126383139733e-09,3.141915519408825e-07,7.184505247032104e-08
13.083422242678111,3.4091126383139733e-09,3.4091126383139733e-09,3.094867549323355e-07,7.665004352757078e-08
13.09038892118859,3.4091126383139733e-09,3.4091126383139733e-09,3.0416014993072335e-07,8.168648521819111e-08
13.097355599699066,3.4091126383139733e-09,3.4091126383139733e-09,2.9819929291017887e-07,8.694521173157738e-08
13.104322278209544,3.4091126383139733e-09,3.4091126383139733e-09,2.9159670147366865e-07,9.241263717802096e-08
13.111288956720024,3.4091126383139733e-09,3.4091126383139733e-09,2.843507126167467e-07,9.807023989019504e-08
13.118255635230502,3.4091126383139733e-09,3.4091126383139733e-09,2.764663377724243e-07,1.038940895079565e-07
13.125222313740979,3.4091126383139733e-09,3.4091126383139733e-09,2.67956081951272e-07,1.0985444713117729e-07
13.132188992251457,3.4091126383139733e-09,3.4091126383139733e-09,2.5884068636053376e-07,1.1591547266629734e-07
13.139155670761935,3.4091126383139733e-09,3.4091126383139733e-09,2.491497495107473e-07,1.2203507660344208e-07
13.146122349272416,3.4091126383139733e-09,3.4091126383139733e-09,2.3892217714600453e-07,1.2816495407643263e-07
13.153089027782894,3.4091126383139733e-09,3.4091126383139733e-09,2.2820641087941296e-07,1.342508380908611e-07
13.16005570629337,3.4091126383139733e-09,3.4091126383139733e-09,2.1706038666444664e-07,1.4023300313454477e-07
13.167022384803849,3.4091126383139733e-09,3.4091126383139733e-09,2.0555118112723674e-07,1.4604704314111903e-07
13.173989063314327,3.4091126383139733e-09,3.4091126383139733e-09,1.9375431423433167e-07,1.5162493416334536e-07
13.180955741824807,3.4091126383139733e-09,3.4091126383139733e-09,1.817526911057149e-07,1.568963786264431e-07
13.187922420335283,3.4091126383139733e-09,3.4091126383139733e-09,1.696351872467407e-07,1.6179040571932424e-07
13.194889098845762,3.4091126383139733e-09,3.4091126383139733e-09,1.5749490143662072e-07,1.6623718586533176e-07
13.20185577735624,3.4091126383139733e-09,3.4091126383139733e-09,1.4542712721294957e-07,1.7016999360848943e-07
13.208822455866718,3.4091126383139733e-09,3.4091126383139733e-09,1.3352711440999133e-07,1.735272365558467e-07
13.215789134377198,3.4091126383139733e-09,3.4091126383139733e-09,1.2188771686972458e-07,1.7625445226485612e-07
13.222755812887675,3.4091126383139733e-09,3.4091126383139733e-09,1.1059703332658493e-07,1.783061680896137e-07
13.229722491398153,3.4091126383139733e-09,3.4091126383139733e-09,9.973615958793562e-08,1.7964751817662164e-07
13.236689169908631,3.4091126383139733e-09,3.4091126383139733e-09,8.937716622810865e-08,1.8025552006451188e-07
13.24365584841911,3.4091126383139733e-09,3.4091126383139733e-09,7.958140817362612e-08,1.8011993212733583e-07
13.250622526929588,3.4091126383139733e-09,3.4091126383139733e-09,7.039824983138725e-08,1.79243636290818e-07
13.257589205440066,3.4091126383139733e-09,3.4091126383139733e-09,6.186426493332452e-08,1.7764252115897216e-07
13.264555883950544,3.4091126383139733e-09,3.4091126383139733e-09,5.4002937883874474e-08,1.753448741138327e-07
13.271522562461023,3.4091126383139733e-09,3.4091126383139733e-09,4.682486071320231e-08,1.7239032118747968e-07
13.278489240971501,3.4091126383139733e-09,3.4091126383139733e-09,4.032838836668718e-08,1.6882838315808557e-07
13.28545591948198,3.4091126383139733e-09,3.4091126383139733e-09,3.4500689525741706e-08,1.6471673540210456e-07
13.292422597992458,3.4091126383139733e-09,3.4091126383139733e-09,2.9319109035724337e-08,1.6011927540910661e-07
13.299389276502936,3.4091126383139733e-09,3.4091126383139733e-09,2.4752748238694582e-08,1.5510410294127186e-07
13.306355955013414,3.4091126383139733e-09,3.4091126383139733e-09,2.076416533288437e-08,1.4974151599897595e-07
13.31332263352389,3.4091126383139733e-09,3.4091126383139733e-09,1.731110275567422e-08,1.4410211343375518e-07
13.32028931203437,3.4091126383139733e-09,3.4091126383139733e-09,1.434815937877342e-08,1.3825507860714547e-07
13.327255990544849,3.4091126383139733e-09,3.4091126383139733e-09,1.182834026818902e-08,1.3226669880752555e-07
13.334222669055327,3.4091126383139733e-09,3.4091126383139733e-09,9.704434107203603e-09,1.261991542722358e-07
13.341189347565805,3.4091126383139733e-09,3.4091126383139733e-09,7.930186275384277e-09,1.201095909743832e-07
13.348156026076282,3.4091126383139733e-09,3.4091126383139733e-09,6.461252225824915e-09,1.140494739005464e-07
13.355122704586762,3.4091126383139733e-09,3.4091126383139733e-09,5.2559303022840865e-09,1.0806420340681628e-07
13.36208938309724,3.4091126383139733e-09,3.4091126383139733e-09,4.275684743582109e-09,1.0219296699202673e-07
13.369056061607719,3.4091126383139733e-09,3.4091126383139733e-09,3.4854780600080637e-09,9.646879228245574e-08
13.376022740118195,3.4091126383139733e-09,3.4091126383139733e-09,2.8539374001174888e-09,9.091876375394274e-08
13.382989418628673,3.4091126383139733e-09,3.4091126383139733e-09,2.353382211915055e-09,8.556436562402697e-08
13.389956097139152,3.4091126383139733e-09,3.4091126383139733e-09,1.959741030416547e-09,8.042191505821968e-08
13.396922775649632,3.4091126383139733e-09,3.4091126383139733e-09,1.6523839043549734e-09,7.550305363080467e-08
13.40388945416011,3.4091126383139733e-09,3.4091126383139733e-09,1.4138947433388548e-09,7.081526897210853e-08
13.410856132670586,3.4091126383139733e-09,3.4091126383139733e-09,1.2298046211694133e-09,6.63624237769243e-08
13.417822811181065,3.4091126383139733e-09,3.4091126383139733e-09,1.0883037684926928e-09,6.214527389825434e-08
13.424789489691543,3.4091126383139733e-09,3.4091126383139733e-09,9.799465198709734e-10,5.8161961911624324e-08
13.431756168202023,3.4091126383139733e-09,3.4091126383139733e-09,8.973602616022853e-10,5.440847657510922e-08
13.4387228467125,3.4091126383139733e-09,3.4091126383139733e-09,8.349665196556799e-10,5.087907209749482e-08
13.445689525222978,3.4091126383139733e-09,3.4091126383139733e-09,7.887198218684188e-10,4.756664399857583e-08
13.452656203733456,3.4091126383139733e-09,3.4091126383139733e-09,7.558678858645967e-10,4.446306063119081e-08
13.459622882243934,3.4091126383139733e-09,3.4091126383139733e-09,7.347350091908356e-10,4.1559451154427047e-08
13.466589560754414,3.4091126383139733e-09,3.4091126383139733e-09,7.245292437053605e-10,3.884645199734535e-08
13.47355623926489,3.4091126383139733e-09,3.4091126383139733e-09,7.251729735680234e-10,3.631441469536554e-08
13.48052291777537,3.4091126383139733e-09,3.4091126383139733e-09,7.371558342515762e-10,3.3953578484099895e-08
13.487489596285847,3.4091126383139733e-09,3.4091126383139733e-09,7.614084596064818e-10,3.175421128486908e-08
13.494456274796326,3.4091126383139733e-09,3.4091126383139733e-09,7.991952777687937e-10,2.970672276733424e-08
13.501422953306804,3.4091126383139733e-09,3.4091126383139733e-09,8.520244497567512e-10,2.780175307667034e-08
13.508389631817282,3.4091126383139733e-09,3.4091126383139733e-09,9.21573023805266e-10,2.603024062179667e-08
13.51535631032776,3.4091126383139733e-09,3.4091126383139733e-09,1.0096254320142043e-09,2.4383472066659884e-08
13.522322988838239,3.4091126383139733e-09,3.4091126383139733e-09,1.1180235582817397e-09,2.2853117370909015e-08
13.529289667348717,3.4091126383139733e-09,3.4091126383139733e-09,1.24862674268488e-09,2.1431252429550034e-08
13.536256345859195,3.4091126383139733e-09,3.4091126383139733e-09,1.403280236166291e-09,2.0110371546843894e-08
13.543223024369674,3.4091126383139733e-09,3.4091126383139733e-09,1.583790779920549e-09,1.8883391705263938e-08
13.550189702880152,3.4091126383139733e-09,3.4091126383139733e-09,1.7919081367140489e-09,1.774365030196093e-08
13.55715638139063,3.4091126383139733e-09,3.4091126383139733e-09,2.02931154875409e-09,1.6684897781976877e-08
13.564123059901107,3.4091126383139733e-09,3.4091126383139733e-09,2.2976002416449163e-09,1.5701286385177583e-08
13.571089738411587,3.4091126383139733e-09,3.4091126383139733e-09,2.598287209871667e-09,1.4787355999060698e-08
13.578056416922065,3.4091126383139733e-09,3.4091126383139733e-09,2.9327956409735346e-09,1.3938017959698281e-08
13.585023095432543,3.4091126383139733e-09,3.4091126383139733e-09,3.302457444725165e-09,1.314853749998831e-08
13.591989773943022,3.4091126383139733e-09,3.4091126383139733e-09,3.7085134092336384e-09,1.2414515353607728e-08
13.598956452453498,3.4091126383139733e-09,3.4091126383139733e-09,4.15211462729078e-09,1.173186900226092e-08
13.605923130963978,3.4091126383139733e-09,3.4091126383139733e-09,4.634324871301981e-09,1.1096813893462694e-08
13.612889809474456,3.4091126383139733e-09,3.4091126383139733e-09,5.156123658313319e-09,1.050584489844278e-08
13.619856487984935,3.4091126383139733e-09,3.4091126383139733e-09,5.7184098002712005e-09,9.955718220160585e-09
13.626823166495411,3.4091126383139733e-09,3.4091126383139733e-09,6.322005281523401e-09,9.443433915745234e-09
13.63378984500589,3.4091126383139733e-09,3.4091126383139733e-09,6.9676593103522536e-09,8.966219115643525e-09
13.64075652351637,3.4091126383139733e-09,3.4091126383139733e-09,7.656052454128373e-09,8.521512033476344e-09
13.647723202026848,3.4091126383139733e-09,3.4091126383139733e-09,8.387800775394746e-09,8.106946808358944e-09
13.654689880537326,3.4091126383139733e-09,3.4091126383139733e-09,9.163459900005676e-09,7.720339196179993e-09
13.661656559047803,3.4091126383139733e-09,3.4091126383139733e-09,9.983528973168103e-09,7.359673117124678e-09
13.66862323755828,3.4091126383139733e-09,3.4091126383139733e-09,1.0848454473811592e-08,7.023088054592019e-09
13.67558991606876,3.4091126383139733e-09,3.4091126383139733e-09,1.1758633856768344e-08,6.708867280993036e-09
13.68255659457924,3.4091126383139733e-09,3.4091126383139733e-09,1.2714419007321032e-08,6.415426883351239e-09
13.689523273089716,3.4091126383139733e-09,3.4091126383139733e-09,1.3716119505349617e-08,6.1413055622870765e-09
13.696489951600194,3.4091126383139733e-09,3.4091126383139733e-09,1.4764005688261803e-08,5.885155163149621e-09
13.703456630110672,3.4091126383139733e-09,3.4091126383139733e-09,1.585831151464573e-08,5.64573190298092e-09
13.71042330862115,3.4091126383139733e-09,3.4091126383139733e-09,1.699923723318368e-08,5.421888255001287e-09
13.71738998713163,3.4091126383139733e-09,3.4091126383139733e-09,1.8186951859284267e-08,5.212565450209842e-09
13.724356665642107,3.4091126383139733e-09,3.4091126383139733e-09,1.9421595465819354e-08,5.016786556501895e-09
13.731323344152585,3.4091126383139733e-09,3.4091126383139733e-09,2.070328129822279e-08,4.833650098884841e-09
13.738290022663064,3.4091126383139733e-09,3.4091126383139733e-09,2.2032097719618585e-08,4.662324182515131e-09
13.745256701173542,3.4091126383139733e-09,3.4091126383139733e-09,2.3408109995536364e-08,4.502041083579916e-09
13.75222337968402,3.4091126383139733e-09,3.4091126383139733e-09,2.4831361927932384e-08,4.352092274577415e-09
13.759190058194498,3.4091126383139733e-09,3.4091126383139733e-09,2.6301877346078627e-08,4.211823851929779e-09
13.766156736704977,3.4091126383139733e-09,3.4091126383139733e-09,2.7819661463053313e-08,4.0806323356819144e-09
13.773123415215455,3.4091126383139733e-09,3.4091126383139733e-09,2.938470210726808e-08,3.957960813608376e-09
13.780090093725933,3.4091126383139733e-09,3.4091126383139733e-09,3.0996970835838414e-08,3.843295403059365e-09
13.787056772236411,3.4091126383139733e-09,3.4091126383139733e-09,3.2656423937692787e-08,3.736162006120359e-09
13.79402345074689,3.4091126383139733e-09,3.4091126383139733e-09,3.436300333403607e-08,3.6361233353196273e-09
13.800990129257368,3.4091126383139733e-09,3.4091126383139733e-09,3.6116637382254294e-08,3.5427761888495777e-09
13.807956807767846,3.4091126383139733e-09,3.4091126383139733e-09,3.791724158919963e-08,3.455748955628576e-09
13.814923486278323,3.4091126383139733e-09,3.4091126383139733e-09,3.976471924032501e-08,3.374699332402478e-09
13.821890164788803,3.4091126383139733e-09,3.4091126383139733e-09,4.1658961949287334e-08,3.299312236198875e-09
13.828856843299281,3.4091126383139733e-09,3.4091126383139733e-09,4.359985013262003e-08,3.2292978969939137e-09
13.83582352180976,3.4091126383139733e-09,3.4091126383139733e-09,4.5587253414146596e-08,3.164390116564174e-09
13.842790200320238,3.4091126383139733e-09,3.4091126383139733e-09,4.7621030962939754e-08,3.1043446807680304e-09
13.849756878830714,3.4091126383139733e-09,3.4091126383139733e-09,4.970103176764397e-08,3.0489379136127188e-09
13.856723557341194,3.4091126383139733e-09,3.4091126383139733e-09,5.182709485054475e-08,2.997965362411372e-09
13.863690235851672,3.4091126383139733e-09,3.4091126383139733e-09,5.399904942399998e-08,2.951240604335919e-09
13.87065691436215,3.4091126383139733e-09,3.4091126383139733e-09,5.621671499121748e-08,2.9085941655615093e-09
13.877623592872627,3.4091126383139733e-09,3.4091126383139733e-09,5.847990139289439e-08,2.869872545069331e-09
13.884590271383106,3.4091126383139733e-09,3.4091126383139733e-09,6.078840880148816e-08,2.8349373358527032e-09
13.891556949893586,3.4091126383139733e-09,3.4091126383139733e-09,6.314202766425093e-08,2.803664437029365e-09
13.898523628404064,3.4091126383139733e-09,3.4091126383139733e-09,6.554053859541158e-08,2.7759433510791502e-09
13.905490306914542,3.4091126383139733e-09,3.4091126383139733e-09,6.798371221762117e-08,2.751676561040414e-09
13.912456985425019,3.4091126383139733e-09,3.4091126383139733e-09,7.047130895312969e-08,2.730778983045894e-09
13.919423663935497,3.4091126383139733e-09,3.4091126383139733e-09,7.300307876414283e-08,2.713177490142148e-09
13.926390342445977,3.4091126383139733e-09,3.4091126383139733e-09,7.557876084196852e-08,2.698810503864282e-09
13.933357020956455,3.4091126383139733e-09,3.4091126383139733e-09,7.819808324316833e-08,2.6876276505962556e-09
13.940323699466932,3.4091126383139733e-09,3.4091126383139733e-09,8.086076247159632e-08,2.679589480126209e-09
13.94729037797741,3.4091126383139733e-09,3.4091126383139733e-09,8.356650300481331e-08,2.6746672442738957e-09
13.954257056487888,3.4091126383139733e-09,3.4091126383139733e-09,8.631499676284855e-08,2.6728427339237135e-09
13.961223734998368,3.4091126383139733e-09,3.4091126383139733e-09,8.910592251681124e-08,2.6741081732392197e-09
13.968190413508847,3.4091126383139733e-09,3.4091126383139733e-09,9.193894523423211e-08,2.6784661702428125e-09
13.975157092019323,3.4091126383139733e-09,3.4091126383139733e-09,9.48137153561228e-08,2.685929722966726e-09
13.982123770529801,3.4091126383139733e-09,3.4091126383139733e-09,9.772986800513801e-08,2.696522281614366e-09
13.98909044904028,3.4091126383139733e-09,3.4091126383139733e-09,1.0068702211891789e-07,2.7102778668296443e-09
13.99605712755076,3.4091126383139733e-09,3.4091126383139733e-09,1.0368477950353847e-07,2.727241244785159e-09
14.003023806061236,3.4091126383139733e-09,3.4091126383139733e-09,1.067227238024195e-07,2.747468160158112e-09
14.009990484571714,3.4091126383139733e-09,3.4091126383139733e-09,1.0980041937458914e-07,2.7710256285404426e-09
14.016957163082193,3.4091126383139733e-09,3.4091126383139733e-09,1.1291741007582099e-07,2.7979922902877627e-09
14.023923841592671,3.4091126383139733e-09,3.4091126383139733e-09,1.1607321793570678e-07,2.828458828232719e-09
14.03089052010315,3.4091126383139733e-09,3.4091126383139733e-09,1.1926734172322283e-07,2.8625284521273195e-09
14.037857198613628,3.4091126383139733e-09,3.4091126383139733e-09,1.2249925539197237e-07,2.9003174527204835e-09
14.044823877124106,3.4091126383139733e-09,3.4091126383139733e-09,1.257684063938058e-07,2.941955828953864e-09
14.051790555634584,3.4091126383139733e-09,3.4091126383139733e-09,1.2907421385527764e-07,2.987587993833541e-09
14.058757234145062,3.4091126383139733e-09,3.4091126383139733e-09,1.324160666007593e-07,3.037373562673336e-09
14.065723912655539,3.4091126383139733e-09,3.4091126383139733e-09,1.357933210128695e-07,3.0914882293713905e-09
14.072690591166019,3.4091126383139733e-09,3.4091126383139733e-09,1.392052987168911e-07,3.1501247364379207e-09
14.079657269676497,3.4091126383139733e-09,3.4091126383139733e-09,1.4265128407382696e-07,3.213493945611823e-09
14.086623948186975,3.4091126383139733e-09,3.4091126383139733e-09,1.4613052146606448e-07,3.281826016560394e-09
14.093590626697454,3.4091126383139733e-09,3.4091126383139733e-09,1.4964221235890375e-07,3.3553717018590614e-09
14.10055730520793,3.4091126383139733e-09,3.4091126383139733e-09,1.5318551212057788e-07,3.4344037670248874e-09
14.10752398371841,3.4091126383139733e-09,3.4091126383139733e-09,1.5675952657881817e-07,3.519218542982068e-09
14.114490662228889,3.4091126383139733e-09,3.4091126383139733e-09,1.603633082925308e-07,3.61013762497074e-09
14.121457340739367,3.4091126383139733e-09,3.4091126383139733e-09,1.639958525159047e-07,3.7075097276847053e-09
14.128424019249843,3.4091126383139733e-09,3.4091126383139733e-09,1.6765609282450943e-07,3.811712709402611e-09
14.135390697760322,3.4091126383139733e-09,3.4091126383139733e-09,1.7134289638258125e-07,3.923155777739316e-09
14.142357376270802,3.4091126383139733e-09,3.4091126383139733e-09,1.750550588184659e-07,4.0422818918335564e-09
14.14932405478128,3.4091126383139733e-09,3.4091126383139733e-09,1.7879129867320556e-07,4.169570377267944e-09
14.156290733291758,3.4091126383139733e-09,3.4091126383139733e-09,1.8255025138618142e-07,4.3055397712305875e-09
14.163257411802235,3.4091126383139733e-09,3.4091126383139733e-09,1.8633046278085343e-07,4.450750916726481e-09
14.170224090312713,3.4091126383139733e-09,3.4091126383139733e-09,1.9013038201741863e-07,4.605810321741436e-09
14.177190768823193,3.4091126383139733e-09,3.4091126383139733e-09,1.9394835395700773e-07,4.7713738043194935e-09
14.184157447333671,3.4091126383139733e-09,3.4091126383139733e-09,1.9778261090409621e-07,4.948150451453361e-09
14.191124125844148,3.4091126383139733e-09,3.4091126383139733e-09,2.0163126365152995e-07,5.136906911117783e-09
14.198090804354626,3.4091126383139733e-09,3.4091126383139733e-09,2.054922917963685e-07,5.338472042518851e-09
14.205057482865104,3.4091126383139733e-09,3.4091126383139733e-09,2.0936353327627093e-07,5.5537419478209235e-09
14.212024161375584,3.4091126383139733e-09,3.4091126383139733e-09,2.1324267305587294e-07,5.78368541364481e-09
14.218990839886063,3.4091126383139733e-09,3.4091126383139733e-09,2.1712723089178773e-07,6.029349791831182e-09
14.22595751839654,3.4091126383139733e-09,3.4091126383139733e-09,2.2101454810465206e-07,6.2918673501126025e-09
14.232924196907017,3.4091126383139733e-09,3.4091126383139733e-09,2.2490177328739103e-07,6.572462124289143e-09
14.239890875417496,3.4091126383139733e-09,3.4091126383139733e-09,2.2878584693942158e-07,6.872457279281927e-09
14.246857553927976,3.4091126383139733e-09,3.4091126383139733e-09,2.3266348489174237e-07,7.1932830189634046e-09
14.253824232438452,3.4091126383139733e-09,3.4091126383139733e-09,2.3653116045918367e-07,7.53648508670132e-09
14.26079091094893,3.4091126383139733e-09,3.4091126383139733e-09,2.403850852107289e-07,7.903733863454835e-09
14.267757589459409,3.4091126383139733e-09,3.4091126383139733e-09,2.4422118834503106e-07,8.296834085601647e-09
14.274724267969887,3.4091126383139733e-09,3.4091126383139733e-09,2.4803509462187505e-07,8.71773518925274e-09
14.281690946480367,3.4091126383139733e-09,3.4091126383139733e-09,2.518221007534785e-07,9.168542292997846e-09
14.288657624990844,3.4091126383139733e-09,3.4091126383139733e-09,2.555771501663991e-07,9.651527824751904e-09
14.295624303501322,3.4091126383139733e-09,3.4091126383139733e-09,2.5929480605389957e-07,1.0169143790622838e-08
14.3025909820118,3.4091126383139733e-09,3.4091126383139733e-09,2.6296922266791265e-07,1.072403466939659e-08
14.309557660522279,3.4091126383139733e-09,3.4091126383139733e-09,2.6659411525350855e-07,1.1319050775543111e-08
14.316524339032755,3.4091126383139733e-09,3.4091126383139733e-09,2.7016272813421753e-07,1.1957262147620088e-08
14.323491017543235,3.4091126383139733e-09,3.4091126383139733e-09,2.7366780106842274e-07,1.264197285403633e-08
14.330457696053713,3.4091126383139733e-09,3.4091126383139733e-09,2.771015342154702e-07,1.3376735516048443e-08
14.337424374564192,3.4091126383139733e-09,3.4091126383139733e-09,2.804555517337519e-07,1.4165365909985727e-08
14.34439105307467,3.4091126383139733e-09,3.4091126383139733e-09,2.8372086419138155e-07,1.501195742639104e-08
14.351357731585146,3.4091126383139733e-09,3.4091126383139733e-09,2.868878300137741e-07,1.592089511685684e-08
14.358324410095626,3.4091126383139733e-09,3.4091126383139733e-09,2.899461165974498e-07,1.689686892300622e-08
14.365291088606105,3.4091126383139733e-09,3.4091126383139733e-09,2.9288466131964406e-07,1.7944885703595524e-08
14.372257767116583,3.4091126383139733e-09,3.4091126383139733e-09,2.9569163316115587e-07,1.907027950760207e-08
14.37922444562706,3.4091126383139733e-09,3.4091126383139733e-09,2.9835439577637206e-07,2.0278719439856615e-08
14.386191124137538,3.4091126383139733e-09,3.4091126383139733e-09,3.008594728921519e-07,2.1576214362464866e-08
14.393157802648018,3.4091126383139733e-09,3.4091126383139733e-09,3.0319251713978545e-07,2.2969113527647917e-08
14.400124481158496,3.4091126383139733e-09,3.4091126383139733e-09,3.0533828393415783e-07,2.4464102034301366e-08
14.407091159668974,3.4091126383139733e-09,3.4091126383139733e-09,3.072806117832499e-07,2.6068189903880968e-08
14.41405783817945,3.4091126383139733e-09,3.4091126383139733e-09,3.0900241113753966e-07,2.7788693309818036e-08
14.42102451668993,3.4091126383139733e-09,3.4091126383139733e-09,3.104856640689887e-07,2.9633206321317344e-08
14.42799119520041,3.4091126383139733e-09,3.4091126383139733e-09,3.117114372113192e-07,3.1609561330002937e-08
14.434957873710887,3.4091126383139733e-09,3.4091126383139733e-09,3.1265991106835084e-07,3.3725776081988655e-08
14.441924552221364,3.4091126383139733e-09,3.4091126383139733e-09,3.1331042908170264e-07,3.5989985059631905e-08
14.448891230731842,3.4091126383139733e-09,3.4091126383139733e-09,3.136415699161564e-07,3.841035279472179e-08
14.45585790924232,3.4091126383139733e-09,3.4091126383139733e-09,3.1363124717389905e-07,4.0994966538565796e-08
14.4628245877528,3.4091126383139733e-09,3.4091126383139733e-09,3.132568407628407e-07,4.3751705674201257e-08
14.469791266263279,3.4091126383139733e-09,3.4091126383139733e-09,3.1249536426558913e-07,4.668808522548472e-08
14.476757944773755,3.4091126383139733e-09,3.4091126383139733e-09,3.1132367306770074e-07,4.981107108987431e-08
14.483724623284234,3.4091126383139733e-09,3.4091126383139733e-09,3.097187174067009e-07,5.312686479371981e-08
14.490691301794712,3.4091126383139733e-09,3.4091126383139733e-09,3.076578445058294e-07,5.664065620453215e-08
14.497657980305192,3.4091126383139733e-09,3.4091126383139733e-09,3.0511915288353654e-07,6.035634346602335e-08
14.504624658815668,3.4091126383139733e-09,3.4091126383139733e-09,3.0208190167173755e-07,6.427622031686824e-08
14.511591337326147,3.4091126383139733e-09,3.4091126383139733e-09,2.9852697529532545e-07,6.840063262013508e-08
14.518558015836625,3.4091126383139733e-09,3.4091126383139733e-09,2.94437402213987e-07,7.272760780263947e-08
14.525524694347103,3.4091126383139733e-09,3.4091126383139733e-09,2.897989249557312e-07,7.725246281569419e-08
14.532491372857583,3.4091126383139733e-09,3.4091126383139733e-09,2.846006132832986e-07,8.196739921281376e-08
14.53945805136806,3.4091126383139733e-09,3.4091126383139733e-09,2.788355105457241e-07,8.686109682684646e-08
14.546424729878538,3.4091126383139733e-09,3.4091126383139733e-09,2.7250130073193037e-07,9.19183205859459e-08
14.553391408389016,3.4091126383139733e-09,3.4091126383139733e-09,2.656009724555359e-07,9.711955861307362e-08
14.560358086899495,3.4091126383139733e-09,3.4091126383139733e-09,2.5814346077216335e-07,1.0244071281877676e-07
14.567324765409971,3.4091126383139733e-09,3.4091126383139733e-09,2.501442362913204e-07,1.078528659243793e-07
14.574291443920451,3.4091126383139733e-09,3.4091126383139733e-09,2.4162580991023645e-07,1.1332215096716925e-07
14.58125812243093,3.4091126383139733e-09,3.4091126383139733e-09,2.3261811923663835e-07,1.1880975058825016e-07
14.588224800941408,3.4091126383139733e-09,3.4091126383139733e-09,2.2315875904011995e-07,1.2427205140847792e-07
14.595191479451886,3.4091126383139733e-09,3.4091126383139733e-09,2.132930219777751e-07,1.2966097796629813e-07
14.602158157962362,3.4091126383139733e-09,3.4091126383139733e-09,2.0307371703932868e-07,1.349245233138357e-07
14.609124836472843,3.4091126383139733e-09,3.4091126383139733e-09,1.9256074002253032e-07,1.4000748850897025e-07
14.61609151498332,3.4091126383139733e-09,3.4091126383139733e-09,1.818203803499995e-07,1.448524304763986e-07
14.623058193493799,3.4091126383139733e-09,3.4091126383139733e-09,1.709243598251313e-07,1.4940080733196038e-07
14.630024872004276,3.4091126383139733e-09,3.4091126383139733e-09,1.5994861429350361e-07,1.535942964700947e-07
14.636991550514754,3.4091126383139733e-09,3.4091126383139733e-09,1.4897184544662662e-07,1.5737624562759327e-07
14.643958229025234,3.4091126383139733e-09,3.4091126383139733e-09,1.3807388416844894e-07,1.606932053914486e-07
14.650924907535712,3.4091126383139733e-09,3.4091126383139733e-09,1.273339279364593e-07,1.6349647753244126e-07
14.65789158604619,3.4091126383139733e-09,3.4091126383139733e-09,1.1682871981773148e-07,1.6574360852076868e-07
14.664858264556667,3.4091126383139733e-09,3.4091126383139733e-09,1.0663075250191715e-07,1.6739975248247013e-07
14.671824943067145,3.4091126383139733e-09,3.4091126383139733e-09,9.680657743693573e-08,1.6843882936614696e-07
14.678791621577625,3.4091126383139733e-09,3.4091126383139733e-09,8.741530320266823e-08,1.6884441470920067e-07
14.685758300088104,3.4091126383139733e-09,3.4091126383139733e-09,7.850735148220182e-08,1.686103074560859e-07
14.69272497859858,3.4091126383139733e-09,3.4091126383139733e-09,7.01235291929267e-08,1.677407435624568e-07
14.699691657109058,3.4091126383139733e-09,3.4091126383139733e-09,6.229445378870794e-08,1.662502407366487e-07
14.706658335619537,3.4091126383139733e-09,3.4091126383139733e-09,5.5040348210229356e-08,1.6416308611327933e-07
14.713625014130017,3.4091126383139733e-09,3.4091126383139733e-09,4.837119894905469e-08,1.615124957095341e-07
14.720591692640495,3.4091126383139733e-09,3.4091126383139733e-09,4.228724982393302e-08,1.5833949664132954e-07
14.727558371150971,3.4091126383139733e-09,3.4091126383139733e-09,3.677978699070491e-08,1.5469159417986774e-07
14.73452504966145,3.4091126383139733e-09,3.4091126383139733e-09,3.183215592266535e-08,1.5062129774753554e-07
14.741491728171928,3.4091126383139733e-09,3.4091126383139733e-09,2.742094491295412e-08,1.4618457968116732e-07
14.748458406682408,3.4091126383139733e-09,3.4091126383139733e-09,2.3517265593944025e-08,1.4143934028915364e-07
14.755425085192885,3.4091126383139733e-09,3.4091126383139733e-09,2.0088065057983526e-08,1.3644394419964152e-07
14.762391763703363,3.4091126383139733e-09,3.4091126383139733e-09,1.709740905521955e-08,1.312558824546573e-07
14.769358442213841,3.4091126383139733e-09,3.4091126383139733e-09,1.4507687402454797e-08,1.2593060134905383e-07
14.77632512072432,3.4091126383139733e-09,3.4091126383139733e-09,1.2280702864140356e-08,1.2052052497591363e-07
14.7832917992348,3.4091126383139733e-09,3.4091126383139733e-09,1.0378617598643988e-08,1.1507428498316461e-07
14.790258477745276,3.4091126383139733e-09,3.4091126383139733e-09,8.764742469081526e-09,1.0963615811419134e-07
14.797225156255754,3.4091126383139733e-09,3.4091126383139733e-09,7.404165196452356e-09,1.0424570245418882e-07
14.804191834766232,3.4091126383139733e-09,3.4091126383139733e-09,6.264221708719888e-09,9.893757502797402e-08
14.81115851327671,3.4091126383139733e-09,3.4091126383139733e-09,5.314821732405472e-09,9.37415080385214e-08
14.818125191787189,3.4091126383139733e-09,3.4091126383139733e-09,4.52864421933088e-09,8.868241805341613e-08
14.825091870297667,3.4091126383139733e-09,3.4091126383139733e-09,3.881220912949385e-09,8.378062135645712e-08
14.832058548808146,3.4091126383139733e-09,3.4091126383139733e-09,3.350927401299707e-09,7.905212942018531e-08
14.839025227318624,3.4091126383139733e-09,3.4091126383139733e-09,2.9189008323598107e-09,7.45090002195359e-08
14.845991905829102,3.4091126383139733e-09,3.4091126383139733e-09,2.568902325330841e-09,7.015972377787023e-08
14.852958584339579,3.4091126383139733e-09,3.4091126383139733e-09,2.287140250291644e-09,6.600962365560227e-08
14.859925262850059,3.4091126383139733e-09,3.4091126383139733e-09,2.0620684463319855e-09,6.206125920723852e-08
14.866891941360537,3.4091126383139733e-09,3.4091126383139733e-09,1.8841711244961664e-09,5.831481677934951e-08
14.873858619871015,3.4091126383139733e-09,3.4091126383139733e-09,1.745743922209632e-09,5.4768480998704035e-08
14.880825298381492,3.4091126383139733e-09,3.4091126383139733e-09,1.640678460189022e-09,5.14187799718553e-08
14.88779197689197,3.4091126383139733e-09,3.4091126383139733e-09,1.5642558434439681e-09,4.8260900503510436e-08
14.89475865540245,3.4091126383139733e-09,3.4091126383139733e-09,1.5129529049624835e-09,4.528897132314401e-08
14.901725333912928,3.4091126383139733e-09,3.4091126383139733e-09,1.4842636186328557e-09,4.249631380704541e-08
14.908692012423407,3.4091126383139733e-09,3.4091126383139733e-09,1.4765369984502126e-09,3.9875660824280885e-08
14.915658690933883,3.4091126383139733e-09,3.4091126383139733e-09,1.4888319345432757e-09,3.7419345166412e-08
14.922625369444361,3.4091126383139733e-09,3.4091126383139733e-09,1.5207887638025945e-09,3.511945958740536e-08
14.929592047954841,3.4091126383139733e-09,3.4091126383139733e-09,1.5725169028066121e-09,3.296799082954419e-08
14.93655872646532,3.4091126383139733e-09,3.4091126383139733e-09,1.644497552202491e-09,3.095693018928165e-08
14.943525404975796,3.4091126383139733e-09,3.4091126383139733e-09,1.7375002844135457e-09,2.90783632216859e-08
14.950492083486274,3.4091126383139733e-09,3.4091126383139733e-09,1.8525122244151762e-09,2.7324541130368466e-08
14.957458761996753,3.4091126383139733e-09,3.4091126383139733e-09,1.9906785029367206e-09,2.5687936268225646e-08
14.964425440507233,3.4091126383139733e-09,3.4091126383139733e-09,2.1532526833441296e-09,2.4161284009099802e-08
14.971392119017711,3.4091126383139733e-09,3.4091126383139733e-09,2.3415559213942923e-09,2.2737613056045123e-08
14.978358797528188,3.4091126383139733e-09,3.4091126383139733e-09,2.5569436998369466e-09,2.1410266049822216e-08
14.985325476038666,3.4091126383139733e-09,3.4091126383139733e-09,2.8007790753087766e-09,2.0172912131689866e-08
14.992292154549144,3.4091126383139733e-09,3.4091126383139733e-09,3.07441147622721e-09,1.9019552914444237e-08
14.999258833059624,3.4091126383139733e-09,3.4091126383139733e-09,3.3791601970079548e-09,1.794452312888831e-08
15.0062255115701,3.4091126383139733e-09,3.4091126383139733e-09,3.7163018274960343e-09,1.694248702738446e-08
15.013192190080579,3.4091126383139733e-09,3.4091126383139733e-09,4.087060961971928e-09,1.60084314827086e-08
15.020158868591057,3.4091126383139733e-09,3.4091126383139733e-09,4.492603612575962e-09,1.5137656561672285e-08
15.027125547101535,3.4091126383139733e-09,3.4091126383139733e-09,4.934032826921142e-09,1.4325764224236514e-08
15.034092225612016,3.4091126383139733e-09,3.4091126383139733e-09,5.412386101415723e-09,1.3568645708341648e-08
15.041058904122492,3.4091126383139733e-09,3.4091126383139733e-09,5.928634224754896e-09,1.2862468038946883e-08
15.04802558263297,3.4091126383139733e-09,3.4091126383139733e-09,6.483681246798321e-09,1.2203660022098265e-08
15.054992261143449,3.4091126383139733e-09,3.4091126383139733e-09,7.078365329908191e-09,1.1588898027805598e-08
15.061958939653927,3.4091126383139733e-09,3.4091126383139733e-09,7.713460285968743e-09,1.1015091805915967e-08
15.068925618164405,3.4091126383139733e-09,3.4091126383139733e-09,8.389677585316845e-09,1.0479370475244802e-08
15.075892296674883,3.4091126383139733e-09,3.4091126383139733e-09,9.107668736373805e-09,9.979068868661366e-09
15.082858975185362,3.4091126383139733e-09,3.4091126383139733e-09,9.868027908700843e-09,9.511714321549427e-09
15.08982565369584,3.4091126383139733e-09,3.4091126383139733e-09,1.0671294701714373e-08,9.075013977658674e-09
15.096792332206318,3.4091126383139733e-09,3.4091126383139733e-09,1.1517956983537048e-08,8.666842662495985e-09
15.103759010716796,3.4091126383139733e-09,3.4091126383139733e-09,1.240845374692254e-08,8.285231359217285e-09
15.110725689227275,3.4091126383139733e-09,3.4091126383139733e-09,1.3343177946065445e-08,7.928356311034164e-09
15.117692367737753,3.4091126383139733e-09,3.4091126383139733e-09,1.4322479270356234e-08,7.59452874928947e-09
15.124659046248231,3.4091126383139733e-09,3.4091126383139733e-09,1.5346666801386452e-08,7.282185221585092e-09
15.131625724758708,3.4091126383139733e-09,3.4091126383139733e-09,1.6416011591684237e-08,6.989878549334172e-09
15.138592403269188,3.4091126383139733e-09,3.4091126383139733e-09,1.7530749109543045e-08,6.716269364842559e-09
15.145559081779666,3.4091126383139733e-09,3.4091126383139733e-09,1.8691081553723405e-08,6.460118218682043e-09
15.152525760290144,3.4091126383139733e-09,3.4091126383139733e-09,1.989718003028227e-08,6.220278229914279e-09
15.159492438800623,3.4091126383139733e-09,3.4091126383139733e-09,2.1149186593053482e-08,5.9956882538301625e-09
15.1664591173111,3.4091126383139733e-09,3.4091126383139733e-09,2.244721615149184e-08,5.785366542198136e-09
15.173425795821577,3.4091126383139733e-09,3.4091126383139733e-09,2.3791358246966706e-08,5.5884048695957955e-09
15.180392474332058,3.4091126383139733e-09,3.4091126383139733e-09,2.5181678678700915e-08,5.403963087195629e-09
15.187359152842536,3.4091126383139733e-09,3.4091126383139733e-09,2.6618221018374198e-08,5.231264092809804e-09
15.194325831353012,3.4091126383139733e-09,3.4091126383139733e-09,2.810100799763512e-08,5.069589181777926e-09
15.20129250986349,3.4091126383139733e-09,3.4091126383139733e-09,2.963004277680393e-08,4.918273755358041e-09
15.208259188373969,3.4091126383139733e-09,3.4091126383139733e-09,3.120531009962863e-08,4.776703362822908e-09
15.215225866884449,3.4091126383139733e-09,3.4091126383139733e-09,3.282677734077507e-08,4.6443100538402196e-09
15.222192545394927,3.4091126383139733e-09,3.4091126383139733e-09,3.449439545264496e-08,4.520569019667871e-09
15.229159223905404,3.4091126383139733e-09,3.4091126383139733e-09,3.620809981719582e-08,4.4049955033379614e-09
15.236125902415882,3.4091126383139733e-09,3.4091126383139733e-09,3.7967811002770124e-08,4.297141958873318e-09
15.24309258092636,3.4091126383139733e-09,3.4091126383139733e-09,3.9773435431307785e-08,4.196595440410692e-09
15.25005925943684,3.4091126383139733e-09,3.4091126383139733e-09,4.1624865968372234e-08,4.102975207508438e-09
15.257025937947317,3.4091126383139733e-09,3.4091126383139733e-09,4.352198243183299e-08,4.015930528404308e-09
15.263992616457795,3.4091126383139733e-09,3.4091126383139733e-09,4.5464652025505696e-08,3.935138668105807e-09
15.270959294968273,3.4091126383139733e-09,3.4091126383139733e-09,4.745272970087491e-08,3.860303047680249e-09
15.277925973478752,3.4091126383139733e-09,3.4091126383139733e-09,4.948605845074259e-08,3.791151562387245e-09
15.284892651989232,3.4091126383139733e-09,3.4091126383139733e-09,5.156446953771928e-08,3.727435047436926e-09
15.291859330499708,3.4091126383139733e-09,3.4091126383139733e-09,5.368778265939813e-08,3.668925881204833e-09
15.298826009010186,3.4091126383139733e-09,3.4091126383139733e-09,5.585580604999518e-08,3.615416716208785e-09
15.305792687520665,3.4091126383139733e-09,3.4091126383139733e-09,5.8068336523549876e-08,3.5667193292272458e-09
15.312759366031143,3.4091126383139733e-09,3.4091126383139733e-09,6.032515945857559e-08,3.5226635828636014e-09
15.319726044541621,3.4091126383139733e-09,3.4091126383139733e-09,6.26260487249252e-08,3.4830964912655747e-09
15.3266927230521,3.4091126383139733e-09,3.4091126383139733e-09,6.497076655300967e-08,3.4478813837644417e-09
15.333659401562578,3.4091126383139733e-09,3.4091126383139733e-09,6.735906334591144e-08,3.416897160590323e-09
15.340626080073056,3.4091126383139733e-09,3.4091126383139733e-09,6.979067743462256e-08,3.3900376354973236e-09
15.347592758583534,3.4091126383139733e-09,3.4091126383139733e-09,7.226533477597059e-08,3.3672109607793106e-09
15.354559437094013,3.4091126383139733e-09,3.4091126383139733e-09,7.478274859213952e-08,3.348339130768646e-09
15.36152611560449,3.4091126383139733e-09,3.4091126383139733e-09,7.734261894932477e-08,3.3333575602833433e-09
15.36849279411497,3.4091126383139733e-09,3.4091126383139733e-09,7.994463227548977e-08,3.3222147350196703e-09
15.375459472625447,3.4091126383139733e-09,3.4091126383139733e-09,8.258846081501415e-08,3.314871931595022e-09
15.382426151135924,3.4091126383139733e-09,3.4091126383139733e-09,8.527376201762156e-08,3.311303005101083e-09
15.389392829646404,3.4091126383139733e-09,3.4091126383139733e-09,8.800017785868496e-08,3.3114942426944726e-09
15.396359508156882,3.4091126383139733e-09,3.4091126383139733e-09,9.076733408741292e-08,3.315444282071235e-09
15.40332618666736,3.4091126383139733e-09,3.4091126383139733e-09,9.357483939944811e-08,3.3231640941543018e-09
15.410292865177839,3.4091126383139733e-09,3.4091126383139733e-09,9.642228452988098e-08,3.334677029775018e-09
15.417259543688315,3.4091126383139733e-09,3.4091126383139733e-09,9.930924126219576e-08,3.3500189305797187e-09
15.424226222198795,3.4091126383139733e-09,3.4091126383139733e-09,1.0223526134816826e-07,3.3692383048441278e-09
15.431192900709274,3.4091126383139733e-09,3.4091126383139733e-09,1.0519987533321925e-07,3.392396569333197e-09
15.438159579219752,3.4091126383139733e-09,3.4091126383139733e-09,1.0820259127815673e-07,3.419568357715014e-09
15.445126257730228,3.4091126383139733e-09,3.4091126383139733e-09,1.1124289337183778e-07,3.450841898067802e-09
15.452092936240707,3.4091126383139733e-09,3.4091126383139733e-09,1.1432024043173456e-07,3.4863194629715145e-09
15.459059614751187,3.4091126383139733e-09,3.4091126383139733e-09,1.1743406427669088e-07,3.5261178932190244e-09
15.466026293261665,3.4091126383139733e-09,3.4091126383139733e-09,1.2058376796715846e-07,3.5703691992159185e-09
15.472992971772143,3.4091126383139733e-09,3.4091126383139733e-09,1.2376872390205372e-07,3.6192212436291197e-09
15.47995965028262,3.4091126383139733e-09,3.4091126383139733e-09,1.2698827176098173e-07,3.672838509731786e-09
15.486926328793098,3.4091126383139733e-09,3.4091126383139733e-09,1.302417162799783e-07,3.7314029604235526e-09
15.493893007303576,3.4091126383139733e-09,3.4091126383139733e-09,1.335283248483237e-07,3.795114993469415e-09
15.500859685814056,3.4091126383139733e-09,3.4091126383139733e-09,1.3684732491312962e-07,3.86419449849959e-09
15.507826364324533,3.4091126383139733e-09,3.4091126383139733e-09,1.4019790117422995e-07,3.9388820212899905e-09
15.514793042835011,3.4091126383139733e-09,3.4091126383139733e-09,1.4357919255689142e-07,4.019440045481865e-09
15.52175972134549,3.4091126383139733e-09,3.4091126383139733e-09,1.4699028893992322e-07,4.106154397523114e-09
15.528726399855968,3.4091126383139733e-09,3.4091126383139733e-09,1.5043022762288938e-07,4.199335784139551e-09
15.535693078366448,3.4091126383139733e-09,3.4091126383139733e-09,1.5389798951297187e-07,4.299321471213601e-09
15.542659756876924,3.4091126383139733e-09,3.4091126383139733e-09,1.573924950072296e-07,4.406477114663354e-09
15.549626435387403,3.4091126383139733e-09,3.4091126383139733e-09,1.6091259954511973e-07,4.521198754762761e-09
15.55659311389788,3.4091126383139733e-09,3.4091126383139733e-09,1.644570888053622e-07,4.643914986218804e-09
15.563559792408359,3.4091126383139733e-09,3.4091126383139733e-09,1.6802467352135955e-07,4.775089316643252e-09
15.570526470918837,3.4091126383139733e-09,3.4091126383139733e-09,1.7161398388832152e-07,4.915222722644467e-09
15.577493149429316,3.4091126383139733e-09,3.4091126383139733e-09,1.7522356352328556e-07,5.064856425435096e-09
15.584459827939794,3.4091126383139733e-09,3.4091126383139733e-09,1.7885186294646863e-07,5.224574897383348e-09
15.591426506450272,3.4091126383139733e-09,3.4091126383139733e-09,1.8249723254460268e-07,5.395009116819419e-09
15.59839318496075,3.4091126383139733e-09,3.4091126383139733e-09,1.861579149874031e-07,5.576840086845125e-09
15.605359863471229,3.4091126383139733e-09,3.4091126383139733e-09,1.898320370509806e-07,5.770802636698305e-09
15.612326541981707,3.4091126383139733e-09,3.4091126383139733e-09,1.9351760080009804e-07,5.977689525492673e-09
15.619293220492185,3.4091126383139733e-09,3.4091126383139733e-09,1.972124740806905e-07,6.198355869051331e-09
15.626259899002664,3.4091126383139733e-09,3.4091126383139733e-09,2.0091438027706418e-07,6.433723910358461e-09
15.63322657751314,3.4091126383139733e-09,3.4091126383139733e-09,2.0462088731156977e-07,6.684788141650738e-09
15.64019325602362,3.4091126383139733e-09,3.4091126383139733e-09,2.0832939579577304e-07,6.952620813781775e-09
15.647159934534098,3.4091126383139733e-09,3.4091126383139733e-09,2.120371263001309e-07,7.2383778456069915e-09
15.654126613044577,3.4091126383139733e-09,3.4091126383139733e-09,2.1574110566107815e-07,7.54330515527206e-09
15.661093291555055,3.4091126383139733e-09,3.4091126383139733e-09,2.194381523189231e-07,7.868745424206886e-09
15.668059970065531,3.4091126383139733e-09,3.4091126383139733e-09,2.2312486062281166e-07,8.216145308887045e-09
15.675026648576011,3.4091126383139733e-09,3.4091126383139733e-09,2.267975840331193e-07,8.58706311511937e-09
15.68199332708649,3.4091126383139733e-09,3.4091126383139733e-09,2.3045241715479276e-07,8.983176947002758e-09
15.688960005596968,3.4091126383139733e-09,3.4091126383139733e-09,2.340851765395944e-07,9.406293339422668e-09
15.695926684107445,3.4091126383139733e-09,3.4091126383139733e-09,2.376913802879399e-07,9.85835635378235e-09
15.702893362617923,3.4091126383139733e-09,3.4091126383139733e-09,2.412662265367435e-07,1.034145708616135e-08
15.709860041128403,3.4091126383139733e-09,3.4091126383139733e-09,2.4480457045480463e-07,1.0857843664312479e-08
15.716826719638881,3.4091126383139733e-09,3.4091126383139733e-09,2.483009000600536e-07,1.140993160619014e-08
15.72379339814936,3.4091126383139733e-09,3.4091126383139733e-09,2.517493107810327e-07,1.2000314515497326e-08
15.730760076659836,3.4091126383139733e-09,3.4091126383139733e-09,2.5514347882614915e-07,1.263177503110793e-08
15.737726755170314,3.4091126383139733e-09,3.4091126383139733e-09,2.584766333892759e-07,1.3307295937426169e-08
15.744693433680794,3.4091126383139733e-09,3.4091126383139733e-09,2.61741527755169e-07,1.4030071316617857e-08
15.751660112191272,3.4091126383139733e-09,3.4091126383139733e-09,2.649304096622286e-07,1.4803517535877055e-08
15.758626790701749,3.4091126383139733e-09,3.4091126383139733e-09,2.6803499096750856e-07,1.5631283894022415e-08
15.765593469212227,3.4091126383139733e-09,3.4091126383139733e-09,2.7104641687702946e-07,1.6517262674760795e-08
15.772560147722706,3.4091126383139733e-09,3.4091126383139733e-09,2.7395523520652455e-07,1.7465598270689555e-08
15.779526826233186,3.4091126383139733e-09,3.4091126383139733e-09,2.7675136607038655e-07,1.8480695007952806e-08
15.786493504743664,3.4091126383139733e-09,3.4091126383139733e-09,2.794240724827607e-07,1.9567223226647998e-08
15.79346018325414,3.4091126383139733e-09,3.4091126383139733e-09,2.8196193267983625e-07,2.0730123053950454e-08
15.800426861764619,3.4091126383139733e-09,3.4091126383139733e-09,2.843528148865282e-07,2.1974605245856256e-08
15.807393540275097,3.4091126383139733e-09,3.4091126383139733e-09,2.8658385550813207e-07,2.3306148350049734e-08
15.814360218785575,3.4091126383139733e-09,3.4091126383139733e-09,2.8864144195720923e-07,2.473049131669542e-08
15.821326897296053,3.4091126383139733e-09,3.4091126383139733e-09,2.9051120139221155e-07,2.6253620572592872e-08
15.828293575806532,3.4091126383139733e-09,3.4091126383139733e-09,2.921779970052639e-07,2.7881750419303783e-08
15.83526025431701,3.4091126383139733e-09,3.4091126383139733e-09,2.936259336406143e-07,2.962129548441348e-08
15.842226932827488,3.4091126383139733e-09,3.4091126383139733e-09,2.9483837477861544e-07,3.1478833809243674e-08
15.849193611337967,3.4091126383139733e-09,3.4091126383139733e-09,2.9579797322408065e-07,3.34610590133955e-08
15.856160289848445,3.4091126383139733e-09,3.4091126383139733e-09,2.96486718015045e-07,3.557471985178778e-08
15.863126968358923,3.4091126383139733e-09,3.4091126383139733e-09,2.968860004058477e-07,3.782654537492769e-08
15.870093646869401,3.4091126383139733e-09,3.4091126383139733e-09,2.96976701885104e-07,4.022315383310854e-08
15.87706032537988,3.4091126383139733e-09,3.4091126383139733e-09,2.9673930743657314e-07,4.2770943452018316e-08
15.884027003890356,3.4091126383139733e-09,3.4091126383139733e-09,2.961540472994409e-07,4.547596325590364e-08
15.890993682400836,3.4091126383139733e-09,3.4091126383139733e-09,2.952010705017675e-07,4.834376227797679e-08
15.897960360911314,3.4091126383139733e-09,3.4091126383139733e-09,2.9386065328238294e-07,5.1379215757265546e-08
15.904927039421793,3.4091126383139733e-09,3.4091126383139733e-09,2.9211344520752544e-07,5.4586327360704055e-08
15.911893717932271,3.4091126383139733e-09,3.4091126383139733e-09,2.8994075527666807e-07,5.796800705723839e-08
15.918860396442748,3.4091126383139733e-09,3.4091126383139733e-09,2.8732487946654937e-07,6.15258251190873e-08
15.925827074953228,3.4091126383139733e-09,3.4091126383139733e-09,2.8424947011627243e-07,6.525974375262343e-08
15.932793753463706,3.4091126383139733e-09,3.4091126383139733e-09,2.806999461057531e-07,6.916782920053112e-08
15.939760431974184,3.4091126383139733e-09,3.4091126383139733e-09,2.7666394091924017e-07,7.324594873715826e-08
15.94672711048466,3.4091126383139733e-09,3.4091126383139733e-09,2.7213178356020265e-07,7.748745882049647e-08
15.953693788995139,3.4091126383139733e-09,3.4091126383139733e-09,2.6709700462911656e-07,8.188289273718676e-08
15.960660467505619,3.4091126383139733e-09,3.4091126383139733e-09,2.6155685712438557e-07,8.641965830855694e-08
15.967627146016097,3.4091126383139733e-09,3.4091126383139733e-09,2.555128382107174e-07,9.10817585211252e-08
15.974593824526576,3.4091126383139733e-09,3.4091126383139733e-09,2.489711951582357e-07,9.584955014279924e-08
15.981560503037052,3.4091126383139733e-09,3.4091126383139733e-09,2.419433955046931e-07,1.0069955737762758e-07
15.98852718154753,3.4091126383139733e-09,3.4091126383139733e-09,2.3444653862799687e-07,1.0560435899649666e-07
15.99549386005801,3.4091126383139733e-09,3.4091126383139733e-09,2.2650368397316093e-07,1.105325681943392e-07
16.00246053856849,3.4091126383139733e-09,3.4091126383139733e-09,2.181440698677803e-07,1.1544892392238769e-07
16.009427217078965,3.4091126383139733e-09,3.4091126383139733e-09,2.0940319727518286e-07,1.2031451124624953e-07
16.016393895589445,3.4091126383139733e-09,3.4091126383139733e-09,2.0032275439378146e-07,1.2508712457868837e-07
16.02336057409992,3.4091126383139733e-09,3.4091126383139733e-09,1.9095036194356382e-07,1.297217836348877e-07
16.0303272526104,3.4091126383139733e-09,3.4091126383139733e-09,1.813391248449207e-07,1.341714047667397e-07
16.037293931120878,3.4091126383139733e-09,3.4091126383139733e-09,1.715469830141522e-07,1.383876235994942e-07
16.044260609631355,3.4091126383139733e-09,3.4091126383139733e-09,1.6163586484214362e-07,1.423217542883912e-07
16.051227288141835,3.4091126383139733e-09,3.4091126383139733e-09,1.5167065610223916e-07,1.459258626736272e-07
16.058193966652315,3.4091126383139733e-09,3.4091126383139733e-09,1.4171801029456906e-07,1.4915391973697453e-07
16.06516064516279,3.4091126383139733e-09,3.4091126383139733e-09,1.3184503528401552e-07,1.5196299392024338e-07
16.072127323673268,3.4091126383139733e-09,3.4091126383139733e-09,1.2211790412293154e-07,1.5431443333047e-07
16.079094002183748,3.4091126383139733e-09,3.4091126383139733e-09,1.1260044275507208e-07,1.5617498507382446e-07
16.086060680694228,3.4091126383139733e-09,3.4091126383139733e-09,1.0335275427599021e-07,1.5751779805658342e-07
16.093027359204704,3.4091126383139733e-09,3.4091126383139733e-09,9.442993852128804e-08,1.5832325785222064e-07
16.099994037715184,3.4091126383139733e-09,3.4091126383139733e-09,8.588096447503954e-08,1.5857961011229438e-07
16.10696071622566,3.4091126383139733e-09,3.4091126383139733e-09,7.774774384139898e-08,1.5828333787593233e-07
16.113927394736137,3.4091126383139733e-09,3.4091126383139733e-09,7.006444469706491e-08,1.574392726954893e-07
16.120894073246617,3.4091126383139733e-09,3.4091126383139733e-09,6.285706977541921e-08,1.5606043214668794e-07
16.127860751757098,3.4091126383139733e-09,3.4091126383139733e-09,5.6143309356488425e-08,1.5416759464186713e-07
16.134827430267574,3.4091126383139733e-09,3.4091126383139733e-09,4.993266301169991e-08,1.517886336936209e-07
16.14179410877805,3.4091126383139733e-09,3.4091126383139733e-09,4.422681002642049e-08,1.489576492110314e-07
16.14876078728853,3.4091126383139733e-09,3.4091126383139733e-09,3.902019700007217e-08,1.4571394019760656e-07
16.15572746579901,3.4091126383139733e-09,3.4091126383139733e-09,3.430080036239117e-08,1.4210087225884945e-07
16.162694144309487,3.4091126383139733e-09,3.4091126383139733e-09,3.005101769574556e-08,1.3816469233161902e-07
16.169660822819964,3.4091126383139733e-09,3.4091126383139733e-09,2.6248638236595687e-08,1.3395334360010655e-07
16.176627501330444,3.4091126383139733e-09,3.4091126383139733e-09,2.2867845523578732e-08,1.2951532768126434e-07
16.18359417984092,3.4091126383139733e-09,3.4091126383139733e-09,1.988020809232626e-08,1.248986542205829e-07
16.1905608583514,3.4091126383139733e-09,3.4091126383139733e-09,1.7255621709670283e-08,1.2014990897039314e-07
16.197527536861877,3.4091126383139733e-09,3.4091126383139733e-09,1.496317339484903e-08,1.1531346172025251e-07
16.204494215372357,3.4091126383139733e-09,3.4091126383139733e-09,1.2971906308957886e-08,1.1043082623756526e-07
16.211460893882833,3.4091126383139733e-09,3.4091126383139733e-09,1.125147224879865e-08,1.0554017488773157e-07
16.218427572393313,3.4091126383139733e-09,3.4091126383139733e-09,9.772666324131496e-09,1.0067600382732346e-07
16.225394250903793,3.4091126383139733e-09,3.4091126383139733e-09,8.507844473140996e-09,9.586893799100284e-08
16.23236092941427,3.4091126383139733e-09,3.4091126383139733e-09,7.431229692132346e-09,9.114566132060743e-08
16.239327607924746,3.4091126383139733e-09,3.4091126383139733e-09,6.5191165716459405e-09,8.652895421498327e-08
16.246294286435226,3.4091126383139733e-09,3.4091126383139733e-09,5.749986180411471e-09,8.203781966964489e-08
16.253260964945703,3.4091126383139733e-09,3.4091126383139733e-09,5.104544690355503e-09,7.768767878399845e-08
16.26022764345618,3.4091126383139733e-09,3.4091126383139733e-09,4.5656993366888725e-09,7.349061783437943e-08
16.26719432196666,3.4091126383139733e-09,3.4091126383139733e-09,4.1184851199734265e-09,6.94556699761266e-08
16.27416100047714,3.4091126383139733e-09,3.4091126383139733e-09,3.749954450030565e-09,6.558911733247441e-08
16.281127678987616,3.4091126383139733e-09,3.4091126383139733e-09,3.4490407988642543e-09,6.189480096933162e-08
16.288094357498096,3.4091126383139733e-09,3.4091126383139733e-09,3.206405817618653e-09,5.837442875501986e-08
16.295061036008573,3.4091126383139733e-09,3.4091126383139733e-09,3.0142778796004868e-09,5.5027873225112126e-08
16.302027714519053,3.4091126383139733e-09,3.4091126383139733e-09,2.8662884280425336e-09,5.1853453605165114e-08
16.30899439302953,3.4091126383139733e-09,3.4091126383139733e-09,2.757311132145867e-09,4.884819792278733e-08
16.31596107154001,3.4091126383139733e-09,3.4091126383139733e-09,2.683307556052873e-09,4.600808264663143e-08
16.322927750050486,3.4091126383139733e-09,3.4091126383139733e-09,2.6411819767851467e-09,4.332824857750931e-08
16.329894428560962,3.4091126383139733e-09,3.4091126383139733e-09,2.6286470410513346e-09,4.080319268372475e-08
16.336861107071442,3.4091126383139733e-09,3.4091126383139733e-09,2.644101220208726e-09,3.842693636735191e-08
16.343827785581922,3.4091126383139733e-09,3.4091126383139733e-09,2.6865184244762692e-09,3.619317120234194e-08
16.3507944640924,3.4091126383139733e-09,3.4091126383139733e-09,2.7553496881552024e-09,3.409538357903919e-08
16.357761142602875,3.4091126383139733e-09,3.4091126383139733e-09,2.850436507895034e-09,3.212695993604482e-08
16.364727821113355,3.4091126383139733e-09,3.4091126383139733e-09,2.971935185449789e-09,3.02812743882422e-08
16.371694499623835,3.4091126383139733e-09,3.4091126383139733e-09,3.1202513805972875e-09,2.8551760606285375e-08
16.378661178134312,3.4091126383139733e-09,3.4091126383139733e-09,3.2959839955428304e-09,2.6931969769906772e-08
16.38562785664479,3.4091126383139733e-09,3.4091126383139733e-09,3.499877480165024e-09,2.541561634602746e-08
16.39259453515527,3.4091126383139733e-09,3.4091126383139733e-09,3.7327816515904765e-09,2.3996613333960304e-08
16.399561213665745,3.4091126383139733e-09,3.4091126383139733e-09,3.9956181543636e-09,2.266909849020618e-08
16.406527892176225,3.4091126383139733e-09,3.4091126383139733e-09,4.289352731765566e-09,2.142745290826798e-08
16.413494570686705,3.4091126383139733e-09,3.4091126383139733e-09,4.614972547152641e-09,2.0266313186794172e-08
16.42046124919718,3.4091126383139733e-09,3.4091126383139733e-09,4.9734678512882e-09,1.918057827584377e-08
16.427427927707658,3.4091126383139733e-09,3.4091126383139733e-09,5.3658173670875244e-09,1.8165411962824343e-08
16.434394606218138,3.4091126383139733e-09,3.4091126383139733e-09,5.792976836812702e-09,1.721624183608184e-08
16.441361284728618,3.4091126383139733e-09,3.4091126383139733e-09,6.255870217503158e-09,1.6328755432097263e-08
16.448327963239095,3.4091126383139733e-09,3.4091126383139733e-09,6.755383107496632e-09,1.5498894193948414e-08
16.45529464174957,3.4091126383139733e-09,3.4091126383139733e-09,7.2923580179055924e-09,1.4722845756124048e-08
16.46226132026005,3.4091126383139733e-09,3.4091126383139733e-09,7.867591157103993e-09,1.3997034988375271e-08
16.469227998770528,3.4091126383139733e-09,3.4091126383139733e-09,8.481830451961226e-09,1.3318114166914106e-08
16.476194677281008,3.4091126383139733e-09,3.4091126383139733e-09,9.135774582183528e-09,1.268295258533144e-08
16.483161355791484,3.4091126383139733e-09,3.4091126383139733e-09,9.830072797403519e-09,1.2088625829590249e-08
16.490128034301964,3.4091126383139733e-09,3.4091126383139733e-09,1.056532535812542e-08,1.153240492654051e-08
16.49709471281244,3.4091126383139733e-09,3.4091126383139733e-09,1.1342084471636234e-08,1.101174553324864e-08
16.50406139132292,3.4091126383139733e-09,3.4091126383139733e-09,1.2160855586549414e-08,1.0524277280880064e-08
16.511028069833397,3.4091126383139733e-09,3.4091126383139733e-09,1.3022098950275946e-08,1.0067793371810611e-08
16.517994748343877,3.4091126383139733e-09,3.4091126383139733e-09,1.3926231353543852e-08,9.64024050473714e-09
16.524961426854354,3.4091126383139733e-09,3.4091126383139733e-09,1.4873628005609056e-08,9.239709187127071e-09
16.531928105364834,3.4091126383139733e-09,3.4091126383139733e-09,1.5864624464739806e-08,8.864424459276794e-09
16.53889478387531,3.4091126383139733e-09,3.4091126383139733e-09,1.6899518591411974e-08,8.512737058607112e-09
16.545861462385787,3.4091126383139733e-09,3.4091126383139733e-09,1.7978572503177227e-08,8.183115044683703e-09
16.552828140896267,3.4091126383139733e-09,3.4091126383139733e-09,1.9102014488302658e-08,7.87413588031269e-09
16.559794819406747,3.4091126383139733e-09,3.4091126383139733e-09,2.0270040863241427e-08,7.584478969766018e-09
16.566761497917224,3.4091126383139733e-09,3.4091126383139733e-09,2.1482817760782278e-08,7.312918646632613e-09
16.5737281764277,3.4091126383139733e-09,3.4091126383139733e-09,2.2740482841155755e-08,7.058317601927061e-09
16.58069485493818,3.4091126383139733e-09,3.4091126383139733e-09,2.4043146907801807e-08,6.81962073389745e-09
16.58766153344866,3.4091126383139733e-09,3.4091126383139733e-09,2.5390895430790933e-08,6.5958494056120134e-09
16.594628211959137,3.4091126383139733e-09,3.4091126383139733e-09,2.6783789975894573e-08,6.386096093106688e-09
16.601594890469617,3.4091126383139733e-09,3.4091126383139733e-09,2.8221869533576322e-08,6.189519403723345e-09
16.608561568980093,3.4091126383139733e-09,3.4091126383139733e-09,2.9705151749437975e-08,6.005339446011025e-09
16.61552824749057,3.4091126383139733e-09,3.4091126383139733e-09,3.123363405858083e-08,5.832833531932475e-09
16.62249492600105,3.4091126383139733e-09,3.4091126383139733e-09,3.2807294726515106e-08,5.671332193000351e-09
16.62946160451153,3.4091126383139733e-09,3.4091126383139733e-09,3.442609379389818e-08,5.520215490342568e-09
16.636428283022006,3.4091126383139733e-09,3.4091126383139733e-09,3.608997393284299e-08,5.3789096017066124e-09
16.643394961532483,3.4091126383139733e-09,3.4091126383139733e-09,3.7798861216450044e-08,5.246883667839775e-09
16.650361640042963,3.4091126383139733e-09,3.4091126383139733e-09,3.955266580326456e-08,5.123646881528678e-09
16.657328318553443,3.4091126383139733e-09,3.4091126383139733e-09,4.135128253996948e-08,5.008745803606368e-09
16.66429499706392,3.4091126383139733e-09,3.4091126383139733e-09,4.3194591486039757e-08,4.901761890981458e-09
16.671261675574396,3.4091126383139733e-09,3.4091126383139733e-09,4.508245836346949e-08,4.8023092229383395e-09
16.678228354084876,3.4091126383139733e-09,3.4091126383139733e-09,4.70147349319334e-08,4.710032412388234e-09
16.685195032595352,3.4091126383139733e-09,3.4091126383139733e-09,4.899125929316356e-08,4.624604689749162e-09
16.692161711105832,3.4091126383139733e-09,3.4091126383139733e-09,5.101185612747796e-08,4.5457261483554485e-09
16.69912838961631,3.4091126383139733e-09,3.4091126383139733e-09,5.307633686310713e-08,4.473122140599087e-09
16.70609506812679,3.4091126383139733e-09,3.4091126383139733e-09,5.518449977975546e-08,4.406541815217207e-09
16.713061746637266,3.4091126383139733e-09,3.4091126383139733e-09,5.73361300481791e-08,4.34575678662811e-09
16.720028425147746,3.4091126383139733e-09,3.4091126383139733e-09,5.953099970716146e-08,4.290559928096033e-09
16.726995103658226,3.4091126383139733e-09,3.4091126383139733e-09,6.176886757843112e-08,4.2407642813295756e-09
16.733961782168702,3.4091126383139733e-09,3.4091126383139733e-09,6.404947911835169e-08,4.196202075571032e-09
16.74092846067918,3.4091126383139733e-09,3.4091126383139733e-09,6.637256620803182e-08,4.1567238499628845e-09
16.74789513918966,3.4091126383139733e-09,3.4091126383139733e-09,6.873784688128605e-08,4.122197673748772e-09
16.754861817700135,3.4091126383139733e-09,3.4091126383139733e-09,7.114502498976054e-08,4.092508459197561e-09
16.761828496210615,3.4091126383139733e-09,3.4091126383139733e-09,7.359378980349658e-08,4.067557362983395e-09
16.76879517472109,3.4091126383139733e-09,3.4091126383139733e-09,7.608381554581706e-08,4.0472612720843885e-09
16.77576185323157,3.4091126383139733e-09,3.4091126383139733e-09,7.861476086113913e-08,4.03155237084077e-09
16.78272853174205,3.4091126383139733e-09,3.4091126383139733e-09,8.118626821376374e-08,4.020377786376858e-09
16.78969521025253,3.4091126383139733e-09,3.4091126383139733e-09,8.379796321508189e-08,4.013699310136221e-09
16.796661888763005,3.4091126383139733e-09,3.4091126383139733e-09,8.644945387550147e-08,4.011493193620858e-09
16.803628567273485,3.4091126383139733e-09,3.4091126383139733e-09,8.914032977635901e-08,4.013750016461926e-09
16.81059524578396,3.4091126383139733e-09,3.4091126383139733e-09,9.187016116233696e-08,4.020474626700659e-09
16.81756192429444,3.4091126383139733e-09,3.4091126383139733e-09,9.463849794605017e-08,4.031686152146278e-09
16.824528602804918,3.4091126383139733e-09,3.4091126383139733e-09,9.744486862153354e-08,4.04741808304918e-09
16.831495281315394,3.4091126383139733e-09,3.4091126383139733e-09,1.0028877908107197e-07,4.067718426187058e-09
16.838461959825874,3.4091126383139733e-09,3.4091126383139733e-09,1.0316971132932578e-07,4.092649931185847e-09
16.845428638336355,3.4091126383139733e-09,3.4091126383139733e-09,1.0608712208822045e-07,4.122290390371963e-09
16.85239531684683,3.4091126383139733e-09,3.4091126383139733e-09,1.0904044128550975e-07,4.156733013922121e-09
16.859361995357308,3.4091126383139733e-09,3.4091126383139733e-09,1.1202907041940993e-07,4.196086882558718e-09
16.866328673867788,3.4091126383139733e-09,3.4091126383139733e-09,1.1505238079119203e-07,4.240477480535491e-09
16.873295352378268,3.4091126383139733e-09,3.4091126383139733e-09,1.1810971159662224e-07,4.2900473116819716e-09
16.880262030888744,3.4091126383139733e-09,3.4091126383139733e-09,1.2120036786034617e-07,4.344956599480327e-09
16.88722870939922,3.4091126383139733e-09,3.4091126383139733e-09,1.243236182132968e-07,4.405384080887836e-09
16.8941953879097,3.4091126383139733e-09,3.4091126383139733e-09,1.2747869249400917e-07,4.47152789384103e-09
16.901162066420177,3.4091126383139733e-09,3.4091126383139733e-09,1.3066477915848013e-07,4.543606565723633e-09
16.908128744930657,3.4091126383139733e-09,3.4091126383139733e-09,1.3388102249126355e-07,4.621860107158225e-09
16.915095423441137,3.4091126383139733e-09,3.4091126383139733e-09,1.3712651960120094e-07,4.706551217379768e-09
16.922062101951614,3.4091126383139733e-09,3.4091126383139733e-09,1.4040031718423475e-07,4.797966608278784e-09
16.92902878046209,3.4091126383139733e-09,3.4091126383139733e-09,1.437014080350518e-07,4.896418454811818e-09
16.93599545897257,3.4091126383139733e-09,3.4091126383139733e-09,1.470287272886419e-07,5.002245980123124e-09
16.94296213748305,3.4091126383139733e-09,3.4091126383139733e-09,1.5038114837231705e-07,5.1158171844075195e-09
16.949928815993527,3.4091126383139733e-09,3.4091126383139733e-09,1.5375747864891097e-07,5.237530726716863e-09
16.956895494504003,3.4091126383139733e-09,3.4091126383139733e-09,1.5715645473267234e-07,5.3678179612133625e-09
16.963862173014483,3.4091126383139733e-09,3.4091126383139733e-09,1.605767374381133e-07,5.507145153212541e-09
16.97082885152496,3.4091126383139733e-09,3.4091126383139733e-09,1.6401690635559913e-07,5.656015877295635e-09
16.97779553003544,3.4091126383139733e-09,3.4091126383139733e-09,1.6747545399942342e-07,5.814973611908114e-09
16.984762208545916,3.4091126383139733e-09,3.4091126383139733e-09,1.7095077952327432e-07,5.984604541244281e-09
16.991728887056397,3.4091126383139733e-09,3.4091126383139733e-09,1.744411819702596e-07,6.1655405766401014e-09
16.998695565566873,3.4091126383139733e-09,3.4091126383139733e-09,1.7794485301916816e-07,6.358462611788655e-09
17.005662244077353,3.4091126383139733e-09,3.4091126383139733e-09,1.8145986918813236e-07,6.564104026625379e-09
17.012628922587833,3.4091126383139733e-09,3.4091126383139733e-09,1.849841834565398e-07,6.783254455231541e-09
17.01959560109831,3.4091126383139733e-09,3.4091126383139733e-09,1.8851561626608312e-07,7.016763833566335e-09
17.02656227960879,3.4091126383139733e-09,3.4091126383139733e-09,1.9205184587598853e-07,7.265546738214448e-09
17.033528958119266,3.4091126383139733e-09,3.4091126383139733e-09,1.9559039808384423e-07,7.530587006253532e-09
17.040495636629743,3.4091126383139733e-09,3.4091126383139733e-09,1.9912863515120796e-07,7.812942699014362e-09
17.047462315140223,3.4091126383139733e-09,3.4091126383139733e-09,2.0266374398665875e-07,8.113751382979143e-09
17.0544289936507,3.4091126383139733e-09,3.4091126383139733e-09,2.0619272349575586e-07,8.434235753235435e-09
17.061395672161176,3.4091126383139733e-09,3.4091126383139733e-09,2.0971237111321454e-07,8.775709598943841e-09
17.068362350671656,3.4091126383139733e-09,3.4091126383139733e-09,2.1321926847022911e-07,9.139584115724461e-09
17.075329029182132,3.4091126383139733e-09,3.4091126383139733e-09,2.1670976614696436e-07,9.5273745684065e-09
17.082295707692616,3.4091126383139733e-09,3.4091126383139733e-09,2.201799674638722e-07,9.940707304010366e-09
17.089262386203092,3.4091126383139733e-09,3.4091126383139733e-09,2.2362571127016e-07,1.0381327110511875e-08
17.09622906471357,3.4091126383139733e-09,3.4091126383139733e-09,2.2704255372744738e-07,1.0851104903301163e-08
17.10319574322405,3.4091126383139733e-09,3.4091126383139733e-09,2.3042574936855554e-07,1.1352045639789087e-08
17.110162421734525,3.4091126383139733e-09,3.4091126383139733e-09,2.3377023094301575e-07,1.1886296542493297e-08
17.117129100245005,3.4091126383139733e-09,3.4091126383139733e-09,2.3707058837662773e-07,1.2456155506342454e-08
17.124095778755482,3.4091126383139733e-09,3.4091126383139733e-09,2.4032104688135065e-07,1.3064079622896992e-08
17.13106245726596,3.4091126383139733e-09,3.4091126383139733e-09,2.435154442672871e-07,1.3712693737889903e-08
17.13802913577644,3.4091126383139733e-09,3.4091126383139733e-09,2.46647207540423e-07,1.4404798929661475e-08
17.144995814286915,3.4091126383139733e-09,3.4091126383139733e-09,2.497093288833605e-07,1.5143380775123983e-08
17.1519624927974,3.4091126383139733e-09,3.4091126383139733e-09,2.526943413453869e-07,1.593161720355654e-08
17.158929171307875,3.4091126383139733e-09,3.4091126383139733e-09,2.555942943924796e-07,1.6772885739486673e-08
17.16589584981835,3.4091126383139733e-09,3.4091126383139733e-09,2.5840072957222977e-07,1.7670769886405787e-08
17.17286252832883,3.4091126383139733e-09,3.4091126383139733e-09,2.611046567600525e-07,1.862906432772902e-08
17.179829206839308,3.4091126383139733e-09,3.4091126383139733e-09,2.636965314113908e-07,1.9651778586501407e-08
17.186795885349785,3.4091126383139733e-09,3.4091126383139733e-09,2.6616623329698844e-07,2.074313872489984e-08
17.193762563860265,3.4091126383139733e-09,3.4091126383139733e-09,2.6850304745893213e-07,2.1907586573056667e-08
17.20072924237074,3.4091126383139733e-09,3.4091126383139733e-09,2.7069564816000076e-07,2.314977590889205e-08
17.20769592088122,3.4091126383139733e-09,3.4091126383139733e-09,2.727320866307755e-07,2.447456493780521e-08
17.214662599391698,3.4091126383139733e-09,3.4091126383139733e-09,2.745997837674116e-07,2.588700430354152e-08
17.221629277902174,3.4091126383139733e-09,3.4091126383139733e-09,2.7628552897899403e-07,2.7392319781799754e-08
17.228595956412658,3.4091126383139733e-09,3.4091126383139733e-09,2.7777548644104627e-07,2.8995888710879112e-08
17.235562634923134,3.4091126383139733e-09,3.4091126383139733e-09,2.790552104407902e-07,3.070320909848056e-08
17.242529313433614,3.4091126383139733e-09,3.4091126383139733e-09,2.801096715505816e-07,3.251986026097158e-08
17.24949599194409,3.4091126383139733e-09,3.4091126383139733e-09,2.8092329539919116e-07,3.445145376608248e-08
17.256462670454567,3.4091126383139733e-09,3.4091126383139733e-09,2.8148001625056734e-07,3.650357337536399e-08
17.263429348965047,3.4091126383139733e-09,3.4091126383139733e-09,2.817633475901708e-07,3.868170265575227e-08
17.270396027475524,3.4091126383139733e-09,3.4091126383139733e-09,2.8175647197436896e-07,4.0991138882169817e-08
17.277362705986004,3.4091126383139733e-09,3.4091126383139733e-09,2.81442352651603e-07,4.3436891963024774e-08
17.28432938449648,3.4091126383139733e-09,3.4091126383139733e-09,2.808038692917408e-07,4.6023567191092234e-08
17.291296063006957,3.4091126383139733e-09,3.4091126383139733e-09,2.798239801735369e-07,4.875523078529697e-08
17.29826274151744,3.4091126383139733e-09,3.4091126383139733e-09,2.7848591278892087e-07,5.1635257561641784e-08
17.305229420027917,3.4091126383139733e-09,3.4091126383139733e-09,2.767733846179778e-07,5.466616046974464e-08
17.312196098538394,3.4091126383139733e-09,3.4091126383139733e-09,2.746708555948985e-07,5.7849402122525705e-08
17.319162777048874,3.4091126383139733e-09,3.4091126383139733e-09,2.7216381218246687e-07,6.118518947050842e-08
17.32612945555935,3.4091126383139733e-09,3.4091126383139733e-09,2.6923908266585016e-07,6.467225346069854e-08
17.33309613406983,3.4091126383139733e-09,3.4091126383139733e-09,2.65885182545236e-07,6.830761652870107e-08
17.340062812580307,3.4091126383139733e-09,3.4091126383139733e-09,2.6209268591891887e-07,7.208635217457047e-08
17.347029491090783,3.4091126383139733e-09,3.4091126383139733e-09,2.5785461780197187e-07,7.600134223412175e-08
17.353996169601263,3.4091126383139733e-09,3.4091126383139733e-09,2.53166862156811e-07,8.00430389410165e-08
17.36096284811174,3.4091126383139733e-09,3.4091126383139733e-09,2.480285753778772e-07,8.41992403841347e-08
17.367929526622223,3.4091126383139733e-09,3.4091126383139733e-09,2.4244259208219404e-07,8.84548898131989e-08
17.3748962051327,3.4091126383139733e-09,3.4091126383139733e-09,2.3641581374271203e-07,9.279191040588942e-08
17.381862883643176,3.4091126383139733e-09,3.4091126383139733e-09,2.2995956114853673e-07,9.718908832307237e-08
17.388829562153656,3.4091126383139733e-09,3.4091126383139733e-09,2.230898747711347e-07,1.0162201788703608e-07
17.395796240664133,3.4091126383139733e-09,3.4091126383139733e-09,2.1582774442670938e-07,1.0606312276338222e-07
17.402762919174613,3.4091126383139733e-09,3.4091126383139733e-09,2.081992484827518e-07,1.10481765956294e-07
17.40972959768509,3.4091126383139733e-09,3.4091126383139733e-09,2.0023558502006798e-07,1.1484446103359475e-07
17.416696276195566,3.4091126383139733e-09,3.4091126383139733e-09,1.9197297779065358e-07,1.1911519284370272e-07
17.423662954706046,3.4091126383139733e-09,3.4091126383139733e-09,1.8345244315715295e-07,1.2325585410807294e-07
17.430629633216522,3.4091126383139733e-09,3.4091126383139733e-09,1.74719409039198e-07,1.2722679801167978e-07
17.437596311727,3.4091126383139733e-09,3.4091126383139733e-09,1.6582318226765946e-07,1.3098750143728745e-07
17.444562990237483,3.4091126383139733e-09,3.4091126383139733e-09,1.5681626745917223e-07,1.3449732820048316e-07
17.45152966874796,3.4091126383139733e-09,3.4091126383139733e-09,1.4775354925964338e-07,1.3771637309933964e-07
17.45849634725844,3.4091126383139733e-09,3.4091126383139733e-09,1.3869135526995665e-07,1.4060636281205353e-07
17.465463025768916,3.4091126383139733e-09,3.4091126383139733e-09,1.2968642912969894e-07,1.4313158179583492e-07
17.472429704279392,3.4091126383139733e-09,3.4091126383139733e-09,1.2079484504364317e-07,1.452597885543685e-07
17.479396382789872,3.4091126383139733e-09,3.4091126383139733e-09,1.1207090485074148e-07,1.4696308374064145e-07
17.48636306130035,3.4091126383139733e-09,3.4091126383139733e-09,1.0356605882518883e-07,1.4821869107909994e-07
17.49332973981083,3.4091126383139733e-09,3.4091126383139733e-09,9.532789410651157e-08,1.4900961444169527e-07
17.500296418321305,3.4091126383139733e-09,3.4091126383139733e-09,8.739923240538227e-08,1.4932513893280294e-07
17.50726309683178,3.4091126383139733e-09,3.4091126383139733e-09,7.981737261147817e-08,1.4916115033720526e-07
17.514229775342265,3.4091126383139733e-09,3.4091126383139733e-09,7.261350839311529e-08,1.485202569929711e-07
17.521196453852742,3.4091126383139733e-09,3.4091126383139733e-09,6.581234047803396e-08,1.4741170670141095e-07
17.528163132363222,3.4091126383139733e-09,3.4091126383139733e-09,5.943189389166155e-08,1.4585110489033918e-07
17.5351298108737,3.4091126383139733e-09,3.4091126383139733e-09,5.348353885489207e-08,1.438599468748672e-07
17.542096489384175,3.4091126383139733e-09,3.4091126383139733e-09,4.797220414084897e-08,1.4146498957708041e-07
17.549063167894655,3.4091126383139733e-09,3.4091126383139733e-09,4.289676312144513e-08,1.386974924237227e-07
17.55602984640513,3.4091126383139733e-09,3.4091126383139733e-09,3.825056422565569e-08,1.3559236525640642e-07
17.562996524915608,3.4091126383139733e-09,3.4091126383139733e-09,3.402207424510917e-08,1.3218726038635355e-07
17.569963203426088,3.4091126383139733e-09,3.4091126383139733e-09,3.0195598868831524e-08,1.285216481308529e-07
17.576929881936564,3.4091126383139733e-09,3.4091126383139733e-09,2.6752046196764915e-08,1.2463591143709709e-07
17.583896560447048,3.4091126383139733e-09,3.4091126383139733e-09,2.3669699392997016e-08,1.205704914925216e-07
17.590863238957525,3.4091126383139733e-09,3.4091126383139733e-09,2.0924969585700797e-08,1.1636511015137782e-07
17.597829917468,3.4091126383139733e-09,3.4091126383139733e-09,1.8493104244141265e-08,1.120580885567055e-07
17.60479659597848,3.4091126383139733e-09,3.4091126383139733e-09,1.6348832083783115e-08,1.07685774744e-07
17.611763274488958,3.4091126383139733e-09,3.4091126383139733e-09,1.4466931147163781e-08,1.0328208633591425e-07
17.618729952999438,3.4091126383139733e-09,3.4091126383139733e-09,1.2822712209045463e-08,9.887816851950716e-08
17.625696631509914,3.4091126383139733e-09,3.4091126383139733e-09,1.139241474328441e-08,9.450216283809765e-08
17.63266331002039,3.4091126383139733e-09,3.4091126383139733e-09,1.0153516724996089e-08,9.017907816551463e-08
17.63962998853087,3.4091126383139733e-09,3.4091126383139733e-09,9.084962959717669e-09,8.593075277344977e-08
17.646596667041347,3.4091126383139733e-09,3.4091126383139733e-09,8.167319053563424e-09,8.1775894245874e-08
17.65356334555183,3.4091126383139733e-09,3.4091126383139733e-09,7.3828597132674276e-09,7.77301838527112e-08
17.660530024062307,3.4091126383139733e-09,3.4091126383139733e-09,6.715600949841788e-09,7.3806431451649e-08
17.667496702572784,3.4091126383139733e-09,3.4091126383139733e-09,6.151285833145757e-09,7.00147681961816e-08
17.674463381083264,3.4091126383139733e-09,3.4091126383139733e-09,5.677333376232228e-09,6.636286485192286e-08
17.68143005959374,3.4091126383139733e-09,3.4091126383139733e-09,5.2827592336544746e-09,6.285616550878746e-08
17.688396738104217,3.4091126383139733e-09,3.4091126383139733e-09,4.958076195978234e-09,5.949812760235313e-08
17.695363416614697,3.4091126383139733e-09,3.4091126383139733e-09,4.695181331885739e-09,5.6290460950302864e-08
17.702330095125173,3.4091126383139733e-09,3.4091126383139733e-09,4.487235592451392e-09,5.323335995677263e-08
17.709296773635653,3.4091126383139733e-09,3.4091126383139733e-09,4.328540680574882e-09,5.032572459152978e-08
17.71626345214613,3.4091126383139733e-09,3.4091126383139733e-09,4.214416907526794e-09,4.756536699279567e-08
17.723230130656606,3.4091126383139733e-09,3.4091126383139733e-09,4.141084960977026e-09,4.494920165661338e-08
17.73019680916709,3.4091126383139733e-09,3.4091126383139733e-09,4.1055536441073974e-09,4.247341804703176e-08
17.737163487677567,3.4091126383139733e-09,3.4091126383139733e-09,4.1055150527530694e-09,4.013363526985526e-08
17.744130166188047,3.4091126383139733e-09,3.4091126383139733e-09,4.139248035836578e-09,3.792503896081907e-08
17.751096844698523,3.4091126383139733e-09,3.4091126383139733e-09,4.205530388887041e-09,3.5842501030334826e-08
17.758063523209,3.4091126383139733e-09,3.4091126383139733e-09,4.303559856365394e-09,3.388068319054039e-08
17.76503020171948,3.4091126383139733e-09,3.4091126383139733e-09,4.432883768082718e-09,3.203412541366543e-08
17.771996880229956,3.4091126383139733e-09,3.4091126383139733e-09,4.593336939365647e-09,3.0297320591380046e-08
17.778963558740436,3.4091126383139733e-09,3.4091126383139733e-09,4.784987335736335e-09,2.8664776715697243e-08
17.785930237250913,3.4091126383139733e-09,3.4091126383139733e-09,5.008088921889898e-09,2.713106791552926e-08
17.79289691576139,3.4091126383139733e-09,3.4091126383139733e-09,5.263041072477782e-09,2.5690875634806514e-08
17.799863594271873,3.4091126383139733e-09,3.4091126383139733e-09,5.5503539065302456e-09,2.433902119232472e-08
17.80683027278235,3.4091126383139733e-09,3.4091126383139733e-09,5.870618918881039e-09,2.3070490864483042e-08
17.813796951292826,3.4091126383139733e-09,3.4091126383139733e-09,6.2244843042397925e-09,2.1880454552760388e-08
17.820763629803306,3.4091126383139733e-09,3.4091126383139733e-09,6.61263440189563e-09,2.0764278993641538e-08
17.827730308313782,3.4091126383139733e-09,3.4091126383139733e-09,7.035772741723633e-09,1.9717536374911003e-08
17.834696986824262,3.4091126383139733e-09,3.4091126383139733e-09,7.494608200369941e-09,1.8736009120800622e-08
17.84166366533474,3.4091126383139733e-09,3.4091126383139733e-09,7.98984383363937e-09,1.7815691520532993e-08
17.848630343845215,3.4091126383139733e-09,3.4091126383139733e-09,8.522168000728715e-09,1.6952788790139483e-08
17.855597022355695,3.4091126383139733e-09,3.4091126383139733e-09,9.09224742523869e-09,1.614371407315838e-08
17.862563700866172,3.4091126383139733e-09,3.4091126383139733e-09,9.700721887717328e-09,1.538508381663336e-08
17.869530379376656,3.4091126383139733e-09,3.4091126383139733e-09,1.0348200295755288e-08,1.4673711902054811e-08
17.876497057887132,3.4091126383139733e-09,3.4091126383139733e-09,1.1035257888697143e-08,1.4006602840150358e-08
17.88346373639761,3.4091126383139733e-09,3.4091126383139733e-09,1.1762434366048538e-08,1.3380944289220422e-08
17.89043041490809,3.4091126383139733e-09,3.4091126383139733e-09,1.2530232794531468e-08,1.2794099129777598e-08
17.897397093418565,3.4091126383139733e-09,3.4091126383139733e-09,1.3339119128165096e-08,1.2243597268397524e-08
17.904363771929045,3.4091126383139733e-09,3.4091126383139733e-09,1.4189522216244757e-08,1.1727127319094734e-08
17.91133045043952,3.4091126383139733e-09,3.4091126383139733e-09,1.5081834197033233e-08,1.1242528282375754e-08
17.918297128949998,3.4091126383139733e-09,3.4091126383139733e-09,1.6016411199640605e-08,1.0787781322898401e-08
17.925263807460478,3.4091126383139733e-09,3.4091126383139733e-09,1.699357427334955e-08,1.0361001718295963e-08
17.932230485970955,3.4091126383139733e-09,3.4091126383139733e-09,1.8013610453959764e-08,9.960431022120975e-09
17.939197164481435,3.4091126383139733e-09,3.4091126383139733e-09,1.9076773969479094e-08,9.584429508879904e-09
17.946163842991915,3.4091126383139733e-09,3.4091126383139733e-09,2.0183287507765916e-08,9.231468914004097e-09
17.95313052150239,3.4091126383139733e-09,3.4091126383139733e-09,2.13333435205079e-08,8.900125496447927e-09
17.96009720001287,3.4091126383139733e-09,3.4091126383139733e-09,2.2527105533223437e-08,8.589073434146001e-09
17.967063878523348,3.4091126383139733e-09,3.4091126383139733e-09,2.3764709444092133e-08,8.297078559437544e-09
17.974030557033824,3.4091126383139733e-09,3.4091126383139733e-09,2.5046264800297504e-08,8.02299243807115e-09
17.980997235544304,3.4091126383139733e-09,3.4091126383139733e-09,2.6371856038034926e-08,7.76574678996962e-09
17.98796391405478,3.4091126383139733e-09,3.4091126383139733e-09,2.774154364014432e-08,7.524348232076298e-09
17.99493059256526,3.4091126383139733e-09,3.4091126383139733e-09,2.915536525990563e-08,7.297873353076793e-09
18.001897271075737,3.4091126383139733e-09,3.4091126383139733e-09,3.0613336771575367e-08,7.08546409808086e-09
18.008863949586214,3.4091126383139733e-09,3.4091126383139733e-09,3.211545325078508e-08,6.88632345425442e-09
18.015830628096698,3.4091126383139733e-09,3.4091126383139733e-09,3.36616898803621e-08,6.6997114246734835e-09
18.022797306607174,3.4091126383139733e-09,3.4091126383139733e-09,3.525200278175859e-08,6.524941276449113e-09
18.029763985117654,3.4091126383139733e-09,3.4091126383139733e-09,3.68863297737958e-08,6.361376049934746e-09
18.03673066362813,3.4091126383139733e-09,3.4091126383139733e-09,3.8564591060755285e-08,6.2084253164336386e-09
18.043697342138607,3.4091126383139733e-09,3.4091126383139733e-09,4.028668984760275e-08,6.06554217141905e-09
18.050664020649087,3.4091126383139733e-09,3.4091126383139733e-09,4.2052512866240554e-08,5.932220445474971e-09
18.057630699159564,3.4091126383139733e-09,3.4091126383139733e-09,4.386193084766398e-08,5.807992127287956e-09
18.06459737767004,3.4091126383139733e-09,3.4091126383139733e-09,4.571479891681845e-08,5.692424982072271e-09
18.07156405618052,3.4091126383139733e-09,3.4091126383139733e-09,4.761095691803323e-08,5.585120355223086e-09
18.078530734690997,3.4091126383139733e-09,3.4091126383139733e-09,4.9550229671174654e-08,5.485711150254255e-09
18.08549741320148,3.4091126383139733e-09,3.4091126383139733e-09,5.153242716043045e-08,5.3938599704074666e-09
18.092464091711957,3.4091126383139733e-09,3.4091126383139733e-09,5.355734465745867e-08,5.309257414282657e-09
18.099430770222433,3.4091126383139733e-09,3.4091126383139733e-09,5.5624762780072075e-08,5.23162051669653e-09
18.106397448732913,3.4091126383139733e-09,3.4091126383139733e-09,5.773444748472533e-08,5.1606913264171104e-09
18.11336412724339,3.4091126383139733e-09,3.4091126383139733e-09,5.988614999040408e-08,5.096235611991233e-09
18.12033080575387,3.4091126383139733e-09,3.4091126383139733e-09,6.207960664323024e-08,5.038041689857845e-09
18.127297484264346,3.4091126383139733e-09,3.4091126383139733e-09,6.431453871378387e-08,4.985919367136933e-09
18.134264162774823,3.4091126383139733e-09,3.4091126383139733e-09,6.65906521292702e-08,4.939698993560531e-09
18.141230841285303,3.4091126383139733e-09,3.4091126383139733e-09,6.890763713896751e-08,4.899230617012249e-09
18.14819751979578,3.4091126383139733e-09,3.4091126383139733e-09,7.126516791248248e-08,4.864383237698251e-09
18.155164198306263,3.4091126383139733e-09,3.4091126383139733e-09,7.366290206978743e-08,4.835044156613535e-09
18.16213087681674,3.4091126383139733e-09,3.4091126383139733e-09,7.6100480141366e-08,4.811118414581417e-09
18.169097555327216,3.4091126383139733e-09,3.4091126383139733e-09,7.857752495577382e-08,4.792528318627629e-09
18.176064233837696,3.4091126383139733e-09,3.4091126383139733e-09,8.109364094960546e-08,4.7792130522351e-09
18.183030912348173,3.4091126383139733e-09,3.4091126383139733e-09,8.364841340242759e-08,4.771128367896349e-09
18.18999759085865,3.4091126383139733e-09,3.4091126383139733e-09,8.62414075894831e-08,4.768246359566602e-09
18.19696426936913,3.4091126383139733e-09,3.4091126383139733e-09,8.887216784966563e-08,4.770555313760356e-09
18.203930947879606,3.4091126383139733e-09,3.4091126383139733e-09,9.154021656412184e-08,4.778059638179631e-09
18.210897626390086,3.4091126383139733e-09,3.4091126383139733e-09,9.424505304088746e-08,4.790779867251291e-09
18.217864304900562,3.4091126383139733e-09,3.4091126383139733e-09,9.698615230051175e-08,4.808752744456676e-09
18.224830983411042,3.4091126383139733e-09,3.4091126383139733e-09,9.976296375717508e-08,4.832031381820395e-09
18.231797661921522,3.4091126383139733e-09,3.4091126383139733e-09,1.0257490978920093e-07,4.860685497410599e-09
18.238764340432,3.4091126383139733e-09,3.4091126383139733e-09,1.0542138419239683e-07,4.894801732194733e-09
18.24573101894248,3.4091126383139733e-09,3.4091126383139733e-09,1.0830175050821046e-07,4.934484047509994e-09
18.252697697452955,3.4091126383139733e-09,3.4091126383139733e-09,1.1121534021468375e-07,4.979854202986556e-09
18.259664375963432,3.4091126383139733e-09,3.4091126383139733e-09,1.1416145078100136e-07,5.031052322534256e-09
18.266631054473912,3.4091126383139733e-09,3.4091126383139733e-09,1.1713934356742438e-07,5.088237547019141e-09
18.27359773298439,3.4091126383139733e-09,3.4091126383139733e-09,1.2014824156349978e-07,5.151588778415957e-09
18.28056441149487,3.4091126383139733e-09,3.4091126383139733e-09,1.2318732695391042e-07,5.221305519023772e-09
18.287531090005345,3.4091126383139733e-09,3.4091126383139733e-09,1.2625573849917377e-07,5.297608810135954e-09
18.29449776851582,3.4091126383139733e-09,3.4091126383139733e-09,1.293525687179951e-07,5.380742275145033e-09
18.301464447026305,3.4091126383139733e-09,3.4091126383139733e-09,1.324768608574569e-07,5.4709732725888e-09
18.30843112553678,3.4091126383139733e-09,3.4091126383139733e-09,1.356276056374192e-07,5.568594164167743e-09
18.315397804047258,3.4091126383139733e-09,3.4091126383139733e-09,1.3880373775263753e-07,5.673923703086864e-09
18.322364482557738,3.4091126383139733e-09,3.4091126383139733e-09,1.420041321154479e-07,5.787308552286488e-09
18.329331161068215,3.4091126383139733e-09,3.4091126383139733e-09,1.4522759981916608e-07,5.909124937533196e-09
18.336297839578695,3.4091126383139733e-09,3.4091126383139733e-09,1.4847288380608031e-07,6.0397804435694435e-09
18.34326451808917,3.4091126383139733e-09,3.4091126383139733e-09,1.5173865421984716e-07,6.179715961099489e-09
18.350231196599648,3.4091126383139733e-09,3.4091126383139733e-09,1.5502350341862544e-07,6.329407793625496e-09
18.357197875110128,3.4091126383139733e-09,3.4091126383139733e-09,1.5832594062468593e-07,6.489369933661418e-09
18.364164553620604,3.4091126383139733e-09,3.4091126383139733e-09,1.6164438618637656e-07,6.660156518220773e-09
18.371131232131088,3.4091126383139733e-09,3.4091126383139733e-09,1.6497716543638693e-07,6.8423644694302514e-09
18.378097910641564,3.4091126383139733e-09,3.4091126383139733e-09,1.6832250211044466e-07,7.036636333484272e-09
18.38506458915204,3.4091126383139733e-09,3.4091126383139733e-09,1.7167851130286172e-07,7.243663327934033e-09
18.39203126766252,3.4091126383139733e-09,3.4091126383139733e-09,1.7504319192196788e-07,7.464188606893133e-09
18.398997946172997,3.4091126383139733e-09,3.4091126383139733e-09,1.7841441863278743e-07,7.699010752141386e-09
18.405964624683477,3.4091126383139733e-09,3.4091126383139733e-09,1.8178993325484732e-07,7.948987499207745e-09
18.412931303193954,3.4091126383139733e-09,3.4091126383139733e-09,1.8516733557886446e-07,8.215039708047078e-09
18.41989798170443,3.4091126383139733e-09,3.4091126383139733e-09,1.8854407356681181e-07,8.498155587416215e-09
18.42686466021491,3.4091126383139733e-09,3.4091126383139733e-09,1.9191743290095733e-07,8.799395181312887e-09
18.433831338725387,3.4091126383139733e-09,3.4091126383139733e-09,1.9528452589362637e-07,9.119895111882183e-09
18.440798017235867,3.4091126383139733e-09,3.4091126383139733e-09,1.986422797222294e-07,9.460873580937905e-09
18.447764695746347,3.4091126383139733e-09,3.4091126383139733e-09,2.0198742391267495e-07,9.823635646031194e-09
18.454731374256824,3.4091126383139733e-09,3.4091126383139733e-09,2.0531647710150263e-07,1.0209578748562233e-08
18.461698052767304,3.4091126383139733e-09,3.4091126383139733e-09,2.0862573306211149e-07,1.0620198488761814e-08
18.46866473127778,3.4091126383139733e-09,3.4091126383139733e-09,2.1191124599190476e-07,1.1057094629301728e-08
18.475631409788257,3.4091126383139733e-09,3.4091126383139733e-09,2.1516881504313293e-07,1.1521977307125082e-08
18.482598088298737,3.4091126383139733e-09,3.4091126383139733e-09,2.1839396808646997e-07,1.2016673426379878e-08
18.489564766809213,3.4091126383139733e-09,3.4091126383139733e-09,2.215819447377273e-07,1.2543133190520199e-08
18.496531445319693,3.4091126383139733e-09,3.4091126383139733e-09,2.2472767883291904e-07,1.3103436688702961e-08
18.50349812383017,3.4091126383139733e-09,3.4091126383139733e-09,2.2782578016365056e-07,1.3699800516079056e-08
18.51046480234065,3.4091126383139733e-09,3.4091126383139733e-09,2.3087051571570546e-07,1.4334584309921483e-08
18.51743148085113,3.4091126383139733e-09,3.4091126383139733e-09,2.338557904921661e-07,1.5010297101343997e-08
18.524398159361606,3.4091126383139733e-09,3.4091126383139733e-09,2.367751280493336e-07,1.5729603354471415e-08
18.531364837872086,3.4091126383139733e-09,3.4091126383139733e-09,2.396216508905507e-07,1.6495328541504396e-08
18.538331516382563,3.4091126383139733e-09,3.4091126383139733e-09,2.423880610053751e-07,1.7310464056875566e-08
18.54529819489304,3.4091126383139733e-09,3.4091126383139733e-09,2.450666207779914e-07,1.8178171254615087e-08
18.55226487340352,3.4091126383139733e-09,3.4091126383139733e-09,2.4764913458835206e-07,1.9101784348093135e-08
18.559231551913996,3.4091126383139733e-09,3.4091126383139733e-09,2.5012693153187773e-07,2.0084811861597073e-08
18.566198230424472,3.4091126383139733e-09,3.4091126383139733e-09,2.524908496920476e-07,2.1130936282090346e-08
18.573164908934952,3.4091126383139733e-09,3.4091126383139733e-09,2.5473122252636463e-07,2.224401150020694e-08
18.580131587445432,3.4091126383139733e-09,3.4091126383139733e-09,2.56837868029359e-07,2.342805756915427e-08
18.587098265955913,3.4091126383139733e-09,3.4091126383139733e-09,2.5880008137760627e-07,2.4687252252814187e-08
18.59406494446639,3.4091126383139733e-09,3.4091126383139733e-09,2.6060663194587387e-07,2.6025918760303786e-08
18.601031622976866,3.4091126383139733e-09,3.4091126383139733e-09,2.622457656369062e-07,2.744850899956031e-08
18.607998301487346,3.4091126383139733e-09,3.4091126383139733e-09,2.6370521364960833e-07,2.8959581609752292e-08
18.614964979997822,3.4091126383139733e-09,3.4091126383139733e-09,2.6497220888618883e-07,3.0563773965726965e-08
18.621931658508302,3.4091126383139733e-09,3.4091126383139733e-09,2.6603351136522984e-07,3.2265767284227214e-08
18.62889833701878,3.4091126383139733e-09,3.4091126383139733e-09,2.6687544410816733e-07,3.407024390716418e-08
18.635865015529255,3.4091126383139733e-09,3.4091126383139733e-09,2.6748394109779023e-07,3.598183580009265e-08
18.642831694039735,3.4091126383139733e-09,3.4091126383139733e-09,2.6784460898799425e-07,3.8005063284186084e-08
18.64979837255021,3.4091126383139733e-09,3.4091126383139733e-09,2.6794280432248483e-07,4.0144263032796924e-08
18.656765051060695,3.4091126383139733e-09,3.4091126383139733e-09,2.6776372804371567e-07,4.2403504412877125e-08
18.66373172957117,3.4091126383139733e-09,3.4091126383139733e-09,2.67292539050759e-07,4.47864933500624e-08
18.67069840808165,3.4091126383139733e-09,3.4091126383139733e-09,2.6651448847041494e-07,4.729646305616746e-08
18.67766508659213,3.4091126383139733e-09,3.4091126383139733e-09,2.654150761295853e-07,4.993605118908197e-08
18.684631765102605,3.4091126383139733e-09,3.4091126383139733e-09,2.6398023042827336e-07,5.270716333664963e-08
18.69159844361308,3.4091126383139733e-09,3.4091126383139733e-09,2.621965124060597e-07,5.561082313199489e-08
18.69856512212356,3.4091126383139733e-09,3.4091126383139733e-09,2.6005134424770405e-07,5.864700983622473e-08
18.705531800634038,3.4091126383139733e-09,3.4091126383139733e-09,2.575332617500802e-07,6.181448487288927e-08
18.712498479144518,3.4091126383139733e-09,3.4091126383139733e-09,2.546321893968219e-07,6.511060956393757e-08
18.719465157654994,3.4091126383139733e-09,3.4091126383139733e-09,2.5133973562847686e-07,6.85311572044474e-08
18.726431836165474,3.4091126383139733e-09,3.4091126383139733e-09,2.4764950464207974e-07,7.207012360695111e-08
18.733398514675955,3.4091126383139733e-09,3.4091126383139733e-09,2.435574196620727e-07,7.571954131569411e-08
18.74036519318643,3.4091126383139733e-09,3.4091126383139733e-09,2.3906205113705914e-07,7.946930381537212e-08
18.74733187169691,3.4091126383139733e-09,3.4091126383139733e-09,2.3416494164450674e-07,8.330700715683828e-08
18.754298550207388,3.4091126383139733e-09,3.4091126383139733e-09,2.2887091777492043e-07,8.721781745355323e-08
18.761265228717864,3.4091126383139733e-09,3.4091126383139733e-09,2.2318837766940502e-07,9.118437354352526e-08
18.768231907228344,3.4091126383139733e-09,3.4091126383139733e-09,2.1712954174410872e-07,9.518673474449927e-08
18.77519858573882,3.4091126383139733e-09,3.4091126383139733e-09,2.107106529294712e-07,9.920238372135014e-08
18.7821652642493,3.4091126383139733e-09,3.4091126383139733e-09,2.0395211260862542e-07,1.0320629436326011e-07
18.789131942759777,3.4091126383139733e-09,3.4091126383139733e-09,1.968785383290287e-07,1.0717107328136265e-07
18.796098621270257,3.4091126383139733e-09,3.4091126383139733e-09,1.89518730550245e-07,1.1106718276566017e-07
18.803065299780737,3.4091126383139733e-09,3.4091126383139733e-09,1.8190553734225515e-07,1.1486324935140915e-07
18.810031978291214,3.4091126383139733e-09,3.4091126383139733e-09,1.7407560874541415e-07,1.185264605017248e-07
18.81699865680169,3.4091126383139733e-09,3.4091126383139733e-09,1.6606903625829412e-07,1.2202304713230635e-07
18.82396533531217,3.4091126383139733e-09,3.4091126383139733e-09,1.5792887806413537e-07,1.253188452313441e-07
18.830932013822647,3.4091126383139733e-09,3.4091126383139733e-09,1.4970057317150295e-07,1.2837992695187872e-07
18.837898692333127,3.4091126383139733e-09,3.4091126383139733e-09,1.4143125797575426e-07,1.3117328364408025e-07
18.844865370843603,3.4091126383139733e-09,3.4091126383139733e-09,1.3316899985627735e-07,1.336675416402431e-07
18.85183204935408,3.4091126383139733e-09,3.4091126383139733e-09,1.24961969743694e-07,1.358336867049738e-07
18.85879872786456,3.4091126383139733e-09,3.4091126383139733e-09,1.1685758118520144e-07,1.376457701152925e-07
18.86576540637504,3.4091126383139733e-09,3.4091126383139733e-09,1.0890162303494767e-07,1.3908156799928836e-07
18.87273208488552,3.4091126383139733e-09,3.4091126383139733e-09,1.011374205564747e-07,1.4012316639011938e-07
18.879698763395997,3.4091126383139733e-09,3.4091126383139733e-09,9.360505363217779e-08,1.4075744542591204e-07
18.886665441906473,3.4091126383139733e-09,3.4091126383139733e-09,8.63406630863577e-08,1.4097644078532563e-07
18.893632120416953,3.4091126383139733e-09,3.4091126383139733e-09,7.937587066531181e-08,1.4077756509834654e-07
18.90059879892743,3.4091126383139733e-09,3.4091126383139733e-09,7.273733291449784e-08,1.4016367804473018e-07
18.90756547743791,3.4091126383139733e-09,3.4091126383139733e-09,6.644644361765902e-08,1.3914300333548175e-07
18.914532155948386,3.4091126383139733e-09,3.4091126383139733e-09,6.051919064358925e-08,1.3772889489833812e-07
18.921498834458863,3.4091126383139733e-09,3.4091126383139733e-09,5.496616655858087e-08,1.3593946509861558e-07
18.928465512969343,3.4091126383139733e-09,3.4091126383139733e-09,4.979272505496216e-08,1.3379709124328642e-07
18.93543219147982,3.4091126383139733e-09,3.4091126383139733e-09,4.4999268121188184e-08,1.3132782473336178e-07
18.9423988699903,3.4091126383139733e-09,3.4091126383139733e-09,4.0581644843171474e-08,1.285607277791883e-07
18.94936554850078,3.4091126383139733e-09,3.4091126383139733e-09,3.6531638100659314e-08,1.255271665900464e-07
18.956332227011256,3.4091126383139733e-09,3.4091126383139733e-09,3.283751447370746e-08,1.222600886803852e-07
18.963298905521736,3.4091126383139733e-09,3.4091126383139733e-09,2.9484611416853574e-08,1.1879331108415677e-07
18.970265584032212,3.4091126383139733e-09,3.4091126383139733e-09,2.645593747775881e-08,1.1516084303114399e-07
18.97723226254269,3.4091126383139733e-09,3.4091126383139733e-09,2.3732763528912845e-08,1.1139626277484317e-07
18.98419894105317,3.4091126383139733e-09,3.4091126383139733e-09,2.129518613645913e-08,1.0753216393401169e-07
18.991165619563645,3.4091126383139733e-09,3.4091126383139733e-09,1.912264797073158e-08,1.0359968180003553e-07
18.998132298074125,3.4091126383139733e-09,3.4091126383139733e-09,1.719440415984225e-08,9.962810544692461e-08
19.005098976584602,3.4091126383139733e-09,3.4091126383139733e-09,1.5489927467326776e-08,9.564457723115498e-08
19.012065655095082,3.4091126383139733e-09,3.4091126383139733e-09,1.3989248735818284e-08,9.167387758746183e-08
19.019032333605562,3.4091126383139733e-09,3.4091126383139733e-09,1.267323222512971e-08,8.773828987789903e-08
19.02599901211604,3.4091126383139733e-09,3.4091126383139733e-09,1.1523788105477136e-08,8.385753794805432e-08
19.03296569062652,3.4091126383139733e-09,3.4091126383139733e-09,1.0524026364371644e-08,8.0048787393263e-08
19.039932369136995,3.4091126383139733e-09,3.4091126383139733e-09,9.658357786146322e-09,7.632670083479021e-08
19.04689904764747,3.4091126383139733e-09,3.4091126383139733e-09,8.91254856856985e-09,7.270353708919871e-08
19.05386572615795,3.4091126383139733e-09,3.4091126383139733e-09,8.273735512223149e-09,6.918928451221034e-08
19.060832404668428,3.4091126383139733e-09,3.4091126383139733e-09,7.730408752709474e-09,6.579181931125056e-08
19.067799083178905,3.4091126383139733e-09,3.4091126383139733e-09,7.272368686535901e-09,6.251708054600558e-08
19.074765761689385,3.4091126383139733e-09,3.4091126383139733e-09,6.890663268526257e-09,5.9369254518856724e-08
19.081732440199865,3.4091126383139733e-09,3.4091126383139733e-09,6.577511196649183e-09,5.635096239162871e-08
19.088699118710345,3.4091126383139733e-09,3.4091126383139733e-09,6.326215778688031e-09,5.346344596518222e-08
19.09566579722082,3.4091126383139733e-09,3.4091126383139733e-09,6.131073538707935e-09,5.0706747607362924e-08
19.102632475731298,3.4091126383139733e-09,3.4091126383139733e-09,5.987280905938909e-09,4.807988129904508e-08
19.109599154241778,3.4091126383139733e-09,3.4091126383139733e-09,5.890841634983744e-09,4.5580992632832927e-08
19.116565832752254,3.4091126383139733e-09,3.4091126383139733e-09,5.838477007772817e-09,4.320750635189683e-08
19.123532511262734,3.4091126383139733e-09,3.4091126383139733e-09,5.827540317487145e-09,4.095626064049219e-08
19.13049918977321,3.4091126383139733e-09,3.4091126383139733e-09,5.855936684412497e-09,3.8823627900946655e-08
19.137465868283687,3.4091126383139733e-09,3.4091126383139733e-09,5.922048858591649e-09,3.68056221465211e-08
19.144432546794167,3.4091126383139733e-09,3.4091126383139733e-09,6.024669357945821e-09,3.489799345423895e-08
19.151399225304647,3.4091126383139733e-09,3.4091126383139733e-09,6.162939041690545e-09,3.3096310144620956e-08
19.158365903815127,3.4091126383139733e-09,3.4091126383139733e-09,6.336292028051767e-09,3.139602950563596e-08
19.165332582325604,3.4091126383139733e-09,3.4091126383139733e-09,6.5444067265629015e-09,2.9792557974145185e-08
19.17229926083608,3.4091126383139733e-09,3.4091126383139733e-09,6.787162655701306e-09,2.828130173109738e-08
19.17926593934656,3.4091126383139733e-09,3.4091126383139733e-09,7.06460265291806e-09,2.6857708679297247e-08
19.186232617857037,3.4091126383139733e-09,3.4091126383139733e-09,7.376900046197498e-09,2.5517302749457772e-08
19.193199296367514,3.4091126383139733e-09,3.4091126383139733e-09,7.724330340792585e-09,2.425571144348765e-08
19.200165974877994,3.4091126383139733e-09,3.4091126383139733e-09,8.107246975462836e-09,2.306868746858721e-08
19.20713265338847,3.4091126383139733e-09,3.4091126383139733e-09,8.526060713783472e-09,2.1952125254607037e-08
19.21409933189895,3.4091126383139733e-09,3.4091126383139733e-09,8.981222258298395e-09,2.090207307836328e-08
19.22106601040943,3.4091126383139733e-09,3.4091126383139733e-09,9.473207698967592e-09,1.991474145062623e-08
19.228032688919907,3.4091126383139733e-09,3.4091126383139733e-09,1.0002506441807335e-08,1.898650835302627e-08
19.234999367430387,3.4091126383139733e-09,3.4091126383139733e-09,1.056961128682189e-08,1.811392184599808e-08
19.241966045940863,3.4091126383139733e-09,3.4091126383139733e-09,1.1175010363884498e-08,1.729370050658185e-08
19.248932724451343,3.4091126383139733e-09,3.4091126383139733e-09,1.1819180662166459e-08,1.6522732098194924e-08
19.25589940296182,3.4091126383139733e-09,3.4091126383139733e-09,1.250258291258938e-08,1.5798070818115798e-08
19.262866081472296,3.4091126383139733e-09,3.4091126383139733e-09,1.3225657619986e-08,1.5116933423391434e-08
19.269832759982776,3.4091126383139733e-09,3.4091126383139733e-09,1.3988822072499982e-08,1.4476694494920338e-08
19.276799438493253,3.4091126383139733e-09,3.4091126383139733e-09,1.4792468143541596e-08,1.387488104898269e-08
19.283766117003733,3.4091126383139733e-09,3.4091126383139733e-09,1.5636960771893637e-08,1.3309166686645123e-08
19.29073279551421,3.4091126383139733e-09,3.4091126383139733e-09,1.652263699447351e-08,1.2777365432022044e-08
19.29769947402469,3.4091126383139733e-09,3.4091126383139733e-09,1.744980542513622e-08,1.227742538639094e-08
19.30466615253517,3.4091126383139733e-09,3.4091126383139733e-09,1.8418746090157842e-08,1.1807422300856086e-08
19.311632831045646,3.4091126383139733e-09,3.4091126383139733e-09,1.9429710552363035e-08,1.1365553153930353e-08
19.318599509556122,3.4091126383139733e-09,3.4091126383139733e-09,2.0482922271094755e-08,1.0950129806340385e-08
19.325566188066603,3.4091126383139733e-09,3.4091126383139733e-09,2.157857711901728e-08,1.0559572779290474e-08
19.33253286657708,3.4091126383139733e-09,3.4091126383139733e-09,2.271684402039477e-08,1.019240519909897e-08
19.33949954508756,3.4091126383139733e-09,3.4091126383139733e-09,2.3897865693546845e-08,9.84724694697859e-09
19.346466223598036,3.4091126383139733e-09,3.4091126383139733e-09,2.5121759443296064e-08,9.52280902987339e-09
19.353432902108512,3.4091126383139733e-09,3.4091126383139733e-09,2.6388617985226557e-08,9.217888191056175e-09
19.360399580618992,3.4091126383139733e-09,3.4091126383139733e-09,2.769851028180985e-08,8.931361770062014e-09
19.367366259129472,3.4091126383139733e-09,3.4091126383139733e-09,2.905148237789785e-08,8.662182818928247e-09
19.374332937639952,3.4091126383139733e-09,3.4091126383139733e-09,3.044755821764945e-08,8.409375476315457e-09
19.38129961615043,3.4091126383139733e-09,3.4091126383139733e-09,3.188674042201986e-08,8.172030594606758e-09
19.388266294660905,3.4091126383139733e-09,3.4091126383139733e-09,3.3369011039541046e-08,7.949301621831597e-09
19.395232973171385,3.4091126383139733e-09,3.4091126383139733e-09,3.489433224762881e-08,7.740400728865485e-09
19.402199651681862,3.4091126383139733e-09,3.4091126383139733e-09,3.646264700347568e-08,7.54459517643278e-09
19.409166330192342,3.4091126383139733e-09,3.4091126383139733e-09,3.8073879640498216e-08,7.361203913312222e-09
19.41613300870282,3.4091126383139733e-09,3.4091126383139733e-09,3.972793640930139e-08,7.189594397286665e-09
19.423099687213295,3.4091126383139733e-09,3.4091126383139733e-09,4.1424705961426266e-08,7.029179630250114e-09
19.430066365723775,3.4091126383139733e-09,3.4091126383139733e-09,4.3164059766858616e-08,6.879415396596221e-09
19.437033044234255,3.4091126383139733e-09,3.4091126383139733e-09,4.494585247415332e-08,6.7397976967989e-09
19.44399972274473,3.4091126383139733e-09,3.4091126383139733e-09,4.676992220776853e-08,6.60986036613401e-09
19.45096640125521,3.4091126383139733e-09,3.4091126383139733e-09,4.8636090802087865e-08,6.489172869539747e-09
19.457933079765688,3.4091126383139733e-09,3.4091126383139733e-09,5.054416397176655e-08,6.3773382636114515e-09
19.464899758276168,3.4091126383139733e-09,3.4091126383139733e-09,5.2493931419139604e-08,6.273991316987713e-09
19.471866436786645,3.4091126383139733e-09,3.4091126383139733e-09,5.4485166879233634e-08,6.178796781093952e-09
19.47883311529712,3.4091126383139733e-09,3.4091126383139733e-09,5.651762810122039e-08,6.091447803666719e-09
19.4857997938076,3.4091126383139733e-09,3.4091126383139733e-09,5.859105676245057e-08,6.011664476998989e-09
19.492766472318078,3.4091126383139733e-09,3.4091126383139733e-09,6.07051783212643e-08,5.939192514826672e-09
19.499733150828558,3.4091126383139733e-09,3.4091126383139733e-09,6.285970180365579e-08,5.873802050898939e-09
19.506699829339038,3.4091126383139733e-09,3.4091126383139733e-09,6.5054319523742e-08,5.81528655361727e-09
19.513666507849514,3.4091126383139733e-09,3.4091126383139733e-09,6.728870673647412e-08,5.7634618512240834e-09
19.520633186359994,3.4091126383139733e-09,3.4091126383139733e-09,6.95625212218878e-08,5.71816526247594e-09
19.52759986487047,3.4091126383139733e-09,3.4091126383139733e-09,7.187540279975259e-08,5.679254828354061e-09
19.53456654338095,3.4091126383139733e-09,3.4091126383139733e-09,7.422697277293335e-08,5.646608640961948e-09
19.541533221891427,3.4091126383139733e-09,3.4091126383139733e-09,7.661683329569426e-08,5.620124266031005e-09
19.548499900401904,3.4091126383139733e-09,3.4091126383139733e-09,7.904456666333526e-08,5.599718255403388e-09
19.555466578912384,3.4091126383139733e-09,3.4091126383139733e-09,8.15097345249992e-08,5.585325747719535e-09
19.56243325742286,3.4091126383139733e-09,3.4091126383139733e-09,8.401187701231094e-08,5.576900154365962e-09
19.569399935933337,3.4091126383139733e-09,3.4091126383139733e-09,8.655051178183487e-08,5.574412929314418e-09
19.576366614443817,3.4091126383139733e-09,3.4091126383139733e-09,8.912513296632961e-08,5.57785342132373e-09
19.583333292954297,3.4091126383139733e-09,3.4091126383139733e-09,9.173521003056272e-08,5.58722880749252e-09
19.590299971464777,3.4091126383139733e-09,3.4091126383139733e-09,9.43801865269524e-08,5.602564107643322e-09
19.597266649975253,3.4091126383139733e-09,3.4091126383139733e-09,9.705947874574346e-08,5.6239022795061296e-09
19.60423332848573,3.4091126383139733e-09,3.4091126383139733e-09,9.977247425399323e-08,5.651304395157304e-09
19.61120000699621,3.4091126383139733e-09,3.4091126383139733e-09,1.02518530317064e-07,5.684849899660926e-09
19.618166685506687,3.4091126383139733e-09,3.4091126383139733e-09,1.052969721950742e-07,5.724636952653716e-09
19.625133364017167,3.4091126383139733e-09,3.4091126383139733e-09,1.0810709130008517e-07,5.770782851750979e-09
19.632100042527643,3.4091126383139733e-09,3.4091126383139733e-09,1.1094814322129542e-07,5.823424545523017e-09
19.63906672103812,3.4091126383139733e-09,3.4091126383139733e-09,1.1381934559728928e-07,5.882719233299906e-09
19.6460333995486,3.4091126383139733e-09,3.4091126383139733e-09,1.1671987582470766e-07,5.948845057332023e-09
19.65300007805908,3.4091126383139733e-09,3.4091126383139733e-09,1.1964886859954126e-07,6.022001888938038e-09
19.65996675656956,3.4091126383139733e-09,3.4091126383139733e-09,1.2260541327881333e-07,6.102412212140205e-09
19.666933435080036,3.4091126383139733e-09,3.4091126383139733e-09,1.2558855104965666e-07,6.190322108903262e-09
19.673900113590513,3.4091126383139733e-09,3.4091126383139733e-09,1.2859727189232338e-07,6.286002350539209e-09
19.680866792100993,3.4091126383139733e-09,3.4091126383139733e-09,1.316305113230782e-07,6.389749600295357e-09
19.68783347061147,3.4091126383139733e-09,3.4091126383139733e-09,1.3468714690253197e-07,6.5018877326161665e-09
19.694800149121946,3.4091126383139733e-09,3.4091126383139733e-09,1.3776599449459032e-07,6.622769275056779e-09
19.701766827632426,3.4091126383139733e-09,3.4091126383139733e-09,1.408658042639959e-07,6.7527769773368016e-09
19.708733506142902,3.4091126383139733e-09,3.4091126383139733e-09,1.439852563995678e-07,6.892325502938278e-09
19.715700184653382,3.4091126383139733e-09,3.4091126383139733e-09,1.471229565249835e-07,7.041863274705211e-09
19.722666863163862,3.4091126383139733e-09,3.4091126383139733e-09,1.502774308101941e-07,7.201874458718297e-09
19.72963354167434,3.4091126383139733e-09,3.4091126383139733e-09,1.5344712071871404e-07,7.37288110524448e-09
19.73660022018482,3.4091126383139733e-09,3.4091126383139733e-09,1.5663037740915798e-07,7.555445448225586e-09
19.743566898695295,3.4091126383139733e-09,3.4091126383139733e-09,1.5982545576828887e-07,7.750172369593941e-09
19.750533577205776,3.4091126383139733e-09,3.4091126383139733e-09,1.6303050804873038e-07,7.957712035896275e-09
19.757500255716252,3.4091126383139733e-09,3.4091126383139733e-09,1.6624357708432172e-07,8.178762714613352e-09
19.76446693422673,3.4091126383139733e-09,3.4091126383139733e-09,1.6946258905629572e-07,8.414073777397156e-09
19.77143361273721,3.4091126383139733e-09,3.4091126383139733e-09,1.7268534578373888e-07,8.664448897173496e-09
19.778400291247685,3.4091126383139733e-09,3.4091126383139733e-09,1.7590951651251236e-07,8.930749445678004e-09
19.785366969758165,3.4091126383139733e-09,3.4091126383139733e-09,1.7913262919192255e-07,9.213898093320514e-09
19.792333648268645,3.4091126383139733e-09,3.4091126383139733e-09,1.8235206136379072e-07,9.514882568966111e-09
19.79930032677912,3.4091126383139733e-09,3.4091126383139733e-09,1.8556503034530252e-07,9.83475966580348e-09
19.8062670052896,3.4091126383139733e-09,3.4091126383139733e-09,1.8876858289120006e-07,1.0174659434292282e-08
19.813233683800078,3.4091126383139733e-09,3.4091126383139733e-09,1.9195958429518342e-07,1.0535789561565468e-08
19.820200362310555,3.4091126383139733e-09,3.4091126383139733e-09,1.9513470691648007e-07,1.091943993412207e-08
19.827167040821035,3.4091126383139733e-09,3.4091126383139733e-09,1.982904181304166e-07,1.1326987367125729e-08
19.83413371933151,3.4091126383139733e-09,3.4091126383139733e-09,2.0142296769118738e-07,1.1759900482986154e-08
19.84110039784199,3.4091126383139733e-09,3.4091126383139733e-09,2.0452837449978382e-07,1.2219744716774784e-08
19.848067076352468,3.4091126383139733e-09,3.4091126383139733e-09,2.076024127955558e-07,1.2708187416264798e-08
19.855033754862944,3.4091126383139733e-09,3.4091126383139733e-09,2.1064059795564182e-07,1.3227002964403663e-08
19.862000433373428,3.4091126383139733e-09,3.4091126383139733e-09,2.1363817171916806e-07,1.3778077912462329e-08
19.868967111883904,3.4091126383139733e-09,3.4091126383139733e-09,2.1659008701793686e-07,1.4363416035793503e-08
19.875933790394384,3.4091126383139733e-09,3.4091126383139733e-09,2.1949099250185475e-07,1.4985143230907283e-08
19.88290046890486,3.4091126383139733e-09,3.4091126383139733e-09,2.223352168612917e-07,1.5645512157377636e-08
19.889867147415337,3.4091126383139733e-09,3.4091126383139733e-09,2.2511675305731202e-07,1.634690650976748e-08
19.896833825925818,3.4091126383139733e-09,3.4091126383139733e-09,2.2782924258920337e-07,1.7091844785568476e-08
19.903800504436294,3.4091126383139733e-09,3.4091126383139733e-09,2.3046596011314058e-07,1.7882983370594755e-08
19.910767182946774,3.4091126383139733e-09,3.4091126383139733e-09,2.330197985745626e-07,1.872311875924017e-08
19.91773386145725,3.4091126383139733e-09,3.4091126383139733e-09,2.354832551182243e-07,1.9615188689177522e-08
19.924700539967727,3.4091126383139733e-09,3.4091126383139733e-09,2.3784841817358318e-07,2.0562271925299896e-08
19.931667218478207,3.4091126383139733e-09,3.4091126383139733e-09,2.4010695613254336e-07,2.1567586396095286e-08
19.938633896988687,3.4091126383139733e-09,3.4091126383139733e-09,2.422501080449677e-07,2.2634485347771702e-08
19.945600575499164,3.4091126383139733e-09,3.4091126383139733e-09,2.442686767864138e-07,2.376645113836323e-08
19.952567254009644,3.4091126383139733e-09,3.4091126383139733e-09,2.4615302550401523e-07,2.4967086230200982e-08
19.95953393252012,3.4091126383139733e-09,3.4091126383139733e-09,2.4789307796939e-07,2.624010090681739e-08
19.9665006110306,3.4091126383139733e-09,3.4091126383139733e-09,2.4947832349865797e-07,2.758929719291047e-08
19.973467289541077,3.4091126383139733e-09,3.4091126383139733e-09,2.508978274784445e-07,2.901854839111808e-08
19.980433968051553,3.4091126383139733e-09,3.4091126383139733e-09,2.5214024843381526e-07,3.0531773620036246e-08
19.987400646562033,3.4091126383139733e-09,3.4091126383139733e-09,2.5319386266175565e-07,3.21329066850943e-08
19.99436732507251,3.4091126383139733e-09,3.4091126383139733e-09,2.540465975363254e-07,3.3825858577493255e-08
20.00133400358299,3.4091126383139733e-09,3.4091126383139733e-09,2.546860749252164e-07,3.5614472917224624e-08
20.00830068209347,3.4091126383139733e-09,3.4091126383139733e-09,2.550996657292407e-07,3.750247358516696e-08
20.015267360603946,3.4091126383139733e-09,3.4091126383139733e-09,2.552745570615601e-07,3.949340386460604e-08
20.022234039114426,3.4091126383139733e-09,3.4091126383139733e-09,2.551978332869257e-07,4.159055645948138e-08
20.029200717624903,3.4091126383139733e-09,3.4091126383139733e-09,2.548565722764817e-07,4.379689383088293e-08
20.036167396135383,3.4091126383139733e-09,3.4091126383139733e-09,2.5423795811187567e-07,4.6114958361797166e-08
20.04313407464586,3.4091126383139733e-09,3.4091126383139733e-09,2.533294111753257e-07,4.8546772229286013e-08
20.050100753156336,3.4091126383139733e-09,3.4091126383139733e-09,2.521187365169078e-07,5.10937269238527e-08
20.057067431666816,3.4091126383139733e-09,3.4091126383139733e-09,2.5059429114669835e-07,5.375646273368851e-08
20.064034110177293,3.4091126383139733e-09,3.4091126383139733e-09,2.4874517004848946e-07,5.65347389624107e-08
20.07100078868777,3.4091126383139733e-09,3.4091126383139733e-09,2.465614104733812e-07,5.9427296107540754e-08
20.077967467198253,3.4091126383139733e-09,3.4091126383139733e-09,2.44034213961591e-07,6.243171169128154e-08
20.08493414570873,3.4091126383139733e-09,3.4091126383139733e-09,2.411561836912199e-07,6.554425217634291e-08
20.09190082421921,3.4091126383139733e-09,3.4091126383139733e-09,2.3792157391673118e-07,6.875972422819374e-08
20.098867502729686,3.4091126383139733e-09,3.4091126383139733e-09,2.343265489784842e-07,7.207132900629645e-08
20.105834181240162,3.4091126383139733e-09,3.4091126383139733e-09,2.3036944583473743e-07,7.547052428977666e-08
20.112800859750642,3.4091126383139733e-09,3.4091126383139733e-09,2.2605103445422873e-07,7.894689986575955e-08
20.11976753826112,3.4091126383139733e-09,3.4091126383139733e-09,2.213747694372109e-07,8.248807248297881e-08
20.1267342167716,3.4091126383139733e-09,3.4091126383139733e-09,2.1634702336920464e-07,8.607960693526084e-08
20.133700895282075,3.4091126383139733e-09,3.4091126383139733e-09,2.1097729388956978e-07,8.970497078344922e-08
20.140667573792552,3.4091126383139733e-09,3.4091126383139733e-09,2.0527837389953284e-07,9.33455299834978e-08
20.147634252303035,3.4091126383139733e-09,3.4091126383139733e-09,1.9926647456576838e-07,9.698059245584704e-08
20.154600930813512,3.4091126383139733e-09,3.4091126383139733e-09,1.9296129116704747e-07,1.0058750692381944e-07
20.161567609323992,3.4091126383139733e-09,3.4091126383139733e-09,1.8638600164146598e-07,1.0414182192789191e-07
20.16853428783447,3.4091126383139733e-09,3.4091126383139733e-09,1.7956718925996403e-07,1.0761750938008107e-07
20.175500966344945,3.4091126383139733e-09,3.4091126383139733e-09,1.7253468261357202e-07,1.1098725504156507e-07
20.182467644855425,3.4091126383139733e-09,3.4091126383139733e-09,1.6532130869312852e-07,1.1422281469972231e-07
20.1894343233659,3.4091126383139733e-09,3.4091126383139733e-09,1.5796255689238929e-07,1.1729543340591432e-07
20.196401001876378,3.4091126383139733e-09,3.4091126383139733e-09,1.5049615671598643e-07,1.201763204922972e-07
20.203367680386858,3.4091126383139733e-09,3.4091126383139733e-09,1.4296157524363307e-07,1.228371701022326e-07
20.210334358897335,3.4091126383139733e-09,3.4091126383139733e-09,1.3539944352048266e-07,1.2525071445177964e-07
20.217301037407815,3.4091126383139733e-09,3.4091126383139733e-09,1.2785092749523425e-07,1.2739129288105252e-07
20.224267715918295,3.4091126383139733e-09,3.4091126383139733e-09,1.203570592831394e-07,1.2923541821136546e-07
20.23123439442877,3.4091126383139733e-09,3.4091126383139733e-09,1.1295805005626413e-07,1.307623200771578e-07
20.23820107293925,3.4091126383139733e-09,3.4091126383139733e-09,1.0569260837279946e-07,1.3195444433125848e-07
20.245167751449728,3.4091126383139733e-09,3.4091126383139733e-09,9.859728477903616e-08,1.3279788830985978e-07
20.252134429960208,3.4091126383139733e-09,3.4091126383139733e-09,9.17058678847859e-08,1.3328275406147757e-07
20.259101108470684,3.4091126383139733e-09,3.4091126383139733e-09,8.504885164749747e-08,1.3340340328228583e-07
20.26606778698116,3.4091126383139733e-09,3.4091126383139733e-09,7.865299296525624e-08,1.3315860339402196e-07
20.27303446549164,3.4091126383139733e-09,3.4091126383139733e-09,7.254097372407887e-08,1.3255155815564002e-07
20.280001144002117,3.4091126383139733e-09,3.4091126383139733e-09,6.673117632936399e-08,1.3158982090047687e-07
20.286967822512597,3.4091126383139733e-09,3.4091126383139733e-09,6.123757722379772e-08,1.3028509521759523e-07
20.293934501023077,3.4091126383139733e-09,3.4091126383139733e-09,5.606975722179709e-08,1.2865293088359443e-07
20.300901179533554,3.4091126383139733e-09,3.4091126383139733e-09,5.123302209120907e-08,1.2671233010893996e-07
20.307867858044034,3.4091126383139733e-09,3.4091126383139733e-09,4.672862297943997e-08,1.2448527952128022e-07
20.31483453655451,3.4091126383139733e-09,3.4091126383139733e-09,4.255406190349951e-08,1.2199622830524106e-07
20.321801215064987,3.4091126383139733e-09,3.4091126383139733e-09,3.870346578253155e-08,1.1927153255483885e-07
20.328767893575467,3.4091126383139733e-09,3.4091126383139733e-09,3.516801045569891e-08,1.1633888668266663e-07
20.335734572085943,3.4091126383139733e-09,3.4091126383139733e-09,3.193637571502006e-08,1.1322676165998474e-07
20.342701250596424,3.4091126383139733e-09,3.4091126383139733e-09,2.8995213833745208e-08,1.0996386735205738e-07
20.3496679291069,3.4091126383139733e-09,3.4091126383139733e-09,2.6329614575493895e-08,1.065786540444377e-07
20.356634607617377,3.4091126383139733e-09,3.4091126383139733e-09,2.392355289336796e-08,1.0309886504309822e-07
20.36360128612786,3.4091126383139733e-09,3.4091126383139733e-09,2.176030694958967e-08,9.955114846521093e-08
20.370567964638337,3.4091126383139733e-09,3.4091126383139733e-09,1.9822838067173137e-08,9.596073359567398e-08
20.377534643148817,3.4091126383139733e-09,3.4091126383139733e-09,1.8094126143020905e-08,9.23511735228964e-08
20.384501321659293,3.4091126383139733e-09,3.4091126383139733e-09,1.6557457164797652e-08,8.874415344711307e-08
20.39146800016977,3.4091126383139733e-09,3.4091126383139733e-09,1.5196661635166292e-08,8.515936144815605e-08
20.39843467868025,3.4091126383139733e-09,3.4091126383139733e-09,1.3996304773572064e-08,8.161441677857903e-08
20.405401357190726,3.4091126383139733e-09,3.4091126383139733e-09,1.2941830974535313e-08,7.812484963794546e-08
20.412368035701206,3.4091126383139733e-09,3.4091126383139733e-09,1.2019666172059729e-08,7.470412527974107e-08
20.419334714211683,3.4091126383139733e-09,3.4091126383139733e-09,1.12172825166518e-08,7.136370539935563e-08
20.42630139272216,3.4091126383139733e-09,3.4091126383139733e-09,1.0523230348967755e-08,6.811313912618541e-08
20.433268071232643,3.4091126383139733e-09,3.4091126383139733e-09,9.927142459309941e-09,6.49601769567014e-08
20.44023474974312,3.4091126383139733e-09,3.4091126383139733e-09,9.419715651131799e-09,6.191090095333377e-08
20.447201428253596,3.4091126383139733e-09,3.4091126383139733e-09,8.992674377865997e-09,5.8969865428963985e-08
20.454168106764076,3.4091126383139733e-09,3.4091126383139733e-09,8.638720636170505e-09,5.614024317126397e-08
20.461134785274552,3.4091126383139733e-09,3.4091126383139733e-09,8.351474121361933e-09,5.3423972802402285e-08
20.468101463785032,3.4091126383139733e-09,3.4091126383139733e-09,8.125405984350066e-09,5.08219038439654e-08
20.47506814229551,3.4091126383139733e-09,3.4091126383139733e-09,7.955768921722909e-09,4.8333936775231083e-08
20.482034820805985,3.4091126383139733e-09,3.4091126383139733e-09,7.838526038532003e-09,4.595915595495652e-08
20.489001499316466,3.4091126383139733e-09,3.4091126383139733e-09,7.770280296858376e-09,4.369595394630746e-08
20.495968177826942,3.4091126383139733e-09,3.4091126383139733e-09,7.748206026566266e-09,4.1542146290943525e-08
20.502934856337426,3.4091126383139733e-09,3.4091126383139733e-09,7.769983550059789e-09,3.9495076195407836e-08
20.509901534847902,3.4091126383139733e-09,3.4091126383139733e-09,7.833737691734509e-09,3.7551708967667536e-08
20.51686821335838,3.4091126383139733e-09,3.4091126383139733e-09,7.937980648089098e-09,3.5708716305119487e-08
20.52383489186886,3.4091126383139733e-09,3.4091126383139733e-09,8.081559497325205e-09,3.396255077233747e-08
20.530801570379335,3.4091126383139733e-09,3.4091126383139733e-09,8.263608431942833e-09,3.230951094404276e-08
20.537768248889815,3.4091126383139733e-09,3.4091126383139733e-09,8.483505676862289e-09,3.0745797814985106e-08
20.54473492740029,3.4091126383139733e-09,3.4091126383139733e-09,8.740834944086861e-09,2.9267563136238196e-08
20.551701605910768,3.4091126383139733e-09,3.4091126383139733e-09,9.035351206886248e-09,2.7870950377973192e-08
20.55866828442125,3.4091126383139733e-09,3.4091126383139733e-09,9.36695052443543e-09,2.6552129030067674e-08
20.565634962931725,3.4091126383139733e-09,3.4091126383139733e-09,9.73564361735842e-09,2.5307322933551122e-08
20.5726016414422,3.4091126383139733e-09,3.4091126383139733e-09,1.0141532879804803e-08,2.4132833320214607e-08
20.579568319952685,3.4091126383139733e-09,3.4091126383139733e-09,1.0584792511191532e-08,2.302505719291199e-08
20.58653499846316,3.4091126383139733e-09,3.4091126383139733e-09,1.106565145618779e-08,2.1980501641987503e-08
20.59350167697364,3.4091126383139733e-09,3.4091126383139733e-09,1.1584378849730996e-08,2.099579464645218e-08
20.600468355484118,3.4091126383139733e-09,3.4091126383139733e-09,1.2141271688535308e-08,2.006769285419896e-08
20.607435033994594,3.4091126383139733e-09,3.4091126383139733e-09,1.2736644460489545e-08,1.919308679414576e-08
20.614401712505074,3.4091126383139733e-09,3.4091126383139733e-09,1.3370820487299434e-08,1.836900392083301e-08
20.62136839101555,3.4091126383139733e-09,3.4091126383139733e-09,1.4044124767400302e-08,1.7592609848941245e-08
20.62833506952603,3.4091126383139733e-09,3.4091126383139733e-09,1.475687810822623e-08,1.6861208092634165e-08
20.635301748036508,3.4091126383139733e-09,3.4091126383139733e-09,1.5509392367448153e-08,1.617223858391186e-08
20.642268426546984,3.4091126383139733e-09,3.4091126383139733e-09,1.6301966653336724e-08,1.5523275209533976e-08
20.649235105057468,3.4091126383139733e-09,3.4091126383139733e-09,1.7134884332943595e-08,1.49120225736136e-08
20.656201783567944,3.4091126383139733e-09,3.4091126383139733e-09,1.800841072068802e-08,1.4336312161108119e-08
20.663168462078424,3.4091126383139733e-09,3.4091126383139733e-09,1.892279134292809e-08,1.379409805348986e-08
20.6701351405889,3.4091126383139733e-09,3.4091126383139733e-09,1.9878250693916242e-08,1.3283452327299e-08
20.677101819099377,3.4091126383139733e-09,3.4091126383139733e-09,2.0874991375121035e-08,1.2802560238142576e-08
20.684068497609857,3.4091126383139733e-09,3.4091126383139733e-09,2.191319355759847e-08,1.2349715280331567e-08
20.691035176120334,3.4091126383139733e-09,3.4091126383139733e-09,2.2993014717965644e-08,1.1923314198554984e-08
20.69800185463081,3.4091126383139733e-09,3.4091126383139733e-09,2.411458958156818e-08,1.1521852009692095e-08
20.70496853314129,3.4091126383139733e-09,3.4091126383139733e-09,2.527803022737236e-08,1.1143917083993096e-08
20.711935211651767,3.4091126383139733e-09,3.4091126383139733e-09,2.648342631755892e-08,1.0788186323195562e-08
20.71890189016225,3.4091126383139733e-09,3.4091126383139733e-09,2.7730845425212223e-08,1.0453420466995832e-08
20.725868568672727,3.4091126383139733e-09,3.4091126383139733e-09,2.9020333440536798e-08,1.0138459553751459e-08
20.732835247183203,3.4091126383139733e-09,3.4091126383139733e-09,3.0351915008479536e-08,9.84221854890458e-09
20.739801925693683,3.4091126383139733e-09,3.4091126383139733e-09,3.1725593982144974e-08,9.563683151344666e-09
20.74676860420416,3.4091126383139733e-09,3.4091126383139733e-09,3.314135390639224e-08,9.301905793706295e-09
20.75373528271464,3.4091126383139733e-09,3.4091126383139733e-09,3.459915848890281e-08,9.05600183404398e-09
20.760701961225116,3.4091126383139733e-09,3.4091126383139733e-09,3.6098952056512446e-08,8.825145944677917e-09
20.767668639735593,3.4091126383139733e-09,3.4091126383139733e-09,3.7640659985229866e-08,8.608568696420456e-09
20.774635318246073,3.4091126383139733e-09,3.4091126383139733e-09,3.9224189099314036e-08,8.405553335785907e-09
20.78160199675655,3.4091126383139733e-09,3.4091126383139733e-09,4.0849428036489056e-08,8.215432752223752e-09
20.788568675267033,3.4091126383139733e-09,3.4091126383139733e-09,4.251624757774668e-08,8.037586632022502e-09
20.79553535377751,3.4091126383139733e-09,3.4091126383139733e-09,4.422450092794722e-08,7.871438793214833e-09
20.802502032287986,3.4091126383139733e-09,3.4091126383139733e-09,4.597402392676151e-08,7.716454691088784e-09
20.809468710798466,3.4091126383139733e-09,3.4091126383139733e-09,4.776463523866022e-08,7.572139095681417e-09
20.816435389308943,3.4091126383139733e-09,3.4091126383139733e-09,4.959613647431888e-08,7.438033929004442e-09
20.82340206781942,3.4091126383139733e-09,3.4091126383139733e-09,5.146831225908203e-08,7.313716257950768e-09
20.8303687463299,3.4091126383139733e-09,3.4091126383139733e-09,5.3380930243055255e-08,7.198796435904442e-09
20.837335424840376,3.4091126383139733e-09,3.4091126383139733e-09,5.53337410526408e-08,7.092916386377421e-09
20.844302103350856,3.4091126383139733e-09,3.4091126383139733e-09,5.7326478183318636e-08,6.99574802252958e-09
20.851268781861332,3.4091126383139733e-09,3.4091126383139733e-09,5.935885783322204e-08,6.9069917969563005e-09
20.85823546037181,3.4091126383139733e-09,3.4091126383139733e-09,6.143057867438529e-08,6.826375376372339e-09
20.865202138882292,3.4091126383139733e-09,3.4091126383139733e-09,6.354132155105348e-08,6.7536524343749765e-09
20.87216881739277,3.4091126383139733e-09,3.4091126383139733e-09,6.569074912276888e-08,6.688601558837808e-09
20.87913549590325,3.4091126383139733e-09,3.4091126383139733e-09,6.787850543627771e-08,6.631025268391151e-09
20.886102174413725,3.4091126383139733e-09,3.4091126383139733e-09,7.01042154285756e-08,6.58074913395401e-09
20.893068852924202,3.4091126383139733e-09,3.4091126383139733e-09,7.236748435800164e-08,6.5376210014293535e-09
20.900035531434682,3.4091126383139733e-09,3.4091126383139733e-09,7.466789716143933e-08,6.501510311850773e-09
20.90700220994516,3.4091126383139733e-09,3.4091126383139733e-09,7.700501773553121e-08,6.472307515813905e-09
20.91396888845564,3.4091126383139733e-09,3.4091126383139733e-09,7.937838813935229e-08,6.449923579549645e-09
20.920935566966115,3.4091126383139733e-09,3.4091126383139733e-09,8.178752771538412e-08,6.434289580496164e-09
20.92790224547659,3.4091126383139733e-09,3.4091126383139733e-09,8.423193212126046e-08,6.425356389725813e-09
20.934868923987075,3.4091126383139733e-09,3.4091126383139733e-09,8.671107227226533e-08,6.423094439871245e-09
20.94183560249755,3.4091126383139733e-09,3.4091126383139733e-09,8.922439319168615e-08,6.427493577675732e-09
20.948802281008028,3.4091126383139733e-09,3.4091126383139733e-09,9.17713127602593e-08,6.43856299987975e-09
20.955768959518508,3.4091126383139733e-09,3.4091126383139733e-09,9.435122036172248e-08,6.4563312721782174e-09
20.962735638028985,3.4091126383139733e-09,3.4091126383139733e-09,9.696347541842884e-08,6.480846430902477e-09
20.969702316539465,3.4091126383139733e-09,3.4091126383139733e-09,9.960740581100093e-08,6.5121761676471015e-09
20.97666899504994,3.4091126383139733e-09,3.4091126383139733e-09,1.0228230617547366e-07,6.5504080975061945e-09
20.983635673560418,3.4091126383139733e-09,3.4091126383139733e-09,1.0498743607098277e-07,6.595650112031733e-09
20.990602352070898,3.4091126383139733e-09,3.4091126383139733e-09,1.0772201801052355e-07,6.64803081847734e-09
20.997569030581374,3.4091126383139733e-09,3.4091126383139733e-09,1.1048523534691227e-07,6.707700067350285e-09
21.004535709091858,3.4091126383139733e-09,3.4091126383139733e-09,1.1327623000409619e-07,6.7748295682628415e-09
21.011502387602334,3.4091126383139733e-09,3.4091126383139733e-09,1.160941000429527e-07,6.849613595877827e-09
21.01846906611281,3.4091126383139733e-09,3.4091126383139733e-09,1.1893789705925714e-07,6.932269794811464e-09
21.02543574462329,3.4091126383139733e-09,3.4091126383139733e-09,1.2180662339300426e-07,7.023040079547678e-09
21.032402423133767,3.4091126383139733e-09,3.4091126383139733e-09,1.2469922914394767e-07,7.122191635877378e-09
21.039369101644247,3.4091126383139733e-09,3.4091126383139733e-09,1.27614608981971e-07,7.2300180264482e-09
21.046335780154724,3.4091126383139733e-09,3.4091126383139733e-09,1.3055159873844935e-07,7.346840404483426e-09
21.0533024586652,3.4091126383139733e-09,3.4091126383139733e-09,1.335089717644462e-07,7.473008840064597e-09
21.06026913717568,3.4091126383139733e-09,3.4091126383139733e-09,1.36485435041176e-07,7.608903763696551e-09
21.067235815686157,3.4091126383139733e-09,3.4091126383139733e-09,1.3947962502816818e-07,7.754937532126162e-09
21.074202494196633,3.4091126383139733e-09,3.4091126383139733e-09,1.42490103243558e-07,7.91155611691745e-09
21.081169172707117,3.4091126383139733e-09,3.4091126383139733e-09,1.455153515501523e-07,8.079240923985994e-09
21.088135851217594,3.4091126383139733e-09,3.4091126383139733e-09,1.4855376713577472e-07,8.258510749806041e-09
21.095102529728074,3.4091126383139733e-09,3.4091126383139733e-09,1.5160365716474498e-07,8.449923876447066e-09
21.10206920823855,3.4091126383139733e-09,3.4091126383139733e-09,1.5466323309439307e-07,8.654080310024522e-09
21.109035886749027,3.4091126383139733e-09,3.4091126383139733e-09,1.5773060464110136e-07,8.871624165642596e-09
21.116002565259507,3.4091126383139733e-09,3.4091126383139733e-09,1.608037733750242e-07,9.10324620272618e-09
21.122969243769983,3.4091126383139733e-09,3.4091126383139733e-09,1.6388062592305656e-07,9.349686514206124e-09
21.129935922280463,3.4091126383139733e-09,3.4091126383139733e-09,1.669589267602417e-07,9.611737372465377e-09
21.13690260079094,3.4091126383139733e-09,3.4091126383139733e-09,1.7003631057468e-07,9.890246233253192e-09
21.143869279301416,3.4091126383139733e-09,3.4091126383139733e-09,1.731102742480411e-07,1.0186118882727317e-08
21.1508359578119,3.4091126383139733e-09,3.4091126383139733e-09,1.761781683594683e-07,1.0500322743670911e-08
21.157802636322376,3.4091126383139733e-09,3.4091126383139733e-09,1.7923718823594058e-07,1.0833890328145796e-08
21.164769314832856,3.4091126383139733e-09,3.4091126383139733e-09,1.8228436455391245e-07,1.1187922825457942e-08
21.171735993343333,3.4091126383139733e-09,3.4091126383139733e-09,1.8531655349042306e-07,1.1563593815426577e-08
21.17870267185381,3.4091126383139733e-09,3.4091126383139733e-09,1.8833042642277228e-07,1.1962153091068741e-08
21.18566935036429,3.4091126383139733e-09,3.4091126383139733e-09,1.913224591740367e-07,1.2384930571984427e-08
21.192636028874766,3.4091126383139733e-09,3.4091126383139733e-09,1.9428892080978902e-07,1.28333402846009e-08
21.199602707385242,3.4091126383139733e-09,3.4091126383139733e-09,1.972258620761659e-07,1.3308884365742388e-08
21.206569385895722,3.4091126383139733e-09,3.4091126383139733e-09,2.0012910345510075e-07,1.3813157057673545e-08
21.2135360644062,3.4091126383139733e-09,3.4091126383139733e-09,2.0299422288142546e-07,1.4347848645844987e-08
21.220502742916683,3.4091126383139733e-09,3.4091126383139733e-09,2.0581654322054094e-07,1.4914749273204833e-08
21.22746942142716,3.4091126383139733e-09,3.4091126383139733e-09,2.0859111957053905e-07,1.5515752561214042e-08
21.234436099937636,3.4091126383139733e-09,3.4091126383139733e-09,2.113127264718401e-07,1.6152858953070097e-08
21.241402778448116,3.4091126383139733e-09,3.4091126383139733e-09,2.1397584516050483e-07,1.6828178676150202e-08
21.248369456958592,3.4091126383139733e-09,3.4091126383139733e-09,2.1657465102582738e-07,1.754393420240568e-08
21.255336135469072,3.4091126383139733e-09,3.4091126383139733e-09,2.191030014106691e-07,1.830246207208502e-08
21.26230281397955,3.4091126383139733e-09,3.4091126383139733e-09,2.2155442399719286e-07,1.9106213916245476e-08
21.269269492490025,3.4091126383139733e-09,3.4091126383139733e-09,2.2392210601113065e-07,1.9957756493941123e-08
21.276236171000505,3.4091126383139733e-09,3.4091126383139733e-09,2.2619888452260178e-07,2.0859770532747946e-08
21.28320284951098,3.4091126383139733e-09,3.4091126383139733e-09,2.2837723820623277e-07,2.1815048129671416e-08
21.290169528021465,3.4091126383139733e-09,3.4091126383139733e-09,2.3044928091379813e-07,2.2826488442035346e-08
21.297136206531942,3.4091126383139733e-09,3.4091126383139733e-09,2.3240675752135735e-07,2.389709136197399e-08
21.30410288504242,3.4091126383139733e-09,3.4091126383139733e-09,2.3424104253882016e-07,2.5029948834962152e-08
21.3110695635529,3.4091126383139733e-09,3.4091126383139733e-09,2.3594314204891017e-07,2.6228233447310522e-08
21.318036242063375,3.4091126383139733e-09,3.4091126383139733e-09,2.375036996043537e-07,2.7495183872108376e-08
21.32500292057385,3.4091126383139733e-09,3.4091126383139733e-09,2.3891300677518244e-07,2.883408672940786e-08
21.33196959908433,3.4091126383139733e-09,3.4091126383139733e-09,2.401610191108275e-07,3.024825438484344e-08
21.338936277594808,3.4091126383139733e-09,3.4091126383139733e-09,2.4123737834531953e-07,3.174099818506088e-08
21.345902956105288,3.4091126383139733e-09,3.4091126383139733e-09,2.421314417326836e-07,3.3315596608353445e-08
21.352869634615764,3.4091126383139733e-09,3.4091126383139733e-09,2.428323194528762e-07,3.4975257800046315e-08
21.35983631312624,3.4091126383139733e-09,3.4091126383139733e-09,2.433289210671883e-07,3.672307596626694e-08
21.366802991636725,3.4091126383139733e-09,3.4091126383139733e-09,2.4361001202334866e-07,3.856198112153264e-08
21.3737696701472,3.4091126383139733e-09,3.4091126383139733e-09,2.4366428120807737e-07,4.049468172944102e-08
21.38073634865768,3.4091126383139733e-09,3.4091126383139733e-09,2.4348042051162844e-07,4.252359984690949e-08
21.387703027168158,3.4091126383139733e-09,3.4091126383139733e-09,2.4304721729711545e-07,4.465079848628415e-08
21.394669705678634,3.4091126383139733e-09,3.4091126383139733e-09,2.423536605496921e-07,4.687790105186399e-08
21.401636384189114,3.4091126383139733e-09,3.4091126383139733e-09,2.4138906130641724e-07,4.920600289403586e-08
21.40860306269959,3.4091126383139733e-09,3.4091126383139733e-09,2.401431877295684e-07,5.1635575260156184e-08
21.41556974121007,3.4091126383139733e-09,3.4091126383139733e-09,2.386064148773e-07,5.4166362211207136e-08
21.422536419720547,3.4091126383139733e-09,3.4091126383139733e-09,2.367698888326014e-07,5.6797271420277194e-08
21.429503098231024,3.4091126383139733e-09,3.4091126383139733e-09,2.3462570438128363e-07,5.952626017312756e-08
21.436469776741507,3.4091126383139733e-09,3.4091126383139733e-09,2.3216709485371113e-07,6.235021835128716e-08
21.443436455251984,3.4091126383139733e-09,3.4091126383139733e-09,2.2938863213464007e-07,6.526485068579107e-08
21.45040313376246,3.4091126383139733e-09,3.4091126383139733e-09,2.2628643406238488e-07,6.826456111822714e-08
21.45736981227294,3.4091126383139733e-09,3.4091126383139733e-09,2.2285837571616867e-07,7.134234266867441e-08
21.464336490783417,3.4091126383139733e-09,3.4091126383139733e-09,2.1910430019920415e-07,7.448967677455479e-08
21.471303169293897,3.4091126383139733e-09,3.4091126383139733e-09,2.150262237990412e-07,7.769644660664725e-08
21.478269847804373,3.4091126383139733e-09,3.4091126383139733e-09,2.1062852941105798e-07,8.095086928884595e-08
21.48523652631485,3.4091126383139733e-09,3.4091126383139733e-09,2.0591814164686266e-07,8.423945236059627e-08
21.49220320482533,3.4091126383139733e-09,3.4091126383139733e-09,2.009046761738205e-07,8.754697984552132e-08
21.499169883335806,3.4091126383139733e-09,3.4091126383139733e-09,1.9560055581892877e-07,9.085653354880779e-08
21.50613656184629,3.4091126383139733e-09,3.4091126383139733e-09,1.9002108544999612e-07,9.414955449007396e-08
21.513103240356767,3.4091126383139733e-09,3.4091126383139733e-09,1.8418447824749868e-07,9.740594907209707e-08
21.520069918867243,3.4091126383139733e-09,3.4091126383139733e-09,1.78111826260112e-07,1.006042437609161e-07
21.527036597377723,3.4091126383139733e-09,3.4091126383139733e-09,1.7182700981377155e-07,1.0372178984982093e-07
21.5340032758882,3.4091126383139733e-09,3.4091126383139733e-09,1.6535654098842727e-07,1.0673501936542502e-07
21.54096995439868,3.4091126383139733e-09,3.4091126383139733e-09,1.5872933835458297e-07,1.0961975165205538e-07
21.547936632909156,3.4091126383139733e-09,3.4091126383139733e-09,1.5197643458698703e-07,1.1235154423331561e-07
21.554903311419633,3.4091126383139733e-09,3.4091126383139733e-09,1.45130617618803e-07,1.1490608482927986e-07
21.561869989930113,3.4091126383139733e-09,3.4091126383139733e-09,1.382260120480225e-07,1.1725961446357646e-07
21.56883666844059,3.4091126383139733e-09,3.4091126383139733e-09,1.3129760915085752e-07,1.193893712035827e-07
21.575803346951066,3.4091126383139733e-09,3.4091126383139733e-09,1.2438075577966108e-07,1.212740419971595e-07
21.58277002546155,3.4091126383139733e-09,3.4091126383139733e-09,1.1751061755850927e-07,1.2289420796689618e-07
21.589736703972026,3.4091126383139733e-09,3.4091126383139733e-09,1.1072163029050256e-07,1.2423276820538424e-07
21.596703382482506,3.4091126383139733e-09,3.4091126383139733e-09,1.0404695772311037e-07,1.2527532665068505e-07
21.603670060992982,3.4091126383139733e-09,3.4091126383139733e-09,9.751797256192504e-08,1.26010527232135e-07
21.61063673950346,3.4091126383139733e-09,3.4091126383139733e-09,9.116377736707216e-08,1.2643032373274981e-07
21.61760341801394,3.4091126383139733e-09,3.4091126383139733e-09,8.501078210023713e-08,1.265301740955383e-07
21.624570096524415,3.4091126383139733e-09,3.4091126383139733e-09,7.90823504433903e-08,1.2630915012512314e-07
21.631536775034895,3.4091126383139733e-09,3.4091126383139733e-09,7.339852628254655e-08,1.2576995893571642e-07
21.638503453545372,3.4091126383139733e-09,3.4091126383139733e-09,6.797584708159382e-08,1.2491887436231117e-07
21.64547013205585,3.4091126383139733e-09,3.4091126383139733e-09,6.28272475495204e-08,1.2376558184883145e-07
21.652436810566332,3.4091126383139733e-09,3.4091126383139733e-09,5.796205304023243e-08,1.223229434687573e-07
21.65940348907681,3.4091126383139733e-09,3.4091126383139733e-09,5.338605847406652e-08,1.2060669223751758e-07
21.66637016758729,3.4091126383139733e-09,3.4091126383139733e-09,4.9101685097424844e-08,1.1863506879751888e-07
21.673336846097765,3.4091126383139733e-09,3.4091126383139733e-09,4.510820544059452e-08,1.1642841375381572e-07
21.68030352460824,3.4091126383139733e-09,3.4091126383139733e-09,4.140202350885733e-08,1.1400873188272141e-07
21.68727020311872,3.4091126383139733e-09,3.4091126383139733e-09,3.7976997527139955e-08,1.1139924271380394e-07
21.694236881629198,3.4091126383139733e-09,3.4091126383139733e-09,3.482479099557243e-08,1.0862393268204371e-07
21.701203560139675,3.4091126383139733e-09,3.4091126383139733e-09,3.1935238648872234e-08,1.057071222112911e-07
21.708170238650155,3.4091126383139733e-09,3.4091126383139733e-09,2.9296714888910358e-08,1.0267305945385989e-07
21.71513691716063,3.4091126383139733e-09,3.4091126383139733e-09,2.689649294577692e-08,9.954555015633942e-08
21.722103595671115,3.4091126383139733e-09,3.4091126383139733e-09,2.4721085870183192e-08,9.634763085678677e-08
21.72907027418159,3.4091126383139733e-09,3.4091126383139733e-09,2.2756561404694332e-08,9.310129000510819e-08
21.736036952692068,3.4091126383139733e-09,3.4091126383139733e-09,2.0988825472085178e-08,8.982723965872336e-08
21.743003631202548,3.4091126383139733e-09,3.4091126383139733e-09,1.940387051563592e-08,8.65447378119699e-08
21.749970309713024,3.4091126383139733e-09,3.4091126383139733e-09,1.798798701626699e-08,8.32714600113719e-08
21.756936988223504,3.4091126383139733e-09,3.4091126383139733e-09,1.6727937950432333e-08,8.002341726716419e-08
21.76390366673398,3.4091126383139733e-09,3.4091126383139733e-09,1.561109727979889e-08,7.6814916075822e-08
21.770870345244457,3.4091126383139733e-09,3.4091126383139733e-09,1.4625554589027418e-08,7.365855596366783e-08
21.777837023754937,3.4091126383139733e-09,3.4091126383139733e-09,1.3760188764972383e-08,7.056525885812445e-08
21.784803702265414,3.4091126383139733e-09,3.4091126383139733e-09,1.3004714059017073e-08,6.754432523400143e-08
21.791770380775898,3.4091126383139733e-09,3.4091126383139733e-09,1.2349702176483618e-08,6.460351143543837e-08
21.798737059286374,3.4091126383139733e-09,3.4091126383139733e-09,1.1786584114460546e-08,6.174912313172576e-08
21.80570373779685,3.4091126383139733e-09,3.4091126383139733e-09,1.1307635247154591e-08,5.898612035481415e-08
21.81267041630733,3.4091126383139733e-09,3.4091126383139733e-09,1.0905947239966123e-08,5.6318229692426676e-08
21.819637094817807,3.4091126383139733e-09,3.4091126383139733e-09,1.0575389778662083e-08,5.374806020562054e-08
21.826603773328284,3.4091126383139733e-09,3.4091126383139733e-09,1.0310564958267574e-08,5.127721990437636e-08
21.833570451838764,3.4091126383139733e-09,3.4091126383139733e-09,1.0106756774837838e-08,4.8906430274659406e-08
21.84053713034924,3.4091126383139733e-09,3.4091126383139733e-09,9.959877735437108e-09,4.6635636863171815e-08
21.84750380885972,3.4091126383139733e-09,3.4091126383139733e-09,9.866414376422588e-09,4.446411439903075e-08
21.854470487370197,3.4091126383139733e-09,3.4091126383139733e-09,9.8233730067539e-09,4.23905653636682e-08
21.861437165880677,3.4091126383139733e-09,3.4091126383139733e-09,9.828226802511912e-09,4.0413211285949353e-08
21.868403844391157,3.4091126383139733e-09,3.4091126383139733e-09,9.878865061522895e-09,3.852987635958188e-08
21.875370522901633,3.4091126383139733e-09,3.4091126383139733e-09,9.97354519671238e-09,3.6738063218821206e-08
21.882337201412113,3.4091126383139733e-09,3.4091126383139733e-09,1.0110847892593555e-08,3.5035020954316065e-08
21.88930387992259,3.4091126383139733e-09,3.4091126383139733e-09,1.0289635628882822e-08,3.341780556352794e-08
21.896270558433066,3.4091126383139733e-09,3.4091126383139733e-09,1.0509014695201274e-08,3.1883333189582436e-08
21.903237236943546,3.4091126383139733e-09,3.4091126383139733e-09,1.0768300689182019e-08,3.042842656714358e-08
21.910203915454023,3.4091126383139733e-09,3.4091126383139733e-09,1.1066987419845047e-08,2.9049855149093765e-08
21.917170593964503,3.4091126383139733e-09,3.4091126383139733e-09,1.1404719085660664e-08,2.7744369439110488e-08
21.92413727247498,3.4091126383139733e-09,3.4091126383139733e-09,1.1781265541542334e-08,2.650873003666785e-08
21.931103950985456,3.4091126383139733e-09,3.4091126383139733e-09,1.2196500455743675e-08,2.5339731924758323e-08
21.93807062949594,3.4091126383139733e-09,3.4091126383139733e-09,1.2650382133077904e-08,2.4234224503421653e-08
21.945037308006416,3.4091126383139733e-09,3.4091126383139733e-09,1.314293678089583e-08,2.318912784458506e-08
21.952003986516893,3.4091126383139733e-09,3.4091126383139733e-09,1.3674243989428973e-08,2.2201445633132972e-08
21.958970665027373,3.4091126383139733e-09,3.4091126383139733e-09,1.4244424206686268e-08,2.1268275206642423e-08
21.96593734353785,3.4091126383139733e-09,3.4091126383139733e-09,1.4853627999965817e-08,2.038681508290317e-08
21.97290402204833,3.4091126383139733e-09,3.4091126383139733e-09,1.5502026901714457e-08,1.9554370329389315e-08
21.979870700558806,3.4091126383139733e-09,3.4091126383139733e-09,1.618980565381076e-08,1.8768356090779377e-08
21.986837379069282,3.4091126383139733e-09,3.4091126383139733e-09,1.691715568912118e-08,1.8026299557778275e-08
21.993804057579762,3.4091126383139733e-09,3.4091126383139733e-09,1.7684269688174417e-08,1.73258406326376e-08
22.00077073609024,3.4091126383139733e-09,3.4091126383139733e-09,1.8491337060699084e-08,1.6664731514418674e-08
22.007737414600722,3.4091126383139733e-09,3.4091126383139733e-09,1.9338540245747036e-08,1.604083539651966e-08
22.0147040931112,3.4091126383139733e-09,3.4091126383139733e-09,2.0226051704097674e-08,1.545212445101572e-08
22.021670771621675,3.4091126383139733e-09,3.4091126383139733e-09,2.1154031500710085e-08,1.4896677246083363e-08
22.028637450132155,3.4091126383139733e-09,3.4091126383139733e-09,2.212262538954987e-08,1.4372675722956361e-08
22.035604128642632,3.4091126383139733e-09,3.4091126383139733e-09,2.3131963331254842e-08,1.3878401842565883e-08
22.042570807153112,3.4091126383139733e-09,3.4091126383139733e-09,2.4182158376955984e-08,1.3412233996336e-08
22.04953748566359,3.4091126383139733e-09,3.4091126383139733e-09,2.52733058199309e-08,1.2972643254722615e-08
22.056504164174065,3.4091126383139733e-09,3.4091126383139733e-09,2.640548261832932e-08,1.2558189523462578e-08
22.063470842684545,3.4091126383139733e-09,3.4091126383139733e-09,2.7578747009756364e-08,1.2167517659967766e-08
22.07043752119502,3.4091126383139733e-09,3.4091126383139733e-09,2.879313828600011e-08,1.1799353595997437e-08
22.0774041997055,3.4091126383139733e-09,3.4091126383139733e-09,3.0048676692024226e-08,1.1452500502280338e-08
22.08437087821598,3.4091126383139733e-09,3.4091126383139733e-09,3.134536342405787e-08,1.1125835024474274e-08
22.091337556726458,3.4091126383139733e-09,3.4091126383139733e-09,3.268318070806832e-08,1.0818303615228865e-08
22.098304235236938,3.4091126383139733e-09,3.4091126383139733e-09,3.40620919286768e-08,1.0528918980617716e-08
22.105270913747415,3.4091126383139733e-09,3.4091126383139733e-09,3.548204177842749e-08,1.0256756651547206e-08
22.11223759225789,3.4091126383139733e-09,3.4091126383139733e-09,3.69429564450939e-08,1.0000951694679643e-08
22.11920427076837,3.4091126383139733e-09,3.4091126383139733e-09,3.8444743797625355e-08,9.760695566940188e-09
22.126170949278848,3.4091126383139733e-09,3.4091126383139733e-09,3.998729356810943e-08,9.535233119446173e-09
22.133137627789328,3.4091126383139733e-09,3.4091126383139733e-09,4.157047751936089e-08,9.323859752496023e-09
22.140104306299804,3.4091126383139733e-09,3.4091126383139733e-09,4.3194149592696655e-08,9.125918722264472e-09
22.147070984810284,3.4091126383139733e-09,3.4091126383139733e-09,4.4858146031863914e-08,8.940798599154664e-09
22.154037663320764,3.4091126383139733e-09,3.4091126383139733e-09,4.656228546927333e-08,8.767930875690668e-09
22.16100434183124,3.4091126383139733e-09,3.4091126383139733e-09,4.8306368972465114e-08,8.606787720426922e-09
22.16797102034172,3.4091126383139733e-09,3.4091126383139733e-09,5.009018005458494e-08,8.456879875867383e-09
22.174937698852197,3.4091126383139733e-09,3.4091126383139733e-09,5.191348463692952e-08,8.317754695742405e-09
22.181904377362674,3.4091126383139733e-09,3.4091126383139733e-09,5.3776030962649815e-08,8.188994318100763e-09
22.188871055873154,3.4091126383139733e-09,3.4091126383139733e-09,5.567754945883959e-08,8.070213969573874e-09
22.19583773438363,3.4091126383139733e-09,3.4091126383139733e-09,5.7617752545673845e-08,7.961060396412149e-09
22.202804412894107,3.4091126383139733e-09,3.4091126383139733e-09,5.959633439129173e-08,7.86121041822066e-09
22.209771091404587,3.4091126383139733e-09,3.4091126383139733e-09,6.161297060718209e-08,7.770369600251923e-09
22.216737769915063,3.4091126383139733e-09,3.4091126383139733e-09,6.366731787920242e-08,7.68827103928182e-09
22.223704448425547,3.4091126383139733e-09,3.4091126383139733e-09,6.57590135409984e-08,7.614674259971214e-09
22.230671126936024,3.4091126383139733e-09,3.4091126383139733e-09,6.788767508018152e-08,7.54936421724166e-09
22.2376378054465,3.4091126383139733e-09,3.4091126383139733e-09,7.005289957694268e-08,7.492150401563011e-09
22.24460448395698,3.4091126383139733e-09,3.4091126383139733e-09,7.225426307170431e-08,7.442866043675908e-09
22.251571162467457,3.4091126383139733e-09,3.4091126383139733e-09,7.449131985975626e-08,7.4013674155888945e-09
22.258537840977937,3.4091126383139733e-09,3.4091126383139733e-09,7.676360171047762e-08,7.367533225157847e-09
22.265504519488413,3.4091126383139733e-09,3.4091126383139733e-09,7.907061700832952e-08,7.341264102019575e-09
22.27247119799889,3.4091126383139733e-09,3.4091126383139733e-09,8.141184981124081e-08,7.3224821728841824e-09
22.27943787650937,3.4091126383139733e-09,3.4091126383139733e-09,8.378675881778993e-08,7.311130723412834e-09
22.286404555019846,3.4091126383139733e-09,3.4091126383139733e-09,8.619477624957684e-08,7.307173946489233e-09
22.29337123353033,3.4091126383139733e-09,3.4091126383139733e-09,8.863530663645619e-08,7.31059677473049e-09
22.300337912040806,3.4091126383139733e-09,3.4091126383139733e-09,9.110772550241205e-08,7.321404796924058e-09
22.307304590551283,3.4091126383139733e-09,3.4091126383139733e-09,9.36113779466889e-08,7.339624257686869e-09
22.314271269061763,3.4091126383139733e-09,3.4091126383139733e-09,9.614557711464578e-08,7.365302139952194e-09
22.32123794757224,3.4091126383139733e-09,3.4091126383139733e-09,9.870960255254711e-08,7.398506330324823e-09
22.328204626082716,3.4091126383139733e-09,3.4091126383139733e-09,1.0130269844008291e-07,7.4393258677601345e-09
22.335171304593196,3.4091126383139733e-09,3.4091126383139733e-09,1.0392407169396264e-07,7.487871276436926e-09
22.342137983103672,3.4091126383139733e-09,3.4091126383139733e-09,1.0657288993556608e-07,7.544274984111992e-09
22.349104661614152,3.4091126383139733e-09,3.4091126383139733e-09,1.0924827931525606e-07,7.608691827667062e-09
22.35607134012463,3.4091126383139733e-09,3.4091126383139733e-09,1.1194932218519418e-07,7.681299644566499e-09
22.36303801863511,3.4091126383139733e-09,3.4091126383139733e-09,1.1467505460158766e-07,7.762299952794118e-09
22.37000469714559,3.4091126383139733e-09,3.4091126383139733e-09,1.1742446367787223e-07,7.851918725863607e-09
22.376971375656066,3.4091126383139733e-09,3.4091126383139733e-09,1.201964847450359e-07,7.950407259292246e-09
22.383938054166546,3.4091126383139733e-09,3.4091126383139733e-09,1.2298999831796178e-07,8.058043135485392e-09
22.390904732677022,3.4091126383139733e-09,3.4091126383139733e-09,1.258038268679446e-07,8.175131286715214e-09
22.3978714111875,3.4091126383139733e-09,3.4091126383139733e-09,1.2863673138838382e-07,8.302005159112517e-09
22.40483808969798,3.4091126383139733e-09,3.4091126383139733e-09,1.3148740774020077e-07,8.439027980766839e-09
22.411804768208455,3.4091126383139733e-09,3.4091126383139733e-09,1.343544827632931e-07,8.586594137185263e-09
22.418771446718935,3.4091126383139733e-09,3.4091126383139733e-09,1.3723651014014525e-07,8.74513065749199e-09
22.42573812522941,3.4091126383139733e-09,3.4091126383139733e-09,1.401319659975549e-07,8.915098814853547e-09
22.43270480373989,3.4091126383139733e-09,3.4091126383139733e-09,1.430392442325334e-07,9.096995844694584e-09
22.439671482250372,3.4091126383139733e-09,3.4091126383139733e-09,1.459566515484822e-07,9.291356784306415e-09
22.44663816076085,3.4091126383139733e-09,3.4091126383139733e-09,1.4888240221770809e-07,9.49875642678989e-09
22.453604839271325,3.4091126383139733e-09,3.4091126383139733e-09,1.518146125873209e-07,9.719811376478166e-09
22.460571517781805,3.4091126383139733e-09,3.4091126383139733e-09,1.5475129515774627e-07,9.955182267191665e-09
22.46753819629228,3.4091126383139733e-09,3.4091126383139733e-09,1.5769035239623916e-07,1.02055760782076e-08
22.47450487480276,3.4091126383139733e-09,3.4091126383139733e-09,1.606295701935895e-07,1.047174857681666e-08
22.481471553313238,3.4091126383139733e-09,3.4091126383139733e-09,1.635666109831755e-07,1.0754506878389469e-08
22.488438231823714,3.4091126383139733e-09,3.4091126383139733e-09,1.6649900651082268e-07,1.1054712119793982e-08
22.495404910334194,3.4091126383139733e-09,3.4091126383139733e-09,1.6942415024376238e-07,1.137328224083377e-08
22.502371588844674,3.4091126383139733e-09,3.4091126383139733e-09,1.7233928940873925e-07,1.1711194866508617e-08
22.509338267355155,3.4091126383139733e-09,3.4091126383139733e-09,1.7524151665135793e-07,1.206949028073716e-08
22.51630494586563,3.4091126383139733e-09,3.4091126383139733e-09,1.781277613503095e-07,1.2449274472559133e-08
22.523271624376108,3.4091126383139733e-09,3.4091126383139733e-09,1.8099478068319386e-07,1.2851722219346936e-08
22.530238302886588,3.4091126383139733e-09,3.4091126383139733e-09,1.838391502365084e-07,1.3278080223527992e-08
22.537204981397064,3.4091126383139733e-09,3.4091126383139733e-09,1.8665725437533758e-07,1.3729670239888878e-08
22.544171659907544,3.4091126383139733e-09,3.4091126383139733e-09,1.8944527634122202e-07,1.4207892170572554e-08
22.55113833841802,3.4091126383139733e-09,3.4091126383139733e-09,1.9219918813435118e-07,1.4714227083057235e-08
22.558105016928497,3.4091126383139733e-09,3.4091126383139733e-09,1.949147402210937e-07,1.5250240101625095e-08
22.565071695438977,3.4091126383139733e-09,3.4091126383139733e-09,1.9758745111353445e-07,1.5817583114901643e-08
22.572038373949454,3.4091126383139733e-09,3.4091126383139733e-09,2.0021259694666598e-07,1.641799722470294e-08
22.579005052459934,3.4091126383139733e-09,3.4091126383139733e-09,2.0278520117359166e-07,1.705331485040027e-08
22.585971730970414,3.4091126383139733e-09,3.4091126383139733e-09,2.053000244054713e-07,1.7725461403267237e-08
22.59293840948089,3.4091126383139733e-09,3.4091126383139733e-09,2.077515546215572e-07,1.8436456410787127e-08
22.59990508799137,3.4091126383139733e-09,3.4091126383139733e-09,2.1013399790308039e-07,1.9188413965693524e-08
22.606871766501847,3.4091126383139733e-09,3.4091126383139733e-09,2.1244126988006497e-07,1.9983542353788865e-08
22.613838445012323,3.4091126383139733e-09,3.4091126383139733e-09,2.1466698808691266e-07,2.082414269639825e-08
22.620805123522803,3.4091126383139733e-09,3.4091126383139733e-09,2.1680446555579004e-07,2.171260641746315e-08
22.62777180203328,3.4091126383139733e-09,3.4091126383139733e-09,2.1884670592884285e-07,2.2651411325416583e-08
22.63473848054376,3.4091126383139733e-09,3.4091126383139733e-09,2.2078640038760095e-07,2.3643116077259205e-08
22.641705159054236,3.4091126383139733e-09,3.4091126383139733e-09,2.2261592683763708e-07,2.4690352763582065e-08
22.648671837564716,3.4091126383139733e-09,3.4091126383139733e-09,2.2432735178368473e-07,2.5795817331452174e-08
22.655638516075197,3.4091126383139733e-09,3.4091126383139733e-09,2.2591243535354473e-07,2.696225753359759e-08
22.662605194585673,3.4091126383139733e-09,3.4091126383139733e-09,2.2736263995964032e-07,2.8192458065130066e-08
22.669571873096153,3.4091126383139733e-09,3.4091126383139733e-09,2.2866914331813076e-07,2.9489222543828307e-08
22.67653855160663,3.4091126383139733e-09,3.4091126383139733e-09,2.298228563148997e-07,3.0855351946586487e-08
22.683505230117106,3.4091126383139733e-09,3.4091126383139733e-09,2.3081444645148184e-07,3.229361911508711e-08
22.690471908627586,3.4091126383139733e-09,3.4091126383139733e-09,2.3163436757793566e-07,3.3806738941129284e-08
22.697438587138063,3.4091126383139733e-09,3.4091126383139733e-09,2.3227289665722723e-07,3.5397333845042175e-08
22.70440526564854,3.4091126383139733e-09,3.4091126383139733e-09,2.327201783152932e-07,3.706789415178917e-08
22.71137194415902,3.4091126383139733e-09,3.4091126383139733e-09,2.329662779135925e-07,3.8820733011049404e-08
22.7183386226695,3.4091126383139733e-09,3.4091126383139733e-09,2.3300124393496888e-07,4.065793563457236e-08
22.72530530117998,3.4091126383139733e-09,3.4091126383139733e-09,2.3281518030497318e-07,4.258130252608447e-08
22.732271979690456,3.4091126383139733e-09,3.4091126383139733e-09,2.3239832937174054e-07,4.459228663527012e-08
22.739238658200932,3.4091126383139733e-09,3.4091126383139733e-09,2.317411658606036e-07,4.669192443260404e-08
22.746205336711412,3.4091126383139733e-09,3.4091126383139733e-09,2.3083450223444078e-07,4.888076107893568e-08
22.75317201522189,3.4091126383139733e-09,3.4091126383139733e-09,2.2966960578465378e-07,5.115876998602794e-08
22.76013869373237,3.4091126383139733e-09,3.4091126383139733e-09,2.28238327050472e-07,5.35252674079653e-08
22.767105372242845,3.4091126383139733e-09,3.4091126383139733e-09,2.2653323892472712e-07,5.5978823038347935e-08
22.774072050753322,3.4091126383139733e-09,3.4091126383139733e-09,2.2454778622350174e-07,5.851716761709075e-08
22.781038729263802,3.4091126383139733e-09,3.4091126383139733e-09,2.2227644389969597e-07,6.113709924185189e-08
22.788005407774282,3.4091126383139733e-09,3.4091126383139733e-09,2.1971488209006705e-07,6.38343902530852e-08
22.794972086284762,3.4091126383139733e-09,3.4091126383139733e-09,2.168601360371202e-07,6.660369707637012e-08
22.80193876479524,3.4091126383139733e-09,3.4091126383139733e-09,2.1371077791013723e-07,6.943847573468339e-08
22.808905443305715,3.4091126383139733e-09,3.4091126383139733e-09,2.1026708611656378e-07,7.233090615858172e-08
22.815872121816195,3.4091126383139733e-09,3.4091126383139733e-09,2.0653120925802956e-07,7.527182888149538e-08
22.82283880032667,3.4091126383139733e-09,3.4091126383139733e-09,2.0250731907977798e-07,7.825069784879488e-08
22.829805478837148,3.4091126383139733e-09,3.4091126383139733e-09,1.9820174739850018e-07,8.12555533129591e-08
22.836772157347628,3.4091126383139733e-09,3.4091126383139733e-09,1.936231017359275e-07,8.427301916044145e-08
22.843738835858105,3.4091126383139733e-09,3.4091126383139733e-09,1.8878235333981097e-07,8.728832830668847e-08
22.850705514368585,3.4091126383139733e-09,3.4091126383139733e-09,1.8369289201847192e-07,9.028538009548648e-08
22.85767219287906,3.4091126383139733e-09,3.4091126383139733e-09,1.783705421484215e-07,9.324683300690167e-08
22.86463887138954,3.4091126383139733e-09,3.4091126383139733e-09,1.728335347600615e-07,9.615423477196181e-08
22.87160554990002,3.4091126383139733e-09,3.4091126383139733e-09,1.6710243126212733e-07,9.898819175188266e-08
22.878572228410498,3.4091126383139733e-09,3.4091126383139733e-09,1.6119999569817122e-07,1.0172857787952997e-07
22.885538906920978,3.4091126383139733e-09,3.4091126383139733e-09,1.551510141171041e-07,1.0435478109854643e-07
22.892505585431454,3.4091126383139733e-09,3.4091126383139733e-09,1.4898206051296989e-07,1.0684598556253724e-07
22.89947226394193,3.4091126383139733e-09,3.4091126383139733e-09,1.4272121192250247e-07,1.0918148416865626e-07
22.90643894245241,3.4091126383139733e-09,3.4091126383139733e-09,1.3639771652015005e-07,1.1134101533262648e-07
22.913405620962887,3.4091126383139733e-09,3.4091126383139733e-09,1.300416201337598e-07,1.1330511628253718e-07
22.920372299473367,3.4091126383139733e-09,3.4091126383139733e-09,1.236833612570095e-07,1.1505548274954588e-07
22.927338977983844,3.4091126383139733e-09,3.4091126383139733e-09,1.1735334256897e-07,1.1657532512401944e-07
22.934305656494324,3.4091126383139733e-09,3.4091126383139733e-09,1.1108149183968481e-07,1.1784970942041927e-07
22.941272335004804,3.4091126383139733e-09,3.4091126383139733e-09,1.0489682457819906e-07,1.1886587174383169e-07
22.94823901351528,3.4091126383139733e-09,3.4091126383139733e-09,9.882702037268491e-08,1.1961349466820957e-07
22.955205692025757,3.4091126383139733e-09,3.4091126383139733e-09,9.28980277880962e-08,1.2008493608733835e-07
22.962172370536237,3.4091126383139733e-09,3.4091126383139733e-09,8.71337079987124e-08,1.2027540108790683e-07
22.969139049046714,3.4091126383139733e-09,3.4091126383139733e-09,8.155552884240997e-08,1.201830506315087e-07
22.976105727557194,3.4091126383139733e-09,3.4091126383139733e-09,7.618231778927159e-08,1.1980904284483045e-07
22.98307240606767,3.4091126383139733e-09,3.4091126383139733e-09,7.103007996542632e-08,1.1915750443669444e-07
22.990039084578147,3.4091126383139733e-09,3.4091126383139733e-09,6.611188529924332e-08,1.1823543494855097e-07
22.997005763088627,3.4091126383139733e-09,3.4091126383139733e-09,6.143782534757572e-08,1.1705254610121431e-07
23.003972441599107,3.4091126383139733e-09,3.4091126383139733e-09,5.701503809774936e-08,1.156210435436986e-07
23.010939120109587,3.4091126383139733e-09,3.4091126383139733e-09,5.284779634176249e-08,1.1395535905323416e-07
23.017905798620063,3.4091126383139733e-09,3.4091126383139733e-09,4.893765335885789e-08,1.1207184276062514e-07
23.02487247713054,3.4091126383139733e-09,3.4091126383139733e-09,4.5283637027263466e-08,1.0998842739610422e-07
23.03183915564102,3.4091126383139733e-09,3.4091126383139733e-09,4.1882483603804726e-08,1.0772427495126265e-07
23.038805834151496,3.4091126383139733e-09,3.4091126383139733e-09,3.872890046317197e-08,1.052994177897904e-07
23.045772512661976,3.4091126383139733e-09,3.4091126383139733e-09,3.581584782005052e-08,1.0273440465800596e-07
23.052739191172453,3.4091126383139733e-09,3.4091126383139733e-09,3.313482969582807e-08,1.0004996127810948e-07
23.05970586968293,3.4091126383139733e-09,3.4091126383139733e-09,3.067618428761861e-08,9.726667384530088e-08
23.06667254819341,3.4091126383139733e-09,3.4091126383139733e-09,2.8429366497960767e-08,9.440470196782035e-08
23.07363922670389,3.4091126383139733e-09,3.4091126383139733e-09,2.6383215251406884e-08,9.148352592305963e-08
23.080605905214366,3.4091126383139733e-09,3.4091126383139733e-09,2.4526200520839062e-08,8.852173147238519e-08
23.087572583724846,3.4091126383139733e-09,3.4091126383139733e-09,2.284664606984825e-08,8.553683374994484e-08
23.094539262235322,3.4091126383139733e-09,3.4091126383139733e-09,2.1332925259151807e-08,8.254514004530395e-08
23.101505940745803,3.4091126383139733e-09,3.4091126383139733e-09,1.9973628843176814e-08,7.956165052932711e-08
23.10847261925628,3.4091126383139733e-09,3.4091126383139733e-09,1.8757704473707345e-08,7.659999433656811e-08
23.115439297766756,3.4091126383139733e-09,3.4091126383139733e-09,1.7674568757234054e-08,7.367239817990731e-08
23.122405976277236,3.4091126383139733e-09,3.4091126383139733e-09,1.671419337115202e-08,7.078968368667864e-08
23.129372654787712,3.4091126383139733e-09,3.4091126383139733e-09,1.586716733114881e-08,6.796128955124105e-08
23.136339333298192,3.4091126383139733e-09,3.4091126383139733e-09,1.5124737830986077e-08,6.519531454153864e-08
23.143306011808672,3.4091126383139733e-09,3.4091126383139733e-09,1.4478832347324369e-08,6.249857719911894e-08
23.15027269031915,3.4091126383139733e-09,3.4091126383139733e-09,1.3922064664777595e-08,5.987668855886317e-08
23.15723936882963,3.4091126383139733e-09,3.4091126383139733e-09,1.3447727525657366e-08,5.733413426520533e-08
23.164206047340105,3.4091126383139733e-09,3.4091126383139733e-09,1.3049774507360162e-08,5.487436284779611e-08
23.171172725850585,3.4091126383139733e-09,3.4091126383139733e-09,1.2722793376839652e-08,5.2499877488586574e-08
23.178139404361062,3.4091126383139733e-09,3.4091126383139733e-09,1.2461973153081666e-08,5.021232876887601e-08
23.18510608287154,3.4091126383139733e-09,3.4091126383139733e-09,1.2263066736893625e-08,4.8012606462429056e-08
23.19207276138202,3.4091126383139733e-09,3.4091126383139733e-09,1.2122350630956905e-08,4.59009287667939e-08
23.199039439892495,3.4091126383139733e-09,3.4091126383139733e-09,1.203658326337651e-08,4.387692769250343e-08
23.20600611840297,3.4091126383139733e-09,3.4091126383139733e-09,1.2002962972328105e-08,4.193972971859235e-08
23.21297279691345,3.4091126383139733e-09,3.4091126383139733e-09,1.2019086507416468e-08,4.008803105046957e-08
23.21993947542393,3.4091126383139733e-09,3.4091126383139733e-09,1.208290882844137e-08,3.8320167086382424e-08
23.22690615393441,3.4091126383139733e-09,3.4091126383139733e-09,1.219270468584757e-08,3.663417589947959e-08
23.233872832444888,3.4091126383139733e-09,3.4091126383139733e-09,1.2347032335817385e-08,3.5027855677819625e-08
23.240839510955364,3.4091126383139733e-09,3.4091126383139733e-09,1.254469970248938e-08,3.349881627381593e-08
23.247806189465845,3.4091126383139733e-09,3.4091126383139733e-09,1.2784733055764683e-08,3.20445250219791e-08
23.25477286797632,3.4091126383139733e-09,3.4091126383139733e-09,1.3066348295959073e-08,3.066234712643464e-08
23.2617395464868,3.4091126383139733e-09,3.4091126383139733e-09,1.3388924825832125e-08,2.9349580952134463e-08
23.268706224997278,3.4091126383139733e-09,3.4091126383139733e-09,1.3751981936338397e-08,2.8103488577045183e-08
23.275672903507754,3.4091126383139733e-09,3.4091126383139733e-09,1.4155157607238379e-08,2.692132198967799e-08
23.282639582018234,3.4091126383139733e-09,3.4091126383139733e-09,1.4598189595370264e-08,2.5800345337916363e-08
23.289606260528714,3.4091126383139733e-09,3.4091126383139733e-09,1.5080898651724588e-08,2.4737853589701134e-08
23.296572939039194,3.4091126383139733e-09,3.4091126383139733e-09,1.5603173716719257e-08,2.3731187995047348e-08
23.30353961754967,3.4091126383139733e-09,3.4091126383139733e-09,1.6164958925606188e-08,2.277774870148997e-08
23.310506296060147,3.4091126383139733e-09,3.4091126383139733e-09,1.676624226339769e-08,2.1875004852880674e-08
23.317472974570627,3.4091126383139733e-09,3.4091126383139733e-09,1.740704571426806e-08,2.1020502482611484e-08
23.324439653081104,3.4091126383139733e-09,3.4091126383139733e-09,1.8087416743112045e-08,2.0211870498614376e-08
23.33140633159158,3.4091126383139733e-09,3.4091126383139733e-09,1.8807420976946175e-08,1.9446825003907405e-08
23.33837301010206,3.4091126383139733e-09,3.4091126383139733e-09,1.9567135947034268e-08,1.8723172200827267e-08
23.345339688612537,3.4091126383139733e-09,3.4091126383139733e-09,2.036664576504566e-08,1.8038810088294267e-08
23.352306367123017,3.4091126383139733e-09,3.4091126383139733e-09,2.120603661969498e-08,1.7391729140634694e-08
23.359273045633497,3.4091126383139733e-09,3.4091126383139733e-09,2.2085392998920154e-08,1.6780012135131487e-08
23.366239724143973,3.4091126383139733e-09,3.4091126383139733e-09,2.300479453752687e-08,1.620183327918327e-08
23.373206402654453,3.4091126383139733e-09,3.4091126383139733e-09,2.3964313391676875e-08,1.5655456767033114e-08
23.38017308116493,3.4091126383139733e-09,3.4091126383139733e-09,2.4964012092659215e-08,1.5139234875115305e-08
23.38713975967541,3.4091126383139733e-09,3.4091126383139733e-09,2.6003941794643956e-08,1.4651605698212611e-08
23.394106438185887,3.4091126383139733e-09,3.4091126383139733e-09,2.7084140858508716e-08,1.4191090610260244e-08
23.401073116696363,3.4091126383139733e-09,3.4091126383139733e-09,2.820463371823555e-08,1.3756291521034274e-08
23.408039795206843,3.4091126383139733e-09,3.4091126383139733e-09,2.9365429989082225e-08,1.334588799029561e-08
23.41500647371732,3.4091126383139733e-09,3.4091126383139733e-09,3.0566523785043955e-08,1.29586342529758e-08
23.4219731522278,3.4091126383139733e-09,3.4091126383139733e-09,3.18078931855909e-08,1.2593356199355072e-08
23.42893983073828,3.4091126383139733e-09,3.4091126383139733e-09,3.308949983220943e-08,1.2248948344531842e-08
23.435906509248756,3.4091126383139733e-09,3.4091126383139733e-09,3.4411288642539496e-08,1.1924370819142222e-08
23.442873187759236,3.4091126383139733e-09,3.4091126383139733e-09,3.577318760263569e-08,1.1618646405151765e-08
23.449839866269713,3.4091126383139733e-09,3.4091126383139733e-09,3.717510761972281e-08,1.1330857637959939e-08
23.45680654478019,3.4091126383139733e-09,3.4091126383139733e-09,3.861694241682455e-08,1.1060143989387781e-08
23.46377322329067,3.4091126383139733e-09,3.4091126383139733e-09,4.0098568457316326e-08,1.0805699143472501e-08
23.470739901801146,3.4091126383139733e-09,3.4091126383139733e-09,4.161984489060898e-08,1.056676837498988e-08
23.477706580311626,3.4091126383139733e-09,3.4091126383139733e-09,4.318061351253081e-08,1.0342646038900979e-08
23.484673258822102,3.4091126383139733e-09,3.4091126383139733e-09,4.478069870394285e-08,1.0132673174978561e-08
23.49163993733258,3.4091126383139733e-09,3.4091126383139733e-09,4.641990735568457e-08,9.936235228399285e-09
23.49860661584306,3.4091126383139733e-09,3.4091126383139733e-09,4.809802879148451e-08,9.752759891360384e-09
23.50557329435354,3.4091126383139733e-09,3.4091126383139733e-09,4.981483465575735e-08,9.581715063800597e-09
23.51253997286402,3.4091126383139733e-09,3.4091126383139733e-09,5.1570078771448653e-08,9.42260693459061e-09
23.519506651374495,3.4091126383139733e-09,3.4091126383139733e-09,5.336349695996411e-08,9.274978181431491e-09
23.526473329884972,3.4091126383139733e-09,3.4091126383139733e-09,5.519480682054669e-08,9.138406287316626e-09
23.533440008395452,3.4091126383139733e-09,3.4091126383139733e-09,5.706370746692827e-08,9.012501971446468e-09
23.54040668690593,3.4091126383139733e-09,3.4091126383139733e-09,5.896987921950407e-08,8.896907732563423e-09
23.54737336541641,3.4091126383139733e-09,3.4091126383139733e-09,6.091298325083777e-08,8.791296502783808e-09
23.554340043926885,3.4091126383139733e-09,3.4091126383139733e-09,6.289266116088345e-08,8.695370408521949e-09
23.56130672243736,3.4091126383139733e-09,3.4091126383139733e-09,6.49085345033159e-08,8.608859634654635e-09
23.56827340094784,3.4091126383139733e-09,3.4091126383139733e-09,6.69602042578897e-08,8.531521390984752e-09
23.57524007945832,3.4091126383139733e-09,3.4091126383139733e-09,6.904725023400212e-08,8.463138977145313e-09
23.582206757968798,3.4091126383139733e-09,3.4091126383139733e-09,7.116923040903355e-08,8.403520944037178e-09
23.589173436479278,3.4091126383139733e-09,3.4091126383139733e-09,7.332568019674121e-08,8.352500349075969e-09
23.596140114989755,3.4091126383139733e-09,3.4091126383139733e-09,7.55161116432508e-08,8.30993410281517e-09
23.603106793500235,3.4091126383139733e-09,3.4091126383139733e-09,7.774001254795388e-08,8.275702404906303e-09
23.61007347201071,3.4091126383139733e-09,3.4091126383139733e-09,7.999684550630241e-08,8.249708267752917e-09
23.617040150521188,3.4091126383139733e-09,3.4091126383139733e-09,8.228604687084923e-08,8.23187712655891e-09
23.624006829031668,3.4091126383139733e-09,3.4091126383139733e-09,8.460702561821934e-08,8.222156533353248e-09
23.630973507542144,3.4091126383139733e-09,3.4091126383139733e-09,8.695916212960948e-08,8.220515934475502e-09
23.637940186052624,3.4091126383139733e-09,3.4091126383139733e-09,8.934180687678649e-08,8.22694653072182e-09
23.644906864563104,3.4091126383139733e-09,3.4091126383139733e-09,9.175427900501288e-08,8.241461219107105e-09
23.65187354307358,3.4091126383139733e-09,3.4091126383139733e-09,9.419586481086447e-08,8.264094616146229e-09
23.65884022158406,3.4091126383139733e-09,3.4091126383139733e-09,9.666581610886437e-08,8.294903162211787e-09
23.665806900094537,3.4091126383139733e-09,3.4091126383139733e-09,9.91633484812098e-08,8.333965306945588e-09
23.672773578605018,3.4091126383139733e-09,3.4091126383139733e-09,1.0168763940451519e-07,8.38138177606007e-09
23.679740257115494,3.4091126383139733e-09,3.4091126383139733e-09,1.042378262471097e-07,8.437275920221466e-09
23.68670693562597,3.4091126383139733e-09,3.4091126383139733e-09,1.0681300413017551e-07,8.501794147064035e-09
23.69367361413645,3.4091126383139733e-09,3.4091126383139733e-09,1.0941222364563496e-07,8.575106437740602e-09
23.700640292646927,3.4091126383139733e-09,3.4091126383139733e-09,1.120344884234457e-07,8.657406946493592e-09
23.707606971157404,3.4091126383139733e-09,3.4091126383139733e-09,1.1467875253629914e-07,8.748914685087094e-09
23.714573649667887,3.4091126383139733e-09,3.4091126383139733e-09,1.173439177465613e-07,8.849874298180227e-09
23.721540328178364,3.4091126383139733e-09,3.4091126383139733e-09,1.20028830569242e-07,8.960556925537593e-09
23.728507006688844,3.4091126383139733e-09,3.4091126383139733e-09,1.2273227915067382e-07,9.08126115574212e-09
23.73547368519932,3.4091126383139733e-09,3.4091126383139733e-09,1.254529899577753e-07,9.212314071555594e-09
23.742440363709797,3.4091126383139733e-09,3.4091126383139733e-09,1.2818962426691953e-07,9.35407238863692e-09
23.749407042220277,3.4091126383139733e-09,3.4091126383139733e-09,1.309407744411906e-07,9.50692368937243e-09
23.756373720730753,3.4091126383139733e-09,3.4091126383139733e-09,1.3370495998479426e-07,9.671287753589298e-09
23.763340399241233,3.4091126383139733e-09,3.4091126383139733e-09,1.364806233634101e-07,9.847617987900972e-09
23.77030707775171,3.4091126383139733e-09,3.4091126383139733e-09,1.392661255793479e-07,1.0036402955366624e-08
23.777273756262186,3.4091126383139733e-09,3.4091126383139733e-09,1.4205974149704029e-07,1.023816800522093e-08
23.78424043477267,3.4091126383139733e-09,3.4091126383139733e-09,1.448596549523394e-07,1.0453476989574683e-08
23.791207113283146,3.4091126383139733e-09,3.4091126383139733e-09,1.476639535469846e-07,1.0682934092234883e-08
23.798173791793626,3.4091126383139733e-09,3.4091126383139733e-09,1.5047062318704193e-07,1.0927185749273545e-08
23.805140470304103,3.4091126383139733e-09,3.4091126383139733e-09,1.5327754234137822e-07,1.1186922662866495e-08
23.81210714881458,3.4091126383139733e-09,3.4091126383139733e-09,1.5608247602234027e-07,1.1462881904612078e-08
23.81907382732506,3.4091126383139733e-09,3.4091126383139733e-09,1.5888306948436197e-07,1.175584910220043e-08
23.826040505835536,3.4091126383139733e-09,3.4091126383139733e-09,1.6167684163426465e-07,1.2066660702607823e-08
23.833007184346013,3.4091126383139733e-09,3.4091126383139733e-09,1.6446117814858362e-07,1.2396206303281909e-08
23.839973862856493,3.4091126383139733e-09,3.4091126383139733e-09,1.6723332429794425e-07,1.2745431040379584e-08
23.84694054136697,3.4091126383139733e-09,3.4091126383139733e-09,1.6999037754725112e-07,1.3115338009908774e-08
23.85390721987745,3.4091126383139733e-09,3.4091126383139733e-09,1.7272927987820004e-07,1.3506990712300394e-08
23.86087389838793,3.4091126383139733e-09,3.4091126383139733e-09,1.754468098597279e-07,1.3921515497434828e-08
23.867840576898406,3.4091126383139733e-09,3.4091126383139733e-09,1.781395745251233e-07,1.4360103977774095e-08
23.874807255408886,3.4091126383139733e-09,3.4091126383139733e-09,1.808040010732001e-07,1.4824015379521868e-08
23.881773933919362,3.4091126383139733e-09,3.4091126383139733e-09,1.8343632843099117e-07,1.5314578793046108e-08
23.888740612429842,3.4091126383139733e-09,3.4091126383139733e-09,1.8603259872134224e-07,1.583319527800883e-08
23.89570729094032,3.4091126383139733e-09,3.4091126383139733e-09,1.8858864873215565e-07,1.6381339766889888e-08
23.902673969450795,3.4091126383139733e-09,3.4091126383139733e-09,1.9110010142734827e-07,1.6960562707646835e-08
23.909640647961275,3.4091126383139733e-09,3.4091126383139733e-09,1.9356235760435692e-07,1.757249137276328e-08
23.916607326471752,3.4091126383139733e-09,3.4091126383139733e-09,1.9597058781124373e-07,1.8218830751740998e-08
23.923574004982232,3.4091126383139733e-09,3.4091126383139733e-09,1.9831972464105976e-07,1.890136393277405e-08
23.930540683492712,3.4091126383139733e-09,3.4091126383139733e-09,2.006044555450667e-07,1.9621951866327623e-08
23.93750736200319,3.4091126383139733e-09,3.4091126383139733e-09,2.0281921635667766e-07,2.0382532387868822e-08
23.94447404051367,3.4091126383139733e-09,3.4091126383139733e-09,2.0495818569326236e-07,2.1185118363250088e-08
23.951440719024145,3.4091126383139733e-09,3.4091126383139733e-09,2.070152804769624e-07,2.203179480276575e-08
23.95840739753462,3.4091126383139733e-09,3.4091126383139733e-09,2.089841528206208e-07,2.292471477287207e-08
23.9653740760451,3.4091126383139733e-09,3.4091126383139733e-09,2.108581885582271e-07,2.386609391644617e-08
23.972340754555578,3.4091126383139733e-09,3.4091126383139733e-09,2.1263050774993322e-07,2.4858203374581135e-08
23.979307433066058,3.4091126383139733e-09,3.4091126383139733e-09,2.14293967501842e-07,2.5903360883336765e-08
23.986274111576535,3.4091126383139733e-09,3.4091126383139733e-09,2.158411674993888e-07,2.700391980227037e-08
23.99324079008701,3.4091126383139733e-09,3.4091126383139733e-09,2.1726445867501562e-07,2.8162255813301964e-08
24.000207468597495,3.4091126383139733e-09,3.4091126383139733e-09,2.1855595547748654e-07,2.9380751015534002e-08
24.00717414710797,3.4091126383139733e-09,3.4091126383139733e-09,2.1970755223583048e-07,3.0661775127997244e-08
24.01414082561845,3.4091126383139733e-09,3.4091126383139733e-09,2.2071094414795572e-07,3.2007663506440456e-08
24.021107504128928,3.4091126383139733e-09,3.4091126383139733e-09,2.215576534467037e-07,3.3420691677526166e-08
24.028074182639404,3.4091126383139733e-09,3.4091126383139733e-09,2.2223906131643366e-07,3.490304610054616e-08
24.035040861149884,3.4091126383139733e-09,3.4091126383139733e-09,2.227464461404034e-07,3.6456790881404875e-08
24.04200753966036,3.4091126383139733e-09,3.4091126383139733e-09,2.2307102865722564e-07,3.8083830190462516e-08
24.04897421817084,3.4091126383139733e-09,3.4091126383139733e-09,2.232040245822222e-07,3.9785866177829426e-08
24.055940896681317,3.4091126383139733e-09,3.4091126383139733e-09,2.2313670521136769e-07,4.1564352236021e-08
24.062907575191794,3.4091126383139733e-09,3.4091126383139733e-09,2.2286046646110385e-07,4.3420441537732096e-08
24.069874253702277,3.4091126383139733e-09,3.4091126383139733e-09,2.223669067051018e-07,4.535493087508708e-08
24.076840932212754,3.4091126383139733e-09,3.4091126383139733e-09,2.216479136459178e-07,4.736819994984807e-08
24.08380761072323,3.4091126383139733e-09,3.4091126383139733e-09,2.2069576029934931e-07,4.946014641388106e-08
24.09077428923371,3.4091126383139733e-09,3.4091126383139733e-09,2.1950320996948296e-07,5.1630117136605755e-08
24.097740967744187,3.4091126383139733e-09,3.4091126383139733e-09,2.1806362985191092e-07,5.387683638218894e-08
24.104707646254667,3.4091126383139733e-09,3.4091126383139733e-09,2.1637111261068633e-07,5.61983318128721e-08
24.111674324765143,3.4091126383139733e-09,3.4091126383139733e-09,2.144206049626374e-07,5.8591859493450244e-08
24.11864100327562,3.4091126383139733e-09,3.4091126383139733e-09,2.1220804190443751e-07,6.105382935269465e-08
24.1256076817861,3.4091126383139733e-09,3.4091126383139733e-09,2.0973048484105834e-07,6.357973284979676e-08
24.132574360296577,3.4091126383139733e-09,3.4091126383139733e-09,2.0698626141249172e-07,6.61640748935684e-08
24.139541038807057,3.4091126383139733e-09,3.4091126383139733e-09,2.03975104413495e-07,6.880031235680383e-08
24.146507717317537,3.4091126383139733e-09,3.4091126383139733e-09,2.0069828667178188e-07,7.14808017839671e-08
24.153474395828013,3.4091126383139733e-09,3.4091126383139733e-09,1.9715874843033206e-07,7.419675913527951e-08
24.160441074338493,3.4091126383139733e-09,3.4091126383139733e-09,1.933612132807848e-07,7.693823453271657e-08
24.16740775284897,3.4091126383139733e-09,3.4091126383139733e-09,1.8931228854988916e-07,7.969410514215531e-08
24.17437443135945,3.4091126383139733e-09,3.4091126383139733e-09,1.8502054561807773e-07,8.245208913128253e-08
24.181341109869926,3.4091126383139733e-09,3.4091126383139733e-09,1.8049657581506333e-07,8.519878367889314e-08
24.188307788380403,3.4091126383139733e-09,3.4091126383139733e-09,1.7575301748810674e-07,8.791972948518188e-08
24.195274466890883,3.4091126383139733e-09,3.4091126383139733e-09,1.7080455017039506e-07,9.05995039291817e-08
24.20224114540136,3.4091126383139733e-09,3.4091126383139733e-09,1.656678523145496e-07,9.322184427621452e-08
24.209207823911836,3.4091126383139733e-09,3.4091126383139733e-09,1.603615197719781e-07,9.576980137311244e-08
24.21617450242232,3.4091126383139733e-09,3.4091126383139733e-09,1.5490594311775492e-07,9.822592357519844e-08
24.223141180932796,3.4091126383139733e-09,3.4091126383139733e-09,1.493231432632469e-07,1.0057246914066451e-07
24.230107859443276,3.4091126383139733e-09,3.4091126383139733e-09,1.4363656573450156e-07,1.0279164449631826e-07
24.237074537953752,3.4091126383139733e-09,3.4091126383139733e-09,1.3787083617705243e-07,1.0486586403564642e-07
24.24404121646423,3.4091126383139733e-09,3.4091126383139733e-09,1.3205148039162906e-07,1.0677802632824986e-07
24.25100789497471,3.4091126383139733e-09,3.4091126383139733e-09,1.262046144696354e-07,1.0851180013421225e-07
24.257974573485185,3.4091126383139733e-09,3.4091126383139733e-09,1.2035661149623151e-07,1.1005191279349702e-07
24.264941251995666,3.4091126383139733e-09,3.4091126383139733e-09,1.1453375285329357e-07,1.1138443280062524e-07
24.271907930506142,3.4091126383139733e-09,3.4091126383139733e-09,1.0876187327298421e-07,1.124970379609148e-07
24.27887460901662,3.4091126383139733e-09,3.4091126383139733e-09,1.0306600890148378e-07,1.1337926048393583e-07
24.285841287527102,3.4091126383139733e-09,3.4091126383139733e-09,9.747005868530709e-08,1.1402270094138651e-07
24.29280796603758,3.4091126383139733e-09,3.4091126383139733e-09,9.199646810268982e-08,1.144212032469732e-07
24.29977464454806,3.4091126383139733e-09,3.4091126383139733e-09,8.666594490831716e-08,1.1457098485408803e-07
24.306741323058535,3.4091126383139733e-09,3.4091126383139733e-09,8.149721436467999e-08,1.14470717139961e-07
24.31370800156901,3.4091126383139733e-09,3.4091126383139733e-09,7.650682051109427e-08,1.1412155287066041e-07
24.32067468007949,3.4091126383139733e-09,3.4091126383139733e-09,7.170897822751904e-08,1.1352710045538932e-07
24.32764135858997,3.4091126383139733e-09,3.4091126383139733e-09,6.711547879436149e-08,1.1269334501202428e-07
24.334608037100445,3.4091126383139733e-09,3.4091126383139733e-09,6.273564971316362e-08,1.1162851926750055e-07
24.341574715610925,3.4091126383139733e-09,3.4091126383139733e-09,5.85763674609938e-08,1.1034293061060866e-07
24.3485413941214,3.4091126383139733e-09,3.4091126383139733e-09,5.464212017139918e-08,1.0884874818081247e-07
24.355508072631885,3.4091126383139733e-09,3.4091126383139733e-09,5.093511532061823e-08,1.0715975917067617e-07
24.36247475114236,3.4091126383139733e-09,3.4091126383139733e-09,4.745542650332328e-08,1.0529110189246361e-07
24.369441429652838,3.4091126383139733e-09,3.4091126383139733e-09,4.420117259975338e-08,1.03258984060327e-07
24.376408108163318,3.4091126383139733e-09,3.4091126383139733e-09,4.1168721046430015e-08,1.0108039552654488e-07
24.383374786673794,3.4091126383139733e-09,3.4091126383139733e-09,3.835290839052976e-08,9.877282290098881e-08
24.390341465184274,3.4091126383139733e-09,3.4091126383139733e-09,3.574726997026839e-08,9.635397395960865e-08
24.39730814369475,3.4091126383139733e-09,3.4091126383139733e-09,3.3344271915586336e-08,9.384151816232639e-08
24.404274822205227,3.4091126383139733e-09,3.4091126383139733e-09,3.1135539257096274e-08,9.125284870274382e-08
24.411241500715708,3.4091126383139733e-09,3.4091126383139733e-09,2.91120742353134e-08,8.860487003659408e-08
24.418208179226184,3.4091126383139733e-09,3.4091126383139733e-09,2.7264460900758738e-08,8.591381387642152e-08
24.425174857736668,3.4091126383139733e-09,3.4091126383139733e-09,2.5583052228654005e-08,8.31950850797855e-08
24.432141536247144,3.4091126383139733e-09,3.4091126383139733e-09,2.4058137510213208e-08,8.046313794167893e-08
24.43910821475762,3.4091126383139733e-09,3.4091126383139733e-09,2.2680088656866715e-08,7.773138254510388e-08
24.4460748932681,3.4091126383139733e-09,3.4091126383139733e-09,2.1439484679607094e-08,7.501211931705833e-08
24.453041571778577,3.4091126383139733e-09,3.4091126383139733e-09,2.0327214763456867e-08,7.231650026875295e-08
24.460008250289054,3.4091126383139733e-09,3.4091126383139733e-09,1.9334560620229406e-08,6.965451405913777e-08
24.466974928799534,3.4091126383139733e-09,3.4091126383139733e-09,1.8453259477800357e-08,6.703499208753334e-08
24.47394160731001,3.4091126383139733e-09,3.4091126383139733e-09,1.767554929169467e-08,6.44656328123213e-08
24.48090828582049,3.4091126383139733e-09,3.4091126383139733e-09,1.699419811114239e-08,6.195304090088149e-08
24.487874964330967,3.4091126383139733e-09,3.4091126383139733e-09,1.640251954557656e-08,5.9502778496301316e-08
24.494841642841443,3.4091126383139733e-09,3.4091126383139733e-09,1.5894376338819036e-08,5.7119425717173376e-08
24.501808321351927,3.4091126383139733e-09,3.4091126383139733e-09,1.546417406367118e-08,5.480664774802389e-08
24.508774999862403,3.4091126383139733e-09,3.4091126383139733e-09,1.5106846737502854e-08,5.2567266271857893e-08
24.515741678372883,3.4091126383139733e-09,3.4091126383139733e-09,1.4817836119470399e-08,5.040333315637137e-08
24.52270835688336,3.4091126383139733e-09,3.4091126383139733e-09,1.4593066280823904e-08,4.8316204645542834e-08
24.529675035393836,3.4091126383139733e-09,3.4091126383139733e-09,1.44289147456793e-08,4.630661465177328e-08
24.536641713904316,3.4091126383139733e-09,3.4091126383139733e-09,1.4322181465338445e-08,4.437474593530575e-08
24.543608392414793,3.4091126383139733e-09,3.4091126383139733e-09,1.4270056592781186e-08,4.25202982742873e-08
24.550575070925273,3.4091126383139733e-09,3.4091126383139733e-09,1.427008790483066e-08,4.074255293232864e-08
24.55754174943575,3.4091126383139733e-09,3.4091126383139733e-09,1.4320148569502138e-08,3.904043295372813e-08
24.564508427946226,3.4091126383139733e-09,3.4091126383139733e-09,1.4418405754750592e-08,3.741255897525729e-08
24.57147510645671,3.4091126383139733e-09,3.4091126383139733e-09,1.4563290514132016e-08,3.5857300407722146e-08
24.578441784967186,3.4091126383139733e-09,3.4091126383139733e-09,1.4753469224223426e-08,3.437282195090006e-08
24.585408463477663,3.4091126383139733e-09,3.4091126383139733e-09,1.498781678209893e-08,3.2957125510269143e-08
24.592375141988143,3.4091126383139733e-09,3.4091126383139733e-09,1.5265391686610734e-08,3.160808766511282e-08
24.59934182049862,3.4091126383139733e-09,3.4091126383139733e-09,1.558541305061052e-08,3.0323492880698825e-08
24.6063084990091,3.4091126383139733e-09,3.4091126383139733e-09,1.594723955888793e-08,2.9101062715771087e-08
24.613275177519576,3.4091126383139733e-09,3.4091126383139733e-09,1.6350350329945475e-08,2.793848128910485e-08
24.620241856030052,3.4091126383139733e-09,3.4091126383139733e-09,1.6794327620059808e-08,2.683341729296971e-08
24.627208534540532,3.4091126383139733e-09,3.4091126383139733e-09,1.727884128186228e-08,2.5783542848125253e-08
24.63417521305101,3.4091126383139733e-09,3.4091126383139733e-09,1.780363487236377e-08,2.478654948440872e-08
24.641141891561492,3.4091126383139733e-09,3.4091126383139733e-09,1.836851330041739e-08,2.384016153594037e-08
24.64810857007197,3.4091126383139733e-09,3.4091126383139733e-09,1.8973331895058326e-08,2.2942147219442128e-08
24.655075248582445,3.4091126383139733e-09,3.4091126383139733e-09,1.9617986777741526e-08,2.2090327653376284e-08
24.662041927092925,3.4091126383139733e-09,3.4091126383139733e-09,2.030240641955701e-08,2.1282584062507967e-08
24.669008605603402,3.4091126383139733e-09,3.4091126383139733e-09,2.102654427204902e-08,2.0516863386421186e-08
24.675975284113882,3.4091126383139733e-09,3.4091126383139733e-09,2.1790372361925983e-08,1.979118250118129e-08
24.68294196262436,3.4091126383139733e-09,3.4091126383139733e-09,2.2593875747961122e-08,1.9103631239711408e-08
24.689908641134835,3.4091126383139733e-09,3.4091126383139733e-09,2.343704774621543e-08,1.845237438035295e-08
24.696875319645315,3.4091126383139733e-09,3.4091126383139733e-09,2.431988583189423e-08,1.78356527575953e-08
24.70384199815579,3.4091126383139733e-09,3.4091126383139733e-09,2.524238814030047e-08,1.7251783629079093e-08
24.710808676666268,3.4091126383139733e-09,3.4091126383139733e-09,2.6204550491959718e-08,1.6699160421499252e-08
24.71777535517675,3.4091126383139733e-09,3.4091126383139733e-09,2.720636387198128e-08,1.6176251962544375e-08
24.724742033687228,3.4091126383139733e-09,3.4091126383139733e-09,2.8247812305228616e-08,1.568160129181825e-08
24.731708712197708,3.4091126383139733e-09,3.4091126383139733e-09,2.9328871078896576e-08,1.521382413302281e-08
24.738675390708185,3.4091126383139733e-09,3.4091126383139733e-09,3.044950525198457e-08,1.4771607101188055e-08
24.74564206921866,3.4091126383139733e-09,3.4091126383139733e-09,3.16096684139308e-08,1.435370570471849e-08
24.75260874772914,3.4091126383139733e-09,3.4091126383139733e-09,3.280930165873716e-08,1.3958942195477886e-08
24.759575426239618,3.4091126383139733e-09,3.4091126383139733e-09,3.404833273527843e-08,1.3586203313892026e-08
24.766542104750098,3.4091126383139733e-09,3.4091126383139733e-09,3.5326675342170144e-08,1.3234437967731953e-08
24.773508783260574,3.4091126383139733e-09,3.4091126383139733e-09,3.664422854215263e-08,1.2902654876379395e-08
24.78047546177105,3.4091126383139733e-09,3.4091126383139733e-09,3.8000876277001457e-08,1.2589920208078616e-08
24.787442140281534,3.4091126383139733e-09,3.4091126383139733e-09,3.939648696677392e-08,1.229535523409609e-08
24.79440881879201,3.4091126383139733e-09,3.4091126383139733e-09,4.0830913152583025e-08,1.2018134019373775e-08
24.80137549730249,3.4091126383139733e-09,3.4091126383139733e-09,4.2303991190446676e-08,1.1757481162627934e-08
24.808342175812967,3.4091126383139733e-09,3.4091126383139733e-09,4.3815540978512345e-08,1.1512669599984291e-08
24.815308854323444,3.4091126383139733e-09,3.4091126383139733e-09,4.5365365699092797e-08,1.128301848202918e-08
24.822275532833924,3.4091126383139733e-09,3.4091126383139733e-09,4.69532515674739e-08,1.1067891131944268e-08
24.8292422113444,3.4091126383139733e-09,3.4091126383139733e-09,4.857896757880295e-08,1.0866693090063273e-08
24.836208889854877,3.4091126383139733e-09,3.4091126383139733e-09,5.024226524719401e-08,1.0678870249175552e-08
24.843175568365357,3.4091126383139733e-09,3.4091126383139733e-09,5.194287833136003e-08,1.050390708414368e-08
24.850142246875834,3.4091126383139733e-09,3.4091126383139733e-09,5.368052252864836e-08,1.0341324977767762e-08
24.857108925386317,3.4091126383139733e-09,3.4091126383139733e-09,5.5454895145386574e-08,1.0190680643003893e-08
24.864075603896794,3.4091126383139733e-09,3.4091126383139733e-09,5.726567473404219e-08,1.0051564642501516e-08
24.87104228240727,3.4091126383139733e-09,3.4091126383139733e-09,5.911252069087636e-08,9.923600005159154e-09
24.87800896091775,3.4091126383139733e-09,3.4091126383139733e-09,6.099507281001727e-08,9.806440939099334e-09
24.884975639428227,3.4091126383139733e-09,3.4091126383139733e-09,6.291295079045834e-08,9.699771639673563e-09
24.891942317938707,3.4091126383139733e-09,3.4091126383139733e-09,6.486575369330263e-08,9.603305191163755e-09
24.898908996449183,3.4091126383139733e-09,3.4091126383139733e-09,6.685305934670501e-08,9.516782560982683e-09
24.90587567495966,3.4091126383139733e-09,3.4091126383139733e-09,6.887442369107934e-08,9.439971685080633e-09
24.91284235347014,3.4091126383139733e-09,3.4091126383139733e-09,7.092938005990784e-08,9.372666642244488e-09
24.919809031980616,3.4091126383139733e-09,3.4091126383139733e-09,7.301743840094581e-08,9.314686916192691e-09
24.9267757104911,3.4091126383139733e-09,3.4091126383139733e-09,7.513808442698839e-08,9.265876743561745e-09
24.933742389001576,3.4091126383139733e-09,3.4091126383139733e-09,7.72907786948966e-08,9.226104546719874e-09
24.940709067512053,3.4091126383139733e-09,3.4091126383139733e-09,7.947495560830368e-08,9.195262449864269e-09
24.947675746022533,3.4091126383139733e-09,3.4091126383139733e-09,8.169002234069562e-08,9.173265876963714e-09
24.95464242453301,3.4091126383139733e-09,3.4091126383139733e-09,8.39353576753923e-08,9.160053230436391e-09
24.961609103043486,3.4091126383139733e-09,3.4091126383139733e-09,8.621031075873249e-08,9.155585649784227e-09
24.968575781553966,3.4091126383139733e-09,3.4091126383139733e-09,8.851419976238973e-08,9.159846849715735e-09
24.975542460064442,3.4091126383139733e-09,3.4091126383139733e-09,9.08463104448156e-08,9.172843036304989e-09
24.982509138574923,3.4091126383139733e-09,3.4091126383139733e-09,9.320589461183102e-08,9.194602901185225e-09
24.9894758170854,3.4091126383139733e-09,3.4091126383139733e-09,9.559216847601989e-08,9.225177693594059e-09
24.996442495595875,3.4091126383139733e-09,3.4091126383139733e-09,9.800431089906911e-08,9.264641369839983e-09
25.00340917410636,3.4091126383139733e-09,3.4091126383139733e-09,1.0044146151766658e-07,9.313090820709373e-09
25.010375852616836,3.4091126383139733e-09,3.4091126383139733e-09,1.0290271874714282e-07,9.370646176618254e-09
25.017342531127316,3.4091126383139733e-09,3.4091126383139733e-09,1.0538713765649462e-07,9.437451190678992e-09
25.024309209637792,3.4091126383139733e-09,3.4091126383139733e-09,1.0789372770811727e-07,9.513673700104223e-09
25.03127588814827,3.4091126383139733e-09,3.4091126383139733e-09,1.1042145035540727e-07,9.599506166616355e-09
25.03824256665875,3.4091126383139733e-09,3.4091126383139733e-09,1.129692164911146e-07,9.695166296764032e-09
25.045209245169225,3.4091126383139733e-09,3.4091126383139733e-09,1.1553588373919607e-07,9.80089774327476e-09
25.052175923679705,3.4091126383139733e-09,3.4091126383139733e-09,1.1812025358279011e-07,9.91697088879161e-09
25.05914260219018,3.4091126383139733e-09,3.4091126383139733e-09,1.2072106832637502e-07,1.0043683709846535e-08
25.06610928070066,3.4091126383139733e-09,3.4091126383139733e-09,1.233370078856722e-07,1.0181362716339855e-08
25.073075959211142,3.4091126383139733e-09,3.4091126383139733e-09,1.259666863847356e-07,1.0330363985432918e-08
25.08004263772162,3.4091126383139733e-09,3.4091126383139733e-09,1.2860864856661901e-07,1.0491074271262968e-08
25.087009316232095,3.4091126383139733e-09,3.4091126383139733e-09,1.312613659985784e-07,1.0663912199595054e-08
25.093975994742575,3.4091126383139733e-09,3.4091126383139733e-09,1.3392323307904045e-07,1.0849329544316561e-08
25.10094267325305,3.4091126383139733e-09,3.4091126383139733e-09,1.3659256283780437e-07,1.10478125847999e-08
25.10790935176353,3.4091126383139733e-09,3.4091126383139733e-09,1.3926758252090797e-07,1.1259883542863234e-08
25.114876030274008,3.4091126383139733e-09,3.4091126383139733e-09,1.4194642895195244e-07,1.1486102097542735e-08
25.121842708784484,3.4091126383139733e-09,3.4091126383139733e-09,1.4462714366230568e-07,1.1727066975288952e-08
25.128809387294964,3.4091126383139733e-09,3.4091126383139733e-09,1.4730766778322614e-07,1.1983417612481384e-08
25.13577606580544,3.4091126383139733e-09,3.4091126383139733e-09,1.499858367038814e-07,1.2255835884554164e-08
25.142742744315925,3.4091126383139733e-09,3.4091126383139733e-09,1.5265937457856323e-07,1.2545047879563586e-08
25.1497094228264,3.4091126383139733e-09,3.4091126383139733e-09,1.553258885224235e-07,1.2851825735659914e-08
25.156676101336878,3.4091126383139733e-09,3.4091126383139733e-09,1.5798286261085758e-07,1.3176989513429543e-08
25.163642779847358,3.4091126383139733e-09,3.4091126383139733e-09,1.6062765167299103e-07,1.352140909260946e-08
25.170609458357834,3.4091126383139733e-09,3.4091126383139733e-09,1.6325747489073783e-07,1.3886006078879549e-08
25.177576136868314,3.4091126383139733e-09,3.4091126383139733e-09,1.6586940922021527e-07,1.4271755701051709e-08
25.18454281537879,3.4091126383139733e-09,3.4091126383139733e-09,1.6846038264898343e-07,1.4679688676767621e-08
25.191509493889267,3.4091126383139733e-09,3.4091126383139733e-09,1.7102716730567877e-07,1.5110893021321445e-08
25.198476172399747,3.4091126383139733e-09,3.4091126383139733e-09,1.7356637247039118e-07,1.5566515767623755e-08
25.205442850910224,3.4091126383139733e-09,3.4091126383139733e-09,1.760744375888056e-07,1.6047764554598948e-08
25.2124095294207,3.4091126383139733e-09,3.4091126383139733e-09,1.785476252111015e-07,1.6555909053244435e-08
25.219376207931184,3.4091126383139733e-09,3.4091126383139733e-09,1.8098201401512642e-07,1.7092282172684328e-08
25.22634288644166,3.4091126383139733e-09,3.4091126383139733e-09,1.8337349195861582e-07,1.7658280992985467e-08
25.23330956495214,3.4091126383139733e-09,3.4091126383139733e-09,1.8571774965207906e-07,1.8255367359642607e-08
25.240276243462617,3.4091126383139733e-09,3.4091126383139733e-09,1.880102740369682e-07,1.8885068066769988e-08
25.247242921973093,3.4091126383139733e-09,3.4091126383139733e-09,1.9024634246535338e-07,1.954897454672915e-08
25.254209600483573,3.4091126383139733e-09,3.4091126383139733e-09,1.924210173777953e-07,2.0248741971579333e-08
25.26117627899405,3.4091126383139733e-09,3.4091126383139733e-09,1.9452914167939471e-07,2.098608766179875e-08
25.26814295750453,3.4091126383139733e-09,3.4091126383139733e-09,1.965653349770928e-07,2.176278868566582e-08
25.275109636015006,3.4091126383139733e-09,3.4091126383139733e-09,1.9852399089819204e-07,2.2580678519521453e-08
25.282076314525483,3.4091126383139733e-09,3.4091126383139733e-09,2.0039927571100542e-07,2.344164262737054e-08
25.289042993035967,3.4091126383139733e-09,3.4091126383139733e-09,2.0218512847987836e-07,2.4347612802745472e-08
25.296009671546443,3.4091126383139733e-09,3.4091126383139733e-09,2.038752629907698e-07,2.530056009997341e-08
25.302976350056923,3.4091126383139733e-09,3.4091126383139733e-09,2.054631717702588e-07,2.630248617493211e-08
25.3099430285674,3.4091126383139733e-09,3.4091126383139733e-09,2.0694213259654175e-07,2.7355412847765437e-08
25.316909707077876,3.4091126383139733e-09,3.4091126383139733e-09,2.083052176933359e-07,2.846136966378279e-08
25.323876385588356,3.4091126383139733e-09,3.4091126383139733e-09,2.0954530610863477e-07,2.96223792492681e-08
25.330843064098833,3.4091126383139733e-09,3.4091126383139733e-09,2.1065509963092844e-07,3.0840440241144746e-08
25.33780974260931,3.4091126383139733e-09,3.4091126383139733e-09,2.116271426777482e-07,3.2117507567258926e-08
25.34477642111979,3.4091126383139733e-09,3.4091126383139733e-09,2.1245384657780167e-07,3.3455469842276994e-08
25.351743099630266,3.4091126383139733e-09,3.4091126383139733e-09,2.131275186889051e-07,3.485612367202202e-08
25.35870977814075,3.4091126383139733e-09,3.4091126383139733e-09,2.13640396844179e-07,3.6321144707383126e-08
25.365676456651226,3.4091126383139733e-09,3.4091126383139733e-09,2.13984689494184e-07,3.785205521399816e-08
25.372643135161702,3.4091126383139733e-09,3.4091126383139733e-09,2.1415262203456117e-07,3.94501880691358e-08
25.379609813672182,3.4091126383139733e-09,3.4091126383139733e-09,2.14136489607182e-07,4.111664709816109e-08
25.38657649218266,3.4091126383139733e-09,3.4091126383139733e-09,2.1392871674352405e-07,4.28522637373112e-08
25.39354317069314,3.4091126383139733e-09,3.4091126383139733e-09,2.1352192416799584e-07,4.465755005179444e-08
25.400509849203615,3.4091126383139733e-09,3.4091126383139733e-09,2.1290900277721978e-07,4.653264830224086e-08
25.407476527714092,3.4091126383139733e-09,3.4091126383139733e-09,2.1208319475006856e-07,4.8477277384532117e-08
25.414443206224572,3.4091126383139733e-09,3.4091126383139733e-09,2.110381818760302e-07,5.0490676466694376e-08
25.42140988473505,3.4091126383139733e-09,3.4091126383139733e-09,2.0976818057702322e-07,5.257154648065336e-08
25.428376563245532,3.4091126383139733e-09,3.4091126383139733e-09,2.082680429711253e-07,5.4717990195479095e-08
25.43534324175601,3.4091126383139733e-09,3.4091126383139733e-09,2.065333633331845e-07,5.692745184574856e-08
25.442309920266485,3.4091126383139733e-09,3.4091126383139733e-09,2.045605890768003e-07,5.9196657454686324e-08
25.449276598776965,3.4091126383139733e-09,3.4091126383139733e-09,2.023471341099836e-07,6.152155724705609e-08
25.45624327728744,3.4091126383139733e-09,3.4091126383139733e-09,1.9989149352703805e-07,6.389727174612693e-08
25.463209955797918,3.4091126383139733e-09,3.4091126383139733e-09,1.9719335740570378e-07,6.631804339264512e-08
25.470176634308398,3.4091126383139733e-09,3.4091126383139733e-09,1.9425372109401264e-07,6.877719561273601e-08
25.477143312818875,3.4091126383139733e-09,3.4091126383139733e-09,1.910749893887926e-07,7.1267101532316e-08
25.484109991329355,3.4091126383139733e-09,3.4091126383139733e-09,1.8766107192833474e-07,7.377916475657719e-08
25.49107666983983,3.4091126383139733e-09,3.4091126383139733e-09,1.8401746601191714e-07,7.630381425241773e-08
25.498043348350308,3.4091126383139733e-09,3.4091126383139733e-09,1.801513238374344e-07,7.883051581519388e-08
25.50501002686079,3.4091126383139733e-09,3.4091126383139733e-09,1.7607150077034423e-07,8.134780235817806e-08
25.511976705371268,3.4091126383139733e-09,3.4091126383139733e-09,1.7178858115636863e-07,8.384332472414661e-08
25.518943383881748,3.4091126383139733e-09,3.4091126383139733e-09,1.673148785751917e-07,8.6303924759584e-08
25.525910062392224,3.4091126383139733e-09,3.4091126383139733e-09,1.626644077426834e-07,8.871573201493354e-08
25.5328767409027,3.4091126383139733e-09,3.4091126383139733e-09,1.578528258785187e-07,9.106428385698288e-08
25.53984341941318,3.4091126383139733e-09,3.4091126383139733e-09,1.528973418176547e-07,9.333466957263766e-08
25.546810097923657,3.4091126383139733e-09,3.4091126383139733e-09,1.478165921400761e-07,9.55116970034531e-08
25.553776776434137,3.4091126383139733e-09,3.4091126383139733e-09,1.4263048487756137e-07,9.758007973145292e-08
25.560743454944614,3.4091126383139733e-09,3.4091126383139733e-09,1.373600114435812e-07,9.952464224933595e-08
25.56771013345509,3.4091126383139733e-09,3.4091126383139733e-09,1.3202702949811037e-07,1.0133053924343792e-07
25.574676811965574,3.4091126383139733e-09,3.4091126383139733e-09,1.2665402107565993e-07,1.0298348390831624e-07
25.58164349047605,3.4091126383139733e-09,3.4091126383139733e-09,1.2126382923406724e-07,1.0446998052026802e-07
25.588610168986527,3.4091126383139733e-09,3.4091126383139733e-09,1.15879380045807e-07,1.0577755479135164e-07
25.595576847497007,3.4091126383139733e-09,3.4091126383139733e-09,1.1052339650032911e-07,1.0689497583133942e-07
25.602543526007484,3.4091126383139733e-09,3.4091126383139733e-09,1.0521811017146228e-07,1.0781246289844662e-07
25.609510204517964,3.4091126383139733e-09,3.4091126383139733e-09,9.998497910871224e-08,1.085218706971364e-07
25.61647688302844,3.4091126383139733e-09,3.4091126383139733e-09,9.484442025267533e-08,1.0901684746276812e-07
25.623443561538917,3.4091126383139733e-09,3.4091126383139733e-09,8.981556129543252e-08,1.0929296001991789e-07
25.630410240049397,3.4091126383139733e-09,3.4091126383139733e-09,8.491602041112217e-08,1.0934778215527481e-07
25.637376918559873,3.4091126383139733e-09,3.4091126383139733e-09,8.016171876921518e-08,1.0918094307813496e-07
25.644343597070357,3.4091126383139733e-09,3.4091126383139733e-09,7.556673013529733e-08,1.0879413359869884e-07
25.651310275580833,3.4091126383139733e-09,3.4091126383139733e-09,7.114317128482976e-08,1.0819107130217895e-07
25.65827695409131,3.4091126383139733e-09,3.4091126383139733e-09,6.690113430801558e-08,1.0737742446317056e-07
25.66524363260179,3.4091126383139733e-09,3.4091126383139733e-09,6.284866131082382e-08,1.0636069817838167e-07
25.672210311112266,3.4091126383139733e-09,3.4091126383139733e-09,5.8991760056770947e-08,1.0515008660493487e-07
25.679176989622746,3.4091126383139733e-09,3.4091126383139733e-09,5.533445827458389e-08,1.0375629569686182e-07
25.686143668133223,3.4091126383139733e-09,3.4091126383139733e-09,5.187889243629327e-08,1.0219134308174072e-07
25.6931103466437,3.4091126383139733e-09,3.4091126383139733e-09,4.862542669764387e-08,1.004683407146422e-07
25.70007702515418,3.4091126383139733e-09,3.4091126383139733e-09,4.557279660720892e-08,9.860126706954062e-08
25.707043703664656,3.4091126383139733e-09,3.4091126383139733e-09,4.27182716506213e-08,9.660473541074291e-08
25.714010382175136,3.4091126383139733e-09,3.4091126383139733e-09,4.005783129888213e-08,9.449376412009038e-08
25.720977060685616,3.4091126383139733e-09,3.4091126383139733e-09,3.7586348450248855e-08,9.228355483979593e-08
25.727943739196093,3.4091126383139733e-09,3.4091126383139733e-09,3.52977749530615e-08,8.998928327209477e-08
25.734910417706573,3.4091126383139733e-09,3.4091126383139733e-09,3.31853247224267e-08,8.762590664961651e-08
25.74187709621705,3.4091126383139733e-09,3.4091126383139733e-09,3.12416498795215e-08,8.520799098573852e-08
25.748843774727526,3.4091126383139733e-09,3.4091126383139733e-09,2.9459006735965267e-08,8.274956038733789e-08
25.755810453238006,3.4091126383139733e-09,3.4091126383139733e-09,2.7829408842170976e-08,8.026396970902869e-08
25.762777131748482,3.4091126383139733e-09,3.4091126383139733e-09,2.6344765025599135e-08,7.776380082642445e-08
25.769743810258962,3.4091126383139733e-09,3.4091126383139733e-09,2.4997001435767765e-08,7.526078250760734e-08
25.77671048876944,3.4091126383139733e-09,3.4091126383139733e-09,2.3778166834948526e-08,7.276573269675785e-08
25.783677167279915,3.4091126383139733e-09,3.4091126383139733e-09,2.2680521209531608e-08,7.028852190026337e-08
25.7906438457904,3.4091126383139733e-09,3.4091126383139733e-09,2.1696608155580027e-08,6.783805590329792e-08
25.797610524300875,3.4091126383139733e-09,3.4091126383139733e-09,2.0819311875445423e-08,6.542227544068862e-08
25.804577202811355,3.4091126383139733e-09,3.4091126383139733e-09,2.004189994264952e-08,6.304817091560888e-08
25.811543881321832,3.4091126383139733e-09,3.4091126383139733e-09,1.935805315351449e-08,6.07218096253633e-08
25.81851055983231,3.4091126383139733e-09,3.4091126383139733e-09,1.8761883951453417e-08,5.844837325349316e-08
25.82547723834279,3.4091126383139733e-09,3.4091126383139733e-09,1.824794484121187e-08,5.6232203567731203e-08
25.832443916853265,3.4091126383139733e-09,3.4091126383139733e-09,1.781122835596528e-08,5.40768541358007e-08
25.83941059536374,3.4091126383139733e-09,3.4091126383139733e-09,1.744716002925339e-08,5.198514621955269e-08
25.84637727387422,3.4091126383139733e-09,3.4091126383139733e-09,1.715158562762563e-08,4.9959227310058767e-08
25.853343952384698,3.4091126383139733e-09,3.4091126383139733e-09,1.6920753977443814e-08,4.800063074553035e-08
25.86031063089518,3.4091126383139733e-09,3.4091126383139733e-09,1.6751296456377333e-08,4.6110335251353154e-08
25.867277309405658,3.4091126383139733e-09,3.4091126383139733e-09,1.664020409617176e-08,4.4288823384840586e-08
25.874243987916135,3.4091126383139733e-09,3.4091126383139733e-09,1.6584803243135437e-08,4.253613805346449e-08
25.881210666426615,3.4091126383139733e-09,3.4091126383139733e-09,1.658273038484085e-08,4.085193650461133e-08
25.88817734493709,3.4091126383139733e-09,3.4091126383139733e-09,1.66319068022498e-08,3.923554130137835e-08
25.89514402344757,3.4091126383139733e-09,3.4091126383139733e-09,1.673051351999665e-08,3.7685987973461154e-08
25.902110701958048,3.4091126383139733e-09,3.4091126383139733e-09,1.6876966910012764e-08,3.62020691352179e-08
25.909077380468524,3.4091126383139733e-09,3.4091126383139733e-09,1.706989526935779e-08,3.478237498254858e-08
25.916044058979004,3.4091126383139733e-09,3.4091126383139733e-09,1.730811657625707e-08,3.342533016388496e-08
25.92301073748948,3.4091126383139733e-09,3.4091126383139733e-09,1.7590617555487676e-08,3.2129227076054975e-08
25.929977415999964,3.4091126383139733e-09,3.4091126383139733e-09,1.7916534162576812e-08,3.089225571053215e-08
25.93694409451044,3.4091126383139733e-09,3.4091126383139733e-09,1.828513351830386e-08,2.9712530200636746e-08
25.943910773020917,3.4091126383139733e-09,3.4091126383139733e-09,1.8695797300809367e-08,2.8588112250791838e-08
25.950877451531397,3.4091126383139733e-09,3.4091126383139733e-09,1.9148006583184503e-08,2.751703166571595e-08
25.957844130041874,3.4091126383139733e-09,3.4091126383139733e-09,1.96413280569873e-08,2.6497304179051588e-08
25.96481080855235,3.4091126383139733e-09,3.4091126383139733e-09,2.0175401590297852e-08,2.552694681157539e-08
25.97177748706283,3.4091126383139733e-09,3.4091126383139733e-09,2.074992904385314e-08,2.4603990977504883e-08
25.978744165573307,3.4091126383139733e-09,3.4091126383139733e-09,2.1364664263393337e-08,2.372649354830125e-08
25.985710844083787,3.4091126383139733e-09,3.4091126383139733e-09,2.2019404166282778e-08,2.28925460833898e-08
25.992677522594263,3.4091126383139733e-09,3.4091126383139733e-09,2.2713980833967912e-08,2.2100282429792276e-08
25.999644201104744,3.4091126383139733e-09,3.4091126383139733e-09,2.3448254524569778e-08,2.134788486354629e-08
26.006610879615224,3.4091126383139733e-09,3.4091126383139733e-09,2.422210752319129e-08,2.063358895320221e-08
26.0135775581257,3.4091126383139733e-09,3.4091126383139733e-09,2.5035438746647095e-08,1.9955687302407385e-08
26.02054423663618,3.4091126383139733e-09,3.4091126383139733e-09,2.5888159027205277e-08,1.9312532314716003e-08
26.027510915146657,3.4091126383139733e-09,3.4091126383139733e-09,2.6780187008988087e-08,1.8702538110706674e-08
26.034477593657133,3.4091126383139733e-09,3.4091126383139733e-09,2.7711445579298835e-08,1.8124181725072523e-08
26.041444272167613,3.4091126383139733e-09,3.4091126383139733e-09,2.8681858779545474e-08,1.7576003683399495e-08
26.04841095067809,3.4091126383139733e-09,3.4091126383139733e-09,2.9691349140565293e-08,1.705660805572501e-08
26.05537762918857,3.4091126383139733e-09,3.4091126383139733e-09,3.073983538703319e-08,1.6564662074982723e-08
26.062344307699046,3.4091126383139733e-09,3.4091126383139733e-09,3.1827230461766945e-08,1.6098895395012975e-08
26.069310986209526,3.4091126383139733e-09,3.4091126383139733e-09,3.2953439829135156e-08,1.5658099053337802e-08
26.076277664720006,3.4091126383139733e-09,3.4091126383139733e-09,3.411836002482875e-08,1.5241124196452206e-08
26.083244343230483,3.4091126383139733e-09,3.4091126383139733e-09,3.5321877415725565e-08,1.4846880620477982e-08
26.09021102174096,3.4091126383139733e-09,3.4091126383139733e-09,3.656386711798007e-08,1.4474335173476848e-08
26.09717770025144,3.4091126383139733e-09,3.4091126383139733e-09,3.784419208022864e-08,1.4122510050766132e-08
26.104144378761916,3.4091126383139733e-09,3.4091126383139733e-09,3.9162702285029315e-08,1.3790481020878377e-08
26.111111057272396,3.4091126383139733e-09,3.4091126383139733e-09,4.051923405285611e-08,1.34773756096811e-08
26.118077735782872,3.4091126383139733e-09,3.4091126383139733e-09,4.1913609425525e-08,1.3182371266258377e-08
26.12504441429335,3.4091126383139733e-09,3.4091126383139733e-09,4.334563561396916e-08,1.2904693529562324e-08
26.13201109280383,3.4091126383139733e-09,3.4091126383139733e-09,4.4815104498594954e-08,1.264361421243871e-08
26.138977771314305,3.4091126383139733e-09,3.4091126383139733e-09,4.632179217353074e-08,1.2398449617502094e-08
26.14594444982479,3.4091126383139733e-09,3.4091126383139733e-09,4.786545850895622e-08,1.216855879847593e-08
26.152911128335266,3.4091126383139733e-09,3.4091126383139733e-09,4.944584671397281e-08,1.1953341874151978e-08
26.159877806845742,3.4091126383139733e-09,3.4091126383139733e-09,5.106268292574114e-08,1.1752238401397371e-08
26.166844485356222,3.4091126383139733e-09,3.4091126383139733e-09,5.271567578520278e-08,1.1564725814861267e-08
26.1738111638667,3.4091126383139733e-09,3.4091126383139733e-09,5.440451600382457e-08,1.139031793821068e-08
26.18077784237718,3.4091126383139733e-09,3.4091126383139733e-09,5.6128875909922803e-08,1.1228563570477387e-08
26.187744520887655,3.4091126383139733e-09,3.4091126383139733e-09,5.788840896985278e-08,1.1079045149333122e-08
26.19471119939813,3.4091126383139733e-09,3.4091126383139733e-09,5.968274928024482e-08,1.0941377492794944e-08
26.20167787790861,3.4091126383139733e-09,3.4091126383139733e-09,6.151151102815186e-08,1.0815206620628486e-08
26.208644556419088,3.4091126383139733e-09,3.4091126383139733e-09,6.337428791663865e-08,1.0700208656542902e-08
26.21561123492957,3.4091126383139733e-09,3.4091126383139733e-09,6.527065254473156e-08,1.0596088812445554e-08
26.22257791344005,3.4091126383139733e-09,3.4091126383139733e-09,6.720015571566998e-08,1.0502580453770125e-08
26.229544591950525,3.4091126383139733e-09,3.4091126383139733e-09,6.916232572610356e-08,1.04194442431619e-08
26.236511270461005,3.4091126383139733e-09,3.4091126383139733e-09,7.11566675831101e-08,1.034646736513113e-08
26.24347794897148,3.4091126383139733e-09,3.4091126383139733e-09,7.31826621644381e-08,1.0283462829633655e-08
26.250444627481958,3.4091126383139733e-09,3.4091126383139733e-09,7.523976531403377e-08,1.0230268854412147e-08
26.257411305992438,3.4091126383139733e-09,3.4091126383139733e-09,7.732740686929651e-08,1.0186748324890794e-08
26.264377984502914,3.4091126383139733e-09,3.4091126383139733e-09,7.94449896169479e-08,1.0152788330617141e-08
26.271344663013394,3.4091126383139733e-09,3.4091126383139733e-09,8.159188817433374e-08,1.0128299777491834e-08
26.27831134152387,3.4091126383139733e-09,3.4091126383139733e-09,8.376744779284244e-08,1.011321707528338e-08
26.28527802003435,3.4091126383139733e-09,3.4091126383139733e-09,8.597098308006068e-08,1.0107497900189372e-08
26.29224469854483,3.4091126383139733e-09,3.4091126383139733e-09,8.820177662822258e-08,1.0111123031603924e-08
26.299211377055308,3.4091126383139733e-09,3.4091126383139733e-09,9.04590775469747e-08,1.0124096261452875e-08
26.306178055565788,3.4091126383139733e-09,3.4091126383139733e-09,9.274209991334771e-08,1.0146444377454241e-08
26.313144734076264,3.4091126383139733e-09,3.4091126383139733e-09,9.505002111068572e-08,1.0178217218538613e-08
26.32011141258674,3.4091126383139733e-09,3.4091126383139733e-09,9.738198006321159e-08,1.0219487803150157e-08
26.32707809109722,3.4091126383139733e-09,3.4091126383139733e-09,9.973707536024889e-08,1.027035253002935e-08
26.334044769607697,3.4091126383139733e-09,3.4091126383139733e-09,1.021143632648094e-07,1.0330931451137725e-08
26.341011448118174,3.4091126383139733e-09,3.4091126383139733e-09,1.0451285560107318e-07,1.0401368616592148e-08
26.347978126628654,3.4091126383139733e-09,3.4091126383139733e-09,1.0693151751508994e-07,1.0481832491670267e-08
26.354944805139134,3.4091126383139733e-09,3.4091126383139733e-09,1.0936926510292686e-07,1.0572516446134072e-08
26.361911483649614,3.4091126383139733e-09,3.4091126383139733e-09,1.1182496290037918e-07,1.0673639316292185e-08
26.36887816216009,3.4091126383139733e-09,3.4091126383139733e-09,1.1429742122823931e-07,1.078544604038306e-08
26.375844840670567,3.4091126383139733e-09,3.4091126383139733e-09,1.1678539339187364e-07,1.0908208365063136e-08
26.382811519181047,3.4091126383139733e-09,3.4091126383139733e-09,1.192875727300139e-07,1.1042225618612139e-08
26.389778197691523,3.4091126383139733e-09,3.4091126383139733e-09,1.2180258949793987e-07,1.1187825563813531e-08
26.396744876202003,3.4091126383139733e-09,3.4091126383139733e-09,1.243290075886025e-07,1.1345365316375447e-08
26.40371155471248,3.4091126383139733e-09,3.4091126383139733e-09,1.2686532107911242e-07,1.1515232334297579e-08
26.410678233222956,3.4091126383139733e-09,3.4091126383139733e-09,1.2940995060871877e-07,1.1697845474935078e-08
26.417644911733436,3.4091126383139733e-09,3.4091126383139733e-09,1.3196123958242083e-07,1.1893656117649993e-08
26.424611590243913,3.4091126383139733e-09,3.4091126383139733e-09,1.3451745019456834e-07,1.2103149349561645e-08
26.431578268754397,3.4091126383139733e-09,3.4091126383139733e-09,1.3707675926726484e-07,1.2326845211374849e-08
26.438544947264873,3.4091126383139733e-09,3.4091126383139733e-09,1.396372538989171e-07,1.2565299999637088e-08
26.44551162577535,3.4091126383139733e-09,3.4091126383139733e-09,1.4219692691905013e-07,1.2819107621059785e-08
26.45247830428583,3.4091126383139733e-09,3.4091126383139733e-09,1.447536721666139e-07,1.3088900990667438e-08
26.459444982796306,3.4091126383139733e-09,3.4091126383139733e-09,1.4730527964838314e-07,1.3375353457082898e-08
26.466411661306783,3.4091126383139733e-09,3.4091126383139733e-09,1.4984943043660332e-07,1.3679180266484457e-08
26.473378339817263,3.4091126383139733e-09,3.4091126383139733e-09,1.5238369144571463e-07,1.4001140035431836e-08
26.48034501832774,3.4091126383139733e-09,3.4091126383139733e-09,1.5490551005244092e-07,1.4342036225631507e-08
26.48731169683822,3.4091126383139733e-09,3.4091126383139733e-09,1.5741220858056283e-07,1.470271860361695e-08
26.494278375348696,3.4091126383139733e-09,3.4091126383139733e-09,1.5990097866545169e-07,1.508408466630616e-08
26.501245053859176,3.4091126383139733e-09,3.4091126383139733e-09,1.623688755151468e-07,1.5487081010796452e-08
26.508211732369656,3.4091126383139733e-09,3.4091126383139733e-09,1.648128121160074e-07,1.5912704621608045e-08
26.515178410880132,3.4091126383139733e-09,3.4091126383139733e-09,1.6722955341362044e-07,1.6362004045131897e-08
26.522145089390612,3.4091126383139733e-09,3.4091126383139733e-09,1.6961571049209981e-07,1.6836080418137604e-08
26.52911176790109,3.4091126383139733e-09,3.4091126383139733e-09,1.7196773482362562e-07,1.733608830959412e-08
26.536078446411565,3.4091126383139733e-09,3.4091126383139733e-09,1.742819126415393e-07,1.786323633096095e-08
26.543045124922045,3.4091126383139733e-09,3.4091126383139733e-09,1.7655435949959055e-07,1.8418787463442218e-08
26.550011803432522,3.4091126383139733e-09,3.4091126383139733e-09,1.7878101509584712e-07,1.9004059044377345e-08
26.556978481943002,3.4091126383139733e-09,3.4091126383139733e-09,1.8095763847238075e-07,1.9620422347135296e-08
26.56394516045348,3.4091126383139733e-09,3.4091126383139733e-09,1.8307980366729374e-07,2.0269301680953752e-08
26.57091183896396,3.4091126383139733e-09,3.4091126383139733e-09,1.8514289595758784e-07,2.095217292923802e-08
26.57787851747444,3.4091126383139733e-09,3.4091126383139733e-09,1.871421088238929e-07,2.1670561435452318e-08
26.584845195984915,3.4091126383139733e-09,3.4091126383139733e-09,1.8907244178153004e-07,2.2426039135731988e-08
26.59181187449539,3.4091126383139733e-09,3.4091126383139733e-09,1.909286992573978e-07,2.3220220829262348e-08
26.59877855300587,3.4091126383139733e-09,3.4091126383139733e-09,1.9270549069665385e-07,2.405475946570891e-08
26.605745231516348,3.4091126383139733e-09,3.4091126383139733e-09,1.9439723210548163e-07,2.493134031985543e-08
26.612711910026828,3.4091126383139733e-09,3.4091126383139733e-09,1.9599814926365324e-07,2.5851673914493537e-08
26.619678588537305,3.4091126383139733e-09,3.4091126383139733e-09,1.975022828503456e-07,2.6817487541587332e-08
26.62664526704778,3.4091126383139733e-09,3.4091126383139733e-09,1.9890349575895858e-07,2.783051522668723e-08
26.63361194555826,3.4091126383139733e-09,3.4091126383139733e-09,2.0019548288552697e-07,2.8892485971431707e-08
26.64057862406874,3.4091126383139733e-09,3.4091126383139733e-09,2.013717837004073e-07,3.00051101070456e-08
26.64754530257922,3.4091126383139733e-09,3.4091126383139733e-09,2.0242579792625876e-07,3.117006358791625e-08
26.654511981089698,3.4091126383139733e-09,3.4091126383139733e-09,2.0335080465829218e-07,3.23889700571443e-08
26.661478659600174,3.4091126383139733e-09,3.4091126383139733e-09,2.0413998527160585e-07,3.366338052098113e-08
26.668445338110654,3.4091126383139733e-09,3.4091126383139733e-09,2.0478645046163037e-07,3.499475048073313e-08
26.67541201662113,3.4091126383139733e-09,3.4091126383139733e-09,2.0528327176097006e-07,3.638441438784999e-08
26.68237869513161,3.4091126383139733e-09,3.4091126383139733e-09,2.0562351785941065e-07,3.7833557314500945e-08
26.689345373642087,3.4091126383139733e-09,3.4091126383139733e-09,2.0580029603189623e-07,3.934318376467066e-08
26.696312052152564,3.4091126383139733e-09,3.4091126383139733e-09,2.0580679893856332e-07,4.091408359688899e-08
26.703278730663044,3.4091126383139733e-09,3.4091126383139733e-09,2.0563635701356452e-07,4.2546795083836636e-08
26.710245409173524,3.4091126383139733e-09,3.4091126383139733e-09,2.0528249658246564e-07,4.424156520498779e-08
26.717212087684,3.4091126383139733e-09,3.4091126383139733e-09,2.047390037669943e-07,4.5998307348000384e-08
26.72417876619448,3.4091126383139733e-09,3.4091126383139733e-09,2.0399999412306338e-07,4.781655669273801e-08
26.731145444704957,3.4091126383139733e-09,3.4091126383139733e-09,2.0305998782823705e-07,4.9695423661458526e-08
26.738112123215437,3.4091126383139733e-09,3.4091126383139733e-09,2.0191399008009764e-07,5.1633545944625914e-08
26.745078801725914,3.4091126383139733e-09,3.4091126383139733e-09,2.0055757618902145e-07,5.362903974850894e-08
26.75204548023639,3.4091126383139733e-09,3.4091126383139733e-09,1.9898698065998455e-07,5.5679451061757384e-08
26.75901215874687,3.4091126383139733e-09,3.4091126383139733e-09,1.971991893199778e-07,5.778170789382502e-08
26.765978837257347,3.4091126383139733e-09,3.4091126383139733e-09,1.9519203333514466e-07,5.993207460138866e-08
26.772945515767827,3.4091126383139733e-09,3.4091126383139733e-09,1.9296428369676517e-07,6.212610957752195e-08
26.779912194278303,3.4091126383139733e-09,3.4091126383139733e-09,1.905157445231132e-07,6.435862773310425e-08
26.786878872788783,3.4091126383139733e-09,3.4091126383139733e-09,1.8784734325758126e-07,6.66236693319653e-08
26.793845551299263,3.4091126383139733e-09,3.4091126383139733e-09,1.8496121563548866e-07,6.891447685350199e-08
26.80081222980974,3.4091126383139733e-09,3.4091126383139733e-09,1.8186078306606857e-07,7.122348162355192e-08
26.80777890832022,3.4091126383139733e-09,3.4091126383139733e-09,1.7855081995992703e-07,7.354230200630457e-08
26.814745586830696,3.4091126383139733e-09,3.4091126383139733e-09,1.7503750835570545e-07,7.58617548531864e-08
26.821712265341173,3.4091126383139733e-09,3.4091126383139733e-09,1.7132847725223116e-07,7.817188190588503e-08
26.828678943851653,3.4091126383139733e-09,3.4091126383139733e-09,1.6743282406593184e-07,8.046199251633837e-08
26.83564562236213,3.4091126383139733e-09,3.4091126383139733e-09,1.633611157763652e-07,8.27207239456941e-08
26.842612300872606,3.4091126383139733e-09,3.4091126383139733e-09,1.5912536762479813e-07,8.493612009746602e-08
26.849578979383086,3.4091126383139733e-09,3.4091126383139733e-09,1.5473899765063487e-07,8.709572885528501e-08
26.856545657893566,3.4091126383139733e-09,3.4091126383139733e-09,1.5021675566643256e-07,8.918671815940067e-08
26.863512336404046,3.4091126383139733e-09,3.4091126383139733e-09,1.4557462619219754e-07,9.11960098412833e-08
26.870479014914523,3.4091126383139733e-09,3.4091126383139733e-09,1.40829705554024e-07,9.31104297466891e-08
26.877445693425,3.4091126383139733e-09,3.4091126383139733e-09,1.3600005336909734e-07,9.491687237897054e-08
26.88441237193548,3.4091126383139733e-09,3.4091126383139733e-09,1.3110452073106489e-07,9.660247697370723e-08
26.891379050445956,3.4091126383139733e-09,3.4091126383139733e-09,1.2616255791692002e-07,9.815481137075304e-08
26.898345728956436,3.4091126383139733e-09,3.4091126383139733e-09,1.211940039266088e-07,9.956206017172931e-08
26.905312407466912,3.4091126383139733e-09,3.4091126383139733e-09,1.1621886307457676e-07,1.0081321225961368e-07
26.91227908597739,3.4091126383139733e-09,3.4091126383139733e-09,1.1125707331051411e-07,1.0189824304031702e-07
26.91924576448787,3.4091126383139733e-09,3.4091126383139733e-09,1.0632827060551679e-07,1.0280828624869207e-07
26.92621244299835,3.4091126383139733e-09,3.4091126383139733e-09,1.0145155617725122e-07,1.0353579052418214e-07
26.93317912150883,3.4091126383139733e-09,3.4091126383139733e-09,9.664527234851974e-08,1.0407465610682283e-07
26.940145800019305,3.4091126383139733e-09,3.4091126383139733e-09,9.192679142778083e-08,1.0442034714157217e-07
26.94711247852978,3.4091126383139733e-09,3.4091126383139733e-09,8.731232408958271e-08,1.0456997641696508e-07
26.954079157040262,3.4091126383139733e-09,3.4091126383139733e-09,8.281675139220383e-08,1.0452235961310575e-07
26.96104583555074,3.4091126383139733e-09,3.4091126383139733e-09,7.845348418183806e-08,1.0427803685836473e-07
26.968012514061215,3.4091126383139733e-09,3.4091126383139733e-09,7.423435342746695e-08,1.0383926199601092e-07
26.974979192571695,3.4091126383139733e-09,3.4091126383139733e-09,7.016953278375356e-08,1.0320995871114748e-07
26.98194587108217,3.4091126383139733e-09,3.4091126383139733e-09,6.626749458680136e-08,1.0239564570316708e-07
26.98891254959265,3.4091126383139733e-09,3.4091126383139733e-09,6.25349988076745e-08,1.0140333331297363e-07
26.99587922810313,3.4091126383139733e-09,3.4091126383139733e-09,5.897711391396753e-08,1.0024139438625477e-07
27.002845906613608,3.4091126383139733e-09,3.4091126383139733e-09,5.559726706669426e-08,9.89194141463123e-08
27.009812585124088,3.4091126383139733e-09,3.4091126383139733e-09,5.239732076328556e-08,9.74480232290572e-08
27.016779263634565,3.4091126383139733e-09,3.4091126383139733e-09,4.93776723186704e-08,9.583871871344025e-08
27.023745942145045,3.4091126383139733e-09,3.4091126383139733e-09,4.6537371790878326e-08,9.410367838269136e-08
27.03071262065552,3.4091126383139733e-09,3.4091126383139733e-09,4.387425434332891e-08,9.225557288539124e-08
27.037679299165998,3.4091126383139733e-09,3.4091126383139733e-09,4.138508245150925e-08,9.030738051328499e-08
27.044645977676478,3.4091126383139733e-09,3.4091126383139733e-09,3.906569346173991e-08,8.827220882619264e-08
27.051612656186954,3.4091126383139733e-09,3.4091126383139733e-09,3.6911148928930366e-08,8.61631266326659e-08
27.058579334697434,3.4091126383139733e-09,3.4091126383139733e-09,3.4915881694223695e-08,8.399300938582618e-08
27.06554601320791,3.4091126383139733e-09,3.4091126383139733e-09,3.3073837766358214e-08,8.177440030963068e-08
27.07251269171839,3.4091126383139733e-09,3.4091126383139733e-09,3.137861042196023e-08,7.951938895654235e-08
27.07947937022887,3.4091126383139733e-09,3.4091126383139733e-09,2.982356418344365e-08,7.72395079468454e-08
27.086446048739347,3.4091126383139733e-09,3.4091126383139733e-09,2.8401947521182984e-08,7.494564848935105e-08
27.093412727249824,3.4091126383139733e-09,3.4091126383139733e-09,2.71069930604755e-08,7.26479942805522e-08
27.100379405760304,3.4091126383139733e-09,3.4091126383139733e-09,2.5932004877330364e-08,7.035597312718619e-08
27.10734608427078,3.4091126383139733e-09,3.4091126383139733e-09,2.4870432833506767e-08,6.807822539817214e-08
27.11431276278126,3.4091126383139733e-09,3.4091126383139733e-09,2.3915934165470867e-08,6.58225876057038e-08
27.121279441291737,3.4091126383139733e-09,3.4091126383139733e-09,2.3062422983100258e-08,6.359608983801604e-08
27.128246119802213,3.4091126383139733e-09,3.4091126383139733e-09,2.2304108433908774e-08,6.140496522253754e-08
27.135212798312693,3.4091126383139733e-09,3.4091126383139733e-09,2.1635522538926495e-08,5.9254669616346456e-08
27.142179476823173,3.4091126383139733e-09,3.4091126383139733e-09,2.1051538733717218e-08,5.714990987625973e-08
27.149146155333653,3.4091126383139733e-09,3.4091126383139733e-09,2.054738220778299e-08,5.5094679034312357e-08
27.15611283384413,3.4091126383139733e-09,3.4091126383139733e-09,2.011863327759493e-08,5.3092296584916416e-08
27.163079512354606,3.4091126383139733e-09,3.4091126383139733e-09,1.9761224755047412e-08,5.114545270303954e-08
27.170046190865087,3.4091126383139733e-09,3.4091126383139733e-09,1.9471434431896652e-08,4.925625489154285e-08
27.177012869375563,3.4091126383139733e-09,3.4091126383139733e-09,1.9245873662803998e-08,4.7426275948797314e-08
27.183979547886043,3.4091126383139733e-09,3.4091126383139733e-09,1.9081472879775557e-08,4.5656602281500305e-08
27.19094622639652,3.4091126383139733e-09,3.4091126383139733e-09,1.8975464798840526e-08,4.39478817142122e-08
27.197912904906996,3.4091126383139733e-09,3.4091126383139733e-09,1.8925366170693447e-08,4.230037006145993e-08
27.204879583417476,3.4091126383139733e-09,3.4091126383139733e-09,1.8928958466343618e-08,4.0713975987775775e-08
27.211846261927956,3.4091126383139733e-09,3.4091126383139733e-09,1.8984268127410887e-08,3.9188303683041605e-08
27.218812940438433,3.4091126383139733e-09,3.4091126383139733e-09,1.9089546771674942e-08,3.7722693068721276e-08
27.225779618948913,3.4091126383139733e-09,3.4091126383139733e-09,1.924325166977333e-08,3.631625732402544e-08
27.23274629745939,3.4091126383139733e-09,3.4091126383139733e-09,1.9444026768274004e-08,3.496791760670454e-08
27.23971297596987,3.4091126383139733e-09,3.4091126383139733e-09,1.9690684494447644e-08,3.367643493637042e-08
27.246679654480346,3.4091126383139733e-09,3.4091126383139733e-09,1.998218843710664e-08,3.244043923284517e-08
27.253646332990822,3.4091126383139733e-09,3.4091126383139733e-09,2.0317637045369795e-08,3.125845558013382e-08
27.260613011501302,3.4091126383139733e-09,3.4091126383139733e-09,2.0696248396770212e-08,3.012892781180279e-08
27.26757969001178,3.4091126383139733e-09,3.4091126383139733e-09,2.1117346055793538e-08,2.9050239533371825e-08
27.27454636852226,3.4091126383139733e-09,3.4091126383139733e-09,2.1580346040073248e-08,2.8020732733229558e-08
27.28151304703274,3.4091126383139733e-09,3.4091126383139733e-09,2.2084744875326534e-08,2.703872414175367e-08
27.288479725543215,3.4091126383139733e-09,3.4091126383139733e-09,2.2630108696945084e-08,2.6102519491856363e-08
27.295446404053695,3.4091126383139733e-09,3.4091126383139733e-09,2.321606336432772e-08,2.52104258584215e-08
27.302413082564172,3.4091126383139733e-09,3.4091126383139733e-09,2.3842285530443118e-08,2.436076224199186e-08
27.309379761074652,3.4091126383139733e-09,3.4091126383139733e-09,2.4508494606090123e-08,2.3551868554494114e-08
27.31634643958513,3.4091126383139733e-09,3.4091126383139733e-09,2.5214445560088945e-08,2.2782113162887137e-08
27.323313118095605,3.4091126383139733e-09,3.4091126383139733e-09,2.5959922492214115e-08,2.2049899156190298e-08
27.330279796606085,3.4091126383139733e-09,3.4091126383139733e-09,2.6744732911545597e-08,2.1353669453845574e-08
27.33724647511656,3.4091126383139733e-09,3.4091126383139733e-09,2.756870266285677e-08,2.0691910900669355e-08
27.344213153627038,3.4091126383139733e-09,3.4091126383139733e-09,2.8431671438690265e-08,2.0063157468049025e-08
27.35117983213752,3.4091126383139733e-09,3.4091126383139733e-09,2.933348881812474e-08,1.946599267291283e-08
27.358146510647998,3.4091126383139733e-09,3.4091126383139733e-09,3.027401078084075e-08,1.889905131382808e-08
27.36511318915848,3.4091126383139733e-09,3.4091126383139733e-09,3.125309665182224e-08,1.8361020615369636e-08
27.372079867668955,3.4091126383139733e-09,3.4091126383139733e-09,3.227060641439618e-08,1.7850640876567626e-08
27.37904654617943,3.4091126383139733e-09,3.4091126383139733e-09,3.3326398358713223e-08,1.7366705686274678e-08
27.38601322468991,3.4091126383139733e-09,3.4091126383139733e-09,3.4420327027130804e-08,1.6908061774872226e-08
27.392979903200388,3.4091126383139733e-09,3.4091126383139733e-09,3.5552241416201696e-08,1.6473608565964317e-08
27.399946581710868,3.4091126383139733e-09,3.4091126383139733e-09,3.672198340025923e-08,1.6062297480379027e-08
27.406913260221344,3.4091126383139733e-09,3.4091126383139733e-09,3.7929386346547753e-08,1.5673131038033658e-08
27.41387993873182,3.4091126383139733e-09,3.4091126383139733e-09,3.9174273898132375e-08,1.5305161797686908e-08
27.4208466172423,3.4091126383139733e-09,3.4091126383139733e-09,4.045645890597405e-08,1.4957491170219927e-08
27.42781329575278,3.4091126383139733e-09,3.4091126383139733e-09,4.177574247729103e-08,1.4629268140823695e-08
27.43477997426326,3.4091126383139733e-09,3.4091126383139733e-09,4.3131913106708874e-08,1.4319687927019496e-08
27.441746652773737,3.4091126383139733e-09,3.4091126383139733e-09,4.452474591231219e-08,1.4027990587536549e-08
27.448713331284214,3.4091126383139733e-09,3.4091126383139733e-09,4.595400192711876e-08,1.3753459610759477e-08
27.455680009794694,3.4091126383139733e-09,3.4091126383139733e-09,4.7419427443509114e-08,1.3495420497002348e-08
27.46264668830517,3.4091126383139733e-09,3.4091126383139733e-09,4.892075339456146e-08,1.3253239349241698e-08
27.469613366815647,3.4091126383139733e-09,3.4091126383139733e-09,5.045769476261337e-08,1.3026321483781682e-08
27.476580045326127,3.4091126383139733e-09,3.4091126383139733e-09,5.202995000741343e-08,1.2814110070942917e-08
27.483546723836604,3.4091126383139733e-09,3.4091126383139733e-09,5.363720050732296e-08,1.2616084814746664e-08
27.490513402347084,3.4091126383139733e-09,3.4091126383139733e-09,5.527910998814971e-08,1.2431760680889127e-08
27.497480080857564,3.4091126383139733e-09,3.4091126383139733e-09,5.695532394809541e-08,1.2260686674842287e-08
27.50444675936804,3.4091126383139733e-09,3.4091126383139733e-09,5.866546907295917e-08,1.2102444676065298e-08
27.51141343787852,3.4091126383139733e-09,3.4091126383139733e-09,6.040915262676806e-08,1.1956648332713355e-08
27.518380116388997,3.4091126383139733e-09,3.4091126383139733e-09,6.218596181550801e-08,1.1822942019492505e-08
27.525346794899477,3.4091126383139733e-09,3.4091126383139733e-09,6.399546311806709e-08,1.1700999860511094e-08
27.532313473409953,3.4091126383139733e-09,3.4091126383139733e-09,6.583720158054283e-08,1.1590524818481665e-08
27.53928015192043,3.4091126383139733e-09,3.4091126383139733e-09,6.771070007060864e-08,1.1491247851489731e-08
27.54624683043091,3.4091126383139733e-09,3.4091126383139733e-09,6.961545848773901e-08,1.1402927138542301e-08
27.553213508941386,3.4091126383139733e-09,3.4091126383139733e-09,7.155095291473562e-08,1.1325347374864768e-08
27.560180187451866,3.4091126383139733e-09,3.4091126383139733e-09,7.351663472144789e-08,1.125831913550038e-08
27.567146865962346,3.4091126383139733e-09,3.4091126383139733e-09,7.551192960895961e-08,1.120167830834088e-08
27.574113544472823,3.4091126383139733e-09,3.4091126383139733e-09,7.753623659102107e-08,1.1155285596270239e-08
27.581080222983303,3.4091126383139733e-09,3.4091126383139733e-09,7.95889269086171e-08,1.111902608851745e-08
27.58804690149378,3.4091126383139733e-09,3.4091126383139733e-09,8.166934287377207e-08,1.1092808900621243e-08
27.595013580004256,3.4091126383139733e-09,3.4091126383139733e-09,8.377679663918926e-08,1.107656688251015e-08
27.601980258514736,3.4091126383139733e-09,3.4091126383139733e-09,8.591056889026038e-08,1.1070256394387958e-08
27.608946937025213,3.4091126383139733e-09,3.4091126383139733e-09,8.80699074559617e-08,1.1073857150307042e-08
27.615913615535693,3.4091126383139733e-09,3.4091126383139733e-09,9.025402583372555e-08,1.1087372129389206e-08
27.62288029404617,3.4091126383139733e-09,3.4091126383139733e-09,9.246210161697252e-08,1.1110827553499306e-08
27.629846972556646,3.4091126383139733e-09,3.4091126383139733e-09,9.469327483669846e-08,1.1144272931680989e-08
27.63681365106713,3.4091126383139733e-09,3.4091126383139733e-09,9.694664620090407e-08,1.1187781170548728e-08
27.643780329577606,3.4091126383139733e-09,3.4091126383139733e-09,9.922127522908762e-08,1.1241448750614722e-08
27.650747008088086,3.4091126383139733e-09,3.4091126383139733e-09,1.0151617828024476e-07,1.1305395968440525e-08
27.657713686598562,3.4091126383139733e-09,3.4091126383139733e-09,1.0383032646958486e-07,1.1379767243922831e-08
27.66468036510904,3.4091126383139733e-09,3.4091126383139733e-09,1.0616264346923142e-07,1.1464731492129343e-08
27.67164704361952,3.4091126383139733e-09,3.4091126383139733e-09,1.0851200318804975e-07,1.1560482559191771e-08
27.678613722129995,3.4091126383139733e-09,3.4091126383139733e-09,1.1087722732576508e-07,1.1667239721839396e-08
27.685580400640475,3.4091126383139733e-09,3.4091126383139733e-09,1.1325708279654025e-07,1.1785248250213037e-08
27.692547079150952,3.4091126383139733e-09,3.4091126383139733e-09,1.1565027901718569e-07,1.1914780033634413e-08
27.69951375766143,3.4091126383139733e-09,3.4091126383139733e-09,1.1805546506233788e-07,1.205613426671687e-08
27.70648043617191,3.4091126383139733e-09,3.4091126383139733e-09,1.2047122668760244e-07,1.220963819089581e-08
27.71344711468239,3.4091126383139733e-09,3.4091126383139733e-09,1.2289608319377364e-07,1.2375647899596415e-08
27.720413793192865,3.4091126383139733e-09,3.4091126383139733e-09,1.2532848415254164e-07,1.2554549195138472e-08
27.727380471703345,3.4091126383139733e-09,3.4091126383139733e-09,1.277668059806567e-07,1.2746758499032262e-08
27.73434715021382,3.4091126383139733e-09,3.4091126383139733e-09,1.302093483694574e-07,1.2952723811170497e-08
27.7413138287243,3.4091126383139733e-09,3.4091126383139733e-09,1.3265433056767126e-07,1.3172925713593859e-08
27.748280507234778,3.4091126383139733e-09,3.4091126383139733e-09,1.3509988751579624e-07,1.3407878413864858e-08
27.755247185745255,3.4091126383139733e-09,3.4091126383139733e-09,1.3754406583115275e-07,1.3658130822313368e-08
27.762213864255735,3.4091126383139733e-09,3.4091126383139733e-09,1.3998481964345337e-07,1.3924267656526309e-08
27.76918054276621,3.4091126383139733e-09,3.4091126383139733e-09,1.4242000629159053e-07,1.4206910564511244e-08
27.77614722127669,3.4091126383139733e-09,3.4091126383139733e-09,1.448473819384789e-07,1.4506719251295955e-08
27.78311389978717,3.4091126383139733e-09,3.4091126383139733e-09,1.472645970158704e-07,1.4824392605789178e-08
27.790080578297648,3.4091126383139733e-09,3.4091126383139733e-09,1.496691915835405e-07,1.5160669808054906e-08
27.797047256808128,3.4091126383139733e-09,3.4091126383139733e-09,1.5205859060178633e-07,1.5516331402443526e-08
27.804013935318604,3.4091126383139733e-09,3.4091126383139733e-09,1.5443009914136893e-07,1.5892200317884763e-08
27.810980613829084,3.4091126383139733e-09,3.4091126383139733e-09,1.5678089755292823e-07,1.628914281352828e-08
27.81794729233956,3.4091126383139733e-09,3.4091126383139733e-09,1.5910803661842375e-07,1.6708069325165535e-08
27.824913970850037,3.4091126383139733e-09,3.4091126383139733e-09,1.6140843271384373e-07,1.7149935184609442e-08
27.831880649360517,3.4091126383139733e-09,3.4091126383139733e-09,1.6367886306867552e-07,1.7615741179029248e-08
27.838847327870994,3.4091126383139733e-09,3.4091126383139733e-09,1.6591596111996293e-07,1.810653391377552e-08
27.84581400638147,3.4091126383139733e-09,3.4091126383139733e-09,1.6811621203237007e-07,1.8623405937951235e-08
27.852780684891954,3.4091126383139733e-09,3.4091126383139733e-09,1.7027594846044473e-07,1.9167495585975422e-08
27.85974736340243,3.4091126383139733e-09,3.4091126383139733e-09,1.7239134661686308e-07,1.9739986483057754e-08
