l_a,n_a,l_b,n_b,l_c,n_c,omega_a,omega_b,omega_c,delta,abs_delta_over_omega_a,n_m
0,9,0,1,0,6,-0.0026068407810123807,0.000738948454077827,0.0018886592089966776,2.076688206212405e-05,0.007966302435263852,1
0,10,0,1,0,7,-0.002860347040788969,0.000738948454077827,0.0021204201710575787,-9.784156535632207e-07,0.00034206186858128394,1
0,11,0,1,0,8,-0.0031193002476985927,0.000738948454077827,0.002359676960396333,-2.0674833224432632e-05,0.0066280356434705,1
0,6,0,2,0,2,-0.0018886592089966776,0.0009538753378151529,0.0009538753378151529,1.9091466633628165e-05,0.010108476183890384,1
0,7,0,2,0,3,-0.0021204201710575787,0.0009538753378151529,0.0011860096719051476,1.9464838662721588e-05,0.0091797083089496,1
0,8,0,2,0,4,-0.002359676960396333,0.0009538753378151529,0.00142210207358038,1.63004509991997e-05,0.0069079163261660465,1
0,9,0,2,0,5,-0.0026068407810123807,0.0009538753378151529,0.0016579761203197167,5.010677122488892e-06,0.0019221262606391207,1
0,10,0,2,0,6,-0.002860347040788969,0.0009538753378151529,0.0018886592089966776,-1.781249397713857e-05,0.006227389097591932,1
0,8,0,3,0,3,-0.002359676960396333,0.0011860096719051476,0.0011860096719051476,1.2342383413962293e-05,0.0052305394429452996,1
0,9,0,3,0,4,-0.0026068407810123807,0.0011860096719051476,0.00142210207358038,1.2709644731470106e-06,0.0004875497124352277,1
0,10,0,3,0,5,-0.002860347040788969,0.0011860096719051476,0.0016579761203197167,-1.6361248564104956e-05,0.005720022196884206,1
0,10,0,4,0,4,-0.002860347040788969,0.00142210207358038,0.00142210207358038,-1.6142893628208997e-05,0.005643683580351951,1
0,17,0,7,0,9,-0.004706014722882456,0.0021204201710575787,0.0026068407810123807,2.1246229187503983e-05,0.004514696710190181,1
0,18,0,7,0,10,-0.0049693743676990434,0.0021204201710575787,0.002860347040788969,1.1392844147504327e-05,0.0022926113640296185,1
0,19,0,7,0,11,-0.005233627846213401,0.0021204201710575787,0.0031193002476985927,6.0925725427710825e-06,0.0011641203237595771,1
0,20,0,7,0,12,-0.005499828254476584,0.0021204201710575787,0.003382501686215069,3.0936027960639517e-06,0.000562490800243792,1
0,17,0,8,0,8,-0.004706014722882456,0.002359676960396333,0.002359676960396333,1.3339197910210154e-05,0.0028344998253723767,1
0,18,0,8,0,9,-0.0049693743676990434,0.002359676960396333,0.0026068407810123807,-2.8566262903293588e-06,0.0005748462641288293,1
0,19,0,8,0,10,-0.005233627846213401,0.002359676960396333,0.002860347040788969,-1.3603845028098763e-05,0.0025993145534681694,1
0,20,0,8,0,11,-0.005499828254476584,0.002359676960396333,0.0031193002476985927,-2.0851046381657745e-05,0.0037912177284237995,1
0,19,0,9,0,9,-0.005233627846213401,0.0026068407810123807,0.0026068407810123807,-1.9946284188639488e-05,0.00381117740403932,1
0,1,1,-15,1,-2,-0.000738948454077827,0.00010578880168925861,0.0006023269048774995,-3.0832747511068946e-05,0.041725166810920214,3
0,1,1,-14,1,-2,-0.000738948454077827,0.00011436477230035796,0.0006023269048774995,-2.2256776899969607e-05,0.03011952562746074,3
0,8,1,-14,1,7,-0.002359676960396333,0.00011436477230035796,0.002215705167770865,-2.9607020325110155e-05,0.012547065052555897,3
0,9,1,-14,1,8,-0.0026068407810123807,0.00011436477230035796,0.0024629844882008973,-2.94915205111255e-05,0.011313126879836639,3
0,10,1,-14,1,9,-0.002860347040788969,0.00011436477230035796,0.00271575402351329,-3.0228244975321044e-05,0.010568034068685313,3
0,1,1,-13,1,-2,-0.000738948454077827,0.00012421068509566594,0.0006023269048774995,-1.2410864104661656e-05,0.016795304241010736,3
0,4,1,-13,1,3,-0.00142210207358038,0.00012421068509566594,0.0012725407985733764,-2.53505899113376e-05,0.017826139475004946,3
0,6,1,-13,1,5,-0.0018886592089966776,0.00012421068509566594,0.001734103264389586,-3.0345259511425568e-05,0.016067091070149198,3
0,7,1,-13,1,6,-0.0021204201710575787,0.00012421068509566594,0.0019747070189232627,-2.1502467038650008e-05,0.010140663313877767,3
0,8,1,-13,1,7,-0.002359676960396333,0.00012421068509566594,0.002215705167770865,-1.9761107529801987e-05,0.008374496959313828,3
0,9,1,-13,1,8,-0.0026068407810123807,0.00012421068509566594,0.0024629844882008973,-1.964560771581733e-05,0.007536174767140114,3
0,10,1,-13,1,9,-0.002860347040788969,0.00012421068509566594,0.00271575402351329,-2.0382332180012876e-05,0.007125824904935598,3
0,11,1,-13,1,10,-0.0031193002476985927,0.00012421068509566594,0.002973321972018305,-2.17675905846218e-05,0.006978356957039272,3
0,12,1,-13,1,11,-0.003382501686215069,0.00012421068509566594,0.003235253388057165,-2.3037613062238185e-05,0.006810820865551932,3
0,13,1,-13,1,12,-0.0036476888013760762,0.00012421068509566594,0.003499927798231137,-2.3550318049273336e-05,0.006456230049117422,3
0,14,1,-13,1,13,-0.003913251472813672,0.00012421068509566594,0.003765557199999308,-2.3483587718698285e-05,0.006001042325504657,3
0,15,1,-13,1,14,-0.004178287363000028,0.00012421068509566594,0.004030932427920738,-2.3144249983624195e-05,0.005539171429082016,3
0,16,1,-13,1,15,-0.004442519754188167,0.00012421068509566594,0.004295690809337045,-2.261825975545615e-05,0.005091313265210106,3
0,17,1,-13,1,16,-0.004706014722882456,0.00012421068509566594,0.00455968102508798,-2.2123012698810514e-05,0.0047010079656657055,3
0,18,1,-13,1,17,-0.0049693743676990434,0.00012421068509566594,0.004823167543880964,-2.1996138722413586e-05,0.004426339634499786,3
0,19,1,-13,1,18,-0.005233627846213401,0.00012421068509566594,0.005087181893000314,-2.2235268117421284e-05,0.004248538255066951,3
0,20,1,-13,1,19,-0.005499828254476584,0.00012421068509566594,0.0053527772990706515,-2.284027031026689e-05,0.0041529061005997885,3
0,1,1,-12,1,-2,-0.000738948454077827,0.0001317052176195001,0.0006023269048774995,-4.916331580827457e-06,0.006653145498440494,3
0,4,1,-12,1,3,-0.00142210207358038,0.0001317052176195001,0.0012725407985733764,-1.7856057387503508e-05,0.012556101083903136,3
0,6,1,-12,1,5,-0.0018886592089966776,0.0001317052176195001,0.001734103264389586,-2.2850726987591477e-05,0.012098914869734806,3
0,7,1,-12,1,6,-0.0021204201710575787,0.0001317052176195001,0.0019747070189232627,-1.40079345148157e-05,0.006606206970682191,3
0,8,1,-12,1,7,-0.002359676960396333,0.0001317052176195001,0.002215705167770865,-1.226657500596768e-05,0.005198412838640158,3
0,9,1,-12,1,8,-0.0026068407810123807,0.0001317052176195001,0.0024629844882008973,-1.2151075191983024e-05,0.0046612264471572705,3
0,10,1,-12,1,9,-0.002860347040788969,0.0001317052176195001,0.00271575402351329,-1.2887799656178568e-05,0.0045056769239524615,3
0,11,1,-12,1,10,-0.0031193002476985927,0.0001317052176195001,0.002973321972018305,-1.4273058060787491e-05,0.0045757243379562764,3
0,12,1,-12,1,11,-0.003382501686215069,0.0001317052176195001,0.003235253388057165,-1.5543080538403878e-05,0.004595143470806715,3
0,13,1,-12,1,12,-0.0036476888013760762,0.0001317052176195001,0.003499927798231137,-1.605578552543903e-05,0.00440163248558431,3
0,14,1,-12,1,13,-0.003913251472813672,0.0001317052176195001,0.003765557199999308,-1.5989055194863978e-05,0.004085874701879985,3
0,15,1,-12,1,14,-0.004178287363000028,0.0001317052176195001,0.004030932427920738,-1.5649717459789887e-05,0.0037454861526214716,3
0,16,1,-12,1,15,-0.004442519754188167,0.0001317052176195001,0.004295690809337045,-1.5123727231621843e-05,0.0034043128828777887,3
0,17,1,-12,1,16,-0.004706014722882456,0.0001317052176195001,0.00455968102508798,-1.4628480174976206e-05,0.003108464600386162,3
0,18,1,-12,1,17,-0.0049693743676990434,0.0001317052176195001,0.004823167543880964,-1.4501606198579278e-05,0.002918195556535202,3
0,19,1,-12,1,18,-0.005233627846213401,0.0001317052176195001,0.005087181893000314,-1.4740735593586976e-05,0.002816542564112978,3
0,20,1,-12,1,19,-0.005499828254476584,0.0001317052176195001,0.0053527772990706515,-1.5345737786432584e-05,0.0027902212717173347,3
0,1,1,-11,1,-2,-0.000738948454077827,0.00014098639381203223,0.0006023269048774995,4.36484461170466e-06,0.005906832320465141,3
0,4,1,-11,1,3,-0.00142210207358038,0.00014098639381203223,0.0012725407985733764,-8.574881194971283e-06,0.0060297227282585875,3
0,5,1,-11,1,4,-0.0016579761203197167,0.00014098639381203223,0.0014878228371177796,-2.916688938990478e-05,0.017591863376343664,3
0,6,1,-11,1,5,-0.0018886592089966776,0.00014098639381203223,0.001734103264389586,-1.3569550795059252e-05,0.007184753464479109,3
0,7,1,-11,1,6,-0.0021204201710575787,0.00014098639381203223,0.0019747070189232627,-4.726758322283909e-06,0.0022291611760731343,3
0,8,1,-11,1,7,-0.002359676960396333,0.00014098639381203223,0.002215705167770865,-2.9853988134358883e-06,0.0012651726755574452,3
0,9,1,-11,1,8,-0.0026068407810123807,0.00014098639381203223,0.0024629844882008973,-2.8698989994512328e-06,0.0011009107346927004,3
0,10,1,-11,1,9,-0.002860347040788969,0.00014098639381203223,0.00271575402351329,-3.606623463646777e-06,0.0012609041533127962,3
0,11,1,-11,1,10,-0.0031193002476985927,0.00014098639381203223,0.002973321972018305,-4.9918818682557e-06,0.0016003210566019384,3
0,12,1,-11,1,11,-0.003382501686215069,0.00014098639381203223,0.003235253388057165,-6.261904345872087e-06,0.0018512642200273354,3
0,13,1,-11,1,12,-0.0036476888013760762,0.00014098639381203223,0.003499927798231137,-6.774609332907237e-06,0.0018572333611221283,3
0,14,1,-11,1,13,-0.003913251472813672,0.00014098639381203223,0.003765557199999308,-6.707879002331753e-06,0.001714144631116362,3
0,15,1,-11,1,14,-0.004178287363000028,0.00014098639381203223,0.004030932427920738,-6.368541267257229e-06,0.0015241989633486073,3
0,16,1,-11,1,15,-0.004442519754188167,0.00014098639381203223,0.004295690809337045,-5.842551039089185e-06,0.001315143513674001,3
0,17,1,-11,1,16,-0.004706014722882456,0.00014098639381203223,0.00455968102508798,-5.347303982443548e-06,0.0011362701345669186,3
0,18,1,-11,1,17,-0.0049693743676990434,0.00014098639381203223,0.004823167543880964,-5.22043000604662e-06,0.001050520572565319,3
0,19,1,-11,1,18,-0.005233627846213401,0.00014098639381203223,0.005087181893000314,-5.4595594010543175e-06,0.001043169205277823,3
0,20,1,-11,1,19,-0.005499828254476584,0.00014098639381203223,0.0053527772990706515,-6.064561593899925e-06,0.0011026819953811606,3
0,1,1,-10,1,-2,-0.000738948454077827,0.00015689169501995108,0.0006023269048774995,2.0270145819623595e-05,0.02743106871360843,3
0,4,1,-10,1,3,-0.00142210207358038,0.00015689169501995108,0.0012725407985733764,7.3304200129474355e-06,0.005154637032833991,3
0,5,1,-10,1,4,-0.0016579761203197167,0.00015689169501995108,0.0014878228371177796,-1.3261588181986061e-05,0.007998660547311597,3
0,6,1,-10,1,5,-0.0018886592089966776,0.00015689169501995108,0.001734103264389586,2.3357504128594664e-06,0.001236724127747906,3
0,7,1,-10,1,6,-0.0021204201710575787,0.00015689169501995108,0.0019747070189232627,1.1178542885635027e-05,0.005271852738535131,3
0,8,1,-10,1,7,-0.002359676960396333,0.00015689169501995108,0.002215705167770865,1.2919902394483047e-05,0.005475284376346587,3
0,9,1,-10,1,8,-0.0026068407810123807,0.00015689169501995108,0.0024629844882008973,1.3035402208467703e-05,0.005000459676484474,3
0,10,1,-10,1,9,-0.002860347040788969,0.00015689169501995108,0.00271575402351329,1.2298677744272159e-05,0.004299715233463355,3
0,11,1,-10,1,10,-0.0031193002476985927,0.00015689169501995108,0.002973321972018305,1.0913419339663236e-05,0.0034986754954785494,3
0,12,1,-10,1,11,-0.003382501686215069,0.00015689169501995108,0.003235253388057165,9.643396862046849e-06,0.0028509658698315558,3
0,13,1,-10,1,12,-0.0036476888013760762,0.00015689169501995108,0.003499927798231137,9.130691875011698e-06,0.0025031444216313575,3
0,14,1,-10,1,13,-0.003913251472813672,0.00015689169501995108,0.003765557199999308,9.197422205587183e-06,0.0023503274117403273,3
0,15,1,-10,1,14,-0.004178287363000028,0.00015689169501995108,0.004030932427920738,9.536759940661707e-06,0.0022824566891000704,3
0,16,1,-10,1,15,-0.004442519754188167,0.00015689169501995108,0.004295690809337045,1.0062750168829751e-05,0.0022650997014347853,3
0,17,1,-10,1,16,-0.004706014722882456,0.00015689169501995108,0.00455968102508798,1.0557997225475388e-05,0.002243511303553374,3
0,18,1,-10,1,17,-0.0049693743676990434,0.00015689169501995108,0.004823167543880964,1.0684871201872316e-05,0.002150144145171277,3
0,19,1,-10,1,18,-0.005233627846213401,0.00015689169501995108,0.005087181893000314,1.0445741806864618e-05,0.001995889297788388,3
0,20,1,-10,1,19,-0.005499828254476584,0.00015689169501995108,0.0053527772990706515,9.84073961401901e-06,0.0017892812572845602,3
0,2,1,-9,1,-1,-0.0009538753378151529,0.00017709054959521184,0.000758058289083616,-1.8726499136324988e-05,0.019632019399115557,3
0,3,1,-9,1,1,-0.0011860096719051476,0.00017709054959521184,0.0009785032656031902,-3.041585670674569e-05,0.025645538503819412,3
0,4,1,-9,1,3,-0.00142210207358038,0.00017709054959521184,0.0012725407985733764,2.752927458820817e-05,0.01935815656248824,3
0,5,1,-9,1,4,-0.0016579761203197167,0.00017709054959521184,0.0014878228371177796,6.9372663932746725e-06,0.004184177509104848,3
0,6,1,-9,1,5,-0.0018886592089966776,0.00017709054959521184,0.001734103264389586,2.25346049881202e-05,0.011931535811636116,3
0,11,1,-9,1,10,-0.0031193002476985927,0.00017709054959521184,0.002973321972018305,3.111227391492397e-05,0.009974119656444897,3
0,12,1,-9,1,11,-0.003382501686215069,0.00017709054959521184,0.003235253388057165,2.9842251437307583e-05,0.008822538524940185,3
0,13,1,-9,1,12,-0.0036476888013760762,0.00017709054959521184,0.003499927798231137,2.9329546450272432e-05,0.008040583516666217,3
0,14,1,-9,1,13,-0.003913251472813672,0.00017709054959521184,0.003765557199999308,2.9396276780847483e-05,0.0075119825508456846,3
0,15,1,-9,1,14,-0.004178287363000028,0.00017709054959521184,0.004030932427920738,2.9735614515922007e-05,0.007116699243627828,3
0,16,1,-9,1,15,-0.004442519754188167,0.00017709054959521184,0.004295690809337045,3.026160474409005e-05,0.006811810958310551,3
0,17,1,-9,1,16,-0.004706014722882456,0.00017709054959521184,0.00455968102508798,3.075685180073569e-05,0.006535647168969538,3
0,18,1,-9,1,17,-0.0049693743676990434,0.00017709054959521184,0.004823167543880964,3.0883725777132616e-05,0.006214811662787367,3
0,19,1,-9,1,18,-0.005233627846213401,0.00017709054959521184,0.005087181893000314,3.064459638212492e-05,0.00585532584329562,3
0,20,1,-9,1,19,-0.005499828254476584,0.00017709054959521184,0.0053527772990706515,3.003959418927931e-05,0.0054619149543130895,3
0,2,1,-8,1,-1,-0.0009538753378151529,0.0001942497109787832,0.000758058289083616,-1.5673377527536695e-06,0.0016431264030199685,3
0,3,1,-8,1,1,-0.0011860096719051476,0.0001942497109787832,0.0009785032656031902,-1.3256695323174373e-05,0.011177560889431424,3
0,5,1,-8,1,4,-0.0016579761203197167,0.0001942497109787832,0.0014878228371177796,2.409642777684599e-05,0.014533639828418845,3
0,2,1,-7,1,-1,-0.0009538753378151529,0.00021361879346884448,0.000758058289083616,1.7801744737307645e-05,0.018662548481526382,3
0,3,1,-7,1,1,-0.0011860096719051476,0.00021361879346884448,0.0009785032656031902,6.11238716688705e-06,0.005153741416854056,3
0,4,1,-7,1,2,-0.00142210207358038,0.00021361879346884448,0.0011876060720696538,-2.0877208041881774e-05,0.014680527108240485,3
0,4,1,-6,1,2,-0.00142210207358038,0.00025234878420021,0.0011876060720696538,1.7852782689483813e-05,0.012553798367325663,3
0,1,1,-5,1,-3,-0.000738948454077827,0.00030881498435276556,0.0004344394724834455,4.306002758384052e-06,0.00582720314877408,3
0,1,1,-4,1,-4,-0.000738948454077827,0.0003748425124691666,0.0003748425124691666,1.0736570860506232e-05,0.014529526114111666,3
0,2,1,-4,1,-2,-0.0009538753378151529,0.0003748425124691666,0.0006023269048774995,2.3294079531513195e-05,0.02442046524115843,3
0,5,1,-4,1,3,-0.0016579761203197167,0.0003748425124691666,0.0012725407985733764,-1.0592809277173727e-05,0.006388999906181433,3
0,6,1,-4,1,4,-0.0018886592089966776,0.0003748425124691666,0.0014878228371177796,-2.599385940973151e-05,0.013763128512496633,3
0,7,1,-4,1,5,-0.0021204201710575787,0.0003748425124691666,0.001734103264389586,-1.1474394198825958e-05,0.005411377591783142,3
0,8,1,-4,1,6,-0.002359676960396333,0.0003748425124691666,0.0019747070189232627,-1.0127429003903548e-05,0.0042918709526250315,3
0,9,1,-4,1,7,-0.0026068407810123807,0.0003748425124691666,0.002215705167770865,-1.6293100772348922e-05,0.006250132685902439,3
0,10,1,-4,1,8,-0.002860347040788969,0.0003748425124691666,0.0024629844882008973,-2.252004011890499e-05,0.007873184546408498,3
0,11,1,-4,1,9,-0.0031193002476985927,0.0003748425124691666,0.00271575402351329,-2.8703711716135828e-05,0.009201971415644682,3
0,3,1,-3,1,-1,-0.0011860096719051476,0.0004344394724834455,0.000758058289083616,6.4880896619137676e-06,0.005470520026612953,3
0,4,1,-3,1,1,-0.00142210207358038,0.0004344394724834455,0.0009785032656031902,-9.159335493744451e-06,0.0064407018764020855,3
0,11,1,-3,1,9,-0.0031193002476985927,0.0004344394724834455,0.00271575402351329,3.089324829814305e-05,0.00990390339017091,3
0,12,1,-3,1,10,-0.003382501686215069,0.0004344394724834455,0.002973321972018305,2.5259758286681408e-05,0.007467774041214571,3
0,13,1,-3,1,11,-0.0036476888013760762,0.0004344394724834455,0.003235253388057165,2.200405916453433e-05,0.006032329061687879,3
0,14,1,-3,1,12,-0.003913251472813672,0.0004344394724834455,0.003499927798231137,2.1115797900909776e-05,0.005395972645153642,3
0,15,1,-3,1,13,-0.004178287363000028,0.0004344394724834455,0.003765557199999308,2.170930948272587e-05,0.005195743518018468,3
0,16,1,-3,1,14,-0.004442519754188167,0.0004344394724834455,0.004030932427920738,2.2852146216017014e-05,0.005143960518008558,3
0,17,1,-3,1,15,-0.004706014722882456,0.0004344394724834455,0.004295690809337045,2.4115558938034645e-05,0.005124412131729106,3
0,18,1,-3,1,16,-0.0049693743676990434,0.0004344394724834455,0.00455968102508798,2.4746129872381915e-05,0.00497972743475152,3
0,19,1,-3,1,17,-0.005233627846213401,0.0004344394724834455,0.004823167543880964,2.3979170151009095e-05,0.004581749191119568,3
0,20,1,-3,1,18,-0.005499828254476584,0.0004344394724834455,0.005087181893000314,2.179311100717566e-05,0.003962507554565392,3
0,3,1,-2,1,-2,-0.0011860096719051476,0.0006023269048774995,0.0006023269048774995,1.8644137849851278e-05,0.015720055486480353,3
0,6,1,-2,1,3,-0.0018886592089966776,0.0006023269048774995,0.0012725407985733764,-1.3791505545801813e-05,0.007302273210595969,3
0,7,1,-2,1,4,-0.0021204201710575787,0.0006023269048774995,0.0014878228371177796,-3.027042906229979e-05,0.014275674923051755,3
0,8,1,-2,1,5,-0.002359676960396333,0.0006023269048774995,0.001734103264389586,-2.3246791129247386e-05,0.009851683734430681,3
0,9,1,-2,1,6,-0.0026068407810123807,0.0006023269048774995,0.0019747070189232627,-2.980685721161837e-05,0.011434091958636122,3
0,8,1,2,1,2,-0.002359676960396333,0.0011876060720696538,0.0011876060720696538,1.553518374297451e-05,0.006583606147667437,3
0,12,1,2,1,7,-0.003382501686215069,0.0011876060720696538,0.002215705167770865,2.0809553625449843e-05,0.006152119217044704,3
0,13,1,2,1,8,-0.0036476888013760762,0.0011876060720696538,0.0024629844882008973,2.9017588944746375e-06,0.0007955061553989914,3
0,14,1,2,1,9,-0.003913251472813672,0.0011876060720696538,0.00271575402351329,-9.891377230728145e-06,0.0025276620476465655,3
0,15,1,2,1,10,-0.004178287363000028,0.0011876060720696538,0.002973321972018305,-1.7359318912069273e-05,0.004154649358440778,3
0,16,1,2,1,11,-0.004442519754188167,0.0011876060720696538,0.003235253388057165,-1.9660294061347658e-05,0.004425482642550548,3
0,17,1,2,1,12,-0.004706014722882456,0.0011876060720696538,0.003499927798231137,-1.8480852581665395e-05,0.003927070710553533,3
0,18,1,2,1,13,-0.0049693743676990434,0.0011876060720696538,0.003765557199999308,-1.621109563008146e-05,0.003262200516719702,3
0,19,1,2,1,14,-0.005233627846213401,0.0011876060720696538,0.004030932427920738,-1.5089346223008844e-05,0.002883152311627619,3
0,20,1,2,1,15,-0.005499828254476584,0.0011876060720696538,0.004295690809337045,-1.6531373069885065e-05,0.00300579805495369,3
0,15,1,4,1,9,-0.004178287363000028,0.0014878228371177796,0.00271575402351329,2.5289497631041796e-05,0.0060525989320379895,3
0,16,1,4,1,10,-0.004442519754188167,0.0014878228371177796,0.002973321972018305,1.8625054947918156e-05,0.004192452927273866,3
0,17,1,4,1,11,-0.004706014722882456,0.0014878228371177796,0.003235253388057165,1.706150229248849e-05,0.0036254672577900994,3
0,18,1,4,1,12,-0.0049693743676990434,0.0014878228371177796,0.003499927798231137,1.8376267649873254e-05,0.0036979036575145313,3
0,19,1,4,1,13,-0.005233627846213401,0.0014878228371177796,0.003765557199999308,1.9752190903686573e-05,0.0037740916022482463,3
0,20,1,4,1,14,-0.005499828254476584,0.0014878228371177796,0.004030932427920738,1.8927010561933452e-05,0.0034413821098009407,3
0,15,1,5,1,8,-0.004178287363000028,0.001734103264389586,0.0024629844882008973,1.8800389590455623e-05,0.004499544420266217,3
0,16,1,5,1,9,-0.004442519754188167,0.001734103264389586,0.00271575402351329,7.337533714710069e-06,0.0016516603460890952,3
0,17,1,5,1,10,-0.004706014722882456,0.001734103264389586,0.002973321972018305,1.410513525435149e-06,0.0002997256932870798,3
0,18,1,5,1,11,-0.0049693743676990434,0.001734103264389586,0.003235253388057165,-1.771525229288251e-08,3.5648858351328354e-06,3
0,19,1,5,1,12,-0.005233627846213401,0.001734103264389586,0.003499927798231137,4.0321640732213226e-07,7.704338542410207e-05,3
0,20,1,5,1,13,-0.005499828254476584,0.001734103264389586,0.003765557199999308,-1.6779008769028658e-07,3.0508241335302403e-05,3
0,15,1,6,1,7,-0.004178287363000028,0.0019747070189232627,0.002215705167770865,1.2124823694100416e-05,0.002901864481957206,3
0,16,1,6,1,8,-0.004442519754188167,0.0019747070189232627,0.0024629844882008973,-4.82824706400653e-06,0.0010868262452754928,3
0,17,1,6,1,9,-0.004706014722882456,0.0019747070189232627,0.00271575402351329,-1.5553680445903363e-05,0.0033050641278862514,3
0,18,1,6,1,10,-0.0049693743676990434,0.0019747070189232627,0.002973321972018305,-2.1345376757475783e-05,0.004295385128603076,3
0,19,1,6,1,11,-0.005233627846213401,0.0019747070189232627,0.003235253388057165,-2.3667439232972695e-05,0.004522186125652095,3
0,20,1,6,1,12,-0.005499828254476584,0.0019747070189232627,0.003499927798231137,-2.5193437322184285e-05,0.0045807680088333835,3
0,16,1,7,1,7,-0.004442519754188167,0.002215705167770865,0.002215705167770865,-1.110941864643656e-05,0.0025007021377818754,3
0,17,1,7,1,8,-0.004706014722882456,0.002215705167770865,0.0024629844882008973,-2.732506691069305e-05,0.005806413392169823,3
1,1,0,1,1,-7,-0.0009785032656031902,0.000738948454077827,0.00021361879346884448,-2.5936018056518686e-05,0.02650580633528151,3
1,1,0,1,1,-6,-0.0009785032656031902,0.000738948454077827,0.00025234878420021,1.2793972674846792e-05,0.013075043410263996,3
1,2,0,1,1,-3,-0.0011876060720696538,0.000738948454077827,0.0004344394724834455,-1.4218145508381255e-05,0.011972105770395012,3
1,4,0,1,1,-1,-0.0014878228371177796,0.000738948454077827,0.000758058289083616,9.183906043663337e-06,0.006172714798123722,3
1,5,0,1,1,1,-0.001734103264389586,0.000738948454077827,0.0009785032656031902,-1.6651544708568954e-05,0.009602395111360563,3
1,7,0,1,1,4,-0.002215705167770865,0.000738948454077827,0.0014878228371177796,1.1066123424741461e-05,0.004994402497997808,3
1,8,0,1,1,5,-0.0024629844882008973,0.000738948454077827,0.001734103264389586,1.0067230266515813e-05,0.004087411152909649,3
1,9,0,1,1,6,-0.00271575402351329,0.000738948454077827,0.0019747070189232627,-2.0985505122003527e-06,0.000772732174575045,3
1,10,0,1,1,7,-0.002973321972018305,0.000738948454077827,0.002215705167770865,-1.866835016961282e-05,0.00627861709740794,3
1,2,0,2,1,-7,-0.0011876060720696538,0.0009538753378151529,0.00021361879346884448,-2.0111940785656366e-05,0.016934858501192297,3
1,2,0,2,1,-6,-0.0011876060720696538,0.0009538753378151529,0.00025234878420021,1.8618049945709004e-05,0.015676957522845206,3
1,3,0,2,1,-5,-0.0012725407985733764,0.0009538753378151529,0.00030881498435276556,-9.850476405457885e-06,0.007740794178466485,3
1,5,0,2,1,-1,-0.001734103264389586,0.0009538753378151529,0.000758058289083616,-2.216963749081713e-05,0.012784496717166936,3
1,7,0,2,1,3,-0.002215705167770865,0.0009538753378151529,0.0012725407985733764,1.0710968617664088e-05,0.0048341127571769745,3
1,8,0,2,1,4,-0.0024629844882008973,0.0009538753378151529,0.0014878228371177796,-2.1286313267964655e-05,0.008642487750100845,3
1,9,0,2,1,5,-0.00271575402351329,0.0009538753378151529,0.001734103264389586,-2.7775421308551262e-05,0.010227517318604218,3
1,3,0,3,1,-20,-0.0012725407985733764,0.0011860096719051476,8.072560078089107e-05,-5.805525887337803e-06,0.004562153051474874,3
1,3,0,3,1,-19,-0.0012725407985733764,0.0011860096719051476,8.478197882193453e-05,-1.7491478462943431e-06,0.0013745318407514184,3
1,3,0,3,1,-18,-0.0012725407985733764,0.0011860096719051476,9.022666331180865e-05,3.695536643579791e-06,0.0029040614239816856,3
1,3,0,3,1,-17,-0.0012725407985733764,0.0011860096719051476,9.604201341396486e-05,9.510886745735985e-06,0.007473934632507245,3
1,3,0,3,1,-16,-0.0012725407985733764,0.0011860096719051476,0.00010005036405775381,1.3519237389524952e-05,0.010623814501414128,3
1,3,0,3,1,-15,-0.0012725407985733764,0.0011860096719051476,0.00010578880168925861,1.9257675021029912e-05,0.015133247627596191,3
1,3,0,3,1,-14,-0.0012725407985733764,0.0011860096719051476,0.00011436477230035796,2.783364563212925e-05,0.021872497654560917,3
1,4,0,3,1,-5,-0.0014878228371177796,0.0011860096719051476,0.00030881498435276556,7.0018191401335136e-06,0.0047060839271008134,3
1,6,0,3,1,-1,-0.0019747070189232627,0.0011860096719051476,0.000758058289083616,-3.063905793449905e-05,0.01551574873684575,3
1,8,0,3,1,3,-0.0024629844882008973,0.0011860096719051476,0.0012725407985733764,-4.434017722373257e-06,0.0018002621387242731,3
1,4,0,4,1,-20,-0.0014878228371177796,0.00142210207358038,8.072560078089107e-05,1.5004837243491435e-05,0.010085096739447089,3
1,4,0,4,1,-19,-0.0014878228371177796,0.00142210207358038,8.478197882193453e-05,1.9061215284534895e-05,0.012811481857248817,3
1,4,0,4,1,-18,-0.0014878228371177796,0.00142210207358038,9.022666331180865e-05,2.450589977440903e-05,0.01647097971817802,3
1,4,0,4,1,-17,-0.0014878228371177796,0.00142210207358038,9.604201341396486e-05,3.0321249876565223e-05,0.020379610475198616,3
1,5,0,4,1,-5,-0.001734103264389586,0.00142210207358038,0.00030881498435276556,-3.1862064564405594e-06,0.001837379884964418,3
1,9,0,4,1,3,-0.00271575402351329,0.00142210207358038,0.0012725407985733764,-2.111115135953372e-05,0.007773587437135729,3
1,5,0,5,1,-20,-0.001734103264389586,0.0016579761203197167,8.072560078089107e-05,4.598456711021621e-06,0.002651777898959381,3
1,5,0,5,1,-19,-0.001734103264389586,0.0016579761203197167,8.478197882193453e-05,8.65483475206508e-06,0.004990956957290332,3
1,5,0,5,1,-18,-0.001734103264389586,0.0016579761203197167,9.022666331180865e-05,1.4099519241939215e-05,0.008130726428741441,3
1,5,0,5,1,-17,-0.001734103264389586,0.0016579761203197167,9.604201341396486e-05,1.991486934409541e-05,0.011484246499648654,3
1,5,0,5,1,-16,-0.001734103264389586,0.0016579761203197167,0.00010005036405775381,2.3923219987884376e-05,0.013795729746409007,3
1,5,0,5,1,-15,-0.001734103264389586,0.0016579761203197167,0.00010578880168925861,2.9661657619389336e-05,0.01710489693924335,3
1,6,0,5,1,-5,-0.0019747070189232627,0.0016579761203197167,0.00030881498435276556,-7.915914250780382e-06,0.004008652511447824,3
1,6,0,6,1,-20,-0.0019747070189232627,0.0018886592089966776,8.072560078089107e-05,-5.322209145694132e-06,0.002695189258301286,3
1,6,0,6,1,-19,-0.0019747070189232627,0.0018886592089966776,8.478197882193453e-05,-1.265831104650672e-06,0.0006410222339417645,3
1,6,0,6,1,-18,-0.0019747070189232627,0.0018886592089966776,9.022666331180865e-05,4.178853385223679e-06,0.0021161890575049753,3
1,6,0,6,1,-17,-0.0019747070189232627,0.0018886592089966776,9.604201341396486e-05,9.994203487379873e-06,0.005061106985293117,3
1,6,0,6,1,-16,-0.0019747070189232627,0.0018886592089966776,0.00010005036405775381,1.400255413116884e-05,0.007090952732220465,3
1,6,0,6,1,-15,-0.0019747070189232627,0.0018886592089966776,0.00010578880168925861,1.9740991762673583e-05,0.009996921859039951,3
1,6,0,6,1,-14,-0.0019747070189232627,0.0018886592089966776,0.00011436477230035796,2.8316962373772705e-05,0.014339829707605401,3
1,7,0,6,1,-5,-0.002215705167770865,0.0018886592089966776,0.00030881498435276556,-1.8230974421421745e-05,0.00822806873703473,3
1,8,0,6,1,-2,-0.0024629844882008973,0.0018886592089966776,0.0006023269048774995,2.8001625673279833e-05,0.011368981740414369,3
1,7,0,7,1,-20,-0.002215705167770865,0.0021204201710575787,8.072560078089107e-05,-1.4559395932395303e-05,0.006570998770131021,3
1,7,0,7,1,-19,-0.002215705167770865,0.0021204201710575787,8.478197882193453e-05,-1.0503017891351843e-05,0.004740259689838843,3
1,7,0,7,1,-18,-0.002215705167770865,0.0021204201710575787,9.022666331180865e-05,-5.058333401477492e-06,0.00228294516574445,3
1,7,0,7,1,-17,-0.002215705167770865,0.0021204201710575787,9.604201341396486e-05,7.570167006787018e-07,0.00034165949138454505,3
1,7,0,7,1,-16,-0.002215705167770865,0.0021204201710575787,0.00010005036405775381,4.765367344467669e-06,0.0021507226745613997,3
1,7,0,7,1,-15,-0.002215705167770865,0.0021204201710575787,0.00010578880168925861,1.0503804975972413e-05,0.004740614919691632,3
1,7,0,7,1,-14,-0.002215705167770865,0.0021204201710575787,0.00011436477230035796,1.9079775587071534e-05,0.008611152722213017,3
1,7,0,7,1,-13,-0.002215705167770865,0.0021204201710575787,0.00012421068509566594,2.8925688382379702e-05,0.013054845384271372,3
1,9,0,7,1,-2,-0.00271575402351329,0.0021204201710575787,0.0006023269048774995,6.9930524217881075e-06,0.0025749947753889004,3
1,16,0,7,1,8,-0.00455968102508798,0.0021204201710575787,0.0024629844882008973,2.3723634170496298e-05,0.005202915300426864,3
1,17,0,7,1,9,-0.004823167543880964,0.0021204201710575787,0.00271575402351329,1.300665068990417e-05,0.0026967030631986633,3
1,18,0,7,1,10,-0.005087181893000314,0.0021204201710575787,0.002973321972018305,6.5602500755697e-06,0.0012895646771734755,3
1,19,0,7,1,11,-0.0053527772990706515,0.0021204201710575787,0.003235253388057165,2.896260044092658e-06,0.0005410761334299311,3
1,20,0,7,1,12,-0.005620665903572574,0.0021204201710575787,0.003499927798231137,-3.179342838582899e-07,5.656523431791355e-05,3
1,8,0,8,1,-20,-0.0024629844882008973,0.002359676960396333,8.072560078089107e-05,-2.2581927023673353e-05,0.009168521820520463,3
1,8,0,8,1,-19,-0.0024629844882008973,0.002359676960396333,8.478197882193453e-05,-1.8525548982629893e-05,0.007521585731204502,3
1,8,0,8,1,-18,-0.0024629844882008973,0.002359676960396333,9.022666331180865e-05,-1.3080864492755542e-05,0.005310981273093824,3
1,8,0,8,1,-17,-0.0024629844882008973,0.002359676960396333,9.604201341396486e-05,-7.265514390599349e-06,0.002949882317734973,3
1,8,0,8,1,-16,-0.0024629844882008973,0.002359676960396333,0.00010005036405775381,-3.2571637468103813e-06,0.0013224459035020546,3
1,8,0,8,1,-15,-0.0024629844882008973,0.002359676960396333,0.00010578880168925861,2.481273884694362e-06,0.0010074257051073936,3
1,8,0,8,1,-14,-0.0024629844882008973,0.002359676960396333,0.00011436477230035796,1.1057244495793483e-05,0.004489368304495624,3
1,8,0,8,1,-13,-0.0024629844882008973,0.002359676960396333,0.00012421068509566594,2.0903157291101652e-05,0.008486922021328074,3
1,8,0,8,1,-12,-0.0024629844882008973,0.002359676960396333,0.0001317052176195001,2.839768981493596e-05,0.011529788332397997,3
1,9,0,8,1,-4,-0.00271575402351329,0.002359676960396333,0.0003748425124691666,1.8765449352209536e-05,0.00690984867912788,3
1,10,0,8,1,-2,-0.002973321972018305,0.002359676960396333,0.0006023269048774995,-1.1318106744472381e-05,0.003806552687864341,3
1,16,0,8,1,7,-0.00455968102508798,0.002359676960396333,0.002215705167770865,1.570110307921868e-05,0.003443465232069764,3
1,17,0,8,1,8,-0.004823167543880964,0.002359676960396333,0.0024629844882008973,-5.060952837339719e-07,0.00010493006496862061,3
1,18,0,8,1,9,-0.005087181893000314,0.002359676960396333,0.00271575402351329,-1.1750909090691222e-05,0.0023099054324870584,3
1,19,0,8,1,10,-0.0053527772990706515,0.002359676960396333,0.002973321972018305,-1.977836665601352e-05,0.0036949728245648174,3
1,20,0,8,1,11,-0.005620665903572574,0.002359676960396333,0.003235253388057165,-2.5735555119075527e-05,0.0045787377439953595,3
1,9,0,9,1,-20,-0.00271575402351329,0.0026068407810123807,8.072560078089107e-05,-2.8187641720018534e-05,0.010379305885572442,3
1,9,0,9,1,-19,-0.00271575402351329,0.0026068407810123807,8.478197882193453e-05,-2.4131263678975074e-05,0.008885658815210803,3
1,9,0,9,1,-18,-0.00271575402351329,0.0026068407810123807,9.022666331180865e-05,-1.8686579189100723e-05,0.006880806960906736,3
1,9,0,9,1,-17,-0.00271575402351329,0.0026068407810123807,9.604201341396486e-05,-1.287122908694453e-05,0.004739467925115473,3
1,9,0,9,1,-16,-0.00271575402351329,0.0026068407810123807,0.00010005036405775381,-8.862878443155562e-06,0.0032635055923400306,3
1,9,0,9,1,-15,-0.00271575402351329,0.0026068407810123807,0.00010578880168925861,-3.1244408116508186e-06,0.001150487409610397,3
1,9,0,9,1,-14,-0.00271575402351329,0.0026068407810123807,0.00011436477230035796,5.451529799448303e-06,0.0020073724469331067,3
1,9,0,9,1,-13,-0.00271575402351329,0.0026068407810123807,0.00012421068509566594,1.529744259475647e-05,0.005632852777648333,3
1,9,0,9,1,-12,-0.00271575402351329,0.0026068407810123807,0.0001317052176195001,2.279197511859078e-05,0.00839250348936443,3
1,10,0,9,1,-4,-0.002973321972018305,0.0026068407810123807,0.0003748425124691666,8.361321463242442e-06,0.002812114376421447,3
1,11,0,9,1,-2,-0.003235253388057165,0.0026068407810123807,0.0006023269048774995,-2.608570216728473e-05,0.008062954902876934,3
1,13,0,9,1,2,-0.003765557199999308,0.0026068407810123807,0.0011876060720696538,2.888965308272661e-05,0.007672079203240339,3
1,16,0,9,1,6,-0.00455968102508798,0.0026068407810123807,0.0019747070189232627,2.1866774847664056e-05,0.0047956808222658805,3
1,17,0,9,1,7,-0.004823167543880964,0.0026068407810123807,0.002215705167770865,-6.215950977186274e-07,0.00012887694488391348,3
1,18,0,9,1,8,-0.005087181893000314,0.0026068407810123807,0.0024629844882008973,-1.7356623787035536e-05,0.003411834715585324,3
1,19,0,9,1,9,-0.0053527772990706515,0.0026068407810123807,0.00271575402351329,-3.0182494544980613e-05,0.005638660616465567,3
1,10,0,10,1,-19,-0.002973321972018305,0.002860347040788969,8.478197882193453e-05,-2.8192952407401443e-05,0.00948197089744167,3
1,10,0,10,1,-18,-0.002973321972018305,0.002860347040788969,9.022666331180865e-05,-2.274826791752709e-05,0.007650791986743857,3
1,10,0,10,1,-17,-0.002973321972018305,0.002860347040788969,9.604201341396486e-05,-1.6932917815370898e-05,0.005694949277180619,3
1,10,0,10,1,-16,-0.002973321972018305,0.002860347040788969,0.00010005036405775381,-1.292456717158193e-05,0.004346844133670688,3
1,10,0,10,1,-15,-0.002973321972018305,0.002860347040788969,0.00010578880168925861,-7.186129540077187e-06,0.0024168689458139003,3
1,10,0,10,1,-14,-0.002973321972018305,0.002860347040788969,0.00011436477230035796,1.3898410710219342e-06,0.00046743712389765295,3
1,10,0,10,1,-13,-0.002973321972018305,0.002860347040788969,0.00012421068509566594,1.1235753866330103e-05,0.003778855425705283,3
1,10,0,10,1,-12,-0.002973321972018305,0.002860347040788969,0.0001317052176195001,1.873028639016441e-05,0.0062994477444533875,3
1,10,0,10,1,-11,-0.002973321972018305,0.002860347040788969,0.00014098639381203223,2.80114625826962e-05,0.009420931485493274,3
1,11,0,10,1,-4,-0.003235253388057165,0.002860347040788969,0.0003748425124691666,-6.383479902918182e-08,1.9731004460060516e-05,3
1,14,0,10,1,2,-0.004030932427920738,0.002860347040788969,0.0011876060720696538,1.702068493788459e-05,0.004222518050659637,3
1,17,0,10,1,6,-0.004823167543880964,0.002860347040788969,0.0019747070189232627,1.1886515831267472e-05,0.002464462559744085,3
1,18,0,10,1,7,-0.005087181893000314,0.002860347040788969,0.002215705167770865,-1.1129684440480334e-05,0.002187789757585467,3
1,19,0,10,1,8,-0.0053527772990706515,0.002860347040788969,0.0024629844882008973,-2.944577008078507e-05,0.005501026557913672,3
1,11,0,11,1,-19,-0.003235253388057165,0.0031193002476985927,8.478197882193453e-05,-3.1171161536637775e-05,0.009634843951235822,3
1,11,0,11,1,-18,-0.003235253388057165,0.0031193002476985927,9.022666331180865e-05,-2.5726477046763424e-05,0.007951920285975713,3
1,11,0,11,1,-17,-0.003235253388057165,0.0031193002476985927,9.604201341396486e-05,-1.991112694460723e-05,0.0061544258072979766,3
1,11,0,11,1,-16,-0.003235253388057165,0.0031193002476985927,0.00010005036405775381,-1.5902776300818263e-05,0.004915465465401522,3
1,11,0,11,1,-15,-0.003235253388057165,0.0031193002476985927,0.00010578880168925861,-1.016433866931352e-05,0.0031417442314827185,3
1,11,0,11,1,-14,-0.003235253388057165,0.0031193002476985927,0.00011436477230035796,-1.5883680582143983e-06,0.0004909563078050728,3
1,11,0,11,1,-13,-0.003235253388057165,0.0031193002476985927,0.00012421068509566594,8.25754473709377e-06,0.002552364141731907,3
1,11,0,11,1,-12,-0.003235253388057165,0.0031193002476985927,0.0001317052176195001,1.5752077260928078e-05,0.004868885175756672,3
1,11,0,11,1,-11,-0.003235253388057165,0.0031193002476985927,0.00014098639381203223,2.503325345345987e-05,0.007737648477819181,3
1,12,0,11,1,-4,-0.003499927798231137,0.0031193002476985927,0.0003748425124691666,-5.7850380633774415e-06,0.001652902115952563,3
1,15,0,11,1,2,-0.004295690809337045,0.0031193002476985927,0.0011876060720696538,1.121551043120183e-05,0.0026108746948974946,3
1,17,0,11,1,5,-0.004823167543880964,0.0031193002476985927,0.001734103264389586,3.023596820721404e-05,0.006268902735003199,3
1,18,0,11,1,6,-0.005087181893000314,0.0031193002476985927,0.0019747070189232627,6.825373621541925e-06,0.0013416806721484183,3
1,19,0,11,1,7,-0.0053527772990706515,0.0031193002476985927,0.002215705167770865,-1.7771883601193708e-05,0.0033201238550087373,3
1,12,0,12,1,-18,-0.003499927798231137,0.003382501686215069,9.022666331180865e-05,-2.7199448704258965e-05,0.007771431375814542,3
1,12,0,12,1,-17,-0.003499927798231137,0.003382501686215069,9.604201341396486e-05,-2.138409860210277e-05,0.006109868498690257,3
1,12,0,12,1,-16,-0.003499927798231137,0.003382501686215069,0.00010005036405775381,-1.7375747958313804e-05,0.0049646018318136465,3
1,12,0,12,1,-15,-0.003499927798231137,0.003382501686215069,0.00010578880168925861,-1.163731032680906e-05,0.0033250143996372025,3
1,12,0,12,1,-14,-0.003499927798231137,0.003382501686215069,0.00011436477230035796,-3.061339715709939e-06,0.000874686534178545,3
1,12,0,12,1,-13,-0.003499927798231137,0.003382501686215069,0.00012421068509566594,6.784573079598229e-06,0.00193848944056136,3
1,12,0,12,1,-12,-0.003499927798231137,0.003382501686215069,0.0001317052176195001,1.4279105603432537e-05,0.004079828621221614,3
1,12,0,12,1,-11,-0.003499927798231137,0.003382501686215069,0.00014098639381203223,2.3560281795964328e-05,0.006731647952243955,3
1,13,0,12,1,-4,-0.003765557199999308,0.003382501686215069,0.0003748425124691666,-8.213001315072153e-06,0.002181085262779613,3
1,16,0,12,1,2,-0.00455968102508798,0.003382501686215069,0.0011876060720696538,1.0426733196742914e-05,0.002286724255353307,3
1,18,0,12,1,5,-0.005087181893000314,0.003382501686215069,0.001734103264389586,2.942305760434121e-05,0.005783763628508298,3
1,19,0,12,1,6,-0.0053527772990706515,0.003382501686215069,0.0019747070189232627,4.431406067680402e-06,0.0008278704343724112,3
1,20,0,12,1,7,-0.005620665903572574,0.003382501686215069,0.002215705167770865,-2.2459049586640197e-05,0.003995798713523412,3
1,13,0,13,1,-18,-0.003765557199999308,0.0036476888013760762,9.022666331180865e-05,-2.7641735311422985e-05,0.007340675985861552,3
1,13,0,13,1,-17,-0.003765557199999308,0.0036476888013760762,9.604201341396486e-05,-2.182638520926679e-05,0.005796322841483009,3
1,13,0,13,1,-16,-0.003765557199999308,0.0036476888013760762,0.00010005036405775381,-1.7818034565477824e-05,0.004731845413337792,3
1,13,0,13,1,-15,-0.003765557199999308,0.0036476888013760762,0.00010578880168925861,-1.2079596933973081e-05,0.003207917525187322,3
1,13,0,13,1,-14,-0.003765557199999308,0.0036476888013760762,0.00011436477230035796,-3.5036263228739595e-06,0.0009304403403763467,3
1,13,0,13,1,-13,-0.003765557199999308,0.0036476888013760762,0.00012421068509566594,6.342286472434209e-06,0.001684288973869624,3
1,13,0,13,1,-12,-0.003765557199999308,0.0036476888013760762,0.0001317052176195001,1.3836818996268516e-05,0.0036745741098478226,3
1,13,0,13,1,-11,-0.003765557199999308,0.0036476888013760762,0.00014098639381203223,2.3117995188800308e-05,0.006139329177845062,3
1,14,0,13,1,-4,-0.004030932427920738,0.0036476888013760762,0.0003748425124691666,-8.401114075495472e-06,0.0020841614752219973,3
1,17,0,13,1,2,-0.004823167543880964,0.0036476888013760762,0.0011876060720696538,1.21273295647659e-05,0.0025143911038611024,3
1,19,0,13,1,5,-0.0053527772990706515,0.0036476888013760762,0.001734103264389586,2.901476669501038e-05,0.005420506976826389,3
1,20,0,13,1,6,-0.005620665903572574,0.0036476888013760762,0.0019747070189232627,1.7299167267654722e-06,0.00030777789615033213,3
1,14,0,14,1,-18,-0.004030932427920738,0.003913251472813672,9.022666331180865e-05,-2.74542917952569e-05,0.006810903503390791,3
1,14,0,14,1,-17,-0.004030932427920738,0.003913251472813672,9.604201341396486e-05,-2.163894169310114e-05,0.0053682223852765205,3
1,14,0,14,1,-16,-0.004030932427920738,0.003913251472813672,0.00010005036405775381,-1.7630591049312173e-05,0.004373824509483653,3
1,14,0,14,1,-15,-0.004030932427920738,0.003913251472813672,0.00010578880168925861,-1.189215341780743e-05,0.0029502239569770506,3
1,14,0,14,1,-14,-0.004030932427920738,0.003913251472813672,0.00011436477230035796,-3.316182806707875e-06,0.0008226837998419265,3
1,14,0,14,1,-13,-0.004030932427920738,0.003913251472813672,0.00012421068509566594,6.52972998859986e-06,0.0016199055938945787,3
1,14,0,14,1,-12,-0.004030932427920738,0.003913251472813672,0.0001317052176195001,1.4024262512434167e-05,0.003479160904631749,3
1,14,0,14,1,-11,-0.004030932427920738,0.003913251472813672,0.00014098639381203223,2.3305438704966826e-05,0.005781649561659457,3
1,15,0,14,1,-4,-0.004295690809337045,0.003913251472813672,0.0003748425124691666,-7.596824054206287e-06,0.001768475523818882,3
1,18,0,14,1,2,-0.005087181893000314,0.003913251472813672,0.0011876060720696538,1.36756518830123e-05,0.002688256911322407,3
1,20,0,14,1,5,-0.005620665903572574,0.003913251472813672,0.001734103264389586,2.6688833630684854e-05,0.004748340159076357,3
1,15,0,15,1,-18,-0.004295690809337045,0.004178287363000028,9.022666331180865e-05,-2.7176783025208325e-05,0.006326522143106134,3
1,15,0,15,1,-17,-0.004295690809337045,0.004178287363000028,9.604201341396486e-05,-2.1361432923052565e-05,0.004972758485462151,3
1,15,0,15,1,-16,-0.004295690809337045,0.004178287363000028,0.00010005036405775381,-1.7353082279263597e-05,0.004039648813072211,3
1,15,0,15,1,-15,-0.004295690809337045,0.004178287363000028,0.00010578880168925861,-1.1614644647758854e-05,0.0027037897193423342,3
1,15,0,15,1,-14,-0.004295690809337045,0.004178287363000028,0.00011436477230035796,-3.0386740366592987e-06,0.0007073772698105938,3
1,15,0,15,1,-13,-0.004295690809337045,0.004178287363000028,0.00012421068509566594,6.807238758648436e-06,0.0015846668349249742,3
1,15,0,15,1,-12,-0.004295690809337045,0.004178287363000028,0.0001317052176195001,1.4301771282482743e-05,0.003329329767262728,3
1,15,0,15,1,-11,-0.004295690809337045,0.004178287363000028,0.00014098639381203223,2.3582947475015402e-05,0.0054899080314988885,3
1,16,0,15,1,-4,-0.00455968102508798,0.004178287363000028,0.0003748425124691666,-6.551149618785716e-06,0.0014367561201628816,3
1,19,0,15,1,2,-0.0053527772990706515,0.004178287363000028,0.0011876060720696538,1.3116135999030262e-05,0.0024503421805550335,3
1,16,0,16,1,-18,-0.00455968102508798,0.004442519754188167,9.022666331180865e-05,-2.6934607588004374e-05,0.00590712539754569,3
1,16,0,16,1,-17,-0.00455968102508798,0.004442519754188167,9.604201341396486e-05,-2.1119257485848614e-05,0.0046317401084961015,3
1,16,0,16,1,-16,-0.00455968102508798,0.004442519754188167,0.00010005036405775381,-1.7110906842059646e-05,0.0037526543518972334,3
1,16,0,16,1,-15,-0.00455968102508798,0.004442519754188167,0.00010578880168925861,-1.1372469210554903e-05,0.002494137012651114,3
1,16,0,16,1,-14,-0.00455968102508798,0.004442519754188167,0.00011436477230035796,-2.796498599455348e-06,0.0006133101381584886,3
1,16,0,16,1,-13,-0.00455968102508798,0.004442519754188167,0.00012421068509566594,7.049414195852387e-06,0.0015460323117046037,3
1,16,0,16,1,-12,-0.00455968102508798,0.004442519754188167,0.0001317052176195001,1.4543946719686694e-05,0.0031896851204424033,3
1,16,0,16,1,-11,-0.00455968102508798,0.004442519754188167,0.00014098639381203223,2.3825122912219353e-05,0.005225173160387824,3
1,17,0,16,1,-4,-0.004823167543880964,0.004442519754188167,0.0003748425124691666,-5.8052772236314235e-06,0.0012036233804476558,3
1,20,0,16,1,2,-0.005620665903572574,0.004442519754188167,0.0011876060720696538,9.45992268524664e-06,0.0016830608414625356,3
1,17,0,17,1,-18,-0.004823167543880964,0.004706014722882456,9.022666331180865e-05,-2.692615768669967e-05,0.005582671023083208,3
1,17,0,17,1,-17,-0.004823167543880964,0.004706014722882456,9.604201341396486e-05,-2.111080758454391e-05,0.004376959206264082,3
1,17,0,17,1,-16,-0.004823167543880964,0.004706014722882456,0.00010005036405775381,-1.710245694075494e-05,0.0035458973351345452,3
1,17,0,17,1,-15,-0.004823167543880964,0.004706014722882456,0.00010578880168925861,-1.1364019309250198e-05,0.0023561319829470684,3
1,17,0,17,1,-14,-0.004823167543880964,0.004706014722882456,0.00011436477230035796,-2.7880486981506428e-06,0.000578053462332606,3
1,17,0,17,1,-13,-0.004823167543880964,0.004706014722882456,0.00012421068509566594,7.057864097157092e-06,0.0014633255081738209,3
1,17,0,17,1,-12,-0.004823167543880964,0.004706014722882456,0.0001317052176195001,1.45523966209914e-05,0.003017186628619956,3
1,17,0,17,1,-11,-0.004823167543880964,0.004706014722882456,0.00014098639381203223,2.3833572813524058e-05,0.004941477275397811,3
1,18,0,17,1,-4,-0.005087181893000314,0.004706014722882456,0.0003748425124691666,-6.324657648691841e-06,0.0012432536877429578,3
1,18,0,18,1,-18,-0.005087181893000314,0.0049693743676990434,9.022666331180865e-05,-2.758086198946172e-05,0.005421638653693804,3
1,18,0,18,1,-17,-0.005087181893000314,0.0049693743676990434,9.604201341396486e-05,-2.176551188730596e-05,0.00427850081736887,3
1,18,0,18,1,-16,-0.005087181893000314,0.0049693743676990434,0.00010005036405775381,-1.7757161243516992e-05,0.00349056935981587,3
1,18,0,18,1,-15,-0.005087181893000314,0.0049693743676990434,0.00010578880168925861,-1.2018723612012248e-05,0.002362550399180607,3
1,18,0,18,1,-14,-0.005087181893000314,0.0049693743676990434,0.00011436477230035796,-3.4427530009126933e-06,0.0006767505218655017,3
1,18,0,18,1,-13,-0.005087181893000314,0.0049693743676990434,0.00012421068509566594,6.403159794395041e-06,0.0012586850498122431,3
1,18,0,18,1,-12,-0.005087181893000314,0.0049693743676990434,0.0001317052176195001,1.3897692318229349e-05,0.002731903952039108,3
1,18,0,18,1,-11,-0.005087181893000314,0.0049693743676990434,0.00014098639381203223,2.3178868510762007e-05,0.004556327844824041,3
1,19,0,18,1,-4,-0.0053527772990706515,0.0049693743676990434,0.0003748425124691666,-8.560418902441719e-06,0.0015992480957367642,3
1,19,0,19,1,-18,-0.0053527772990706515,0.005233627846213401,9.022666331180865e-05,-2.892278954544185e-05,0.005403323906351086,3
1,19,0,19,1,-17,-0.0053527772990706515,0.005233627846213401,9.604201341396486e-05,-2.310743944328609e-05,0.004316906561253352,3
1,19,0,19,1,-16,-0.0053527772990706515,0.005233627846213401,0.00010005036405775381,-1.909908879949712e-05,0.0035680708784228896,3
1,19,0,19,1,-15,-0.0053527772990706515,0.005233627846213401,0.00010578880168925861,-1.3360651167992378e-05,0.0024960222369632403,3
1,19,0,19,1,-14,-0.0053527772990706515,0.005233627846213401,0.00011436477230035796,-4.784680556892823e-06,0.000893868788025898,3
1,19,0,19,1,-13,-0.0053527772990706515,0.005233627846213401,0.00012421068509566594,5.061232238414912e-06,0.0009455338706681562,3
1,19,0,19,1,-12,-0.0053527772990706515,0.005233627846213401,0.0001317052176195001,1.2555764762249219e-05,0.0023456542390487924,3
1,19,0,19,1,-11,-0.0053527772990706515,0.005233627846213401,0.00014098639381203223,2.1836940954781878e-05,0.0040795534233365556,3
1,20,0,19,1,-4,-0.005620665903572574,0.005233627846213401,0.0003748425124691666,-1.2195544890006814e-05,0.0021697686891966224,3
1,20,0,20,1,-18,-0.005620665903572574,0.005499828254476584,9.022666331180865e-05,-3.0610985784181206e-05,0.005446149319198004,3
1,20,0,20,1,-17,-0.005620665903572574,0.005499828254476584,9.604201341396486e-05,-2.4795635682025446e-05,0.004411512106824388,3
1,20,0,20,1,-16,-0.005620665903572574,0.005499828254476584,0.00010005036405775381,-2.078728503823648e-05,0.0036983669541759794,3
1,20,0,20,1,-15,-0.005620665903572574,0.005499828254476584,0.00010578880168925861,-1.5048847406731736e-05,0.0026774136134237185,3
1,20,0,20,1,-14,-0.005620665903572574,0.005499828254476584,0.00011436477230035796,-6.472876795632181e-06,0.001151620983470647,3
1,20,0,20,1,-13,-0.005620665903572574,0.005499828254476584,0.00012421068509566594,3.373035999675554e-06,0.0006001132352541369,3
1,20,0,20,1,-12,-0.005620665903572574,0.005499828254476584,0.0001317052176195001,1.0867568523509862e-05,0.0019335019568770815,3
1,20,0,20,1,-11,-0.005620665903572574,0.005499828254476584,0.00014098639381203223,2.014874471604252e-05,0.0035847611407103376,3
0,1,2,-20,2,-4,-0.000738948454077827,0.0001393121823523654,0.0006184286779740842,1.879240624862264e-05,0.02543128163394655,5
0,3,2,-20,2,0,-0.0011860096719051476,0.0001393121823523654,0.0010448703139708233,-1.8271755819589466e-06,0.0015406076571229488,5
0,1,2,-19,2,-4,-0.000738948454077827,0.00014613674776618418,0.0006184286779740842,2.5616971662441377e-05,0.03466679106110338,5
0,3,2,-19,2,0,-0.0011860096719051476,0.00014613674776618418,0.0010448703139708233,4.9973898318597925e-06,0.004213616423407602,5
0,2,2,-18,2,-2,-0.0009538753378151529,0.00015542391434663602,0.0007709839009291044,-2.746752253941255e-05,0.02879571517419329,5
0,3,2,-18,2,0,-0.0011860096719051476,0.00015542391434663602,0.0010448703139708233,1.4284556412311666e-05,0.01204421578566527,5
0,2,2,-17,2,-2,-0.0009538753378151529,0.0001654511913622877,0.0007709839009291044,-1.7440245523760796e-05,0.01828356896584369,5
0,3,2,-17,2,0,-0.0011860096719051476,0.0001654511913622877,0.0010448703139708233,2.4311833427963312e-05,0.020498849211667877,5
0,2,2,-16,2,-2,-0.0009538753378151529,0.00017249671507286419,0.0007709839009291044,-1.039472181318436e-05,0.010897358806857741,5
0,2,2,-15,2,-2,-0.0009538753378151529,0.0001819548751341122,0.0007709839009291044,-9.365617519363012e-07,0.0009818492153088807,5
0,1,2,-14,2,-5,-0.000738948454077827,0.00019644874332665755,0.0005139207856115777,-2.8578925139591802e-05,0.03867512677221439,5
0,2,2,-14,2,-2,-0.0009538753378151529,0.00019644874332665755,0.0007709839009291044,1.3557306440608978e-05,0.014212870280997018,5
0,4,2,-14,2,1,-0.00142210207358038,0.00019644874332665755,0.0011992510625692902,-2.640226768443237e-05,0.018565662883790218,5
0,1,2,-13,2,-5,-0.000738948454077827,0.00021328352758161109,0.0005139207856115777,-1.1744140884638213e-05,0.01589304479876658,5
0,2,2,-13,2,-2,-0.0009538753378151529,0.00021328352758161109,0.0007709839009291044,3.0392090695562568e-05,0.031861700885542875,5
0,4,2,-13,2,1,-0.00142210207358038,0.00021328352758161109,0.0011992510625692902,-9.567483429478779e-06,0.006727705139611418,5
0,8,2,-13,2,6,-0.002359676960396333,0.00021328352758161109,0.002122306963237751,-2.4086469576971043e-05,0.010207528395295882,5
0,1,2,-12,2,-5,-0.000738948454077827,0.00022661345866183688,0.0005139207856115777,1.5857901955875853e-06,0.002146009220043064,5
0,4,2,-12,2,1,-0.00142210207358038,0.00022661345866183688,0.0011992510625692902,3.762447650747019e-06,0.002645694511417473,5
0,8,2,-12,2,6,-0.002359676960396333,0.00022661345866183688,0.002122306963237751,-1.0756538496745245e-05,0.004558479265288317,5
0,1,2,-11,2,-5,-0.000738948454077827,0.00024159830799367046,0.0005139207856115777,1.6570639527421186e-05,0.022424621685013964,5
0,2,2,-11,2,-3,-0.0009538753378151529,0.00024159830799367046,0.0006883901588102036,-2.3886871011278817e-05,0.025041921165496937,5
0,4,2,-11,2,1,-0.00142210207358038,0.00024159830799367046,0.0011992510625692902,1.874729698258062e-05,0.013182806867991663,5
0,8,2,-11,2,6,-0.002359676960396333,0.00024159830799367046,0.002122306963237751,4.228310835088355e-06,0.001791902411242836,5
0,2,2,-10,2,-3,-0.0009538753378151529,0.00026814142169328853,0.0006883901588102036,2.656242688339229e-06,0.002784685359853564,5
0,3,2,-10,2,-1,-0.0011860096719051476,0.00026814142169328853,0.000894883579030094,-2.2984671181765096e-05,0.019379834520947582,5
0,5,2,-10,2,2,-0.0016579761203197167,0.00026814142169328853,0.0013846263257445758,-5.208372881852384e-06,0.0031414040395515617,5
0,6,2,-10,2,3,-0.0018886592089966776,0.00026814142169328853,0.0016105693803172012,-9.948406986187881e-06,0.005267444194695573,5
0,7,2,-10,2,4,-0.0021204201710575787,0.00026814142169328853,0.0018458787080848657,-6.400041279424479e-06,0.003018289189463992,5
0,8,2,-10,2,5,-0.002359676960396333,0.00026814142169328853,0.0020671941991908453,-2.4341339512198943e-05,0.010315538915170216,5
0,8,2,-10,2,6,-0.002359676960396333,0.00026814142169328853,0.002122306963237751,3.0771424534706184e-05,0.013040524212067483,5
0,9,2,-10,2,7,-0.0026068407810123807,0.00026814142169328853,0.002333641093116966,-5.05826620212594e-06,0.0019403817214189564,5
0,10,2,-10,2,8,-0.002860347040788969,0.00026814142169328853,0.0025823680571360795,-9.837561959601202e-06,0.003439289645387823,5
0,11,2,-10,2,9,-0.0031193002476985927,0.00026814142169328853,0.002837466283292238,-1.3692542713066372e-05,0.004389619987100849,5
0,12,2,-10,2,10,-0.003382501686215069,0.00026814142169328853,0.0030974669448516055,-1.689331967017491e-05,0.004994327050603215,5
0,13,2,-10,2,11,-0.0036476888013760762,0.00026814142169328853,0.0033613668070111803,-1.8180572671607637e-05,0.004984134793721736,5
0,14,2,-10,2,12,-0.003913251472813672,0.00026814142169328853,0.003627023623815877,-1.8086427304506505e-05,0.004621841307709816,5
0,15,2,-10,2,13,-0.004178287363000028,0.00026814142169328853,0.0038929098475402085,-1.7236093766530465e-05,0.00412515757512544,5
0,16,2,-10,2,14,-0.004442519754188167,0.00026814142169328853,0.004158149117255109,-1.6229215239769133e-05,0.003653155447304226,5
0,17,2,-10,2,15,-0.004706014722882456,0.00026814142169328853,0.004422542790612594,-1.533051057657324e-05,0.0032576418645760695,5
0,18,2,-10,2,16,-0.0049693743676990434,0.00026814142169328853,0.004686172344532099,-1.5060601473656371e-05,0.003030683615134805,5
0,19,2,-10,2,17,-0.005233627846213401,0.00026814142169328853,0.004949603322414242,-1.5883102105870156e-05,0.0030348168751360093,5
0,20,2,-10,2,18,-0.005499828254476584,0.00026814142169328853,0.00521391637956139,-1.7770453221905604e-05,0.003231092390465347,5
0,1,2,-9,2,-6,-0.000738948454077827,0.0003021884453905382,0.00042506408290257934,-1.1695925784709462e-05,0.01582779654002447,5
0,3,2,-9,2,-1,-0.0011860096719051476,0.0003021884453905382,0.000894883579030094,1.1062352515484519e-05,0.009327371249607518,5
0,5,2,-9,2,2,-0.0016579761203197167,0.0003021884453905382,0.0013846263257445758,2.883865081539723e-05,0.017393887922726,5
0,6,2,-9,2,3,-0.0018886592089966776,0.0003021884453905382,0.0016105693803172012,2.4098616711061734e-05,0.012759642711754107,5
0,7,2,-9,2,4,-0.0021204201710575787,0.0003021884453905382,0.0018458787080848657,2.7646982417825136e-05,0.01303844530211008,5
0,8,2,-9,2,5,-0.002359676960396333,0.0003021884453905382,0.0020671941991908453,9.705684185050672e-06,0.004113141056147151,5
0,9,2,-9,2,7,-0.0026068407810123807,0.0003021884453905382,0.002333641093116966,2.8988757495123675e-05,0.011120263924928217,5
0,10,2,-9,2,8,-0.002860347040788969,0.0003021884453905382,0.0025823680571360795,2.4209461737648846e-05,0.008463819736702703,5
0,11,2,-9,2,9,-0.0031193002476985927,0.0003021884453905382,0.002837466283292238,2.0354480984183677e-05,0.006525335609869916,5
0,12,2,-9,2,10,-0.003382501686215069,0.0003021884453905382,0.0030974669448516055,1.7153704027074706e-05,0.0050713068664480845,5
0,13,2,-9,2,11,-0.0036476888013760762,0.0003021884453905382,0.0033613668070111803,1.5866451025642412e-05,0.004349727153165274,5
0,14,2,-9,2,12,-0.003913251472813672,0.0003021884453905382,0.003627023623815877,1.596059639274311e-05,0.00407860228345286,5
0,15,2,-9,2,13,-0.004178287363000028,0.0003021884453905382,0.0038929098475402085,1.681092993071915e-05,0.004023402047351964,5
0,16,2,-9,2,14,-0.004442519754188167,0.0003021884453905382,0.004158149117255109,1.781780845748048e-05,0.004010743776813332,5
0,17,2,-9,2,15,-0.004706014722882456,0.0003021884453905382,0.004422542790612594,1.8716513120676376e-05,0.00397714716651214,5
0,18,2,-9,2,16,-0.0049693743676990434,0.0003021884453905382,0.004686172344532099,1.8986422223593244e-05,0.0038206866335136827,5
0,19,2,-9,2,17,-0.005233627846213401,0.0003021884453905382,0.004949603322414242,1.816392159137946e-05,0.0034706177292528157,5
0,20,2,-9,2,18,-0.005499828254476584,0.0003021884453905382,0.00521391637956139,1.627657047534401e-05,0.0029594688637951012,5
0,1,2,-8,2,-6,-0.000738948454077827,0.0003326425567156908,0.00042506408290257934,1.8758185540443157e-05,0.025384971626813257,5
0,2,2,-8,2,-4,-0.0009538753378151529,0.0003326425567156908,0.0006184286779740842,-2.804103125377943e-06,0.002939695591460335,5
0,1,2,-7,2,-7,-0.000738948454077827,0.00036286508921045974,0.00036286508921045974,-1.3218275656907519e-05,0.017887953596713732,5
0,2,2,-7,2,-4,-0.0009538753378151529,0.00036286508921045974,0.0006184286779740842,2.7418429369391144e-05,0.02874424810289459,5
0,4,2,-7,2,0,-0.00142210207358038,0.00036286508921045974,0.0010448703139708233,-1.4366670399096945e-05,0.010102418571774139,5
0,2,2,-6,2,-5,-0.0009538753378151529,0.00042506408290257934,0.0005139207856115777,-1.4890469300995893e-05,0.015610498259764682,5
0,3,2,-6,2,-2,-0.0011860096719051476,0.00042506408290257934,0.0007709839009291044,1.0038311926536007e-05,0.008463937659471997,5
0,3,2,-5,2,-3,-0.0011860096719051476,0.0005139207856115777,0.0006883901588102036,1.630127251663364e-05,0.013744637082468373,5
0,4,2,-5,2,-1,-0.00142210207358038,0.0005139207856115777,0.000894883579030094,-1.3297708938708307e-05,0.00935074154362851,5
0,6,2,-5,2,2,-0.0018886592089966776,0.0005139207856115777,0.0013846263257445758,9.88790235947586e-06,0.005235408438099672,5
0,7,2,-5,2,3,-0.0021204201710575787,0.0005139207856115777,0.0016105693803172012,4.0699948712003865e-06,0.0019194284825023334,5
0,8,2,-5,2,4,-0.002359676960396333,0.0005139207856115777,0.0018458787080848657,1.225333001102051e-07,5.192799784324051e-05,5
0,9,2,-5,2,5,-0.0026068407810123807,0.0005139207856115777,0.0020671941991908453,-2.5725796209957654e-05,0.00986857210357393,5
0,9,2,-5,2,6,-0.0026068407810123807,0.0005139207856115777,0.002122306963237751,2.9386967836947907e-05,0.011273019837266517,5
0,10,2,-5,2,7,-0.002860347040788969,0.0005139207856115777,0.002333641093116966,-1.2785162060425376e-05,0.0044697940068485,5
0,11,2,-5,2,8,-0.0031193002476985927,0.0005139207856115777,0.0025823680571360795,-2.3011404950935496e-05,0.007377104838789795,5
0,12,2,-5,2,9,-0.003382501686215069,0.0005139207856115777,0.002837466283292238,-3.1114617311253385e-05,0.009198699719221671,5
0,5,2,-4,2,0,-0.0016579761203197167,0.0006184286779740842,0.0010448703139708233,5.322871625190739e-06,0.003210463383612727,5
0,6,2,-3,2,1,-0.0018886592089966776,0.0006883901588102036,0.0011992510625692902,-1.0179876171838558e-06,0.000539000160714355,5
0,5,2,-2,2,-1,-0.0016579761203197167,0.0007709839009291044,0.000894883579030094,7.891359639481711e-06,0.00475963407600827,5
0,8,2,-2,2,3,-0.002359676960396333,0.0007709839009291044,0.0016105693803172012,2.187632084997256e-05,0.009270896490127275,5
0,9,2,-2,2,4,-0.0026068407810123807,0.0007709839009291044,0.0018458787080848657,1.0021828001589416e-05,0.003844434257199776,5
0,10,2,-2,2,5,-0.002860347040788969,0.0007709839009291044,0.0020671941991908453,-2.2168940669019168e-05,0.00775043739549321,5
0,11,2,-2,2,7,-0.0031193002476985927,0.0007709839009291044,0.002333641093116966,-1.4675253652522181e-05,0.004704662099568493,5
0,12,2,-2,2,8,-0.003382501686215069,0.0007709839009291044,0.0025823680571360795,-2.9149728149885454e-05,0.008617801513205818,5
0,7,2,-1,2,1,-0.0021204201710575787,0.000894883579030094,0.0011992510625692902,-2.628552945819476e-05,0.012396377763697944,5
0,7,2,0,2,0,-0.0021204201710575787,0.0010448703139708233,0.0010448703139708233,-3.067954311593204e-05,0.014468615010689292,5
0,10,2,0,2,4,-0.002860347040788969,0.0010448703139708233,0.0018458787080848657,3.0401981266720002e-05,0.010628773653400543,5
0,11,2,0,2,5,-0.0031193002476985927,0.0010448703139708233,0.0020671941991908453,-7.235734536923874e-06,0.002319665938622731,5
0,12,2,0,2,7,-0.003382501686215069,0.0010448703139708233,0.002333641093116966,-3.990279127279606e-06,0.0011796828198316802,5
0,13,2,0,2,8,-0.0036476888013760762,0.0010448703139708233,0.0025823680571360795,-2.045043026917357e-05,0.0056064076139002664,5
0,14,2,0,2,9,-0.003913251472813672,0.0010448703139708233,0.002837466283292238,-3.091487555061112e-05,0.007900048275809623,5
0,19,2,0,2,14,-0.005233627846213401,0.0010448703139708233,0.004158149117255109,-3.0608414987468545e-05,0.005848412590057228,5
0,9,2,1,2,2,-0.0026068407810123807,0.0011992510625692902,0.0013846263257445758,-2.2963392698514742e-05,0.008808897292759393,5
0,13,2,3,2,5,-0.0036476888013760762,0.0016105693803172012,0.0020671941991908453,3.0074778131970042e-05,0.008244885945485385,5
0,14,2,3,2,7,-0.003913251472813672,0.0016105693803172012,0.002333641093116966,3.095900062049465e-05,0.007911324083201526,5
0,15,2,3,2,8,-0.004178287363000028,0.0016105693803172012,0.0025823680571360795,1.4650074453253191e-05,0.003506239083262664,5
0,16,2,3,2,9,-0.004442519754188167,0.0016105693803172012,0.002837466283292238,5.51590942127287e-06,0.0012416173087520365,5
0,17,2,3,2,10,-0.004706014722882456,0.0016105693803172012,0.0030974669448516055,2.021602286350621e-06,0.00042957840240507797,5
0,18,2,3,2,11,-0.0049693743676990434,0.0016105693803172012,0.0033613668070111803,2.561819629338241e-06,0.0005155215606193972,5
0,19,2,3,2,12,-0.005233627846213401,0.0016105693803172012,0.003627023623815877,3.965157919677206e-06,0.0007576308511401036,5
0,20,2,3,2,13,-0.005499828254476584,0.0016105693803172012,0.0038929098475402085,3.650973380825602e-06,0.0006638340711555662,5
0,14,2,4,2,5,-0.003913251472813672,0.0018458787080848657,0.0020671941991908453,-1.7856553796106317e-07,4.5630989779625e-05,5
0,15,2,4,2,7,-0.004178287363000028,0.0018458787080848657,0.002333641093116966,1.2324382018041521e-06,0.0002949625276417696,5
0,16,2,4,2,8,-0.004442519754188167,0.0018458787080848657,0.0025823680571360795,-1.4272988967221553e-05,0.003212813843712401,5
0,17,2,4,2,9,-0.004706014722882456,0.0018458787080848657,0.002837466283292238,-2.2669731505352286e-05,0.00481718244422894,5
0,18,2,4,2,10,-0.0049693743676990434,0.0018458787080848657,0.0030974669448516055,-2.6028714762572035e-05,0.0052378252948215775,5
0,19,2,4,2,11,-0.005233627846213401,0.0018458787080848657,0.0033613668070111803,-2.638233111735503e-05,0.0050409260827444955,5
0,20,2,4,2,12,-0.005499828254476584,0.0018458787080848657,0.003627023623815877,-2.6925922575840935e-05,0.004895775164238008,5
0,15,2,5,2,6,-0.004178287363000028,0.0020671941991908453,0.002122306963237751,1.121379942856885e-05,0.0026838267582719095,5
0,16,2,6,2,7,-0.004442519754188167,0.002122306963237751,0.002333641093116966,1.3428302166550686e-05,0.0030226769737807494,5
0,17,2,6,2,8,-0.004706014722882456,0.002122306963237751,0.0025823680571360795,-1.3397025086254316e-06,0.00028467877546393597,5
0,18,2,6,2,9,-0.0049693743676990434,0.002122306963237751,0.002837466283292238,-9.601121169054531e-06,0.0019320583354439673,5
0,19,2,6,2,10,-0.005233627846213401,0.002122306963237751,0.0030974669448516055,-1.3853938124044896e-05,0.00264710035392914,5
0,20,2,6,2,11,-0.005499828254476584,0.002122306963237751,0.0033613668070111803,-1.615448422765276e-05,0.0029372706710439228,5
2,-1,0,1,2,-20,-0.000894883579030094,0.000738948454077827,0.0001393121823523654,-1.6622942599901552e-05,0.01857553651606623,5
2,-1,0,1,2,-19,-0.000894883579030094,0.000738948454077827,0.00014613674776618418,-9.798377186082813e-06,0.010949331751849369,5
2,-1,0,1,2,-18,-0.000894883579030094,0.000738948454077827,0.00015542391434663602,-5.112106056309393e-07,0.000571259343237706,5
2,-1,0,1,2,-17,-0.000894883579030094,0.000738948454077827,0.0001654511913622877,9.516066410020707e-06,0.010633859680758195,5
2,-1,0,1,2,-16,-0.000894883579030094,0.000738948454077827,0.00017249671507286419,1.6561590120597143e-05,0.018506977341731057,5
2,-1,0,1,2,-15,-0.000894883579030094,0.000738948454077827,0.0001819548751341122,2.60197501818452e-05,0.029076128774254986,5
2,0,0,1,2,-9,-0.0010448703139708233,0.000738948454077827,0.0003021884453905382,-3.7334145024580864e-06,0.0035730888824566003,5
2,0,0,1,2,-8,-0.0010448703139708233,0.000738948454077827,0.0003326425567156908,2.6720696822694423e-05,0.025573218480241525,5
2,2,0,1,2,-4,-0.0013846263257445758,0.000738948454077827,0.0006184286779740842,-2.7249193692664578e-05,0.019679817714004146,5
2,3,0,1,2,-1,-0.0016105693803172012,0.000738948454077827,0.000894883579030094,2.3262652790719722e-05,0.014443744600520189,5
2,6,0,1,2,2,-0.002122306963237751,0.000738948454077827,0.0013846263257445758,1.2678165846520019e-06,0.0005973766314736324,5
2,7,0,1,2,3,-0.002333641093116966,0.000738948454077827,0.0016105693803172012,1.5876741278062108e-05,0.00680342033952448,5
2,8,0,1,2,4,-0.0025823680571360795,0.000738948454077827,0.0018458787080848657,2.459105026613069e-06,0.000952267442984207,5
2,9,0,1,2,6,-0.002837466283292238,0.000738948454077827,0.002122306963237751,2.3789134023339924e-05,0.008383935401599913,5
2,10,0,1,2,7,-0.0030974669448516055,0.000738948454077827,0.002333641093116966,-2.48773976568124e-05,0.00803152966592973,5
2,1,0,2,2,-12,-0.0011992510625692902,0.0009538753378151529,0.00022661345866183688,-1.8762266092300396e-05,0.01564498600660306,5
2,1,0,2,2,-11,-0.0011992510625692902,0.0009538753378151529,0.00024159830799367046,-3.777416760466796e-06,0.003149813144525394,5
2,1,0,2,2,-10,-0.0011992510625692902,0.0009538753378151529,0.00026814142169328853,2.276569693915125e-05,0.01898326184542021,5
2,2,0,2,2,-6,-0.0013846263257445758,0.0009538753378151529,0.00042506408290257934,-5.686905026843587e-06,0.00410717673144448,5
2,4,0,2,2,-1,-0.0018458787080848657,0.0009538753378151529,0.000894883579030094,2.8802087603811873e-06,0.0015603456217171813,5
2,6,0,2,2,1,-0.002122306963237751,0.0009538753378151529,0.0011992510625692902,3.081943714669218e-05,0.014521668015297202,5
2,7,0,2,2,2,-0.002333641093116966,0.0009538753378151529,0.0013846263257445758,4.860570442762665e-06,0.002082826899602871,5
2,8,0,2,2,3,-0.0025823680571360795,0.0009538753378151529,0.0016105693803172012,-1.7923339003725683e-05,0.00694066012557605,5
2,10,0,2,2,6,-0.0030974669448516055,0.0009538753378151529,0.002122306963237751,-2.1284643798701736e-05,0.006871629036777807,5
2,2,0,3,2,-16,-0.0013846263257445758,0.0011860096719051476,0.00017249671507286419,-2.6119938766563846e-05,0.018864251156367393,5
2,2,0,3,2,-15,-0.0013846263257445758,0.0011860096719051476,0.0001819548751341122,-1.6661778705316004e-05,0.012033411755591326,5
2,2,0,3,2,-14,-0.0013846263257445758,0.0011860096719051476,0.00019644874332665755,-2.1679105127706162e-06,0.0015657007760594421,5
2,2,0,3,2,-13,-0.0013846263257445758,0.0011860096719051476,0.00021328352758161109,1.4666873742182973e-05,0.010592658444722215,5
2,2,0,3,2,-12,-0.0013846263257445758,0.0011860096719051476,0.00022661345866183688,2.799680482240877e-05,0.020219754818942674,5
2,3,0,3,2,-6,-0.0016105693803172012,0.0011860096719051476,0.00042506408290257934,5.043744905257417e-07,0.0003131653294106493,5
2,4,0,3,2,-3,-0.0018458787080848657,0.0011860096719051476,0.0006883901588102036,2.8521122630485512e-05,0.015451244171983933,5
2,5,0,3,2,-1,-0.0020671941991908453,0.0011860096719051476,0.000894883579030094,1.3699051744396357e-05,0.006626881862264576,5
2,8,0,3,2,2,-0.0025823680571360795,0.0011860096719051476,0.0013846263257445758,-1.1732059486356354e-05,0.004543139950146202,5
2,3,0,4,2,-17,-0.0016105693803172012,0.00142210207358038,0.0001654511913622877,-2.3016115374533547e-05,0.014290669905819599,5
2,3,0,4,2,-16,-0.0016105693803172012,0.00142210207358038,0.00017249671507286419,-1.5970591663956894e-05,0.009916115293841914,5
2,3,0,4,2,-15,-0.0016105693803172012,0.00142210207358038,0.0001819548751341122,-6.512431602709052e-06,0.004043558559039804,5
2,3,0,4,2,-14,-0.0016105693803172012,0.00142210207358038,0.00019644874332665755,7.981436589836336e-06,0.00495566144953308,5
2,3,0,4,2,-13,-0.0016105693803172012,0.00142210207358038,0.00021328352758161109,2.4816220844789925e-05,0.015408352566532947,5
2,4,0,4,2,-6,-0.0018458787080848657,0.00142210207358038,0.00042506408290257934,1.2874483980936016e-06,0.0006974718287039314,5
2,5,0,4,2,-4,-0.0020671941991908453,0.00142210207358038,0.0006184286779740842,-2.6663447636381208e-05,0.012898375801759693,5
2,6,0,4,2,-3,-0.002122306963237751,0.00142210207358038,0.0006883901588102036,-1.1814730847167255e-05,0.005566928371729473,5
2,7,0,4,2,-1,-0.002333641093116966,0.00142210207358038,0.000894883579030094,-1.665544050649193e-05,0.007137104568314666,5
2,9,0,4,2,2,-0.002837466283292238,0.00142210207358038,0.0013846263257445758,-3.0737883967282484e-05,0.01083286315974057,5
2,4,0,5,2,-17,-0.0018458787080848657,0.0016579761203197167,0.0001654511913622877,-2.245139640286143e-05,0.012162985739271666,5
2,4,0,5,2,-16,-0.0018458787080848657,0.0016579761203197167,0.00017249671507286419,-1.5405872692284776e-05,0.008346091552390602,5
2,4,0,5,2,-15,-0.0018458787080848657,0.0016579761203197167,0.0001819548751341122,-5.947712631036934e-06,0.0032221578833897483,5
2,4,0,5,2,-14,-0.0018458787080848657,0.0016579761203197167,0.00019644874332665755,8.546155561508454e-06,0.004629857597943287,5
2,4,0,5,2,-13,-0.0018458787080848657,0.0016579761203197167,0.00021328352758161109,2.5380939816462044e-05,0.013750058281345718,5
2,5,0,5,2,-6,-0.0020671941991908453,0.0016579761203197167,0.00042506408290257934,1.584600403145087e-05,0.00766546463687515,5
2,7,0,5,2,-3,-0.002333641093116966,0.0016579761203197167,0.0006883901588102036,1.2725186012954495e-05,0.005452931922773905,5
2,8,0,5,2,-1,-0.0025823680571360795,0.0016579761203197167,0.000894883579030094,-2.9508357786268632e-05,0.01142685981757157,5
2,9,0,5,2,1,-0.002837466283292238,0.0016579761203197167,0.0011992510625692902,1.9760899596768782e-05,0.006964276443785872,5
2,5,0,6,2,-18,-0.0020671941991908453,0.0018886592089966776,0.00015542391434663602,-2.311107584753152e-05,0.011179924874294736,5
2,5,0,6,2,-17,-0.0020671941991908453,0.0018886592089966776,0.0001654511913622877,-1.308379883188009e-05,0.006329254811667639,5
2,5,0,6,2,-16,-0.0020671941991908453,0.0018886592089966776,0.00017249671507286419,-6.038275121303654e-06,0.002921000418667581,5
2,5,0,6,2,-15,-0.0020671941991908453,0.0018886592089966776,0.0001819548751341122,3.419884939944405e-06,0.001654360747182359,5
2,5,0,6,2,-14,-0.0020671941991908453,0.0018886592089966776,0.00019644874332665755,1.791375313249001e-05,0.008665733069250062,5
2,6,0,6,2,-13,-0.002122306963237751,0.0018886592089966776,0.00021328352758161109,-2.036422665946218e-05,0.009595325752687022,5
2,6,0,6,2,-12,-0.002122306963237751,0.0018886592089966776,0.00022661345866183688,-7.0342955792363805e-06,0.0033144571926131713,5
2,6,0,6,2,-11,-0.002122306963237751,0.0018886592089966776,0.00024159830799367046,7.95055375259722e-06,0.003746184642615509,5
2,7,0,6,2,-6,-0.002333641093116966,0.0018886592089966776,0.00042506408290257934,-1.991780121770887e-05,0.008535074770690352,5
2,8,0,6,2,-3,-0.0025823680571360795,0.0018886592089966776,0.0006883901588102036,-5.318689329198573e-06,0.002059617069108713,5
2,10,0,6,2,1,-0.0030974669448516055,0.0018886592089966776,0.0011992510625692902,-9.55667328563772e-06,0.0030853188930787976,5
2,7,0,7,2,-14,-0.002333641093116966,0.0021204201710575787,0.00019644874332665755,-1.677217873272954e-05,0.007187128638674897,5
2,7,0,7,2,-13,-0.002333641093116966,0.0021204201710575787,0.00021328352758161109,6.260552222383392e-08,2.6827399641053556e-05,5
2,7,0,7,2,-12,-0.002333641093116966,0.0021204201710575787,0.00022661345866183688,1.3392536602449632e-05,0.005738901599715006,5
2,7,0,7,2,-11,-0.002333641093116966,0.0021204201710575787,0.00024159830799367046,2.8377385934283232e-05,0.012160132943314137,5
2,9,0,7,2,-3,-0.002837466283292238,0.0021204201710575787,0.0006883901588102036,-2.865595342445553e-05,0.01009913442608621,5
2,14,0,7,2,5,-0.004158149117255109,0.0021204201710575787,0.0020671941991908453,2.9465252993314886e-05,0.00708614630270056,5
2,16,0,7,2,8,-0.004686172344532099,0.0021204201710575787,0.0025823680571360795,1.6615883661559062e-05,0.0035457261150343184,5
2,17,0,7,2,9,-0.004949603322414242,0.0021204201710575787,0.002837466283292238,8.283131935574e-06,0.0016734940955902258,5
2,18,0,7,2,10,-0.00521391637956139,0.0021204201710575787,0.0030974669448516055,3.970736347794213e-06,0.0007615650230524492,5
2,19,0,7,2,11,-0.0054802146612408995,0.0021204201710575787,0.0033613668070111803,1.5723168278591187e-06,0.00028690789048454806,5
2,20,0,7,2,12,-0.005748811796314598,0.0021204201710575787,0.003627023623815877,-1.3680014411421998e-06,0.00023796246765621847,5
2,8,0,8,2,-14,-0.0025823680571360795,0.002359676960396333,0.00019644874332665755,-2.624235341308883e-05,0.01016212748627024,5
2,8,0,8,2,-13,-0.0025823680571360795,0.002359676960396333,0.00021328352758161109,-9.407569158135457e-06,0.0036430009007192886,5
2,8,0,8,2,-12,-0.0025823680571360795,0.002359676960396333,0.00022661345866183688,3.922361922090341e-06,0.0015189011927449075,5
2,8,0,8,2,-11,-0.0025823680571360795,0.002359676960396333,0.00024159830799367046,1.890721125392394e-05,0.0073216562610724754,5
2,15,0,8,2,5,-0.004422542790612594,0.002359676960396333,0.0020671941991908453,4.328368974584017e-06,0.0009787059570732762,5
2,16,0,8,2,7,-0.004686172344532099,0.002359676960396333,0.002333641093116966,7.145708981200205e-06,0.0015248498040277868,5
2,17,0,8,2,8,-0.004949603322414242,0.002359676960396333,0.0025823680571360795,-7.5583048818302426e-06,0.0015270526524019641,5
2,18,0,8,2,9,-0.00521391637956139,0.002359676960396333,0.002837466283292238,-1.677313587281938e-05,0.003216993647725203,5
2,19,0,8,2,10,-0.0054802146612408995,0.002359676960396333,0.0030974669448516055,-2.3070755992960976e-05,0.0042098270631860625,5
2,20,0,8,2,11,-0.005748811796314598,0.002359676960396333,0.0033613668070111803,-2.7768028907085122e-05,0.004830220555295692,5
2,9,0,9,2,-13,-0.002837466283292238,0.0026068407810123807,0.00021328352758161109,-1.7341974698246304e-05,0.006111781768248842,5
2,9,0,9,2,-12,-0.002837466283292238,0.0026068407810123807,0.00022661345866183688,-4.012043618020506e-06,0.001413952878187309,5
2,9,0,9,2,-11,-0.002837466283292238,0.0026068407810123807,0.00024159830799367046,1.0972805713813094e-05,0.003867114044111789,5
2,10,0,9,2,-5,-0.0030974669448516055,0.0026068407810123807,0.0005139207856115777,2.329462177235288e-05,0.007520539262274157,5
2,11,0,9,2,-2,-0.0033613668070111803,0.0026068407810123807,0.0007709839009291044,1.6457874930304525e-05,0.004896185354117405,5
2,12,0,9,2,0,-0.003627023623815877,0.0026068407810123807,0.0010448703139708233,2.4687471167326742e-05,0.006806537185262067,5
2,15,0,9,2,4,-0.004422542790612594,0.0026068407810123807,0.0018458787080848657,3.0176698484651876e-05,0.006823381912483861,5
2,16,0,9,2,5,-0.004686172344532099,0.0026068407810123807,0.0020671941991908453,-1.2137364328872365e-05,0.002590037974816363,5
2,17,0,9,2,7,-0.004949603322414242,0.0026068407810123807,0.002333641093116966,-9.121448284895271e-06,0.0018428645066542726,5
2,18,0,9,2,8,-0.00521391637956139,0.0026068407810123807,0.0025823680571360795,-2.4707541412929794e-05,0.004738768252936244,5
2,10,0,10,2,-13,-0.0030974669448516055,0.002860347040788969,0.00021328352758161109,-2.3836376481025344e-05,0.007695441761095954,5
2,10,0,10,2,-12,-0.0030974669448516055,0.002860347040788969,0.00022661345866183688,-1.0506445400799546e-05,0.00339194754548152,5
2,10,0,10,2,-11,-0.0030974669448516055,0.002860347040788969,0.00024159830799367046,4.478403931034054e-06,0.001445827836347938,5
2,10,0,10,2,-10,-0.0030974669448516055,0.002860347040788969,0.00026814142169328853,3.102151763065232e-05,0.010015124675410703,5
2,11,0,10,2,-5,-0.0033613668070111803,0.002860347040788969,0.0005139207856115777,1.2901019389366473e-05,0.0038380278410726754,5
2,12,0,10,2,-2,-0.003627023623815877,0.002860347040788969,0.0007709839009291044,4.30731790219659e-06,0.001187562681950496,5
2,13,0,10,2,0,-0.0038929098475402085,0.002860347040788969,0.0010448703139708233,1.2307507219584072e-05,0.0031615186843745556,5
2,16,0,10,2,4,-0.004686172344532099,0.002860347040788969,0.0018458787080848657,2.005340434173622e-05,0.004279271624556202,5
2,17,0,10,2,5,-0.004949603322414242,0.002860347040788969,0.0020671941991908453,-2.2062082434427983e-05,0.004457343548021314,5
2,18,0,10,2,7,-0.00521391637956139,0.002860347040788969,0.002333641093116966,-1.9928245655454965e-05,0.003822126057405506,5
2,11,0,11,2,-13,-0.0033613668070111803,0.0031193002476985927,0.00021328352758161109,-2.878303173097646e-05,0.00856289521004981,5
2,11,0,11,2,-12,-0.0033613668070111803,0.0031193002476985927,0.00022661345866183688,-1.5453100650750663e-05,0.004597266986309972,5
2,11,0,11,2,-11,-0.0033613668070111803,0.0031193002476985927,0.00024159830799367046,-4.682513189170623e-07,0.00013930384447790044,5
2,11,0,11,2,-10,-0.0033613668070111803,0.0031193002476985927,0.00026814142169328853,2.6074862380700767e-05,0.007757220166009106,5
2,12,0,11,2,-5,-0.003627023623815877,0.0031193002476985927,0.0005139207856115777,6.197409494293395e-06,0.001708676352036907,5
2,13,0,11,2,-2,-0.0038929098475402085,0.0031193002476985927,0.0007709839009291044,-2.6256989125116557e-06,0.0006744823320711476,5
2,14,0,11,2,0,-0.004158149117255109,0.0031193002476985927,0.0010448703139708233,6.021444414306722e-06,0.00144810689672467,5
2,17,0,11,2,4,-0.004949603322414242,0.0031193002476985927,0.0018458787080848657,1.5575633369215892e-05,0.00314684477818288,5
2,18,0,11,2,5,-0.00521391637956139,0.0031193002476985927,0.0020671941991908453,-2.7421932671951518e-05,0.005259373314740106,5
2,18,0,11,2,6,-0.00521391637956139,0.0031193002476985927,0.002122306963237751,2.769083137495361e-05,0.005310946582016922,5
2,19,0,11,2,7,-0.0054802146612408995,0.0031193002476985927,0.002333641093116966,-2.727332042534031e-05,0.004976688343657826,5
2,12,0,12,2,-13,-0.003627023623815877,0.003382501686215069,0.00021328352758161109,-3.123841001919682e-05,0.008612684465046818,5
2,12,0,12,2,-12,-0.003627023623815877,0.003382501686215069,0.00022661345866183688,-1.790847893897102e-05,0.004937513729268208,5
2,12,0,12,2,-11,-0.003627023623815877,0.003382501686215069,0.00024159830799367046,-2.9236296071374207e-06,0.0008060685317680844,5
2,12,0,12,2,-10,-0.003627023623815877,0.003382501686215069,0.00026814142169328853,2.3619484092480842e-05,0.006512084436778917,5
2,13,0,12,2,-5,-0.0038929098475402085,0.003382501686215069,0.0005139207856115777,3.5126242864383025e-06,0.000902313288518049,5
2,14,0,12,2,-2,-0.004158149117255109,0.003382501686215069,0.0007709839009291044,-4.66353011093542e-06,0.0011215398917713477,5
2,15,0,12,2,0,-0.004422542790612594,0.003382501686215069,0.0010448703139708233,4.829209573298417e-06,0.0010919531595147082,5
2,18,0,12,2,4,-0.00521391637956139,0.003382501686215069,0.0018458787080848657,1.4464014738545077e-05,0.0027741171291592198,5
2,19,0,12,2,5,-0.0054802146612408995,0.003382501686215069,0.0020671941991908453,-3.051877583498501e-05,0.005568901534246573,5
2,19,0,12,2,6,-0.0054802146612408995,0.003382501686215069,0.002122306963237751,2.4593988211920118e-05,0.00448777825910039,5
2,13,0,13,2,-12,-0.0038929098475402085,0.0036476888013760762,0.00022661345866183688,-1.8607587502295422e-05,0.00477986602080007,5
2,13,0,13,2,-11,-0.0038929098475402085,0.0036476888013760762,0.00024159830799367046,-3.622738170461822e-06,0.000930599040907896,5
2,13,0,13,2,-10,-0.0038929098475402085,0.0036476888013760762,0.00026814142169328853,2.2920375529156007e-05,0.005887723175413008,5
2,14,0,13,2,-5,-0.004158149117255109,0.0036476888013760762,0.0005139207856115777,3.4604697325447964e-06,0.0008322139574516108,5
2,15,0,13,2,-2,-0.004422542790612594,0.0036476888013760762,0.0007709839009291044,-3.870088307413901e-06,0.000875082162150845,5
2,16,0,13,2,0,-0.004686172344532099,0.0036476888013760762,0.0010448703139708233,6.386770814800595e-06,0.0013628971248257188,5
2,19,0,13,2,4,-0.0054802146612408995,0.0036476888013760762,0.0018458787080848657,1.3352848220042277e-05,0.0024365556908711957,5
2,20,0,13,2,6,-0.005748811796314598,0.0036476888013760762,0.002122306963237751,2.1183968299229132e-05,0.003684929868953021,5
2,14,0,14,2,-12,-0.004158149117255109,0.003913251472813672,0.00022661345866183688,-1.8284185779599525e-05,0.004397193381960611,5
2,14,0,14,2,-11,-0.004158149117255109,0.003913251472813672,0.00024159830799367046,-3.2993364477663586e-06,0.0007934627534339912,5
2,14,0,14,2,-10,-0.004158149117255109,0.003913251472813672,0.00026814142169328853,2.324377725185147e-05,0.005589933548894761,5
2,15,0,14,2,-5,-0.004422542790612594,0.003913251472813672,0.0005139207856115777,4.629467812655719e-06,0.001046788698683108,5
2,16,0,14,2,-2,-0.004686172344532099,0.003913251472813672,0.0007709839009291044,-1.936970789322319e-06,0.0004133375059460644,5
2,17,0,14,2,0,-0.004949603322414242,0.003913251472813672,0.0010448703139708233,8.518464370253082e-06,0.0017210398117516363,5
2,20,0,14,2,4,-0.005748811796314598,0.003913251472813672,0.0018458787080848657,1.0318384583939827e-05,0.0017948725666327525,5
2,15,0,15,2,-13,-0.004422542790612594,0.004178287363000028,0.00021328352758161109,-3.097190003095544e-05,0.007003188323400107,5
2,15,0,15,2,-12,-0.004422542790612594,0.004178287363000028,0.00022661345866183688,-1.764196895072921e-05,0.003989100792461866,5
2,15,0,15,2,-11,-0.004422542790612594,0.004178287363000028,0.00024159830799367046,-2.657119618896045e-06,0.0006008126421153272,5
2,15,0,15,2,-10,-0.004422542790612594,0.004178287363000028,0.00026814142169328853,2.3885994080721784e-05,0.005400963927680434,5
2,16,0,15,2,-5,-0.004686172344532099,0.004178287363000028,0.0005139207856115777,6.035804079506692e-06,0.0012880030087987194,5
2,17,0,15,2,-2,-0.004949603322414242,0.004178287363000028,0.0007709839009291044,-3.3205848511044106e-07,6.708789845980519e-05,5
2,18,0,15,2,0,-0.00521391637956139,0.004178287363000028,0.0010448703139708233,9.241297409460884e-06,0.0017724291562647365,5
2,16,0,16,2,-13,-0.004686172344532099,0.004442519754188167,0.00021328352758161109,-3.036906276232109e-05,0.006480568901345722,5
2,16,0,16,2,-12,-0.004686172344532099,0.004442519754188167,0.00022661345866183688,-1.703913168209486e-05,0.0036360446072745043,5
2,16,0,16,2,-11,-0.004686172344532099,0.004442519754188167,0.00024159830799367046,-2.054282350261692e-06,0.0004383710626133206,5
2,16,0,16,2,-10,-0.004686172344532099,0.004442519754188167,0.00026814142169328853,2.4488831349356137e-05,0.005225764130918083,5
2,17,0,16,2,-5,-0.004949603322414242,0.004442519754188167,0.0005139207856115777,6.837217385501949e-06,0.0013813667359037966,5
2,18,0,16,2,-2,-0.00521391637956139,0.004442519754188167,0.0007709839009291044,-4.1272444411925846e-07,7.915824000115208e-05,5
2,19,0,16,2,0,-0.0054802146612408995,0.004442519754188167,0.0010448703139708233,7.175406918090259e-06,0.0013093295357276228,5
2,17,0,17,2,-13,-0.004949603322414242,0.004706014722882456,0.00021328352758161109,-3.030507195017542e-05,0.0061227274139200455,5
2,17,0,17,2,-12,-0.004949603322414242,0.004706014722882456,0.00022661345866183688,-1.697514086994919e-05,0.0034295962250302744,5
2,17,0,17,2,-11,-0.004949603322414242,0.004706014722882456,0.00024159830799367046,-1.990291538116022e-06,0.00040211132255851725,5
2,17,0,17,2,-10,-0.004949603322414242,0.004706014722882456,0.00026814142169328853,2.4552822161501807e-05,0.004960563617353845,5
2,18,0,17,2,-5,-0.00521391637956139,0.004706014722882456,0.0005139207856115777,6.019128932643544e-06,0.001154435264101779,5
2,19,0,17,2,-2,-0.0054802146612408995,0.004706014722882456,0.0007709839009291044,-3.2160374293394717e-06,0.0005868451562828482,5
2,20,0,17,2,0,-0.005748811796314598,0.004706014722882456,0.0010448703139708233,2.0732405386809927e-06,0.00036063809568615365,5
2,18,0,18,2,-13,-0.00521391637956139,0.0049693743676990434,0.00021328352758161109,-3.125848428073546e-05,0.00599520245534989,5
2,18,0,18,2,-12,-0.00521391637956139,0.0049693743676990434,0.00022661345866183688,-1.7928553200510094e-05,0.003438596228890479,5
2,18,0,18,2,-11,-0.00521391637956139,0.0049693743676990434,0.00024159830799367046,-2.9437038686760605e-06,0.000564585937782856,5
2,18,0,18,2,-10,-0.00521391637956139,0.0049693743676990434,0.00026814142169328853,2.359940983094177e-05,0.004526234813326067,5
2,19,0,18,2,-5,-0.0054802146612408995,0.0049693743676990434,0.0005139207856115777,3.080492069721698e-06,0.0005621115704661419,5
2,20,0,18,2,-2,-0.005748811796314598,0.0049693743676990434,0.0007709839009291044,-8.453527686450371e-06,0.0014704825946588982,5
2,19,0,19,2,-12,-0.0054802146612408995,0.005233627846213401,0.00022661345866183688,-1.9973356365662193e-05,0.0036446302928468816,5
2,19,0,19,2,-11,-0.0054802146612408995,0.005233627846213401,0.00024159830799367046,-4.988507033828159e-06,0.0009102758454170841,5
2,19,0,19,2,-10,-0.0054802146612408995,0.005233627846213401,0.00026814142169328853,2.155460666578967e-05,0.003933168315145707,5
2,20,0,19,2,-5,-0.005748811796314598,0.005233627846213401,0.0005139207856115777,-1.2631644896194533e-06,0.00021972618592753943,5
2,20,0,20,2,-12,-0.005748811796314598,0.005499828254476584,0.00022661345866183688,-2.2370083176177606e-05,0.0038912533526525325,5
2,20,0,20,2,-11,-0.005748811796314598,0.005499828254476584,0.00024159830799367046,-7.385233844343572e-06,0.0012846539608546653,5
2,20,0,20,2,-10,-0.005748811796314598,0.005499828254476584,0.00026814142169328853,1.9157879855274257e-05,0.003332493832474362,5
0,2,3,-20,3,-4,-0.0009538753378151529,0.00019605922281280496,0.0007440788469309187,-1.3737268071429198e-05,0.014401533960291235,7
0,3,3,-20,3,-1,-0.0011860096719051476,0.00019605922281280496,0.000998084207166912,8.133758074569493e-06,0.00685808747369136,7
0,5,3,-20,3,2,-0.0016579761203197167,0.00019605922281280496,0.0014462919592611418,-1.5624938245769812e-05,0.009424103311425722,7
0,6,3,-20,3,3,-0.0018886592089966776,0.00019605922281280496,0.0016875888535549334,-5.011132628939159e-06,0.0026532751938880754,7
0,7,3,-20,3,4,-0.0021204201710575787,0.00019605922281280496,0.0019293062769633813,4.9453287186075785e-06,0.002332239990030396,7
0,8,3,-20,3,5,-0.002359676960396333,0.00019605922281280496,0.002171276389406632,7.65865182310397e-06,0.003245635716940516,7
0,9,3,-20,3,6,-0.0026068407810123807,0.00019605922281280496,0.0024186606766848882,7.879118485312406e-06,0.0030224778370440053,7
0,10,3,-20,3,8,-0.002860347040788969,0.00019605922281280496,0.002675512320323371,1.1224502347206584e-05,0.003924174999447106,7
0,11,3,-20,3,9,-0.0031193002476985927,0.00019605922281280496,0.0029334778136359597,1.0236788750171786e-05,0.003281758066644738,7
0,12,3,-20,3,10,-0.003382501686215069,0.00019605922281280496,0.003196341902933452,9.899439531187767e-06,0.0029266621126994856,7
0,13,3,-20,3,11,-0.0036476888013760762,0.00019605922281280496,0.003462185480912929,1.0555902349657434e-05,0.0028938604482036025,7
0,14,3,-20,3,12,-0.003913251472813672,0.00019605922281280496,0.0037290325328913905,1.1840282890523447e-05,0.003025689244041899,7
0,15,3,-20,3,13,-0.004178287363000028,0.00019605922281280496,0.0039955884824074,1.336034222017713e-05,0.0031975642313372024,7
0,16,3,-20,3,14,-0.004442519754188167,0.00019605922281280496,0.00426138436982716,1.4923838451798462e-05,0.0033593184223275714,7
0,17,3,-20,3,15,-0.004706014722882456,0.00019605922281280496,0.004526260671995234,1.630517192558259e-05,0.0034647515755317475,7
0,18,3,-20,3,16,-0.0049693743676990434,0.00019605922281280496,0.004790467128105982,1.715198321974344e-05,0.0034515377491443214,7
0,19,3,-20,3,17,-0.005233627846213401,0.00019605922281280496,0.005054963890750095,1.739526734949922e-05,0.0033237493877377863,7
0,20,3,-20,3,18,-0.005499828254476584,0.00019605922281280496,0.005320803084440166,1.7034052776386532e-05,0.0030971972192989244,7
0,2,3,-19,3,-4,-0.0009538753378151529,0.00020520786639738244,0.0007440788469309187,-4.588624486851693e-06,0.004810507521204937,7
0,3,3,-19,3,-1,-0.0011860096719051476,0.00020520786639738244,0.000998084207166912,1.728240165914689e-05,0.014571889309625349,7
0,5,3,-19,3,2,-0.0016579761203197167,0.00020520786639738244,0.0014462919592611418,-6.4762946611924155e-06,0.0039061447157294135,7
0,6,3,-19,3,3,-0.0018886592089966776,0.00020520786639738244,0.0016875888535549334,4.1375109556382374e-06,0.0021907133568242992,7
0,7,3,-19,3,4,-0.0021204201710575787,0.00020520786639738244,0.0019293062769633813,1.4093972303185192e-05,0.006646782791240708,7
0,8,3,-19,3,5,-0.002359676960396333,0.00020520786639738244,0.002171276389406632,1.6807295407681583e-05,0.007122710307286561,7
0,9,3,-19,3,6,-0.0026068407810123807,0.00020520786639738244,0.0024186606766848882,1.702776206989002e-05,0.006531953233935982,7
0,10,3,-19,3,8,-0.002860347040788969,0.00020520786639738244,0.002675512320323371,2.0373145931784197e-05,0.007122613319733634,7
0,11,3,-19,3,9,-0.0031193002476985927,0.00020520786639738244,0.0029334778136359597,1.93854323347494e-05,0.006214673418838694,7
0,12,3,-19,3,10,-0.003382501686215069,0.00020520786639738244,0.003196341902933452,1.904808311576538e-05,0.005631359532914139,7
0,13,3,-19,3,11,-0.0036476888013760762,0.00020520786639738244,0.003462185480912929,1.9704545934235047e-05,0.005401926262679422,7
0,14,3,-19,3,12,-0.003913251472813672,0.00020520786639738244,0.0037290325328913905,2.0988926475100193e-05,0.005363551670756523,7
0,15,3,-19,3,13,-0.004178287363000028,0.00020520786639738244,0.0039955884824074,2.2508985804754744e-05,0.0053871320589575725,7
0,16,3,-19,3,14,-0.004442519754188167,0.00020520786639738244,0.00426138436982716,2.4072482036376075e-05,0.005418655035508136,7
0,17,3,-19,3,15,-0.004706014722882456,0.00020520786639738244,0.004526260671995234,2.5453815510160203e-05,0.005408783654329416,7
0,18,3,-19,3,16,-0.0049693743676990434,0.00020520786639738244,0.004790467128105982,2.6300626804321055e-05,0.005292542855147974,7
0,19,3,-19,3,17,-0.005233627846213401,0.00020520786639738244,0.005054963890750095,2.6543910934076834e-05,0.005071799469517441,7
0,20,3,-19,3,18,-0.005499828254476584,0.00020520786639738244,0.005320803084440166,2.6182696360964146e-05,0.0047606389053426795,7
0,1,3,-18,3,-7,-0.000738948454077827,0.00021802434284338444,0.0004995855633416565,-2.1338547892786022e-05,0.02887690985078997,7
0,2,3,-18,3,-4,-0.0009538753378151529,0.00021802434284338444,0.0007440788469309187,8.227851959150337e-06,0.00862570991508827,7
0,3,3,-18,3,-1,-0.0011860096719051476,0.00021802434284338444,0.000998084207166912,3.009887810514881e-05,0.025378273734310657,7
0,5,3,-18,3,2,-0.0016579761203197167,0.00021802434284338444,0.0014462919592611418,6.340181784809506e-06,0.003824048915485522,7
0,6,3,-18,3,3,-0.0018886592089966776,0.00021802434284338444,0.0016875888535549334,1.695398740164016e-05,0.008976731916949017,7
0,7,3,-18,3,4,-0.0021204201710575787,0.00021802434284338444,0.0019293062769633813,2.6910448749186897e-05,0.012691092603483898,7
0,8,3,-18,3,5,-0.002359676960396333,0.00021802434284338444,0.002171276389406632,2.962377185368372e-05,0.012554164129613781,7
0,9,3,-18,3,6,-0.0026068407810123807,0.00021802434284338444,0.0024186606766848882,2.9844238515892157e-05,0.01144843165461835,7
0,1,3,-17,3,-7,-0.000738948454077827,0.00023210374783301,0.0004995855633416565,-7.259142903160462e-06,0.009823612003112627,7
0,2,3,-17,3,-4,-0.0009538753378151529,0.00023210374783301,0.0007440788469309187,2.2307256948775897e-05,0.023385924831509503,7
0,3,3,-17,3,-2,-0.0011860096719051476,0.00023210374783301,0.000926169843396888,-2.7736080675249677e-05,0.023386049315007526,7
0,4,3,-17,3,0,-0.00142210207358038,0.00023210374783301,0.001168345950483926,-2.165237526344406e-05,0.015225612609459586,7
0,5,3,-17,3,2,-0.0016579761203197167,0.00023210374783301,0.0014462919592611418,2.0419586774435066e-05,0.012315971577743499,7
0,6,3,-17,3,3,-0.0018886592089966776,0.00023210374783301,0.0016875888535549334,3.103339239126572e-05,0.016431441015635505,7
0,1,3,-16,3,-7,-0.000738948454077827,0.0002424451729378146,0.0004995855633416565,3.0822822016440604e-06,0.004171173489347919,7
0,3,3,-16,3,-2,-0.0011860096719051476,0.0002424451729378146,0.000926169843396888,-1.7394655570444938e-05,0.014666537704117555,7
0,4,3,-16,3,0,-0.00142210207358038,0.0002424451729378146,0.001168345950483926,-1.131095015863932e-05,0.00795368375362966,7
0,5,3,-16,3,2,-0.0016579761203197167,0.0002424451729378146,0.0014462919592611418,3.0761011879239806e-05,0.018553350378356467,7
0,1,3,-15,3,-8,-0.000738948454077827,0.00025471396317299346,0.00046296983139094185,-2.1264659513891746e-05,0.02877691860175693,7
0,1,3,-15,3,-7,-0.000738948454077827,0.00025471396317299346,0.0004995855633416565,1.535107243682296e-05,0.020774212804843577,7
0,2,3,-15,3,-5,-0.0009538753378151529,0.00025471396317299346,0.0006723912615469056,-2.6770113095253827e-05,0.028064582481575263,7
0,3,3,-15,3,-2,-0.0011860096719051476,0.00025471396317299346,0.000926169843396888,-5.125865335266254e-06,0.004321942271374833,7
0,4,3,-15,3,0,-0.00142210207358038,0.00025471396317299346,0.001168345950483926,9.5784007653958e-07,0.0006735382039968884,7
0,1,3,-14,3,-8,-0.000738948454077827,0.0002744146363829793,0.00046296983139094185,-1.5639863039058422e-06,0.002116502572371741,7
0,2,3,-14,3,-5,-0.0009538753378151529,0.0002744146363829793,0.0006723912615469056,-7.0694398852679235e-06,0.007411282800811732,7
0,3,3,-14,3,-2,-0.0011860096719051476,0.0002744146363829793,0.000926169843396888,1.457480787471965e-05,0.012288945208437799,7
0,4,3,-14,3,0,-0.00142210207358038,0.0002744146363829793,0.001168345950483926,2.0658513286525267e-05,0.014526744366889222,7
0,1,3,-13,3,-9,-0.000738948454077827,0.00029772968919625274,0.00041802181163868305,-2.3196953242891265e-05,0.031391842170967084,7
0,1,3,-13,3,-8,-0.000738948454077827,0.00029772968919625274,0.00046296983139094185,2.175106650936754e-05,0.029435160719717388,7
0,2,3,-13,3,-5,-0.0009538753378151529,0.00029772968919625274,0.0006723912615469056,1.624561292800546e-05,0.017031169885591092,7
0,3,3,-13,3,-3,-0.0011860096719051476,0.00029772968919625274,0.0008601000555226912,-2.8179927186203603e-05,0.02376028446794768,7
0,10,3,-13,3,7,-0.002860347040788969,0.00029772968919625274,0.0025372392509810755,-2.5378100611640926e-05,0.008872385151083236,7
0,1,3,-12,3,-9,-0.000738948454077827,0.0003175654528598886,0.00041802181163868305,-3.3611895792552996e-06,0.004548611693693718,7
0,3,3,-12,3,-3,-0.0011860096719051476,0.0003175654528598886,0.0008601000555226912,-8.344163522567855e-06,0.007035493655936381,7
0,10,3,-12,3,7,-0.002860347040788969,0.0003175654528598886,0.0025372392509810755,-5.542336948004961e-06,0.001937644932230398,7
0,1,3,-11,3,-10,-0.000738948454077827,0.0003365227809942758,0.0003718710651421799,-3.055460794137131e-05,0.04134876766134118,7
0,1,3,-11,3,-9,-0.000738948454077827,0.0003365227809942758,0.00041802181163868305,1.559613855513177e-05,0.021105854500494244,7
0,3,3,-11,3,-3,-0.0011860096719051476,0.0003365227809942758,0.0008601000555226912,1.0613164611819213e-05,0.00894863242959119,7
0,5,3,-11,3,1,-0.0016579761203197167,0.0003365227809942758,0.0012998983166993359,-2.1555022626104908e-05,0.013000804029643282,7
0,10,3,-11,3,7,-0.002860347040788969,0.0003365227809942758,0.0025372392509810755,1.3414991186382324e-05,0.004689987262063861,7
0,1,3,-10,3,-10,-0.000738948454077827,0.0003718710651421799,0.0003718710651421799,4.793676206532832e-06,0.006487159124671443,7
0,2,3,-10,3,-6,-0.0009538753378151529,0.0003718710651421799,0.0005767572162567792,-5.247056416193764e-06,0.005500777940450922,7
0,5,3,-10,3,1,-0.0016579761203197167,0.0003718710651421799,0.0012998983166993359,1.3793261521799233e-05,0.008319336661579543,7
0,3,3,-9,3,-4,-0.0011860096719051476,0.00041802181163868305,0.0007440788469309187,-2.39090133355459e-05,0.020159206035090454,7
0,4,3,-9,3,-1,-0.00142210207358038,0.00041802181163868305,0.000998084207166912,-5.996054774784834e-06,0.004216332207215451,7
0,6,3,-9,3,2,-0.0018886592089966776,0.00041802181163868305,0.0014462919592611418,-2.4345438096852684e-05,0.012890328747972399,7
0,7,3,-9,3,3,-0.0021204201710575787,0.00041802181163868305,0.0016875888535549334,-1.480950586396244e-05,0.006984231741474175,7
0,8,3,-9,3,4,-0.002359676960396333,0.00041802181163868305,0.0019293062769633813,-1.2348871794268853e-05,0.005233289133015363,7
0,9,3,-9,3,5,-0.0026068407810123807,0.00041802181163868305,0.002171276389406632,-1.7542579967065423e-05,0.006729440514680251,7
0,10,3,-9,3,6,-0.002860347040788969,0.00041802181163868305,0.0024186606766848882,-2.3664552465397712e-05,0.008273315135519472,7
0,11,3,-9,3,8,-0.0031193002476985927,0.00041802181163868305,0.002675512320323371,-2.5766115736538826e-05,0.008260223027760461,7
0,12,3,-9,3,9,-0.003382501686215069,0.00041802181163868305,0.0029334778136359597,-3.100206094042634e-05,0.009165423646873873,7
0,15,3,-9,3,12,-0.004178287363000028,0.00041802181163868305,0.0037290325328913905,-3.123301846995417e-05,0.007475076689681949,7
0,16,3,-9,3,13,-0.004442519754188167,0.00041802181163868305,0.0039955884824074,-2.8909460142083863e-05,0.006507446616265374,7
0,17,3,-9,3,14,-0.004706014722882456,0.00041802181163868305,0.00426138436982716,-2.6608541416612945e-05,0.0056541560074667785,7
0,18,3,-9,3,15,-0.0049693743676990434,0.00041802181163868305,0.004526260671995234,-2.5091884065127183e-05,0.005049304441264185,7
0,19,3,-9,3,16,-0.005233627846213401,0.00041802181163868305,0.004790467128105982,-2.513890646873608e-05,0.004803342386471826,7
0,20,3,-9,3,17,-0.005499828254476584,0.00041802181163868305,0.005054963890750095,-2.684255208780604e-05,0.004880616420332317,7
0,2,3,-8,3,-8,-0.0009538753378151529,0.00046296983139094185,0.00046296983139094185,-2.7935675033269173e-05,0.02928650519181648,7
0,2,3,-8,3,-7,-0.0009538753378151529,0.00046296983139094185,0.0004995855633416565,8.680056917445425e-06,0.009099781253729714,7
0,3,3,-8,3,-4,-0.0011860096719051476,0.00046296983139094185,0.0007440788469309187,2.1039006416712904e-05,0.017739321116089113,7
0,5,3,-8,3,0,-0.0016579761203197167,0.00046296983139094185,0.001168345950483926,-2.6660338444848717e-05,0.01608004971730694,7
0,6,3,-8,3,2,-0.0018886592089966776,0.00046296983139094185,0.0014462919592611418,2.0602581655406122e-05,0.010908575542514598,7
0,7,3,-8,3,3,-0.0021204201710575787,0.00046296983139094185,0.0016875888535549334,3.0138513888296366e-05,0.014213463114371577,7
0,9,3,-8,3,5,-0.0026068407810123807,0.00046296983139094185,0.002171276389406632,2.7405439785193383e-05,0.01051289360854265,7
0,10,3,-8,3,6,-0.002860347040788969,0.00046296983139094185,0.0024186606766848882,2.1283467286861094e-05,0.0074408688817670455,7
0,11,3,-8,3,8,-0.0031193002476985927,0.00046296983139094185,0.002675512320323371,1.918190401571998e-05,0.006149425349442495,7
0,12,3,-8,3,9,-0.003382501686215069,0.00046296983139094185,0.0029334778136359597,1.3945958811832464e-05,0.004122971724941733,7
0,13,3,-8,3,10,-0.0036476888013760762,0.00046296983139094185,0.003196341902933452,1.1622932948317753e-05,0.003186382825183181,7
0,14,3,-8,3,11,-0.003913251472813672,0.00046296983139094185,0.003462185480912929,1.190383949019845e-05,0.00304193062288416,7
0,15,3,-8,3,12,-0.004178287363000028,0.00046296983139094185,0.0037290325328913905,1.3715001282304205e-05,0.0032824456746930824,7
0,16,3,-8,3,13,-0.004442519754188167,0.00046296983139094185,0.0039955884824074,1.6038559610175376e-05,0.003610239345600004,7
0,17,3,-8,3,14,-0.004706014722882456,0.00046296983139094185,0.00426138436982716,1.8339478335646295e-05,0.00389702952829125,7
0,18,3,-8,3,15,-0.0049693743676990434,0.00046296983139094185,0.004526260671995234,1.9856135687132057e-05,0.003995701313267326,7
0,19,3,-8,3,16,-0.005233627846213401,0.00046296983139094185,0.004790467128105982,1.980911328352316e-05,0.0037849678780380452,7
0,20,3,-8,3,17,-0.005499828254476584,0.00046296983139094185,0.005054963890750095,1.81054676644532e-05,0.0032920060094087955,7
0,3,3,-7,3,-5,-0.0011860096719051476,0.0004995855633416565,0.0006723912615469056,-1.4032847016585536e-05,0.01183198362458871,7
0,4,3,-7,3,-2,-0.00142210207358038,0.0004995855633416565,0.000926169843396888,3.6533331581646306e-06,0.002568966901909335,7
0,5,3,-7,3,0,-0.0016579761203197167,0.0004995855633416565,0.001168345950483926,9.955393505865773e-06,0.0060045457735217675,7
0,4,3,-6,3,-3,-0.00142210207358038,0.0005767572162567792,0.0008601000555226912,1.4755198199090363e-05,0.010375625261512826,7
0,6,3,-6,3,1,-0.0018886592089966776,0.0005767572162567792,0.0012998983166993359,-1.200367604056252e-05,0.006355660133592495,7
0,11,3,-6,3,7,-0.0031193002476985927,0.0005767572162567792,0.0025372392509810755,-5.3037804607380425e-06,0.0017003109798908107,7
0,4,3,-5,3,-4,-0.00142210207358038,0.0006723912615469056,0.0007440788469309187,-5.63196510255568e-06,0.003960310027800089,7
0,5,3,-5,3,-1,-0.0016579761203197167,0.0006723912615469056,0.000998084207166912,1.2499348394100912e-05,0.00753891943370728,7
0,7,3,-5,3,2,-0.0021204201710575787,0.0006723912615469056,0.0014462919592611418,-1.7369502495314174e-06,0.000819153804156229,7
0,8,3,-5,3,3,-0.002359676960396333,0.0006723912615469056,0.0016875888535549334,3.031547055058932e-07,0.00012847296922159003,7
0,9,3,-5,3,4,-0.0026068407810123807,0.0006723912615469056,0.0019293062769633813,-5.143242502093914e-06,0.0019729791476165675,7
0,10,3,-5,3,5,-0.002860347040788969,0.0006723912615469056,0.002171276389406632,-1.667938983543121e-05,0.005831246907309029,7
0,11,3,-5,3,6,-0.0031193002476985927,0.0006723912615469056,0.0024186606766848882,-2.824830946679879e-05,0.009055976412543255,7
0,5,3,-4,3,-2,-0.0016579761203197167,0.0007440788469309187,0.000926169843396888,1.2272570008090011e-05,0.00740213918504654,7
0,6,3,-4,3,0,-0.0018886592089966776,0.0007440788469309187,0.001168345950483926,2.37655884181673e-05,0.012583312174562407,7
0,13,3,-4,3,9,-0.0036476888013760762,0.0007440788469309187,0.0029334778136359597,2.98678591908021e-05,0.008188159905399431,7
0,14,3,-4,3,10,-0.003913251472813672,0.0007440788469309187,0.003196341902933452,2.7169277050698853e-05,0.0069428906471895695,7
0,15,3,-4,3,11,-0.004178287363000028,0.0007440788469309187,0.003462185480912929,2.797696484382016e-05,0.006695797204271892,7
0,16,3,-4,3,12,-0.004442519754188167,0.0007440788469309187,0.0037290325328913905,3.0591625634142534e-05,0.006886097828895957,7
0,6,3,-3,3,-1,-0.0018886592089966776,0.0008601000555226912,0.000998084207166912,-3.047494630707432e-05,0.016135757134959083,7
0,12,3,-3,3,7,-0.003382501686215069,0.0008601000555226912,0.0025372392509810755,1.483762028869776e-05,0.004386581786246105,7
0,7,3,-2,3,0,-0.0021204201710575787,0.000926169843396888,0.001168345950483926,-2.590437717676442e-05,0.01221662457768659,7
0,8,3,-2,3,2,-0.002359676960396333,0.000926169843396888,0.0014462919592611418,1.2784842261696645e-05,0.005418047671893738,7
0,9,3,-2,3,3,-0.0026068407810123807,0.000926169843396888,0.0016875888535549334,6.917915939440994e-06,0.0026537546864501575,7
0,10,3,-2,3,4,-0.002860347040788969,0.000926169843396888,0.0019293062769633813,-4.8709204286995385e-06,0.0017029123946288676,7
0,11,3,-2,3,5,-0.0031193002476985927,0.000926169843396888,0.002171276389406632,-2.185401489507256e-05,0.007006063270503173,7
0,13,3,-1,3,8,-0.0036476888013760762,0.000998084207166912,0.002675512320323371,2.590772611420645e-05,0.007102504496664535,7
0,14,3,-1,3,9,-0.003913251472813672,0.000998084207166912,0.0029334778136359597,1.8310547989199705e-05,0.004679113549539972,7
0,15,3,-1,3,10,-0.004178287363000028,0.000998084207166912,0.003196341902933452,1.61387471003362e-05,0.003862526843713428,7
0,16,3,-1,3,11,-0.004442519754188167,0.000998084207166912,0.003462185480912929,1.7749933891674126e-05,0.003995465383117419,7
0,17,3,-1,3,12,-0.004706014722882456,0.000998084207166912,0.0037290325328913905,2.1102017175846956e-05,0.004484052519691624,7
0,18,3,-1,3,13,-0.0049693743676990434,0.000998084207166912,0.0039955884824074,2.429832187526848e-05,0.0048896138784004055,7
0,19,3,-1,3,14,-0.005233627846213401,0.000998084207166912,0.00426138436982716,2.5840730780671284e-05,0.004937441396290223,7
0,20,3,-1,3,15,-0.005499828254476584,0.000998084207166912,0.004526260671995234,2.451662468556156e-05,0.004457707323061636,7
0,8,3,0,3,0,-0.002359676960396333,0.001168345950483926,0.001168345950483926,-2.2985059428480906e-05,0.009740765288745422,7
0,9,3,0,3,2,-0.0026068407810123807,0.001168345950483926,0.0014462919592611418,7.797128732687196e-06,0.0029910260685960034,7
0,10,3,0,3,3,-0.002860347040788969,0.001168345950483926,0.0016875888535549334,-4.412236750109613e-06,0.0015425529445170355,7
0,11,3,0,3,4,-0.0031193002476985927,0.001168345950483926,0.0019293062769633813,-2.1648020251285437e-05,0.006940024535072332,7
0,9,3,1,3,1,-0.0026068407810123807,0.0012998983166993359,0.0012998983166993359,-7.044147613708904e-06,0.002702177925486217,7
0,11,3,2,3,3,-0.0031193002476985927,0.0014462919592611418,0.0016875888535549334,1.4580565117482472e-05,0.004674306401969466,7
0,12,3,2,3,4,-0.003382501686215069,0.0014462919592611418,0.0019293062769633813,-6.903449990546071e-06,0.002040930243635991,7
0,13,3,2,3,5,-0.0036476888013760762,0.0014462919592611418,0.002171276389406632,-3.012045270830207e-05,0.008257407456726913,7
0,12,3,3,3,3,-0.003382501686215069,0.0016875888535549334,0.0016875888535549334,-7.323979105202348e-06,0.002165255123168228,7
0,13,3,3,3,4,-0.0036476888013760762,0.0016875888535549334,0.0019293062769633813,-3.079367085776158e-05,0.008441967649801922,7
0,16,3,4,3,7,-0.004442519754188167,0.0019293062769633813,0.0025372392509810755,2.4025773756290378e-05,0.005408141119381671,7
0,17,3,5,3,7,-0.004706014722882456,0.002171276389406632,0.0025372392509810755,2.5009175052522273e-06,0.0005314300214769417,7
0,18,3,6,3,7,-0.0049693743676990434,0.0024186606766848882,0.0025372392509810755,-1.3474440033079717e-05,0.002711496264130076,7
0,19,3,7,3,8,-0.005233627846213401,0.0025372392509810755,0.002675512320323371,-2.087627490895451e-05,0.003988872637182021,7
0,20,3,7,3,9,-0.005499828254476584,0.0025372392509810755,0.0029334778136359597,-2.911118985954829e-05,0.005293108895873838,7
3,-2,0,1,3,-20,-0.000926169843396888,0.000738948454077827,0.00019605922281280496,8.837833493743896e-06,0.009542346424635912,7
3,-2,0,1,3,-19,-0.000926169843396888,0.000738948454077827,0.00020520786639738244,1.79864770783214e-05,0.019420279343530432,7
3,-2,0,1,3,-18,-0.000926169843396888,0.000738948454077827,0.00021802434284338444,3.080295352432343e-05,0.033258428509557465,7
3,-1,0,1,3,-17,-0.000998084207166912,0.000738948454077827,0.00023210374783301,-2.7032005256075057e-05,0.027083892382994523,7
3,-1,0,1,3,-16,-0.000998084207166912,0.000738948454077827,0.0002424451729378146,-1.6690580151270534e-05,0.016722617221493943,7
3,-1,0,1,3,-15,-0.000998084207166912,0.000738948454077827,0.00025471396317299346,-4.421789916091634e-06,0.004430277409801923,7
3,-1,0,1,3,-14,-0.000998084207166912,0.000738948454077827,0.0002744146363829793,1.527888329389427e-05,0.015308210654152896,7
3,0,0,1,3,-9,-0.001168345950483926,0.000738948454077827,0.00041802181163868305,-1.1375684767416048e-05,0.009736572256448757,7
3,1,0,1,3,-6,-0.0012998983166993359,0.000738948454077827,0.0005767572162567792,1.5807353635270433e-05,0.01216045396182065,7
3,3,0,1,3,-2,-0.0016875888535549334,0.000738948454077827,0.000926169843396888,-2.2470556080218243e-05,0.01331518398742896,7
3,4,0,1,3,0,-0.0019293062769633813,0.000738948454077827,0.001168345950483926,-2.2011872401628317e-05,0.011409216185350186,7
3,5,0,1,3,2,-0.002171276389406632,0.000738948454077827,0.0014462919592611418,1.3964023932336572e-05,0.006431251221845907,7
3,6,0,1,3,3,-0.0024186606766848882,0.000738948454077827,0.0016875888535549334,7.87663094787205e-06,0.0032566085122234145,7
3,8,0,1,3,4,-0.002675512320323371,0.000738948454077827,0.0019293062769633813,-7.25758928216266e-06,0.0027125979675120633,7
3,9,0,1,3,5,-0.0029334778136359597,0.000738948454077827,0.002171276389406632,-2.325297015150045e-05,0.00792675848558032,7
3,0,0,2,3,-20,-0.001168345950483926,0.0009538753378151529,0.00019605922281280496,-1.8411389855968116e-05,0.01575850872624,7
3,0,0,2,3,-19,-0.001168345950483926,0.0009538753378151529,0.00020520786639738244,-9.26274627139072e-06,0.00792808522814164,7
3,0,0,2,3,-18,-0.001168345950483926,0.0009538753378151529,0.00021802434284338444,3.553730174611202e-06,0.003041676288721894,7
3,0,0,2,3,-17,-0.001168345950483926,0.0009538753378151529,0.00023210374783301,1.7633135164236763e-05,0.015092392075252335,7
3,0,0,2,3,-16,-0.001168345950483926,0.0009538753378151529,0.0002424451729378146,2.79745602690415e-05,0.023943730243130904,7
3,1,0,2,3,-12,-0.0012998983166993359,0.0009538753378151529,0.0003175654528598886,-2.8457526024294397e-05,0.02189211699000651,7
3,1,0,2,3,-11,-0.0012998983166993359,0.0009538753378151529,0.0003365227809942758,-9.500197889907112e-06,0.007308416179836081,7
3,1,0,2,3,-10,-0.0012998983166993359,0.0009538753378151529,0.0003718710651421799,2.584808625799703e-05,0.01988469861521918,7
3,2,0,2,3,-8,-0.0014462919592611418,0.0009538753378151529,0.00046296983139094185,-2.944679005504702e-05,0.020360197584234872,7
3,2,0,2,3,-7,-0.0014462919592611418,0.0009538753378151529,0.0004995855633416565,7.168941895667686e-06,0.004956773665069699,7
3,3,0,2,3,-4,-0.0016875888535549334,0.0009538753378151529,0.0007440788469309187,1.0365331191138126e-05,0.006142095078018196,7
3,4,0,2,3,-1,-0.0019293062769633813,0.0009538753378151529,0.000998084207166912,2.265326801868372e-05,0.011741665016680855,7
3,6,0,2,3,2,-0.0024186606766848882,0.0009538753378151529,0.0014462919592611418,-1.8493379608593326e-05,0.007646124066456929,7
3,11,0,2,3,7,-0.003462185480912929,0.0009538753378151529,0.0025372392509810755,2.8929107883299537e-05,0.008355736006284488,7
3,2,0,3,3,-17,-0.0014462919592611418,0.0011860096719051476,0.00023210374783301,-2.8178539522984245e-05,0.01948329958038323,7
3,2,0,3,3,-16,-0.0014462919592611418,0.0011860096719051476,0.0002424451729378146,-1.7837114418179506e-05,0.012332997016239959,7
3,2,0,3,3,-15,-0.0014462919592611418,0.0011860096719051476,0.00025471396317299346,-5.5683241830006055e-06,0.0038500692390250587,7
3,2,0,3,3,-14,-0.0014462919592611418,0.0011860096719051476,0.0002744146363829793,1.4132349026985081e-05,0.009771435799314537,7
3,3,0,3,3,-7,-0.0016875888535549334,0.0011860096719051476,0.0004995855633416565,-1.9936183081293527e-06,0.0011813412395618537,7
3,4,0,3,3,-4,-0.0019293062769633813,0.0011860096719051476,0.0007440788469309187,7.822418726852447e-07,0.0004054524064040517,7
3,5,0,3,3,-1,-0.002171276389406632,0.0011860096719051476,0.000998084207166912,1.28174896654276e-05,0.005903205012481332,7
3,12,0,3,3,7,-0.0037290325328913905,0.0011860096719051476,0.0025372392509810755,-5.783610005167129e-06,0.0015509679666652506,7
3,3,0,4,3,-16,-0.0016875888535549334,0.00142210207358038,0.0002424451729378146,-2.3041607036738705e-05,0.01365356673706465,7
3,3,0,4,3,-15,-0.0016875888535549334,0.00142210207358038,0.00025471396317299346,-1.0772816801559804e-05,0.006383555318504676,7
3,3,0,4,3,-14,-0.0016875888535549334,0.00142210207358038,0.0002744146363829793,8.927856408425883e-06,0.0052903030199679315,7
3,4,0,4,3,-7,-0.0019293062769633813,0.00142210207358038,0.0004995855633416565,-7.618640041344828e-06,0.003948901287635955,7
3,5,0,4,3,-4,-0.002171276389406632,0.00142210207358038,0.0007440788469309187,-5.095468895333251e-06,0.0023467619876462362,7
3,6,0,4,3,-1,-0.0024186606766848882,0.00142210207358038,0.000998084207166912,1.5256040624038805e-06,0.0006307639914561863,7
3,4,0,5,3,-16,-0.0019293062769633813,0.0016579761203197167,0.0002424451729378146,-2.888498370584992e-05,0.014971694256504077,7
3,4,0,5,3,-15,-0.0019293062769633813,0.0016579761203197167,0.00025471396317299346,-1.6616193470671238e-05,0.008612522370903278,7
3,4,0,5,3,-14,-0.0019293062769633813,0.0016579761203197167,0.0002744146363829793,3.084479739314666e-06,0.001598750688858724,7
3,4,0,5,3,-13,-0.0019293062769633813,0.0016579761203197167,0.00029772968919625274,2.639953255258805e-05,0.013683432676194584,7
3,5,0,5,3,-7,-0.002171276389406632,0.0016579761203197167,0.0004995855633416565,-1.3714705745258848e-05,0.00631642558827198,7
3,6,0,5,3,-4,-0.0024186606766848882,0.0016579761203197167,0.0007440788469309187,-1.660570943425293e-05,0.006865663130974357,7
3,7,0,5,3,-3,-0.0025372392509810755,0.0016579761203197167,0.0008601000555226912,-1.916307513866785e-05,0.007552726898442098,7
3,8,0,5,3,-1,-0.002675512320323371,0.0016579761203197167,0.000998084207166912,-1.945199283674183e-05,0.00727038058804035,7
3,9,0,5,3,1,-0.0029334778136359597,0.0016579761203197167,0.0012998983166993359,2.4396623383092855e-05,0.008316621066533296,7
3,5,0,6,3,-15,-0.002171276389406632,0.0018886592089966776,0.00025471396317299346,-2.7903217236961188e-05,0.012851066484717129,7
3,5,0,6,3,-14,-0.002171276389406632,0.0018886592089966776,0.0002744146363829793,-8.202544026975067e-06,0.0037777521401670395,7
3,5,0,6,3,-13,-0.002171276389406632,0.0018886592089966776,0.00029772968919625274,1.51125087862981e-05,0.006960195790839901,7
3,6,0,6,3,-7,-0.0024186606766848882,0.0018886592089966776,0.0004995855633416565,-3.0415904346554022e-05,0.012575515300576707,7
3,7,0,6,3,-5,-0.0025372392509810755,0.0018886592089966776,0.0006723912615469056,2.3811219562507816e-05,0.009384696202102628,7
3,10,0,6,3,1,-0.003196341902933452,0.0018886592089966776,0.0012998983166993359,-7.784377237438599e-06,0.00243540192940388,7
3,17,0,6,3,10,-0.005054963890750095,0.0018886592089966776,0.003196341902933452,3.0037221180034476e-05,0.005942123787471273,7
3,18,0,6,3,11,-0.005320803084440166,0.0018886592089966776,0.003462185480912929,3.0041605469440825e-05,0.005646066015352585,7
3,19,0,6,3,12,-0.005588836096595871,0.0018886592089966776,0.0037290325328913905,2.8855645292196787e-05,0.005163086695237421,7
3,20,0,6,3,13,-0.005859085906608004,0.0018886592089966776,0.0039955884824074,2.516178479607372e-05,0.004294489822669389,7
3,6,0,7,3,-14,-0.0024186606766848882,0.0021204201710575787,0.0002744146363829793,-2.382586924433005e-05,0.009850852363873846,7
3,6,0,7,3,-13,-0.0024186606766848882,0.0021204201710575787,0.00029772968919625274,-5.108164310568819e-07,0.00021119805518028559,7
3,6,0,7,3,-12,-0.0024186606766848882,0.0021204201710575787,0.0003175654528598886,1.9324947232579083e-05,0.007989937331377388,7
3,7,0,7,3,-9,-0.0025372392509810755,0.0021204201710575787,0.00041802181163868305,1.2027317151863323e-06,0.00047403165260086194,7
3,8,0,7,3,-6,-0.002675512320323371,0.0021204201710575787,0.0005767572162567792,2.1665066990987115e-05,0.00809753961004695,7
3,14,0,7,3,5,-0.00426138436982716,0.0021204201710575787,0.002171276389406632,3.0312190637050637e-05,0.0071132261270954265,7
3,15,0,7,3,6,-0.004526260671995234,0.0021204201710575787,0.0024186606766848882,1.2820175747233799e-05,0.0028323988997263167,7
3,16,0,7,3,8,-0.004790467128105982,0.0021204201710575787,0.002675512320323371,5.465363274967036e-06,0.0011408831599952736,7
3,17,0,7,3,9,-0.005054963890750095,0.0021204201710575787,0.0029334778136359597,-1.0659060565567854e-06,0.00021086323851041752,7
3,18,0,7,3,10,-0.005320803084440166,0.0021204201710575787,0.003196341902933452,-4.04101044913438e-06,0.0007594737833752326,7
3,19,0,7,3,11,-0.005588836096595871,0.0021204201710575787,0.003462185480912929,-6.230444625362867e-06,0.0011148018152040272,7
3,20,0,7,3,12,-0.005859085906608004,0.0021204201710575787,0.0037290325328913905,-9.63320265903473e-06,0.0016441477070971422,7
3,7,0,8,3,-20,-0.0025372392509810755,0.002359676960396333,0.00019605922281280496,1.849693222806233e-05,0.0072901805460049195,7
3,7,0,8,3,-19,-0.0025372392509810755,0.002359676960396333,0.00020520786639738244,2.7645575812639944e-05,0.010895927848329722,7
3,8,0,8,3,-13,-0.002675512320323371,0.002359676960396333,0.00029772968919625274,-1.810567073078518e-05,0.006767178978490696,7
3,8,0,8,3,-12,-0.002675512320323371,0.002359676960396333,0.0003175654528598886,1.7300929328507852e-06,0.0006466398677026764,7
3,8,0,8,3,-11,-0.002675512320323371,0.002359676960396333,0.0003365227809942758,2.068742106723807e-05,0.007732134481345884,7
3,9,0,8,3,-6,-0.0029334778136359597,0.002359676960396333,0.0005767572162567792,2.9563630171525017e-06,0.0010078013896713867,7
3,10,0,8,3,-3,-0.003196341902933452,0.002359676960396333,0.0008601000555226912,2.343511298557189e-05,0.007331854256287241,7
3,14,0,8,3,4,-0.00426138436982716,0.002359676960396333,0.0019293062769633813,2.7598867532553813e-05,0.006476502736521092,7
3,15,0,8,3,5,-0.004526260671995234,0.002359676960396333,0.002171276389406632,4.692677807731534e-06,0.001036767024216248,7
3,16,0,8,3,6,-0.004790467128105982,0.002359676960396333,0.0024186606766848882,-1.2129491024760394e-05,0.0025320058984636138,7
3,17,0,8,3,8,-0.005054963890750095,0.002359676960396333,0.002675512320323371,-1.9774610030391833e-05,0.003911919146757252,7
3,18,0,8,3,9,-0.005320803084440166,0.002359676960396333,0.0029334778136359597,-2.7648310407872925e-05,0.005196266422398899,7
3,9,0,9,3,-13,-0.0029334778136359597,0.0026068407810123807,0.00029772968919625274,-2.89073434273264e-05,0.009854290798776007,7
3,9,0,9,3,-12,-0.0029334778136359597,0.0026068407810123807,0.0003175654528598886,-9.071579763690434e-06,0.003092431693712548,7
3,9,0,9,3,-11,-0.0029334778136359597,0.0026068407810123807,0.0003365227809942758,9.885748370696851e-06,0.0033699755030510204,7
3,10,0,9,3,-6,-0.003196341902933452,0.0026068407810123807,0.0005767572162567792,-1.2743905664292215e-05,0.003987028312771064,7
3,11,0,9,3,-3,-0.003462185480912929,0.0026068407810123807,0.0008601000555226912,4.755355622143229e-06,0.0013735126694856652,7
3,15,0,9,3,4,-0.004526260671995234,0.0026068407810123807,0.0019293062769633813,9.886385980528538e-06,0.0021842281514401806,7
3,16,0,9,3,5,-0.004790467128105982,0.0026068407810123807,0.002171276389406632,-1.2349957686969698e-05,0.0025780278533823336,7
3,17,0,9,3,6,-0.005054963890750095,0.0026068407810123807,0.0024186606766848882,-2.9462433052826302e-05,0.00582841612513565,7
3,10,0,10,3,-12,-0.003196341902933452,0.002860347040788969,0.0003175654528598886,-1.8429409284594425e-05,0.005765781585405735,7
3,10,0,10,3,-11,-0.003196341902933452,0.002860347040788969,0.0003365227809942758,5.279188497928598e-07,0.0001651634480367575,7
3,11,0,10,3,-6,-0.003462185480912929,0.002860347040788969,0.0005767572162567792,-2.5081223867180584e-05,0.007244332808121829,7
3,12,0,10,3,-3,-0.0037290325328913905,0.002860347040788969,0.0008601000555226912,-8.585436579730456e-06,0.002302322788552757,7
3,15,0,10,3,3,-0.004526260671995234,0.002860347040788969,0.0016875888535549334,2.1675222348668637e-05,0.004788770227657684,7
3,16,0,10,3,4,-0.004790467128105982,0.002860347040788969,0.0019293062769633813,-8.138103536319691e-07,0.00016988121030145283,7
3,17,0,10,3,5,-0.005054963890750095,0.002860347040788969,0.002171276389406632,-2.3340460554494014e-05,0.004617334774082941,7
3,11,0,11,3,-12,-0.003462185480912929,0.0031193002476985927,0.0003175654528598886,-2.5319780354447503e-05,0.0073132362474615424,7
3,11,0,11,3,-11,-0.003462185480912929,0.0031193002476985927,0.0003365227809942758,-6.362452220060218e-06,0.0018376982559532107,7
3,11,0,11,3,-10,-0.003462185480912929,0.0031193002476985927,0.0003718710651421799,2.8985831927843923e-05,0.008372119890064577,7
3,13,0,11,3,-3,-0.0039955884824074,0.0031193002476985927,0.0008601000555226912,-1.618817918611591e-05,0.004051513126887956,7
3,14,0,11,3,0,-0.00426138436982716,0.0031193002476985927,0.001168345950483926,2.6261828355358778e-05,0.006162745736175858,7
3,16,0,11,3,3,-0.004790467128105982,0.0031193002476985927,0.0016875888535549334,1.642197314754429e-05,0.0034280525694864923,7
3,17,0,11,3,4,-0.005054963890750095,0.0031193002476985927,0.0019293062769633813,-6.357366088120993e-06,0.0012576481702973425,7
3,18,0,11,3,5,-0.005320803084440166,0.0031193002476985927,0.002171276389406632,-3.0226447334941176e-05,0.005680805482791417,7
3,12,0,12,3,-12,-0.0037290325328913905,0.003382501686215069,0.0003175654528598886,-2.8965393816432743e-05,0.0077675358315991315,7
3,12,0,12,3,-11,-0.0037290325328913905,0.003382501686215069,0.0003365227809942758,-1.0008065682045458e-05,0.0026838236442752288,7
3,12,0,12,3,-10,-0.0037290325328913905,0.003382501686215069,0.0003718710651421799,2.5340218465858683e-05,0.0067953868040433974,7
3,14,0,12,3,-3,-0.00426138436982716,0.003382501686215069,0.0008601000555226912,-1.8782628089400108e-05,0.004407635279837928,7
3,15,0,12,3,0,-0.004526260671995234,0.003382501686215069,0.001168345950483926,2.458696470376137e-05,0.005432069976854232,7
3,17,0,12,3,3,-0.005054963890750095,0.003382501686215069,0.0016875888535549334,1.5126649019907117e-05,0.0029924346339222823,7
3,18,0,12,3,4,-0.005320803084440166,0.003382501686215069,0.0019293062769633813,-8.995121261715436e-06,0.0016905570679772426,7
3,13,0,13,3,-12,-0.0039955884824074,0.0036476888013760762,0.0003175654528598886,-3.0334228171434788e-05,0.007591930026076653,7
3,13,0,13,3,-11,-0.0039955884824074,0.0036476888013760762,0.0003365227809942758,-1.1376900037047936e-05,0.002847365309801171,7
3,13,0,13,3,-10,-0.0039955884824074,0.0036476888013760762,0.0003718710651421799,2.3971384110856205e-05,0.005999462711538576,7
3,15,0,13,3,-3,-0.004526260671995234,0.0036476888013760762,0.0008601000555226912,-1.8471815096465956e-05,0.004081032100239897,7
3,16,0,13,3,0,-0.004790467128105982,0.0036476888013760762,0.001168345950483926,2.5567623754020434e-05,0.005337188017430184,7
3,18,0,13,3,3,-0.005320803084440166,0.0036476888013760762,0.0016875888535549334,1.4474570490844232e-05,0.0027203732709396426,7
3,19,0,13,3,4,-0.005588836096595871,0.0036476888013760762,0.0019293062769633813,-1.1841018256413156e-05,0.0021186912716272812,7
3,14,0,14,3,-12,-0.00426138436982716,0.003913251472813672,0.0003175654528598886,-3.056744415359976e-05,0.007173125327542222,7
3,14,0,14,3,-11,-0.00426138436982716,0.003913251472813672,0.0003365227809942758,-1.1610116019212038e-05,0.0027244939699450155,7
3,14,0,14,3,-10,-0.00426138436982716,0.003913251472813672,0.0003718710651421799,2.3738168128692103e-05,0.005570529684383977,7
3,16,0,14,3,-3,-0.004790467128105982,0.003913251472813672,0.0008601000555226912,-1.7115599769618357e-05,0.0035728456770322088,7
3,17,0,14,3,0,-0.005054963890750095,0.003913251472813672,0.001168345950483926,2.6633532547503357e-05,0.005268787893072618,7
3,19,0,14,3,3,-0.005588836096595871,0.003913251472813672,0.0016875888535549334,1.2004229772735048e-05,0.0021478944032813484,7
3,20,0,14,3,4,-0.005859085906608004,0.003913251472813672,0.0019293062769633813,-1.6528156830950165e-05,0.002820944613955797,7
3,15,0,15,3,-12,-0.004526260671995234,0.004178287363000028,0.0003175654528598886,-3.0407856135317678e-05,0.006718096534619935,7
3,15,0,15,3,-11,-0.004526260671995234,0.004178287363000028,0.0003365227809942758,-1.1450528000929959e-05,0.0025297986198135644,7
3,15,0,15,3,-10,-0.004526260671995234,0.004178287363000028,0.0003718710651421799,2.3897756146974182e-05,0.005279801115926393,7
3,17,0,15,3,-3,-0.005054963890750095,0.004178287363000028,0.0008601000555226912,-1.6576472227376043e-05,0.0032792464171126448,7
3,18,0,15,3,0,-0.005320803084440166,0.004178287363000028,0.001168345950483926,2.58302290437884e-05,0.004854573385608792,7
3,20,0,15,3,3,-0.005859085906608004,0.004178287363000028,0.0016875888535549334,6.7903099469574305e-06,0.0011589367446036543,7
3,16,0,16,3,-12,-0.004790467128105982,0.004442519754188167,0.0003175654528598886,-3.0381921057927308e-05,0.0063421625168189975,7
3,16,0,16,3,-11,-0.004790467128105982,0.004442519754188167,0.0003365227809942758,-1.142459292353959e-05,0.0023848598932055625,7
3,16,0,16,3,-10,-0.004790467128105982,0.004442519754188167,0.0003718710651421799,2.392369122436455e-05,0.004994020537997787,7
3,18,0,16,3,-3,-0.005320803084440166,0.004442519754188167,0.0008601000555226912,-1.818327472930762e-05,0.0034173929086911124,7
3,19,0,16,3,0,-0.005588836096595871,0.004442519754188167,0.001168345950483926,2.2029608076221986e-05,0.003941716610662478,7
3,20,0,16,3,2,-0.005859085906608004,0.004442519754188167,0.0014462919592611418,2.972580684130425e-05,0.005073454684762147,7
3,17,0,17,3,-11,-0.005054963890750095,0.004706014722882456,0.0003365227809942758,-1.2426386873363483e-05,0.002458254330184653,7
3,17,0,17,3,-10,-0.005054963890750095,0.004706014722882456,0.0003718710651421799,2.2921897274540658e-05,0.004534532346805612,7
3,19,0,17,3,-3,-0.005588836096595871,0.004706014722882456,0.0008601000555226912,-2.272131819072362e-05,0.004065483008986979,7
3,20,0,17,3,0,-0.005859085906608004,0.004706014722882456,0.001168345950483926,1.527476675837816e-05,0.002607022153600948,7
3,18,0,18,3,-11,-0.005320803084440166,0.0049693743676990434,0.0003365227809942758,-1.4905935746846281e-05,0.002801444727476628,7
3,18,0,18,3,-10,-0.005320803084440166,0.0049693743676990434,0.0003718710651421799,2.044234840105786e-05,0.003841966725067918,7
3,20,0,18,3,-3,-0.005859085906608004,0.0049693743676990434,0.0008601000555226912,-2.961148338626908e-05,0.005053942519066431,7
3,19,0,19,3,-11,-0.005588836096595871,0.005233627846213401,0.0003365227809942758,-1.8685469388194167e-05,0.0033433561237509513,7
3,19,0,19,3,-10,-0.005588836096595871,0.005233627846213401,0.0003718710651421799,1.6662814759709974e-05,0.002981446310415008,7
3,20,0,20,3,-11,-0.005859085906608004,0.005499828254476584,0.0003365227809942758,-2.273487113714414e-05,0.0038802761214856503,7
3,20,0,20,3,-10,-0.005859085906608004,0.005499828254476584,0.0003718710651421799,1.2613413010760001e-05,0.0021527953697579893,7
1,-8,1,-20,2,-20,-0.0001942497109787832,8.072560078089107e-05,0.0001393121823523654,2.578807215447329e-05,0.13275732573568658,9
1,-7,1,-20,2,-20,-0.00021361879346884448,8.072560078089107e-05,0.0001393121823523654,6.418989664412004e-06,0.030048805913456253,9
1,-7,1,-20,2,-19,-0.00021361879346884448,8.072560078089107e-05,0.00014613674776618418,1.324355507823077e-05,0.061996207651843584,9
1,-6,1,-20,2,-19,-0.00025234878420021,8.072560078089107e-05,0.00014613674776618418,-2.5486435653134735e-05,0.10099686326570195,9
1,-7,1,-20,2,-18,-0.00021361879346884448,8.072560078089107e-05,0.00015542391434663602,2.2530721658682617e-05,0.10547162678347699,9
1,-6,1,-20,2,-18,-0.00025234878420021,8.072560078089107e-05,0.00015542391434663602,-1.619926907268289e-05,0.06419396520583438,9
1,-6,1,-20,2,-17,-0.00025234878420021,8.072560078089107e-05,0.0001654511913622877,-6.1719920570312155e-06,0.024458180278508667,9
1,-6,1,-20,2,-16,-0.00025234878420021,8.072560078089107e-05,0.00017249671507286419,8.735316535452746e-07,0.0034616043675971386,9
1,-6,1,-20,2,-15,-0.00025234878420021,8.072560078089107e-05,0.0001819548751341122,1.033169171479328e-05,0.04094211013355333,9
1,-6,1,-20,2,-14,-0.00025234878420021,8.072560078089107e-05,0.00019644874332665755,2.4825559907338613e-05,0.09837796518822282,9
1,-5,1,-20,2,-13,-0.00030881498435276556,8.072560078089107e-05,0.00021328352758161109,-1.4805855990263376e-05,0.04794409837752675,9
1,-5,1,-20,2,-12,-0.00030881498435276556,8.072560078089107e-05,0.00022661345866183688,-1.4759249100375783e-06,0.004779317665335823,9
1,-5,1,-20,2,-11,-0.00030881498435276556,8.072560078089107e-05,0.00024159830799367046,1.3508924421795968e-05,0.043744394236921,9
1,-4,1,-20,2,-10,-0.0003748425124691666,8.072560078089107e-05,0.00026814142169328853,-2.597548999498699e-05,0.06929707578759134,9
1,-4,1,-20,2,-9,-0.0003748425124691666,8.072560078089107e-05,0.0003021884453905382,8.071533702262625e-06,0.021533133072590225,9
1,-3,1,-20,2,-8,-0.0004344394724834455,8.072560078089107e-05,0.0003326425567156908,-2.1071314986863634e-05,0.04850230313192033,9
1,-3,1,-20,2,-7,-0.0004344394724834455,8.072560078089107e-05,0.00036286508921045974,9.151217507905344e-06,0.021064424591975942,9
1,-2,1,-20,2,-5,-0.0006023269048774995,8.072560078089107e-05,0.0005139207856115777,-7.68051848503066e-06,0.012751411937331134,9
1,-1,1,-20,2,-3,-0.000758058289083616,8.072560078089107e-05,0.0006883901588102036,1.1057470507478654e-05,0.014586570276601754,9
1,1,1,-20,2,-1,-0.0009785032656031902,8.072560078089107e-05,0.000894883579030094,-2.894085792205076e-06,0.0029576659516011333,9
1,3,1,-20,2,1,-0.0012725407985733764,8.072560078089107e-05,0.0011992510625692902,7.435864776804716e-06,0.005843321318374182,9
1,4,1,-20,2,2,-0.0014878228371177796,8.072560078089107e-05,0.0013846263257445758,-2.2470910592312836e-05,0.015103216614045014,9
1,7,1,-20,2,6,-0.002215705167770865,8.072560078089107e-05,0.002122306963237751,-1.267260375222316e-05,0.005719444958903343,9
1,-8,1,-19,2,-20,-0.0001942497109787832,8.478197882193453e-05,0.0001393121823523654,2.984445019551675e-05,0.15363961184362582,9
1,-7,1,-19,2,-20,-0.00021361879346884448,8.478197882193453e-05,0.0001393121823523654,1.0475367705455464e-05,0.04903766908964991,9
1,-6,1,-19,2,-20,-0.00025234878420021,8.478197882193453e-05,0.0001393121823523654,-2.825462302591004e-05,0.11196655103950579,9
1,-7,1,-19,2,-19,-0.00021361879346884448,8.478197882193453e-05,0.00014613674776618418,1.729993311927423e-05,0.08098507082803724,9
1,-6,1,-19,2,-19,-0.00025234878420021,8.478197882193453e-05,0.00014613674776618418,-2.1430057612091275e-05,0.08492237313530691,9
1,-7,1,-19,2,-18,-0.00021361879346884448,8.478197882193453e-05,0.00015542391434663602,2.6587099699726076e-05,0.12446048995967066,9
1,-6,1,-19,2,-18,-0.00025234878420021,8.478197882193453e-05,0.00015542391434663602,-1.2142891031639429e-05,0.04811947507543936,9
1,-6,1,-19,2,-17,-0.00025234878420021,8.478197882193453e-05,0.0001654511913622877,-2.115614015987756e-06,0.008383690148113642,9
1,-6,1,-19,2,-16,-0.00025234878420021,8.478197882193453e-05,0.00017249671507286419,4.929909694588734e-06,0.019536094497992165,9
1,-6,1,-19,2,-15,-0.00025234878420021,8.478197882193453e-05,0.0001819548751341122,1.4388069755836739e-05,0.05701660026394836,9
1,-6,1,-19,2,-14,-0.00025234878420021,8.478197882193453e-05,0.00019644874332665755,2.8881937948382072e-05,0.11445245531861786,9
1,-5,1,-19,2,-14,-0.00030881498435276556,8.478197882193453e-05,0.00019644874332665755,-2.7584262204173506e-05,0.0893229396299742,9
1,-5,1,-19,2,-13,-0.00030881498435276556,8.478197882193453e-05,0.00021328352758161109,-1.0749477949219917e-05,0.0348087965088526,9
1,-5,1,-19,2,-12,-0.00030881498435276556,8.478197882193453e-05,0.00022661345866183688,2.5804531310058814e-06,0.008355984203338326,9
1,-5,1,-19,2,-11,-0.00030881498435276556,8.478197882193453e-05,0.00024159830799367046,1.7565302462839427e-05,0.05687969610559515,9
1,-4,1,-19,2,-10,-0.0003748425124691666,8.478197882193453e-05,0.00026814142169328853,-2.191911195394353e-05,0.05847552298579401,9
1,-4,1,-19,2,-9,-0.0003748425124691666,8.478197882193453e-05,0.0003021884453905382,1.2127911743306085e-05,0.03235468587438755,9
1,-3,1,-19,2,-8,-0.0004344394724834455,8.478197882193453e-05,0.0003326425567156908,-1.7014936945820174e-05,0.03916526472273658,9
1,-3,1,-19,2,-7,-0.0004344394724834455,8.478197882193453e-05,0.00036286508921045974,1.3207595548948804e-05,0.030401463001159694,9
1,-2,1,-19,2,-5,-0.0006023269048774995,8.478197882193453e-05,0.0005139207856115777,-3.624140443987201e-06,0.0060168994853787485,9
1,-1,1,-19,2,-3,-0.000758058289083616,8.478197882193453e-05,0.0006883901588102036,1.5113848548522113e-05,0.01993758100949281,9
1,1,1,-19,2,-1,-0.0009785032656031902,8.478197882193453e-05,0.000894883579030094,1.1622922488382752e-06,0.0011878266426855405,9
1,3,1,-19,2,1,-0.0012725407985733764,8.478197882193453e-05,0.0011992510625692902,1.1492242817848176e-05,0.009030942529097637,9
1,4,1,-19,2,2,-0.0014878228371177796,8.478197882193453e-05,0.0013846263257445758,-1.8414532551269376e-05,0.012376831496243284,9
1,7,1,-19,2,6,-0.002215705167770865,8.478197882193453e-05,0.002122306963237751,-8.6162257111797e-06,0.003888705878611165,9
1,-7,1,-18,2,-20,-0.00021361879346884448,9.022666331180865e-05,0.0001393121823523654,1.592005219532957e-05,0.07452552248241891,9
1,-6,1,-18,2,-20,-0.00025234878420021,9.022666331180865e-05,0.0001393121823523654,-2.2809938536035934e-05,0.09039052281678064,9
1,-7,1,-18,2,-19,-0.00021361879346884448,9.022666331180865e-05,0.00014613674776618418,2.2744617609148364e-05,0.10647292422080637,9
1,-6,1,-18,2,-19,-0.00025234878420021,9.022666331180865e-05,0.00014613674776618418,-1.598537312221714e-05,0.06334634491258168,9
1,-6,1,-18,2,-18,-0.00025234878420021,9.022666331180865e-05,0.00015542391434663602,-6.698206541765322e-06,0.026543446852714214,9
1,-6,1,-18,2,-17,-0.00025234878420021,9.022666331180865e-05,0.0001654511913622877,3.3290704738863784e-06,0.013192338074611608,9
1,-6,1,-18,2,-16,-0.00025234878420021,9.022666331180865e-05,0.00017249671507286419,1.0374594184462869e-05,0.04111212272071742,9
1,-6,1,-18,2,-15,-0.00025234878420021,9.022666331180865e-05,0.0001819548751341122,1.9832754245710873e-05,0.0785926284866736,9
1,-5,1,-18,2,-14,-0.00030881498435276556,9.022666331180865e-05,0.00019644874332665755,-2.2139577714299372e-05,0.07169204486855109,9
1,-5,1,-18,2,-13,-0.00030881498435276556,9.022666331180865e-05,0.00021328352758161109,-5.3047934593458365e-06,0.017177901747429666,9
1,-5,1,-18,2,-12,-0.00030881498435276556,9.022666331180865e-05,0.00022661345866183688,8.025137620879961e-06,0.025986878964761262,9
1,-5,1,-18,2,-11,-0.00030881498435276556,9.022666331180865e-05,0.00024159830799367046,2.3009986952713562e-05,0.07451059086701826,9
1,-4,1,-18,2,-10,-0.0003748425124691666,9.022666331180865e-05,0.00026814142169328853,-1.647442746406945e-05,0.04395026422042933,9
1,-4,1,-18,2,-9,-0.0003748425124691666,9.022666331180865e-05,0.0003021884453905382,1.757259623318022e-05,0.04687994463975237,9
1,-3,1,-18,2,-8,-0.0004344394724834455,9.022666331180865e-05,0.0003326425567156908,-1.157025245594604e-05,0.026632599450057866,9
1,-3,1,-18,2,-7,-0.0004344394724834455,9.022666331180865e-05,0.00036286508921045974,1.8652280038822884e-05,0.04293412827383828,9
1,-2,1,-18,2,-5,-0.0006023269048774995,9.022666331180865e-05,0.0005139207856115777,1.8205440458869335e-06,0.003022518222487826,9
1,-1,1,-18,2,-3,-0.000758058289083616,9.022666331180865e-05,0.0006883901588102036,2.0558533038396247e-05,0.027119989761273597,9
1,1,1,-18,2,-1,-0.0009785032656031902,9.022666331180865e-05,0.000894883579030094,6.6069767387124095e-06,0.00675212538472173,9
1,3,1,-18,2,1,-0.0012725407985733764,9.022666331180865e-05,0.0011992510625692902,1.693692730772231e-05,0.013309535793830742,9
1,4,1,-18,2,2,-0.0014878228371177796,9.022666331180865e-05,0.0013846263257445758,-1.2969848061395242e-05,0.00871733363531408,9
1,7,1,-18,2,6,-0.002215705167770865,9.022666331180865e-05,0.002122306963237751,-3.171541221305349e-06,0.0014313913545167716,9
1,-7,1,-17,2,-20,-0.00021361879346884448,9.604201341396486e-05,0.0001393121823523654,2.173540229748579e-05,0.1017485491072012,9
1,-6,1,-17,2,-20,-0.00025234878420021,9.604201341396486e-05,0.0001393121823523654,-1.6994588433879714e-05,0.06734563230705501,9
1,-7,1,-17,2,-19,-0.00021361879346884448,9.604201341396486e-05,0.00014613674776618418,2.8559967711304558e-05,0.13369595084558852,9
1,-6,1,-17,2,-19,-0.00025234878420021,9.604201341396486e-05,0.00014613674776618418,-1.0170023020060948e-05,0.040301454402856145,9
1,-6,1,-17,2,-18,-0.00025234878420021,9.604201341396486e-05,0.00015542391434663602,-8.828564396091282e-07,0.0034985563429886877,9
1,-6,1,-17,2,-17,-0.00025234878420021,9.604201341396486e-05,0.0001654511913622877,9.144420576042572e-06,0.03623722858433713,9
1,-6,1,-17,2,-16,-0.00025234878420021,9.604201341396486e-05,0.00017249671507286419,1.6189944286619062e-05,0.06415701323044294,9
1,-6,1,-17,2,-15,-0.00025234878420021,9.604201341396486e-05,0.0001819548751341122,2.5648104347867067e-05,0.10163751899639913,9
1,-5,1,-17,2,-15,-0.00030881498435276556,9.604201341396486e-05,0.0001819548751341122,-3.081809580468851e-05,0.09979469056295656,9
1,-5,1,-17,2,-14,-0.00030881498435276556,9.604201341396486e-05,0.00019644874332665755,-1.632422761214318e-05,0.05286086634156225,9
1,-5,1,-17,2,-13,-0.00030881498435276556,9.604201341396486e-05,0.00021328352758161109,5.105566428104114e-07,0.0016532767795593502,9
1,-5,1,-17,2,-12,-0.00030881498435276556,9.604201341396486e-05,0.00022661345866183688,1.384048772303621e-05,0.04481805749175028,9
1,-5,1,-17,2,-11,-0.00030881498435276556,9.604201341396486e-05,0.00024159830799367046,2.8825337054869755e-05,0.09334176939400711,9
1,-4,1,-17,2,-10,-0.0003748425124691666,9.604201341396486e-05,0.00026814142169328853,-1.0659077361913202e-05,0.028436148535286494,9
1,-4,1,-17,2,-9,-0.0003748425124691666,9.604201341396486e-05,0.0003021884453905382,2.3387946335336413e-05,0.06239406032489506,9
1,-3,1,-17,2,-8,-0.0004344394724834455,9.604201341396486e-05,0.0003326425567156908,-5.7549023537898465e-06,0.013246729908984362,9
1,-3,1,-17,2,-7,-0.0004344394724834455,9.604201341396486e-05,0.00036286508921045974,2.4467630140979132e-05,0.056319997814911905,9
1,-2,1,-17,2,-5,-0.0006023269048774995,9.604201341396486e-05,0.0005139207856115777,7.635894148043127e-06,0.012677325363037048,9
1,-1,1,-17,2,-3,-0.000758058289083616,9.604201341396486e-05,0.0006883901588102036,2.637388314055244e-05,0.034791365677743186,9
1,1,1,-17,2,-1,-0.0009785032656031902,9.604201341396486e-05,0.000894883579030094,1.2422326840868603e-05,0.012695232890419596,9
1,3,1,-17,2,1,-0.0012725407985733764,9.604201341396486e-05,0.0011992510625692902,2.2752277409878504e-05,0.0178794090023563,9
1,4,1,-17,2,2,-0.0014878228371177796,9.604201341396486e-05,0.0013846263257445758,-7.1544979592390485e-06,0.004808702878293487,9
1,5,1,-17,2,3,-0.001734103264389586,9.604201341396486e-05,0.0016105693803172012,-2.7491870658420074e-05,0.015853652560937518,9
1,7,1,-17,2,6,-0.002215705167770865,9.604201341396486e-05,0.002122306963237751,2.6438088808508446e-06,0.0011932133026122235,9
1,-7,1,-16,2,-20,-0.00021361879346884448,0.00010005036405775381,0.0001393121823523654,2.5743752941274732e-05,0.12051258469929223,9
1,-6,1,-16,2,-20,-0.00025234878420021,0.00010005036405775381,0.0001393121823523654,-1.2986237790090773e-05,0.051461463669219325,9
1,-6,1,-16,2,-19,-0.00025234878420021,0.00010005036405775381,0.00014613674776618418,-6.16167237627198e-06,0.024417285765020353,9
1,-6,1,-16,2,-18,-0.00025234878420021,0.00010005036405775381,0.00015542391434663602,3.125494204179839e-06,0.012385612294847104,9
1,-6,1,-16,2,-17,-0.00025234878420021,0.00010005036405775381,0.0001654511913622877,1.315277121983154e-05,0.052121397222172926,9
1,-6,1,-16,2,-16,-0.00025234878420021,0.00010005036405775381,0.00017249671507286419,2.019829493040803e-05,0.08004118186827873,9
1,-6,1,-16,2,-15,-0.00025234878420021,0.00010005036405775381,0.0001819548751341122,2.9656454991656034e-05,0.11752168763423493,9
1,-5,1,-16,2,-15,-0.00030881498435276556,0.00010005036405775381,0.0001819548751341122,-2.6809745160899544e-05,0.08681491028386833,9
1,-5,1,-16,2,-14,-0.00030881498435276556,0.00010005036405775381,0.00019644874332665755,-1.2315876968354211e-05,0.03988108606247402,9
1,-5,1,-16,2,-13,-0.00030881498435276556,0.00010005036405775381,0.00021328352758161109,4.5189072865993245e-06,0.014633057058647406,9
1,-5,1,-16,2,-12,-0.00030881498435276556,0.00010005036405775381,0.00022661345866183688,1.7848838366825122e-05,0.057797837770838335,9
1,-4,1,-16,2,-10,-0.0003748425124691666,0.00010005036405775381,0.00026814142169328853,-6.650726718124289e-06,0.01774272260185898,9
1,-4,1,-16,2,-9,-0.0003748425124691666,0.00010005036405775381,0.0003021884453905382,2.739629697912538e-05,0.07308748625832273,9
1,-3,1,-16,2,-8,-0.0004344394724834455,0.00010005036405775381,0.0003326425567156908,-1.746551710000879e-06,0.0040202417612212535,9
1,-3,1,-16,2,-7,-0.0004344394724834455,0.00010005036405775381,0.00036286508921045974,2.8475980784768045e-05,0.06554648596267489,9
1,-2,1,-16,2,-5,-0.0006023269048774995,0.00010005036405775381,0.0005139207856115777,1.1644244791832094e-05,0.01933210138471282,9
1,-1,1,-16,2,-3,-0.000758058289083616,0.00010005036405775381,0.0006883901588102036,3.038223378434141e-05,0.040079020600208966,9
1,1,1,-16,2,-1,-0.0009785032656031902,0.00010005036405775381,0.000894883579030094,1.643067748465757e-05,0.01679164297375034,9
1,3,1,-16,2,1,-0.0012725407985733764,0.00010005036405775381,0.0011992510625692902,2.676062805366747e-05,0.021029288871263183,9
1,4,1,-16,2,2,-0.0014878228371177796,0.00010005036405775381,0.0013846263257445758,-3.146147315450081e-06,0.0021145980804709377,9
1,5,1,-16,2,3,-0.001734103264389586,0.00010005036405775381,0.0016105693803172012,-2.3483520014631106e-05,0.013542169314177167,9
1,6,1,-16,2,4,-0.0019747070189232627,0.00010005036405775381,0.0018458787080848657,-2.8777946780643264e-05,0.014573274164151627,9
1,7,1,-16,2,6,-0.002215705167770865,0.00010005036405775381,0.002122306963237751,6.652159524639812e-06,0.003002276485789078,9
1,8,1,-16,2,7,-0.0024629844882008973,0.00010005036405775381,0.002333641093116966,-2.92930310261774e-05,0.01189330715094137,9
1,-6,1,-15,2,-20,-0.00025234878420021,0.00010578880168925861,0.0001393121823523654,-7.247800158585976e-06,0.028721359532430612,9
1,-6,1,-15,2,-19,-0.00025234878420021,0.00010578880168925861,0.00014613674776618418,-4.232347447671826e-07,0.0016771816282316386,9
1,-6,1,-15,2,-18,-0.00025234878420021,0.00010578880168925861,0.00015542391434663602,8.863931835684637e-06,0.03512571643163582,9
1,-6,1,-15,2,-17,-0.00025234878420021,0.00010578880168925861,0.0001654511913622877,1.8891208851336337e-05,0.07486150135896164,9
1,-6,1,-15,2,-16,-0.00025234878420021,0.00010578880168925861,0.00017249671507286419,2.5936732561912827e-05,0.10278128600506745,9
1,-5,1,-15,2,-16,-0.00030881498435276556,0.00010578880168925861,0.00017249671507286419,-3.052946759064275e-05,0.09886005905648777,9
1,-5,1,-15,2,-15,-0.00030881498435276556,0.00010578880168925861,0.0001819548751341122,-2.1071307529394747e-05,0.06823278855317645,9
1,-5,1,-15,2,-14,-0.00030881498435276556,0.00010578880168925861,0.00019644874332665755,-6.577439336849413e-06,0.02129896433178214,9
1,-5,1,-15,2,-13,-0.00030881498435276556,0.00010578880168925861,0.00021328352758161109,1.0257344918104122e-05,0.033215178789339286,9
1,-5,1,-15,2,-12,-0.00030881498435276556,0.00010578880168925861,0.00022661345866183688,2.358727599832992e-05,0.07637995950153022,9
1,-4,1,-15,2,-11,-0.0003748425124691666,0.00010578880168925861,0.00024159830799367046,-2.7455402786237537e-05,0.07324516796502886,9
1,-4,1,-15,2,-10,-0.0003748425124691666,0.00010578880168925861,0.00026814142169328853,-9.122890866194912e-07,0.0024337930097897667,9
1,-3,1,-15,2,-9,-0.0004344394724834455,0.00010578880168925861,0.0003021884453905382,-2.64622254036487e-05,0.06091119034920809,9
1,-3,1,-15,2,-8,-0.0004344394724834455,0.00010578880168925861,0.0003326425567156908,3.9918859215039184e-06,0.009188589376293452,9
1,-2,1,-15,2,-5,-0.0006023269048774995,0.00010578880168925861,0.0005139207856115777,1.7382682423336838e-05,0.028859216286996357,9
1,1,1,-15,2,-1,-0.0009785032656031902,0.00010578880168925861,0.000894883579030094,2.216911511616253e-05,0.02265614831903148,9
1,4,1,-15,2,2,-0.0014878228371177796,0.00010578880168925861,0.0013846263257445758,2.592290316054879e-06,0.0017423380333888956,9
1,5,1,-15,2,3,-0.001734103264389586,0.00010578880168925861,0.0016105693803172012,-1.7745082383126146e-05,0.010233002121342821,9
1,6,1,-15,2,4,-0.0019747070189232627,0.00010578880168925861,0.0018458787080848657,-2.3039509149138304e-05,0.011667305037332033,9
1,7,1,-15,2,6,-0.002215705167770865,0.00010578880168925861,0.002122306963237751,1.2390597156144555e-05,0.00559216873091931,9
1,8,1,-15,2,7,-0.0024629844882008973,0.00010578880168925861,0.002333641093116966,-2.3554593394672658e-05,0.009563435542331921,9
1,9,1,-15,2,8,-0.00271575402351329,0.00010578880168925861,0.0025823680571360795,-2.7597164687951942e-05,0.010161879334068081,9
1,10,1,-15,2,9,-0.002973321972018305,0.00010578880168925861,0.002837466283292238,-3.006688703680819e-05,0.010112220378339533,9
1,17,1,-15,2,16,-0.004823167543880964,0.00010578880168925861,0.004686172344532099,-3.120639765960727e-05,0.006470104423222467,9
1,-6,1,-14,2,-20,-0.00025234878420021,0.00011436477230035796,0.0001393121823523654,1.3281704525134165e-06,0.005263233015855011,9
1,-6,1,-14,2,-19,-0.00025234878420021,0.00011436477230035796,0.00014613674776618418,8.152735866332156e-06,0.03230741092005377,9
1,-6,1,-14,2,-18,-0.00025234878420021,0.00011436477230035796,0.00015542391434663602,1.743990244678403e-05,0.06911030897992144,9
1,-6,1,-14,2,-17,-0.00025234878420021,0.00011436477230035796,0.0001654511913622877,2.7467179462435675e-05,0.10884609390724705,9
1,-5,1,-14,2,-17,-0.00030881498435276556,0.00011436477230035796,0.0001654511913622877,-2.8999020690119903e-05,0.0939041891082388,9
1,-5,1,-14,2,-16,-0.00030881498435276556,0.00011436477230035796,0.00017249671507286419,-2.1953496979543413e-05,0.07108948105466764,9
1,-5,1,-14,2,-15,-0.00030881498435276556,0.00011436477230035796,0.0001819548751341122,-1.2495336918295409e-05,0.04046221055135632,9
1,-5,1,-14,2,-14,-0.00030881498435276556,0.00011436477230035796,0.00019644874332665755,1.998531274249979e-06,0.006471613670038163,9
1,-5,1,-14,2,-13,-0.00030881498435276556,0.00011436477230035796,0.00021328352758161109,1.883331552920346e-05,0.06098575679115941,9
1,-4,1,-14,2,-11,-0.0003748425124691666,0.00011436477230035796,0.00024159830799367046,-1.88794321751382e-05,0.050366304640248515,9
1,-4,1,-14,2,-10,-0.0003748425124691666,0.00011436477230035796,0.00026814142169328853,7.663681524479847e-06,0.020445070314990585,9
1,-3,1,-14,2,-9,-0.0004344394724834455,0.00011436477230035796,0.0003021884453905382,-1.7886254792549307e-05,0.041170878627357854,9
1,-3,1,-14,2,-8,-0.0004344394724834455,0.00011436477230035796,0.0003326425567156908,1.2567856532603311e-05,0.028928901098143688,9
1,-2,1,-14,2,-5,-0.0006023269048774995,0.00011436477230035796,0.0005139207856115777,2.5958653034436176e-05,0.04309728292764146,9
1,-1,1,-14,2,-4,-0.000758058289083616,0.00011436477230035796,0.0006184286779740842,-2.5264838809173915e-05,0.03332835901011714,9
1,1,1,-14,2,-1,-0.0009785032656031902,0.00011436477230035796,0.000894883579030094,3.074508572726187e-05,0.03142052439478504,9
1,2,1,-14,2,0,-0.0011876060720696538,0.00011436477230035796,0.0010448703139708233,-2.8370985798472368e-05,0.023889222584581392,9
1,4,1,-14,2,2,-0.0014878228371177796,0.00011436477230035796,0.0013846263257445758,1.1168260927154217e-05,0.007506445423831138,9
1,5,1,-14,2,3,-0.001734103264389586,0.00011436477230035796,0.0016105693803172012,-9.169111772026808e-06,0.005287523505847494,9
1,6,1,-14,2,4,-0.0019747070189232627,0.00011436477230035796,0.0018458787080848657,-1.4463538538038966e-05,0.007324397188766472,9
1,7,1,-14,2,6,-0.002215705167770865,0.00011436477230035796,0.002122306963237751,2.0966567767243677e-05,0.009462706533440696,9
1,8,1,-14,2,7,-0.0024629844882008973,0.00011436477230035796,0.002333641093116966,-1.4978622783573536e-05,0.006081492942943691,9
1,9,1,-14,2,8,-0.00271575402351329,0.00011436477230035796,0.0025823680571360795,-1.902119407685282e-05,0.0070040194775245765,9
1,10,1,-14,2,9,-0.002973321972018305,0.00011436477230035796,0.002837466283292238,-2.1490916425709067e-05,0.007227914308627979,9
1,11,1,-14,2,10,-0.003235253388057165,0.00011436477230035796,0.0030974669448516055,-2.3421670905201652e-05,0.00723951669184924,9
1,12,1,-14,2,11,-0.003499927798231137,0.00011436477230035796,0.0033613668070111803,-2.4196218919598795e-05,0.006913348021587063,9
1,13,1,-14,2,12,-0.003765557199999308,0.00011436477230035796,0.003627023623815877,-2.416880388307315e-05,0.006418387133536994,9
1,14,1,-14,2,13,-0.004030932427920738,0.00011436477230035796,0.0038929098475402085,-2.36578080801712e-05,0.005869065905521647,9
1,15,1,-14,2,14,-0.004295690809337045,0.00011436477230035796,0.004158149117255109,-2.317691978157791e-05,0.005395388264723552,9
1,16,1,-14,2,15,-0.00455968102508798,0.00011436477230035796,0.004422542790612594,-2.2773462175027653e-05,0.004994529672081225,9
1,17,1,-14,2,16,-0.004823167543880964,0.00011436477230035796,0.004686172344532099,-2.2630427048507713e-05,0.004692025902608005,9
1,18,1,-14,2,17,-0.005087181893000314,0.00011436477230035796,0.004949603322414242,-2.32137982857138e-05,0.004563194077580502,9
1,19,1,-14,2,18,-0.0053527772990706515,0.00011436477230035796,0.00521391637956139,-2.449614720890364e-05,0.004576343427019962,9
1,20,1,-14,2,19,-0.005620665903572574,0.00011436477230035796,0.0054802146612408995,-2.6086470031316637e-05,0.0046411707222689955,9
1,-6,1,-13,2,-20,-0.00025234878420021,0.00012421068509566594,0.0001393121823523654,1.1174083247821368e-05,0.044280313389407924,9
1,-6,1,-13,2,-19,-0.00025234878420021,0.00012421068509566594,0.00014613674776618418,1.7998648661640107e-05,0.07132449129360668,9
1,-6,1,-13,2,-18,-0.00025234878420021,0.00012421068509566594,0.00015542391434663602,2.728581524209198e-05,0.10812738935347435,9
1,-5,1,-13,2,-18,-0.00030881498435276556,0.00012421068509566594,0.00015542391434663602,-2.9180384910463598e-05,0.09449147997666545,9
1,-5,1,-13,2,-17,-0.00030881498435276556,0.00012421068509566594,0.0001654511913622877,-1.9153107894811952e-05,0.06202130358069987,9
1,-5,1,-13,2,-16,-0.00030881498435276556,0.00012421068509566594,0.00017249671507286419,-1.2107584184235408e-05,0.03920659552712854,9
1,-5,1,-13,2,-15,-0.00030881498435276556,0.00012421068509566594,0.0001819548751341122,-2.649424122987457e-06,0.00857932502381739,9
1,-5,1,-13,2,-14,-0.00030881498435276556,0.00012421068509566594,0.00019644874332665755,1.184444406955793e-05,0.0383544991975771,9
1,-5,1,-13,2,-13,-0.00030881498435276556,0.00012421068509566594,0.00021328352758161109,2.8679228324511466e-05,0.09286864231869853,9
1,-4,1,-13,2,-12,-0.0003748425124691666,0.00012421068509566594,0.00022661345866183688,-2.4018368711663793e-05,0.06407589297555856,9
1,-4,1,-13,2,-11,-0.0003748425124691666,0.00012421068509566594,0.00024159830799367046,-9.033519379830247e-06,0.02409950600406702,9
1,-4,1,-13,2,-10,-0.0003748425124691666,0.00012421068509566594,0.00026814142169328853,1.7509594319787853e-05,0.04671186895117223,9
1,-3,1,-13,2,-9,-0.0004344394724834455,0.00012421068509566594,0.0003021884453905382,-8.040341997241356e-06,0.01850739287403894,9
1,-3,1,-13,2,-8,-0.0004344394724834455,0.00012421068509566594,0.0003326425567156908,2.2413769327911262e-05,0.051592386851462606,9
1,-1,1,-13,2,-4,-0.000758058289083616,0.00012421068509566594,0.0006184286779740842,-1.5418926013865963e-05,0.020340026929202552,9
1,2,1,-13,2,0,-0.0011876060720696538,0.00012421068509566594,0.0010448703139708233,-1.8525073003164416e-05,0.015598668143284729,9
1,4,1,-13,2,2,-0.0014878228371177796,0.00012421068509566594,0.0013846263257445758,2.101417372246217e-05,0.014124110208693239,9
1,5,1,-13,2,3,-0.001734103264389586,0.00012421068509566594,0.0016105693803172012,6.768010232811438e-07,0.00039028876606110396,9
1,6,1,-13,2,4,-0.0019747070189232627,0.00012421068509566594,0.0018458787080848657,-4.617625742731231e-06,0.0023383852381550036,9
1,7,1,-13,2,5,-0.002215705167770865,0.00012421068509566594,0.0020671941991908453,-2.4300283484353716e-05,0.01096729106282732,9
1,7,1,-13,2,6,-0.002215705167770865,0.00012421068509566594,0.002122306963237751,3.0812480562551845e-05,0.01390639919549905,9
1,8,1,-13,2,7,-0.0024629844882008973,0.00012421068509566594,0.002333641093116966,-5.132709988265368e-06,0.0020839392261112408,9
1,9,1,-13,2,8,-0.00271575402351329,0.00012421068509566594,0.0025823680571360795,-9.175281281544653e-06,0.0033785391468093505,9
1,10,1,-13,2,9,-0.002973321972018305,0.00012421068509566594,0.002837466283292238,-1.1645003630400899e-05,0.00391649600682035,9
1,11,1,-13,2,10,-0.003235253388057165,0.00012421068509566594,0.0030974669448516055,-1.3575758109893483e-05,0.00419619624231226,9
1,12,1,-13,2,11,-0.003499927798231137,0.00012421068509566594,0.0033613668070111803,-1.4350306124290627e-05,0.004100172046847158,9
1,13,1,-13,2,12,-0.003765557199999308,0.00012421068509566594,0.003627023623815877,-1.432289108776498e-05,0.0038036578192910233,9
1,14,1,-13,2,13,-0.004030932427920738,0.00012421068509566594,0.0038929098475402085,-1.3811895284863464e-05,0.003426476511785142,9
1,15,1,-13,2,14,-0.004295690809337045,0.00012421068509566594,0.004158149117255109,-1.3331006986270176e-05,0.0031033441599879843,9
1,16,1,-13,2,15,-0.00455968102508798,0.00012421068509566594,0.004422542790612594,-1.2927549379719919e-05,0.002835187222218133,9
1,17,1,-13,2,16,-0.004823167543880964,0.00012421068509566594,0.004686172344532099,-1.2784514253199979e-05,0.0026506469321015773,9
1,18,1,-13,2,17,-0.005087181893000314,0.00012421068509566594,0.004949603322414242,-1.3367885490406066e-05,0.002627758505902757,9
1,19,1,-13,2,18,-0.0053527772990706515,0.00012421068509566594,0.00521391637956139,-1.4650234413595906e-05,0.0027369407683259074,9
1,20,1,-13,2,19,-0.005620665903572574,0.00012421068509566594,0.0054802146612408995,-1.6240557236008903e-05,0.002889436503544211,9
1,-6,1,-12,2,-20,-0.00025234878420021,0.0001317052176195001,0.0001393121823523654,1.8668615771655567e-05,0.07397941634957175,9
1,-6,1,-12,2,-19,-0.00025234878420021,0.0001317052176195001,0.00014613674776618418,2.5493181185474306e-05,0.1010235942537705,9
1,-5,1,-12,2,-19,-0.00030881498435276556,0.0001317052176195001,0.00014613674776618418,-3.097301896708127e-05,0.10029636039843251,9
1,-5,1,-12,2,-18,-0.00030881498435276556,0.0001317052176195001,0.00015542391434663602,-2.16858523866294e-05,0.0702227983919887,9
1,-5,1,-12,2,-17,-0.00030881498435276556,0.0001317052176195001,0.0001654511913622877,-1.1658575370977753e-05,0.03775262199602312,9
1,-5,1,-12,2,-16,-0.00030881498435276556,0.0001317052176195001,0.00017249671507286419,-4.613051660401263e-06,0.014937913942451968,9
1,-5,1,-12,2,-15,-0.00030881498435276556,0.0001317052176195001,0.0001819548751341122,4.845108400846742e-06,0.015689356560859357,9
1,-5,1,-12,2,-14,-0.00030881498435276556,0.0001317052176195001,0.00019644874332665755,1.933897659339213e-05,0.06262318078225385,9
1,-4,1,-12,2,-13,-0.0003748425124691666,0.0001317052176195001,0.00021328352758161109,-2.9853767268055447e-05,0.07964349366725346,9
1,-4,1,-12,2,-12,-0.0003748425124691666,0.0001317052176195001,0.00022661345866183688,-1.652383618782965e-05,0.044082076173760705,9
1,-4,1,-12,2,-11,-0.0003748425124691666,0.0001317052176195001,0.00024159830799367046,-1.5389868559960483e-06,0.004105689202269021,9
1,-4,1,-12,2,-10,-0.0003748425124691666,0.0001317052176195001,0.00026814142169328853,2.5004126843621998e-05,0.06670568575297008,9
1,-3,1,-12,2,-9,-0.0004344394724834455,0.0001317052176195001,0.0003021884453905382,-5.458094734071568e-07,0.0012563533195707834,9
1,-3,1,-12,2,-8,-0.0004344394724834455,0.0001317052176195001,0.0003326425567156908,2.990830185174546e-05,0.06884342640593076,9
1,-1,1,-12,2,-4,-0.000758058289083616,0.0001317052176195001,0.0006184286779740842,-7.924393490031764e-06,0.010453541111741186,9
1,2,1,-12,2,0,-0.0011876060720696538,0.0001317052176195001,0.0010448703139708233,-1.1030540479330326e-05,0.009288046549060906,9
1,4,1,-12,2,2,-0.0014878228371177796,0.0001317052176195001,0.0013846263257445758,2.850870624629626e-05,0.01916135815035849,9
1,5,1,-12,2,3,-0.001734103264389586,0.0001317052176195001,0.0016105693803172012,8.171333547115234e-06,0.004712137803391765,9
1,6,1,-12,2,4,-0.0019747070189232627,0.0001317052176195001,0.0018458787080848657,2.8769067811030766e-06,0.0014568777816325134,9
1,7,1,-12,2,5,-0.002215705167770865,0.0001317052176195001,0.0020671941991908453,-1.680575096051941e-05,0.007584831774990633,9
1,8,1,-12,2,7,-0.0024629844882008973,0.0001317052176195001,0.002333641093116966,2.3618225355689394e-06,0.0009589270849586827,9
1,9,1,-12,2,8,-0.00271575402351329,0.0001317052176195001,0.0025823680571360795,-1.6807487577103451e-06,0.0006188884350932528,9
1,10,1,-12,2,9,-0.002973321972018305,0.0001317052176195001,0.002837466283292238,-4.150471106566592e-06,0.0013959036880722448,9
1,11,1,-12,2,10,-0.003235253388057165,0.0001317052176195001,0.0030974669448516055,-6.081225586059176e-06,0.0018796752082874952,9
1,12,1,-12,2,11,-0.003499927798231137,0.0001317052176195001,0.0033613668070111803,-6.855773600456319e-06,0.001958832866186904,9
1,13,1,-12,2,12,-0.003765557199999308,0.0001317052176195001,0.003627023623815877,-6.828358563930673e-06,0.0018133726833128249,9
1,14,1,-12,2,13,-0.004030932427920738,0.0001317052176195001,0.0038929098475402085,-6.317362761029156e-06,0.0015672212010479718,9
1,15,1,-12,2,14,-0.004295690809337045,0.0001317052176195001,0.004158149117255109,-5.836474462435869e-06,0.0013586812276502305,9
1,16,1,-12,2,15,-0.00455968102508798,0.0001317052176195001,0.004422542790612594,-5.433016855885611e-06,0.0011915344134803335,9
1,17,1,-12,2,16,-0.004823167543880964,0.0001317052176195001,0.004686172344532099,-5.289981729365671e-06,0.0010967858116554426,9
1,18,1,-12,2,17,-0.005087181893000314,0.0001317052176195001,0.004949603322414242,-5.8733529665717585e-06,0.0011545396036758925,9
1,19,1,-12,2,18,-0.0053527772990706515,0.0001317052176195001,0.00521391637956139,-7.155701889761598e-06,0.0013368203999452714,9
1,20,1,-12,2,19,-0.005620665903572574,0.0001317052176195001,0.0054802146612408995,-8.746024712174595e-06,0.0015560477819212665,9
1,-6,1,-11,2,-20,-0.00025234878420021,0.00014098639381203223,0.0001393121823523654,2.7949791964187684e-05,0.11075857588445012,9
1,-5,1,-11,2,-20,-0.00030881498435276556,0.00014098639381203223,0.0001393121823523654,-2.8516408188367895e-05,0.09234140062255862,9
1,-5,1,-11,2,-19,-0.00030881498435276556,0.00014098639381203223,0.00014613674776618418,-2.1691842774549156e-05,0.07024219637532267,9
1,-5,1,-11,2,-18,-0.00030881498435276556,0.00014098639381203223,0.00015542391434663602,-1.2404676194097282e-05,0.040168634368878846,9
1,-5,1,-11,2,-17,-0.00030881498435276556,0.00014098639381203223,0.0001654511913622877,-2.3773991784456364e-06,0.007698457972913276,9
1,-5,1,-11,2,-16,-0.00030881498435276556,0.00014098639381203223,0.00017249671507286419,4.668124532130854e-06,0.015116250080657877,9
1,-5,1,-11,2,-15,-0.00030881498435276556,0.00014098639381203223,0.0001819548751341122,1.4126284593378858e-05,0.0457435205839692,9
1,-5,1,-11,2,-14,-0.00030881498435276556,0.00014098639381203223,0.00019644874332665755,2.8620152785924246e-05,0.09267734480536369,9
1,-4,1,-11,2,-13,-0.0003748425124691666,0.00014098639381203223,0.00021328352758161109,-2.057259107552333e-05,0.054883292025782605,9
1,-4,1,-11,2,-12,-0.0003748425124691666,0.00014098639381203223,0.00022661345866183688,-7.242659995297532e-06,0.019321874532289854,9
1,-4,1,-11,2,-11,-0.0003748425124691666,0.00014098639381203223,0.00024159830799367046,7.742189336536068e-06,0.020654512439201828,9
1,-3,1,-11,2,-10,-0.0004344394724834455,0.00014098639381203223,0.00026814142169328853,-2.5311656978124764e-05,0.05826279281998087,9
1,-3,1,-11,2,-9,-0.0004344394724834455,0.00014098639381203223,0.0003021884453905382,8.73536671912496e-06,0.02010721233314688,9
1,-1,1,-11,2,-4,-0.000758058289083616,0.00014098639381203223,0.0006184286779740842,1.3567827025003521e-06,0.0017898131608593162,9
1,2,1,-11,2,0,-0.0011876060720696538,0.00014098639381203223,0.0010448703139708233,-1.7493642867981007e-06,0.0014730172975197617,9
1,5,1,-11,2,3,-0.001734103264389586,0.00014098639381203223,0.0016105693803172012,1.745250973964746e-05,0.010064285154200917,9
1,6,1,-11,2,4,-0.0019747070189232627,0.00014098639381203223,0.0018458787080848657,1.2158082973635301e-05,0.006156904724157344,9
1,7,1,-11,2,5,-0.002215705167770865,0.00014098639381203223,0.0020671941991908453,-7.524574767987617e-06,0.003396018061174538,9
1,8,1,-11,2,7,-0.0024629844882008973,0.00014098639381203223,0.002333641093116966,1.164299872810073e-05,0.004727191252676314,9
1,9,1,-11,2,8,-0.00271575402351329,0.00014098639381203223,0.0025823680571360795,7.600427434821446e-06,0.0027986435328885197,9
1,10,1,-11,2,9,-0.002973321972018305,0.00014098639381203223,0.002837466283292238,5.1307050859651995e-06,0.0017255800529676418,9
1,11,1,-11,2,10,-0.003235253388057165,0.00014098639381203223,0.0030974669448516055,3.199950606472615e-06,0.0009890880937750135,9
1,12,1,-11,2,11,-0.003499927798231137,0.00014098639381203223,0.0033613668070111803,2.425402592075472e-06,0.0006929864648354375,9
1,13,1,-11,2,12,-0.003765557199999308,0.00014098639381203223,0.003627023623815877,2.4528176286011186e-06,0.0006513823846844152,9
1,14,1,-11,2,13,-0.004030932427920738,0.00014098639381203223,0.0038929098475402085,2.963813431502635e-06,0.000735267455979521,9
1,15,1,-11,2,14,-0.004295690809337045,0.00014098639381203223,0.004158149117255109,3.44470173009679e-06,0.0008018970365859297,9
1,16,1,-11,2,15,-0.00455968102508798,0.00014098639381203223,0.004422542790612594,3.848159336647047e-06,0.0008439536264650873,9
1,17,1,-11,2,16,-0.004823167543880964,0.00014098639381203223,0.004686172344532099,3.991194463166987e-06,0.0008275048351224123,9
1,18,1,-11,2,17,-0.005087181893000314,0.00014098639381203223,0.004949603322414242,3.4078232259609e-06,0.0006698842891090409,9
1,19,1,-11,2,18,-0.0053527772990706515,0.00014098639381203223,0.00521391637956139,2.1254743027710604e-06,0.0003970787843424917,9
1,20,1,-11,2,19,-0.005620665903572574,0.00014098639381203223,0.0054802146612408995,5.351514803580634e-07,9.52114019119894e-05,9
1,-5,1,-10,2,-20,-0.00030881498435276556,0.00015689169501995108,0.0001393121823523654,-1.2611106980449068e-05,0.04083709541128726,9
1,-5,1,-10,2,-19,-0.00030881498435276556,0.00015689169501995108,0.00014613674776618418,-5.786541566630329e-06,0.018737891164051307,9
1,-5,1,-10,2,-18,-0.00030881498435276556,0.00015689169501995108,0.00015542391434663602,3.500625013821545e-06,0.011335670842392514,9
1,-5,1,-10,2,-17,-0.00030881498435276556,0.00015689169501995108,0.0001654511913622877,1.3527902029473191e-05,0.043805847238358085,9
1,-5,1,-10,2,-16,-0.00030881498435276556,0.00015689169501995108,0.00017249671507286419,2.0573425740049735e-05,0.06662055529192941,9
1,-5,1,-10,2,-15,-0.00030881498435276556,0.00015689169501995108,0.0001819548751341122,3.0031585801297686e-05,0.09724782579524056,9
1,-4,1,-10,2,-14,-0.0003748425124691666,0.00015689169501995108,0.00019644874332665755,-2.1502074122557984e-05,0.057362954860480715,9
1,-4,1,-10,2,-13,-0.0003748425124691666,0.00015689169501995108,0.00021328352758161109,-4.667289867604449e-06,0.01245133546048453,9
1,-4,1,-10,2,-12,-0.0003748425124691666,0.00015689169501995108,0.00022661345866183688,8.66264121262135e-06,0.023110082033008225,9
1,-4,1,-10,2,-11,-0.0003748425124691666,0.00015689169501995108,0.00024159830799367046,2.3647490544454895e-05,0.06308646900449977,9
1,-3,1,-10,2,-10,-0.0004344394724834455,0.00015689169501995108,0.00026814142169328853,-9.406355770205882e-06,0.021651706085625808,9
1,-3,1,-10,2,-9,-0.0004344394724834455,0.00015689169501995108,0.0003021884453905382,2.4640667927043787e-05,0.056718299067501816,9
1,-2,1,-10,2,-6,-0.0006023269048774995,0.00015689169501995108,0.00042506408290257934,-2.0371126954969038e-05,0.0338207156114205,9
1,-1,1,-10,2,-4,-0.000758058289083616,0.00015689169501995108,0.0006184286779740842,1.7262083910419288e-05,0.02277144668028982,9
1,2,1,-10,2,0,-0.0011876060720696538,0.00015689169501995108,0.0010448703139708233,1.4155936921120618e-05,0.011919724270566347,9
1,6,1,-10,2,4,-0.0019747070189232627,0.00015689169501995108,0.0018458787080848657,2.8063384181554237e-05,0.014211416636811369,9
1,7,1,-10,2,5,-0.002215705167770865,0.00015689169501995108,0.0020671941991908453,8.380726439931319e-06,0.003782419503206215,9
1,8,1,-10,2,7,-0.0024629844882008973,0.00015689169501995108,0.002333641093116966,2.7548299936019666e-05,0.011184926282723972,9
1,9,1,-10,2,8,-0.00271575402351329,0.00015689169501995108,0.0025823680571360795,2.3505728642740382e-05,0.008655323140175898,9
1,10,1,-10,2,9,-0.002973321972018305,0.00015689169501995108,0.002837466283292238,2.1036006293884135e-05,0.007074917042907666,9
1,11,1,-10,2,10,-0.003235253388057165,0.00015689169501995108,0.0030974669448516055,1.910525181439155e-05,0.005905333994832671,9
1,12,1,-10,2,11,-0.003499927798231137,0.00015689169501995108,0.0033613668070111803,1.8330703799994408e-05,0.0052374519866549086,9
1,13,1,-10,2,12,-0.003765557199999308,0.00015689169501995108,0.003627023623815877,1.8358118836520054e-05,0.004875272864404616,9
1,14,1,-10,2,13,-0.004030932427920738,0.00015689169501995108,0.0038929098475402085,1.886911463942157e-05,0.004681079372286764,9
1,15,1,-10,2,14,-0.004295690809337045,0.00015689169501995108,0.004158149117255109,1.9350002938015726e-05,0.0045045148258708164,9
1,16,1,-10,2,15,-0.00455968102508798,0.00015689169501995108,0.004422542790612594,1.9753460544565983e-05,0.004332202282545595,9
1,17,1,-10,2,16,-0.004823167543880964,0.00015689169501995108,0.004686172344532099,1.9896495671085923e-05,0.004125192726578226,9
1,18,1,-10,2,17,-0.005087181893000314,0.00015689169501995108,0.004949603322414242,1.9313124433879836e-05,0.0037964289148877586,9
1,19,1,-10,2,18,-0.0053527772990706515,0.00015689169501995108,0.00521391637956139,1.8030775510689996e-05,0.003368489758357871,9
1,20,1,-10,2,19,-0.005620665903572574,0.00015689169501995108,0.0054802146612408995,1.6440452688277e-05,0.0029250008753993395,9
1,-5,1,-9,2,-20,-0.00030881498435276556,0.00017709054959521184,0.0001393121823523654,7.587747594811666e-06,0.02457052921416543,9
1,-5,1,-9,2,-19,-0.00030881498435276556,0.00017709054959521184,0.00014613674776618418,1.4412313008630459e-05,0.046669733461401554,9
1,-5,1,-9,2,-18,-0.00030881498435276556,0.00017709054959521184,0.00015542391434663602,2.369947958908228e-05,0.0767432954678452,9
1,-4,1,-9,2,-16,-0.0003748425124691666,0.00017709054959521184,0.00017249671507286419,-2.525524780109059e-05,0.06737562299091678,9
1,-4,1,-9,2,-15,-0.0003748425124691666,0.00017709054959521184,0.0001819548751341122,-1.5797087739842584e-05,0.04214326607668868,9
1,-4,1,-9,2,-14,-0.0003748425124691666,0.00017709054959521184,0.00019644874332665755,-1.3032195472972505e-06,0.003476712229657913,9
1,-4,1,-9,2,-13,-0.0003748425124691666,0.00017709054959521184,0.00021328352758161109,1.553156470765634e-05,0.04143490717033842,9
1,-4,1,-9,2,-12,-0.0003748425124691666,0.00017709054959521184,0.00022661345866183688,2.8861495787882137e-05,0.07699632466383118,9
1,-3,1,-9,2,-12,-0.0004344394724834455,0.00017709054959521184,0.00022661345866183688,-3.073546422639674e-05,0.0707474025108709,9
1,-3,1,-9,2,-11,-0.0004344394724834455,0.00017709054959521184,0.00024159830799367046,-1.5750614894563194e-05,0.03625502720672643,9
1,-3,1,-9,2,-10,-0.0004344394724834455,0.00017709054959521184,0.00026814142169328853,1.0792498805054906e-05,0.024842353166852623,9
1,-2,1,-9,2,-6,-0.0006023269048774995,0.00017709054959521184,0.00042506408290257934,-1.7227237970830409e-07,0.0002860114305259876,9
1,1,1,-9,2,-2,-0.0009785032656031902,0.00017709054959521184,0.0007709839009291044,-3.0428815078873957e-05,0.03109730559776555,9
1,7,1,-9,2,5,-0.002215705167770865,0.00017709054959521184,0.0020671941991908453,2.8579581015192052e-05,0.012898638966458187,9
1,-5,1,-8,2,-20,-0.00030881498435276556,0.0001942497109787832,0.0001393121823523654,2.4746908978383038e-05,0.08013506543488882,9
1,-4,1,-8,2,-18,-0.0003748425124691666,0.0001942497109787832,0.00015542391434663602,-2.5168887143747407e-05,0.06714523114775495,9
1,-4,1,-8,2,-17,-0.0003748425124691666,0.0001942497109787832,0.0001654511913622877,-1.5141610128095707e-05,0.04039459139347543,9
1,-4,1,-8,2,-16,-0.0003748425124691666,0.0001942497109787832,0.00017249671507286419,-8.09608641751927e-06,0.021598634488357905,9
1,-4,1,-8,2,-15,-0.0003748425124691666,0.0001942497109787832,0.0001819548751341122,1.3620736437287883e-06,0.0036337224258703267,9
1,-4,1,-8,2,-14,-0.0003748425124691666,0.0001942497109787832,0.00019644874332665755,1.5855941836274122e-05,0.042300276272901095,9
1,-3,1,-8,2,-13,-0.0004344394724834455,0.0001942497109787832,0.00021328352758161109,-2.690623392305122e-05,0.06193321654048481,9
1,-3,1,-8,2,-12,-0.0004344394724834455,0.0001942497109787832,0.00022661345866183688,-1.3576302842825422e-05,0.031250159579693244,9
1,-3,1,-8,2,-11,-0.0004344394724834455,0.0001942497109787832,0.00024159830799367046,1.4085464890081778e-06,0.0032422157244513528,9
1,-3,1,-8,2,-10,-0.0004344394724834455,0.0001942497109787832,0.00026814142169328853,2.7951660188626224e-05,0.06433959609803028,9
1,-2,1,-8,2,-6,-0.0006023269048774995,0.0001942497109787832,0.00042506408290257934,1.6986889003863122e-05,0.0282021089649281,9
1,1,1,-8,2,-2,-0.0009785032656031902,0.0001942497109787832,0.0007709839009291044,-1.3269653695302639e-05,0.013561174665188951,9
1,-4,1,-7,2,-20,-0.0003748425124691666,0.00021361879346884448,0.0001393121823523654,-2.191153664795676e-05,0.05845531368259393,9
1,-4,1,-7,2,-19,-0.0003748425124691666,0.00021361879346884448,0.00014613674776618418,-1.5086971234137966e-05,0.04024882645982951,9
1,-4,1,-7,2,-18,-0.0003748425124691666,0.00021361879346884448,0.00015542391434663602,-5.7998046536861464e-06,0.015472643739050865,9
1,-4,1,-7,2,-17,-0.0003748425124691666,0.00021361879346884448,0.0001654511913622877,4.227472361965554e-06,0.011277996015228643,9
1,-4,1,-7,2,-16,-0.0003748425124691666,0.00021361879346884448,0.00017249671507286419,1.1272996072542044e-05,0.030073952920346318,9
1,-4,1,-7,2,-15,-0.0003748425124691666,0.00021361879346884448,0.0001819548751341122,2.073115613379005e-05,0.05530630983457441,9
1,-3,1,-7,2,-14,-0.0004344394724834455,0.00021361879346884448,0.00019644874332665755,-2.4371935687943496e-05,0.056099726732064384,9
1,-3,1,-7,2,-13,-0.0004344394724834455,0.00021361879346884448,0.00021328352758161109,-7.537151432989906e-06,0.01734914046807087,9
1,-3,1,-7,2,-12,-0.0004344394724834455,0.00021361879346884448,0.00022661345866183688,5.792779647235892e-06,0.013333916492720694,9
1,-3,1,-7,2,-11,-0.0004344394724834455,0.00021361879346884448,0.00024159830799367046,2.0777628979069438e-05,0.047826291796865164,9
1,-2,1,-7,2,-7,-0.0006023269048774995,0.00021361879346884448,0.00036286508921045974,-2.5843022198195217e-05,0.04290530937423614,9
1,-1,1,-7,2,-5,-0.000758058289083616,0.00021361879346884448,0.0005139207856115777,-3.051871000319382e-05,0.040259054537991494,9
1,1,1,-7,2,-2,-0.0009785032656031902,0.00021361879346884448,0.0007709839009291044,6.099428794758676e-06,0.006233427121981789,9
1,3,1,-7,2,0,-0.0012725407985733764,0.00021361879346884448,0.0010448703139708233,-1.4051691133708591e-05,0.011042232319358011,9
1,-4,1,-6,2,-20,-0.0003748425124691666,0.00025234878420021,0.0001393121823523654,1.6818454083408773e-05,0.04486805397984896,9
1,-4,1,-6,2,-19,-0.0003748425124691666,0.00025234878420021,0.00014613674776618418,2.3643019497227567e-05,0.06307454120261337,9
1,-3,1,-6,2,-18,-0.0004344394724834455,0.00025234878420021,0.00015542391434663602,-2.666677393659949e-05,0.061382023562823566,9
1,-3,1,-6,2,-17,-0.0004344394724834455,0.00025234878420021,0.0001654511913622877,-1.663949692094779e-05,0.038301070632070264,9
1,-3,1,-6,2,-16,-0.0004344394724834455,0.00025234878420021,0.00017249671507286419,-9.593973210371355e-06,0.022083567028401033,9
1,-3,1,-6,2,-15,-0.0004344394724834455,0.00025234878420021,0.0001819548751341122,-1.3581314912329643e-07,0.0003126169644460004,9
1,-3,1,-6,2,-14,-0.0004344394724834455,0.00025234878420021,0.00019644874332665755,1.4358055043422037e-05,0.03304960979108351,9
1,-3,1,-6,2,-13,-0.0004344394724834455,0.00025234878420021,0.00021328352758161109,3.119283929837557e-05,0.0718001960550769,9
1,-2,1,-6,2,-8,-0.0006023269048774995,0.00025234878420021,0.0003326425567156908,-1.7335563961598716e-05,0.02878098889692534,9
1,-2,1,-6,2,-7,-0.0006023269048774995,0.00025234878420021,0.00036286508921045974,1.2886968533170262e-05,0.02139530615155104,9
1,-1,1,-6,2,-5,-0.000758058289083616,0.00025234878420021,0.0005139207856115777,8.211280728171659e-06,0.010831991215474897,9
1,3,1,-6,2,0,-0.0012725407985733764,0.00025234878420021,0.0010448703139708233,2.4678299597656996e-05,0.01939293390461305,9
1,-3,1,-5,2,-20,-0.0004344394724834455,0.00030881498435276556,0.0001393121823523654,1.3687694221685474e-05,0.03150656210735329,9
1,-3,1,-5,2,-19,-0.0004344394724834455,0.00030881498435276556,0.00014613674776618418,2.0512259635504268e-05,0.047215460230276146,9
1,-3,1,-5,2,-18,-0.0004344394724834455,0.00030881498435276556,0.00015542391434663602,2.9799426215956087e-05,0.06859281465749319,9
1,-2,1,-5,2,-10,-0.0006023269048774995,0.00030881498435276556,0.00026814142169328853,-2.537049883144537e-05,0.04212081284432279,9
1,-2,1,-5,2,-9,-0.0006023269048774995,0.00030881498435276556,0.0003021884453905382,8.676524865804352e-06,0.014405009631055704,9
1,-1,1,-5,2,-6,-0.000758058289083616,0.00030881498435276556,0.00042506408290257934,-2.417922182827107e-05,0.031896256760809635,9
1,1,1,-5,2,-3,-0.0009785032656031902,0.00030881498435276556,0.0006883901588102036,1.8701877559778842e-05,0.01911273903439681,9
1,2,1,-5,2,-1,-0.0011876060720696538,0.00030881498435276556,0.000894883579030094,1.6092491313205717e-05,0.01355036126176179,9
1,4,1,-5,2,1,-0.0014878228371177796,0.00030881498435276556,0.0011992510625692902,2.024320980427625e-05,0.013605927600554601,9
1,-2,1,-4,2,-14,-0.0006023269048774995,0.0003748425124691666,0.00019644874332665755,-3.103564908167524e-05,0.05152625398327049,9
1,-2,1,-4,2,-13,-0.0006023269048774995,0.0003748425124691666,0.00021328352758161109,-1.4200864826721758e-05,0.023576673583276034,9
1,-2,1,-4,2,-12,-0.0006023269048774995,0.0003748425124691666,0.00022661345866183688,-8.709337464959596e-07,0.0014459486027327455,9
1,-2,1,-4,2,-11,-0.0006023269048774995,0.0003748425124691666,0.00024159830799367046,1.411391558533764e-05,0.023432318017087603,9
1,-1,1,-4,2,-7,-0.000758058289083616,0.0003748425124691666,0.00036286508921045974,-2.0350687403989666e-05,0.026845808161521108,9
1,1,1,-4,2,-4,-0.0009785032656031902,0.0003748425124691666,0.0006184286779740842,1.4767924840060603e-05,0.015092361322838343,9
1,3,1,-4,2,-1,-0.0012725407985733764,0.0003748425124691666,0.000894883579030094,-2.8147070741159092e-06,0.002211879632677733,9
1,5,1,-4,2,2,-0.001734103264389586,0.0003748425124691666,0.0013846263257445758,2.5365573824156443e-05,0.014627487500339414,9
1,6,1,-4,2,3,-0.0019747070189232627,0.0003748425124691666,0.0016105693803172012,1.0704873863104977e-05,0.005420993474232933,9
1,7,1,-4,2,4,-0.002215705167770865,0.0003748425124691666,0.0018458787080848657,5.016052783167208e-06,0.002263862925505411,9
1,8,1,-4,2,5,-0.0024629844882008973,0.0003748425124691666,0.0020671941991908453,-2.0947776540885307e-05,0.008505037949380973,9
1,9,1,-4,2,7,-0.00271575402351329,0.0003748425124691666,0.002333641093116966,-7.270417927157484e-06,0.002677126817896402,9
1,10,1,-4,2,8,-0.002973321972018305,0.0003748425124691666,0.0025823680571360795,-1.611140241305868e-05,0.005418653803618242,9
1,11,1,-4,2,9,-0.003235253388057165,0.0003748425124691666,0.002837466283292238,-2.2944592295760183e-05,0.007092054174321992,9
1,12,1,-4,2,10,-0.003499927798231137,0.0003748425124691666,0.0030974669448516055,-2.7618340910364695e-05,0.007891117332284111,9
1,13,1,-4,2,11,-0.003765557199999308,0.0003748425124691666,0.0033613668070111803,-2.934788051896101e-05,0.007793768348271645,9
1,14,1,-4,2,12,-0.004030932427920738,0.0003748425124691666,0.003627023623815877,-2.9066291635694227e-05,0.007210810936537428,9
1,15,1,-4,2,13,-0.004295690809337045,0.0003748425124691666,0.0038929098475402085,-2.793844932766961e-05,0.00650383152971416,9
1,16,1,-4,2,14,-0.00455968102508798,0.0003748425124691666,0.004158149117255109,-2.6689395363704328e-05,0.0058533470251220816,9
1,17,1,-4,2,15,-0.004823167543880964,0.0003748425124691666,0.004422542790612594,-2.578224079920373e-05,0.005345499729096708,9
1,18,1,-4,2,16,-0.005087181893000314,0.0003748425124691666,0.004686172344532099,-2.616703599904891e-05,0.005143719361608306,9
1,19,1,-4,2,17,-0.0053527772990706515,0.0003748425124691666,0.004949603322414242,-2.8331464187242826e-05,0.005292853149739992,9
1,-2,1,-3,2,-20,-0.0006023269048774995,0.0004344394724834455,0.0001393121823523654,-2.8575250041688502e-05,0.04744143057581016,9
1,-2,1,-3,2,-19,-0.0006023269048774995,0.0004344394724834455,0.00014613674776618418,-2.1750684627869763e-05,0.03611109590446303,9
1,-2,1,-3,2,-18,-0.0006023269048774995,0.0004344394724834455,0.00015542391434663602,-1.246351804741789e-05,0.020692281793310736,9
1,-2,1,-3,2,-17,-0.0006023269048774995,0.0004344394724834455,0.0001654511913622877,-2.4362410317662437e-06,0.004044715605492874,9
1,-2,1,-3,2,-16,-0.0006023269048774995,0.0004344394724834455,0.00017249671507286419,4.609282678810192e-06,0.007652460219666964,9
1,-2,1,-3,2,-15,-0.0006023269048774995,0.0004344394724834455,0.0001819548751341122,1.4067442740058251e-05,0.02335516249754653,9
1,-2,1,-3,2,-14,-0.0006023269048774995,0.0004344394724834455,0.00019644874332665755,2.856131093260364e-05,0.04741828847644188,9
1,-1,1,-3,2,-9,-0.000758058289083616,0.0004344394724834455,0.0003021884453905382,-2.1430371209632277e-05,0.028270083604703445,9
1,-1,1,-3,2,-8,-0.000758058289083616,0.0004344394724834455,0.0003326425567156908,9.023740115520233e-06,0.0119037549558737,9
1,1,1,-3,2,-5,-0.0009785032656031902,0.0004344394724834455,0.0005139207856115777,-3.0143007508166993e-05,0.030805219121660864,9
1,2,1,-3,2,-2,-0.0011876060720696538,0.0004344394724834455,0.0007709839009291044,1.7817301342896e-05,0.01500270313694641,9
1,4,1,-3,2,0,-0.0014878228371177796,0.0004344394724834455,0.0010448703139708233,-8.513050663510853e-06,0.005721817444341957,9
1,13,1,-3,2,11,-0.003765557199999308,0.0004344394724834455,0.0033613668070111803,3.0249079495317868e-05,0.008033095207084739,9
1,14,1,-3,2,12,-0.004030932427920738,0.0004344394724834455,0.003627023623815877,3.0530668378584216e-05,0.00757409580153462,9
1,20,1,-3,2,18,-0.005620665903572574,0.0004344394724834455,0.00521391637956139,2.768994847226168e-05,0.004926453368214176,9
1,-1,1,-2,2,-20,-0.000758058289083616,0.0006023269048774995,0.0001393121823523654,-1.64192018537511e-05,0.021659550578359305,9
1,-1,1,-2,2,-19,-0.000758058289083616,0.0006023269048774995,0.00014613674776618418,-9.594636439932362e-06,0.012656858421178804,9
1,-1,1,-2,2,-18,-0.000758058289083616,0.0006023269048774995,0.00015542391434663602,-3.0746985948048797e-07,0.0004056018698142263,9
1,-1,1,-2,2,-17,-0.000758058289083616,0.0006023269048774995,0.0001654511913622877,9.719807156171158e-06,0.012821978594708084,9
1,-1,1,-2,2,-16,-0.000758058289083616,0.0006023269048774995,0.00017249671507286419,1.6765330866747594e-05,0.022116150048322115,9
1,-1,1,-2,2,-15,-0.000758058289083616,0.0006023269048774995,0.0001819548751341122,2.6223490927995653e-05,0.03459297432087459,9
1,1,1,-2,2,-7,-0.0009785032656031902,0.0006023269048774995,0.00036286508921045974,-1.3311271515230988e-05,0.013603706786839762,9
1,3,1,-2,2,-3,-0.0012725407985733764,0.0006023269048774995,0.0006883901588102036,1.81762651143265e-05,0.014283443905848516,9
1,4,1,-2,2,-1,-0.0014878228371177796,0.0006023269048774995,0.000894883579030094,9.387646789813789e-06,0.006309653646666428,9
1,6,1,-2,2,2,-0.0019747070189232627,0.0006023269048774995,0.0013846263257445758,1.2246211698812605e-05,0.006201533483934253,9
1,7,1,-2,2,3,-0.002215705167770865,0.0006023269048774995,0.0016105693803172012,-2.8088825761644724e-06,0.001267714954598576,9
1,8,1,-2,2,4,-0.0024629844882008973,0.0006023269048774995,0.0018458787080848657,-1.477887523853227e-05,0.006000393144711843,9
1,9,1,-2,2,6,-0.00271575402351329,0.0006023269048774995,0.002122306963237751,8.87984460196025e-06,0.0032697529029056395,9
1,1,1,-1,2,-14,-0.0009785032656031902,0.000758058289083616,0.00019644874332665755,-2.399623319291667e-05,0.0245234063456338,9
1,1,1,-1,2,-13,-0.0009785032656031902,0.000758058289083616,0.00021328352758161109,-7.1614489379630795e-06,0.007318778781538827,9
1,1,1,-1,2,-12,-0.0009785032656031902,0.000758058289083616,0.00022661345866183688,6.168482142262718e-06,0.006303997502205789,9
1,1,1,-1,2,-11,-0.0009785032656031902,0.000758058289083616,0.00024159830799367046,2.115333147409632e-05,0.021618048930124444,9
1,2,1,-1,2,-6,-0.0011876060720696538,0.000758058289083616,0.00042506408290257934,-4.48370008345844e-06,0.003775410204534108,9
1,3,1,-1,2,-5,-0.0012725407985733764,0.000758058289083616,0.0005139207856115777,-5.617238781827072e-07,0.0004414191504213037,9
1,6,1,-1,2,1,-0.0019747070189232627,0.000758058289083616,0.0011992510625692902,-1.7397667270356316e-05,0.008810252408908053,9
1,2,1,1,2,-15,-0.0011876060720696538,0.0009785032656031902,0.0001819548751341122,-2.7147931332351452e-05,0.022859373971573303,9
1,2,1,1,2,-14,-0.0011876060720696538,0.0009785032656031902,0.00019644874332665755,-1.2654063139806064e-05,0.01065510141570234,9
1,2,1,1,2,-13,-0.0011876060720696538,0.0009785032656031902,0.00021328352758161109,4.180721115147525e-06,0.003520292808760853,9
1,2,1,1,2,-12,-0.0011876060720696538,0.0009785032656031902,0.00022661345866183688,1.7510652195373323e-05,0.014744495339988724,9
1,3,1,1,2,-10,-0.0012725407985733764,0.0009785032656031902,0.00026814142169328853,-2.5896111276897714e-05,0.020349926152410516,9
1,3,1,1,2,-9,-0.0012725407985733764,0.0009785032656031902,0.0003021884453905382,8.1509124203519e-06,0.006405226794684892,9
1,4,1,1,2,-5,-0.0014878228371177796,0.0009785032656031902,0.0005139207856115777,4.6012140969883125e-06,0.0030925819809983664,9
1,5,1,1,2,-2,-0.001734103264389586,0.0009785032656031902,0.0007709839009291044,1.5383902142708517e-05,0.008871387568792643,9
1,4,1,2,2,-9,-0.0014878228371177796,0.0011876060720696538,0.0003021884453905382,1.9716803424123155e-06,0.0013252117746974956,9
1,6,1,2,2,-2,-0.0019747070189232627,0.0011876060720696538,0.0007709839009291044,-1.6117045924504605e-05,0.008161740334164941,9
1,7,1,2,2,0,-0.002215705167770865,0.0011876060720696538,0.0010448703139708233,1.677121826961208e-05,0.0075692463571247395,9
1,11,1,2,2,5,-0.003235253388057165,0.0011876060720696538,0.0020671941991908453,1.954688320333388e-05,0.006041839960817467,9
1,12,1,2,2,7,-0.003499927798231137,0.0011876060720696538,0.002333641093116966,2.1319366955482606e-05,0.00609137336097545,9
1,13,1,2,2,8,-0.003765557199999308,0.0011876060720696538,0.0025823680571360795,4.416929206425488e-06,0.0011729815726677314,9
1,14,1,2,2,9,-0.004030932427920738,0.0011876060720696538,0.002837466283292238,-5.860072558845977e-06,0.0014537759348818354,9
1,15,1,2,2,10,-0.004295690809337045,0.0011876060720696538,0.0030974669448516055,-1.0617792415785858e-05,0.002471731064234696,9
1,16,1,2,2,11,-0.00455968102508798,0.0011876060720696538,0.0033613668070111803,-1.0708146007145508e-05,0.0023484419081571378,9
1,17,1,2,2,12,-0.004823167543880964,0.0011876060720696538,0.003627023623815877,-8.537847995433723e-06,0.0017701744585392816,9
1,18,1,2,2,13,-0.005087181893000314,0.0011876060720696538,0.0038929098475402085,-6.665973390451892e-06,0.001310346972185899,9
1,19,1,2,2,14,-0.0053527772990706515,0.0011876060720696538,0.004158149117255109,-7.02210974588835e-06,0.0013118628617535663,9
1,20,1,2,2,15,-0.005620665903572574,0.0011876060720696538,0.004422542790612594,-1.0517040890325666e-05,0.0018711378813035101,9
1,4,1,3,2,-14,-0.0014878228371177796,0.0012725407985733764,0.00019644874332665755,-1.883329521774565e-05,0.01265829153034755,9
1,4,1,3,2,-13,-0.0014878228371177796,0.0012725407985733764,0.00021328352758161109,-1.99851096279206e-06,0.001343245252683168,9
1,4,1,3,2,-12,-0.0014878228371177796,0.0012725407985733764,0.00022661345866183688,1.1331420117433738e-05,0.00761610847389938,9
1,4,1,3,2,-11,-0.0014878228371177796,0.0012725407985733764,0.00024159830799367046,2.631626944926734e-05,0.017687770877510788,9
1,6,1,3,2,-3,-0.0019747070189232627,0.0012725407985733764,0.0006883901588102036,-1.3776061539682704e-05,0.006976255924382291,9
1,8,1,3,2,1,-0.0024629844882008973,0.0012725407985733764,0.0011992510625692902,8.80737294176948e-06,0.0035758946042745406,9
1,5,1,4,2,-12,-0.001734103264389586,0.0014878228371177796,0.00022661345866183688,-1.9666968609969573e-05,0.011341290345181637,9
1,5,1,4,2,-11,-0.001734103264389586,0.0014878228371177796,0.00024159830799367046,-4.682119278135973e-06,0.0027000233344143462,9
1,5,1,4,2,-10,-0.001734103264389586,0.0014878228371177796,0.00026814142169328853,2.1860994421482073e-05,0.012606512466936197,9
1,6,1,4,2,-5,-0.0019747070189232627,0.0014878228371177796,0.0005139207856115777,2.7036603806094347e-05,0.013691450704842505,9
1,9,1,4,2,1,-0.00271575402351329,0.0014878228371177796,0.0011992510625692902,-2.8680123826220656e-05,0.010560648563126506,9
1,15,1,4,2,9,-0.004295690809337045,0.0014878228371177796,0.002837466283292238,2.959831107297254e-05,0.006890233116554414,9
1,16,1,4,2,10,-0.00455968102508798,0.0014878228371177796,0.0030974669448516055,2.560875688140552e-05,0.00561634832360042,9
1,17,1,4,2,11,-0.004823167543880964,0.0014878228371177796,0.0033613668070111803,2.6022100247995346e-05,0.005395230418858029,9
1,18,1,4,2,12,-0.005087181893000314,0.0014878228371177796,0.003627023623815877,2.7664567933342876e-05,0.005438092939316327,9
1,19,1,4,2,13,-0.0053527772990706515,0.0014878228371177796,0.0038929098475402085,2.795538558733688e-05,0.005222594557070494,9
1,20,1,4,2,14,-0.005620665903572574,0.0014878228371177796,0.004158149117255109,2.530605080031459e-05,0.004502322542286263,9
1,6,1,5,2,-13,-0.0019747070189232627,0.001734103264389586,0.00021328352758161109,-2.7320226952065596e-05,0.01383507866749891,9
1,6,1,5,2,-12,-0.0019747070189232627,0.001734103264389586,0.00022661345866183688,-1.3990295871839798e-05,0.007084745097765545,9
1,6,1,5,2,-11,-0.0019747070189232627,0.001734103264389586,0.00024159830799367046,9.945534599938022e-07,0.0005036460854512467,9
1,6,1,5,2,-10,-0.0019747070189232627,0.001734103264389586,0.00026814142169328853,2.7537667159612065e-05,0.01394519130976066,9
1,15,1,5,2,8,-0.004295690809337045,0.001734103264389586,0.0025823680571360795,2.0780512188621134e-05,0.004837525117835051,9
1,16,1,5,2,9,-0.00455968102508798,0.001734103264389586,0.002837466283292238,1.1888522593844764e-05,0.0026073145310894575,9
1,17,1,5,2,10,-0.004823167543880964,0.001734103264389586,0.0030974669448516055,8.40266536022722e-06,0.001742146687582412,9
1,18,1,5,2,11,-0.005087181893000314,0.001734103264389586,0.0033613668070111803,8.28817840045279e-06,0.0016292278465326496,9
1,19,1,5,2,12,-0.0053527772990706515,0.001734103264389586,0.003627023623815877,8.349589134811625e-06,0.001559861109159404,9
1,20,1,5,2,13,-0.005620665903572574,0.001734103264389586,0.0038929098475402085,6.347208357220663e-06,0.0011292627005612072,9
1,7,1,6,2,-13,-0.002215705167770865,0.0019747070189232627,0.00021328352758161109,-2.7714621265991207e-05,0.012508262231420353,9
1,7,1,6,2,-12,-0.002215705167770865,0.0019747070189232627,0.00022661345866183688,-1.4384690185765409e-05,0.006492149946212062,9
1,7,1,6,2,-11,-0.002215705167770865,0.0019747070189232627,0.00024159830799367046,6.001591460681917e-07,0.00027086597747659203,9
1,7,1,6,2,-10,-0.002215705167770865,0.0019747070189232627,0.00026814142169328853,2.7143272845686454e-05,0.012250399213986692,9
1,8,1,6,2,-5,-0.0024629844882008973,0.0019747070189232627,0.0005139207856115777,2.5643316333943088e-05,0.01041148105348987,9
1,9,1,6,2,-2,-0.00271575402351329,0.0019747070189232627,0.0007709839009291044,2.9936896339077118e-05,0.011023419676406718,9
1,14,1,6,2,5,-0.004030932427920738,0.0019747070189232627,0.0020671941991908453,1.0968790193370027e-05,0.0027211545689511895,9
1,15,1,6,2,7,-0.004295690809337045,0.0019747070189232627,0.002333641093116966,1.2657302703183819e-05,0.002946511577526043,9
1,16,1,6,2,8,-0.00455968102508798,0.0019747070189232627,0.0025823680571360795,-2.6059490286379355e-06,0.0005715200283308531,9
1,17,1,6,2,9,-0.004823167543880964,0.0019747070189232627,0.002837466283292238,-1.0994241665463964e-05,0.0022794650124506022,9
1,18,1,6,2,10,-0.005087181893000314,0.0019747070189232627,0.0030974669448516055,-1.5007929225445762e-05,0.0029501459828074673,9
1,19,1,6,2,11,-0.0053527772990706515,0.0019747070189232627,0.0033613668070111803,-1.6703473136208888e-05,0.0031205245805964957,9
1,20,1,6,2,12,-0.005620665903572574,0.0019747070189232627,0.003627023623815877,-1.893526083343415e-05,0.003368864322890751,9
1,8,1,7,2,-12,-0.0024629844882008973,0.002215705167770865,0.00022661345866183688,-2.066586176819544e-05,0.008390577312685776,9
1,8,1,7,2,-11,-0.0024629844882008973,0.002215705167770865,0.00024159830799367046,-5.681012436361838e-06,0.0023065563196102666,9
1,8,1,7,2,-10,-0.0024629844882008973,0.002215705167770865,0.00026814142169328853,2.086210126325599e-05,0.00847025280232067,9
1,9,1,7,2,-5,-0.00271575402351329,0.002215705167770865,0.0005139207856115777,1.3871929869152533e-05,0.0051079478292392734,9
1,10,1,7,2,-2,-0.002973321972018305,0.002215705167770865,0.0007709839009291044,1.3367096681664217e-05,0.004495677497244124,9
1,11,1,7,2,0,-0.003235253388057165,0.002215705167770865,0.0010448703139708233,2.5322093684523178e-05,0.0078269274913671,9
1,14,1,7,2,4,-0.004030932427920738,0.002215705167770865,0.0018458787080848657,3.065144793499251e-05,0.007604058982155487,9
1,15,1,7,2,5,-0.004295690809337045,0.002215705167770865,0.0020671941991908453,-1.2791442375334125e-05,0.00297773814342756,9
1,16,1,7,2,7,-0.00455968102508798,0.002215705167770865,0.002333641093116966,-1.0334764200148339e-05,0.0022665542048413193,9
1,17,1,7,2,8,-0.004823167543880964,0.002215705167770865,0.0025823680571360795,-2.509431897401975e-05,0.005202871089530428,9
1,9,1,8,2,-12,-0.00271575402351329,0.0024629844882008973,0.00022661345866183688,-2.6156076650555964e-05,0.009631239215368492,9
1,9,1,8,2,-11,-0.00271575402351329,0.0024629844882008973,0.00024159830799367046,-1.1171227318722363e-05,0.0041134901106656485,9
1,9,1,8,2,-10,-0.00271575402351329,0.0024629844882008973,0.00026814142169328853,1.53718863808959e-05,0.00566026460710523,9
1,10,1,8,2,-5,-0.002973321972018305,0.0024629844882008973,0.0005139207856115777,3.583301794170095e-06,0.001205150948296976,9
1,11,1,8,2,-2,-0.003235253388057165,0.0024629844882008973,0.0007709839009291044,-1.2849989271630433e-06,0.0003971864868163266,9
1,12,1,8,2,0,-0.003499927798231137,0.0024629844882008973,0.0010448703139708233,7.927003940583991e-06,0.002264904991637341,9
1,15,1,8,2,4,-0.004295690809337045,0.0024629844882008973,0.0018458787080848657,1.317238694871839e-05,0.0030664187748538838,9
1,16,1,8,2,5,-0.00455968102508798,0.0024629844882008973,0.0020671941991908453,-2.950233769623712e-05,0.006470263497361171,9
1,16,1,8,2,6,-0.00455968102508798,0.0024629844882008973,0.002122306963237751,2.5610426350668875e-05,0.005616714460892518,9
1,17,1,8,2,7,-0.004823167543880964,0.0024629844882008973,0.002333641093116966,-2.6541962563100992e-05,0.00550301483861454,9
1,10,1,9,2,-12,-0.002973321972018305,0.00271575402351329,0.00022661345866183688,-3.0954489843177876e-05,0.010410742642232526,9
1,10,1,9,2,-11,-0.002973321972018305,0.00271575402351329,0.00024159830799367046,-1.5969640511344276e-05,0.005370975851802557,9
1,10,1,9,2,-10,-0.002973321972018305,0.00271575402351329,0.00026814142169328853,1.0573473188273553e-05,0.003556114436236527,9
1,11,1,9,2,-5,-0.003235253388057165,0.00271575402351329,0.0005139207856115777,-5.578578932297074e-06,0.0017243097412061202,9
1,12,1,9,2,-2,-0.003499927798231137,0.00271575402351329,0.0007709839009291044,-1.3189873788742573e-05,0.0037686131112215325,9
1,13,1,9,2,0,-0.003765557199999308,0.00271575402351329,0.0010448703139708233,-4.9328625151947095e-06,0.0013099953747072587,9
1,15,1,9,2,3,-0.004295690809337045,0.00271575402351329,0.0016105693803172012,3.063259449344671e-05,0.007131005431504567,9
1,16,1,9,2,4,-0.00455968102508798,0.00271575402351329,0.0018458787080848657,1.95170651017592e-06,0.0004280357550094771,9
1,17,1,9,2,6,-0.004823167543880964,0.00271575402351329,0.002122306963237751,1.4893442870076747e-05,0.0030878966435598314,9
1,11,1,10,2,-11,-0.003235253388057165,0.002973321972018305,0.00024159830799367046,-2.0333108045189532e-05,0.006284857971325694,9
1,11,1,10,2,-10,-0.003235253388057165,0.002973321972018305,0.00026814142169328853,6.210005654428731e-06,0.0019194804578067269,9
1,12,1,10,2,-5,-0.003499927798231137,0.002973321972018305,0.0005139207856115777,-1.2685040601254256e-05,0.003624372082094172,9
1,13,1,10,2,-2,-0.003765557199999308,0.002973321972018305,0.0007709839009291044,-2.1251327051898493e-05,0.005643607552131302,9
1,14,1,10,2,0,-0.004030932427920738,0.002973321972018305,0.0010448703139708233,-1.2740141931609494e-05,0.0031605942692969425,9
1,16,1,10,2,3,-0.00455968102508798,0.002973321972018305,0.0016105693803172012,2.4210327247526156e-05,0.005309653704791557,9
1,17,1,10,2,4,-0.004823167543880964,0.002973321972018305,0.0018458787080848657,-3.966863777793428e-06,0.0008224602901937528,9
1,18,1,10,2,6,-0.005087181893000314,0.002973321972018305,0.002122306963237751,8.447042255742276e-06,0.0016604561097697229,9
1,12,1,11,2,-11,-0.003499927798231137,0.003235253388057165,0.00024159830799367046,-2.307610218030146e-05,0.006593308065373268,9
1,12,1,11,2,-10,-0.003499927798231137,0.003235253388057165,0.00026814142169328853,3.46701151931637e-06,0.0009905951548682226,9
1,13,1,11,2,-5,-0.003765557199999308,0.003235253388057165,0.0005139207856115777,-1.6383026330565355e-05,0.004350757526819235,9
1,14,1,11,2,-2,-0.004030932427920738,0.003235253388057165,0.0007709839009291044,-2.469513893446889e-05,0.006126408560812144,9
1,15,1,11,2,0,-0.004295690809337045,0.003235253388057165,0.0010448703139708233,-1.556710730905679e-05,0.003623889148450902,9
1,17,1,11,2,3,-0.004823167543880964,0.003235253388057165,0.0016105693803172012,2.2655224493402064e-05,0.004697167222014545,9
1,18,1,11,2,4,-0.005087181893000314,0.003235253388057165,0.0018458787080848657,-6.04979685828351e-06,0.0011892236184060376,9
1,19,1,11,2,6,-0.0053527772990706515,0.003235253388057165,0.002122306963237751,4.783052224264367e-06,0.000893564584705364,9
1,13,1,12,2,-11,-0.003765557199999308,0.003499927798231137,0.00024159830799367046,-2.403109377450063e-05,0.006381816155788324,9
1,13,1,12,2,-10,-0.003765557199999308,0.003499927798231137,0.00026814142169328853,2.5120199251176326e-06,0.0006671044394487206,9
1,14,1,12,2,-5,-0.004030932427920738,0.003499927798231137,0.0005139207856115777,-1.7083844078023824e-05,0.004238186668595714,9
1,15,1,12,2,-2,-0.004295690809337045,0.003499927798231137,0.0007709839009291044,-2.477911017680339e-05,0.005768364455594409,9
1,16,1,12,2,0,-0.00455968102508798,0.003499927798231137,0.0010448703139708233,-1.4882912886019298e-05,0.0032640250061641385,9
1,18,1,12,2,3,-0.005087181893000314,0.003499927798231137,0.0016105693803172012,2.331528554802391e-05,0.004583143681200877,9
1,19,1,12,2,4,-0.0053527772990706515,0.003499927798231137,0.0018458787080848657,-6.970792754648625e-06,0.0013022758775820718,9
1,20,1,12,2,6,-0.005620665903572574,0.003499927798231137,0.002122306963237751,1.5688578963142866e-06,0.00027912313651610185,9
1,14,1,13,2,-11,-0.004030932427920738,0.003765557199999308,0.00024159830799367046,-2.3776919927759495e-05,0.00589861535833888,9
1,14,1,13,2,-10,-0.004030932427920738,0.003765557199999308,0.00026814142169328853,2.7661937718583343e-06,0.0006862416627721071,9
1,15,1,13,2,-5,-0.004295690809337045,0.003765557199999308,0.0005139207856115777,-1.6212823726159155e-05,0.0037742063956091114,9
1,16,1,13,2,-2,-0.00455968102508798,0.003765557199999308,0.0007709839009291044,-2.3139924159567594e-05,0.005074899764314349,9
1,17,1,13,2,0,-0.004823167543880964,0.003765557199999308,0.0010448703139708233,-1.2740029910833159e-05,0.0026414238765137084,9
1,19,1,13,2,3,-0.0053527772990706515,0.003765557199999308,0.0016105693803172012,2.3349281245857965e-05,0.004362087182276734,9
1,20,1,13,2,4,-0.005620665903572574,0.003765557199999308,0.0018458787080848657,-9.229995488400401e-06,0.0016421533759075925,9
1,15,1,14,2,-11,-0.004295690809337045,0.004030932427920738,0.00024159830799367046,-2.3160073422636394e-05,0.005391466576760141,9
1,15,1,14,2,-10,-0.004295690809337045,0.004030932427920738,0.00026814142169328853,3.3830402769814347e-06,0.0007875427788303833,9
1,16,1,14,2,-5,-0.00455968102508798,0.004030932427920738,0.0005139207856115777,-1.482781155566406e-05,0.003251940535769814,9
1,17,1,14,2,-2,-0.004823167543880964,0.004030932427920738,0.0007709839009291044,-2.1251215031122157e-05,0.004406070251091123,9
1,18,1,14,2,0,-0.005087181893000314,0.004030932427920738,0.0010448703139708233,-1.1379151108752844e-05,0.0022368280411616376,9
1,20,1,14,2,3,-0.005620665903572574,0.004030932427920738,0.0016105693803172012,2.0835904665365487e-05,0.0037070171084393924,9
1,16,1,15,2,-11,-0.00455968102508798,0.004295690809337045,0.00024159830799367046,-2.23919077572644e-05,0.004910849604185271,9
1,16,1,15,2,-10,-0.00455968102508798,0.004295690809337045,0.00026814142169328853,4.1512059423534295e-06,0.0009104158645117794,9
1,17,1,15,2,-5,-0.004823167543880964,0.004295690809337045,0.0005139207856115777,-1.3555948932341723e-05,0.0028105905111133504,9
1,18,1,15,2,-2,-0.005087181893000314,0.004295690809337045,0.0007709839009291044,-2.0507182734164943e-05,0.004031147925412636,9
1,19,1,15,2,0,-0.0053527772990706515,0.004295690809337045,0.0010448703139708233,-1.2216175762783457e-05,0.002282212593620218,9
1,17,1,16,2,-11,-0.004823167543880964,0.00455968102508798,0.00024159830799367046,-2.1888210799314058e-05,0.004538140257450335,9
1,17,1,16,2,-10,-0.004823167543880964,0.00455968102508798,0.00026814142169328853,4.6549029003037715e-06,0.0009651132493229131,9
1,18,1,16,2,-5,-0.005087181893000314,0.00455968102508798,0.0005139207856115777,-1.3580082300756503e-05,0.002669470560791616,9
1,19,1,16,2,-2,-0.0053527772990706515,0.00455968102508798,0.0007709839009291044,-2.211237305356755e-05,0.004131009346756627,9
1,20,1,16,2,0,-0.005620665903572574,0.00455968102508798,0.0010448703139708233,-1.611456451377103e-05,0.0028670205257224747,9
1,18,1,17,2,-11,-0.005087181893000314,0.004823167543880964,0.00024159830799367046,-2.241604112567918e-05,0.00440637696806604,9
1,18,1,17,2,-10,-0.005087181893000314,0.004823167543880964,0.00026814142169328853,4.127072573938649e-06,0.0008112689227049806,9
1,19,1,17,2,-5,-0.0053527772990706515,0.004823167543880964,0.0005139207856115777,-1.5688969578109453e-05,0.002930996135563751,9
1,20,1,17,2,-2,-0.005620665903572574,0.004823167543880964,0.0007709839009291044,-2.6514458762505466e-05,0.004717316278423969,9
1,19,1,18,2,-11,-0.0053527772990706515,0.005087181893000314,0.00024159830799367046,-2.3997098076667008e-05,0.004483111614008934,9
1,19,1,18,2,-10,-0.0053527772990706515,0.005087181893000314,0.00026814142169328853,2.5460156229508216e-06,0.00047564385377902056,9
1,20,1,18,2,-5,-0.005620665903572574,0.005087181893000314,0.0005139207856115777,-1.9563224960682246e-05,0.0034805884740894467,9
1,20,1,19,2,-11,-0.005620665903572574,0.0053527772990706515,0.00024159830799367046,-2.6290296508251973e-05,0.0046774344818363055,9
1,20,1,19,2,-10,-0.005620665903572574,0.0053527772990706515,0.00026814142169328853,2.528171913658561e-07,4.4979935776855544e-05,9
2,-20,1,-20,1,-20,-0.0001393121823523654,8.072560078089107e-05,8.072560078089107e-05,2.213901920941673e-05,0.15891660611144556,9
2,-19,1,-20,1,-20,-0.00014613674776618418,8.072560078089107e-05,8.072560078089107e-05,1.5314453795597964e-05,0.10479536481885295,9
2,-18,1,-20,1,-20,-0.00015542391434663602,8.072560078089107e-05,8.072560078089107e-05,6.027287215146118e-06,0.03877966425233436,9
2,-17,1,-20,1,-20,-0.0001654511913622877,8.072560078089107e-05,8.072560078089107e-05,-3.999989800505555e-06,0.02417625263118714,9
2,-16,1,-20,1,-20,-0.00017249671507286419,8.072560078089107e-05,8.072560078089107e-05,-1.1045513511082045e-05,0.06403318177054165,9
2,-15,1,-20,1,-20,-0.0001819548751341122,8.072560078089107e-05,8.072560078089107e-05,-2.050367357233005e-05,0.1126854862075971,9
2,-20,1,-20,1,-19,-0.0001393121823523654,8.072560078089107e-05,8.478197882193453e-05,2.619539725046019e-05,0.1880337871974727,9
2,-19,1,-20,1,-19,-0.00014613674776618418,8.072560078089107e-05,8.478197882193453e-05,1.9370831836641424e-05,0.1325527776739247,9
2,-18,1,-20,1,-19,-0.00015542391434663602,8.072560078089107e-05,8.478197882193453e-05,1.0083665256189578e-05,0.06487846673131886,9
2,-17,1,-20,1,-19,-0.0001654511913622877,8.072560078089107e-05,8.478197882193453e-05,5.638824053790458e-08,0.0003408149562031954,9
2,-16,1,-20,1,-19,-0.00017249671507286419,8.072560078089107e-05,8.478197882193453e-05,-6.989135470038586e-06,0.04051749893953813,9
2,-15,1,-20,1,-19,-0.0001819548751341122,8.072560078089107e-05,8.478197882193453e-05,-1.644729553128659e-05,0.09039216739405251,9
2,-14,1,-20,1,-19,-0.00019644874332665755,8.072560078089107e-05,8.478197882193453e-05,-3.094116372383195e-05,0.1575024772359199,9
2,-19,1,-20,1,-18,-0.00014613674776618418,8.072560078089107e-05,9.022666331180865e-05,2.481551632651556e-05,0.16981024079049495,9
2,-18,1,-20,1,-18,-0.00015542391434663602,8.072560078089107e-05,9.022666331180865e-05,1.5528349746063712e-05,0.09990965554651665,9
2,-17,1,-20,1,-18,-0.0001654511913622877,8.072560078089107e-05,9.022666331180865e-05,5.501072730412039e-06,0.033248915798776965,9
2,-16,1,-20,1,-18,-0.00017249671507286419,8.072560078089107e-05,9.022666331180865e-05,-1.5444509801644513e-06,0.00895350951762798,9
2,-15,1,-20,1,-18,-0.0001819548751341122,8.072560078089107e-05,9.022666331180865e-05,-1.1002611041412456e-05,0.06046889940872889,9
2,-14,1,-20,1,-18,-0.00019644874332665755,8.072560078089107e-05,9.022666331180865e-05,-2.5496479233957817e-05,0.12978692967031066,9
2,-19,1,-20,1,-17,-0.00014613674776618418,8.072560078089107e-05,9.604201341396486e-05,3.063086642867175e-05,0.20960413377804546,9
2,-18,1,-20,1,-17,-0.00015542391434663602,8.072560078089107e-05,9.604201341396486e-05,2.1343699848219906e-05,0.13732571295700266,9
2,-17,1,-20,1,-17,-0.0001654511913622877,8.072560078089107e-05,9.604201341396486e-05,1.1316422832568232e-05,0.06839734872497058,9
2,-16,1,-20,1,-17,-0.00017249671507286419,8.072560078089107e-05,9.604201341396486e-05,4.270899121991742e-06,0.02475930698267312,9
2,-15,1,-20,1,-17,-0.0001819548751341122,8.072560078089107e-05,9.604201341396486e-05,-5.187260939256262e-06,0.02850850209664855,9
2,-14,1,-20,1,-17,-0.00019644874332665755,8.072560078089107e-05,9.604201341396486e-05,-1.9681129131801623e-05,0.10018455093436553,9
2,-18,1,-20,1,-16,-0.00015542391434663602,8.072560078089107e-05,0.00010005036405775381,2.5352050492008873e-05,0.16311550637868483,9
2,-17,1,-20,1,-16,-0.0001654511913622877,8.072560078089107e-05,0.00010005036405775381,1.53247734763572e-05,0.09262413494986939,9
2,-16,1,-20,1,-16,-0.00017249671507286419,8.072560078089107e-05,0.00010005036405775381,8.27924976578071e-06,0.04799656481738495,9
2,-15,1,-20,1,-16,-0.0001819548751341122,8.072560078089107e-05,0.00010005036405775381,-1.178910295467295e-06,0.006479135525213952,9
2,-14,1,-20,1,-16,-0.00019644874332665755,8.072560078089107e-05,0.00010005036405775381,-1.5672778488012656e-05,0.07978049756190984,9
2,-18,1,-20,1,-15,-0.00015542391434663602,8.072560078089107e-05,0.00010578880168925861,3.109048812351367e-05,0.2000367076984932,9
2,-17,1,-20,1,-15,-0.0001654511913622877,8.072560078089107e-05,0.00010578880168925861,2.1063211107861997e-05,0.12730770286047674,9
2,-16,1,-20,1,-15,-0.00017249671507286419,8.072560078089107e-05,0.00010578880168925861,1.4017687397285507e-05,0.08126350343172802,9
2,-15,1,-20,1,-15,-0.0001819548751341122,8.072560078089107e-05,0.00010578880168925861,4.559527336037503e-06,0.025058560990338093,9
2,-14,1,-20,1,-15,-0.00019644874332665755,8.072560078089107e-05,0.00010578880168925861,-9.934340856507858e-06,0.05056963301612424,9
2,-13,1,-20,1,-15,-0.00021328352758161109,8.072560078089107e-05,0.00010578880168925861,-2.6769125111461393e-05,0.12550957598550794,9
2,-17,1,-20,1,-14,-0.0001654511913622877,8.072560078089107e-05,0.00011436477230035796,2.9639181718961336e-05,0.17914154304311147,9
2,-16,1,-20,1,-14,-0.00017249671507286419,8.072560078089107e-05,0.00011436477230035796,2.2593658008384846e-05,0.13098022184852087,9
2,-15,1,-20,1,-14,-0.0001819548751341122,8.072560078089107e-05,0.00011436477230035796,1.313549794713684e-05,0.0721909645864402,9
2,-14,1,-20,1,-14,-0.00019644874332665755,8.072560078089107e-05,0.00011436477230035796,-1.3583702454085197e-06,0.006914629345069435,9
2,-13,1,-20,1,-14,-0.00021328352758161109,8.072560078089107e-05,0.00011436477230035796,-1.8193154500362055e-05,0.08530032631517032,9
2,-15,1,-20,1,-13,-0.0001819548751341122,8.072560078089107e-05,0.00012421068509566594,2.298141074244482e-05,0.12630280296422985,9
2,-14,1,-20,1,-13,-0.00019644874332665755,8.072560078089107e-05,0.00012421068509566594,8.487542549899459e-06,0.043204870676043276,9
2,-13,1,-20,1,-13,-0.00021328352758161109,8.072560078089107e-05,0.00012421068509566594,-8.347241705054077e-06,0.039136832551965726,9
2,-12,1,-20,1,-13,-0.00022661345866183688,8.072560078089107e-05,0.00012421068509566594,-2.1677172785279875e-05,0.09565704046566606,9
2,-15,1,-20,1,-12,-0.0001819548751341122,8.072560078089107e-05,0.0001317052176195001,3.047594326627899e-05,0.16749176543808625,9
2,-14,1,-20,1,-12,-0.00019644874332665755,8.072560078089107e-05,0.0001317052176195001,1.598207507373363e-05,0.0813549366775965,9
2,-13,1,-20,1,-12,-0.00021328352758161109,8.072560078089107e-05,0.0001317052176195001,-8.527091812199046e-07,0.003998007679677104,9
2,-12,1,-20,1,-12,-0.00022661345866183688,8.072560078089107e-05,0.0001317052176195001,-1.4182640261445703e-05,0.06258516305781157,9
2,-11,1,-20,1,-12,-0.00024159830799367046,8.072560078089107e-05,0.0001317052176195001,-2.9167489593279276e-05,0.12072720970398279,9
2,-14,1,-20,1,-11,-0.00019644874332665755,8.072560078089107e-05,0.00014098639381203223,2.5263251266265747e-05,0.1285997092089191,9
2,-13,1,-20,1,-11,-0.00021328352758161109,8.072560078089107e-05,0.00014098639381203223,8.428467011312212e-06,0.03951766508591308,9
2,-12,1,-20,1,-11,-0.00022661345866183688,8.072560078089107e-05,0.00014098639381203223,-4.901464068913586e-06,0.021629183446812743,9
2,-11,1,-20,1,-11,-0.00024159830799367046,8.072560078089107e-05,0.00014098639381203223,-1.988631340074716e-05,0.08231147629257467,9
2,-13,1,-20,1,-10,-0.00021328352758161109,8.072560078089107e-05,0.00015689169501995108,2.4333768219231066e-05,0.11409117476228896,9
2,-12,1,-20,1,-10,-0.00022661345866183688,8.072560078089107e-05,0.00015689169501995108,1.1003837139005268e-05,0.048557738820913125,9
2,-11,1,-20,1,-10,-0.00024159830799367046,8.072560078089107e-05,0.00015689169501995108,-3.981012192828305e-06,0.016477814873325197,9
2,-10,1,-20,1,-10,-0.00026814142169328853,8.072560078089107e-05,0.00015689169501995108,-3.052412589244638e-05,0.11383592172999352,9
2,-12,1,-20,1,-9,-0.00022661345866183688,8.072560078089107e-05,0.00017709054959521184,3.120269171426603e-05,0.137691255843847,9
2,-11,1,-20,1,-9,-0.00024159830799367046,8.072560078089107e-05,0.00017709054959521184,1.6217842382432456e-05,0.0671273011682571,9
2,-10,1,-20,1,-9,-0.00026814142169328853,8.072560078089107e-05,0.00017709054959521184,-1.0325271317185617e-05,0.03850681200980614,9
2,-10,1,-20,1,-8,-0.00026814142169328853,8.072560078089107e-05,0.0001942497109787832,6.833890066385755e-06,0.025486140944693904,9
2,-9,1,-20,1,-8,-0.0003021884453905382,8.072560078089107e-05,0.0001942497109787832,-2.7213133630863914e-05,0.09005352139025227,9
2,-10,1,-20,1,-7,-0.00026814142169328853,8.072560078089107e-05,0.00021361879346884448,2.6202972556447015e-05,0.09772071913014276,9
2,-9,1,-20,1,-7,-0.0003021884453905382,8.072560078089107e-05,0.00021361879346884448,-7.844051140802654e-06,0.025957482029682722,9
2,-9,1,-20,1,-6,-0.0003021884453905382,8.072560078089107e-05,0.00025234878420021,3.088593959056288e-05,0.10220754652166442,9
2,-8,1,-20,1,-6,-0.0003326425567156908,8.072560078089107e-05,0.00025234878420021,4.318282654102606e-07,0.0012981750431269794,9
2,-7,1,-20,1,-6,-0.00036286508921045974,8.072560078089107e-05,0.00025234878420021,-2.9790704229358663e-05,0.08209856807712967,9
2,-7,1,-20,1,-5,-0.00036286508921045974,8.072560078089107e-05,0.00030881498435276556,2.6675495923196915e-05,0.07351353634277359,9
2,-6,1,-20,1,-4,-0.00042506408290257934,8.072560078089107e-05,0.0003748425124691666,3.0504030347478373e-05,0.07176336833538018,9
2,-5,1,-20,1,-3,-0.0005139207856115777,8.072560078089107e-05,0.0004344394724834455,1.2442876527588888e-06,0.002421166233387812,9
2,-3,1,-20,1,-2,-0.0006883901588102036,8.072560078089107e-05,0.0006023269048774995,-5.3376531518130235e-06,0.00775381966679839,9
2,0,1,-20,1,1,-0.0010448703139708233,8.072560078089107e-05,0.0009785032656031902,1.4358552413257838e-05,0.013741946939511559,9
2,4,1,-20,1,5,-0.0018458787080848657,8.072560078089107e-05,0.001734103264389586,-3.1049842914388686e-05,0.016821171823691215,9
2,5,1,-20,1,6,-0.0020671941991908453,8.072560078089107e-05,0.0019747070189232627,-1.1761579486691594e-05,0.00568963452553001,9
2,-20,1,-19,1,-19,-0.0001393121823523654,8.478197882193453e-05,8.478197882193453e-05,3.025177529150365e-05,0.21715096828349986,9
2,-19,1,-19,1,-19,-0.00014613674776618418,8.478197882193453e-05,8.478197882193453e-05,2.3427209877684884e-05,0.16031019052899648,9
2,-18,1,-19,1,-19,-0.00015542391434663602,8.478197882193453e-05,8.478197882193453e-05,1.4140043297233037e-05,0.09097726921030337,9
2,-17,1,-19,1,-19,-0.0001654511913622877,8.478197882193453e-05,8.478197882193453e-05,4.112766281581364e-06,0.024857882543593533,9
2,-16,1,-19,1,-19,-0.00017249671507286419,8.478197882193453e-05,8.478197882193453e-05,-2.932757428995126e-06,0.017001816108534604,9
2,-15,1,-19,1,-19,-0.0001819548751341122,8.478197882193453e-05,8.478197882193453e-05,-1.239091749024313e-05,0.06809884858050791,9
2,-14,1,-19,1,-19,-0.00019644874332665755,8.478197882193453e-05,8.478197882193453e-05,-2.688478568278849e-05,0.13685394585642177,9
2,-19,1,-19,1,-18,-0.00014613674776618418,8.478197882193453e-05,9.022666331180865e-05,2.8871894367559018e-05,0.1975676536455667,9
2,-18,1,-19,1,-18,-0.00015542391434663602,8.478197882193453e-05,9.022666331180865e-05,1.958472778710717e-05,0.12600845802550115,9
2,-17,1,-19,1,-18,-0.0001654511913622877,8.478197882193453e-05,9.022666331180865e-05,9.557450771455499e-06,0.057765983386167306,9
2,-16,1,-19,1,-18,-0.00017249671507286419,8.478197882193453e-05,9.022666331180865e-05,2.5119270608790084e-06,0.014562173313375547,9
2,-15,1,-19,1,-18,-0.0001819548751341122,8.478197882193453e-05,9.022666331180865e-05,-6.946233000368996e-06,0.038175580595184305,9
2,-14,1,-19,1,-18,-0.00019644874332665755,8.478197882193453e-05,9.022666331180865e-05,-2.1440101192914357e-05,0.10913839829081255,9
2,-18,1,-19,1,-17,-0.00015542391434663602,8.478197882193453e-05,9.604201341396486e-05,2.5400077889263365e-05,0.16342451543598716,9
2,-17,1,-19,1,-17,-0.0001654511913622877,8.478197882193453e-05,9.604201341396486e-05,1.5372800873611692e-05,0.09291441631236091,9
2,-16,1,-19,1,-17,-0.00017249671507286419,8.478197882193453e-05,9.604201341396486e-05,8.327277163035202e-06,0.04827498981367665,9
2,-15,1,-19,1,-17,-0.0001819548751341122,8.478197882193453e-05,9.604201341396486e-05,-1.1308828982128027e-06,0.006215183283103961,9
2,-14,1,-19,1,-17,-0.00019644874332665755,8.478197882193453e-05,9.604201341396486e-05,-1.5624751090758163e-05,0.0795360195548674,9
2,-18,1,-19,1,-16,-0.00015542391434663602,8.478197882193453e-05,0.00010005036405775381,2.9408428533052333e-05,0.18921430885766935,9
2,-17,1,-19,1,-16,-0.0001654511913622877,8.478197882193453e-05,0.00010005036405775381,1.938115151740066e-05,0.11714120253725972,9
2,-16,1,-19,1,-16,-0.00017249671507286419,8.478197882193453e-05,0.00010005036405775381,1.233562780682417e-05,0.07151224764838848,9
2,-15,1,-19,1,-16,-0.0001819548751341122,8.478197882193453e-05,0.00010005036405775381,2.8774677455761647e-06,0.015814183288330636,9
2,-14,1,-19,1,-16,-0.00019644874332665755,8.478197882193453e-05,0.00010005036405775381,-1.1616400446969196e-05,0.059131966182411726,9
2,-13,1,-19,1,-16,-0.00021328352758161109,8.478197882193453e-05,0.00010005036405775381,-2.845118470192273e-05,0.13339607153222902,9
2,-17,1,-19,1,-15,-0.0001654511913622877,8.478197882193453e-05,0.00010578880168925861,2.5119589148905457e-05,0.15182477044786707,9
2,-16,1,-19,1,-15,-0.00017249671507286419,8.478197882193453e-05,0.00010578880168925861,1.8074065438328967e-05,0.10477918626273154,9
2,-15,1,-19,1,-15,-0.0001819548751341122,8.478197882193453e-05,0.00010578880168925861,8.615905377080962e-06,0.04735187980388268,9
2,-14,1,-19,1,-15,-0.00019644874332665755,8.478197882193453e-05,0.00010578880168925861,-5.877962815464398e-06,0.029921101636626122,9
2,-13,1,-19,1,-15,-0.00021328352758161109,8.478197882193453e-05,0.00010578880168925861,-2.2712747070417934e-05,0.10649086372470606,9
2,-16,1,-19,1,-14,-0.00017249671507286419,8.478197882193453e-05,0.00011436477230035796,2.6650036049428305e-05,0.1544959046795244,9
2,-15,1,-19,1,-14,-0.0001819548751341122,8.478197882193453e-05,0.00011436477230035796,1.71918759881803e-05,0.09448428339998478,9
2,-14,1,-19,1,-14,-0.00019644874332665755,8.478197882193453e-05,0.00011436477230035796,2.69800779563494e-06,0.013733902034428681,9
2,-13,1,-19,1,-14,-0.00021328352758161109,8.478197882193453e-05,0.00011436477230035796,-1.4136776459318596e-05,0.06628161405436846,9
2,-12,1,-19,1,-14,-0.00022661345866183688,8.478197882193453e-05,0.00011436477230035796,-2.7466707539544393e-05,0.1212051027407489,9
2,-15,1,-19,1,-13,-0.0001819548751341122,8.478197882193453e-05,0.00012421068509566594,2.703778878348828e-05,0.14859612177777445,9
2,-14,1,-19,1,-13,-0.00019644874332665755,8.478197882193453e-05,0.00012421068509566594,1.2543920590942919e-05,0.0638534020555414,9
2,-13,1,-19,1,-13,-0.00021328352758161109,8.478197882193453e-05,0.00012421068509566594,-4.290863664010617e-06,0.02011812029116386,9
2,-12,1,-19,1,-13,-0.00022661345866183688,8.478197882193453e-05,0.00012421068509566594,-1.7620794744236415e-05,0.077757053126006,9
2,-14,1,-19,1,-12,-0.00019644874332665755,8.478197882193453e-05,0.0001317052176195001,2.003845311477709e-05,0.1020034680570946,9
2,-13,1,-19,1,-12,-0.00021328352758161109,8.478197882193453e-05,0.0001317052176195001,3.203668859823555e-06,0.01502070458112476,9
2,-12,1,-19,1,-12,-0.00022661345866183688,8.478197882193453e-05,0.0001317052176195001,-1.0126262220402243e-05,0.044685175718151504,9
2,-11,1,-19,1,-12,-0.00024159830799367046,8.478197882193453e-05,0.0001317052176195001,-2.5111111552235816e-05,0.10393744790999816,9
2,-14,1,-19,1,-11,-0.00019644874332665755,8.478197882193453e-05,0.00014098639381203223,2.9319629307309207e-05,0.1492482405884172,9
2,-13,1,-19,1,-11,-0.00021328352758161109,8.478197882193453e-05,0.00014098639381203223,1.2484845052355672e-05,0.05853637734671495,9
2,-12,1,-19,1,-11,-0.00022661345866183688,8.478197882193453e-05,0.00014098639381203223,-8.450860278701264e-07,0.003729196107152678,9
2,-11,1,-19,1,-11,-0.00024159830799367046,8.478197882193453e-05,0.00014098639381203223,-1.58299353597037e-05,0.06552171449859004,9
2,-13,1,-19,1,-10,-0.00021328352758161109,8.478197882193453e-05,0.00015689169501995108,2.8390146260274526e-05,0.13310988702309082,9
2,-12,1,-19,1,-10,-0.00022661345866183688,8.478197882193453e-05,0.00015689169501995108,1.5060215180048728e-05,0.06645772616057319,9
2,-11,1,-19,1,-10,-0.00024159830799367046,8.478197882193453e-05,0.00015689169501995108,7.536584821515478e-08,0.00031194692065943303,9
2,-10,1,-19,1,-10,-0.00026814142169328853,8.478197882193453e-05,0.00015689169501995108,-2.6467747851402918e-05,0.09870816558016852,9
2,-11,1,-19,1,-9,-0.00024159830799367046,8.478197882193453e-05,0.00017709054959521184,2.0274220423475915e-05,0.08391706296224175,9
2,-10,1,-19,1,-9,-0.00026814142169328853,8.478197882193453e-05,0.00017709054959521184,-6.2688932761421575e-06,0.023379055859981162,9
2,-10,1,-19,1,-8,-0.00026814142169328853,8.478197882193453e-05,0.0001942497109787832,1.0890268107429215e-05,0.04061389709451889,9
2,-9,1,-19,1,-8,-0.0003021884453905382,8.478197882193453e-05,0.0001942497109787832,-2.3156755589820454e-05,0.07663018207030861,9
2,-10,1,-19,1,-7,-0.00026814142169328853,8.478197882193453e-05,0.00021361879346884448,3.0259350597490475e-05,0.11284847527996773,9
2,-9,1,-19,1,-7,-0.0003021884453905382,8.478197882193453e-05,0.00021361879346884448,-3.787673099759194e-06,0.012534142709739059,9
2,-8,1,-19,1,-6,-0.0003326425567156908,8.478197882193453e-05,0.00025234878420021,4.48820630645372e-06,0.01349257999567922,9
2,-7,1,-19,1,-6,-0.00036286508921045974,8.478197882193453e-05,0.00025234878420021,-2.5734326188315204e-05,0.07091981828372979,9
2,-7,1,-19,1,-5,-0.00036286508921045974,8.478197882193453e-05,0.00030881498435276556,3.0731873964240375e-05,0.08469228613617348,9
2,-5,1,-19,1,-3,-0.0005139207856115777,8.478197882193453e-05,0.0004344394724834455,5.3006656938023484e-06,0.010314168724455137,9
2,-3,1,-19,1,-2,-0.0006883901588102036,8.478197882193453e-05,0.0006023269048774995,-1.2812751107695638e-06,0.0018612629689304214,9
2,0,1,-19,1,1,-0.0010448703139708233,8.478197882193453e-05,0.0009785032656031902,1.8414930454301297e-05,0.01762413019881768,9
2,2,1,-19,1,3,-0.0013846263257445758,8.478197882193453e-05,0.0012725407985733764,-2.7303548349264873e-05,0.019719073544685443,9
2,4,1,-19,1,5,-0.0018458787080848657,8.478197882193453e-05,0.001734103264389586,-2.6993464873345226e-05,0.014623639546366219,9
2,5,1,-19,1,6,-0.0020671941991908453,8.478197882193453e-05,0.0019747070189232627,-7.705201445648135e-06,0.0037273718398901055,9
2,-18,1,-18,1,-18,-0.00015542391434663602,9.022666331180865e-05,9.022666331180865e-05,2.502941227698128e-05,0.16103964684069877,9
2,-17,1,-18,1,-18,-0.0001654511913622877,9.022666331180865e-05,9.022666331180865e-05,1.5002135261329606e-05,0.09067408422874092,9
2,-16,1,-18,1,-18,-0.00017249671507286419,9.022666331180865e-05,9.022666331180865e-05,7.956611550753116e-06,0.04612616273528554,9
2,-15,1,-18,1,-18,-0.0001819548751341122,9.022666331180865e-05,9.022666331180865e-05,-1.501548510494889e-06,0.008252312609860842,9
2,-14,1,-18,1,-18,-0.00019644874332665755,9.022666331180865e-05,9.022666331180865e-05,-1.599541670304025e-05,0.08142285072520347,9
2,-18,1,-18,1,-17,-0.00015542391434663602,9.022666331180865e-05,9.604201341396486e-05,3.08447623791375e-05,0.19845570425118494,9
2,-17,1,-18,1,-17,-0.0001654511913622877,9.022666331180865e-05,9.604201341396486e-05,2.0817485363485826e-05,0.1258225171549347,9
2,-16,1,-18,1,-17,-0.00017249671507286419,9.022666331180865e-05,9.604201341396486e-05,1.3771961652909336e-05,0.0798389792355868,9
2,-15,1,-18,1,-17,-0.0001819548751341122,9.022666331180865e-05,9.604201341396486e-05,4.313801591661332e-06,0.023708084702219648,9
2,-14,1,-18,1,-17,-0.00019644874332665755,9.022666331180865e-05,9.604201341396486e-05,-1.0180066600884029e-05,0.05182047198925819,9
2,-13,1,-18,1,-17,-0.00021328352758161109,9.022666331180865e-05,9.604201341396486e-05,-2.7014850855837564e-05,0.1266616843886388,9
2,-17,1,-18,1,-16,-0.0001654511913622877,9.022666331180865e-05,0.00010005036405775381,2.4825836007274767e-05,0.15004930337983333,9
2,-16,1,-18,1,-16,-0.00017249671507286419,9.022666331180865e-05,0.00010005036405775381,1.7780312296698277e-05,0.10307623707029848,9
2,-15,1,-18,1,-16,-0.0001819548751341122,9.022666331180865e-05,0.00010005036405775381,8.322152235450272e-06,0.0457374512736541,9
2,-14,1,-18,1,-16,-0.00019644874332665755,9.022666331180865e-05,0.00010005036405775381,-6.171715957095089e-06,0.031416418616802645,9
2,-13,1,-18,1,-16,-0.00021328352758161109,9.022666331180865e-05,0.00010005036405775381,-2.3006500212048624e-05,0.1078681531242275,9
2,-17,1,-18,1,-15,-0.0001654511913622877,9.022666331180865e-05,0.00010578880168925861,3.0564273638779564e-05,0.1847328712904407,9
2,-16,1,-18,1,-15,-0.00017249671507286419,9.022666331180865e-05,0.00010578880168925861,2.3518749928203074e-05,0.13634317568464152,9
2,-15,1,-18,1,-15,-0.0001819548751341122,9.022666331180865e-05,0.00010578880168925861,1.406058986695507e-05,0.07727514778920615,9
2,-14,1,-18,1,-15,-0.00019644874332665755,9.022666331180865e-05,0.00010578880168925861,-4.332783255902911e-07,0.0022055540710170397,9
2,-13,1,-18,1,-15,-0.00021328352758161109,9.022666331180865e-05,0.00010578880168925861,-1.7268062580543827e-05,0.08096294531670456,9
2,-12,1,-18,1,-15,-0.00022661345866183688,9.022666331180865e-05,0.00010578880168925861,-3.0597993660769625e-05,0.1350228439275064,9
2,-15,1,-18,1,-14,-0.0001819548751341122,9.022666331180865e-05,0.00011436477230035796,2.2636560478054435e-05,0.12440755138530839,9
2,-14,1,-18,1,-14,-0.00019644874332665755,9.022666331180865e-05,0.00011436477230035796,8.142692285509074e-06,0.0414494496000379,9
2,-13,1,-18,1,-14,-0.00021328352758161109,9.022666331180865e-05,0.00011436477230035796,-8.692091969444461e-06,0.04075369564636682,9
2,-12,1,-18,1,-14,-0.00022661345866183688,9.022666331180865e-05,0.00011436477230035796,-2.202202304967026e-05,0.0971787959096134,9
2,-14,1,-18,1,-13,-0.00019644874332665755,9.022666331180865e-05,0.00012421068509566594,1.7988605080817026e-05,0.09156894962115047,9
2,-13,1,-18,1,-13,-0.00021328352758161109,9.022666331180865e-05,0.00012421068509566594,1.1538208258634903e-06,0.0054097981168376484,9
2,-12,1,-18,1,-13,-0.00022661345866183688,9.022666331180865e-05,0.00012421068509566594,-1.2176110254362308e-05,0.05373074629487062,9
2,-11,1,-18,1,-13,-0.00024159830799367046,9.022666331180865e-05,0.00012421068509566594,-2.716095958619588e-05,0.1124219776692619,9
2,-14,1,-18,1,-12,-0.00019644874332665755,9.022666331180865e-05,0.0001317052176195001,2.5483137604651225e-05,0.12971901562270383,9
2,-13,1,-18,1,-12,-0.00021328352758161109,9.022666331180865e-05,0.0001317052176195001,8.64835334969769e-06,0.0405486229891264,9
2,-12,1,-18,1,-12,-0.00022661345866183688,9.022666331180865e-05,0.0001317052176195001,-4.681577730528109e-06,0.020658868887016,9
2,-11,1,-18,1,-12,-0.00024159830799367046,9.022666331180865e-05,0.0001317052176195001,-1.9666427062361682e-05,0.08140134434582594,9
2,-13,1,-18,1,-11,-0.00021328352758161109,9.022666331180865e-05,0.00014098639381203223,1.7929529542229806e-05,0.08406429575471658,9
2,-12,1,-18,1,-11,-0.00022661345866183688,9.022666331180865e-05,0.00014098639381203223,4.599598462004008e-06,0.020297110723982825,9
2,-11,1,-18,1,-11,-0.00024159830799367046,9.022666331180865e-05,0.00014098639381203223,-1.0385250869829565e-05,0.04298561093441782,9
2,-12,1,-18,1,-10,-0.00022661345866183688,9.022666331180865e-05,0.00015689169501995108,2.0504899669922835e-05,0.09048403299170857,9
2,-11,1,-18,1,-10,-0.00024159830799367046,9.022666331180865e-05,0.00015689169501995108,5.520050338089262e-06,0.02284805048483154,9
2,-10,1,-18,1,-10,-0.00026814142169328853,9.022666331180865e-05,0.00015689169501995108,-2.102306336152881e-05,0.07840289362520006,9
2,-11,1,-18,1,-9,-0.00024159830799367046,9.022666331180865e-05,0.00017709054959521184,2.571890491335005e-05,0.10645316652641396,9
2,-10,1,-18,1,-9,-0.00026814142169328853,9.022666331180865e-05,0.00017709054959521184,-8.242087862680232e-07,0.003073783905012587,9
2,-10,1,-18,1,-8,-0.00026814142169328853,9.022666331180865e-05,0.0001942497109787832,1.6334952597303295e-05,0.060919169049487264,9
2,-9,1,-18,1,-8,-0.0003021884453905382,9.022666331180865e-05,0.0001942497109787832,-1.7712071099946374e-05,0.05861266825426064,9
2,-9,1,-18,1,-7,-0.0003021884453905382,9.022666331180865e-05,0.00021361879346884448,1.6570113901149403e-06,0.0054833711063090925,9
2,-8,1,-18,1,-7,-0.0003326425567156908,9.022666331180865e-05,0.00021361879346884448,-2.8797099935037678e-05,0.08657070285703258,9
2,-8,1,-18,1,-6,-0.0003326425567156908,9.022666331180865e-05,0.00025234878420021,9.9328907963278e-06,0.029860553305022332,9
2,-7,1,-18,1,-6,-0.00036286508921045974,9.022666331180865e-05,0.00025234878420021,-2.0289641698441124e-05,0.05591511088208666,9
2,-6,1,-18,1,-5,-0.00042506408290257934,9.022666331180865e-05,0.00030881498435276556,-2.6022435238005144e-05,0.06122002842561798,9
2,-5,1,-18,1,-3,-0.0005139207856115777,9.022666331180865e-05,0.0004344394724834455,1.0745350183676483e-05,0.020908572847251675,9
2,-3,1,-18,1,-2,-0.0006883901588102036,9.022666331180865e-05,0.0006023269048774995,4.1634093791045705e-06,0.006048037331475661,9
2,0,1,-18,1,1,-0.0010448703139708233,9.022666331180865e-05,0.0009785032656031902,2.3859614944175432e-05,0.022835001267766594,9
2,2,1,-18,1,3,-0.0013846263257445758,9.022666331180865e-05,0.0012725407985733764,-2.185886385939074e-05,0.01578683248539005,9
2,4,1,-18,1,5,-0.0018458787080848657,9.022666331180865e-05,0.001734103264389586,-2.1548780383471092e-05,0.011673995853079839,9
2,5,1,-18,1,6,-0.0020671941991908453,9.022666331180865e-05,0.0019747070189232627,-2.2605169557737836e-06,0.0010935193977704707,9
2,7,1,-18,1,7,-0.002333641093116966,9.022666331180865e-05,0.002215705167770865,-2.770926203429216e-05,0.01187383189129646,9
2,8,1,-18,1,8,-0.0025823680571360795,9.022666331180865e-05,0.0024629844882008973,-2.9156905623373402e-05,0.01129076296572118,9
2,-17,1,-17,1,-17,-0.0001654511913622877,9.604201341396486e-05,9.604201341396486e-05,2.663283546564202e-05,0.1609709500811283,9
2,-16,1,-17,1,-17,-0.00017249671507286419,9.604201341396486e-05,9.604201341396486e-05,1.958731175506553e-05,0.1135517957358879,9
2,-15,1,-17,1,-17,-0.0001819548751341122,9.604201341396486e-05,9.604201341396486e-05,1.0129151693817525e-05,0.05566848201429999,9
2,-14,1,-17,1,-17,-0.00019644874332665755,9.604201341396486e-05,9.604201341396486e-05,-4.364716498727835e-06,0.022218093253313042,9
2,-13,1,-17,1,-17,-0.00021328352758161109,9.604201341396486e-05,9.604201341396486e-05,-2.119950075368137e-05,0.09939586518499215,9
2,-17,1,-17,1,-16,-0.0001654511913622877,9.604201341396486e-05,0.00010005036405775381,3.064118610943099e-05,0.18519773630602712,9
2,-16,1,-17,1,-16,-0.00017249671507286419,9.604201341396486e-05,0.00010005036405775381,2.3595662398854497e-05,0.13678905357059973,9
2,-15,1,-17,1,-16,-0.0001819548751341122,9.604201341396486e-05,0.00010005036405775381,1.4137502337606493e-05,0.07769784858573459,9
2,-14,1,-17,1,-16,-0.00019644874332665755,9.604201341396486e-05,0.00010005036405775381,-3.5636585493886794e-07,0.0018140398808573599,9
2,-13,1,-17,1,-16,-0.00021328352758161109,9.604201341396486e-05,0.00010005036405775381,-1.7191150109892403e-05,0.08060233392058071,9
2,-12,1,-17,1,-16,-0.00022661345866183688,9.604201341396486e-05,0.00010005036405775381,-3.05210811901182e-05,0.13468344453302386,9
2,-16,1,-17,1,-15,-0.00017249671507286419,9.604201341396486e-05,0.00010578880168925861,2.9334100030359295e-05,0.1700559921849428,9
2,-15,1,-17,1,-15,-0.0001819548751341122,9.604201341396486e-05,0.00010578880168925861,1.987593996911129e-05,0.10923554510128664,9
2,-14,1,-17,1,-15,-0.00019644874332665755,9.604201341396486e-05,0.00010578880168925861,5.38207177656593e-06,0.027396824664928245,9
2,-13,1,-17,1,-15,-0.00021328352758161109,9.604201341396486e-05,0.00010578880168925861,-1.1452712478387606e-05,0.05369712611305777,9
2,-12,1,-17,1,-15,-0.00022661345866183688,9.604201341396486e-05,0.00010578880168925861,-2.4782643558613404e-05,0.10936086367048135,9
2,-15,1,-17,1,-14,-0.0001819548751341122,9.604201341396486e-05,0.00011436477230035796,2.845191058021063e-05,0.15636794869738874,9
2,-14,1,-17,1,-14,-0.00019644874332665755,9.604201341396486e-05,0.00011436477230035796,1.3958042387665268e-05,0.07105182833598304,9
2,-13,1,-17,1,-14,-0.00021328352758161109,9.604201341396486e-05,0.00011436477230035796,-2.8767418672882676e-06,0.01348787644272016,9
2,-12,1,-17,1,-14,-0.00022661345866183688,9.604201341396486e-05,0.00011436477230035796,-1.6206672947514066e-05,0.07151681565258847,9
2,-11,1,-17,1,-14,-0.00024159830799367046,9.604201341396486e-05,0.00011436477230035796,-3.119152227934764e-05,0.12910488710941143,9
2,-14,1,-17,1,-13,-0.00019644874332665755,9.604201341396486e-05,0.00012421068509566594,2.3803955182973246e-05,0.12117132835709576,9
2,-13,1,-17,1,-13,-0.00021328352758161109,9.604201341396486e-05,0.00012421068509566594,6.969170928019711e-06,0.032675617320484435,9
2,-12,1,-17,1,-13,-0.00022661345866183688,9.604201341396486e-05,0.00012421068509566594,-6.360760152206087e-06,0.028068766037845565,9
2,-11,1,-17,1,-13,-0.00024159830799367046,9.604201341396486e-05,0.00012421068509566594,-2.134560948403966e-05,0.08835165138904402,9
2,-13,1,-17,1,-12,-0.00021328352758161109,9.604201341396486e-05,0.0001317052176195001,1.4463703451853883e-05,0.06781444219277306,9
2,-12,1,-17,1,-12,-0.00022661345866183688,9.604201341396486e-05,0.0001317052176195001,1.133772371628085e-06,0.005003111370008931,9
2,-11,1,-17,1,-12,-0.00024159830799367046,9.604201341396486e-05,0.0001317052176195001,-1.3851076960205488e-05,0.05733101806560817,9
2,-13,1,-17,1,-11,-0.00021328352758161109,9.604201341396486e-05,0.00014098639381203223,2.3744879644386e-05,0.11133011495836324,9
2,-12,1,-17,1,-11,-0.00022661345866183688,9.604201341396486e-05,0.00014098639381203223,1.0414948564160201e-05,0.045959090981007755,9
2,-11,1,-17,1,-11,-0.00024159830799367046,9.604201341396486e-05,0.00014098639381203223,-4.569900767673372e-06,0.01891528465420005,9
2,-10,1,-17,1,-11,-0.00026814142169328853,9.604201341396486e-05,0.00014098639381203223,-3.1113014467291445e-05,0.11603210824652009,9
2,-12,1,-17,1,-10,-0.00022661345866183688,9.604201341396486e-05,0.00015689169501995108,2.632024977207903e-05,0.1161460132487335,9
2,-11,1,-17,1,-10,-0.00024159830799367046,9.604201341396486e-05,0.00015689169501995108,1.1335400440245456e-05,0.04691837676504931,9
2,-10,1,-17,1,-10,-0.00026814142169328853,9.604201341396486e-05,0.00015689169501995108,-1.5207713259372617e-05,0.05671527048427393,9
2,-10,1,-17,1,-9,-0.00026814142169328853,9.604201341396486e-05,0.00017709054959521184,4.99114131588817e-06,0.018613839235913535,9
2,-9,1,-17,1,-9,-0.0003021884453905382,9.604201341396486e-05,0.00017709054959521184,-2.90558823813615e-05,0.09615153333811507,9
2,-10,1,-17,1,-8,-0.00026814142169328853,9.604201341396486e-05,0.0001942497109787832,2.2150302699459543e-05,0.08260679219041359,9
2,-9,1,-17,1,-8,-0.0003021884453905382,9.604201341396486e-05,0.0001942497109787832,-1.1896720997790127e-05,0.03936855025153329,9
2,-9,1,-17,1,-7,-0.0003021884453905382,9.604201341396486e-05,0.00021361879346884448,7.472361492271134e-06,0.024727489109036268,9
2,-8,1,-17,1,-7,-0.0003326425567156908,9.604201341396486e-05,0.00021361879346884448,-2.2981749832881484e-05,0.0690884235011576,9
2,-8,1,-17,1,-6,-0.0003326425567156908,9.604201341396486e-05,0.00025234878420021,1.5748240898484048e-05,0.04734283266089748,9
2,-7,1,-17,1,-6,-0.00036286508921045974,9.604201341396486e-05,0.00025234878420021,-1.4474291596284876e-05,0.039888906446687314,9
2,-6,1,-17,1,-5,-0.00042506408290257934,9.604201341396486e-05,0.00030881498435276556,-2.0207085135848896e-05,0.047538914598155235,9
2,-5,1,-17,1,-3,-0.0005139207856115777,9.604201341396486e-05,0.0004344394724834455,1.6560700285832676e-05,0.032224227448059056,9
2,-3,1,-17,1,-2,-0.0006883901588102036,9.604201341396486e-05,0.0006023269048774995,9.978759481260764e-06,0.014495790437370289,9
2,0,1,-17,1,1,-0.0010448703139708233,9.604201341396486e-05,0.0009785032656031902,2.9674965046331625e-05,0.028400620296654595,9
2,2,1,-17,1,3,-0.0013846263257445758,9.604201341396486e-05,0.0012725407985733764,-1.6043513757234545e-05,0.011586890599243248,9
2,3,1,-17,1,4,-0.0016105693803172012,9.604201341396486e-05,0.0014878228371177796,-2.670452978545683e-05,0.016580800623564183,9
2,4,1,-17,1,5,-0.0018458787080848657,9.604201341396486e-05,0.001734103264389586,-1.5733430281314898e-05,0.008523545026226903,9
2,5,1,-17,1,6,-0.0020671941991908453,9.604201341396486e-05,0.0019747070189232627,3.55483314638241e-06,0.0017196416029872114,9
2,7,1,-17,1,7,-0.002333641093116966,9.604201341396486e-05,0.002215705167770865,-2.1893911932135968e-05,0.009381867673101781,9
2,8,1,-17,1,8,-0.0025823680571360795,9.604201341396486e-05,0.0024629844882008973,-2.3341555521217208e-05,0.009038818249286922,9
2,9,1,-17,1,9,-0.002837466283292238,9.604201341396486e-05,0.00271575402351329,-2.5670246364982875e-05,0.00904689035994407,9
2,10,1,-17,1,10,-0.0030974669448516055,9.604201341396486e-05,0.002973321972018305,-2.8102959419335546e-05,0.009072884366384065,9
2,11,1,-17,1,11,-0.0033613668070111803,9.604201341396486e-05,0.003235253388057165,-3.007140554005033e-05,0.008946183878928959,9
2,12,1,-17,1,12,-0.003627023623815877,9.604201341396486e-05,0.003499927798231137,-3.105381217077515e-05,0.008561789332407053,9
2,14,1,-17,1,14,-0.004158149117255109,9.604201341396486e-05,0.004030932427920738,-3.117467592040658e-05,0.007497248184544596,9
2,15,1,-17,1,15,-0.004422542790612594,9.604201341396486e-05,0.004295690809337045,-3.0809967861584846e-05,0.006966573150401822,9
2,16,1,-17,1,16,-0.004686172344532099,9.604201341396486e-05,0.00455968102508798,-3.0449306030154444e-05,0.006497692315068861,9
2,17,1,-17,1,17,-0.004949603322414242,9.604201341396486e-05,0.004823167543880964,-3.039376511931348e-05,0.006140646661859858,9
2,18,1,-17,1,18,-0.00521391637956139,9.604201341396486e-05,0.005087181893000314,-3.069247314711147e-05,0.005886644685639052,9
2,-16,1,-16,1,-16,-0.00017249671507286419,0.00010005036405775381,0.00010005036405775381,2.7604013042643438e-05,0.1600263114053114,9
2,-15,1,-16,1,-16,-0.0001819548751341122,0.00010005036405775381,0.00010005036405775381,1.8145852981395433e-05,0.09972721515716904,9
2,-14,1,-16,1,-16,-0.00019644874332665755,0.00010005036405775381,0.00010005036405775381,3.6519847888500723e-06,0.01859001349159818,9
2,-13,1,-16,1,-16,-0.00021328352758161109,0.00010005036405775381,0.00010005036405775381,-1.3182799466103463e-05,0.0618088026561694,9
2,-12,1,-16,1,-16,-0.00022661345866183688,0.00010005036405775381,0.00010005036405775381,-2.651273054632926e-05,0.11699539251943895,9
2,-15,1,-16,1,-15,-0.0001819548751341122,0.00010005036405775381,0.00010578880168925861,2.388429061290023e-05,0.13126491167272109,9
2,-14,1,-16,1,-15,-0.00019644874332665755,0.00010005036405775381,0.00010578880168925861,9.39042242035487e-06,0.04780087803738379,9
2,-13,1,-16,1,-15,-0.00021328352758161109,0.00010005036405775381,0.00010578880168925861,-7.444361834598666e-06,0.03490359484864646,9
2,-12,1,-16,1,-15,-0.00022661345866183688,0.00010005036405775381,0.00010578880168925861,-2.0774292914824464e-05,0.09167281165689646,9
2,-14,1,-16,1,-14,-0.00019644874332665755,0.00010005036405775381,0.00011436477230035796,1.7966393031454235e-05,0.09145588170843873,9
2,-13,1,-16,1,-14,-0.00021328352758161109,0.00010005036405775381,0.00011436477230035796,1.1316087765006998e-06,0.005305654821691279,9
2,-12,1,-16,1,-14,-0.00022661345866183688,0.00010005036405775381,0.00011436477230035796,-1.2198322303725098e-05,0.053828763639003456,9
2,-11,1,-16,1,-14,-0.00024159830799367046,0.00010005036405775381,0.00011436477230035796,-2.718317163555867e-05,0.1125139156035432,9
2,-14,1,-16,1,-13,-0.00019644874332665755,0.00010005036405775381,0.00012421068509566594,2.7812305826762187e-05,0.1415753817295513,9
2,-13,1,-16,1,-13,-0.00021328352758161109,0.00010005036405775381,0.00012421068509566594,1.0977521571808651e-05,0.05146914858489575,9
2,-12,1,-16,1,-13,-0.00022661345866183688,0.00010005036405775381,0.00012421068509566594,-2.3524095084171467e-06,0.010380714024260674,9
2,-11,1,-16,1,-13,-0.00024159830799367046,0.00010005036405775381,0.00012421068509566594,-1.733725884025072e-05,0.07176067988317589,9
2,-13,1,-16,1,-12,-0.00021328352758161109,0.00010005036405775381,0.0001317052176195001,1.847205409564285e-05,0.08660797345718449,9
2,-12,1,-16,1,-12,-0.00022661345866183688,0.00010005036405775381,0.0001317052176195001,5.142123015417052e-06,0.02269116338359394,9
2,-11,1,-16,1,-12,-0.00024159830799367046,0.00010005036405775381,0.0001317052176195001,-9.84272631641652e-06,0.04074004655973992,9
2,-13,1,-16,1,-11,-0.00021328352758161109,0.00010005036405775381,0.00014098639381203223,2.7753230288174967e-05,0.13012364622277467,9
2,-12,1,-16,1,-11,-0.00022661345866183688,0.00010005036405775381,0.00014098639381203223,1.4423299207949169e-05,0.06364714299459277,9
2,-11,1,-16,1,-11,-0.00024159830799367046,0.00010005036405775381,0.00014098639381203223,-5.615501238844043e-07,0.002324313148331801,9
2,-10,1,-16,1,-11,-0.00026814142169328853,0.00010005036405775381,0.00014098639381203223,-2.7104663823502477e-05,0.10108346428664026,9
2,-12,1,-16,1,-10,-0.00022661345866183688,0.00010005036405775381,0.00015689169501995108,3.0328600415867996e-05,0.1338340652623185,9
2,-11,1,-16,1,-10,-0.00024159830799367046,0.00010005036405775381,0.00015689169501995108,1.5343751084034423e-05,0.06350934827091756,9
2,-10,1,-16,1,-10,-0.00026814142169328853,0.00010005036405775381,0.00015689169501995108,-1.119936261558365e-05,0.041766626524394106,9
2,-10,1,-16,1,-9,-0.00026814142169328853,0.00010005036405775381,0.00017709054959521184,8.999491959677138e-06,0.03356248319579336,9
2,-9,1,-16,1,-9,-0.0003021884453905382,0.00010005036405775381,0.00017709054959521184,-2.504753173757253e-05,0.08288712596274798,9
2,-10,1,-16,1,-8,-0.00026814142169328853,0.00010005036405775381,0.0001942497109787832,2.6158653343248456e-05,0.0975554361502932,9
2,-9,1,-16,1,-8,-0.0003021884453905382,0.00010005036405775381,0.0001942497109787832,-7.888370354001213e-06,0.02610414287616639,9
2,-9,1,-16,1,-7,-0.0003021884453905382,0.00010005036405775381,0.00021361879346884448,1.1480712136060101e-05,0.03799189648440335,9
2,-8,1,-16,1,-7,-0.0003326425567156908,0.00010005036405775381,0.00021361879346884448,-1.8973399189092517e-05,0.05703839994624939,9
2,-8,1,-16,1,-6,-0.0003326425567156908,0.00010005036405775381,0.00025234878420021,1.975659154227296e-05,0.059392856215805534,9
2,-7,1,-16,1,-6,-0.00036286508921045974,0.00010005036405775381,0.00025234878420021,-1.0465940952495963e-05,0.028842512723580786,9
2,-6,1,-16,1,-5,-0.00042506408290257934,0.00010005036405775381,0.00030881498435276556,-1.6198734492059983e-05,0.03810892320387507,9
2,-5,1,-16,1,-3,-0.0005139207856115777,0.00010005036405775381,0.0004344394724834455,2.0569050929621644e-05,0.04002377702070173,9
2,-3,1,-16,1,-2,-0.0006883901588102036,0.00010005036405775381,0.0006023269048774995,1.3987110125049732e-05,0.020318579436441546,9
2,2,1,-16,1,3,-0.0013846263257445758,0.00010005036405775381,0.0012725407985733764,-1.2035163113445577e-05,0.008691993565104094,9
2,3,1,-16,1,4,-0.0016105693803172012,0.00010005036405775381,0.0014878228371177796,-2.2696179141667864e-05,0.014092022001062667,9
2,4,1,-16,1,5,-0.0018458787080848657,0.00010005036405775381,0.001734103264389586,-1.172507963752593e-05,0.006352031466732137,9
2,5,1,-16,1,6,-0.0020671941991908453,0.00010005036405775381,0.0019747070189232627,7.563183790171377e-06,0.003658671155874861,9
2,7,1,-16,1,7,-0.002333641093116966,0.00010005036405775381,0.002215705167770865,-1.7885561288347e-05,0.007664229662864677,9
2,8,1,-16,1,8,-0.0025823680571360795,0.00010005036405775381,0.0024629844882008973,-1.933320487742824e-05,0.007486618657632143,9
2,9,1,-16,1,9,-0.002837466283292238,0.00010005036405775381,0.00271575402351329,-2.1661895721193907e-05,0.007634238985937896,9
2,10,1,-16,1,10,-0.0030974669448516055,0.00010005036405775381,0.002973321972018305,-2.409460877554658e-05,0.007778810623175483,9
2,11,1,-16,1,11,-0.0033613668070111803,0.00010005036405775381,0.003235253388057165,-2.6063054896261362e-05,0.007753707462660344,9
2,12,1,-16,1,12,-0.003627023623815877,0.00010005036405775381,0.003499927798231137,-2.704546152698618e-05,0.007456654362381159,9
2,13,1,-16,1,13,-0.0038929098475402085,0.00010005036405775381,0.003765557199999308,-2.730228348314656e-05,0.0070133356672510425,9
2,14,1,-16,1,14,-0.004158149117255109,0.00010005036405775381,0.004030932427920738,-2.7166325276617616e-05,0.006533273461474786,9
2,15,1,-16,1,15,-0.004422542790612594,0.00010005036405775381,0.004295690809337045,-2.680161721779588e-05,0.006060227902076085,9
2,16,1,-16,1,16,-0.004686172344532099,0.00010005036405775381,0.00455968102508798,-2.6440955386365476e-05,0.005642335245569278,9
2,17,1,-16,1,17,-0.004949603322414242,0.00010005036405775381,0.004823167543880964,-2.638541447552451e-05,0.005330813957562691,9
2,18,1,-16,1,18,-0.00521391637956139,0.00010005036405775381,0.005087181893000314,-2.66841225033225e-05,0.0051178654509927615,9
2,19,1,-16,1,19,-0.0054802146612408995,0.00010005036405775381,0.0053527772990706515,-2.7386998112494468e-05,0.004997431634601911,9
2,20,1,-16,1,20,-0.005748811796314598,0.00010005036405775381,0.005620665903572574,-2.8095528684270524e-05,0.004887188810439364,9
2,-15,1,-15,1,-15,-0.0001819548751341122,0.00010578880168925861,0.00010578880168925861,2.9622728244405028e-05,0.16280260818827313,9
2,-14,1,-15,1,-15,-0.00019644874332665755,0.00010578880168925861,0.00010578880168925861,1.5128860051859667e-05,0.0770117425831694,9
2,-13,1,-15,1,-15,-0.00021328352758161109,0.00010578880168925861,0.00010578880168925861,-1.705924203093868e-06,0.007998387041123515,9
2,-12,1,-15,1,-15,-0.00022661345866183688,0.00010578880168925861,0.00010578880168925861,-1.5035855283319666e-05,0.06635023079435395,9
2,-11,1,-15,1,-15,-0.00024159830799367046,0.00010578880168925861,0.00010578880168925861,-3.002070461515324e-05,0.12425875356684923,9
2,-14,1,-15,1,-14,-0.00019644874332665755,0.00010578880168925861,0.00011436477230035796,2.3704830662959033e-05,0.12066674625422434,9
2,-13,1,-15,1,-14,-0.00021328352758161109,0.00010578880168925861,0.00011436477230035796,6.870046408005497e-06,0.03221086262921422,9
2,-12,1,-15,1,-14,-0.00022661345866183688,0.00010578880168925861,0.00011436477230035796,-6.459884672220301e-06,0.028506182776460953,9
2,-11,1,-15,1,-14,-0.00024159830799367046,0.00010578880168925861,0.00011436477230035796,-2.1444734004053874e-05,0.08876193787174907,9
2,-13,1,-15,1,-13,-0.00021328352758161109,0.00010578880168925861,0.00012421068509566594,1.671595920331345e-05,0.07837435639241869,9
2,-12,1,-15,1,-13,-0.00022661345866183688,0.00010578880168925861,0.00012421068509566594,3.386028123087651e-06,0.01494186683828183,9
2,-11,1,-15,1,-13,-0.00024159830799367046,0.00010578880168925861,0.00012421068509566594,-1.1598821208745922e-05,0.04800870215138177,9
2,-13,1,-15,1,-12,-0.00021328352758161109,0.00010578880168925861,0.0001317052176195001,2.4210491727147648e-05,0.11351318126470744,9
2,-12,1,-15,1,-12,-0.00022661345866183688,0.00010578880168925861,0.0001317052176195001,1.088056064692185e-05,0.04801374424613645,9
2,-11,1,-15,1,-12,-0.00024159830799367046,0.00010578880168925861,0.0001317052176195001,-4.104288684911723e-06,0.016988068827945808,9
2,-10,1,-15,1,-12,-0.00026814142169328853,0.00010578880168925861,0.0001317052176195001,-3.0647402384529796e-05,0.11429566603695265,9
2,-12,1,-15,1,-11,-0.00022661345866183688,0.00010578880168925861,0.00014098639381203223,2.0161736839453966e-05,0.08896972385713527,9
2,-11,1,-15,1,-11,-0.00024159830799367046,0.00010578880168925861,0.00014098639381203223,5.176887507620393e-06,0.021427664583462316,9
2,-10,1,-15,1,-11,-0.00026814142169328853,0.00010578880168925861,0.00014098639381203223,-2.136622619199768e-05,0.07968267661546626,9
2,-11,1,-15,1,-10,-0.00024159830799367046,0.00010578880168925861,0.00015689169501995108,2.108218871553922e-05,0.08726132600271168,9
2,-10,1,-15,1,-10,-0.00026814142169328853,0.00010578880168925861,0.00015689169501995108,-5.4609249840788525e-06,0.020365838853220106,9
2,-10,1,-15,1,-9,-0.00026814142169328853,0.00010578880168925861,0.00017709054959521184,1.4737929591181935e-05,0.05496327086696736,9
2,-9,1,-15,1,-9,-0.0003021884453905382,0.00010578880168925861,0.00017709054959521184,-1.9309094106067734e-05,0.06389752619797659,9
2,-9,1,-15,1,-8,-0.0003021884453905382,0.00010578880168925861,0.0001942497109787832,-2.149932722496416e-06,0.007114543111394994,9
2,-9,1,-15,1,-7,-0.0003021884453905382,0.00010578880168925861,0.00021361879346884448,1.72191497675649e-05,0.05698149624917474,9
2,-8,1,-15,1,-7,-0.0003326425567156908,0.00010578880168925861,0.00021361879346884448,-1.323496155758772e-05,0.039787337159326926,9
2,-8,1,-15,1,-6,-0.0003326425567156908,0.00010578880168925861,0.00025234878420021,2.549502917377776e-05,0.07664391900272799,9
2,-7,1,-15,1,-6,-0.00036286508921045974,0.00010578880168925861,0.00025234878420021,-4.727503320991165e-06,0.013028267148205154,9
2,-6,1,-15,1,-5,-0.00042506408290257934,0.00010578880168925861,0.00030881498435276556,-1.0460296860555186e-05,0.024608752612373948,9
2,-5,1,-15,1,-3,-0.0005139207856115777,0.00010578880168925861,0.0004344394724834455,2.6307488561126387e-05,0.051189773400233,9
2,-3,1,-15,1,-2,-0.0006883901588102036,0.00010578880168925861,0.0006023269048774995,1.9725547756554475e-05,0.028654604520563776,9
2,-1,1,-15,1,-1,-0.000894883579030094,0.00010578880168925861,0.000758058289083616,-3.10364882572194e-05,0.03468215194076734,9
2,2,1,-15,1,3,-0.0013846263257445758,0.00010578880168925861,0.0012725407985733764,-6.296725481940617e-06,0.004547599135495697,9
2,3,1,-15,1,4,-0.0016105693803172012,0.00010578880168925861,0.0014878228371177796,-1.6957741510162903e-05,0.010529035083743539,9
2,4,1,-15,1,5,-0.0018458787080848657,0.00010578880168925861,0.001734103264389586,-5.9866420060209705e-06,0.0032432477712645734,9
2,5,1,-15,1,6,-0.0020671941991908453,0.00010578880168925861,0.0019747070189232627,1.330162142167612e-05,0.0064346259421987195,9
2,7,1,-15,1,7,-0.002333641093116966,0.00010578880168925861,0.002215705167770865,-1.2147123656842257e-05,0.00520522358501056,9
2,8,1,-15,1,8,-0.0025823680571360795,0.00010578880168925861,0.0024629844882008973,-1.3594767245923498e-05,0.005264457639319039,9
2,9,1,-15,1,9,-0.002837466283292238,0.00010578880168925861,0.00271575402351329,-1.5923458089689164e-05,0.0056118580803764095,9
2,10,1,-15,1,10,-0.0030974669448516055,0.00010578880168925861,0.002973321972018305,-1.8356171144041835e-05,0.005926187904782064,9
2,11,1,-15,1,11,-0.0033613668070111803,0.00010578880168925861,0.003235253388057165,-2.032461726475662e-05,0.006046533577461193,9
2,12,1,-15,1,12,-0.003627023623815877,0.00010578880168925861,0.003499927798231137,-2.1307023895481437e-05,0.005874520296910829,9
2,13,1,-15,1,13,-0.0038929098475402085,0.00010578880168925861,0.003765557199999308,-2.1563845851641818e-05,0.005539261553993409,9
2,14,1,-15,1,14,-0.004158149117255109,0.00010578880168925861,0.004030932427920738,-2.1427887645112872e-05,0.005153227323232198,9
2,15,1,-15,1,15,-0.004422542790612594,0.00010578880168925861,0.004295690809337045,-2.1063179586291135e-05,0.004762685311038797,9
2,16,1,-15,1,16,-0.004686172344532099,0.00010578880168925861,0.00455968102508798,-2.0702517754860733e-05,0.004417788385230169,9
2,17,1,-15,1,17,-0.004949603322414242,0.00010578880168925861,0.004823167543880964,-2.0646976844019768e-05,0.004171440719404742,9
2,18,1,-15,1,18,-0.00521391637956139,0.00010578880168925861,0.005087181893000314,-2.0945684871817756e-05,0.004017265208534044,9
2,19,1,-15,1,19,-0.0054802146612408995,0.00010578880168925861,0.0053527772990706515,-2.1648560480989724e-05,0.003950312500366142,9
2,20,1,-15,1,20,-0.005748811796314598,0.00010578880168925861,0.005620665903572574,-2.235709105276578e-05,0.003888993385919902,9
2,-13,1,-14,1,-14,-0.00021328352758161109,0.00011436477230035796,0.00011436477230035796,1.5446017019104836e-05,0.07242011229955184,9
2,-12,1,-14,1,-14,-0.00022661345866183688,0.00011436477230035796,0.00011436477230035796,2.1160859388790376e-06,0.009337865241431927,9
2,-11,1,-14,1,-14,-0.00024159830799367046,0.00011436477230035796,0.00011436477230035796,-1.2868763392954536e-05,0.05326512217664901,9
2,-13,1,-14,1,-13,-0.00021328352758161109,0.00011436477230035796,0.00012421068509566594,2.5291929814412814e-05,0.11858360606275643,9
2,-12,1,-14,1,-13,-0.00022661345866183688,0.00011436477230035796,0.00012421068509566594,1.1961998734187016e-05,0.05278591485617483,9
2,-11,1,-14,1,-13,-0.00024159830799367046,0.00011436477230035796,0.00012421068509566594,-3.022850597646557e-06,0.012511886456281604,9
2,-10,1,-14,1,-13,-0.00026814142169328853,0.00011436477230035796,0.00012421068509566594,-2.956596429726463e-05,0.11026257752553958,9
2,-12,1,-14,1,-12,-0.00022661345866183688,0.00011436477230035796,0.0001317052176195001,1.9456531258021188e-05,0.08585779226402933,9
2,-11,1,-14,1,-12,-0.00024159830799367046,0.00011436477230035796,0.0001317052176195001,4.471681926187615e-06,0.018508746867154247,9
2,-10,1,-14,1,-12,-0.00026814142169328853,0.00011436477230035796,0.0001317052176195001,-2.2071431773430458e-05,0.08231265290551303,9
2,-12,1,-14,1,-11,-0.00022661345866183688,0.00011436477230035796,0.00014098639381203223,2.8737707450553305e-05,0.12681377187502815,9
2,-11,1,-14,1,-11,-0.00024159830799367046,0.00011436477230035796,0.00014098639381203223,1.3752858118719731e-05,0.056924480278562374,9
2,-10,1,-14,1,-11,-0.00026814142169328853,0.00011436477230035796,0.00014098639381203223,-1.2790255580898342e-05,0.047699663484026635,9
2,-11,1,-14,1,-10,-0.00024159830799367046,0.00011436477230035796,0.00015689169501995108,2.9658159326638613e-05,0.12275814169781196,9
2,-10,1,-14,1,-10,-0.00026814142169328853,0.00011436477230035796,0.00015689169501995108,3.11504562702054e-06,0.011617174278219724,9
2,-9,1,-14,1,-10,-0.0003021884453905382,0.00011436477230035796,0.00015689169501995108,-3.093197807022913e-05,0.10235989675334435,9
2,-10,1,-14,1,-9,-0.00026814142169328853,0.00011436477230035796,0.00017709054959521184,2.3313900202281274e-05,0.086946283998407,9
2,-9,1,-14,1,-9,-0.0003021884453905382,0.00011436477230035796,0.00017709054959521184,-1.0733123494968395e-05,0.03551798110975841,9
2,-9,1,-14,1,-8,-0.0003021884453905382,0.00011436477230035796,0.0001942497109787832,6.4260378886029225e-06,0.021265001976823194,9
2,-8,1,-14,1,-8,-0.0003326425567156908,0.00011436477230035796,0.0001942497109787832,-2.4028073436549696e-05,0.07223391280354564,9
2,-9,1,-14,1,-7,-0.0003021884453905382,0.00011436477230035796,0.00021361879346884448,2.5795120378664237e-05,0.08536104133739293,9
2,-8,1,-14,1,-7,-0.0003326425567156908,0.00011436477230035796,0.00021361879346884448,-4.658990946488381e-06,0.014005997887006428,9
2,-7,1,-14,1,-6,-0.00036286508921045974,0.00011436477230035796,0.00025234878420021,3.848467290108173e-06,0.010605779956627582,9
2,-6,1,-14,1,-5,-0.00042506408290257934,0.00011436477230035796,0.00030881498435276556,-1.8843262494558474e-06,0.004433040393788616,9
2,-5,1,-14,1,-4,-0.0005139207856115777,0.00011436477230035796,0.0003748425124691666,-2.4713500842053152e-05,0.04808815197587992,9
2,-3,1,-14,1,-2,-0.0006883901588102036,0.00011436477230035796,0.0006023269048774995,2.8301518367653813e-05,0.041112613254915574,9
2,-1,1,-14,1,-1,-0.000894883579030094,0.00011436477230035796,0.000758058289083616,-2.246051764612006e-05,0.025098815278813753,9
2,2,1,-14,1,3,-0.0013846263257445758,0.00011436477230035796,0.0012725407985733764,2.279245129158721e-06,0.0016461084747417818,9
2,3,1,-14,1,4,-0.0016105693803172012,0.00011436477230035796,0.0014878228371177796,-8.381770899063565e-06,0.005204228393695637,9
2,4,1,-14,1,5,-0.0018458787080848657,0.00011436477230035796,0.001734103264389586,2.5893286050783677e-06,0.0014027620524237183,9
2,5,1,-14,1,6,-0.0020671941991908453,0.00011436477230035796,0.0019747070189232627,2.1877592032775242e-05,0.01058323017805425,9
2,7,1,-14,1,7,-0.002333641093116966,0.00011436477230035796,0.002215705167770865,-3.5711530457431355e-06,0.0015302923214183149,9
2,8,1,-14,1,8,-0.0025823680571360795,0.00011436477230035796,0.0024629844882008973,-5.018796634824376e-06,0.0019434861815903833,9
2,9,1,-14,1,9,-0.002837466283292238,0.00011436477230035796,0.00271575402351329,-7.347487478590042e-06,0.002589453669230897,9
2,10,1,-14,1,10,-0.0030974669448516055,0.00011436477230035796,0.002973321972018305,-9.780200532942714e-06,0.003157483423414311,9
2,11,1,-14,1,11,-0.0033613668070111803,0.00011436477230035796,0.003235253388057165,-1.1748646653657498e-05,0.003495199223468271,9
2,12,1,-14,1,12,-0.003627023623815877,0.00011436477230035796,0.003499927798231137,-1.2731053284382315e-05,0.00351005524220666,9
2,13,1,-14,1,13,-0.0038929098475402085,0.00011436477230035796,0.003765557199999308,-1.2987875240542696e-05,0.0033362897547574272,9
2,14,1,-14,1,14,-0.004158149117255109,0.00011436477230035796,0.004030932427920738,-1.2851917034013317e-05,0.0030907782938042316,9
2,15,1,-14,1,15,-0.004422542790612594,0.00011436477230035796,0.004295690809337045,-1.248720897519158e-05,0.002823536043946767,9
2,16,1,-14,1,16,-0.004686172344532099,0.00011436477230035796,0.00455968102508798,-1.2126547143761178e-05,0.002587729654866541,9
2,17,1,-14,1,17,-0.004949603322414242,0.00011436477230035796,0.004823167543880964,-1.2071006232920213e-05,0.0024387825542012123,9
2,18,1,-14,1,18,-0.00521391637956139,0.00011436477230035796,0.005087181893000314,-1.2369714260718201e-05,0.0023724420110011004,9
2,19,1,-14,1,19,-0.0054802146612408995,0.00011436477230035796,0.0053527772990706515,-1.307258986989017e-05,0.0023854156594169083,9
2,20,1,-14,1,20,-0.005748811796314598,0.00011436477230035796,0.005620665903572574,-1.3781120441666225e-05,0.002397211968306375,9
2,-12,1,-13,1,-13,-0.00022661345866183688,0.00012421068509566594,0.00012421068509566594,2.1807911529494995e-05,0.09623396447091773,9
2,-11,1,-13,1,-13,-0.00024159830799367046,0.00012421068509566594,0.00012421068509566594,6.823062197661422e-06,0.028241349264085808,9
2,-10,1,-13,1,-13,-0.00026814142169328853,0.00012421068509566594,0.00012421068509566594,-1.972005150195665e-05,0.07354347335606089,9
2,-12,1,-13,1,-12,-0.00022661345866183688,0.00012421068509566594,0.0001317052176195001,2.9302444053329194e-05,0.12930584187877234,9
2,-11,1,-13,1,-12,-0.00024159830799367046,0.00012421068509566594,0.0001317052176195001,1.431759472149562e-05,0.05926198258752177,9
2,-10,1,-13,1,-12,-0.00026814142169328853,0.00012421068509566594,0.0001317052176195001,-1.2225518978122452e-05,0.04559354873603421,9
2,-11,1,-13,1,-11,-0.00024159830799367046,0.00012421068509566594,0.00014098639381203223,2.3598770914027737e-05,0.0976777159989299,9
2,-10,1,-13,1,-11,-0.00026814142169328853,0.00012421068509566594,0.00014098639381203223,-2.944342785590336e-06,0.010980559314547826,9
2,-10,1,-13,1,-10,-0.00026814142169328853,0.00012421068509566594,0.00015689169501995108,1.2960958422328491e-05,0.048336278447698326,9
2,-9,1,-13,1,-10,-0.0003021884453905382,0.00012421068509566594,0.00015689169501995108,-2.1086065274921178e-05,0.06977786740876295,9
2,-9,1,-13,1,-9,-0.0003021884453905382,0.00012421068509566594,0.00017709054959521184,-8.87210699660444e-07,0.0029359517651769995,9
2,-9,1,-13,1,-8,-0.0003021884453905382,0.00012421068509566594,0.0001942497109787832,1.6271950683910928e-05,0.05384703132140478,9
2,-8,1,-13,1,-8,-0.0003326425567156908,0.00012421068509566594,0.0001942497109787832,-1.418216064124169e-05,0.04263483536582833,9
2,-8,1,-13,1,-7,-0.0003326425567156908,0.00012421068509566594,0.00021361879346884448,5.18692184881957e-06,0.015593079550710723,9
2,-7,1,-13,1,-7,-0.00036286508921045974,0.00012421068509566594,0.00021361879346884448,-2.5035610645949354e-05,0.0689942664377637,9
2,-7,1,-13,1,-6,-0.00036286508921045974,0.00012421068509566594,0.00025234878420021,1.3694380085416179e-05,0.03773959108387391,9
2,-6,1,-13,1,-5,-0.00042506408290257934,0.00012421068509566594,0.00030881498435276556,7.961586545852158e-06,0.018730320594217035,9
2,-5,1,-13,1,-4,-0.0005139207856115777,0.00012421068509566594,0.0003748425124691666,-1.48675880467452e-05,0.028929727037703728,9
2,-1,1,-13,1,-1,-0.000894883579030094,0.00012421068509566594,0.000758058289083616,-1.2614604850811999e-05,0.014096364204698165,9
2,2,1,-13,1,3,-0.0013846263257445758,0.00012421068509566594,0.0012725407985733764,1.2125157924466673e-05,0.008756989303916659,9
2,3,1,-13,1,4,-0.0016105693803172012,0.00012421068509566594,0.0014878228371177796,1.4641418962443864e-06,0.000909083404998066,9
2,4,1,-13,1,5,-0.0018458787080848657,0.00012421068509566594,0.001734103264389586,1.243524140038632e-05,0.006736759758872845,9
2,6,1,-13,1,6,-0.002122306963237751,0.00012421068509566594,0.0019747070189232627,-2.338925921882215e-05,0.011020676850223374,9
2,7,1,-13,1,7,-0.002333641093116966,0.00012421068509566594,0.002215705167770865,6.274759749565033e-06,0.0026888281013187194,9
2,8,1,-13,1,8,-0.0025823680571360795,0.00012421068509566594,0.0024629844882008973,4.827116160483792e-06,0.001869259553123966,9
2,9,1,-13,1,9,-0.002837466283292238,0.00012421068509566594,0.00271575402351329,2.498425316718126e-06,0.0008805127769903466,9
2,10,1,-13,1,10,-0.0030974669448516055,0.00012421068509566594,0.002973321972018305,6.571226236545477e-08,2.121483894272936e-05,9
2,11,1,-13,1,11,-0.0033613668070111803,0.00012421068509566594,0.003235253388057165,-1.9027338583493293e-06,0.0005660595726656738,9
2,12,1,-13,1,12,-0.003627023623815877,0.00012421068509566594,0.003499927798231137,-2.885140489074147e-06,0.0007954567679486967,9
2,13,1,-13,1,13,-0.0038929098475402085,0.00012421068509566594,0.003765557199999308,-3.141962445234528e-06,0.0008070986917972998,9
2,14,1,-13,1,14,-0.004158149117255109,0.00012421068509566594,0.004030932427920738,-3.0060042387055827e-06,0.0007229188165069741,9
2,15,1,-13,1,15,-0.004422542790612594,0.00012421068509566594,0.004295690809337045,-2.6412961798838452e-06,0.000597234736878144,9
2,16,1,-13,1,16,-0.004686172344532099,0.00012421068509566594,0.00455968102508798,-2.2806343484534433e-06,0.0004866731696529523,9
2,17,1,-13,1,17,-0.004949603322414242,0.00012421068509566594,0.004823167543880964,-2.2250934376124784e-06,0.0004495498513054893,9
2,18,1,-13,1,18,-0.00521391637956139,0.00012421068509566594,0.005087181893000314,-2.5238014654104662e-06,0.0004840510053639901,9
2,19,1,-13,1,19,-0.0054802146612408995,0.00012421068509566594,0.0053527772990706515,-3.2266770745824347e-06,0.000588786621334977,9
2,20,1,-13,1,20,-0.005748811796314598,0.00012421068509566594,0.005620665903572574,-3.935207646358491e-06,0.0006845253916437554,9
2,-11,1,-12,1,-12,-0.00024159830799367046,0.0001317052176195001,0.0001317052176195001,2.1812127245329766e-05,0.09028261591095751,9
2,-10,1,-12,1,-12,-0.00026814142169328853,0.0001317052176195001,0.0001317052176195001,-4.7309864542883075e-06,0.017643624116007745,9
2,-11,1,-12,1,-11,-0.00024159830799367046,0.0001317052176195001,0.00014098639381203223,3.109330343786188e-05,0.12869834932236562,9
2,-10,1,-12,1,-11,-0.00026814142169328853,0.0001317052176195001,0.00014098639381203223,4.550189738243809e-06,0.016969365305478643,9
2,-9,1,-12,1,-11,-0.0003021884453905382,0.0001317052176195001,0.00014098639381203223,-2.949683395900586e-05,0.09761072737538043,9
2,-10,1,-12,1,-10,-0.00026814142169328853,0.0001317052176195001,0.00015689169501995108,2.045549094616269e-05,0.076286203067725,9
2,-9,1,-12,1,-10,-0.0003021884453905382,0.0001317052176195001,0.00015689169501995108,-1.3591532751086979e-05,0.044977010069070435,9
2,-9,1,-12,1,-9,-0.0003021884453905382,0.0001317052176195001,0.00017709054959521184,6.607321824173755e-06,0.021864905574515512,9
2,-8,1,-12,1,-9,-0.0003326425567156908,0.0001317052176195001,0.00017709054959521184,-2.3846789500978863e-05,0.07168893161604901,9
2,-9,1,-12,1,-8,-0.0003021884453905382,0.0001317052176195001,0.0001942497109787832,2.3766483207745073e-05,0.0786478886610971,9
2,-8,1,-12,1,-8,-0.0003326425567156908,0.0001317052176195001,0.0001942497109787832,-6.687628117407545e-06,0.020104547606406994,9
2,-8,1,-12,1,-7,-0.0003326425567156908,0.0001317052176195001,0.00021361879346884448,1.268145437265377e-05,0.03812336731013222,9
2,-7,1,-12,1,-7,-0.00036286508921045974,0.0001317052176195001,0.00021361879346884448,-1.7541078122115155e-05,0.04834049525205614,9
2,-7,1,-12,1,-6,-0.00036286508921045974,0.0001317052176195001,0.00025234878420021,2.1188912609250324e-05,0.058393362269581334,9
2,-6,1,-12,1,-5,-0.00042506408290257934,0.0001317052176195001,0.00030881498435276556,1.5456119069686303e-05,0.03636185622681439,9
2,-5,1,-12,1,-4,-0.0005139207856115777,0.0001317052176195001,0.0003748425124691666,-7.373055522911002e-06,0.014346677015869077,9
2,-1,1,-12,1,-1,-0.000894883579030094,0.0001317052176195001,0.000758058289083616,-5.120072326977908e-06,0.005721495451427571,9
2,2,1,-12,1,3,-0.0013846263257445758,0.0001317052176195001,0.0012725407985733764,1.9619690448300763e-05,0.014169664467234779,9
2,3,1,-12,1,4,-0.0016105693803172012,0.0001317052176195001,0.0014878228371177796,8.958674420078477e-06,0.0055624268842824195,9
2,4,1,-12,1,5,-0.0018458787080848657,0.0001317052176195001,0.001734103264389586,1.992977392422041e-05,0.01079690330514616,9
2,6,1,-12,1,6,-0.002122306963237751,0.0001317052176195001,0.0019747070189232627,-1.5894726694987843e-05,0.007489362740788049,9
2,7,1,-12,1,7,-0.002333641093116966,0.0001317052176195001,0.002215705167770865,1.376929227339934e-05,0.005900347021661399,9
2,8,1,-12,1,8,-0.0025823680571360795,0.0001317052176195001,0.0024629844882008973,1.23216486843181e-05,0.004771453337284215,9
2,9,1,-12,1,9,-0.002837466283292238,0.0001317052176195001,0.00271575402351329,9.992957840552433e-06,0.003521789104382895,9
2,10,1,-12,1,10,-0.0030974669448516055,0.0001317052176195001,0.002973321972018305,7.560244786199762e-06,0.0024407830400792092,9
2,11,1,-12,1,11,-0.0033613668070111803,0.0001317052176195001,0.003235253388057165,5.591798665484978e-06,0.0016635490818263379,9
2,12,1,-12,1,12,-0.003627023623815877,0.0001317052176195001,0.003499927798231137,4.60939203476016e-06,0.001270846984423764,9
2,13,1,-12,1,13,-0.0038929098475402085,0.0001317052176195001,0.003765557199999308,4.3525700785997795e-06,0.0011180762589069494,9
2,14,1,-12,1,14,-0.004158149117255109,0.0001317052176195001,0.004030932427920738,4.488528285128725e-06,0.0010794534199128738,9
2,15,1,-12,1,15,-0.004422542790612594,0.0001317052176195001,0.004295690809337045,4.853236343950462e-06,0.0010973859550329438,9
2,16,1,-12,1,16,-0.004686172344532099,0.0001317052176195001,0.00455968102508798,5.213898175380864e-06,0.0011126134064327626,9
2,17,1,-12,1,17,-0.004949603322414242,0.0001317052176195001,0.004823167543880964,5.269439086221829e-06,0.0010646184639401732,9
2,18,1,-12,1,18,-0.00521391637956139,0.0001317052176195001,0.005087181893000314,4.970731058423841e-06,0.0009533584155490414,9
2,19,1,-12,1,19,-0.0054802146612408995,0.0001317052176195001,0.0053527772990706515,4.267855449251873e-06,0.0007787752329186118,9
2,20,1,-12,1,20,-0.005748811796314598,0.0001317052176195001,0.005620665903572574,3.559324877475817e-06,0.0006191409640088758,9
2,-10,1,-11,1,-11,-0.00026814142169328853,0.00014098639381203223,0.00014098639381203223,1.3831365930775925e-05,0.051582354726965034,9
2,-9,1,-11,1,-11,-0.0003021884453905382,0.00014098639381203223,0.00014098639381203223,-2.0215657766473744e-05,0.06689752065254416,9
2,-10,1,-11,1,-10,-0.00026814142169328853,0.00014098639381203223,0.00015689169501995108,2.9736667138694807e-05,0.11089919248921139,9
2,-9,1,-11,1,-10,-0.0003021884453905382,0.00014098639381203223,0.00015689169501995108,-4.310356558554862e-06,0.014263803346234175,9
2,-9,1,-11,1,-9,-0.0003021884453905382,0.00014098639381203223,0.00017709054959521184,1.588849801670587e-05,0.05257811229735177,9
2,-8,1,-11,1,-9,-0.0003326425567156908,0.00014098639381203223,0.00017709054959521184,-1.4565613308446747e-05,0.04378758223920206,9
2,-8,1,-11,1,-8,-0.0003326425567156908,0.00014098639381203223,0.0001942497109787832,2.5935480751245713e-06,0.007796801770439955,9
2,-7,1,-11,1,-8,-0.00036286508921045974,0.00014098639381203223,0.0001942497109787832,-2.7628984419644353e-05,0.07614120300126115,9
2,-8,1,-11,1,-7,-0.0003326425567156908,0.00014098639381203223,0.00021361879346884448,2.1962630565185886e-05,0.06602471668697917,9
2,-7,1,-11,1,-7,-0.00036286508921045974,0.00014098639381203223,0.00021361879346884448,-8.259901929583038e-06,0.02276301075850353,9
2,-7,1,-11,1,-6,-0.00036286508921045974,0.00014098639381203223,0.00025234878420021,3.047008880178244e-05,0.08397084676313393,9
2,-6,1,-11,1,-5,-0.00042506408290257934,0.00014098639381203223,0.00030881498435276556,2.473729526221842e-05,0.05819662553772621,9
2,-5,1,-11,1,-4,-0.0005139207856115777,0.00014098639381203223,0.0003748425124691666,1.9081206696211148e-06,0.0037128692262376715,9
2,-2,1,-11,1,-2,-0.0007709839009291044,0.00014098639381203223,0.0006023269048774995,-2.7670602239572703e-05,0.03588998707525171,9
2,-1,1,-11,1,-1,-0.000894883579030094,0.00014098639381203223,0.000758058289083616,4.161103865554208e-06,0.0046498829155678075,9
2,2,1,-11,1,3,-0.0013846263257445758,0.00014098639381203223,0.0012725407985733764,2.8900866640832988e-05,0.020872683195079143,9
2,3,1,-11,1,4,-0.0016105693803172012,0.00014098639381203223,0.0014878228371177796,1.8239850612610702e-05,0.01132509461282467,9
2,4,1,-11,1,5,-0.0018458787080848657,0.00014098639381203223,0.001734103264389586,2.9210950116752635e-05,0.015824956422548234,9
2,6,1,-11,1,6,-0.002122306963237751,0.00014098639381203223,0.0019747070189232627,-6.613550502456052e-06,0.003116208266294592,9
2,7,1,-11,1,7,-0.002333641093116966,0.00014098639381203223,0.002215705167770865,2.305046846593113e-05,0.009877469390609416,9
2,8,1,-11,1,8,-0.0025823680571360795,0.00014098639381203223,0.0024629844882008973,2.160282487684989e-05,0.008365509640329135,9
2,9,1,-11,1,9,-0.002837466283292238,0.00014098639381203223,0.00271575402351329,1.9274134033084225e-05,0.006792727070124319,9
2,10,1,-11,1,10,-0.0030974669448516055,0.00014098639381203223,0.002973321972018305,1.6841420978731553e-05,0.005437159226743063,9
2,11,1,-11,1,11,-0.0033613668070111803,0.00014098639381203223,0.003235253388057165,1.487297485801677e-05,0.004424680706370556,9
2,12,1,-11,1,12,-0.003627023623815877,0.00014098639381203223,0.003499927798231137,1.3890568227291952e-05,0.0038297429705401597,9
2,13,1,-11,1,13,-0.0038929098475402085,0.00014098639381203223,0.003765557199999308,1.3633746271132004e-05,0.003502199332909465,9
2,14,1,-11,1,14,-0.004158149117255109,0.00014098639381203223,0.004030932427920738,1.3769704477661383e-05,0.0033114984791000196,9
2,15,1,-11,1,15,-0.004422542790612594,0.00014098639381203223,0.004295690809337045,1.413441253648312e-05,0.0031959922618465552,9
2,16,1,-11,1,16,-0.004686172344532099,0.00014098639381203223,0.00455968102508798,1.4495074367913523e-05,0.003093158616931067,9
2,17,1,-11,1,17,-0.004949603322414242,0.00014098639381203223,0.004823167543880964,1.4550615278754488e-05,0.0029397538208490634,9
2,18,1,-11,1,18,-0.00521391637956139,0.00014098639381203223,0.005087181893000314,1.42519072509565e-05,0.002733436099363644,9
2,19,1,-11,1,19,-0.0054802146612408995,0.00014098639381203223,0.0053527772990706515,1.3549031641784531e-05,0.002472354183059791,9
2,20,1,-11,1,20,-0.005748811796314598,0.00014098639381203223,0.005620665903572574,1.2840501070008475e-05,0.002233592179559637,9
2,-9,1,-10,1,-10,-0.0003021884453905382,0.00015689169501995108,0.00015689169501995108,1.1594944649363965e-05,0.038369913960075636,9
2,-8,1,-10,1,-10,-0.0003326425567156908,0.00015689169501995108,0.00015689169501995108,-1.8859166675788653e-05,0.05669499074920699,9
2,-8,1,-10,1,-9,-0.0003326425567156908,0.00015689169501995108,0.00017709054959521184,1.3396878994720806e-06,0.004027409820016235,9
2,-7,1,-10,1,-9,-0.00036286508921045974,0.00015689169501995108,0.00017709054959521184,-2.8882844595296843e-05,0.07959664749822476,9
2,-8,1,-10,1,-8,-0.0003326425567156908,0.00015689169501995108,0.0001942497109787832,1.8498849283043453e-05,0.05561179382965841,9
2,-7,1,-10,1,-8,-0.00036286508921045974,0.00015689169501995108,0.0001942497109787832,-1.1723683211725471e-05,0.03230865564178261,9
2,-7,1,-10,1,-7,-0.00036286508921045974,0.00015689169501995108,0.00021361879346884448,7.645399278335789e-06,0.02106953660097486,9
2,-6,1,-10,1,-6,-0.00042506408290257934,0.00015689169501995108,0.00025234878420021,-1.5823603682418278e-05,0.03722639554573915,9
2,-5,1,-10,1,-4,-0.0005139207856115777,0.00015689169501995108,0.0003748425124691666,1.781342187754005e-05,0.034661804652134594,9
2,-4,1,-10,1,-3,-0.0006184286779740842,0.00015689169501995108,0.0004344394724834455,-2.7097510470687545e-05,0.04381671069889015,9
2,-2,1,-10,1,-2,-0.0007709839009291044,0.00015689169501995108,0.0006023269048774995,-1.1765301031653767e-05,0.015260112458218037,9
2,-1,1,-10,1,-1,-0.000894883579030094,0.00015689169501995108,0.000758058289083616,2.0066405073473036e-05,0.022423481158545453,9
2,6,1,-10,1,6,-0.002122306963237751,0.00015689169501995108,0.0019747070189232627,9.291750705462884e-06,0.004378137030322686,9
2,11,1,-10,1,11,-0.0033613668070111803,0.00015689169501995108,0.003235253388057165,3.0778276065935705e-05,0.009156476467173413,9
2,12,1,-10,1,12,-0.003627023623815877,0.00015689169501995108,0.003499927798231137,2.9795869435210887e-05,0.008214964258728372,9
2,13,1,-10,1,13,-0.0038929098475402085,0.00015689169501995108,0.003765557199999308,2.953904747905094e-05,0.007587909465130721,9
2,14,1,-10,1,14,-0.004158149117255109,0.00015689169501995108,0.004030932427920738,2.967500568558032e-05,0.007136590066584596,9
2,15,1,-10,1,15,-0.004422542790612594,0.00015689169501995108,0.004295690809337045,3.0039713744402056e-05,0.006792407709014177,9
2,16,1,-10,1,16,-0.004686172344532099,0.00015689169501995108,0.00455968102508798,3.040037557583246e-05,0.006487250860780677,9
2,17,1,-10,1,17,-0.004949603322414242,0.00015689169501995108,0.004823167543880964,3.0455916486673423e-05,0.006153203499915646,9
2,18,1,-10,1,18,-0.00521391637956139,0.00015689169501995108,0.005087181893000314,3.0157208458875435e-05,0.0057839839121877805,9
2,19,1,-10,1,19,-0.0054802146612408995,0.00015689169501995108,0.0053527772990706515,2.9454332849703467e-05,0.0053746677220548955,9
2,20,1,-10,1,20,-0.005748811796314598,0.00015689169501995108,0.005620665903572574,2.874580227792741e-05,0.0050003032446384035,9
2,-8,1,-9,1,-9,-0.0003326425567156908,0.00017709054959521184,0.00017709054959521184,2.153854247473287e-05,0.06474981038923963,9
2,-7,1,-9,1,-9,-0.00036286508921045974,0.00017709054959521184,0.00017709054959521184,-8.683990020036056e-06,0.02393173187018658,9
2,-7,1,-9,1,-8,-0.00036286508921045974,0.00017709054959521184,0.0001942497109787832,8.475171363535317e-06,0.023356259986255564,9
2,-7,1,-9,1,-7,-0.00036286508921045974,0.00017709054959521184,0.00021361879346884448,2.7844253853596577e-05,0.07673445222901304,9
2,-6,1,-9,1,-6,-0.00042506408290257934,0.00017709054959521184,0.00025234878420021,4.37525089284251e-06,0.010293155947135802,9
2,-5,1,-9,1,-5,-0.0005139207856115777,0.00017709054959521184,0.00030881498435276556,-2.8015251663600273e-05,0.054512781829327006,9
2,-4,1,-9,1,-3,-0.0006184286779740842,0.00017709054959521184,0.0004344394724834455,-6.898655895426812e-06,0.011155135816188502,9
2,-2,1,-9,1,-2,-0.0007709839009291044,0.00017709054959521184,0.0006023269048774995,8.433553543606967e-06,0.010938689554274458,9
2,2,1,-9,1,2,-0.0013846263257445758,0.00017709054959521184,0.0011876060720696538,-1.9929704079710243e-05,0.014393561431813126,9
2,6,1,-9,1,6,-0.002122306963237751,0.00017709054959521184,0.0019747070189232627,2.9490605280723618e-05,0.01389554187568292,9
2,-7,1,-8,1,-8,-0.00036286508921045974,0.0001942497109787832,0.0001942497109787832,2.5634332747106634e-05,0.07064425184269756,9
2,-6,1,-8,1,-7,-0.00042506408290257934,0.0001942497109787832,0.00021361879346884448,-1.719557845495165e-05,0.04045408479947414,9
2,-6,1,-8,1,-6,-0.00042506408290257934,0.0001942497109787832,0.00025234878420021,2.1534412276413828e-05,0.05066156643808767,9
2,-5,1,-8,1,-5,-0.0005139207856115777,0.0001942497109787832,0.00030881498435276556,-1.0856090280028955e-05,0.021124053714056252,9
2,-4,1,-8,1,-3,-0.0006184286779740842,0.0001942497109787832,0.0004344394724834455,1.0260505488144506e-05,0.016591251107172106,9
2,-2,1,-8,1,-2,-0.0007709839009291044,0.0001942497109787832,0.0006023269048774995,2.5592714927178285e-05,0.03319487591937624,9
2,1,1,-8,1,1,-0.0011992510625692902,0.0001942497109787832,0.0009785032656031902,-2.6498085987316893e-05,0.022095528463028473,9
2,2,1,-8,1,2,-0.0013846263257445758,0.0001942497109787832,0.0011876060720696538,-2.770542696138925e-06,0.002000931691551567,9
2,-6,1,-7,1,-7,-0.00042506408290257934,0.00021361879346884448,0.00021361879346884448,2.1735040351096102e-06,0.005113356132721655,9
2,-5,1,-7,1,-5,-0.0005139207856115777,0.00021361879346884448,0.00030881498435276556,8.51299221003236e-06,0.0165647945138115,9
2,-4,1,-7,1,-4,-0.0006184286779740842,0.00021361879346884448,0.0003748425124691666,-2.9967372036073057e-05,0.048457280691192116,9
2,-4,1,-7,1,-3,-0.0006184286779740842,0.00021361879346884448,0.0004344394724834455,2.962958797820582e-05,0.047911083417524626,9
2,1,1,-7,1,1,-0.0011992510625692902,0.00021361879346884448,0.0009785032656031902,-7.1290034972554695e-06,0.0059445463254226396,9
2,2,1,-7,1,2,-0.0013846263257445758,0.00021361879346884448,0.0011876060720696538,1.6598539793922498e-05,0.011987739569372059,9
2,-5,1,-6,1,-6,-0.0005139207856115777,0.00025234878420021,0.00025234878420021,-9.223217211157741e-06,0.01794676819732422,9
2,-4,1,-6,1,-4,-0.0006184286779740842,0.00025234878420021,0.0003748425124691666,8.762618695292422e-06,0.014169166158332048,9
2,-3,1,-6,1,-3,-0.0006883901588102036,0.00025234878420021,0.0004344394724834455,-1.6019021265481059e-06,0.0023270264777125716,9
2,-4,1,-5,1,-5,-0.0006184286779740842,0.00030881498435276556,0.00030881498435276556,-7.987092685530573e-07,0.0012915139562569378,9
2,-3,1,-5,1,-4,-0.0006883901588102036,0.00030881498435276556,0.0003748425124691666,-4.732661988271405e-06,0.006874970433120689,9
2,-2,1,-5,1,-3,-0.0007709839009291044,0.00030881498435276556,0.0004344394724834455,-2.772944409289331e-05,0.035966307544783825,9
2,-1,1,-5,1,-2,-0.000894883579030094,0.00030881498435276556,0.0006023269048774995,1.6258310200171003e-05,0.01816807301100812,9
2,0,1,-5,1,-1,-0.0010448703139708233,0.00030881498435276556,0.000758058289083616,2.2002959465558134e-05,0.021058076941568214,9
2,3,1,-5,1,3,-0.0016105693803172012,0.00030881498435276556,0.0012725407985733764,-2.9213597391059302e-05,0.018138676761199627,9
2,5,1,-5,1,5,-0.0020671941991908453,0.00030881498435276556,0.001734103264389586,-2.4275950448493597e-05,0.011743430035744028,9
2,-2,1,-4,1,-4,-0.0007709839009291044,0.0003748425124691666,0.0003748425124691666,-2.129887599077113e-05,0.027625578128290466,9
2,4,1,-4,1,4,-0.0018458787080848657,0.0003748425124691666,0.0014878228371177796,1.6786641502080377e-05,0.009094119471965109,9
2,6,1,-4,1,5,-0.002122306963237751,0.0003748425124691666,0.001734103264389586,-1.3361186378998101e-05,0.0062955955997121785,9
2,7,1,-4,1,6,-0.002333641093116966,0.0003748425124691666,0.0019747070189232627,1.5908438275463472e-05,0.006817002975472593,9
2,8,1,-4,1,7,-0.0025823680571360795,0.0003748425124691666,0.002215705167770865,8.179623103952201e-06,0.003167489266818007,9
2,9,1,-4,1,8,-0.002837466283292238,0.0003748425124691666,0.0024629844882008973,3.6071737782601004e-07,0.0001271265776619129,9
2,10,1,-4,1,9,-0.0030974669448516055,0.0003748425124691666,0.00271575402351329,-6.870408869148574e-06,0.0022180733455664766,9
2,11,1,-4,1,10,-0.0033613668070111803,0.0003748425124691666,0.002973321972018305,-1.3202322523708614e-05,0.003927664929686057,9
2,12,1,-4,1,11,-0.003627023623815877,0.0003748425124691666,0.003235253388057165,-1.692772328954536e-05,0.0046671113963509935,9
2,13,1,-4,1,12,-0.0038929098475402085,0.0003748425124691666,0.003499927798231137,-1.813953683990491e-05,0.004659634450915075,9
2,14,1,-4,1,13,-0.004158149117255109,0.0003748425124691666,0.003765557199999308,-1.774940478663483e-05,0.004268583036856462,9
2,15,1,-4,1,14,-0.004422542790612594,0.0003748425124691666,0.004030932427920738,-1.6767850222689992e-05,0.0037914500812251885,9
2,16,1,-4,1,15,-0.004686172344532099,0.0003748425124691666,0.004295690809337045,-1.5639022725887596e-05,0.0033372700737597624,9
2,17,1,-4,1,16,-0.004949603322414242,0.0003748425124691666,0.00455968102508798,-1.5079784857096289e-05,0.0030466653335243237,9
2,18,1,-4,1,17,-0.00521391637956139,0.0003748425124691666,0.004823167543880964,-1.59063232112594e-05,0.0030507438273487397,9
2,19,1,-4,1,18,-0.0054802146612408995,0.0003748425124691666,0.005087181893000314,-1.8190255771419195e-05,0.003319259718067381,9
2,20,1,-4,1,19,-0.005748811796314598,0.0003748425124691666,0.0053527772990706515,-2.1191984774780216e-05,0.0036863243267705867,9
2,-1,1,-3,1,-3,-0.000894883579030094,0.0004344394724834455,0.0004344394724834455,-2.600463406320303e-05,0.0290592370589566,9
2,0,1,-3,1,-2,-0.0010448703139708233,0.0004344394724834455,0.0006023269048774995,-8.103936609878386e-06,0.007755925784780865,9
2,1,1,-3,1,-1,-0.0011992510625692902,0.0004344394724834455,0.000758058289083616,-6.753301002228752e-06,0.00563126538971781,9
2,2,1,-3,1,1,-0.0013846263257445758,0.0004344394724834455,0.0009785032656031902,2.831641234205982e-05,0.020450580648055217,9
2,3,1,-3,1,2,-0.0016105693803172012,0.0004344394724834455,0.0011876060720696538,1.147616423589795e-05,0.007125532359020585,9
2,1,1,-2,1,-2,-0.0011992510625692902,0.0006023269048774995,0.0006023269048774995,5.4027471857087585e-06,0.004505101020410061,9
2,2,1,-2,1,-1,-0.0013846263257445758,0.0006023269048774995,0.000758058289083616,-2.424113178346038e-05,0.017507345724070957,9
2,3,1,-2,1,1,-0.0016105693803172012,0.0006023269048774995,0.0009785032656031902,-2.9739209836511645e-05,0.018465028703485296,9
2,4,1,-2,1,3,-0.0018458787080848657,0.0006023269048774995,0.0012725407985733764,2.8988995366010075e-05,0.01570471301231201,9
2,5,1,-2,1,4,-0.0020671941991908453,0.0006023269048774995,0.0014878228371177796,2.295554280443363e-05,0.011104686155475397,9
2,7,1,-2,1,5,-0.002333641093116966,0.0006023269048774995,0.001734103264389586,2.7890761501196334e-06,0.0011951607118789453,9
2,8,1,-2,1,6,-0.0025823680571360795,0.0006023269048774995,0.0019747070189232627,-5.3341333353172475e-06,0.002065597628725688,9
2,9,1,-2,1,7,-0.002837466283292238,0.0006023269048774995,0.002215705167770865,-1.943421064387347e-05,0.0068491424050771315,9
2,12,1,2,1,8,-0.003627023623815877,0.0011876060720696538,0.0024629844882008973,2.3566936454673827e-05,0.006497596624385864,9
2,13,1,2,1,9,-0.0038929098475402085,0.0011876060720696538,0.00271575402351329,1.0450248042735612e-05,0.0026844310431023088,9
2,14,1,2,1,10,-0.004158149117255109,0.0011876060720696538,0.002973321972018305,2.778926832849339e-06,0.0006683086042579861,9
2,15,1,2,1,11,-0.004422542790612594,0.0011876060720696538,0.003235253388057165,3.1666951422464756e-07,7.160349355959169e-05,9
2,16,1,2,1,12,-0.004686172344532099,0.0011876060720696538,0.003499927798231137,1.3615257686916751e-06,0.000290541121536071,9
2,17,1,2,1,13,-0.004949603322414242,0.0011876060720696538,0.003765557199999308,3.5599496547196463e-06,0.000719239386032905,9
2,18,1,2,1,14,-0.00521391637956139,0.0011876060720696538,0.004030932427920738,4.622120429001973e-06,0.0008864968466162473,9
2,19,1,2,1,15,-0.0054802146612408995,0.0011876060720696538,0.004295690809337045,3.0822201657993917e-06,0.0005624269041135474,9
2,20,1,2,1,16,-0.005748811796314598,0.0011876060720696538,0.00455968102508798,-1.5246991569642376e-06,0.00026521987690424645,9
2,15,1,5,1,9,-0.004422542790612594,0.001734103264389586,0.00271575402351329,2.7314497290282375e-05,0.00617619740124637,9
2,16,1,5,1,10,-0.004686172344532099,0.001734103264389586,0.002973321972018305,2.125289187579222e-05,0.004535234795747628,9
2,17,1,5,1,11,-0.004949603322414242,0.001734103264389586,0.003235253388057165,1.9753330032508225e-05,0.00399089154135957,9
2,18,1,5,1,12,-0.00521391637956139,0.001734103264389586,0.003499927798231137,2.011468305933295e-05,0.003857883708718983,9
2,19,1,5,1,13,-0.0054802146612408995,0.001734103264389586,0.003765557199999308,1.944580314799417e-05,0.0035483652283779346,9
2,20,1,5,1,14,-0.005748811796314598,0.001734103264389586,0.004030932427920738,1.6223895995725636e-05,0.002822130306322834,9
2,15,1,6,1,8,-0.004422542790612594,0.0019747070189232627,0.0024629844882008973,1.5148716511565775e-05,0.0034253408567851145,9
2,16,1,6,1,9,-0.004686172344532099,0.0019747070189232627,0.00271575402351329,4.288697904453707e-06,0.0009151814293509348,9
2,17,1,6,1,10,-0.004949603322414242,0.0019747070189232627,0.002973321972018305,-1.5743314726746754e-06,0.0003180722514762601,9
2,18,1,6,1,11,-0.00521391637956139,0.0019747070189232627,0.003235253388057165,-3.955972580961878e-06,0.0007587334151482241,9
2,19,1,6,1,12,-0.0054802146612408995,0.0019747070189232627,0.003499927798231137,-5.579844086499829e-06,0.001018179839918236,9
2,20,1,6,1,13,-0.005748811796314598,0.0019747070189232627,0.003765557199999308,-8.547577392026794e-06,0.00148684244586097,9
2,15,1,7,1,7,-0.004422542790612594,0.002215705167770865,0.002215705167770865,8.867544929135746e-06,0.0020050783788815407,9
2,16,1,7,1,8,-0.004686172344532099,0.002215705167770865,0.0024629844882008973,-7.48268856033598e-06,0.0015967591480212848,9
2,17,1,7,1,9,-0.004949603322414242,0.002215705167770865,0.00271575402351329,-1.8144131130087143e-05,0.003665774800158546,9
2,18,1,7,1,10,-0.00521391637956139,0.002215705167770865,0.002973321972018305,-2.48892397722196e-05,0.004773616982003336,9
2,19,1,7,1,11,-0.0054802146612408995,0.002215705167770865,0.003235253388057165,-2.925610541286948e-05,0.005338496249021921,9
2,17,1,8,1,8,-0.004949603322414242,0.0024629844882008973,0.0024629844882008973,-2.363434601244767e-05,0.004774998009521229,9
1,-5,2,-20,3,-20,-0.00030881498435276556,0.0001393121823523654,0.00019605922281280496,2.655642081240484e-05,0.08599459921954081,15
1,-4,2,-20,3,-19,-0.0003748425124691666,0.0001393121823523654,0.00020520786639738244,-3.0322463719418765e-05,0.08089387598988788,15
1,-4,2,-20,3,-18,-0.0003748425124691666,0.0001393121823523654,0.00021802434284338444,-1.750598727341679e-05,0.04670224611958009,15
1,-4,2,-20,3,-17,-0.0003748425124691666,0.0001393121823523654,0.00023210374783301,-3.4265822837912293e-06,0.009141391837386879,15
1,-4,2,-20,3,-16,-0.0003748425124691666,0.0001393121823523654,0.0002424451729378146,6.914842821013401e-06,0.01844732812045217,15
1,-4,2,-20,3,-15,-0.0003748425124691666,0.0001393121823523654,0.00025471396317299346,1.9183633056192248e-05,0.05117784781087293,15
1,-3,2,-20,3,-14,-0.0004344394724834455,0.0001393121823523654,0.0002744146363829793,-2.071265374810078e-05,0.04767673073005595,15
1,-3,2,-20,3,-13,-0.0004344394724834455,0.0001393121823523654,0.00029772968919625274,2.6023990651726577e-06,0.005990245431190241,15
1,-3,2,-20,3,-12,-0.0004344394724834455,0.0001393121823523654,0.0003175654528598886,2.2438162728808514e-05,0.0516485359871703,15
1,-2,2,-20,3,-8,-0.0006023269048774995,0.0001393121823523654,0.00046296983139094185,-4.4891134192196445e-08,7.452951848685283e-05,15
1,1,2,-20,3,-3,-0.0009785032656031902,0.0001393121823523654,0.0008601000555226912,2.0908972271866354e-05,0.021368321401540945,15
1,-4,2,-19,3,-19,-0.0003748425124691666,0.00014613674776618418,0.00020520786639738244,-2.3497898305599972e-05,0.06268738876712346,15
1,-4,2,-19,3,-18,-0.0003748425124691666,0.00014613674776618418,0.00021802434284338444,-1.0681421859597996e-05,0.028495758896815677,15
1,-4,2,-19,3,-17,-0.0003748425124691666,0.00014613674776618418,0.00023210374783301,3.397983130027564e-06,0.009065095385377536,15
1,-4,2,-19,3,-16,-0.0003748425124691666,0.00014613674776618418,0.0002424451729378146,1.373940823483214e-05,0.03665381534321644,15
1,-4,2,-19,3,-15,-0.0003748425124691666,0.00014613674776618418,0.00025471396317299346,2.600819847001104e-05,0.06938433503363735,15
1,-3,2,-19,3,-14,-0.0004344394724834455,0.00014613674776618418,0.0002744146363829793,-1.3888088334282041e-05,0.03196783260713321,15
1,-3,2,-19,3,-13,-0.0004344394724834455,0.00014613674776618418,0.00029772968919625274,9.426964478991451e-06,0.0216991435541131,15
1,-3,2,-19,3,-12,-0.0004344394724834455,0.00014613674776618418,0.0003175654528598886,2.9262728142627308e-05,0.06735743411009315,15
1,-2,2,-19,3,-8,-0.0006023269048774995,0.00014613674776618418,0.00046296983139094185,6.779674279626543e-06,0.01125580515286028,15
1,1,2,-19,3,-3,-0.0009785032656031902,0.00014613674776618418,0.0008601000555226912,2.7733537685685093e-05,0.028342815666117356,15
1,-4,2,-18,3,-20,-0.0003748425124691666,0.00015542391434663602,0.00019605922281280496,-2.3359375309725604e-05,0.06231783891280761,15
1,-4,2,-18,3,-19,-0.0003748425124691666,0.00015542391434663602,0.00020520786639738244,-1.4210731725148153e-05,0.03791120604634482,15
1,-4,2,-18,3,-18,-0.0003748425124691666,0.00015542391434663602,0.00021802434284338444,-1.3942552791461772e-06,0.0037195761760370344,15
1,-4,2,-18,3,-17,-0.0003748425124691666,0.00015542391434663602,0.00023210374783301,1.2685149710479383e-05,0.033841278106156183,15
1,-4,2,-18,3,-16,-0.0003748425124691666,0.00015542391434663602,0.0002424451729378146,2.3026574815284014e-05,0.06142999806399523,15
1,-3,2,-18,3,-15,-0.0004344394724834455,0.00015542391434663602,0.00025471396317299346,-2.4301594963816017e-05,0.055937815283904804,15
1,-3,2,-18,3,-14,-0.0004344394724834455,0.00015542391434663602,0.0002744146363829793,-4.6009217538301676e-06,0.010590478179916048,15
1,-3,2,-18,3,-13,-0.0004344394724834455,0.00015542391434663602,0.00029772968919625274,1.871413105944327e-05,0.04307649798133014,15
1,-2,2,-18,3,-9,-0.0006023269048774995,0.00015542391434663602,0.00041802181163868305,-2.888117889218039e-05,0.04794934222314743,15
1,-2,2,-18,3,-8,-0.0006023269048774995,0.00015542391434663602,0.00046296983139094185,1.6066840860078416e-05,0.026674619264012572,15
1,-1,2,-18,3,-6,-0.000758058289083616,0.00015542391434663602,0.0005767572162567792,-2.5877158480200856e-05,0.03413610648790957,15
1,9,2,-18,3,7,-0.00271575402351329,0.00015542391434663602,0.0025372392509810755,-2.3090858185578506e-05,0.008502558768450815,15
1,-4,2,-17,3,-20,-0.0003748425124691666,0.0001654511913622877,0.00019605922281280496,-1.3332098294073958e-05,0.03556719915852825,15
1,-4,2,-17,3,-19,-0.0003748425124691666,0.0001654511913622877,0.00020520786639738244,-4.1834547094964526e-06,0.011160566292065313,15
1,-4,2,-17,3,-18,-0.0003748425124691666,0.0001654511913622877,0.00021802434284338444,8.633021736505523e-06,0.023031063578242472,15
1,-4,2,-17,3,-17,-0.0003748425124691666,0.0001654511913622877,0.00023210374783301,2.2712426726131084e-05,0.06059191786043569,15
1,-3,2,-17,3,-16,-0.0004344394724834455,0.0001654511913622877,0.0002424451729378146,-2.6543108183343217e-05,0.06109736767612582,15
1,-3,2,-17,3,-15,-0.0004344394724834455,0.0001654511913622877,0.00025471396317299346,-1.4274317948164317e-05,0.0328568623531515,15
1,-3,2,-17,3,-14,-0.0004344394724834455,0.0001654511913622877,0.0002744146363829793,5.4263552618214785e-06,0.012490474750837132,15
1,-3,2,-17,3,-13,-0.0004344394724834455,0.0001654511913622877,0.00029772968919625274,2.874140807509497e-05,0.06615745091208344,15
1,-2,2,-17,3,-9,-0.0006023269048774995,0.0001654511913622877,0.00041802181163868305,-1.8853901876528744e-05,0.03130177603532957,15
1,-2,2,-17,3,-8,-0.0006023269048774995,0.0001654511913622877,0.00046296983139094185,2.6094117875730062e-05,0.04332218545183043,15
1,-1,2,-17,3,-6,-0.000758058289083616,0.0001654511913622877,0.0005767572162567792,-1.58498814645491e-05,0.02090852602338712,15
1,2,2,-17,3,-1,-0.0011876060720696538,0.0001654511913622877,0.000998084207166912,-2.4070673540454047e-05,0.020268230439834167,15
1,4,2,-17,3,1,-0.0014878228371177796,0.0001654511913622877,0.0012998983166993359,-2.247332905615609e-05,0.015104842119302036,15
1,9,2,-17,3,7,-0.00271575402351329,0.0001654511913622877,0.0025372392509810755,-1.3063581169927077e-05,0.004810296167039131,15
1,-4,2,-16,3,-20,-0.0003748425124691666,0.00017249671507286419,0.00019605922281280496,-6.2865745834974674e-06,0.016771242253410576,15
1,-4,2,-16,3,-19,-0.0003748425124691666,0.00017249671507286419,0.00020520786639738244,2.8620690010799834e-06,0.007635390613052217,15
1,-4,2,-16,3,-18,-0.0003748425124691666,0.00017249671507286419,0.00021802434284338444,1.5678545447082013e-05,0.04182702048336015,15
1,-4,2,-16,3,-17,-0.0003748425124691666,0.00017249671507286419,0.00023210374783301,2.9757950436707574e-05,0.07938787476555337,15
1,-3,2,-16,3,-17,-0.0004344394724834455,0.00017249671507286419,0.00023210374783301,-2.9839009577571304e-05,0.06868392829730345,15
1,-3,2,-16,3,-16,-0.0004344394724834455,0.00017249671507286419,0.0002424451729378146,-1.9497584472766673e-05,0.044879864072456345,15
1,-3,2,-16,3,-15,-0.0004344394724834455,0.00017249671507286419,0.00025471396317299346,-7.228794237587881e-06,0.01663935874948227,15
1,-3,2,-16,3,-14,-0.0004344394724834455,0.00017249671507286419,0.0002744146363829793,1.2471878972398023e-05,0.02870797835450661,15
1,-2,2,-16,3,-9,-0.0006023269048774995,0.00017249671507286419,0.00041802181163868305,-1.18083781659522e-05,0.019604600210169548,15
1,-1,2,-16,3,-6,-0.000758058289083616,0.00017249671507286419,0.0005767572162567792,-8.804357753972665e-06,0.011614354569773088,15
1,2,2,-16,3,-1,-0.0011876060720696538,0.00017249671507286419,0.000998084207166912,-1.7025149829877394e-05,0.014335687758995274,15
1,4,2,-16,3,1,-0.0014878228371177796,0.00017249671507286419,0.0012998983166993359,-1.5427805345579436e-05,0.01036938334369587,15
1,9,2,-16,3,7,-0.00271575402351329,0.00017249671507286419,0.0025372392509810755,-6.018057459350641e-06,0.002215980316054272,15
1,-4,2,-15,3,-20,-0.0003748425124691666,0.0001819548751341122,0.00019605922281280496,3.1715854777505373e-06,0.008461114660817514,15
1,-4,2,-15,3,-19,-0.0003748425124691666,0.0001819548751341122,0.00020520786639738244,1.2320229062328042e-05,0.03286774752728045,15
1,-4,2,-15,3,-18,-0.0003748425124691666,0.0001819548751341122,0.00021802434284338444,2.5136705508330018e-05,0.06705937739758823,15
1,-3,2,-15,3,-17,-0.0004344394724834455,0.0001819548751341122,0.00023210374783301,-2.03808495163233e-05,0.046912978233348536,15
1,-3,2,-15,3,-16,-0.0004344394724834455,0.0001819548751341122,0.0002424451729378146,-1.0039424411518723e-05,0.023108914008501562,15
1,-3,2,-15,3,-15,-0.0004344394724834455,0.0001819548751341122,0.00025471396317299346,2.229365823660178e-06,0.005131591314472763,15
1,-3,2,-15,3,-14,-0.0004344394724834455,0.0001819548751341122,0.0002744146363829793,2.1930039033645973e-05,0.0504789284184614,15
1,-2,2,-15,3,-9,-0.0006023269048774995,0.0001819548751341122,0.00041802181163868305,-2.350218104704249e-06,0.003901897932290163,15
1,-1,2,-15,3,-6,-0.000758058289083616,0.0001819548751341122,0.0005767572162567792,6.538023072753937e-07,0.0008624697027793827,15
1,2,2,-15,3,-1,-0.0011876060720696538,0.0001819548751341122,0.000998084207166912,-7.566989768629552e-06,0.006371632771666853,15
1,4,2,-15,3,1,-0.0014878228371177796,0.0001819548751341122,0.0012998983166993359,-5.969645284331594e-06,0.00401233610306455,15
1,9,2,-15,3,7,-0.00271575402351329,0.0001819548751341122,0.0025372392509810755,3.4401026018974178e-06,0.0012667209813969306,15
1,-4,2,-14,3,-20,-0.0003748425124691666,0.00019644874332665755,0.00019605922281280496,1.7665453670295925e-05,0.04712766850784843,15
1,-4,2,-14,3,-19,-0.0003748425124691666,0.00019644874332665755,0.00020520786639738244,2.6814097254873376e-05,0.07153430137431122,15
1,-3,2,-14,3,-18,-0.0004344394724834455,0.00019644874332665755,0.00021802434284338444,-1.9966386313403526e-05,0.04595895994272103,15
1,-3,2,-14,3,-17,-0.0004344394724834455,0.00019644874332665755,0.00023210374783301,-5.886981323777966e-06,0.013550751477819022,15
1,-3,2,-14,3,-16,-0.0004344394724834455,0.00019644874332665755,0.0002424451729378146,4.454443781026665e-06,0.010253312747028077,15
1,-3,2,-14,3,-15,-0.0004344394724834455,0.00019644874332665755,0.00025471396317299346,1.672323401620551e-05,0.03849381807000228,15
1,-2,2,-14,3,-9,-0.0006023269048774995,0.00019644874332665755,0.00041802181163868305,1.2143650087841139e-05,0.02016122804660519,15
1,-1,2,-14,3,-6,-0.000758058289083616,0.00019644874332665755,0.0005767572162567792,1.5147670499820673e-05,0.01998219756706577,15
1,2,2,-14,3,-1,-0.0011876060720696538,0.00019644874332665755,0.000998084207166912,6.926878423915836e-06,0.005832639784204109,15
1,4,2,-14,3,1,-0.0014878228371177796,0.00019644874332665755,0.0012998983166993359,8.524222908213794e-06,0.005729326567353258,15
1,9,2,-14,3,7,-0.00271575402351329,0.00019644874332665755,0.0025372392509810755,1.7933970794443022e-05,0.006603680097375821,15
1,-3,2,-13,3,-20,-0.0004344394724834455,0.00021328352758161109,0.00019605922281280496,-2.509672208902947e-05,0.05776805211912643,15
1,-3,2,-13,3,-19,-0.0004344394724834455,0.00021328352758161109,0.00020520786639738244,-1.5948078504451966e-05,0.036709552226656096,15
1,-3,2,-13,3,-18,-0.0004344394724834455,0.00021328352758161109,0.00021802434284338444,-3.1316020584499366e-06,0.007208373678727518,15
1,-3,2,-13,3,-17,-0.0004344394724834455,0.00021328352758161109,0.00023210374783301,1.0947802931175624e-05,0.025199834786174487,15
1,-3,2,-13,3,-16,-0.0004344394724834455,0.00021328352758161109,0.0002424451729378146,2.12892280359802e-05,0.049003899011021465,15
1,-2,2,-13,3,-10,-0.0006023269048774995,0.00021328352758161109,0.0003718710651421799,-1.7172312153708458e-05,0.028509953672418042,15
1,-2,2,-13,3,-9,-0.0006023269048774995,0.00021328352758161109,0.00041802181163868305,2.897843434279473e-05,0.048110808446599825,15
1,1,2,-13,3,-4,-0.0009785032656031902,0.00021328352758161109,0.0007440788469309187,-2.1140891090660357e-05,0.021605335243953663,15
1,2,2,-13,3,-1,-0.0011876060720696538,0.00021328352758161109,0.000998084207166912,2.3761662678869425e-05,0.020008034008667304,15
1,4,2,-13,3,1,-0.0014878228371177796,0.00021328352758161109,0.0012998983166993359,2.5359007163167384e-05,0.017044372845017638,15
1,-3,2,-12,3,-20,-0.0004344394724834455,0.00022661345866183688,0.00019605922281280496,-1.1766791008803673e-05,0.027084995158334863,15
1,-3,2,-12,3,-19,-0.0004344394724834455,0.00022661345866183688,0.00020520786639738244,-2.6181474242261684e-06,0.006026495265864531,15
1,-3,2,-12,3,-18,-0.0004344394724834455,0.00022661345866183688,0.00021802434284338444,1.0198329021775861e-05,0.023474683282064045,15
1,-3,2,-12,3,-17,-0.0004344394724834455,0.00022661345866183688,0.00023210374783301,2.4277734011401422e-05,0.055882891746966055,15
1,-2,2,-12,3,-10,-0.0006023269048774995,0.00022661345866183688,0.0003718710651421799,-3.84238107348266e-06,0.0063792286918747535,15
1,1,2,-12,3,-4,-0.0009785032656031902,0.00022661345866183688,0.0007440788469309187,-7.810960010434559e-06,0.007982558960209047,15
1,-3,2,-11,3,-20,-0.0004344394724834455,0.00024159830799367046,0.00019605922281280496,3.218058323029927e-06,0.0074073801458097305,15
1,-3,2,-11,3,-19,-0.0004344394724834455,0.00024159830799367046,0.00020520786639738244,1.2366701907607432e-05,0.028465880038280062,15
1,-3,2,-11,3,-18,-0.0004344394724834455,0.00024159830799367046,0.00021802434284338444,2.5183178353609407e-05,0.057967058586208514,15
1,-2,2,-11,3,-11,-0.0006023269048774995,0.00024159830799367046,0.0003365227809942758,-2.42058158895532e-05,0.04018717359882197,15
1,-2,2,-11,3,-10,-0.0006023269048774995,0.00024159830799367046,0.0003718710651421799,1.114246825835094e-05,0.018499037927945595,15
1,-1,2,-11,3,-7,-0.000758058289083616,0.00024159830799367046,0.0004995855633416565,-1.6874417748289033e-05,0.022260053074134693,15
1,1,2,-11,3,-4,-0.0009785032656031902,0.00024159830799367046,0.0007440788469309187,7.173889321398933e-06,0.0073314924677094955,15
1,2,2,-11,3,-2,-0.0011876060720696538,0.00024159830799367046,0.000926169843396888,-1.9837920679095225e-05,0.01670412533722017,15
1,-3,2,-10,3,-20,-0.0004344394724834455,0.00026814142169328853,0.00019605922281280496,2.9761172022647973e-05,0.06850476051938865,15
1,-2,2,-10,3,-12,-0.0006023269048774995,0.00026814142169328853,0.0003175654528598886,-1.662003032432233e-05,0.027593039908623197,15
1,-2,2,-10,3,-11,-0.0006023269048774995,0.00026814142169328853,0.0003365227809942758,2.3372978100648454e-06,0.003880447297203505,15
1,-1,2,-10,3,-8,-0.000758058289083616,0.00026814142169328853,0.00046296983139094185,-2.6947035999385586e-05,0.03554744587248125,15
1,-1,2,-10,3,-7,-0.000758058289083616,0.00026814142169328853,0.0004995855633416565,9.668695951329013e-06,0.012754554749367732,15
1,2,2,-10,3,-2,-0.0011876060720696538,0.00026814142169328853,0.000926169843396888,6.705193020522821e-06,0.005645974012946574,15
1,3,2,-10,3,-1,-0.0012725407985733764,0.00026814142169328853,0.000998084207166912,-6.315169713175814e-06,0.004962646164473188,15
1,5,2,-10,3,2,-0.001734103264389586,0.00026814142169328853,0.0014462919592611418,-1.9669883435155695e-05,0.011342971228463493,15
1,6,2,-10,3,3,-0.0019747070189232627,0.00026814142169328853,0.0016875888535549334,-1.8976743675040795e-05,0.009609903389814321,15
1,7,2,-10,3,4,-0.002215705167770865,0.00026814142169328853,0.0019293062769633813,-1.8257469114195228e-05,0.008240026416765259,15
1,8,2,-10,3,5,-0.0024629844882008973,0.00026814142169328853,0.002171276389406632,-2.3566677100976454e-05,0.00956834166592372,15
1,9,2,-10,3,6,-0.00271575402351329,0.00026814142169328853,0.0024186606766848882,-2.8951925135113632e-05,0.010660731746853638,15
1,10,2,-10,3,8,-0.002973321972018305,0.00026814142169328853,0.002675512320323371,-2.9668230001645823e-05,0.009978142387824514,15
1,16,2,-10,3,14,-0.00455968102508798,0.00026814142169328853,0.00426138436982716,-3.0155233567531227e-05,0.00661345243266208,15
1,17,2,-10,3,15,-0.004823167543880964,0.00026814142169328853,0.004526260671995234,-2.8765450192442393e-05,0.005964016371136935,15
1,18,2,-10,3,16,-0.005087181893000314,0.00026814142169328853,0.004790467128105982,-2.8573343201043593e-05,0.005616733154432508,15
1,19,2,-10,3,17,-0.0053527772990706515,0.00026814142169328853,0.005054963890750095,-2.9671986627267943e-05,0.005543288085685835,15
1,-2,2,-9,3,-14,-0.0006023269048774995,0.0003021884453905382,0.0002744146363829793,-2.5723823103981957e-05,0.04270741169899033,15
1,-2,2,-9,3,-13,-0.0006023269048774995,0.0003021884453905382,0.00029772968919625274,-2.4087702907084644e-06,0.003999107911671914,15
1,-2,2,-9,3,-12,-0.0006023269048774995,0.0003021884453905382,0.0003175654528598886,1.7426993372927284e-05,0.028932782566755116,15
1,-1,2,-9,3,-8,-0.000758058289083616,0.0003021884453905382,0.00046296983139094185,7.099987697864029e-06,0.009366018154681612,15
1,1,2,-9,3,-5,-0.0009785032656031902,0.0003021884453905382,0.0006723912615469056,-3.923558665746337e-06,0.0040097553106557,15
1,2,2,-9,3,-3,-0.0011876060720696538,0.0003021884453905382,0.0008601000555226912,-2.5317571156424417e-05,0.021318155701497227,15
1,3,2,-9,3,-1,-0.0012725407985733764,0.0003021884453905382,0.000998084207166912,2.77318539840738e-05,0.02179250678262222,15
1,4,2,-9,3,0,-0.0014878228371177796,0.0003021884453905382,0.001168345950483926,-1.7288441243315392e-05,0.011619959589279243,15
1,5,2,-9,3,2,-0.001734103264389586,0.0003021884453905382,0.0014462919592611418,1.437714026209392e-05,0.008290821289212411,15
1,6,2,-9,3,3,-0.0019747070189232627,0.0003021884453905382,0.0016875888535549334,1.507028002220882e-05,0.007631653646740014,15
1,7,2,-9,3,4,-0.002215705167770865,0.0003021884453905382,0.0019293062769633813,1.5789554583054387e-05,0.007126198382675456,15
1,8,2,-9,3,5,-0.0024629844882008973,0.0003021884453905382,0.002171276389406632,1.048034659627316e-05,0.004255141129178851,15
1,9,2,-9,3,6,-0.00271575402351329,0.0003021884453905382,0.0024186606766848882,5.0950985621364166e-06,0.0018761266734846035,15
1,10,2,-9,3,8,-0.002973321972018305,0.0003021884453905382,0.002675512320323371,4.378793695604226e-06,0.0014726940899144805,15
1,11,2,-9,3,9,-0.003235253388057165,0.0003021884453905382,0.0029334778136359597,4.1287096933309564e-07,0.00012761626982826004,15
1,12,2,-9,3,10,-0.003499927798231137,0.0003021884453905382,0.003196341902933452,-1.3974499071464641e-06,0.0003992796388121878,15
1,13,2,-9,3,11,-0.003765557199999308,0.0003021884453905382,0.003462185480912929,-1.1832736958408176e-06,0.0003142360168744841,15
1,14,2,-9,3,12,-0.004030932427920738,0.0003021884453905382,0.0037290325328913905,2.885503611908466e-07,7.158402338678957e-05,15
1,15,2,-9,3,13,-0.004295690809337045,0.0003021884453905382,0.0039955884824074,2.0861184608931063e-06,0.0004856304965801432,15
1,16,2,-9,3,14,-0.00455968102508798,0.0003021884453905382,0.00426138436982716,3.891790129718388e-06,0.0008535224521858512,15
1,17,2,-9,3,15,-0.004823167543880964,0.0003021884453905382,0.004526260671995234,5.2815735048072215e-06,0.0010950425123646857,15
1,18,2,-9,3,16,-0.005087181893000314,0.0003021884453905382,0.004790467128105982,5.473680496206022e-06,0.001075974991917924,15
1,19,2,-9,3,17,-0.0053527772990706515,0.0003021884453905382,0.005054963890750095,4.3750370699816715e-06,0.0008173396398802664,15
1,20,2,-9,3,18,-0.005620665903572574,0.0003021884453905382,0.005320803084440166,2.325626258129626e-06,0.0004137634753653345,15
1,-2,2,-8,3,-16,-0.0006023269048774995,0.0003326425567156908,0.0002424451729378146,-2.7239175223994034e-05,0.045223241737032994,15
1,-2,2,-8,3,-15,-0.0006023269048774995,0.0003326425567156908,0.00025471396317299346,-1.4970384988815242e-05,0.024854252512362705,15
1,-2,2,-8,3,-14,-0.0006023269048774995,0.0003326425567156908,0.0002744146363829793,4.730288221170662e-06,0.007853357010729417,15
1,-2,2,-8,3,-13,-0.0006023269048774995,0.0003326425567156908,0.00029772968919625274,2.8045341034444045e-05,0.046561660798047654,15
1,-1,2,-8,3,-9,-0.000758058289083616,0.0003326425567156908,0.00041802181163868305,-7.393920729242159e-06,0.009753762785418982,15
1,1,2,-8,3,-5,-0.0009785032656031902,0.0003326425567156908,0.0006723912615469056,2.6530552659406173e-05,0.02711340226652349,15
1,2,2,-8,3,-3,-0.0011876060720696538,0.0003326425567156908,0.0008601000555226912,5.136540168728309e-06,0.004325121174041159,15
1,3,2,-8,3,-2,-0.0012725407985733764,0.0003326425567156908,0.000926169843396888,-1.3728398460797521e-05,0.010788179425121922,15
1,4,2,-8,3,0,-0.0014878228371177796,0.0003326425567156908,0.001168345950483926,1.3165670081837335e-05,0.008848950125904748,15
1,11,2,-8,3,9,-0.003235253388057165,0.0003326425567156908,0.0029334778136359597,3.086698229448539e-05,0.009540823729118056,15
1,12,2,-8,3,10,-0.003499927798231137,0.0003326425567156908,0.003196341902933452,2.905666141800583e-05,0.008302074526420533,15
1,13,2,-8,3,11,-0.003765557199999308,0.0003326425567156908,0.003462185480912929,2.9270837629311475e-05,0.007773308457329198,15
1,14,2,-8,3,12,-0.004030932427920738,0.0003326425567156908,0.0037290325328913905,3.074266168634314e-05,0.007626687431771468,15
1,-2,2,-7,3,-18,-0.0006023269048774995,0.00036286508921045974,0.00021802434284338444,-2.1437472823655247e-05,0.03559109289334365,15
1,-2,2,-7,3,-17,-0.0006023269048774995,0.00036286508921045974,0.00023210374783301,-7.358067834029687e-06,0.012216070333976136,15
1,-2,2,-7,3,-16,-0.0006023269048774995,0.00036286508921045974,0.0002424451729378146,2.983357270774944e-06,0.004953053311443386,15
1,-2,2,-7,3,-15,-0.0006023269048774995,0.00036286508921045974,0.00025471396317299346,1.5252147505953736e-05,0.025322042536113674,15
1,-1,2,-7,3,-10,-0.000758058289083616,0.00036286508921045974,0.0003718710651421799,-2.3322134730976367e-05,0.030765621940721063,15
1,-1,2,-7,3,-9,-0.000758058289083616,0.00036286508921045974,0.00041802181163868305,2.282861176552682e-05,0.03011458629800532,15
1,3,2,-7,3,-2,-0.0012725407985733764,0.00036286508921045974,0.000926169843396888,1.649413403397135e-05,0.012961575811528117,15
1,-2,2,-6,3,-20,-0.0006023269048774995,0.00042506408290257934,0.00019605922281280496,1.879640083788487e-05,0.031206311200240443,15
1,-2,2,-6,3,-19,-0.0006023269048774995,0.00042506408290257934,0.00020520786639738244,2.7945044422462268e-05,0.04639514555330331,15
1,-1,2,-6,3,-12,-0.000758058289083616,0.00042506408290257934,0.0003175654528598886,-1.542875332114814e-05,0.020352990717639,15
1,-1,2,-6,3,-11,-0.000758058289083616,0.00042506408290257934,0.0003365227809942758,3.5285748132391458e-06,0.004654753947093815,15
1,1,2,-6,3,-6,-0.0009785032656031902,0.00042506408290257934,0.0005767572162567792,2.3318033556168297e-05,0.023830307343730824,15
1,2,2,-6,3,-4,-0.0011876060720696538,0.00042506408290257934,0.0007440788469309187,-1.846314223615561e-05,0.015546520576456547,15
1,3,2,-6,3,-3,-0.0012725407985733764,0.00042506408290257934,0.0008601000555226912,1.262333985189404e-05,0.009919791857397303,15
1,5,2,-6,3,1,-0.001734103264389586,0.00042506408290257934,0.0012998983166993359,-9.140864787670873e-06,0.005271234404191326,15
1,10,2,-6,3,7,-0.002973321972018305,0.00042506408290257934,0.0025372392509810755,-1.1018638134649948e-05,0.003705834160694829,15
1,-1,2,-5,3,-18,-0.000758058289083616,0.0005139207856115777,0.00021802434284338444,-2.611316062865385e-05,0.03444743102831963,15
1,-1,2,-5,3,-17,-0.000758058289083616,0.0005139207856115777,0.00023210374783301,-1.203375563902829e-05,0.015874446348413892,15
1,-1,2,-5,3,-16,-0.000758058289083616,0.0005139207856115777,0.0002424451729378146,-1.692330534223659e-06,0.002232454362143371,15
1,-1,2,-5,3,-15,-0.000758058289083616,0.0005139207856115777,0.00025471396317299346,1.0576459700955133e-05,0.01395204017060556,15
1,-1,2,-5,3,-14,-0.000758058289083616,0.0005139207856115777,0.0002744146363829793,3.027713291094093e-05,0.039940375755987904,15
1,1,2,-5,3,-8,-0.0009785032656031902,0.0005139207856115777,0.00046296983139094185,-1.6126486006705788e-06,0.0016480768714414815,15
1,2,2,-5,3,-5,-0.0011876060720696538,0.0005139207856115777,0.0006723912615469056,-1.29402491117034e-06,0.0010896078603869286,15
1,3,2,-5,3,-4,-0.0012725407985733764,0.0005139207856115777,0.0007440788469309187,-1.4541166030880093e-05,0.01142687609480336,15
1,4,2,-5,3,-1,-0.0014878228371177796,0.0005139207856115777,0.000998084207166912,2.4182155660710213e-05,0.0162533838420951,15
1,6,2,-5,3,2,-0.0019747070189232627,0.0005139207856115777,0.0014462919592611418,-1.4494274050543422e-05,0.007339961782506162,15
1,7,2,-5,3,3,-0.002215705167770865,0.0005139207856115777,0.0016875888535549334,-1.4195528604353698e-05,0.006406776863112734,15
1,8,2,-5,3,4,-0.0024629844882008973,0.0005139207856115777,0.0019293062769633813,-1.975742562593816e-05,0.008021741801699327,15
1,9,2,-5,3,5,-0.00271575402351329,0.0005139207856115777,0.002171276389406632,-3.0556848495080346e-05,0.011251699612894198,15
1,1,2,-4,3,-11,-0.0009785032656031902,0.0006184286779740842,0.0003365227809942758,-2.355180663483024e-05,0.02406921618223923,15
1,1,2,-4,3,-10,-0.0009785032656031902,0.0006184286779740842,0.0003718710651421799,1.1796477513073902e-05,0.012055634281201976,15
1,2,2,-4,3,-6,-0.0011876060720696538,0.0006184286779740842,0.0005767572162567792,7.579822161209735e-06,0.006382438031830115,15
1,3,2,-4,3,-5,-0.0012725407985733764,0.0006184286779740842,0.0006723912615469056,1.827914094761334e-05,0.014364286762440757,15
1,4,2,-4,3,-3,-0.0014878228371177796,0.0006184286779740842,0.0008601000555226912,-9.294103621004324e-06,0.006246781128194621,15
1,1,2,-3,3,-14,-0.0009785032656031902,0.0006883901588102036,0.0002744146363829793,-1.569847041000736e-05,0.016043350044754493,15
1,1,2,-3,3,-13,-0.0009785032656031902,0.0006883901588102036,0.00029772968919625274,7.616582403266242e-06,0.007783911072152695,15
1,1,2,-3,3,-12,-0.0009785032656031902,0.0006883901588102036,0.0003175654528598886,2.745234606690199e-05,0.02805544654976621,15
1,2,2,-3,3,-7,-0.0011876060720696538,0.0006883901588102036,0.0004995855633416565,3.696500822062288e-07,0.00031125647712632157,15
1,3,2,-3,3,-6,-0.0012725407985733764,0.0006883901588102036,0.0005767572162567792,-7.393423506393652e-06,0.005809969719385258,15
1,6,2,-3,3,1,-0.0019747070189232627,0.0006883901588102036,0.0012998983166993359,1.3581456586276523e-05,0.006877707151556086,15
1,11,2,-3,3,7,-0.003235253388057165,0.0006883901588102036,0.0025372392509810755,-9.623978265886103e-06,0.00297472164047883,15
1,1,2,-2,3,-20,-0.0009785032656031902,0.0007709839009291044,0.00019605922281280496,-1.146014186128089e-05,0.011711909672796422,15
1,1,2,-2,3,-19,-0.0009785032656031902,0.0007709839009291044,0.00020520786639738244,-2.3114982767033845e-06,0.002362279573260781,15
1,1,2,-2,3,-18,-0.0009785032656031902,0.0007709839009291044,0.00021802434284338444,1.0504978169298537e-05,0.010735761993418419,15
1,1,2,-2,3,-17,-0.0009785032656031902,0.0007709839009291044,0.00023210374783301,2.4584383158924097e-05,0.02512447737593319,15
1,2,2,-2,3,-9,-0.0011876060720696538,0.0007709839009291044,0.00041802181163868305,1.3996404981337154e-06,0.0011785393583366806,15
1,3,2,-2,3,-7,-0.0012725407985733764,0.0007709839009291044,0.0004995855633416565,-1.971334302615672e-06,0.0015491324952612135,15
1,4,2,-2,3,-4,-0.0014878228371177796,0.0007709839009291044,0.0007440788469309187,2.723991074224364e-05,0.018308571466084618,15
1,7,2,-2,3,2,-0.002215705167770865,0.0007709839009291044,0.0014462919592611418,1.5706924193811637e-06,0.0007088905339158353,15
1,8,2,-2,3,3,-0.0024629844882008973,0.0007709839009291044,0.0016875888535549334,-4.411733716859576e-06,0.0017912145764596979,15
1,9,2,-2,3,4,-0.00271575402351329,0.0007709839009291044,0.0019293062769633813,-1.5463845620804564e-05,0.005694126009541707,15
1,10,2,-2,3,5,-0.002973321972018305,0.0007709839009291044,0.002171276389406632,-3.106168168256823e-05,0.010446793847046243,15
1,2,2,-1,3,-14,-0.0011876060720696538,0.000894883579030094,0.0002744146363829793,-1.8307856656580484e-05,0.015415765452154674,15
1,2,2,-1,3,-13,-0.0011876060720696538,0.000894883579030094,0.00029772968919625274,5.007196156693117e-06,0.00421620962914666,15
1,2,2,-1,3,-12,-0.0011876060720696538,0.000894883579030094,0.0003175654528598886,2.4842959820328865e-05,0.02091851869453208,15
1,3,2,-1,3,-10,-0.0012725407985733764,0.000894883579030094,0.0003718710651421799,-5.786154401102609e-06,0.004546930367646654,15
1,4,2,-1,3,-6,-0.0014878228371177796,0.000894883579030094,0.0005767572162567792,-1.6182041830906362e-05,0.010876323058902848,15
1,5,2,-1,3,-3,-0.001734103264389586,0.000894883579030094,0.0008601000555226912,2.0880370163199168e-05,0.012041018889696385,15
1,7,2,-1,3,1,-0.002215705167770865,0.000894883579030094,0.0012998983166993359,-2.0923272041435334e-05,0.0094431661512463,15
1,3,2,0,3,-19,-0.0012725407985733764,0.0010448703139708233,0.00020520786639738244,-2.246261820517065e-05,0.01765178627699254,15
1,3,2,0,3,-18,-0.0012725407985733764,0.0010448703139708233,0.00021802434284338444,-9.64614175916873e-06,0.007580222001512921,15
1,3,2,0,3,-17,-0.0012725407985733764,0.0010448703139708233,0.00023210374783301,4.4332632304568305e-06,0.0034837886812170466,15
1,3,2,0,3,-16,-0.0012725407985733764,0.0010448703139708233,0.0002424451729378146,1.477468833526157e-05,0.011610384792240231,15
1,3,2,0,3,-15,-0.0012725407985733764,0.0010448703139708233,0.00025471396317299346,2.704347857044047e-05,0.021251561129323672,15
1,4,2,0,3,-9,-0.0014878228371177796,0.0010448703139708233,0.00041802181163868305,-2.4930711508273137e-05,0.016756505469810556,15
1,4,2,0,3,-8,-0.0014878228371177796,0.0010448703139708233,0.00046296983139094185,2.001730824398567e-05,0.013454093958366262,15
1,5,2,0,3,-5,-0.001734103264389586,0.0010448703139708233,0.0006723912615469056,-1.6841688871857205e-05,0.009712044961627803,15
1,6,2,0,3,-2,-0.0019747070189232627,0.0010448703139708233,0.000926169843396888,-3.666861555551553e-06,0.001856914225965005,15
1,7,2,0,3,0,-0.002215705167770865,0.0010448703139708233,0.001168345950483926,-2.4889033161156274e-06,0.001123300767773005,15
1,8,2,0,3,2,-0.0024629844882008973,0.0010448703139708233,0.0014462919592611418,2.817778503106782e-05,0.011440504463611324,15
1,9,2,0,3,3,-0.00271575402351329,0.0010448703139708233,0.0016875888535549334,1.6705144012466554e-05,0.006151199213121521,15
1,10,2,0,3,4,-0.002973321972018305,0.0010448703139708233,0.0019293062769633813,8.546189158996527e-07,0.00028742898479962916,15
1,11,2,0,3,5,-0.003235253388057165,0.0010448703139708233,0.002171276389406632,-1.9106684679709267e-05,0.00590577688605195,15
1,4,2,1,3,-14,-0.0014878228371177796,0.0011992510625692902,0.0002744146363829793,-1.4157138165510168e-05,0.009515338662858188,15
1,4,2,1,3,-13,-0.0014878228371177796,0.0011992510625692902,0.00029772968919625274,9.157914647763216e-06,0.006155245382241874,15
1,4,2,1,3,-12,-0.0014878228371177796,0.0011992510625692902,0.0003175654528598886,2.899367831139918e-05,0.019487319046376468,15
1,7,2,1,3,-1,-0.002215705167770865,0.0011992510625692902,0.000998084207166912,-1.8369898034662976e-05,0.008290768240227656,15
1,13,2,1,3,7,-0.003765557199999308,0.0011992510625692902,0.0025372392509810755,-2.9066886448942363e-05,0.00771914617282874,15
1,5,2,2,3,-11,-0.001734103264389586,0.0013846263257445758,0.0003365227809942758,-1.2954157650734398e-05,0.007470234280018112,15
1,5,2,2,3,-10,-0.001734103264389586,0.0013846263257445758,0.0003718710651421799,2.2394126497169743e-05,0.012913952102530987,15
1,6,2,2,3,-6,-0.0019747070189232627,0.0013846263257445758,0.0005767572162567792,-1.3323476921907763e-05,0.006747065156618818,15
1,7,2,2,3,-3,-0.002215705167770865,0.0013846263257445758,0.0008601000555226912,2.9021213496401715e-05,0.013097958121205644,15
1,9,2,2,3,1,-0.00271575402351329,0.0013846263257445758,0.0012998983166993359,-3.122938106937855e-05,0.011499340808847638,15
1,14,2,2,3,8,-0.004030932427920738,0.0013846263257445758,0.002675512320323371,2.9206218147209e-05,0.007245524123626737,15
1,15,2,2,3,9,-0.004295690809337045,0.0013846263257445758,0.0029334778136359597,2.2413330043490574e-05,0.0052176311187884655,15
1,16,2,2,3,10,-0.00455968102508798,0.0013846263257445758,0.003196341902933452,2.128720359004764e-05,0.004668572970986913,15
1,17,2,2,3,11,-0.004823167543880964,0.0013846263257445758,0.003462185480912929,2.364426277653986e-05,0.004902227128007768,15
1,18,2,2,3,12,-0.005087181893000314,0.0013846263257445758,0.0037290325328913905,2.6476965635652272e-05,0.005204643001281936,15
1,19,2,2,3,13,-0.0053527772990706515,0.0013846263257445758,0.0039955884824074,2.743750908132392e-05,0.005125845434684461,15
1,20,2,2,3,14,-0.005620665903572574,0.0013846263257445758,0.00426138436982716,2.5344791999161627e-05,0.004509215177342621,15
1,6,2,3,3,-11,-0.0019747070189232627,0.0016105693803172012,0.0003365227809942758,-2.7614857611785865e-05,0.013984280881749871,15
1,6,2,3,3,-10,-0.0019747070189232627,0.0016105693803172012,0.0003718710651421799,7.733426536118276e-06,0.003916239959654895,15
1,7,2,3,3,-6,-0.002215705167770865,0.0016105693803172012,0.0005767572162567792,-2.837857119688484e-05,0.012807918494605228,15
1,8,2,3,3,-3,-0.0024629844882008973,0.0016105693803172012,0.0008601000555226912,7.684947638995042e-06,0.003120177035547861,15
1,13,2,3,3,5,-0.003765557199999308,0.0016105693803172012,0.002171276389406632,1.628856972452509e-05,0.004325673163198286,15
1,14,2,3,3,6,-0.004030932427920738,0.0016105693803172012,0.0024186606766848882,-1.7023709186483535e-06,0.00042232683109661595,15
1,15,2,3,3,8,-0.004295690809337045,0.0016105693803172012,0.002675512320323371,-9.609108696472662e-06,0.0022369181402875776,15
1,16,2,3,3,9,-0.00455968102508798,0.0016105693803172012,0.0029334778136359597,-1.5633831134819094e-05,0.003428711580656552,15
1,17,2,3,3,10,-0.004823167543880964,0.0016105693803172012,0.003196341902933452,-1.625626063031082e-05,0.00337045323066472,15
1,18,2,3,3,11,-0.005087181893000314,0.0016105693803172012,0.003462185480912929,-1.4427031770183722e-05,0.0028359575249382245,15
1,19,2,3,3,12,-0.0053527772990706515,0.0016105693803172012,0.0037290325328913905,-1.3175385862060005e-05,0.0024614111751571494,15
1,20,2,3,3,13,-0.005620665903572574,0.0016105693803172012,0.0039955884824074,-1.4508040847972456e-05,0.0025811960890169514,15
1,7,2,4,3,-10,-0.002215705167770865,0.0018458787080848657,0.0003718710651421799,2.044605456180508e-06,0.000922778664743336,15
1,9,2,4,3,-3,-0.00271575402351329,0.0018458787080848657,0.0008601000555226912,-9.775259905733281e-06,0.003599464392245406,15
1,13,2,4,3,4,-0.003765557199999308,0.0018458787080848657,0.0019293062769633813,9.62778504893895e-06,0.0025568022307404384,15
1,14,2,4,3,5,-0.004030932427920738,0.0018458787080848657,0.002171276389406632,-1.3777330429239933e-05,0.003417901608523526,15
1,15,2,4,3,6,-0.004295690809337045,0.0018458787080848657,0.0024186606766848882,-3.115142456729114e-05,0.007251784625555663,15
1,8,2,5,3,-10,-0.0024629844882008973,0.0020671941991908453,0.0003718710651421799,-2.3919223867872007e-05,0.009711479703773512,15
1,8,2,5,3,-9,-0.0024629844882008973,0.0020671941991908453,0.00041802181163868305,2.223152262863107e-05,0.009026253610257298,15
1,9,2,5,3,-5,-0.00271575402351329,0.0020671941991908453,0.0006723912615469056,2.383143722446083e-05,0.008775256160213954,15
1,10,2,5,3,-2,-0.002973321972018305,0.0020671941991908453,0.000926169843396888,2.0042070569428402e-05,0.006740632450182901,15
1,11,2,5,3,0,-0.003235253388057165,0.0020671941991908453,0.001168345950483926,2.8676161760617103e-07,8.863652493642149e-05,15
1,12,2,5,3,2,-0.003499927798231137,0.0020671941991908453,0.0014462919592611418,1.355836022085043e-05,0.0038738971208785574,15
1,13,2,5,3,3,-0.003765557199999308,0.0020671941991908453,0.0016875888535549334,-1.0774147253529535e-05,0.0028612358493801436,15
1,8,2,6,3,-12,-0.0024629844882008973,0.002122306963237751,0.0003175654528598886,-2.3112072103257872e-05,0.00938376681378949,15
1,8,2,6,3,-11,-0.0024629844882008973,0.002122306963237751,0.0003365227809942758,-4.154743968870587e-06,0.0016868737861623505,15
1,8,2,6,3,-10,-0.0024629844882008973,0.002122306963237751,0.0003718710651421799,3.1193540179033554e-05,0.01266493570238401,15
1,9,2,6,3,-6,-0.00271575402351329,0.002122306963237751,0.0005767572162567792,-1.6689844018760117e-05,0.006145565420968782,15
1,10,2,6,3,-3,-0.002973321972018305,0.002122306963237751,0.0008601000555226912,9.085046742137327e-06,0.003055520669350973,15
1,14,2,6,3,4,-0.004030932427920738,0.002122306963237751,0.0019293062769633813,2.068081228039434e-05,0.005130528147072426,15
1,15,2,6,3,5,-0.004295690809337045,0.002122306963237751,0.002171276389406632,-2.10745669266231e-06,0.0004905978540358575,15
1,16,2,6,3,6,-0.00455968102508798,0.002122306963237751,0.0024186606766848882,-1.8713385165340657e-05,0.004104099620648262,15
1,17,2,6,3,8,-0.004823167543880964,0.002122306963237751,0.002675512320323371,-2.534826031984263e-05,0.005255521416004168,15
1,9,2,7,3,-10,-0.00271575402351329,0.002333641093116966,0.0003718710651421799,-1.0241865254144184e-05,0.0037712786818942415,15
1,11,2,7,3,-2,-0.003235253388057165,0.002333641093116966,0.000926169843396888,2.4557548456689057e-05,0.0075906105368261,15
1,12,2,7,3,0,-0.003499927798231137,0.002333641093116966,0.001168345950483926,2.059245369754898e-06,0.0005883679574177617,15
1,13,2,7,3,2,-0.003765557199999308,0.002333641093116966,0.0014462919592611418,1.4375852378799986e-05,0.003817722481762494,15
1,14,2,7,3,3,-0.004030932427920738,0.002333641093116966,0.0016875888535549334,-9.702481248838844e-06,0.0024070066721122493,15
1,10,2,8,3,-10,-0.002973321972018305,0.0025823680571360795,0.0003718710651421799,-1.908284974004538e-05,0.006418023315211925,15
1,10,2,8,3,-9,-0.002973321972018305,0.0025823680571360795,0.00041802181163868305,2.7067896756457696e-05,0.009103587506227548,15
1,11,2,8,3,-5,-0.003235253388057165,0.0025823680571360795,0.0006723912615469056,1.9505930625820286e-05,0.006029181732047885,15
1,12,2,8,3,-2,-0.003499927798231137,0.0025823680571360795,0.000926169843396888,8.610102301830676e-06,0.002460079978273329,15
1,13,2,8,3,0,-0.003765557199999308,0.0025823680571360795,0.001168345950483926,-1.484319237930222e-05,0.003941831604444874,15
1,14,2,8,3,2,-0.004030932427920738,0.0025823680571360795,0.0014462919592611418,-2.2724115235168638e-06,0.0005637433929124517,15
1,15,2,8,3,3,-0.004295690809337045,0.0025823680571360795,0.0016875888535549334,-2.5733898646031726e-05,0.0059906310272836525,15
1,11,2,9,3,-10,-0.003235253388057165,0.002837466283292238,0.0003718710651421799,-2.5916039622746884e-05,0.00801051309254945,15
1,11,2,9,3,-9,-0.003235253388057165,0.002837466283292238,0.00041802181163868305,2.0234706873756194e-05,0.006254442680889222,15
1,12,2,9,3,-5,-0.003499927798231137,0.002837466283292238,0.0006723912615469056,9.929746608006856e-06,0.0028371289867823416,15
1,13,2,9,3,-2,-0.003765557199999308,0.002837466283292238,0.000926169843396888,-1.921073310181924e-06,0.0005101697326978002,15
1,14,2,9,3,0,-0.004030932427920738,0.002837466283292238,0.001168345950483926,-2.5120194144573685e-05,0.006231856919896657,15
1,15,2,9,3,2,-0.004295690809337045,0.002837466283292238,0.0014462919592611418,-1.1932566783665229e-05,0.0027777992675191597,15
1,19,2,9,3,7,-0.0053527772990706515,0.002837466283292238,0.0025372392509810755,2.1928235202662086e-05,0.004096608914865422,15
1,12,2,10,3,-10,-0.003499927798231137,0.0030974669448516055,0.0003718710651421799,-3.0589788237351395e-05,0.008740119796988804,15
1,12,2,10,3,-9,-0.003499927798231137,0.0030974669448516055,0.00041802181163868305,1.5560958259151682e-05,0.004446079792564918,15
1,13,2,10,3,-5,-0.003765557199999308,0.0030974669448516055,0.0006723912615469056,4.3010063992031736e-06,0.001142196538457566,15
1,14,2,10,3,-2,-0.004030932427920738,0.0030974669448516055,0.000926169843396888,-7.295639672244905e-06,0.0018099136620874068,15
1,15,2,10,3,0,-0.004295690809337045,0.0030974669448516055,0.001168345950483926,-2.9877914001513566e-05,0.006955322281708779,15
1,16,2,10,3,2,-0.00455968102508798,0.0030974669448516055,0.0014462919592611418,-1.5922120975232247e-05,0.003491937459578113,15
1,20,2,10,3,7,-0.005620665903572574,0.0030974669448516055,0.0025372392509810755,1.4040292260107494e-05,0.0024979766634382746,15
1,13,2,11,3,-9,-0.003765557199999308,0.0033613668070111803,0.00041802181163868305,1.3831418650555368e-05,0.003673139967322209,15
1,14,2,11,3,-5,-0.004030932427920738,0.0033613668070111803,0.0006723912615469056,2.825640637347561e-06,0.0007009893338264421,15
1,15,2,11,3,-2,-0.004295690809337045,0.0033613668070111803,0.000926169843396888,-8.15415892897655e-06,0.0018982183054825083,15
1,16,2,11,3,0,-0.00455968102508798,0.0033613668070111803,0.001168345950483926,-2.9968267592873216e-05,0.006572448254161588,15
1,17,2,11,3,2,-0.004823167543880964,0.0033613668070111803,0.0014462919592611418,-1.5508777608642423e-05,0.00321547561173114,15
1,14,2,12,3,-9,-0.004030932427920738,0.003627023623815877,0.00041802181163868305,1.411300753382215e-05,0.0035011769078704237,15
1,15,2,12,3,-5,-0.004295690809337045,0.003627023623815877,0.0006723912615469056,3.724076025737877e-06,0.0008669329779609102,15
1,16,2,12,3,-2,-0.00455968102508798,0.003627023623815877,0.000926169843396888,-6.487557875214239e-06,0.0014228095867932036,15
1,17,2,12,3,0,-0.004823167543880964,0.003627023623815877,0.001168345950483926,-2.779796958116143e-05,0.005763426073893709,15
1,18,2,12,3,2,-0.005087181893000314,0.003627023623815877,0.0014462919592611418,-1.3866309923294892e-05,0.00272573503659741,15
1,15,2,13,3,-10,-0.004295690809337045,0.0038929098475402085,0.0003718710651421799,-3.0909896654656745e-05,0.007195558997745249,15
1,15,2,13,3,-9,-0.004295690809337045,0.0038929098475402085,0.00041802181163868305,1.5240849841846767e-05,0.0035479392065926856,15
1,16,2,13,3,-5,-0.00455968102508798,0.0038929098475402085,0.0006723912615469056,5.620083999134488e-06,0.001232560779627353,15
1,17,2,13,3,-2,-0.004823167543880964,0.0038929098475402085,0.000926169843396888,-4.087852943868153e-06,0.000847545291901442,15
1,18,2,13,3,0,-0.005087181893000314,0.0038929098475402085,0.001168345950483926,-2.59260949761796e-05,0.00509635698535814,15
1,19,2,13,3,2,-0.0053527772990706515,0.0038929098475402085,0.0014462919592611418,-1.3575492269300889e-05,0.002536158616510697,15
1,16,2,14,3,-10,-0.00455968102508798,0.004158149117255109,0.0003718710651421799,-2.9660842690690595e-05,0.006505025796210884,15
1,16,2,14,3,-9,-0.00455968102508798,0.004158149117255109,0.00041802181163868305,1.648990380581205e-05,0.003616459948641665,15
1,17,2,14,3,-5,-0.004823167543880964,0.004158149117255109,0.0006723912615469056,7.372834921050113e-06,0.0015286292366940165,15
1,18,2,14,3,-2,-0.005087181893000314,0.004158149117255109,0.000926169843396888,-2.8629323483167837e-06,0.0005627737337750835,15
1,19,2,14,3,0,-0.0053527772990706515,0.004158149117255109,0.001168345950483926,-2.6282231331616057e-05,0.004910017709158043,15
1,20,2,14,3,2,-0.005620665903572574,0.004158149117255109,0.0014462919592611418,-1.622482705632318e-05,0.0028866378707922227,15
1,17,2,15,3,-10,-0.004823167543880964,0.004422542790612594,0.0003718710651421799,-2.8753688126189995e-05,0.0059615777110353756,15
1,17,2,15,3,-9,-0.004823167543880964,0.004422542790612594,0.00041802181163868305,1.739705837031265e-05,0.003606977823605542,15
1,18,2,15,3,-5,-0.005087181893000314,0.004422542790612594,0.0006723912615469056,7.75215915918559e-06,0.0015238612108311165,15
1,19,2,15,3,-2,-0.0053527772990706515,0.004422542790612594,0.000926169843396888,-4.064665061169134e-06,0.0007593562806871941,15
1,20,2,15,3,0,-0.005620665903572574,0.004422542790612594,0.001168345950483926,-2.9777162476053373e-05,0.0052977997601897295,15
1,18,2,16,3,-10,-0.005087181893000314,0.004686172344532099,0.0003718710651421799,-2.9138483326035178e-05,0.005727824154691254,15
1,18,2,16,3,-9,-0.005087181893000314,0.004686172344532099,0.00041802181163868305,1.7012263170467466e-05,0.003344142892526689,15
1,19,2,16,3,-5,-0.0053527772990706515,0.004686172344532099,0.0006723912615469056,5.78630700835258e-06,0.001080991546081545,15
1,20,2,16,3,-2,-0.005620665903572574,0.004686172344532099,0.000926169843396888,-8.32371564358711e-06,0.0014809127221556506,15
1,19,2,17,3,-9,-0.0053527772990706515,0.004949603322414242,0.00041802181163868305,1.4847834982273551e-05,0.0027738562904254267,15
1,20,2,17,3,-5,-0.005620665903572574,0.004949603322414242,0.0006723912615469056,1.3286803885736997e-06,0.00023639198831034805,15
1,20,2,18,3,-9,-0.005620665903572574,0.00521391637956139,0.00041802181163868305,1.1272287627498746e-05,0.0020055075005141155,15
2,-10,1,-20,3,-20,-0.00026814142169328853,8.072560078089107e-05,0.00019605922281280496,8.643401900407504e-06,0.03223448971749763,15
2,-9,1,-20,3,-20,-0.0003021884453905382,8.072560078089107e-05,0.00019605922281280496,-2.5403621796842165e-05,0.08406549682603309,15
2,-10,1,-20,3,-19,-0.00026814142169328853,8.072560078089107e-05,0.00020520786639738244,1.779204548498501e-05,0.06635321530194728,15
2,-9,1,-20,3,-19,-0.0003021884453905382,8.072560078089107e-05,0.00020520786639738244,-1.625497821226466e-05,0.053790866130759146,15
2,-10,1,-20,3,-18,-0.00026814142169328853,8.072560078089107e-05,0.00021802434284338444,3.0608521930986985e-05,0.11415066623312792,15
2,-9,1,-20,3,-18,-0.0003021884453905382,8.072560078089107e-05,0.00021802434284338444,-3.4385017662626844e-06,0.011378667247911747,15
2,-9,1,-20,3,-17,-0.0003021884453905382,8.072560078089107e-05,0.00023210374783301,1.0640903223362876e-05,0.0352128063983748,15
2,-8,1,-20,3,-17,-0.0003326425567156908,8.072560078089107e-05,0.00023210374783301,-1.9813208101789742e-05,0.05956305860985811,15
2,-9,1,-20,3,-16,-0.0003021884453905382,8.072560078089107e-05,0.0002424451729378146,2.0982328328167453e-05,0.06943458179233357,15
2,-8,1,-20,3,-16,-0.0003326425567156908,8.072560078089107e-05,0.0002424451729378146,-9.471782996985166e-06,0.028474357251530767,15
2,-8,1,-20,3,-15,-0.0003326425567156908,8.072560078089107e-05,0.00025471396317299346,2.797007238193735e-06,0.008408446789880628,15
2,-7,1,-20,3,-15,-0.00036286508921045974,8.072560078089107e-05,0.00025471396317299346,-2.742552525657519e-05,0.07558050105136606,15
2,-8,1,-20,3,-14,-0.0003326425567156908,8.072560078089107e-05,0.0002744146363829793,2.249768044817953e-05,0.06763319964320821,15
2,-7,1,-20,3,-14,-0.00036286508921045974,8.072560078089107e-05,0.0002744146363829793,-7.724852046589394e-06,0.02128849612785159,15
2,-7,1,-20,3,-13,-0.00036286508921045974,8.072560078089107e-05,0.00029772968919625274,1.55902007666841e-05,0.04296417933344331,15
2,-6,1,-20,3,-12,-0.00042506408290257934,8.072560078089107e-05,0.0003175654528598886,-2.6773029261799644e-05,0.06298586575223711,15
2,-6,1,-20,3,-11,-0.00042506408290257934,8.072560078089107e-05,0.0003365227809942758,-7.815701127412468e-06,0.018387112536167288,15
2,-6,1,-20,3,-10,-0.00042506408290257934,8.072560078089107e-05,0.0003718710651421799,2.7532583020491673e-05,0.06477278162973342,15
2,-5,1,-20,3,-9,-0.0005139207856115777,8.072560078089107e-05,0.00041802181163868305,-1.5173373192003611e-05,0.029524731469942285,15
2,-5,1,-20,3,-8,-0.0005139207856115777,8.072560078089107e-05,0.00046296983139094185,2.9774646560255195e-05,0.0579362567031078,15
2,-3,1,-20,3,-6,-0.0006883901588102036,8.072560078089107e-05,0.0005767572162567792,-3.090734177253328e-05,0.04489800061342068,15
2,-2,1,-20,3,-5,-0.0007709839009291044,8.072560078089107e-05,0.0006723912615469056,-1.7867038601307667e-05,0.023174334223809722,15
2,2,1,-20,3,1,-0.0013846263257445758,8.072560078089107e-05,0.0012998983166993359,-4.002408264348889e-06,0.0028906053495672303,15
2,-10,1,-19,3,-20,-0.00026814142169328853,8.478197882193453e-05,0.00019605922281280496,1.2699779941450964e-05,0.04736224586732261,15
2,-9,1,-19,3,-20,-0.0003021884453905382,8.478197882193453e-05,0.00019605922281280496,-2.1347243755798705e-05,0.07064215750608943,15
2,-10,1,-19,3,-19,-0.00026814142169328853,8.478197882193453e-05,0.00020520786639738244,2.184842352602847e-05,0.08148097145177226,15
2,-9,1,-19,3,-19,-0.0003021884453905382,8.478197882193453e-05,0.00020520786639738244,-1.21986001712212e-05,0.04036752681081548,15
2,-9,1,-19,3,-18,-0.0003021884453905382,8.478197882193453e-05,0.00021802434284338444,6.178762747807752e-07,0.002044672072031916,15
2,-8,1,-19,3,-18,-0.0003326425567156908,8.478197882193453e-05,0.00021802434284338444,-2.9836235050371843e-05,0.08969458191085525,15
2,-9,1,-19,3,-17,-0.0003021884453905382,8.478197882193453e-05,0.00023210374783301,1.4697281264406336e-05,0.04863614571831846,15
2,-8,1,-19,3,-17,-0.0003326425567156908,8.478197882193453e-05,0.00023210374783301,-1.5756830060746282e-05,0.047368653657305866,15
2,-9,1,-19,3,-16,-0.0003021884453905382,8.478197882193453e-05,0.0002424451729378146,2.5038706369210912e-05,0.08285792111227724,15
2,-8,1,-19,3,-16,-0.0003326425567156908,8.478197882193453e-05,0.0002424451729378146,-5.415404955941706e-06,0.016279952298978526,15
2,-8,1,-19,3,-15,-0.0003326425567156908,8.478197882193453e-05,0.00025471396317299346,6.853385279237195e-06,0.020602851742432867,15
2,-7,1,-19,3,-15,-0.00036286508921045974,8.478197882193453e-05,0.00025471396317299346,-2.336914721553173e-05,0.06440175125796617,15
2,-8,1,-19,3,-14,-0.0003326425567156908,8.478197882193453e-05,0.0002744146363829793,2.655405848922299e-05,0.07982760459576047,15
2,-7,1,-19,3,-14,-0.00036286508921045974,8.478197882193453e-05,0.0002744146363829793,-3.668474005545934e-06,0.010109746334451698,15
2,-7,1,-19,3,-13,-0.00036286508921045974,8.478197882193453e-05,0.00029772968919625274,1.9646578807727558e-05,0.0541429291268432,15
2,-6,1,-19,3,-12,-0.00042506408290257934,8.478197882193453e-05,0.0003175654528598886,-2.2716651220756185e-05,0.05344288575415257,15
2,-6,1,-19,3,-11,-0.00042506408290257934,8.478197882193453e-05,0.0003365227809942758,-3.759323086369008e-06,0.008844132538082757,15
2,-5,1,-19,3,-9,-0.0005139207856115777,8.478197882193453e-05,0.00041802181163868305,-1.1116995150960152e-05,0.02163172897887496,15
2,-3,1,-19,3,-6,-0.0006883901588102036,8.478197882193453e-05,0.0005767572162567792,-2.6850963731489823e-05,0.03900544391555272,15
2,-2,1,-19,3,-5,-0.0007709839009291044,8.478197882193453e-05,0.0006723912615469056,-1.3810660560264207e-05,0.017913033649108793,15
2,2,1,-19,3,1,-0.0013846263257445758,8.478197882193453e-05,0.0012998983166993359,5.3969776694570704e-08,3.897786405696767e-05,15
2,-10,1,-18,3,-20,-0.00026814142169328853,9.022666331180865e-05,0.00019605922281280496,1.8144464431325098e-05,0.06766751782229119,15
2,-9,1,-18,3,-20,-0.0003021884453905382,9.022666331180865e-05,0.00019605922281280496,-1.590255926592457e-05,0.05262464369004129,15
2,-10,1,-18,3,-19,-0.00026814142169328853,9.022666331180865e-05,0.00020520786639738244,2.729310801590255e-05,0.10178624340674063,15
2,-9,1,-18,3,-19,-0.0003021884453905382,9.022666331180865e-05,0.00020520786639738244,-6.75391568134712e-06,0.022350012994767507,15
2,-9,1,-18,3,-18,-0.0003021884453905382,9.022666331180865e-05,0.00021802434284338444,6.0625607646549095e-06,0.020062185888080068,15
2,-8,1,-18,3,-18,-0.0003326425567156908,9.022666331180865e-05,0.00021802434284338444,-2.439155056049771e-05,0.07332660860151197,15
2,-9,1,-18,3,-17,-0.0003021884453905382,9.022666331180865e-05,0.00023210374783301,2.014196575428047e-05,0.06665365953436661,15
2,-8,1,-18,3,-17,-0.0003326425567156908,9.022666331180865e-05,0.00023210374783301,-1.0312145570872148e-05,0.031000680347962592,15
2,-9,1,-18,3,-16,-0.0003021884453905382,9.022666331180865e-05,0.0002424451729378146,3.0483390859085047e-05,0.10087543492832539,15
2,-8,1,-18,3,-16,-0.0003326425567156908,9.022666331180865e-05,0.0002424451729378146,2.927953393242833e-08,8.80210103647487e-05,15
2,-7,1,-18,3,-16,-0.00036286508921045974,9.022666331180865e-05,0.0002424451729378146,-3.0193252960836496e-05,0.08320793005062159,15
2,-8,1,-18,3,-15,-0.0003326425567156908,9.022666331180865e-05,0.00025471396317299346,1.2298069769111275e-05,0.03697082505177598,15
2,-7,1,-18,3,-15,-0.00036286508921045974,9.022666331180865e-05,0.00025471396317299346,-1.792446272565765e-05,0.049397043856323035,15
2,-7,1,-18,3,-14,-0.00036286508921045974,9.022666331180865e-05,0.0002744146363829793,1.7762104843282002e-06,0.004894961067191581,15
2,-7,1,-18,3,-13,-0.00036286508921045974,9.022666331180865e-05,0.00029772968919625274,2.5091263297601638e-05,0.06914763652848634,15
2,-6,1,-18,3,-12,-0.00042506408290257934,9.022666331180865e-05,0.0003175654528598886,-1.7271966730882105e-05,0.04063379482204022,15
2,-6,1,-18,3,-11,-0.00042506408290257934,9.022666331180865e-05,0.0003365227809942758,1.685361403505072e-06,0.003964958394029591,15
2,-5,1,-18,3,-9,-0.0005139207856115777,9.022666331180865e-05,0.00041802181163868305,-5.672310661086017e-06,0.011037324856078425,15
2,-4,1,-18,3,-7,-0.0006184286779740842,9.022666331180865e-05,0.0004995855633416565,-2.8616451320618978e-05,0.046272840086206635,15
2,-3,1,-18,3,-6,-0.0006883901588102036,9.022666331180865e-05,0.0005767572162567792,-2.140627924161569e-05,0.03109614361514663,15
2,-2,1,-18,3,-5,-0.0007709839009291044,9.022666331180865e-05,0.0006723912615469056,-8.365976070390073e-06,0.010851038601854495,15
2,0,1,-18,3,-2,-0.0010448703139708233,9.022666331180865e-05,0.000926169843396888,-2.8473807262126716e-05,0.02725104434627646,15
2,2,1,-18,3,1,-0.0013846263257445758,9.022666331180865e-05,0.0012998983166993359,5.498654266568705e-06,0.0039712189233523576,15
2,-10,1,-17,3,-20,-0.00026814142169328853,9.604201341396486e-05,0.00019605922281280496,2.395981453348129e-05,0.08935514096321731,15
2,-9,1,-17,3,-20,-0.0003021884453905382,9.604201341396486e-05,0.00019605922281280496,-1.0087209163768378e-05,0.03338052568731411,15
2,-9,1,-17,3,-19,-0.0003021884453905382,9.604201341396486e-05,0.00020520786639738244,-9.385655791908725e-07,0.003105894992040155,15
2,-9,1,-17,3,-18,-0.0003021884453905382,9.604201341396486e-05,0.00021802434284338444,1.1877910866811103e-05,0.03930630389080724,15
2,-8,1,-17,3,-18,-0.0003326425567156908,9.604201341396486e-05,0.00021802434284338444,-1.8576200458341515e-05,0.055844329245636995,15
2,-9,1,-17,3,-17,-0.0003021884453905382,9.604201341396486e-05,0.00023210374783301,2.5957315856436664e-05,0.08589777753709378,15
2,-8,1,-17,3,-17,-0.0003326425567156908,9.604201341396486e-05,0.00023210374783301,-4.4967954687159545e-06,0.013518400992087612,15
2,-8,1,-17,3,-16,-0.0003326425567156908,9.604201341396486e-05,0.0002424451729378146,5.844629636088622e-06,0.017570300366239727,15
2,-7,1,-17,3,-16,-0.00036286508921045974,9.604201341396486e-05,0.0002424451729378146,-2.4377902858680302e-05,0.0671817256152224,15
2,-8,1,-17,3,-15,-0.0003326425567156908,9.604201341396486e-05,0.00025471396317299346,1.8113419871267522e-05,0.05445310440765112,15
2,-7,1,-17,3,-15,-0.00036286508921045974,9.604201341396486e-05,0.00025471396317299346,-1.2109112623501402e-05,0.03337083942092369,15
2,-7,1,-17,3,-14,-0.00036286508921045974,9.604201341396486e-05,0.0002744146363829793,7.591560586484394e-06,0.020921165502590773,15
2,-7,1,-17,3,-13,-0.00036286508921045974,9.604201341396486e-05,0.00029772968919625274,3.0906613399757886e-05,0.08517384096388568,15
2,-6,1,-17,3,-12,-0.00042506408290257934,9.604201341396486e-05,0.0003175654528598886,-1.1456616628725857e-05,0.02695268099457748,15
2,-6,1,-17,3,-11,-0.00042506408290257934,9.604201341396486e-05,0.0003365227809942758,7.50071150566132e-06,0.017646072221492334,15
2,-5,1,-17,3,-9,-0.0005139207856115777,9.604201341396486e-05,0.00041802181163868305,1.4303944107017623e-07,0.00027832974472895847,15
2,-4,1,-17,3,-7,-0.0006184286779740842,9.604201341396486e-05,0.0004995855633416565,-2.2801101218462784e-05,0.036869411187652405,15
2,-3,1,-17,3,-6,-0.0006883901588102036,9.604201341396486e-05,0.0005767572162567792,-1.5590929139459495e-05,0.022648390509252006,15
2,-2,1,-17,3,-5,-0.0007709839009291044,9.604201341396486e-05,0.0006723912615469056,-2.5506259682338793e-06,0.0033082739667587707,15
2,0,1,-17,3,-2,-0.0010448703139708233,9.604201341396486e-05,0.000926169843396888,-2.2658457159970523e-05,0.02168542531738846,15
2,2,1,-17,3,1,-0.0013846263257445758,9.604201341396486e-05,0.0012998983166993359,1.1314004368724899e-05,0.008171160809499162,15
2,-10,1,-16,3,-20,-0.00026814142169328853,0.00010005036405775381,0.00019605922281280496,2.796816517727026e-05,0.10430378492309714,15
2,-9,1,-16,3,-20,-0.0003021884453905382,0.00010005036405775381,0.00019605922281280496,-6.07885851997941e-06,0.02011611831194703,15
2,-9,1,-16,3,-19,-0.0003021884453905382,0.00010005036405775381,0.00020520786639738244,3.0697850645980407e-06,0.010158512383326747,15
2,-8,1,-16,3,-19,-0.0003326425567156908,0.00010005036405775381,0.00020520786639738244,-2.7384326260554578e-05,0.082323580394916,15
2,-9,1,-16,3,-18,-0.0003021884453905382,0.00010005036405775381,0.00021802434284338444,1.588626151060007e-05,0.052570711266174325,15
2,-8,1,-16,3,-18,-0.0003326425567156908,0.00010005036405775381,0.00021802434284338444,-1.4567849814552548e-05,0.04379430569072878,15
2,-9,1,-16,3,-17,-0.0003021884453905382,0.00010005036405775381,0.00023210374783301,2.996566650022563e-05,0.09916218491246087,15
2,-8,1,-16,3,-17,-0.0003326425567156908,0.00010005036405775381,0.00023210374783301,-4.884448249269872e-07,0.0014683774371793937,15
2,-7,1,-16,3,-17,-0.00036286508921045974,0.00010005036405775381,0.00023210374783301,-3.071097731969591e-05,0.0846346982194358,15
2,-8,1,-16,3,-16,-0.0003326425567156908,0.00010005036405775381,0.0002424451729378146,9.85298027987759e-06,0.029620323921147947,15
2,-7,1,-16,3,-16,-0.00036286508921045974,0.00010005036405775381,0.0002424451729378146,-2.0369552214891335e-05,0.05613533189211572,15
2,-8,1,-16,3,-15,-0.0003326425567156908,0.00010005036405775381,0.00025471396317299346,2.2121770515056436e-05,0.06650312796255918,15
2,-7,1,-16,3,-15,-0.00036286508921045974,0.00010005036405775381,0.00025471396317299346,-8.100761979712488e-06,0.02232444569781716,15
2,-7,1,-16,3,-14,-0.00036286508921045974,0.00010005036405775381,0.0002744146363829793,1.1599911230273361e-05,0.03196755922569745,15
2,-6,1,-16,3,-13,-0.00042506408290257934,0.00010005036405775381,0.00029772968919625274,-2.72840296485728e-05,0.06418803833591849,15
2,-6,1,-16,3,-12,-0.00042506408290257934,0.00010005036405775381,0.0003175654528598886,-7.4482659849369436e-06,0.017522689600297316,15
2,-6,1,-16,3,-11,-0.00042506408290257934,0.00010005036405775381,0.0003365227809942758,1.1509062149450233e-05,0.027076063615772496,15
2,-5,1,-16,3,-9,-0.0005139207856115777,0.00010005036405775381,0.00041802181163868305,4.151390084859144e-06,0.00807787931737163,15
2,-4,1,-16,3,-7,-0.0006184286779740842,0.00010005036405775381,0.0004995855633416565,-1.8792750574673817e-05,0.030387902831798083,15
2,-3,1,-16,3,-6,-0.0006883901588102036,0.00010005036405775381,0.0005767572162567792,-1.1582578495670528e-05,0.01682560151018075,15
2,-2,1,-16,3,-5,-0.0007709839009291044,0.00010005036405775381,0.0006723912615469056,1.457724675555088e-06,0.0018907329631635626,15
2,0,1,-16,3,-2,-0.0010448703139708233,0.00010005036405775381,0.000926169843396888,-1.8650106516181555e-05,0.01784920699422066,15
2,2,1,-16,3,1,-0.0013846263257445758,0.00010005036405775381,0.0012998983166993359,1.5322355012513866e-05,0.011066057843638318,15
2,-9,1,-15,3,-20,-0.0003021884453905382,0.00010578880168925861,0.00019605922281280496,-3.404208884746126e-07,0.0011265185471756342,15
2,-8,1,-15,3,-20,-0.0003326425567156908,0.00010578880168925861,0.00019605922281280496,-3.079453221362723e-05,0.09257544349608664,15
2,-9,1,-15,3,-19,-0.0003021884453905382,0.00010578880168925861,0.00020520786639738244,8.808222696102838e-06,0.02914811214809814,15
2,-8,1,-15,3,-19,-0.0003326425567156908,0.00010578880168925861,0.00020520786639738244,-2.164588862904978e-05,0.06507251760799354,15
2,-9,1,-15,3,-18,-0.0003021884453905382,0.00010578880168925861,0.00021802434284338444,2.1624699142104868e-05,0.07156031103094572,15
2,-8,1,-15,3,-18,-0.0003326425567156908,0.00010578880168925861,0.00021802434284338444,-8.82941218304775e-06,0.026543242903806316,15
2,-8,1,-15,3,-17,-0.0003326425567156908,0.00010578880168925861,0.00023210374783301,5.24999280657781e-06,0.015782685349743066,15
2,-7,1,-15,3,-17,-0.00036286508921045974,0.00010578880168925861,0.00023210374783301,-2.4972539688191114e-05,0.06882045264406017,15
2,-8,1,-15,3,-16,-0.0003326425567156908,0.00010578880168925861,0.0002424451729378146,1.5591417911382387e-05,0.04687138670807041,15
2,-7,1,-15,3,-16,-0.00036286508921045974,0.00010578880168925861,0.0002424451729378146,-1.4631114583386537e-05,0.040321086316740085,15
2,-8,1,-15,3,-15,-0.0003326425567156908,0.00010578880168925861,0.00025471396317299346,2.7860208146561233e-05,0.08375419074948164,15
2,-7,1,-15,3,-15,-0.00036286508921045974,0.00010578880168925861,0.00025471396317299346,-2.362324348207691e-06,0.006510200122441527,15
2,-7,1,-15,3,-14,-0.00036286508921045974,0.00010578880168925861,0.0002744146363829793,1.733834886177816e-05,0.04778180480107309,15
2,-6,1,-15,3,-13,-0.00042506408290257934,0.00010578880168925861,0.00029772968919625274,-2.1545592017068003e-05,0.05068786774441737,15
2,-6,1,-15,3,-12,-0.00042506408290257934,0.00010578880168925861,0.0003175654528598886,-1.709828353432146e-06,0.0040225190087961925,15
2,-6,1,-15,3,-11,-0.00042506408290257934,0.00010578880168925861,0.0003365227809942758,1.724749978095503e-05,0.040576234207273625,15
2,-5,1,-15,3,-9,-0.0005139207856115777,0.00010578880168925861,0.00041802181163868305,9.889827716363995e-06,0.019243875696903112,15
2,-4,1,-15,3,-7,-0.0006184286779740842,0.00010578880168925861,0.0004995855633416565,-1.3054312943169073e-05,0.021108841501228257,15
2,-3,1,-15,3,-6,-0.0006883901588102036,0.00010578880168925861,0.0005767572162567792,-5.844140864165784e-06,0.008489576426058519,15
2,-2,1,-15,3,-5,-0.0007709839009291044,0.00010578880168925861,0.0006723912615469056,7.1961623070598314e-06,0.009333738743944995,15
2,0,1,-15,3,-2,-0.0010448703139708233,0.00010578880168925861,0.000926169843396888,-1.2911668884676595e-05,0.012357197550773882,15
2,2,1,-15,3,1,-0.0013846263257445758,0.00010578880168925861,0.0012998983166993359,2.1060792644018826e-05,0.015210452273246713,15
2,-9,1,-14,3,-20,-0.0003021884453905382,0.00011436477230035796,0.00019605922281280496,8.235549722624726e-06,0.027253026541042554,15
2,-8,1,-14,3,-20,-0.0003326425567156908,0.00011436477230035796,0.00019605922281280496,-2.2218561602527893e-05,0.06679410422376614,15
2,-9,1,-14,3,-19,-0.0003021884453905382,0.00011436477230035796,0.00020520786639738244,1.7384193307202176e-05,0.05752765723631633,15
2,-8,1,-14,3,-19,-0.0003326425567156908,0.00011436477230035796,0.00020520786639738244,-1.3069918017950442e-05,0.03929117833567304,15
2,-9,1,-14,3,-18,-0.0003021884453905382,0.00011436477230035796,0.00021802434284338444,3.0200669753204206e-05,0.09993985611916391,15
2,-8,1,-14,3,-18,-0.0003326425567156908,0.00011436477230035796,0.00021802434284338444,-2.534415719484119e-07,0.0007619036314858176,15
2,-7,1,-14,3,-18,-0.00036286508921045974,0.00011436477230035796,0.00021802434284338444,-3.0475974066717336e-05,0.08398706564202278,15
2,-8,1,-14,3,-17,-0.0003326425567156908,0.00011436477230035796,0.00023210374783301,1.3825963417677149e-05,0.041564024622063565,15
2,-7,1,-14,3,-17,-0.00036286508921045974,0.00011436477230035796,0.00023210374783301,-1.6396569077091775e-05,0.04518640553922743,15
2,-8,1,-14,3,-16,-0.0003326425567156908,0.00011436477230035796,0.0002424451729378146,2.416738852248178e-05,0.07265272598039106,15
2,-7,1,-14,3,-16,-0.00036286508921045974,0.00011436477230035796,0.0002424451729378146,-6.055143972287145e-06,0.016687039211907197,15
2,-7,1,-14,3,-15,-0.00036286508921045974,0.00011436477230035796,0.00025471396317299346,6.2136462628916474e-06,0.017123846982391208,15
2,-7,1,-14,3,-14,-0.00036286508921045974,0.00011436477230035796,0.0002744146363829793,2.591431947287755e-05,0.07141585190590596,15
2,-6,1,-14,3,-13,-0.00042506408290257934,0.00011436477230035796,0.00029772968919625274,-1.2969621405968664e-05,0.03051215552583204,15
2,-6,1,-14,3,-12,-0.00042506408290257934,0.00011436477230035796,0.0003175654528598886,6.866142257667192e-06,0.01615319320978914,15
2,-6,1,-14,3,-11,-0.00042506408290257934,0.00011436477230035796,0.0003365227809942758,2.582347039205437e-05,0.06075194642585895,15
2,-5,1,-14,3,-10,-0.0005139207856115777,0.00011436477230035796,0.0003718710651421799,-2.7684948169039852e-05,0.05387006897589114,15
2,-5,1,-14,3,-9,-0.0005139207856115777,0.00011436477230035796,0.00041802181163868305,1.8465798327463334e-05,0.03593121516867352,15
2,-4,1,-14,3,-7,-0.0006184286779740842,0.00011436477230035796,0.0004995855633416565,-4.478342332069735e-06,0.00724148554484953,15
2,-3,1,-14,3,-6,-0.0006883901588102036,0.00011436477230035796,0.0005767572162567792,2.731829746933554e-06,0.00396843230829328,15
2,-2,1,-14,3,-5,-0.0007709839009291044,0.00011436477230035796,0.0006723912615469056,1.577213291815917e-05,0.020457149493202573,15
2,0,1,-14,3,-2,-0.0010448703139708233,0.00011436477230035796,0.000926169843396888,-4.335698273577257e-06,0.004149508523311656,15
2,2,1,-14,3,1,-0.0013846263257445758,0.00011436477230035796,0.0012998983166993359,2.9636763255118164e-05,0.02140415988348419,15
2,5,1,-14,3,4,-0.0020671941991908453,0.00011436477230035796,0.0019293062769633813,-2.3523149927106007e-05,0.011379264674946162,15
2,-9,1,-13,3,-20,-0.0003021884453905382,0.00012421068509566594,0.00019605922281280496,1.808146251793273e-05,0.05983505588562414,15
2,-8,1,-13,3,-20,-0.0003326425567156908,0.00012421068509566594,0.00019605922281280496,-1.2372648807219887e-05,0.03719502678604883,15
2,-9,1,-13,3,-19,-0.0003021884453905382,0.00012421068509566594,0.00020520786639738244,2.7230106102510182e-05,0.09010968658089791,15
2,-8,1,-13,3,-19,-0.0003326425567156908,0.00012421068509566594,0.00020520786639738244,-3.224005222642436e-06,0.009692100897955728,15
2,-8,1,-13,3,-18,-0.0003326425567156908,0.00012421068509566594,0.00021802434284338444,9.59247122335954e-06,0.028837173806231332,15
2,-7,1,-13,3,-18,-0.00036286508921045974,0.00012421068509566594,0.00021802434284338444,-2.0630061271409384e-05,0.0568532545147766,15
2,-8,1,-13,3,-17,-0.0003326425567156908,0.00012421068509566594,0.00023210374783301,2.36718762129851e-05,0.07116310205978071,15
2,-7,1,-13,3,-17,-0.00036286508921045974,0.00012421068509566594,0.00023210374783301,-6.550656281783824e-06,0.018052594411981253,15
2,-7,1,-13,3,-16,-0.00036286508921045974,0.00012421068509566594,0.0002424451729378146,3.790768823020807e-06,0.010446771915338987,15
2,-7,1,-13,3,-15,-0.00036286508921045974,0.00012421068509566594,0.00025471396317299346,1.6059559058199653e-05,0.04425765810963754,15
2,-6,1,-13,3,-14,-0.00042506408290257934,0.00012421068509566594,0.0002744146363829793,-2.6438761423934096e-05,0.062199471767633706,15
2,-6,1,-13,3,-13,-0.00042506408290257934,0.00012421068509566594,0.00029772968919625274,-3.1237086106606585e-06,0.007348794537826389,15
2,-6,1,-13,3,-12,-0.00042506408290257934,0.00012421068509566594,0.0003175654528598886,1.6712055052975198e-05,0.03931655419779479,15
2,-5,1,-13,3,-10,-0.0005139207856115777,0.00012421068509566594,0.0003718710651421799,-1.78390353737319e-05,0.03471164403771494,15
2,-5,1,-13,3,-9,-0.0005139207856115777,0.00012421068509566594,0.00041802181163868305,2.8311711122771285e-05,0.05508964010684972,15
2,-4,1,-13,3,-8,-0.0006184286779740842,0.00012421068509566594,0.00046296983139094185,-3.124816148747638e-05,0.0505283189483426,15
2,-4,1,-13,3,-7,-0.0006184286779740842,0.00012421068509566594,0.0004995855633416565,5.367570463238216e-06,0.008679368623107659,15
2,-3,1,-13,3,-6,-0.0006883901588102036,0.00012421068509566594,0.0005767572162567792,1.2577742542241614e-05,0.01827124107058804,15
2,-2,1,-13,3,-5,-0.0007709839009291044,0.00012421068509566594,0.0006723912615469056,2.561804571346712e-05,0.03322773106234137,15
2,-1,1,-13,3,-4,-0.000894883579030094,0.00012421068509566594,0.0007440788469309187,-2.6594047003509385e-05,0.029717884679851807,15
2,0,1,-13,3,-2,-0.0010448703139708233,0.00012421068509566594,0.000926169843396888,5.5102145217306945e-06,0.005273587016545826,15
2,5,1,-13,3,4,-0.0020671941991908453,0.00012421068509566594,0.0019293062769633813,-1.3677237131798272e-05,0.0066163290982298156,15
2,-9,1,-12,3,-20,-0.0003021884453905382,0.0001317052176195001,0.00019605922281280496,2.5575995041766876e-05,0.08463591322531647,15
2,-8,1,-12,3,-20,-0.0003326425567156908,0.0001317052176195001,0.00019605922281280496,-4.878116283385742e-06,0.014664739026627498,15
2,-8,1,-12,3,-19,-0.0003326425567156908,0.0001317052176195001,0.00020520786639738244,4.270527301191709e-06,0.012838186861465603,15
2,-7,1,-12,3,-19,-0.00036286508921045974,0.0001317052176195001,0.00020520786639738244,-2.5952005193577215e-05,0.07151970791691453,15
2,-8,1,-12,3,-18,-0.0003326425567156908,0.0001317052176195001,0.00021802434284338444,1.708700374719374e-05,0.051367461565652826,15
2,-7,1,-12,3,-18,-0.00036286508921045974,0.0001317052176195001,0.00021802434284338444,-1.3135528747575185e-05,0.036199483329069033,15
2,-8,1,-12,3,-17,-0.0003326425567156908,0.0001317052176195001,0.00023210374783301,3.11664087368193e-05,0.09369338981920221,15
2,-7,1,-12,3,-17,-0.00036286508921045974,0.0001317052176195001,0.00023210374783301,9.438762420503751e-07,0.002601176773726315,15
2,-7,1,-12,3,-16,-0.00036286508921045974,0.0001317052176195001,0.0002424451729378146,1.1285301346855006e-05,0.031100543101046554,15
2,-7,1,-12,3,-15,-0.00036286508921045974,0.0001317052176195001,0.00025471396317299346,2.3554091582033798e-05,0.06491142929534496,15
2,-6,1,-12,3,-14,-0.00042506408290257934,0.0001317052176195001,0.0002744146363829793,-1.8944228900099897e-05,0.04456793613503622,15
2,-6,1,-12,3,-13,-0.00042506408290257934,0.0001317052176195001,0.00029772968919625274,4.370823913173486e-06,0.010282741094770969,15
2,-6,1,-12,3,-12,-0.00042506408290257934,0.0001317052176195001,0.0003175654528598886,2.4206587576809343e-05,0.056948089830392144,15
2,-5,1,-12,3,-10,-0.0005139207856115777,0.0001317052176195001,0.0003718710651421799,-1.0344502849897702e-05,0.020128594015880293,15
2,-4,1,-12,3,-8,-0.0006184286779740842,0.0001317052176195001,0.00046296983139094185,-2.3753628963642183e-05,0.038409649826487514,15
2,-4,1,-12,3,-7,-0.0006184286779740842,0.0001317052176195001,0.0004995855633416565,1.2862102987072415e-05,0.02079803774496275,15
2,-3,1,-12,3,-6,-0.0006883901588102036,0.0001317052176195001,0.0005767572162567792,2.0072275066075704e-05,0.029158283001558483,15
2,-1,1,-12,3,-4,-0.000894883579030094,0.0001317052176195001,0.0007440788469309187,-1.9099514479675186e-05,0.021343015926581093,15
2,0,1,-12,3,-2,-0.0010448703139708233,0.0001317052176195001,0.000926169843396888,1.3004747045564785e-05,0.012446278616283788,15
2,4,1,-12,3,3,-0.0018458787080848657,0.0001317052176195001,0.0016875888535549334,-2.6584636910432233e-05,0.014402158058377681,15
2,5,1,-12,3,4,-0.0020671941991908453,0.0001317052176195001,0.0019293062769633813,-6.1827046079639646e-06,0.0029908678199581052,15
2,7,1,-12,3,5,-0.002333641093116966,0.0001317052176195001,0.002171276389406632,-3.065948609083354e-05,0.013138046883585981,15
2,9,1,-12,3,8,-0.002837466283292238,0.0001317052176195001,0.002675512320323371,-3.0248745349366942e-05,0.010660477457469597,15
2,14,1,-12,3,13,-0.004158149117255109,0.0001317052176195001,0.0039955884824074,-3.085541722820922e-05,0.007420469145795713,15
2,15,1,-12,3,14,-0.004422542790612594,0.0001317052176195001,0.00426138436982716,-2.9453203165934194e-05,0.006659789302310955,15
2,16,1,-12,3,15,-0.004686172344532099,0.0001317052176195001,0.004526260671995234,-2.82064549173653e-05,0.006019081852650393,15
2,17,1,-12,3,16,-0.004949603322414242,0.0001317052176195001,0.004790467128105982,-2.7430976688760413e-05,0.005542055575350743,15
2,18,1,-12,3,17,-0.00521391637956139,0.0001317052176195001,0.005054963890750095,-2.7247271191794924e-05,0.005225874219733275,15
2,19,1,-12,3,18,-0.0054802146612408995,0.0001317052176195001,0.005320803084440166,-2.7706359181233972e-05,0.005055706919144723,15
2,20,1,-12,3,19,-0.005748811796314598,0.0001317052176195001,0.005588836096595871,-2.8270482099227237e-05,0.00491762178009561,15
2,-8,1,-11,3,-20,-0.0003326425567156908,0.00014098639381203223,0.00019605922281280496,4.4030599091463745e-06,0.013236610350219453,15
2,-7,1,-11,3,-20,-0.00036286508921045974,0.00014098639381203223,0.00019605922281280496,-2.581947258562255e-05,0.07115446857067972,15
2,-8,1,-11,3,-19,-0.0003326425567156908,0.00014098639381203223,0.00020520786639738244,1.3551703493723825e-05,0.04073953623831256,15
2,-7,1,-11,3,-19,-0.00036286508921045974,0.00014098639381203223,0.00020520786639738244,-1.66708290010451e-05,0.045942223423361926,15
2,-8,1,-11,3,-18,-0.0003326425567156908,0.00014098639381203223,0.00021802434284338444,2.6368179939725855e-05,0.07926881094249978,15
2,-7,1,-11,3,-18,-0.00036286508921045974,0.00014098639381203223,0.00021802434284338444,-3.854352555043069e-06,0.010621998835516431,15
2,-7,1,-11,3,-17,-0.00036286508921045974,0.00014098639381203223,0.00023210374783301,1.0225052434582492e-05,0.02817866126727892,15
2,-7,1,-11,3,-16,-0.00036286508921045974,0.00014098639381203223,0.0002424451729378146,2.0566477539387122e-05,0.05667802759459916,15
2,-6,1,-11,3,-15,-0.00042506408290257934,0.00014098639381203223,0.00025471396317299346,-2.9363725917553685e-05,0.06908070358954221,15
2,-6,1,-11,3,-14,-0.00042506408290257934,0.00014098639381203223,0.0002744146363829793,-9.663052707567781e-06,0.022733166824124403,15
2,-6,1,-11,3,-13,-0.00042506408290257934,0.00014098639381203223,0.00029772968919625274,1.3652000105705603e-05,0.03211751040568279,15
2,-5,1,-11,3,-10,-0.0005139207856115777,0.00014098639381203223,0.0003718710651421799,-1.0633266573655854e-06,0.0020690477737735436,15
2,-4,1,-11,3,-8,-0.0006184286779740842,0.00014098639381203223,0.00046296983139094185,-1.4472452771110067e-05,0.023401975501072328,15
2,-4,1,-11,3,-7,-0.0006184286779740842,0.00014098639381203223,0.0004995855633416565,2.2143279179604532e-05,0.03580571207037793,15
2,-3,1,-11,3,-6,-0.0006883901588102036,0.00014098639381203223,0.0005767572162567792,2.935345125860782e-05,0.04264071890472925,15
2,-1,1,-11,3,-4,-0.000894883579030094,0.00014098639381203223,0.0007440788469309187,-9.818338287143069e-06,0.010971637559585712,15
2,0,1,-11,3,-2,-0.0010448703139708233,0.00014098639381203223,0.000926169843396888,2.228592323809701e-05,0.02132888927947791,15
2,3,1,-11,3,2,-0.0016105693803172012,0.00014098639381203223,0.0014462919592611418,-2.3291027244027067e-05,0.014461362254037081,15
2,4,1,-11,3,3,-0.0018458787080848657,0.00014098639381203223,0.0016875888535549334,-1.7303460717900008e-05,0.009374104940975606,15
2,5,1,-11,3,4,-0.0020671941991908453,0.00014098639381203223,0.0019293062769633813,3.0984715845682603e-06,0.001498877844075358,15
2,7,1,-11,3,5,-0.002333641093116966,0.00014098639381203223,0.002171276389406632,-2.1378309898301747e-05,0.009160924514637963,15
2,8,1,-11,3,6,-0.0025823680571360795,0.00014098639381203223,0.0024186606766848882,-2.2720986639159207e-05,0.008798508243769649,15
2,9,1,-11,3,8,-0.002837466283292238,0.00014098639381203223,0.002675512320323371,-2.096756915683515e-05,0.007389539491728173,15
2,10,1,-11,3,9,-0.0030974669448516055,0.00014098639381203223,0.0029334778136359597,-2.3002737403613697e-05,0.007426306014934962,15
2,11,1,-11,3,10,-0.0033613668070111803,0.00014098639381203223,0.003196341902933452,-2.4038510265696113e-05,0.0071514094253433734,15
2,12,1,-11,3,11,-0.003627023623815877,0.00014098639381203223,0.003462185480912929,-2.3851749090916113e-05,0.0065761217915152265,15
2,13,1,-11,3,12,-0.0038929098475402085,0.00014098639381203223,0.0037290325328913905,-2.2890920836785966e-05,0.0058801569348568205,15
2,14,1,-11,3,13,-0.004158149117255109,0.00014098639381203223,0.0039955884824074,-2.157424103567656e-05,0.005188424086608567,15
2,15,1,-11,3,14,-0.004422542790612594,0.00014098639381203223,0.00426138436982716,-2.0172026973401536e-05,0.004561182995497344,15
2,16,1,-11,3,15,-0.004686172344532099,0.00014098639381203223,0.004526260671995234,-1.8925278724832642e-05,0.004038536642152088,15
2,17,1,-11,3,16,-0.004949603322414242,0.00014098639381203223,0.004790467128105982,-1.8149800496227754e-05,0.003666920218441853,15
2,18,1,-11,3,17,-0.00521391637956139,0.00014098639381203223,0.005054963890750095,-1.7966094999262265e-05,0.003445796535918673,15
2,19,1,-11,3,18,-0.0054802146612408995,0.00014098639381203223,0.005320803084440166,-1.8425182988701314e-05,0.0033621279690035444,15
2,20,1,-11,3,19,-0.005748811796314598,0.00014098639381203223,0.005588836096595871,-1.898930590669458e-05,0.003303170564544849,15
2,-8,1,-10,3,-20,-0.0003326425567156908,0.00015689169501995108,0.00019605922281280496,2.0308361117065256e-05,0.06105160240943791,15
2,-7,1,-10,3,-20,-0.00036286508921045974,0.00015689169501995108,0.00019605922281280496,-9.914171377703668e-06,0.02732192121120118,15
2,-8,1,-10,3,-19,-0.0003326425567156908,0.00015689169501995108,0.00020520786639738244,2.9457004701642707e-05,0.08855452829753101,15
2,-7,1,-10,3,-19,-0.00036286508921045974,0.00015689169501995108,0.00020520786639738244,-7.655277931262173e-07,0.002109676063883388,15
2,-7,1,-10,3,-18,-0.00036286508921045974,0.00015689169501995108,0.00021802434284338444,1.2050948652875758e-05,0.03321054852396196,15
2,-7,1,-10,3,-17,-0.00036286508921045974,0.00015689169501995108,0.00023210374783301,2.613035364250132e-05,0.0720112086267573,15
2,-6,1,-10,3,-16,-0.00042506408290257934,0.00015689169501995108,0.0002424451729378146,-2.572721494481365e-05,0.0605254971653535,15
2,-6,1,-10,3,-15,-0.00042506408290257934,0.00015689169501995108,0.00025471396317299346,-1.3458424709634803e-05,0.031662107552661294,15
2,-6,1,-10,3,-14,-0.00042506408290257934,0.00015689169501995108,0.0002744146363829793,6.242248500351046e-06,0.0146854292127564,15
2,-6,1,-10,3,-13,-0.00042506408290257934,0.00015689169501995108,0.00029772968919625274,2.9557301313624484e-05,0.06953610644256371,15
2,-5,1,-10,3,-11,-0.0005139207856115777,0.00015689169501995108,0.0003365227809942758,-2.050630959735079e-05,0.039901693357173335,15
2,-5,1,-10,3,-10,-0.0005139207856115777,0.00015689169501995108,0.0003718710651421799,1.484197455055335e-05,0.02887988765212338,15
2,-4,1,-10,3,-8,-0.0006184286779740842,0.00015689169501995108,0.00046296983139094185,1.4328484368087606e-06,0.0023169178400695148,15
2,-1,1,-10,3,-4,-0.000894883579030094,0.00015689169501995108,0.0007440788469309187,6.086962920775867e-06,0.006801960683392055,15
2,0,1,-10,3,-3,-0.0010448703139708233,0.00015689169501995108,0.0008601000555226912,-2.7878563428181125e-05,0.02668136232355396,15
2,3,1,-10,3,2,-0.0016105693803172012,0.00015689169501995108,0.0014462919592611418,-7.385726036108348e-06,0.004585785701857644,15
2,4,1,-10,3,3,-0.0018458787080848657,0.00015689169501995108,0.0016875888535549334,-1.3981595099812894e-06,0.0007574492862707683,15
2,5,1,-10,3,4,-0.0020671941991908453,0.00015689169501995108,0.0019293062769633813,1.9003772792487196e-05,0.009193027341081829,15
2,7,1,-10,3,5,-0.002333641093116966,0.00015689169501995108,0.002171276389406632,-5.473008690382811e-06,0.0023452658193778625,15
2,8,1,-10,3,6,-0.0025823680571360795,0.00015689169501995108,0.0024186606766848882,-6.815685431240271e-06,0.002639316038783047,15
2,9,1,-10,3,8,-0.002837466283292238,0.00015689169501995108,0.002675512320323371,-5.062267948916215e-06,0.0017840803884522631,15
2,10,1,-10,3,9,-0.0030974669448516055,0.00015689169501995108,0.0029334778136359597,-7.097436195694761e-06,0.0022913678570457797,15
2,11,1,-10,3,10,-0.0033613668070111803,0.00015689169501995108,0.003196341902933452,-8.133209057777178e-06,0.0024196136645405165,15
2,12,1,-10,3,11,-0.003627023623815877,0.00015689169501995108,0.003462185480912929,-7.946447882997178e-06,0.0021909005033270146,15
2,13,1,-10,3,12,-0.0038929098475402085,0.00015689169501995108,0.0037290325328913905,-6.98561962886703e-06,0.0017944468026355645,15
2,14,1,-10,3,13,-0.004158149117255109,0.00015689169501995108,0.0039955884824074,-5.668939827757624e-06,0.0013633324991239907,15
2,15,1,-10,3,14,-0.004422542790612594,0.00015689169501995108,0.00426138436982716,-4.2667257654826e-06,0.0009647675483297221,15
2,16,1,-10,3,15,-0.004686172344532099,0.00015689169501995108,0.004526260671995234,-3.0199775169137064e-06,0.0006444443983024791,15
2,17,1,-10,3,16,-0.004949603322414242,0.00015689169501995108,0.004790467128105982,-2.2444992883088183e-06,0.00045347053937527066,15
2,18,1,-10,3,17,-0.00521391637956139,0.00015689169501995108,0.005054963890750095,-2.0607937913433294e-06,0.00039524872309453673,15
2,19,1,-10,3,18,-0.0054802146612408995,0.00015689169501995108,0.005320803084440166,-2.519881780782378e-06,0.00045981443000843957,15
2,20,1,-10,3,19,-0.005748811796314598,0.00015689169501995108,0.005588836096595871,-3.084004698775643e-06,0.0005364594994660831,15
2,-7,1,-9,3,-20,-0.00036286508921045974,0.00017709054959521184,0.00019605922281280496,1.0284683197557066e-05,0.02834299441683685,15
2,-7,1,-9,3,-19,-0.00036286508921045974,0.00017709054959521184,0.00020520786639738244,1.943332678213457e-05,0.05355523956415479,15
2,-6,1,-9,3,-18,-0.00042506408290257934,0.00017709054959521184,0.00021802434284338444,-2.9949190463983053e-05,0.07045805954592292,15
2,-6,1,-9,3,-17,-0.00042506408290257934,0.00017709054959521184,0.00023210374783301,-1.5869785474357492e-05,0.03733504220349452,15
2,-6,1,-9,3,-16,-0.00042506408290257934,0.00017709054959521184,0.0002424451729378146,-5.528360369552916e-06,0.01300594567247867,15
2,-6,1,-9,3,-15,-0.00042506408290257934,0.00017709054959521184,0.00025471396317299346,6.7404298656259846e-06,0.015857443940213663,15
2,-6,1,-9,3,-14,-0.00042506408290257934,0.00017709054959521184,0.0002744146363829793,2.644110307561178e-05,0.06220498070563123,15
2,-5,1,-9,3,-12,-0.0005139207856115777,0.00017709054959521184,0.0003175654528598886,-1.9264783156477234e-05,0.037485899959371544,15
2,-5,1,-9,3,-11,-0.0005139207856115777,0.00017709054959521184,0.0003365227809942758,-3.074550220900571e-07,0.000598253720608281,15
2,-4,1,-9,3,-9,-0.0006184286779740842,0.00017709054959521184,0.00041802181163868305,-2.3316316740189312e-05,0.03770251537585779,15
2,-4,1,-9,3,-8,-0.0006184286779740842,0.00017709054959521184,0.00046296983139094185,2.1631703012069494e-05,0.03497849272277116,15
2,-3,1,-9,3,-7,-0.0006883901588102036,0.00017709054959521184,0.0004995855633416565,-1.1714045873335204e-05,0.017016579512963214,15
2,-2,1,-9,3,-6,-0.0007709839009291044,0.00017709054959521184,0.0005767572162567792,-1.7136135077113293e-05,0.022226320233746412,15
2,-1,1,-9,3,-4,-0.000894883579030094,0.00017709054959521184,0.0007440788469309187,2.62858174960366e-05,0.029373449364805737,15
2,0,1,-9,3,-3,-0.0010448703139708233,0.00017709054959521184,0.0008601000555226912,-7.679708852920391e-06,0.0073499158223140374,15
2,1,1,-9,3,-1,-0.0011992510625692902,0.00017709054959521184,0.000998084207166912,-2.407630580716631e-05,0.020076117969480833,15
2,3,1,-9,3,2,-0.0016105693803172012,0.00017709054959521184,0.0014462919592611418,1.2813128539152386e-05,0.007955651396171982,15
2,4,1,-9,3,3,-0.0018458787080848657,0.00017709054959521184,0.0016875888535549334,1.8800695065279444e-05,0.010185227763304949,15
2,6,1,-9,3,4,-0.002122306963237751,0.00017709054959521184,0.0019293062769633813,-1.591013667915763e-05,0.007496623699940856,15
2,7,1,-9,3,5,-0.002333641093116966,0.00017709054959521184,0.002171276389406632,1.4725845884877922e-05,0.006310244505169004,15
2,8,1,-9,3,6,-0.0025823680571360795,0.00017709054959521184,0.0024186606766848882,1.3383169144020463e-05,0.005182518079495911,15
2,9,1,-9,3,8,-0.002837466283292238,0.00017709054959521184,0.002675512320323371,1.5136586626344518e-05,0.0053345432562398355,15
2,10,1,-9,3,9,-0.0030974669448516055,0.00017709054959521184,0.0029334778136359597,1.3101418379565972e-05,0.004229720159352222,15
2,11,1,-9,3,10,-0.0033613668070111803,0.00017709054959521184,0.003196341902933452,1.2065645517483556e-05,0.0035895057606676203,15
2,12,1,-9,3,11,-0.003627023623815877,0.00017709054959521184,0.003462185480912929,1.2252406692263556e-05,0.00337808847227005,15
2,13,1,-9,3,12,-0.0038929098475402085,0.00017709054959521184,0.0037290325328913905,1.3213234946393704e-05,0.0033941795376388377,15
2,14,1,-9,3,13,-0.004158149117255109,0.00017709054959521184,0.0039955884824074,1.4529914747502676e-05,0.003494322675251774,15
2,15,1,-9,3,14,-0.004422542790612594,0.00017709054959521184,0.00426138436982716,1.59321288097777e-05,0.0036024815505676182,15
2,16,1,-9,3,15,-0.004686172344532099,0.00017709054959521184,0.004526260671995234,1.7178877058346594e-05,0.0036658654004458847,15
2,17,1,-9,3,16,-0.004949603322414242,0.00017709054959521184,0.004790467128105982,1.795435528695148e-05,0.003627433173411153,15
2,18,1,-9,3,17,-0.00521391637956139,0.00017709054959521184,0.005054963890750095,1.813806078391697e-05,0.003478778611605351,15
2,19,1,-9,3,18,-0.0054802146612408995,0.00017709054959521184,0.005320803084440166,1.7678972794477922e-05,0.003225963559331602,15
2,20,1,-9,3,19,-0.005748811796314598,0.00017709054959521184,0.005588836096595871,1.7114849876484657e-05,0.00297711083313886,15
2,-7,1,-8,3,-20,-0.00036286508921045974,0.0001942497109787832,0.00019605922281280496,2.7443844581128383e-05,0.07563098627327884,15
2,-6,1,-8,3,-19,-0.00042506408290257934,0.0001942497109787832,0.00020520786639738244,-2.560650552641371e-05,0.060241517823754774,15
2,-6,1,-8,3,-18,-0.00042506408290257934,0.0001942497109787832,0.00021802434284338444,-1.2790029080411681e-05,0.03008964905497093,15
2,-6,1,-8,3,-17,-0.00042506408290257934,0.0001942497109787832,0.00023210374783301,1.2893759092138797e-06,0.003033368287457476,15
2,-6,1,-8,3,-16,-0.00042506408290257934,0.0001942497109787832,0.0002424451729378146,1.1630801014018456e-05,0.027362464818473327,15
2,-6,1,-8,3,-15,-0.00042506408290257934,0.0001942497109787832,0.00025471396317299346,2.3899591249197303e-05,0.05622585443116553,15
2,-5,1,-8,3,-13,-0.0005139207856115777,0.0001942497109787832,0.00029772968919625274,-2.1941385436541772e-05,0.04269410004584853,15
2,-5,1,-8,3,-12,-0.0005139207856115777,0.0001942497109787832,0.0003175654528598886,-2.1056217729059157e-06,0.004097171844100792,15
2,-5,1,-8,3,-11,-0.0005139207856115777,0.0001942497109787832,0.0003365227809942758,1.685170636148126e-05,0.03279047439466247,15
2,-4,1,-8,3,-9,-0.0006184286779740842,0.0001942497109787832,0.00041802181163868305,-6.157155356617994e-06,0.009956128452497177,15
2,-3,1,-8,3,-8,-0.0006883901588102036,0.0001942497109787832,0.00046296983139094185,-3.117061644047859e-05,0.04528045039800265,15
2,-3,1,-8,3,-7,-0.0006883901588102036,0.0001942497109787832,0.0004995855633416565,5.445115510236114e-06,0.00790992642841861,15
2,-2,1,-8,3,-6,-0.0007709839009291044,0.0001942497109787832,0.0005767572162567792,2.30263064580254e-08,2.986613135537155e-05,15
2,-1,1,-8,3,-5,-0.000894883579030094,0.0001942497109787832,0.0006723912615469056,-2.824260650440523e-05,0.03156009023544219,15
2,0,1,-8,3,-3,-0.0010448703139708233,0.0001942497109787832,0.0008601000555226912,9.479452530650927e-06,0.009072372335496966,15
2,1,1,-8,3,-1,-0.0011992510625692902,0.0001942497109787832,0.000998084207166912,-6.9171444235949925e-06,0.0057678868416223186,15
2,2,1,-8,3,0,-0.0013846263257445758,0.0001942497109787832,0.001168345950483926,-2.2030664281866633e-05,0.015910909587841148,15
2,3,1,-8,3,2,-0.0016105693803172012,0.0001942497109787832,0.0014462919592611418,2.9972289922723704e-05,0.01860974776313,15
2,6,1,-8,3,4,-0.002122306963237751,0.0001942497109787832,0.0019293062769633813,1.2490247044134699e-06,0.0005885221723571889,15
2,8,1,-8,3,6,-0.0025823680571360795,0.0001942497109787832,0.0024186606766848882,3.0542330527592e-05,0.01182725694084999,15
2,10,1,-8,3,9,-0.0030974669448516055,0.0001942497109787832,0.0029334778136359597,3.0260579763137507e-05,0.009769460111086752,15
2,11,1,-8,3,10,-0.0033613668070111803,0.0001942497109787832,0.003196341902933452,2.922480690105509e-05,0.008694322452431442,15
2,12,1,-8,3,11,-0.003627023623815877,0.0001942497109787832,0.003462185480912929,2.941156807583509e-05,0.008109009239066413,15
2,13,1,-8,3,12,-0.0038929098475402085,0.0001942497109787832,0.0037290325328913905,3.0372396329964805e-05,0.00780197783135308,15
2,-6,1,-7,3,-20,-0.00042506408290257934,0.00021361879346884448,0.00019605922281280496,-1.53860666209299e-05,0.03619705178538042,15
2,-6,1,-7,3,-19,-0.00042506408290257934,0.00021361879346884448,0.00020520786639738244,-6.237423036352396e-06,0.014674076891558854,15
2,-6,1,-7,3,-18,-0.00042506408290257934,0.00021361879346884448,0.00021802434284338444,6.5790534096495795e-06,0.015477791877224865,15
2,-6,1,-7,3,-17,-0.00042506408290257934,0.00021361879346884448,0.00023210374783301,2.065845839927514e-05,0.04860080921965327,15
2,-6,1,-7,3,-16,-0.00042506408290257934,0.00021361879346884448,0.0002424451729378146,3.0999883504079717e-05,0.07292990575066911,15
2,-5,1,-7,3,-14,-0.0005139207856115777,0.00021361879346884448,0.0002744146363829793,-2.588735575975395e-05,0.05037226842060376,15
2,-5,1,-7,3,-13,-0.0005139207856115777,0.00021361879346884448,0.00029772968919625274,-2.5723029464804576e-06,0.005005251817980776,15
2,-5,1,-7,3,-12,-0.0005139207856115777,0.00021361879346884448,0.0003175654528598886,1.72634607171554e-05,0.033591676383766964,15
2,-4,1,-7,3,-9,-0.0006184286779740842,0.00021361879346884448,0.00041802181163868305,1.321192713344332e-05,0.02136370385785534,15
2,-3,1,-7,3,-8,-0.0006883901588102036,0.00021361879346884448,0.00046296983139094185,-1.1801533950417278e-05,0.0171436703435952,15
2,-3,1,-7,3,-7,-0.0006883901588102036,0.00021361879346884448,0.0004995855633416565,2.481419800029743e-05,0.03604670648282606,15
2,-2,1,-7,3,-6,-0.0007709839009291044,0.00021361879346884448,0.0005767572162567792,1.939210879651934e-05,0.025152417285432445,15
2,-1,1,-7,3,-5,-0.000894883579030094,0.00021361879346884448,0.0006723912615469056,-8.873524014343915e-06,0.009915841817056638,15
2,0,1,-7,3,-3,-0.0010448703139708233,0.00021361879346884448,0.0008601000555226912,2.884853502071235e-05,0.02760968001002841,15
2,1,1,-7,3,-1,-0.0011992510625692902,0.00021361879346884448,0.000998084207166912,1.245193806646643e-05,0.010383095295983516,15
2,2,1,-7,3,0,-0.0013846263257445758,0.00021361879346884448,0.001168345950483926,-2.6615817918052096e-06,0.0019222383269175223,15
2,6,1,-7,3,4,-0.002122306963237751,0.00021361879346884448,0.0019293062769633813,2.0618107194474676e-05,0.009714950547502368,15
2,-6,1,-6,3,-20,-0.00042506408290257934,0.00025234878420021,0.00019605922281280496,2.3343924110435577e-05,0.05491859945218139,15
2,-5,1,-6,3,-17,-0.0005139207856115777,0.00025234878420021,0.00023210374783301,-2.946825357835769e-05,0.05734006952703768,15
2,-5,1,-6,3,-16,-0.0005139207856115777,0.00025234878420021,0.0002424451729378146,-1.9126828473553167e-05,0.03721746426502636,15
2,-5,1,-6,3,-15,-0.0005139207856115777,0.00025234878420021,0.00025471396317299346,-6.858038238374267e-06,0.013344543420661692,15
2,-5,1,-6,3,-14,-0.0005139207856115777,0.00025234878420021,0.0002744146363829793,1.2842634971611637e-05,0.02498952237615492,15
2,-4,1,-6,3,-11,-0.0006184286779740842,0.00025234878420021,0.0003365227809942758,-2.955711277959842e-05,0.04779389092437437,15
2,-4,1,-6,3,-10,-0.0006184286779740842,0.00025234878420021,0.0003718710651421799,5.791171368305721e-06,0.009364331853556774,15
2,-3,1,-6,3,-9,-0.0006883901588102036,0.00025234878420021,0.00041802181163868305,-1.8019562971310606e-05,0.02617638085131137,15
2,-3,1,-6,3,-8,-0.0006883901588102036,0.00025234878420021,0.00046296983139094185,2.69284567809482e-05,0.039118015323593054,15
2,-2,1,-6,3,-7,-0.0007709839009291044,0.00025234878420021,0.0004995855633416565,-1.9049553387237876e-05,0.02470810786617135,15
2,-1,1,-6,3,-5,-0.000894883579030094,0.00025234878420021,0.0006723912615469056,2.9856466717021564e-05,0.03336352059267982,15
2,1,1,-6,3,-2,-0.0011992510625692902,0.00025234878420021,0.000926169843396888,-2.0732434972192248e-05,0.017287818722273904,15
2,-5,1,-5,3,-20,-0.0005139207856115777,0.00030881498435276556,0.00019605922281280496,-9.046578446007206e-06,0.01760306004210662,15
2,-5,1,-5,3,-19,-0.0005139207856115777,0.00030881498435276556,0.00020520786639738244,1.0206513857029861e-07,0.00019860091560382933,15
2,-5,1,-5,3,-18,-0.0005139207856115777,0.00030881498435276556,0.00021802434284338444,1.2918541584572328e-05,0.025137223374218972,15
2,-5,1,-5,3,-17,-0.0005139207856115777,0.00030881498435276556,0.00023210374783301,2.699794657419789e-05,0.052533283980856514,15
2,-4,1,-5,3,-13,-0.0006184286779740842,0.00030881498435276556,0.00029772968919625274,-1.1884004425065874e-05,0.019216451061093716,15
2,-4,1,-5,3,-12,-0.0006184286779740842,0.00030881498435276556,0.0003175654528598886,7.951759238569982e-06,0.012858005331543193,15
2,-4,1,-5,3,-11,-0.0006184286779740842,0.00030881498435276556,0.0003365227809942758,2.690908737295716e-05,0.0435120302976713,15
2,-3,1,-5,3,-10,-0.0006883901588102036,0.00030881498435276556,0.0003718710651421799,-7.704109315258105e-06,0.011191486712380804,15
2,-2,1,-5,3,-8,-0.0007709839009291044,0.00030881498435276556,0.00046296983139094185,8.00914814602996e-07,0.0010388217103337984,15
2,-1,1,-5,3,-6,-0.000894883579030094,0.00030881498435276556,0.0005767572162567792,-9.311378420549256e-06,0.010405128263322535,15
2,0,1,-5,3,-4,-0.0010448703139708233,0.00030881498435276556,0.0007440788469309187,8.023517312860965e-06,0.00767895996812195,15
2,1,1,-5,3,-3,-0.0011992510625692902,0.00030881498435276556,0.0008601000555226912,-3.0336022693833523e-05,0.025295806391733566,15
2,3,1,-5,3,1,-0.0016105693803172012,0.00030881498435276556,0.0012998983166993359,-1.856079265099642e-06,0.0011524367020650098,15
2,9,1,-5,3,7,-0.002837466283292238,0.00030881498435276556,0.0025372392509810755,8.58795204160311e-06,0.00302662699189459,15
2,-4,1,-4,3,-18,-0.0006184286779740842,0.0003748425124691666,0.00021802434284338444,-2.5561822661533088e-05,0.0413335014560956,15
2,-4,1,-4,3,-17,-0.0006184286779740842,0.0003748425124691666,0.00023210374783301,-1.1482417671907527e-05,0.01856708474374584,15
2,-4,1,-4,3,-16,-0.0006184286779740842,0.0003748425124691666,0.0002424451729378146,-1.1409925671030047e-06,0.0018449865081302376,15
2,-4,1,-4,3,-15,-0.0006184286779740842,0.0003748425124691666,0.00025471396317299346,1.1127797668075896e-05,0.017993663722920394,15
2,-4,1,-4,3,-14,-0.0006184286779740842,0.0003748425124691666,0.0002744146363829793,3.08284708780618e-05,0.04984967867119787,15
2,-3,1,-4,3,-13,-0.0006883901588102036,0.0003748425124691666,0.00029772968919625274,-1.581795714478422e-05,0.022978186050950502,15
2,-3,1,-4,3,-12,-0.0006883901588102036,0.0003748425124691666,0.0003175654528598886,4.017806518851635e-06,0.005836525213835003,15
2,-3,1,-4,3,-11,-0.0006883901588102036,0.0003748425124691666,0.0003365227809942758,2.297513465323881e-05,0.03337516430064669,15
2,-2,1,-4,3,-10,-0.0007709839009291044,0.0003748425124691666,0.0003718710651421799,-2.427032331775783e-05,0.03147967589013198,15
2,-2,1,-4,3,-9,-0.0007709839009291044,0.0003748425124691666,0.00041802181163868305,2.1880423178745247e-05,0.028379870386887957,15
2,-1,1,-4,3,-7,-0.000894883579030094,0.0003748425124691666,0.0004995855633416565,-2.0455503219270893e-05,0.022858284249043077,15
2,0,1,-4,3,-5,-0.0010448703139708233,0.0003748425124691666,0.0006723912615469056,2.3634600452488753e-06,0.0022619649669890726,15
2,2,1,-4,3,-1,-0.0013846263257445758,0.0003748425124691666,0.000998084207166912,-1.1699606108497157e-05,0.008449648754298928,15
2,4,1,-4,3,2,-0.0018458787080848657,0.0003748425124691666,0.0014462919592611418,-2.474423635455739e-05,0.01340512583312151,15
2,5,1,-4,3,3,-0.0020671941991908453,0.0003748425124691666,0.0016875888535549334,-4.7628331667454e-06,0.002304008577718387,15
2,7,1,-4,3,4,-0.002333641093116966,0.0003748425124691666,0.0019293062769633813,-2.949230368441821e-05,0.012637891821242456,15
2,-4,1,-3,3,-20,-0.0006184286779740842,0.0004344394724834455,0.00019605922281280496,1.2070017322166255e-05,0.019517234164667992,15
2,-4,1,-3,3,-19,-0.0006184286779740842,0.0004344394724834455,0.00020520786639738244,2.121866090674376e-05,0.034310603085636576,15
2,-3,1,-3,3,-17,-0.0006883901588102036,0.0004344394724834455,0.00023210374783301,-2.1846938493748054e-05,0.03173627370197703,15
2,-3,1,-3,3,-16,-0.0006883901588102036,0.0004344394724834455,0.0002424451729378146,-1.1505513388943532e-05,0.016713651759387983,15
2,-3,1,-3,3,-15,-0.0006883901588102036,0.0004344394724834455,0.00025471396317299346,7.632768462353685e-07,0.0011087852382355337,15
2,-3,1,-3,3,-14,-0.0006883901588102036,0.0004344394724834455,0.0002744146363829793,2.0463950056221272e-05,0.029727255386088978,15
2,-2,1,-3,3,-12,-0.0007709839009291044,0.0004344394724834455,0.0003175654528598886,-1.897897558577027e-05,0.02461656535616232,15
2,-2,1,-3,3,-11,-0.0007709839009291044,0.0004344394724834455,0.0003365227809942758,-2.1647451383093735e-08,2.807769573010101e-05,15
2,-1,1,-3,3,-8,-0.000894883579030094,0.0004344394724834455,0.00046296983139094185,2.5257248442932777e-06,0.0028224060687656667,15
2,1,1,-3,3,-4,-0.0011992510625692902,0.0004344394724834455,0.0007440788469309187,-2.073274315492592e-05,0.017288075701603164,15
2,2,1,-3,3,-2,-0.0013846263257445758,0.0004344394724834455,0.000926169843396888,-2.401700986424211e-05,0.017345481172566242,15
2,3,1,-3,3,0,-0.0016105693803172012,0.0004344394724834455,0.001168345950483926,-7.783957349829758e-06,0.004833046899411877,15
2,6,1,-3,3,3,-0.002122306963237751,0.0004344394724834455,0.0016875888535549334,-2.7863719937208306e-07,0.00013128977296809105,15
2,7,1,-3,3,4,-0.002333641093116966,0.0004344394724834455,0.0019293062769633813,3.0104656329860667e-05,0.01290029405920809,15
2,8,1,-3,3,5,-0.0025823680571360795,0.0004344394724834455,0.002171276389406632,2.33478047539982e-05,0.009041238211369292,15
2,9,1,-3,3,6,-0.002837466283292238,0.0004344394724834455,0.0024186606766848882,1.563386587609579e-05,0.005509797937741915,15
2,10,1,-3,3,8,-0.0030974669448516055,0.0004344394724834455,0.002675512320323371,1.2484847955210928e-05,0.004030663822244294,15
2,11,1,-3,3,9,-0.0033613668070111803,0.0004344394724834455,0.0029334778136359597,6.550479108225014e-06,0.0019487546240303034,15
2,12,1,-3,3,10,-0.003627023623815877,0.0004344394724834455,0.003196341902933452,3.757751601020636e-06,0.0010360427697096784,15
2,13,1,-3,3,11,-0.0038929098475402085,0.0004344394724834455,0.003462185480912929,3.715105856165902e-06,0.0009543261985666957,15
2,14,1,-3,3,12,-0.004158149117255109,0.0004344394724834455,0.0037290325328913905,5.322888119726511e-06,0.0012801099647047466,15
2,15,1,-3,3,13,-0.004422542790612594,0.0004344394724834455,0.0039955884824074,7.485164278251376e-06,0.0016925023979733067,15
2,16,1,-3,3,14,-0.004686172344532099,0.0004344394724834455,0.00426138436982716,9.65149777850706e-06,0.002059569531148077,15
2,17,1,-3,3,15,-0.004949603322414242,0.0004344394724834455,0.004526260671995234,1.1096822064436858e-05,0.0022419618990849187,15
2,18,1,-3,3,16,-0.00521391637956139,0.0004344394724834455,0.004790467128105982,1.099022102803767e-05,0.00210786292452243,15
2,19,1,-3,3,17,-0.0054802146612408995,0.0004344394724834455,0.005054963890750095,9.188701992641352e-06,0.0016767047571382412,15
2,20,1,-3,3,18,-0.005748811796314598,0.0004344394724834455,0.005320803084440166,6.43076060901325e-06,0.0011186243065281474,15
2,-2,1,-2,3,-20,-0.0007709839009291044,0.0006023269048774995,0.00019605922281280496,2.7402226761200034e-05,0.035541892286178614,15
2,-1,1,-2,3,-14,-0.000894883579030094,0.0006023269048774995,0.0002744146363829793,-1.8142037769615198e-05,0.020273070368860908,15
2,-1,1,-2,3,-13,-0.000894883579030094,0.0006023269048774995,0.00029772968919625274,5.173015043658186e-06,0.005780657020508612,15
2,-1,1,-2,3,-12,-0.000894883579030094,0.0006023269048774995,0.0003175654528598886,2.5008778707294043e-05,0.027946404754012166,15
2,0,1,-2,3,-9,-0.0010448703139708233,0.0006023269048774995,0.00041802181163868305,-2.4521597454640887e-05,0.02346855597940322,15
2,0,1,-2,3,-8,-0.0010448703139708233,0.0006023269048774995,0.00046296983139094185,2.042642229761792e-05,0.0195492416853067,15
2,1,1,-2,3,-6,-0.0011992510625692902,0.0006023269048774995,0.0005767572162567792,-2.0166941435011392e-05,0.016816279813674288,15
2,3,1,-2,3,-1,-0.0016105693803172012,0.0006023269048774995,0.000998084207166912,-1.0158268272789745e-05,0.006307252824332894,15
2,5,1,-2,3,2,-0.0020671941991908453,0.0006023269048774995,0.0014462919592611418,-1.857533505220414e-05,0.008985771660676592,15
2,0,1,-1,3,-14,-0.0010448703139708233,0.000758058289083616,0.0002744146363829793,-1.2397388504228066e-05,0.01186500213324488,15
2,0,1,-1,3,-13,-0.0010448703139708233,0.000758058289083616,0.00029772968919625274,1.0917664309045534e-05,0.010448822368735032,15
2,0,1,-1,3,-12,-0.0010448703139708233,0.000758058289083616,0.0003175654528598886,3.075342797268128e-05,0.029432770327074326,15
2,1,1,-1,3,-9,-0.0011992510625692902,0.000758058289083616,0.00041802181163868305,-2.3170961846991035e-05,0.019321193510013893,15
2,1,1,-1,3,-8,-0.0011992510625692902,0.000758058289083616,0.00046296983139094185,2.177705790526777e-05,0.018158881476087532,15
2,3,1,-1,3,-3,-0.0016105693803172012,0.000758058289083616,0.0008601000555226912,7.588964289106026e-06,0.00471197601410464,15
2,5,1,-1,3,1,-0.0020671941991908453,0.000758058289083616,0.0012998983166993359,-9.237593407893183e-06,0.004468662601466772,15
2,1,1,1,3,-20,-0.0011992510625692902,0.0009785032656031902,0.00019605922281280496,-2.4688574153294927e-05,0.02058666022809421,15
2,1,1,1,3,-19,-0.0011992510625692902,0.0009785032656031902,0.00020520786639738244,-1.553993056871753e-05,0.012958029434991362,15
2,1,1,1,3,-18,-0.0011992510625692902,0.0009785032656031902,0.00021802434284338444,-2.7234541227156087e-06,0.002270962442910701,15
2,1,1,1,3,-17,-0.0011992510625692902,0.0009785032656031902,0.00023210374783301,1.1355950866909952e-05,0.009469202255765214,15
2,1,1,1,3,-16,-0.0011992510625692902,0.0009785032656031902,0.0002424451729378146,2.169737597171469e-05,0.018092438396702326,15
2,2,1,1,3,-9,-0.0013846263257445758,0.0009785032656031902,0.00041802181163868305,1.1898751497297537e-05,0.008593474843040445,15
2,4,1,1,3,-3,-0.0018458787080848657,0.0009785032656031902,0.0008601000555226912,-7.275386958984333e-06,0.003941422005204602,15
2,6,1,1,3,0,-0.002122306963237751,0.0009785032656031902,0.001168345950483926,2.454225284936537e-05,0.01156395058513316,15
2,12,1,1,3,8,-0.003627023623815877,0.0009785032656031902,0.002675512320323371,2.6991962110683738e-05,0.007441904136892923,15
2,13,1,1,3,9,-0.0038929098475402085,0.0009785032656031902,0.0029334778136359597,1.9071231698941562e-05,0.004898965669855416,15
2,14,1,1,3,10,-0.004158149117255109,0.0009785032656031902,0.003196341902933452,1.669605128153291e-05,0.004015260350392235,15
2,15,1,1,3,11,-0.004422542790612594,0.0009785032656031902,0.003462185480912929,1.814595590352453e-05,0.00410305943043482,15
2,16,1,1,3,12,-0.004686172344532099,0.0009785032656031902,0.0037290325328913905,2.1363453962482126e-05,0.0045588280566354646,15
2,17,1,1,3,13,-0.004949603322414242,0.0009785032656031902,0.0039955884824074,2.4488425596347688e-05,0.004947553167635077,15
2,18,1,1,3,14,-0.00521391637956139,0.0009785032656031902,0.00426138436982716,2.59712558689602e-05,0.004981141617607795,15
2,19,1,1,3,15,-0.0054802146612408995,0.0009785032656031902,0.004526260671995234,2.4549276357524116e-05,0.004479619481176557,15
2,20,1,1,3,16,-0.005748811796314598,0.0009785032656031902,0.004790467128105982,2.0158597394574068e-05,0.0035065676367240237,15
2,2,1,2,3,-20,-0.0013846263257445758,0.0011876060720696538,0.00019605922281280496,-9.610308621169593e-07,0.0006940723603533754,15
2,2,1,2,3,-19,-0.0013846263257445758,0.0011876060720696538,0.00020520786639738244,8.187612722460437e-06,0.005913229129207543,15
2,2,1,2,3,-18,-0.0013846263257445758,0.0011876060720696538,0.00021802434284338444,2.100408916846236e-05,0.015169500086723771,15
2,3,1,2,3,-9,-0.0016105693803172012,0.0011876060720696538,0.00041802181163868305,-4.941496608864334e-06,0.0030681674873833174,15
2,4,1,2,3,-5,-0.0018458787080848657,0.0011876060720696538,0.0006723912615469056,1.411862553169353e-05,0.007648728743581356,15
2,5,1,2,3,-3,-0.0020671941991908453,0.0011876060720696538,0.0008601000555226912,-1.9488071598500363e-05,0.009427305671682183,15
2,6,1,2,3,-2,-0.002122306963237751,0.0011876060720696538,0.000926169843396888,-8.531047771208854e-06,0.0040197049338207185,15
2,7,1,2,3,0,-0.002333641093116966,0.0011876060720696538,0.001168345950483926,2.231092943661382e-05,0.009560565890967349,15
2,10,1,2,3,4,-0.0030974669448516055,0.0011876060720696538,0.0019293062769633813,1.9445404181429524e-05,0.006277840741367821,15
2,11,1,2,3,5,-0.0033613668070111803,0.0011876060720696538,0.002171276389406632,-2.4843455348946136e-06,0.0007390879001103762,15
2,12,1,2,3,6,-0.003627023623815877,0.0011876060720696538,0.0024186606766848882,-2.0756875061334838e-05,0.005722839775578077,15
2,13,1,2,3,8,-0.0038929098475402085,0.0011876060720696538,0.002675512320323371,-2.9791455147183763e-05,0.007652747254347008,15
2,18,1,2,3,13,-0.00521391637956139,0.0011876060720696538,0.0039955884824074,-3.072182508433597e-05,0.005892274223032396,15
2,19,1,2,3,14,-0.0054802146612408995,0.0011876060720696538,0.00426138436982716,-3.1224219344085265e-05,0.005697627059195357,15
2,3,1,3,3,-12,-0.0016105693803172012,0.0012725407985733764,0.0003175654528598886,-2.0463128883936154e-05,0.012705524601433777,15
2,3,1,3,3,-11,-0.0016105693803172012,0.0012725407985733764,0.0003365227809942758,-1.5058007495490858e-06,0.000934949321619736,15
2,4,1,3,3,-6,-0.0018458787080848657,0.0012725407985733764,0.0005767572162567792,3.419306745289924e-06,0.001852400556067695,15
2,6,1,3,3,-3,-0.002122306963237751,0.0012725407985733764,0.0008601000555226912,1.033389085831676e-05,0.0048691782278995,15
2,8,1,3,3,1,-0.0025823680571360795,0.0012725407985733764,0.0012998983166993359,-9.928941863367007e-06,0.0038448980330009538,15
2,4,1,4,3,-11,-0.0018458787080848657,0.0014878228371177796,0.0003365227809942758,-2.1533089972810464e-05,0.011665495613821481,15
2,4,1,4,3,-10,-0.0018458787080848657,0.0014878228371177796,0.0003718710651421799,1.3815194175093677e-05,0.00748434559355593,15
2,5,1,4,3,-6,-0.0020671941991908453,0.0014878228371177796,0.0005767572162567792,-2.614145816286304e-06,0.0012645864705452202,15
2,7,1,4,3,-3,-0.002333641093116966,0.0014878228371177796,0.0008601000555226912,1.4281799523504796e-05,0.0061199640191581806,15
2,13,1,4,3,6,-0.0038929098475402085,0.0014878228371177796,0.0024186606766848882,1.3573666262459063e-05,0.0034867661451332558,15
2,14,1,4,3,8,-0.004158149117255109,0.0014878228371177796,0.002675512320323371,5.186040186041033e-06,0.0012471991840120582,15
2,15,1,4,3,9,-0.004422542790612594,0.0014878228371177796,0.0029334778136359597,-1.2421398588547891e-06,0.00028086553769279246,15
2,16,1,4,3,10,-0.004686172344532099,0.0014878228371177796,0.003196341902933452,-2.0076044808673213e-06,0.0004284102959230312,15
2,17,1,4,3,11,-0.004949603322414242,0.0014878228371177796,0.003462185480912929,4.0499561646586274e-07,8.182385336453995e-05,15
2,18,1,4,3,12,-0.00521391637956139,0.0014878228371177796,0.0037290325328913905,2.9389904477802875e-06,0.0005636819300173595,15
2,19,1,4,3,13,-0.0054802146612408995,0.0014878228371177796,0.0039955884824074,3.1966582842799657e-06,0.0005833089544627687,15
2,20,1,4,3,14,-0.005748811796314598,0.0014878228371177796,0.00426138436982716,3.95410630341618e-07,6.878127939326604e-05,15
2,5,1,5,3,-12,-0.0020671941991908453,0.001734103264389586,0.0003175654528598886,-1.5525481941370666e-05,0.007510412881115742,15
2,5,1,5,3,-11,-0.0020671941991908453,0.001734103264389586,0.0003365227809942758,3.431846193016619e-06,0.0016601469733032023,15
2,6,1,5,3,-10,-0.002122306963237751,0.001734103264389586,0.0003718710651421799,-1.63326337059848e-05,0.007695698119497308,15
2,6,1,5,3,-9,-0.002122306963237751,0.001734103264389586,0.00041802181163868305,2.9818112790518277e-05,0.014049858624139995,15
2,7,1,5,3,-6,-0.002333641093116966,0.001734103264389586,0.0005767572162567792,-2.2780612470600734e-05,0.009761832073403129,15
2,8,1,5,3,-3,-0.0025823680571360795,0.001734103264389586,0.0008601000555226912,1.1835262776197474e-05,0.004583104543712147,15
2,13,1,5,3,5,-0.0038929098475402085,0.001734103264389586,0.002171276389406632,1.2469806256009634e-05,0.0032032096155241974,15
2,14,1,5,3,6,-0.004158149117255109,0.001734103264389586,0.0024186606766848882,-5.385176180635297e-06,0.0012950897211185578,15
2,15,1,5,3,8,-0.004422542790612594,0.001734103264389586,0.002675512320323371,-1.2927205899637001e-05,0.002923025623873358,15
2,16,1,5,3,9,-0.004686172344532099,0.001734103264389586,0.0029334778136359597,-1.859126650655303e-05,0.003967260514489105,15
2,17,1,5,3,10,-0.004949603322414242,0.001734103264389586,0.003196341902933452,-1.9158155091204658e-05,0.003870644543260082,15
2,18,1,5,3,11,-0.00521391637956139,0.001734103264389586,0.003462185480912929,-1.762763425887555e-05,0.003380881658934169,15
2,19,1,5,3,12,-0.0054802146612408995,0.001734103264389586,0.0037290325328913905,-1.7078863959922932e-05,0.003116458937405149,15
2,20,1,5,3,13,-0.005748811796314598,0.001734103264389586,0.0039955884824074,-1.9120049517612307e-05,0.003325913283484012,15
2,7,1,6,3,-11,-0.002333641093116966,0.0019747070189232627,0.0003365227809942758,-2.241129319942737e-05,0.009603573259628094,15
2,7,1,6,3,-10,-0.002333641093116966,0.0019747070189232627,0.0003718710651421799,1.2936990948476772e-05,0.005543693495385474,15
2,8,1,6,3,-6,-0.0025823680571360795,0.0019747070189232627,0.0005767572162567792,-3.0903821956037615e-05,0.01196724141264001,15
2,9,1,6,3,-3,-0.002837466283292238,0.0019747070189232627,0.0008601000555226912,-2.6592088462843583e-06,0.0009371772492742884,15
2,13,1,6,3,4,-0.0038929098475402085,0.0019747070189232627,0.0019293062769633813,1.110344834643522e-05,0.0028522233448203516,15
2,14,1,6,3,5,-0.004158149117255109,0.0019747070189232627,0.002171276389406632,-1.2165708925214284e-05,0.0029257509969351824,15
2,15,1,6,3,6,-0.004422542790612594,0.0019747070189232627,0.0024186606766848882,-2.917509500444289e-05,0.0065969050805728124,15
2,8,1,7,3,-11,-0.0025823680571360795,0.002215705167770865,0.0003365227809942758,-3.014010837093864e-05,0.01167149984203448,15
2,8,1,7,3,-10,-0.0025823680571360795,0.002215705167770865,0.0003718710651421799,5.208175776965501e-06,0.0020168216387951754,15
2,10,1,7,3,-3,-0.0030974669448516055,0.002215705167770865,0.0008601000555226912,-2.1661721558049064e-05,0.006993366497115868,15
2,11,1,7,3,0,-0.0033613668070111803,0.002215705167770865,0.001168345950483926,2.268431124361099e-05,0.006748537885331579,15
2,13,1,7,3,3,-0.0038929098475402085,0.002215705167770865,0.0016875888535549334,1.0384173785590086e-05,0.002667458069225897,15
2,14,1,7,3,4,-0.004158149117255109,0.002215705167770865,0.0019293062769633813,-1.3137672520862655e-05,0.0031595000925640536,15
2,9,1,8,3,-10,-0.002837466283292238,0.0024629844882008973,0.0003718710651421799,-2.61072994916069e-06,0.0009200919723816166,15
2,11,1,8,3,-2,-0.0033613668070111803,0.0024629844882008973,0.000926169843396888,2.7787524586605095e-05,0.008266733796694112,15
2,12,1,8,3,0,-0.003627023623815877,0.0024629844882008973,0.001168345950483926,4.306814868946119e-06,0.0011874239915799212,15
2,13,1,8,3,2,-0.0038929098475402085,0.0024629844882008973,0.0014462919592611418,1.6366599921830826e-05,0.004204207280107526,15
2,14,1,8,3,3,-0.004158149117255109,0.0024629844882008973,0.0016875888535549334,-7.575775499278625e-06,0.0018219104908579061,15
2,15,1,8,3,4,-0.004422542790612594,0.0024629844882008973,0.0019293062769633813,-3.0252025448315907e-05,0.006840414413294011,15
2,10,1,9,3,-10,-0.0030974669448516055,0.00271575402351329,0.0003718710651421799,-9.841856196135274e-06,0.0031773886118441792,15
2,11,1,9,3,-5,-0.0033613668070111803,0.00271575402351329,0.0006723912615469056,2.677847804901561e-05,0.007966544440541488,15
2,12,1,9,3,-2,-0.003627023623815877,0.00271575402351329,0.000926169843396888,1.4900243094301182e-05,0.004108118567649446,15
2,13,1,9,3,0,-0.0038929098475402085,0.00271575402351329,0.001168345950483926,-8.809873542992095e-06,0.0022630561425815553,15
2,14,1,9,3,2,-0.004158149117255109,0.00271575402351329,0.0014462919592611418,3.89686551932264e-06,0.0009371634853477913,15
2,15,1,9,3,3,-0.004422542790612594,0.00271575402351329,0.0016875888535549334,-1.9199913544370485e-05,0.004341374284749653,15
2,11,1,10,3,-10,-0.0033613668070111803,0.002973321972018305,0.0003718710651421799,-1.6173769850695314e-05,0.004811664652890564,15
2,11,1,10,3,-9,-0.0033613668070111803,0.002973321972018305,0.00041802181163868305,2.9976976645807764e-05,0.008918091469006422,15
2,12,1,10,3,-5,-0.003627023623815877,0.002973321972018305,0.0006723912615469056,1.868960974933361e-05,0.005152877865645347,15
2,13,1,10,3,-2,-0.0038929098475402085,0.002973321972018305,0.000926169843396888,6.581967874984447e-06,0.001690757847665894,15
2,14,1,10,3,0,-0.004158149117255109,0.002973321972018305,0.001168345950483926,-1.648119475287837e-05,0.0039635891566481354,15
2,15,1,10,3,2,-0.004422542790612594,0.002973321972018305,0.0014462919592611418,-2.9288593331473073e-06,0.0006622568671046397,15
2,16,1,10,3,3,-0.004686172344532099,0.002973321972018305,0.0016875888535549334,-2.526151895886064e-05,0.005390650855668206,15
2,19,1,10,3,7,-0.0054802146612408995,0.002973321972018305,0.0025372392509810755,3.034656175848055e-05,0.0055374768388377505,15
2,12,1,11,3,-10,-0.003627023623815877,0.003235253388057165,0.0003718710651421799,-1.989917061653206e-05,0.00548636366354757,15
2,12,1,11,3,-9,-0.003627023623815877,0.003235253388057165,0.00041802181163868305,2.625157587997102e-05,0.007237773613493194,15
2,13,1,11,3,-5,-0.0038929098475402085,0.003235253388057165,0.0006723912615469056,1.4734802063861695e-05,0.0037850355237925926,15
2,14,1,11,3,-2,-0.004158149117255109,0.003235253388057165,0.000926169843396888,3.274114198943863e-06,0.0007873970140602322,15
2,15,1,11,3,0,-0.004422542790612594,0.003235253388057165,0.001168345950483926,-1.894345207150306e-05,0.004283384688038051,15
2,16,1,11,3,2,-0.004686172344532099,0.003235253388057165,0.0014462919592611418,-4.626997213792207e-06,0.0009873723955524303,15
2,17,1,11,3,3,-0.004949603322414242,0.003235253388057165,0.0016875888535549334,-2.6761080802143768e-05,0.005406712227009468,15
2,20,1,11,3,7,-0.005748811796314598,0.003235253388057165,0.0025372392509810755,2.3680842723642487e-05,0.004119258650774341,15
2,13,1,12,3,-10,-0.0038929098475402085,0.003499927798231137,0.0003718710651421799,-2.111098416689161e-05,0.005422931687008086,15
2,13,1,12,3,-9,-0.0038929098475402085,0.003499927798231137,0.00041802181163868305,2.5039762329611467e-05,0.006432145441393461,15
2,14,1,12,3,-5,-0.004158149117255109,0.003499927798231137,0.0006723912615469056,1.4169942522933472e-05,0.003407752373317333,15
2,15,1,12,3,-2,-0.004422542790612594,0.003499927798231137,0.000926169843396888,3.5548510154310986e-06,0.0008038025144667269,15
2,16,1,12,3,0,-0.004686172344532099,0.003499927798231137,0.001168345950483926,-1.7898595817036032e-05,0.0038194489022411655,15
2,17,1,12,3,2,-0.004949603322414242,0.003499927798231137,0.0014462919592611418,-3.383564921963407e-06,0.0006836032509193126,15
2,18,1,12,3,3,-0.00521391637956139,0.003499927798231137,0.0016875888535549334,-2.639972777531991e-05,0.00506332013279061,15
2,14,1,13,3,-10,-0.004158149117255109,0.003765557199999308,0.0003718710651421799,-2.0720852113621097e-05,0.004983191205826551,15
2,14,1,13,3,-9,-0.004158149117255109,0.003765557199999308,0.00041802181163868305,2.5429894382881547e-05,0.006115676390092622,15
2,15,1,13,3,-5,-0.004422542790612594,0.003765557199999308,0.0006723912615469056,1.5405670933619012e-05,0.0034834419163381515,15
2,16,1,13,3,-2,-0.004686172344532099,0.003765557199999308,0.000926169843396888,5.5546988640972975e-06,0.0011853381514187393,15
2,17,1,13,3,0,-0.004949603322414242,0.003765557199999308,0.001168345950483926,-1.570017193100806e-05,0.0031720060999454133,15
2,18,1,13,3,2,-0.00521391637956139,0.003765557199999308,0.0014462919592611418,-2.0672203009403783e-06,0.0003964812916915785,15
2,19,1,13,3,3,-0.0054802146612408995,0.003765557199999308,0.0016875888535549334,-2.7068607686657822e-05,0.004939333467738398,15
2,15,1,14,3,-10,-0.004422542790612594,0.004030932427920738,0.0003718710651421799,-1.973929754967626e-05,0.0044633367011338845,15
2,15,1,14,3,-9,-0.004422542790612594,0.004030932427920738,0.00041802181163868305,2.6411448946826385e-05,0.005972005291364963,15
2,16,1,14,3,-5,-0.004686172344532099,0.004030932427920738,0.0006723912615469056,1.715134493554451e-05,0.003659990216867925,15
2,17,1,14,3,-2,-0.004949603322414242,0.004030932427920738,0.000926169843396888,7.4989489033836995e-06,0.0015150605846381193,15
2,18,1,14,3,0,-0.00521391637956139,0.004030932427920738,0.001168345950483926,-1.4638001156725734e-05,0.0028074867510547085,15
2,19,1,14,3,2,-0.0054802146612408995,0.004030932427920738,0.0014462919592611418,-2.9902740590198595e-06,0.0005456490746920421,15
2,20,1,14,3,3,-0.005748811796314598,0.004030932427920738,0.0016875888535549334,-3.0290514838926356e-05,0.005269004432941213,15
2,16,1,15,3,-10,-0.004686172344532099,0.004295690809337045,0.0003718710651421799,-1.8610470052873862e-05,0.003971358431703618,15
2,16,1,15,3,-9,-0.004686172344532099,0.004295690809337045,0.00041802181163868305,2.7540276443628782e-05,0.005876923514296955,15
2,17,1,15,3,-5,-0.004949603322414242,0.004295690809337045,0.0006723912615469056,1.847874846970781e-05,0.0037333796803527535,15
2,18,1,15,3,-2,-0.00521391637956139,0.004295690809337045,0.000926169843396888,7.944273172542926e-06,0.0015236671619216153,15
2,19,1,15,3,0,-0.0054802146612408995,0.004295690809337045,0.001168345950483926,-1.6177901419928316e-05,0.0029520561547246235,15
2,20,1,15,3,2,-0.005748811796314598,0.004295690809337045,0.0014462919592611418,-6.829027716411494e-06,0.0011879024672175548,15
2,17,1,16,3,-10,-0.004949603322414242,0.00455968102508798,0.0003718710651421799,-1.8051232184082555e-05,0.003647005832232592,15
2,17,1,16,3,-9,-0.004949603322414242,0.00455968102508798,0.00041802181163868305,2.809951431242009e-05,0.005677124505144007,15
2,18,1,16,3,-5,-0.00521391637956139,0.00455968102508798,0.0006723912615469056,1.8155907073495042e-05,0.003482201430131561,15
2,19,1,16,3,-2,-0.0054802146612408995,0.00455968102508798,0.000926169843396888,5.63620724396835e-06,0.0010284646847560034,15
2,20,1,16,3,0,-0.005748811796314598,0.00455968102508798,0.001168345950483926,-2.0784820742691945e-05,0.003615498555026016,15
2,18,1,17,3,-10,-0.00521391637956139,0.004823167543880964,0.0003718710651421799,-1.8877770538245665e-05,0.00362065080526545,15
2,18,1,17,3,-9,-0.00521391637956139,0.004823167543880964,0.00041802181163868305,2.727297595825698e-05,0.005230804250173122,15
2,19,1,17,3,-5,-0.0054802146612408995,0.004823167543880964,0.0006723912615469056,1.5344144186970124e-05,0.002799916633830491,15
2,20,1,17,3,-2,-0.005748811796314598,0.004823167543880964,0.000926169843396888,5.255909632543784e-07,9.142601669293123e-05,15
2,19,1,18,3,-10,-0.0054802146612408995,0.005087181893000314,0.0003718710651421799,-2.116170309840546e-05,0.0038614733922874766,15
2,19,1,18,3,-9,-0.0054802146612408995,0.005087181893000314,0.00041802181163868305,2.4989043398097183e-05,0.0045598657977457486,15
2,20,1,18,3,-5,-0.005748811796314598,0.005087181893000314,0.0006723912615469056,1.0761358232621275e-05,0.0018719273849806808,15
2,20,1,19,3,-10,-0.005748811796314598,0.0053527772990706515,0.0003718710651421799,-2.4163432101766483e-05,0.004203204585207848,15
2,20,1,19,3,-9,-0.005748811796314598,0.0053527772990706515,0.00041802181163868305,2.198731439473616e-05,0.0038246711100947176,15
3,-20,1,-20,2,-20,-0.00019605922281280496,8.072560078089107e-05,0.0001393121823523654,2.3978560320451515e-05,0.12230263884778306,15
3,-19,1,-20,2,-20,-0.00020520786639738244,8.072560078089107e-05,0.0001393121823523654,1.4829916735874038e-05,0.07226777899028534,15
3,-18,1,-20,2,-20,-0.00021802434284338444,8.072560078089107e-05,0.0001393121823523654,2.013440289872035e-06,0.009234933418963996,15
3,-17,1,-20,2,-20,-0.00023210374783301,8.072560078089107e-05,0.0001393121823523654,-1.2065964699753526e-05,0.051985221317643424,15
3,-16,1,-20,2,-20,-0.0002424451729378146,8.072560078089107e-05,0.0001393121823523654,-2.240738980455813e-05,0.09242250333565295,15
3,-20,1,-20,2,-19,-0.00019605922281280496,8.072560078089107e-05,0.00014613674776618418,3.080312573427028e-05,0.1571113324450987,15
3,-19,1,-20,2,-19,-0.00020520786639738244,8.072560078089107e-05,0.00014613674776618418,2.1654482149692804e-05,0.1055246201320527,15
3,-18,1,-20,2,-19,-0.00021802434284338444,8.072560078089107e-05,0.00014613674776618418,8.838005703690801e-06,0.040536784050941924,15
3,-17,1,-20,2,-19,-0.00023210374783301,8.072560078089107e-05,0.00014613674776618418,-5.2413992859347595e-06,0.022582139818378765,15
3,-16,1,-20,2,-19,-0.0002424451729378146,8.072560078089107e-05,0.00014613674776618418,-1.5582824390739363e-05,0.06427360133392403,15
3,-15,1,-20,2,-19,-0.00025471396317299346,8.072560078089107e-05,0.00014613674776618418,-2.785161462591821e-05,0.10934467148549017,15
3,-19,1,-20,2,-18,-0.00020520786639738244,8.072560078089107e-05,0.00015542391434663602,3.094164873014465e-05,0.15078198157485123,15
3,-18,1,-20,2,-18,-0.00021802434284338444,8.072560078089107e-05,0.00015542391434663602,1.8125172284142648e-05,0.08313370905175795,15
3,-17,1,-20,2,-18,-0.00023210374783301,8.072560078089107e-05,0.00015542391434663602,4.045767294517087e-06,0.017430857245044857,15
3,-16,1,-20,2,-18,-0.0002424451729378146,8.072560078089107e-05,0.00015542391434663602,-6.295657810287517e-06,0.025967346489106244,15
3,-15,1,-20,2,-18,-0.00025471396317299346,8.072560078089107e-05,0.00015542391434663602,-1.8564448045466363e-05,0.07288351142672926,15
3,-18,1,-20,2,-17,-0.00021802434284338444,8.072560078089107e-05,0.0001654511913622877,2.815244929979432e-05,0.12912525699030472,15
3,-17,1,-20,2,-17,-0.00023210374783301,8.072560078089107e-05,0.0001654511913622877,1.407304431016876e-05,0.06063255954097644,15
3,-16,1,-20,2,-17,-0.0002424451729378146,8.072560078089107e-05,0.0001654511913622877,3.7316192053641565e-06,0.015391600336465718,15
3,-15,1,-20,2,-17,-0.00025471396317299346,8.072560078089107e-05,0.0001654511913622877,-8.53717102981469e-06,0.0335166981953656,15
3,-14,1,-20,2,-17,-0.0002744146363829793,8.072560078089107e-05,0.0001654511913622877,-2.823784423980054e-05,0.10290210687009843,15
3,-17,1,-20,2,-16,-0.00023210374783301,8.072560078089107e-05,0.00017249671507286419,2.111856802074525e-05,0.09098762177653104,15
3,-16,1,-20,2,-16,-0.0002424451729378146,8.072560078089107e-05,0.00017249671507286419,1.0777142915940647e-05,0.044451876625751195,15
3,-15,1,-20,2,-16,-0.00025471396317299346,8.072560078089107e-05,0.00017249671507286419,-1.4916473192381997e-06,0.005856166268455103,15
3,-14,1,-20,2,-16,-0.0002744146363829793,8.072560078089107e-05,0.00017249671507286419,-2.119232052922405e-05,0.0772273695330433,15
3,-17,1,-20,2,-15,-0.00023210374783301,8.072560078089107e-05,0.0001819548751341122,3.0576728081993255e-05,0.1317373302562614,15
3,-16,1,-20,2,-15,-0.0002424451729378146,8.072560078089107e-05,0.0001819548751341122,2.023530297718865e-05,0.08346341868550568,15
3,-15,1,-20,2,-15,-0.00025471396317299346,8.072560078089107e-05,0.0001819548751341122,7.966512742009805e-06,0.031276309483666616,15
3,-14,1,-20,2,-15,-0.0002744146363829793,8.072560078089107e-05,0.0001819548751341122,-1.1734160467976045e-05,0.04276069462854592,15
3,-15,1,-20,2,-14,-0.00025471396317299346,8.072560078089107e-05,0.00019644874332665755,2.246038093455514e-05,0.08817883658502372,15
3,-14,1,-20,2,-14,-0.0002744146363829793,8.072560078089107e-05,0.00019644874332665755,2.759707724569289e-06,0.010056707473568495,15
3,-13,1,-20,2,-14,-0.00029772968919625274,8.072560078089107e-05,0.00019644874332665755,-2.055534508870415e-05,0.06904029337549472,15
3,-14,1,-20,2,-13,-0.0002744146363829793,8.072560078089107e-05,0.00021328352758161109,1.959449197952288e-05,0.07140468977090697,15
3,-13,1,-20,2,-13,-0.00029772968919625274,8.072560078089107e-05,0.00021328352758161109,-3.7205608337505594e-06,0.012496438779063444,15
3,-12,1,-20,2,-13,-0.0003175654528598886,8.072560078089107e-05,0.00021328352758161109,-2.3556324497386416e-05,0.07417785620333071,15
3,-13,1,-20,2,-12,-0.00029772968919625274,8.072560078089107e-05,0.00022661345866183688,9.609370246475239e-06,0.03227548543249607,15
3,-12,1,-20,2,-12,-0.0003175654528598886,8.072560078089107e-05,0.00022661345866183688,-1.0226393417160618e-05,0.03220247456096099,15
3,-11,1,-20,2,-12,-0.0003365227809942758,8.072560078089107e-05,0.00022661345866183688,-2.9183721551547795e-05,0.08672138470187017,15
3,-13,1,-20,2,-11,-0.00029772968919625274,8.072560078089107e-05,0.00024159830799367046,2.4594219578308785e-05,0.082605868580668,15
3,-12,1,-20,2,-11,-0.0003175654528598886,8.072560078089107e-05,0.00024159830799367046,4.758455914672928e-06,0.014984173724880525,15
3,-11,1,-20,2,-11,-0.0003365227809942758,8.072560078089107e-05,0.00024159830799367046,-1.4198872219714249e-05,0.04219290051556947,15
3,-11,1,-20,2,-10,-0.0003365227809942758,8.072560078089107e-05,0.00026814142169328853,1.2344241479903852e-05,0.03668174096098958,15
3,-10,1,-20,2,-10,-0.0003718710651421799,8.072560078089107e-05,0.00026814142169328853,-2.300404266800029e-05,0.061860265087322674,15
3,-10,1,-20,2,-9,-0.0003718710651421799,8.072560078089107e-05,0.0003021884453905382,1.1042981029249326e-05,0.029695725385429462,15
3,-9,1,-20,2,-8,-0.00041802181163868305,8.072560078089107e-05,0.0003326425567156908,-4.653654142101188e-06,0.011132562972870831,15
3,-9,1,-20,2,-7,-0.00041802181163868305,8.072560078089107e-05,0.00036286508921045974,2.556887835266779e-05,0.06116637371728401,15
3,-8,1,-20,2,-7,-0.00046296983139094185,8.072560078089107e-05,0.00036286508921045974,-1.9379141399591016e-05,0.04185832442120153,15
3,-7,1,-20,2,-6,-0.0004995855633416565,8.072560078089107e-05,0.00042506408290257934,6.204120341813876e-06,0.012418534075155016,15
3,-6,1,-20,2,-5,-0.0005767572162567792,8.072560078089107e-05,0.0005139207856115777,1.78891701356896e-05,0.031016811981638262,15
3,-5,1,-20,2,-4,-0.0006723912615469056,8.072560078089107e-05,0.0006184286779740842,2.6763017208069674e-05,0.039802743935872374,15
3,-4,1,-20,2,-3,-0.0007440788469309187,8.072560078089107e-05,0.0006883901588102036,2.503691266017593e-05,0.03364819839113151,15
3,-3,1,-20,2,-2,-0.0008601000555226912,8.072560078089107e-05,0.0007709839009291044,-8.390553812695728e-06,0.009755322952045046,15
3,-1,1,-20,2,-1,-0.000998084207166912,8.072560078089107e-05,0.000894883579030094,-2.2475027355926976e-05,0.022518167499837437,15
3,1,1,-20,2,1,-0.0012998983166993359,8.072560078089107e-05,0.0011992510625692902,-1.9921653349154727e-05,0.015325547462619393,15
3,2,1,-20,2,2,-0.0014462919592611418,8.072560078089107e-05,0.0013846263257445758,1.9059967264324932e-05,0.013178506001002715,15
3,3,1,-20,2,3,-0.0016875888535549334,8.072560078089107e-05,0.0016105693803172012,3.706127543158782e-06,0.0021961080954948026,15
3,4,1,-20,2,4,-0.0019293062769633813,8.072560078089107e-05,0.0018458787080848657,-2.7019680976245533e-06,0.0014004868640542123,15
3,5,1,-20,2,5,-0.002171276389406632,8.072560078089107e-05,0.0020671941991908453,-2.3356589434895842e-05,0.010757077979040129,15
3,6,1,-20,2,7,-0.0024186606766848882,8.072560078089107e-05,0.002333641093116966,-4.293982787031275e-06,0.001775355604208515,15
3,8,1,-20,2,8,-0.002675512320323371,8.072560078089107e-05,0.0025823680571360795,-1.2418662406400282e-05,0.004641601652164817,15
3,9,1,-20,2,9,-0.0029334778136359597,8.072560078089107e-05,0.002837466283292238,-1.5285929562830654e-05,0.005210855692098858,15
3,10,1,-20,2,10,-0.003196341902933452,8.072560078089107e-05,0.0030974669448516055,-1.8149357300955606e-05,0.005678165181359034,15
3,11,1,-20,2,11,-0.003462185480912929,8.072560078089107e-05,0.0033613668070111803,-2.0093073120857566e-05,0.0058035807820323105,15
3,12,1,-20,2,12,-0.0037290325328913905,8.072560078089107e-05,0.003627023623815877,-2.128330829462245e-05,0.005707461146261427,15
3,13,1,-20,2,13,-0.0039955884824074,8.072560078089107e-05,0.0038929098475402085,-2.1953034086300525e-05,0.005494318091805467,15
3,14,1,-20,2,14,-0.00426138436982716,8.072560078089107e-05,0.004158149117255109,-2.2509651791159657e-05,0.0052822392531731745,15
3,15,1,-20,2,15,-0.004526260671995234,8.072560078089107e-05,0.004422542790612594,-2.299228060174789e-05,0.005079751757119327,15
3,16,1,-20,2,16,-0.004790467128105982,8.072560078089107e-05,0.004686172344532099,-2.3569182792991875e-05,0.004920017643939136,15
3,17,1,-20,2,17,-0.005054963890750095,8.072560078089107e-05,0.004949603322414242,-2.463496755496144e-05,0.00487342107429098,15
3,18,1,-20,2,18,-0.005320803084440166,8.072560078089107e-05,0.00521391637956139,-2.6161104097884198e-05,0.004916758557441854,15
3,19,1,-20,2,19,-0.005588836096595871,8.072560078089107e-05,0.0054802146612408995,-2.7895834574079986e-05,0.004991349556855171,15
3,20,1,-20,2,20,-0.005859085906608004,8.072560078089107e-05,0.005748811796314598,-2.9548509512514545e-05,0.005043194447650801,15
3,-20,1,-19,2,-20,-0.00019605922281280496,8.478197882193453e-05,0.0001393121823523654,2.8034938361494975e-05,0.14299219368151023,15
3,-19,1,-19,2,-20,-0.00020520786639738244,8.478197882193453e-05,0.0001393121823523654,1.8886294776917497e-05,0.09203494538725152,15
3,-18,1,-19,2,-20,-0.00021802434284338444,8.478197882193453e-05,0.0001393121823523654,6.0698183309154945e-06,0.027840094604828995,15
3,-17,1,-19,2,-20,-0.00023210374783301,8.478197882193453e-05,0.0001393121823523654,-8.009586658710066e-06,0.03450864853967229,15
3,-16,1,-19,2,-20,-0.0002424451729378146,8.478197882193453e-05,0.0001393121823523654,-1.835101176351467e-05,0.07569138845351055,15
3,-15,1,-19,2,-20,-0.00025471396317299346,8.478197882193453e-05,0.0001393121823523654,-3.0619801998693516e-05,0.12021249882519217,15
3,-19,1,-19,2,-19,-0.00020520786639738244,8.478197882193453e-05,0.00014613674776618418,2.5710860190736263e-05,0.12529178652901887,15
3,-18,1,-19,2,-19,-0.00021802434284338444,8.478197882193453e-05,0.00014613674776618418,1.289438374473426e-05,0.05914194523680692,15
3,-17,1,-19,2,-19,-0.00023210374783301,8.478197882193453e-05,0.00014613674776618418,-1.1850212448912998e-06,0.0051055670404076305,15
3,-16,1,-19,2,-19,-0.0002424451729378146,8.478197882193453e-05,0.00014613674776618418,-1.1526446349695903e-05,0.04754248645178162,15
3,-15,1,-19,2,-19,-0.00025471396317299346,8.478197882193453e-05,0.00014613674776618418,-2.379523658487475e-05,0.09341944308217527,15
3,-18,1,-19,2,-18,-0.00021802434284338444,8.478197882193453e-05,0.00015542391434663602,2.2181550325186107e-05,0.10173887023762294,15
3,-17,1,-19,2,-18,-0.00023210374783301,8.478197882193453e-05,0.00015542391434663602,8.102145335560547e-06,0.034907430023015995,15
3,-16,1,-19,2,-18,-0.0002424451729378146,8.478197882193453e-05,0.00015542391434663602,-2.239279769244057e-06,0.009236231606963838,15
3,-15,1,-19,2,-18,-0.00025471396317299346,8.478197882193453e-05,0.00015542391434663602,-1.4508070004422903e-05,0.05695828302341436,15
3,-17,1,-19,2,-17,-0.00023210374783301,8.478197882193453e-05,0.0001654511913622877,1.812942235121222e-05,0.07810913231894757,15
3,-16,1,-19,2,-17,-0.0002424451729378146,8.478197882193453e-05,0.0001654511913622877,7.787997246407616e-06,0.03212271521860813,15
3,-15,1,-19,2,-17,-0.00025471396317299346,8.478197882193453e-05,0.0001654511913622877,-4.48079298877123e-06,0.017591469792050705,15
3,-14,1,-19,2,-17,-0.0002744146363829793,8.478197882193453e-05,0.0001654511913622877,-2.418146619875708e-05,0.08812017652370727,15
3,-17,1,-19,2,-16,-0.00023210374783301,8.478197882193453e-05,0.00017249671507286419,2.517494606178871e-05,0.10846419455450218,15
3,-16,1,-19,2,-16,-0.0002424451729378146,8.478197882193453e-05,0.00017249671507286419,1.4833520956984106e-05,0.0611829915078936,15
3,-15,1,-19,2,-16,-0.00025471396317299346,8.478197882193453e-05,0.00017249671507286419,2.56473072180526e-06,0.010069062134859792,15
3,-14,1,-19,2,-16,-0.0002744146363829793,8.478197882193453e-05,0.00017249671507286419,-1.713594248818059e-05,0.06244543918665212,15
3,-16,1,-19,2,-15,-0.0002424451729378146,8.478197882193453e-05,0.0001819548751341122,2.429168101823211e-05,0.10019453356764808,15
3,-15,1,-19,2,-15,-0.00025471396317299346,8.478197882193453e-05,0.0001819548751341122,1.2022890783053265e-05,0.04720153788698151,15
3,-14,1,-19,2,-15,-0.0002744146363829793,8.478197882193453e-05,0.0001819548751341122,-7.677782426932585e-06,0.02797876428215475,15
3,-13,1,-19,2,-15,-0.00029772968919625274,8.478197882193453e-05,0.0001819548751341122,-3.099283524020602e-05,0.10409722766941343,15
3,-15,1,-19,2,-14,-0.00025471396317299346,8.478197882193453e-05,0.00019644874332665755,2.6516758975598598e-05,0.10410406498833862,15
3,-14,1,-19,2,-14,-0.0002744146363829793,8.478197882193453e-05,0.00019644874332665755,6.8160857656127485e-06,0.024838637819959663,15
3,-13,1,-19,2,-14,-0.00029772968919625274,8.478197882193453e-05,0.00019644874332665755,-1.649896704766069e-05,0.05541592809303328,15
3,-14,1,-19,2,-13,-0.0002744146363829793,8.478197882193453e-05,0.00021328352758161109,2.3650870020566338e-05,0.08618662011729813,15
3,-13,1,-19,2,-13,-0.00029772968919625274,8.478197882193453e-05,0.00021328352758161109,3.3581720729290027e-07,0.001127926503397992,15
3,-12,1,-19,2,-13,-0.0003175654528598886,8.478197882193453e-05,0.00021328352758161109,-1.9499946456342956e-05,0.0614044956110085,15
3,-13,1,-19,2,-12,-0.00029772968919625274,8.478197882193453e-05,0.00022661345866183688,1.3665748287518698e-05,0.04589985071495751,15
3,-12,1,-19,2,-12,-0.0003175654528598886,8.478197882193453e-05,0.00022661345866183688,-6.170015376117158e-06,0.01942911396863877,15
3,-11,1,-19,2,-12,-0.0003365227809942758,8.478197882193453e-05,0.00022661345866183688,-2.5127343510504335e-05,0.074667585464093,15
3,-13,1,-19,2,-11,-0.00029772968919625274,8.478197882193453e-05,0.00024159830799367046,2.8650597619352244e-05,0.09623023386312944,15
3,-12,1,-19,2,-11,-0.0003175654528598886,8.478197882193453e-05,0.00024159830799367046,8.814833955716388e-06,0.027757534317202744,15
3,-11,1,-19,2,-11,-0.0003365227809942758,8.478197882193453e-05,0.00024159830799367046,-1.0142494178670789e-05,0.03013910127779228,15
3,-11,1,-19,2,-10,-0.0003365227809942758,8.478197882193453e-05,0.00026814142169328853,1.640061952094731e-05,0.04873554019876677,15
3,-10,1,-19,2,-10,-0.0003718710651421799,8.478197882193453e-05,0.00026814142169328853,-1.894766462695683e-05,0.05095224233085315,15
3,-10,1,-19,2,-9,-0.0003718710651421799,8.478197882193453e-05,0.0003021884453905382,1.5099359070292785e-05,0.04060374814189899,15
3,-9,1,-19,2,-9,-0.00041802181163868305,8.478197882193453e-05,0.0003021884453905382,-3.105138742621035e-05,0.07428173976014821,15
3,-9,1,-19,2,-8,-0.00041802181163868305,8.478197882193453e-05,0.0003326425567156908,-5.972761010577285e-07,0.0014288156369552884,15
3,-9,1,-19,2,-7,-0.00041802181163868305,8.478197882193453e-05,0.00036286508921045974,2.962525639371125e-05,0.07087012105319955,15
3,-8,1,-19,2,-7,-0.00046296983139094185,8.478197882193453e-05,0.00036286508921045974,-1.5322763358547556e-05,0.03309667783862288,15
3,-7,1,-19,2,-6,-0.0004995855633416565,8.478197882193453e-05,0.00042506408290257934,1.0260498382857336e-05,0.020538020182621627,15
3,-6,1,-19,2,-5,-0.0005767572162567792,8.478197882193453e-05,0.0005139207856115777,2.194554817673306e-05,0.03804988920496252,15
3,-5,1,-19,2,-4,-0.0006723912615469056,8.478197882193453e-05,0.0006184286779740842,3.081939524911313e-05,0.0458355082994534,15
3,-4,1,-19,2,-3,-0.0007440788469309187,8.478197882193453e-05,0.0006883901588102036,2.909329070121939e-05,0.03909974167552226,15
3,-3,1,-19,2,-2,-0.0008601000555226912,8.478197882193453e-05,0.0007709839009291044,-4.334175771652268e-06,0.0050391529960062,15
3,-1,1,-19,2,-1,-0.000998084207166912,8.478197882193453e-05,0.000894883579030094,-1.8418649314883625e-05,0.018454003362266835,15
3,1,1,-19,2,1,-0.0012998983166993359,8.478197882193453e-05,0.0011992510625692902,-1.5865275308111267e-05,0.012205012580057734,15
3,2,1,-19,2,2,-0.0014462919592611418,8.478197882193453e-05,0.0013846263257445758,2.3116345305368392e-05,0.015983180406518815,15
3,3,1,-19,2,3,-0.0016875888535549334,8.478197882193453e-05,0.0016105693803172012,7.762505584202242e-06,0.004599761113526199,15
3,4,1,-19,2,4,-0.0019293062769633813,8.478197882193453e-05,0.0018458787080848657,1.3544099434189064e-06,0.0007020191452187005,15
3,5,1,-19,2,5,-0.002171276389406632,8.478197882193453e-05,0.0020671941991908453,-1.9300211393852382e-05,0.008888878213761978,15
3,6,1,-19,2,7,-0.0024186606766848882,8.478197882193453e-05,0.002333641093116966,-2.3760474598781556e-07,9.823814819426676e-05,15
3,8,1,-19,2,8,-0.002675512320323371,8.478197882193453e-05,0.0025823680571360795,-8.362284365356822e-06,0.0031254890145099874,15
3,9,1,-19,2,9,-0.0029334778136359597,8.478197882193453e-05,0.002837466283292238,-1.1229551521787194e-05,0.0038280676504822424,15
3,10,1,-19,2,10,-0.003196341902933452,8.478197882193453e-05,0.0030974669448516055,-1.4092979259912146e-05,0.004409096300673677,15
3,11,1,-19,2,11,-0.003462185480912929,8.478197882193453e-05,0.0033613668070111803,-1.6036695079814107e-05,0.004631957232859015,15
3,12,1,-19,2,12,-0.0037290325328913905,8.478197882193453e-05,0.003627023623815877,-1.722693025357899e-05,0.004619678187742089,15
3,13,1,-19,2,13,-0.0039955884824074,8.478197882193453e-05,0.0038929098475402085,-1.7896656045257066e-05,0.004479103922752844,15
3,14,1,-19,2,14,-0.00426138436982716,8.478197882193453e-05,0.004158149117255109,-1.8453273750116198e-05,0.004330347170927614,15
3,15,1,-19,2,15,-0.004526260671995234,8.478197882193453e-05,0.004422542790612594,-1.8935902560704432e-05,0.00418356430018805,15
3,16,1,-19,2,16,-0.004790467128105982,8.478197882193453e-05,0.004686172344532099,-1.9512804751948415e-05,0.004073257206476905,15
3,17,1,-19,2,17,-0.005054963890750095,8.478197882193453e-05,0.004949603322414242,-2.057858951391798e-05,0.004070966669331513,15
3,18,1,-19,2,18,-0.005320803084440166,8.478197882193453e-05,0.00521391637956139,-2.210472605684074e-05,0.00415439656496262,15
3,19,1,-19,2,19,-0.005588836096595871,8.478197882193453e-05,0.0054802146612408995,-2.3839456533036527e-05,0.004265549413330802,15
3,20,1,-19,2,20,-0.005859085906608004,8.478197882193453e-05,0.005748811796314598,-2.5492131471471086e-05,0.004350871770410553,15
3,-19,1,-18,2,-20,-0.00020520786639738244,9.022666331180865e-05,0.0001393121823523654,2.4330979266791604e-05,0.11856747840102275,15
3,-18,1,-18,2,-20,-0.00021802434284338444,9.022666331180865e-05,0.0001393121823523654,1.1514502820789602e-05,0.0528129229544837,15
3,-17,1,-18,2,-20,-0.00023210374783301,9.022666331180865e-05,0.0001393121823523654,-2.564902168835959e-06,0.011050671058880576,15
3,-16,1,-18,2,-20,-0.0002424451729378146,9.022666331180865e-05,0.0001393121823523654,-1.2906327273640562e-05,0.05323400386672553,15
3,-15,1,-18,2,-20,-0.00025471396317299346,9.022666331180865e-05,0.0001393121823523654,-2.517511750881941e-05,0.09883681756277055,15
3,-19,1,-18,2,-19,-0.00020520786639738244,9.022666331180865e-05,0.00014613674776618418,3.11555446806104e-05,0.15182431954279024,15
3,-18,1,-18,2,-19,-0.00021802434284338444,9.022666331180865e-05,0.00014613674776618418,1.8339068234608395e-05,0.08411477358646176,15
3,-17,1,-18,2,-19,-0.00023210374783301,9.022666331180865e-05,0.00014613674776618418,4.2596632449828345e-06,0.0183524104403842,15
3,-16,1,-18,2,-19,-0.0002424451729378146,9.022666331180865e-05,0.00014613674776618418,-6.081761859821769e-06,0.025085101864996486,15
3,-15,1,-18,2,-19,-0.00025471396317299346,9.022666331180865e-05,0.00014613674776618418,-1.8350552095000615e-05,0.07204376181975354,15
3,-18,1,-18,2,-18,-0.00021802434284338444,9.022666331180865e-05,0.00015542391434663602,2.7626234815060214e-05,0.12671169858727765,15
3,-17,1,-18,2,-18,-0.00023210374783301,9.022666331180865e-05,0.00015542391434663602,1.3546829825434654e-05,0.058365407503807705,15
3,-16,1,-18,2,-18,-0.0002424451729378146,9.022666331180865e-05,0.00015542391434663602,3.2054047206300502e-06,0.013221152979821186,15
3,-15,1,-18,2,-18,-0.00025471396317299346,9.022666331180865e-05,0.00015542391434663602,-9.063385514548796e-06,0.03558260176099274,15
3,-14,1,-18,2,-18,-0.0002744146363829793,9.022666331180865e-05,0.00015542391434663602,-2.8764058724534646e-05,0.10481969585758856,15
3,-17,1,-18,2,-17,-0.00023210374783301,9.022666331180865e-05,0.0001654511913622877,2.3574106841086354e-05,0.1015671097997394,15
3,-16,1,-18,2,-17,-0.0002424451729378146,9.022666331180865e-05,0.0001654511913622877,1.323268173628175e-05,0.05458009980539326,15
3,-15,1,-18,2,-17,-0.00025471396317299346,9.022666331180865e-05,0.0001654511913622877,9.63891501102904e-07,0.003784211470371023,15
3,-14,1,-18,2,-17,-0.0002744146363829793,9.022666331180865e-05,0.0001654511913622877,-1.8736781708882945e-05,0.0682790901966813,15
3,-17,1,-18,2,-16,-0.00023210374783301,9.022666331180865e-05,0.00017249671507286419,3.0619630551662844e-05,0.131922172035294,15
3,-16,1,-18,2,-16,-0.0002424451729378146,9.022666331180865e-05,0.00017249671507286419,2.027820544685824e-05,0.08364037609467874,15
3,-15,1,-18,2,-16,-0.00025471396317299346,9.022666331180865e-05,0.00017249671507286419,8.009415211679394e-06,0.03144474339728152,15
3,-14,1,-18,2,-16,-0.0002744146363829793,9.022666331180865e-05,0.00017249671507286419,-1.1691257998306455e-05,0.04260435285962615,15
3,-16,1,-18,2,-15,-0.0002424451729378146,9.022666331180865e-05,0.0001819548751341122,2.9736365508106245e-05,0.12265191815443321,15
3,-15,1,-18,2,-15,-0.00025471396317299346,9.022666331180865e-05,0.0001819548751341122,1.74675752729274e-05,0.06857721914940325,15
3,-14,1,-18,2,-15,-0.0002744146363829793,9.022666331180865e-05,0.0001819548751341122,-2.2330979370584507e-06,0.00813767795512878,15
3,-13,1,-18,2,-15,-0.00029772968919625274,9.022666331180865e-05,0.0001819548751341122,-2.554815075033189e-05,0.08580988620685209,15
3,-14,1,-18,2,-14,-0.0002744146363829793,9.022666331180865e-05,0.00019644874332665755,1.2260770255486883e-05,0.044679724146985636,15
3,-13,1,-18,2,-14,-0.00029772968919625274,9.022666331180865e-05,0.00019644874332665755,-1.1054282557786555e-05,0.03712858663047194,15
3,-12,1,-18,2,-14,-0.0003175654528598886,9.022666331180865e-05,0.00019644874332665755,-3.089004622142241e-05,0.09727143158437719,15
3,-14,1,-18,2,-13,-0.0002744146363829793,9.022666331180865e-05,0.00021328352758161109,2.9095554510440418e-05,0.10602770644432391,15
3,-13,1,-18,2,-13,-0.00029772968919625274,9.022666331180865e-05,0.00021328352758161109,5.78050169716698e-06,0.019415267965959153,15
3,-12,1,-18,2,-13,-0.0003175654528598886,9.022666331180865e-05,0.00021328352758161109,-1.4055261966468876e-05,0.044259417515009496,15
3,-13,1,-18,2,-12,-0.00029772968919625274,9.022666331180865e-05,0.00022661345866183688,1.9110432777392778e-05,0.06418719217751867,15
3,-12,1,-18,2,-12,-0.0003175654528598886,9.022666331180865e-05,0.00022661345866183688,-7.253308862430782e-07,0.0022840358726397662,15
3,-11,1,-18,2,-12,-0.0003365227809942758,9.022666331180865e-05,0.00022661345866183688,-1.9682659020630255e-05,0.058488340558926544,15
3,-12,1,-18,2,-11,-0.0003175654528598886,9.022666331180865e-05,0.00024159830799367046,1.4259518445590522e-05,0.04490261241320192,15
3,-11,1,-18,2,-11,-0.0003365227809942758,9.022666331180865e-05,0.00024159830799367046,-4.6978096887966545e-06,0.013959856372625673,15
3,-11,1,-18,2,-10,-0.0003365227809942758,9.022666331180865e-05,0.00026814142169328853,2.184530401082139e-05,0.06491478510393321,15
3,-10,1,-18,2,-10,-0.0003718710651421799,9.022666331180865e-05,0.00026814142169328853,-1.350298013708275e-05,0.036310919032972,15
3,-10,1,-18,2,-9,-0.0003718710651421799,9.022666331180865e-05,0.0003021884453905382,2.054404356016692e-05,0.05524507143978029,15
3,-9,1,-18,2,-9,-0.00041802181163868305,9.022666331180865e-05,0.0003021884453905382,-2.5606702936336212e-05,0.061256858430318833,15
3,-9,1,-18,2,-8,-0.00041802181163868305,9.022666331180865e-05,0.0003326425567156908,4.847408388816406e-06,0.011596065692874085,15
3,-8,1,-18,2,-7,-0.00046296983139094185,9.022666331180865e-05,0.00036286508921045974,-9.878078868673476e-06,0.021336333814658888,15
3,-7,1,-18,2,-6,-0.0004995855633416565,9.022666331180865e-05,0.00042506408290257934,1.570518287273147e-05,0.03143642255729278,15
3,-6,1,-18,2,-5,-0.0005767572162567792,9.022666331180865e-05,0.0005139207856115777,2.7390232666607193e-05,0.047490056291576134,15
3,-3,1,-18,2,-2,-0.0008601000555226912,9.022666331180865e-05,0.0007709839009291044,1.1105087182218662e-06,0.0012911389914362918,15
3,-1,1,-18,2,-1,-0.000998084207166912,9.022666331180865e-05,0.000894883579030094,-1.297396482500949e-05,0.012998867963091437,15
3,1,1,-18,2,1,-0.0012998983166993359,9.022666331180865e-05,0.0011992510625692902,-1.0420590818237133e-05,0.008016466122286238,15
3,2,1,-18,2,2,-0.0014462919592611418,9.022666331180865e-05,0.0013846263257445758,2.8561029795242526e-05,0.01974776227742656,15
3,3,1,-18,2,3,-0.0016875888535549334,9.022666331180865e-05,0.0016105693803172012,1.3207190074076376e-05,0.007826070933246101,15
3,4,1,-18,2,4,-0.0019293062769633813,9.022666331180865e-05,0.0018458787080848657,6.799094433293041e-06,0.003524113571016018,15
3,5,1,-18,2,5,-0.002171276389406632,9.022666331180865e-05,0.0020671941991908453,-1.3855526903978031e-05,0.006381281983066411,15
3,6,1,-18,2,7,-0.0024186606766848882,9.022666331180865e-05,0.002333641093116966,5.207079743886536e-06,0.0021528773316906794,15
3,8,1,-18,2,8,-0.002675512320323371,9.022666331180865e-05,0.0025823680571360795,-2.917599875482471e-06,0.0010904826912289608,15
3,9,1,-18,2,9,-0.0029334778136359597,9.022666331180865e-05,0.002837466283292238,-5.784867031912843e-06,0.001972016629893195,15
3,10,1,-18,2,10,-0.003196341902933452,9.022666331180865e-05,0.0030974669448516055,-8.648294770037795e-06,0.002705685134027995,15
3,11,1,-18,2,11,-0.003462185480912929,9.022666331180865e-05,0.0033613668070111803,-1.0592010589939756e-05,0.003059342328229854,15
3,12,1,-18,2,12,-0.0037290325328913905,9.022666331180865e-05,0.003627023623815877,-1.1782245763704638e-05,0.0031595985446040086,15
3,13,1,-18,2,13,-0.0039955884824074,9.022666331180865e-05,0.0038929098475402085,-1.2451971555383148e-05,0.003116429935217116,15
3,14,1,-18,2,14,-0.00426138436982716,9.022666331180865e-05,0.004158149117255109,-1.300858926024228e-05,0.0030526674271276547,15
3,15,1,-18,2,15,-0.004526260671995234,9.022666331180865e-05,0.004422542790612594,-1.3491218070830514e-05,0.0029806542416575873,15
3,16,1,-18,2,16,-0.004790467128105982,9.022666331180865e-05,0.004686172344532099,-1.4068120262074497e-05,0.0029366906996472057,15
3,17,1,-18,2,17,-0.005054963890750095,9.022666331180865e-05,0.004949603322414242,-1.5133905024044061e-05,0.002993870055478947,15
3,18,1,-18,2,18,-0.005320803084440166,9.022666331180865e-05,0.00521391637956139,-1.666004156696682e-05,0.0031311141011187648,15
3,19,1,-18,2,19,-0.005588836096595871,9.022666331180865e-05,0.0054802146612408995,-1.839477204316261e-05,0.003291342190973674,15
3,20,1,-18,2,20,-0.005859085906608004,9.022666331180865e-05,0.005748811796314598,-2.0047446981597168e-05,0.0034215997684873033,15
3,-19,1,-17,2,-20,-0.00020520786639738244,9.604201341396486e-05,0.0001393121823523654,3.0146329368947825e-05,0.1469063048030032,15
3,-18,1,-17,2,-20,-0.00021802434284338444,9.604201341396486e-05,0.0001393121823523654,1.7329852922945822e-05,0.07948586243598746,15
3,-17,1,-17,2,-20,-0.00023210374783301,9.604201341396486e-05,0.0001393121823523654,3.250447933320262e-06,0.014004288873692974,15
3,-16,1,-17,2,-20,-0.0002424451729378146,9.604201341396486e-05,0.0001393121823523654,-7.090977171484342e-06,0.029247755628870057,15
3,-15,1,-17,2,-20,-0.00025471396317299346,9.604201341396486e-05,0.0001393121823523654,-1.9359767406663188e-05,0.07600591332134651,15
3,-18,1,-17,2,-19,-0.00021802434284338444,9.604201341396486e-05,0.00014613674776618418,2.415441833676459e-05,0.1107877130679654,15
3,-17,1,-17,2,-19,-0.00023210374783301,9.604201341396486e-05,0.00014613674776618418,1.0075013347139028e-05,0.04340737037295763,15
3,-16,1,-17,2,-19,-0.0002424451729378146,9.604201341396486e-05,0.00014613674776618418,-2.664117576655755e-07,0.0010988536271411276,15
3,-15,1,-17,2,-19,-0.00025471396317299346,9.604201341396486e-05,0.00014613674776618418,-1.2535201992844422e-05,0.04921285757832962,15
3,-17,1,-17,2,-18,-0.00023210374783301,9.604201341396486e-05,0.00015542391434663602,1.9362179927590847e-05,0.08342036743638113,15
3,-16,1,-17,2,-18,-0.0002424451729378146,9.604201341396486e-05,0.00015542391434663602,9.020754822786244e-06,0.037207401217676545,15
3,-15,1,-17,2,-18,-0.00025471396317299346,9.604201341396486e-05,0.00015542391434663602,-3.2480354123926025e-06,0.012751697519568813,15
3,-14,1,-17,2,-18,-0.0002744146363829793,9.604201341396486e-05,0.00015542391434663602,-2.2948708622378452e-05,0.08362785937682533,15
3,-17,1,-17,2,-17,-0.00023210374783301,9.604201341396486e-05,0.0001654511913622877,2.9389456943242548e-05,0.12662206973231283,15
3,-16,1,-17,2,-17,-0.0002424451729378146,9.604201341396486e-05,0.0001654511913622877,1.9048031838437944e-05,0.07856634804324862,15
3,-15,1,-17,2,-17,-0.00025471396317299346,9.604201341396486e-05,0.0001654511913622877,6.779241603259098e-06,0.026615115711794948,15
3,-14,1,-17,2,-17,-0.0002744146363829793,9.604201341396486e-05,0.0001654511913622877,-1.2921431606726752e-05,0.047087253715918084,15
3,-16,1,-17,2,-16,-0.0002424451729378146,9.604201341396486e-05,0.00017249671507286419,2.6093555549014434e-05,0.10762662433253409,15
3,-15,1,-17,2,-16,-0.00025471396317299346,9.604201341396486e-05,0.00017249671507286419,1.3824765313835588e-05,0.054275647638705446,15
3,-14,1,-17,2,-16,-0.0002744146363829793,9.604201341396486e-05,0.00017249671507286419,-5.875907896150262e-06,0.021412516378862937,15
3,-13,1,-17,2,-16,-0.00029772968919625274,9.604201341396486e-05,0.00017249671507286419,-2.91909607094237e-05,0.09804517912952264,15
3,-15,1,-17,2,-15,-0.00025471396317299346,9.604201341396486e-05,0.0001819548751341122,2.3282925375083593e-05,0.09140812339082717,15
3,-14,1,-17,2,-15,-0.0002744146363829793,9.604201341396486e-05,0.0001819548751341122,3.582252165097743e-06,0.013054158525634435,15
3,-13,1,-17,2,-15,-0.00029772968919625274,9.604201341396486e-05,0.0001819548751341122,-1.9732800648175695e-05,0.06627757111306605,15
3,-14,1,-17,2,-14,-0.0002744146363829793,9.604201341396486e-05,0.00019644874332665755,1.8076120357643076e-05,0.06587156062774885,15
3,-13,1,-17,2,-14,-0.00029772968919625274,9.604201341396486e-05,0.00019644874332665755,-5.2389324556303615e-06,0.0175962715366859,15
3,-12,1,-17,2,-14,-0.0003175654528598886,9.604201341396486e-05,0.00019644874332665755,-2.5074696119266218e-05,0.07895914336226395,15
3,-13,1,-17,2,-13,-0.00029772968919625274,9.604201341396486e-05,0.00021328352758161109,1.1595851799323228e-05,0.03894758305974537,15
3,-12,1,-17,2,-13,-0.0003175654528598886,9.604201341396486e-05,0.00021328352758161109,-8.239911864312628e-06,0.025947129292896092,15
3,-11,1,-17,2,-13,-0.0003365227809942758,9.604201341396486e-05,0.00021328352758161109,-2.7197239998699805e-05,0.08081842161872074,15
3,-13,1,-17,2,-12,-0.00029772968919625274,9.604201341396486e-05,0.00022661345866183688,2.4925782879549026e-05,0.0837195072713049,15
3,-12,1,-17,2,-12,-0.0003175654528598886,9.604201341396486e-05,0.00022661345866183688,5.09001921591317e-06,0.016028252349473637,15
3,-11,1,-17,2,-12,-0.0003365227809942758,9.604201341396486e-05,0.00022661345866183688,-1.3867308918474007e-05,0.04120763794208003,15
3,-12,1,-17,2,-11,-0.0003175654528598886,9.604201341396486e-05,0.00024159830799367046,2.0074868547746716e-05,0.06321490063531515,15
3,-11,1,-17,2,-11,-0.0003365227809942758,9.604201341396486e-05,0.00024159830799367046,1.117540413359539e-06,0.00332084624422068,15
3,-11,1,-17,2,-10,-0.0003365227809942758,9.604201341396486e-05,0.00026814142169328853,2.766065411297764e-05,0.08219548772077973,15
3,-10,1,-17,2,-10,-0.0003718710651421799,9.604201341396486e-05,0.00026814142169328853,-7.687630034926502e-06,0.020672837323299782,15
3,-10,1,-17,2,-9,-0.0003718710651421799,9.604201341396486e-05,0.0003021884453905382,2.6359393662323113e-05,0.07088315314945236,15
3,-9,1,-17,2,-9,-0.00041802181163868305,9.604201341396486e-05,0.0003021884453905382,-1.979135283418002e-05,0.04734526353205384,15
3,-9,1,-17,2,-8,-0.00041802181163868305,9.604201341396486e-05,0.0003326425567156908,1.06627584909726e-05,0.02550766059113908,15
3,-8,1,-17,2,-7,-0.00046296983139094185,9.604201341396486e-05,0.00036286508921045974,-4.062728766517228e-06,0.008775363946093868,15
3,-7,1,-17,2,-6,-0.0004995855633416565,9.604201341396486e-05,0.00042506408290257934,2.1520532974887664e-05,0.04307677113593894,15
3,-4,1,-17,2,-4,-0.0007440788469309187,9.604201341396486e-05,0.0006184286779740842,-2.9608155542869686e-05,0.039791690981397496,15
3,-3,1,-17,2,-2,-0.0008601000555226912,9.604201341396486e-05,0.0007709839009291044,6.92585882037806e-06,0.008052387365757287,15
3,-1,1,-17,2,-1,-0.000998084207166912,9.604201341396486e-05,0.000894883579030094,-7.158614722853297e-06,0.007172355470059196,15
3,0,1,-17,2,0,-0.001168345950483926,9.604201341396486e-05,0.0010448703139708233,-2.7433623099137926e-05,0.023480736238932473,15
3,1,1,-17,2,1,-0.0012998983166993359,9.604201341396486e-05,0.0011992510625692902,-4.605240716080939e-06,0.003542769966634339,15
3,3,1,-17,2,3,-0.0016875888535549334,9.604201341396486e-05,0.0016105693803172012,1.902254017623257e-05,0.011272022884105497,15
3,4,1,-17,2,4,-0.0019293062769633813,9.604201341396486e-05,0.0018458787080848657,1.2614444535449234e-05,0.006538331775555955,15
3,5,1,-17,2,5,-0.002171276389406632,9.604201341396486e-05,0.0020671941991908453,-8.040176801821838e-06,0.003702972519320335,15
3,6,1,-17,2,7,-0.0024186606766848882,9.604201341396486e-05,0.002333641093116966,1.102242984604273e-05,0.004557245235884228,15
3,8,1,-17,2,8,-0.002675512320323371,9.604201341396486e-05,0.0025823680571360795,2.8977502266737225e-06,0.0010830636826682568,15
3,9,1,-17,2,9,-0.0029334778136359597,9.604201341396486e-05,0.002837466283292238,3.048307024335062e-08,1.0391443937858779e-05,15
3,10,1,-17,2,10,-0.003196341902933452,9.604201341396486e-05,0.0030974669448516055,-2.832944667881601e-06,0.0008863083968838433,15
3,11,1,-17,2,11,-0.003462185480912929,9.604201341396486e-05,0.0033613668070111803,-4.776660487783562e-06,0.001379666258239875,15
3,12,1,-17,2,12,-0.0037290325328913905,9.604201341396486e-05,0.003627023623815877,-5.966895661548444e-06,0.001600118960861378,15
3,13,1,-17,2,13,-0.0039955884824074,9.604201341396486e-05,0.0038929098475402085,-6.636621453226521e-06,0.0016609872319052889,15
3,14,1,-17,2,14,-0.00426138436982716,9.604201341396486e-05,0.004158149117255109,-7.19323915808652e-06,0.0016880052428545128,15
3,15,1,-17,2,15,-0.004526260671995234,9.604201341396486e-05,0.004422542790612594,-7.675867968674754e-06,0.0016958519459930117,15
3,16,1,-17,2,16,-0.004790467128105982,9.604201341396486e-05,0.004686172344532099,-8.252770159918738e-06,0.0017227485210156643,15
3,17,1,-17,2,17,-0.005054963890750095,9.604201341396486e-05,0.004949603322414242,-9.318554921888302e-06,0.0018434463872115893,15
3,18,1,-17,2,18,-0.005320803084440166,9.604201341396486e-05,0.00521391637956139,-1.0844691464811061e-05,0.002038168166103463,15
3,19,1,-17,2,19,-0.005588836096595871,9.604201341396486e-05,0.0054802146612408995,-1.257942194100685e-05,0.002250812463201221,15
3,20,1,-17,2,20,-0.005859085906608004,9.604201341396486e-05,0.005748811796314598,-1.4232096879441408e-05,0.0024290643807407127,15
3,-18,1,-16,2,-20,-0.00021802434284338444,0.00010005036405775381,0.0001393121823523654,2.1338203566734763e-05,0.09787073905808234,15
3,-17,1,-16,2,-20,-0.00023210374783301,0.00010005036405775381,0.0001393121823523654,7.258798577109202e-06,0.03127393954160377,15
3,-16,1,-16,2,-20,-0.0002424451729378146,0.00010005036405775381,0.0001393121823523654,-3.0826265276954015e-06,0.012714736657124835,15
3,-15,1,-16,2,-20,-0.00025471396317299346,0.00010005036405775381,0.0001393121823523654,-1.5351416762874248e-05,0.060269239156112,15
3,-18,1,-16,2,-19,-0.00021802434284338444,0.00010005036405775381,0.00014613674776618418,2.8162768980553556e-05,0.1291725896900604,15
3,-17,1,-16,2,-19,-0.00023210374783301,0.00010005036405775381,0.00014613674776618418,1.4083363990927995e-05,0.06067702104086855,15
3,-16,1,-16,2,-19,-0.0002424451729378146,0.00010005036405775381,0.00014613674776618418,3.741938886123392e-06,0.015434165344604206,15
3,-15,1,-16,2,-19,-0.00025471396317299346,0.00010005036405775381,0.00014613674776618418,-8.526851349055454e-06,0.033476183413095,15
3,-14,1,-16,2,-19,-0.0002744146363829793,0.00010005036405775381,0.00014613674776618418,-2.8227524559041304e-05,0.10286450070996334,15
3,-17,1,-16,2,-18,-0.00023210374783301,0.00010005036405775381,0.00015542391434663602,2.3370530571379815e-05,0.10069001810429205,15
3,-16,1,-16,2,-18,-0.0002424451729378146,0.00010005036405775381,0.00015542391434663602,1.3029105466575211e-05,0.05374042018942188,15
3,-15,1,-16,2,-18,-0.00025471396317299346,0.00010005036405775381,0.00015542391434663602,7.603152313963649e-07,0.002984976645665803,15
3,-14,1,-16,2,-18,-0.0002744146363829793,0.00010005036405775381,0.00015542391434663602,-1.8940357978589485e-05,0.0690209466529908,15
3,-16,1,-16,2,-17,-0.0002424451729378146,0.00010005036405775381,0.0001654511913622877,2.305638248222691e-05,0.09509936701499395,15
3,-15,1,-16,2,-17,-0.00025471396317299346,0.00010005036405775381,0.0001654511913622877,1.0787592247048065e-05,0.04235178987702956,15
3,-14,1,-16,2,-17,-0.0002744146363829793,0.00010005036405775381,0.0001654511913622877,-8.913080962937785e-06,0.03248034099208355,15
3,-16,1,-16,2,-16,-0.0002424451729378146,0.00010005036405775381,0.00017249671507286419,3.01019061928034e-05,0.12415964330427942,15
3,-15,1,-16,2,-16,-0.00025471396317299346,0.00010005036405775381,0.00017249671507286419,1.7833115957624555e-05,0.07001232180394006,15
3,-14,1,-16,2,-16,-0.0002744146363829793,0.00010005036405775381,0.00017249671507286419,-1.8675572523612943e-06,0.006805603655028403,15
3,-13,1,-16,2,-16,-0.00029772968919625274,0.00010005036405775381,0.00017249671507286419,-2.5182610065634732e-05,0.0845821259331489,15
3,-15,1,-16,2,-15,-0.00025471396317299346,0.00010005036405775381,0.0001819548751341122,2.729127601887256e-05,0.10714479755606178,15
3,-14,1,-16,2,-15,-0.0002744146363829793,0.00010005036405775381,0.0001819548751341122,7.59060280888671e-06,0.02766107124946897,15
3,-13,1,-16,2,-15,-0.00029772968919625274,0.00010005036405775381,0.0001819548751341122,-1.5724450004386728e-05,0.052814517916692325,15
3,-14,1,-16,2,-14,-0.0002744146363829793,0.00010005036405775381,0.00019644874332665755,2.2084471001432044e-05,0.08047847335158338,15
3,-13,1,-16,2,-14,-0.00029772968919625274,0.00010005036405775381,0.00019644874332665755,-1.2305818118413941e-06,0.004133218340312171,15
3,-12,1,-16,2,-14,-0.0003175654528598886,0.00010005036405775381,0.00019644874332665755,-2.106634547547725e-05,0.06633701898541157,15
3,-13,1,-16,2,-13,-0.00029772968919625274,0.00010005036405775381,0.00021328352758161109,1.560420244311214e-05,0.05241063625611892,15
3,-12,1,-16,2,-13,-0.0003175654528598886,0.00010005036405775381,0.00021328352758161109,-4.231561220523715e-06,0.013325004916043876,15
3,-11,1,-16,2,-13,-0.0003365227809942758,0.00010005036405775381,0.00021328352758161109,-2.3188889354910892e-05,0.06890733901104108,15
3,-13,1,-16,2,-12,-0.00029772968919625274,0.00010005036405775381,0.00022661345866183688,2.893413352333794e-05,0.09718256046767844,15
3,-12,1,-16,2,-12,-0.0003175654528598886,0.00010005036405775381,0.00022661345866183688,9.098369859702083e-06,0.028650376726325855,15
3,-11,1,-16,2,-12,-0.0003365227809942758,0.00010005036405775381,0.00022661345866183688,-9.858958274685094e-06,0.02929655533440036,15
3,-12,1,-16,2,-11,-0.0003175654528598886,0.00010005036405775381,0.00024159830799367046,2.4083219191535683e-05,0.07583702501216753,15
3,-11,1,-16,2,-11,-0.0003365227809942758,0.00010005036405775381,0.00024159830799367046,5.1258910571485065e-06,0.015231928851900512,15
3,-10,1,-16,2,-11,-0.0003718710651421799,0.00010005036405775381,0.00024159830799367046,-3.0222393090755635e-05,0.0812711606889891,15
3,-10,1,-16,2,-10,-0.0003718710651421799,0.00010005036405775381,0.00026814142169328853,-3.6792793911375886e-06,0.009893965236931961,15
3,-10,1,-16,2,-9,-0.0003718710651421799,0.00010005036405775381,0.0003021884453905382,3.036774430611208e-05,0.08166202523582032,15
3,-9,1,-16,2,-9,-0.00041802181163868305,0.00010005036405775381,0.0003021884453905382,-1.578300219039105e-05,0.03775640828051595,15
3,-9,1,-16,2,-8,-0.00041802181163868305,0.00010005036405775381,0.0003326425567156908,1.4671109134761567e-05,0.035096515842676965,15
3,-8,1,-16,2,-8,-0.00046296983139094185,0.00010005036405775381,0.0003326425567156908,-3.027691061749724e-05,0.06539715671436645,15
3,-8,1,-16,2,-7,-0.00046296983139094185,0.00010005036405775381,0.00036286508921045974,-5.437812272831525e-08,0.00011745500255371322,15
3,-7,1,-16,2,-6,-0.0004995855633416565,0.00010005036405775381,0.00042506408290257934,2.552888361867663e-05,0.051100122765593094,15
3,-4,1,-16,2,-4,-0.0007440788469309187,0.00010005036405775381,0.0006184286779740842,-2.559980489908072e-05,0.03440469380989867,15
3,-3,1,-16,2,-2,-0.0008601000555226912,0.00010005036405775381,0.0007709839009291044,1.0934209464167027e-05,0.012712718007583666,15
3,-1,1,-16,2,-1,-0.000998084207166912,0.00010005036405775381,0.000894883579030094,-3.1502640790643296e-06,0.00315631091689792,15
3,0,1,-16,2,0,-0.001168345950483926,0.00010005036405775381,0.0010448703139708233,-2.342527245534896e-05,0.02004994534850424,15
3,1,1,-16,2,1,-0.0012998983166993359,0.00010005036405775381,0.0011992510625692902,-5.96890072291972e-07,0.00045918212572778613,15
3,3,1,-16,2,3,-0.0016875888535549334,0.00010005036405775381,0.0016105693803172012,2.3030890820021537e-05,0.013647216720770933,15
3,4,1,-16,2,4,-0.0019293062769633813,0.00010005036405775381,0.0018458787080848657,1.66227951792382e-05,0.008615944175230456,15
3,5,1,-16,2,5,-0.002171276389406632,0.00010005036405775381,0.0020671941991908453,-4.03182615803287e-06,0.0018568921845710717,15
3,6,1,-16,2,7,-0.0024186606766848882,0.00010005036405775381,0.002333641093116966,1.5030780489831697e-05,0.006214505670317292,15
3,8,1,-16,2,8,-0.002675512320323371,0.00010005036405775381,0.0025823680571360795,6.90610087046269e-06,0.002581225591077823,15
3,9,1,-16,2,9,-0.0029334778136359597,0.00010005036405775381,0.002837466283292238,4.038833714032318e-06,0.0013768073156231928,15
3,10,1,-16,2,10,-0.003196341902933452,0.00010005036405775381,0.0030974669448516055,1.1754059759073662e-06,0.0003677347454065017,15
3,11,1,-16,2,11,-0.003462185480912929,0.00010005036405775381,0.0033613668070111803,-7.683098439945947e-07,0.00022191469758922402,15
3,12,1,-16,2,12,-0.0037290325328913905,0.00010005036405775381,0.003627023623815877,-1.958545017759477e-06,0.0005252153207257954,15
3,13,1,-16,2,13,-0.0039955884824074,0.00010005036405775381,0.0038929098475402085,-2.6282708094375537e-06,0.000657793168893605,15
3,14,1,-16,2,14,-0.00426138436982716,0.00010005036405775381,0.004158149117255109,-3.1848885142975528e-06,0.0007473835349958658,15
3,15,1,-16,2,15,-0.004526260671995234,0.00010005036405775381,0.004422542790612594,-3.667517324885787e-06,0.0008102753223156938,15
3,16,1,-16,2,16,-0.004790467128105982,0.00010005036405775381,0.004686172344532099,-4.24441951612977e-06,0.0008860137023438664,15
3,17,1,-16,2,17,-0.005054963890750095,0.00010005036405775381,0.004949603322414242,-5.310204278099334e-06,0.0010504930189147927,15
3,18,1,-16,2,18,-0.005320803084440166,0.00010005036405775381,0.00521391637956139,-6.836340821022094e-06,0.0012848325172968484,15
3,19,1,-16,2,19,-0.005588836096595871,0.00010005036405775381,0.0054802146612408995,-8.571071297217882e-06,0.001533605772128203,15
3,20,1,-16,2,20,-0.005859085906608004,0.00010005036405775381,0.005748811796314598,-1.022374623565244e-05,0.0017449387837310728,15
3,-18,1,-15,2,-20,-0.00021802434284338444,0.00010578880168925861,0.0001393121823523654,2.707664119823956e-05,0.12419090843305414,15
3,-17,1,-15,2,-20,-0.00023210374783301,0.00010578880168925861,0.0001393121823523654,1.2997236208614e-05,0.05599752838961061,15
3,-16,1,-15,2,-20,-0.0002424451729378146,0.00010578880168925861,0.0001393121823523654,2.655811103809396e-06,0.010954275028979818,15
3,-15,1,-15,2,-20,-0.00025471396317299346,0.00010578880168925861,0.0001393121823523654,-9.61297913136945e-06,0.037740291154908644,15
3,-14,1,-15,2,-20,-0.0002744146363829793,0.00010578880168925861,0.0001393121823523654,-2.93136523413553e-05,0.10682248121942191,15
3,-17,1,-15,2,-19,-0.00023210374783301,0.00010578880168925861,0.00014613674776618418,1.9821801622432793e-05,0.08540060988887538,15
3,-16,1,-15,2,-19,-0.0002424451729378146,0.00010578880168925861,0.00014613674776618418,9.48037651762819e-06,0.03910317703070886,15
3,-15,1,-15,2,-19,-0.00025471396317299346,0.00010578880168925861,0.00014613674776618418,-2.788413717550657e-06,0.01094723541189164,15
3,-14,1,-15,2,-19,-0.0002744146363829793,0.00010578880168925861,0.00014613674776618418,-2.2489086927536507e-05,0.08195294253966186,15
3,-17,1,-15,2,-18,-0.00023210374783301,0.00010578880168925861,0.00015542391434663602,2.9108968202884612e-05,0.1254136069522989,15
3,-16,1,-15,2,-18,-0.0002424451729378146,0.00010578880168925861,0.00015542391434663602,1.876754309808001e-05,0.07740943187552653,15
3,-15,1,-15,2,-18,-0.00025471396317299346,0.00010578880168925861,0.00015542391434663602,6.498752862901162e-06,0.025513924646869166,15
3,-14,1,-15,2,-18,-0.0002744146363829793,0.00010578880168925861,0.00015542391434663602,-1.3201920347084687e-05,0.048109388482689336,15
3,-16,1,-15,2,-17,-0.0002424451729378146,0.00010578880168925861,0.0001654511913622877,2.879482011373171e-05,0.1187683787010986,15
3,-15,1,-15,2,-17,-0.00025471396317299346,0.00010578880168925861,0.0001654511913622877,1.6526029878552863e-05,0.06488073787823292,15
3,-14,1,-15,2,-17,-0.0002744146363829793,0.00010578880168925861,0.0001654511913622877,-3.174643331432987e-06,0.011568782821782081,15
3,-13,1,-15,2,-17,-0.00029772968919625274,0.00010578880168925861,0.0001654511913622877,-2.6489696144706425e-05,0.08897230308545201,15
3,-15,1,-15,2,-16,-0.00025471396317299346,0.00010578880168925861,0.00017249671507286419,2.3571553589129353e-05,0.09254126980514342,15
3,-14,1,-15,2,-16,-0.0002744146363829793,0.00010578880168925861,0.00017249671507286419,3.870880379143503e-06,0.014105954515273064,15
3,-13,1,-15,2,-16,-0.00029772968919625274,0.00010578880168925861,0.00017249671507286419,-1.9444172434129935e-05,0.06530814070515162,15
3,-14,1,-15,2,-15,-0.0002744146363829793,0.00010578880168925861,0.0001819548751341122,1.3329040440391508e-05,0.04857262941977044,15
3,-13,1,-15,2,-15,-0.00029772968919625274,0.00010578880168925861,0.0001819548751341122,-9.98601237288193e-06,0.03354053268869504,15
3,-12,1,-15,2,-15,-0.0003175654528598886,0.00010578880168925861,0.0001819548751341122,-2.9821776036517787e-05,0.09390749455884705,15
3,-14,1,-15,2,-14,-0.0002744146363829793,0.00010578880168925861,0.00019644874332665755,2.782290863293684e-05,0.10139003152188485,15
3,-13,1,-15,2,-14,-0.00029772968919625274,0.00010578880168925861,0.00019644874332665755,4.507855819663403e-06,0.015140766887685113,15
3,-12,1,-15,2,-14,-0.0003175654528598886,0.00010578880168925861,0.00019644874332665755,-1.5327907843972453e-05,0.048266924836862526,15
3,-13,1,-15,2,-13,-0.00029772968919625274,0.00010578880168925861,0.00021328352758161109,2.134264007461694e-05,0.0716846214841162,15
3,-12,1,-15,2,-13,-0.0003175654528598886,0.00010578880168925861,0.00021328352758161109,1.5068764109810824e-06,0.00474508923250516,15
3,-11,1,-15,2,-13,-0.0003365227809942758,0.00010578880168925861,0.00021328352758161109,-1.7450451723406094e-05,0.05185518695598479,15
3,-12,1,-15,2,-12,-0.0003175654528598886,0.00010578880168925861,0.00022661345866183688,1.483680749120688e-05,0.04672047087487489,15
3,-11,1,-15,2,-12,-0.0003365227809942758,0.00010578880168925861,0.00022661345866183688,-4.120520643180296e-06,0.01224440327934407,15
3,-12,1,-15,2,-11,-0.0003175654528598886,0.00010578880168925861,0.00024159830799367046,2.982165682304048e-05,0.09390711916071658,15
3,-11,1,-15,2,-11,-0.0003365227809942758,0.00010578880168925861,0.00024159830799367046,1.0864328688653304e-05,0.0322840809069568,15
3,-10,1,-15,2,-11,-0.0003718710651421799,0.00010578880168925861,0.00024159830799367046,-2.4483955459250837e-05,0.0658399046182572,15
3,-10,1,-15,2,-10,-0.0003718710651421799,0.00010578880168925861,0.00026814142169328853,2.059158240367209e-06,0.005537290833799929,15
3,-9,1,-15,2,-9,-0.00041802181163868305,0.00010578880168925861,0.0003021884453905382,-1.0044564558886254e-05,0.024028804907357964,15
3,-9,1,-15,2,-8,-0.00041802181163868305,0.00010578880168925861,0.0003326425567156908,2.0409546766266364e-05,0.04882411921583495,15
3,-8,1,-15,2,-8,-0.00046296983139094185,0.00010578880168925861,0.0003326425567156908,-2.4538472985992442e-05,0.05300231531775905,15
3,-8,1,-15,2,-7,-0.00046296983139094185,0.00010578880168925861,0.00036286508921045974,5.684059508776482e-06,0.012277386394053694,15
3,-7,1,-15,2,-7,-0.0004995855633416565,0.00010578880168925861,0.00036286508921045974,-3.093167244193817e-05,0.061914664297023775,15
3,-4,1,-15,2,-4,-0.0007440788469309187,0.00010578880168925861,0.0006184286779740842,-1.9861367267575976e-05,0.026692557313647072,15
3,-3,1,-15,2,-2,-0.0008601000555226912,0.00010578880168925861,0.0007709839009291044,1.667264709567177e-05,0.019384543680257806,15
3,-1,1,-15,2,-1,-0.000998084207166912,0.00010578880168925861,0.000894883579030094,2.5881735524406306e-06,0.0025931414742922628,15
3,0,1,-15,2,0,-0.001168345950483926,0.00010578880168925861,0.0010448703139708233,-1.7686834823844e-05,0.015138354197674203,15
3,1,1,-15,2,1,-0.0012998983166993359,0.00010578880168925861,0.0011992510625692902,5.141547559212988e-06,0.003955345962958285,15
3,3,1,-15,2,3,-0.0016875888535549334,0.00010578880168925861,0.0016105693803172012,2.8769328451526497e-05,0.01704759331096756,15
3,4,1,-15,2,4,-0.0019293062769633813,0.00010578880168925861,0.0018458787080848657,2.2361232810743162e-05,0.011590297029426802,15
3,5,1,-15,2,5,-0.002171276389406632,0.00010578880168925861,0.0020671941991908453,1.706611473471873e-06,0.0007859945798693353,15
3,6,1,-15,2,7,-0.0024186606766848882,0.00010578880168925861,0.002333641093116966,2.076921812133644e-05,0.008587073962687295,15
3,8,1,-15,2,8,-0.002675512320323371,0.00010578880168925861,0.0025823680571360795,1.2644538501967433e-05,0.00472602514513526,15
3,9,1,-15,2,9,-0.0029334778136359597,0.00010578880168925861,0.002837466283292238,9.777271345537061e-06,0.0033329965204060706,15
3,10,1,-15,2,10,-0.003196341902933452,0.00010578880168925861,0.0030974669448516055,6.9138436074121096e-06,0.00216304882812033,15
3,11,1,-15,2,11,-0.003462185480912929,0.00010578880168925861,0.0033613668070111803,4.970127787510149e-06,0.0014355463665683206,15
3,12,1,-15,2,12,-0.0037290325328913905,0.00010578880168925861,0.003627023623815877,3.7798926137452664e-06,0.0010136389480127276,15
3,13,1,-15,2,13,-0.0039955884824074,0.00010578880168925861,0.0038929098475402085,3.1101668220671896e-06,0.0007784001870466072,15
3,14,1,-15,2,14,-0.00426138436982716,0.00010578880168925861,0.004158149117255109,2.5535491172071906e-06,0.0005992299439796278,15
3,15,1,-15,2,15,-0.004526260671995234,0.00010578880168925861,0.004422542790612594,2.0709203066189563e-06,0.00045753447640170227,15
3,16,1,-15,2,16,-0.004790467128105982,0.00010578880168925861,0.004686172344532099,1.4940181153749732e-06,0.00031187315880104295,15
3,17,1,-15,2,17,-0.005054963890750095,0.00010578880168925861,0.004949603322414242,4.282333534054092e-07,8.471541294073707e-05,15
3,18,1,-15,2,18,-0.005320803084440166,0.00010578880168925861,0.00521391637956139,-1.0979031895173505e-06,0.00020634163153453134,15
3,19,1,-15,2,19,-0.005588836096595871,0.00010578880168925861,0.0054802146612408995,-2.8326336657131385e-06,0.0005068378490180594,15
3,20,1,-15,2,20,-0.005859085906608004,0.00010578880168925861,0.005748811796314598,-4.4853086041476975e-06,0.0007655304386455691,15
3,-17,1,-14,2,-20,-0.00023210374783301,0.00011436477230035796,0.0001393121823523654,2.1573206819713392e-05,0.09294639582999974,15
3,-16,1,-14,2,-20,-0.0002424451729378146,0.00011436477230035796,0.0001393121823523654,1.1231781714908789e-05,0.04632709976778815,15
3,-15,1,-14,2,-20,-0.00025471396317299346,0.00011436477230035796,0.0001393121823523654,-1.0370085202700578e-06,0.004071266872659648,15
3,-14,1,-14,2,-20,-0.0002744146363829793,0.00011436477230035796,0.0001393121823523654,-2.0737681730255907e-05,0.07557061096884762,15
3,-17,1,-14,2,-19,-0.00023210374783301,0.00011436477230035796,0.00014613674776618418,2.839777223353213e-05,0.12234947732926428,15
3,-16,1,-14,2,-19,-0.0002424451729378146,0.00011436477230035796,0.00014613674776618418,1.8056347128727528e-05,0.07447600176951696,15
3,-15,1,-14,2,-19,-0.00025471396317299346,0.00011436477230035796,0.00014613674776618418,5.787556893548681e-06,0.02272178887035714,15
3,-14,1,-14,2,-19,-0.0002744146363829793,0.00011436477230035796,0.00014613674776618418,-1.3913116316437168e-05,0.05070107228908777,15
3,-16,1,-14,2,-18,-0.0002424451729378146,0.00011436477230035796,0.00015542391434663602,2.73435137091794e-05,0.11278225661433486,15
3,-15,1,-14,2,-18,-0.00025471396317299346,0.00011436477230035796,0.00015542391434663602,1.5074723474000555e-05,0.059182948929118157,15
3,-14,1,-14,2,-18,-0.0002744146363829793,0.00011436477230035796,0.00015542391434663602,-4.625949735985295e-06,0.016857518232115048,15
3,-13,1,-14,2,-18,-0.00029772968919625274,0.00011436477230035796,0.00015542391434663602,-2.7941002549258733e-05,0.09384688045282923,15
3,-15,1,-14,2,-17,-0.00025471396317299346,0.00011436477230035796,0.0001654511913622877,2.51020004896522e-05,0.09854976216048171,15
3,-14,1,-14,2,-17,-0.0002744146363829793,0.00011436477230035796,0.0001654511913622877,5.401327279666351e-06,0.019683087428792014,15
3,-13,1,-14,2,-17,-0.00029772968919625274,0.00011436477230035796,0.0001654511913622877,-1.7913725533607087e-05,0.06016775008890363,15
3,-14,1,-14,2,-16,-0.0002744146363829793,0.00011436477230035796,0.00017249671507286419,1.2446850990242841e-05,0.04535782476584716,15
3,-13,1,-14,2,-16,-0.00029772968919625274,0.00011436477230035796,0.00017249671507286419,-1.0868201823030596e-05,0.03650358770860325,15
3,-12,1,-14,2,-16,-0.0003175654528598886,0.00011436477230035796,0.00017249671507286419,-3.070396548666645e-05,0.09668547132616843,15
3,-14,1,-14,2,-15,-0.0002744146363829793,0.00011436477230035796,0.0001819548751341122,2.1905011051490846e-05,0.07982449967034454,15
3,-13,1,-14,2,-15,-0.00029772968919625274,0.00011436477230035796,0.0001819548751341122,-1.4100417617825918e-06,0.004735979692146667,15
3,-12,1,-14,2,-15,-0.0003175654528598886,0.00011436477230035796,0.0001819548751341122,-2.1245805425418448e-05,0.06690213067600964,15
3,-13,1,-14,2,-14,-0.00029772968919625274,0.00011436477230035796,0.00019644874332665755,1.3083826430762796e-05,0.04394531988423367,15
3,-12,1,-14,2,-14,-0.0003175654528598886,0.00011436477230035796,0.00019644874332665755,-6.751937232873061e-06,0.02126156095402496,15
3,-11,1,-14,2,-14,-0.0003365227809942758,0.00011436477230035796,0.00019644874332665755,-2.5709265367260237e-05,0.07639680526620143,15
3,-13,1,-14,2,-13,-0.00029772968919625274,0.00011436477230035796,0.00021328352758161109,2.9918610685716277e-05,0.10048917448066458,15
3,-12,1,-14,2,-13,-0.0003175654528598886,0.00011436477230035796,0.00021328352758161109,1.008284702208042e-05,0.03175045311534256,15
3,-11,1,-14,2,-13,-0.0003365227809942758,0.00011436477230035796,0.00021328352758161109,-8.874481112306756e-06,0.02637111545936532,15
3,-12,1,-14,2,-12,-0.0003175654528598886,0.00011436477230035796,0.00022661345866183688,2.341277810230622e-05,0.07372583475771229,15
3,-11,1,-14,2,-12,-0.0003365227809942758,0.00011436477230035796,0.00022661345866183688,4.455449967919042e-06,0.013239668217275397,15
3,-10,1,-14,2,-12,-0.0003718710651421799,0.00011436477230035796,0.00022661345866183688,-3.08928341799851e-05,0.08307404656012599,15
3,-11,1,-14,2,-11,-0.0003365227809942758,0.00011436477230035796,0.00024159830799367046,1.9440299299752642e-05,0.057768152403576266,15
3,-10,1,-14,2,-11,-0.0003718710651421799,0.00011436477230035796,0.00024159830799367046,-1.59079848481515e-05,0.04277822702357682,15
3,-10,1,-14,2,-10,-0.0003718710651421799,0.00011436477230035796,0.00026814142169328853,1.0635128851466547e-05,0.028598968428480306,15
3,-9,1,-14,2,-9,-0.00041802181163868305,0.00011436477230035796,0.0003021884453905382,-1.4685939477868614e-06,0.003513199328116017,15
3,-9,1,-14,2,-8,-0.00041802181163868305,0.00011436477230035796,0.0003326425567156908,2.8985517377365757e-05,0.0693397247950769,15
3,-8,1,-14,2,-8,-0.00046296983139094185,0.00011436477230035796,0.0003326425567156908,-1.596250237489305e-05,0.03447849361358054,15
3,-8,1,-14,2,-7,-0.00046296983139094185,0.00011436477230035796,0.00036286508921045974,1.426003011987582e-05,0.030801208098232082,15
3,-7,1,-14,2,-7,-0.0004995855633416565,0.00011436477230035796,0.00036286508921045974,-2.2355701830838832e-05,0.04474849449472626,15
3,-4,1,-14,2,-4,-0.0007440788469309187,0.00011436477230035796,0.0006184286779740842,-1.1285396656476637e-05,0.015166936545804519,15
3,-3,1,-14,2,-2,-0.0008601000555226912,0.00011436477230035796,0.0007709839009291044,2.524861770677111e-05,0.02935544247980228,15
3,-1,1,-14,2,-1,-0.000998084207166912,0.00011436477230035796,0.000894883579030094,1.1164144163539969e-05,0.011185573404903061,15
3,0,1,-14,2,0,-0.001168345950483926,0.00011436477230035796,0.0010448703139708233,-9.11086421274466e-06,0.007798087723050662,15
3,1,1,-14,2,1,-0.0012998983166993359,0.00011436477230035796,0.0011992510625692902,1.3717518170312326e-05,0.010552762469254864,15
3,4,1,-14,2,4,-0.0019293062769633813,0.00011436477230035796,0.0018458787080848657,3.09372034218425e-05,0.016035402875761075,15
3,5,1,-14,2,5,-0.002171276389406632,0.00011436477230035796,0.0020671941991908453,1.0282582084570994e-05,0.00473573154239522,15
3,6,1,-14,2,7,-0.0024186606766848882,0.00011436477230035796,0.002333641093116966,2.934518873243556e-05,0.012132825830143829,15
3,8,1,-14,2,8,-0.002675512320323371,0.00011436477230035796,0.0025823680571360795,2.1220509113066555e-05,0.00793138157199806,15
3,9,1,-14,2,9,-0.0029334778136359597,0.00011436477230035796,0.002837466283292238,1.8353241956636183e-05,0.006256478870003069,15
3,10,1,-14,2,10,-0.003196341902933452,0.00011436477230035796,0.0030974669448516055,1.548981421851123e-05,0.004846106796114461,15
3,11,1,-14,2,11,-0.003462185480912929,0.00011436477230035796,0.0033613668070111803,1.354609839860927e-05,0.0039125859874605436,15
3,12,1,-14,2,12,-0.0037290325328913905,0.00011436477230035796,0.003627023623815877,1.2355863224844388e-05,0.0033134232849569662,15
3,13,1,-14,2,13,-0.0039955884824074,0.00011436477230035796,0.0038929098475402085,1.1686137433166745e-05,0.0029247600158577086,15
3,14,1,-14,2,14,-0.00426138436982716,0.00011436477230035796,0.004158149117255109,1.1129519728306746e-05,0.0026117145890686582,15
3,15,1,-14,2,15,-0.004526260671995234,0.00011436477230035796,0.004422542790612594,1.0646890917718511e-05,0.002352248730081475,15
3,16,1,-14,2,16,-0.004790467128105982,0.00011436477230035796,0.004686172344532099,1.0069988726474528e-05,0.0021020890984499714,15
3,17,1,-14,2,17,-0.005054963890750095,0.00011436477230035796,0.004949603322414242,9.004203964504964e-06,0.001781259799101918,15
3,18,1,-14,2,18,-0.005320803084440166,0.00011436477230035796,0.00521391637956139,7.478067421582205e-06,0.0014054396118229995,15
3,19,1,-14,2,19,-0.005588836096595871,0.00011436477230035796,0.0054802146612408995,5.743336945386417e-06,0.0010276445481886025,15
3,20,1,-14,2,20,-0.005859085906608004,0.00011436477230035796,0.005748811796314598,4.090662006951858e-06,0.0006981740961227963,15
3,-16,1,-13,2,-20,-0.0002424451729378146,0.00012421068509566594,0.0001393121823523654,2.107769451021674e-05,0.08693798377096587,15
3,-15,1,-13,2,-20,-0.00025471396317299346,0.00012421068509566594,0.0001393121823523654,8.808904275037894e-06,0.0345835154276767,15
3,-14,1,-13,2,-20,-0.0002744146363829793,0.00012421068509566594,0.0001393121823523654,-1.0891768934947956e-05,0.03969091837997721,15
3,-16,1,-13,2,-19,-0.0002424451729378146,0.00012421068509566594,0.00014613674776618418,2.790225992403548e-05,0.11508688577269469,15
3,-15,1,-13,2,-19,-0.00025471396317299346,0.00012421068509566594,0.00014613674776618418,1.5633469688856633e-05,0.061376571170693485,15
3,-14,1,-13,2,-19,-0.0002744146363829793,0.00012421068509566594,0.00014613674776618418,-4.067203521129217e-06,0.014821379700217357,15
3,-13,1,-13,2,-19,-0.00029772968919625274,0.00012421068509566594,0.00014613674776618418,-2.7382256334402655e-05,0.09197019084097204,15
3,-15,1,-13,2,-18,-0.00025471396317299346,0.00012421068509566594,0.00015542391434663602,2.4920636269308506e-05,0.09783773122945451,15
3,-14,1,-13,2,-18,-0.0002744146363829793,0.00012421068509566594,0.00015542391434663602,5.219963059322657e-06,0.019022174356755364,15
3,-13,1,-13,2,-18,-0.00029772968919625274,0.00012421068509566594,0.00015542391434663602,-1.809508975395078e-05,0.060776907411551916,15
3,-14,1,-13,2,-17,-0.0002744146363829793,0.00012421068509566594,0.0001654511913622877,1.5247240074974303e-05,0.055562780017662426,15
3,-13,1,-13,2,-17,-0.00029772968919625274,0.00012421068509566594,0.0001654511913622877,-8.067812738299135e-06,0.02709777704762632,15
3,-12,1,-13,2,-17,-0.0003175654528598886,0.00012421068509566594,0.0001654511913622877,-2.790357640193499e-05,0.08786716612479313,15
3,-14,1,-13,2,-16,-0.0002744146363829793,0.00012421068509566594,0.00017249671507286419,2.2292763785550847e-05,0.08123751735471776,15
3,-13,1,-13,2,-16,-0.00029772968919625274,0.00012421068509566594,0.00017249671507286419,-1.0222890277225907e-06,0.0034336146673257513,15
3,-12,1,-13,2,-16,-0.0003175654528598886,0.00012421068509566594,0.00017249671507286419,-2.0858052691358447e-05,0.06568111393578167,15
3,-13,1,-13,2,-15,-0.00029772968919625274,0.00012421068509566594,0.0001819548751341122,8.43587103352536e-06,0.028333993349130646,15
3,-12,1,-13,2,-15,-0.0003175654528598886,0.00012421068509566594,0.0001819548751341122,-1.1399892630110497e-05,0.035897773285623054,15
3,-11,1,-13,2,-15,-0.0003365227809942758,0.00012421068509566594,0.0001819548751341122,-3.0357220764497673e-05,0.09020851626985113,15
3,-13,1,-13,2,-14,-0.00029772968919625274,0.00012421068509566594,0.00019644874332665755,2.2929739226070747e-05,0.07701529292551099,15
3,-12,1,-13,2,-14,-0.0003175654528598886,0.00012421068509566594,0.00019644874332665755,3.093975562434891e-06,0.009742796436361634,15
3,-11,1,-13,2,-14,-0.0003365227809942758,0.00012421068509566594,0.00019644874332665755,-1.5863352571952286e-05,0.04713901544817591,15
3,-12,1,-13,2,-13,-0.0003175654528598886,0.00012421068509566594,0.00021328352758161109,1.9928759817388426e-05,0.06275481050572931,15
3,-11,1,-13,2,-13,-0.0003365227809942758,0.00012421068509566594,0.00021328352758161109,9.714316830012498e-07,0.002886674358660354,15
3,-11,1,-13,2,-12,-0.0003365227809942758,0.00012421068509566594,0.00022661345866183688,1.4301362763227048e-05,0.04249745803530107,15
3,-10,1,-13,2,-12,-0.0003718710651421799,0.00012421068509566594,0.00022661345866183688,-2.1046921384677093e-05,0.056597362251430035,15
3,-11,1,-13,2,-11,-0.0003365227809942758,0.00012421068509566594,0.00024159830799367046,2.9286212095060594e-05,0.08702594222160179,15
3,-10,1,-13,2,-11,-0.0003718710651421799,0.00012421068509566594,0.00024159830799367046,-6.062072052843547e-06,0.016301542714881018,15
3,-10,1,-13,2,-10,-0.0003718710651421799,0.00012421068509566594,0.00026814142169328853,2.0481041646774553e-05,0.05507565273717626,15
3,-9,1,-13,2,-10,-0.00041802181163868305,0.00012421068509566594,0.00026814142169328853,-2.566970484972858e-05,0.06140757284673982,15
3,-9,1,-13,2,-9,-0.00041802181163868305,0.00012421068509566594,0.0003021884453905382,8.37731884752109e-06,0.020040386923068077,15
3,-8,1,-13,2,-8,-0.00046296983139094185,0.00012421068509566594,0.0003326425567156908,-6.116589579585098e-06,0.013211637486633801,15
3,-8,1,-13,2,-7,-0.00046296983139094185,0.00012421068509566594,0.00036286508921045974,2.4105942915183826e-05,0.05206806422517894,15
3,-7,1,-13,2,-7,-0.0004995855633416565,0.00012421068509566594,0.00036286508921045974,-1.2509789035530826e-05,0.02504033333520415,15
3,-6,1,-13,2,-6,-0.0005767572162567792,0.00012421068509566594,0.00042506408290257934,-2.748244825853392e-05,0.04764994261692672,15
3,-4,1,-13,2,-4,-0.0007440788469309187,0.00012421068509566594,0.0006184286779740842,-1.439483861168686e-06,0.0019345851143411546,15
3,-2,1,-13,2,-2,-0.000926169843396888,0.00012421068509566594,0.0007709839009291044,-3.0975257372117685e-05,0.03344446765672112,15
3,-1,1,-13,2,-1,-0.000998084207166912,0.00012421068509566594,0.000894883579030094,2.101005695884792e-05,0.021050385135824874,15
3,0,1,-13,2,0,-0.001168345950483926,0.00012421068509566594,0.0010448703139708233,7.350485825632913e-07,0.0006291360724611027,15
3,1,1,-13,2,1,-0.0012998983166993359,0.00012421068509566594,0.0011992510625692902,2.3563430965620278e-05,0.018127133994181838,15
3,5,1,-13,2,5,-0.002171276389406632,0.00012421068509566594,0.0020671941991908453,2.0128494879879163e-05,0.009270351291103889,15
3,8,1,-13,2,8,-0.002675512320323371,0.00012421068509566594,0.0025823680571360795,3.106642190837472e-05,0.011611391834151576,15
3,9,1,-13,2,9,-0.0029334778136359597,0.00012421068509566594,0.002837466283292238,2.819915475194435e-05,0.009612874732122936,15
3,10,1,-13,2,10,-0.003196341902933452,0.00012421068509566594,0.0030974669448516055,2.53357270138194e-05,0.007926475885000745,15
3,11,1,-13,2,11,-0.003462185480912929,0.00012421068509566594,0.0033613668070111803,2.339201119391744e-05,0.006756429233175948,15
3,12,1,-13,2,12,-0.0037290325328913905,0.00012421068509566594,0.003627023623815877,2.2201776020152556e-05,0.005953763026823985,15
3,13,1,-13,2,13,-0.0039955884824074,0.00012421068509566594,0.0038929098475402085,2.153205022847448e-05,0.005388955925586488,15
3,14,1,-13,2,14,-0.00426138436982716,0.00012421068509566594,0.004158149117255109,2.097543252361448e-05,0.004922210883423603,15
3,15,1,-13,2,15,-0.004526260671995234,0.00012421068509566594,0.004422542790612594,2.0492803713026246e-05,0.004527535022412387,15
3,16,1,-13,2,16,-0.004790467128105982,0.00012421068509566594,0.004686172344532099,1.9915901521782263e-05,0.004157402814630409,15
3,17,1,-13,2,17,-0.005054963890750095,0.00012421068509566594,0.004949603322414242,1.88501167598127e-05,0.003729030942101462,15
3,18,1,-13,2,18,-0.005320803084440166,0.00012421068509566594,0.00521391637956139,1.732398021688994e-05,0.0032558957627188156,15
3,19,1,-13,2,19,-0.005588836096595871,0.00012421068509566594,0.0054802146612408995,1.558924974069415e-05,0.0027893553275232883,15
3,20,1,-13,2,20,-0.005859085906608004,0.00012421068509566594,0.005748811796314598,1.3936574802259592e-05,0.002378626124348445,15
3,-16,1,-12,2,-20,-0.0002424451729378146,0.0001317052176195001,0.0001393121823523654,2.857222703405094e-05,0.11785026151615526,15
3,-15,1,-12,2,-20,-0.00025471396317299346,0.0001317052176195001,0.0001393121823523654,1.6303436798872093e-05,0.06400684358163486,15
3,-14,1,-12,2,-20,-0.0002744146363829793,0.0001317052176195001,0.0001393121823523654,-3.397236411113757e-06,0.01237993882502862,15
3,-13,1,-12,2,-20,-0.00029772968919625274,0.0001317052176195001,0.0001393121823523654,-2.6712289224387195e-05,0.08971993789567762,15
3,-15,1,-12,2,-19,-0.00025471396317299346,0.0001317052176195001,0.00014613674776618418,2.3128002212690832e-05,0.09079989932465164,15
3,-14,1,-12,2,-19,-0.0002744146363829793,0.0001317052176195001,0.00014613674776618418,3.4273290027049823e-06,0.012489599854731233,15
3,-13,1,-12,2,-19,-0.00029772968919625274,0.0001317052176195001,0.00014613674776618418,-1.9887723810568456e-05,0.06679791949622861,15
3,-14,1,-12,2,-18,-0.0002744146363829793,0.0001317052176195001,0.00015542391434663602,1.2714495583156856e-05,0.04633315391170396,15
3,-13,1,-12,2,-18,-0.00029772968919625274,0.0001317052176195001,0.00015542391434663602,-1.0600557230116582e-05,0.03560463606680849,15
3,-12,1,-12,2,-18,-0.0003175654528598886,0.0001317052176195001,0.00015542391434663602,-3.043632089375244e-05,0.09584266997449842,15
3,-14,1,-12,2,-17,-0.0002744146363829793,0.0001317052176195001,0.0001654511913622877,2.2741772598808502e-05,0.08287375957261102,15
3,-13,1,-12,2,-17,-0.00029772968919625274,0.0001317052176195001,0.0001654511913622877,-5.732802144649361e-07,0.0019255057028828935,15
3,-12,1,-12,2,-17,-0.0003175654528598886,0.0001317052176195001,0.0001654511913622877,-2.0409043878100793e-05,0.06426720442763452,15
3,-14,1,-12,2,-16,-0.0002744146363829793,0.0001317052176195001,0.00017249671507286419,2.9787296309384992e-05,0.10854849690966616,15
3,-13,1,-12,2,-16,-0.00029772968919625274,0.0001317052176195001,0.00017249671507286419,6.472243496111554e-06,0.021738656677417492,15
3,-12,1,-12,2,-16,-0.0003175654528598886,0.0001317052176195001,0.00017249671507286419,-1.3363520167524302e-05,0.042081152238623236,15
3,-13,1,-12,2,-15,-0.00029772968919625274,0.0001317052176195001,0.0001819548751341122,1.593040355735956e-05,0.053506264693874074,15
3,-12,1,-12,2,-15,-0.0003175654528598886,0.0001317052176195001,0.0001819548751341122,-3.905360106276298e-06,0.012297811588464446,15
3,-11,1,-12,2,-15,-0.0003365227809942758,0.0001317052176195001,0.0001819548751341122,-2.2862688240663474e-05,0.06793801053561473,15
3,-13,1,-12,2,-14,-0.00029772968919625274,0.0001317052176195001,0.00019644874332665755,3.0424271749904946e-05,0.10218756427025441,15
3,-12,1,-12,2,-14,-0.0003175654528598886,0.0001317052176195001,0.00019644874332665755,1.058850808626909e-05,0.033342758133520244,15
3,-11,1,-12,2,-14,-0.0003365227809942758,0.0001317052176195001,0.00019644874332665755,-8.368820048118087e-06,0.024868509713939512,15
3,-12,1,-12,2,-13,-0.0003175654528598886,0.0001317052176195001,0.00021328352758161109,2.742329234122257e-05,0.08635477220288776,15
3,-11,1,-12,2,-13,-0.0003365227809942758,0.0001317052176195001,0.00021328352758161109,8.465964206835395e-06,0.025157180092896594,15
3,-10,1,-12,2,-13,-0.0003718710651421799,0.0001317052176195001,0.00021328352758161109,-2.6882319941068746e-05,0.07228935634126482,15
3,-11,1,-12,2,-12,-0.0003365227809942758,0.0001317052176195001,0.00022661345866183688,2.1795895287061193e-05,0.0647679637695373,15
3,-10,1,-12,2,-12,-0.0003718710651421799,0.0001317052176195001,0.00022661345866183688,-1.3552388860842948e-05,0.03644378423382141,15
3,-10,1,-12,2,-11,-0.0003718710651421799,0.0001317052176195001,0.00024159830799367046,1.4324604709906518e-06,0.0038520353027277606,15
3,-10,1,-12,2,-10,-0.0003718710651421799,0.0001317052176195001,0.00026814142169328853,2.7975574170608698e-05,0.0752292307547849,15
3,-9,1,-12,2,-10,-0.00041802181163868305,0.0001317052176195001,0.00026814142169328853,-1.8175172325894434e-05,0.043479004730987904,15
3,-9,1,-12,2,-9,-0.00041802181163868305,0.0001317052176195001,0.0003021884453905382,1.587185137135529e-05,0.03796895503882012,15
3,-8,1,-12,2,-9,-0.00046296983139094185,0.0001317052176195001,0.0003021884453905382,-2.9076168380903517e-05,0.06280359196094348,15
3,-8,1,-12,2,-8,-0.00046296983139094185,0.0001317052176195001,0.0003326425567156908,1.3779429442491013e-06,0.0029763126035863363,15
3,-7,1,-12,2,-7,-0.0004995855633416565,0.0001317052176195001,0.00036286508921045974,-5.015256511696682e-06,0.010038833944981009,15
3,-6,1,-12,2,-6,-0.0005767572162567792,0.0001317052176195001,0.00042506408290257934,-1.9987915734699722e-05,0.034655683832486045,15
3,-5,1,-12,2,-5,-0.0006723912615469056,0.0001317052176195001,0.0005139207856115777,-2.6765258315827813e-05,0.03980607697704395,15
3,-4,1,-12,2,-4,-0.0007440788469309187,0.0001317052176195001,0.0006184286779740842,6.055048662665513e-06,0.008137643863470387,15
3,-2,1,-12,2,-2,-0.000926169843396888,0.0001317052176195001,0.0007709839009291044,-2.3480724848283594e-05,0.02535250420394166,15
3,-1,1,-12,2,-1,-0.000998084207166912,0.0001317052176195001,0.000894883579030094,2.850458948268201e-05,0.028559303191053417,15
3,0,1,-12,2,0,-0.001168345950483926,0.0001317052176195001,0.0010448703139708233,8.229581106397382e-06,0.007043787931980857,15
3,1,1,-12,2,1,-0.0012998983166993359,0.0001317052176195001,0.0011992510625692902,3.105796348945437e-05,0.023892609976075552,15
3,5,1,-12,2,5,-0.002171276389406632,0.0001317052176195001,0.0020671941991908453,2.762302740371347e-05,0.01272202264920419,15
3,11,1,-12,2,11,-0.003462185480912929,0.0001317052176195001,0.0033613668070111803,3.0886543717751746e-05,0.008921111791390046,15
3,12,1,-12,2,12,-0.0037290325328913905,0.0001317052176195001,0.003627023623815877,2.9696308543986864e-05,0.007963542361739911,15
3,13,1,-12,2,13,-0.0039955884824074,0.0001317052176195001,0.0038929098475402085,2.9026582752308787e-05,0.007264657729421587,15
3,14,1,-12,2,14,-0.00426138436982716,0.0001317052176195001,0.004158149117255109,2.8469965047448788e-05,0.006680919292104016,15
3,15,1,-12,2,15,-0.004526260671995234,0.0001317052176195001,0.004422542790612594,2.7987336236860554e-05,0.006183323998554281,15
3,16,1,-12,2,16,-0.004790467128105982,0.0001317052176195001,0.004686172344532099,2.741043404561657e-05,0.005721870813975066,15
3,17,1,-12,2,17,-0.005054963890750095,0.0001317052176195001,0.004949603322414242,2.6344649283647006e-05,0.005211639460343955,15
3,18,1,-12,2,18,-0.005320803084440166,0.0001317052176195001,0.00521391637956139,2.4818512740724247e-05,0.004664429851445171,15
3,19,1,-12,2,19,-0.005588836096595871,0.0001317052176195001,0.0054802146612408995,2.308378226452846e-05,0.004130338028447222,15
3,20,1,-12,2,20,-0.005859085906608004,0.0001317052176195001,0.005748811796314598,2.14311073260939e-05,0.003657756118906438,15
3,-15,1,-11,2,-20,-0.00025471396317299346,0.00014098639381203223,0.0001393121823523654,2.558461299140421e-05,0.10044448554250625,15
3,-14,1,-11,2,-20,-0.0002744146363829793,0.00014098639381203223,0.0001393121823523654,5.88393978141836e-06,0.021441785536565183,15
3,-13,1,-11,2,-20,-0.00029772968919625274,0.00014098639381203223,0.0001393121823523654,-1.7431113031855078e-05,0.05854677468986008,15
3,-14,1,-11,2,-19,-0.0002744146363829793,0.00014098639381203223,0.00014613674776618418,1.2708505195237099e-05,0.046311324216325035,15
3,-13,1,-11,2,-19,-0.00029772968919625274,0.00014098639381203223,0.00014613674776618418,-1.0606547618036339e-05,0.03562475629041108,15
3,-12,1,-11,2,-19,-0.0003175654528598886,0.00014098639381203223,0.00014613674776618418,-3.0442311281672196e-05,0.09586153344930592,15
3,-14,1,-11,2,-18,-0.0002744146363829793,0.00014098639381203223,0.00015542391434663602,2.1995671775688972e-05,0.08015487827329776,15
3,-13,1,-11,2,-18,-0.00029772968919625274,0.00014098639381203223,0.00015542391434663602,-1.3193810375844656e-06,0.0044314728609909535,15
3,-12,1,-11,2,-18,-0.0003175654528598886,0.00014098639381203223,0.00015542391434663602,-2.1155144701220322e-05,0.06661664394128562,15
3,-13,1,-11,2,-17,-0.00029772968919625274,0.00014098639381203223,0.0001654511913622877,8.70789597806718e-06,0.02924765750293464,15
3,-12,1,-11,2,-17,-0.0003175654528598886,0.00014098639381203223,0.0001654511913622877,-1.1127867685568676e-05,0.03504117839442172,15
3,-11,1,-11,2,-17,-0.0003365227809942758,0.00014098639381203223,0.0001654511913622877,-3.0085195819955853e-05,0.08940017591399733,15
3,-13,1,-11,2,-16,-0.00029772968919625274,0.00014098639381203223,0.00017249671507286419,1.575341968864367e-05,0.052911819883235026,15
3,-12,1,-11,2,-16,-0.0003175654528598886,0.00014098639381203223,0.00017249671507286419,-4.082343974992186e-06,0.012855126205410435,15
3,-11,1,-11,2,-16,-0.0003365227809942758,0.00014098639381203223,0.00017249671507286419,-2.3039672109379363e-05,0.06846392996428752,15
3,-13,1,-11,2,-15,-0.00029772968919625274,0.00014098639381203223,0.0001819548751341122,2.5211579749891675e-05,0.0846794278996916,15
3,-12,1,-11,2,-15,-0.0003175654528598886,0.00014098639381203223,0.0001819548751341122,5.375816086255819e-06,0.016928214444748353,15
3,-11,1,-11,2,-15,-0.0003365227809942758,0.00014098639381203223,0.0001819548751341122,-1.3581512048131358e-05,0.04035837338561153,15
3,-12,1,-11,2,-14,-0.0003175654528598886,0.00014098639381203223,0.00019644874332665755,1.9869684278801206e-05,0.06256878416673305,15
3,-11,1,-11,2,-14,-0.0003365227809942758,0.00014098639381203223,0.00019644874332665755,9.123561444140298e-07,0.002711127436063679,15
3,-11,1,-11,2,-13,-0.0003365227809942758,0.00014098639381203223,0.00021328352758161109,1.774714039936751e-05,0.05273681724289979,15
3,-10,1,-11,2,-13,-0.0003718710651421799,0.00014098639381203223,0.00021328352758161109,-1.760114374853663e-05,0.04733130753748498,15
3,-11,1,-11,2,-12,-0.0003365227809942758,0.00014098639381203223,0.00022661345866183688,3.107707147959331e-05,0.0923476009195405,15
3,-10,1,-11,2,-12,-0.0003718710651421799,0.00014098639381203223,0.00022661345866183688,-4.271212668310832e-06,0.011485735430041569,15
3,-10,1,-11,2,-11,-0.0003718710651421799,0.00014098639381203223,0.00024159830799367046,1.0713636663522768e-05,0.028810084106507594,15
3,-9,1,-11,2,-10,-0.00041802181163868305,0.00014098639381203223,0.00026814142169328853,-8.893996133362318e-06,0.02127639248893988,15
3,-9,1,-11,2,-9,-0.00041802181163868305,0.00014098639381203223,0.0003021884453905382,2.5153027563887406e-05,0.06017156728086814,15
3,-8,1,-11,2,-9,-0.00046296983139094185,0.00014098639381203223,0.0003021884453905382,-1.97949921883714e-05,0.04275654879908595,15
3,-8,1,-11,2,-8,-0.00046296983139094185,0.00014098639381203223,0.0003326425567156908,1.0659119136781218e-05,0.02302335576544387,15
3,-7,1,-11,2,-8,-0.0004995855633416565,0.00014098639381203223,0.0003326425567156908,-2.5956612813933435e-05,0.0519562908109541,15
3,-7,1,-11,2,-7,-0.0004995855633416565,0.00014098639381203223,0.00036286508921045974,4.265919680835435e-06,0.00853891704216052,15
3,-6,1,-11,2,-6,-0.0005767572162567792,0.00014098639381203223,0.00042506408290257934,-1.0706739542167606e-05,0.018563685447501775,15
3,-5,1,-11,2,-5,-0.0006723912615469056,0.00014098639381203223,0.0005139207856115777,-1.7484082123295696e-05,0.02600283960126394,15
3,-4,1,-11,2,-4,-0.0007440788469309187,0.00014098639381203223,0.0006184286779740842,1.533622485519763e-05,0.02061102115515651,15
3,-3,1,-11,2,-3,-0.0008601000555226912,0.00014098639381203223,0.0006883901588102036,-3.072350290045541e-05,0.03572084747952311,15
3,-2,1,-11,2,-2,-0.000926169843396888,0.00014098639381203223,0.0007709839009291044,-1.4199548655751478e-05,0.015331473764760227,15
3,0,1,-11,2,0,-0.001168345950483926,0.00014098639381203223,0.0010448703139708233,1.7510757298929607e-05,0.014987647529977482,15
3,20,1,-11,2,20,-0.005859085906608004,0.00014098639381203223,0.005748811796314598,3.071228351862656e-05,0.005241821678017825,15
3,-14,1,-10,2,-20,-0.0002744146363829793,0.00015689169501995108,0.0001393121823523654,2.1789240989337187e-05,0.07940261961438393,15
3,-13,1,-10,2,-20,-0.00029772968919625274,0.00015689169501995108,0.0001393121823523654,-1.525811823936251e-06,0.005124822546435705,15
3,-12,1,-10,2,-20,-0.0003175654528598886,0.00015689169501995108,0.0001393121823523654,-2.1361575487572108e-05,0.06726668563975358,15
3,-14,1,-10,2,-19,-0.0002744146363829793,0.00015689169501995108,0.00014613674776618418,2.8613806403155926e-05,0.10427215829414378,15
3,-13,1,-10,2,-19,-0.00029772968919625274,0.00015689169501995108,0.00014613674776618418,5.298753589882488e-06,0.0177971958530133,15
3,-12,1,-10,2,-19,-0.0003175654528598886,0.00015689169501995108,0.00014613674776618418,-1.4537010073753368e-05,0.04577642165682035,15
3,-13,1,-10,2,-18,-0.00029772968919625274,0.00015689169501995108,0.00015542391434663602,1.4585920170334362e-05,0.04899047928243342,15
3,-12,1,-10,2,-18,-0.0003175654528598886,0.00015689169501995108,0.00015542391434663602,-5.249843493301495e-06,0.01653153214880005,15
3,-11,1,-10,2,-18,-0.0003365227809942758,0.00015689169501995108,0.00015542391434663602,-2.420717162768867e-05,0.07193323303749957,15
3,-13,1,-10,2,-17,-0.00029772968919625274,0.00015689169501995108,0.0001654511913622877,2.4613197185986008e-05,0.08266960964635901,15
3,-12,1,-10,2,-17,-0.0003175654528598886,0.00015689169501995108,0.0001654511913622877,4.777433522350151e-06,0.015043933398063857,15
3,-11,1,-10,2,-17,-0.0003365227809942758,0.00015689169501995108,0.0001654511913622877,-1.4179894612037025e-05,0.04213650728233529,15
3,-12,1,-10,2,-16,-0.0003175654528598886,0.00015689169501995108,0.00017249671507286419,1.1822957232926696e-05,0.037229985587075305,15
3,-11,1,-10,2,-16,-0.0003365227809942758,0.00015689169501995108,0.00017249671507286419,-7.134370901460481e-06,0.02120026133262531,15
3,-12,1,-10,2,-15,-0.0003175654528598886,0.00015689169501995108,0.0001819548751341122,2.1281117294174646e-05,0.06701332623723393,15
3,-11,1,-10,2,-15,-0.0003365227809942758,0.00015689169501995108,0.0001819548751341122,2.3237891597874694e-06,0.00690529524605051,15
3,-11,1,-10,2,-14,-0.0003365227809942758,0.00015689169501995108,0.00019644874332665755,1.6817657352332857e-05,0.04997479606772572,15
3,-10,1,-10,2,-14,-0.0003718710651421799,0.00015689169501995108,0.00019644874332665755,-1.8530626795571284e-05,0.04983078419528647,15
3,-10,1,-10,2,-13,-0.0003718710651421799,0.00015689169501995108,0.00021328352758161109,-1.6958425406177484e-06,0.004560297101817711,15
3,-10,1,-10,2,-12,-0.0003718710651421799,0.00015689169501995108,0.00022661345866183688,1.163408853960805e-05,0.0312852750056257,15
3,-10,1,-10,2,-11,-0.0003718710651421799,0.00015689169501995108,0.00024159830799367046,2.6618937871441596e-05,0.07158109454217472,15
3,-9,1,-10,2,-11,-0.00041802181163868305,0.00015689169501995108,0.00024159830799367046,-1.9531808625061536e-05,0.04672437676994674,15
3,-9,1,-10,2,-10,-0.00041802181163868305,0.00015689169501995108,0.00026814142169328853,7.011305074556564e-06,0.016772581906842655,15
3,-8,1,-10,2,-9,-0.00046296983139094185,0.00015689169501995108,0.0003021884453905382,-3.889690980452573e-06,0.008401607873166217,15
3,-8,1,-10,2,-8,-0.00046296983139094185,0.00015689169501995108,0.0003326425567156908,2.6564420344700045e-05,0.05737829669136361,15
3,-7,1,-10,2,-8,-0.0004995855633416565,0.00015689169501995108,0.0003326425567156908,-1.0051311606014608e-05,0.020119299562587074,15
3,-7,1,-10,2,-7,-0.0004995855633416565,0.00015689169501995108,0.00036286508921045974,2.0171220888754262e-05,0.04037590829052754,15
3,-6,1,-10,2,-6,-0.0005767572162567792,0.00015689169501995108,0.00042506408290257934,5.1985616657512215e-06,0.009013431508478534,15
3,-5,1,-10,2,-5,-0.0006723912615469056,0.00015689169501995108,0.0005139207856115777,-1.578780915376869e-06,0.002348009270294085,15
3,-4,1,-10,2,-4,-0.0007440788469309187,0.00015689169501995108,0.0006184286779740842,3.1241526063116565e-05,0.04198684882923042,15
3,-3,1,-10,2,-3,-0.0008601000555226912,0.00015689169501995108,0.0006883901588102036,-1.481820169253658e-05,0.01722846266244154,15
3,-2,1,-10,2,-2,-0.000926169843396888,0.00015689169501995108,0.0007709839009291044,1.7057525521673497e-06,0.0018417275884423177,15
3,-13,1,-9,2,-20,-0.00029772968919625274,0.00017709054959521184,0.0001393121823523654,1.8673042751324483e-05,0.06271810783040814,15
3,-12,1,-9,2,-20,-0.0003175654528598886,0.00017709054959521184,0.0001393121823523654,-1.162720912311374e-06,0.003661358317916187,15
3,-11,1,-9,2,-20,-0.0003365227809942758,0.00017709054959521184,0.0001393121823523654,-2.012004904669855e-05,0.059788074338541705,15
3,-13,1,-9,2,-19,-0.00029772968919625274,0.00017709054959521184,0.00014613674776618418,2.5497608165143276e-05,0.08564012622985734,15
3,-12,1,-9,2,-19,-0.0003175654528598886,0.00017709054959521184,0.00014613674776618418,5.6618445015074194e-06,0.017828905665017197,15
3,-11,1,-9,2,-19,-0.0003365227809942758,0.00017709054959521184,0.00014613674776618418,-1.3295483632879757e-05,0.03950842077792621,15
3,-12,1,-9,2,-18,-0.0003175654528598886,0.00017709054959521184,0.00015542391434663602,1.4949011081959239e-05,0.047073795173037336,15
3,-11,1,-9,2,-18,-0.0003365227809942758,0.00017709054959521184,0.00015542391434663602,-4.008317052427938e-06,0.011910982788698989,15
3,-12,1,-9,2,-17,-0.0003175654528598886,0.00017709054959521184,0.0001654511913622877,2.497628809761094e-05,0.07864926071990141,15
3,-11,1,-9,2,-17,-0.0003365227809942758,0.00017709054959521184,0.0001654511913622877,6.018959963223762e-06,0.017885742966465456,15
3,-10,1,-9,2,-17,-0.0003718710651421799,0.00017709054959521184,0.0001654511913622877,-2.932932418468038e-05,0.07886960544635734,15
3,-11,1,-9,2,-16,-0.0003365227809942758,0.00017709054959521184,0.00017249671507286419,1.3064483673800253e-05,0.03882198891617527,15
3,-10,1,-9,2,-16,-0.0003718710651421799,0.00017709054959521184,0.00017249671507286419,-2.228380047410389e-05,0.05992345886223758,15
3,-11,1,-9,2,-15,-0.0003365227809942758,0.00017709054959521184,0.0001819548751341122,2.2522643735048257e-05,0.06692754549485125,15
3,-10,1,-9,2,-15,-0.0003718710651421799,0.00017709054959521184,0.0001819548751341122,-1.2825640412855884e-05,0.034489482014289474,15
3,-10,1,-9,2,-14,-0.0003718710651421799,0.00017709054959521184,0.00019644874332665755,1.6682277796894497e-06,0.004486038135426388,15
3,-10,1,-9,2,-13,-0.0003718710651421799,0.00017709054959521184,0.00021328352758161109,1.850301203464304e-05,0.049756525228895294,15
3,-9,1,-9,2,-13,-0.00041802181163868305,0.00017709054959521184,0.00021328352758161109,-2.7647734461860092e-05,0.06613945419134588,15
3,-9,1,-9,2,-12,-0.00041802181163868305,0.00017709054959521184,0.00022661345866183688,-1.4317803381634295e-05,0.03425133087076777,15
3,-9,1,-9,2,-11,-0.00041802181163868305,0.00017709054959521184,0.00024159830799367046,6.670459501992515e-07,0.0015957204423959876,15
3,-9,1,-9,2,-10,-0.00041802181163868305,0.00017709054959521184,0.00026814142169328853,2.721015964981735e-05,0.06509267911918538,15
3,-8,1,-9,2,-10,-0.00046296983139094185,0.00017709054959521184,0.00026814142169328853,-1.7737860102441454e-05,0.03831320941399142,15
3,-8,1,-9,2,-9,-0.00046296983139094185,0.00017709054959521184,0.0003021884453905382,1.630916359480816e-05,0.03522727073988617,15
3,-7,1,-9,2,-9,-0.0004995855633416565,0.00017709054959521184,0.0003021884453905382,-2.0306568355906492e-05,0.040646827782770095,15
3,-7,1,-9,2,-8,-0.0004995855633416565,0.00017709054959521184,0.0003326425567156908,1.0147542969246126e-05,0.02031192194860608,15
3,-6,1,-9,2,-6,-0.0005767572162567792,0.00017709054959521184,0.00042506408290257934,2.5397416241011955e-05,0.04403484780969732,15
3,-5,1,-9,2,-5,-0.0006723912615469056,0.00017709054959521184,0.0005139207856115777,1.8620073659883973e-05,0.027692319523972646,15
3,-3,1,-9,2,-3,-0.0008601000555226912,0.00017709054959521184,0.0006883901588102036,5.380652882724262e-06,0.0062558452916903805,15
3,-2,1,-9,2,-2,-0.000926169843396888,0.00017709054959521184,0.0007709839009291044,2.190460712742819e-05,0.023650745361227975,15
3,7,1,-9,2,7,-0.0025372392509810755,0.00017709054959521184,0.002333641093116966,-2.6507608268897757e-05,0.01044742164486382,15
3,-12,1,-8,2,-20,-0.0003175654528598886,0.0001942497109787832,0.0001393121823523654,1.5996440471259998e-05,0.050372105426460555,15
3,-11,1,-8,2,-20,-0.0003365227809942758,0.0001942497109787832,0.0001393121823523654,-2.9608876631271783e-06,0.008798476151834555,15
3,-12,1,-8,2,-19,-0.0003175654528598886,0.0001942497109787832,0.00014613674776618418,2.282100588507879e-05,0.07186236940939394,15
3,-11,1,-8,2,-19,-0.0003365227809942758,0.0001942497109787832,0.00014613674776618418,3.863677750691615e-06,0.01148117740878094,15
3,-11,1,-8,2,-18,-0.0003365227809942758,0.0001942497109787832,0.00015542391434663602,1.3150844331143434e-05,0.039078615398008165,15
3,-10,1,-8,2,-18,-0.0003718710651421799,0.0001942497109787832,0.00015542391434663602,-2.2197439816760707e-05,0.059691226065878004,15
3,-11,1,-8,2,-17,-0.0003365227809942758,0.0001942497109787832,0.0001654511913622877,2.3178121346795135e-05,0.0688753411531726,15
3,-10,1,-8,2,-17,-0.0003718710651421799,0.0001942497109787832,0.0001654511913622877,-1.2170162801109006e-05,0.03272683449156204,15
3,-11,1,-8,2,-16,-0.0003365227809942758,0.0001942497109787832,0.00017249671507286419,3.022364505737157e-05,0.08981158710288226,15
3,-10,1,-8,2,-16,-0.0003718710651421799,0.0001942497109787832,0.00017249671507286419,-5.1246390905325704e-06,0.013780687907442418,15
3,-10,1,-8,2,-15,-0.0003718710651421799,0.0001942497109787832,0.0001819548751341122,4.3335209707154885e-06,0.01165328894050583,15
3,-10,1,-8,2,-14,-0.0003718710651421799,0.0001942497109787832,0.00019644874332665755,1.8827389163260822e-05,0.050628809090221695,15
3,-9,1,-8,2,-14,-0.00041802181163868305,0.0001942497109787832,0.00019644874332665755,-2.732335733324231e-05,0.06536347284399419,15
3,-9,1,-8,2,-13,-0.00041802181163868305,0.0001942497109787832,0.00021328352758161109,-1.0488573078288775e-05,0.025090970820811062,15
3,-9,1,-8,2,-12,-0.00041802181163868305,0.0001942497109787832,0.00022661345866183688,2.8413580019370234e-06,0.006797152499767045,15
3,-9,1,-8,2,-11,-0.00041802181163868305,0.0001942497109787832,0.00024159830799367046,1.7826207333770624e-05,0.04264420381293093,15
3,-8,1,-8,2,-11,-0.00046296983139094185,0.0001942497109787832,0.00024159830799367046,-2.7121812418488182e-05,0.058582245709193806,15
3,-8,1,-8,2,-10,-0.00046296983139094185,0.0001942497109787832,0.00026814142169328853,-5.786987188701365e-07,0.0012499706884388125,15
3,-7,1,-8,2,-9,-0.0004995855633416565,0.0001942497109787832,0.0003021884453905382,-3.147406972335066e-06,0.0063000358763021696,15
3,-7,1,-8,2,-8,-0.0004995855633416565,0.0001942497109787832,0.0003326425567156908,2.7306704352817444e-05,0.05465871385507379,15
3,-6,1,-8,2,-7,-0.0005767572162567792,0.0001942497109787832,0.00036286508921045974,-1.9642416067536272e-05,0.0340566455241216,15
3,-3,1,-8,2,-3,-0.0008601000555226912,0.0001942497109787832,0.0006883901588102036,2.253981426629558e-05,0.026206037450605575,15
3,7,1,-8,2,7,-0.0025372392509810755,0.0001942497109787832,0.002333641093116966,-9.348446885326222e-06,0.0036844956114057644,15
3,-11,1,-7,2,-20,-0.0003365227809942758,0.00021361879346884448,0.0001393121823523654,1.6408194826934082e-05,0.04875805072826016,15
3,-10,1,-7,2,-20,-0.0003718710651421799,0.00021361879346884448,0.0001393121823523654,-1.894008932097006e-05,0.050931871544586484,15
3,-11,1,-7,2,-19,-0.0003365227809942758,0.00021361879346884448,0.00014613674776618418,2.3232760240752875e-05,0.06903770428887565,15
3,-10,1,-7,2,-19,-0.0003718710651421799,0.00021361879346884448,0.00014613674776618418,-1.2115523907151266e-05,0.032579904818674336,15
3,-10,1,-7,2,-18,-0.0003718710651421799,0.00021361879346884448,0.00015542391434663602,-2.8283573266994462e-06,0.007605747238274808,15
3,-10,1,-7,2,-17,-0.0003718710651421799,0.00021361879346884448,0.0001654511913622877,7.198919688952254e-06,0.019358644336041158,15
3,-10,1,-7,2,-16,-0.0003718710651421799,0.00021361879346884448,0.00017249671507286419,1.4244443399528744e-05,0.038304790920160925,15
3,-10,1,-7,2,-15,-0.0003718710651421799,0.00021361879346884448,0.0001819548751341122,2.370260346077675e-05,0.06373876776810902,15
3,-9,1,-7,2,-15,-0.00041802181163868305,0.00021361879346884448,0.0001819548751341122,-2.2448143035726383e-05,0.05370088930940624,15
3,-9,1,-7,2,-14,-0.00041802181163868305,0.00021361879346884448,0.00019644874332665755,-7.95427484318105e-06,0.019028372734904854,15
3,-9,1,-7,2,-13,-0.00041802181163868305,0.00021361879346884448,0.00021328352758161109,8.88050941177254e-06,0.02124412928827839,15
3,-9,1,-7,2,-12,-0.00041802181163868305,0.00021361879346884448,0.00022661345866183688,2.2210440491998338e-05,0.0531322526088565,15
3,-8,1,-7,2,-12,-0.00046296983139094185,0.00021361879346884448,0.00022661345866183688,-2.2737579260260468e-05,0.049112442579569204,15
3,-8,1,-7,2,-11,-0.00046296983139094185,0.00021361879346884448,0.00024159830799367046,-7.752729928426922e-06,0.016745648210240178,15
3,-8,1,-7,2,-10,-0.00046296983139094185,0.00021361879346884448,0.00026814142169328853,1.8790383771191178e-05,0.040586626810514934,15
3,-7,1,-7,2,-10,-0.0004995855633416565,0.00021361879346884448,0.00026814142169328853,-1.7825348179523475e-05,0.0356802707834315,15
3,-7,1,-7,2,-9,-0.0004995855633416565,0.00021361879346884448,0.0003021884453905382,1.622167551772614e-05,0.03247026477150714,15
3,-6,1,-7,2,-8,-0.0005767572162567792,0.00021361879346884448,0.0003326425567156908,-3.0495866072243936e-05,0.05287470223635106,15
3,-6,1,-7,2,-7,-0.0005767572162567792,0.00021361879346884448,0.00036286508921045974,-2.7333357747495735e-07,0.0004739144474843744,15
3,-4,1,-7,2,-5,-0.0007440788469309187,0.00021361879346884448,0.0005139207856115777,-1.6539267850496542e-05,0.02222784308237709,15
3,-3,1,-7,2,-4,-0.0008601000555226912,0.00021361879346884448,0.0006184286779740842,-2.805258407976251e-05,0.03261548920923471,15
3,-2,1,-7,2,-3,-0.000926169843396888,0.00021361879346884448,0.0006883901588102036,-2.416089111783996e-05,0.026086890315091357,15
3,-1,1,-7,2,-2,-0.000998084207166912,0.00021361879346884448,0.0007709839009291044,-1.3481512768963224e-05,0.013507390130168323,15
3,7,1,-7,2,7,-0.0025372392509810755,0.00021361879346884448,0.002333641093116966,1.0020635604734984e-05,0.003949424793448351,15
3,-10,1,-6,2,-20,-0.0003718710651421799,0.00025234878420021,0.0001393121823523654,1.9789901410395474e-05,0.053217104704903755,15
3,-9,1,-6,2,-20,-0.00041802181163868305,0.00025234878420021,0.0001393121823523654,-2.6360845086107658e-05,0.06306093211445302,15
3,-10,1,-6,2,-19,-0.0003718710651421799,0.00025234878420021,0.00014613674776618418,2.6614466824214267e-05,0.0715690714308159,15
3,-9,1,-6,2,-19,-0.00041802181163868305,0.00025234878420021,0.00014613674776618418,-1.9536279672288865e-05,0.04673507249706635,15
3,-9,1,-6,2,-18,-0.00041802181163868305,0.00025234878420021,0.00015542391434663602,-1.0249113091837046e-05,0.024518129931210053,15
3,-9,1,-6,2,-17,-0.00041802181163868305,0.00025234878420021,0.0001654511913622877,-2.2183607618534535e-07,0.0005306806248117246,15
3,-9,1,-6,2,-16,-0.00041802181163868305,0.00025234878420021,0.00017249671507286419,6.823687634391091e-06,0.01632375977617441,15
3,-9,1,-6,2,-15,-0.00041802181163868305,0.00025234878420021,0.0001819548751341122,1.628184769563915e-05,0.038949756310114166,15
3,-8,1,-6,2,-15,-0.00046296983139094185,0.00025234878420021,0.0001819548751341122,-2.8666172056619657e-05,0.06191801303876605,15
3,-9,1,-6,2,-14,-0.00041802181163868305,0.00025234878420021,0.00019644874332665755,3.077571588818448e-05,0.07362227288461555,15
3,-8,1,-6,2,-14,-0.00046296983139094185,0.00025234878420021,0.00019644874332665755,-1.4172303864074323e-05,0.030611722196876624,15
3,-8,1,-6,2,-13,-0.00046296983139094185,0.00025234878420021,0.00021328352758161109,2.6624803908792123e-06,0.00575087232548195,15
3,-8,1,-6,2,-12,-0.00046296983139094185,0.00025234878420021,0.00022661345866183688,1.599241147110501e-05,0.03454309630296551,15
3,-7,1,-6,2,-12,-0.0004995855633416565,0.00025234878420021,0.00022661345866183688,-2.0623320479609642e-05,0.04128085756054117,15
3,-8,1,-6,2,-11,-0.00046296983139094185,0.00025234878420021,0.00024159830799367046,3.097726080293861e-05,0.06690989067229465,15
3,-7,1,-6,2,-11,-0.0004995855633416565,0.00025234878420021,0.00024159830799367046,-5.638471147776042e-06,0.011286297206150462,15
3,-7,1,-6,2,-10,-0.0004995855633416565,0.00025234878420021,0.00026814142169328853,2.0904642551842004e-05,0.041843968452598655,15
3,-6,1,-6,2,-9,-0.0005767572162567792,0.00025234878420021,0.0003021884453905382,-2.2219986666030967e-05,0.03852571938369708,15
3,-6,1,-6,2,-8,-0.0005767572162567792,0.00025234878420021,0.0003326425567156908,8.234124659121543e-06,0.014276587144521504,15
3,-5,1,-6,2,-6,-0.0006723912615469056,0.00025234878420021,0.00042506408290257934,5.021605555883776e-06,0.007468279026010917,15
3,-4,1,-6,2,-5,-0.0007440788469309187,0.00025234878420021,0.0005139207856115777,2.2190722880868936e-05,0.029823079869019786,15
3,-3,1,-6,2,-4,-0.0008601000555226912,0.00025234878420021,0.0006184286779740842,1.0677406651602968e-05,0.012414144823085966,15
3,-2,1,-6,2,-3,-0.000926169843396888,0.00025234878420021,0.0006883901588102036,1.456909961352552e-05,0.015730483687625616,15
3,-1,1,-6,2,-2,-0.000998084207166912,0.00025234878420021,0.0007709839009291044,2.5248477962402363e-05,0.025296941661937345,15
3,0,1,-6,2,-1,-0.001168345950483926,0.00025234878420021,0.000894883579030094,-2.1113587253621937e-05,0.018071348854229983,15
3,1,1,-6,2,0,-0.0012998983166993359,0.00025234878420021,0.0010448703139708233,-2.6792185283024475e-06,0.002061098544311867,15
3,2,1,-6,2,1,-0.0014462919592611418,0.00025234878420021,0.0011992510625692902,5.3078875083582226e-06,0.003669997246662306,15
3,-9,1,-5,2,-20,-0.00041802181163868305,0.00030881498435276556,0.0001393121823523654,3.010535506644792e-05,0.0720186225413268,15
3,-8,1,-5,2,-20,-0.00046296983139094185,0.00030881498435276556,0.0001393121823523654,-1.4842664685810886e-05,0.03205968009020747,15
3,-8,1,-5,2,-19,-0.00046296983139094185,0.00030881498435276556,0.00014613674776618418,-8.018099271992092e-06,0.017318837488616907,15
3,-8,1,-5,2,-18,-0.00046296983139094185,0.00030881498435276556,0.00015542391434663602,1.269067308459727e-06,0.0027411447191860302,15
3,-8,1,-5,2,-17,-0.00046296983139094185,0.00030881498435276556,0.0001654511913622877,1.1296344324111427e-05,0.024399741750283827,15
3,-7,1,-5,2,-17,-0.0004995855633416565,0.00030881498435276556,0.0001654511913622877,-2.5319387626603226e-05,0.05068078320207144,15
3,-8,1,-5,2,-16,-0.00046296983139094185,0.00030881498435276556,0.00017249671507286419,1.8341868034687863e-05,0.03961784719229273,15
3,-7,1,-5,2,-16,-0.0004995855633416565,0.00030881498435276556,0.00017249671507286419,-1.827386391602679e-05,0.036578046398689994,15
3,-8,1,-5,2,-15,-0.00046296983139094185,0.00030881498435276556,0.0001819548751341122,2.7800028095935922e-05,0.060047169839153015,15
3,-7,1,-5,2,-15,-0.0004995855633416565,0.00030881498435276556,0.0001819548751341122,-8.81570385477873e-06,0.017646034036315515,15
3,-7,1,-5,2,-14,-0.0004995855633416565,0.00030881498435276556,0.00019644874332665755,5.678164337766657e-06,0.011365749441969913,15
3,-7,1,-5,2,-13,-0.0004995855633416565,0.00030881498435276556,0.00021328352758161109,2.2512948592720138e-05,0.04506324891002502,15
3,-6,1,-5,2,-11,-0.0005767572162567792,0.00030881498435276556,0.00024159830799367046,-2.6343923910343158e-05,0.04567593290174722,15
3,-6,1,-5,2,-10,-0.0005767572162567792,0.00030881498435276556,0.00026814142169328853,1.991897892748883e-07,0.00034536159004243237,15
3,-5,1,-5,2,-8,-0.0006723912615469056,0.00030881498435276556,0.0003326425567156908,-3.093372047844928e-05,0.04600553613276154,15
3,-5,1,-5,2,-7,-0.0006723912615469056,0.00030881498435276556,0.00036286508921045974,-7.11187983680299e-07,0.0010576996227525883,15
3,-4,1,-5,2,-6,-0.0007440788469309187,0.00030881498435276556,0.00042506408290257934,-1.0199779675573793e-05,0.013707928558437778,15
3,-2,1,-5,2,-4,-0.000926169843396888,0.00030881498435276556,0.0006184286779740842,1.0738189299616934e-06,0.0011594190175997058,15
3,-1,1,-5,2,-3,-0.000998084207166912,0.00030881498435276556,0.0006883901588102036,-8.790640039430583e-07,0.0008807513410499743,15
3,3,1,-5,2,2,-0.0016875888535549334,0.00030881498435276556,0.0013846263257445758,5.852456542408029e-06,0.003467939794743094,15
3,4,1,-5,2,3,-0.0019293062769633813,0.00030881498435276556,0.0016105693803172012,-9.921912293414615e-06,0.0051427357138085624,15
3,5,1,-5,2,4,-0.002171276389406632,0.00030881498435276556,0.0018458787080848657,-1.658269696900097e-05,0.007637303592442555,15
3,6,1,-5,2,6,-0.0024186606766848882,0.00030881498435276556,0.002122306963237751,1.2461270905628295e-05,0.005152136893674645,15
3,-7,1,-4,2,-20,-0.0004995855633416565,0.0003748425124691666,0.0001393121823523654,1.4569131479875573e-05,0.029162434923909197,15
3,-7,1,-4,2,-19,-0.0004995855633416565,0.0003748425124691666,0.00014613674776618418,2.1393696893694312e-05,0.042822888537040436,15
3,-7,1,-4,2,-18,-0.0004995855633416565,0.0003748425124691666,0.00015542391434663602,3.0680863474146186e-05,0.06141263023880488,15
3,-6,1,-4,2,-16,-0.0005767572162567792,0.0003748425124691666,0.00017249671507286419,-2.9417988714748426e-05,0.05100584420195826,15
3,-6,1,-4,2,-15,-0.0005767572162567792,0.0003748425124691666,0.0001819548751341122,-1.9959828653500367e-05,0.03460698555805154,15
3,-6,1,-4,2,-14,-0.0005767572162567792,0.0003748425124691666,0.00019644874332665755,-5.46596046095498e-06,0.009477056041759985,15
3,-6,1,-4,2,-13,-0.0005767572162567792,0.0003748425124691666,0.00021328352758161109,1.1368823793998502e-05,0.019711628174821076,15
3,-6,1,-4,2,-12,-0.0005767572162567792,0.0003748425124691666,0.00022661345866183688,2.46987548742243e-05,0.04282348651746755,15
3,-5,1,-4,2,-10,-0.0006723912615469056,0.0003748425124691666,0.00026814142169328853,-2.9407327384450453e-05,0.04373543956653431,15
3,-5,1,-4,2,-9,-0.0006723912615469056,0.0003748425124691666,0.0003021884453905382,4.6396963127992704e-06,0.006900292401369359,15
3,-4,1,-4,2,-7,-0.0007440788469309187,0.0003748425124691666,0.00036286508921045974,-6.371245251292389e-06,0.008562594243300541,15
3,-3,1,-4,2,-5,-0.0008601000555226912,0.0003748425124691666,0.0005139207856115777,2.866324255805313e-05,0.03332547460496814,15
3,-1,1,-4,2,-4,-0.000998084207166912,0.0003748425124691666,0.0006184286779740842,-4.813016723661297e-06,0.0048222551655467735,15
3,0,1,-4,2,-2,-0.001168345950483926,0.0003748425124691666,0.0007709839009291044,-2.251953708565517e-05,0.019274716599417863,15
3,1,1,-4,2,-1,-0.0012998983166993359,0.0003748425124691666,0.000894883579030094,-3.0172225200075353e-05,0.02321121953345381,15
3,2,1,-4,2,0,-0.0014462919592611418,0.0003748425124691666,0.0010448703139708233,-2.6579132821151963e-05,0.018377432475480456,15
3,6,1,-4,2,5,-0.0024186606766848882,0.0003748425124691666,0.0020671941991908453,2.337603497512379e-05,0.009664867503102546,15
3,9,1,-4,2,8,-0.0029334778136359597,0.0003748425124691666,0.0025823680571360795,2.373275596928657e-05,0.008090313776694467,15
3,10,1,-4,2,9,-0.003196341902933452,0.0003748425124691666,0.002837466283292238,1.59668928279527e-05,0.004995364486289479,15
3,11,1,-4,2,10,-0.003462185480912929,0.0003748425124691666,0.0030974669448516055,1.012397640784337e-05,0.0029241577216636647,15
3,12,1,-4,2,11,-0.0037290325328913905,0.0003748425124691666,0.0033613668070111803,7.176786588956527e-06,0.0019245706562371666,15
3,13,1,-4,2,12,-0.0039955884824074,0.0003748425124691666,0.003627023623815877,6.277653877643716e-06,0.0015711462542462177,15
3,14,1,-4,2,13,-0.00426138436982716,0.0003748425124691666,0.0038929098475402085,6.367990182215046e-06,0.0014943477587480165,15
3,15,1,-4,2,14,-0.004526260671995234,0.0003748425124691666,0.004158149117255109,6.7309577290418365e-06,0.001487090164887641,15
3,16,1,-4,2,15,-0.004790467128105982,0.0003748425124691666,0.004422542790612594,6.918174975778513e-06,0.0014441545658854709,15
3,17,1,-4,2,16,-0.005054963890750095,0.0003748425124691666,0.004686172344532099,6.050966251169854e-06,0.001197034515368608,15
3,18,1,-4,2,17,-0.005320803084440166,0.0003748425124691666,0.004949603322414242,3.642750443243019e-06,0.0006846241789882542,15
3,19,1,-4,2,18,-0.005588836096595871,0.0003748425124691666,0.00521391637956139,-7.720456531457726e-08,1.3814068614680278e-05,15
3,20,1,-4,2,19,-0.005859085906608004,0.0003748425124691666,0.0054802146612408995,-4.028732897938189e-06,0.0006876043400207696,15
3,-6,1,-3,2,-20,-0.0005767572162567792,0.0004344394724834455,0.0001393121823523654,-3.0055614209682432e-06,0.005211137955888412,15
3,-6,1,-3,2,-19,-0.0005767572162567792,0.0004344394724834455,0.00014613674776618418,3.819003992850496e-06,0.006621510551070816,15
3,-6,1,-3,2,-18,-0.0005767572162567792,0.0004344394724834455,0.00015542391434663602,1.310617057330237e-05,0.022723895261099507,15
3,-6,1,-3,2,-17,-0.0005767572162567792,0.0004344394724834455,0.0001654511913622877,2.3133447588954015e-05,0.040109506976076965,15
3,-6,1,-3,2,-16,-0.0005767572162567792,0.0004344394724834455,0.00017249671507286419,3.017897129953045e-05,0.05232526000349931,15
3,-5,1,-3,2,-13,-0.0006723912615469056,0.0004344394724834455,0.00021328352758161109,-2.466826148184902e-05,0.036687361797500366,15
3,-5,1,-3,2,-12,-0.0006723912615469056,0.0004344394724834455,0.00022661345866183688,-1.1338330401623221e-05,0.016862697435326895,15
3,-5,1,-3,2,-11,-0.0006723912615469056,0.0004344394724834455,0.00024159830799367046,3.646518930210379e-06,0.005423209876078974,15
3,-5,1,-3,2,-10,-0.0006723912615469056,0.0004344394724834455,0.00026814142169328853,3.0189632629828425e-05,0.04489890686618094,15
3,-4,1,-3,2,-9,-0.0007440788469309187,0.0004344394724834455,0.0003021884453905382,-7.4509290569349995e-06,0.010013628377782326,15
3,-4,1,-3,2,-8,-0.0007440788469309187,0.0004344394724834455,0.0003326425567156908,2.300318226821751e-05,0.030914979458290064,15
3,-3,1,-3,2,-6,-0.0008601000555226912,0.0004344394724834455,0.00042506408290257934,-5.965001366662996e-07,0.0006935241229624159,15
3,-2,1,-3,2,-5,-0.000926169843396888,0.0004344394724834455,0.0005139207856115777,2.2190414698135155e-05,0.02395933624522687,15
3,1,1,-3,2,-1,-0.0012998983166993359,0.0004344394724834455,0.000894883579030094,2.9424734814203525e-05,0.022636181950691312,15
3,7,1,-3,2,6,-0.0025372392509810755,0.0004344394724834455,0.002122306963237751,1.9507184740120975e-05,0.007688350530040918,15
3,-4,1,-2,2,-20,-0.0007440788469309187,0.0006023269048774995,0.0001393121823523654,-2.439759701053823e-06,0.003278899421905396,15
3,-4,1,-2,2,-19,-0.0007440788469309187,0.0006023269048774995,0.00014613674776618418,4.384805712764916e-06,0.005892931549997425,15
3,-4,1,-2,2,-18,-0.0007440788469309187,0.0006023269048774995,0.00015542391434663602,1.367197229321679e-05,0.01837435958515578,15
3,-4,1,-2,2,-17,-0.0007440788469309187,0.0006023269048774995,0.0001654511913622877,2.3699249308868436e-05,0.03185045429878845,15
3,-4,1,-2,2,-16,-0.0007440788469309187,0.0006023269048774995,0.00017249671507286419,3.074477301944487e-05,0.0413192407582301,15
3,-3,1,-2,2,-12,-0.0008601000555226912,0.0006023269048774995,0.00022661345866183688,-3.1159691983354844e-05,0.03622798508531522,15
3,-3,1,-2,2,-11,-0.0008601000555226912,0.0006023269048774995,0.00024159830799367046,-1.6174842651521244e-05,0.01880576864012831,15
3,-3,1,-2,2,-10,-0.0008601000555226912,0.0006023269048774995,0.00026814142169328853,1.0368271048096802e-05,0.012054726635026087,15
3,-2,1,-2,2,-9,-0.000926169843396888,0.0006023269048774995,0.0003021884453905382,-2.165449312885033e-05,0.02338069338279114,15
3,-2,1,-2,2,-8,-0.000926169843396888,0.0006023269048774995,0.0003326425567156908,8.799618196302181e-06,0.009501084772991593,15
3,-1,1,-2,2,-6,-0.000998084207166912,0.0006023269048774995,0.00042506408290257934,2.9306780613166765e-05,0.02936303410345989,15
3,1,1,-2,2,-3,-0.0012998983166993359,0.0006023269048774995,0.0006883901588102036,-9.181253011632945e-06,0.007063054774119345,15
3,6,1,-2,2,4,-0.0024186606766848882,0.0006023269048774995,0.0018458787080848657,2.9544936277476827e-05,0.012215411844365157,15
3,8,1,-2,2,5,-0.002675512320323371,0.0006023269048774995,0.0020671941991908453,-5.991216255025935e-06,0.002239278141055922,15
3,9,1,-2,2,7,-0.0029334778136359597,0.0006023269048774995,0.002333641093116966,2.4901843585058495e-06,0.0008488846743379112,15
3,10,1,-2,2,8,-0.003196341902933452,0.0006023269048774995,0.0025823680571360795,-1.1646940919872971e-05,0.0036438345063098403,15
3,11,1,-2,2,9,-0.003462185480912929,0.0006023269048774995,0.002837466283292238,-2.2392292743191218e-05,0.006467675653612495,15
3,12,1,-2,2,10,-0.0037290325328913905,0.0006023269048774995,0.0030974669448516055,-2.923868316228543e-05,0.007840822761504456,15
3,15,1,-2,2,13,-0.004526260671995234,0.0006023269048774995,0.0038929098475402085,-3.102391957752592e-05,0.006854205231589143,15
3,16,1,-2,2,14,-0.004790467128105982,0.0006023269048774995,0.004158149117255109,-2.999110597337335e-05,0.0062605806847966005,15
3,17,1,-2,2,15,-0.005054963890750095,0.0006023269048774995,0.004422542790612594,-3.009419526000135e-05,0.005953394704771222,15
3,-2,1,-1,2,-20,-0.000926169843396888,0.000758058289083616,0.0001393121823523654,-2.8799371960906662e-05,0.031095130300593663,15
3,-2,1,-1,2,-19,-0.000926169843396888,0.000758058289083616,0.00014613674776618418,-2.1974806547087815e-05,0.02372654076761063,15
3,-2,1,-1,2,-18,-0.000926169843396888,0.000758058289083616,0.00015542391434663602,-1.268763996663605e-05,0.013699042413324468,15
3,-2,1,-1,2,-17,-0.000926169843396888,0.000758058289083616,0.0001654511913622877,-2.660362950984295e-06,0.0028724352989371303,15
3,-2,1,-1,2,-16,-0.000926169843396888,0.000758058289083616,0.00017249671507286419,4.385160759592141e-06,0.004734726347285078,15
3,-2,1,-1,2,-15,-0.000926169843396888,0.000758058289083616,0.0001819548751341122,1.38433208208402e-05,0.014946849025085321,15
3,-2,1,-1,2,-14,-0.000926169843396888,0.000758058289083616,0.00019644874332665755,2.833718901338548e-05,0.03059610417615622,15
3,-1,1,-1,2,-13,-0.000998084207166912,0.000758058289083616,0.00021328352758161109,-2.674239050168498e-05,0.026793721721731223,15
3,-1,1,-1,2,-12,-0.000998084207166912,0.000758058289083616,0.00022661345866183688,-1.3412459421459182e-05,0.013438204236825664,15
3,-1,1,-1,2,-11,-0.000998084207166912,0.000758058289083616,0.00024159830799367046,1.5723899103744186e-06,0.0015754080658561748,15
3,-1,1,-1,2,-10,-0.000998084207166912,0.000758058289083616,0.00026814142169328853,2.8115503609992465e-05,0.028169470479649256,15
3,0,1,-1,2,-6,-0.001168345950483926,0.000758058289083616,0.00042506408290257934,1.4776421502269267e-05,0.012647299796904255,15
3,1,1,-1,2,-5,-0.0012998983166993359,0.000758058289083616,0.0005139207856115777,-2.791924200414215e-05,0.021478019969311046,15
3,2,1,-1,2,-3,-0.0014462919592611418,0.000758058289083616,0.0006883901588102036,1.564886326777936e-07,0.00010819989122924944,15
3,4,1,-1,2,1,-0.0019293062769633813,0.000758058289083616,0.0011992510625692902,2.800307468952515e-05,0.014514582274412336,15
3,5,1,-1,2,2,-0.002171276389406632,0.000758058289083616,0.0013846263257445758,-2.859177457844057e-05,0.013168187485451425,15
3,0,1,1,2,-17,-0.001168345950483926,0.0009785032656031902,0.0001654511913622877,-2.439149351844824e-05,0.02087694446011076,15
3,0,1,1,2,-16,-0.001168345950483926,0.0009785032656031902,0.00017249671507286419,-1.7345969807871587e-05,0.014846604124991341,15
3,0,1,1,2,-15,-0.001168345950483926,0.0009785032656031902,0.0001819548751341122,-7.887809746623745e-06,0.006751262109785747,15
3,0,1,1,2,-14,-0.001168345950483926,0.0009785032656031902,0.00019644874332665755,6.606058445921643e-06,0.005654197237714933,15
3,0,1,1,2,-13,-0.001168345950483926,0.0009785032656031902,0.00021328352758161109,2.3440842700875233e-05,0.020063272090912878,15
3,1,1,1,2,-9,-0.0012998983166993359,0.0009785032656031902,0.0003021884453905382,-1.9206605705607543e-05,0.014775467787646959,15
3,1,1,1,2,-8,-0.0012998983166993359,0.0009785032656031902,0.0003326425567156908,1.1247505619545184e-05,0.008652604188383383,15
3,3,1,1,2,-3,-0.0016875888535549334,0.0009785032656031902,0.0006883901588102036,-2.0695429141539623e-05,0.01226331229786471,15
3,5,1,1,2,1,-0.002171276389406632,0.0009785032656031902,0.0011992510625692902,6.477938765848002e-06,0.002983470366763532,15
3,1,1,2,2,-20,-0.0012998983166993359,0.0011876060720696538,0.0001393121823523654,2.701993772268323e-05,0.02078619333186881,15
3,2,1,2,2,-11,-0.0014462919592611418,0.0011876060720696538,0.00024159830799367046,-1.7087579197817577e-05,0.0118147508795852,15
3,2,1,2,2,-10,-0.0014462919592611418,0.0011876060720696538,0.00026814142169328853,9.455534501800469e-06,0.006537777135005963,15
3,3,1,2,2,-5,-0.0016875888535549334,0.0011876060720696538,0.0005139207856115777,1.393800412629806e-05,0.008259123125243111,15
3,4,1,2,2,-2,-0.0019293062769633813,0.0011876060720696538,0.0007709839009291044,2.928369603537686e-05,0.015178355238374977,15
3,13,1,2,2,9,-0.0039955884824074,0.0011876060720696538,0.002837466283292238,2.9483872954491966e-05,0.007379106503162084,15
3,14,1,2,2,10,-0.00426138436982716,0.0011876060720696538,0.0030974669448516055,2.36886470940988e-05,0.005558908804806922,15
3,15,1,2,2,11,-0.004526260671995234,0.0011876060720696538,0.0033613668070111803,2.2712207085600657e-05,0.005017874296574445,15
3,16,1,2,2,12,-0.004790467128105982,0.0011876060720696538,0.003627023623815877,2.416256777954852e-05,0.005043885519594772,15
3,17,1,2,2,13,-0.005054963890750095,0.0011876060720696538,0.0038929098475402085,2.5552028859766873e-05,0.00505483904771776,15
3,18,1,2,2,14,-0.005320803084440166,0.0011876060720696538,0.004158149117255109,2.4952104884597495e-05,0.004689537366561435,15
3,19,1,2,2,15,-0.005588836096595871,0.0011876060720696538,0.004422542790612594,2.1312766086377388e-05,0.0038134534128418753,15
3,20,1,2,2,16,-0.005859085906608004,0.0011876060720696538,0.004686172344532099,1.4692509993748798e-05,0.002507645429328535,15
3,2,1,3,2,-19,-0.0014462919592611418,0.0012725407985733764,0.00014613674776618418,-2.7614412921581283e-05,0.019093249288123323,15
3,2,1,3,2,-18,-0.0014462919592611418,0.0012725407985733764,0.00015542391434663602,-1.832724634112941e-05,0.01267188566165585,15
3,2,1,3,2,-17,-0.0014462919592611418,0.0012725407985733764,0.0001654511913622877,-8.299969325477764e-06,0.005738792414857867,15
3,2,1,3,2,-16,-0.0014462919592611418,0.0012725407985733764,0.00017249671507286419,-1.2544456149011108e-06,0.0008673529620824011,15
3,2,1,3,2,-15,-0.0014462919592611418,0.0012725407985733764,0.0001819548751341122,8.203714446346731e-06,0.005672239545975013,15
3,2,1,3,2,-14,-0.0014462919592611418,0.0012725407985733764,0.00019644874332665755,2.269758263889212e-05,0.015693638129944034,15
3,3,1,3,2,-6,-0.0016875888535549334,0.0012725407985733764,0.00042506408290257934,1.0016027921022326e-05,0.005935111446086765,15
3,5,1,3,2,-1,-0.002171276389406632,0.0012725407985733764,0.000894883579030094,-3.852011803161682e-06,0.0017740771382008913,15
3,8,1,3,2,2,-0.002675512320323371,0.0012725407985733764,0.0013846263257445758,-1.8345196005418833e-05,0.0068567039912571116,15
3,3,1,4,2,-16,-0.0016875888535549334,0.0014878228371177796,0.00017249671507286419,-2.7269301364289547e-05,0.01615873517228223,15
3,3,1,4,2,-15,-0.0016875888535549334,0.0014878228371177796,0.0001819548751341122,-1.7811141303041705e-05,0.010554194681673944,15
3,3,1,4,2,-14,-0.0016875888535549334,0.0014878228371177796,0.00019644874332665755,-3.3172731104963177e-06,0.0019656879716338656,15
3,3,1,4,2,-13,-0.0016875888535549334,0.0014878228371177796,0.00021328352758161109,1.3517511144457272e-05,0.008009955218643696,15
3,3,1,4,2,-12,-0.0016875888535549334,0.0014878228371177796,0.00022661345866183688,2.684744222468307e-05,0.015908757733335638,15
3,4,1,4,2,-6,-0.0019293062769633813,0.0014878228371177796,0.00042506408290257934,-1.6419356943022387e-05,0.008510497860850546,15
3,5,1,4,2,-3,-0.002171276389406632,0.0014878228371177796,0.0006883901588102036,4.936606521351028e-06,0.0022735965561252692,15
3,7,1,4,2,0,-0.0025372392509810755,0.0014878228371177796,0.0010448703139708233,-4.5460998924725694e-06,0.0017917505772129005,15
3,8,1,4,2,1,-0.002675512320323371,0.0014878228371177796,0.0011992510625692902,1.156157936369872e-05,0.004321258129097814,15
3,4,1,5,2,-17,-0.0019293062769633813,0.001734103264389586,0.0001654511913622877,-2.9751821211507603e-05,0.015420994357793353,15
3,4,1,5,2,-16,-0.0019293062769633813,0.001734103264389586,0.00017249671507286419,-2.270629750093095e-05,0.011769151312081654,15
3,4,1,5,2,-15,-0.0019293062769633813,0.001734103264389586,0.0001819548751341122,-1.3248137439683108e-05,0.006866788128909696,15
3,4,1,5,2,-14,-0.0019293062769633813,0.001734103264389586,0.00019644874332665755,1.24573075286228e-06,0.0006456884361683566,15
3,4,1,5,2,-13,-0.0019293062769633813,0.001734103264389586,0.00021328352758161109,1.808051500781587e-05,0.009371511005641663,15
3,5,1,5,2,-6,-0.002171276389406632,0.001734103264389586,0.00042506408290257934,-1.2109042114466593e-05,0.005576923404843803,15
3,6,1,5,2,-3,-0.0024186606766848882,0.001734103264389586,0.0006883901588102036,3.8327465149015985e-06,0.00158465656296811,15
3,9,1,5,2,1,-0.0029334778136359597,0.001734103264389586,0.0011992510625692902,-1.2348667708349248e-07,4.2095657417103275e-05,15
3,5,1,6,2,-17,-0.002171276389406632,0.0019747070189232627,0.0001654511913622877,-3.11181791210818e-05,0.014331744808216607,15
3,5,1,6,2,-16,-0.002171276389406632,0.0019747070189232627,0.00017249671507286419,-2.4072655410505364e-05,0.011086868317618447,15
3,5,1,6,2,-15,-0.002171276389406632,0.0019747070189232627,0.0001819548751341122,-1.4614495349257305e-05,0.006730831422733411,15
3,5,1,6,2,-14,-0.002171276389406632,0.0019747070189232627,0.00019644874332665755,-1.206271567117008e-07,5.5555873632774067e-05,15
3,5,1,6,2,-13,-0.002171276389406632,0.0019747070189232627,0.00021328352758161109,1.6714157098241672e-05,0.007697848684666685,15
3,5,1,6,2,-12,-0.002171276389406632,0.0019747070189232627,0.00022661345866183688,3.004408817846747e-05,0.013837062994397475,15
3,6,1,6,2,-6,-0.0024186606766848882,0.0019747070189232627,0.00042506408290257934,-1.8889574859046014e-05,0.0078099317697333265,15
3,8,1,6,2,-3,-0.002675512320323371,0.0019747070189232627,0.0006883901588102036,-1.2415142589904289e-05,0.004640286084873553,15
3,10,1,6,2,1,-0.003196341902933452,0.0019747070189232627,0.0011992510625692902,-2.2383821440899194e-05,0.007002949659533098,15
3,15,1,6,2,8,-0.004526260671995234,0.0019747070189232627,0.0025823680571360795,3.081440406410823e-05,0.006807916356820176,15
3,16,1,6,2,9,-0.004790467128105982,0.0019747070189232627,0.002837466283292238,2.1706174109518278e-05,0.004531118475308336,15
3,17,1,6,2,10,-0.005054963890750095,0.0019747070189232627,0.0030974669448516055,1.7210073024773002e-05,0.0034045887165020357,15
3,18,1,6,2,11,-0.005320803084440166,0.0019747070189232627,0.0033613668070111803,1.5270741494276957e-05,0.002870006886541956,15
3,19,1,6,2,12,-0.005588836096595871,0.0019747070189232627,0.003627023623815877,1.2894546143268903e-05,0.0023071970479010646,15
3,20,1,6,2,13,-0.005859085906608004,0.0019747070189232627,0.0038929098475402085,8.530959855467327e-06,0.0014560223201107063,15
3,6,1,7,2,-16,-0.0024186606766848882,0.002215705167770865,0.00017249671507286419,-3.0458793841159175e-05,0.012593248046231603,15
3,6,1,7,2,-15,-0.0024186606766848882,0.002215705167770865,0.0001819548751341122,-2.1000633779911116e-05,0.008682753220553209,15
3,6,1,7,2,-14,-0.0024186606766848882,0.002215705167770865,0.00019644874332665755,-6.5067655873655116e-06,0.0026902349924851554,15
3,6,1,7,2,-13,-0.0024186606766848882,0.002215705167770865,0.00021328352758161109,1.0328018667587861e-05,0.004270139572345407,15
3,6,1,7,2,-12,-0.0024186606766848882,0.002215705167770865,0.00022661345866183688,2.365794974781366e-05,0.009781425718732972,15
3,7,1,7,2,-9,-0.0025372392509810755,0.002215705167770865,0.0003021884453905382,-1.9345637819672117e-05,0.007624680176373485,15
3,7,1,7,2,-8,-0.0025372392509810755,0.002215705167770865,0.0003326425567156908,1.1108473505480176e-05,0.004378173442329042,15
3,9,1,7,2,-3,-0.0029334778136359597,0.002215705167770865,0.0006883901588102036,-2.9382487054891316e-05,0.010016263602986854,15
3,14,1,7,2,5,-0.00426138436982716,0.002215705167770865,0.0020671941991908453,2.151499713455053e-05,0.0050488280960731945,15
3,15,1,7,2,7,-0.004526260671995234,0.002215705167770865,0.002333641093116966,2.3085588892597826e-05,0.005100366630546137,15
3,16,1,7,2,8,-0.004790467128105982,0.002215705167770865,0.0025823680571360795,7.6060968009624905e-06,0.001587756809004497,15
3,17,1,7,2,9,-0.005054963890750095,0.002215705167770865,0.002837466283292238,-1.7924396869921366e-06,0.00035459000810511435,15
3,18,1,7,2,10,-0.005320803084440166,0.002215705167770865,0.0030974669448516055,-7.63097181769555e-06,0.0014341767016357177,15
3,19,1,7,2,11,-0.005588836096595871,0.002215705167770865,0.0033613668070111803,-1.1764121813825565e-05,0.002104932334836412,15
3,20,1,7,2,12,-0.005859085906608004,0.002215705167770865,0.003627023623815877,-1.6357115021261442e-05,0.0027917520381146033,15
3,8,1,8,2,-15,-0.002675512320323371,0.0024629844882008973,0.0001819548751341122,-3.057295698836136e-05,0.011426954290633286,15
3,8,1,8,2,-14,-0.002675512320323371,0.0024629844882008973,0.00019644874332665755,-1.607908879581576e-05,0.006009723324268748,15
3,8,1,8,2,-13,-0.002675512320323371,0.0024629844882008973,0.00021328352758161109,7.55695459137614e-07,0.0002824488803124922,15
3,8,1,8,2,-12,-0.002675512320323371,0.0024629844882008973,0.00022661345866183688,1.4085626539363412e-05,0.005264646487466363,15
3,8,1,8,2,-11,-0.002675512320323371,0.0024629844882008973,0.00024159830799367046,2.9070475871197012e-05,0.01086538665898704,15
3,15,1,8,2,5,-0.004526260671995234,0.0024629844882008973,0.0020671941991908453,3.918015396509045e-06,0.0008656185934562919,15
3,16,1,8,2,7,-0.004790467128105982,0.0024629844882008973,0.002333641093116966,6.15845321188125e-06,0.001285564235635645,15
3,17,1,8,2,8,-0.005054963890750095,0.0024629844882008973,0.0025823680571360795,-9.611345413118762e-06,0.0019013677685623498,15
3,18,1,8,2,9,-0.005320803084440166,0.0024629844882008973,0.002837466283292238,-2.035231294703066e-05,0.003825045321926634,15
3,19,1,8,2,10,-0.005588836096595871,0.0024629844882008973,0.0030974669448516055,-2.8384663543368042e-05,0.0050788148109508855,15
3,9,1,9,2,-14,-0.0029334778136359597,0.00271575402351329,0.00019644874332665755,-2.1275046796011797e-05,0.007252499642955199,15
3,9,1,9,2,-13,-0.0029334778136359597,0.00271575402351329,0.00021328352758161109,-4.440262541058424e-06,0.0015136513119064121,15
3,9,1,9,2,-12,-0.0029334778136359597,0.00271575402351329,0.00022661345866183688,8.889668539167374e-06,0.0030304195579201913,15
3,9,1,9,2,-11,-0.0029334778136359597,0.00271575402351329,0.00024159830799367046,2.3874517871000974e-05,0.008138639317475937,15
3,11,1,9,2,-2,-0.003462185480912929,0.00271575402351329,0.0007709839009291044,2.4552443529465492e-05,0.007091602591722314,15
3,16,1,9,2,5,-0.004790467128105982,0.00271575402351329,0.0020671941991908453,-7.518905401847006e-06,0.0015695557866858326,15
3,17,1,9,2,7,-0.005054963890750095,0.00271575402351329,0.002333641093116966,-5.568774119839477e-06,0.0011016446883091659,15
3,18,1,9,2,8,-0.005320803084440166,0.00271575402351329,0.0025823680571360795,-2.2681003790795892e-05,0.004262703097794174,15
3,10,1,10,2,-14,-0.003196341902933452,0.002973321972018305,0.00019644874332665755,-2.657118758848942e-05,0.008312999170740663,15
3,10,1,10,2,-13,-0.003196341902933452,0.002973321972018305,0.00021328352758161109,-9.736403333536047e-06,0.0030461082165835996,15
3,10,1,10,2,-12,-0.003196341902933452,0.002973321972018305,0.00022661345866183688,3.593527746689751e-06,0.0011242626276593815,15
3,10,1,10,2,-11,-0.003196341902933452,0.002973321972018305,0.00024159830799367046,1.857837707852335e-05,0.0058123872985781,15
3,11,1,10,2,-5,-0.003462185480912929,0.002973321972018305,0.0005139207856115777,2.505727671695381e-05,0.007237416035361157,15
3,12,1,10,2,-2,-0.0037290325328913905,0.002973321972018305,0.0007709839009291044,1.5273340056019043e-05,0.004095791581677758,15
3,13,1,10,2,0,-0.0039955884824074,0.002973321972018305,0.0010448703139708233,2.260380358172845e-05,0.0056571900938380245,15
3,16,1,10,2,4,-0.004790467128105982,0.002973321972018305,0.0018458787080848657,2.8733551997188814e-05,0.005998068920796303,15
3,17,1,10,2,5,-0.005054963890750095,0.002973321972018305,0.0020671941991908453,-1.4447719540944953e-05,0.002858125172245511,15
3,18,1,10,2,7,-0.005320803084440166,0.002973321972018305,0.002333641093116966,-1.3840019304894695e-05,0.0026011147349857032,15
3,11,1,11,2,-14,-0.003462185480912929,0.003235253388057165,0.00019644874332665755,-3.0483349529106165e-05,0.008804655237901391,15
3,11,1,11,2,-13,-0.003462185480912929,0.003235253388057165,0.00021328352758161109,-1.3648565274152792e-05,0.003942181997295495,15
3,11,1,11,2,-12,-0.003462185480912929,0.003235253388057165,0.00022661345866183688,-3.186341939269942e-07,9.203267580077048e-05,15
3,11,1,11,2,-11,-0.003462185480912929,0.003235253388057165,0.00024159830799367046,1.4666215137906606e-05,0.004236114794762335,15
3,12,1,11,2,-5,-0.0037290325328913905,0.003235253388057165,0.0005139207856115777,2.014164077735218e-05,0.005401304654678059,15
3,13,1,11,2,-2,-0.0039955884824074,0.003235253388057165,0.0007709839009291044,1.0648806578869054e-05,0.0026651409737904223,15
3,14,1,11,2,0,-0.00426138436982716,0.003235253388057165,0.0010448703139708233,1.8739332200827866e-05,0.004397475227419564,15
3,17,1,11,2,4,-0.005054963890750095,0.003235253388057165,0.0018458787080848657,2.6168205391935255e-05,0.005176734385743003,15
3,18,1,11,2,5,-0.005320803084440166,0.003235253388057165,0.0020671941991908453,-1.8355497192154915e-05,0.0034497606659852948,15
3,19,1,11,2,7,-0.005588836096595871,0.003235253388057165,0.002333641093116966,-1.9941615421739493e-05,0.0035681159864190365,15
3,12,1,12,2,-13,-0.0037290325328913905,0.003499927798231137,0.00021328352758161109,-1.5821207078642492e-05,0.0042427109281278266,15
3,12,1,12,2,-12,-0.0037290325328913905,0.003499927798231137,0.00022661345866183688,-2.491275998416694e-06,0.0006680756942833713,15
3,12,1,12,2,-11,-0.0037290325328913905,0.003499927798231137,0.00024159830799367046,1.2493573333416906e-05,0.0033503524635999163,15
3,13,1,12,2,-5,-0.0039955884824074,0.003499927798231137,0.0005139207856115777,1.826010143531412e-05,0.004570065590015953,15
3,14,1,12,2,-2,-0.00426138436982716,0.003499927798231137,0.0007709839009291044,9.527329333081265e-06,0.0022357357389630847,15
3,15,1,12,2,0,-0.004526260671995234,0.003499927798231137,0.0010448703139708233,1.8537440206726867e-05,0.004095530847664442,15
3,18,1,12,2,4,-0.005320803084440166,0.003499927798231137,0.0018458787080848657,2.500342187583722e-05,0.004699181961639534,15
3,19,1,12,2,5,-0.005588836096595871,0.003499927798231137,0.0020671941991908453,-2.1714099173888654e-05,0.0038852631922976937,15
3,20,1,12,2,7,-0.005859085906608004,0.003499927798231137,0.002333641093116966,-2.5517015259901056e-05,0.004355118813179103,15
3,13,1,13,2,-13,-0.0039955884824074,0.003765557199999308,0.00021328352758161109,-1.674775482648095e-05,0.004191561493437428,15
3,13,1,13,2,-12,-0.0039955884824074,0.003765557199999308,0.00022661345866183688,-3.4178237462555855e-06,0.0008553993388719294,15
3,13,1,13,2,-11,-0.0039955884824074,0.003765557199999308,0.00024159830799367046,1.1567025585578448e-05,0.002894949176199734,15
3,14,1,13,2,-5,-0.00426138436982716,0.003765557199999308,0.0005139207856115777,1.80936157837255e-05,0.00424594784545553,15
3,15,1,13,2,-2,-0.004526260671995234,0.003765557199999308,0.0007709839009291044,1.028042893317857e-05,0.002271285212711098,15
3,16,1,13,2,0,-0.004790467128105982,0.003765557199999308,0.0010448703139708233,1.9960385864149083e-05,0.004166688828118703,15
3,19,1,13,2,4,-0.005588836096595871,0.003765557199999308,0.0018458787080848657,2.2599811488302653e-05,0.004043742041758582,15
3,20,1,13,2,5,-0.005859085906608004,0.003765557199999308,0.0020671941991908453,-2.6334507417850178e-05,0.004494644358798281,15
3,20,1,13,2,6,-0.005859085906608004,0.003765557199999308,0.002122306963237751,2.877825662905495e-05,0.0049117314693403295,15
3,14,1,14,2,-13,-0.00426138436982716,0.004030932427920738,0.00021328352758161109,-1.7168414324811136e-05,0.004028834959449452,15
3,14,1,14,2,-12,-0.00426138436982716,0.004030932427920738,0.00022661345866183688,-3.838483244585772e-06,0.0009007596854590846,15
3,14,1,14,2,-11,-0.00426138436982716,0.004030932427920738,0.00024159830799367046,1.1146366087248262e-05,0.002615667848732536,15
3,15,1,14,2,-5,-0.004526260671995234,0.004030932427920738,0.0005139207856115777,1.8592541537082105e-05,0.004107704545634637,15
3,16,1,14,2,-2,-0.004790467128105982,0.004030932427920738,0.0007709839009291044,1.1449200743860084e-05,0.0023899967242624167,15
3,17,1,14,2,0,-0.005054963890750095,0.004030932427920738,0.0010448703139708233,2.083885114146592e-05,0.004122453016845129,15
3,20,1,14,2,4,-0.005859085906608004,0.004030932427920738,0.0018458787080848657,1.772522939759956e-05,0.003025255079057411,15
3,15,1,15,2,-13,-0.004526260671995234,0.004295690809337045,0.00021328352758161109,-1.7286335076577633e-05,0.0038191205344250746,15
3,15,1,15,2,-12,-0.004526260671995234,0.004295690809337045,0.00022661345866183688,-3.956403996352269e-06,0.0008740998990250898,15
3,15,1,15,2,-11,-0.004526260671995234,0.004295690809337045,0.00024159830799367046,1.1028445335481765e-05,0.002436546662837314,15
3,16,1,15,2,-5,-0.004790467128105982,0.004295690809337045,0.0005139207856115777,1.914446684264052e-05,0.0039963674378055295,15
3,17,1,15,2,-2,-0.005054963890750095,0.004295690809337045,0.0007709839009291044,1.1710819516053822e-05,0.0023166969674072346,15
3,18,1,15,2,0,-0.005320803084440166,0.004295690809337045,0.0010448703139708233,1.9758038867702388e-05,0.0037133565279800712,15
3,16,1,16,2,-13,-0.004790467128105982,0.00455968102508798,0.00021328352758161109,-1.7502575436391214e-05,0.003653626038617918,15
3,16,1,16,2,-12,-0.004790467128105982,0.00455968102508798,0.00022661345866183688,-4.17264435616585e-06,0.0008710307877252041,15
3,16,1,16,2,-11,-0.004790467128105982,0.00455968102508798,0.00024159830799367046,1.0812204975668184e-05,0.0022570251890952917,15
3,17,1,16,2,-5,-0.005054963890750095,0.00455968102508798,0.0005139207856115777,1.863791994946226e-05,0.0036870530338638328,15
3,18,1,16,2,-2,-0.005320803084440166,0.00455968102508798,0.0007709839009291044,9.861841576918294e-06,0.0018534498308643795,15
3,19,1,16,2,0,-0.005588836096595871,0.00455968102508798,0.0010448703139708233,1.5715242462932023e-05,0.002811898969895376,15
3,17,1,17,2,-13,-0.005054963890750095,0.004823167543880964,0.00021328352758161109,-1.8512819287519813e-05,0.003662304951652728,15
3,17,1,17,2,-12,-0.005054963890750095,0.004823167543880964,0.00022661345866183688,-5.182888207294449e-06,0.0010253066726704889,15
3,17,1,17,2,-11,-0.005054963890750095,0.004823167543880964,0.00024159830799367046,9.801961124539585e-06,0.0019390763883547926,15
3,18,1,17,2,-5,-0.005320803084440166,0.004823167543880964,0.0005139207856115777,1.6285245052376392e-05,0.0030606742617481893,15
3,19,1,17,2,-2,-0.005588836096595871,0.004823167543880964,0.0007709839009291044,5.315348214197588e-06,0.0009510653242157409,15
3,20,1,17,2,0,-0.005859085906608004,0.004823167543880964,0.0010448703139708233,8.951951243783493e-06,0.0015278750621640978,15
3,18,1,18,2,-13,-0.005320803084440166,0.005087181893000314,0.00021328352758161109,-2.033766385824056e-05,0.003822292149415338,15
3,18,1,18,2,-12,-0.005320803084440166,0.005087181893000314,0.00022661345866183688,-7.0077327780151966e-06,0.0013170441880302217,15
3,18,1,18,2,-11,-0.005320803084440166,0.005087181893000314,0.00024159830799367046,7.977116553818837e-06,0.0014992316812374872,15
3,19,1,18,2,-5,-0.005588836096595871,0.005087181893000314,0.0005139207856115777,1.2266582016020808e-05,0.0021948365999661925,15
3,20,1,18,2,-2,-0.005859085906608004,0.005087181893000314,0.0007709839009291044,-9.201126785858202e-07,0.00015704031196199004,15
3,19,1,19,2,-13,-0.005588836096595871,0.0053527772990706515,0.00021328352758161109,-2.2775269943608317e-05,0.004075136495321559,15
3,19,1,19,2,-12,-0.005588836096595871,0.0053527772990706515,0.00022661345866183688,-9.445338863382953e-06,0.0016900368341694716,15
3,19,1,19,2,-11,-0.005588836096595871,0.0053527772990706515,0.00024159830799367046,5.539510468451081e-06,0.0009911742575211978,15
3,20,1,19,2,-5,-0.005859085906608004,0.0053527772990706515,0.0005139207856115777,7.612178074225227e-06,0.0012992091591693593,15
3,20,1,20,2,-13,-0.005859085906608004,0.005620665903572574,0.00021328352758161109,-2.5136475453818932e-05,0.004290170148464536,15
3,20,1,20,2,-12,-0.005859085906608004,0.005620665903572574,0.00022661345866183688,-1.18065443735927e-05,0.0020150829944782043,15
3,20,1,20,2,-11,-0.005859085906608004,0.005620665903572574,0.00024159830799367046,3.178304958240466e-06,0.0005424574769685327,15
3,20,1,20,2,-10,-0.005859085906608004,0.005620665903572574,0.00026814142169328853,2.9721418657858295e-05,0.005072705731168378,15
2,-10,2,-20,2,-20,-0.00026814142169328853,0.0001393121823523654,0.0001393121823523654,1.0482943011442289e-05,0.03909482893483395,19
2,-9,2,-20,2,-20,-0.0003021884453905382,0.0001393121823523654,0.0001393121823523654,-2.356408068580738e-05,0.0779780995774142,19
2,-10,2,-20,2,-19,-0.00026814142169328853,0.0001393121823523654,0.00014613674776618418,1.7307508425261028e-05,0.06454619475038842,19
2,-9,2,-20,2,-19,-0.0003021884453905382,0.0001393121823523654,0.00014613674776618418,-1.673951527198864e-05,0.05539429295635395,19
2,-10,2,-20,2,-18,-0.00026814142169328853,0.0001393121823523654,0.00015542391434663602,2.65946750057129e-05,0.09918152457673254,19
2,-9,2,-20,2,-18,-0.0003021884453905382,0.0001393121823523654,0.00015542391434663602,-7.452348691536768e-06,0.024661262881529446,19
2,-9,2,-20,2,-17,-0.0003021884453905382,0.0001393121823523654,0.0001654511913622877,2.5749283241148784e-06,0.008520935738582352,19
2,-8,2,-20,2,-17,-0.0003326425567156908,0.0001393121823523654,0.0001654511913622877,-2.787918300103774e-05,0.08381123352435643,19
2,-9,2,-20,2,-16,-0.0003021884453905382,0.0001393121823523654,0.00017249671507286419,9.620452034691423e-06,0.03183593609033685,19
2,-8,2,-20,2,-16,-0.0003326425567156908,0.0001393121823523654,0.00017249671507286419,-2.0833659290461195e-05,0.06263076948469855,19
2,-9,2,-20,2,-15,-0.0003021884453905382,0.0001393121823523654,0.0001819548751341122,1.9078612095939373e-05,0.06313481665813798,19
2,-8,2,-20,2,-15,-0.0003326425567156908,0.0001393121823523654,0.0001819548751341122,-1.1375499229213245e-05,0.03419736590990632,19
2,-8,2,-20,2,-14,-0.0003326425567156908,0.0001393121823523654,0.00019644874332665755,3.1183689633321426e-06,0.009374534016696513,19
2,-7,2,-20,2,-14,-0.00036286508921045974,0.0001393121823523654,0.00019644874332665755,-2.710416353143678e-05,0.07469487789638676,19
2,-8,2,-20,2,-13,-0.0003326425567156908,0.0001393121823523654,0.00021328352758161109,1.9953153218285678e-05,0.05998376580342248,19
2,-7,2,-20,2,-13,-0.00036286508921045974,0.0001393121823523654,0.00021328352758161109,-1.0269379276483246e-05,0.028300819180009523,19
2,-7,2,-20,2,-12,-0.00036286508921045974,0.0001393121823523654,0.00022661345866183688,3.060551803742552e-06,0.008434406876676551,19
2,-7,2,-20,2,-11,-0.00036286508921045974,0.0001393121823523654,0.00024159830799367046,1.8045401135576098e-05,0.04973033138801034,19
2,-6,2,-20,2,-10,-0.00042506408290257934,0.0001393121823523654,0.00026814142169328853,-1.76104788569254e-05,0.04143017386148233,19
2,-6,2,-20,2,-9,-0.00042506408290257934,0.0001393121823523654,0.0003021884453905382,1.6436544840324268e-05,0.038668392605854134,19
2,-5,2,-20,2,-7,-0.0005139207856115777,0.0001393121823523654,0.00036286508921045974,-1.1743514048752606e-05,0.022850825219644603,19
2,-2,2,-20,2,-4,-0.0007709839009291044,0.0001393121823523654,0.0006184286779740842,-1.3243040602654724e-05,0.017176805620319282,19
2,-1,2,-20,2,-2,-0.000894883579030094,0.0001393121823523654,0.0007709839009291044,1.5412504251375702e-05,0.01722291548592311,19
2,0,2,-20,2,-1,-0.0010448703139708233,0.0001393121823523654,0.000894883579030094,-1.0674552588363969e-05,0.010216150698929744,19
2,1,2,-20,2,0,-0.0011992510625692902,0.0001393121823523654,0.0010448703139708233,-1.5068566246101466e-05,0.012564980525277488,19
2,-10,2,-19,2,-19,-0.00026814142169328853,0.00014613674776618418,0.00014613674776618418,2.413207383907982e-05,0.08999756056594309,19
2,-9,2,-19,2,-19,-0.0003021884453905382,0.00014613674776618418,0.00014613674776618418,-9.914949858169848e-06,0.03281048633529353,19
2,-9,2,-19,2,-18,-0.0003021884453905382,0.00014613674776618418,0.00015542391434663602,-6.277832777180285e-07,0.0020774562604691997,19
2,-8,2,-19,2,-18,-0.0003326425567156908,0.00014613674776618418,0.00015542391434663602,-3.108189460287065e-05,0.093439320902756,19
2,-9,2,-19,2,-17,-0.0003021884453905382,0.00014613674776618418,0.0001654511913622877,9.399493737933672e-06,0.03110474235964278,19
2,-8,2,-19,2,-17,-0.0003326425567156908,0.00014613674776618418,0.0001654511913622877,-2.1054617587218947e-05,0.06329502092305736,19
2,-9,2,-19,2,-16,-0.0003021884453905382,0.00014613674776618418,0.00017249671507286419,1.6445017448510162e-05,0.0544197427113971,19
2,-8,2,-19,2,-16,-0.0003326425567156908,0.00014613674776618418,0.00017249671507286419,-1.4009093876642456e-05,0.042114556883399656,19
2,-9,2,-19,2,-15,-0.0003021884453905382,0.00014613674776618418,0.0001819548751341122,2.5903177509758167e-05,0.08571862327919841,19
2,-8,2,-19,2,-15,-0.0003326425567156908,0.00014613674776618418,0.0001819548751341122,-4.550933815394452e-06,0.013681153308607261,19
2,-8,2,-19,2,-14,-0.0003326425567156908,0.00014613674776618418,0.00019644874332665755,9.942934377150882e-06,0.02989074661799541,19
2,-7,2,-19,2,-14,-0.00036286508921045974,0.00014613674776618418,0.00019644874332665755,-2.0279598117618042e-05,0.055887432328481694,19
2,-8,2,-19,2,-13,-0.0003326425567156908,0.00014613674776618418,0.00021328352758161109,2.677771863210447e-05,0.08049997840472155,19
2,-7,2,-19,2,-13,-0.00036286508921045974,0.00014613674776618418,0.00021328352758161109,-3.4448138626644526e-06,0.009493373612104304,19
2,-7,2,-19,2,-12,-0.00036286508921045974,0.00014613674776618418,0.00022661345866183688,9.885117217561345e-06,0.02724185244458177,19
2,-7,2,-19,2,-11,-0.00036286508921045974,0.00014613674776618418,0.00024159830799367046,2.486996654939489e-05,0.06853777695591556,19
2,-6,2,-19,2,-10,-0.00042506408290257934,0.00014613674776618418,0.00026814142169328853,-1.0785913443106608e-05,0.025374793770986847,19
2,-6,2,-19,2,-9,-0.00042506408290257934,0.00014613674776618418,0.0003021884453905382,2.3261110254143007e-05,0.05472377269634949,19
2,-5,2,-19,2,-7,-0.0005139207856115777,0.00014613674776618418,0.00036286508921045974,-4.918948634933759e-06,0.009571414063511939,19
2,-3,2,-19,2,-5,-0.0006883901588102036,0.00014613674776618418,0.0005139207856115777,-2.8332625432441676e-05,0.041157801386078906,19
2,-2,2,-19,2,-4,-0.0007709839009291044,0.00014613674776618418,0.0006184286779740842,-6.418475188835985e-06,0.008325044376544244,19
2,-1,2,-19,2,-2,-0.000894883579030094,0.00014613674776618418,0.0007709839009291044,2.223706966519455e-05,0.02484912025014009,19
2,0,2,-19,2,-1,-0.0010448703139708233,0.00014613674776618418,0.000894883579030094,-3.84998717454523e-06,0.0036846555242957507,19
2,1,2,-19,2,0,-0.0011992510625692902,0.00014613674776618418,0.0010448703139708233,-8.244000832282727e-06,0.006874291038459185,19
2,-9,2,-18,2,-18,-0.0003021884453905382,0.00015542391434663602,0.00015542391434663602,8.659383302733845e-06,0.028655573814355306,19
2,-8,2,-18,2,-18,-0.0003326425567156908,0.00015542391434663602,0.00015542391434663602,-2.1794728022418773e-05,0.06551996304263227,19
2,-9,2,-18,2,-17,-0.0003021884453905382,0.00015542391434663602,0.0001654511913622877,1.868666031838549e-05,0.06183777243446711,19
2,-8,2,-18,2,-17,-0.0003326425567156908,0.00015542391434663602,0.0001654511913622877,-1.1767451006767127e-05,0.035375663062933806,19
2,-9,2,-18,2,-16,-0.0003021884453905382,0.00015542391434663602,0.00017249671507286419,2.5732184028962035e-05,0.0851527727862216,19
2,-8,2,-18,2,-16,-0.0003326425567156908,0.00015542391434663602,0.00017249671507286419,-4.721927296190583e-06,0.014195199023275932,19
2,-8,2,-18,2,-15,-0.0003326425567156908,0.00015542391434663602,0.0001819548751341122,4.736232765057368e-06,0.014238204551516299,19
2,-7,2,-18,2,-15,-0.00036286508921045974,0.00015542391434663602,0.0001819548751341122,-2.5486299729711556e-05,0.07023629576812125,19
2,-8,2,-18,2,-14,-0.0003326425567156908,0.00015542391434663602,0.00019644874332665755,1.9230100957602755e-05,0.057810104478119136,19
2,-7,2,-18,2,-14,-0.00036286508921045974,0.00015542391434663602,0.00019644874332665755,-1.0992431537166169e-05,0.03029343925337116,19
2,-7,2,-18,2,-13,-0.00036286508921045974,0.00015542391434663602,0.00021328352758161109,5.842352717787367e-06,0.01610061946300608,19
2,-7,2,-18,2,-12,-0.00036286508921045974,0.00015542391434663602,0.00022661345866183688,1.9172283798013165e-05,0.05283584551969216,19
2,-6,2,-18,2,-11,-0.00042506408290257934,0.00015542391434663602,0.00024159830799367046,-2.804186056227289e-05,0.0659709010716387,19
2,-6,2,-18,2,-10,-0.00042506408290257934,0.00015542391434663602,0.00026814142169328853,-1.4987468626547883e-06,0.003525931554650518,19
2,-5,2,-18,2,-8,-0.0005139207856115777,0.00015542391434663602,0.0003326425567156908,-2.5854314549250863e-05,0.050307976001561464,19
2,-5,2,-18,2,-7,-0.0005139207856115777,0.00015542391434663602,0.00036286508921045974,4.3682179455180065e-06,0.008499788426186587,19
2,-3,2,-18,2,-5,-0.0006883901588102036,0.00015542391434663602,0.0005139207856115777,-1.904545885198991e-05,0.027666663458564847,19
2,-2,2,-18,2,-4,-0.0007709839009291044,0.00015542391434663602,0.0006184286779740842,2.8686913916158886e-06,0.003720818798108313,19
2,0,2,-18,2,-1,-0.0010448703139708233,0.00015542391434663602,0.000894883579030094,5.437179405906644e-06,0.005203688279020692,19
2,1,2,-18,2,0,-0.0011992510625692902,0.00015542391434663602,0.0010448703139708233,1.0431657481691468e-06,0.0008698476747097941,19
2,2,2,-18,2,1,-0.0013846263257445758,0.00015542391434663602,0.0011992510625692902,-2.9951348828649626e-05,0.021631358780170123,19
2,-9,2,-17,2,-17,-0.0003021884453905382,0.0001654511913622877,0.0001654511913622877,2.871393733403719e-05,0.09501997105457909,19
2,-8,2,-17,2,-17,-0.0003326425567156908,0.0001654511913622877,0.0001654511913622877,-1.740173991115427e-06,0.005231363083235172,19
2,-8,2,-17,2,-16,-0.0003326425567156908,0.0001654511913622877,0.00017249671507286419,5.305349719461063e-06,0.01594910095642254,19
2,-7,2,-17,2,-16,-0.00036286508921045974,0.0001654511913622877,0.00017249671507286419,-2.491718277530786e-05,0.06866789756359293,19
2,-8,2,-17,2,-15,-0.0003326425567156908,0.0001654511913622877,0.0001819548751341122,1.4763509780709068e-05,0.04438250453121493,19
2,-7,2,-17,2,-15,-0.00036286508921045974,0.0001654511913622877,0.0001819548751341122,-1.5459022714059856e-05,0.04260267293196042,19
2,-8,2,-17,2,-14,-0.0003326425567156908,0.0001654511913622877,0.00019644874332665755,2.92573779732544e-05,0.0879544044578176,19
2,-7,2,-17,2,-14,-0.00036286508921045974,0.0001654511913622877,0.00019644874332665755,-9.651545215145227e-07,0.0026598164172104703,19
2,-7,2,-17,2,-13,-0.00036286508921045974,0.0001654511913622877,0.00021328352758161109,1.5869629733439067e-05,0.04373424229916692,19
2,-7,2,-17,2,-12,-0.00036286508921045974,0.0001654511913622877,0.00022661345866183688,2.9199560813664865e-05,0.080469468355853,19
2,-6,2,-17,2,-11,-0.00042506408290257934,0.0001654511913622877,0.00024159830799367046,-1.8014583546621188e-05,0.042380865077113465,19
2,-6,2,-17,2,-10,-0.00042506408290257934,0.0001654511913622877,0.00026814142169328853,8.528530152996912e-06,0.020064104439874705,19
2,-5,2,-17,2,-8,-0.0005139207856115777,0.0001654511913622877,0.0003326425567156908,-1.5827037533599217e-05,0.03079664799851338,19
2,-5,2,-17,2,-7,-0.0005139207856115777,0.0001654511913622877,0.00036286508921045974,1.4395494961169761e-05,0.02801111642923488,19
2,-4,2,-17,2,-6,-0.0006184286779740842,0.0001654511913622877,0.00042506408290257934,-2.7913403709217167e-05,0.04513601115759852,19
2,-3,2,-17,2,-5,-0.0006883901588102036,0.0001654511913622877,0.0005139207856115777,-9.018181836338156e-06,0.013100393317540968,19
2,-2,2,-17,2,-4,-0.0007709839009291044,0.0001654511913622877,0.0006184286779740842,1.2895968407267535e-05,0.016726637730991194,19
2,0,2,-17,2,-1,-0.0010448703139708233,0.0001654511913622877,0.000894883579030094,1.546445642155829e-05,0.014800359637732147,19
2,1,2,-17,2,0,-0.0011992510625692902,0.0001654511913622877,0.0010448703139708233,1.1070442763820793e-05,0.009231130252328766,19
2,2,2,-17,2,1,-0.0013846263257445758,0.0001654511913622877,0.0011992510625692902,-1.992407181299798e-05,0.01438949371577484,19
2,-8,2,-16,2,-16,-0.0003326425567156908,0.00017249671507286419,0.00017249671507286419,1.2350873430037553e-05,0.03712956499608025,19
2,-7,2,-16,2,-16,-0.00036286508921045974,0.00017249671507286419,0.00017249671507286419,-1.787165906473137e-05,0.04925152514290485,19
2,-8,2,-16,2,-15,-0.0003326425567156908,0.00017249671507286419,0.0001819548751341122,2.1809033491285558e-05,0.06556296857087264,19
2,-7,2,-16,2,-15,-0.00036286508921045974,0.00017249671507286419,0.0001819548751341122,-8.413499003483366e-06,0.02318630051127234,19
2,-7,2,-16,2,-14,-0.00036286508921045974,0.00017249671507286419,0.00019644874332665755,6.080369189062022e-06,0.01675655600347776,19
2,-7,2,-16,2,-13,-0.00036286508921045974,0.00017249671507286419,0.00021328352758161109,2.2915153444015503e-05,0.06315061471985485,19
2,-6,2,-16,2,-12,-0.00042506408290257934,0.00017249671507286419,0.00022661345866183688,-2.59539091678783e-05,0.061058814921858946,19
2,-6,2,-16,2,-11,-0.00042506408290257934,0.00017249671507286419,0.00024159830799367046,-1.0969059836044698e-05,0.025805661492595937,19
2,-6,2,-16,2,-10,-0.00042506408290257934,0.00017249671507286419,0.00026814142169328853,1.5574053863573348e-05,0.03663930802439211,19
2,-5,2,-16,2,-8,-0.0005139207856115777,0.00017249671507286419,0.0003326425567156908,-8.781513823022673e-06,0.017087290627041805,19
2,-5,2,-16,2,-7,-0.0005139207856115777,0.00017249671507286419,0.00036286508921045974,2.1441018671746197e-05,0.041720473800706245,19
2,-4,2,-16,2,-6,-0.0006184286779740842,0.00017249671507286419,0.00042506408290257934,-2.0867879998640623e-05,0.03374338988774241,19
2,-3,2,-16,2,-5,-0.0006883901588102036,0.00017249671507286419,0.0005139207856115777,-1.97265812576172e-06,0.00286561058509496,19
2,-2,2,-16,2,-4,-0.0007709839009291044,0.00017249671507286419,0.0006184286779740842,1.994149211784397e-05,0.025864991595560806,19
2,0,2,-16,2,-1,-0.0010448703139708233,0.00017249671507286419,0.000894883579030094,2.2509980132134942e-05,0.021543324402231515,19
2,1,2,-16,2,0,-0.0011992510625692902,0.00017249671507286419,0.0010448703139708233,1.8115966474397446e-05,0.015106066644281787,19
2,2,2,-16,2,1,-0.0013846263257445758,0.00017249671507286419,0.0011992510625692902,-1.2878548102421327e-05,0.00930110013291561,19
2,-7,2,-15,2,-15,-0.00036286508921045974,0.0001819548751341122,0.0001819548751341122,1.0446610577646387e-06,0.0028789241203601734,19
2,-7,2,-15,2,-14,-0.00036286508921045974,0.0001819548751341122,0.00019644874332665755,1.5538529250309972e-05,0.04282178063511012,19
2,-6,2,-15,2,-13,-0.00042506408290257934,0.0001819548751341122,0.00021328352758161109,-2.9825680186856037e-05,0.0701674909420465,19
2,-6,2,-15,2,-12,-0.00042506408290257934,0.0001819548751341122,0.00022661345866183688,-1.649574910663024e-05,0.0388076757602945,19
2,-6,2,-15,2,-11,-0.00042506408290257934,0.0001819548751341122,0.00024159830799367046,-1.5108997747966934e-06,0.0035545223310316184,19
2,-6,2,-15,2,-10,-0.00042506408290257934,0.0001819548751341122,0.00026814142169328853,2.5032213924821407e-05,0.058890447185956554,19
2,-5,2,-15,2,-9,-0.0005139207856115777,0.0001819548751341122,0.0003021884453905382,-2.977746508692734e-05,0.05794174106324862,19
2,-5,2,-15,2,-8,-0.0005139207856115777,0.0001819548751341122,0.0003326425567156908,6.766462382252775e-07,0.0013166352814861395,19
2,-5,2,-15,2,-7,-0.0005139207856115777,0.0001819548751341122,0.00036286508921045974,3.0899178732994256e-05,0.060124399709234395,19
2,-4,2,-15,2,-6,-0.0006184286779740842,0.0001819548751341122,0.00042506408290257934,-1.1409719937392673e-05,0.018449532409735382,19
2,-3,2,-15,2,-5,-0.0006883901588102036,0.0001819548751341122,0.0005139207856115777,7.485501935486339e-06,0.01087392351515323,19
2,-2,2,-15,2,-4,-0.0007709839009291044,0.0001819548751341122,0.0006184286779740842,2.939965217909203e-05,0.03813264082902746,19
2,-1,2,-15,2,-3,-0.000894883579030094,0.0001819548751341122,0.0006883901588102036,-2.453854508577822e-05,0.027420935706937374,19
2,1,2,-15,2,0,-0.0011992510625692902,0.0001819548751341122,0.0010448703139708233,2.7574126535645288e-05,0.022992788913249025,19
2,2,2,-15,2,1,-0.0013846263257445758,0.0001819548751341122,0.0011992510625692902,-3.4203880411734847e-06,0.0024702607321395458,19
2,7,2,-15,2,6,-0.002333641093116966,0.0001819548751341122,0.002122306963237751,-2.9379254745103e-05,0.012589448665331016,19
2,-7,2,-14,2,-14,-0.00036286508921045974,0.00019644874332665755,0.00019644874332665755,3.003239744285536e-05,0.08276463714986022,19
2,-6,2,-14,2,-13,-0.00042506408290257934,0.00019644874332665755,0.00021328352758161109,-1.5331811994310704e-05,0.03606941308617837,19
2,-6,2,-14,2,-12,-0.00042506408290257934,0.00019644874332665755,0.00022661345866183688,-2.001880914084906e-06,0.0047095979044263735,19
2,-6,2,-14,2,-11,-0.00042506408290257934,0.00019644874332665755,0.00024159830799367046,1.298296841774864e-05,0.030543555524836508,19
2,-5,2,-14,2,-9,-0.0005139207856115777,0.00019644874332665755,0.0003021884453905382,-1.5283596894381953e-05,0.029739207524354393,19
2,-5,2,-14,2,-8,-0.0005139207856115777,0.00019644874332665755,0.0003326425567156908,1.5170514430770665e-05,0.029519168820380363,19
2,-4,2,-14,2,-6,-0.0006184286779740842,0.00019644874332665755,0.00042506408290257934,3.084148255152715e-06,0.004987071856460639,19
2,-3,2,-14,2,-5,-0.0006883901588102036,0.00019644874332665755,0.0005139207856115777,2.1979370128031618e-05,0.031928652446194486,19
2,-1,2,-14,2,-3,-0.000894883579030094,0.00019644874332665755,0.0006883901588102036,-1.004467689323294e-05,0.011224562757224476,19
2,2,2,-14,2,1,-0.0013846263257445758,0.00019644874332665755,0.0011992510625692902,1.1073480151371903e-05,0.007997450247392339,19
2,3,2,-14,2,2,-0.0016105693803172012,0.00019644874332665755,0.0013846263257445758,-2.9494311245967936e-05,0.018312971553053517,19
2,5,2,-14,2,4,-0.0020671941991908453,0.00019644874332665755,0.0018458787080848657,-2.4866747779322095e-05,0.012029226760144547,19
2,7,2,-14,2,6,-0.002333641093116966,0.00019644874332665755,0.002122306963237751,-1.4885386552557396e-05,0.006378610059816647,19
2,-6,2,-13,2,-13,-0.00042506408290257934,0.00021328352758161109,0.00021328352758161109,1.5029722606428315e-06,0.003535872168684971,19
2,-6,2,-13,2,-12,-0.00042506408290257934,0.00021328352758161109,0.00022661345866183688,1.483290334086863e-05,0.03489568735043697,19
2,-6,2,-13,2,-11,-0.00042506408290257934,0.00021328352758161109,0.00024159830799367046,2.981775267270223e-05,0.07014884077969998,19
2,-5,2,-13,2,-9,-0.0005139207856115777,0.00021328352758161109,0.0003021884453905382,1.5511873605715282e-06,0.003018339409497865,19
2,-4,2,-13,2,-6,-0.0006184286779740842,0.00021328352758161109,0.00042506408290257934,1.9918932510106196e-05,0.03220894052869411,19
2,-1,2,-13,2,-3,-0.000894883579030094,0.00021328352758161109,0.0006883901588102036,6.79010736172065e-06,0.007587699138562811,19
2,2,2,-13,2,1,-0.0013846263257445758,0.00021328352758161109,0.0011992510625692902,2.7908264406325493e-05,0.020155809468173996,19
2,3,2,-13,2,2,-0.0016105693803172012,0.00021328352758161109,0.0013846263257445758,-1.2659526991014346e-05,0.007860280436053649,19
2,4,2,-13,2,3,-0.0018458787080848657,0.00021328352758161109,0.0016105693803172012,-2.2025800186053438e-05,0.011932420093249586,19
2,5,2,-13,2,4,-0.0020671941991908453,0.00021328352758161109,0.0018458787080848657,-8.031963524368722e-06,0.0038854421744762275,19
2,7,2,-13,2,6,-0.002333641093116966,0.00021328352758161109,0.002122306963237751,1.9493977023959767e-06,0.0008353459784993038,19
2,-6,2,-12,2,-12,-0.00042506408290257934,0.00022661345866183688,0.00022661345866183688,2.8162834421094427e-05,0.06625550253218897,19
2,-5,2,-12,2,-10,-0.0005139207856115777,0.00022661345866183688,0.00026814142169328853,-1.916590525645229e-05,0.037293500852751876,19
2,-5,2,-12,2,-9,-0.0005139207856115777,0.00022661345866183688,0.0003021884453905382,1.4881118440797326e-05,0.028956054819009605,19
2,-4,2,-12,2,-7,-0.0006184286779740842,0.00022661345866183688,0.00036286508921045974,-2.895013010178755e-05,0.046812399121957816,19
2,-2,2,-12,2,-5,-0.0007709839009291044,0.00022661345866183688,0.0005139207856115777,-3.0449656655689777e-05,0.03949454277708682,19
2,-1,2,-12,2,-3,-0.000894883579030094,0.00022661345866183688,0.0006883901588102036,2.0120038441946448e-05,0.022483414506000037,19
2,3,2,-12,2,2,-0.0016105693803172012,0.00022661345866183688,0.0013846263257445758,6.704040892114519e-07,0.0004162528466047306,19
2,4,2,-12,2,3,-0.0018458787080848657,0.00022661345866183688,0.0016105693803172012,-8.69586910582764e-06,0.004710964522067525,19
2,5,2,-12,2,4,-0.0020671941991908453,0.00022661345866183688,0.0018458787080848657,5.29796755585751e-06,0.0025628784939176375,19
2,7,2,-12,2,6,-0.002333641093116966,0.00022661345866183688,0.002122306963237751,1.5279328782621775e-05,0.006547420178573257,19
2,8,2,-12,2,7,-0.0025823680571360795,0.00022661345866183688,0.002333641093116966,-2.211350535727668e-05,0.008563266299770294,19
2,9,2,-12,2,8,-0.002837466283292238,0.00022661345866183688,0.0025823680571360795,-2.848476749432163e-05,0.010038803865986911,19
2,-5,2,-11,2,-11,-0.0005139207856115777,0.00024159830799367046,0.00024159830799367046,-3.072416962423679e-05,0.05978386258044479,19
2,-5,2,-11,2,-10,-0.0005139207856115777,0.00024159830799367046,0.00026814142169328853,-4.181055924618688e-06,0.008135603855063256,19
2,-5,2,-11,2,-9,-0.0005139207856115777,0.00024159830799367046,0.0003021884453905382,2.9865967772630926e-05,0.05811395181669823,19
2,-4,2,-11,2,-7,-0.0006184286779740842,0.00024159830799367046,0.00036286508921045974,-1.396528076995395e-05,0.022581877696394893,19
2,-3,2,-11,2,-6,-0.0006883901588102036,0.00024159830799367046,0.00042506408290257934,-2.172776791395381e-05,0.031563158821891854,19
2,-2,2,-11,2,-5,-0.0007709839009291044,0.00024159830799367046,0.0005139207856115777,-1.5464807323856177e-05,0.020058534692124836,19
2,3,2,-11,2,2,-0.0016105693803172012,0.00024159830799367046,0.0013846263257445758,1.5655253421045052e-05,0.009720322273829492,19
2,4,2,-11,2,3,-0.0018458787080848657,0.00024159830799367046,0.0016105693803172012,6.28898022600596e-06,0.0034070387173656155,19
2,5,2,-11,2,4,-0.0020671941991908453,0.00024159830799367046,0.0018458787080848657,2.0282816887690677e-05,0.009811761708517714,19
2,7,2,-11,2,5,-0.002333641093116966,0.00024159830799367046,0.0020671941991908453,-2.4848585932450186e-05,0.010647989532640928,19
2,7,2,-11,2,6,-0.002333641093116966,0.00024159830799367046,0.002122306963237751,3.0264178114455375e-05,0.012968651522172388,19
2,8,2,-11,2,7,-0.0025823680571360795,0.00024159830799367046,0.002333641093116966,-7.128656025443079e-06,0.002760511231442726,19
2,9,2,-11,2,8,-0.002837466283292238,0.00024159830799367046,0.0025823680571360795,-1.349991816248803e-05,0.004757736943687812,19
2,10,2,-11,2,9,-0.0030974669448516055,0.00024159830799367046,0.002837466283292238,-1.8402353565696947e-05,0.005941097643119021,19
2,11,2,-11,2,10,-0.0033613668070111803,0.00024159830799367046,0.0030974669448516055,-2.2301554165904316e-05,0.006634668409108896,19
2,12,2,-11,2,11,-0.003627023623815877,0.00024159830799367046,0.0033613668070111803,-2.4058508811026277e-05,0.006633127132961731,19
2,13,2,-11,2,12,-0.0038929098475402085,0.00024159830799367046,0.003627023623815877,-2.428791573066101e-05,0.00623901315002393,19
2,14,2,-11,2,13,-0.004158149117255109,0.00024159830799367046,0.0038929098475402085,-2.364096172123055e-05,0.005685453083711557,19
2,15,2,-11,2,14,-0.004422542790612594,0.00024159830799367046,0.004158149117255109,-2.2795365363814657e-05,0.005154357220059171,19
2,16,2,-11,2,15,-0.004686172344532099,0.00024159830799367046,0.004422542790612594,-2.2031245925833998e-05,0.0047013307036264705,19
2,17,2,-11,2,16,-0.004949603322414242,0.00024159830799367046,0.004686172344532099,-2.1832669888473093e-05,0.004410993864822259,19
2,18,2,-11,2,17,-0.00521391637956139,0.00024159830799367046,0.004949603322414242,-2.2714749153477168e-05,0.004356561843323617,19
2,19,2,-11,2,18,-0.0054802146612408995,0.00024159830799367046,0.00521391637956139,-2.4699973685838976e-05,0.004507117916480684,19
2,20,2,-11,2,19,-0.005748811796314598,0.00024159830799367046,0.0054802146612408995,-2.699882708002803e-05,0.00469641867513148,19
2,-5,2,-10,2,-10,-0.0005139207856115777,0.00026814142169328853,0.00026814142169328853,2.2362057774999358e-05,0.04351265487031817,19
2,-4,2,-10,2,-8,-0.0006184286779740842,0.00026814142169328853,0.0003326425567156908,-1.7644699565104774e-05,0.02853150281275312,19
2,-4,2,-10,2,-7,-0.0006184286779740842,0.00026814142169328853,0.00036286508921045974,1.2577832929664095e-05,0.020338372681661412,19
2,-3,2,-10,2,-6,-0.0006883901588102036,0.00026814142169328853,0.00042506408290257934,4.8153457856642354e-06,0.0069950822568221474,19
2,-2,2,-10,2,-5,-0.0007709839009291044,0.00026814142169328853,0.0005139207856115777,1.1078306375761869e-05,0.014369050199895901,19
2,-1,2,-10,2,-4,-0.000894883579030094,0.00026814142169328853,0.0006184286779740842,-8.31347936272131e-06,0.009290012195476588,19
2,0,2,-10,2,-2,-0.0010448703139708233,0.00026814142169328853,0.0007709839009291044,-5.744991348430447e-06,0.005498281721295863,19
2,6,2,-10,2,4,-0.002122306963237751,0.00026814142169328853,0.0018458787080848657,-8.286833459596622e-06,0.00390463472209241,19
2,7,2,-10,2,5,-0.002333641093116966,0.00026814142169328853,0.0020671941991908453,1.6945277671680768e-06,0.0007261304114698945,19
2,8,2,-10,2,7,-0.0025823680571360795,0.00026814142169328853,0.002333641093116966,1.9414457674175184e-05,0.007518083110006548,19
2,9,2,-10,2,8,-0.002837466283292238,0.00026814142169328853,0.0025823680571360795,1.30431955371298e-05,0.004596775515512424,19
2,10,2,-10,2,9,-0.0030974669448516055,0.00026814142169328853,0.002837466283292238,8.140760133920882e-06,0.002628199195943604,19
2,11,2,-10,2,10,-0.0033613668070111803,0.00026814142169328853,0.0030974669448516055,4.241559533713947e-06,0.0012618556013782398,19
2,12,2,-10,2,11,-0.003627023623815877,0.00026814142169328853,0.0033613668070111803,2.4846048885915524e-06,0.0006850258355851507,19
2,13,2,-10,2,12,-0.0038929098475402085,0.00026814142169328853,0.003627023623815877,2.2551979689572517e-06,0.0005793090662970865,19
2,14,2,-10,2,13,-0.004158149117255109,0.00026814142169328853,0.0038929098475402085,2.902151978388147e-06,0.0006979432186174037,19
2,15,2,-10,2,14,-0.004422542790612594,0.00026814142169328853,0.004158149117255109,3.747748335803172e-06,0.0008474193497365908,19
2,16,2,-10,2,15,-0.004686172344532099,0.00026814142169328853,0.004422542790612594,4.511867773783831e-06,0.0009628044899049331,19
2,17,2,-10,2,16,-0.004949603322414242,0.00026814142169328853,0.004686172344532099,4.710443811144736e-06,0.000951681075090104,19
2,18,2,-10,2,17,-0.00521391637956139,0.00026814142169328853,0.004949603322414242,3.828364546140661e-06,0.0007342589077853056,19
2,19,2,-10,2,18,-0.0054802146612408995,0.00026814142169328853,0.00521391637956139,1.8431400137788531e-06,0.0003363262440821079,19
2,20,2,-10,2,19,-0.005748811796314598,0.00026814142169328853,0.0054802146612408995,-4.557133804101998e-07,7.927088180245262e-05,19
2,-4,2,-9,2,-9,-0.0006184286779740842,0.0003021884453905382,0.0003021884453905382,-1.4051787193007778e-05,0.02272175869825466,19
2,-4,2,-9,2,-8,-0.0006184286779740842,0.0003021884453905382,0.0003326425567156908,1.640232413214484e-05,0.0265225800748396,19
2,-3,2,-9,2,-7,-0.0006883901588102036,0.0003021884453905382,0.00036286508921045974,-2.3336624209205695e-05,0.03390028737415441,19
2,-1,2,-9,2,-4,-0.000894883579030094,0.0003021884453905382,0.0006184286779740842,2.5733544334528412e-05,0.02875630410205909,19
2,0,2,-9,2,-2,-0.0010448703139708233,0.0003021884453905382,0.0007709839009291044,2.8302032348819168e-05,0.02708664603673434,19
2,1,2,-9,2,-1,-0.0011992510625692902,0.0003021884453905382,0.000894883579030094,-2.1790381486580003e-06,0.0018169991394375773,19
2,6,2,-9,2,4,-0.002122306963237751,0.0003021884453905382,0.0018458787080848657,2.5760190237652993e-05,0.0121378248688181,19
2,-3,2,-8,2,-8,-0.0006883901588102036,0.0003326425567156908,0.0003326425567156908,-2.3105045378821946e-05,0.033563881010089,19
2,-3,2,-8,2,-7,-0.0006883901588102036,0.0003326425567156908,0.00036286508921045974,7.117487115947032e-06,0.010339321422387443,19
2,-2,2,-8,2,-6,-0.0007709839009291044,0.0003326425567156908,0.00042506408290257934,-1.3277261310834206e-05,0.017221191382639667,19
2,0,2,-8,2,-3,-0.0010448703139708233,0.0003326425567156908,0.0006883901588102036,-2.383759844492889e-05,0.022813930232488663,19
2,1,2,-8,2,-1,-0.0011992510625692902,0.0003326425567156908,0.000894883579030094,2.8275073176494726e-05,0.023577275900775824,19
2,2,2,-8,2,0,-0.0013846263257445758,0.0003326425567156908,0.0010448703139708233,-7.113455058061543e-06,0.00513745472392078,19
2,-2,2,-7,2,-6,-0.0007709839009291044,0.00036286508921045974,0.00042506408290257934,1.6945271183934664e-05,0.021978761376877133,19
2,-1,2,-7,2,-5,-0.000894883579030094,0.00036286508921045974,0.0005139207856115777,-1.8097704208056573e-05,0.02022352921893091,19
2,0,2,-7,2,-3,-0.0010448703139708233,0.00036286508921045974,0.0006883901588102036,6.384934049839981e-06,0.0061107430888483185,19
2,2,2,-7,2,0,-0.0013846263257445758,0.00036286508921045974,0.0010448703139708233,2.3109077436707327e-05,0.016689757378605768,19
2,0,2,-6,2,-4,-0.0010448703139708233,0.00042506408290257934,0.0006184286779740842,-1.3775530941597704e-06,0.0013183962408929504,19
2,1,2,-6,2,-2,-0.0011992510625692902,0.00042506408290257934,0.0007709839009291044,-3.203078737606512e-06,0.0026708992283435607,19
2,3,2,-6,2,1,-0.0016105693803172012,0.00042506408290257934,0.0011992510625692902,1.3745765154668261e-05,0.00853472400671186,19
2,0,2,-5,2,-5,-0.0010448703139708233,0.0005139207856115777,0.0005139207856115777,-1.7028742747667936e-05,0.016297470145317423,19
2,1,2,-5,2,-3,-0.0011992510625692902,0.0005139207856115777,0.0006883901588102036,3.0598818524911215e-06,0.0025514939681901077,19
2,2,2,-5,2,-1,-0.0013846263257445758,0.0005139207856115777,0.000894883579030094,2.4178038897095964e-05,0.01746177899953935,19
2,6,2,-5,2,3,-0.002122306963237751,0.0005139207856115777,0.0016105693803172012,2.1832026910282437e-06,0.0010286931762677684,19
2,7,2,-5,2,4,-0.002333641093116966,0.0005139207856115777,0.0018458787080848657,2.6158400579477225e-05,0.011209264636550571,19
2,8,2,-5,2,5,-0.0025823680571360795,0.0005139207856115777,0.0020671941991908453,-1.2530723336565304e-06,0.00048524157127556155,19
2,9,2,-5,2,7,-0.002837466283292238,0.0005139207856115777,0.002333641093116966,1.0095595436305626e-05,0.003557961374114363,19
2,10,2,-5,2,8,-0.0030974669448516055,0.0005139207856115777,0.0025823680571360795,-1.1781021039482427e-06,0.0003803437211513757,19
2,11,2,-5,2,9,-0.0033613668070111803,0.0005139207856115777,0.002837466283292238,-9.979738107364529e-06,0.0029689524173763687,19
2,12,2,-5,2,10,-0.003627023623815877,0.0005139207856115777,0.0030974669448516055,-1.5635893352693858e-05,0.004310943344847539,19
2,13,2,-5,2,11,-0.0038929098475402085,0.0005139207856115777,0.0033613668070111803,-1.7622254917450553e-05,0.0045267564900290285,19
2,14,2,-5,2,12,-0.004158149117255109,0.0005139207856115777,0.003627023623815877,-1.7204707827654826e-05,0.004137587985062944,19
2,15,2,-5,2,13,-0.004422542790612594,0.0005139207856115777,0.0038929098475402085,-1.5712157460807605e-05,0.003552742891297433,19
2,16,2,-5,2,14,-0.004686172344532099,0.0005139207856115777,0.004158149117255109,-1.410244166541192e-05,0.003009373242933943,19
2,17,2,-5,2,15,-0.004949603322414242,0.0005139207856115777,0.004422542790612594,-1.3139746190070356e-05,0.002654706919758016,19
2,18,2,-5,2,16,-0.00521391637956139,0.0005139207856115777,0.004686172344532099,-1.3823249417713526e-05,0.002651221924444515,19
2,19,2,-5,2,17,-0.0054802146612408995,0.0005139207856115777,0.004949603322414242,-1.669055321507941e-05,0.0030456020880211512,19
2,20,2,-5,2,18,-0.005748811796314598,0.0005139207856115777,0.00521391637956139,-2.097463114163027e-05,0.0036485158820256593,19
2,2,2,-4,2,-2,-0.0013846263257445758,0.0006184286779740842,0.0007709839009291044,4.786253158612676e-06,0.0034567110776540324,19
2,4,2,-4,2,1,-0.0018458787080848657,0.0006184286779740842,0.0011992510625692902,-2.8198967541491265e-05,0.015276717488522435,19
2,2,2,-3,2,-3,-0.0013846263257445758,0.0006883901588102036,0.0006883901588102036,-7.846008124168594e-06,0.005666516646611816,19
2,3,2,-3,2,-1,-0.0016105693803172012,0.0006883901588102036,0.000894883579030094,-2.729564247690359e-05,0.016947821565766834,19
2,5,2,-3,2,2,-0.0020671941991908453,0.0006883901588102036,0.0013846263257445758,5.822285363934251e-06,0.002816515916217861,19
2,9,2,-3,2,6,-0.002837466283292238,0.0006883901588102036,0.002122306963237751,-2.6769161244283822e-05,0.009434177738748058,19
2,4,2,-2,2,0,-0.0018458787080848657,0.0007709839009291044,0.0010448703139708233,-3.0024493184938007e-05,0.016265691268571483,19
2,9,2,-2,2,5,-0.002837466283292238,0.0007709839009291044,0.0020671941991908453,7.118168277118336e-07,0.0002508635369178488,19
2,10,2,-2,2,7,-0.0030974669448516055,0.0007709839009291044,0.002333641093116966,7.158049194465072e-06,0.0023109364270578205,19
2,11,2,-2,2,8,-0.0033613668070111803,0.0007709839009291044,0.0025823680571360795,-8.014848945996599e-06,0.002384401764567654,19
2,12,2,-2,2,9,-0.003627023623815877,0.0007709839009291044,0.002837466283292238,-1.8573439594534846e-05,0.005120848806326306,19
2,13,2,-2,2,10,-0.0038929098475402085,0.0007709839009291044,0.0030974669448516055,-2.4459001759498476e-05,0.006282961259673981,19
2,14,2,-2,2,11,-0.004158149117255109,0.0007709839009291044,0.0033613668070111803,-2.579840931482471e-05,0.006204301141526843,19
2,15,2,-2,2,12,-0.004422542790612594,0.0007709839009291044,0.003627023623815877,-2.4535265867612656e-05,0.005547773538718915,19
2,16,2,-2,2,13,-0.004686172344532099,0.0007709839009291044,0.0038929098475402085,-2.2278596062785642e-05,0.00475411368273313,19
2,17,2,-2,2,14,-0.004949603322414242,0.0007709839009291044,0.004158149117255109,-2.0470304230029053e-05,0.004135746421805042,19
2,18,2,-2,2,15,-0.00521391637956139,0.0007709839009291044,0.004422542790612594,-2.0389688019691564e-05,0.00391062812200429,19
2,19,2,-2,2,16,-0.0054802146612408995,0.0007709839009291044,0.004686172344532099,-2.3058415779696542e-05,0.004207575287657686,19
2,20,2,-2,2,17,-0.005748811796314598,0.0007709839009291044,0.004949603322414242,-2.822457297125148e-05,0.004909635933697718,19
2,5,2,-1,2,1,-0.0020671941991908453,0.000894883579030094,0.0011992510625692902,2.694044240853866e-05,0.013032371326837055,19
2,6,2,-1,2,1,-0.002122306963237751,0.000894883579030094,0.0011992510625692902,-2.81723216383669e-05,0.013274385904755147,19
2,5,2,0,2,0,-0.0020671941991908453,0.0010448703139708233,0.0010448703139708233,2.254642875080138e-05,0.010906778259936415,19
2,10,2,0,2,5,-0.0030974669448516055,0.0010448703139708233,0.0020671941991908453,1.459756831006338e-05,0.0047127438548864725,19
2,11,2,0,2,7,-0.0033613668070111803,0.0010448703139708233,0.002333641093116966,1.714460007660925e-05,0.005100484731642149,19
2,12,2,0,2,8,-0.003627023623815877,0.0010448703139708233,0.0025823680571360795,2.1474729102561804e-07,5.9207579905335494e-05,19
2,13,2,0,2,9,-0.0038929098475402085,0.0010448703139708233,0.002837466283292238,-1.0573250277147363e-05,0.002716027519575935,19
2,14,2,0,2,10,-0.004158149117255109,0.0010448703139708233,0.0030974669448516055,-1.5811858432680098e-05,0.0038026193834813393,19
2,15,2,0,2,11,-0.004422542790612594,0.0010448703139708233,0.0033613668070111803,-1.6305669630590873e-05,0.00368694445765493,19
2,16,2,0,2,12,-0.004686172344532099,0.0010448703139708233,0.003627023623815877,-1.427840674539816e-05,0.0030469230953612783,19
2,17,2,0,2,13,-0.004949603322414242,0.0010448703139708233,0.0038929098475402085,-1.1823160903210242e-05,0.0023887087778669343,19
2,18,2,0,2,14,-0.00521391637956139,0.0010448703139708233,0.004158149117255109,-1.0896948335457728e-05,0.0020899737437627282,19
2,19,2,0,2,15,-0.0054802146612408995,0.0010448703139708233,0.004422542790612594,-1.2801556657482047e-05,0.002335958981319056,19
2,20,2,0,2,16,-0.005748811796314598,0.0010448703139708233,0.004686172344532099,-1.7769137811676078e-05,0.003090923557989387,19
2,8,2,1,2,2,-0.0025823680571360795,0.0011992510625692902,0.0013846263257445758,1.509331177786382e-06,0.0005844756225261993,19
2,9,2,1,2,3,-0.002837466283292238,0.0011992510625692902,0.0016105693803172012,-2.7645840405746483e-05,0.00974314322906059,19
2,15,2,3,2,9,-0.004422542790612594,0.0016105693803172012,0.002837466283292238,2.5492872996845176e-05,0.005764302168190892,19
2,16,2,3,2,10,-0.004686172344532099,0.0016105693803172012,0.0030974669448516055,2.186398063670769e-05,0.004665637332399637,19
2,17,2,3,2,11,-0.004949603322414242,0.0016105693803172012,0.0033613668070111803,2.233286491413935e-05,0.004512051463398114,19
2,18,2,3,2,12,-0.00521391637956139,0.0016105693803172012,0.003627023623815877,2.3676624571688024e-05,0.004541044168736701,19
2,19,2,3,2,13,-0.0054802146612408995,0.0016105693803172012,0.0038929098475402085,2.326456661651006e-05,0.004245192579964048,19
2,20,2,3,2,14,-0.005748811796314598,0.0016105693803172012,0.004158149117255109,1.990670125771258e-05,0.0034627505583804652,19
2,13,2,4,2,5,-0.0038929098475402085,0.0018458787080848657,0.0020671941991908453,2.0163059735502694e-05,0.005179431460053722,19
2,14,2,4,2,7,-0.004158149117255109,0.0018458787080848657,0.002333641093116966,2.1370683946722764e-05,0.005139470313375883,19
2,15,2,4,2,8,-0.004422542790612594,0.0018458787080848657,0.0025823680571360795,5.703974608350752e-06,0.0012897500099847896,19
2,16,2,4,2,9,-0.004686172344532099,0.0018458787080848657,0.002837466283292238,-2.8273531549952158e-06,0.0006033395588393621,19
2,17,2,4,2,10,-0.004949603322414242,0.0018458787080848657,0.0030974669448516055,-6.257669477770927e-06,0.00126427696729415,19
2,18,2,4,2,11,-0.00521391637956139,0.0018458787080848657,0.0033613668070111803,-6.670864465344213e-06,0.0012794344940962375,19
2,19,2,4,2,12,-0.0054802146612408995,0.0018458787080848657,0.003627023623815877,-7.312329340156479e-06,0.0013343144004692561,19
2,20,2,4,2,13,-0.005748811796314598,0.0018458787080848657,0.0038929098475402085,-1.0023240689523497e-05,0.001743532584585412,19
2,14,2,5,2,5,-0.004158149117255109,0.0020671941991908453,0.0020671941991908453,-2.3760718873418532e-05,0.005714253674746406,19
2,15,2,5,2,7,-0.004422542790612594,0.0020671941991908453,0.002333641093116966,-2.1707498304783003e-05,0.0049083749626707765,19
2,16,2,6,2,8,-0.004686172344532099,0.002122306963237751,0.0025823680571360795,1.850267584173164e-05,0.003948355818223557,19
2,17,2,6,2,9,-0.004949603322414242,0.002122306963237751,0.002837466283292238,1.0169924115746576e-05,0.0020546947812347203,19
2,18,2,6,2,10,-0.00521391637956139,0.002122306963237751,0.0030974669448516055,5.857528527965922e-06,0.0011234412103208057,19
2,19,2,6,2,11,-0.0054802146612408995,0.002122306963237751,0.0033613668070111803,3.4591090080316952e-06,0.0006311995463419384,19
2,20,2,6,2,12,-0.005748811796314598,0.002122306963237751,0.003627023623815877,5.187907390303767e-07,9.024312456409843e-05,19
2,16,2,7,2,7,-0.004686172344532099,0.002333641093116966,0.002333641093116966,-1.8890158298166815e-05,0.0040310421617779715,19
2,-7,3,-20,3,-20,-0.00036286508921045974,0.00019605922281280496,0.00019605922281280496,2.9253356415150187e-05,0.08061772070386028,27
2,-6,3,-20,3,-19,-0.00042506408290257934,0.00019605922281280496,0.00020520786639738244,-2.3796993692391962e-05,0.055984484809661055,27
2,-6,3,-20,3,-18,-0.00042506408290257934,0.00019605922281280496,0.00021802434284338444,-1.0980517246389932e-05,0.02583261604087721,27
2,-6,3,-20,3,-17,-0.00042506408290257934,0.00019605922281280496,0.00023210374783301,3.0988877432356287e-06,0.007290401301551193,27
2,-6,3,-20,3,-16,-0.00042506408290257934,0.00019605922281280496,0.0002424451729378146,1.344031284804026e-05,0.03161949783256717,27
2,-6,3,-20,3,-15,-0.00042506408290257934,0.00019605922281280496,0.00025471396317299346,2.570910308321905e-05,0.060482887445259245,27
2,-5,3,-20,3,-13,-0.0005139207856115777,0.00019605922281280496,0.00029772968919625274,-2.0131873602520023e-05,0.0391731063738989,27
2,-5,3,-20,3,-12,-0.0005139207856115777,0.00019605922281280496,0.0003175654528598886,-2.961099388841667e-07,0.0005761781721511594,27
2,-5,3,-20,3,-11,-0.0005139207856115777,0.00019605922281280496,0.0003365227809942758,1.866121819550301e-05,0.036311468066612104,27
2,-4,3,-20,3,-9,-0.0006184286779740842,0.00019605922281280496,0.00041802181163868305,-4.3476435225961365e-06,0.007030145395001117,27
2,-3,3,-20,3,-8,-0.0006883901588102036,0.00019605922281280496,0.00046296983139094185,-2.9361104606456735e-05,0.04265183665205752,27
2,-3,3,-20,3,-7,-0.0006883901588102036,0.00019605922281280496,0.0004995855633416565,7.254627344257863e-06,0.010538540174363592,27
2,-2,3,-20,3,-6,-0.0007709839009291044,0.00019605922281280496,0.0005767572162567792,1.8325381404797744e-06,0.0023768824981577467,27
2,-1,3,-20,3,-5,-0.000894883579030094,0.00019605922281280496,0.0006723912615469056,-2.643309467038348e-05,0.029538026274917892,27
2,0,3,-20,3,-3,-0.0010448703139708233,0.00019605922281280496,0.0008601000555226912,1.1288964364672893e-05,0.010804177526846766,27
2,1,3,-20,3,-1,-0.0011992510625692902,0.00019605922281280496,0.000998084207166912,-5.107632589573027e-06,0.004259018606688054,27
2,2,3,-20,3,0,-0.0013846263257445758,0.00019605922281280496,0.001168345950483926,-2.0221152447844667e-05,0.014604050256642957,27
2,6,3,-20,3,4,-0.002122306963237751,0.00019605922281280496,0.0019293062769633813,3.0585365384354357e-06,0.0014411376824441037,27
2,11,3,-20,3,10,-0.0033613668070111803,0.00019605922281280496,0.003196341902933452,3.103431873507662e-05,0.009232648656595543,27
2,12,3,-20,3,11,-0.003627023623815877,0.00019605922281280496,0.003462185480912929,3.122107990985662e-05,0.008607906412533898,27
2,-6,3,-19,3,-19,-0.00042506408290257934,0.00020520786639738244,0.00020520786639738244,-1.4648350107814457e-05,0.03446150991583949,27
2,-6,3,-19,3,-18,-0.00042506408290257934,0.00020520786639738244,0.00021802434284338444,-1.8318736618124268e-06,0.004309641147055642,27
2,-6,3,-19,3,-17,-0.00042506408290257934,0.00020520786639738244,0.00023210374783301,1.2247531327813134e-05,0.02881337619537276,27
2,-6,3,-19,3,-16,-0.00042506408290257934,0.00020520786639738244,0.0002424451729378146,2.258895643261771e-05,0.05314247272638861,27
2,-5,3,-19,3,-13,-0.0005139207856115777,0.00020520786639738244,0.00029772968919625274,-1.0983230017942518e-05,0.021371445416188448,27
2,-5,3,-19,3,-12,-0.0005139207856115777,0.00020520786639738244,0.0003175654528598886,8.852533645693338e-06,0.01722548278555929,27
2,-5,3,-19,3,-11,-0.0005139207856115777,0.00020520786639738244,0.0003365227809942758,2.7809861780080515e-05,0.054113129024322554,27
2,-4,3,-19,3,-9,-0.0006184286779740842,0.00020520786639738244,0.00041802181163868305,4.8010000619813685e-06,0.007763223525967466,27
2,-3,3,-19,3,-8,-0.0006883901588102036,0.00020520786639738244,0.00046296983139094185,-2.021246102187923e-05,0.029361926173979515,27
2,-3,3,-19,3,-7,-0.0006883901588102036,0.00020520786639738244,0.0004995855633416565,1.6403270928835368e-05,0.023828450652441595,27
2,-2,3,-19,3,-6,-0.0007709839009291044,0.00020520786639738244,0.0005767572162567792,1.098118172505728e-05,0.014243075259838728,27
2,-1,3,-19,3,-5,-0.000894883579030094,0.00020520786639738244,0.0006723912615469056,-1.7284451085805975e-05,0.019314748298923382,27
2,0,3,-19,3,-3,-0.0010448703139708233,0.00020520786639738244,0.0008601000555226912,2.043760794925029e-05,0.019559946986704213,27
2,1,3,-19,3,-1,-0.0011992510625692902,0.00020520786639738244,0.000998084207166912,4.04101099500437e-06,0.0033696121864147935,27
2,2,3,-19,3,0,-0.0013846263257445758,0.00020520786639738244,0.001168345950483926,-1.107250886326727e-05,0.00799674876708204,27
2,6,3,-19,3,4,-0.002122306963237751,0.00020520786639738244,0.0019293062769633813,1.220718012301305e-05,0.005751844730504964,27
2,-6,3,-18,3,-18,-0.00042506408290257934,0.00021802434284338444,0.00021802434284338444,1.0984602784189549e-05,0.025842227621728078,27
2,-6,3,-18,3,-17,-0.00042506408290257934,0.00021802434284338444,0.00023210374783301,2.506400777381511e-05,0.058965244964156484,27
2,-5,3,-18,3,-14,-0.0005139207856115777,0.00021802434284338444,0.0002744146363829793,-2.148180638521398e-05,0.04179983956019629,27
2,-5,3,-18,3,-13,-0.0005139207856115777,0.00021802434284338444,0.00029772968919625274,1.8332464280595116e-06,0.0035671770424266958,27
2,-5,3,-18,3,-12,-0.0005139207856115777,0.00021802434284338444,0.0003175654528598886,2.1669010091695368e-05,0.04216410524417443,27
2,-4,3,-18,3,-10,-0.0006184286779740842,0.00021802434284338444,0.0003718710651421799,-2.8533269988519788e-05,0.046138335760870876,27
2,-4,3,-18,3,-9,-0.0006184286779740842,0.00021802434284338444,0.00041802181163868305,1.761747650798329e-05,0.028487483092951855,27
2,-3,3,-18,3,-8,-0.0006883901588102036,0.00021802434284338444,0.00046296983139094185,-7.395984575877309e-06,0.010743884817674245,27
2,-3,3,-18,3,-7,-0.0006883901588102036,0.00021802434284338444,0.0004995855633416565,2.9219747374837398e-05,0.04244649200874702,27
2,-2,3,-18,3,-6,-0.0007709839009291044,0.00021802434284338444,0.0005767572162567792,2.379765817105931e-05,0.0308666084238348,27
2,-1,3,-18,3,-5,-0.000894883579030094,0.00021802434284338444,0.0006723912615469056,-4.4679746398039455e-06,0.004992799895430523,27
2,1,3,-18,3,-1,-0.0011992510625692902,0.00021802434284338444,0.000998084207166912,1.685748744100629e-05,0.014056679178495455,27
2,2,3,-18,3,0,-0.0013846263257445758,0.00021802434284338444,0.001168345950483926,1.7439675827346512e-06,0.0012595221904341891,27
2,6,3,-18,3,4,-0.002122306963237751,0.00021802434284338444,0.0019293062769633813,2.5023656569014754e-05,0.011790780976772155,27
2,-5,3,-17,3,-15,-0.0005139207856115777,0.00023210374783301,0.00025471396317299346,-2.7103074605574215e-05,0.05273784475037515,27
2,-5,3,-17,3,-14,-0.0005139207856115777,0.00023210374783301,0.0002744146363829793,-7.40240139558842e-06,0.014403778953558747,27
2,-5,3,-17,3,-13,-0.0005139207856115777,0.00023210374783301,0.00029772968919625274,1.5912651417685072e-05,0.030963237649064234,27
2,-4,3,-17,3,-10,-0.0006184286779740842,0.00023210374783301,0.0003718710651421799,-1.4453864998894227e-05,0.023371919048521112,27
2,-3,3,-17,3,-8,-0.0006883901588102036,0.00023210374783301,0.00046296983139094185,6.683420413748252e-06,0.009708768099328597,27
2,-1,3,-17,3,-5,-0.000894883579030094,0.00023210374783301,0.0006723912615469056,9.611430349821615e-06,0.010740425430801644,27
2,1,3,-17,3,-1,-0.0011992510625692902,0.00023210374783301,0.000998084207166912,3.093689243063185e-05,0.02579684387717137,27
2,2,3,-17,3,0,-0.0013846263257445758,0.00023210374783301,0.001168345950483926,1.5823372572360212e-05,0.011427900999824825,27
2,-5,3,-16,3,-16,-0.0005139207856115777,0.0002424451729378146,0.0002424451729378146,-2.9030439735948485e-05,0.05648816033272829,27
2,-5,3,-16,3,-15,-0.0005139207856115777,0.0002424451729378146,0.00025471396317299346,-1.6761649500769693e-05,0.03261523948836383,27
2,-5,3,-16,3,-14,-0.0005139207856115777,0.0002424451729378146,0.0002744146363829793,2.9390237092162107e-06,0.005718826308452779,27
2,-5,3,-16,3,-13,-0.0005139207856115777,0.0002424451729378146,0.00029772968919625274,2.6254076522489594e-05,0.05108584291107555,27
2,-4,3,-16,3,-10,-0.0006184286779740842,0.0002424451729378146,0.0003718710651421799,-4.112439894089705e-06,0.006649820812905511,27
2,-3,3,-16,3,-9,-0.0006883901588102036,0.0002424451729378146,0.00041802181163868305,-2.7923174233705924e-05,0.04056300613298662,27
2,-3,3,-16,3,-8,-0.0006883901588102036,0.0002424451729378146,0.00046296983139094185,1.7024845518552882e-05,0.0247313900419178,27
2,-2,3,-16,3,-7,-0.0007709839009291044,0.0002424451729378146,0.0004995855633416565,-2.8953164649633302e-05,0.03755352688265236,27
2,-1,3,-16,3,-5,-0.000894883579030094,0.0002424451729378146,0.0006723912615469056,1.9952855454626137e-05,0.02229659357058684,27
2,1,3,-16,3,-2,-0.0011992510625692902,0.0002424451729378146,0.000926169843396888,-3.063604623458746e-05,0.025545982147351546,27
2,2,3,-16,3,0,-0.0013846263257445758,0.0002424451729378146,0.001168345950483926,2.616479767716495e-05,0.018896649002462785,27
2,-5,3,-15,3,-15,-0.0005139207856115777,0.00025471396317299346,0.00025471396317299346,-4.4928592655907925e-06,0.008742318643999164,27
2,-5,3,-15,3,-14,-0.0005139207856115777,0.00025471396317299346,0.0002744146363829793,1.5207813944395111e-05,0.029591747152817448,27
2,-4,3,-15,3,-11,-0.0006184286779740842,0.00025471396317299346,0.0003365227809942758,-2.7191933806814945e-05,0.04396939335978602,27
2,-4,3,-15,3,-10,-0.0006184286779740842,0.00025471396317299346,0.0003718710651421799,8.156350341089196e-06,0.013188829418145118,27
2,-3,3,-15,3,-9,-0.0006883901588102036,0.00025471396317299346,0.00041802181163868305,-1.565438399852713e-05,0.022740569135363264,27
2,-3,3,-15,3,-8,-0.0006883901588102036,0.00025471396317299346,0.00046296983139094185,2.9293635753731674e-05,0.04255382703954116,27
2,-2,3,-15,3,-7,-0.0007709839009291044,0.00025471396317299346,0.0004995855633416565,-1.66843744144544e-05,0.021640366801885542,27
2,1,3,-15,3,-2,-0.0011992510625692902,0.00025471396317299346,0.000926169843396888,-1.8367255999408773e-05,0.0153156053579461,27
2,-4,3,-14,3,-12,-0.0006184286779740842,0.0002744146363829793,0.0003175654528598886,-2.6448588731216327e-05,0.04276740337763683,27
2,-4,3,-14,3,-11,-0.0006184286779740842,0.0002744146363829793,0.0003365227809942758,-7.4912605968290415e-06,0.012113378411508545,27
2,-4,3,-14,3,-10,-0.0006184286779740842,0.0002744146363829793,0.0003718710651421799,2.78570235510751e-05,0.045044844366422594,27
2,-3,3,-14,3,-9,-0.0006883901588102036,0.0002744146363829793,0.00041802181163868305,4.046289211458772e-06,0.005877901012490181,27
2,-2,3,-14,3,-7,-0.0007709839009291044,0.0002744146363829793,0.0004995855633416565,3.0162987955315024e-06,0.003912272087519069,27
2,0,3,-14,3,-4,-0.0010448703139708233,0.0002744146363829793,0.0007440788469309187,-2.6376830656925235e-05,0.025244119106691144,27
2,1,3,-14,3,-2,-0.0011992510625692902,0.0002744146363829793,0.000926169843396888,1.3334172105771303e-06,0.0011118749461187893,27
2,9,3,-14,3,7,-0.002837466283292238,0.0002744146363829793,0.0025372392509810755,-2.581239592818309e-05,0.009096987717589244,27
2,-4,3,-13,3,-13,-0.0006184286779740842,0.00029772968919625274,0.00029772968919625274,-2.296929958157869e-05,0.037141388165930496,27
2,-4,3,-13,3,-12,-0.0006184286779740842,0.00029772968919625274,0.0003175654528598886,-3.1335359179428344e-06,0.005066931773293586,27
2,-4,3,-13,3,-11,-0.0006184286779740842,0.00029772968919625274,0.0003365227809942758,1.5823792216444342e-05,0.02558709319283452,27
2,-3,3,-13,3,-10,-0.0006883901588102036,0.00029772968919625274,0.0003718710651421799,-1.8789404471770922e-05,0.02729470233021062,27
2,-3,3,-13,3,-9,-0.0006883901588102036,0.00029772968919625274,0.00041802181163868305,2.7361342024732156e-05,0.039746852383861525,27
2,-2,3,-13,3,-8,-0.0007709839009291044,0.00029772968919625274,0.00046296983139094185,-1.0284380341909821e-05,0.013339293245314495,27
2,-2,3,-13,3,-7,-0.0007709839009291044,0.00029772968919625274,0.0004995855633416565,2.6331351608804886e-05,0.03415292015445882,27
2,-1,3,-13,3,-6,-0.000894883579030094,0.00029772968919625274,0.0005767572162567792,-2.0396673577062073e-05,0.02279254425382204,27
2,0,3,-13,3,-4,-0.0010448703139708233,0.00029772968919625274,0.0007440788469309187,-3.0617778436518514e-06,0.0029302946047114393,27
2,1,3,-13,3,-2,-0.0011992510625692902,0.00029772968919625274,0.000926169843396888,2.4648470023850514e-05,0.020553219249223202,27
2,3,3,-13,3,1,-0.0016105693803172012,0.00029772968919625274,0.0012998983166993359,-1.2941374421612676e-05,0.008035279063273807,27
2,9,3,-13,3,7,-0.002837466283292238,0.00029772968919625274,0.0025372392509810755,-2.4973431149099244e-06,0.0008801313797506423,27
2,-4,3,-12,3,-12,-0.0006184286779740842,0.0003175654528598886,0.0003175654528598886,1.6702227745693022e-05,0.02700752461934332,27
2,-3,3,-12,3,-10,-0.0006883901588102036,0.0003175654528598886,0.0003718710651421799,1.0463591918649347e-06,0.0015200089345748869,27
2,-2,3,-12,3,-8,-0.0007709839009291044,0.0003175654528598886,0.00046296983139094185,9.551383321726144e-06,0.012388563898955445,27
2,-1,3,-12,3,-6,-0.000894883579030094,0.0003175654528598886,0.0005767572162567792,-5.609099134262167e-07,0.000626796520318487,27
2,0,3,-12,3,-4,-0.0010448703139708233,0.0003175654528598886,0.0007440788469309187,1.6773985819983897e-05,0.016053653353627854,27
2,1,3,-12,3,-3,-0.0011992510625692902,0.0003175654528598886,0.0008601000555226912,-2.1585554186710374e-05,0.01799919538154523,27
2,3,3,-12,3,1,-0.0016105693803172012,0.0003175654528598886,0.0012998983166993359,6.894389242023289e-06,0.0042807154577007055,27
2,9,3,-12,3,7,-0.002837466283292238,0.0003175654528598886,0.0025372392509810755,1.733842054872604e-05,0.006110529189657444,27
2,-3,3,-11,3,-11,-0.0006883901588102036,0.0003365227809942758,0.0003365227809942758,-1.534459682165203e-05,0.022290552276594496,27
2,-3,3,-11,3,-10,-0.0006883901588102036,0.0003365227809942758,0.0003718710651421799,2.000368732625211e-05,0.029058648021386572,27
2,-2,3,-11,3,-9,-0.0007709839009291044,0.0003365227809942758,0.00041802181163868305,-1.6439308296145594e-05,0.021322505277133235,27
2,-2,3,-11,3,-8,-0.0007709839009291044,0.0003365227809942758,0.00046296983139094185,2.8508711456113212e-05,0.03697705155938752,27
2,-1,3,-11,3,-6,-0.000894883579030094,0.0003365227809942758,0.0005767572162567792,1.839641822096096e-05,0.02055733131330853,27
2,1,3,-11,3,-3,-0.0011992510625692902,0.0003365227809942758,0.0008601000555226912,-2.6282260523233063e-06,0.0021915561589685504,27
2,3,3,-11,3,1,-0.0016105693803172012,0.0003365227809942758,0.0012998983166993359,2.5851717376410574e-05,0.016051290737514882,27
2,-2,3,-10,3,-10,-0.0007709839009291044,0.0003718710651421799,0.0003718710651421799,-2.724177064474453e-05,0.035333773651973495,27
2,-2,3,-10,3,-9,-0.0007709839009291044,0.0003718710651421799,0.00041802181163868305,1.8908975851758547e-05,0.024525772625046443,27
2,-1,3,-10,3,-7,-0.000894883579030094,0.0003718710651421799,0.0004995855633416565,-2.3426950546257593e-05,0.02617876905468367,27
2,0,3,-10,3,-5,-0.0010448703139708233,0.0003718710651421799,0.0006723912615469056,-6.079872817378248e-07,0.000581878223171342,27
2,2,3,-10,3,-1,-0.0013846263257445758,0.0003718710651421799,0.000998084207166912,-1.4671053435483857e-05,0.010595677088253087,27
2,4,3,-10,3,2,-0.0018458787080848657,0.0003718710651421799,0.0014462919592611418,-2.771568368154409e-05,0.015014899711530688,27
2,5,3,-10,3,3,-0.0020671941991908453,0.0003718710651421799,0.0016875888535549334,-7.7342804937321e-06,0.0037414387563391494,27
2,-1,3,-9,3,-8,-0.000894883579030094,0.00041802181163868305,0.00046296983139094185,-1.3891936000469114e-05,0.015523735518228726,27
2,-1,3,-9,3,-7,-0.000894883579030094,0.00041802181163868305,0.0004995855633416565,2.2723795950245484e-05,0.025393019251592847,27
2,3,3,-9,3,0,-0.0016105693803172012,0.00041802181163868305,0.001168345950483926,-2.420161819459204e-05,0.015026746745815781,27
2,4,3,-9,3,2,-0.0018458787080848657,0.00041802181163868305,0.0014462919592611418,1.8435062814959203e-05,0.009987147440519498,27
2,6,3,-9,3,3,-0.002122306963237751,0.00041802181163868305,0.0016875888535549334,-1.6696298044134583e-05,0.007867051436641865,27
2,7,3,-9,3,4,-0.002333641093116966,0.00041802181163868305,0.0019293062769633813,1.3686995485098167e-05,0.005865081620934651,27
2,8,3,-9,3,5,-0.0025823680571360795,0.00041802181163868305,0.002171276389406632,6.9301439092357e-06,0.0026836391079439813,27
2,9,3,-9,3,6,-0.002837466283292238,0.00041802181163868305,0.0024186606766848882,-7.837949686667102e-07,0.00027623058405377537,27
2,10,3,-9,3,8,-0.0030974669448516055,0.00041802181163868305,0.002675512320323371,-3.932812889551572e-06,0.0012696867987851883,27
2,11,3,-9,3,9,-0.0033613668070111803,0.00041802181163868305,0.0029334778136359597,-9.867181736537486e-06,0.0029354671188983,27
2,12,3,-9,3,10,-0.003627023623815877,0.00041802181163868305,0.003196341902933452,-1.2659909243741864e-05,0.003490440249854996,27
2,13,3,-9,3,11,-0.0038929098475402085,0.00041802181163868305,0.003462185480912929,-1.2702554988596598e-05,0.0032629974713190165,27
2,14,3,-9,3,12,-0.004158149117255109,0.00041802181163868305,0.0037290325328913905,-1.1094772725035555e-05,0.002668199819721586,27
2,15,3,-9,3,13,-0.004422542790612594,0.00041802181163868305,0.0039955884824074,-8.932496566511558e-06,0.002019764870443291,27
2,16,3,-9,3,14,-0.004686172344532099,0.00041802181163868305,0.00426138436982716,-6.7661630662558744e-06,0.0014438570690108617,27
2,17,3,-9,3,15,-0.004949603322414242,0.00041802181163868305,0.004526260671995234,-5.320838780326076e-06,0.0010750030727170996,27
2,18,3,-9,3,16,-0.00521391637956139,0.00041802181163868305,0.004790467128105982,-5.427439816725263e-06,0.0010409526010046665,27
2,19,3,-9,3,17,-0.0054802146612408995,0.00041802181163868305,0.005054963890750095,-7.228958852121582e-06,0.0013191014036820065,27
2,20,3,-9,3,18,-0.005748811796314598,0.00041802181163868305,0.005320803084440166,-9.986900235749684e-06,0.0017372111993911516,27
2,-1,3,-8,3,-8,-0.000894883579030094,0.00046296983139094185,0.00046296983139094185,3.105608375178969e-05,0.034704049196488056,27
2,0,3,-8,3,-6,-0.0010448703139708233,0.00046296983139094185,0.0005767572162567792,-5.143266323102231e-06,0.0049223968317716514,27
2,1,3,-8,3,-4,-0.0011992510625692902,0.00046296983139094185,0.0007440788469309187,7.797615752570385e-06,0.006502071164201996,27
2,2,3,-8,3,-2,-0.0013846263257445758,0.00046296983139094185,0.000926169843396888,4.513349043254195e-06,0.003259615218443261,27
2,3,3,-8,3,0,-0.0016105693803172012,0.00046296983139094185,0.001168345950483926,2.0746401557666765e-05,0.01288140815987745,27
2,6,3,-8,3,3,-0.002122306963237751,0.00046296983139094185,0.0016875888535549334,2.8251721708124223e-05,0.013311798056311297,27
2,1,3,-7,3,-5,-0.0011992510625692902,0.0004995855633416565,0.0006723912615469056,-2.7274237680728055e-05,0.022742725465921536,27
2,2,3,-7,3,-3,-0.0013846263257445758,0.0004995855633416565,0.0008601000555226912,-2.4940706880228168e-05,0.018012590412663454,27
2,4,3,-6,3,1,-0.0018458787080848657,0.0005767572162567792,0.0012998983166993359,3.077682487124937e-05,0.016673265007309666,27
2,10,3,-6,3,7,-0.0030974669448516055,0.0005767572162567792,0.0025372392509810755,1.652952238624921e-05,0.005336464498426185,27
2,3,3,-5,3,-2,-0.0016105693803172012,0.0006723912615469056,0.000926169843396888,-1.2008275373407437e-05,0.00745591932900302,27
2,4,3,-5,3,0,-0.0018458787080848657,0.0006723912615469056,0.001168345950483926,-5.141496054034177e-06,0.002785392144952242,27
2,6,3,-5,3,2,-0.002122306963237751,0.0006723912615469056,0.0014462919592611418,-3.62374242970356e-06,0.001707454431650758,27
2,7,3,-5,3,3,-0.002333641093116966,0.0006723912615469056,0.0016875888535549334,2.6339021984872913e-05,0.011286663601596407,27
2,8,3,-5,3,4,-0.0025823680571360795,0.0006723912615469056,0.0019293062769633813,1.932948137420721e-05,0.007485176762774924,27
2,9,3,-5,3,5,-0.002837466283292238,0.0006723912615469056,0.002171276389406632,6.201367661299792e-06,0.0021855299912513877,27
2,10,3,-5,3,6,-0.0030974669448516055,0.0006723912615469056,0.0024186606766848882,-6.415006619811536e-06,0.00207104925864475,27
2,11,3,-5,3,8,-0.0033613668070111803,0.0006723912615469056,0.002675512320323371,-1.3463225140903767e-05,0.004005282944075608,27
2,12,3,-5,3,9,-0.003627023623815877,0.0006723912615469056,0.0029334778136359597,-2.1154548633011642e-05,0.005832481623253286,27
2,13,3,-5,3,10,-0.0038929098475402085,0.0006723912615469056,0.003196341902933452,-2.4176683059850754e-05,0.00621044000675411,27
2,14,3,-5,3,11,-0.004158149117255109,0.0006723912615469056,0.003462185480912929,-2.3572374795275026e-05,0.005668958503064868,27
2,15,3,-5,3,12,-0.004422542790612594,0.0006723912615469056,0.0037290325328913905,-2.111899617429809e-05,0.004775306237652653,27
2,16,3,-5,3,13,-0.004686172344532099,0.0006723912615469056,0.0039955884824074,-1.8192600577793434e-05,0.0038821876875742424,27
2,17,3,-5,3,14,-0.004949603322414242,0.0006723912615469056,0.00426138436982716,-1.5827691040176846e-05,0.0031977696007478543,27
2,18,3,-5,3,15,-0.00521391637956139,0.0006723912615469056,0.004526260671995234,-1.5264446019251122e-05,0.0029276353719610696,27
2,19,3,-5,3,16,-0.0054802146612408995,0.0006723912615469056,0.004790467128105982,-1.7356271588012118e-05,0.003167078784479966,27
2,20,3,-5,3,17,-0.005748811796314598,0.0006723912615469056,0.005054963890750095,-2.145664401759749e-05,0.0037323615344918306,27
2,3,3,-4,3,-3,-0.0016105693803172012,0.0007440788469309187,0.0008601000555226912,-6.390477863591143e-06,0.003967837673861985,27
2,5,3,-4,3,1,-0.0020671941991908453,0.0007440788469309187,0.0012998983166993359,-2.3217035560590786e-05,0.01123118261926168,27
2,4,3,-3,3,-1,-0.0018458787080848657,0.0008601000555226912,0.000998084207166912,1.2305554604737567e-05,0.006666502273870862,27
2,7,3,-3,3,2,-0.002333641093116966,0.0008601000555226912,0.0014462919592611418,-2.7249078333132972e-05,0.011676636314600242,27
2,4,3,-2,3,-2,-0.0018458787080848657,0.000926169843396888,0.000926169843396888,6.460978708910372e-06,0.003500218449138384,27
2,5,3,-2,3,0,-0.0020671941991908453,0.000926169843396888,0.001168345950483926,2.7321594689969e-05,0.013216752785327763,27
2,6,3,-2,3,0,-0.002122306963237751,0.000926169843396888,0.001168345950483926,-2.779116935693656e-05,0.01309479252451723,27
2,9,3,-2,3,4,-0.002837466283292238,0.000926169843396888,0.0019293062769633813,1.8009837068031463e-05,0.006347154563237706,27
2,10,3,-2,3,5,-0.0030974669448516055,0.000926169843396888,0.002171276389406632,-2.071204808530569e-08,6.686769690870089e-06,27
2,11,3,-2,3,6,-0.0033613668070111803,0.000926169843396888,0.0024186606766848882,-1.6536286929404002e-05,0.004919512769303371,27
2,12,3,-2,3,8,-0.003627023623815877,0.000926169843396888,0.002675512320323371,-2.5341460095618194e-05,0.0069868472676109135,27
2,16,3,-2,3,12,-0.004686172344532099,0.000926169843396888,0.0037290325328913905,-3.0969968243819805e-05,0.006608798389576103,27
2,17,3,-2,3,13,-0.004949603322414242,0.000926169843396888,0.0039955884824074,-2.7844996609954244e-05,0.0056257026666881324,27
2,18,3,-2,3,14,-0.00521391637956139,0.000926169843396888,0.00426138436982716,-2.636216633734173e-05,0.005056116059068709,27
2,19,3,-2,3,15,-0.0054802146612408995,0.000926169843396888,0.004526260671995234,-2.7784145848777815e-05,0.005069901010499209,27
2,7,3,0,3,0,-0.002333641093116966,0.001168345950483926,0.001168345950483926,3.050807850886114e-06,0.001307316647741771,27
2,9,3,0,3,3,-0.002837466283292238,0.001168345950483926,0.0016875888535549334,1.846852074662139e-05,0.006508807119707109,27
2,10,3,0,3,4,-0.0030974669448516055,0.001168345950483926,0.0019293062769633813,1.8528259570181616e-07,5.9817456973925104e-05,27
2,11,3,0,3,5,-0.0033613668070111803,0.001168345950483926,0.002171276389406632,-2.174446712062232e-05,0.0064689361111282,27
2,8,3,1,3,1,-0.0025823680571360795,0.0012998983166993359,0.0012998983166993359,1.742857626259222e-05,0.006749067474882342,27
2,11,3,2,3,4,-0.0033613668070111803,0.0014462919592611418,0.0019293062769633813,1.4231429213342785e-05,0.004233822141534418,27
2,12,3,2,3,5,-0.003627023623815877,0.0014462919592611418,0.002171276389406632,-9.45527514810288e-06,0.0026068964883540747,27
2,13,3,2,3,6,-0.0038929098475402085,0.0014462919592611418,0.0024186606766848882,-2.7957211594178705e-05,0.00718157180337579,27
2,11,3,3,3,3,-0.0033613668070111803,0.0016875888535549334,0.0016875888535549334,1.3810900098686508e-05,0.004108715558766024,27
2,12,3,3,3,4,-0.003627023623815877,0.0016875888535549334,0.0019293062769633813,-1.0128493297562394e-05,0.0027925082238385106,27
2,16,3,5,3,7,-0.004686172344532099,0.002171276389406632,0.0025372392509810755,2.2343295855609298e-05,0.004767920215670219,27
2,17,3,6,3,7,-0.004949603322414242,0.0024186606766848882,0.0025372392509810755,6.2966052517213905e-06,0.0012721434106057064,27
2,18,3,7,3,8,-0.00521391637956139,0.0025372392509810755,0.002675512320323371,-1.1648082569436918e-06,0.00022340370887223145,27
2,19,3,7,3,9,-0.0054802146612408995,0.0025372392509810755,0.0029334778136359597,-9.497596623863833e-06,0.0017330701826401207,27
2,20,3,7,3,10,-0.005748811796314598,0.0025372392509810755,0.003196341902933452,-1.5230642400070396e-05,0.002649354847524202,27
3,-12,2,-20,3,-20,-0.0003175654528598886,0.0001393121823523654,0.00019605922281280496,1.78059523052818e-05,0.05607018063497566,27
3,-11,2,-20,3,-20,-0.0003365227809942758,0.0001393121823523654,0.00019605922281280496,-1.1513758291053751e-06,0.0034213904500122383,27
3,-12,2,-20,3,-19,-0.0003175654528598886,0.0001393121823523654,0.00020520786639738244,2.6954595889859252e-05,0.08487886716617046,27
3,-11,2,-20,3,-19,-0.0003365227809942758,0.0001393121823523654,0.00020520786639738244,7.997267755472076e-06,0.02376441717212633,27
3,-10,2,-20,3,-19,-0.0003718710651421799,0.0001393121823523654,0.00020520786639738244,-2.7351016392432065e-05,0.0735497298827882,27
3,-11,2,-20,3,-18,-0.0003365227809942758,0.0001393121823523654,0.00021802434284338444,2.081374420147405e-05,0.061849435987598386,27
3,-10,2,-20,3,-18,-0.0003718710651421799,0.0001393121823523654,0.00021802434284338444,-1.453453994643009e-05,0.03908489072919132,27
3,-10,2,-20,3,-17,-0.0003718710651421799,0.0001393121823523654,0.00023210374783301,-4.551349568045291e-07,0.0012239052711200168,27
3,-10,2,-20,3,-16,-0.0003718710651421799,0.0001393121823523654,0.0002424451729378146,9.886290148000102e-06,0.02658526321272189,27
3,-10,2,-20,3,-15,-0.0003718710651421799,0.0001393121823523654,0.00025471396317299346,2.2155080383178948e-05,0.05957731714003683,27
3,-9,2,-20,3,-15,-0.00041802181163868305,0.0001393121823523654,0.00025471396317299346,-2.3995666113324184e-05,0.057402904454337,27
3,-9,2,-20,3,-14,-0.00041802181163868305,0.0001393121823523654,0.0002744146363829793,-4.294992903338334e-06,0.010274566502885522,27
3,-9,2,-20,3,-13,-0.00041802181163868305,0.0001393121823523654,0.00029772968919625274,1.9020059909935104e-05,0.04550016142788043,27
3,-8,2,-20,3,-13,-0.00046296983139094185,0.0001393121823523654,0.00029772968919625274,-2.5927959842323703e-05,0.056003562401519776,27
3,-8,2,-20,3,-12,-0.00046296983139094185,0.0001393121823523654,0.0003175654528598886,-6.092196178687846e-06,0.013158948522378908,27
3,-8,2,-20,3,-11,-0.00046296983139094185,0.0001393121823523654,0.0003365227809942758,1.286513195569933e-05,0.027788272762930274,27
3,-7,2,-20,3,-11,-0.0004995855633416565,0.0001393121823523654,0.0003365227809942758,-2.3750599995015322e-05,0.047540605129081294,27
3,-7,2,-20,3,-10,-0.0004995855633416565,0.0001393121823523654,0.0003718710651421799,1.1597684152888873e-05,0.023214610276793467,27
3,-6,2,-20,3,-9,-0.0005767572162567792,0.0001393121823523654,0.00041802181163868305,-1.9423222265730743e-05,0.033676600341110065,27
3,-6,2,-20,3,-8,-0.0005767572162567792,0.0001393121823523654,0.00046296983139094185,2.5524797486528063e-05,0.044255705463361064,27
3,-4,2,-20,3,-6,-0.0007440788469309187,0.0001393121823523654,0.0005767572162567792,-2.800944832177419e-05,0.037643118652416985,27
3,-3,2,-20,3,-4,-0.0008601000555226912,0.0001393121823523654,0.0007440788469309187,2.3290973760593022e-05,0.027079377115536714,27
3,-1,2,-20,3,-3,-0.000998084207166912,0.0001393121823523654,0.0008601000555226912,1.3280307081444537e-06,0.00133057982343404,27
3,0,2,-20,3,-1,-0.001168345950483926,0.0001393121823523654,0.000998084207166912,-3.09495609646486e-05,0.026490065679458524,27
3,1,2,-20,3,0,-0.0012998983166993359,0.0001393121823523654,0.001168345950483926,7.75981613695552e-06,0.005969556262415218,27
3,2,2,-20,3,1,-0.0014462919592611418,0.0001393121823523654,0.0012998983166993359,-7.081460209440579e-06,0.004896286786423289,27
3,7,2,-20,3,6,-0.0025372392509810755,0.0001393121823523654,0.0024186606766848882,2.07336080561781e-05,0.008171719733628206,27
3,8,2,-20,3,7,-0.002675512320323371,0.0001393121823523654,0.0025372392509810755,1.0391130100700398e-06,0.00038837907871956624,27
3,-12,2,-19,3,-20,-0.0003175654528598886,0.00014613674776618418,0.00019605922281280496,2.463051771910054e-05,0.07756044461790887,27
3,-11,2,-19,3,-20,-0.0003365227809942758,0.00014613674776618418,0.00019605922281280496,5.673189584713364e-06,0.016858263110603094,27
3,-10,2,-19,3,-20,-0.0003718710651421799,0.00014613674776618418,0.00019605922281280496,-2.9675094563190777e-05,0.07979941798334028,27
3,-11,2,-19,3,-19,-0.0003365227809942758,0.00014613674776618418,0.00020520786639738244,1.4821833169290869e-05,0.04404407073274182,27
3,-10,2,-19,3,-19,-0.0003718710651421799,0.00014613674776618418,0.00020520786639738244,-2.0526450978613272e-05,0.05519776315687605,27
3,-11,2,-19,3,-18,-0.0003365227809942758,0.00014613674776618418,0.00021802434284338444,2.7638309615292845e-05,0.08212908954821388,27
3,-10,2,-19,3,-18,-0.0003718710651421799,0.00014613674776618418,0.00021802434284338444,-7.709974532611296e-06,0.020732924003279175,27
3,-10,2,-19,3,-17,-0.0003718710651421799,0.00014613674776618418,0.00023210374783301,6.369430457014264e-06,0.017128061454792128,27
3,-10,2,-19,3,-16,-0.0003718710651421799,0.00014613674776618418,0.0002424451729378146,1.671085556181884e-05,0.04493722993863389,27
3,-9,2,-19,3,-16,-0.00041802181163868305,0.00014613674776618418,0.0002424451729378146,-2.943989093468429e-05,0.07042668615610577,27
3,-10,2,-19,3,-15,-0.0003718710651421799,0.00014613674776618418,0.00025471396317299346,2.897964579699774e-05,0.07792928386594897,27
3,-9,2,-19,3,-15,-0.00041802181163868305,0.00014613674776618418,0.00025471396317299346,-1.717110069950539e-05,0.041077044836950335,27
3,-9,2,-19,3,-14,-0.00041802181163868305,0.00014613674776618418,0.0002744146363829793,2.529572510480405e-06,0.006051293114501019,27
3,-9,2,-19,3,-13,-0.00041802181163868305,0.00014613674776618418,0.00029772968919625274,2.5844625323753897e-05,0.0618260210452671,27
3,-8,2,-19,3,-13,-0.00046296983139094185,0.00014613674776618418,0.00029772968919625274,-1.910339442850491e-05,0.04126271979992922,27
3,-8,2,-19,3,-12,-0.00046296983139094185,0.00014613674776618418,0.0003175654528598886,7.323692351309473e-07,0.001581894079211651,27
3,-8,2,-19,3,-11,-0.00046296983139094185,0.00014613674776618418,0.0003365227809942758,1.9689697369518124e-05,0.04252911536452083,27
3,-7,2,-19,3,-11,-0.0004995855633416565,0.00014613674776618418,0.0003365227809942758,-1.692603458119653e-05,0.03388015151594994,27
3,-7,2,-19,3,-10,-0.0004995855633416565,0.00014613674776618418,0.0003718710651421799,1.8422249566707612e-05,0.03687506388992471,27
3,-6,2,-19,3,-9,-0.0005767572162567792,0.00014613674776618418,0.00041802181163868305,-1.2598656851912004e-05,0.02184395183415084,27
3,-5,2,-19,3,-7,-0.0006723912615469056,0.00014613674776618418,0.0004995855633416565,-2.666895043906489e-05,0.039662845078786736,27
3,-4,2,-19,3,-6,-0.0007440788469309187,0.00014613674776618418,0.0005767572162567792,-2.1184882907955343e-05,0.028471287680514018,27
3,-3,2,-19,3,-4,-0.0008601000555226912,0.00014613674776618418,0.0007440788469309187,3.011553917441176e-05,0.03501399515212245,27
3,-1,2,-19,3,-3,-0.000998084207166912,0.00014613674776618418,0.0008601000555226912,8.152596121963193e-06,0.008168244786784622,27
3,0,2,-19,3,-1,-0.001168345950483926,0.00014613674776618418,0.000998084207166912,-2.412499555082986e-05,0.020648845952551422,27
3,1,2,-19,3,0,-0.0012998983166993359,0.00014613674776618418,0.001168345950483926,1.458438155077426e-05,0.01121963261542372,27
3,2,2,-19,3,1,-0.0014462919592611418,0.00014613674776618418,0.0012998983166993359,-2.568947956218398e-07,0.000177623054582339,27
3,7,2,-19,3,6,-0.0025372392509810755,0.00014613674776618418,0.0024186606766848882,2.7558173469997057e-05,0.010861480035570602,27
3,8,2,-19,3,7,-0.002675512320323371,0.00014613674776618418,0.0025372392509810755,7.863678423888996e-06,0.002939129961823,27
3,-11,2,-18,3,-20,-0.0003365227809942758,0.00015542391434663602,0.00019605922281280496,1.4960356165165238e-05,0.04445570109983048,27
3,-10,2,-18,3,-20,-0.0003718710651421799,0.00015542391434663602,0.00019605922281280496,-2.0387927982738903e-05,0.054825260402940605,27
3,-11,2,-18,3,-19,-0.0003365227809942758,0.00015542391434663602,0.00020520786639738244,2.410899974974269e-05,0.07164150872196905,27
3,-10,2,-18,3,-19,-0.0003718710651421799,0.00015542391434663602,0.00020520786639738244,-1.1239284398161453e-05,0.03022360557647652,27
3,-10,2,-18,3,-18,-0.0003718710651421799,0.00015542391434663602,0.00021802434284338444,1.577192047840523e-06,0.004241233577120352,27
3,-10,2,-18,3,-17,-0.0003718710651421799,0.00015542391434663602,0.00023210374783301,1.5656597037466084e-05,0.04210221903519166,27
3,-9,2,-18,3,-17,-0.00041802181163868305,0.00015542391434663602,0.00023210374783301,-3.0494149459037048e-05,0.07294870413459346,27
3,-10,2,-18,3,-16,-0.0003718710651421799,0.00015542391434663602,0.0002424451729378146,2.5998022142270714e-05,0.06991138751903356,27
3,-9,2,-18,3,-16,-0.00041802181163868305,0.00015542391434663602,0.0002424451729378146,-2.0152724354232418e-05,0.04820974359024934,27
3,-9,2,-18,3,-15,-0.00041802181163868305,0.00015542391434663602,0.00025471396317299346,-7.883934119053571e-06,0.01886010227109404,27
3,-9,2,-18,3,-14,-0.00041802181163868305,0.00015542391434663602,0.0002744146363829793,1.1816739090932278e-05,0.028268235680357443,27
3,-8,2,-18,3,-13,-0.00046296983139094185,0.00015542391434663602,0.00029772968919625274,-9.81622784805309e-06,0.021202737592126285,27
3,-8,2,-18,3,-12,-0.00046296983139094185,0.00015542391434663602,0.0003175654528598886,1.0019535815582767e-05,0.021641876287014587,27
3,-7,2,-18,3,-12,-0.0004995855633416565,0.00015542391434663602,0.0003175654528598886,-2.6596196135131886e-05,0.053236518600004626,27
3,-8,2,-18,3,-11,-0.00046296983139094185,0.00015542391434663602,0.0003365227809942758,2.8976863949969997e-05,0.06258909757232388,27
3,-7,2,-18,3,-11,-0.0004995855633416565,0.00015542391434663602,0.0003365227809942758,-7.638868000744655e-06,0.015290409814185498,27
3,-7,2,-18,3,-10,-0.0004995855633416565,0.00015542391434663602,0.0003718710651421799,2.7709416147159486e-05,0.055464805591689155,27
3,-6,2,-18,3,-9,-0.0005767572162567792,0.00015542391434663602,0.00041802181163868305,-3.3114902714601307e-06,0.005741567124122146,27
3,-5,2,-18,3,-7,-0.0006723912615469056,0.00015542391434663602,0.0004995855633416565,-1.7381783858613016e-05,0.02585069862244257,27
3,-4,2,-18,3,-6,-0.0007440788469309187,0.00015542391434663602,0.0005767572162567792,-1.1897716327503578e-05,0.015989859645355806,27
3,-2,2,-18,3,-4,-0.000926169843396888,0.00015542391434663602,0.0007440788469309187,-2.666708211933322e-05,0.028792863759769034,27
3,-1,2,-18,3,-3,-0.000998084207166912,0.00015542391434663602,0.0008601000555226912,1.7439762702415066e-05,0.017473237806174977,27
3,0,2,-18,3,-1,-0.001168345950483926,0.00015542391434663602,0.000998084207166912,-1.4837828970377985e-05,0.012699859116413416,27
3,1,2,-18,3,0,-0.0012998983166993359,0.00015542391434663602,0.001168345950483926,2.3871548131226134e-05,0.018364165738624906,27
3,2,2,-18,3,1,-0.0014462919592611418,0.00015542391434663602,0.0012998983166993359,9.030271784830034e-06,0.006243740571885135,27
3,8,2,-18,3,7,-0.002675512320323371,0.00015542391434663602,0.0025372392509810755,1.715084500434087e-05,0.006410303131128159,27
3,-11,2,-17,3,-20,-0.0003365227809942758,0.0001654511913622877,0.00019605922281280496,2.4987633180816884e-05,0.07425242685499477,27
3,-10,2,-17,3,-20,-0.0003718710651421799,0.0001654511913622877,0.00019605922281280496,-1.0360650967087257e-05,0.027860868828624784,27
3,-10,2,-17,3,-19,-0.0003718710651421799,0.0001654511913622877,0.00020520786639738244,-1.2120073825097524e-06,0.003259214002160554,27
3,-10,2,-17,3,-18,-0.0003718710651421799,0.0001654511913622877,0.00021802434284338444,1.1604469063492223e-05,0.03120562515143632,27
3,-10,2,-17,3,-17,-0.0003718710651421799,0.0001654511913622877,0.00023210374783301,2.5683874053117784e-05,0.06906661060950763,27
3,-9,2,-17,3,-17,-0.00041802181163868305,0.0001654511913622877,0.00023210374783301,-2.0466872443385348e-05,0.04896125482819513,27
3,-9,2,-17,3,-16,-0.00041802181163868305,0.0001654511913622877,0.0002424451729378146,-1.0125447338580772e-05,0.024222294283851142,27
3,-9,2,-17,3,-15,-0.00041802181163868305,0.0001654511913622877,0.00025471396317299346,2.143342896598129e-06,0.005127347035304288,27
3,-9,2,-17,3,-14,-0.00041802181163868305,0.0001654511913622877,0.0002744146363829793,2.1844016106583924e-05,0.05225568498675564,27
3,-8,2,-17,3,-14,-0.00046296983139094185,0.0001654511913622877,0.0002744146363829793,-2.3104003645674882e-05,0.04990390751004541,27
3,-8,2,-17,3,-13,-0.00046296983139094185,0.0001654511913622877,0.00029772968919625274,2.1104916759861038e-07,0.00045585943897151227,27
3,-8,2,-17,3,-12,-0.00046296983139094185,0.0001654511913622877,0.0003175654528598886,2.0046812831234467e-05,0.04330047331811238,27
3,-7,2,-17,3,-12,-0.0004995855633416565,0.0001654511913622877,0.0003175654528598886,-1.6568919119480186e-05,0.03316532809445703,27
3,-7,2,-17,3,-11,-0.0004995855633416565,0.0001654511913622877,0.0003365227809942758,2.3884090149069908e-06,0.004780780691361984,27
3,-6,2,-17,3,-9,-0.0005767572162567792,0.0001654511913622877,0.00041802181163868305,6.715786744191515e-06,0.011644044590855308,27
3,-5,2,-17,3,-7,-0.0006723912615469056,0.0001654511913622877,0.0004995855633416565,-7.35450684296137e-06,0.01093783822538319,27
3,-4,2,-17,3,-6,-0.0007440788469309187,0.0001654511913622877,0.0005767572162567792,-1.8704393118518237e-06,0.002513764931722992,27
3,-3,2,-17,3,-5,-0.0008601000555226912,0.0001654511913622877,0.0006723912615469056,-2.2257602613497867e-05,0.025877922540037165,27
3,-2,2,-17,3,-4,-0.000926169843396888,0.0001654511913622877,0.0007440788469309187,-1.6639805103681573e-05,0.017966256645381814,27
3,-1,2,-17,3,-3,-0.000998084207166912,0.0001654511913622877,0.0008601000555226912,2.7467039718066712e-05,0.02751976188064594,27
3,0,2,-17,3,-1,-0.001168345950483926,0.0001654511913622877,0.000998084207166912,-4.810551954726339e-06,0.004117403713115812,27
3,2,2,-17,3,1,-0.0014462919592611418,0.0001654511913622877,0.0012998983166993359,1.905754880048168e-05,0.013176833818683118,27
3,8,2,-17,3,7,-0.002675512320323371,0.0001654511913622877,0.0025372392509810755,2.71781220199923e-05,0.010158100119197907,27
3,-10,2,-16,3,-20,-0.0003718710651421799,0.00017249671507286419,0.00019605922281280496,-3.3151272565107672e-06,0.008914722244505022,27
3,-10,2,-16,3,-19,-0.0003718710651421799,0.00017249671507286419,0.00020520786639738244,5.833516328066684e-06,0.015686932581959065,27
3,-10,2,-16,3,-18,-0.0003718710651421799,0.00017249671507286419,0.00021802434284338444,1.8649992774068713e-05,0.05015177173555608,27
3,-9,2,-16,3,-18,-0.00041802181163868305,0.00017249671507286419,0.00021802434284338444,-2.750075372243442e-05,0.06578784397548298,27
3,-9,2,-16,3,-17,-0.00041802181163868305,0.00017249671507286419,0.00023210374783301,-1.3421348732808858e-05,0.03210681442720887,27
3,-9,2,-16,3,-16,-0.00041802181163868305,0.00017249671507286419,0.0002424451729378146,-3.0799236280042272e-06,0.007367853882864748,27
3,-9,2,-16,3,-15,-0.00041802181163868305,0.00017249671507286419,0.00025471396317299346,9.188866607174565e-06,0.021981787436290423,27
3,-9,2,-16,3,-14,-0.00041802181163868305,0.00017249671507286419,0.0002744146363829793,2.888953981716047e-05,0.06911012538774204,27
3,-8,2,-16,3,-14,-0.00046296983139094185,0.00017249671507286419,0.0002744146363829793,-1.6058479935098337e-05,0.03468580206803628,27
3,-8,2,-16,3,-13,-0.00046296983139094185,0.00017249671507286419,0.00029772968919625274,7.256572878175046e-06,0.015673964880980416,27
3,-7,2,-16,3,-13,-0.0004995855633416565,0.00017249671507286419,0.00029772968919625274,-2.9359159072539606e-05,0.058767028566959346,27
3,-8,2,-16,3,-12,-0.00046296983139094185,0.00017249671507286419,0.0003175654528598886,2.7092336541810903e-05,0.05851857876012129,27
3,-7,2,-16,3,-12,-0.0004995855633416565,0.00017249671507286419,0.0003175654528598886,-9.52339540890375e-06,0.01906259129107558,27
3,-7,2,-16,3,-11,-0.0004995855633416565,0.00017249671507286419,0.0003365227809942758,9.433932725483427e-06,0.01888351749474344,27
3,-6,2,-16,3,-9,-0.0005767572162567792,0.00017249671507286419,0.00041802181163868305,1.376131045476806e-05,0.023859797618277844,27
3,-5,2,-16,3,-7,-0.0006723912615469056,0.00017249671507286419,0.0004995855633416565,-3.0898313238493427e-07,0.00045952877447289636,27
3,-4,2,-16,3,-6,-0.0007440788469309187,0.00017249671507286419,0.0005767572162567792,5.175084398724612e-06,0.006955021527718653,27
3,-3,2,-16,3,-5,-0.0008601000555226912,0.00017249671507286419,0.0006723912615469056,-1.521207890292143e-05,0.017686406139896017,27
3,-2,2,-16,3,-4,-0.000926169843396888,0.00017249671507286419,0.0007440788469309187,-9.594281393105137e-06,0.010359094999159605,27
3,0,2,-16,3,-1,-0.001168345950483926,0.00017249671507286419,0.000998084207166912,2.2349717558503134e-06,0.0019129366220036056,27
3,2,2,-16,3,1,-0.0014462919592611418,0.00017249671507286419,0.0012998983166993359,2.6103072511058333e-05,0.018048273271458585,27
3,-10,2,-15,3,-20,-0.0003718710651421799,0.0001819548751341122,0.00019605922281280496,6.1430328047372374e-06,0.01651925460344308,27
3,-10,2,-15,3,-19,-0.0003718710651421799,0.0001819548751341122,0.00020520786639738244,1.5291676389314742e-05,0.041120909429907315,27
3,-9,2,-15,3,-19,-0.00041802181163868305,0.0001819548751341122,0.00020520786639738244,-3.085907010718839e-05,0.07382167448683613,27
3,-10,2,-15,3,-18,-0.0003718710651421799,0.0001819548751341122,0.00021802434284338444,2.8108152835316718e-05,0.07558574858350418,27
3,-9,2,-15,3,-18,-0.00041802181163868305,0.0001819548751341122,0.00021802434284338444,-1.8042593661186414e-05,0.04316184744154336,27
3,-9,2,-15,3,-17,-0.00041802181163868305,0.0001819548751341122,0.00023210374783301,-3.963188671560853e-06,0.009480817893269248,27
3,-9,2,-15,3,-16,-0.00041802181163868305,0.0001819548751341122,0.0002424451729378146,6.378236433243723e-06,0.015258142651074745,27
3,-9,2,-15,3,-15,-0.00041802181163868305,0.0001819548751341122,0.00025471396317299346,1.8647026668422624e-05,0.04460778397023018,27
3,-8,2,-15,3,-15,-0.00046296983139094185,0.0001819548751341122,0.00025471396317299346,-2.6300993083836182e-05,0.056809302249387926,27
3,-8,2,-15,3,-14,-0.00046296983139094185,0.0001819548751341122,0.0002744146363829793,-6.600319873850387e-06,0.01425647942117622,27
3,-8,2,-15,3,-13,-0.00046296983139094185,0.0001819548751341122,0.00029772968919625274,1.6714732939423105e-05,0.036103287527840706,27
3,-7,2,-15,3,-13,-0.0004995855633416565,0.0001819548751341122,0.00029772968919625274,-1.9900999011291548e-05,0.03983501620458487,27
3,-7,2,-15,3,-12,-0.0004995855633416565,0.0001819548751341122,0.0003175654528598886,-6.523534765569099e-08,0.0001305789287011039,27
3,-7,2,-15,3,-11,-0.0004995855633416565,0.0001819548751341122,0.0003365227809942758,1.8892092786731486e-05,0.03781552985711792,27
3,-6,2,-15,3,-10,-0.0005767572162567792,0.0001819548751341122,0.0003718710651421799,-2.2931275980487068e-05,0.03975897541311003,27
3,-6,2,-15,3,-9,-0.0005767572162567792,0.0001819548751341122,0.00041802181163868305,2.321947051601601e-05,0.040258656262184375,27
3,-5,2,-15,3,-8,-0.0006723912615469056,0.0001819548751341122,0.00046296983139094185,-2.7466555021851582e-05,0.04084906600163413,27
3,-5,2,-15,3,-7,-0.0006723912615469056,0.0001819548751341122,0.0004995855633416565,9.149176928863125e-06,0.013606924200374789,27
3,-4,2,-15,3,-6,-0.0007440788469309187,0.0001819548751341122,0.0005767572162567792,1.4633244459972671e-05,0.019666255156063104,27
3,-3,2,-15,3,-5,-0.0008601000555226912,0.0001819548751341122,0.0006723912615469056,-5.753918841673372e-06,0.0066898249857415245,27
3,-2,2,-15,3,-4,-0.000926169843396888,0.0001819548751341122,0.0007440788469309187,-1.3612133185707774e-07,0.00014697232135936237,27
3,0,2,-15,3,-1,-0.001168345950483926,0.0001819548751341122,0.000998084207166912,1.1693131817098155e-05,0.010008278637209201,27
3,-10,2,-14,3,-20,-0.0003718710651421799,0.00019644874332665755,0.00019605922281280496,2.0636900997282625e-05,0.05549477475315909,27
3,-9,2,-14,3,-20,-0.00041802181163868305,0.00019644874332665755,0.00019605922281280496,-2.5513845499220507e-05,0.06103472304280951,27
3,-10,2,-14,3,-19,-0.0003718710651421799,0.00019644874332665755,0.00020520786639738244,2.9785544581860076e-05,0.08009642957962318,27
3,-9,2,-14,3,-19,-0.00041802181163868305,0.00019644874332665755,0.00020520786639738244,-1.6365201914643056e-05,0.03914915791233475,27
3,-9,2,-14,3,-18,-0.00041802181163868305,0.00019644874332665755,0.00021802434284338444,-3.5487254686410803e-06,0.00848933086704198,27
3,-9,2,-14,3,-17,-0.00041802181163868305,0.00019644874332665755,0.00023210374783301,1.053067952098448e-05,0.025191698681232135,27
3,-9,2,-14,3,-16,-0.00041802181163868305,0.00019644874332665755,0.0002424451729378146,2.087210462578911e-05,0.04993065922557626,27
3,-8,2,-14,3,-16,-0.00046296983139094185,0.00019644874332665755,0.0002424451729378146,-2.4075915126469695e-05,0.05200320516379277,27
3,-8,2,-14,3,-15,-0.00046296983139094185,0.00019644874332665755,0.00025471396317299346,-1.1807124891290849e-05,0.025503011407498503,27
3,-8,2,-14,3,-14,-0.00046296983139094185,0.00019644874332665755,0.0002744146363829793,7.893548318695e-06,0.01704981142071332,27
3,-7,2,-14,3,-14,-0.0004995855633416565,0.00019644874332665755,0.0002744146363829793,-2.8722183632019652e-05,0.05749202086605759,27
3,-8,2,-14,3,-13,-0.00046296983139094185,0.00019644874332665755,0.00029772968919625274,3.120860113196849e-05,0.06740957836973024,27
3,-7,2,-14,3,-13,-0.0004995855633416565,0.00019644874332665755,0.00029772968919625274,-5.40713081874616e-06,0.010823232726299443,27
3,-7,2,-14,3,-12,-0.0004995855633416565,0.00019644874332665755,0.0003175654528598886,1.4428632844889588e-05,0.028881204549584105,27
3,-6,2,-14,3,-10,-0.0005767572162567792,0.00019644874332665755,0.0003718710651421799,-8.43740778794168e-06,0.014629045896818472,27
3,-5,2,-14,3,-8,-0.0006723912615469056,0.00019644874332665755,0.00046296983139094185,-1.2972686829306195e-05,0.019293360237105383,27
3,-5,2,-14,3,-7,-0.0006723912615469056,0.00019644874332665755,0.0004995855633416565,2.3643045121408512e-05,0.03516262996490353,27
3,-4,2,-14,3,-6,-0.0007440788469309187,0.00019644874332665755,0.0005767572162567792,2.912711265251795e-05,0.03914519647031728,27
3,-3,2,-14,3,-5,-0.0008601000555226912,0.00019644874332665755,0.0006723912615469056,8.739949350872016e-06,0.010161549571765419,27
3,-2,2,-14,3,-4,-0.000926169843396888,0.00019644874332665755,0.0007440788469309187,1.435774686068831e-05,0.015502282829711654,27
3,0,2,-14,3,-1,-0.001168345950483926,0.00019644874332665755,0.000998084207166912,2.6187000009643543e-05,0.022413737984709883,27
3,-9,2,-13,3,-20,-0.00041802181163868305,0.00021328352758161109,0.00019605922281280496,-8.679061244267026e-06,0.020762221019626527,27
3,-9,2,-13,3,-19,-0.00041802181163868305,0.00021328352758161109,0.00020520786639738244,4.695823403104795e-07,0.001123344110848366,27
3,-9,2,-13,3,-18,-0.00041802181163868305,0.00021328352758161109,0.00021802434284338444,1.328605878631251e-05,0.031783171156141266,27
3,-9,2,-13,3,-17,-0.00041802181163868305,0.00021328352758161109,0.00023210374783301,2.736546377593807e-05,0.06546420070441539,27
3,-8,2,-13,3,-17,-0.00046296983139094185,0.00021328352758161109,0.00023210374783301,-1.7582555976320736e-05,0.03797775747826999,27
3,-8,2,-13,3,-16,-0.00046296983139094185,0.00021328352758161109,0.0002424451729378146,-7.24113087151616e-06,0.015640610641434193,27
3,-8,2,-13,3,-15,-0.00046296983139094185,0.00021328352758161109,0.00025471396317299346,5.027659363662687e-06,0.010859583114860072,27
3,-8,2,-13,3,-14,-0.00046296983139094185,0.00021328352758161109,0.0002744146363829793,2.4728332573648536e-05,0.053412405943071894,27
3,-7,2,-13,3,-14,-0.0004995855633416565,0.00021328352758161109,0.0002744146363829793,-1.1887399377066116e-05,0.023794521398002373,27
3,-7,2,-13,3,-13,-0.0004995855633416565,0.00021328352758161109,0.00029772968919625274,1.1427653436207321e-05,0.022874266741755665,27
3,-6,2,-13,3,-11,-0.0005767572162567792,0.00021328352758161109,0.0003365227809942758,-2.695090768089234e-05,0.0467283406626567,27
3,-6,2,-13,3,-10,-0.0005767572162567792,0.00021328352758161109,0.0003718710651421799,8.397376467011801e-06,0.01455963831976259,27
3,-5,2,-13,3,-8,-0.0006723912615469056,0.00021328352758161109,0.00046296983139094185,3.862097425647395e-06,0.005743824535676208,27
3,-4,2,-13,3,-7,-0.0007440788469309187,0.00021328352758161109,0.0004995855633416565,-3.1209756007651154e-05,0.041944151666696565,27
3,-3,2,-13,3,-5,-0.0008601000555226912,0.00021328352758161109,0.0006723912615469056,2.5574733605825497e-05,0.02973460290068634,27
3,-2,2,-13,3,-4,-0.000926169843396888,0.00021328352758161109,0.0007440788469309187,3.119253111564179e-05,0.033679061500467115,27
3,0,2,-13,3,-2,-0.001168345950483926,0.00021328352758161109,0.000926169843396888,-2.8892579505426915e-05,0.02472947288725542,27
3,3,2,-13,3,2,-0.0016875888535549334,0.00021328352758161109,0.0014462919592611418,-2.8013366712180496e-05,0.01659963957048536,27
3,4,2,-13,3,3,-0.0019293062769633813,0.00021328352758161109,0.0016875888535549334,-2.8433895826836773e-05,0.014737885926328978,27
3,5,2,-13,3,4,-0.002171276389406632,0.00021328352758161109,0.0019293062769633813,-2.8686584861639577e-05,0.013211853176130684,27
3,-9,2,-12,3,-20,-0.00041802181163868305,0.00022661345866183688,0.00019605922281280496,4.6508698359587724e-06,0.011125902300951581,27
3,-9,2,-12,3,-19,-0.00041802181163868305,0.00022661345866183688,0.00020520786639738244,1.3799513420536277e-05,0.033011467431426474,27
3,-8,2,-12,3,-19,-0.00046296983139094185,0.00022661345866183688,0.00020520786639738244,-3.114850633172253e-05,0.06727977552692856,27
3,-9,2,-12,3,-18,-0.00041802181163868305,0.00022661345866183688,0.00021802434284338444,2.6615989866538307e-05,0.06367129447671938,27
3,-8,2,-12,3,-18,-0.00046296983139094185,0.00022661345866183688,0.00021802434284338444,-1.83320298857205e-05,0.03959659710578535,27
3,-8,2,-12,3,-17,-0.00046296983139094185,0.00022661345866183688,0.00023210374783301,-4.252624896094938e-06,0.009185533500786424,27
3,-8,2,-12,3,-16,-0.00046296983139094185,0.00022661345866183688,0.0002424451729378146,6.088800208709638e-06,0.013151613336049368,27
3,-7,2,-12,3,-16,-0.0004995855633416565,0.00022661345866183688,0.0002424451729378146,-3.0526931742005014e-05,0.06110451138302461,27
3,-8,2,-12,3,-15,-0.00046296983139094185,0.00022661345866183688,0.00025471396317299346,1.8357590443888485e-05,0.03965180709234364,27
3,-7,2,-12,3,-15,-0.0004995855633416565,0.00022661345866183688,0.00025471396317299346,-1.8258141506826168e-05,0.036546575494896344,27
3,-7,2,-12,3,-14,-0.0004995855633416565,0.00022661345866183688,0.0002744146363829793,1.4425317031596272e-06,0.002887456742165924,27
3,-7,2,-12,3,-13,-0.0004995855633416565,0.00022661345866183688,0.00029772968919625274,2.475758451643312e-05,0.049556244881924075,27
3,-6,2,-12,3,-11,-0.0005767572162567792,0.00022661345866183688,0.0003365227809942758,-1.3620976600666542e-05,0.023616482320010228,27
3,-6,2,-12,3,-10,-0.0005767572162567792,0.00022661345866183688,0.0003718710651421799,2.17273075472376e-05,0.037671496662409064,27
3,-5,2,-12,3,-9,-0.0006723912615469056,0.00022661345866183688,0.00041802181163868305,-2.7755991246385613e-05,0.04127952404159758,27
3,-5,2,-12,3,-8,-0.0006723912615469056,0.00022661345866183688,0.00046296983139094185,1.7192028505873193e-05,0.025568488897849673,27
3,-4,2,-12,3,-7,-0.0007440788469309187,0.00022661345866183688,0.0004995855633416565,-1.7879824927425356e-05,0.02402947617873263,27
3,-2,2,-12,3,-5,-0.000926169843396888,0.00022661345866183688,0.0006723912615469056,-2.716512318814556e-05,0.02933060645606077,27
3,-1,2,-12,3,-4,-0.000998084207166912,0.00022661345866183688,0.0007440788469309187,-2.739190157415646e-05,0.02744447951131206,27
3,0,2,-12,3,-2,-0.001168345950483926,0.00022661345866183688,0.000926169843396888,-1.5562648425201117e-05,0.013320239967241814,27
3,3,2,-12,3,2,-0.0016875888535549334,0.00022661345866183688,0.0014462919592611418,-1.4683435631954699e-05,0.00870083705579342,27
3,4,2,-12,3,3,-0.0019293062769633813,0.00022661345866183688,0.0016875888535549334,-1.5103964746610975e-05,0.0078287024341121,27
3,5,2,-12,3,4,-0.002171276389406632,0.00022661345866183688,0.0019293062769633813,-1.5356653781414212e-05,0.007072638866400094,27
3,6,2,-12,3,5,-0.0024186606766848882,0.00022661345866183688,0.002171276389406632,-2.077082861641922e-05,0.008587739825037606,27
3,8,2,-12,3,6,-0.002675512320323371,0.00022661345866183688,0.0024186606766848882,-3.0238184976645686e-05,0.01130182983907583,27
3,-9,2,-11,3,-20,-0.00041802181163868305,0.00024159830799367046,0.00019605922281280496,1.9635719167792373e-05,0.04697295361411547,27
3,-8,2,-11,3,-20,-0.00046296983139094185,0.00024159830799367046,0.00019605922281280496,-2.5312300584466433e-05,0.05467375813326414,27
3,-9,2,-11,3,-19,-0.00041802181163868305,0.00024159830799367046,0.00020520786639738244,2.8784362752369878e-05,0.06885851874459036,27
3,-8,2,-11,3,-19,-0.00046296983139094185,0.00024159830799367046,0.00020520786639738244,-1.616365699988893e-05,0.03491298115759941,27
3,-8,2,-11,3,-18,-0.00046296983139094185,0.00024159830799367046,0.00021802434284338444,-3.3471805538869527e-06,0.007229802736456321,27
3,-8,2,-11,3,-17,-0.00046296983139094185,0.00024159830799367046,0.00023210374783301,1.0732224435738608e-05,0.023181260868542605,27
3,-7,2,-11,3,-17,-0.0004995855633416565,0.00024159830799367046,0.00023210374783301,-2.5883507514976045e-05,0.05180995892244155,27
3,-8,2,-11,3,-16,-0.00046296983139094185,0.00024159830799367046,0.0002424451729378146,2.1073649540543184e-05,0.0455184077053784,27
3,-7,2,-11,3,-16,-0.0004995855633416565,0.00024159830799367046,0.0002424451729378146,-1.554208241017147e-05,0.031109951028634012,27
3,-7,2,-11,3,-15,-0.0004995855633416565,0.00024159830799367046,0.00025471396317299346,-3.273292174992568e-06,0.00655201514050563,27
3,-7,2,-11,3,-14,-0.0004995855633416565,0.00024159830799367046,0.0002744146363829793,1.6427381034993228e-05,0.03288201709655664,27
3,-6,2,-11,3,-12,-0.0005767572162567792,0.00024159830799367046,0.0003175654528598886,-1.7593455403220118e-05,0.030504092375997775,27
3,-6,2,-11,3,-11,-0.0005767572162567792,0.00024159830799367046,0.0003365227809942758,1.3638727311670587e-06,0.0023647259067147,27
3,-5,2,-11,3,-9,-0.0006723912615469056,0.00024159830799367046,0.00041802181163868305,-1.2771141914552121e-05,0.018993616730191867,27
3,-4,2,-11,3,-7,-0.0007440788469309187,0.00024159830799367046,0.0004995855633416565,-2.8949755955917558e-06,0.0038906839074011857,27
3,-2,2,-11,3,-5,-0.000926169843396888,0.00024159830799367046,0.0006723912615469056,-1.2180273856311958e-05,0.013151231324525421,27
3,-1,2,-11,3,-4,-0.000998084207166912,0.00024159830799367046,0.0007440788469309187,-1.2407052242322967e-05,0.012430867208630328,27
3,0,2,-11,3,-2,-0.001168345950483926,0.00024159830799367046,0.000926169843396888,-5.777990933675172e-07,0.0004945445252137813,27
3,3,2,-11,3,2,-0.0016875888535549334,0.00024159830799367046,0.0014462919592611418,3.0141369987890174e-07,0.0001786061215348566,27
3,4,2,-11,3,3,-0.0019293062769633813,0.00024159830799367046,0.0016875888535549334,-1.1911541477737514e-07,6.174002344762805e-05,27
3,5,2,-11,3,4,-0.002171276389406632,0.00024159830799367046,0.0019293062769633813,-3.718044495806122e-07,0.00017123773435505333,27
3,6,2,-11,3,5,-0.0024186606766848882,0.00024159830799367046,0.002171276389406632,-5.785979284585619e-06,0.002392224482070015,27
3,8,2,-11,3,6,-0.002675512320323371,0.00024159830799367046,0.0024186606766848882,-1.5253335644812085e-05,0.005701089667555154,27
3,9,2,-11,3,8,-0.0029334778136359597,0.00024159830799367046,0.002675512320323371,-1.63671853189184e-05,0.005579447454089232,27
3,10,2,-11,3,9,-0.003196341902933452,0.00024159830799367046,0.0029334778136359597,-2.12657813038219e-05,0.006653162255359843,27
3,11,2,-11,3,10,-0.003462185480912929,0.00024159830799367046,0.003196341902933452,-2.4245269985806277e-05,0.00700288015170497,27
3,12,2,-11,3,11,-0.0037290325328913905,0.00024159830799367046,0.003462185480912929,-2.524874398479116e-05,0.0067708564519317746,27
3,13,2,-11,3,12,-0.0039955884824074,0.00024159830799367046,0.0037290325328913905,-2.495764152233952e-05,0.006246299295392448,27
3,14,2,-11,3,13,-0.00426138436982716,0.00024159830799367046,0.0039955884824074,-2.419757942608968e-05,0.005678337677638576,27
3,15,2,-11,3,14,-0.004526260671995234,0.00024159830799367046,0.00426138436982716,-2.327799417440289e-05,0.005142875291833701,27
3,16,2,-11,3,15,-0.004790467128105982,0.00024159830799367046,0.004526260671995234,-2.260814811707798e-05,0.004719403664088311,27
3,17,2,-11,3,16,-0.005054963890750095,0.00024159830799367046,0.004790467128105982,-2.2898454650442657e-05,0.004529894801492796,27
3,18,2,-11,3,17,-0.005320803084440166,0.00024159830799367046,0.005054963890750095,-2.4240885696399928e-05,0.004555869727126062,27
3,19,2,-11,3,18,-0.005588836096595871,0.00024159830799367046,0.005320803084440166,-2.6434704162034764e-05,0.0047299122223562785,27
3,20,2,-11,3,19,-0.005859085906608004,0.00024159830799367046,0.005588836096595871,-2.8651502018462588e-05,0.004890097615081698,27
3,-8,2,-10,3,-20,-0.00046296983139094185,0.00026814142169328853,0.00019605922281280496,1.2308131151516125e-06,0.0026585168874908548,27
3,-8,2,-10,3,-19,-0.00046296983139094185,0.00026814142169328853,0.00020520786639738244,1.0379456699729118e-05,0.02241929386315558,27
3,-7,2,-10,3,-19,-0.0004995855633416565,0.00026814142169328853,0.00020520786639738244,-2.6236275250985535e-05,0.0525160796791141,27
3,-8,2,-10,3,-18,-0.00046296983139094185,0.00026814142169328853,0.00021802434284338444,2.3195933145731147e-05,0.05010247228429879,27
3,-7,2,-10,3,-18,-0.0004995855633416565,0.00026814142169328853,0.00021802434284338444,-1.3419798804983505e-05,0.026861862691188246,27
3,-7,2,-10,3,-17,-0.0004995855633416565,0.00026814142169328853,0.00023210374783301,6.596061846420552e-07,0.0013203067363076778,27
3,-7,2,-10,3,-16,-0.0004995855633416565,0.00026814142169328853,0.0002424451729378146,1.1001031289446686e-05,0.022020314630115327,27
3,-7,2,-10,3,-15,-0.0004995855633416565,0.00026814142169328853,0.00025471396317299346,2.3269821524625478e-05,0.04657825051824349,27
3,-6,2,-10,3,-13,-0.0005767572162567792,0.00026814142169328853,0.00029772968919625274,-1.0886105367237929e-05,0.018874675618087637,27
3,-6,2,-10,3,-12,-0.0005767572162567792,0.00026814142169328853,0.0003175654528598886,8.949658296397928e-06,0.015517202115791879,27
3,-6,2,-10,3,-11,-0.0005767572162567792,0.00026814142169328853,0.0003365227809942758,2.7906986430785105e-05,0.04838602039850435,27
3,-5,2,-10,3,-9,-0.0006723912615469056,0.00026814142169328853,0.00041802181163868305,1.3771971785066033e-05,0.020482080259910263,27
3,-4,2,-10,3,-8,-0.0007440788469309187,0.00026814142169328853,0.00046296983139094185,-1.2967593846688308e-05,0.01742771468396848,27
3,-4,2,-10,3,-7,-0.0007440788469309187,0.00026814142169328853,0.0004995855633416565,2.364813810402629e-05,0.031781763722443,27
3,-3,2,-10,3,-6,-0.0008601000555226912,0.00026814142169328853,0.0005767572162567792,-1.5201417572623457e-05,0.017674010686332776,27
3,-2,2,-10,3,-5,-0.000926169843396888,0.00026814142169328853,0.0006723912615469056,1.4362839843306088e-05,0.015507781802339719,27
3,-1,2,-10,3,-4,-0.000998084207166912,0.00026814142169328853,0.0007440788469309187,1.4136061457295295e-05,0.014163195205162972,27
3,0,2,-10,3,-2,-0.001168345950483926,0.00026814142169328853,0.000926169843396888,2.596531460625053e-05,0.022223995038024275,27
3,2,2,-10,3,0,-0.0014462919592611418,0.00026814142169328853,0.001168345950483926,-9.804587083927238e-06,0.006779120233051733,27
3,3,2,-10,3,2,-0.0016875888535549334,0.00026814142169328853,0.0014462919592611418,2.6844527399496948e-05,0.015907030520466235,27
3,4,2,-10,3,3,-0.0019293062769633813,0.00026814142169328853,0.0016875888535549334,2.642399828484067e-05,0.013696113779524186,27
3,5,2,-10,3,4,-0.002171276389406632,0.00026814142169328853,0.0019293062769633813,2.617130925003765e-05,0.012053421378192097,27
3,6,2,-10,3,5,-0.0024186606766848882,0.00026814142169328853,0.002171276389406632,2.0757134415032644e-05,0.008582077930618688,27
3,8,2,-10,3,6,-0.002675512320323371,0.00026814142169328853,0.0024186606766848882,1.1289778054805744e-05,0.004219669619552051,27
3,9,2,-10,3,8,-0.0029334778136359597,0.00026814142169328853,0.002675512320323371,1.0175928380699428e-05,0.003468895634184689,27
3,10,2,-10,3,9,-0.003196341902933452,0.00026814142169328853,0.0029334778136359597,5.277332395796364e-06,0.0016510537846258176,27
3,11,2,-10,3,10,-0.003462185480912929,0.00026814142169328853,0.003196341902933452,2.2978437138115523e-06,0.0006636974611786667,27
3,12,2,-10,3,11,-0.0037290325328913905,0.00026814142169328853,0.003462185480912929,1.2943697148266702e-06,0.00034710603981324105,27
3,13,2,-10,3,12,-0.0039955884824074,0.00026814142169328853,0.0037290325328913905,1.585472177279175e-06,0.00039680567312174874,27
3,14,2,-10,3,13,-0.00426138436982716,0.00026814142169328853,0.0039955884824074,2.345534273528148e-06,0.000550416031498065,27
3,15,2,-10,3,14,-0.004526260671995234,0.00026814142169328853,0.00426138436982716,3.265119525214938e-06,0.0007213724002722166,27
3,16,2,-10,3,15,-0.004790467128105982,0.00026814142169328853,0.004526260671995234,3.934965582539848e-06,0.0008214158405248518,27
3,17,2,-10,3,16,-0.005054963890750095,0.00026814142169328853,0.004790467128105982,3.6446590491751724e-06,0.0007210059513668157,27
3,18,2,-10,3,17,-0.005320803084440166,0.00026814142169328853,0.005054963890750095,2.3022280032179016e-06,0.0004326843084929036,27
3,19,2,-10,3,18,-0.005588836096595871,0.00026814142169328853,0.005320803084440166,1.0840953758306515e-07,1.939751599605807e-05,27
3,20,2,-10,3,19,-0.005859085906608004,0.00026814142169328853,0.005588836096595871,-2.108388318844759e-06,0.00035984936088185237,27
3,-7,2,-9,3,-20,-0.0004995855633416565,0.0003021884453905382,0.00019605922281280496,-1.337895138313317e-06,0.0026780100076638073,27
3,-7,2,-9,3,-19,-0.0004995855633416565,0.0003021884453905382,0.00020520786639738244,7.81074844626408e-06,0.01563445587582455,27
3,-7,2,-9,3,-18,-0.0004995855633416565,0.0003021884453905382,0.00021802434284338444,2.062722489226611e-05,0.0412886728637504,27
3,-6,2,-9,3,-15,-0.0005767572162567792,0.0003021884453905382,0.00025471396317299346,-1.9854807693247493e-05,0.034424896877940224,27
3,-6,2,-9,3,-14,-0.0005767572162567792,0.0003021884453905382,0.0002744146363829793,-1.5413448326169737e-07,0.0002672432679075052,27
3,-6,2,-9,3,-13,-0.0005767572162567792,0.0003021884453905382,0.00029772968919625274,2.3160918330011795e-05,0.04015713662037698,27
3,-5,2,-9,3,-10,-0.0006723912615469056,0.0003021884453905382,0.0003718710651421799,1.6682489858125702e-06,0.002481068808024945,27
3,-4,2,-9,3,-9,-0.0007440788469309187,0.0003021884453905382,0.00041802181163868305,-2.38685899016975e-05,0.03207803850377901,27
3,-4,2,-9,3,-8,-0.0007440788469309187,0.0003021884453905382,0.00046296983139094185,2.1079429850561307e-05,0.028329564719528102,27
3,-3,2,-9,3,-6,-0.0008601000555226912,0.0003021884453905382,0.0005767572162567792,1.8845606124626157e-05,0.02191094629469998,27
3,-1,2,-9,3,-5,-0.000998084207166912,0.0003021884453905382,0.0006723912615469056,-2.3504500229468237e-05,0.023549616415819635,27
3,0,2,-9,3,-3,-0.001168345950483926,0.0003021884453905382,0.0008601000555226912,-6.05744957069671e-06,0.005184636937533553,27
3,1,2,-9,3,-1,-0.0012998983166993359,0.0003021884453905382,0.000998084207166912,3.743358581143573e-07,0.0002879731847525275,27
3,2,2,-9,3,0,-0.0014462919592611418,0.0003021884453905382,0.001168345950483926,2.4242436613322376e-05,0.016761786206504915,27
3,-7,2,-8,3,-20,-0.0004995855633416565,0.0003326425567156908,0.00019605922281280496,2.91162161868393e-05,0.058280739723712366,27
3,-6,2,-8,3,-18,-0.0005767572162567792,0.0003326425567156908,0.00021802434284338444,-2.6090316697703966e-05,0.04523622065283054,27
3,-6,2,-8,3,-17,-0.0005767572162567792,0.0003326425567156908,0.00023210374783301,-1.2010911708078406e-05,0.02082490061594826,27
3,-6,2,-8,3,-16,-0.0005767572162567792,0.0003326425567156908,0.0002424451729378146,-1.669486603273775e-06,0.002894608955409237,27
3,-6,2,-8,3,-15,-0.0005767572162567792,0.0003326425567156908,0.00025471396317299346,1.0599303631905017e-05,0.01837740965027836,27
3,-6,2,-8,3,-14,-0.0005767572162567792,0.0003326425567156908,0.0002744146363829793,3.029997684189092e-05,0.052535063260311265,27
3,-5,2,-8,3,-12,-0.0006723912615469056,0.0003326425567156908,0.0003175654528598886,-2.218325197132613e-05,0.03299158278810951,27
3,-5,2,-8,3,-11,-0.0006723912615469056,0.0003326425567156908,0.0003365227809942758,-3.225923836939061e-06,0.0047976885206947656,27
3,-4,2,-8,3,-9,-0.0007440788469309187,0.0003326425567156908,0.00041802181163868305,6.585521423455119e-06,0.008850569332293527,27
3,-3,2,-8,3,-7,-0.0008601000555226912,0.0003326425567156908,0.0004995855633416565,-2.787193546534392e-05,0.03240545711673728,27
3,-2,2,-8,3,-6,-0.000926169843396888,0.0003326425567156908,0.0005767572162567792,-1.677007042441797e-05,0.018106906140358484,27
3,-1,2,-8,3,-5,-0.000998084207166912,0.0003326425567156908,0.0006723912615469056,6.949611095684273e-06,0.006962950666668621,27
3,0,2,-8,3,-3,-0.001168345950483926,0.0003326425567156908,0.0008601000555226912,2.4396661754456017e-05,0.020881368009493233,27
3,1,2,-8,3,-1,-0.0012998983166993359,0.0003326425567156908,0.000998084207166912,3.0828447183267084e-05,0.02371604516078287,27
3,-6,2,-7,3,-20,-0.0005767572162567792,0.00036286508921045974,0.00019605922281280496,-1.7832904233514523e-05,0.030919256371428044,27
3,-6,2,-7,3,-19,-0.0005767572162567792,0.00036286508921045974,0.00020520786639738244,-8.684260648937018e-06,0.015057047236095059,27
3,-6,2,-7,3,-18,-0.0005767572162567792,0.00036286508921045974,0.00021802434284338444,4.132215797065012e-06,0.007164567136036144,27
3,-6,2,-7,3,-17,-0.0005767572162567792,0.00036286508921045974,0.00023210374783301,1.8211620786690572e-05,0.031575887172918427,27
3,-6,2,-7,3,-16,-0.0005767572162567792,0.00036286508921045974,0.0002424451729378146,2.8553045891495203e-05,0.04950617883345745,27
3,-5,2,-7,3,-13,-0.0006723912615469056,0.00036286508921045974,0.00029772968919625274,-1.1796483140193116e-05,0.017544075622062796,27
3,-5,2,-7,3,-12,-0.0006723912615469056,0.00036286508921045974,0.0003175654528598886,8.03928052344274e-06,0.011956253721899278,27
3,-5,2,-7,3,-11,-0.0006723912615469056,0.00036286508921045974,0.0003365227809942758,2.6996608657829917e-05,0.04015014798931418,27
3,-4,2,-7,3,-10,-0.0007440788469309187,0.00036286508921045974,0.0003718710651421799,-9.34269257827909e-06,0.012556051844256335,27
3,-3,2,-7,3,-7,-0.0008601000555226912,0.00036286508921045974,0.0004995855633416565,2.35059702942506e-06,0.0027329344002850683,27
3,-2,2,-7,3,-6,-0.000926169843396888,0.00036286508921045974,0.0005767572162567792,1.34524620703509e-05,0.014524832746671679,27
3,1,2,-7,3,-2,-0.0012998983166993359,0.00036286508921045974,0.000926169843396888,-1.0863384091988094e-05,0.008357102976771356,27
3,3,2,-7,3,1,-0.0016875888535549334,0.00036286508921045974,0.0012998983166993359,-2.4825447645137775e-05,0.014710601810886915,27
3,7,2,-7,3,5,-0.0025372392509810755,0.00036286508921045974,0.002171276389406632,-3.097772363983616e-06,0.0012209224505674028,27
3,-5,2,-6,3,-18,-0.0006723912615469056,0.00042506408290257934,0.00021802434284338444,-2.930283580094184e-05,0.04358003661964262,27
3,-5,2,-6,3,-17,-0.0006723912615469056,0.00042506408290257934,0.00023210374783301,-1.5223430811316281e-05,0.02264073268336832,27
3,-5,2,-6,3,-16,-0.0006723912615469056,0.00042506408290257934,0.0002424451729378146,-4.8820057065116504e-06,0.007260662036683956,27
3,-5,2,-6,3,-15,-0.0006723912615469056,0.00042506408290257934,0.00025471396317299346,7.38678452866725e-06,0.010985842546009877,27
3,-5,2,-6,3,-14,-0.0006723912615469056,0.00042506408290257934,0.0002744146363829793,2.7087457738653046e-05,0.04028526140618715,27
3,-4,2,-6,3,-13,-0.0007440788469309187,0.00042506408290257934,0.00029772968919625274,-2.128507483208661e-05,0.028605939975152584,27
3,-4,2,-6,3,-12,-0.0007440788469309187,0.00042506408290257934,0.0003175654528598886,-1.4493111684508618e-06,0.0019477924610124251,27
3,-4,2,-6,3,-11,-0.0007440788469309187,0.00042506408290257934,0.0003365227809942758,1.7508016965936423e-05,0.023529787250573312,27
3,-3,2,-6,3,-9,-0.0008601000555226912,0.00042506408290257934,0.00041802181163868305,-1.70141609814288e-05,0.01978160665399461,27
3,-3,2,-6,3,-8,-0.0008601000555226912,0.00042506408290257934,0.00046296983139094185,2.7933858770830006e-05,0.03247745258411166,27
3,-2,2,-6,3,-7,-0.000926169843396888,0.00042506408290257934,0.0004995855633416565,-1.52019715265214e-06,0.0016413805345643238,27
3,-1,2,-6,3,-6,-0.000998084207166912,0.00042506408290257934,0.0005767572162567792,3.7370919924463973e-06,0.0037442652289371753,27
3,0,2,-6,3,-4,-0.001168345950483926,0.00042506408290257934,0.0007440788469309187,7.969793495720984e-07,0.0006821432891875831,27
3,1,2,-6,3,-3,-0.0012998983166993359,0.00042506408290257934,0.0008601000555226912,-1.4734178274065403e-05,0.011334869877728592,27
3,2,2,-6,3,-1,-0.0014462919592611418,0.00042506408290257934,0.000998084207166912,-2.3143669191650435e-05,0.016002072778910904,27
3,9,2,-6,3,7,-0.0029334778136359597,0.00042506408290257934,0.0025372392509810755,2.8825520247695302e-05,0.00982639790684727,27
3,-4,2,-5,3,-19,-0.0007440788469309187,0.0005139207856115777,0.00020520786639738244,-2.4950194921958603e-05,0.033531654642340626,27
3,-4,2,-5,3,-18,-0.0007440788469309187,0.0005139207856115777,0.00021802434284338444,-1.2133718475956573e-05,0.01630703322101439,27
3,-4,2,-5,3,-17,-0.0007440788469309187,0.0005139207856115777,0.00023210374783301,1.945686513668988e-06,0.00261489292659549,27
3,-4,2,-5,3,-16,-0.0007440788469309187,0.0005139207856115777,0.0002424451729378146,1.2287111618473619e-05,0.016513184952312413,27
3,-4,2,-5,3,-15,-0.0007440788469309187,0.0005139207856115777,0.00025471396317299346,2.455590185365241e-05,0.033001746998906706,27
3,-3,2,-5,3,-12,-0.0008601000555226912,0.0005139207856115777,0.0003175654528598886,-2.8613817051224887e-05,0.03326800977106784,27
3,-3,2,-5,3,-11,-0.0008601000555226912,0.0005139207856115777,0.0003365227809942758,-9.65648891683771e-06,0.011227169275055293,27
3,-3,2,-5,3,-10,-0.0008601000555226912,0.0005139207856115777,0.0003718710651421799,2.569179523106643e-05,0.02987070523493139,27
3,-2,2,-5,3,-9,-0.000926169843396888,0.0005139207856115777,0.00041802181163868305,5.772753853372763e-06,0.006232932214895046,27
3,-1,2,-5,3,-8,-0.000998084207166912,0.0005139207856115777,0.00046296983139094185,-2.119359016439248e-05,0.021234270627877215,27
3,-1,2,-5,3,-7,-0.000998084207166912,0.0005139207856115777,0.0004995855633416565,1.5422141786322228e-05,0.015451744126979404,27
3,0,2,-5,3,-5,-0.001168345950483926,0.0005139207856115777,0.0006723912615469056,1.7966096674557367e-05,0.015377377451529535,27
3,2,2,-5,3,-2,-0.0014462919592611418,0.0005139207856115777,0.000926169843396888,-6.201330252676067e-06,0.004287744402481573,27
3,3,2,-5,3,0,-0.0016875888535549334,0.0005139207856115777,0.001168345950483926,-5.322117459429648e-06,0.0031536813295599347,27
3,4,2,-5,3,2,-0.0019293062769633813,0.0005139207856115777,0.0014462919592611418,3.0906467909338044e-05,0.016019472013527616,27
3,5,2,-5,3,3,-0.002171276389406632,0.0005139207856115777,0.0016875888535549334,3.023324975987918e-05,0.013924182986276262,27
3,6,2,-5,3,4,-0.0024186606766848882,0.0005139207856115777,0.0019293062769633813,2.4566385890070937e-05,0.010157020423279298,27
3,8,2,-5,3,5,-0.002675512320323371,0.0005139207856115777,0.002171276389406632,9.68485469483903e-06,0.0036198131555112735,27
3,9,2,-5,3,6,-0.0029334778136359597,0.0005139207856115777,0.0024186606766848882,-8.963513394937526e-07,0.0003055592700674806,27
3,10,2,-5,3,8,-0.003196341902933452,0.0005139207856115777,0.002675512320323371,-6.908796998503566e-06,0.002161469957942546,27
3,11,2,-5,3,9,-0.003462185480912929,0.0005139207856115777,0.0029334778136359597,-1.4786881665391442e-05,0.004270967499260713,27
3,12,2,-5,3,10,-0.0037290325328913905,0.0005139207856115777,0.003196341902933452,-1.87698443463607e-05,0.005033435396662274,27
3,13,2,-5,3,11,-0.0039955884824074,0.0005139207856115777,0.003462185480912929,-1.9482215882893512e-05,0.004875931535160296,27
3,14,2,-5,3,12,-0.00426138436982716,0.0005139207856115777,0.0037290325328913905,-1.843105132419247e-05,0.004325132333683391,27
3,15,2,-5,3,13,-0.004526260671995234,0.0005139207856115777,0.0039955884824074,-1.6751403976255838e-05,0.003700936642889285,27
3,16,2,-5,3,14,-0.004790467128105982,0.0005139207856115777,0.00426138436982716,-1.5161972667244138e-05,0.003165030102865722,27
3,17,2,-5,3,15,-0.005054963890750095,0.0005139207856115777,0.004526260671995234,-1.4782433143283903e-05,0.002924340007716726,27
3,18,2,-5,3,16,-0.005320803084440166,0.0005139207856115777,0.004790467128105982,-1.641517072260585e-05,0.00308509269411029,27
3,19,2,-5,3,17,-0.005588836096595871,0.0005139207856115777,0.005054963890750095,-1.9951420234197957e-05,0.003569870343191896,27
3,20,2,-5,3,18,-0.005859085906608004,0.0005139207856115777,0.005320803084440166,-2.4362036556260618e-05,0.004157992721831333,27
3,-3,2,-4,3,-18,-0.0008601000555226912,0.0006184286779740842,0.00021802434284338444,-2.364703470522254e-05,0.027493353306263894,27
3,-3,2,-4,3,-17,-0.0008601000555226912,0.0006184286779740842,0.00023210374783301,-9.56762971559698e-06,0.01112385664221663,27
3,-3,2,-4,3,-16,-0.0008601000555226912,0.0006184286779740842,0.0002424451729378146,7.737953892075419e-07,0.000899657411063994,27
3,-3,2,-4,3,-15,-0.0008601000555226912,0.0006184286779740842,0.00025471396317299346,1.3042585624386442e-05,0.015164032998998397,27
3,-2,2,-4,3,-13,-0.000926169843396888,0.0006184286779740842,0.00029772968919625274,-1.0011476226551123e-05,0.010809546756383584,27
3,-2,2,-4,3,-12,-0.000926169843396888,0.0006184286779740842,0.0003175654528598886,9.824287437084733e-06,0.01060743610594409,27
3,-2,2,-4,3,-11,-0.000926169843396888,0.0006184286779740842,0.0003365227809942758,2.878161557147191e-05,0.031075958450461266,27
3,-1,2,-4,3,-10,-0.000998084207166912,0.0006184286779740842,0.0003718710651421799,-7.784464050647998e-06,0.007799406096950878,27
3,0,2,-4,3,-6,-0.001168345950483926,0.0006184286779740842,0.0005767572162567792,2.6839943746937442e-05,0.02297259962755073,27
3,1,2,-4,3,-5,-0.0012998983166993359,0.0006184286779740842,0.0006723912615469056,-9.078377178346102e-06,0.006983913327465224,27
3,4,2,-4,3,1,-0.0019293062769633813,0.0006184286779740842,0.0012998983166993359,-1.0979282289961092e-05,0.005690792810378381,27
3,7,2,-4,3,4,-0.0025372392509810755,0.0006184286779740842,0.0019293062769633813,1.049570395638983e-05,0.0041366630885642545,27
3,-3,2,-3,3,-20,-0.0008601000555226912,0.0006883901588102036,0.00019605922281280496,2.434932610031733e-05,0.028309876210297423,27
3,-2,2,-3,3,-18,-0.000926169843396888,0.0006883901588102036,0.00021802434284338444,-1.975534174329999e-05,0.021330150062804743,27
3,-2,2,-3,3,-17,-0.000926169843396888,0.0006883901588102036,0.00023210374783301,-5.675936753674429e-06,0.006128397284948244,27
3,-2,2,-3,3,-16,-0.000926169843396888,0.0006883901588102036,0.0002424451729378146,4.665488351130202e-06,0.005037400412454283,27
3,-2,2,-3,3,-15,-0.000926169843396888,0.0006883901588102036,0.00025471396317299346,1.6934278586308994e-05,0.018284204249405918,27
3,-1,2,-3,3,-13,-0.000998084207166912,0.0006883901588102036,0.00029772968919625274,-1.1964359160455658e-05,0.011987324390611091,27
3,-1,2,-3,3,-12,-0.000998084207166912,0.0006883901588102036,0.0003175654528598886,7.87140450318009e-06,0.007886513429085584,27
3,-1,2,-3,3,-11,-0.000998084207166912,0.0006883901588102036,0.0003365227809942758,2.6828732637567158e-05,0.026880229588765073,27
3,0,2,-3,3,-8,-0.001168345950483926,0.0006883901588102036,0.00046296983139094185,-1.6985960282780554e-05,0.014538468058835664,27
3,0,2,-3,3,-7,-0.001168345950483926,0.0006883901588102036,0.0004995855633416565,1.9629771667933936e-05,0.01680133496401758,27
3,2,2,-3,3,-4,-0.0014462919592611418,0.0006883901588102036,0.0007440788469309187,-1.3822953520019375e-05,0.009557512528162724,27
3,3,2,-3,3,-1,-0.0016875888535549334,0.0006883901588102036,0.000998084207166912,-1.1144875778177233e-06,0.0006604023103554145,27
3,10,2,-3,3,7,-0.003196341902933452,0.0006883901588102036,0.0025372392509810755,2.928750685782678e-05,0.009162820420102144,27
3,-1,2,-2,3,-20,-0.000998084207166912,0.0007709839009291044,0.00019605922281280496,-3.104108342500279e-05,0.031100665857757344,27
3,-1,2,-2,3,-19,-0.000998084207166912,0.0007709839009291044,0.00020520786639738244,-2.1892439840425285e-05,0.021934461724995673,27
3,-1,2,-2,3,-18,-0.000998084207166912,0.0007709839009291044,0.00021802434284338444,-9.075963394423363e-06,0.009093384435152741,27
3,-1,2,-2,3,-17,-0.000998084207166912,0.0007709839009291044,0.00023210374783301,5.003441595202197e-06,0.005013045551942552,27
3,-1,2,-2,3,-16,-0.000998084207166912,0.0007709839009291044,0.0002424451729378146,1.5344866700006937e-05,0.015374320713443346,27
3,-1,2,-2,3,-15,-0.000998084207166912,0.0007709839009291044,0.00025471396317299346,2.7613656935185837e-05,0.02766666052513537,27
3,0,2,-2,3,-10,-0.001168345950483926,0.0007709839009291044,0.0003718710651421799,-2.549098441264187e-05,0.021818010668914947,27
3,0,2,-2,3,-9,-0.001168345950483926,0.0007709839009291044,0.00041802181163868305,2.0659762083861423e-05,0.017682914957940495,27
3,1,2,-2,3,-7,-0.0012998983166993359,0.0007709839009291044,0.0004995855633416565,-2.9328852428575115e-05,0.022562420499971172,27
3,2,2,-2,3,-5,-0.0014462919592611418,0.0007709839009291044,0.0006723912615469056,-2.916796785131957e-06,0.0020167413408161677,27
3,3,2,-2,3,-2,-0.0016875888535549334,0.0007709839009291044,0.000926169843396888,9.564890771059011e-06,0.005667784988571365,27
3,4,2,-2,3,0,-0.0019293062769633813,0.0007709839009291044,0.001168345950483926,1.0023574449649153e-05,0.005195429346462135,27
3,8,2,-2,3,4,-0.002675512320323371,0.0007709839009291044,0.0019293062769633813,2.477785756911481e-05,0.00926097681587954,27
3,9,2,-2,3,5,-0.0029334778136359597,0.0007709839009291044,0.002171276389406632,8.782476699777022e-06,0.002993878685208599,27
3,10,2,-2,3,6,-0.003196341902933452,0.0007709839009291044,0.0024186606766848882,-6.697325319459692e-06,0.0020953094264769367,27
3,11,2,-2,3,8,-0.003462185480912929,0.0007709839009291044,0.002675512320323371,-1.5689259660453883e-05,0.0045316057579667425,27
3,12,2,-2,3,9,-0.0037290325328913905,0.0007709839009291044,0.0029334778136359597,-2.4570818326326207e-05,0.0065890597922122875,27
3,13,2,-2,3,10,-0.0039955884824074,0.0007709839009291044,0.003196341902933452,-2.826267854484383e-05,0.007073470821453353,27
3,14,2,-2,3,11,-0.00426138436982716,0.0007709839009291044,0.003462185480912929,-2.8214987985127234e-05,0.006621084965933646,27
3,15,2,-2,3,12,-0.004526260671995234,0.0007709839009291044,0.0037290325328913905,-2.6244238174738532e-05,0.005798216248815766,27
3,16,2,-2,3,13,-0.004790467128105982,0.0007709839009291044,0.0039955884824074,-2.389474476947786e-05,0.004987978026043815,27
3,17,2,-2,3,14,-0.005054963890750095,0.0007709839009291044,0.00426138436982716,-2.2595619993830834e-05,0.004469986429611848,27
3,18,2,-2,3,15,-0.005320803084440166,0.0007709839009291044,0.004526260671995234,-2.355851151582787e-05,0.004427623263247789,27
3,19,2,-2,3,16,-0.005588836096595871,0.0007709839009291044,0.004790467128105982,-2.7385067560784654e-05,0.004899958969536563,27
3,0,2,-1,3,-16,-0.001168345950483926,0.000894883579030094,0.0002424451729378146,-3.1017198516017364e-05,0.02654795739495662,27
3,0,2,-1,3,-15,-0.001168345950483926,0.000894883579030094,0.00025471396317299346,-1.8748408280838463e-05,0.01604696645978267,27
3,0,2,-1,3,-14,-0.001168345950483926,0.000894883579030094,0.0002744146363829793,9.52264929147224e-07,0.0008150539048411116,27
3,0,2,-1,3,-13,-0.001168345950483926,0.000894883579030094,0.00029772968919625274,2.4267317742420825e-05,0.020770661063505516,27
3,1,2,-1,3,-9,-0.0012998983166993359,0.000894883579030094,0.00041802181163868305,1.3007073969441242e-05,0.010006224181033196,27
3,2,2,-1,3,-6,-0.0014462919592611418,0.000894883579030094,0.0005767572162567792,2.5348836025731406e-05,0.017526776570535044,27
3,5,2,-1,3,1,-0.002171276389406632,0.000894883579030094,0.0012998983166993359,2.3505506322797545e-05,0.0108256629314802,27
3,11,2,-1,3,7,-0.003462185480912929,0.000894883579030094,0.0025372392509810755,-3.0062650901759545e-05,0.00868314279159661,27
3,1,2,0,3,-17,-0.0012998983166993359,0.0010448703139708233,0.00023210374783301,-2.2924254895502613e-05,0.01763542163337146,27
3,1,2,0,3,-16,-0.0012998983166993359,0.0010448703139708233,0.0002424451729378146,-1.2582829790697874e-05,0.009679856977311756,27
3,1,2,0,3,-15,-0.0012998983166993359,0.0010448703139708233,0.00025471396317299346,-3.1403955551897317e-07,0.0002415877853556833,27
3,1,2,0,3,-14,-0.0012998983166993359,0.0010448703139708233,0.0002744146363829793,1.9386633654466714e-05,0.0149139616579339,27
3,2,2,0,3,-10,-0.0014462919592611418,0.0010448703139708233,0.0003718710651421799,-2.9550580148138663e-05,0.02043196047583296,27
3,2,2,0,3,-9,-0.0014462919592611418,0.0010448703139708233,0.00041802181163868305,1.6600166348364632e-05,0.011477742265016156,27
3,3,2,0,3,-5,-0.0016875888535549334,0.0010448703139708233,0.0006723912615469056,2.9672721962795438e-05,0.01758290942742918,27
3,4,2,0,3,-3,-0.0019293062769633813,0.0010448703139708233,0.0008601000555226912,-2.4335907469866724e-05,0.012613812415605708,27
3,10,2,0,3,5,-0.003196341902933452,0.0010448703139708233,0.002171276389406632,1.9804800444003616e-05,0.006196083224334575,27
3,11,2,0,3,6,-0.003462185480912929,0.0010448703139708233,0.0024186606766848882,1.3455097427825247e-06,0.0003886301731089615,27
3,12,2,0,3,8,-0.0037290325328913905,0.0010448703139708233,0.002675512320323371,-8.649898597196549e-06,0.0023196093144539163,27
3,13,2,0,3,9,-0.0039955884824074,0.0010448703139708233,0.0029334778136359597,-1.72403548006168e-05,0.004314847456520156,27
3,14,2,0,3,10,-0.00426138436982716,0.0010448703139708233,0.003196341902933452,-2.0172152922885017e-05,0.00473370885426681,27
3,15,2,0,3,11,-0.004526260671995234,0.0010448703139708233,0.003462185480912929,-1.920487711148163e-05,0.004242989633872738,27
3,16,2,0,3,12,-0.004790467128105982,0.0010448703139708233,0.0037290325328913905,-1.656428124376802e-05,0.003457759087122069,27
3,17,2,0,3,13,-0.005054963890750095,0.0010448703139708233,0.0039955884824074,-1.4505094371872022e-05,0.00286947536824435,27
3,18,2,0,3,14,-0.005320803084440166,0.0010448703139708233,0.00426138436982716,-1.4548400642182269e-05,0.002734249024311148,27
3,19,2,0,3,15,-0.005588836096595871,0.0010448703139708233,0.004526260671995234,-1.770511062981414e-05,0.003167942362918502,27
3,20,2,0,3,16,-0.005859085906608004,0.0010448703139708233,0.004790467128105982,-2.374846453119875e-05,0.004053271262743343,27
3,2,2,1,3,-18,-0.0014462919592611418,0.0011992510625692902,0.00021802434284338444,-2.9016553848467286e-05,0.020062722234375687,27
3,2,2,1,3,-17,-0.0014462919592611418,0.0011992510625692902,0.00023210374783301,-1.4937148858841726e-05,0.01032789317757984,27
3,2,2,1,3,-16,-0.0014462919592611418,0.0011992510625692902,0.0002424451729378146,-4.595723754036987e-06,0.0031775906134365677,27
3,2,2,1,3,-15,-0.0014462919592611418,0.0011992510625692902,0.00025471396317299346,7.673066481141697e-06,0.005305337163778182,27
3,2,2,1,3,-14,-0.0014462919592611418,0.0011992510625692902,0.0002744146363829793,2.73737396911276e-05,0.018926842202117926,27
3,3,2,1,3,-8,-0.0016875888535549334,0.0011992510625692902,0.00046296983139094185,-2.5367959594701324e-05,0.015032073446837067,27
3,3,2,1,3,-7,-0.0016875888535549334,0.0011992510625692902,0.0004995855633416565,1.1247772356013383e-05,0.006664995642937418,27
3,4,2,1,3,-4,-0.0019293062769633813,0.0011992510625692902,0.0007440788469309187,1.4023632536827547e-05,0.007268743539724522,27
3,5,2,1,3,-1,-0.002171276389406632,0.0011992510625692902,0.000998084207166912,2.6058880329569902e-05,0.012001641272713002,27
3,8,2,1,3,2,-0.002675512320323371,0.0011992510625692902,0.0014462919592611418,-2.996929849293905e-05,0.01120133077515295,27
3,12,2,1,3,7,-0.0037290325328913905,0.0011992510625692902,0.0025372392509810755,7.457780658975174e-06,0.0019999237317440653,27
3,3,2,2,3,-14,-0.0016875888535549334,0.0013846263257445758,0.0002744146363829793,-2.854789142737839e-05,0.016916378279722453,27
3,3,2,2,3,-13,-0.0016875888535549334,0.0013846263257445758,0.00029772968919625274,-5.232838614105005e-06,0.0031007781327080618,27
3,3,2,2,3,-12,-0.0016875888535549334,0.0013846263257445758,0.0003175654528598886,1.460292504953096e-05,0.008653129593010562,27
3,7,2,2,3,0,-0.0025372392509810755,0.0013846263257445758,0.001168345950483926,1.573302524742609e-05,0.006200844181857346,27
3,8,2,2,3,1,-0.002675512320323371,0.0013846263257445758,0.0012998983166993359,9.012322120540827e-06,0.003368447251048939,27
3,4,2,3,3,-13,-0.0019293062769633813,0.0016105693803172012,0.00029772968919625274,-2.1007207449927215e-05,0.010888477221455667,27
3,4,2,3,3,-12,-0.0019293062769633813,0.0016105693803172012,0.0003175654528598886,-1.1714437862914671e-06,0.0006071839397813255,27
3,4,2,3,3,-11,-0.0019293062769633813,0.0016105693803172012,0.0003365227809942758,1.77858843480956e-05,0.00921879774117025,27
3,5,2,3,3,-6,-0.002171276389406632,0.0016105693803172012,0.0005767572162567792,1.605020716734804e-05,0.007392060838341382,27
3,7,2,3,3,-2,-0.0025372392509810755,0.0016105693803172012,0.000926169843396888,-5.000272669860445e-07,0.00019707533169869524,27
3,9,2,3,3,1,-0.0029334778136359597,0.0016105693803172012,0.0012998983166993359,-2.301011661942241e-05,0.007843971586375165,27
3,14,2,3,3,8,-0.00426138436982716,0.0016105693803172012,0.002675512320323371,2.4697330813411994e-05,0.005795612099270385,27
3,15,2,3,3,9,-0.004526260671995234,0.0016105693803172012,0.0029334778136359597,1.778652195792707e-05,0.00392962828410997,27
3,16,2,3,3,10,-0.004790467128105982,0.0016105693803172012,0.003196341902933452,1.6444155144671423e-05,0.003432683015022167,27
3,17,2,3,3,11,-0.005054963890750095,0.0016105693803172012,0.003462185480912929,1.7790970480035043e-05,0.0035195049587970605,27
3,18,2,3,3,12,-0.005320803084440166,0.0016105693803172012,0.0037290325328913905,1.879882876842584e-05,0.003533081091348785,27
3,19,2,3,3,13,-0.005588836096595871,0.0016105693803172012,0.0039955884824074,1.7321766128730598e-05,0.0030993512476204465,27
3,20,2,3,3,14,-0.005859085906608004,0.0016105693803172012,0.00426138436982716,1.2867843536357691e-05,0.0021962203219865846,27
3,5,2,4,3,-13,-0.002171276389406632,0.0018458787080848657,0.00029772968919625274,-2.766799212551357e-05,0.012742731538233461,27
3,5,2,4,3,-12,-0.002171276389406632,0.0018458787080848657,0.0003175654528598886,-7.832228461877606e-06,0.003607200124355427,27
3,5,2,4,3,-11,-0.002171276389406632,0.0018458787080848657,0.0003365227809942758,1.1125099672509246e-05,0.005123760257693182,27
3,6,2,4,3,-6,-0.0024186606766848882,0.0018458787080848657,0.0005767572162567792,3.975247656756893e-06,0.0016435739395265336,27
3,7,2,4,3,-5,-0.0025372392509810755,0.0018458787080848657,0.0006723912615469056,-1.8969281349304288e-05,0.007476347113095238,27
3,8,2,4,3,-3,-0.002675512320323371,0.0018458787080848657,0.0008601000555226912,3.0466443284186094e-05,0.011387143708052081,27
3,13,2,4,3,5,-0.0039955884824074,0.0018458787080848657,0.002171276389406632,2.156661508409801e-05,0.005397606680231447,27
3,14,2,4,3,6,-0.00426138436982716,0.0018458787080848657,0.0024186606766848882,3.1550149425935148e-06,0.0007403732376109224,27
3,15,2,4,3,8,-0.004526260671995234,0.0018458787080848657,0.002675512320323371,-4.869643586997291e-06,0.0010758645910799232,27
3,16,2,4,3,9,-0.004790467128105982,0.0018458787080848657,0.0029334778136359597,-1.1110606385156437e-05,0.0023193158596099715,27
3,17,2,4,3,10,-0.005054963890750095,0.0018458787080848657,0.003196341902933452,-1.2743279731777628e-05,0.002520943770754944,27
3,18,2,4,3,11,-0.005320803084440166,0.0018458787080848657,0.003462185480912929,-1.2738895442371279e-05,0.002394167805161618,27
3,19,2,4,3,12,-0.005588836096595871,0.0018458787080848657,0.0037290325328913905,-1.392485561961445e-05,0.0024915483973659567,27
3,20,2,4,3,13,-0.005859085906608004,0.0018458787080848657,0.0039955884824074,-1.7618716115738384e-05,0.0030070759153518496,27
3,6,2,5,3,-11,-0.0024186606766848882,0.0020671941991908453,0.0003365227809942758,-1.494369649976705e-05,0.006178500623845041,27
3,6,2,5,3,-10,-0.0024186606766848882,0.0020671941991908453,0.0003718710651421799,2.040458764813709e-05,0.008436316778467835,27
3,7,2,5,3,-8,-0.0025372392509810755,0.0020671941991908453,0.00046296983139094185,-7.07522039928828e-06,0.0027885507433138205,27
3,7,2,5,3,-7,-0.0025372392509810755,0.0020671941991908453,0.0004995855633416565,2.9540511551426427e-05,0.011642777298200783,27
3,9,2,5,3,-3,-0.0029334778136359597,0.0020671941991908453,0.0008601000555226912,-6.183558922423418e-06,0.002107927625591645,27
3,12,2,5,3,3,-0.0037290325328913905,0.0020671941991908453,0.0016875888535549334,2.5750519854388e-05,0.006905415715003631,27
3,13,2,5,3,4,-0.0039955884824074,0.0020671941991908453,0.0019293062769633813,9.119937468262881e-07,0.00022825016911571402,27
3,14,2,5,3,5,-0.00426138436982716,0.0020671941991908453,0.002171276389406632,-2.291378122968278e-05,0.005377074499996853,27
3,6,2,6,3,-14,-0.0024186606766848882,0.002122306963237751,0.0002744146363829793,-2.1939077064157906e-05,0.00907075443680197,27
3,6,2,6,3,-13,-0.0024186606766848882,0.002122306963237751,0.00029772968919625274,1.375975749115261e-06,0.0005688998718915907,27
3,6,2,6,3,-12,-0.0024186606766848882,0.002122306963237751,0.0003175654528598886,2.1211739412751226e-05,0.008770035258449264,27
3,7,2,6,3,-9,-0.0025372392509810755,0.002122306963237751,0.00041802181163868305,3.089523895358475e-06,0.001217671488474667,27
3,8,2,6,3,-6,-0.002675512320323371,0.002122306963237751,0.0005767572162567792,2.3551859171159258e-05,0.008802747418600078,27
3,15,2,6,3,6,-0.004526260671995234,0.002122306963237751,0.0024186606766848882,1.4706967927405508e-05,0.0032492534109668254,27
3,16,2,6,3,8,-0.004790467128105982,0.002122306963237751,0.002675512320323371,7.352155455139613e-06,0.0015347470838499315,27
3,17,2,6,3,9,-0.005054963890750095,0.002122306963237751,0.0029334778136359597,8.208861236149237e-07,0.00016239208456405297,27
3,18,2,6,3,10,-0.005320803084440166,0.002122306963237751,0.003196341902933452,-2.154218268962671e-06,0.0004048671290359037,27
3,19,2,6,3,11,-0.005588836096595871,0.002122306963237751,0.003462185480912929,-4.343652445191158e-06,0.0007772016158850771,27
3,20,2,6,3,12,-0.005859085906608004,0.002122306963237751,0.0037290325328913905,-7.746410478862154e-06,0.0013221192865811345,27
3,7,2,7,3,-20,-0.0025372392509810755,0.002333641093116966,0.00019605922281280496,-7.53893505130469e-06,0.002971314214215158,27
3,7,2,7,3,-19,-0.0025372392509810755,0.002333641093116966,0.00020520786639738244,1.6097085332729237e-06,0.0006344330881096439,27
3,7,2,7,3,-18,-0.0025372392509810755,0.002333641093116966,0.00021802434284338444,1.4426184979275062e-05,0.005685780311689913,27
3,7,2,7,3,-17,-0.0025372392509810755,0.002333641093116966,0.00023210374783301,2.8505589968900406e-05,0.01123488451389759,27
3,8,2,7,3,-12,-0.002675512320323371,0.002333641093116966,0.0003175654528598886,-2.4305774346516235e-05,0.009084530899703935,27
3,8,2,7,3,-11,-0.002675512320323371,0.002333641093116966,0.0003365227809942758,-5.34844621212895e-06,0.0019990362860607272,27
3,8,2,7,3,-10,-0.002675512320323371,0.002333641093116966,0.0003718710651421799,2.999983793577519e-05,0.011212745203187597,27
3,9,2,7,3,-6,-0.0029334778136359597,0.002333641093116966,0.0005767572162567792,-2.3079504262214518e-05,0.007867625299544417,27
3,10,2,7,3,-3,-0.003196341902933452,0.002333641093116966,0.0008601000555226912,-2.600754293795131e-06,0.0008136658632821104,27
3,13,2,7,3,3,-0.0039955884824074,0.002333641093116966,0.0016875888535549334,2.56414642644991e-05,0.006417443732606253,27
3,14,2,7,3,4,-0.00426138436982716,0.002333641093116966,0.0019293062769633813,1.5630002531867929e-06,0.00036678227485266424,27
3,15,2,7,3,5,-0.004526260671995234,0.002333641093116966,0.002171276389406632,-2.1343189471635486e-05,0.004715413233641079,27
3,9,2,8,3,-11,-0.0029334778136359597,0.0025823680571360795,0.0003365227809942758,-1.4586975505604272e-05,0.004972587635671989,27
3,9,2,8,3,-10,-0.0029334778136359597,0.0025823680571360795,0.0003718710651421799,2.076130864229987e-05,0.007077370261944076,27
3,11,2,8,3,-3,-0.003462185480912929,0.0025823680571360795,0.0008601000555226912,-1.9717368254157895e-05,0.005695064104121512,27
3,12,2,8,3,0,-0.0037290325328913905,0.0025823680571360795,0.001168345950483926,2.1681474728615317e-05,0.005814235874151543,27
3,14,2,8,3,3,-0.00426138436982716,0.0025823680571360795,0.0016875888535549334,8.57254086385293e-06,0.0020116798016510838,27
3,15,2,8,3,4,-0.004526260671995234,0.0025823680571360795,0.0019293062769633813,-1.4586337895772586e-05,0.0032226022654905425,27
3,10,2,9,3,-11,-0.003196341902933452,0.002837466283292238,0.0003365227809942758,-2.2352838646938142e-05,0.006993256455582477,27
3,10,2,9,3,-10,-0.003196341902933452,0.002837466283292238,0.0003718710651421799,1.2995445500965999e-05,0.004065724473667661,27
3,13,2,9,3,0,-0.0039955884824074,0.002837466283292238,0.001168345950483926,1.0223751368764258e-05,0.0025587598457097113,27
3,14,2,9,3,2,-0.00426138436982716,0.002837466283292238,0.0014462919592611418,2.2373872726219428e-05,0.0052503765876268284,27
3,15,2,9,3,3,-0.004526260671995234,0.002837466283292238,0.0016875888535549334,-1.2055351480619314e-06,0.0002663424039010365,27
3,16,2,9,3,4,-0.004790467128105982,0.002837466283292238,0.0019293062769633813,-2.3694567850362537e-05,0.004946191512586522,27
3,11,2,10,3,-11,-0.003462185480912929,0.0030974669448516055,0.0003365227809942758,-2.819575506704747e-05,0.00814391811833624,27
3,11,2,10,3,-10,-0.003462185480912929,0.0030974669448516055,0.0003718710651421799,7.15252908085667e-06,0.002065900027681547,27
3,13,2,10,3,-2,-0.0039955884824074,0.0030974669448516055,0.000926169843396888,2.8048305841093038e-05,0.0070198184734463764,27
3,14,2,10,3,0,-0.00426138436982716,0.0030974669448516055,0.001168345950483926,4.428525508371091e-06,0.0010392222630109073,27
3,15,2,10,3,2,-0.004526260671995234,0.0030974669448516055,0.0014462919592611418,1.7498232117513918e-05,0.003865935567029654,27
3,16,2,10,3,3,-0.004790467128105982,0.0030974669448516055,0.0016875888535549334,-5.4113296994433985e-06,0.0011296037640452171,27
3,17,2,10,3,4,-0.005054963890750095,0.0030974669448516055,0.0019293062769633813,-2.819066893510868e-05,0.005576828943663439,27
3,12,2,11,3,-11,-0.0037290325328913905,0.0033613668070111803,0.0003365227809942758,-3.1142944885934314e-05,0.008351481144571007,27
3,12,2,11,3,-10,-0.0037290325328913905,0.0033613668070111803,0.0003718710651421799,4.205339261969827e-06,0.0011277293037476187,27
3,14,2,11,3,-2,-0.00426138436982716,0.0033613668070111803,0.000926169843396888,2.6152280580908106e-05,0.00613703865018138,27
3,15,2,11,3,0,-0.004526260671995234,0.0033613668070111803,0.001168345950483926,3.452085499872949e-06,0.0007626793395333163,27
3,16,2,11,3,2,-0.004790467128105982,0.0033613668070111803,0.0014462919592611418,1.719163816633982e-05,0.0035887185334130276,27
3,17,2,11,3,3,-0.005054963890750095,0.0033613668070111803,0.0016875888535549334,-6.008230183981306e-06,0.0011885802379272303,27
3,18,2,11,3,4,-0.005320803084440166,0.0033613668070111803,0.0019293062769633813,-3.0130000465603858e-05,0.005662679108293672,27
3,13,2,12,3,-10,-0.0039955884824074,0.003627023623815877,0.0003718710651421799,3.306206550656582e-06,0.00082746423091713,27
3,15,2,12,3,-2,-0.004526260671995234,0.003627023623815877,0.000926169843396888,2.6932795217531925e-05,0.005950341168852655,27
3,16,2,12,3,0,-0.004790467128105982,0.003627023623815877,0.001168345950483926,4.902446193820811e-06,0.0010233753959103156,27
3,17,2,12,3,2,-0.005054963890750095,0.003627023623815877,0.0014462919592611418,1.8351692326923873e-05,0.003630429954307884,27
3,18,2,12,3,3,-0.005320803084440166,0.003627023623815877,0.0016875888535549334,-6.19060706935539e-06,0.0011634723125647755,27
3,14,2,13,3,-10,-0.00426138436982716,0.0038929098475402085,0.0003718710651421799,3.3965428552279117e-06,0.0007970515120103268,27
3,16,2,13,3,-2,-0.004790467128105982,0.0038929098475402085,0.000926169843396888,2.861256283111409e-05,0.005972812685268692,27
3,17,2,13,3,0,-0.005054963890750095,0.0038929098475402085,0.001168345950483926,6.291907274039166e-06,0.0012446987575029983,27
3,18,2,13,3,2,-0.005320803084440166,0.0038929098475402085,0.0014462919592611418,1.8398722361184956e-05,0.0034578844714229446,27
3,19,2,13,3,3,-0.005588836096595871,0.0038929098475402085,0.0016875888535549334,-8.337395500729143e-06,0.0014917945984866876,27
3,15,2,14,3,-10,-0.004526260671995234,0.004158149117255109,0.0003718710651421799,3.75951040205557e-06,0.0008305996217399317,27
3,17,2,14,3,-2,-0.005054963890750095,0.004158149117255109,0.000926169843396888,2.935506990190198e-05,0.00580717697224659,27
3,18,2,14,3,0,-0.005320803084440166,0.004158149117255109,0.001168345950483926,5.691983298869788e-06,0.0010697601862987712,27
3,19,2,14,3,2,-0.005588836096595871,0.004158149117255109,0.0014462919592611418,1.5604979920379874e-05,0.0027921698991825476,27
3,20,2,14,3,3,-0.005859085906608004,0.004158149117255109,0.0016875888535549334,-1.3347935797961182e-05,0.0022781601107618324,27
3,16,2,15,3,-10,-0.004790467128105982,0.004422542790612594,0.0003718710651421799,3.946727648792246e-06,0.0008238711472700728,27
3,18,2,15,3,-2,-0.005320803084440166,0.004422542790612594,0.000926169843396888,2.790954956931671e-05,0.005245364116355613,27
3,19,2,15,3,0,-0.005588836096595871,0.004422542790612594,0.001168345950483926,2.0526445006496807e-06,0.00036727584512631086,27
3,20,2,15,3,2,-0.005859085906608004,0.004422542790612594,0.0014462919592611418,9.748843265731943e-06,0.0016638846777680776,27
3,17,2,16,3,-10,-0.005054963890750095,0.004686172344532099,0.0003718710651421799,3.079518924183587e-06,0.0006092069084447256,27
3,19,2,16,3,-2,-0.005588836096595871,0.004686172344532099,0.000926169843396888,2.3506091333115944e-05,0.004205901001003299,27
3,20,2,16,3,0,-0.005859085906608004,0.004686172344532099,0.001168345950483926,-4.5676115919789095e-06,0.0007795775082982583,27
3,18,2,17,3,-10,-0.005320803084440166,0.004949603322414242,0.0003718710651421799,6.713031162567523e-07,0.0001261657508468732,27
3,20,2,17,3,-2,-0.005859085906608004,0.004949603322414242,0.000926169843396888,1.668725920312645e-05,0.0028480994252544065,27
3,19,2,18,3,-10,-0.005588836096595871,0.00521391637956139,0.0003718710651421799,-3.0486518923008438e-06,0.0005454895866704269,27
3,20,2,18,3,-5,-0.005859085906608004,0.00521391637956139,0.0006723912615469056,2.7221734500291334e-05,0.004646071918759558,27
3,20,2,19,3,-10,-0.005859085906608004,0.0054802146612408995,0.0003718710651421799,-7.000180224924456e-06,0.001194756372667194,27
