=== dsct_M2.2_T7888  (M=2.2, log g=3.830, MW23 Teff=7888) ===
    host=compute-1-23.local.tier3-atlas.uta.edu  cores=16  started Tue Aug 11 04:47:47 AM CDT 2026
    workdir=/net/nas-1-16/users/home2/txr7972/Stellar
    MESA_DIR=/net/nas-1-16/users/home2/txr7972/soft/mesa-26.04.1
    GYRE_DIR=/net/nas-1-16/users/home2/txr7972/soft/gyre-9.1.1

--- [dsct_M2.2_T7888] MESA already run; skipping (--force-all to redo)

--- [dsct_M2.2_T7888] selecting profile at log g = 3.830
matching on log g = 3.830   (32 profiles)

         profile   model     Teff   R/Rsun    logL    logg   nu_dyn     X_c
---------------------------------------------------------------------------
  profile32.data     702   7912.1    2.987   1.498   3.830    2.480  0.2430
  profile31.data     701   7914.6    2.985   1.498   3.831    2.483  0.2435
  profile30.data     700   7917.0    2.983   1.498   3.831    2.485  0.2440
  profile29.data     699   7919.5    2.981   1.498   3.832    2.488  0.2445
  profile28.data     698   7921.9    2.979   1.498   3.832    2.491  0.2450
  profile27.data     697   7924.3    2.977   1.498   3.833    2.493  0.2455
  profile26.data     696   7926.8    2.974   1.498   3.834    2.496  0.2460
  profile25.data     695   7929.2    2.972   1.498   3.834    2.499  0.2465

selected: LOGS/profile32.data
GYRE input: LOGS/profile32.data.GYRE

  R_Rsun             2.987   expect     2.987 +/- 0.020   OK
  logg               3.830   expect     3.830 +/- 0.005   OK
  dyn_freq_cpd       2.480   expect     2.480 +/- 0.040   OK

  Teff 7912.1 K, +24.1 K vs MW23
  detuning cut 0.15*nu_dyn = 0.372 c/d
    -> profile32.data.GYRE

--- [dsct_M2.2_T7888] generating GYRE inlists
    backed up gyre_ad.in -> gyre_ad.in.handwritten
    backed up gyre_ad_wide_hi.in -> gyre_ad_wide_hi.in.handwritten
    backed up gyre_ad_wide.in -> gyre_ad_wide.in.handwritten
    backed up gyre_nad.in -> gyre_nad.in.handwritten
    backed up gyre_nad_wide_hi.in -> gyre_nad_wide_hi.in.handwritten
    backed up gyre_nad_wide.in -> gyre_nad_wide.in.handwritten

dsct_M2.2_T7888:  nu_dyn=2.4799  Dnu=3.214  nu_ac=75.5  K=15.838 c/d
  core scan 0.69-21.6-77.0 c/d;  daughter band 1.47-4.50 c/d  (scaled)
  wrote models/dsct_M2.2_T7888/gyre/gyre_ad.in
  wrote models/dsct_M2.2_T7888/gyre/gyre_nad.in
  gnet pass 1 (l 2-15): 886 modes;  pass 2 (l 16-25): 1520 modes
  wrote models/dsct_M2.2_T7888/gyre/gyre_ad_wide.in
  wrote models/dsct_M2.2_T7888/gyre/gyre_nad_wide.in
  wrote models/dsct_M2.2_T7888/gyre/gyre_ad_wide_hi.in
  wrote models/dsct_M2.2_T7888/gyre/gyre_nad_wide_hi.in

--- [dsct_M2.2_T7888] GYRE narrow net (l <= 3, |n_pg| <= 20)
    gyre_ad.in: summary_ad.h5 exists, skipping
    gyre_nad.in: summary_nad.h5 exists, skipping
=== adiabatic (summary_ad.h5, windows from gyre_ad.in) ===
142 modes total, 4 l values requested

  l  count     n_pg range       freq range (c/d)   gaps
--------------------------------------------------------
  0     20      1 ..   20      8.787 ..   65.160      0
  1     40    -20 ..   20      1.073 ..   66.577      0
  2     41    -20 ..   20      1.850 ..   68.136      0
  3     41    -20 ..   20      2.602 ..   69.446      0

142 detail files, 7114 grid points in detail.l2.n+19.h5
dlnrho/dlnr from (As, V_2, Gamma_1) vs numerical
  median rel err 3.63e-07, 95th pct 7.94e-03

=== nonadiabatic (summary_nad.h5) ===

24 driven modes (gamma < 0) of 139
  driven n_pg range 0 .. 8,  freq 14.29 .. 28.21 c/d
  mostly p-modes, as expected for the kappa mechanism
  damping rates (dimensionless): 2.354e-09 .. 1.541e-01
  gamma covers 139 of 142 adiabatic modes (0 duplicate n_pg labels in the nad summary, harmless)
    no gamma: l =  1  n_pg =    19  63.3804 c/d
    no gamma: l =  2  n_pg =    17  58.6193 c/d
    no gamma: l =  3  n_pg =    19  66.2211 c/d
  pass require_gamma=True to build_mode_list to drop these

OK

--- [dsct_M2.2_T7888] stages 3-5: triplets, kappa, observables
loading models/dsct_M2.2_T7888 ...
  142 modes, sqrt(GM/R^3) = 1.803428e-04 rad/s, detuning cut = 2.705142e-05 rad/s
stage 3: enumerating triplets ...
  5161 radial triplets, 71545 with m  [3.6s]
  -> out/triplets_dsct_M2.2_T7888.csv
stages 4-5: kappa, mu, thresholds ...
  71545 rows  [206.6s]
  -> out/observables_dsct_M2.2_T7888.csv
  -> out/kappa_dsct_M2.2_T7888.csv
done in 211.9s

--- [dsct_M2.2_T7888] GYRE wide net pass 1 (l <= 15)
gyre [9.1.1]
------------

OpenMP Threads   : 16
Input filename   : gyre_ad_wide.in

Model Init
----------

Reading from MESA file
   File name ../mesa/LOGS/profile32.data.GYRE
   File version 1.01
   Read 7114 points
   No need to add central point

Mode Search
-----------

Mode parameters
   l : 0
   m : 0

Building frequency grid (REAL axis)
   added scan interval :  0.2782E+00 ->  0.8710E+01 (1000 points, INVERSE)
   added scan interval :  0.8710E+01 ->  0.3105E+02 (1000 points, LINEAR)

Building spatial grid
   Scaffold grid from model
   Split 0 subinterval(s) in iteration 1
   Final grid has 1 segment(s) and 7114 point(s):
      Segment 1 : x range 0.0000 -> 1.0012 (1 -> 7114)

Starting search (adiabatic)

Scanning frequencies
  Time elapsed :     0.521 s

Finding roots
  Time elapsed :      0.031 s

Processing modes
   id    l     m    n_pg    n_p    n_g       Re(omega)       Im(omega)        chi n_iter
    1    0     0       1      1      0  0.35434099E+01  0.00000000E+00 0.1192E-13      6
    2    0     0       2      2      0  0.45678980E+01  0.00000000E+00 0.6560E-14      7
    3    0     0       3      3      0  0.56862970E+01  0.00000000E+00 0.6907E-14      7
    4    0     0       4      4      0  0.68305797E+01  0.00000000E+00 0.1509E-14      6
    5    0     0       5      5      0  0.79719527E+01  0.00000000E+00 0.1825E-14      6
    6    0     0       6      6      0  0.90789108E+01  0.00000000E+00 0.1240E-12      5
    7    0     0       7      7      0  0.10190876E+02  0.00000000E+00 0.3291E-12      5
    8    0     0       8      8      0  0.11341655E+02  0.00000000E+00 0.1252E-12      5
    9    0     0       9      9      0  0.12527478E+02  0.00000000E+00 0.9783E-13      5
   10    0     0      10     10      0  0.13741845E+02  0.00000000E+00 0.9260E-14      5
   11    0     0      11     11      0  0.14981131E+02  0.00000000E+00 0.1165E-13      5
   12    0     0      12     12      0  0.16237087E+02  0.00000000E+00 0.1412E-12      5
   13    0     0      13     13      0  0.17496917E+02  0.00000000E+00 0.1385E-13      5
   14    0     0      14     14      0  0.18752139E+02  0.00000000E+00 0.3171E-13      5
   15    0     0      15     15      0  0.19999903E+02  0.00000000E+00 0.1629E-12      5
   16    0     0      16     16      0  0.21241266E+02  0.00000000E+00 0.4530E-12      5
   17    0     0      17     17      0  0.22481883E+02  0.00000000E+00 0.1189E-12      5
   18    0     0      18     18      0  0.23731205E+02  0.00000000E+00 0.4406E-12      5
   19    0     0      19     19      0  0.24995414E+02  0.00000000E+00 0.2167E-13      5
   20    0     0      20     20      0  0.26275406E+02  0.00000000E+00 0.2794E-12      5
  Time elapsed :      0.709 s

Mode Search
-----------

Mode parameters
   l : 1
   m : 0

Building frequency grid (REAL axis)
   added scan interval :  0.2782E+00 ->  0.8710E+01 (1000 points, INVERSE)
   added scan interval :  0.8710E+01 ->  0.3105E+02 (1000 points, LINEAR)

Building spatial grid
   Scaffold grid from model
   Split 0 subinterval(s) in iteration 1
   Final grid has 1 segment(s) and 7114 point(s):
      Segment 1 : x range 0.0000 -> 1.0012 (1 -> 7114)

Starting search (adiabatic)

Scanning frequencies
  Time elapsed :     1.178 s

Finding roots
  Time elapsed :      0.130 s

Processing modes
   id    l     m    n_pg    n_p    n_g       Re(omega)       Im(omega)        chi n_iter
   35    1     0     -20      0     20  0.43253639E+00  0.00000000E+00 0.1145E-12      6
   36    1     0     -19      0     19  0.44725891E+00  0.00000000E+00 0.2493E-13      5
   37    1     0     -18      0     18  0.47460269E+00  0.00000000E+00 0.2058E-13      5
   38    1     0     -17      0     17  0.50712338E+00  0.00000000E+00 0.3393E-13      6
   39    1     0     -16      0     16  0.52801770E+00  0.00000000E+00 0.6218E-13      6
   40    1     0     -15      0     15  0.56077394E+00  0.00000000E+00 0.6112E-13      5
   41    1     0     -14      0     14  0.60901214E+00  0.00000000E+00 0.1248E-12      6
   42    1     0     -13      0     13  0.64938808E+00  0.00000000E+00 0.1261E-12      5
   43    1     0     -12      0     12  0.68811771E+00  0.00000000E+00 0.8833E-13      6
   44    1     0     -11      0     11  0.76228035E+00  0.00000000E+00 0.1413E-12      5
   45    1     0     -10      0     10  0.84169075E+00  0.00000000E+00 0.1236E-13      6
   46    1     0      -9      0      9  0.89965039E+00  0.00000000E+00 0.7150E-13      6
   47    1     0      -8      0      8  0.10254994E+01  0.00000000E+00 0.4244E-13      5
   48    1     0      -7      0      7  0.11957796E+01  0.00000000E+00 0.6830E-13      6
   49    1     0      -6      0      6  0.13134100E+01  0.00000000E+00 0.5594E-13      6
   50    1     0      -5      0      5  0.15480974E+01  0.00000000E+00 0.3901E-13      6
   51    1     0      -4      0      4  0.19787133E+01  0.00000000E+00 0.2120E-14      6
   52    1     0      -3      0      3  0.24594929E+01  0.00000000E+00 0.3462E-14      7
   53    1     0      -2      0      2  0.30598024E+01  0.00000000E+00 0.6094E-14      7
   54    1     0      -1      0      1  0.36435778E+01  0.00000000E+00 0.2388E-13      6
   55    1     0       1      1      1  0.46931396E+01  0.00000000E+00 0.1128E-13      6
   56    1     0       2      2      1  0.57945701E+01  0.00000000E+00 0.1041E-13      7
   57    1     0       3      3      1  0.64412585E+01  0.00000000E+00 0.2060E-13      7
   58    1     0       4      4      1  0.71865472E+01  0.00000000E+00 0.1074E-13      6
   59    1     0       5      4      0  0.83354795E+01  0.00000000E+00 0.1071E-13      6
   60    1     0       6      5      0  0.94811119E+01  0.00000000E+00 0.1771E-12      5
   61    1     0       7      6      0  0.10636750E+02  0.00000000E+00 0.5977E-13      5
   62    1     0       8      7      0  0.11824581E+02  0.00000000E+00 0.1104E-12      5
   63    1     0       9      8      0  0.13036678E+02  0.00000000E+00 0.1668E-12      5
   64    1     0      10      9      0  0.14270582E+02  0.00000000E+00 0.1817E-13      5
   65    1     0      11     10      0  0.15523756E+02  0.00000000E+00 0.8844E-13      5
   66    1     0      12     11      0  0.16785077E+02  0.00000000E+00 0.1114E-12      5
   67    1     0      13     12      0  0.18044735E+02  0.00000000E+00 0.2113E-12      5
   68    1     0      14     13      0  0.19297009E+02  0.00000000E+00 0.1494E-12      5
   69    1     0      15     14      0  0.20541885E+02  0.00000000E+00 0.3850E-13      5
   70    1     0      16     15      0  0.21782614E+02  0.00000000E+00 0.5470E-13      5
   71    1     0      17     16      0  0.23026723E+02  0.00000000E+00 0.1105E-12      5
   72    1     0      18     17      0  0.24283618E+02  0.00000000E+00 0.4089E-12      5
   73    1     0      19     18      0  0.25557715E+02  0.00000000E+00 0.6696E-14      5
   74    1     0      20     19      0  0.26846926E+02  0.00000000E+00 0.4696E-13      5
  Time elapsed :      1.452 s

Mode Search
-----------

Mode parameters
   l : 2
   m : 0

Building frequency grid (REAL axis)
   added scan interval :  0.2782E+00 ->  0.8710E+01 (1000 points, INVERSE)
   added scan interval :  0.8710E+01 ->  0.3105E+02 (1000 points, LINEAR)

Building spatial grid
   Scaffold grid from model
   Split 0 subinterval(s) in iteration 1
   Final grid has 1 segment(s) and 7114 point(s):
      Segment 1 : x range 0.0000 -> 1.0012 (1 -> 7114)

Starting search (adiabatic)

Scanning frequencies
  Time elapsed :     1.192 s

Finding roots
  Time elapsed :      0.187 s

Processing modes
   id    l     m    n_pg    n_p    n_g       Re(omega)       Im(omega)        chi n_iter
  113    2     0     -20      0     20  0.74616532E+00  0.00000000E+00 0.5464E-13      6
  114    2     0     -19      0     19  0.77122008E+00  0.00000000E+00 0.9436E-13      6
  115    2     0     -18      0     18  0.81702775E+00  0.00000000E+00 0.1219E-13      6
  116    2     0     -17      0     17  0.87303942E+00  0.00000000E+00 0.3826E-13      6
  117    2     0     -16      0     16  0.91016198E+00  0.00000000E+00 0.1563E-12      6
  118    2     0     -15      0     15  0.96351517E+00  0.00000000E+00 0.1679E-13      6
  119    2     0     -14      0     14  0.10453613E+01  0.00000000E+00 0.3354E-13      6
  120    2     0     -13      0     13  0.11177834E+01  0.00000000E+00 0.1180E-13      6
  121    2     0     -12      0     12  0.11798889E+01  0.00000000E+00 0.5721E-13      6
  122    2     0     -11      0     11  0.13035432E+01  0.00000000E+00 0.7838E-13      6
  123    2     0     -10      0     10  0.14428739E+01  0.00000000E+00 0.1645E-13      6
  124    2     0      -9      0      9  0.15383625E+01  0.00000000E+00 0.1807E-13      6
  125    2     0      -8      0      8  0.17410938E+01  0.00000000E+00 0.1181E-13      5
  126    2     0      -7      0      7  0.20266143E+01  0.00000000E+00 0.1465E-13      6
  127    2     0      -6      0      6  0.22317628E+01  0.00000000E+00 0.1502E-13      6
  128    2     0      -5      0      5  0.25695947E+01  0.00000000E+00 0.2416E-13      6
  129    2     0      -4      0      4  0.31384650E+01  0.00000000E+00 0.5595E-14      7
  130    2     0      -3      0      3  0.36288860E+01  0.00000000E+00 0.2142E-13      7
  131    2     0      -2      1      3  0.40779476E+01  0.00000000E+00 0.1640E-13      7
  132    2     0      -1      1      2  0.44634969E+01  0.00000000E+00 0.1178E-13      7
  133    2     0       0      2      2  0.51140034E+01  0.00000000E+00 0.1419E-13      6
  134    2     0       1      2      1  0.58332789E+01  0.00000000E+00 0.1253E-13      6
  135    2     0       2      3      1  0.66825548E+01  0.00000000E+00 0.1592E-14      6
  136    2     0       3      4      1  0.77540439E+01  0.00000000E+00 0.3019E-14      6
  137    2     0       4      5      1  0.88762503E+01  0.00000000E+00 0.4663E-13      6
  138    2     0       5      6      1  0.10007829E+02  0.00000000E+00 0.8515E-13      5
  139    2     0       6      7      1  0.11102455E+02  0.00000000E+00 0.3448E-13      6
  140    2     0       7      7      0  0.11383804E+02  0.00000000E+00 0.1703E-12      7
  141    2     0       8      8      0  0.12411252E+02  0.00000000E+00 0.7851E-13      6
  142    2     0       9      9      0  0.13628610E+02  0.00000000E+00 0.6033E-14      5
  143    2     0      10     10      0  0.14872825E+02  0.00000000E+00 0.3435E-12      5
  144    2     0      11     11      0  0.16133216E+02  0.00000000E+00 0.1411E-12      5
  145    2     0      12     12      0  0.17396627E+02  0.00000000E+00 0.2769E-12      5
  146    2     0      13     13      0  0.18654696E+02  0.00000000E+00 0.1607E-12      5
  147    2     0      14     14      0  0.19904490E+02  0.00000000E+00 0.8142E-13      5
  148    2     0      15     15      0  0.21147229E+02  0.00000000E+00 0.1068E-12      5
  149    2     0      16     16      0  0.22388533E+02  0.00000000E+00 0.4763E-13      5
  150    2     0      17     17      0  0.23637848E+02  0.00000000E+00 0.1840E-12      5
  151    2     0      18     18      0  0.24901954E+02  0.00000000E+00 0.1478E-12      5
  152    2     0      19     19      0  0.26182460E+02  0.00000000E+00 0.7033E-13      5
  153    2     0      20     20      0  0.27475374E+02  0.00000000E+00 0.3133E-12      5
  Time elapsed :      1.656 s

Mode Search
-----------

Mode parameters
   l : 3
   m : 0

Building frequency grid (REAL axis)
   added scan interval :  0.2782E+00 ->  0.8710E+01 (1000 points, INVERSE)
   added scan interval :  0.8710E+01 ->  0.3105E+02 (1000 points, LINEAR)

Building spatial grid
   Scaffold grid from model
   Split 0 subinterval(s) in iteration 1
   Final grid has 1 segment(s) and 7114 point(s):
      Segment 1 : x range 0.0000 -> 1.0012 (1 -> 7114)

Starting search (adiabatic)

Scanning frequencies
  Time elapsed :     1.267 s

Finding roots
  Time elapsed :      0.253 s

Processing modes
   id    l     m    n_pg    n_p    n_g       Re(omega)       Im(omega)        chi n_iter
  214    3     0     -20      0     20  0.10490610E+01  0.00000000E+00 0.7067E-13      6
  215    3     0     -19      0     19  0.10840840E+01  0.00000000E+00 0.5652E-13      6
  216    3     0     -18      0     18  0.11450595E+01  0.00000000E+00 0.1210E-13      6
  217    3     0     -17      0     17  0.12233479E+01  0.00000000E+00 0.2345E-13      6
  218    3     0     -16      0     16  0.12789407E+01  0.00000000E+00 0.1038E-13      6
  219    3     0     -15      0     15  0.13467090E+01  0.00000000E+00 0.2730E-13      6
  220    3     0     -14      0     14  0.14585025E+01  0.00000000E+00 0.3512E-13      6
  221    3     0     -13      0     13  0.15664851E+01  0.00000000E+00 0.5905E-13      6
  222    3     0     -12      0     12  0.16454582E+01  0.00000000E+00 0.3308E-13      7
  223    3     0     -11      0     11  0.18091307E+01  0.00000000E+00 0.1117E-13      6
  224    3     0     -10      0     10  0.20080606E+01  0.00000000E+00 0.1865E-13      6
  225    3     0      -9      0      9  0.21395507E+01  0.00000000E+00 0.1446E-13      6
  226    3     0      -8      0      8  0.23919317E+01  0.00000000E+00 0.1737E-13      5
  227    3     0      -7      0      7  0.27685607E+01  0.00000000E+00 0.2417E-13      7
  228    3     0      -6      0      6  0.30704906E+01  0.00000000E+00 0.2075E-14      7
  229    3     0      -5      0      5  0.33214921E+01  0.00000000E+00 0.1091E-14      6
  230    3     0      -4      0      4  0.36577090E+01  0.00000000E+00 0.1848E-13      7
  231    3     0      -3      1      4  0.42963232E+01  0.00000000E+00 0.6449E-14      7
  232    3     0      -2      1      3  0.46882084E+01  0.00000000E+00 0.1577E-14      6
  233    3     0      -1      2      3  0.55114812E+01  0.00000000E+00 0.4193E-14      7
  234    3     0       0      2      2  0.57625121E+01  0.00000000E+00 0.4906E-14      7
  235    3     0       1      2      1  0.64831403E+01  0.00000000E+00 0.1148E-13      7
  236    3     0       2      3      1  0.69712190E+01  0.00000000E+00 0.1082E-13      8
  237    3     0       3      4      1  0.81038286E+01  0.00000000E+00 0.7646E-14      7
  238    3     0       4      5      1  0.92584909E+01  0.00000000E+00 0.1737E-12      5
  239    3     0       5      6      1  0.10420039E+02  0.00000000E+00 0.9437E-13      6
  240    3     0       6      7      1  0.11614430E+02  0.00000000E+00 0.4956E-13      6
  241    3     0       7      8      1  0.12830934E+02  0.00000000E+00 0.1572E-13      6
  242    3     0       8      8      0  0.13617306E+02  0.00000000E+00 0.1225E-12      6
  243    3     0       9      9      0  0.14088881E+02  0.00000000E+00 0.2996E-12      6
  244    3     0      10     10      0  0.15341398E+02  0.00000000E+00 0.3864E-12      6
  245    3     0      11     11      0  0.16609285E+02  0.00000000E+00 0.1712E-12      5
  246    3     0      12     12      0  0.17876270E+02  0.00000000E+00 0.6913E-13      5
  247    3     0      13     13      0  0.19135508E+02  0.00000000E+00 0.5765E-13      5
  248    3     0      14     14      0  0.20386440E+02  0.00000000E+00 0.2479E-12      5
  249    3     0      15     15      0  0.21631813E+02  0.00000000E+00 0.1466E-12      5
  250    3     0      16     16      0  0.22878883E+02  0.00000000E+00 0.3678E-12      5
  251    3     0      17     17      0  0.24137551E+02  0.00000000E+00 0.1878E-12      5
  252    3     0      18     18      0  0.25412772E+02  0.00000000E+00 0.1866E-12      5
  253    3     0      19     19      0  0.26703204E+02  0.00000000E+00 0.3035E-12      5
  254    3     0      20     20      0  0.28003679E+02  0.00000000E+00 0.7460E-13      5
  Time elapsed :      1.633 s

Mode Search
-----------

Mode parameters
   l : 4
   m : 0

Building frequency grid (REAL axis)
   added scan interval :  0.2782E+00 ->  0.8710E+01 (1000 points, INVERSE)
   added scan interval :  0.8710E+01 ->  0.3105E+02 (1000 points, LINEAR)

Building spatial grid
   Scaffold grid from model
   Split 0 subinterval(s) in iteration 1
   Final grid has 1 segment(s) and 7114 point(s):
      Segment 1 : x range 0.0000 -> 1.0012 (1 -> 7114)

Starting search (adiabatic)

Scanning frequencies
  Time elapsed :     1.190 s

Finding roots
  Time elapsed :      0.308 s

Processing modes
   id    l     m    n_pg    n_p    n_g       Re(omega)       Im(omega)        chi n_iter
  338    4     0     -20      0     20  0.13433170E+01  0.00000000E+00 0.2665E-13      7
  339    4     0     -19      0     19  0.13894638E+01  0.00000000E+00 0.3911E-15      7
  340    4     0     -18      0     18  0.14607821E+01  0.00000000E+00 0.2915E-13      6
  341    4     0     -17      0     17  0.15593549E+01  0.00000000E+00 0.2930E-13      6
  342    4     0     -16      0     16  0.16379464E+01  0.00000000E+00 0.5402E-14      6
  343    4     0     -15      0     15  0.17126895E+01  0.00000000E+00 0.7768E-14      7
  344    4     0     -14      0     14  0.18492456E+01  0.00000000E+00 0.1685E-13      6
  345    4     0     -13      0     13  0.19960277E+01  0.00000000E+00 0.2504E-13      6
  346    4     0     -12      0     12  0.20901137E+01  0.00000000E+00 0.2103E-13      7
  347    4     0     -11      0     11  0.22793191E+01  0.00000000E+00 0.1508E-16      5
  348    4     0     -10      0     10  0.25326797E+01  0.00000000E+00 0.5794E-13      7
  349    4     0      -9      0      9  0.27116568E+01  0.00000000E+00 0.3325E-14      6
  350    4     0      -8      0      8  0.29745349E+01  0.00000000E+00 0.2455E-13      6
  351    4     0      -7      0      7  0.33436884E+01  0.00000000E+00 0.5890E-14      7
  352    4     0      -6      0      6  0.35570342E+01  0.00000000E+00 0.2413E-13      6
  353    4     0      -5      0      5  0.39104633E+01  0.00000000E+00 0.2666E-15      7
  354    4     0      -4      1      5  0.42943835E+01  0.00000000E+00 0.6880E-14      7
  355    4     0      -3      1      4  0.46133731E+01  0.00000000E+00 0.1060E-14      7
  356    4     0      -2      1      3  0.52920504E+01  0.00000000E+00 0.8347E-14      7
  357    4     0      -1      2      3  0.58520241E+01  0.00000000E+00 0.1137E-13      6
  358    4     0       0      2      2  0.66999634E+01  0.00000000E+00 0.1189E-13      8
  359    4     0       1      3      2  0.71117741E+01  0.00000000E+00 0.2167E-14      8
  360    4     0       2      3      1  0.73579909E+01  0.00000000E+00 0.4857E-14      8
  361    4     0       3      4      1  0.83514541E+01  0.00000000E+00 0.1307E-14      8
  362    4     0       4      5      1  0.95380248E+01  0.00000000E+00 0.3774E-13      6
  363    4     0       5      6      1  0.10730127E+02  0.00000000E+00 0.2605E-12      5
  364    4     0       6      7      1  0.11951216E+02  0.00000000E+00 0.8055E-13      5
  365    4     0       7      8      1  0.13192741E+02  0.00000000E+00 0.1333E-12      6
  366    4     0       8      9      1  0.14452422E+02  0.00000000E+00 0.1496E-12      6
  367    4     0       9      9      0  0.15291556E+02  0.00000000E+00 0.1955E-13      6
  368    4     0      10     10      0  0.15729712E+02  0.00000000E+00 0.1050E-12      6
  369    4     0      11     11      0  0.17007667E+02  0.00000000E+00 0.6751E-13      5
  370    4     0      12     12      0  0.18280764E+02  0.00000000E+00 0.1787E-12      5
  371    4     0      13     13      0  0.19543932E+02  0.00000000E+00 0.6135E-14      5
  372    4     0      14     14      0  0.20798146E+02  0.00000000E+00 0.2445E-13      5
  373    4     0      15     15      0  0.22048108E+02  0.00000000E+00 0.3822E-12      5
  374    4     0      16     16      0  0.23302667E+02  0.00000000E+00 0.2104E-12      5
  375    4     0      17     17      0  0.24570604E+02  0.00000000E+00 0.1681E-12      5
  376    4     0      18     18      0  0.25855386E+02  0.00000000E+00 0.1216E-12      5
  377    4     0      19     19      0  0.27153839E+02  0.00000000E+00 0.5559E-13      5
  378    4     0      20     20      0  0.28460215E+02  0.00000000E+00 0.1387E-12      5
  Time elapsed :      1.642 s

Mode Search
-----------

Mode parameters
   l : 5
   m : 0

Building frequency grid (REAL axis)
   added scan interval :  0.2782E+00 ->  0.8710E+01 (1000 points, INVERSE)
   added scan interval :  0.8710E+01 ->  0.3105E+02 (1000 points, LINEAR)

Building spatial grid
   Scaffold grid from model
   Split 0 subinterval(s) in iteration 1
   Final grid has 1 segment(s) and 7114 point(s):
      Segment 1 : x range 0.0000 -> 1.0012 (1 -> 7114)

Starting search (adiabatic)

Scanning frequencies
  Time elapsed :     1.231 s

Finding roots
  Time elapsed :      0.378 s

Processing modes
   id    l     m    n_pg    n_p    n_g       Re(omega)       Im(omega)        chi n_iter
  485    5     0     -20      0     20  0.16271904E+01  0.00000000E+00 0.2015E-13      7
  486    5     0     -19      0     19  0.16880553E+01  0.00000000E+00 0.7317E-14      6
  487    5     0     -18      0     18  0.17631850E+01  0.00000000E+00 0.2865E-13      6
  488    5     0     -17      0     17  0.18785004E+01  0.00000000E+00 0.2865E-13      6
  489    5     0     -16      0     16  0.19853668E+01  0.00000000E+00 0.1693E-13      7
  490    5     0     -15      0     15  0.20620056E+01  0.00000000E+00 0.1139E-13      7
  491    5     0     -14      0     14  0.22150046E+01  0.00000000E+00 0.4704E-13      6
  492    5     0     -13      0     13  0.23989863E+01  0.00000000E+00 0.2149E-13      7
  493    5     0     -12      0     12  0.25188198E+01  0.00000000E+00 0.3753E-14      6
  494    5     0     -11      0     11  0.27120922E+01  0.00000000E+00 0.1706E-13      6
  495    5     0     -10      0     10  0.30070098E+01  0.00000000E+00 0.1365E-13      7
  496    5     0      -9      0      9  0.32547055E+01  0.00000000E+00 0.6753E-14      7
  497    5     0      -8      0      8  0.34440282E+01  0.00000000E+00 0.2507E-13      7
  498    5     0      -7      0      7  0.35765287E+01  0.00000000E+00 0.5398E-14      8
  499    5     0      -6      0      6  0.40355287E+01  0.00000000E+00 0.1207E-13      6
  500    5     0      -5      1      6  0.45993033E+01  0.00000000E+00 0.5088E-15      9
  501    5     0      -4      1      5  0.47455263E+01  0.00000000E+00 0.6862E-14      7
  502    5     0      -3      1      4  0.49754229E+01  0.00000000E+00 0.2762E-14      8
  503    5     0      -2      2      4  0.58322997E+01  0.00000000E+00 0.1330E-13      8
  504    5     0      -1      2      3  0.60497860E+01  0.00000000E+00 0.1247E-13      9
  505    5     0       2      4      2  0.83573174E+01  0.00000000E+00 0.6448E-14      9
  506    5     0       3      4      1  0.85883519E+01  0.00000000E+00 0.8097E-14     10
  507    5     0       4      5      1  0.97963019E+01  0.00000000E+00 0.2024E-12      6
  508    5     0       5      6      1  0.11013776E+02  0.00000000E+00 0.7794E-13      5
  509    5     0       6      7      1  0.12256084E+02  0.00000000E+00 0.1032E-13      6
  510    5     0       7      8      1  0.13516402E+02  0.00000000E+00 0.5723E-15      6
  511    5     0       8      9      1  0.14793425E+02  0.00000000E+00 0.1849E-12      5
  512    5     0       9     10      1  0.16082007E+02  0.00000000E+00 0.6457E-13      6
  513    5     0      10     10      0  0.16583330E+02  0.00000000E+00 0.1580E-12      6
  514    5     0      11     11      0  0.17369827E+02  0.00000000E+00 0.1921E-12      6
  515    5     0      12     12      0  0.18648683E+02  0.00000000E+00 0.2832E-12      6
  516    5     0      13     13      0  0.19916400E+02  0.00000000E+00 0.1491E-12      6
  517    5     0      14     14      0  0.21174975E+02  0.00000000E+00 0.1795E-12      5
  518    5     0      15     15      0  0.22430814E+02  0.00000000E+00 0.5266E-12      5
  519    5     0      16     16      0  0.23694098E+02  0.00000000E+00 0.1140E-12      5
  520    5     0      17     17      0  0.24971938E+02  0.00000000E+00 0.2714E-12      5
  521    5     0      18     18      0  0.26265806E+02  0.00000000E+00 0.5417E-13      4
  522    5     0      19     19      0  0.27571446E+02  0.00000000E+00 0.7751E-13      5
  523    5     0      20     20      0  0.28883264E+02  0.00000000E+00 0.2216E-12      5
  Time elapsed :      1.702 s

Mode Search
-----------

Mode parameters
   l : 6
   m : 0

Building frequency grid (REAL axis)
   added scan interval :  0.2782E+00 ->  0.8710E+01 (1000 points, INVERSE)
   added scan interval :  0.8710E+01 ->  0.3105E+02 (1000 points, LINEAR)

Building spatial grid
   Scaffold grid from model
   Split 0 subinterval(s) in iteration 1
   Final grid has 1 segment(s) and 7114 point(s):
      Segment 1 : x range 0.0000 -> 1.0012 (1 -> 7114)

Starting search (adiabatic)

Scanning frequencies
  Time elapsed :     1.242 s

Finding roots
  Time elapsed :      0.440 s

Processing modes
   id    l     m    n_pg    n_p    n_g       Re(omega)       Im(omega)        chi n_iter
  653    6     0     -20      0     20  0.18979888E+01  0.00000000E+00 0.4028E-13      7
  654    6     0     -19      0     19  0.19790330E+01  0.00000000E+00 0.7263E-14      6
  655    6     0     -18      0     18  0.20516436E+01  0.00000000E+00 0.3478E-14      6
  656    6     0     -17      0     17  0.21780339E+01  0.00000000E+00 0.1339E-13      6
  657    6     0     -16      0     16  0.23144607E+01  0.00000000E+00 0.8055E-14      7
  658    6     0     -15      0     15  0.23992493E+01  0.00000000E+00 0.9855E-14      7
  659    6     0     -14      0     14  0.25546247E+01  0.00000000E+00 0.2682E-14      7
  660    6     0     -13      0     13  0.27682596E+01  0.00000000E+00 0.1304E-14      7
  661    6     0     -12      0     12  0.29348902E+01  0.00000000E+00 0.4390E-15      6
  662    6     0     -11      0     11  0.31097083E+01  0.00000000E+00 0.7804E-16      7
  663    6     0     -10      0     10  0.34241902E+01  0.00000000E+00 0.1316E-14      7
  664    6     0      -9      0      9  0.35764728E+01  0.00000000E+00 0.2803E-13      6
  665    6     0      -8      0      8  0.37780202E+01  0.00000000E+00 0.7654E-14      6
  666    6     0      -7      0      7  0.40020991E+01  0.00000000E+00 0.7549E-15      7
  667    6     0      -6      1      7  0.44962509E+01  0.00000000E+00 0.2565E-13      7
  668    6     0      -5      1      6  0.48918793E+01  0.00000000E+00 0.1132E-13      7
  669    6     0      -4      1      5  0.51686032E+01  0.00000000E+00 0.1041E-13      7
  670    6     0      -3      1      4  0.56140191E+01  0.00000000E+00 0.5259E-14      6
  671    6     0      -2      2      4  0.62161526E+01  0.00000000E+00 0.3480E-14     12
  672    6     0      -1      2      3  0.62712436E+01  0.00000000E+00 0.6957E-15     12
  673    6     0       2      4      2  0.88204243E+01  0.00000000E+00 0.5052E-13      6
  674    6     0       3      4      1  0.94128949E+01  0.00000000E+00 0.9456E-13      6
  675    6     0       4      5      1  0.10045337E+02  0.00000000E+00 0.7283E-13      6
  676    6     0       5      6      1  0.11285054E+02  0.00000000E+00 0.7632E-13      6
  677    6     0       6      7      1  0.12545781E+02  0.00000000E+00 0.6694E-13      5
  678    6     0       7      8      1  0.13822919E+02  0.00000000E+00 0.2412E-12      5
  679    6     0       8      9      1  0.15115335E+02  0.00000000E+00 0.2339E-12      6
  680    6     0       9     10      1  0.16415155E+02  0.00000000E+00 0.3496E-14      6
  681    6     0      10     11      1  0.17625016E+02  0.00000000E+00 0.1347E-12      7
  682    6     0      11     11      0  0.17710481E+02  0.00000000E+00 0.1294E-12      7
  683    6     0      12     12      0  0.18994452E+02  0.00000000E+00 0.7131E-13      5
  684    6     0      13     13      0  0.20266629E+02  0.00000000E+00 0.1468E-12      5
  685    6     0      14     14      0  0.21530113E+02  0.00000000E+00 0.9040E-13      5
  686    6     0      15     15      0  0.22792717E+02  0.00000000E+00 0.3114E-12      5
  687    6     0      16     16      0  0.24065158E+02  0.00000000E+00 0.2611E-12      5
  688    6     0      17     17      0  0.25353073E+02  0.00000000E+00 0.1331E-12      5
  689    6     0      18     18      0  0.26655707E+02  0.00000000E+00 0.4386E-12      5
  690    6     0      19     19      0  0.27967982E+02  0.00000000E+00 0.6579E-13      5
  691    6     0      20     20      0  0.29284795E+02  0.00000000E+00 0.2271E-13      5
  Time elapsed :      1.639 s

Mode Search
-----------

Mode parameters
   l : 2
   m : 0

Building frequency grid (REAL axis)
   added scan interval :  0.5202E+00 ->  0.2105E+01 (3000 points, INVERSE)

Building spatial grid
   Scaffold grid from model
   Split 0 subinterval(s) in iteration 1
   Final grid has 1 segment(s) and 7114 point(s):
      Segment 1 : x range 0.0000 -> 1.0012 (1 -> 7114)

Starting search (adiabatic)

Scanning frequencies
  Time elapsed :     1.725 s

Finding roots
  Time elapsed :      0.062 s

Processing modes
   id    l     m    n_pg    n_p    n_g       Re(omega)       Im(omega)        chi n_iter
  695    2     0     -26      0     26  0.57652494E+00  0.00000000E+00 0.4699E-12      5
  696    2     0     -25      0     25  0.59638596E+00  0.00000000E+00 0.3725E-12      5
  697    2     0     -24      0     24  0.62575417E+00  0.00000000E+00 0.6367E-13      5
  698    2     0     -23      0     23  0.65077716E+00  0.00000000E+00 0.1120E-11      5
  699    2     0     -22      0     22  0.67180247E+00  0.00000000E+00 0.6579E-12      5
  700    2     0     -21      0     21  0.70858251E+00  0.00000000E+00 0.1279E-12      5
  Time elapsed :      0.254 s

Mode Search
-----------

Mode parameters
   l : 3
   m : 0

Building frequency grid (REAL axis)
   added scan interval :  0.5202E+00 ->  0.2105E+01 (3000 points, INVERSE)

Building spatial grid
   Scaffold grid from model
   Split 0 subinterval(s) in iteration 1
   Final grid has 1 segment(s) and 7114 point(s):
      Segment 1 : x range 0.0000 -> 1.0012 (1 -> 7114)

Starting search (adiabatic)

Scanning frequencies
  Time elapsed :     1.669 s

Finding roots
  Time elapsed :      0.075 s

Processing modes
   id    l     m    n_pg    n_p    n_g       Re(omega)       Im(omega)        chi n_iter
  719    3     0     -37      0     37  0.58265595E+00  0.00000000E+00 0.1270E-12      5
  720    3     0     -36      0     36  0.59786435E+00  0.00000000E+00 0.3953E-12      5
  721    3     0     -35      0     35  0.61044381E+00  0.00000000E+00 0.5236E-12      5
  722    3     0     -34      0     34  0.63094413E+00  0.00000000E+00 0.9375E-13      5
  723    3     0     -33      0     33  0.65054460E+00  0.00000000E+00 0.1221E-13      5
  724    3     0     -32      0     32  0.66457666E+00  0.00000000E+00 0.7660E-13      6
  725    3     0     -31      0     31  0.68801287E+00  0.00000000E+00 0.3705E-13      5
  726    3     0     -30      0     30  0.71342421E+00  0.00000000E+00 0.2535E-12      5
  727    3     0     -29      0     29  0.73026218E+00  0.00000000E+00 0.1890E-12      5
  728    3     0     -28      0     28  0.75616103E+00  0.00000000E+00 0.3588E-12      5
  729    3     0     -27      0     27  0.78877106E+00  0.00000000E+00 0.8443E-12      5
  730    3     0     -26      0     26  0.81244092E+00  0.00000000E+00 0.4751E-12      5
  731    3     0     -25      0     25  0.83912130E+00  0.00000000E+00 0.1659E-12      5
  732    3     0     -24      0     24  0.87998750E+00  0.00000000E+00 0.3261E-12      5
  733    3     0     -23      0     23  0.91647097E+00  0.00000000E+00 0.4808E-12      5
  734    3     0     -22      0     22  0.94469186E+00  0.00000000E+00 0.1815E-12      5
  735    3     0     -21      0     21  0.99506618E+00  0.00000000E+00 0.1439E-12      5
  Time elapsed :      0.617 s

Mode Search
-----------

Mode parameters
   l : 4
   m : 0

Building frequency grid (REAL axis)
   added scan interval :  0.5202E+00 ->  0.2105E+01 (3000 points, INVERSE)

Building spatial grid
   Scaffold grid from model
   Split 0 subinterval(s) in iteration 1
   Final grid has 1 segment(s) and 7114 point(s):
      Segment 1 : x range 0.0000 -> 1.0012 (1 -> 7114)

Starting search (adiabatic)

Scanning frequencies
  Time elapsed :     1.637 s

Finding roots
  Time elapsed :      0.093 s

Processing modes
   id    l     m    n_pg    n_p    n_g       Re(omega)       Im(omega)        chi n_iter
  752    4     0     -48      0     48  0.58299710E+00  0.00000000E+00 0.2401E-12      5
  753    4     0     -47      0     47  0.59527072E+00  0.00000000E+00 0.5261E-13      5
  754    4     0     -46      0     46  0.61003906E+00  0.00000000E+00 0.8941E-13      5
  755    4     0     -45      0     45  0.62071822E+00  0.00000000E+00 0.3697E-12      5
  756    4     0     -44      0     44  0.63350021E+00  0.00000000E+00 0.1810E-11      5
  757    4     0     -43      0     43  0.65039350E+00  0.00000000E+00 0.1749E-12      6
  758    4     0     -42      0     42  0.66316492E+00  0.00000000E+00 0.2673E-13      5
  759    4     0     -41      0     41  0.67682455E+00  0.00000000E+00 0.9634E-13      5
  760    4     0     -40      0     40  0.69634379E+00  0.00000000E+00 0.6607E-12      5
  761    4     0     -39      0     39  0.71189461E+00  0.00000000E+00 0.5624E-13      5
  762    4     0     -38      0     38  0.72672297E+00  0.00000000E+00 0.2530E-12      5
  763    4     0     -37      0     37  0.74941806E+00  0.00000000E+00 0.6141E-12      5
  764    4     0     -36      0     36  0.76917526E+00  0.00000000E+00 0.2149E-12      5
  765    4     0     -35      0     35  0.78507798E+00  0.00000000E+00 0.2997E-12      5
  766    4     0     -34      0     34  0.81112562E+00  0.00000000E+00 0.6809E-13      5
  767    4     0     -33      0     33  0.83671282E+00  0.00000000E+00 0.2026E-12      5
  768    4     0     -32      0     32  0.85454486E+00  0.00000000E+00 0.1309E-12      6
  769    4     0     -31      0     31  0.88391928E+00  0.00000000E+00 0.3694E-13      5
  770    4     0     -30      0     30  0.91686884E+00  0.00000000E+00 0.5496E-12      6
  771    4     0     -29      0     29  0.93892894E+00  0.00000000E+00 0.1751E-12      6
  772    4     0     -28      0     28  0.97063505E+00  0.00000000E+00 0.6341E-12      5
  773    4     0     -27      0     27  0.10123095E+01  0.00000000E+00 0.8200E-13      6
  774    4     0     -26      0     26  0.10443618E+01  0.00000000E+00 0.4266E-13      5
  775    4     0     -25      0     25  0.10762139E+01  0.00000000E+00 0.2004E-12      5
  776    4     0     -24      0     24  0.11276183E+01  0.00000000E+00 0.3741E-12      5
  777    4     0     -23      0     23  0.11766455E+01  0.00000000E+00 0.1223E-12      6
  778    4     0     -22      0     22  0.12110509E+01  0.00000000E+00 0.3691E-12      6
  779    4     0     -21      0     21  0.12727422E+01  0.00000000E+00 0.2211E-12      5
  Time elapsed :      1.074 s

Mode Search
-----------

Mode parameters
   l : 5
   m : 0

Building frequency grid (REAL axis)
   added scan interval :  0.5202E+00 ->  0.2105E+01 (3000 points, INVERSE)

Building spatial grid
   Scaffold grid from model
   Split 0 subinterval(s) in iteration 1
   Final grid has 1 segment(s) and 7114 point(s):
      Segment 1 : x range 0.0000 -> 1.0012 (1 -> 7114)

Starting search (adiabatic)

Scanning frequencies
  Time elapsed :     1.770 s

Finding roots
  Time elapsed :      0.123 s

Processing modes
   id    l     m    n_pg    n_p    n_g       Re(omega)       Im(omega)        chi n_iter
  797    5     0     -58      0     58  0.59392476E+00  0.00000000E+00 0.9462E-12      5
  798    5     0     -57      0     57  0.60283084E+00  0.00000000E+00 0.3720E-12      5
  799    5     0     -56      0     56  0.61519109E+00  0.00000000E+00 0.5601E-13      5
  800    5     0     -55      0     55  0.62617478E+00  0.00000000E+00 0.8376E-12      5
  801    5     0     -54      0     54  0.63523909E+00  0.00000000E+00 0.6084E-12      6
  802    5     0     -53      0     53  0.64856898E+00  0.00000000E+00 0.2022E-13      5
  803    5     0     -52      0     52  0.66176631E+00  0.00000000E+00 0.2390E-12      6
  804    5     0     -51      0     51  0.67145880E+00  0.00000000E+00 0.3975E-12      6
  805    5     0     -50      0     50  0.68557618E+00  0.00000000E+00 0.2456E-12      5
  806    5     0     -49      0     49  0.70113539E+00  0.00000000E+00 0.3484E-13      5
  807    5     0     -48      0     48  0.71215319E+00  0.00000000E+00 0.4978E-12      5
  808    5     0     -47      0     47  0.72687643E+00  0.00000000E+00 0.1255E-12      5
  809    5     0     -46      0     46  0.74482767E+00  0.00000000E+00 0.1796E-12      6
  810    5     0     -45      0     45  0.75789168E+00  0.00000000E+00 0.2447E-12      5
  811    5     0     -44      0     44  0.77322814E+00  0.00000000E+00 0.3046E-12      5
  812    5     0     -43      0     43  0.79372399E+00  0.00000000E+00 0.3667E-12      6
  813    5     0     -42      0     42  0.80938970E+00  0.00000000E+00 0.4843E-12      5
  814    5     0     -41      0     41  0.82578064E+00  0.00000000E+00 0.3306E-12      5
  815    5     0     -40      0     40  0.84944588E+00  0.00000000E+00 0.3648E-12      5
  816    5     0     -39      0     39  0.86868524E+00  0.00000000E+00 0.1150E-13      5
  817    5     0     -38      0     38  0.88634989E+00  0.00000000E+00 0.2072E-12      6
  818    5     0     -37      0     37  0.91373553E+00  0.00000000E+00 0.6596E-12      5
  819    5     0     -36      0     36  0.93838675E+00  0.00000000E+00 0.2811E-13      5
  820    5     0     -35      0     35  0.95723659E+00  0.00000000E+00 0.1472E-12      6
  821    5     0     -34      0     34  0.98832933E+00  0.00000000E+00 0.9047E-13      5
  822    5     0     -33      0     33  0.10202024E+01  0.00000000E+00 0.2842E-12      6
  823    5     0     -32      0     32  0.10418126E+01  0.00000000E+00 0.4476E-12      6
  824    5     0     -31      0     31  0.10761408E+01  0.00000000E+00 0.4668E-13      5
  825    5     0     -30      0     30  0.11165902E+01  0.00000000E+00 0.3135E-12      6
  826    5     0     -29      0     29  0.11446271E+01  0.00000000E+00 0.1676E-12      5
  827    5     0     -28      0     28  0.11804959E+01  0.00000000E+00 0.2118E-12      5
  828    5     0     -27      0     27  0.12306321E+01  0.00000000E+00 0.1901E-12      6
  829    5     0     -26      0     26  0.12725133E+01  0.00000000E+00 0.6328E-13      5
  830    5     0     -25      0     25  0.13078292E+01  0.00000000E+00 0.1315E-13      5
  831    5     0     -24      0     24  0.13682272E+01  0.00000000E+00 0.3471E-13      5
  832    5     0     -23      0     23  0.14306335E+01  0.00000000E+00 0.1207E-14      5
  833    5     0     -22      0     22  0.14715471E+01  0.00000000E+00 0.1132E-12      6
  834    5     0     -21      0     21  0.15409344E+01  0.00000000E+00 0.1702E-12      5
  Time elapsed :      1.478 s

Mode Search
-----------

Mode parameters
   l : 6
   m : 0

Building frequency grid (REAL axis)
   added scan interval :  0.5202E+00 ->  0.2105E+01 (3000 points, INVERSE)

Building spatial grid
   Scaffold grid from model
   Split 0 subinterval(s) in iteration 1
   Final grid has 1 segment(s) and 7114 point(s):
      Segment 1 : x range 0.0000 -> 1.0012 (1 -> 7114)

Starting search (adiabatic)

Scanning frequencies
  Time elapsed :     1.748 s

Finding roots
  Time elapsed :      0.148 s

Processing modes
   id    l     m    n_pg    n_p    n_g       Re(omega)       Im(omega)        chi n_iter
  850    6     0     -69      0     69  0.59187079E+00  0.00000000E+00 0.4255E-12      6
  851    6     0     -68      0     68  0.60078667E+00  0.00000000E+00 0.3176E-13      6
  852    6     0     -67      0     67  0.60794968E+00  0.00000000E+00 0.4448E-12      5
  853    6     0     -66      0     66  0.61788283E+00  0.00000000E+00 0.4779E-12      5
  854    6     0     -65      0     65  0.62825588E+00  0.00000000E+00 0.9382E-13      5
  855    6     0     -64      0     64  0.63606461E+00  0.00000000E+00 0.3913E-12      5
  856    6     0     -63      0     63  0.64624521E+00  0.00000000E+00 0.3493E-13      5
  857    6     0     -62      0     62  0.65807271E+00  0.00000000E+00 0.1769E-13      6
  858    6     0     -61      0     61  0.66711766E+00  0.00000000E+00 0.3288E-12      5
  859    6     0     -60      0     60  0.67735529E+00  0.00000000E+00 0.9850E-12      5
  860    6     0     -59      0     59  0.69056317E+00  0.00000000E+00 0.1008E-12      6
  861    6     0     -58      0     58  0.70144114E+00  0.00000000E+00 0.6866E-12      5
  862    6     0     -57      0     57  0.71168087E+00  0.00000000E+00 0.3584E-12      5
  863    6     0     -56      0     56  0.72612829E+00  0.00000000E+00 0.4180E-12      5
  864    6     0     -55      0     55  0.73929758E+00  0.00000000E+00 0.2145E-12      6
  865    6     0     -54      0     54  0.74980129E+00  0.00000000E+00 0.1655E-13      5
  866    6     0     -53      0     53  0.76527712E+00  0.00000000E+00 0.3573E-12      5
  867    6     0     -52      0     52  0.78098475E+00  0.00000000E+00 0.1459E-12      6
  868    6     0     -51      0     51  0.79236997E+00  0.00000000E+00 0.1091E-12      6
  869    6     0     -50      0     50  0.80866061E+00  0.00000000E+00 0.1425E-12      5
  870    6     0     -49      0     49  0.82703380E+00  0.00000000E+00 0.2546E-12      5
  871    6     0     -48      0     48  0.84010249E+00  0.00000000E+00 0.1471E-12      5
  872    6     0     -47      0     47  0.85702397E+00  0.00000000E+00 0.5455E-12      5
  873    6     0     -46      0     46  0.87809796E+00  0.00000000E+00 0.7697E-13      6
  874    6     0     -45      0     45  0.89365858E+00  0.00000000E+00 0.7578E-13      5
  875    6     0     -44      0     44  0.91125230E+00  0.00000000E+00 0.3960E-13      6
  876    6     0     -43      0     43  0.93525295E+00  0.00000000E+00 0.2308E-12      6
  877    6     0     -42      0     42  0.95403736E+00  0.00000000E+00 0.1366E-12      5
  878    6     0     -41      0     41  0.97278739E+00  0.00000000E+00 0.1772E-12      6
  879    6     0     -40      0     40  0.10004194E+01  0.00000000E+00 0.3332E-12      5
  880    6     0     -39      0     39  0.10237200E+01  0.00000000E+00 0.1318E-12      6
  881    6     0     -38      0     38  0.10437589E+01  0.00000000E+00 0.4054E-13      6
  882    6     0     -37      0     37  0.10754533E+01  0.00000000E+00 0.4088E-12      5
  883    6     0     -36      0     36  0.11054289E+01  0.00000000E+00 0.2651E-12      5
  884    6     0     -35      0     35  0.11269569E+01  0.00000000E+00 0.1750E-12      6
  885    6     0     -34      0     34  0.11623250E+01  0.00000000E+00 0.6473E-13      5
  886    6     0     -33      0     33  0.12006805E+01  0.00000000E+00 0.8301E-13      6
  887    6     0     -32      0     32  0.12265091E+01  0.00000000E+00 0.5809E-13      5
  888    6     0     -31      0     31  0.12643686E+01  0.00000000E+00 0.2651E-12      6
  889    6     0     -30      0     30  0.13119793E+01  0.00000000E+00 0.1278E-12      5
  890    6     0     -29      0     29  0.13473682E+01  0.00000000E+00 0.2158E-12      5
  891    6     0     -28      0     28  0.13854411E+01  0.00000000E+00 0.6502E-14      6
  892    6     0     -27      0     27  0.14429741E+01  0.00000000E+00 0.4108E-12      5
  893    6     0     -26      0     26  0.14961352E+01  0.00000000E+00 0.1062E-12      6
  894    6     0     -25      0     25  0.15341061E+01  0.00000000E+00 0.1973E-12      6
  895    6     0     -24      0     24  0.16009142E+01  0.00000000E+00 0.1619E-14      5
  896    6     0     -23      0     23  0.16764512E+01  0.00000000E+00 0.3762E-12      6
  Time elapsed :      1.854 s

Mode Search
-----------

Mode parameters
   l : 7
   m : 0

Building frequency grid (REAL axis)
   added scan interval :  0.5202E+00 ->  0.2105E+01 (3000 points, INVERSE)

Building spatial grid
   Scaffold grid from model
   Split 11 subinterval(s) in iteration 1
   Split 0 subinterval(s) in iteration 2
   Final grid has 1 segment(s) and 7125 point(s):
      Segment 1 : x range 0.0000 -> 1.0012 (1 -> 7125)

Starting search (adiabatic)

Scanning frequencies
  Time elapsed :     1.761 s

Finding roots
  Time elapsed :      0.159 s

Processing modes
   id    l     m    n_pg    n_p    n_g       Re(omega)       Im(omega)        chi n_iter
  912    7     0     -80      0     80  0.58887754E+00  0.00000000E+00 0.4870E-13      6
  913    7     0     -79      0     79  0.59676169E+00  0.00000000E+00 0.4028E-12      5
  914    7     0     -78      0     78  0.60517282E+00  0.00000000E+00 0.8857E-13      6
  915    7     0     -77      0     77  0.61172062E+00  0.00000000E+00 0.1291E-12      5
  916    7     0     -76      0     76  0.61965757E+00  0.00000000E+00 0.6921E-13      5
  917    7     0     -75      0     75  0.62901306E+00  0.00000000E+00 0.6259E-12      5
  918    7     0     -74      0     74  0.63655999E+00  0.00000000E+00 0.1007E-12      5
  919    7     0     -73      0     73  0.64444061E+00  0.00000000E+00 0.1496E-12      5
  920    7     0     -72      0     72  0.65460534E+00  0.00000000E+00 0.1123E-12      5
  921    7     0     -71      0     71  0.66349158E+00  0.00000000E+00 0.3472E-12      6
  922    7     0     -70      0     70  0.67137266E+00  0.00000000E+00 0.5766E-12      5
  923    7     0     -69      0     69  0.68217611E+00  0.00000000E+00 0.6412E-13      5
  924    7     0     -68      0     68  0.69262087E+00  0.00000000E+00 0.3610E-12      6
  925    7     0     -67      0     67  0.70080873E+00  0.00000000E+00 0.1122E-12      6
  926    7     0     -66      0     66  0.71202681E+00  0.00000000E+00 0.3263E-12      5
  927    7     0     -65      0     65  0.72409081E+00  0.00000000E+00 0.6456E-13      6
  928    7     0     -64      0     64  0.73317205E+00  0.00000000E+00 0.4692E-12      5
  929    7     0     -63      0     63  0.74457831E+00  0.00000000E+00 0.1176E-11      5
  930    7     0     -62      0     62  0.75822512E+00  0.00000000E+00 0.5099E-12      6
  931    7     0     -61      0     61  0.76886979E+00  0.00000000E+00 0.2568E-12      5
  932    7     0     -60      0     60  0.78028336E+00  0.00000000E+00 0.1891E-12      5
  933    7     0     -59      0     59  0.79540555E+00  0.00000000E+00 0.4107E-12      6
  934    7     0     -58      0     58  0.80823523E+00  0.00000000E+00 0.4444E-13      6
  935    7     0     -57      0     57  0.81967652E+00  0.00000000E+00 0.2351E-12      6
  936    7     0     -56      0     56  0.83608627E+00  0.00000000E+00 0.3888E-13      5
  937    7     0     -55      0     55  0.85153114E+00  0.00000000E+00 0.2199E-12      5
  938    7     0     -54      0     54  0.86341321E+00  0.00000000E+00 0.1082E-12      6
  939    7     0     -53      0     53  0.88084141E+00  0.00000000E+00 0.2630E-13      5
  940    7     0     -52      0     52  0.89909906E+00  0.00000000E+00 0.1590E-12      6
  941    7     0     -51      0     51  0.91220844E+00  0.00000000E+00 0.3837E-12      5
  942    7     0     -50      0     50  0.93041263E+00  0.00000000E+00 0.2833E-12      5
  943    7     0     -49      0     49  0.95157815E+00  0.00000000E+00 0.3057E-13      6
  944    7     0     -48      0     48  0.96680830E+00  0.00000000E+00 0.3556E-12      5
  945    7     0     -47      0     47  0.98560945E+00  0.00000000E+00 0.1936E-12      5
  946    7     0     -46      0     46  0.10097261E+01  0.00000000E+00 0.2396E-12      6
  947    7     0     -45      0     45  0.10279907E+01  0.00000000E+00 0.3227E-12      5
  948    7     0     -44      0     44  0.10474655E+01  0.00000000E+00 0.3077E-12      6
  949    7     0     -43      0     43  0.10748317E+01  0.00000000E+00 0.5315E-12      6
  950    7     0     -42      0     42  0.10970862E+01  0.00000000E+00 0.2844E-12      5
  951    7     0     -41      0     41  0.11177474E+01  0.00000000E+00 0.4155E-12      6
  952    7     0     -40      0     40  0.11490600E+01  0.00000000E+00 0.1078E-12      5
  953    7     0     -39      0     39  0.11768948E+01  0.00000000E+00 0.9609E-13      6
  954    7     0     -38      0     38  0.11988845E+01  0.00000000E+00 0.2951E-12      5
  955    7     0     -37      0     37  0.12342913E+01  0.00000000E+00 0.3044E-12      5
  956    7     0     -36      0     36  0.12699539E+01  0.00000000E+00 0.3106E-12      6
  957    7     0     -35      0     35  0.12942962E+01  0.00000000E+00 0.1498E-12      6
  958    7     0     -34      0     34  0.13327808E+01  0.00000000E+00 0.5315E-12      5
  959    7     0     -33      0     33  0.13775091E+01  0.00000000E+00 0.1328E-12      6
  960    7     0     -32      0     32  0.14087082E+01  0.00000000E+00 0.6333E-13      6
  961    7     0     -31      0     31  0.14482433E+01  0.00000000E+00 0.1595E-12      6
  962    7     0     -30      0     30  0.15022180E+01  0.00000000E+00 0.1117E-12      5
  963    7     0     -29      0     29  0.15467291E+01  0.00000000E+00 0.7768E-13      6
  964    7     0     -28      0     28  0.15853531E+01  0.00000000E+00 0.1646E-13      6
  965    7     0     -27      0     27  0.16484785E+01  0.00000000E+00 0.1462E-12      5
  Time elapsed :      2.077 s

Mode Search
-----------

Mode parameters
   l : 8
   m : 0

Building frequency grid (REAL axis)
   added scan interval :  0.5202E+00 ->  0.2105E+01 (3000 points, INVERSE)

Building spatial grid
   Scaffold grid from model
   Split 13 subinterval(s) in iteration 1
   Split 0 subinterval(s) in iteration 2
   Final grid has 1 segment(s) and 7127 point(s):
      Segment 1 : x range 0.0000 -> 1.0012 (1 -> 7127)

Starting search (adiabatic)

Scanning frequencies
  Time elapsed :     1.709 s

Finding roots
  Time elapsed :      0.197 s

Processing modes
   id    l     m    n_pg    n_p    n_g       Re(omega)       Im(omega)        chi n_iter
  984    8     0     -91      0     91  0.58866841E+00  0.00000000E+00 0.5912E-12      6
  985    8     0     -90      0     90  0.59427210E+00  0.00000000E+00 0.2812E-12      5
  986    8     0     -89      0     89  0.60071680E+00  0.00000000E+00 0.1139E-12      5
  987    8     0     -88      0     88  0.60831803E+00  0.00000000E+00 0.4238E-12      5
  988    8     0     -87      0     87  0.61469216E+00  0.00000000E+00 0.1027E-11      5
  989    8     0     -86      0     86  0.62109510E+00  0.00000000E+00 0.4472E-12      5
  990    8     0     -85      0     85  0.62924218E+00  0.00000000E+00 0.5175E-12      6
  991    8     0     -84      0     84  0.63661488E+00  0.00000000E+00 0.4437E-12      6
  992    8     0     -83      0     83  0.64306235E+00  0.00000000E+00 0.5139E-12      5
  993    8     0     -82      0     82  0.65160556E+00  0.00000000E+00 0.1072E-11      5
  994    8     0     -81      0     81  0.66009004E+00  0.00000000E+00 0.9743E-13      6
  995    8     0     -80      0     80  0.66684460E+00  0.00000000E+00 0.1280E-12      5
  996    8     0     -79      0     79  0.67558985E+00  0.00000000E+00 0.2032E-12      5
  997    8     0     -78      0     78  0.68518622E+00  0.00000000E+00 0.2412E-12      6
  998    8     0     -77      0     77  0.69269963E+00  0.00000000E+00 0.2201E-12      5
  999    8     0     -76      0     76  0.70144248E+00  0.00000000E+00 0.1017E-11      5
 1000    8     0     -75      0     75  0.71203365E+00  0.00000000E+00 0.2858E-12      6
 1001    8     0     -74      0     74  0.72077205E+00  0.00000000E+00 0.2737E-12      6
 1002    8     0     -73      0     73  0.72943673E+00  0.00000000E+00 0.4438E-14      6
 1003    8     0     -72      0     72  0.74085039E+00  0.00000000E+00 0.4715E-12      6
 1004    8     0     -71      0     71  0.75114087E+00  0.00000000E+00 0.3847E-12      6
 1005    8     0     -70      0     70  0.75987167E+00  0.00000000E+00 0.4079E-12      6
 1006    8     0     -69      0     69  0.77189384E+00  0.00000000E+00 0.9764E-13      5
 1007    8     0     -68      0     68  0.78391402E+00  0.00000000E+00 0.2309E-12      6
 1008    8     0     -67      0     67  0.79314922E+00  0.00000000E+00 0.9900E-13      5
 1009    8     0     -66      0     66  0.80551086E+00  0.00000000E+00 0.5220E-13      5
 1010    8     0     -65      0     65  0.81927130E+00  0.00000000E+00 0.4108E-12      6
 1011    8     0     -64      0     64  0.82971545E+00  0.00000000E+00 0.1058E-12      5
 1012    8     0     -63      0     63  0.84217635E+00  0.00000000E+00 0.1034E-12      5
 1013    8     0     -62      0     62  0.85759953E+00  0.00000000E+00 0.1118E-12      6
 1014    8     0     -61      0     61  0.86997359E+00  0.00000000E+00 0.9369E-13      6
 1015    8     0     -60      0     60  0.88239750E+00  0.00000000E+00 0.9648E-13      5
 1016    8     0     -59      0     59  0.89933367E+00  0.00000000E+00 0.5093E-12      6
 1017    8     0     -58      0     58  0.91424127E+00  0.00000000E+00 0.3701E-12      5
 1018    8     0     -57      0     57  0.92677459E+00  0.00000000E+00 0.2786E-13      6
 1019    8     0     -56      0     56  0.94497426E+00  0.00000000E+00 0.1290E-12      6
 1020    8     0     -55      0     55  0.96277634E+00  0.00000000E+00 0.1652E-12      6
 1021    8     0     -54      0     54  0.97603165E+00  0.00000000E+00 0.2119E-12      6
 1022    8     0     -53      0     53  0.99515978E+00  0.00000000E+00 0.1536E-12      5
 1023    8     0     -52      0     52  0.10159845E+01  0.00000000E+00 0.3245E-13      6
 1024    8     0     -51      0     51  0.10309241E+01  0.00000000E+00 0.1586E-13      6
 1025    8     0     -50      0     50  0.10507185E+01  0.00000000E+00 0.1880E-13      6
 1026    8     0     -49      0     49  0.10746224E+01  0.00000000E+00 0.3840E-12      6
 1027    8     0     -48      0     48  0.10922122E+01  0.00000000E+00 0.3137E-12      5
 1028    8     0     -47      0     47  0.11125083E+01  0.00000000E+00 0.3621E-12      5
 1029    8     0     -46      0     46  0.11395411E+01  0.00000000E+00 0.1227E-12      5
 1030    8     0     -45      0     45  0.11608304E+01  0.00000000E+00 0.2850E-12      5
 1031    8     0     -44      0     44  0.11817572E+01  0.00000000E+00 0.1829E-13      5
 1032    8     0     -43      0     43  0.12122609E+01  0.00000000E+00 0.3845E-13      5
 1033    8     0     -42      0     42  0.12384414E+01  0.00000000E+00 0.5544E-13      6
 1034    8     0     -41      0     41  0.12605858E+01  0.00000000E+00 0.3355E-13      6
 1035    8     0     -40      0     40  0.12951096E+01  0.00000000E+00 0.1869E-12      5
 1036    8     0     -39      0     39  0.13279339E+01  0.00000000E+00 0.7936E-13      5
 1037    8     0     -38      0     38  0.13517425E+01  0.00000000E+00 0.1226E-12      6
 1038    8     0     -37      0     37  0.13899406E+01  0.00000000E+00 0.2626E-12      5
 1039    8     0     -36      0     36  0.14313705E+01  0.00000000E+00 0.3026E-12      6
 1040    8     0     -35      0     35  0.14594089E+01  0.00000000E+00 0.3110E-13      6
 1041    8     0     -34      0     34  0.14993834E+01  0.00000000E+00 0.1854E-12      6
 1042    8     0     -33      0     33  0.15499121E+01  0.00000000E+00 0.1194E-12      6
 1043    8     0     -32      0     32  0.15882821E+01  0.00000000E+00 0.9254E-13      5
 1044    8     0     -31      0     31  0.16275574E+01  0.00000000E+00 0.7495E-13      6
 1045    8     0     -30      0     30  0.16864865E+01  0.00000000E+00 0.2913E-13      6
  Time elapsed :      2.460 s

Mode Search
-----------

Mode parameters
   l : 9
   m : 0

Building frequency grid (REAL axis)
   added scan interval :  0.5202E+00 ->  0.2105E+01 (3000 points, INVERSE)

Building spatial grid
   Scaffold grid from model
   Split 14 subinterval(s) in iteration 1
   Split 0 subinterval(s) in iteration 2
   Final grid has 1 segment(s) and 7128 point(s):
      Segment 1 : x range 0.0000 -> 1.0012 (1 -> 7128)

Starting search (adiabatic)

Scanning frequencies
  Time elapsed :     1.685 s

Finding roots
  Time elapsed :      0.215 s

Processing modes
   id    l     m    n_pg    n_p    n_g       Re(omega)       Im(omega)        chi n_iter
 1065    9     0    -102      0    102  0.58719333E+00  0.00000000E+00 0.1151E-11      5
 1066    9     0    -101      0    101  0.59353307E+00  0.00000000E+00 0.6582E-13      6
 1067    9     0    -100      0    100  0.59899784E+00  0.00000000E+00 0.4251E-12      5
 1068    9     0     -99      0     99  0.60436592E+00  0.00000000E+00 0.7389E-13      5
 1069    9     0     -98      0     98  0.61108161E+00  0.00000000E+00 0.7573E-14      6
 1070    9     0     -97      0     97  0.61730445E+00  0.00000000E+00 0.3149E-13      6
 1071    9     0     -96      0     96  0.62273995E+00  0.00000000E+00 0.2492E-12      5
 1072    9     0     -95      0     95  0.62970053E+00  0.00000000E+00 0.3289E-12      5
 1073    9     0     -94      0     94  0.63672941E+00  0.00000000E+00 0.3143E-12      5
 1074    9     0     -93      0     93  0.64246096E+00  0.00000000E+00 0.4681E-13      5
 1075    9     0     -92      0     92  0.64952233E+00  0.00000000E+00 0.2143E-12      5
 1076    9     0     -91      0     91  0.65732643E+00  0.00000000E+00 0.3667E-12      5
 1077    9     0     -90      0     90  0.66366613E+00  0.00000000E+00 0.2872E-13      5
 1078    9     0     -89      0     89  0.67069484E+00  0.00000000E+00 0.8385E-13      5
 1079    9     0     -88      0     88  0.67917340E+00  0.00000000E+00 0.4795E-12      6
 1080    9     0     -87      0     87  0.68643488E+00  0.00000000E+00 0.2876E-12      6
 1081    9     0     -86      0     86  0.69342034E+00  0.00000000E+00 0.2271E-12      5
 1082    9     0     -85      0     85  0.70243985E+00  0.00000000E+00 0.4309E-13      6
 1083    9     0     -84      0     84  0.71083667E+00  0.00000000E+00 0.8945E-13      6
 1084    9     0     -83      0     83  0.71793419E+00  0.00000000E+00 0.2501E-12      6
 1085    9     0     -82      0     82  0.72731140E+00  0.00000000E+00 0.1243E-11      5
 1086    9     0     -81      0     81  0.73691991E+00  0.00000000E+00 0.3572E-12      6
 1087    9     0     -80      0     80  0.74448277E+00  0.00000000E+00 0.1284E-12      5
 1088    9     0     -79      0     79  0.75399508E+00  0.00000000E+00 0.3394E-12      5
 1089    9     0     -78      0     78  0.76477260E+00  0.00000000E+00 0.1758E-12      5
 1090    9     0     -77      0     77  0.77332585E+00  0.00000000E+00 0.1203E-13      5
 1091    9     0     -76      0     76  0.78277248E+00  0.00000000E+00 0.8086E-13      5
 1092    9     0     -75      0     75  0.79456065E+00  0.00000000E+00 0.2682E-12      6
 1093    9     0     -74      0     74  0.80457842E+00  0.00000000E+00 0.5088E-13      5
 1094    9     0     -73      0     73  0.81395012E+00  0.00000000E+00 0.1271E-13      6
 1095    9     0     -72      0     72  0.82653206E+00  0.00000000E+00 0.4390E-12      6
 1096    9     0     -71      0     71  0.83829742E+00  0.00000000E+00 0.1344E-13      6
 1097    9     0     -70      0     70  0.84786392E+00  0.00000000E+00 0.1264E-12      6
 1098    9     0     -69      0     69  0.86097528E+00  0.00000000E+00 0.2870E-13      5
 1099    9     0     -68      0     68  0.87460044E+00  0.00000000E+00 0.1922E-12      6
 1100    9     0     -67      0     67  0.88495328E+00  0.00000000E+00 0.1331E-12      5
 1101    9     0     -66      0     66  0.89828507E+00  0.00000000E+00 0.2968E-12      5
 1102    9     0     -65      0     65  0.91372063E+00  0.00000000E+00 0.2093E-12      6
 1103    9     0     -64      0     64  0.92566197E+00  0.00000000E+00 0.9302E-13      5
 1104    9     0     -63      0     63  0.93899015E+00  0.00000000E+00 0.1898E-12      6
 1105    9     0     -62      0     62  0.95611166E+00  0.00000000E+00 0.1516E-13      6
 1106    9     0     -61      0     61  0.97036819E+00  0.00000000E+00 0.1735E-12      5
 1107    9     0     -60      0     60  0.98365206E+00  0.00000000E+00 0.2682E-12      5
 1108    9     0     -59      0     59  0.10022550E+01  0.00000000E+00 0.6959E-13      5
 1109    9     0     -58      0     58  0.10193617E+01  0.00000000E+00 0.3314E-12      6
 1110    9     0     -57      0     57  0.10329342E+01  0.00000000E+00 0.1561E-12      6
 1111    9     0     -56      0     56  0.10526901E+01  0.00000000E+00 0.1514E-13      5
 1112    9     0     -55      0     55  0.10729012E+01  0.00000000E+00 0.1580E-12      5
 1113    9     0     -54      0     54  0.10876155E+01  0.00000000E+00 0.3214E-12      6
 1114    9     0     -53      0     53  0.11081235E+01  0.00000000E+00 0.1117E-13      5
 1115    9     0     -52      0     52  0.11314891E+01  0.00000000E+00 0.1539E-12      6
 1116    9     0     -51      0     51  0.11484640E+01  0.00000000E+00 0.4191E-13      5
 1117    9     0     -50      0     50  0.11694633E+01  0.00000000E+00 0.1583E-13      6
 1118    9     0     -49      0     49  0.11959942E+01  0.00000000E+00 0.3379E-13      6
 1119    9     0     -48      0     48  0.12162464E+01  0.00000000E+00 0.1048E-12      5
 1120    9     0     -47      0     47  0.12376077E+01  0.00000000E+00 0.6606E-13      6
 1121    9     0     -46      0     46  0.12673468E+01  0.00000000E+00 0.1184E-12      6
 1122    9     0     -45      0     45  0.12920847E+01  0.00000000E+00 0.1012E-12      6
 1123    9     0     -44      0     44  0.13140597E+01  0.00000000E+00 0.2651E-12      6
 1124    9     0     -43      0     43  0.13473199E+01  0.00000000E+00 0.1685E-13      6
 1125    9     0     -42      0     42  0.13778960E+01  0.00000000E+00 0.4407E-13      6
 1126    9     0     -41      0     41  0.14013140E+01  0.00000000E+00 0.1657E-13      6
 1127    9     0     -40      0     40  0.14382990E+01  0.00000000E+00 0.2017E-12      5
 1128    9     0     -39      0     39  0.14763419E+01  0.00000000E+00 0.9133E-13      6
 1129    9     0     -38      0     38  0.15024922E+01  0.00000000E+00 0.2405E-12      6
 1130    9     0     -37      0     37  0.15421280E+01  0.00000000E+00 0.4030E-13      6
 1131    9     0     -36      0     36  0.15889425E+01  0.00000000E+00 0.1901E-12      6
 1132    9     0     -35      0     35  0.16224072E+01  0.00000000E+00 0.9017E-13      6
 1133    9     0     -34      0     34  0.16619427E+01  0.00000000E+00 0.1372E-12      6
  Time elapsed :      2.723 s

Mode Search
-----------

Mode parameters
   l : 10
   m : 0

Building frequency grid (REAL axis)
   added scan interval :  0.5202E+00 ->  0.2105E+01 (3000 points, INVERSE)

Building spatial grid
   Scaffold grid from model
   Split 15 subinterval(s) in iteration 1
   Split 0 subinterval(s) in iteration 2
   Final grid has 1 segment(s) and 7129 point(s):
      Segment 1 : x range 0.0000 -> 1.0012 (1 -> 7129)

Starting search (adiabatic)

Scanning frequencies
  Time elapsed :     1.709 s

Finding roots
  Time elapsed :      0.239 s

Processing modes
   id    l     m    n_pg    n_p    n_g       Re(omega)       Im(omega)        chi n_iter
 1156   10     0    -112      0    112  0.59218306E+00  0.00000000E+00 0.3813E-12      5
 1157   10     0    -111      0    111  0.59789712E+00  0.00000000E+00 0.1561E-12      6
 1158   10     0    -110      0    110  0.60322133E+00  0.00000000E+00 0.5146E-12      6
 1159   10     0    -109      0    109  0.60796218E+00  0.00000000E+00 0.6289E-13      5
 1160   10     0    -108      0    108  0.61383178E+00  0.00000000E+00 0.2501E-12      5
 1161   10     0    -107      0    107  0.61976323E+00  0.00000000E+00 0.2565E-12      5
 1162   10     0    -106      0    106  0.62471721E+00  0.00000000E+00 0.1058E-11      5
 1163   10     0    -105      0    105  0.63061690E+00  0.00000000E+00 0.5547E-12      5
 1164   10     0    -104      0    104  0.63711988E+00  0.00000000E+00 0.7896E-12      5
 1165   10     0    -103      0    103  0.64254867E+00  0.00000000E+00 0.5754E-12      5
 1166   10     0    -102      0    102  0.64840027E+00  0.00000000E+00 0.1001E-11      5
 1167   10     0    -101      0    101  0.65538878E+00  0.00000000E+00 0.2705E-12      6
 1168   10     0    -100      0    100  0.66152598E+00  0.00000000E+00 0.3239E-12      5
 1169   10     0     -99      0     99  0.66734785E+00  0.00000000E+00 0.1006E-12      6
 1170   10     0     -98      0     98  0.67470176E+00  0.00000000E+00 0.3514E-12      6
 1171   10     0     -97      0     97  0.68168529E+00  0.00000000E+00 0.4018E-13      6
 1172   10     0     -96      0     96  0.68763367E+00  0.00000000E+00 0.3936E-13      5
 1173   10     0     -95      0     95  0.69519987E+00  0.00000000E+00 0.5786E-13      5
 1174   10     0     -94      0     94  0.70304860E+00  0.00000000E+00 0.6259E-12      5
 1175   10     0     -93      0     93  0.70940932E+00  0.00000000E+00 0.9181E-12      5
 1176   10     0     -92      0     92  0.71703001E+00  0.00000000E+00 0.1634E-12      5
 1177   10     0     -91      0     91  0.72568269E+00  0.00000000E+00 0.3257E-12      5
 1178   10     0     -90      0     90  0.73280791E+00  0.00000000E+00 0.1380E-12      5
 1179   10     0     -89      0     89  0.74036140E+00  0.00000000E+00 0.1191E-12      6
 1180   10     0     -88      0     88  0.74968807E+00  0.00000000E+00 0.8854E-13      6
 1181   10     0     -87      0     87  0.75789217E+00  0.00000000E+00 0.5701E-13      6
 1182   10     0     -86      0     86  0.76542401E+00  0.00000000E+00 0.2432E-12      6
 1183   10     0     -85      0     85  0.77525867E+00  0.00000000E+00 0.3358E-12      6
 1184   10     0     -84      0     84  0.78472056E+00  0.00000000E+00 0.1365E-12      6
 1185   10     0     -83      0     83  0.79247804E+00  0.00000000E+00 0.1126E-12      6
 1186   10     0     -82      0     82  0.80260124E+00  0.00000000E+00 0.3924E-12      5
 1187   10     0     -81      0     81  0.81334597E+00  0.00000000E+00 0.1130E-13      6
 1188   10     0     -80      0     80  0.82178070E+00  0.00000000E+00 0.5568E-13      5
 1189   10     0     -79      0     79  0.83195035E+00  0.00000000E+00 0.6209E-13      5
 1190   10     0     -78      0     78  0.84388589E+00  0.00000000E+00 0.8454E-13      5
 1191   10     0     -77      0     77  0.85357594E+00  0.00000000E+00 0.1053E-12      5
 1192   10     0     -76      0     76  0.86362431E+00  0.00000000E+00 0.4980E-12      5
 1193   10     0     -75      0     75  0.87654550E+00  0.00000000E+00 0.3706E-12      6
 1194   10     0     -74      0     74  0.88793568E+00  0.00000000E+00 0.3608E-13      6
 1195   10     0     -73      0     73  0.89796322E+00  0.00000000E+00 0.4639E-14      6
 1196   10     0     -72      0     72  0.91159975E+00  0.00000000E+00 0.2351E-13      6
 1197   10     0     -71      0     71  0.92489574E+00  0.00000000E+00 0.4617E-13      5
 1198   10     0     -70      0     70  0.93533535E+00  0.00000000E+00 0.3884E-12      5
 1199   10     0     -69      0     69  0.94936933E+00  0.00000000E+00 0.2214E-12      5
 1200   10     0     -68      0     68  0.96459985E+00  0.00000000E+00 0.2291E-12      6
 1201   10     0     -67      0     67  0.97619825E+00  0.00000000E+00 0.4237E-12      5
 1202   10     0     -66      0     66  0.99030038E+00  0.00000000E+00 0.2389E-12      5
 1203   10     0     -65      0     65  0.10073524E+01  0.00000000E+00 0.3608E-12      6
 1204   10     0     -64      0     64  0.10209635E+01  0.00000000E+00 0.3362E-15      5
 1205   10     0     -63      0     63  0.10349759E+01  0.00000000E+00 0.1147E-12      6
 1206   10     0     -62      0     62  0.10536710E+01  0.00000000E+00 0.5199E-13      6
 1207   10     0     -61      0     61  0.10699677E+01  0.00000000E+00 0.2554E-12      6
 1208   10     0     -60      0     60  0.10840119E+01  0.00000000E+00 0.1243E-12      5
 1209   10     0     -59      0     59  0.11040731E+01  0.00000000E+00 0.1183E-12      6
 1210   10     0     -58      0     58  0.11234690E+01  0.00000000E+00 0.2423E-12      5
 1211   10     0     -57      0     57  0.11381268E+01  0.00000000E+00 0.1499E-12      6
 1212   10     0     -56      0     56  0.11591315E+01  0.00000000E+00 0.1220E-12      5
 1213   10     0     -55      0     55  0.11817496E+01  0.00000000E+00 0.4618E-13      5
 1214   10     0     -54      0     54  0.11981303E+01  0.00000000E+00 0.1697E-12      5
 1215   10     0     -53      0     53  0.12196310E+01  0.00000000E+00 0.3821E-13      6
 1216   10     0     -52      0     52  0.12454449E+01  0.00000000E+00 0.1415E-12      6
 1217   10     0     -51      0     51  0.12647707E+01  0.00000000E+00 0.2045E-12      5
 1218   10     0     -50      0     50  0.12865482E+01  0.00000000E+00 0.4420E-13      6
 1219   10     0     -49      0     49  0.13155059E+01  0.00000000E+00 0.2054E-12      6
 1220   10     0     -48      0     48  0.13388190E+01  0.00000000E+00 0.1325E-12      6
 1221   10     0     -47      0     47  0.13608364E+01  0.00000000E+00 0.1766E-13      6
 1222   10     0     -46      0     46  0.13929401E+01  0.00000000E+00 0.9642E-13      6
 1223   10     0     -45      0     45  0.14215808E+01  0.00000000E+00 0.1101E-12      6
 1224   10     0     -44      0     44  0.14443946E+01  0.00000000E+00 0.1539E-12      6
 1225   10     0     -43      0     43  0.14797922E+01  0.00000000E+00 0.2584E-12      5
 1226   10     0     -42      0     42  0.15150638E+01  0.00000000E+00 0.1694E-12      6
 1227   10     0     -41      0     41  0.15400777E+01  0.00000000E+00 0.3310E-12      5
 1228   10     0     -40      0     40  0.15783887E+01  0.00000000E+00 0.1592E-12      6
 1229   10     0     -39      0     39  0.16214276E+01  0.00000000E+00 0.1598E-12      6
 1230   10     0     -38      0     38  0.16513660E+01  0.00000000E+00 0.1269E-12      6
 1231   10     0     -37      0     37  0.16906911E+01  0.00000000E+00 0.4830E-13      6
  Time elapsed :      3.004 s

Mode Search
-----------

Mode parameters
   l : 11
   m : 0

Building frequency grid (REAL axis)
   added scan interval :  0.5202E+00 ->  0.2105E+01 (3000 points, INVERSE)

Building spatial grid
   Scaffold grid from model
   Split 15 subinterval(s) in iteration 1
   Split 0 subinterval(s) in iteration 2
   Final grid has 1 segment(s) and 7129 point(s):
      Segment 1 : x range 0.0000 -> 1.0012 (1 -> 7129)

Starting search (adiabatic)

Scanning frequencies
  Time elapsed :     1.674 s

Finding roots
  Time elapsed :      0.254 s

Processing modes
   id    l     m    n_pg    n_p    n_g       Re(omega)       Im(omega)        chi n_iter
 1256   11     0    -123      0    123  0.59206037E+00  0.00000000E+00 0.3424E-12      6
 1257   11     0    -122      0    122  0.59629733E+00  0.00000000E+00 0.4986E-12      5
 1258   11     0    -121      0    121  0.60141687E+00  0.00000000E+00 0.1451E-12      5
 1259   11     0    -120      0    120  0.60662832E+00  0.00000000E+00 0.2383E-12      6
 1260   11     0    -119      0    119  0.61104804E+00  0.00000000E+00 0.4027E-12      5
 1261   11     0    -118      0    118  0.61620630E+00  0.00000000E+00 0.6049E-12      5
 1262   11     0    -117      0    117  0.62183793E+00  0.00000000E+00 0.1004E-12      6
 1263   11     0    -116      0    116  0.62659925E+00  0.00000000E+00 0.3653E-12      6
 1264   11     0    -115      0    115  0.63170245E+00  0.00000000E+00 0.2521E-12      5
 1265   11     0    -114      0    114  0.63767627E+00  0.00000000E+00 0.8604E-12      5
 1266   11     0    -113      0    113  0.64296269E+00  0.00000000E+00 0.1615E-12      6
 1267   11     0    -112      0    112  0.64802709E+00  0.00000000E+00 0.2760E-12      5
 1268   11     0    -111      0    111  0.65423575E+00  0.00000000E+00 0.5664E-13      5
 1269   11     0    -110      0    110  0.66013781E+00  0.00000000E+00 0.2878E-12      6
 1270   11     0    -109      0    109  0.66528749E+00  0.00000000E+00 0.4682E-12      5
 1271   11     0    -108      0    108  0.67162486E+00  0.00000000E+00 0.8370E-12      5
 1272   11     0    -107      0    107  0.67817376E+00  0.00000000E+00 0.3395E-12      5
 1273   11     0    -106      0    106  0.68361877E+00  0.00000000E+00 0.2323E-13      5
 1274   11     0    -105      0    105  0.68994992E+00  0.00000000E+00 0.3667E-12      5
 1275   11     0    -104      0    104  0.69708624E+00  0.00000000E+00 0.1592E-12      6
 1276   11     0    -103      0    103  0.70311581E+00  0.00000000E+00 0.7275E-12      5
 1277   11     0    -102      0    102  0.70937828E+00  0.00000000E+00 0.6236E-12      6
 1278   11     0    -101      0    101  0.71699429E+00  0.00000000E+00 0.2641E-12      6
 1279   11     0    -100      0    100  0.72383869E+00  0.00000000E+00 0.4162E-13      6
 1280   11     0     -99      0     99  0.73009611E+00  0.00000000E+00 0.1542E-12      6
 1281   11     0     -98      0     98  0.73804864E+00  0.00000000E+00 0.1315E-12      5
 1282   11     0     -97      0     97  0.74581712E+00  0.00000000E+00 0.9450E-13      6
 1283   11     0     -96      0     96  0.75229059E+00  0.00000000E+00 0.4339E-13      5
 1284   11     0     -95      0     95  0.76040476E+00  0.00000000E+00 0.4145E-12      5
 1285   11     0     -94      0     94  0.76907849E+00  0.00000000E+00 0.1101E-13      6
 1286   11     0     -93      0     93  0.77611192E+00  0.00000000E+00 0.9113E-12      5
 1287   11     0     -92      0     92  0.78422488E+00  0.00000000E+00 0.9609E-13      5
 1288   11     0     -91      0     91  0.79370787E+00  0.00000000E+00 0.1252E-13      6
 1289   11     0     -90      0     90  0.80168004E+00  0.00000000E+00 0.3187E-13      6
 1290   11     0     -89      0     89  0.80970274E+00  0.00000000E+00 0.1471E-12      6
 1291   11     0     -88      0     88  0.81983199E+00  0.00000000E+00 0.4283E-12      5
 1292   11     0     -87      0     87  0.82903478E+00  0.00000000E+00 0.1230E-12      5
 1293   11     0     -86      0     86  0.83709667E+00  0.00000000E+00 0.3204E-12      5
 1294   11     0     -85      0     85  0.84766868E+00  0.00000000E+00 0.2623E-12      5
 1295   11     0     -84      0     84  0.85822525E+00  0.00000000E+00 0.5935E-14      5
 1296   11     0     -83      0     83  0.86668580E+00  0.00000000E+00 0.4916E-13      6
 1297   11     0     -82      0     82  0.87744656E+00  0.00000000E+00 0.4610E-13      5
 1298   11     0     -81      0     81  0.88931995E+00  0.00000000E+00 0.1973E-12      6
 1299   11     0     -80      0     80  0.89872276E+00  0.00000000E+00 0.6821E-13      5
 1300   11     0     -79      0     79  0.90943100E+00  0.00000000E+00 0.2730E-13      5
 1301   11     0     -78      0     78  0.92247612E+00  0.00000000E+00 0.1029E-12      6
 1302   11     0     -77      0     77  0.93341551E+00  0.00000000E+00 0.1782E-12      6
 1303   11     0     -76      0     76  0.94398009E+00  0.00000000E+00 0.1981E-12      6
 1304   11     0     -75      0     75  0.95793772E+00  0.00000000E+00 0.2387E-12      6
 1305   11     0     -74      0     74  0.97078435E+00  0.00000000E+00 0.2230E-12      6
 1306   11     0     -73      0     73  0.98146532E+00  0.00000000E+00 0.2220E-12      6
 1307   11     0     -72      0     72  0.99600290E+00  0.00000000E+00 0.1048E-12      5
 1308   11     0     -71      0     71  0.10108552E+01  0.00000000E+00 0.2561E-12      6
 1309   11     0     -70      0     70  0.10222742E+01  0.00000000E+00 0.5190E-12      6
 1310   11     0     -69      0     69  0.10370281E+01  0.00000000E+00 0.2384E-12      5
 1311   11     0     -68      0     68  0.10538237E+01  0.00000000E+00 0.3736E-12      6
 1312   11     0     -67      0     67  0.10668521E+01  0.00000000E+00 0.9155E-13      5
 1313   11     0     -66      0     66  0.10815156E+01  0.00000000E+00 0.4931E-12      6
 1314   11     0     -65      0     65  0.11000780E+01  0.00000000E+00 0.2904E-12      6
 1315   11     0     -64      0     64  0.11155502E+01  0.00000000E+00 0.1121E-12      5
 1316   11     0     -63      0     63  0.11301037E+01  0.00000000E+00 0.1405E-12      6
 1317   11     0     -62      0     62  0.11501878E+01  0.00000000E+00 0.2741E-12      6
 1318   11     0     -61      0     61  0.11686568E+01  0.00000000E+00 0.2413E-13      6
 1319   11     0     -60      0     60  0.11834598E+01  0.00000000E+00 0.1592E-12      6
 1320   11     0     -59      0     59  0.12046948E+01  0.00000000E+00 0.5195E-13      6
 1321   11     0     -58      0     58  0.12264084E+01  0.00000000E+00 0.3615E-13      6
 1322   11     0     -57      0     57  0.12423372E+01  0.00000000E+00 0.7578E-13      6
 1323   11     0     -56      0     56  0.12642058E+01  0.00000000E+00 0.2387E-13      5
 1324   11     0     -55      0     55  0.12891520E+01  0.00000000E+00 0.9676E-13      5
 1325   11     0     -54      0     54  0.13075397E+01  0.00000000E+00 0.2686E-12      6
 1326   11     0     -53      0     53  0.13296005E+01  0.00000000E+00 0.6526E-13      5
 1327   11     0     -52      0     52  0.13576787E+01  0.00000000E+00 0.2598E-12      6
 1328   11     0     -51      0     51  0.13797630E+01  0.00000000E+00 0.1041E-12      6
 1329   11     0     -50      0     50  0.14019098E+01  0.00000000E+00 0.1142E-12      6
 1330   11     0     -49      0     49  0.14329660E+01  0.00000000E+00 0.3767E-14      6
 1331   11     0     -48      0     48  0.14597714E+01  0.00000000E+00 0.3052E-14      6
 1332   11     0     -47      0     47  0.14822038E+01  0.00000000E+00 0.2055E-12      6
 1333   11     0     -46      0     46  0.15161332E+01  0.00000000E+00 0.3039E-13      6
 1334   11     0     -45      0     45  0.15490020E+01  0.00000000E+00 0.1457E-13      6
 1335   11     0     -44      0     44  0.15729139E+01  0.00000000E+00 0.3592E-13      6
 1336   11     0     -43      0     43  0.16094932E+01  0.00000000E+00 0.2733E-12      5
 1337   11     0     -42      0     42  0.16493597E+01  0.00000000E+00 0.1050E-12      6
 1338   11     0     -41      0     41  0.16771213E+01  0.00000000E+00 0.1300E-13      6
  Time elapsed :      3.269 s

Mode Search
-----------

Mode parameters
   l : 12
   m : 0

Building frequency grid (REAL axis)
   added scan interval :  0.5202E+00 ->  0.2105E+01 (3000 points, INVERSE)

Building spatial grid
   Scaffold grid from model
   Split 20 subinterval(s) in iteration 1
   Split 0 subinterval(s) in iteration 2
   Final grid has 1 segment(s) and 7134 point(s):
      Segment 1 : x range 0.0000 -> 1.0012 (1 -> 7134)

Starting search (adiabatic)

Scanning frequencies
  Time elapsed :     1.707 s

Finding roots
  Time elapsed :      0.278 s

Processing modes
   id    l     m    n_pg    n_p    n_g       Re(omega)       Im(omega)        chi n_iter
 1366   12     0    -134      0    134  0.59082705E+00  0.00000000E+00 0.1125E-12      6
 1367   12     0    -133      0    133  0.59554390E+00  0.00000000E+00 0.2504E-13      5
 1368   12     0    -132      0    132  0.59960520E+00  0.00000000E+00 0.3332E-12      6
 1369   12     0    -131      0    131  0.60405220E+00  0.00000000E+00 0.2188E-12      5
 1370   12     0    -130      0    130  0.60905690E+00  0.00000000E+00 0.8904E-13      6
 1371   12     0    -129      0    129  0.61344556E+00  0.00000000E+00 0.2019E-12      6
 1372   12     0    -128      0    128  0.61788786E+00  0.00000000E+00 0.1483E-12      5
 1373   12     0    -127      0    127  0.62313244E+00  0.00000000E+00 0.3042E-12      5
 1374   12     0    -126      0    126  0.62794165E+00  0.00000000E+00 0.3919E-12      6
 1375   12     0    -125      0    125  0.63240945E+00  0.00000000E+00 0.4221E-13      5
 1376   12     0    -124      0    124  0.63781278E+00  0.00000000E+00 0.1890E-12      6
 1377   12     0    -123      0    123  0.64306834E+00  0.00000000E+00 0.1116E-12      6
 1378   12     0    -122      0    122  0.64765015E+00  0.00000000E+00 0.8429E-13      5
 1379   12     0    -121      0    121  0.65314278E+00  0.00000000E+00 0.5821E-12      5
 1380   12     0    -120      0    120  0.65884374E+00  0.00000000E+00 0.2276E-12      6
 1381   12     0    -119      0    119  0.66366136E+00  0.00000000E+00 0.2050E-12      5
 1382   12     0    -118      0    118  0.66917291E+00  0.00000000E+00 0.3003E-12      5
 1383   12     0    -117      0    117  0.67530474E+00  0.00000000E+00 0.2947E-12      5
 1384   12     0    -116      0    116  0.68053587E+00  0.00000000E+00 0.3069E-12      6
 1385   12     0    -115      0    115  0.68597770E+00  0.00000000E+00 0.2733E-12      5
 1386   12     0    -114      0    114  0.69244478E+00  0.00000000E+00 0.3265E-12      5
 1387   12     0    -113      0    113  0.69827263E+00  0.00000000E+00 0.4616E-12      5
 1388   12     0    -112      0    112  0.70369224E+00  0.00000000E+00 0.4284E-12      5
 1389   12     0    -111      0    111  0.71036962E+00  0.00000000E+00 0.1958E-12      6
 1390   12     0    -110      0    110  0.71686541E+00  0.00000000E+00 0.4101E-12      6
 1391   12     0    -109      0    109  0.72243051E+00  0.00000000E+00 0.1508E-12      5
 1392   12     0    -108      0    108  0.72919829E+00  0.00000000E+00 0.1022E-12      5
 1393   12     0    -107      0    107  0.73636760E+00  0.00000000E+00 0.1361E-12      6
 1394   12     0    -106      0    106  0.74233134E+00  0.00000000E+00 0.1785E-12      5
 1395   12     0    -105      0    105  0.74905139E+00  0.00000000E+00 0.2912E-13      5
 1396   12     0    -104      0    104  0.75680782E+00  0.00000000E+00 0.2168E-12      6
 1397   12     0    -103      0    103  0.76347716E+00  0.00000000E+00 0.1085E-12      6
 1398   12     0    -102      0    102  0.77011782E+00  0.00000000E+00 0.2660E-12      6
 1399   12     0    -101      0    101  0.77832968E+00  0.00000000E+00 0.1037E-12      6
 1400   12     0    -100      0    100  0.78591592E+00  0.00000000E+00 0.1990E-13      6
 1401   12     0     -99      0     99  0.79260368E+00  0.00000000E+00 0.3243E-12      5
 1402   12     0     -98      0     98  0.80110282E+00  0.00000000E+00 0.3544E-12      5
 1403   12     0     -97      0     97  0.80967330E+00  0.00000000E+00 0.3547E-12      6
 1404   12     0     -96      0     96  0.81670367E+00  0.00000000E+00 0.1128E-12      6
 1405   12     0     -95      0     95  0.82529709E+00  0.00000000E+00 0.1435E-12      5
 1406   12     0     -94      0     94  0.83478870E+00  0.00000000E+00 0.1948E-12      6
 1407   12     0     -93      0     93  0.84255619E+00  0.00000000E+00 0.2420E-12      5
 1408   12     0     -92      0     92  0.85109174E+00  0.00000000E+00 0.1248E-12      5
 1409   12     0     -91      0     91  0.86137080E+00  0.00000000E+00 0.1589E-12      6
 1410   12     0     -90      0     90  0.87025856E+00  0.00000000E+00 0.2284E-12      6
 1411   12     0     -89      0     89  0.87870864E+00  0.00000000E+00 0.1671E-12      6
 1412   12     0     -88      0     88  0.88957466E+00  0.00000000E+00 0.1445E-12      5
 1413   12     0     -87      0     87  0.89982468E+00  0.00000000E+00 0.1409E-12      6
 1414   12     0     -86      0     86  0.90843244E+00  0.00000000E+00 0.2232E-13      6
 1415   12     0     -85      0     85  0.91964089E+00  0.00000000E+00 0.5330E-12      5
 1416   12     0     -84      0     84  0.93130209E+00  0.00000000E+00 0.4676E-13      6
 1417   12     0     -83      0     83  0.94054908E+00  0.00000000E+00 0.3264E-12      6
 1418   12     0     -82      0     82  0.95182199E+00  0.00000000E+00 0.6796E-12      5
 1419   12     0     -81      0     81  0.96479026E+00  0.00000000E+00 0.8941E-15      6
 1420   12     0     -80      0     80  0.97528554E+00  0.00000000E+00 0.3404E-13      5
 1421   12     0     -79      0     79  0.98641860E+00  0.00000000E+00 0.2807E-13      6
 1422   12     0     -78      0     78  0.10004930E+01  0.00000000E+00 0.4876E-14      6
 1423   12     0     -77      0     77  0.10127952E+01  0.00000000E+00 0.2297E-12      6
 1424   12     0     -76      0     76  0.10238310E+01  0.00000000E+00 0.3109E-13      6
 1425   12     0     -75      0     75  0.10386883E+01  0.00000000E+00 0.7399E-13      6
 1426   12     0     -74      0     74  0.10530479E+01  0.00000000E+00 0.3875E-12      6
 1427   12     0     -73      0     73  0.10644533E+01  0.00000000E+00 0.5597E-13      6
 1428   12     0     -72      0     72  0.10796950E+01  0.00000000E+00 0.1733E-12      5
 1429   12     0     -71      0     71  0.10960850E+01  0.00000000E+00 0.2650E-13      6
 1430   12     0     -70      0     70  0.11086655E+01  0.00000000E+00 0.2870E-12      6
 1431   12     0     -69      0     69  0.11239124E+01  0.00000000E+00 0.1650E-12      6
 1432   12     0     -68      0     68  0.11421825E+01  0.00000000E+00 0.2256E-12      6
 1433   12     0     -67      0     67  0.11568640E+01  0.00000000E+00 0.4349E-13      6
 1434   12     0     -66      0     66  0.11719044E+01  0.00000000E+00 0.1439E-12      6
 1435   12     0     -65      0     65  0.11918119E+01  0.00000000E+00 0.1752E-12      6
 1436   12     0     -64      0     64  0.12093222E+01  0.00000000E+00 0.3132E-12      5
 1437   12     0     -63      0     63  0.12243644E+01  0.00000000E+00 0.5865E-13      5
 1438   12     0     -62      0     62  0.12455779E+01  0.00000000E+00 0.2755E-13      6
 1439   12     0     -61      0     61  0.12662878E+01  0.00000000E+00 0.2731E-12      5
 1440   12     0     -60      0     60  0.12819976E+01  0.00000000E+00 0.7779E-13      6
 1441   12     0     -59      0     59  0.13040367E+01  0.00000000E+00 0.4067E-13      5
 1442   12     0     -58      0     58  0.13280060E+01  0.00000000E+00 0.9528E-13      6
 1443   12     0     -57      0     57  0.13455528E+01  0.00000000E+00 0.3163E-13      6
 1444   12     0     -56      0     56  0.13678402E+01  0.00000000E+00 0.9089E-13      6
 1445   12     0     -55      0     55  0.13949391E+01  0.00000000E+00 0.5382E-13      6
 1446   12     0     -54      0     54  0.14157826E+01  0.00000000E+00 0.9610E-13      5
 1447   12     0     -53      0     53  0.14379858E+01  0.00000000E+00 0.1984E-12      6
 1448   12     0     -52      0     52  0.14680213E+01  0.00000000E+00 0.1280E-12      6
 1449   12     0     -51      0     51  0.14932968E+01  0.00000000E+00 0.8914E-13      6
 1450   12     0     -50      0     50  0.15155488E+01  0.00000000E+00 0.5304E-13      6
 1451   12     0     -49      0     49  0.15481946E+01  0.00000000E+00 0.2218E-12      5
 1452   12     0     -48      0     48  0.15788176E+01  0.00000000E+00 0.3225E-13      6
 1453   12     0     -47      0     47  0.16018444E+01  0.00000000E+00 0.5390E-13      6
 1454   12     0     -46      0     46  0.16367809E+01  0.00000000E+00 0.4905E-13      5
 1455   12     0     -45      0     45  0.16738598E+01  0.00000000E+00 0.3127E-12      6
 1456   12     0     -44      0     44  0.16998754E+01  0.00000000E+00 0.7119E-13      6
  Time elapsed :      3.626 s

Mode Search
-----------

Mode parameters
   l : 13
   m : 0

Building frequency grid (REAL axis)
   added scan interval :  0.5202E+00 ->  0.2105E+01 (3000 points, INVERSE)

Building spatial grid
   Scaffold grid from model
   Split 225 subinterval(s) in iteration 1
   Split 10 subinterval(s) in iteration 2
   Split 0 subinterval(s) in iteration 3
   Final grid has 1 segment(s) and 7349 point(s):
      Segment 1 : x range 0.0000 -> 1.0012 (1 -> 7349)

Starting search (adiabatic)

Scanning frequencies
  Time elapsed :     1.772 s

Finding roots
  Time elapsed :      0.311 s

Processing modes
   id    l     m    n_pg    n_p    n_g       Re(omega)       Im(omega)        chi n_iter
 1485   13     0    -145      0    145  0.58993114E+00  0.00000000E+00 0.2940E-13      5
 1486   13     0    -144      0    144  0.59381011E+00  0.00000000E+00 0.7414E-13      5
 1487   13     0    -143      0    143  0.59825684E+00  0.00000000E+00 0.1277E-12      6
 1488   13     0    -142      0    142  0.60234179E+00  0.00000000E+00 0.3308E-12      6
 1489   13     0    -141      0    141  0.60624237E+00  0.00000000E+00 0.3746E-12      5
 1490   13     0    -140      0    140  0.61083574E+00  0.00000000E+00 0.2672E-12      6
 1491   13     0    -139      0    139  0.61526119E+00  0.00000000E+00 0.3917E-12      6
 1492   13     0    -138      0    138  0.61925377E+00  0.00000000E+00 0.3769E-12      5
 1493   13     0    -137      0    137  0.62394511E+00  0.00000000E+00 0.1558E-12      6
 1494   13     0    -136      0    136  0.62871596E+00  0.00000000E+00 0.8576E-13      6
 1495   13     0    -135      0    135  0.63286434E+00  0.00000000E+00 0.4175E-12      5
 1496   13     0    -134      0    134  0.63759921E+00  0.00000000E+00 0.1443E-13      5
 1497   13     0    -133      0    133  0.64270902E+00  0.00000000E+00 0.9211E-14      6
 1498   13     0    -132      0    132  0.64712409E+00  0.00000000E+00 0.4374E-12      5
 1499   13     0    -131      0    131  0.65185146E+00  0.00000000E+00 0.6556E-12      5
 1500   13     0    -130      0    130  0.65725019E+00  0.00000000E+00 0.6700E-13      6
 1501   13     0    -129      0    129  0.66204093E+00  0.00000000E+00 0.5507E-13      6
 1502   13     0    -128      0    128  0.66676658E+00  0.00000000E+00 0.1888E-12      5
 1503   13     0    -127      0    127  0.67239751E+00  0.00000000E+00 0.6171E-13      6
 1504   13     0    -126      0    126  0.67765209E+00  0.00000000E+00 0.2282E-12      6
 1505   13     0    -125      0    125  0.68242632E+00  0.00000000E+00 0.4734E-13      5
 1506   13     0    -124      0    124  0.68819860E+00  0.00000000E+00 0.4670E-12      6
 1507   13     0    -123      0    123  0.69392948E+00  0.00000000E+00 0.1216E-12      6
 1508   13     0    -122      0    122  0.69886267E+00  0.00000000E+00 0.3718E-12      5
 1509   13     0    -121      0    121  0.70470202E+00  0.00000000E+00 0.6558E-13      5
 1510   13     0    -120      0    120  0.71089466E+00  0.00000000E+00 0.1176E-12      6
 1511   13     0    -119      0    119  0.71612825E+00  0.00000000E+00 0.1807E-12      5
 1512   13     0    -118      0    118  0.72196409E+00  0.00000000E+00 0.1502E-12      5
 1513   13     0    -117      0    117  0.72858812E+00  0.00000000E+00 0.2711E-12      6
 1514   13     0    -116      0    116  0.73431465E+00  0.00000000E+00 0.8681E-13      6
 1515   13     0    -115      0    115  0.74007170E+00  0.00000000E+00 0.7013E-12      6
 1516   13     0    -114      0    114  0.74701185E+00  0.00000000E+00 0.8591E-13      6
 1517   13     0    -113      0    113  0.75340473E+00  0.00000000E+00 0.5901E-12      5
 1518   13     0    -112      0    112  0.75917334E+00  0.00000000E+00 0.4509E-13      5
 1519   13     0    -111      0    111  0.76628581E+00  0.00000000E+00 0.1313E-12      6
 1520   13     0    -110      0    110  0.77338811E+00  0.00000000E+00 0.3887E-13      6
 1521   13     0    -109      0    109  0.77938628E+00  0.00000000E+00 0.1337E-12      5
 1522   13     0    -108      0    108  0.78653981E+00  0.00000000E+00 0.7314E-13      5
 1523   13     0    -107      0    107  0.79432551E+00  0.00000000E+00 0.3516E-13      6
 1524   13     0    -106      0    106  0.80084670E+00  0.00000000E+00 0.4966E-13      5
 1525   13     0    -105      0    105  0.80791123E+00  0.00000000E+00 0.2979E-12      6
 1526   13     0    -104      0    104  0.81626460E+00  0.00000000E+00 0.1754E-12      6
 1527   13     0    -103      0    103  0.82361749E+00  0.00000000E+00 0.2511E-13      6
 1528   13     0    -102      0    102  0.83061217E+00  0.00000000E+00 0.2253E-12      6
 1529   13     0    -101      0    101  0.83937538E+00  0.00000000E+00 0.1403E-12      6
 1530   13     0    -100      0    100  0.84773397E+00  0.00000000E+00 0.1487E-12      6
 1531   13     0     -99      0     99  0.85486613E+00  0.00000000E+00 0.4657E-12      6
 1532   13     0     -98      0     98  0.86384597E+00  0.00000000E+00 0.1892E-12      5
 1533   13     0     -97      0     97  0.87322434E+00  0.00000000E+00 0.7823E-13      6
 1534   13     0     -96      0     96  0.88086656E+00  0.00000000E+00 0.1002E-12      5
 1535   13     0     -95      0     95  0.88986110E+00  0.00000000E+00 0.4974E-13      5
 1536   13     0     -94      0     94  0.90014739E+00  0.00000000E+00 0.2324E-12      6
 1537   13     0     -93      0     93  0.90872613E+00  0.00000000E+00 0.9453E-13      5
 1538   13     0     -92      0     92  0.91761975E+00  0.00000000E+00 0.8969E-13      6
 1539   13     0     -91      0     91  0.92864043E+00  0.00000000E+00 0.2776E-12      5
 1540   13     0     -90      0     90  0.93851220E+00  0.00000000E+00 0.4971E-13      6
 1541   13     0     -89      0     89  0.94737491E+00  0.00000000E+00 0.9640E-13      6
 1542   13     0     -88      0     88  0.95888719E+00  0.00000000E+00 0.5415E-12      6
 1543   13     0     -87      0     87  0.97021578E+00  0.00000000E+00 0.5263E-13      6
 1544   13     0     -86      0     86  0.97942947E+00  0.00000000E+00 0.6341E-13      6
 1545   13     0     -85      0     85  0.99114966E+00  0.00000000E+00 0.8643E-13      5
 1546   13     0     -84      0     84  0.10038980E+01  0.00000000E+00 0.1561E-12      6
 1547   13     0     -83      0     83  0.10140565E+01  0.00000000E+00 0.1760E-12      5
 1548   13     0     -82      0     82  0.10257089E+01  0.00000000E+00 0.1707E-12      6
 1549   13     0     -81      0     81  0.10397055E+01  0.00000000E+00 0.1030E-12      6
 1550   13     0     -80      0     80  0.10514329E+01  0.00000000E+00 0.4548E-13      6
 1551   13     0     -79      0     79  0.10629053E+01  0.00000000E+00 0.1455E-12      5
 1552   13     0     -78      0     78  0.10778891E+01  0.00000000E+00 0.2146E-12      5
 1553   13     0     -77      0     77  0.10916467E+01  0.00000000E+00 0.2330E-13      6
 1554   13     0     -76      0     76  0.11031801E+01  0.00000000E+00 0.1946E-12      6
 1555   13     0     -75      0     75  0.11187532E+01  0.00000000E+00 0.2471E-12      5
 1556   13     0     -74      0     74  0.11346350E+01  0.00000000E+00 0.1672E-12      6
 1557   13     0     -73      0     73  0.11469272E+01  0.00000000E+00 0.1817E-12      6
 1558   13     0     -72      0     72  0.11626384E+01  0.00000000E+00 0.1438E-12      5
 1559   13     0     -71      0     71  0.11804912E+01  0.00000000E+00 0.1061E-12      6
 1560   13     0     -70      0     70  0.11944791E+01  0.00000000E+00 0.1531E-14      5
 1561   13     0     -69      0     69  0.12099981E+01  0.00000000E+00 0.4897E-13      5
 1562   13     0     -68      0     68  0.12295926E+01  0.00000000E+00 0.2696E-12      6
 1563   13     0     -67      0     67  0.12461517E+01  0.00000000E+00 0.2539E-12      6
 1564   13     0     -66      0     66  0.12614629E+01  0.00000000E+00 0.5192E-13      6
 1565   13     0     -65      0     65  0.12824778E+01  0.00000000E+00 0.2208E-12      6
 1566   13     0     -64      0     64  0.13021423E+01  0.00000000E+00 0.3032E-14      6
 1567   13     0     -63      0     63  0.13177721E+01  0.00000000E+00 0.1106E-12      5
 1568   13     0     -62      0     62  0.13397688E+01  0.00000000E+00 0.1599E-12      5
 1569   13     0     -61      0     61  0.13626881E+01  0.00000000E+00 0.7001E-13      6
 1570   13     0     -60      0     60  0.13796344E+01  0.00000000E+00 0.2048E-12      6
 1571   13     0     -59      0     59  0.14020333E+01  0.00000000E+00 0.4448E-13      6
 1572   13     0     -58      0     58  0.14280878E+01  0.00000000E+00 0.9204E-14      6
 1573   13     0     -57      0     57  0.14477355E+01  0.00000000E+00 0.1404E-12      5
 1574   13     0     -56      0     56  0.14699967E+01  0.00000000E+00 0.1695E-12      6
 1575   13     0     -55      0     55  0.14989584E+01  0.00000000E+00 0.1690E-13      5
 1576   13     0     -54      0     54  0.15227354E+01  0.00000000E+00 0.7509E-13      6
 1577   13     0     -53      0     53  0.15447980E+01  0.00000000E+00 0.9079E-13      6
 1578   13     0     -52      0     52  0.15763174E+01  0.00000000E+00 0.2680E-13      6
 1579   13     0     -51      0     51  0.16051091E+01  0.00000000E+00 0.2136E-12      6
 1580   13     0     -50      0     50  0.16275672E+01  0.00000000E+00 0.5497E-13      6
 1581   13     0     -49      0     49  0.16610481E+01  0.00000000E+00 0.6051E-13      5
 1582   13     0     -48      0     48  0.16955126E+01  0.00000000E+00 0.1854E-14      6
  Time elapsed :      4.034 s

Mode Search
-----------

Mode parameters
   l : 14
   m : 0

Building frequency grid (REAL axis)
   added scan interval :  0.5202E+00 ->  0.2105E+01 (3000 points, INVERSE)

Building spatial grid
   Scaffold grid from model
   Split 346 subinterval(s) in iteration 1
   Split 20 subinterval(s) in iteration 2
   Split 0 subinterval(s) in iteration 3
   Final grid has 1 segment(s) and 7480 point(s):
      Segment 1 : x range 0.0000 -> 1.0012 (1 -> 7480)

Starting search (adiabatic)

Scanning frequencies
  Time elapsed :     1.713 s

Finding roots
  Time elapsed :      0.340 s

Processing modes
   id    l     m    n_pg    n_p    n_g       Re(omega)       Im(omega)        chi n_iter
 1613   14     0    -156      0    156  0.58914261E+00  0.00000000E+00 0.1038E-12      6
 1614   14     0    -155      0    155  0.59295255E+00  0.00000000E+00 0.1410E-13      6
 1615   14     0    -154      0    154  0.59646162E+00  0.00000000E+00 0.8349E-13      5
 1616   14     0    -153      0    153  0.60049309E+00  0.00000000E+00 0.5412E-12      6
 1617   14     0    -152      0    152  0.60456599E+00  0.00000000E+00 0.2928E-12      5
 1618   14     0    -151      0    151  0.60819727E+00  0.00000000E+00 0.4987E-12      5
 1619   14     0    -150      0    150  0.61227959E+00  0.00000000E+00 0.5061E-12      5
 1620   14     0    -149      0    149  0.61662403E+00  0.00000000E+00 0.3678E-12      5
 1621   14     0    -148      0    148  0.62046061E+00  0.00000000E+00 0.5154E-12      5
 1622   14     0    -147      0    147  0.62455007E+00  0.00000000E+00 0.4474E-13      5
 1623   14     0    -146      0    146  0.62911843E+00  0.00000000E+00 0.1099E-12      6
 1624   14     0    -145      0    145  0.63323234E+00  0.00000000E+00 0.5851E-12      5
 1625   14     0    -144      0    144  0.63734484E+00  0.00000000E+00 0.1640E-12      5
 1626   14     0    -143      0    143  0.64209964E+00  0.00000000E+00 0.6527E-13      6
 1627   14     0    -142      0    142  0.64653093E+00  0.00000000E+00 0.2673E-12      6
 1628   14     0    -141      0    141  0.65067868E+00  0.00000000E+00 0.1477E-12      5
 1629   14     0    -140      0    140  0.65557058E+00  0.00000000E+00 0.7247E-13      6
 1630   14     0    -139      0    139  0.66036608E+00  0.00000000E+00 0.2560E-12      6
 1631   14     0    -138      0    138  0.66463506E+00  0.00000000E+00 0.1344E-12      5
 1632   14     0    -137      0    137  0.66961171E+00  0.00000000E+00 0.2247E-12      5
 1633   14     0    -136      0    136  0.67476745E+00  0.00000000E+00 0.2672E-12      6
 1634   14     0    -135      0    135  0.67923403E+00  0.00000000E+00 0.1129E-12      5
 1635   14     0    -134      0    134  0.68423992E+00  0.00000000E+00 0.2969E-12      5
 1636   14     0    -133      0    133  0.68973887E+00  0.00000000E+00 0.7839E-14      6
 1637   14     0    -132      0    132  0.69452301E+00  0.00000000E+00 0.9533E-13      5
 1638   14     0    -131      0    131  0.69951436E+00  0.00000000E+00 0.8938E-13      5
 1639   14     0    -130      0    130  0.70529679E+00  0.00000000E+00 0.7719E-14      6
 1640   14     0    -129      0    129  0.71050605E+00  0.00000000E+00 0.4010E-12      5
 1641   14     0    -128      0    128  0.71550530E+00  0.00000000E+00 0.1672E-12      6
 1642   14     0    -127      0    127  0.72150490E+00  0.00000000E+00 0.4041E-12      6
 1643   14     0    -126      0    126  0.72721775E+00  0.00000000E+00 0.3550E-13      5
 1644   14     0    -125      0    125  0.73229986E+00  0.00000000E+00 0.3020E-12      5
 1645   14     0    -124      0    124  0.73841646E+00  0.00000000E+00 0.4116E-12      6
 1646   14     0    -123      0    123  0.74462865E+00  0.00000000E+00 0.1637E-12      6
 1647   14     0    -122      0    122  0.74992730E+00  0.00000000E+00 0.3088E-13      5
 1648   14     0    -121      0    121  0.75608402E+00  0.00000000E+00 0.1492E-12      5
 1649   14     0    -120      0    120  0.76276498E+00  0.00000000E+00 0.3467E-12      6
 1650   14     0    -119      0    119  0.76843895E+00  0.00000000E+00 0.6757E-13      5
 1651   14     0    -118      0    118  0.77457026E+00  0.00000000E+00 0.2600E-12      5
 1652   14     0    -117      0    117  0.78167165E+00  0.00000000E+00 0.6353E-13      6
 1653   14     0    -116      0    116  0.78792192E+00  0.00000000E+00 0.4229E-13      6
 1654   14     0    -115      0    115  0.79397691E+00  0.00000000E+00 0.4540E-12      6
 1655   14     0    -114      0    114  0.80136199E+00  0.00000000E+00 0.2297E-12      6
 1656   14     0    -113      0    113  0.80834047E+00  0.00000000E+00 0.7881E-13      5
 1657   14     0    -112      0    112  0.81446363E+00  0.00000000E+00 0.6166E-13      6
 1658   14     0    -111      0    111  0.82196973E+00  0.00000000E+00 0.1579E-12      6
 1659   14     0    -110      0    110  0.82968353E+00  0.00000000E+00 0.1435E-12      6
 1660   14     0    -109      0    109  0.83614651E+00  0.00000000E+00 0.6020E-12      5
 1661   14     0    -108      0    108  0.84363710E+00  0.00000000E+00 0.9253E-13      5
 1662   14     0    -107      0    107  0.85202443E+00  0.00000000E+00 0.2376E-12      6
 1663   14     0    -106      0    106  0.85915019E+00  0.00000000E+00 0.1728E-12      6
 1664   14     0    -105      0    105  0.86651999E+00  0.00000000E+00 0.2988E-12      5
 1665   14     0    -104      0    104  0.87543459E+00  0.00000000E+00 0.1531E-12      6
 1666   14     0    -103      0    103  0.88351312E+00  0.00000000E+00 0.2496E-12      5
 1667   14     0    -102      0    102  0.89085524E+00  0.00000000E+00 0.1270E-12      6
 1668   14     0    -101      0    101  0.90011127E+00  0.00000000E+00 0.4563E-13      6
 1669   14     0    -100      0    100  0.90926178E+00  0.00000000E+00 0.2565E-12      6
 1670   14     0     -99      0     99  0.91687878E+00  0.00000000E+00 0.2023E-12      6
 1671   14     0     -98      0     98  0.92626080E+00  0.00000000E+00 0.1069E-12      5
 1672   14     0     -97      0     97  0.93643511E+00  0.00000000E+00 0.1549E-12      6
 1673   14     0     -96      0     96  0.94476666E+00  0.00000000E+00 0.1252E-12      5
 1674   14     0     -95      0     95  0.95408391E+00  0.00000000E+00 0.4703E-13      6
 1675   14     0     -94      0     94  0.96512142E+00  0.00000000E+00 0.3921E-14      6
 1676   14     0     -93      0     93  0.97459500E+00  0.00000000E+00 0.1045E-12      6
 1677   14     0     -92      0     92  0.98380242E+00  0.00000000E+00 0.6355E-13      6
 1678   14     0     -91      0     91  0.99548675E+00  0.00000000E+00 0.8693E-13      5
 1679   14     0     -90      0     90  0.10063971E+01  0.00000000E+00 0.4215E-12      6
 1680   14     0     -89      0     89  0.10157008E+01  0.00000000E+00 0.1039E-12      6
 1681   14     0     -88      0     88  0.10277431E+01  0.00000000E+00 0.4724E-12      5
 1682   14     0     -87      0     87  0.10401531E+01  0.00000000E+00 0.1379E-12      6
 1683   14     0     -86      0     86  0.10500839E+01  0.00000000E+00 0.1520E-13      6
 1684   14     0     -85      0     85  0.10621747E+01  0.00000000E+00 0.2893E-13      6
 1685   14     0     -84      0     84  0.10759583E+01  0.00000000E+00 0.5449E-13      6
 1686   14     0     -83      0     83  0.10871828E+01  0.00000000E+00 0.5461E-13      5
 1687   14     0     -82      0     82  0.10990969E+01  0.00000000E+00 0.1289E-12      6
 1688   14     0     -81      0     81  0.11140177E+01  0.00000000E+00 0.1724E-12      6
 1689   14     0     -80      0     80  0.11271074E+01  0.00000000E+00 0.1827E-12      5
 1690   14     0     -79      0     79  0.11388947E+01  0.00000000E+00 0.1187E-12      5
 1691   14     0     -78      0     78  0.11546222E+01  0.00000000E+00 0.3282E-14      6
 1692   14     0     -77      0     77  0.11698821E+01  0.00000000E+00 0.3022E-12      6
 1693   14     0     -76      0     76  0.11820375E+01  0.00000000E+00 0.3595E-13      6
 1694   14     0     -75      0     75  0.11980954E+01  0.00000000E+00 0.4137E-13      5
 1695   14     0     -74      0     74  0.12154465E+01  0.00000000E+00 0.5448E-13      6
 1696   14     0     -73      0     73  0.12288769E+01  0.00000000E+00 0.2643E-13      6
 1697   14     0     -72      0     72  0.12448086E+01  0.00000000E+00 0.5193E-13      6
 1698   14     0     -71      0     71  0.12639871E+01  0.00000000E+00 0.1366E-12      5
 1699   14     0     -70      0     70  0.12796535E+01  0.00000000E+00 0.2110E-12      5
 1700   14     0     -69      0     69  0.12952823E+01  0.00000000E+00 0.2824E-12      6
 1701   14     0     -68      0     68  0.13159817E+01  0.00000000E+00 0.4362E-13      6
 1702   14     0     -67      0     67  0.13345914E+01  0.00000000E+00 0.1573E-12      6
 1703   14     0     -66      0     66  0.13502127E+01  0.00000000E+00 0.3946E-13      6
 1704   14     0     -65      0     65  0.13720115E+01  0.00000000E+00 0.3201E-12      5
 1705   14     0     -64      0     64  0.13938418E+01  0.00000000E+00 0.6321E-13      6
 1706   14     0     -63      0     63  0.14103563E+01  0.00000000E+00 0.1547E-12      6
 1707   14     0     -62      0     62  0.14327041E+01  0.00000000E+00 0.7345E-14      5
 1708   14     0     -61      0     61  0.14576783E+01  0.00000000E+00 0.9391E-14      6
 1709   14     0     -60      0     60  0.14763586E+01  0.00000000E+00 0.1247E-12      5
 1710   14     0     -59      0     59  0.14986488E+01  0.00000000E+00 0.1276E-12      6
 1711   14     0     -58      0     58  0.15265002E+01  0.00000000E+00 0.1518E-12      5
 1712   14     0     -57      0     57  0.15487843E+01  0.00000000E+00 0.2193E-12      6
 1713   14     0     -56      0     56  0.15706936E+01  0.00000000E+00 0.1102E-12      6
 1714   14     0     -55      0     55  0.16010826E+01  0.00000000E+00 0.3439E-13      6
 1715   14     0     -54      0     54  0.16281632E+01  0.00000000E+00 0.3948E-13      6
 1716   14     0     -53      0     53  0.16501339E+01  0.00000000E+00 0.1184E-12      6
 1717   14     0     -52      0     52  0.16824353E+01  0.00000000E+00 0.2358E-12      5
  Time elapsed :      4.377 s

Mode Search
-----------

Mode parameters
   l : 15
   m : 0

Building frequency grid (REAL axis)
   added scan interval :  0.5202E+00 ->  0.2105E+01 (3000 points, INVERSE)

Building spatial grid
   Scaffold grid from model
   Split 357 subinterval(s) in iteration 1
   Split 23 subinterval(s) in iteration 2
   Split 0 subinterval(s) in iteration 3
   Final grid has 1 segment(s) and 7494 point(s):
      Segment 1 : x range 0.0000 -> 1.0012 (1 -> 7494)

Starting search (adiabatic)

Scanning frequencies
  Time elapsed :     1.828 s

Finding roots
  Time elapsed :      0.378 s

Processing modes
   id    l     m    n_pg    n_p    n_g       Re(omega)       Im(omega)        chi n_iter
 1752   15     0    -166      0    166  0.59177507E+00  0.00000000E+00 0.3551E-12      5
 1753   15     0    -165      0    165  0.59552997E+00  0.00000000E+00 0.1087E-12      5
 1754   15     0    -164      0    164  0.59888755E+00  0.00000000E+00 0.6900E-12      6
 1755   15     0    -163      0    163  0.60248293E+00  0.00000000E+00 0.3143E-12      5
 1756   15     0    -162      0    162  0.60642312E+00  0.00000000E+00 0.9548E-13      6
 1757   15     0    -161      0    161  0.60999653E+00  0.00000000E+00 0.5710E-13      6
 1758   15     0    -160      0    160  0.61360292E+00  0.00000000E+00 0.1981E-12      5
 1759   15     0    -159      0    159  0.61768339E+00  0.00000000E+00 0.1817E-12      6
 1760   15     0    -158      0    158  0.62149931E+00  0.00000000E+00 0.6152E-12      6
 1761   15     0    -157      0    157  0.62514780E+00  0.00000000E+00 0.1911E-12      5
 1762   15     0    -156      0    156  0.62934936E+00  0.00000000E+00 0.2054E-12      5
 1763   15     0    -155      0    155  0.63345417E+00  0.00000000E+00 0.1382E-12      6
 1764   15     0    -154      0    154  0.63718926E+00  0.00000000E+00 0.3571E-12      5
 1765   15     0    -153      0    153  0.64145406E+00  0.00000000E+00 0.2393E-12      5
 1766   15     0    -152      0    152  0.64583258E+00  0.00000000E+00 0.2834E-12      5
 1767   15     0    -151      0    151  0.64971938E+00  0.00000000E+00 0.7613E-13      5
 1768   15     0    -150      0    150  0.65402606E+00  0.00000000E+00 0.4713E-12      5
 1769   15     0    -149      0    149  0.65868039E+00  0.00000000E+00 0.1328E-12      6
 1770   15     0    -148      0    148  0.66280948E+00  0.00000000E+00 0.7562E-12      5
 1771   15     0    -147      0    147  0.66711869E+00  0.00000000E+00 0.1307E-12      5
 1772   15     0    -146      0    146  0.67199278E+00  0.00000000E+00 0.1748E-12      6
 1773   15     0    -145      0    145  0.67643337E+00  0.00000000E+00 0.1358E-12      5
 1774   15     0    -144      0    144  0.68077297E+00  0.00000000E+00 0.7429E-12      5
 1775   15     0    -143      0    143  0.68582430E+00  0.00000000E+00 0.5503E-12      5
 1776   15     0    -142      0    142  0.69061085E+00  0.00000000E+00 0.1158E-12      5
 1777   15     0    -141      0    141  0.69500524E+00  0.00000000E+00 0.1716E-12      5
 1778   15     0    -140      0    140  0.70017985E+00  0.00000000E+00 0.1685E-12      5
 1779   15     0    -139      0    139  0.70535056E+00  0.00000000E+00 0.1901E-13      6
 1780   15     0    -138      0    138  0.70990341E+00  0.00000000E+00 0.1632E-12      5
 1781   15     0    -137      0    137  0.71514659E+00  0.00000000E+00 0.1722E-12      5
 1782   15     0    -136      0    136  0.72068635E+00  0.00000000E+00 0.4933E-12      6
 1783   15     0    -135      0    135  0.72548499E+00  0.00000000E+00 0.5025E-12      5
 1784   15     0    -134      0    134  0.73074313E+00  0.00000000E+00 0.8858E-13      5
 1785   15     0    -133      0    133  0.73662413E+00  0.00000000E+00 0.2804E-12      6
 1786   15     0    -132      0    132  0.74179497E+00  0.00000000E+00 0.2536E-13      5
 1787   15     0    -131      0    131  0.74703558E+00  0.00000000E+00 0.9168E-12      5
 1788   15     0    -130      0    130  0.75318715E+00  0.00000000E+00 0.1436E-12      6
 1789   15     0    -129      0    129  0.75883141E+00  0.00000000E+00 0.3248E-12      6
 1790   15     0    -128      0    128  0.76409905E+00  0.00000000E+00 0.2801E-12      6
 1791   15     0    -127      0    127  0.77044520E+00  0.00000000E+00 0.4979E-13      6
 1792   15     0    -126      0    126  0.77662702E+00  0.00000000E+00 0.2609E-13      6
 1793   15     0    -125      0    125  0.78202535E+00  0.00000000E+00 0.3472E-12      5
 1794   15     0    -124      0    124  0.78845743E+00  0.00000000E+00 0.3216E-12      6
 1795   15     0    -123      0    123  0.79515261E+00  0.00000000E+00 0.3275E-12      6
 1796   15     0    -122      0    122  0.80083794E+00  0.00000000E+00 0.2426E-13      5
 1797   15     0    -121      0    121  0.80728042E+00  0.00000000E+00 0.1571E-12      5
 1798   15     0    -120      0    120  0.81444046E+00  0.00000000E+00 0.1666E-12      6
 1799   15     0    -119      0    119  0.82058458E+00  0.00000000E+00 0.2568E-12      6
 1800   15     0    -118      0    118  0.82698457E+00  0.00000000E+00 0.6382E-12      5
 1801   15     0    -117      0    117  0.83454148E+00  0.00000000E+00 0.2111E-12      6
 1802   15     0    -116      0    116  0.84134431E+00  0.00000000E+00 0.1777E-12      6
 1803   15     0    -115      0    115  0.84768801E+00  0.00000000E+00 0.2929E-12      5
 1804   15     0    -114      0    114  0.85548148E+00  0.00000000E+00 0.2391E-13      6
 1805   15     0    -113      0    113  0.86306143E+00  0.00000000E+00 0.5527E-13      6
 1806   15     0    -112      0    112  0.86955890E+00  0.00000000E+00 0.1270E-13      6
 1807   15     0    -111      0    111  0.87740939E+00  0.00000000E+00 0.5484E-14      5
 1808   15     0    -110      0    110  0.88573042E+00  0.00000000E+00 0.8277E-13      5
 1809   15     0    -109      0    109  0.89270291E+00  0.00000000E+00 0.1223E-12      5
 1810   15     0    -108      0    108  0.90048024E+00  0.00000000E+00 0.1242E-12      6
 1811   15     0    -107      0    107  0.90944302E+00  0.00000000E+00 0.3600E-12      5
 1812   15     0    -106      0    106  0.91722577E+00  0.00000000E+00 0.6275E-14      6
 1813   15     0    -105      0    105  0.92487196E+00  0.00000000E+00 0.5103E-13      5
 1814   15     0    -104      0    104  0.93429779E+00  0.00000000E+00 0.1188E-12      6
 1815   15     0    -103      0    103  0.94313786E+00  0.00000000E+00 0.2643E-12      6
 1816   15     0    -102      0    102  0.95084555E+00  0.00000000E+00 0.1515E-12      6
 1817   15     0    -101      0    101  0.96052012E+00  0.00000000E+00 0.1227E-12      5
 1818   15     0    -100      0    100  0.97046573E+00  0.00000000E+00 0.5987E-13      6
 1819   15     0     -99      0     99  0.97863682E+00  0.00000000E+00 0.1994E-12      5
 1820   15     0     -98      0     98  0.98833400E+00  0.00000000E+00 0.1992E-12      5
 1821   15     0     -97      0     97  0.99927253E+00  0.00000000E+00 0.6998E-13      6
 1822   15     0     -96      0     96  0.10083880E+01  0.00000000E+00 0.4304E-12      5
 1823   15     0     -95      0     95  0.10179583E+01  0.00000000E+00 0.2346E-12      6
 1824   15     0     -94      0     94  0.10296800E+01  0.00000000E+00 0.1469E-12      5
 1825   15     0     -93      0     93  0.10401277E+01  0.00000000E+00 0.1810E-12      6
 1826   15     0     -92      0     92  0.10496409E+01  0.00000000E+00 0.2425E-12      6
 1827   15     0     -91      0     91  0.10618833E+01  0.00000000E+00 0.3417E-13      5
 1828   15     0     -90      0     90  0.10738612E+01  0.00000000E+00 0.1771E-12      6
 1829   15     0     -89      0     89  0.10836909E+01  0.00000000E+00 0.6478E-13      6
 1830   15     0     -88      0     88  0.10961217E+01  0.00000000E+00 0.2799E-12      5
 1831   15     0     -87      0     87  0.11095797E+01  0.00000000E+00 0.3571E-13      6
 1832   15     0     -86      0     86  0.11203856E+01  0.00000000E+00 0.1428E-12      5
 1833   15     0     -85      0     85  0.11327045E+01  0.00000000E+00 0.2037E-12      5
 1834   15     0     -84      0     84  0.11474329E+01  0.00000000E+00 0.3706E-12      6
 1835   15     0     -83      0     83  0.11598866E+01  0.00000000E+00 0.1054E-13      5
 1836   15     0     -82      0     82  0.11719900E+01  0.00000000E+00 0.1202E-12      6
 1837   15     0     -81      0     81  0.11876858E+01  0.00000000E+00 0.1243E-12      6
 1838   15     0     -80      0     80  0.12022296E+01  0.00000000E+00 0.2225E-12      6
 1839   15     0     -79      0     79  0.12144045E+01  0.00000000E+00 0.1228E-12      6
 1840   15     0     -78      0     78  0.12306579E+01  0.00000000E+00 0.4381E-13      5
 1841   15     0     -77      0     77  0.12473995E+01  0.00000000E+00 0.5512E-13      6
 1842   15     0     -76      0     76  0.12604129E+01  0.00000000E+00 0.1861E-12      6
 1843   15     0     -75      0     75  0.12766911E+01  0.00000000E+00 0.7774E-13      6
 1844   15     0     -74      0     74  0.12953885E+01  0.00000000E+00 0.1560E-12      6
 1845   15     0     -73      0     73  0.13102650E+01  0.00000000E+00 0.8661E-13      5
 1846   15     0     -72      0     72  0.13262024E+01  0.00000000E+00 0.1835E-13      5
 1847   15     0     -71      0     71  0.13465000E+01  0.00000000E+00 0.1869E-12      6
 1848   15     0     -70      0     70  0.13640820E+01  0.00000000E+00 0.1921E-12      6
 1849   15     0     -69      0     69  0.13797914E+01  0.00000000E+00 0.3498E-13      6
 1850   15     0     -68      0     68  0.14012928E+01  0.00000000E+00 0.1137E-12      6
 1851   15     0     -67      0     67  0.14220182E+01  0.00000000E+00 0.8039E-13      6
 1852   15     0     -66      0     66  0.14381990E+01  0.00000000E+00 0.1576E-12      6
 1853   15     0     -65      0     65  0.14603667E+01  0.00000000E+00 0.1625E-12      5
 1854   15     0     -64      0     64  0.14842370E+01  0.00000000E+00 0.1051E-12      6
 1855   15     0     -63      0     63  0.15021315E+01  0.00000000E+00 0.2464E-14      5
 1856   15     0     -62      0     62  0.15243545E+01  0.00000000E+00 0.2734E-12      5
 1857   15     0     -61      0     61  0.15511009E+01  0.00000000E+00 0.1709E-12      6
 1858   15     0     -60      0     60  0.15720922E+01  0.00000000E+00 0.1866E-13      5
 1859   15     0     -59      0     59  0.15938978E+01  0.00000000E+00 0.2314E-13      6
 1860   15     0     -58      0     58  0.16231267E+01  0.00000000E+00 0.4072E-13      6
 1861   15     0     -57      0     57  0.16484875E+01  0.00000000E+00 0.4200E-13      6
 1862   15     0     -56      0     56  0.16700326E+01  0.00000000E+00 0.1231E-12      6
 1863   15     0     -55      0     55  0.17012159E+01  0.00000000E+00 0.4618E-13      6
  Time elapsed :      4.582 s

gyre [9.1.1]
------------

OpenMP Threads   : 16
Input filename   : gyre_nad_wide.in

Model Init
----------

Reading from MESA file
   File name ../mesa/LOGS/profile32.data.GYRE
   File version 1.01
   Read 7114 points
   No need to add central point

Mode Search
-----------

Mode parameters
   l : 0
   m : 0

Building frequency grid (REAL axis)
   added scan interval :  0.2782E+00 ->  0.8710E+01 (1000 points, INVERSE)
   added scan interval :  0.8710E+01 ->  0.3105E+02 (1000 points, LINEAR)

Building spatial grid
   Scaffold grid from model
   Split 0 subinterval(s) in iteration 1
   Final grid has 1 segment(s) and 7114 point(s):
      Segment 1 : x range 0.0000 -> 1.0012 (1 -> 7114)

Starting search (adiabatic)

Scanning frequencies
  Time elapsed :     1.214 s

Finding roots
  Time elapsed :      0.074 s

Processing modes
   id    l     m    n_pg    n_p    n_g       Re(omega)       Im(omega)        chi n_iter
    1    0     0       1      1      0  0.35434102E+01  0.00000000E+00 0.6985E-14      7
    2    0     0       2      2      0  0.45678985E+01  0.00000000E+00 0.1868E-13      6
    3    0     0       3      3      0  0.56862981E+01  0.00000000E+00 0.6113E-14     11
    4    0     0       4      4      0  0.68305829E+01  0.00000000E+00 0.2955E-13      6
    5    0     0       5      5      0  0.79719585E+01  0.00000000E+00 0.5525E-14      7
    6    0     0       6      6      0  0.90789204E+01  0.00000000E+00 0.2292E-12      7
    7    0     0       7      7      0  0.10190890E+02  0.00000000E+00 0.1543E-12      5
    8    0     0       8      8      0  0.11341671E+02  0.00000000E+00 0.1300E-12      5
    9    0     0       9      9      0  0.12527498E+02  0.00000000E+00 0.9882E-13      5
   10    0     0      10     10      0  0.13741869E+02  0.00000000E+00 0.2827E-13      6
   11    0     0      11     11      0  0.14981160E+02  0.00000000E+00 0.4630E-13      5
   12    0     0      12     12      0  0.16237122E+02  0.00000000E+00 0.3111E-12      7
   13    0     0      13     13      0  0.17496957E+02  0.00000000E+00 0.1306E-12      5
   14    0     0      14     14      0  0.18752186E+02  0.00000000E+00 0.0000E+00      5
   15    0     0      15     15      0  0.19999959E+02  0.00000000E+00 0.2262E-12      6
   16    0     0      16     16      0  0.21241330E+02  0.00000000E+00 0.3599E-12      5
   17    0     0      17     17      0  0.22481952E+02  0.00000000E+00 0.1653E-12      5
   18    0     0      18     18      0  0.23731276E+02  0.00000000E+00 0.1032E-12      6
   19    0     0      19     19      0  0.24995483E+02  0.00000000E+00 0.1632E-12      5
   20    0     0      20     20      0  0.26275473E+02  0.00000000E+00 0.2071E-12      5
  Time elapsed :      0.043 s

Starting search (non-adiabatic)

Finding roots
  Time elapsed :     23.401 s

Processing modes
   id    l     m    n_pg    n_p    n_g       Re(omega)       Im(omega)        chi n_iter
    1    0     0       1      1      0  0.35434244E+01 -0.31713093E-05 0.4107E-09      6
    2    0     0       2      2      0  0.45679871E+01 -0.17869824E-04 0.1562E-09      6
    3    0     0       3      3      0  0.56866074E+01 -0.46096627E-05 0.2960E-10      6
    4    0     0       4      4      0  0.68312450E+01  0.25821935E-03 0.1496E-09      6
    5    0     0       5      5      0  0.79725684E+01  0.13491493E-02 0.5787E-10     10
    6    0     0       6      6      0  0.90770153E+01  0.37001263E-02 0.2998E-10      9
    7    0     0       7      7      0  0.10181303E+02  0.52182122E-02 0.2631E-10     12
    8    0     0       8      8      0  0.11319458E+02  0.17495668E-02 0.4085E-11      8
    9    0     0       9      9      0  0.12490426E+02 -0.92216587E-02 0.1558E-11      9
   10    0     0      10     10      0  0.13691328E+02 -0.27108868E-01 0.2129E-11      9
   11    0     0      11     11      0  0.14919916E+02 -0.49533765E-01 0.8679E-11     12
   12    0     0      12     12      0  0.16166164E+02 -0.75455586E-01 0.3025E-11      8
   13    0     0      13     13      0  0.17415555E+02 -0.10336902E+00 0.3738E-11      9
   14    0     0      14     14      0  0.18658422E+02 -0.12934910E+00 0.2832E-11      8
   15    0     0      15     15      0  0.19891373E+02 -0.14760917E+00 0.2023E-11      9
   16    0     0      16     16      0  0.21115025E+02 -0.15399144E+00 0.4343E-12      9
   17    0     0      17     17      0  0.22334285E+02 -0.14851992E+00 0.1283E-11      9
   18    0     0      18     18      0  0.23556062E+02 -0.13618881E+00 0.2050E-11     11
   19    0     0      19     19      0  0.24782636E+02 -0.12241156E+00 0.1118E-11     11
   20    0     0      20     20      0  0.26012992E+02 -0.10777122E+00 0.2614E-11     12
  Time elapsed :      1.465 s

Mode Search
-----------

Mode parameters
   l : 1
   m : 0

Building frequency grid (REAL axis)
   added scan interval :  0.2782E+00 ->  0.8710E+01 (1000 points, INVERSE)
   added scan interval :  0.8710E+01 ->  0.3105E+02 (1000 points, LINEAR)

Building spatial grid
   Scaffold grid from model
   Split 0 subinterval(s) in iteration 1
   Final grid has 1 segment(s) and 7114 point(s):
      Segment 1 : x range 0.0000 -> 1.0012 (1 -> 7114)

Starting search (adiabatic)

Scanning frequencies
  Time elapsed :    23.461 s

Finding roots
  Time elapsed :      3.386 s

Processing modes
   id    l     m    n_pg    n_p    n_g       Re(omega)       Im(omega)        chi n_iter
   35    1     0     -20      0     20  0.43253767E+00  0.00000000E+00 0.4580E-13      6
   36    1     0     -19      0     19  0.44726096E+00  0.00000000E+00 0.8695E-14      5
   37    1     0     -18      0     18  0.47460282E+00  0.00000000E+00 0.4773E-13      5
   38    1     0     -17      0     17  0.50712335E+00  0.00000000E+00 0.2183E-13      6
   39    1     0     -16      0     16  0.52802028E+00  0.00000000E+00 0.4669E-13      6
   40    1     0     -15      0     15  0.56077451E+00  0.00000000E+00 0.1194E-12      6
   41    1     0     -14      0     14  0.60901188E+00  0.00000000E+00 0.1116E-12      6
   42    1     0     -13      0     13  0.64938952E+00  0.00000000E+00 0.4892E-13      5
   43    1     0     -12      0     12  0.68811892E+00  0.00000000E+00 0.1117E-12      6
   44    1     0     -11      0     11  0.76228029E+00  0.00000000E+00 0.9756E-13      5
   45    1     0     -10      0     10  0.84169138E+00  0.00000000E+00 0.1381E-13      6
   46    1     0      -9      0      9  0.89965214E+00  0.00000000E+00 0.7677E-13      6
   47    1     0      -8      0      8  0.10254995E+01  0.00000000E+00 0.2854E-13      5
   48    1     0      -7      0      7  0.11957789E+01  0.00000000E+00 0.1017E-13      7
   49    1     0      -6      0      6  0.13134117E+01  0.00000000E+00 0.4002E-13      7
   50    1     0      -5      0      5  0.15480980E+01  0.00000000E+00 0.1290E-12      6
   51    1     0      -4      0      4  0.19787127E+01  0.00000000E+00 0.2186E-13      7
   52    1     0      -3      0      3  0.24594911E+01  0.00000000E+00 0.2180E-13      9
   53    1     0      -2      0      2  0.30598034E+01  0.00000000E+00 0.5232E-13      9
   54    1     0      -1      0      1  0.36435780E+01  0.00000000E+00 0.1433E-13      6
   55    1     0       1      1      1  0.46931396E+01  0.00000000E+00 0.2913E-13      6
   56    1     0       2      2      1  0.57945710E+01  0.00000000E+00 0.5264E-13      8
   57    1     0       3      3      1  0.64412636E+01  0.00000000E+00 0.4461E-13      7
   58    1     0       4      4      1  0.71865475E+01  0.00000000E+00 0.8977E-14      6
   59    1     0       5      4      0  0.83354797E+01  0.00000000E+00 0.5842E-13      9
   60    1     0       6      5      0  0.94811147E+01  0.00000000E+00 0.6572E-12      7
   61    1     0       7      6      0  0.10636756E+02  0.00000000E+00 0.1498E-12      5
   62    1     0       8      7      0  0.11824590E+02  0.00000000E+00 0.2427E-12      5
   63    1     0       9      8      0  0.13036690E+02  0.00000000E+00 0.9401E-13      5
   64    1     0      10      9      0  0.14270596E+02  0.00000000E+00 0.1086E-12      6
   65    1     0      11     10      0  0.15523773E+02  0.00000000E+00 0.2210E-13      6
   66    1     0      12     11      0  0.16785098E+02  0.00000000E+00 0.6805E-14      5
   67    1     0      13     12      0  0.18044762E+02  0.00000000E+00 0.4541E-12      5
   68    1     0      14     13      0  0.19297044E+02  0.00000000E+00 0.2193E-13      5
   69    1     0      15     14      0  0.20541927E+02  0.00000000E+00 0.4382E-13      6
   70    1     0      16     15      0  0.21782660E+02  0.00000000E+00 0.3259E-12      6
   71    1     0      17     16      0  0.23026770E+02  0.00000000E+00 0.4613E-13      5
   72    1     0      18     17      0  0.24283663E+02  0.00000000E+00 0.4249E-12      5
   73    1     0      19     18      0  0.25557757E+02  0.00000000E+00 0.1885E-12      5
   74    1     0      20     19      0  0.26846966E+02  0.00000000E+00 0.1897E-13      5
  Time elapsed :      0.745 s

Starting search (non-adiabatic)

Finding roots
  Time elapsed :     45.718 s

Processing modes
   id    l     m    n_pg    n_p    n_g       Re(omega)       Im(omega)        chi n_iter
   35    1     0     -20      0     20  0.43253767E+00 -0.37508823E-07 0.4058E-07      6
   36    1     0     -19      0     19  0.44726096E+00 -0.35145955E-07 0.4907E-08      4
   37    1     0     -18      0     18  0.47460282E+00 -0.31952393E-07 0.9185E-08      6
   38    1     0     -17      0     17  0.50712335E+00 -0.25849447E-07 0.3009E-07      4
   39    1     0     -16      0     16  0.52802028E+00 -0.22218997E-07 0.9733E-07      5
   40    1     0     -15      0     15  0.56077451E+00 -0.20462976E-07 0.9709E-07      4
   41    1     0     -14      0     14  0.60901188E+00 -0.16562168E-07 0.4049E-07      8
   42    1     0     -13      0     13  0.64938952E+00 -0.13854725E-07 0.5454E-07      6
   43    1     0     -12      0     12  0.68811892E+00 -0.12277923E-07 0.1090E-06      4
   44    1     0     -11      0     11  0.76228029E+00 -0.96619282E-08 0.6261E-07      3
   45    1     0     -10      0     10  0.84169138E+00 -0.78946490E-08 0.1241E-06      6
   46    1     0      -9      0      9  0.89965214E+00 -0.67803850E-08 0.3373E-07      5
   47    1     0      -8      0      8  0.10254995E+01 -0.50043462E-08 0.1474E-06      7
   48    1     0      -7      0      7  0.11957789E+01 -0.37562885E-08 0.2152E-06      5
   49    1     0      -6      0      6  0.13134117E+01 -0.32368124E-08 0.1453E-06      5
   50    1     0      -5      0      5  0.15480980E+01 -0.24339738E-08 0.1111E-06      6
   51    1     0      -4      0      4  0.19787127E+01 -0.23544595E-08 0.1728E-06      6
   52    1     0      -3      0      3  0.24594911E+01 -0.27356989E-08 0.1948E-06      5
   53    1     0      -2      0      2  0.30598035E+01 -0.45559644E-07 0.9005E-06      7
   54    1     0      -1      0      1  0.36435870E+01 -0.40726056E-05 0.1274E-08      7
   55    1     0       1      1      1  0.46932183E+01 -0.19725309E-04 0.2325E-09      7
   56    1     0       2      2      1  0.57948253E+01  0.33198246E-05 0.8190E-10      8
   57    1     0       3      3      1  0.64414150E+01  0.37545164E-04 0.7485E-09     10
   58    1     0       4      4      1  0.71871496E+01  0.44742674E-03 0.4034E-10      6
   59    1     0       5      4      0  0.83355393E+01  0.20803688E-02 0.1903E-10      7
   60    1     0       6      5      0  0.94767521E+01  0.47152037E-02 0.1284E-10      8
   61    1     0       7      6      0  0.10622181E+02  0.47543913E-02 0.1337E-10      7
   62    1     0       8      7      0  0.11795696E+02 -0.18212056E-02 0.3376E-11      9
   63    1     0       9      8      0  0.12992991E+02 -0.16195116E-01 0.3787E-12      7
   64    1     0      10      9      0  0.14214646E+02 -0.36457629E-01 0.1401E-10     12
   65    1     0      11     10      0  0.15457897E+02 -0.60527734E-01 0.1635E-10      9
   66    1     0      12     11      0  0.16709428E+02 -0.87616102E-01 0.7969E-11      8
   67    1     0      13     12      0  0.17957961E+02 -0.11531314E+00 0.3604E-11     11
   68    1     0      14     13      0  0.19196889E+02 -0.13857642E+00 0.2629E-11     10
   69    1     0      15     14      0  0.20425689E+02 -0.15202642E+00 0.5378E-11     11
   70    1     0      16     15      0  0.21647212E+02 -0.15296348E+00 0.5201E-11     14
   71    1     0      17     16      0  0.22867671E+02 -0.14368139E+00 0.3065E-11      9
   72    1     0      18     17      0  0.24092794E+02 -0.13035930E+00 0.1128E-10     13
   73    1     0      20     19      0  0.26558153E+02 -0.10026412E+00 0.1280E-11     14
  Time elapsed :      2.382 s

Mode Search
-----------

Mode parameters
   l : 2
   m : 0

Building frequency grid (REAL axis)
   added scan interval :  0.2782E+00 ->  0.8710E+01 (1000 points, INVERSE)
   added scan interval :  0.8710E+01 ->  0.3105E+02 (1000 points, LINEAR)

Building spatial grid
   Scaffold grid from model
   Split 0 subinterval(s) in iteration 1
   Final grid has 1 segment(s) and 7114 point(s):
      Segment 1 : x range 0.0000 -> 1.0012 (1 -> 7114)

Starting search (adiabatic)

Scanning frequencies
  Time elapsed :    23.220 s

Finding roots
  Time elapsed :      4.824 s

Processing modes
   id    l     m    n_pg    n_p    n_g       Re(omega)       Im(omega)        chi n_iter
  113    2     0     -20      0     20  0.74616719E+00  0.00000000E+00 0.6771E-13      6
  114    2     0     -19      0     19  0.77122380E+00  0.00000000E+00 0.8643E-13      6
  115    2     0     -18      0     18  0.81702805E+00  0.00000000E+00 0.7191E-13      6
  116    2     0     -17      0     17  0.87303919E+00  0.00000000E+00 0.4861E-13      6
  117    2     0     -16      0     16  0.91016634E+00  0.00000000E+00 0.9541E-14      6
  118    2     0     -15      0     15  0.96351635E+00  0.00000000E+00 0.6725E-13      6
  119    2     0     -14      0     14  0.10453609E+01  0.00000000E+00 0.1037E-12      6
  120    2     0     -13      0     13  0.11177854E+01  0.00000000E+00 0.2886E-13      6
  121    2     0     -12      0     12  0.11798912E+01  0.00000000E+00 0.1128E-12      7
  122    2     0     -11      0     11  0.13035432E+01  0.00000000E+00 0.1793E-13      5
  123    2     0     -10      0     10  0.14428744E+01  0.00000000E+00 0.1926E-13      6
  124    2     0      -9      0      9  0.15383656E+01  0.00000000E+00 0.1159E-13      6
  125    2     0      -8      0      8  0.17410940E+01  0.00000000E+00 0.4347E-13      6
  126    2     0      -7      0      7  0.20266129E+01  0.00000000E+00 0.3212E-13      7
  127    2     0      -6      0      6  0.22317653E+01  0.00000000E+00 0.2679E-14      6
  128    2     0      -5      0      5  0.25695957E+01  0.00000000E+00 0.1255E-13      6
  129    2     0      -4      0      4  0.31384645E+01  0.00000000E+00 0.5870E-13      7
  130    2     0      -3      0      3  0.36288849E+01  0.00000000E+00 0.8556E-14      7
  131    2     0      -2      1      3  0.40779445E+01  0.00000000E+00 0.1641E-13      7
  132    2     0      -1      1      2  0.44634957E+01  0.00000000E+00 0.5476E-14      7
  133    2     0       0      2      2  0.51140035E+01  0.00000000E+00 0.2274E-13      8
  134    2     0       1      2      1  0.58332787E+01  0.00000000E+00 0.1390E-13      6
  135    2     0       2      3      1  0.66825550E+01  0.00000000E+00 0.2026E-14      5
  136    2     0       3      4      1  0.77540445E+01  0.00000000E+00 0.7165E-14      7
  137    2     0       4      5      1  0.88762521E+01  0.00000000E+00 0.4375E-13      7
  138    2     0       5      6      1  0.10007833E+02  0.00000000E+00 0.8218E-13      6
  139    2     0       6      7      1  0.11102458E+02  0.00000000E+00 0.6586E-13      7
  140    2     0       7      7      0  0.11383806E+02  0.00000000E+00 0.8530E-12     10
  141    2     0       8      8      0  0.12411261E+02  0.00000000E+00 0.8705E-13      6
  142    2     0       9      9      0  0.13628622E+02  0.00000000E+00 0.1130E-12      7
  143    2     0      10     10      0  0.14872841E+02  0.00000000E+00 0.1230E-12      5
  144    2     0      11     11      0  0.16133236E+02  0.00000000E+00 0.1120E-12      5
  145    2     0      12     12      0  0.17396651E+02  0.00000000E+00 0.1065E-12      5
  146    2     0      13     13      0  0.18654725E+02  0.00000000E+00 0.1098E-13      5
  147    2     0      14     14      0  0.19904528E+02  0.00000000E+00 0.2100E-12      5
  148    2     0      15     15      0  0.21147273E+02  0.00000000E+00 0.1384E-12      5
  149    2     0      16     16      0  0.22388581E+02  0.00000000E+00 0.5846E-12      6
  150    2     0      17     17      0  0.23637896E+02  0.00000000E+00 0.1963E-12      6
  151    2     0      18     18      0  0.24901998E+02  0.00000000E+00 0.4633E-12      5
  152    2     0      19     19      0  0.26182498E+02  0.00000000E+00 0.4433E-13      5
  153    2     0      20     20      0  0.27475408E+02  0.00000000E+00 0.5941E-13      5
  Time elapsed :      1.473 s

Starting search (non-adiabatic)

Finding roots
  Time elapsed :     51.437 s

Processing modes
   id    l     m    n_pg    n_p    n_g       Re(omega)       Im(omega)        chi n_iter
  113    2     0     -20      0     20  0.74616719E+00 -0.39946814E-07 0.1818E-07      5
  114    2     0     -19      0     19  0.77122380E+00 -0.36667492E-07 0.3044E-07      5
  115    2     0     -18      0     18  0.81702805E+00 -0.33950999E-07 0.5535E-07      5
  116    2     0     -17      0     17  0.87303919E+00 -0.27356314E-07 0.1880E-08      8
  117    2     0     -16      0     16  0.91016634E+00 -0.22906409E-07 0.1083E-06      5
  118    2     0     -15      0     15  0.96351635E+00 -0.21509485E-07 0.2315E-07      3
  119    2     0     -14      0     14  0.10453609E+01 -0.17423349E-07 0.2562E-07      4
  120    2     0     -13      0     13  0.11177854E+01 -0.14331038E-07 0.2776E-07      7
  121    2     0     -12      0     12  0.11798912E+01 -0.12890250E-07 0.8149E-07      4
  122    2     0     -11      0     11  0.13035432E+01 -0.10300876E-07 0.4845E-07      5
  123    2     0     -10      0     10  0.14428744E+01 -0.83421521E-08 0.3120E-07      6
  124    2     0      -9      0      9  0.15383656E+01 -0.73484799E-08 0.2078E-06      4
  125    2     0      -8      0      8  0.17410940E+01 -0.59569554E-08 0.1570E-06      4
  126    2     0      -7      0      7  0.20266129E+01 -0.53369044E-08 0.4610E-07      6
  127    2     0      -6      0      6  0.22317653E+01 -0.49409805E-08 0.1952E-06      5
  128    2     0      -5      0      5  0.25695957E+01 -0.15110686E-07 0.1541E-06      6
  129    2     0      -4      0      4  0.31384649E+01 -0.21652424E-06 0.4163E-07      5
  130    2     0      -3      0      3  0.36288898E+01 -0.22063991E-05 0.1094E-07      7
  131    2     0      -2      1      3  0.40779538E+01 -0.34214329E-05 0.4228E-08      7
  132    2     0      -1      1      2  0.44635194E+01 -0.70081576E-05 0.6389E-08      5
  133    2     0       0      2      2  0.51140944E+01 -0.14702752E-04 0.2048E-09     12
  134    2     0       1      2      1  0.58334621E+01  0.44093446E-05 0.6415E-09      8
  135    2     0       2      3      1  0.66830072E+01  0.16601212E-03 0.8542E-08      6
  136    2     0       3      4      1  0.77546174E+01  0.10155852E-02 0.1129E-08      8
  137    2     0       4      5      1  0.88749446E+01  0.32776331E-02 0.3501E-09      6
  138    2     0       5      6      1  0.99995682E+01  0.52796518E-02 0.3172E-09      9
  139    2     0       6      7      1  0.11088338E+02  0.22143702E-02 0.3581E-10     16
  140    2     0       7      7      0  0.11375971E+02  0.45500717E-03 0.6718E-09     13
  141    2     0       8      8      0  0.12375443E+02 -0.78002373E-02 0.2870E-10     14
  142    2     0       9      9      0  0.13578671E+02 -0.25367115E-01 0.4710E-10      9
  143    2     0      10     10      0  0.14811906E+02 -0.47661892E-01 0.4058E-10     12
  144    2     0      11     11      0  0.16062597E+02 -0.73442203E-01 0.1877E-10     14
  145    2     0      12     12      0  0.17315708E+02 -0.10135754E+00 0.1594E-10      9
  146    2     0      13     13      0  0.18561618E+02 -0.12770997E+00 0.8587E-11     10
  147    2     0      14     14      0  0.19796819E+02 -0.14673348E+00 0.2984E-11     10
  148    2     0      15     15      0  0.21022067E+02 -0.15407889E+00 0.1167E-10     11
  149    2     0      16     16      0  0.22242308E+02 -0.14937704E+00 0.1452E-11     13
  150    2     0      18     18      0  0.24691845E+02 -0.12355184E+00 0.1005E-11     15
  151    2     0      19     19      0  0.25923360E+02 -0.10908454E+00 0.3569E-12     11
  152    2     0      20     20      0  0.27157844E+02 -0.89945761E-01 0.7270E-12     14
  Time elapsed :      2.498 s

Mode Search
-----------

Mode parameters
   l : 3
   m : 0

Building frequency grid (REAL axis)
   added scan interval :  0.2782E+00 ->  0.8710E+01 (1000 points, INVERSE)
   added scan interval :  0.8710E+01 ->  0.3105E+02 (1000 points, LINEAR)

Building spatial grid
   Scaffold grid from model
   Split 0 subinterval(s) in iteration 1
   Final grid has 1 segment(s) and 7114 point(s):
      Segment 1 : x range 0.0000 -> 1.0012 (1 -> 7114)

Starting search (adiabatic)

Scanning frequencies
  Time elapsed :    22.784 s

Finding roots
  Time elapsed :      6.114 s

Processing modes
   id    l     m    n_pg    n_p    n_g       Re(omega)       Im(omega)        chi n_iter
  214    3     0     -20      0     20  0.10490629E+01  0.00000000E+00 0.7282E-13      6
  215    3     0     -19      0     19  0.10840896E+01  0.00000000E+00 0.1773E-13      6
  216    3     0     -18      0     18  0.11450602E+01  0.00000000E+00 0.4016E-13      6
  217    3     0     -17      0     17  0.12233473E+01  0.00000000E+00 0.3280E-13      6
  218    3     0     -16      0     16  0.12789464E+01  0.00000000E+00 0.1187E-12      6
  219    3     0     -15      0     15  0.13467112E+01  0.00000000E+00 0.3550E-13      6
  220    3     0     -14      0     14  0.14585021E+01  0.00000000E+00 0.4882E-13      6
  221    3     0     -13      0     13  0.15664868E+01  0.00000000E+00 0.1190E-13      6
  222    3     0     -12      0     12  0.16454620E+01  0.00000000E+00 0.5576E-13      7
  223    3     0     -11      0     11  0.18091308E+01  0.00000000E+00 0.3937E-13      6
  224    3     0     -10      0     10  0.20080604E+01  0.00000000E+00 0.9765E-15      7
  225    3     0      -9      0      9  0.21395553E+01  0.00000000E+00 0.1370E-13      6
  226    3     0      -8      0      8  0.23919323E+01  0.00000000E+00 0.5984E-14      5
  227    3     0      -7      0      7  0.27685589E+01  0.00000000E+00 0.2430E-13      7
  228    3     0      -6      0      6  0.30704922E+01  0.00000000E+00 0.1629E-13      7
  229    3     0      -5      0      5  0.33214940E+01  0.00000000E+00 0.7306E-13      6
  230    3     0      -4      0      4  0.36577097E+01  0.00000000E+00 0.5924E-14      7
  231    3     0      -3      1      4  0.42963229E+01  0.00000000E+00 0.4756E-13      7
  232    3     0      -2      1      3  0.46882072E+01  0.00000000E+00 0.3313E-14      6
  233    3     0      -1      2      3  0.55114779E+01  0.00000000E+00 0.1376E-14      7
  234    3     0       0      2      2  0.57625086E+01  0.00000000E+00 0.1554E-13      7
  235    3     0       1      2      1  0.64831401E+01  0.00000000E+00 0.1270E-13      8
  236    3     0       2      3      1  0.69712192E+01  0.00000000E+00 0.4699E-14      8
  237    3     0       3      4      1  0.81038293E+01  0.00000000E+00 0.1222E-13      7
  238    3     0       4      5      1  0.92584937E+01  0.00000000E+00 0.7019E-14      6
  239    3     0       5      6      1  0.10420045E+02  0.00000000E+00 0.1598E-12      6
  240    3     0       6      7      1  0.11614437E+02  0.00000000E+00 0.1204E-12      7
  241    3     0       7      8      1  0.12830944E+02  0.00000000E+00 0.5537E-12      6
  242    3     0       8      8      0  0.13617303E+02  0.00000000E+00 0.4430E-12      9
  243    3     0       9      9      0  0.14088894E+02  0.00000000E+00 0.1961E-12      6
  244    3     0      10     10      0  0.15341414E+02  0.00000000E+00 0.3577E-12      6
  245    3     0      11     11      0  0.16609306E+02  0.00000000E+00 0.1026E-12      6
  246    3     0      12     12      0  0.17876296E+02  0.00000000E+00 0.1562E-12      6
  247    3     0      13     13      0  0.19135541E+02  0.00000000E+00 0.2701E-12      5
  248    3     0      14     14      0  0.20386480E+02  0.00000000E+00 0.1245E-12      7
  249    3     0      15     15      0  0.21631858E+02  0.00000000E+00 0.3047E-12      5
  250    3     0      16     16      0  0.22878930E+02  0.00000000E+00 0.9779E-12      5
  251    3     0      17     17      0  0.24137597E+02  0.00000000E+00 0.2992E-13      5
  252    3     0      18     18      0  0.25412815E+02  0.00000000E+00 0.1418E-12      5
  253    3     0      19     19      0  0.26703243E+02  0.00000000E+00 0.5154E-13      5
  254    3     0      20     20      0  0.28003713E+02  0.00000000E+00 0.1283E-12      5
  Time elapsed :      1.595 s

Starting search (non-adiabatic)

Finding roots
  Time elapsed :     48.964 s

Processing modes
   id    l     m    n_pg    n_p    n_g       Re(omega)       Im(omega)        chi n_iter
  214    3     0     -20      0     20  0.10490629E+01 -0.43147446E-07 0.1761E-07      5
  215    3     0     -19      0     19  0.10840896E+01 -0.37843318E-07 0.5724E-07      5
  216    3     0     -18      0     18  0.11450602E+01 -0.36444915E-07 0.8721E-08      4
  217    3     0     -17      0     17  0.12233473E+01 -0.29432775E-07 0.6421E-07      6
  218    3     0     -16      0     16  0.12789464E+01 -0.23560284E-07 0.7857E-07      5
  219    3     0     -15      0     15  0.13467112E+01 -0.22844543E-07 0.3073E-07     10
  220    3     0     -14      0     14  0.14585021E+01 -0.18637165E-07 0.8365E-08      4
  221    3     0     -13      0     13  0.15664868E+01 -0.14927854E-07 0.4813E-07      5
  222    3     0     -12      0     12  0.16454620E+01 -0.13657000E-07 0.1062E-06      4
  223    3     0     -11      0     11  0.18091308E+01 -0.11373870E-07 0.1791E-06      5
  224    3     0     -10      0     10  0.20080604E+01 -0.93283816E-08 0.1641E-06      6
  225    3     0      -9      0      9  0.21395553E+01 -0.84132612E-08 0.2585E-06      4
  226    3     0      -8      0      8  0.23919323E+01 -0.99074187E-08 0.8632E-08      6
  227    3     0      -7      0      7  0.27685590E+01 -0.25528944E-07 0.7334E-07      4
  228    3     0      -6      0      6  0.30704923E+01 -0.64601959E-07 0.2084E-06      7
  229    3     0      -5      0      5  0.33214952E+01 -0.66293192E-06 0.2143E-07      5
  230    3     0      -4      0      4  0.36577128E+01 -0.13650144E-05 0.4813E-08      7
  231    3     0      -3      1      4  0.42963466E+01 -0.77287846E-05 0.1113E-07      9
  232    3     0      -2      1      3  0.46882421E+01 -0.87675331E-05 0.2946E-09     13
  233    3     0      -1      2      3  0.55115886E+01 -0.73839575E-05 0.1264E-08      8
  234    3     0       0      2      2  0.57626380E+01  0.27182437E-06 0.6944E-08      9
  235    3     0       1      2      1  0.64832725E+01  0.34957327E-04 0.1954E-09      7
  236    3     0       2      3      1  0.69717292E+01  0.28085513E-03 0.1341E-08      6
  237    3     0       3      4      1  0.81041965E+01  0.16165895E-02 0.6267E-09     11
  238    3     0       4      5      1  0.92554355E+01  0.42659114E-02 0.1590E-09     13
  239    3     0       5      6      1  0.10407654E+02  0.52006942E-02 0.3160E-10     12
  240    3     0       6      7      1  0.11587994E+02 -0.86502198E-04 0.3085E-10     11
  241    3     0       7      8      1  0.12789545E+02 -0.13298850E-01 0.1930E-10      8
  242    3     0       8      8      0  0.13615437E+02 -0.10617907E-02 0.1151E-10      7
  243    3     0       9      9      0  0.14035400E+02 -0.32573820E-01 0.1885E-10     11
  244    3     0      10     10      0  0.15276583E+02 -0.57094666E-01 0.8131E-11      8
  245    3     0      11     11      0  0.16534632E+02 -0.84160875E-01 0.3021E-10      8
  246    3     0      12     12      0  0.17790672E+02 -0.11225838E+00 0.1981E-11      9
  247    3     0      13     13      0  0.19036809E+02 -0.13662125E+00 0.5593E-12      9
  248    3     0      14     14      0  0.20271968E+02 -0.15160618E+00 0.2917E-12      8
  249    3     0      15     15      0  0.21498498E+02 -0.15401909E+00 0.3303E-11      9
  250    3     0      16     16      0  0.22722506E+02 -0.14556831E+00 0.1774E-11      9
  251    3     0      17     17      0  0.23950458E+02 -0.13231600E+00 0.1279E-11      9
  252    3     0      18     18      0  0.25183752E+02 -0.11839717E+00 0.3625E-12      9
  253    3     0      20     20      0  0.27660306E+02 -0.80055506E-01 0.4679E-12     15
  Time elapsed :      2.495 s

Mode Search
-----------

Mode parameters
   l : 4
   m : 0

Building frequency grid (REAL axis)
   added scan interval :  0.2782E+00 ->  0.8710E+01 (1000 points, INVERSE)
   added scan interval :  0.8710E+01 ->  0.3105E+02 (1000 points, LINEAR)

Building spatial grid
   Scaffold grid from model
   Split 0 subinterval(s) in iteration 1
   Final grid has 1 segment(s) and 7114 point(s):
      Segment 1 : x range 0.0000 -> 1.0012 (1 -> 7114)

Starting search (adiabatic)

Scanning frequencies
  Time elapsed :    22.582 s

Finding roots
  Time elapsed :      7.288 s

Processing modes
   id    l     m    n_pg    n_p    n_g       Re(omega)       Im(omega)        chi n_iter
  338    4     0     -20      0     20  0.13433182E+01  0.00000000E+00 0.2979E-13      7
  339    4     0     -19      0     19  0.13894715E+01  0.00000000E+00 0.2467E-13      7
  340    4     0     -18      0     18  0.14607834E+01  0.00000000E+00 0.2443E-15      6
  341    4     0     -17      0     17  0.15593540E+01  0.00000000E+00 0.1188E-13      6
  342    4     0     -16      0     16  0.16379525E+01  0.00000000E+00 0.4050E-13      6
  343    4     0     -15      0     15  0.17126934E+01  0.00000000E+00 0.1349E-13      7
  344    4     0     -14      0     14  0.18492454E+01  0.00000000E+00 0.5082E-13      6
  345    4     0     -13      0     13  0.19960282E+01  0.00000000E+00 0.2145E-13      6
  346    4     0     -12      0     12  0.20901195E+01  0.00000000E+00 0.3474E-13      7
  347    4     0     -11      0     11  0.22793197E+01  0.00000000E+00 0.1335E-13      6
  348    4     0     -10      0     10  0.25326787E+01  0.00000000E+00 0.1773E-13      7
  349    4     0      -9      0      9  0.27116621E+01  0.00000000E+00 0.1218E-13      6
  350    4     0      -8      0      8  0.29745364E+01  0.00000000E+00 0.4531E-13      6
  351    4     0      -7      0      7  0.33436879E+01  0.00000000E+00 0.1620E-13      7
  352    4     0      -6      0      6  0.35570327E+01  0.00000000E+00 0.4761E-13      6
  353    4     0      -5      0      5  0.39104647E+01  0.00000000E+00 0.3771E-13      7
  354    4     0      -4      1      5  0.42943864E+01  0.00000000E+00 0.5778E-14      6
  355    4     0      -3      1      4  0.46133734E+01  0.00000000E+00 0.7213E-15      7
  356    4     0      -2      1      3  0.52920498E+01  0.00000000E+00 0.4629E-13      8
  357    4     0      -1      2      3  0.58520243E+01  0.00000000E+00 0.1438E-13      6
  358    4     0       0      2      2  0.66999582E+01  0.00000000E+00 0.5353E-14      8
  359    4     0       1      3      2  0.71117736E+01  0.00000000E+00 0.2015E-14      8
  360    4     0       2      3      1  0.73579860E+01  0.00000000E+00 0.1274E-13      8
  361    4     0       3      4      1  0.83514552E+01  0.00000000E+00 0.1266E-13      8
  362    4     0       4      5      1  0.95380283E+01  0.00000000E+00 0.1179E-12      6
  363    4     0       5      6      1  0.10730133E+02  0.00000000E+00 0.2242E-12      5
  364    4     0       6      7      1  0.11951225E+02  0.00000000E+00 0.1303E-12      6
  365    4     0       7      8      1  0.13192753E+02  0.00000000E+00 0.2287E-12      6
  366    4     0       8      9      1  0.14452436E+02  0.00000000E+00 0.2203E-14      6
  367    4     0       9      9      0  0.15291551E+02  0.00000000E+00 0.1786E-12      8
  368    4     0      10     10      0  0.15729730E+02  0.00000000E+00 0.1134E-12      6
  369    4     0      11     11      0  0.17007689E+02  0.00000000E+00 0.1530E-12      7
  370    4     0      12     12      0  0.18280792E+02  0.00000000E+00 0.2399E-12      6
  371    4     0      13     13      0  0.19543968E+02  0.00000000E+00 0.3406E-13      5
  372    4     0      14     14      0  0.20798189E+02  0.00000000E+00 0.1687E-12      5
  373    4     0      15     15      0  0.22048155E+02  0.00000000E+00 0.2932E-12      5
  374    4     0      16     16      0  0.23302714E+02  0.00000000E+00 0.1601E-12      5
  375    4     0      17     17      0  0.24570647E+02  0.00000000E+00 0.4128E-12      5
  376    4     0      18     18      0  0.25855427E+02  0.00000000E+00 0.4785E-12      5
  377    4     0      19     19      0  0.27153877E+02  0.00000000E+00 0.3524E-13      5
  378    4     0      20     20      0  0.28460248E+02  0.00000000E+00 0.1944E-12      5
  Time elapsed :      1.959 s

Starting search (non-adiabatic)

Finding roots
  Time elapsed :     44.843 s

Processing modes
   id    l     m    n_pg    n_p    n_g       Re(omega)       Im(omega)        chi n_iter
  338    4     0     -20      0     20  0.13433182E+01 -0.47652155E-07 0.3145E-07      4
  339    4     0     -19      0     19  0.13894715E+01 -0.38698560E-07 0.5191E-07      6
  340    4     0     -18      0     18  0.14607834E+01 -0.39387530E-07 0.1040E-07      7
  341    4     0     -17      0     17  0.15593540E+01 -0.32126963E-07 0.7959E-07      7
  342    4     0     -16      0     16  0.16379525E+01 -0.24442337E-07 0.1670E-06      4
  343    4     0     -15      0     15  0.17126934E+01 -0.24212053E-07 0.1230E-06      3
  344    4     0     -14      0     14  0.18492454E+01 -0.20149576E-07 0.9063E-07      6
  345    4     0     -13      0     13  0.19960282E+01 -0.15948518E-07 0.1270E-06      5
  346    4     0     -12      0     12  0.20901195E+01 -0.14447628E-07 0.1846E-06      6
  347    4     0     -11      0     11  0.22793197E+01 -0.13211433E-07 0.9898E-07      4
  348    4     0     -10      0     10  0.25326787E+01 -0.12574965E-07 0.1105E-06      5
  349    4     0      -9      0      9  0.27116621E+01 -0.11808845E-07 0.2088E-06      6
  350    4     0      -8      0      8  0.29745364E+01 -0.41281004E-07 0.9189E-07      5
  351    4     0      -7      0      7  0.33436895E+01 -0.79256442E-06 0.2041E-07      5
  352    4     0      -6      0      6  0.35570350E+01 -0.10967097E-05 0.3307E-07      6
  353    4     0      -5      0      5  0.39104654E+01 -0.27324016E-06 0.7421E-08      6
  354    4     0      -4      1      5  0.42943921E+01 -0.18575812E-05 0.2503E-08      6
  355    4     0      -3      1      4  0.46134344E+01 -0.16182485E-04 0.2758E-08      7
  356    4     0      -2      1      3  0.52920647E+01 -0.18088750E-05 0.1186E-08      6
  357    4     0      -1      2      3  0.58523242E+01  0.82582169E-05 0.4288E-09      6
  358    4     0       0      2      2  0.66999984E+01  0.14924915E-04 0.6190E-09      6
  359    4     0       1      3      2  0.71123763E+01  0.39906238E-03 0.2420E-09      9
  360    4     0       2      3      1  0.73580292E+01  0.40329649E-04 0.1747E-09      6
  361    4     0       3      4      1  0.83514958E+01  0.21716864E-02 0.8205E-10      7
  362    4     0       4      5      1  0.95331739E+01  0.49394139E-02 0.3460E-11      8
  363    4     0       5      6      1  0.10714152E+02  0.46235672E-02 0.7988E-11      8
  364    4     0       6      7      1  0.11920046E+02 -0.30279148E-02 0.1217E-10      8
  365    4     0       7      8      1  0.13146424E+02 -0.18836361E-01 0.1355E-11      8
  366    4     0       8      9      1  0.14393990E+02 -0.40365333E-01 0.1201E-10     11
  367    4     0       9      9      0  0.15291291E+02 -0.28812324E-03 0.7916E-10      6
  368    4     0      10     10      0  0.15661460E+02 -0.65451695E-01 0.5806E-12     10
  369    4     0      11     11      0  0.16929210E+02 -0.93664437E-01 0.1866E-11      9
  370    4     0      12     12      0  0.18190690E+02 -0.12146269E+00 0.1586E-11      9
  371    4     0      13     13      0  0.19439902E+02 -0.14345012E+00 0.7523E-12     12
  372    4     0      14     14      0  0.20677306E+02 -0.15448147E+00 0.1319E-11     11
  373    4     0      15     15      0  0.21907122E+02 -0.15276170E+00 0.3848E-11      9
  374    4     0      16     16      0  0.23136447E+02 -0.14180282E+00 0.1570E-11      8
  375    4     0      17     17      0  0.24370016E+02 -0.12797488E+00 0.1467E-11      8
  376    4     0      19     19      0  0.26849590E+02 -0.96002925E-01 0.2492E-12     12
  377    4     0      20     20      0  0.28094570E+02 -0.70216873E-01 0.5012E-12     13
  Time elapsed :      2.533 s

Mode Search
-----------

Mode parameters
   l : 5
   m : 0

Building frequency grid (REAL axis)
   added scan interval :  0.2782E+00 ->  0.8710E+01 (1000 points, INVERSE)
   added scan interval :  0.8710E+01 ->  0.3105E+02 (1000 points, LINEAR)

Building spatial grid
   Scaffold grid from model
   Split 0 subinterval(s) in iteration 1
   Final grid has 1 segment(s) and 7114 point(s):
      Segment 1 : x range 0.0000 -> 1.0012 (1 -> 7114)

Starting search (adiabatic)

Scanning frequencies
  Time elapsed :    22.248 s

Finding roots
  Time elapsed :      8.819 s

Processing modes
   id    l     m    n_pg    n_p    n_g       Re(omega)       Im(omega)        chi n_iter
  485    5     0     -20      0     20  0.16271908E+01  0.00000000E+00 0.5045E-13      7
  486    5     0     -19      0     19  0.16880646E+01  0.00000000E+00 0.1932E-13      6
  487    5     0     -18      0     18  0.17631876E+01  0.00000000E+00 0.1045E-13      6
  488    5     0     -17      0     17  0.18784994E+01  0.00000000E+00 0.3260E-14      6
  489    5     0     -16      0     16  0.19853713E+01  0.00000000E+00 0.6655E-14      7
  490    5     0     -15      0     15  0.20620125E+01  0.00000000E+00 0.1344E-13      7
  491    5     0     -14      0     14  0.22150051E+01  0.00000000E+00 0.1744E-13      6
  492    5     0     -13      0     13  0.23989851E+01  0.00000000E+00 0.2014E-13      7
  493    5     0     -12      0     12  0.25188268E+01  0.00000000E+00 0.5529E-14      6
  494    5     0     -11      0     11  0.27120939E+01  0.00000000E+00 0.2392E-13      6
  495    5     0     -10      0     10  0.30070085E+01  0.00000000E+00 0.2785E-13      7
  496    5     0      -9      0      9  0.32547096E+01  0.00000000E+00 0.1718E-14      8
  497    5     0      -8      0      8  0.34440307E+01  0.00000000E+00 0.5868E-14      7
  498    5     0      -7      0      7  0.35765300E+01  0.00000000E+00 0.2532E-13      8
  499    5     0      -6      0      6  0.40355272E+01  0.00000000E+00 0.4771E-14      7
  500    5     0      -5      1      6  0.45993013E+01  0.00000000E+00 0.1137E-13     11
  501    5     0      -4      1      5  0.47455268E+01  0.00000000E+00 0.2032E-13      8
  502    5     0      -3      1      4  0.49754278E+01  0.00000000E+00 0.7521E-14      8
  503    5     0      -2      2      4  0.58323001E+01  0.00000000E+00 0.3031E-14      8
  504    5     0      -1      2      3  0.60497865E+01  0.00000000E+00 0.1395E-13      8
  505    5     0       2      4      2  0.83573030E+01  0.00000000E+00 0.9597E-14      9
  506    5     0       3      4      1  0.85883537E+01  0.00000000E+00 0.1309E-13     10
  507    5     0       4      5      1  0.97963064E+01  0.00000000E+00 0.8243E-14      6
  508    5     0       5      6      1  0.11013783E+02  0.00000000E+00 0.9255E-13      5
  509    5     0       6      7      1  0.12256094E+02  0.00000000E+00 0.6501E-13      6
  510    5     0       7      8      1  0.13516414E+02  0.00000000E+00 0.1105E-13      6
  511    5     0       8      9      1  0.14793441E+02  0.00000000E+00 0.1018E-12      7
  512    5     0       9     10      1  0.16082026E+02  0.00000000E+00 0.1684E-12      6
  513    5     0      10     10      0  0.16583324E+02  0.00000000E+00 0.8119E-12      6
  514    5     0      11     11      0  0.17369851E+02  0.00000000E+00 0.9223E-14      6
  515    5     0      12     12      0  0.18648713E+02  0.00000000E+00 0.1312E-12      6
  516    5     0      13     13      0  0.19916438E+02  0.00000000E+00 0.1557E-12      5
  517    5     0      14     14      0  0.21175020E+02  0.00000000E+00 0.1849E-12      5
  518    5     0      15     15      0  0.22430862E+02  0.00000000E+00 0.3524E-12      5
  519    5     0      16     16      0  0.23694145E+02  0.00000000E+00 0.2919E-12      6
  520    5     0      17     17      0  0.24971981E+02  0.00000000E+00 0.3103E-13      5
  521    5     0      18     18      0  0.26265845E+02  0.00000000E+00 0.8292E-13      5
  522    5     0      19     19      0  0.27571481E+02  0.00000000E+00 0.4593E-12      5
  523    5     0      20     20      0  0.28883294E+02  0.00000000E+00 0.1281E-12      5
  Time elapsed :      1.981 s

Starting search (non-adiabatic)

Finding roots
  Time elapsed :     41.888 s

Processing modes
   id    l     m    n_pg    n_p    n_g       Re(omega)       Im(omega)        chi n_iter
  485    5     0     -20      0     20  0.16271908E+01 -0.53468426E-07 0.2593E-07      6
  486    5     0     -19      0     19  0.16880646E+01 -0.39565811E-07 0.5475E-07      6
  487    5     0     -18      0     18  0.17631876E+01 -0.42334067E-07 0.3156E-07      4
  488    5     0     -17      0     17  0.18784994E+01 -0.35120179E-07 0.5557E-07      5
  489    5     0     -16      0     16  0.19853713E+01 -0.25951901E-07 0.1208E-06      6
  490    5     0     -15      0     15  0.20620125E+01 -0.24967540E-07 0.5424E-07      4
  491    5     0     -14      0     14  0.22150051E+01 -0.21743852E-07 0.1341E-06      7
  492    5     0     -13      0     13  0.23989851E+01 -0.17612379E-07 0.2247E-06      3
  493    5     0     -12      0     12  0.25188269E+01 -0.15175141E-07 0.2607E-06      4
  494    5     0     -11      0     11  0.27120940E+01 -0.16537060E-07 0.1294E-06      5
  495    5     0     -10      0     10  0.30070085E+01 -0.26550453E-07 0.2078E-06      4
  496    5     0      -9      0      9  0.32547097E+01 -0.58200593E-07 0.1310E-06      5
  497    5     0      -8      0      8  0.34440331E+01 -0.11134940E-05 0.8524E-08      6
  498    5     0      -7      0      7  0.35765325E+01 -0.11361243E-05 0.1280E-07      5
  499    5     0      -6      0      6  0.40355279E+01 -0.25744240E-06 0.7497E-08      5
  500    5     0      -5      1      6  0.45993096E+01 -0.22298382E-05 0.1368E-08      6
  501    5     0      -4      1      5  0.47456019E+01 -0.17893697E-04 0.1228E-08      8
  502    5     0      -3      1      4  0.49754334E+01 -0.10779557E-05 0.2435E-08      5
  503    5     0      -2      2      4  0.58323256E+01  0.50697609E-06 0.1336E-08      7
  504    5     0      -1      2      3  0.60501404E+01  0.31520112E-04 0.1250E-09      6
  505    5     0       2      4      2  0.83573031E+01  0.25254059E-05 0.2678E-08      5
  506    5     0       3      4      1  0.85878851E+01  0.27589220E-02 0.3881E-10      7
  507    5     0       4      5      1  0.97894261E+01  0.53978467E-02 0.4652E-10      8
  508    5     0       5      6      1  0.10994239E+02  0.36324611E-02 0.5976E-11      6
  509    5     0       6      7      1  0.12220608E+02 -0.62877155E-02 0.3722E-11      7
  510    5     0       7      8      1  0.13466107E+02 -0.24200138E-01 0.7751E-11      8
  511    5     0       8      9      1  0.14731620E+02 -0.47223700E-01 0.3151E-12      8
  512    5     0       9     10      1  0.16010311E+02 -0.73763900E-01 0.5141E-11     10
  513    5     0      10     10      0  0.16583304E+02 -0.20568755E-04 0.1105E-08      7
  514    5     0      11     11      0  0.17287691E+02 -0.10247275E+00 0.4087E-11      8
  515    5     0      12     12      0  0.18554220E+02 -0.12950666E+00 0.5923E-11     10
  516    5     0      13     13      0  0.19807103E+02 -0.14883742E+00 0.8392E-12      9
  517    5     0      14     14      0  0.21047862E+02 -0.15599293E+00 0.2190E-12      9
  518    5     0      15     15      0  0.22282177E+02 -0.15075131E+00 0.3379E-12     11
  519    5     0      16     16      0  0.23517704E+02 -0.13816556E+00 0.1795E-11     10
  520    5     0      17     17      0  0.24757445E+02 -0.12403194E+00 0.1325E-11      8
  521    5     0      19     19      0  0.27246681E+02 -0.89052875E-01 0.2361E-11     12
  522    5     0      20     20      0  0.28497050E+02 -0.60060357E-01 0.9512E-12     13
  Time elapsed :      2.316 s

Mode Search
-----------

Mode parameters
   l : 6
   m : 0

Building frequency grid (REAL axis)
   added scan interval :  0.2782E+00 ->  0.8710E+01 (1000 points, INVERSE)
   added scan interval :  0.8710E+01 ->  0.3105E+02 (1000 points, LINEAR)

Building spatial grid
   Scaffold grid from model
   Split 0 subinterval(s) in iteration 1
   Final grid has 1 segment(s) and 7114 point(s):
      Segment 1 : x range 0.0000 -> 1.0012 (1 -> 7114)

Starting search (adiabatic)

Scanning frequencies
  Time elapsed :    22.084 s

Finding roots
  Time elapsed :     10.096 s

Processing modes
   id    l     m    n_pg    n_p    n_g       Re(omega)       Im(omega)        chi n_iter
  653    6     0     -20      0     20  0.18979885E+01  0.00000000E+00 0.3261E-13      7
  654    6     0     -19      0     19  0.19790419E+01  0.00000000E+00 0.2274E-14      6
  655    6     0     -18      0     18  0.20516489E+01  0.00000000E+00 0.2042E-13      6
  656    6     0     -17      0     17  0.21780334E+01  0.00000000E+00 0.2786E-14      6
  657    6     0     -16      0     16  0.23144619E+01  0.00000000E+00 0.3615E-14      7
  658    6     0     -15      0     15  0.23992601E+01  0.00000000E+00 0.2237E-15      7
  659    6     0     -14      0     14  0.25546263E+01  0.00000000E+00 0.3926E-13      7
  660    6     0     -13      0     13  0.27682577E+01  0.00000000E+00 0.5818E-14      7
  661    6     0     -12      0     12  0.29348963E+01  0.00000000E+00 0.9053E-14      6
  662    6     0     -11      0     11  0.31097121E+01  0.00000000E+00 0.4536E-13      7
  663    6     0     -10      0     10  0.34241894E+01  0.00000000E+00 0.1779E-13      7
  664    6     0      -9      0      9  0.35764728E+01  0.00000000E+00 0.1415E-13      6
  665    6     0      -8      0      8  0.37780218E+01  0.00000000E+00 0.6951E-14      6
  666    6     0      -7      0      7  0.40021050E+01  0.00000000E+00 0.2235E-13      7
  667    6     0      -6      1      7  0.44962506E+01  0.00000000E+00 0.1935E-13      7
  668    6     0      -5      1      6  0.48918796E+01  0.00000000E+00 0.2413E-14      8
  669    6     0      -4      1      5  0.51686000E+01  0.00000000E+00 0.2894E-13      7
  670    6     0      -3      1      4  0.56140232E+01  0.00000000E+00 0.1423E-14      6
  671    6     0      -2      2      4  0.62161539E+01  0.00000000E+00 0.3608E-14     12
  672    6     0      -1      2      3  0.62712450E+01  0.00000000E+00 0.3786E-14     12
  673    6     0       2      4      2  0.88204270E+01  0.00000000E+00 0.1791E-13      8
  674    6     0       3      4      1  0.94128749E+01  0.00000000E+00 0.8441E-13      6
  675    6     0       4      5      1  0.10045342E+02  0.00000000E+00 0.6747E-13      6
  676    6     0       5      6      1  0.11285061E+02  0.00000000E+00 0.2519E-13      7
  677    6     0       6      7      1  0.12545791E+02  0.00000000E+00 0.6964E-13      5
  678    6     0       7      8      1  0.13822932E+02  0.00000000E+00 0.2877E-12      6
  679    6     0       8      9      1  0.15115351E+02  0.00000000E+00 0.3016E-12      8
  680    6     0       9     10      1  0.16415175E+02  0.00000000E+00 0.1059E-12      7
  681    6     0      10     11      1  0.17625009E+02  0.00000000E+00 0.3474E-13      7
  682    6     0      11     11      0  0.17710506E+02  0.00000000E+00 0.1036E-12      7
  683    6     0      12     12      0  0.18994484E+02  0.00000000E+00 0.1494E-12      5
  684    6     0      13     13      0  0.20266669E+02  0.00000000E+00 0.1727E-12      5
  685    6     0      14     14      0  0.21530158E+02  0.00000000E+00 0.4693E-13      5
  686    6     0      15     15      0  0.22792765E+02  0.00000000E+00 0.1719E-12      5
  687    6     0      16     16      0  0.24065205E+02  0.00000000E+00 0.1274E-12      5
  688    6     0      17     17      0  0.25353116E+02  0.00000000E+00 0.2125E-13      6
  689    6     0      18     18      0  0.26655746E+02  0.00000000E+00 0.2237E-12      5
  690    6     0      19     19      0  0.27968015E+02  0.00000000E+00 0.2587E-12      5
  691    6     0      20     20      0  0.29284823E+02  0.00000000E+00 0.2842E-12      5
  Time elapsed :      2.071 s

Starting search (non-adiabatic)

Finding roots
  Time elapsed :     45.995 s

Processing modes
   id    l     m    n_pg    n_p    n_g       Re(omega)       Im(omega)        chi n_iter
  653    6     0     -20      0     20  0.18979885E+01 -0.59920412E-07 0.1708E-07      4
  654    6     0     -19      0     19  0.19790419E+01 -0.41524978E-07 0.4416E-07      6
  655    6     0     -18      0     18  0.20516489E+01 -0.43998444E-07 0.6087E-07      5
  656    6     0     -17      0     17  0.21780334E+01 -0.37636353E-07 0.1240E-06      4
  657    6     0     -16      0     16  0.23144619E+01 -0.28253064E-07 0.2088E-07      4
  658    6     0     -15      0     15  0.23992601E+01 -0.24499123E-07 0.6274E-07      3
  659    6     0     -14      0     14  0.25546264E+01 -0.23061357E-07 0.1120E-06      7
  660    6     0     -13      0     13  0.27682577E+01 -0.19747022E-07 0.9459E-07      4
  661    6     0     -12      0     12  0.29348963E+01 -0.16452053E-07 0.6470E-07      7
  662    6     0     -11      0     11  0.31097121E+01 -0.23470211E-07 0.8268E-07      5
  663    6     0     -10      0     10  0.34241898E+01 -0.18752786E-06 0.2937E-07      6
  664    6     0      -9      0      9  0.35764785E+01 -0.24564814E-05 0.1529E-07      8
  665    6     0      -8      0      8  0.37780221E+01 -0.12024795E-06 0.1985E-08      5
  666    6     0      -7      0      7  0.40021052E+01 -0.75045144E-07 0.2395E-07      4
  667    6     0      -6      1      7  0.44962512E+01 -0.18381264E-06 0.1886E-07      4
  668    6     0      -5      1      6  0.48919890E+01 -0.22780126E-04 0.2937E-09      6
  669    6     0      -4      1      5  0.51686021E+01 -0.31523104E-06 0.1074E-08      7
  670    6     0      -3      1      4  0.56140236E+01 -0.20916353E-07 0.7756E-08      5
  671    6     0      -2      2      4  0.62164671E+01  0.45479595E-04 0.1020E-09      7
  672    6     0      -1      2      3  0.62713788E+01  0.22412055E-04 0.1235E-09      6
  673    6     0       2      4      2  0.88192394E+01  0.33722324E-02 0.2164E-10      7
  674    6     0       3      4      1  0.94128748E+01  0.32682360E-07 0.3946E-06      8
  675    6     0       4      5      1  0.10036195E+02  0.56308708E-02 0.1471E-10     10
  676    6     0       5      6      1  0.11261905E+02  0.22415326E-02 0.1078E-10      7
  677    6     0       6      7      1  0.12506249E+02 -0.98860178E-02 0.4222E-11      8
  678    6     0       7      8      1  0.13769050E+02 -0.29639720E-01 0.4367E-12      8
  679    6     0       8      9      1  0.15050459E+02 -0.53977224E-01 0.7350E-11      7
  680    6     0       9     10      1  0.16340287E+02 -0.81671312E-01 0.8320E-12     10
  681    6     0      11     11      0  0.17625035E+02 -0.21127433E-04 0.2756E-09      6
  682    6     0      11     11      0  0.17624672E+02 -0.11075009E+00 0.2675E-11     10
  683    6     0      12     12      0  0.18895619E+02 -0.13657094E+00 0.1220E-11     10
  684    6     0      13     13      0  0.20152065E+02 -0.15299458E+00 0.1751E-11     10
  685    6     0      14     14      0  0.21396702E+02 -0.15641230E+00 0.7330E-12      8
  686    6     0      15     15      0  0.22636263E+02 -0.14822976E+00 0.2216E-11     10
  687    6     0      16     16      0  0.23878114E+02 -0.13463469E+00 0.3395E-12      8
  688    6     0      18     18      0  0.26372610E+02 -0.10422361E+00 0.1382E-11     12
  689    6     0      19     19      0  0.27623469E+02 -0.81569225E-01 0.1658E-11     11
  690    6     0      20     20      0  0.28879201E+02 -0.49497962E-01 0.1598E-11     10
  Time elapsed :      2.378 s

Mode Search
-----------

Mode parameters
   l : 2
   m : 0

Building frequency grid (REAL axis)
   added scan interval :  0.5202E+00 ->  0.2105E+01 (3000 points, INVERSE)

Building spatial grid
   Scaffold grid from model
   Split 0 subinterval(s) in iteration 1
   Final grid has 1 segment(s) and 7114 point(s):
      Segment 1 : x range 0.0000 -> 1.0012 (1 -> 7114)

Starting search (adiabatic)

Scanning frequencies
  Time elapsed :    34.328 s

Finding roots
  Time elapsed :      1.637 s

Processing modes
   id    l     m    n_pg    n_p    n_g       Re(omega)       Im(omega)        chi n_iter
  695    2     0     -26      0     26  0.57652879E+00  0.00000000E+00 0.3454E-12      5
  696    2     0     -25      0     25  0.59638714E+00  0.00000000E+00 0.1170E-12      5
  697    2     0     -24      0     24  0.62575398E+00  0.00000000E+00 0.6839E-12      5
  698    2     0     -23      0     23  0.65077975E+00  0.00000000E+00 0.3186E-12      5
  699    2     0     -22      0     22  0.67180454E+00  0.00000000E+00 0.7188E-12      5
  700    2     0     -21      0     21  0.70858257E+00  0.00000000E+00 0.7328E-12      5
  Time elapsed :      0.371 s

Starting search (non-adiabatic)

Finding roots
  Time elapsed :      5.631 s

Processing modes
   id    l     m    n_pg    n_p    n_g       Re(omega)       Im(omega)        chi n_iter
  695    2     0     -26      0     26  0.57652880E+00 -0.93683247E-07 0.3851E-08      5
  696    2     0     -25      0     25  0.59638714E+00 -0.11078555E-06 0.9604E-08      4
  697    2     0     -24      0     24  0.62575398E+00 -0.88689488E-07 0.5937E-08      4
  698    2     0     -23      0     23  0.65077975E+00 -0.58685566E-07 0.6390E-08      5
  699    2     0     -22      0     22  0.67180454E+00 -0.61480966E-07 0.1786E-07      6
  700    2     0     -21      0     21  0.70858257E+00 -0.53563240E-07 0.5173E-07      5
  Time elapsed :      0.695 s

Mode Search
-----------

Mode parameters
   l : 3
   m : 0

Building frequency grid (REAL axis)
   added scan interval :  0.5202E+00 ->  0.2105E+01 (3000 points, INVERSE)

Building spatial grid
   Scaffold grid from model
   Split 0 subinterval(s) in iteration 1
   Final grid has 1 segment(s) and 7114 point(s):
      Segment 1 : x range 0.0000 -> 1.0012 (1 -> 7114)

Starting search (adiabatic)

Scanning frequencies
  Time elapsed :    33.708 s

Finding roots
  Time elapsed :      1.969 s

Processing modes
   id    l     m    n_pg    n_p    n_g       Re(omega)       Im(omega)        chi n_iter
  719    3     0     -37      0     37  0.58265600E+00  0.00000000E+00 0.4572E-12      5
  720    3     0     -36      0     36  0.59786711E+00  0.00000000E+00 0.4138E-12      5
  721    3     0     -35      0     35  0.61044569E+00  0.00000000E+00 0.1170E-12      5
  722    3     0     -34      0     34  0.63094441E+00  0.00000000E+00 0.4856E-12      5
  723    3     0     -33      0     33  0.65054769E+00  0.00000000E+00 0.5516E-12      5
  724    3     0     -32      0     32  0.66457970E+00  0.00000000E+00 0.2576E-12      6
  725    3     0     -31      0     31  0.68801292E+00  0.00000000E+00 0.8063E-12      5
  726    3     0     -30      0     30  0.71342609E+00  0.00000000E+00 0.4492E-12      5
  727    3     0     -29      0     29  0.73026744E+00  0.00000000E+00 0.4604E-12      5
  728    3     0     -28      0     28  0.75616154E+00  0.00000000E+00 0.4063E-14      5
  729    3     0     -27      0     27  0.78877098E+00  0.00000000E+00 0.5501E-12      5
  730    3     0     -26      0     26  0.81244620E+00  0.00000000E+00 0.3964E-13      5
  731    3     0     -25      0     25  0.83912321E+00  0.00000000E+00 0.3332E-12      5
  732    3     0     -24      0     24  0.87998722E+00  0.00000000E+00 0.5261E-12      5
  733    3     0     -23      0     23  0.91647409E+00  0.00000000E+00 0.4486E-12      5
  734    3     0     -22      0     22  0.94469520E+00  0.00000000E+00 0.1530E-13      5
  735    3     0     -21      0     21  0.99506637E+00  0.00000000E+00 0.2533E-12      5
  Time elapsed :      0.575 s

Starting search (non-adiabatic)

Finding roots
  Time elapsed :     15.112 s

Processing modes
   id    l     m    n_pg    n_p    n_g       Re(omega)       Im(omega)        chi n_iter
  719    3     0     -37      0     37  0.58265605E+00 -0.98475516E-06 0.1508E-08      5
  720    3     0     -36      0     36  0.59786714E+00 -0.51882230E-06 0.1000E-08      6
  721    3     0     -35      0     35  0.61044573E+00 -0.64778316E-06 0.4148E-09      5
  722    3     0     -34      0     34  0.63094446E+00 -0.60952352E-06 0.1929E-08      6
  723    3     0     -33      0     33  0.65054773E+00 -0.35166780E-06 0.2844E-08      4
  724    3     0     -32      0     32  0.66457974E+00 -0.35184301E-06 0.1939E-08      5
  725    3     0     -31      0     31  0.68801296E+00 -0.36603464E-06 0.4696E-08      4
  726    3     0     -30      0     30  0.71342612E+00 -0.24326103E-06 0.2490E-08      5
  727    3     0     -29      0     29  0.73026746E+00 -0.18459351E-06 0.8700E-09      5
  728    3     0     -28      0     28  0.75616157E+00 -0.21614217E-06 0.1188E-08      6
  729    3     0     -27      0     27  0.78877100E+00 -0.16214589E-06 0.1891E-08      6
  730    3     0     -26      0     26  0.81244621E+00 -0.99060362E-07 0.3764E-08      5
  731    3     0     -25      0     25  0.83912322E+00 -0.11952342E-06 0.2117E-08      6
  732    3     0     -24      0     24  0.87998723E+00 -0.97103448E-07 0.1087E-07      4
  733    3     0     -23      0     23  0.91647409E+00 -0.63056408E-07 0.6550E-08      6
  734    3     0     -22      0     22  0.94469521E+00 -0.64659214E-07 0.5438E-07      5
  735    3     0     -21      0     21  0.99506638E+00 -0.57951129E-07 0.1127E-07      4
  Time elapsed :      1.563 s

Mode Search
-----------

Mode parameters
   l : 4
   m : 0

Building frequency grid (REAL axis)
   added scan interval :  0.5202E+00 ->  0.2105E+01 (3000 points, INVERSE)

Building spatial grid
   Scaffold grid from model
   Split 0 subinterval(s) in iteration 1
   Final grid has 1 segment(s) and 7114 point(s):
      Segment 1 : x range 0.0000 -> 1.0012 (1 -> 7114)

Starting search (adiabatic)

Scanning frequencies
  Time elapsed :    33.975 s

Finding roots
  Time elapsed :      2.260 s

Processing modes
   id    l     m    n_pg    n_p    n_g       Re(omega)       Im(omega)        chi n_iter
  752    4     0     -48      0     48  0.58299876E+00  0.00000000E+00 0.2629E-12      5
  753    4     0     -47      0     47  0.59527084E+00  0.00000000E+00 0.3700E-12      5
  754    4     0     -46      0     46  0.61003903E+00  0.00000000E+00 0.2337E-12      5
  755    4     0     -45      0     45  0.62071994E+00  0.00000000E+00 0.3990E-12      5
  756    4     0     -44      0     44  0.63350046E+00  0.00000000E+00 0.1635E-11      5
  757    4     0     -43      0     43  0.65039348E+00  0.00000000E+00 0.1883E-12      5
  758    4     0     -42      0     42  0.66316756E+00  0.00000000E+00 0.1539E-12      5
  759    4     0     -41      0     41  0.67682536E+00  0.00000000E+00 0.2716E-12      5
  760    4     0     -40      0     40  0.69634384E+00  0.00000000E+00 0.5451E-12      5
  761    4     0     -39      0     39  0.71189859E+00  0.00000000E+00 0.3173E-12      5
  762    4     0     -38      0     38  0.72672471E+00  0.00000000E+00 0.3154E-12      5
  763    4     0     -37      0     37  0.74941819E+00  0.00000000E+00 0.1967E-12      5
  764    4     0     -36      0     36  0.76917885E+00  0.00000000E+00 0.4295E-12      5
  765    4     0     -35      0     35  0.78508064E+00  0.00000000E+00 0.2096E-12      5
  766    4     0     -34      0     34  0.81112601E+00  0.00000000E+00 0.1234E-12      5
  767    4     0     -33      0     33  0.83671644E+00  0.00000000E+00 0.3810E-13      5
  768    4     0     -32      0     32  0.85454914E+00  0.00000000E+00 0.4213E-12      6
  769    4     0     -31      0     31  0.88391942E+00  0.00000000E+00 0.4333E-12      5
  770    4     0     -30      0     30  0.91687071E+00  0.00000000E+00 0.5417E-12      6
  771    4     0     -29      0     29  0.93893602E+00  0.00000000E+00 0.6261E-13      6
  772    4     0     -28      0     28  0.97063599E+00  0.00000000E+00 0.5427E-12      5
  773    4     0     -27      0     27  0.10123092E+01  0.00000000E+00 0.3286E-12      6
  774    4     0     -26      0     26  0.10443681E+01  0.00000000E+00 0.6243E-12      5
  775    4     0     -25      0     25  0.10762169E+01  0.00000000E+00 0.5198E-12      5
  776    4     0     -24      0     24  0.11276180E+01  0.00000000E+00 0.2328E-13      5
  777    4     0     -23      0     23  0.11766485E+01  0.00000000E+00 0.5838E-12      6
  778    4     0     -22      0     22  0.12110560E+01  0.00000000E+00 0.3655E-12      6
  779    4     0     -21      0     21  0.12727427E+01  0.00000000E+00 0.6569E-12      5
  Time elapsed :      0.790 s

Starting search (non-adiabatic)

Finding roots
  Time elapsed :     23.126 s

Processing modes
   id    l     m    n_pg    n_p    n_g       Re(omega)       Im(omega)        chi n_iter
  752    4     0     -48      0     48  0.58299880E+00 -0.36692408E-05 0.2915E-09      4
  753    4     0     -47      0     47  0.59527096E+00 -0.49087156E-05 0.5554E-10      4
  754    4     0     -46      0     46  0.61003917E+00 -0.37824473E-05 0.1422E-09      4
  755    4     0     -45      0     45  0.62072005E+00 -0.22924638E-05 0.1726E-09      6
  756    4     0     -44      0     44  0.63350066E+00 -0.32510855E-05 0.1188E-09      5
  757    4     0     -43      0     43  0.65039368E+00 -0.26096569E-05 0.4486E-09      6
  758    4     0     -42      0     42  0.66316768E+00 -0.14079621E-05 0.9396E-09      6
  759    4     0     -41      0     41  0.67682555E+00 -0.19923756E-05 0.3557E-09      5
  760    4     0     -40      0     40  0.69634402E+00 -0.16532275E-05 0.7128E-09      4
  761    4     0     -39      0     39  0.71189869E+00 -0.85129191E-06 0.1158E-08      5
  762    4     0     -38      0     38  0.72672487E+00 -0.11775640E-05 0.1363E-08      5
  763    4     0     -37      0     37  0.74941835E+00 -0.10434145E-05 0.2674E-08      5
  764    4     0     -36      0     36  0.76917893E+00 -0.55474613E-06 0.1520E-08      6
  765    4     0     -35      0     35  0.78508076E+00 -0.67322143E-06 0.9362E-09      4
  766    4     0     -34      0     34  0.81112614E+00 -0.64792705E-06 0.1744E-09      5
  767    4     0     -33      0     33  0.83671652E+00 -0.38434970E-06 0.1438E-08      7
  768    4     0     -32      0     32  0.85454921E+00 -0.35984480E-06 0.1541E-08      6
  769    4     0     -31      0     31  0.88391950E+00 -0.39124085E-06 0.3784E-09      6
  770    4     0     -30      0     30  0.91687077E+00 -0.27012384E-06 0.5996E-08      4
  771    4     0     -29      0     29  0.93893605E+00 -0.18834496E-06 0.3813E-08      5
  772    4     0     -28      0     28  0.97063605E+00 -0.23156526E-06 0.9896E-08      4
  773    4     0     -27      0     27  0.10123092E+01 -0.17863272E-06 0.2613E-08      5
  774    4     0     -26      0     26  0.10443681E+01 -0.10444106E-06 0.1477E-07      6
  775    4     0     -25      0     25  0.10762170E+01 -0.12626463E-06 0.3794E-08      7
  776    4     0     -24      0     24  0.11276180E+01 -0.10593649E-06 0.5172E-08      5
  777    4     0     -23      0     23  0.11766485E+01 -0.69136849E-07 0.5015E-07      5
  778    4     0     -22      0     22  0.12110560E+01 -0.66550448E-07 0.1930E-07      5
  779    4     0     -21      0     21  0.12727427E+01 -0.62925934E-07 0.5259E-07      6
  Time elapsed :      1.685 s

Mode Search
-----------

Mode parameters
   l : 5
   m : 0

Building frequency grid (REAL axis)
   added scan interval :  0.5202E+00 ->  0.2105E+01 (3000 points, INVERSE)

Building spatial grid
   Scaffold grid from model
   Split 0 subinterval(s) in iteration 1
   Final grid has 1 segment(s) and 7114 point(s):
      Segment 1 : x range 0.0000 -> 1.0012 (1 -> 7114)

Starting search (adiabatic)

Scanning frequencies
  Time elapsed :    33.205 s

Finding roots
  Time elapsed :      3.095 s

Processing modes
   id    l     m    n_pg    n_p    n_g       Re(omega)       Im(omega)        chi n_iter
  797    5     0     -58      0     58  0.59392748E+00  0.00000000E+00 0.2105E-12      5
  798    5     0     -57      0     57  0.60283248E+00  0.00000000E+00 0.5762E-12      5
  799    5     0     -56      0     56  0.61519158E+00  0.00000000E+00 0.3621E-12      5
  800    5     0     -55      0     55  0.62617686E+00  0.00000000E+00 0.3883E-12      5
  801    5     0     -54      0     54  0.63524080E+00  0.00000000E+00 0.5945E-12      6
  802    5     0     -53      0     53  0.64856915E+00  0.00000000E+00 0.2952E-13      5
  803    5     0     -52      0     52  0.66176759E+00  0.00000000E+00 0.8570E-12      5
  804    5     0     -51      0     51  0.67146105E+00  0.00000000E+00 0.6540E-12      6
  805    5     0     -50      0     50  0.68557636E+00  0.00000000E+00 0.1909E-13      5
  806    5     0     -49      0     49  0.70113563E+00  0.00000000E+00 0.3589E-13      5
  807    5     0     -48      0     48  0.71215515E+00  0.00000000E+00 0.7372E-13      5
  808    5     0     -47      0     47  0.72687659E+00  0.00000000E+00 0.5363E-12      5
  809    5     0     -46      0     46  0.74482762E+00  0.00000000E+00 0.3473E-12      6
  810    5     0     -45      0     45  0.75789387E+00  0.00000000E+00 0.7396E-12      5
  811    5     0     -44      0     44  0.77322857E+00  0.00000000E+00 0.1620E-12      5
  812    5     0     -43      0     43  0.79372407E+00  0.00000000E+00 0.1946E-12      5
  813    5     0     -42      0     42  0.80939321E+00  0.00000000E+00 0.3436E-13      5
  814    5     0     -41      0     41  0.82578181E+00  0.00000000E+00 0.2423E-12      5
  815    5     0     -40      0     40  0.84944603E+00  0.00000000E+00 0.1156E-12      5
  816    5     0     -39      0     39  0.86869030E+00  0.00000000E+00 0.2610E-12      5
  817    5     0     -38      0     38  0.88635233E+00  0.00000000E+00 0.1810E-12      6
  818    5     0     -37      0     37  0.91373575E+00  0.00000000E+00 0.3476E-12      5
  819    5     0     -36      0     36  0.93839092E+00  0.00000000E+00 0.4072E-12      5
  820    5     0     -35      0     35  0.95724031E+00  0.00000000E+00 0.3065E-12      6
  821    5     0     -34      0     34  0.98832985E+00  0.00000000E+00 0.5797E-13      5
  822    5     0     -33      0     33  0.10202062E+01  0.00000000E+00 0.1012E-12      6
  823    5     0     -32      0     32  0.10418185E+01  0.00000000E+00 0.1414E-12      6
  824    5     0     -31      0     31  0.10761411E+01  0.00000000E+00 0.1885E-12      5
  825    5     0     -30      0     30  0.11165917E+01  0.00000000E+00 0.5945E-14      6
  826    5     0     -29      0     29  0.11446359E+01  0.00000000E+00 0.4013E-12      5
  827    5     0     -28      0     28  0.11804976E+01  0.00000000E+00 0.1954E-12      5
  828    5     0     -27      0     27  0.12306316E+01  0.00000000E+00 0.1842E-12      6
  829    5     0     -26      0     26  0.12725198E+01  0.00000000E+00 0.1159E-13      5
  830    5     0     -25      0     25  0.13078339E+01  0.00000000E+00 0.1265E-12      5
  831    5     0     -24      0     24  0.13682270E+01  0.00000000E+00 0.2693E-12      5
  832    5     0     -23      0     23  0.14306355E+01  0.00000000E+00 0.4089E-12      5
  833    5     0     -22      0     22  0.14715544E+01  0.00000000E+00 0.5864E-16      6
  834    5     0     -21      0     21  0.15409355E+01  0.00000000E+00 0.1540E-12      5
  Time elapsed :      1.005 s

Starting search (non-adiabatic)

Finding roots
  Time elapsed :     31.704 s

Processing modes
   id    l     m    n_pg    n_p    n_g       Re(omega)       Im(omega)        chi n_iter
  797    5     0     -58      0     58  0.59392735E+00 -0.98400621E-05 0.2229E-09      4
  798    5     0     -57      0     57  0.60283242E+00 -0.13358844E-04 0.4852E-10      5
  799    5     0     -56      0     56  0.61519170E+00 -0.12997643E-04 0.1107E-09      6
  800    5     0     -55      0     55  0.62617701E+00 -0.79564754E-05 0.8696E-10      4
  801    5     0     -54      0     54  0.63524106E+00 -0.93185541E-05 0.3758E-10      5
  802    5     0     -53      0     53  0.64856957E+00 -0.10063546E-04 0.2132E-10      5
  803    5     0     -52      0     52  0.66176795E+00 -0.66169820E-05 0.1751E-10      6
  804    5     0     -51      0     51  0.67146143E+00 -0.60421025E-05 0.3996E-10      5
  805    5     0     -50      0     50  0.68557692E+00 -0.73198385E-05 0.3830E-10      4
  806    5     0     -49      0     49  0.70113611E+00 -0.52653285E-05 0.9567E-10      5
  807    5     0     -48      0     48  0.71215552E+00 -0.37403198E-05 0.1966E-09      4
  808    5     0     -47      0     47  0.72687717E+00 -0.50781648E-05 0.1803E-11      5
  809    5     0     -46      0     46  0.74482812E+00 -0.39536119E-05 0.3306E-10      4
  810    5     0     -45      0     45  0.75789419E+00 -0.23512418E-05 0.7357E-09      5
  811    5     0     -44      0     44  0.77322908E+00 -0.33456328E-05 0.1636E-09      5
  812    5     0     -43      0     43  0.79372453E+00 -0.27052500E-05 0.1869E-09      6
  813    5     0     -42      0     42  0.80939346E+00 -0.14456727E-05 0.1883E-09      4
  814    5     0     -41      0     41  0.82578220E+00 -0.20357286E-05 0.4914E-09      4
  815    5     0     -40      0     40  0.84944638E+00 -0.17135801E-05 0.3772E-09      4
  816    5     0     -39      0     39  0.86869048E+00 -0.88475935E-06 0.3087E-09      5
  817    5     0     -38      0     38  0.88635261E+00 -0.11980338E-05 0.5235E-09      5
  818    5     0     -37      0     37  0.91373602E+00 -0.10883117E-05 0.1733E-08      4
  819    5     0     -36      0     36  0.93839107E+00 -0.59336596E-06 0.2176E-08      6
  820    5     0     -35      0     35  0.95724049E+00 -0.67441577E-06 0.3658E-08      4
  821    5     0     -34      0     34  0.98833004E+00 -0.67773258E-06 0.3739E-09      6
  822    5     0     -33      0     33  0.10202063E+01 -0.42289404E-06 0.2231E-08      7
  823    5     0     -32      0     32  0.10418186E+01 -0.35490410E-06 0.4744E-09      5
  824    5     0     -31      0     31  0.10761412E+01 -0.41253060E-06 0.2287E-08      5
  825    5     0     -30      0     30  0.11165918E+01 -0.30053559E-06 0.1455E-07      4
  826    5     0     -29      0     29  0.11446360E+01 -0.18934049E-06 0.8770E-08      5
  827    5     0     -28      0     28  0.11804977E+01 -0.24437421E-06 0.2765E-08      6
  828    5     0     -27      0     27  0.12306317E+01 -0.19603745E-06 0.2065E-07      6
  829    5     0     -26      0     26  0.12725198E+01 -0.11257469E-06 0.1214E-07      5
  830    5     0     -25      0     25  0.13078340E+01 -0.12998944E-06 0.1580E-07      6
  831    5     0     -24      0     24  0.13682270E+01 -0.11528273E-06 0.2190E-07      5
  832    5     0     -23      0     23  0.14306355E+01 -0.78052503E-07 0.1348E-07      4
  833    5     0     -22      0     22  0.14715544E+01 -0.66630151E-07 0.1571E-07      8
  834    5     0     -21      0     21  0.15409355E+01 -0.68350713E-07 0.7466E-08      5
  Time elapsed :      2.431 s

Mode Search
-----------

Mode parameters
   l : 6
   m : 0

Building frequency grid (REAL axis)
   added scan interval :  0.5202E+00 ->  0.2105E+01 (3000 points, INVERSE)

Building spatial grid
   Scaffold grid from model
   Split 0 subinterval(s) in iteration 1
   Final grid has 1 segment(s) and 7114 point(s):
      Segment 1 : x range 0.0000 -> 1.0012 (1 -> 7114)

Starting search (adiabatic)

Scanning frequencies
  Time elapsed :    33.255 s

Finding roots
  Time elapsed :      3.265 s

Processing modes
   id    l     m    n_pg    n_p    n_g       Re(omega)       Im(omega)        chi n_iter
  850    6     0     -69      0     69  0.59187117E+00  0.00000000E+00 0.9169E-12      5
  851    6     0     -68      0     68  0.60078780E+00  0.00000000E+00 0.5385E-12      6
  852    6     0     -67      0     67  0.60795218E+00  0.00000000E+00 0.3637E-12      5
  853    6     0     -66      0     66  0.61788380E+00  0.00000000E+00 0.7913E-13      5
  854    6     0     -65      0     65  0.62825713E+00  0.00000000E+00 0.1295E-12      6
  855    6     0     -64      0     64  0.63606750E+00  0.00000000E+00 0.7143E-12      5
  856    6     0     -63      0     63  0.64624627E+00  0.00000000E+00 0.2595E-12      5
  857    6     0     -62      0     62  0.65807359E+00  0.00000000E+00 0.1777E-12      6
  858    6     0     -61      0     61  0.66712090E+00  0.00000000E+00 0.3148E-12      5
  859    6     0     -60      0     60  0.67735672E+00  0.00000000E+00 0.5306E-12      5
  860    6     0     -59      0     59  0.69056373E+00  0.00000000E+00 0.4360E-12      5
  861    6     0     -58      0     58  0.70144416E+00  0.00000000E+00 0.3496E-12      5
  862    6     0     -57      0     57  0.71168289E+00  0.00000000E+00 0.5115E-12      5
  863    6     0     -56      0     56  0.72612883E+00  0.00000000E+00 0.1550E-12      5
  864    6     0     -55      0     55  0.73929972E+00  0.00000000E+00 0.6592E-12      6
  865    6     0     -54      0     54  0.74980337E+00  0.00000000E+00 0.1364E-12      5
  866    6     0     -53      0     53  0.76527732E+00  0.00000000E+00 0.5419E-13      5
  867    6     0     -52      0     52  0.78098598E+00  0.00000000E+00 0.5135E-12      6
  868    6     0     -51      0     51  0.79237261E+00  0.00000000E+00 0.2004E-12      6
  869    6     0     -50      0     50  0.80866084E+00  0.00000000E+00 0.2001E-12      5
  870    6     0     -49      0     49  0.82703393E+00  0.00000000E+00 0.2950E-12      5
  871    6     0     -48      0     48  0.84010475E+00  0.00000000E+00 0.1081E-12      5
  872    6     0     -47      0     47  0.85702423E+00  0.00000000E+00 0.2181E-12      5
  873    6     0     -46      0     46  0.87809790E+00  0.00000000E+00 0.1538E-12      6
  874    6     0     -45      0     45  0.89366132E+00  0.00000000E+00 0.7546E-13      5
  875    6     0     -44      0     44  0.91125302E+00  0.00000000E+00 0.6115E-12      6
  876    6     0     -43      0     43  0.93525314E+00  0.00000000E+00 0.4810E-12      5
  877    6     0     -42      0     42  0.95404180E+00  0.00000000E+00 0.1583E-12      5
  878    6     0     -41      0     41  0.97278911E+00  0.00000000E+00 0.2537E-12      6
  879    6     0     -40      0     40  0.10004197E+01  0.00000000E+00 0.4789E-12      5
  880    6     0     -39      0     39  0.10237260E+01  0.00000000E+00 0.6958E-12      5
  881    6     0     -38      0     38  0.10437624E+01  0.00000000E+00 0.8538E-13      6
  882    6     0     -37      0     37  0.10754536E+01  0.00000000E+00 0.1466E-12      5
  883    6     0     -36      0     36  0.11054332E+01  0.00000000E+00 0.2413E-12      5
  884    6     0     -35      0     35  0.11269621E+01  0.00000000E+00 0.9416E-13      6
  885    6     0     -34      0     34  0.11623257E+01  0.00000000E+00 0.3911E-12      5
  886    6     0     -33      0     33  0.12006837E+01  0.00000000E+00 0.7900E-13      6
  887    6     0     -32      0     32  0.12265168E+01  0.00000000E+00 0.5481E-14      5
  888    6     0     -31      0     31  0.12643694E+01  0.00000000E+00 0.7327E-13      6
  889    6     0     -30      0     30  0.13119801E+01  0.00000000E+00 0.3301E-12      5
  890    6     0     -29      0     29  0.13473784E+01  0.00000000E+00 0.3644E-12      5
  891    6     0     -28      0     28  0.13854442E+01  0.00000000E+00 0.5402E-13      6
  892    6     0     -27      0     27  0.14429735E+01  0.00000000E+00 0.7146E-13      6
  893    6     0     -26      0     26  0.14961405E+01  0.00000000E+00 0.2575E-12      6
  894    6     0     -25      0     25  0.15341136E+01  0.00000000E+00 0.2285E-13      6
  895    6     0     -24      0     24  0.16009145E+01  0.00000000E+00 0.1020E-12      5
  896    6     0     -23      0     23  0.16764518E+01  0.00000000E+00 0.2503E-12      6
  Time elapsed :      0.792 s

Starting search (non-adiabatic)

Finding roots
  Time elapsed :     38.679 s

Processing modes
   id    l     m    n_pg    n_p    n_g       Re(omega)       Im(omega)        chi n_iter
  850    6     0     -69      0     69  0.59187057E+00 -0.39685018E-04 0.2032E-10      5
  851    6     0     -68      0     68  0.60078746E+00 -0.26945581E-04 0.1397E-10      5
  852    6     0     -67      0     67  0.60795187E+00 -0.27792473E-04 0.1161E-10      6
  853    6     0     -66      0     66  0.61788364E+00 -0.32132251E-04 0.1565E-10      5
  854    6     0     -65      0     65  0.62825720E+00 -0.23755392E-04 0.4515E-10      5
  855    6     0     -64      0     64  0.63606765E+00 -0.19293930E-04 0.2192E-10      5
  856    6     0     -63      0     63  0.64624669E+00 -0.24884962E-04 0.1024E-10      8
  857    6     0     -62      0     62  0.65807414E+00 -0.20334676E-04 0.3163E-10      5
  858    6     0     -61      0     61  0.66712137E+00 -0.13529452E-04 0.3860E-10      4
  859    6     0     -60      0     60  0.67735753E+00 -0.18647171E-04 0.1906E-10      5
  860    6     0     -59      0     59  0.69056468E+00 -0.16821641E-04 0.3207E-10      5
  861    6     0     -58      0     58  0.70144482E+00 -0.10210393E-04 0.6741E-10      5
  862    6     0     -57      0     57  0.71168390E+00 -0.13514278E-04 0.2340E-10      5
  863    6     0     -56      0     56  0.72613001E+00 -0.13483418E-04 0.2907E-10      5
  864    6     0     -55      0     55  0.73930055E+00 -0.83864260E-05 0.5521E-10      5
  865    6     0     -54      0     54  0.74980437E+00 -0.93128188E-05 0.3212E-10      4
  866    6     0     -53      0     53  0.76527858E+00 -0.10345582E-04 0.9115E-10      4
  867    6     0     -52      0     52  0.78098691E+00 -0.69692144E-05 0.5451E-10      6
  868    6     0     -51      0     51  0.79237347E+00 -0.59870809E-05 0.6822E-10      4
  869    6     0     -50      0     50  0.80866202E+00 -0.74647257E-05 0.1819E-09      5
  870    6     0     -49      0     49  0.82703487E+00 -0.54952233E-05 0.8478E-10      5
  871    6     0     -48      0     48  0.84010542E+00 -0.37290680E-05 0.1852E-09      4
  872    6     0     -47      0     47  0.85702524E+00 -0.51606786E-05 0.1357E-09      4
  873    6     0     -46      0     46  0.87809877E+00 -0.40935879E-05 0.3188E-09      5
  874    6     0     -45      0     45  0.89366184E+00 -0.23658475E-05 0.9257E-09      5
  875    6     0     -44      0     44  0.91125381E+00 -0.33709747E-05 0.1686E-09      4
  876    6     0     -43      0     43  0.93525384E+00 -0.27740487E-05 0.5287E-09      5
  877    6     0     -42      0     42  0.95404217E+00 -0.14633029E-05 0.5478E-09      5
  878    6     0     -41      0     41  0.97278966E+00 -0.20294501E-05 0.4627E-09      4
  879    6     0     -40      0     40  0.10004202E+01 -0.17574801E-05 0.4646E-09      7
  880    6     0     -39      0     39  0.10237262E+01 -0.91847302E-06 0.1340E-08      5
  881    6     0     -38      0     38  0.10437627E+01 -0.11849608E-05 0.9850E-09      5
  882    6     0     -37      0     37  0.10754540E+01 -0.11225667E-05 0.5682E-09      5
  883    6     0     -36      0     36  0.11054334E+01 -0.64264916E-06 0.3152E-08      5
  884    6     0     -35      0     35  0.11269623E+01 -0.65202156E-06 0.1903E-08      6
  885    6     0     -34      0     34  0.11623260E+01 -0.70112586E-06 0.2088E-08      6
  886    6     0     -33      0     33  0.12006839E+01 -0.46980695E-06 0.2007E-08      4
  887    6     0     -32      0     32  0.12265169E+01 -0.34126334E-06 0.7127E-08      4
  888    6     0     -31      0     31  0.12643696E+01 -0.43086598E-06 0.3889E-08      4
  889    6     0     -30      0     30  0.13119802E+01 -0.33412402E-06 0.3531E-08      5
  890    6     0     -29      0     29  0.13473785E+01 -0.19299961E-06 0.8441E-08      5
  891    6     0     -28      0     28  0.13854442E+01 -0.25306521E-06 0.1689E-08      5
  892    6     0     -27      0     27  0.14429735E+01 -0.21387431E-06 0.2266E-08      5
  893    6     0     -26      0     26  0.14961405E+01 -0.12698680E-06 0.1123E-07      6
  894    6     0     -25      0     25  0.15341136E+01 -0.12829052E-06 0.1860E-07      6
  895    6     0     -24      0     24  0.16009145E+01 -0.12459552E-06 0.3776E-07      7
  896    6     0     -23      0     23  0.16764518E+01 -0.89690437E-07 0.1028E-07      5
  Time elapsed :      2.671 s

Mode Search
-----------

Mode parameters
   l : 7
   m : 0

Building frequency grid (REAL axis)
   added scan interval :  0.5202E+00 ->  0.2105E+01 (3000 points, INVERSE)

Building spatial grid
   Scaffold grid from model
   Split 11 subinterval(s) in iteration 1
   Split 0 subinterval(s) in iteration 2
   Final grid has 1 segment(s) and 7125 point(s):
      Segment 1 : x range 0.0000 -> 1.0012 (1 -> 7125)

Starting search (adiabatic)

Scanning frequencies
  Time elapsed :    33.538 s

Finding roots
  Time elapsed :      3.890 s

Processing modes
   id    l     m    n_pg    n_p    n_g       Re(omega)       Im(omega)        chi n_iter
  912    7     0     -80      0     80  0.58888072E+00  0.00000000E+00 0.6482E-13      6
  913    7     0     -79      0     79  0.59676296E+00  0.00000000E+00 0.4457E-12      5
  914    7     0     -78      0     78  0.60517345E+00  0.00000000E+00 0.5235E-13      6
  915    7     0     -77      0     77  0.61172298E+00  0.00000000E+00 0.3541E-12      5
  916    7     0     -76      0     76  0.61965895E+00  0.00000000E+00 0.3259E-12      5
  917    7     0     -75      0     75  0.62901405E+00  0.00000000E+00 0.4415E-12      5
  918    7     0     -74      0     74  0.63656296E+00  0.00000000E+00 0.1886E-13      5
  919    7     0     -73      0     73  0.64444208E+00  0.00000000E+00 0.7650E-14      5
  920    7     0     -72      0     72  0.65460557E+00  0.00000000E+00 0.1737E-12      5
  921    7     0     -71      0     71  0.66349427E+00  0.00000000E+00 0.7374E-12      5
  922    7     0     -70      0     70  0.67137557E+00  0.00000000E+00 0.1818E-12      5
  923    7     0     -69      0     69  0.68217663E+00  0.00000000E+00 0.6530E-13      5
  924    7     0     -68      0     68  0.69262197E+00  0.00000000E+00 0.3512E-12      6
  925    7     0     -67      0     67  0.70081172E+00  0.00000000E+00 0.7403E-14      6
  926    7     0     -66      0     66  0.71202802E+00  0.00000000E+00 0.2470E-12      5
  927    7     0     -65      0     65  0.72409206E+00  0.00000000E+00 0.4301E-12      6
  928    7     0     -64      0     64  0.73317537E+00  0.00000000E+00 0.2987E-12      5
  929    7     0     -63      0     63  0.74457963E+00  0.00000000E+00 0.2049E-12      5
  930    7     0     -62      0     62  0.75822600E+00  0.00000000E+00 0.2297E-12      6
  931    7     0     -61      0     61  0.76887342E+00  0.00000000E+00 0.3352E-13      5
  932    7     0     -60      0     60  0.78028514E+00  0.00000000E+00 0.6863E-12      5
  933    7     0     -59      0     59  0.79540613E+00  0.00000000E+00 0.2307E-12      5
  934    7     0     -58      0     58  0.80823840E+00  0.00000000E+00 0.1335E-13      6
  935    7     0     -57      0     57  0.81967900E+00  0.00000000E+00 0.2819E-12      6
  936    7     0     -56      0     56  0.83608684E+00  0.00000000E+00 0.4226E-12      5
  937    7     0     -55      0     55  0.85153321E+00  0.00000000E+00 0.7580E-14      5
  938    7     0     -54      0     54  0.86341568E+00  0.00000000E+00 0.1789E-12      6
  939    7     0     -53      0     53  0.88084164E+00  0.00000000E+00 0.2515E-12      5
  940    7     0     -52      0     52  0.89910013E+00  0.00000000E+00 0.1491E-13      6
  941    7     0     -51      0     51  0.91221148E+00  0.00000000E+00 0.1125E-12      5
  942    7     0     -50      0     50  0.93041296E+00  0.00000000E+00 0.5648E-12      5
  943    7     0     -49      0     49  0.95157814E+00  0.00000000E+00 0.2674E-13      6
  944    7     0     -48      0     48  0.96681089E+00  0.00000000E+00 0.1995E-12      5
  945    7     0     -47      0     47  0.98560990E+00  0.00000000E+00 0.3515E-12      5
  946    7     0     -46      0     46  0.10097261E+01  0.00000000E+00 0.3355E-12      6
  947    7     0     -45      0     45  0.10279941E+01  0.00000000E+00 0.2575E-12      5
  948    7     0     -44      0     44  0.10474667E+01  0.00000000E+00 0.4423E-12      6
  949    7     0     -43      0     43  0.10748320E+01  0.00000000E+00 0.3361E-12      6
  950    7     0     -42      0     42  0.10970915E+01  0.00000000E+00 0.3934E-12      5
  951    7     0     -41      0     41  0.11177499E+01  0.00000000E+00 0.3338E-13      6
  952    7     0     -40      0     40  0.11490603E+01  0.00000000E+00 0.1430E-12      5
  953    7     0     -39      0     39  0.11769012E+01  0.00000000E+00 0.5751E-15      6
  954    7     0     -38      0     38  0.11988894E+01  0.00000000E+00 0.3426E-12      6
  955    7     0     -37      0     37  0.12342918E+01  0.00000000E+00 0.3845E-13      5
  956    7     0     -36      0     36  0.12699578E+01  0.00000000E+00 0.2780E-13      6
  957    7     0     -35      0     35  0.12943032E+01  0.00000000E+00 0.1410E-12      6
  958    7     0     -34      0     34  0.13327819E+01  0.00000000E+00 0.5561E-12      5
  959    7     0     -33      0     33  0.13775115E+01  0.00000000E+00 0.2588E-12      6
  960    7     0     -32      0     32  0.14087177E+01  0.00000000E+00 0.2375E-12      6
  961    7     0     -31      0     31  0.14482449E+01  0.00000000E+00 0.8114E-13      6
  962    7     0     -30      0     30  0.15022183E+01  0.00000000E+00 0.1655E-12      5
  963    7     0     -29      0     29  0.15467394E+01  0.00000000E+00 0.3190E-13      5
  964    7     0     -28      0     28  0.15853586E+01  0.00000000E+00 0.1973E-12      6
  965    7     0     -27      0     27  0.16484780E+01  0.00000000E+00 0.1462E-12      5
  Time elapsed :      1.231 s

Starting search (non-adiabatic)

Finding roots
  Time elapsed :     45.715 s

Processing modes
   id    l     m    n_pg    n_p    n_g       Re(omega)       Im(omega)        chi n_iter
  913    7     0     -80      0     80  0.59673099E+00 -0.57381628E-04 0.2098E-10      6
  914    7     0     -79      0     79  0.60515798E+00 -0.38887684E-04 0.1416E-10      5
  915    7     0     -77      0     77  0.61171874E+00 -0.30432172E-04 0.1746E-10      7
  916    7     0     -76      0     76  0.61966304E+00 -0.45192658E-04 0.6969E-11      5
  917    7     0     -75      0     75  0.62902077E+00 -0.46708753E-04 0.9943E-11      5
  918    7     0     -74      1     75  0.63656738E+00 -0.34708835E-04 0.1054E-10      5
  919    7     0     -73      1     74  0.64444716E+00 -0.47751480E-04 0.2326E-11      6
  920    7     0     -72      1     73  0.65460967E+00 -0.47416868E-04 0.3366E-11      5
  921    7     0     -71      0     71  0.66349665E+00 -0.31737958E-04 0.1292E-10      5
  922    7     0     -70      0     70  0.67137816E+00 -0.38017718E-04 0.6667E-11      5
  923    7     0     -69      0     69  0.68217931E+00 -0.40768467E-04 0.2231E-10      5
  924    7     0     -68      0     68  0.69262386E+00 -0.28404347E-04 0.2323E-10      6
  925    7     0     -67      0     67  0.70081356E+00 -0.27481976E-04 0.1256E-10      5
  926    7     0     -66      0     66  0.71203039E+00 -0.32801408E-04 0.2842E-10      6
  927    7     0     -65      0     65  0.72409404E+00 -0.25015967E-04 0.6450E-11      5
  928    7     0     -64      0     64  0.73317697E+00 -0.19081726E-04 0.1764E-10      5
  929    7     0     -63      0     63  0.74458194E+00 -0.25182245E-04 0.7351E-10      5
  930    7     0     -62      0     62  0.75822816E+00 -0.21202467E-04 0.5890E-11      5
  931    7     0     -61      0     61  0.76887490E+00 -0.13608453E-04 0.7946E-10      5
  932    7     0     -60      0     60  0.78028735E+00 -0.18687229E-04 0.2652E-10      5
  933    7     0     -59      0     59  0.79540840E+00 -0.17364294E-04 0.2501E-10      5
  934    7     0     -58      0     58  0.80823987E+00 -0.10543666E-04 0.7355E-10      4
  935    7     0     -57      0     57  0.81968099E+00 -0.13384205E-04 0.4851E-10      5
  936    7     0     -56      0     56  0.83608908E+00 -0.13802097E-04 0.9815E-10      5
  937    7     0     -55      0     55  0.85153474E+00 -0.88098495E-05 0.4429E-10      4
  938    7     0     -54      0     54  0.86341733E+00 -0.90961611E-05 0.6347E-10      5
  939    7     0     -53      0     53  0.88084371E+00 -0.10485618E-04 0.8870E-10      5
  940    7     0     -52      0     52  0.89910166E+00 -0.72981495E-05 0.7181E-10      4
  941    7     0     -51      0     51  0.91221275E+00 -0.58090145E-05 0.1076E-09      4
  942    7     0     -50      0     50  0.93041471E+00 -0.75035055E-05 0.1956E-09      6
  943    7     0     -49      0     49  0.95157955E+00 -0.56997434E-05 0.1651E-09      5
  944    7     0     -48      0     48  0.96681182E+00 -0.36597101E-05 0.4562E-09      6
  945    7     0     -47      0     47  0.98561130E+00 -0.51649837E-05 0.1086E-09      4
  946    7     0     -46      0     46  0.10097273E+01 -0.42088376E-05 0.2820E-09      4
  947    7     0     -45      0     45  0.10279948E+01 -0.23534841E-05 0.7880E-09      6
  948    7     0     -44      0     44  0.10474677E+01 -0.33293132E-05 0.3166E-09      4
  949    7     0     -43      0     43  0.10748329E+01 -0.28193548E-05 0.1527E-09      5
  950    7     0     -42      0     42  0.10970920E+01 -0.14768099E-05 0.1583E-08      4
  951    7     0     -41      0     41  0.11177506E+01 -0.19753007E-05 0.2573E-09      5
  952    7     0     -40      0     40  0.11490610E+01 -0.17875792E-05 0.1759E-09      4
  953    7     0     -39      0     39  0.11769016E+01 -0.96665491E-06 0.4804E-09      5
  954    7     0     -38      0     38  0.11988899E+01 -0.11376877E-05 0.4620E-09      4
  955    7     0     -37      0     37  0.12342923E+01 -0.11474358E-05 0.2851E-08      6
  956    7     0     -36      0     36  0.12699581E+01 -0.70877021E-06 0.5841E-09      5
  957    7     0     -35      0     35  0.12943035E+01 -0.60883566E-06 0.7419E-08      5
  958    7     0     -34      0     34  0.13327821E+01 -0.71900391E-06 0.2109E-08      6
  959    7     0     -33      0     33  0.13775117E+01 -0.52380656E-06 0.2072E-08      4
  960    7     0     -32      0     32  0.14087178E+01 -0.32781911E-06 0.3424E-08      5
  961    7     0     -31      0     31  0.14482451E+01 -0.44502509E-06 0.1459E-08      5
  962    7     0     -30      0     30  0.15022184E+01 -0.36904591E-06 0.3933E-08      5
  963    7     0     -29      0     29  0.15467395E+01 -0.20725492E-06 0.7607E-08      6
  964    7     0     -28      0     28  0.15853587E+01 -0.25291852E-06 0.3877E-08      5
  965    7     0     -27      0     27  0.16484781E+01 -0.23063943E-06 0.2409E-08      6
  Time elapsed :      3.233 s

Mode Search
-----------

Mode parameters
   l : 8
   m : 0

Building frequency grid (REAL axis)
   added scan interval :  0.5202E+00 ->  0.2105E+01 (3000 points, INVERSE)

Building spatial grid
   Scaffold grid from model
   Split 13 subinterval(s) in iteration 1
   Split 0 subinterval(s) in iteration 2
   Final grid has 1 segment(s) and 7127 point(s):
      Segment 1 : x range 0.0000 -> 1.0012 (1 -> 7127)

Starting search (adiabatic)

Scanning frequencies
  Time elapsed :    33.278 s

Finding roots
  Time elapsed :      4.420 s

Processing modes
   id    l     m    n_pg    n_p    n_g       Re(omega)       Im(omega)        chi n_iter
  984    8     0     -91      0     91  0.58866914E+00  0.00000000E+00 0.4910E-12      6
  985    8     0     -90      0     90  0.59427575E+00  0.00000000E+00 0.5272E-12      6
  986    8     0     -89      0     89  0.60071898E+00  0.00000000E+00 0.2729E-12      5
  987    8     0     -88      0     88  0.60831897E+00  0.00000000E+00 0.1847E-13      5
  988    8     0     -87      0     87  0.61469571E+00  0.00000000E+00 0.3090E-12      5
  989    8     0     -86      0     86  0.62109775E+00  0.00000000E+00 0.3289E-12      6
  990    8     0     -85      0     85  0.62924280E+00  0.00000000E+00 0.1401E-11      5
  991    8     0     -84      0     84  0.63661747E+00  0.00000000E+00 0.4222E-12      6
  992    8     0     -83      0     83  0.64306596E+00  0.00000000E+00 0.3298E-12      6
  993    8     0     -82      0     82  0.65160656E+00  0.00000000E+00 0.5056E-13      5
  994    8     0     -81      0     81  0.66009120E+00  0.00000000E+00 0.3025E-12      6
  995    8     0     -80      0     80  0.66684823E+00  0.00000000E+00 0.5077E-12      5
  996    8     0     -79      0     79  0.67559141E+00  0.00000000E+00 0.5005E-12      5
  997    8     0     -78      0     78  0.68518684E+00  0.00000000E+00 0.2218E-12      6
  998    8     0     -77      0     77  0.69270220E+00  0.00000000E+00 0.3479E-12      5
  999    8     0     -76      0     76  0.70144417E+00  0.00000000E+00 0.1401E-12      6
 1000    8     0     -75      0     75  0.71203469E+00  0.00000000E+00 0.3176E-12      6
 1001    8     0     -74      0     74  0.72077527E+00  0.00000000E+00 0.5304E-13      5
 1002    8     0     -73      0     73  0.72943860E+00  0.00000000E+00 0.4766E-13      6
 1003    8     0     -72      0     72  0.74085064E+00  0.00000000E+00 0.2745E-12      6
 1004    8     0     -71      0     71  0.75114358E+00  0.00000000E+00 0.2632E-12      5
 1005    8     0     -70      0     70  0.75987521E+00  0.00000000E+00 0.8049E-13      6
 1006    8     0     -69      0     69  0.77189455E+00  0.00000000E+00 0.2445E-12      5
 1007    8     0     -68      0     68  0.78391502E+00  0.00000000E+00 0.4156E-12      5
 1008    8     0     -67      0     67  0.79315269E+00  0.00000000E+00 0.3401E-13      5
 1009    8     0     -66      0     66  0.80551236E+00  0.00000000E+00 0.2620E-12      4
 1010    8     0     -65      0     65  0.81927250E+00  0.00000000E+00 0.1170E-12      6
 1011    8     0     -64      0     64  0.82971916E+00  0.00000000E+00 0.2187E-12      5
 1012    8     0     -63      0     63  0.84217799E+00  0.00000000E+00 0.1263E-13      5
 1013    8     0     -62      0     62  0.85760040E+00  0.00000000E+00 0.4618E-13      6
 1014    8     0     -61      0     61  0.86997748E+00  0.00000000E+00 0.3951E-13      5
 1015    8     0     -60      0     60  0.88239973E+00  0.00000000E+00 0.1084E-12      6
 1016    8     0     -59      0     59  0.89933428E+00  0.00000000E+00 0.1296E-12      6
 1017    8     0     -58      0     58  0.91424443E+00  0.00000000E+00 0.3966E-13      5
 1018    8     0     -57      0     57  0.92677760E+00  0.00000000E+00 0.2744E-12      6
 1019    8     0     -56      0     56  0.94497490E+00  0.00000000E+00 0.6216E-12      5
 1020    8     0     -55      0     55  0.96277820E+00  0.00000000E+00 0.4209E-13      6
 1021    8     0     -54      0     54  0.97603453E+00  0.00000000E+00 0.1341E-12      6
 1022    8     0     -53      0     53  0.99516008E+00  0.00000000E+00 0.2340E-12      5
 1023    8     0     -52      0     52  0.10159854E+01  0.00000000E+00 0.1428E-15      6
 1024    8     0     -51      0     51  0.10309275E+01  0.00000000E+00 0.2272E-12      6
 1025    8     0     -50      0     50  0.10507190E+01  0.00000000E+00 0.2714E-12      6
 1026    8     0     -49      0     49  0.10746222E+01  0.00000000E+00 0.1233E-12      6
 1027    8     0     -48      0     48  0.10922151E+01  0.00000000E+00 0.9602E-13      5
 1028    8     0     -47      0     47  0.11125091E+01  0.00000000E+00 0.9361E-13      6
 1029    8     0     -46      0     46  0.11395411E+01  0.00000000E+00 0.7205E-13      5
 1030    8     0     -45      0     45  0.11608345E+01  0.00000000E+00 0.5889E-12      5
 1031    8     0     -44      0     44  0.11817590E+01  0.00000000E+00 0.8253E-13      5
 1032    8     0     -43      0     43  0.12122612E+01  0.00000000E+00 0.2511E-12      5
 1033    8     0     -42      0     42  0.12384474E+01  0.00000000E+00 0.3083E-13      6
 1034    8     0     -41      0     41  0.12605895E+01  0.00000000E+00 0.8071E-13      6
 1035    8     0     -40      0     40  0.12951100E+01  0.00000000E+00 0.8619E-13      5
 1036    8     0     -39      0     39  0.13279402E+01  0.00000000E+00 0.2775E-12      5
 1037    8     0     -38      0     38  0.13517495E+01  0.00000000E+00 0.3952E-12      6
 1038    8     0     -37      0     37  0.13899414E+01  0.00000000E+00 0.3894E-12      5
 1039    8     0     -36      0     36  0.14313733E+01  0.00000000E+00 0.2719E-14      6
 1040    8     0     -35      0     35  0.14594179E+01  0.00000000E+00 0.2667E-12      6
 1041    8     0     -34      0     34  0.14993852E+01  0.00000000E+00 0.1690E-12      6
 1042    8     0     -33      0     33  0.15499136E+01  0.00000000E+00 0.1275E-12      6
 1043    8     0     -32      0     32  0.15882927E+01  0.00000000E+00 0.1509E-12      5
 1044    8     0     -31      0     31  0.16275606E+01  0.00000000E+00 0.8584E-13      6
 1045    8     0     -30      0     30  0.16864864E+01  0.00000000E+00 0.1354E-13      6
  Time elapsed :      1.315 s

Starting search (non-adiabatic)

Finding roots
  Time elapsed :     54.773 s

Processing modes
   id    l     m    n_pg    n_p    n_g       Re(omega)       Im(omega)        chi n_iter
  985    8     0     -91      0     91  0.59419224E+00 -0.15426786E-03 0.1360E-11      5
  986    8     0     -90      0     90  0.60061972E+00 -0.18974393E-03 0.9381E-12      5
  987    8     0     -89      0     89  0.60823535E+00 -0.16677641E-03 0.3175E-11      6
  988    8     0     -88      0     88  0.61463904E+00 -0.11493017E-03 0.9303E-12      5
  989    8     0     -87      0     87  0.62103020E+00 -0.13844796E-03 0.3088E-11      5
  990    8     0     -86      0     86  0.62917970E+00 -0.13231325E-03 0.4605E-11      5
  991    8     0     -85      0     85  0.63657538E+00 -0.88854759E-04 0.2010E-11      5
  992    8     0     -84      0     84  0.64302046E+00 -0.94526385E-04 0.2723E-11      5
  993    8     0     -83      0     83  0.65155911E+00 -0.97505107E-04 0.8384E-11      7
  994    8     0     -82      0     82  0.66005810E+00 -0.66671818E-04 0.6513E-11      5
  995    8     0     -81      0     81  0.66681978E+00 -0.56134302E-04 0.1284E-10      6
  996    8     0     -80      0     80  0.67556261E+00 -0.59709574E-04 0.5194E-11      5
  997    8     0     -79      0     79  0.68517283E+00 -0.42093264E-04 0.1038E-10      6
  998    8     0     -77      0     77  0.69269889E+00 -0.30747807E-04 0.6704E-11      6
  999    8     0     -76      0     76  0.70144921E+00 -0.44005374E-04 0.2269E-10      5
 1000    8     0     -75      0     75  0.71204406E+00 -0.46100354E-04 0.1417E-10      6
 1001    8     0     -74      1     75  0.72078209E+00 -0.33876270E-04 0.1297E-10      6
 1002    8     0     -73      1     74  0.72944716E+00 -0.46060201E-04 0.1783E-10      6
 1003    8     0     -72      1     73  0.74085861E+00 -0.47697269E-04 0.8281E-11      7
 1004    8     0     -71      0     71  0.75114861E+00 -0.32557980E-04 0.1979E-10      5
 1005    8     0     -70      0     70  0.75988063E+00 -0.36953296E-04 0.1878E-10      5
 1006    8     0     -69      0     69  0.77190043E+00 -0.41185832E-04 0.5838E-11      5
 1007    8     0     -68      0     68  0.78391924E+00 -0.29703245E-04 0.1632E-10      7
 1008    8     0     -67      0     67  0.79315646E+00 -0.26609142E-04 0.1072E-10      5
 1009    8     0     -66      0     66  0.80551718E+00 -0.32932949E-04 0.6823E-10      5
 1010    8     0     -65      0     65  0.81927647E+00 -0.26060929E-04 0.2986E-10      5
 1011    8     0     -64      0     64  0.82972207E+00 -0.18621071E-04 0.1194E-10      5
 1012    8     0     -63      0     63  0.84218209E+00 -0.25048716E-04 0.2940E-10      5
 1013    8     0     -62      0     62  0.85760419E+00 -0.21845244E-04 0.2632E-10      5
 1014    8     0     -61      0     61  0.86997993E+00 -0.13634454E-04 0.2816E-10      5
 1015    8     0     -60      0     60  0.88240320E+00 -0.18382116E-04 0.2621E-10      5
 1016    8     0     -59      0     59  0.89933785E+00 -0.17715769E-04 0.2874E-10      5
 1017    8     0     -58      0     58  0.91424672E+00 -0.10902716E-04 0.5210E-10      4
 1018    8     0     -57      0     57  0.92678045E+00 -0.12985424E-04 0.9974E-10      7
 1019    8     0     -56      0     56  0.94497815E+00 -0.13963562E-04 0.3562E-10      4
 1020    8     0     -55      0     55  0.96278045E+00 -0.92495614E-05 0.1324E-09      6
 1021    8     0     -54      0     54  0.97603673E+00 -0.86996313E-05 0.8543E-10      4
 1022    8     0     -53      0     53  0.99516289E+00 -0.10494185E-04 0.8158E-10      4
 1023    8     0     -52      0     52  0.10159875E+01 -0.76076337E-05 0.1300E-09      6
 1024    8     0     -51      0     51  0.10309291E+01 -0.55480675E-05 0.1398E-09      5
 1025    8     0     -50      0     50  0.10507213E+01 -0.74475724E-05 0.6160E-10      5
 1026    8     0     -49      0     49  0.10746241E+01 -0.58831755E-05 0.1387E-09      4
 1027    8     0     -48      0     48  0.10922163E+01 -0.35638961E-05 0.3158E-09      5
 1028    8     0     -47      0     47  0.11125108E+01 -0.50936001E-05 0.2092E-09      5
 1029    8     0     -46      0     46  0.11395426E+01 -0.42981926E-05 0.1845E-09      4
 1030    8     0     -45      0     45  0.11608353E+01 -0.23384420E-05 0.5234E-09      4
 1031    8     0     -44      0     44  0.11817602E+01 -0.32179711E-05 0.3873E-09      4
 1032    8     0     -43      0     43  0.12122623E+01 -0.28399826E-05 0.4042E-09      5
 1033    8     0     -42      0     42  0.12384479E+01 -0.15079203E-05 0.1065E-08      5
 1034    8     0     -41      0     41  0.12605902E+01 -0.18722470E-05 0.5510E-09      5
 1035    8     0     -40      0     40  0.12951108E+01 -0.18043138E-05 0.7189E-10      5
 1036    8     0     -39      0     39  0.13279406E+01 -0.10436603E-05 0.1123E-08      4
 1037    8     0     -38      0     38  0.13517499E+01 -0.10554009E-05 0.9281E-09      4
 1038    8     0     -37      0     37  0.13899419E+01 -0.11623962E-05 0.5127E-09      5
 1039    8     0     -36      0     36  0.14313736E+01 -0.79012546E-06 0.1325E-08      4
 1040    8     0     -35      0     35  0.14594181E+01 -0.55590515E-06 0.5105E-08      4
 1041    8     0     -34      0     34  0.14993855E+01 -0.73037875E-06 0.6464E-09      5
 1042    8     0     -33      0     33  0.15499138E+01 -0.58036111E-06 0.4499E-09      5
 1043    8     0     -32      0     32  0.15882928E+01 -0.32920767E-06 0.4229E-08      5
 1044    8     0     -31      0     31  0.16275608E+01 -0.44957462E-06 0.1296E-08      6
 1045    8     0     -30      0     30  0.16864866E+01 -0.40244920E-06 0.4580E-08      4
  Time elapsed :      3.568 s

Mode Search
-----------

Mode parameters
   l : 9
   m : 0

Building frequency grid (REAL axis)
   added scan interval :  0.5202E+00 ->  0.2105E+01 (3000 points, INVERSE)

Building spatial grid
   Scaffold grid from model
   Split 14 subinterval(s) in iteration 1
   Split 0 subinterval(s) in iteration 2
   Final grid has 1 segment(s) and 7128 point(s):
      Segment 1 : x range 0.0000 -> 1.0012 (1 -> 7128)

Starting search (adiabatic)

Scanning frequencies
  Time elapsed :    33.274 s

Finding roots
  Time elapsed :      4.827 s

Processing modes
   id    l     m    n_pg    n_p    n_g       Re(omega)       Im(omega)        chi n_iter
 1065    9     0    -102      0    102  0.58719536E+00  0.00000000E+00 0.3379E-12      6
 1066    9     0    -101      0    101  0.59353402E+00  0.00000000E+00 0.3117E-12      5
 1067    9     0    -100      0    100  0.59900211E+00  0.00000000E+00 0.1977E-12      5
 1068    9     0     -99      0     99  0.60436900E+00  0.00000000E+00 0.5455E-12      5
 1069    9     0     -98      0     98  0.61108210E+00  0.00000000E+00 0.6918E-12      5
 1070    9     0     -97      0     97  0.61730726E+00  0.00000000E+00 0.4778E-12      5
 1071    9     0     -96      0     96  0.62274417E+00  0.00000000E+00 0.4125E-12      5
 1072    9     0     -95      0     95  0.62970160E+00  0.00000000E+00 0.2983E-12      5
 1073    9     0     -94      0     94  0.63673096E+00  0.00000000E+00 0.4166E-12      5
 1074    9     0     -93      0     93  0.64246559E+00  0.00000000E+00 0.1080E-12      6
 1075    9     0     -92      0     92  0.64952415E+00  0.00000000E+00 0.7282E-12      5
 1076    9     0     -91      0     91  0.65732714E+00  0.00000000E+00 0.4159E-13      5
 1077    9     0     -90      0     90  0.66367010E+00  0.00000000E+00 0.6039E-12      5
 1078    9     0     -89      0     89  0.67069749E+00  0.00000000E+00 0.1067E-12      5
 1079    9     0     -88      0     88  0.67917440E+00  0.00000000E+00 0.1392E-12      6
 1080    9     0     -87      0     87  0.68643858E+00  0.00000000E+00 0.1363E-13      5
 1081    9     0     -86      0     86  0.69342354E+00  0.00000000E+00 0.1040E-12      6
 1082    9     0     -85      0     85  0.70244061E+00  0.00000000E+00 0.8478E-12      5
 1083    9     0     -84      0     84  0.71083921E+00  0.00000000E+00 0.3811E-12      6
 1084    9     0     -83      0     83  0.71793842E+00  0.00000000E+00 0.1278E-12      6
 1085    9     0     -82      0     82  0.72731268E+00  0.00000000E+00 0.2239E-12      5
 1086    9     0     -81      0     81  0.73692094E+00  0.00000000E+00 0.4132E-12      6
 1087    9     0     -80      0     80  0.74448680E+00  0.00000000E+00 0.7279E-13      6
 1088    9     0     -79      0     79  0.75399701E+00  0.00000000E+00 0.9656E-12      5
 1089    9     0     -78      0     78  0.76477322E+00  0.00000000E+00 0.1837E-12      5
 1090    9     0     -77      0     77  0.77332855E+00  0.00000000E+00 0.1767E-12      5
 1091    9     0     -76      0     76  0.78277451E+00  0.00000000E+00 0.1324E-12      6
 1092    9     0     -75      0     75  0.79456175E+00  0.00000000E+00 0.3857E-12      6
 1093    9     0     -74      0     74  0.80458179E+00  0.00000000E+00 0.5377E-13      5
 1094    9     0     -73      0     73  0.81395246E+00  0.00000000E+00 0.3187E-12      6
 1095    9     0     -72      0     72  0.82653236E+00  0.00000000E+00 0.8860E-14      5
 1096    9     0     -71      0     71  0.83829998E+00  0.00000000E+00 0.4077E-13      6
 1097    9     0     -70      0     70  0.84786817E+00  0.00000000E+00 0.9783E-13      6
 1098    9     0     -69      0     69  0.86097627E+00  0.00000000E+00 0.1850E-12      5
 1099    9     0     -68      0     68  0.87460129E+00  0.00000000E+00 0.2938E-12      6
 1100    9     0     -67      0     67  0.88495718E+00  0.00000000E+00 0.3165E-12      5
 1101    9     0     -66      0     66  0.89828694E+00  0.00000000E+00 0.8849E-13      5
 1102    9     0     -65      0     65  0.91372176E+00  0.00000000E+00 0.2272E-12      6
 1103    9     0     -64      0     64  0.92566598E+00  0.00000000E+00 0.8007E-13      5
 1104    9     0     -63      0     63  0.93899220E+00  0.00000000E+00 0.7025E-13      6
 1105    9     0     -62      0     62  0.95611254E+00  0.00000000E+00 0.1787E-12      6
 1106    9     0     -61      0     61  0.97037218E+00  0.00000000E+00 0.1173E-12      5
 1107    9     0     -60      0     60  0.98365482E+00  0.00000000E+00 0.4994E-13      6
 1108    9     0     -59      0     59  0.10022556E+01  0.00000000E+00 0.5691E-13      5
 1109    9     0     -58      0     58  0.10193646E+01  0.00000000E+00 0.5510E-12      6
 1110    9     0     -57      0     57  0.10329378E+01  0.00000000E+00 0.6950E-12      6
 1111    9     0     -56      0     56  0.10526908E+01  0.00000000E+00 0.1049E-13      5
 1112    9     0     -55      0     55  0.10729027E+01  0.00000000E+00 0.2268E-12      6
 1113    9     0     -54      0     54  0.10876188E+01  0.00000000E+00 0.1659E-12      6
 1114    9     0     -53      0     53  0.11081239E+01  0.00000000E+00 0.2290E-12      6
 1115    9     0     -52      0     52  0.11314896E+01  0.00000000E+00 0.4453E-13      5
 1116    9     0     -51      0     51  0.11484678E+01  0.00000000E+00 0.3507E-13      6
 1117    9     0     -50      0     50  0.11694641E+01  0.00000000E+00 0.5636E-13      6
 1118    9     0     -49      0     49  0.11959938E+01  0.00000000E+00 0.3431E-13      6
 1119    9     0     -48      0     48  0.12162497E+01  0.00000000E+00 0.1128E-13      5
 1120    9     0     -47      0     47  0.12376090E+01  0.00000000E+00 0.2690E-13      6
 1121    9     0     -46      0     46  0.12673469E+01  0.00000000E+00 0.2345E-12      6
 1122    9     0     -45      0     45  0.12920892E+01  0.00000000E+00 0.2754E-12      6
 1123    9     0     -44      0     44  0.13140625E+01  0.00000000E+00 0.3677E-12      6
 1124    9     0     -43      0     43  0.13473203E+01  0.00000000E+00 0.5123E-14      6
 1125    9     0     -42      0     42  0.13779021E+01  0.00000000E+00 0.3081E-12      6
 1126    9     0     -41      0     41  0.14013194E+01  0.00000000E+00 0.1654E-12      6
 1127    9     0     -40      0     40  0.14382997E+01  0.00000000E+00 0.5254E-12      5
 1128    9     0     -39      0     39  0.14763471E+01  0.00000000E+00 0.4587E-13      6
 1129    9     0     -38      0     38  0.15025017E+01  0.00000000E+00 0.5540E-13      6
 1130    9     0     -37      0     37  0.15421294E+01  0.00000000E+00 0.5564E-13      6
 1131    9     0     -36      0     36  0.15889442E+01  0.00000000E+00 0.1511E-13      6
 1132    9     0     -35      0     35  0.16224177E+01  0.00000000E+00 0.1485E-12      6
 1133    9     0     -34      0     34  0.16619457E+01  0.00000000E+00 0.2264E-12      6
  Time elapsed :      1.138 s

Starting search (non-adiabatic)

Finding roots
  Time elapsed :     61.118 s

Processing modes
   id    l     m    n_pg    n_p    n_g       Re(omega)       Im(omega)        chi n_iter
 1066    9     0    -102      0    102  0.59316851E+00 -0.51912161E-03 0.3685E-12      6
 1067    9     0    -101      0    101  0.59874580E+00 -0.37047383E-03 0.2993E-12      7
 1068    9     0    -100      0    100  0.60407501E+00 -0.42639795E-03 0.4279E-12      6
 1069    9     0     -99      0     99  0.61080620E+00 -0.42713902E-03 0.5145E-12      7
 1070    9     0     -98      0     98  0.61711851E+00 -0.30619925E-03 0.1608E-11      8
 1071    9     0     -97      0     97  0.62255127E+00 -0.31168645E-03 0.1438E-11      6
 1072    9     0     -96      0     96  0.62950382E+00 -0.34041515E-03 0.1216E-11      7
 1073    9     0     -95      0     95  0.63658889E+00 -0.25883775E-03 0.2061E-11      6
 1074    9     0     -94      0     94  0.64234315E+00 -0.22344196E-03 0.1211E-11      5
 1075    9     0     -93      0     93  0.64938656E+00 -0.26434909E-03 0.6681E-12      5
 1076    9     0     -92      0     92  0.65721952E+00 -0.21829961E-03 0.1554E-11      6
 1077    9     0     -91      0     91  0.66359162E+00 -0.16140776E-03 0.2749E-11      5
 1078    9     0     -90      0     90  0.67060404E+00 -0.19833325E-03 0.1365E-11      5
 1079    9     0     -89      0     89  0.67909391E+00 -0.17838767E-03 0.3723E-11      5
 1080    9     0     -88      0     88  0.68638496E+00 -0.12127260E-03 0.3427E-11      5
 1081    9     0     -87      0     87  0.69336126E+00 -0.14190586E-03 0.2268E-11      5
 1082    9     0     -86      0     86  0.70238089E+00 -0.13915194E-03 0.3725E-11      5
 1083    9     0     -85      0     85  0.71079895E+00 -0.94542646E-04 0.4126E-11      6
 1084    9     0     -84      0     84  0.71789732E+00 -0.94906109E-04 0.2817E-11      5
 1085    9     0     -83      0     83  0.72726864E+00 -0.10079269E-03 0.1225E-10      5
 1086    9     0     -82      0     82  0.73688959E+00 -0.70824423E-04 0.4577E-11      5
 1087    9     0     -81      0     81  0.74446192E+00 -0.55789681E-04 0.1345E-10      6
 1088    9     0     -80      0     80  0.75397150E+00 -0.61531536E-04 0.1114E-10      5
 1089    9     0     -79      0     79  0.76476075E+00 -0.45185384E-04 0.2069E-10      6
 1090    9     0     -79      0     79  0.77332619E+00 -0.31017468E-04 0.1233E-10      5
 1091    9     0     -76      0     76  0.78278018E+00 -0.42836378E-04 0.2369E-10      6
 1092    9     0     -75      0     75  0.79457310E+00 -0.45318043E-04 0.8073E-11      5
 1093    9     0     -74      1     75  0.80459059E+00 -0.33091226E-04 0.1214E-10      6
 1094    9     0     -73      1     74  0.81396371E+00 -0.43556550E-04 0.9871E-12      5
 1095    9     0     -72      1     73  0.82654384E+00 -0.47248498E-04 0.3371E-10      5
 1096    9     0     -71      0     71  0.83830765E+00 -0.33288541E-04 0.1623E-10      5
 1097    9     0     -70      0     70  0.84787596E+00 -0.35141755E-04 0.2199E-10      6
 1098    9     0     -69      0     69  0.86098516E+00 -0.40964939E-04 0.1341E-10      6
 1099    9     0     -68      0     68  0.87460792E+00 -0.30829730E-04 0.1552E-10      6
 1100    9     0     -67      0     67  0.88496260E+00 -0.25337874E-04 0.2993E-10      6
 1101    9     0     -66      0     66  0.89829402E+00 -0.32544264E-04 0.2628E-10      6
 1102    9     0     -65      0     65  0.91372773E+00 -0.26853801E-04 0.5492E-11      5
 1103    9     0     -64      0     64  0.92567005E+00 -0.18066132E-04 0.4956E-10      6
 1104    9     0     -63      0     63  0.93899791E+00 -0.24497747E-04 0.3359E-10      5
 1105    9     0     -62      0     62  0.95611793E+00 -0.22250621E-04 0.3129E-10      5
 1106    9     0     -61      0     61  0.97037559E+00 -0.13712858E-04 0.3534E-10      5
 1107    9     0     -60      0     60  0.98365939E+00 -0.17745012E-04 0.6795E-10      4
 1108    9     0     -59      0     59  0.10022604E+01 -0.17880837E-04 0.2819E-10      5
 1109    9     0     -58      0     58  0.10193678E+01 -0.11339395E-04 0.6768E-10      7
 1110    9     0     -57      0     57  0.10329413E+01 -0.12343894E-04 0.1359E-09      4
 1111    9     0     -56      0     56  0.10526950E+01 -0.13974289E-04 0.8601E-10      5
 1112    9     0     -55      0     55  0.10729057E+01 -0.97096572E-05 0.1969E-09      6
 1113    9     0     -54      0     54  0.10876214E+01 -0.81721165E-05 0.8072E-10      5
 1114    9     0     -53      0     53  0.11081274E+01 -0.10378239E-04 0.1016E-09      6
 1115    9     0     -52      0     52  0.11314924E+01 -0.78915428E-05 0.7751E-10      5
 1116    9     0     -51      0     51  0.11484696E+01 -0.52571557E-05 0.2410E-09      4
 1117    9     0     -50      0     50  0.11694668E+01 -0.73029312E-05 0.5960E-10      4
 1118    9     0     -49      0     49  0.11959962E+01 -0.60426769E-05 0.5336E-10      7
 1119    9     0     -48      0     48  0.12162511E+01 -0.34813447E-05 0.5081E-09      5
 1120    9     0     -47      0     47  0.12376110E+01 -0.49400768E-05 0.1852E-09      5
 1121    9     0     -46      0     46  0.12673487E+01 -0.43529480E-05 0.2561E-09      5
 1122    9     0     -45      0     45  0.12920902E+01 -0.23514558E-05 0.1187E-08      4
 1123    9     0     -44      0     44  0.13140638E+01 -0.30297381E-05 0.7388E-09      5
 1124    9     0     -43      0     43  0.13473216E+01 -0.28326857E-05 0.2661E-09      5
 1125    9     0     -42      0     42  0.13779028E+01 -0.15796884E-05 0.1059E-08      5
 1126    9     0     -41      0     41  0.14013202E+01 -0.17188244E-05 0.1369E-08      5
 1127    9     0     -40      0     40  0.14383005E+01 -0.18065423E-05 0.5838E-09      4
 1128    9     0     -39      0     39  0.14763477E+01 -0.11542295E-05 0.1236E-08      4
 1129    9     0     -38      0     38  0.15025022E+01 -0.94592341E-06 0.2086E-08      4
 1130    9     0     -37      0     37  0.15421300E+01 -0.11647804E-05 0.1287E-08      4
 1131    9     0     -36      0     36  0.15889446E+01 -0.87477752E-06 0.2460E-09      7
 1132    9     0     -35      0     35  0.16224179E+01 -0.51727328E-06 0.1052E-07      4
 1133    9     0     -34      0     34  0.16619461E+01 -0.73065070E-06 0.3456E-08      5
  Time elapsed :      4.162 s

Mode Search
-----------

Mode parameters
   l : 10
   m : 0

Building frequency grid (REAL axis)
   added scan interval :  0.5202E+00 ->  0.2105E+01 (3000 points, INVERSE)

Building spatial grid
   Scaffold grid from model
   Split 15 subinterval(s) in iteration 1
   Split 0 subinterval(s) in iteration 2
   Final grid has 1 segment(s) and 7129 point(s):
      Segment 1 : x range 0.0000 -> 1.0012 (1 -> 7129)

Starting search (adiabatic)

Scanning frequencies
  Time elapsed :    33.425 s

Finding roots
  Time elapsed :      5.435 s

Processing modes
   id    l     m    n_pg    n_p    n_g       Re(omega)       Im(omega)        chi n_iter
 1156   10     0    -112      0    112  0.59218527E+00  0.00000000E+00 0.2927E-12      6
 1157   10     0    -111      0    111  0.59789801E+00  0.00000000E+00 0.8481E-12      5
 1158   10     0    -110      0    110  0.60322695E+00  0.00000000E+00 0.3145E-12      6
 1159   10     0    -109      0    109  0.60796754E+00  0.00000000E+00 0.2631E-12      6
 1160   10     0    -108      0    108  0.61383211E+00  0.00000000E+00 0.1666E-12      5
 1161   10     0    -107      0    107  0.61976435E+00  0.00000000E+00 0.4198E-13      5
 1162   10     0    -106      0    106  0.62472261E+00  0.00000000E+00 0.4783E-13      6
 1163   10     0    -105      0    105  0.63061930E+00  0.00000000E+00 0.2717E-12      5
 1164   10     0    -104      0    104  0.63712109E+00  0.00000000E+00 0.3017E-12      5
 1165   10     0    -103      0    103  0.64255286E+00  0.00000000E+00 0.9918E-12      5
 1166   10     0    -102      0    102  0.64840272E+00  0.00000000E+00 0.1674E-13      6
 1167   10     0    -101      0    101  0.65538976E+00  0.00000000E+00 0.3370E-12      6
 1168   10     0    -100      0    100  0.66153045E+00  0.00000000E+00 0.1027E-12      5
 1169   10     0     -99      0     99  0.66735156E+00  0.00000000E+00 0.4233E-13      6
 1170   10     0     -98      0     98  0.67470239E+00  0.00000000E+00 0.9527E-13      5
 1171   10     0     -97      0     97  0.68168803E+00  0.00000000E+00 0.1077E-12      6
 1172   10     0     -96      0     96  0.68763856E+00  0.00000000E+00 0.3648E-12      5
 1173   10     0     -95      0     95  0.69520123E+00  0.00000000E+00 0.1469E-12      5
 1174   10     0     -94      0     94  0.70305001E+00  0.00000000E+00 0.9632E-13      5
 1175   10     0     -93      0     93  0.70941446E+00  0.00000000E+00 0.1178E-12      6
 1176   10     0     -92      0     92  0.71703228E+00  0.00000000E+00 0.6681E-12      6
 1177   10     0     -91      0     91  0.72568338E+00  0.00000000E+00 0.1172E-12      5
 1178   10     0     -90      0     90  0.73281209E+00  0.00000000E+00 0.1261E-12      5
 1179   10     0     -89      0     89  0.74036460E+00  0.00000000E+00 0.2229E-12      6
 1180   10     0     -88      0     88  0.74968914E+00  0.00000000E+00 0.4482E-12      6
 1181   10     0     -87      0     87  0.75789589E+00  0.00000000E+00 0.1635E-12      5
 1182   10     0     -86      0     86  0.76542785E+00  0.00000000E+00 0.2953E-12      6
 1183   10     0     -85      0     85  0.77525963E+00  0.00000000E+00 0.1268E-12      5
 1184   10     0     -84      0     84  0.78472292E+00  0.00000000E+00 0.1602E-12      6
 1185   10     0     -83      0     83  0.79248291E+00  0.00000000E+00 0.3613E-13      6
 1186   10     0     -82      0     82  0.80260286E+00  0.00000000E+00 0.3423E-12      5
 1187   10     0     -81      0     81  0.81334683E+00  0.00000000E+00 0.5276E-13      6
 1188   10     0     -80      0     80  0.82178504E+00  0.00000000E+00 0.7550E-13      5
 1189   10     0     -79      0     79  0.83195271E+00  0.00000000E+00 0.3834E-13      6
 1190   10     0     -78      0     78  0.84388654E+00  0.00000000E+00 0.3477E-12      5
 1191   10     0     -77      0     77  0.85357867E+00  0.00000000E+00 0.7002E-13      5
 1192   10     0     -76      0     76  0.86362676E+00  0.00000000E+00 0.1698E-13      5
 1193   10     0     -75      0     75  0.87654668E+00  0.00000000E+00 0.2952E-12      6
 1194   10     0     -74      0     74  0.88793907E+00  0.00000000E+00 0.9470E-13      6
 1195   10     0     -73      0     73  0.89796611E+00  0.00000000E+00 0.3597E-12      6
 1196   10     0     -72      0     72  0.91160014E+00  0.00000000E+00 0.5737E-12      5
 1197   10     0     -71      0     71  0.92489800E+00  0.00000000E+00 0.2303E-12      5
 1198   10     0     -70      0     70  0.93534034E+00  0.00000000E+00 0.2159E-12      5
 1199   10     0     -69      0     69  0.94937070E+00  0.00000000E+00 0.8029E-13      5
 1200   10     0     -68      0     68  0.96460051E+00  0.00000000E+00 0.3141E-12      6
 1201   10     0     -67      0     67  0.97620249E+00  0.00000000E+00 0.2263E-13      6
 1202   10     0     -66      0     66  0.99030269E+00  0.00000000E+00 0.8165E-13      5
 1203   10     0     -65      0     65  0.10073535E+01  0.00000000E+00 0.3059E-12      6
 1204   10     0     -64      0     64  0.10209676E+01  0.00000000E+00 0.3641E-12      5
 1205   10     0     -63      0     63  0.10349785E+01  0.00000000E+00 0.1830E-12      6
 1206   10     0     -62      0     62  0.10536720E+01  0.00000000E+00 0.2442E-13      6
 1207   10     0     -61      0     61  0.10699716E+01  0.00000000E+00 0.2973E-13      6
 1208   10     0     -60      0     60  0.10840153E+01  0.00000000E+00 0.2817E-12      5
 1209   10     0     -59      0     59  0.11040738E+01  0.00000000E+00 0.2953E-12      5
 1210   10     0     -58      0     58  0.11234716E+01  0.00000000E+00 0.2311E-12      5
 1211   10     0     -57      0     57  0.11381310E+01  0.00000000E+00 0.3454E-13      6
 1212   10     0     -56      0     56  0.11591324E+01  0.00000000E+00 0.4705E-12      5
 1213   10     0     -55      0     55  0.11817508E+01  0.00000000E+00 0.9077E-13      5
 1214   10     0     -54      0     54  0.11981339E+01  0.00000000E+00 0.4983E-14      5
 1215   10     0     -53      0     53  0.12196317E+01  0.00000000E+00 0.2342E-12      6
 1216   10     0     -52      0     52  0.12454453E+01  0.00000000E+00 0.4749E-12      6
 1217   10     0     -51      0     51  0.12647748E+01  0.00000000E+00 0.3642E-13      5
 1218   10     0     -50      0     50  0.12865494E+01  0.00000000E+00 0.1661E-12      6
 1219   10     0     -49      0     49  0.13155055E+01  0.00000000E+00 0.2836E-13      6
 1220   10     0     -48      0     48  0.13388225E+01  0.00000000E+00 0.2921E-12      5
 1221   10     0     -47      0     47  0.13608386E+01  0.00000000E+00 0.8462E-13      6
 1222   10     0     -46      0     46  0.13929403E+01  0.00000000E+00 0.1268E-13      6
 1223   10     0     -45      0     45  0.14215856E+01  0.00000000E+00 0.1823E-12      6
 1224   10     0     -44      0     44  0.14443988E+01  0.00000000E+00 0.2148E-12      6
 1225   10     0     -43      0     43  0.14797928E+01  0.00000000E+00 0.1367E-12      5
 1226   10     0     -42      0     42  0.15150692E+01  0.00000000E+00 0.7587E-13      6
 1227   10     0     -41      0     41  0.15400854E+01  0.00000000E+00 0.5135E-13      5
 1228   10     0     -40      0     40  0.15783899E+01  0.00000000E+00 0.1953E-12      6
 1229   10     0     -39      0     39  0.16214314E+01  0.00000000E+00 0.1090E-12      6
 1230   10     0     -38      0     38  0.16513780E+01  0.00000000E+00 0.1626E-12      6
 1231   10     0     -37      0     37  0.16906936E+01  0.00000000E+00 0.9604E-14      6
  Time elapsed :      1.645 s

Starting search (non-adiabatic)

Finding roots
  Time elapsed :     67.627 s

Processing modes
   id    l     m    n_pg    n_p    n_g       Re(omega)       Im(omega)        chi n_iter
 1157   10     0    -112      0    112  0.59718854E+00 -0.10456809E-02 0.3375E-12      7
 1158   10     0    -111      0    111  0.60268151E+00 -0.81362525E-03 0.6745E-12      7
 1159   10     0    -110      0    110  0.60736801E+00 -0.80305456E-03 0.4336E-12      8
 1160   10     0    -109      0    109  0.61317574E+00 -0.91604217E-03 0.7466E-12      6
 1161   10     0    -108      0    108  0.61924710E+00 -0.75187646E-03 0.7109E-12      7
 1162   10     0    -107      0    107  0.62425191E+00 -0.63533227E-03 0.7566E-12      7
 1163   10     0    -106      0    106  0.63007210E+00 -0.76268611E-03 0.1122E-12      6
 1164   10     0    -105      0    105  0.63666537E+00 -0.66991481E-03 0.4083E-12      7
 1165   10     0    -104      0    104  0.64220440E+00 -0.50145387E-03 0.8759E-12      6
 1166   10     0    -103      0    103  0.64798983E+00 -0.60195908E-03 0.1756E-12      6
 1167   10     0    -102      0    102  0.65502342E+00 -0.56835449E-03 0.5080E-12      8
 1168   10     0    -101      0    101  0.66127673E+00 -0.40396018E-03 0.9056E-12      6
 1169   10     0    -100      0    100  0.66706762E+00 -0.45074291E-03 0.1041E-11      7
 1170   10     0     -99      0     99  0.67443071E+00 -0.46136232E-03 0.5204E-12      6
 1171   10     0     -98      0     98  0.68150086E+00 -0.33509105E-03 0.1740E-11      5
 1172   10     0     -97      0     97  0.68745616E+00 -0.32470978E-03 0.1519E-11      6
 1173   10     0     -96      0     96  0.69501019E+00 -0.36257807E-03 0.1254E-11      6
 1174   10     0     -95      0     95  0.70291013E+00 -0.28206409E-03 0.7674E-12      5
 1175   10     0     -94      0     94  0.70930040E+00 -0.23109935E-03 0.2062E-11      6
 1176   10     0     -93      0     93  0.71690211E+00 -0.27728141E-03 0.2577E-11      5
 1177   10     0     -92      0     92  0.72557917E+00 -0.23493533E-03 0.1435E-11      5
 1178   10     0     -91      0     91  0.73273912E+00 -0.16775833E-03 0.9546E-12      5
 1179   10     0     -90      0     90  0.74027818E+00 -0.20428391E-03 0.1661E-11      5
 1180   10     0     -89      0     89  0.74961278E+00 -0.18881807E-03 0.1829E-11      7
 1181   10     0     -88      0     88  0.75784549E+00 -0.12772377E-03 0.8254E-11      5
 1182   10     0     -87      0     87  0.76537158E+00 -0.14319186E-03 0.3507E-11      5
 1183   10     0     -86      0     86  0.77520402E+00 -0.14482606E-03 0.4230E-11      6
 1184   10     0     -85      0     85  0.78468471E+00 -0.10046336E-03 0.2856E-11      6
 1185   10     0     -84      0     84  0.79244657E+00 -0.93956371E-04 0.3399E-11      6
 1186   10     0     -83      0     83  0.80256273E+00 -0.10318586E-03 0.3804E-11      5
 1187   10     0     -82      0     82  0.81331752E+00 -0.75014484E-04 0.1176E-10      5
 1188   10     0     -81      0     81  0.82176365E+00 -0.55090999E-04 0.1713E-10      5
 1189   10     0     -80      0     80  0.83193056E+00 -0.62753618E-04 0.1227E-10      7
 1190   10     0     -79      0     79  0.84387568E+00 -0.48112970E-04 0.1062E-10      6
 1191   10     0     -78      0     78  0.85357726E+00 -0.31399335E-04 0.1445E-10      5
 1192   10     0     -76      0     76  0.86363284E+00 -0.41601284E-04 0.5481E-11      5
 1193   10     0     -75      0     75  0.87655945E+00 -0.44483141E-04 0.1262E-10      5
 1194   10     0     -74      1     75  0.88794958E+00 -0.32585848E-04 0.2204E-10      5
 1195   10     0     -73      1     74  0.89797921E+00 -0.40475428E-04 0.1055E-10      6
 1196   10     0     -72      1     73  0.91161464E+00 -0.46176779E-04 0.8414E-11      7
 1197   10     0     -71      0     71  0.92490827E+00 -0.33984601E-04 0.2143E-10      5
 1198   10     0     -70      0     70  0.93534997E+00 -0.32782807E-04 0.1050E-10      6
 1199   10     0     -69      0     69  0.94938228E+00 -0.40140411E-04 0.6046E-11      6
 1200   10     0     -68      0     68  0.96460957E+00 -0.31726297E-04 0.2833E-10      6
 1201   10     0     -67      0     67  0.97620925E+00 -0.23884547E-04 0.8030E-11      5
 1202   10     0     -66      0     66  0.99031175E+00 -0.31652307E-04 0.1993E-10      5
 1203   10     0     -65      0     65  0.10073614E+01 -0.27351070E-04 0.2454E-10      5
 1204   10     0     -64      0     64  0.10209728E+01 -0.17582766E-04 0.4241E-10      4
 1205   10     0     -63      0     63  0.10349856E+01 -0.23540983E-04 0.3025E-10      5
 1206   10     0     -62      0     62  0.10536789E+01 -0.22410748E-04 0.1630E-10      5
 1207   10     0     -61      0     61  0.10699760E+01 -0.13937413E-04 0.7201E-10      4
 1208   10     0     -60      0     60  0.10840207E+01 -0.16795855E-04 0.3031E-10      4
 1209   10     0     -59      0     59  0.11040798E+01 -0.17864977E-04 0.2604E-10      5
 1210   10     0     -58      0     58  0.11234757E+01 -0.11878384E-04 0.1294E-09      4
 1211   10     0     -57      0     57  0.11381350E+01 -0.11507557E-04 0.3564E-10      5
 1212   10     0     -56      0     56  0.11591374E+01 -0.13836328E-04 0.8139E-10      5
 1213   10     0     -55      0     55  0.11817546E+01 -0.10168961E-04 0.4480E-10      5
 1214   10     0     -54      0     54  0.11981368E+01 -0.75872393E-05 0.2517E-09      7
 1215   10     0     -53      0     53  0.12196357E+01 -0.10140084E-04 0.7609E-10      5
 1216   10     0     -52      0     52  0.12454486E+01 -0.81357010E-05 0.1676E-09      5
 1217   10     0     -51      0     51  0.12647768E+01 -0.50015933E-05 0.1030E-09      4
 1218   10     0     -50      0     50  0.12865524E+01 -0.70669602E-05 0.1881E-09      5
 1219   10     0     -49      0     49  0.13155082E+01 -0.61680517E-05 0.3024E-09      6
 1220   10     0     -48      0     48  0.13388240E+01 -0.34588737E-05 0.7093E-10      5
 1221   10     0     -47      0     47  0.13608408E+01 -0.46870959E-05 0.1919E-09      5
 1222   10     0     -46      0     46  0.13929424E+01 -0.43593160E-05 0.3370E-09      6
 1223   10     0     -45      0     45  0.14215867E+01 -0.24240636E-05 0.1105E-09      6
 1224   10     0     -44      0     44  0.14444001E+01 -0.27577854E-05 0.1073E-08      5
 1225   10     0     -43      0     43  0.14797942E+01 -0.27946639E-05 0.2462E-09      4
 1226   10     0     -42      0     42  0.15150700E+01 -0.17045429E-05 0.7663E-09      6
 1227   10     0     -41      0     41  0.15400861E+01 -0.15232531E-05 0.5782E-09      4
 1228   10     0     -40      0     40  0.15783908E+01 -0.17908386E-05 0.7002E-09      4
 1229   10     0     -39      0     39  0.16214320E+01 -0.12813131E-05 0.5268E-09      5
 1230   10     0     -38      0     38  0.16513784E+01 -0.83932646E-06 0.2827E-08      5
 1231   10     0     -37      0     37  0.16906941E+01 -0.11483888E-05 0.1109E-08      5
  Time elapsed :      4.529 s

Mode Search
-----------

Mode parameters
   l : 11
   m : 0

Building frequency grid (REAL axis)
   added scan interval :  0.5202E+00 ->  0.2105E+01 (3000 points, INVERSE)

Building spatial grid
   Scaffold grid from model
   Split 15 subinterval(s) in iteration 1
   Split 0 subinterval(s) in iteration 2
   Final grid has 1 segment(s) and 7129 point(s):
      Segment 1 : x range 0.0000 -> 1.0012 (1 -> 7129)

Starting search (adiabatic)

Scanning frequencies
  Time elapsed :    33.364 s

Finding roots
  Time elapsed :      5.706 s

Processing modes
   id    l     m    n_pg    n_p    n_g       Re(omega)       Im(omega)        chi n_iter
 1256   11     0    -123      0    123  0.59206517E+00  0.00000000E+00 0.8096E-12      6
 1257   11     0    -122      0    122  0.59630191E+00  0.00000000E+00 0.1480E-12      6
 1258   11     0    -121      0    121  0.60141827E+00  0.00000000E+00 0.7507E-13      5
 1259   11     0    -120      0    120  0.60663232E+00  0.00000000E+00 0.1998E-12      6
 1260   11     0    -119      0    119  0.61105437E+00  0.00000000E+00 0.6000E-12      6
 1261   11     0    -118      0    118  0.61620818E+00  0.00000000E+00 0.1000E-12      5
 1262   11     0    -117      0    117  0.62183958E+00  0.00000000E+00 0.5451E-12      6
 1263   11     0    -116      0    116  0.62660470E+00  0.00000000E+00 0.5092E-12      5
 1264   11     0    -115      0    115  0.63170554E+00  0.00000000E+00 0.7547E-13      6
 1265   11     0    -114      0    114  0.63767829E+00  0.00000000E+00 0.5806E-13      5
 1266   11     0    -113      0    113  0.64296772E+00  0.00000000E+00 0.1184E-11      5
 1267   11     0    -112      0    112  0.64802980E+00  0.00000000E+00 0.9163E-12      5
 1268   11     0    -111      0    111  0.65423665E+00  0.00000000E+00 0.3430E-12      5
 1269   11     0    -110      0    110  0.66014351E+00  0.00000000E+00 0.3397E-14      6
 1270   11     0    -109      0    109  0.66529375E+00  0.00000000E+00 0.1938E-12      5
 1271   11     0    -108      0    108  0.67162543E+00  0.00000000E+00 0.6058E-13      5
 1272   11     0    -107      0    107  0.67817464E+00  0.00000000E+00 0.1210E-12      5
 1273   11     0    -106      0    106  0.68362470E+00  0.00000000E+00 0.6453E-13      6
 1274   11     0    -105      0    105  0.68995285E+00  0.00000000E+00 0.4513E-12      5
 1275   11     0    -104      0    104  0.69708743E+00  0.00000000E+00 0.5506E-12      5
 1276   11     0    -103      0    103  0.70312021E+00  0.00000000E+00 0.2597E-12      5
 1277   11     0    -102      0    102  0.70938125E+00  0.00000000E+00 0.1052E-11      6
 1278   11     0    -101      0    101  0.71699533E+00  0.00000000E+00 0.6510E-12      6
 1279   11     0    -100      0    100  0.72384322E+00  0.00000000E+00 0.6486E-12      5
 1280   11     0     -99      0     99  0.73010054E+00  0.00000000E+00 0.3358E-12      6
 1281   11     0     -98      0     98  0.73804947E+00  0.00000000E+00 0.4930E-12      5
 1282   11     0     -97      0     97  0.74581968E+00  0.00000000E+00 0.5829E-12      5
 1283   11     0     -96      0     96  0.75229617E+00  0.00000000E+00 0.4247E-12      5
 1284   11     0     -95      0     95  0.76040650E+00  0.00000000E+00 0.4655E-13      6
 1285   11     0     -94      0     94  0.76907971E+00  0.00000000E+00 0.6963E-14      5
 1286   11     0     -93      0     93  0.77611748E+00  0.00000000E+00 0.7161E-13      6
 1287   11     0     -92      0     92  0.78422772E+00  0.00000000E+00 0.1499E-13      6
 1288   11     0     -91      0     91  0.79370858E+00  0.00000000E+00 0.3831E-12      6
 1289   11     0     -90      0     90  0.80168429E+00  0.00000000E+00 0.4907E-13      5
 1290   11     0     -89      0     89  0.80970657E+00  0.00000000E+00 0.4568E-13      6
 1291   11     0     -88      0     88  0.81983319E+00  0.00000000E+00 0.7068E-13      5
 1292   11     0     -87      0     87  0.82903835E+00  0.00000000E+00 0.1037E-12      5
 1293   11     0     -86      0     86  0.83710122E+00  0.00000000E+00 0.1832E-13      6
 1294   11     0     -85      0     85  0.84766993E+00  0.00000000E+00 0.4938E-13      5
 1295   11     0     -84      0     84  0.85822733E+00  0.00000000E+00 0.2042E-13      5
 1296   11     0     -83      0     83  0.86669129E+00  0.00000000E+00 0.2934E-12      6
 1297   11     0     -82      0     82  0.87744863E+00  0.00000000E+00 0.2400E-12      5
 1298   11     0     -81      0     81  0.88932065E+00  0.00000000E+00 0.3397E-12      6
 1299   11     0     -80      0     80  0.89872725E+00  0.00000000E+00 0.5374E-13      6
 1300   11     0     -79      0     79  0.90943391E+00  0.00000000E+00 0.8460E-13      5
 1301   11     0     -78      0     78  0.92247685E+00  0.00000000E+00 0.1680E-12      6
 1302   11     0     -77      0     77  0.93341811E+00  0.00000000E+00 0.4243E-12      5
 1303   11     0     -76      0     76  0.94398301E+00  0.00000000E+00 0.6183E-13      6
 1304   11     0     -75      0     75  0.95793903E+00  0.00000000E+00 0.2479E-13      6
 1305   11     0     -74      0     74  0.97078761E+00  0.00000000E+00 0.2264E-12      5
 1306   11     0     -73      0     73  0.98146882E+00  0.00000000E+00 0.1961E-13      6
 1307   11     0     -72      0     72  0.99600344E+00  0.00000000E+00 0.1941E-13      5
 1308   11     0     -71      0     71  0.10108571E+01  0.00000000E+00 0.2820E-12      6
 1309   11     0     -70      0     70  0.10222799E+01  0.00000000E+00 0.5759E-12      6
 1310   11     0     -69      0     69  0.10370300E+01  0.00000000E+00 0.4382E-13      6
 1311   11     0     -68      0     68  0.10538242E+01  0.00000000E+00 0.3872E-12      6
 1312   11     0     -67      0     67  0.10668565E+01  0.00000000E+00 0.1663E-12      5
 1313   11     0     -66      0     66  0.10815185E+01  0.00000000E+00 0.1907E-12      6
 1314   11     0     -65      0     65  0.11000790E+01  0.00000000E+00 0.1314E-12      6
 1315   11     0     -64      0     64  0.11155543E+01  0.00000000E+00 0.1136E-12      5
 1316   11     0     -63      0     63  0.11301070E+01  0.00000000E+00 0.4833E-13      6
 1317   11     0     -62      0     62  0.11501888E+01  0.00000000E+00 0.3639E-12      5
 1318   11     0     -61      0     61  0.11686603E+01  0.00000000E+00 0.2373E-12      6
 1319   11     0     -60      0     60  0.11834639E+01  0.00000000E+00 0.1820E-12      6
 1320   11     0     -59      0     59  0.12046957E+01  0.00000000E+00 0.3464E-13      5
 1321   11     0     -58      0     58  0.12264104E+01  0.00000000E+00 0.2040E-12      6
 1322   11     0     -57      0     57  0.12423421E+01  0.00000000E+00 0.3039E-12      6
 1323   11     0     -56      0     56  0.12642070E+01  0.00000000E+00 0.1748E-12      6
 1324   11     0     -55      0     55  0.12891527E+01  0.00000000E+00 0.2738E-12      5
 1325   11     0     -54      0     54  0.13075435E+01  0.00000000E+00 0.2406E-12      6
 1326   11     0     -53      0     53  0.13296015E+01  0.00000000E+00 0.1585E-13      5
 1327   11     0     -52      0     52  0.13576789E+01  0.00000000E+00 0.1555E-12      6
 1328   11     0     -51      0     51  0.13797672E+01  0.00000000E+00 0.1896E-12      5
 1329   11     0     -50      0     50  0.14019115E+01  0.00000000E+00 0.2967E-12      6
 1330   11     0     -49      0     49  0.14329656E+01  0.00000000E+00 0.1286E-12      6
 1331   11     0     -48      0     48  0.14597750E+01  0.00000000E+00 0.2752E-12      5
 1332   11     0     -47      0     47  0.14822072E+01  0.00000000E+00 0.1794E-12      6
 1333   11     0     -46      0     46  0.15161337E+01  0.00000000E+00 0.3231E-13      5
 1334   11     0     -45      0     45  0.15490064E+01  0.00000000E+00 0.2914E-12      6
 1335   11     0     -44      0     44  0.15729200E+01  0.00000000E+00 0.1835E-13      6
 1336   11     0     -43      0     43  0.16094941E+01  0.00000000E+00 0.2318E-13      5
 1337   11     0     -42      0     42  0.16493638E+01  0.00000000E+00 0.1456E-12      6
 1338   11     0     -41      0     41  0.16771317E+01  0.00000000E+00 0.9688E-13      6
  Time elapsed :      1.578 s

Starting search (non-adiabatic)

Finding roots
  Time elapsed :     79.811 s

Processing modes
   id    l     m    n_pg    n_p    n_g       Re(omega)       Im(omega)        chi n_iter
 1257   11     0    -123      0    123  0.59586934E+00 -0.10225602E-02 0.7903E-12      8
 1258   11     0    -122      0    122  0.60091126E+00 -0.12508690E-02 0.2371E-12      8
 1259   11     0    -121      0    121  0.60620031E+00 -0.11272744E-02 0.5073E-12      6
 1260   11     0    -120      0    120  0.61058036E+00 -0.10166695E-02 0.2053E-12      7
 1261   11     0    -119      0    119  0.61559957E+00 -0.12839349E-02 0.1202E-11      9
 1262   11     0    -118      0    118  0.62127788E+00 -0.12270217E-02 0.2609E-12      8
 1263   11     0    -117      0    117  0.62609555E+00 -0.98300195E-03 0.7572E-12     10
 1264   11     0    -116      0    116  0.63102481E+00 -0.12107631E-02 0.2703E-11      8
 1265   11     0    -115      0    115  0.63700638E+00 -0.12298299E-02 0.8294E-12      8
 1266   11     0    -114      0    114  0.64243164E+00 -0.94606334E-03 0.4021E-12      8
 1267   11     0    -113      0    113  0.64735816E+00 -0.10490220E-02 0.6200E-12      9
 1268   11     0    -112      0    112  0.65353273E+00 -0.11394118E-02 0.6030E-12      8
 1269   11     0    -111      0    111  0.65959720E+00 -0.89970491E-03 0.5433E-12      7
 1270   11     0    -110      0    110  0.66470942E+00 -0.85774632E-03 0.3544E-12      8
 1271   11     0    -109      0    109  0.67097308E+00 -0.99367178E-03 0.8128E-12      8
 1272   11     0    -108      0    108  0.67765112E+00 -0.83182509E-03 0.1198E-11      6
 1273   11     0    -107      0    107  0.68316596E+00 -0.67935883E-03 0.8083E-12      6
 1274   11     0    -106      0    106  0.68941265E+00 -0.81933702E-03 0.1092E-11      7
 1275   11     0    -105      0    105  0.69662847E+00 -0.73507002E-03 0.4343E-12      7
 1276   11     0    -104      0    104  0.70277932E+00 -0.53964439E-03 0.6077E-12      6
 1277   11     0    -103      0    103  0.70897992E+00 -0.63735263E-03 0.9255E-12      7
 1278   11     0    -102      0    102  0.71663192E+00 -0.61564037E-03 0.1331E-11      7
 1279   11     0    -101      0    101  0.72359340E+00 -0.43841775E-03 0.1057E-11      6
 1280   11     0    -100      0    100  0.72983050E+00 -0.46939506E-03 0.1975E-11      6
 1281   11     0     -99      0     99  0.73778513E+00 -0.49273119E-03 0.1207E-11      8
 1282   11     0     -98      0     98  0.74563520E+00 -0.36484930E-03 0.1239E-11      6
 1283   11     0     -97      0     97  0.75212639E+00 -0.33376319E-03 0.1454E-11      5
 1284   11     0     -96      0     96  0.76022448E+00 -0.38162246E-03 0.2716E-11      5
 1285   11     0     -95      0     95  0.76894330E+00 -0.30513468E-03 0.1899E-11      6
 1286   11     0     -94      0     94  0.77601258E+00 -0.23700684E-03 0.3002E-12      6
 1287   11     0     -93      0     93  0.78410653E+00 -0.28710532E-03 0.2307E-11      6
 1288   11     0     -92      0     92  0.79360899E+00 -0.25050323E-03 0.1153E-11      5
 1289   11     0     -91      0     91  0.80161693E+00 -0.17401947E-03 0.1555E-11      5
 1290   11     0     -90      0     90  0.80962818E+00 -0.20738314E-03 0.3932E-11      6
 1291   11     0     -89      0     89  0.81976187E+00 -0.19786889E-03 0.3322E-11      6
 1292   11     0     -88      0     88  0.82899122E+00 -0.13469234E-03 0.4010E-11      6
 1293   11     0     -87      0     87  0.83705148E+00 -0.14232755E-03 0.4449E-11      6
 1294   11     0     -86      0     86  0.84761904E+00 -0.14923315E-03 0.3242E-11      6
 1295   11     0     -85      0     85  0.85819139E+00 -0.10666200E-03 0.2838E-11      5
 1296   11     0     -84      0     84  0.86665982E+00 -0.91957114E-04 0.5356E-11      5
 1297   11     0     -83      0     83  0.87741278E+00 -0.10460870E-03 0.7573E-11      5
 1298   11     0     -82      0     82  0.88929367E+00 -0.79121798E-04 0.7443E-11      6
 1299   11     0     -81      0     81  0.89870914E+00 -0.54338909E-04 0.1643E-10      5
 1300   11     0     -80      0     80  0.90941511E+00 -0.63272591E-04 0.1253E-10      7
 1301   11     0     -79      0     79  0.92246767E+00 -0.50805617E-04 0.9646E-11      5
 1302   11     0     -78      0     78  0.93341764E+00 -0.32082449E-04 0.1008E-10      5
 1303   11     0     -76      0     76  0.94398937E+00 -0.40198186E-04 0.2629E-10      5
 1304   11     0     -75      0     75  0.95795273E+00 -0.43657318E-04 0.1220E-10      5
 1305   11     0     -74      0     74  0.97079964E+00 -0.32495621E-04 0.2007E-11      5
 1306   11     0     -73      1     74  0.98148296E+00 -0.37049919E-04 0.3021E-10      7
 1307   11     0     -72      1     73  0.99602038E+00 -0.44593466E-04 0.1897E-10      5
 1308   11     0     -71      0     71  0.10108699E+01 -0.34620045E-04 0.2716E-10      5
 1309   11     0     -70      0     70  0.10222908E+01 -0.30148509E-04 0.3574E-10      5
 1310   11     0     -69      0     69  0.10370439E+01 -0.38750981E-04 0.6880E-11      5
 1311   11     0     -68      0     68  0.10538357E+01 -0.32306482E-04 0.7869E-11      7
 1312   11     0     -67      0     67  0.10668644E+01 -0.22497886E-04 0.7615E-10      6
 1313   11     0     -66      0     66  0.10815291E+01 -0.30272860E-04 0.4594E-10      6
 1314   11     0     -65      0     65  0.11000888E+01 -0.27518275E-04 0.5239E-10      5
 1315   11     0     -64      0     64  0.11155605E+01 -0.17324225E-04 0.6055E-10      5
 1316   11     0     -63      0     63  0.11301150E+01 -0.22193755E-04 0.1889E-10      5
 1317   11     0     -62      0     62  0.11501971E+01 -0.22326409E-04 0.2803E-10      5
 1318   11     0     -61      0     61  0.11686657E+01 -0.14367845E-04 0.1720E-10      4
 1319   11     0     -60      0     60  0.11834699E+01 -0.15577428E-04 0.9286E-10      4
 1320   11     0     -59      0     59  0.12047027E+01 -0.17672887E-04 0.4026E-10      4
 1321   11     0     -58      0     58  0.12264154E+01 -0.12499831E-04 0.5292E-10      4
 1322   11     0     -57      0     57  0.12423464E+01 -0.10562781E-04 0.1045E-09      4
 1323   11     0     -56      0     56  0.12642127E+01 -0.13545083E-04 0.1432E-09      5
 1324   11     0     -55      0     55  0.12891573E+01 -0.10583442E-04 0.2519E-09      5
 1325   11     0     -54      0     54  0.13075466E+01 -0.70439524E-05 0.1551E-09      5
 1326   11     0     -53      0     53  0.13296060E+01 -0.97754202E-05 0.4870E-10      6
 1327   11     0     -52      0     52  0.13576827E+01 -0.83232861E-05 0.1287E-09      4
 1328   11     0     -51      0     51  0.13797694E+01 -0.48555908E-05 0.1761E-09      7
 1329   11     0     -50      0     50  0.14019148E+01 -0.67242765E-05 0.1091E-09      5
 1330   11     0     -49      0     49  0.14329686E+01 -0.62423700E-05 0.1092E-09      5
 1331   11     0     -48      0     48  0.14597767E+01 -0.35437530E-05 0.1790E-09      4
 1332   11     0     -47      0     47  0.14822094E+01 -0.43101389E-05 0.2199E-09      5
 1333   11     0     -46      0     46  0.15161359E+01 -0.43026324E-05 0.1588E-09      5
 1334   11     0     -45      0     45  0.15490077E+01 -0.25720511E-05 0.1813E-09      5
 1335   11     0     -44      0     44  0.15729212E+01 -0.24118602E-05 0.3946E-09      5
 1336   11     0     -43      0     43  0.16094956E+01 -0.27239112E-05 0.2343E-09      5
 1337   11     0     -42      0     42  0.16493648E+01 -0.18654825E-05 0.7061E-09      4
 1338   11     0     -41      0     41  0.16771323E+01 -0.13225509E-05 0.1748E-08      5
  Time elapsed :      5.078 s

Mode Search
-----------

Mode parameters
   l : 12
   m : 0

Building frequency grid (REAL axis)
   added scan interval :  0.5202E+00 ->  0.2105E+01 (3000 points, INVERSE)

Building spatial grid
   Scaffold grid from model
   Split 20 subinterval(s) in iteration 1
   Split 0 subinterval(s) in iteration 2
   Final grid has 1 segment(s) and 7134 point(s):
      Segment 1 : x range 0.0000 -> 1.0012 (1 -> 7134)

Starting search (adiabatic)

Scanning frequencies
  Time elapsed :    33.564 s

Finding roots
  Time elapsed :      6.283 s

Processing modes
   id    l     m    n_pg    n_p    n_g       Re(omega)       Im(omega)        chi n_iter
 1366   12     0    -134      0    134  0.59082976E+00  0.00000000E+00 0.7274E-12      5
 1367   12     0    -133      0    133  0.59554731E+00  0.00000000E+00 0.2199E-13      5
 1368   12     0    -132      0    132  0.59961047E+00  0.00000000E+00 0.9274E-12      5
 1369   12     0    -131      0    131  0.60405492E+00  0.00000000E+00 0.2892E-12      5
 1370   12     0    -130      0    130  0.60906029E+00  0.00000000E+00 0.7302E-13      6
 1371   12     0    -129      0    129  0.61345221E+00  0.00000000E+00 0.5063E-12      5
 1372   12     0    -128      0    128  0.61789122E+00  0.00000000E+00 0.5463E-12      5
 1373   12     0    -127      0    127  0.62313455E+00  0.00000000E+00 0.4066E-12      5
 1374   12     0    -126      0    126  0.62794724E+00  0.00000000E+00 0.5399E-12      6
 1375   12     0    -125      0    125  0.63241355E+00  0.00000000E+00 0.1277E-12      5
 1376   12     0    -124      0    124  0.63781435E+00  0.00000000E+00 0.1048E-11      5
 1377   12     0    -123      0    123  0.64307278E+00  0.00000000E+00 0.1896E-12      6
 1378   12     0    -122      0    122  0.64765510E+00  0.00000000E+00 0.3750E-12      5
 1379   12     0    -121      0    121  0.65314436E+00  0.00000000E+00 0.2005E-12      5
 1380   12     0    -120      0    120  0.65884736E+00  0.00000000E+00 0.4522E-12      6
 1381   12     0    -119      0    119  0.66366795E+00  0.00000000E+00 0.8217E-13      5
 1382   12     0    -118      0    118  0.66917515E+00  0.00000000E+00 0.2568E-12      5
 1383   12     0    -117      0    117  0.67530612E+00  0.00000000E+00 0.2161E-12      5
 1384   12     0    -116      0    116  0.68054107E+00  0.00000000E+00 0.2692E-12      5
 1385   12     0    -115      0    115  0.68598117E+00  0.00000000E+00 0.2496E-12      6
 1386   12     0    -114      0    114  0.69244683E+00  0.00000000E+00 0.3233E-12      5
 1387   12     0    -113      0    113  0.69827732E+00  0.00000000E+00 0.1887E-13      5
 1388   12     0    -112      0    112  0.70369516E+00  0.00000000E+00 0.1300E-12      6
 1389   12     0    -111      0    111  0.71037058E+00  0.00000000E+00 0.8072E-12      5
 1390   12     0    -110      0    110  0.71687067E+00  0.00000000E+00 0.7571E-12      5
 1391   12     0    -109      0    109  0.72243712E+00  0.00000000E+00 0.2658E-12      6
 1392   12     0    -108      0    108  0.72919914E+00  0.00000000E+00 0.5769E-13      5
 1393   12     0    -107      0    107  0.73636816E+00  0.00000000E+00 0.1042E-13      6
 1394   12     0    -106      0    106  0.74233700E+00  0.00000000E+00 0.2209E-13      5
 1395   12     0    -105      0    105  0.74905466E+00  0.00000000E+00 0.1780E-12      6
 1396   12     0    -104      0    104  0.75680915E+00  0.00000000E+00 0.3727E-12      6
 1397   12     0    -103      0    103  0.76348123E+00  0.00000000E+00 0.3562E-12      5
 1398   12     0    -102      0    102  0.77012082E+00  0.00000000E+00 0.3145E-13      6
 1399   12     0    -101      0    101  0.77833083E+00  0.00000000E+00 0.1788E-12      5
 1400   12     0    -100      0    100  0.78592037E+00  0.00000000E+00 0.3890E-12      5
 1401   12     0     -99      0     99  0.79260825E+00  0.00000000E+00 0.4172E-13      6
 1402   12     0     -98      0     98  0.80110368E+00  0.00000000E+00 0.2977E-13      5
 1403   12     0     -97      0     97  0.80967582E+00  0.00000000E+00 0.1930E-12      6
 1404   12     0     -96      0     96  0.81670951E+00  0.00000000E+00 0.2694E-12      6
 1405   12     0     -95      0     95  0.82529881E+00  0.00000000E+00 0.1080E-12      6
 1406   12     0     -94      0     94  0.83478985E+00  0.00000000E+00 0.7380E-13      6
 1407   12     0     -93      0     93  0.84256214E+00  0.00000000E+00 0.2610E-12      5
 1408   12     0     -92      0     92  0.85109471E+00  0.00000000E+00 0.7824E-13      6
 1409   12     0     -91      0     91  0.86137134E+00  0.00000000E+00 0.3006E-12      6
 1410   12     0     -90      0     90  0.87026313E+00  0.00000000E+00 0.4716E-12      5
 1411   12     0     -89      0     89  0.87871287E+00  0.00000000E+00 0.3928E-12      6
 1412   12     0     -88      0     88  0.88957552E+00  0.00000000E+00 0.2155E-12      5
 1413   12     0     -87      0     87  0.89982822E+00  0.00000000E+00 0.2808E-12      6
 1414   12     0     -86      0     86  0.90843793E+00  0.00000000E+00 0.1989E-12      6
 1415   12     0     -85      0     85  0.91964195E+00  0.00000000E+00 0.3609E-12      5
 1416   12     0     -84      0     84  0.93130353E+00  0.00000000E+00 0.8272E-13      6
 1417   12     0     -83      0     83  0.94055560E+00  0.00000000E+00 0.1570E-12      6
 1418   12     0     -82      0     82  0.95182432E+00  0.00000000E+00 0.2785E-12      6
 1419   12     0     -81      0     81  0.96479010E+00  0.00000000E+00 0.3416E-13      6
 1420   12     0     -80      0     80  0.97529024E+00  0.00000000E+00 0.2188E-12      5
 1421   12     0     -79      0     79  0.98642233E+00  0.00000000E+00 0.4199E-13      6
 1422   12     0     -78      0     78  0.10004932E+01  0.00000000E+00 0.4004E-13      6
 1423   12     0     -77      0     77  0.10127970E+01  0.00000000E+00 0.3384E-12      6
 1424   12     0     -76      0     76  0.10238349E+01  0.00000000E+00 0.4479E-12      6
 1425   12     0     -75      0     75  0.10386894E+01  0.00000000E+00 0.2218E-12      5
 1426   12     0     -74      0     74  0.10530497E+01  0.00000000E+00 0.2984E-12      6
 1427   12     0     -73      0     73  0.10644576E+01  0.00000000E+00 0.4411E-13      6
 1428   12     0     -72      0     72  0.10796959E+01  0.00000000E+00 0.4071E-12      5
 1429   12     0     -71      0     71  0.10960852E+01  0.00000000E+00 0.2282E-12      6
 1430   12     0     -70      0     70  0.11086711E+01  0.00000000E+00 0.2112E-12      6
 1431   12     0     -69      0     69  0.11239153E+01  0.00000000E+00 0.4789E-13      6
 1432   12     0     -68      0     68  0.11421823E+01  0.00000000E+00 0.1389E-12      6
 1433   12     0     -67      0     67  0.11568666E+01  0.00000000E+00 0.2861E-12      5
 1434   12     0     -66      0     66  0.11719081E+01  0.00000000E+00 0.1628E-12      6
 1435   12     0     -65      0     65  0.11918129E+01  0.00000000E+00 0.1380E-12      6
 1436   12     0     -64      0     64  0.12093241E+01  0.00000000E+00 0.1453E-12      5
 1437   12     0     -63      0     63  0.12243678E+01  0.00000000E+00 0.2749E-12      5
 1438   12     0     -62      0     62  0.12455794E+01  0.00000000E+00 0.1588E-12      5
 1439   12     0     -61      0     61  0.12662896E+01  0.00000000E+00 0.1402E-12      5
 1440   12     0     -60      0     60  0.12820009E+01  0.00000000E+00 0.3911E-13      6
 1441   12     0     -59      0     59  0.13040381E+01  0.00000000E+00 0.2605E-12      6
 1442   12     0     -58      0     58  0.13280071E+01  0.00000000E+00 0.9120E-13      6
 1443   12     0     -57      0     57  0.13455560E+01  0.00000000E+00 0.7600E-13      6
 1444   12     0     -56      0     56  0.13678416E+01  0.00000000E+00 0.2673E-12      6
 1445   12     0     -55      0     55  0.13949399E+01  0.00000000E+00 0.2874E-13      5
 1446   12     0     -54      0     54  0.14157847E+01  0.00000000E+00 0.3412E-12      5
 1447   12     0     -53      0     53  0.14379865E+01  0.00000000E+00 0.9175E-13      6
 1448   12     0     -52      0     52  0.14680217E+01  0.00000000E+00 0.1107E-13      6
 1449   12     0     -51      0     51  0.14933001E+01  0.00000000E+00 0.8976E-13      6
 1450   12     0     -50      0     50  0.15155501E+01  0.00000000E+00 0.1108E-12      6
 1451   12     0     -49      0     49  0.15481944E+01  0.00000000E+00 0.9133E-13      5
 1452   12     0     -48      0     48  0.15788213E+01  0.00000000E+00 0.1154E-12      5
 1453   12     0     -47      0     47  0.16018481E+01  0.00000000E+00 0.2710E-12      6
 1454   12     0     -46      0     46  0.16367814E+01  0.00000000E+00 0.2220E-13      6
 1455   12     0     -45      0     45  0.16738640E+01  0.00000000E+00 0.1553E-12      6
 1456   12     0     -44      0     44  0.16998829E+01  0.00000000E+00 0.4407E-12      6
  Time elapsed :      1.646 s

Starting search (non-adiabatic)

Finding roots
  Time elapsed :     91.010 s

Processing modes
   id    l     m    n_pg    n_p    n_g       Re(omega)       Im(omega)        chi n_iter
 1367   12     0    -134      0    134  0.59524777E+00 -0.88635262E-03 0.6423E-12      6
 1368   12     0    -133      0    133  0.59932522E+00 -0.77854771E-03 0.1538E-11      7
 1369   12     0    -132      0    132  0.60370104E+00 -0.97525446E-03 0.8113E-12      8
 1370   12     0    -131      0    131  0.60874088E+00 -0.99133553E-03 0.6039E-12      7
 1371   12     0    -130      0    130  0.61317872E+00 -0.82755669E-03 0.6762E-12      6
 1372   12     0    -129      0    129  0.61753290E+00 -0.10108982E-02 0.9998E-12      9
 1373   12     0    -128      0    128  0.62278449E+00 -0.11044456E-02 0.7096E-12      7
 1374   12     0    -127      0    127  0.62766652E+00 -0.92151757E-03 0.7343E-12      7
 1375   12     0    -126      0    126  0.63204280E+00 -0.10381928E-02 0.1325E-11      7
 1376   12     0    -125      0    125  0.63741659E+00 -0.12164529E-02 0.6667E-12      9
 1377   12     0    -124      0    124  0.64275224E+00 -0.10554729E-02 0.4221E-12      8
 1378   12     0    -123      0    123  0.64725816E+00 -0.10588274E-02 0.6946E-12      7
 1379   12     0    -122      0    122  0.65267119E+00 -0.13125888E-02 0.7304E-12      8
 1380   12     0    -121      0    121  0.65843990E+00 -0.12057194E-02 0.5508E-12      7
 1381   12     0    -120      0    120  0.66323108E+00 -0.10648068E-02 0.4358E-12      7
 1382   12     0    -119      0    119  0.66860225E+00 -0.13522073E-02 0.1268E-12      9
 1383   12     0    -118      0    118  0.67476733E+00 -0.13194364E-02 0.6041E-12      9
 1384   12     0    -117      0    117  0.68006211E+00 -0.10494849E-02 0.3126E-12      8
 1385   12     0    -116      0    116  0.68533225E+00 -0.12789269E-02 0.6116E-12      7
 1386   12     0    -115      0    115  0.69179250E+00 -0.13272502E-02 0.5861E-12      8
 1387   12     0    -114      0    114  0.69775675E+00 -0.10297558E-02 0.4923E-12      8
 1388   12     0    -113      0    113  0.70304967E+00 -0.11083991E-02 0.1802E-11      7
 1389   12     0    -112      0    112  0.70967848E+00 -0.12295029E-02 0.2287E-12      6
 1390   12     0    -111      0    111  0.71632616E+00 -0.98921413E-03 0.1145E-11      6
 1391   12     0    -110      0    110  0.72187427E+00 -0.90623870E-03 0.7421E-12      6
 1392   12     0    -109      0    109  0.72855692E+00 -0.10664816E-02 0.3020E-12      8
 1393   12     0    -108      0    108  0.73584147E+00 -0.91354646E-03 0.7737E-12      7
 1394   12     0    -107      0    107  0.74189400E+00 -0.72104204E-03 0.3358E-12      7
 1395   12     0    -106      0    106  0.74852709E+00 -0.86971157E-03 0.5760E-12      7
 1396   12     0    -105      0    105  0.75635071E+00 -0.79938416E-03 0.6838E-12      7
 1397   12     0    -104      0    104  0.76314947E+00 -0.57856622E-03 0.2363E-11      6
 1398   12     0    -103      0    103  0.76973585E+00 -0.66576984E-03 0.4514E-12      6
 1399   12     0    -102      0    102  0.77797401E+00 -0.66025272E-03 0.2192E-11      6
 1400   12     0    -101      0    101  0.78567524E+00 -0.47463091E-03 0.1759E-11      7
 1401   12     0    -100      0    100  0.79235534E+00 -0.48211968E-03 0.1300E-11      5
 1402   12     0     -99      0     99  0.80084956E+00 -0.52067327E-03 0.7104E-12      6
 1403   12     0     -98      0     98  0.80949508E+00 -0.39549587E-03 0.2328E-11      5
 1404   12     0     -97      0     97  0.81655377E+00 -0.33941347E-03 0.2197E-11      5
 1405   12     0     -96      0     96  0.82512783E+00 -0.39708174E-03 0.8050E-12      6
 1406   12     0     -95      0     95  0.83465822E+00 -0.32766627E-03 0.7921E-12      5
 1407   12     0     -94      0     94  0.84246661E+00 -0.24210330E-03 0.4926E-11      7
 1408   12     0     -93      0     93  0.85098381E+00 -0.29343109E-03 0.1779E-11      8
 1409   12     0     -92      0     92  0.86127754E+00 -0.26463552E-03 0.4341E-11      6
 1410   12     0     -91      0     91  0.87020123E+00 -0.18095200E-03 0.4397E-11      5
 1411   12     0     -90      0     90  0.87864325E+00 -0.20743481E-03 0.2699E-11      5
 1412   12     0     -89      0     89  0.88951002E+00 -0.20532296E-03 0.2260E-11      9
 1413   12     0     -88      0     88  0.89978436E+00 -0.14246507E-03 0.1001E-11      5
 1414   12     0     -87      0     87  0.90839498E+00 -0.13947746E-03 0.2568E-11      5
 1415   12     0     -86      0     86  0.91959627E+00 -0.15224062E-03 0.4482E-11      6
 1416   12     0     -85      0     85  0.93127013E+00 -0.11301975E-03 0.4102E-11      6
 1417   12     0     -84      0     84  0.94052887E+00 -0.89359910E-04 0.4626E-11      5
 1418   12     0     -83      0     83  0.95179302E+00 -0.10494229E-03 0.7296E-11      6
 1419   12     0     -82      0     82  0.96476576E+00 -0.82961855E-04 0.9881E-11      7
 1420   12     0     -81      0     81  0.97527507E+00 -0.53914010E-04 0.6386E-11      5
 1421   12     0     -80      0     80  0.98640684E+00 -0.62971907E-04 0.1629E-10      5
 1422   12     0     -79      0     79  0.10004857E+01 -0.53185075E-04 0.6500E-11      5
 1423   12     0     -78      0     78  0.10127975E+01 -0.33257906E-04 0.3224E-10      5
 1424   12     0     -76      0     76  0.10238414E+01 -0.38536469E-04 0.1982E-10      6
 1425   12     0     -75      0     75  0.10387037E+01 -0.42857411E-04 0.1584E-10      6
 1426   12     0     -74      0     74  0.10530632E+01 -0.32846316E-04 0.4351E-10      6
 1427   12     0     -73      1     74  0.10644721E+01 -0.33532545E-04 0.3534E-10      5
 1428   12     0     -72      1     73  0.10797146E+01 -0.42599442E-04 0.2661E-11      7
 1429   12     0     -71      1     72  0.10961004E+01 -0.35091011E-04 0.4090E-10      5
 1430   12     0     -70      0     70  0.11086828E+01 -0.27574227E-04 0.1243E-10      7
 1431   12     0     -69      0     69  0.11239309E+01 -0.36833900E-04 0.1607E-10      6
 1432   12     0     -68      0     68  0.11421959E+01 -0.32484650E-04 0.8656E-11      5
 1433   12     0     -67      0     67  0.11568755E+01 -0.21421593E-04 0.4994E-10      4
 1434   12     0     -66      0     66  0.11719200E+01 -0.28424054E-04 0.2229E-10      6
 1435   12     0     -65      0     65  0.11918244E+01 -0.27340766E-04 0.2105E-10      5
 1436   12     0     -64      0     64  0.12093314E+01 -0.17399150E-04 0.2700E-10      4
 1437   12     0     -63      0     63  0.12243765E+01 -0.20493904E-04 0.5434E-10      5
 1438   12     0     -62      0     62  0.12455889E+01 -0.22006151E-04 0.6263E-10      6
 1439   12     0     -61      0     61  0.12662961E+01 -0.15000077E-04 0.6094E-10      5
 1440   12     0     -60      0     60  0.12820072E+01 -0.14183862E-04 0.7389E-11      4
 1441   12     0     -59      0     59  0.13040460E+01 -0.17304603E-04 0.5999E-10      4
 1442   12     0     -58      0     58  0.13280132E+01 -0.13131692E-04 0.8864E-10      4
 1443   12     0     -57      0     57  0.13455605E+01 -0.96438538E-05 0.1654E-09      5
 1444   12     0     -56      0     56  0.13678479E+01 -0.13086930E-04 0.8126E-10      5
 1445   12     0     -55      0     55  0.13949452E+01 -0.10901234E-04 0.3955E-10      4
 1446   12     0     -54      0     54  0.14157879E+01 -0.66561721E-05 0.1341E-09      5
 1447   12     0     -53      0     53  0.14379911E+01 -0.92711805E-05 0.9421E-10      6
 1448   12     0     -52      0     52  0.14680261E+01 -0.84406458E-05 0.2294E-09      6
 1449   12     0     -51      0     51  0.14933026E+01 -0.48933706E-05 0.3251E-09      5
 1450   12     0     -50      0     50  0.15155534E+01 -0.62456631E-05 0.8687E-10      6
 1451   12     0     -49      0     49  0.15481977E+01 -0.62424656E-05 0.2354E-09      5
 1452   12     0     -48      0     48  0.15788233E+01 -0.37609550E-05 0.3222E-09      6
 1453   12     0     -47      0     47  0.16018501E+01 -0.37995453E-05 0.2259E-09      5
 1454   12     0     -46      0     46  0.16367837E+01 -0.41712469E-05 0.2335E-09      4
 1455   12     0     -45      0     45  0.16738655E+01 -0.27684323E-05 0.3773E-09      6
 1456   12     0     -44      0     44  0.16998840E+01 -0.20471593E-05 0.4896E-09      6
  Time elapsed :      5.307 s

Mode Search
-----------

Mode parameters
   l : 13
   m : 0

Building frequency grid (REAL axis)
   added scan interval :  0.5202E+00 ->  0.2105E+01 (3000 points, INVERSE)

Building spatial grid
   Scaffold grid from model
   Split 225 subinterval(s) in iteration 1
   Split 10 subinterval(s) in iteration 2
   Split 0 subinterval(s) in iteration 3
   Final grid has 1 segment(s) and 7349 point(s):
      Segment 1 : x range 0.0000 -> 1.0012 (1 -> 7349)

Starting search (adiabatic)

Scanning frequencies
  Time elapsed :    34.431 s

Finding roots
  Time elapsed :      7.075 s

Processing modes
   id    l     m    n_pg    n_p    n_g       Re(omega)       Im(omega)        chi n_iter
 1485   13     0    -145      0    145  0.58993657E+00  0.00000000E+00 0.8795E-13      5
 1486   13     0    -144      0    144  0.59381188E+00  0.00000000E+00 0.2033E-12      5
 1487   13     0    -143      0    143  0.59825680E+00  0.00000000E+00 0.1067E-12      6
 1488   13     0    -142      0    142  0.60234552E+00  0.00000000E+00 0.1235E-12      6
 1489   13     0    -141      0    141  0.60624661E+00  0.00000000E+00 0.2378E-12      6
 1490   13     0    -140      0    140  0.61083790E+00  0.00000000E+00 0.2120E-12      5
 1491   13     0    -139      0    139  0.61526459E+00  0.00000000E+00 0.6677E-13      6
 1492   13     0    -138      0    138  0.61925611E+00  0.00000000E+00 0.2497E-12      6
 1493   13     0    -137      0    137  0.62394528E+00  0.00000000E+00 0.1575E-12      5
 1494   13     0    -136      0    136  0.62871944E+00  0.00000000E+00 0.6458E-13      6
 1495   13     0    -135      0    135  0.63287095E+00  0.00000000E+00 0.1942E-12      6
 1496   13     0    -134      0    134  0.63760112E+00  0.00000000E+00 0.1211E-11      5
 1497   13     0    -133      0    133  0.64270986E+00  0.00000000E+00 0.5097E-12      6
 1498   13     0    -132      0    132  0.64712817E+00  0.00000000E+00 0.1158E-11      5
 1499   13     0    -131      0    131  0.65185363E+00  0.00000000E+00 0.9339E-13      6
 1500   13     0    -130      0    130  0.65725112E+00  0.00000000E+00 0.1961E-13      6
 1501   13     0    -129      0    129  0.66204531E+00  0.00000000E+00 0.1273E-11      5
 1502   13     0    -128      0    128  0.66676988E+00  0.00000000E+00 0.2380E-12      6
 1503   13     0    -127      0    127  0.67239827E+00  0.00000000E+00 0.4236E-13      6
 1504   13     0    -126      0    126  0.67765492E+00  0.00000000E+00 0.5674E-14      6
 1505   13     0    -125      0    125  0.68242949E+00  0.00000000E+00 0.1002E-12      5
 1506   13     0    -124      0    124  0.68819885E+00  0.00000000E+00 0.4384E-12      5
 1507   13     0    -123      0    123  0.69393114E+00  0.00000000E+00 0.6869E-13      6
 1508   13     0    -122      0    122  0.69886710E+00  0.00000000E+00 0.7377E-13      6
 1509   13     0    -121      0    121  0.70470340E+00  0.00000000E+00 0.1280E-13      5
 1510   13     0    -120      0    120  0.71089576E+00  0.00000000E+00 0.3466E-12      6
 1511   13     0    -119      0    119  0.71613272E+00  0.00000000E+00 0.1052E-12      5
 1512   13     0    -118      0    118  0.72196598E+00  0.00000000E+00 0.2520E-12      6
 1513   13     0    -117      0    117  0.72858779E+00  0.00000000E+00 0.7704E-13      6
 1514   13     0    -116      0    116  0.73431768E+00  0.00000000E+00 0.1604E-12      5
 1515   13     0    -115      0    115  0.74007550E+00  0.00000000E+00 0.1643E-12      6
 1516   13     0    -114      0    114  0.74701361E+00  0.00000000E+00 0.5112E-14      6
 1517   13     0    -113      0    113  0.75340772E+00  0.00000000E+00 0.1087E-12      5
 1518   13     0    -112      0    112  0.75917615E+00  0.00000000E+00 0.4222E-12      5
 1519   13     0    -111      0    111  0.76628626E+00  0.00000000E+00 0.1657E-12      5
 1520   13     0    -110      0    110  0.77339027E+00  0.00000000E+00 0.2850E-12      6
 1521   13     0    -109      0    109  0.77939196E+00  0.00000000E+00 0.1174E-12      6
 1522   13     0    -108      0    108  0.78654183E+00  0.00000000E+00 0.1050E-12      5
 1523   13     0    -107      0    107  0.79432557E+00  0.00000000E+00 0.5362E-13      6
 1524   13     0    -106      0    106  0.80084995E+00  0.00000000E+00 0.1027E-12      5
 1525   13     0    -105      0    105  0.80791432E+00  0.00000000E+00 0.1450E-12      6
 1526   13     0    -104      0    104  0.81626557E+00  0.00000000E+00 0.1100E-12      5
 1527   13     0    -103      0    103  0.82361882E+00  0.00000000E+00 0.1393E-12      5
 1528   13     0    -102      0    102  0.83061383E+00  0.00000000E+00 0.1782E-12      6
 1529   13     0    -101      0    101  0.83937620E+00  0.00000000E+00 0.1194E-12      5
 1530   13     0    -100      0    100  0.84773741E+00  0.00000000E+00 0.5730E-13      6
 1531   13     0     -99      0     99  0.85487087E+00  0.00000000E+00 0.7878E-13      6
 1532   13     0     -98      0     98  0.86384690E+00  0.00000000E+00 0.5720E-12      5
 1533   13     0     -97      0     97  0.87322408E+00  0.00000000E+00 0.2408E-12      6
 1534   13     0     -96      0     96  0.88086935E+00  0.00000000E+00 0.5909E-12      5
 1535   13     0     -95      0     95  0.88986326E+00  0.00000000E+00 0.1125E-12      5
 1536   13     0     -94      0     94  0.90014880E+00  0.00000000E+00 0.4266E-12      6
 1537   13     0     -93      0     93  0.90873018E+00  0.00000000E+00 0.8291E-13      5
 1538   13     0     -92      0     92  0.91762275E+00  0.00000000E+00 0.1006E-12      6
 1539   13     0     -91      0     91  0.92864198E+00  0.00000000E+00 0.8616E-14      5
 1540   13     0     -90      0     90  0.93851558E+00  0.00000000E+00 0.1247E-12      6
 1541   13     0     -89      0     89  0.94737771E+00  0.00000000E+00 0.2831E-13      6
 1542   13     0     -88      0     88  0.95888802E+00  0.00000000E+00 0.2831E-12      5
 1543   13     0     -87      0     87  0.97021918E+00  0.00000000E+00 0.2133E-12      6
 1544   13     0     -86      0     86  0.97943533E+00  0.00000000E+00 0.1402E-12      6
 1545   13     0     -85      0     85  0.99115176E+00  0.00000000E+00 0.3916E-12      5
 1546   13     0     -84      0     84  0.10038996E+01  0.00000000E+00 0.2157E-12      6
 1547   13     0     -83      0     83  0.10140604E+01  0.00000000E+00 0.5634E-13      5
 1548   13     0     -82      0     82  0.10257105E+01  0.00000000E+00 0.2323E-12      6
 1549   13     0     -81      0     81  0.10397062E+01  0.00000000E+00 0.1455E-12      6
 1550   13     0     -80      0     80  0.10514366E+01  0.00000000E+00 0.1527E-13      5
 1551   13     0     -79      0     79  0.10629077E+01  0.00000000E+00 0.1640E-12      5
 1552   13     0     -78      0     78  0.10778900E+01  0.00000000E+00 0.1046E-12      5
 1553   13     0     -77      0     77  0.10916503E+01  0.00000000E+00 0.2611E-12      6
 1554   13     0     -76      0     76  0.11031830E+01  0.00000000E+00 0.2053E-12      6
 1555   13     0     -75      0     75  0.11187529E+01  0.00000000E+00 0.2378E-12      5
 1556   13     0     -74      0     74  0.11346362E+01  0.00000000E+00 0.2982E-12      6
 1557   13     0     -73      0     73  0.11469314E+01  0.00000000E+00 0.1821E-12      6
 1558   13     0     -72      0     72  0.11626392E+01  0.00000000E+00 0.1435E-13      6
 1559   13     0     -71      0     71  0.11804923E+01  0.00000000E+00 0.1010E-12      6
 1560   13     0     -70      0     70  0.11944852E+01  0.00000000E+00 0.1569E-12      6
 1561   13     0     -69      0     69  0.12100004E+01  0.00000000E+00 0.1589E-12      5
 1562   13     0     -68      0     68  0.12295929E+01  0.00000000E+00 0.1077E-12      6
 1563   13     0     -67      0     67  0.12461558E+01  0.00000000E+00 0.2361E-12      6
 1564   13     0     -66      0     66  0.12614656E+01  0.00000000E+00 0.5569E-13      6
 1565   13     0     -65      0     65  0.12824783E+01  0.00000000E+00 0.1344E-12      6
 1566   13     0     -64      0     64  0.13021492E+01  0.00000000E+00 0.8946E-13      6
 1567   13     0     -63      0     63  0.13177789E+01  0.00000000E+00 0.4156E-13      5
 1568   13     0     -62      0     62  0.13397690E+01  0.00000000E+00 0.8856E-13      5
 1569   13     0     -61      0     61  0.13626895E+01  0.00000000E+00 0.1099E-12      6
 1570   13     0     -60      0     60  0.13796408E+01  0.00000000E+00 0.6575E-13      6
 1571   13     0     -59      0     59  0.14020342E+01  0.00000000E+00 0.2605E-12      6
 1572   13     0     -58      0     58  0.14280879E+01  0.00000000E+00 0.1845E-12      6
 1573   13     0     -57      0     57  0.14477419E+01  0.00000000E+00 0.1225E-12      6
 1574   13     0     -56      0     56  0.14699985E+01  0.00000000E+00 0.1855E-12      6
 1575   13     0     -55      0     55  0.14989575E+01  0.00000000E+00 0.7462E-14      5
 1576   13     0     -54      0     54  0.15227383E+01  0.00000000E+00 0.1071E-12      6
 1577   13     0     -53      0     53  0.15447993E+01  0.00000000E+00 0.1433E-12      6
 1578   13     0     -52      0     52  0.15763158E+01  0.00000000E+00 0.4351E-13      5
 1579   13     0     -51      0     51  0.16051137E+01  0.00000000E+00 0.2293E-12      6
 1580   13     0     -50      0     50  0.16275737E+01  0.00000000E+00 0.5381E-13      6
 1581   13     0     -49      0     49  0.16610474E+01  0.00000000E+00 0.1891E-12      5
 1582   13     0     -48      0     48  0.16955131E+01  0.00000000E+00 0.6290E-13      6
  Time elapsed :      1.664 s

Starting search (non-adiabatic)

Finding roots
  Time elapsed :    144.214 s

Processing modes
   id    l     m    n_pg    n_p    n_g       Re(omega)       Im(omega)        chi n_iter
 1486   13     0    -145      0    145  0.59343581E+00 -0.76870647E-03 0.6918E-13      6
 1487   13     0    -144      0    144  0.59789557E+00 -0.81669127E-03 0.1022E-12      7
 1488   13     0    -143      0    143  0.60205261E+00 -0.69154018E-03 0.4317E-12      6
 1489   13     0    -142      0    142  0.60590170E+00 -0.77056277E-03 0.6930E-12      8
 1490   13     0    -141      0    141  0.61048604E+00 -0.86833997E-03 0.4556E-12      6
 1491   13     0    -140      0    140  0.61498282E+00 -0.75354660E-03 0.1187E-11      7
 1492   13     0    -139      0    139  0.61894027E+00 -0.77434308E-03 0.4078E-12      8
 1493   13     0    -138      0    138  0.62360166E+00 -0.91906675E-03 0.1257E-11      7
 1494   13     0    -137      0    137  0.62843927E+00 -0.83497883E-03 0.2852E-12      7
 1495   13     0    -136      0    136  0.63258239E+00 -0.78219496E-03 0.5767E-12      7
 1496   13     0    -135      0    135  0.63726406E+00 -0.96586901E-03 0.1298E-11      7
 1497   13     0    -134      0    134  0.64242190E+00 -0.93272762E-03 0.2572E-12      8
 1498   13     0    -133      0    133  0.64686270E+00 -0.80638704E-03 0.1798E-12      6
 1499   13     0    -132      0    132  0.65152139E+00 -0.10044145E-02 0.8201E-12      7
 1500   13     0    -131      0    131  0.65694848E+00 -0.10386644E-02 0.3790E-12      7
 1501   13     0    -130      0    130  0.66179310E+00 -0.86439115E-03 0.5028E-12      6
 1502   13     0    -129      0    129  0.66643860E+00 -0.10371298E-02 0.4272E-12      8
 1503   13     0    -128      0    128  0.67207150E+00 -0.11530983E-02 0.1141E-11      8
 1504   13     0    -127      0    127  0.67739702E+00 -0.97086743E-03 0.1655E-12      6
 1505   13     0    -126      0    126  0.68209156E+00 -0.10636636E-02 0.4750E-12      8
 1506   13     0    -125      0    125  0.68783142E+00 -0.12675615E-02 0.3948E-12      7
 1507   13     0    -124      0    124  0.69363536E+00 -0.11193602E-02 0.9775E-12      6
 1508   13     0    -123      0    123  0.69850832E+00 -0.10896354E-02 0.5147E-12      8
 1509   13     0    -122      0    122  0.70426687E+00 -0.13679316E-02 0.6189E-12      7
 1510   13     0    -121      0    121  0.71051497E+00 -0.12841910E-02 0.6004E-12      7
 1511   13     0    -120      0    120  0.71573575E+00 -0.11096560E-02 0.1165E-11      9
 1512   13     0    -119      0    119  0.72143265E+00 -0.14117773E-02 0.1451E-11      8
 1513   13     0    -118      0    118  0.72807559E+00 -0.14098320E-02 0.1503E-11     11
 1514   13     0    -117      0    117  0.73387163E+00 -0.11167578E-02 0.3559E-12      6
 1515   13     0    -116      0    116  0.73946398E+00 -0.13367978E-02 0.9883E-12      7
 1516   13     0    -115      0    115  0.74638216E+00 -0.14210905E-02 0.1405E-11      8
 1517   13     0    -114      0    114  0.75290479E+00 -0.11174451E-02 0.9159E-12      7
 1518   13     0    -113      0    113  0.75856326E+00 -0.11585352E-02 0.4471E-12      7
 1519   13     0    -112      0    112  0.76561191E+00 -0.13147747E-02 0.7539E-12      6
 1520   13     0    -111      0    111  0.77284969E+00 -0.10824659E-02 0.3135E-12      8
 1521   13     0    -110      0    110  0.77885550E+00 -0.94980705E-03 0.1427E-11      7
 1522   13     0    -109      0    109  0.78591542E+00 -0.11331855E-02 0.1119E-11      9
 1523   13     0    -108      0    108  0.79379890E+00 -0.99624936E-03 0.1015E-11      6
 1524   13     0    -107      0    107  0.80042500E+00 -0.76221869E-03 0.6888E-12      6
 1525   13     0    -106      0    106  0.80740470E+00 -0.91248052E-03 0.8076E-12      6
 1526   13     0    -105      0    105  0.81581158E+00 -0.86176983E-03 0.4668E-12      8
 1527   13     0    -104      0    104  0.82329671E+00 -0.61983578E-03 0.3683E-12      6
 1528   13     0    -103      0    103  0.83024956E+00 -0.68641512E-03 0.1036E-12      6
 1529   13     0    -102      0    102  0.83902956E+00 -0.70127201E-03 0.1020E-11      8
 1530   13     0    -101      0    101  0.84749740E+00 -0.51325853E-03 0.8495E-13      7
 1531   13     0    -100      0    100  0.85463759E+00 -0.48915522E-03 0.1786E-11      5
 1532   13     0     -99      0     99  0.86360570E+00 -0.54439045E-03 0.1637E-11      6
 1533   13     0     -98      0     98  0.87304828E+00 -0.42654771E-03 0.1358E-11      5
 1534   13     0     -97      0     97  0.88072821E+00 -0.34294623E-03 0.5093E-12      5
 1535   13     0     -96      0     96  0.88970509E+00 -0.40842188E-03 0.2611E-11      6
 1536   13     0     -95      0     95  0.90002338E+00 -0.34897816E-03 0.1636E-11      7
 1537   13     0     -94      0     94  0.90864369E+00 -0.24761603E-03 0.1043E-11      5
 1538   13     0     -93      0     93  0.91752321E+00 -0.29589497E-03 0.3372E-12      6
 1539   13     0     -92      0     92  0.92855507E+00 -0.27687541E-03 0.1872E-11      5
 1540   13     0     -91      0     91  0.93845886E+00 -0.18918702E-03 0.3554E-12      5
 1541   13     0     -90      0     90  0.94731731E+00 -0.20443557E-03 0.1891E-11      5
 1542   13     0     -89      0     89  0.95882903E+00 -0.21095544E-03 0.4469E-11      5
 1543   13     0     -88      0     88  0.97017868E+00 -0.15103044E-03 0.3020E-11      6
 1544   13     0     -87      0     87  0.97939909E+00 -0.13510976E-03 0.5063E-11      6
 1545   13     0     -86      0     86  0.99111166E+00 -0.15369857E-03 0.5397E-11      6
 1546   13     0     -85      0     85  0.10038690E+01 -0.11919148E-03 0.1341E-10      7
 1547   13     0     -84      0     84  0.10140380E+01 -0.86790617E-04 0.4988E-11      5
 1548   13     0     -83      0     83  0.10256838E+01 -0.10406883E-03 0.6037E-11      6
 1549   13     0     -82      0     82  0.10396848E+01 -0.86325352E-04 0.2677E-11      6
 1550   13     0     -81      0     81  0.10514240E+01 -0.54187194E-04 0.5493E-11      5
 1551   13     0     -80      0     80  0.10628954E+01 -0.61759263E-04 0.2613E-10      5
 1552   13     0     -79      0     79  0.10778843E+01 -0.55191722E-04 0.3714E-10      5
 1553   13     0     -78      0     78  0.10916517E+01 -0.35046006E-04 0.3606E-10      6
 1554   13     0     -77      0     77  0.11031896E+01 -0.36576747E-04 0.7360E-11      5
 1555   13     0     -75      0     75  0.11187674E+01 -0.42076949E-04 0.2427E-10      5
 1556   13     0     -74      0     74  0.11346510E+01 -0.33548634E-04 0.4283E-10      6
 1557   13     0     -73      1     74  0.11469457E+01 -0.30204136E-04 0.5110E-11      5
 1558   13     0     -72      1     73  0.11626590E+01 -0.40281838E-04 0.2249E-10      5
 1559   13     0     -71      1     72  0.11805097E+01 -0.35273416E-04 0.1705E-10      5
 1560   13     0     -70      0     70  0.11944976E+01 -0.25386991E-04 0.3619E-10      4
 1561   13     0     -69      0     69  0.12100170E+01 -0.34424903E-04 0.4661E-10      6
 1562   13     0     -68      0     68  0.12296084E+01 -0.32225212E-04 0.5025E-10      5
 1563   13     0     -67      0     67  0.12461657E+01 -0.20833526E-04 0.4747E-10      5
 1564   13     0     -66      0     66  0.12614780E+01 -0.26132887E-04 0.3223E-10      6
 1565   13     0     -65      0     65  0.12824912E+01 -0.26836631E-04 0.7794E-10      5
 1566   13     0     -64      0     64  0.13021578E+01 -0.17842346E-04 0.5957E-10      6
 1567   13     0     -63      0     63  0.13177878E+01 -0.18519506E-04 0.4690E-10      5
 1568   13     0     -62      0     62  0.13397795E+01 -0.21461797E-04 0.5206E-10      5
 1569   13     0     -61      0     61  0.13626973E+01 -0.15757469E-04 0.1429E-10      5
 1570   13     0     -60      0     60  0.13796471E+01 -0.12775264E-04 0.1324E-09      4
 1571   13     0     -59      0     59  0.14020427E+01 -0.16746236E-04 0.6049E-10      6
 1572   13     0     -58      0     58  0.14280949E+01 -0.13675820E-04 0.1423E-09      4
 1573   13     0     -57      0     57  0.14477465E+01 -0.89170583E-05 0.2541E-09      4
 1574   13     0     -56      0     56  0.14700050E+01 -0.12432522E-04 0.1204E-09      4
 1575   13     0     -55      0     55  0.14989634E+01 -0.11085521E-04 0.1429E-09      5
 1576   13     0     -54      0     54  0.15227418E+01 -0.65375880E-05 0.1841E-09      6
 1577   13     0     -53      0     53  0.15448040E+01 -0.86013908E-05 0.1432E-09      5
 1578   13     0     -52      0     52  0.15763205E+01 -0.84771656E-05 0.1442E-09      4
 1579   13     0     -51      0     51  0.16051166E+01 -0.51696239E-05 0.2457E-09      4
 1580   13     0     -50      0     50  0.16275768E+01 -0.56016866E-05 0.2786E-09      4
 1581   13     0     -49      0     49  0.16610509E+01 -0.61368242E-05 0.9827E-10      5
 1582   13     0     -48      0     48  0.16955155E+01 -0.40681286E-05 0.3039E-09      4
  Time elapsed :      6.226 s

Mode Search
-----------

Mode parameters
   l : 14
   m : 0

Building frequency grid (REAL axis)
   added scan interval :  0.5202E+00 ->  0.2105E+01 (3000 points, INVERSE)

Building spatial grid
   Scaffold grid from model
   Split 346 subinterval(s) in iteration 1
   Split 20 subinterval(s) in iteration 2
   Split 0 subinterval(s) in iteration 3
   Final grid has 1 segment(s) and 7480 point(s):
      Segment 1 : x range 0.0000 -> 1.0012 (1 -> 7480)

Starting search (adiabatic)

Scanning frequencies
  Time elapsed :    35.456 s

Finding roots
  Time elapsed :      7.727 s

Processing modes
   id    l     m    n_pg    n_p    n_g       Re(omega)       Im(omega)        chi n_iter
 1613   14     0    -156      0    156  0.58914346E+00  0.00000000E+00 0.6950E-12      5
 1614   14     0    -155      0    155  0.59295342E+00  0.00000000E+00 0.7583E-12      5
 1615   14     0    -154      0    154  0.59646398E+00  0.00000000E+00 0.1208E-12      6
 1616   14     0    -153      0    153  0.60049416E+00  0.00000000E+00 0.1058E-12      5
 1617   14     0    -152      0    152  0.60456654E+00  0.00000000E+00 0.2001E-13      5
 1618   14     0    -151      0    151  0.60819947E+00  0.00000000E+00 0.1759E-12      6
 1619   14     0    -150      0    150  0.61228102E+00  0.00000000E+00 0.5108E-13      5
 1620   14     0    -149      0    149  0.61662423E+00  0.00000000E+00 0.1529E-12      5
 1621   14     0    -148      0    148  0.62046203E+00  0.00000000E+00 0.1167E-12      5
 1622   14     0    -147      0    147  0.62455167E+00  0.00000000E+00 0.2821E-12      6
 1623   14     0    -146      0    146  0.62911880E+00  0.00000000E+00 0.5793E-13      6
 1624   14     0    -145      0    145  0.63323329E+00  0.00000000E+00 0.2771E-12      5
 1625   14     0    -144      0    144  0.63734645E+00  0.00000000E+00 0.2429E-12      6
 1626   14     0    -143      0    143  0.64210017E+00  0.00000000E+00 0.1829E-13      6
 1627   14     0    -142      0    142  0.64653157E+00  0.00000000E+00 0.6093E-12      6
 1628   14     0    -141      0    141  0.65068046E+00  0.00000000E+00 0.5723E-12      5
 1629   14     0    -140      0    140  0.65557166E+00  0.00000000E+00 0.6291E-12      5
 1630   14     0    -139      0    139  0.66036680E+00  0.00000000E+00 0.5436E-12      6
 1631   14     0    -138      0    138  0.66463661E+00  0.00000000E+00 0.2369E-12      6
 1632   14     0    -137      0    137  0.66961285E+00  0.00000000E+00 0.1774E-12      5
 1633   14     0    -136      0    136  0.67476827E+00  0.00000000E+00 0.4409E-12      6
 1634   14     0    -135      0    135  0.67923571E+00  0.00000000E+00 0.1086E-12      6
 1635   14     0    -134      0    134  0.68424136E+00  0.00000000E+00 0.9404E-13      5
 1636   14     0    -133      0    133  0.68973984E+00  0.00000000E+00 0.1377E-12      6
 1637   14     0    -132      0    132  0.69452451E+00  0.00000000E+00 0.2484E-12      5
 1638   14     0    -131      0    131  0.69951578E+00  0.00000000E+00 0.1006E-12      6
 1639   14     0    -130      0    130  0.70529783E+00  0.00000000E+00 0.3230E-12      6
 1640   14     0    -129      0    129  0.71050758E+00  0.00000000E+00 0.3891E-13      5
 1641   14     0    -128      0    128  0.71550675E+00  0.00000000E+00 0.4979E-15      6
 1642   14     0    -127      0    127  0.72150591E+00  0.00000000E+00 0.5969E-12      6
 1643   14     0    -126      0    126  0.72721909E+00  0.00000000E+00 0.1896E-12      5
 1644   14     0    -125      0    125  0.73230114E+00  0.00000000E+00 0.1266E-12      6
 1645   14     0    -124      0    124  0.73841723E+00  0.00000000E+00 0.2506E-13      5
 1646   14     0    -123      0    123  0.74462984E+00  0.00000000E+00 0.3564E-12      6
 1647   14     0    -122      0    122  0.74992855E+00  0.00000000E+00 0.4777E-12      6
 1648   14     0    -121      0    121  0.75608458E+00  0.00000000E+00 0.3707E-12      5
 1649   14     0    -120      0    120  0.76276601E+00  0.00000000E+00 0.8645E-13      6
 1650   14     0    -119      0    119  0.76844056E+00  0.00000000E+00 0.3749E-13      5
 1651   14     0    -118      0    118  0.77457082E+00  0.00000000E+00 0.2156E-12      6
 1652   14     0    -117      0    117  0.78167232E+00  0.00000000E+00 0.3211E-12      6
 1653   14     0    -116      0    116  0.78792369E+00  0.00000000E+00 0.5623E-13      5
 1654   14     0    -115      0    115  0.79397766E+00  0.00000000E+00 0.8766E-13      6
 1655   14     0    -114      0    114  0.80136252E+00  0.00000000E+00 0.7752E-13      6
 1656   14     0    -113      0    113  0.80834255E+00  0.00000000E+00 0.6073E-13      5
 1657   14     0    -112      0    112  0.81446502E+00  0.00000000E+00 0.3687E-12      6
 1658   14     0    -111      0    111  0.82197010E+00  0.00000000E+00 0.4600E-12      5
 1659   14     0    -110      0    110  0.82968552E+00  0.00000000E+00 0.4837E-12      5
 1660   14     0    -109      0    109  0.83614906E+00  0.00000000E+00 0.6219E-13      6
 1661   14     0    -108      0    108  0.84363745E+00  0.00000000E+00 0.1550E-13      6
 1662   14     0    -107      0    107  0.85202568E+00  0.00000000E+00 0.2182E-12      6
 1663   14     0    -106      0    106  0.85915362E+00  0.00000000E+00 0.1778E-12      5
 1664   14     0    -105      0    105  0.86652101E+00  0.00000000E+00 0.1144E-12      6
 1665   14     0    -104      0    104  0.87543528E+00  0.00000000E+00 0.3967E-12      6
 1666   14     0    -103      0    103  0.88351665E+00  0.00000000E+00 0.3040E-12      5
 1667   14     0    -102      0    102  0.89085707E+00  0.00000000E+00 0.5538E-12      6
 1668   14     0    -101      0    101  0.90011142E+00  0.00000000E+00 0.2175E-12      5
 1669   14     0    -100      0    100  0.90926469E+00  0.00000000E+00 0.1781E-12      6
 1670   14     0     -99      0     99  0.91688197E+00  0.00000000E+00 0.4428E-12      6
 1671   14     0     -98      0     98  0.92626081E+00  0.00000000E+00 0.9021E-14      6
 1672   14     0     -97      0     97  0.93643668E+00  0.00000000E+00 0.2129E-12      6
 1673   14     0     -96      0     96  0.94477091E+00  0.00000000E+00 0.1686E-12      6
 1674   14     0     -95      0     95  0.95408426E+00  0.00000000E+00 0.6394E-13      6
 1675   14     0     -94      0     94  0.96512162E+00  0.00000000E+00 0.8299E-13      6
 1676   14     0     -93      0     93  0.97459944E+00  0.00000000E+00 0.1710E-12      5
 1677   14     0     -92      0     92  0.98380390E+00  0.00000000E+00 0.1212E-12      6
 1678   14     0     -91      0     91  0.99548627E+00  0.00000000E+00 0.2865E-13      5
 1679   14     0     -90      0     90  0.10064006E+01  0.00000000E+00 0.1342E-12      6
 1680   14     0     -89      0     89  0.10157039E+01  0.00000000E+00 0.1176E-13      6
 1681   14     0     -88      0     88  0.10277423E+01  0.00000000E+00 0.3781E-12      5
 1682   14     0     -87      0     87  0.10401550E+01  0.00000000E+00 0.5482E-12      6
 1683   14     0     -86      0     86  0.10500889E+01  0.00000000E+00 0.4773E-13      6
 1684   14     0     -85      0     85  0.10621747E+01  0.00000000E+00 0.1300E-12      6
 1685   14     0     -84      0     84  0.10759586E+01  0.00000000E+00 0.1966E-12      6
 1686   14     0     -83      0     83  0.10871888E+01  0.00000000E+00 0.8312E-13      6
 1687   14     0     -82      0     82  0.10990983E+01  0.00000000E+00 0.1053E-12      6
 1688   14     0     -81      0     81  0.11140169E+01  0.00000000E+00 0.9425E-13      6
 1689   14     0     -80      0     80  0.11271125E+01  0.00000000E+00 0.2253E-13      5
 1690   14     0     -79      0     79  0.11388983E+01  0.00000000E+00 0.2017E-12      5
 1691   14     0     -78      0     78  0.11546212E+01  0.00000000E+00 0.7015E-13      5
 1692   14     0     -77      0     77  0.11698851E+01  0.00000000E+00 0.5902E-13      6
 1693   14     0     -76      0     76  0.11820434E+01  0.00000000E+00 0.2876E-13      6
 1694   14     0     -75      0     75  0.11980951E+01  0.00000000E+00 0.5941E-15      5
 1695   14     0     -74      0     74  0.12154471E+01  0.00000000E+00 0.2437E-12      6
 1696   14     0     -73      0     73  0.12288841E+01  0.00000000E+00 0.5836E-13      6
 1697   14     0     -72      0     72  0.12448095E+01  0.00000000E+00 0.1395E-12      6
 1698   14     0     -71      0     71  0.12639859E+01  0.00000000E+00 0.3707E-12      5
 1699   14     0     -70      0     70  0.12796599E+01  0.00000000E+00 0.1439E-12      5
 1700   14     0     -69      0     69  0.12952854E+01  0.00000000E+00 0.2609E-12      6
 1701   14     0     -68      0     68  0.13159800E+01  0.00000000E+00 0.1382E-12      6
 1702   14     0     -67      0     67  0.13345949E+01  0.00000000E+00 0.1530E-12      6
 1703   14     0     -66      0     66  0.13502178E+01  0.00000000E+00 0.1768E-12      6
 1704   14     0     -65      0     65  0.13720101E+01  0.00000000E+00 0.1371E-12      5
 1705   14     0     -64      0     64  0.13938422E+01  0.00000000E+00 0.2839E-13      6
 1706   14     0     -63      0     63  0.14103629E+01  0.00000000E+00 0.4621E-13      6
 1707   14     0     -62      0     62  0.14327039E+01  0.00000000E+00 0.1971E-12      5
 1708   14     0     -61      0     61  0.14576763E+01  0.00000000E+00 0.6156E-13      6
 1709   14     0     -60      0     60  0.14763650E+01  0.00000000E+00 0.2079E-12      6
 1710   14     0     -59      0     59  0.14986502E+01  0.00000000E+00 0.4946E-13      6
 1711   14     0     -58      0     58  0.15264973E+01  0.00000000E+00 0.1480E-12      5
 1712   14     0     -57      0     57  0.15487889E+01  0.00000000E+00 0.8873E-13      5
 1713   14     0     -56      0     56  0.15706972E+01  0.00000000E+00 0.1032E-12      6
 1714   14     0     -55      0     55  0.16010803E+01  0.00000000E+00 0.1014E-12      6
 1715   14     0     -54      0     54  0.16281648E+01  0.00000000E+00 0.3445E-13      6
 1716   14     0     -53      0     53  0.16501398E+01  0.00000000E+00 0.1746E-12      6
 1717   14     0     -52      0     52  0.16824341E+01  0.00000000E+00 0.1660E-12      5
  Time elapsed :      1.862 s

Starting search (non-adiabatic)

Finding roots
  Time elapsed :    108.854 s

Processing modes
   id    l     m    n_pg    n_p    n_g       Re(omega)       Im(omega)        chi n_iter
 1614   14     0    -156      0    156  0.59253557E+00 -0.68782018E-03 0.4156E-12      6
 1615   14     0    -155      0    155  0.59602379E+00 -0.69002880E-03 0.3525E-12      7
 1616   14     0    -154      0    154  0.60002083E+00 -0.79211066E-03 0.5057E-12      6
 1617   14     0    -153      0    153  0.60416781E+00 -0.72085869E-03 0.8002E-13      6
 1618   14     0    -152      0    152  0.60780969E+00 -0.67356401E-03 0.4763E-13      7
 1619   14     0    -151      0    151  0.61184144E+00 -0.79711517E-03 0.4881E-12      7
 1620   14     0    -150      0    150  0.61623948E+00 -0.76402067E-03 0.5087E-12      7
 1621   14     0    -149      0    149  0.62011815E+00 -0.66908391E-03 0.4530E-12      6
 1622   14     0    -148      0    148  0.62414999E+00 -0.79501071E-03 0.3949E-12      6
 1623   14     0    -147      0    147  0.62874896E+00 -0.80825849E-03 0.5144E-12      6
 1624   14     0    -146      0    146  0.63292361E+00 -0.68807314E-03 0.4204E-12      7
 1625   14     0    -145      0    145  0.63698128E+00 -0.79423179E-03 0.4898E-12      8
 1626   14     0    -144      0    144  0.64174509E+00 -0.85579055E-03 0.7408E-13      6
 1627   14     0    -143      0    143  0.64624655E+00 -0.72719550E-03 0.1821E-11      8
 1628   14     0    -142      0    142  0.65034972E+00 -0.79220251E-03 0.2949E-12      7
 1629   14     0    -141      0    141  0.65522985E+00 -0.90507706E-03 0.4154E-12      6
 1630   14     0    -140      0    140  0.66009334E+00 -0.79426933E-03 0.2358E-12      6
 1631   14     0    -139      0    139  0.66433788E+00 -0.79445991E-03 0.5622E-12      6
 1632   14     0    -138      0    138  0.66928363E+00 -0.95232037E-03 0.5475E-12      6
 1633   14     0    -137      0    137  0.67449850E+00 -0.87840398E-03 0.6563E-12      7
 1634   14     0    -136      0    136  0.67896657E+00 -0.80355460E-03 0.4758E-12      6
 1635   14     0    -135      0    135  0.68392306E+00 -0.99550621E-03 0.1148E-11      6
 1636   14     0    -134      0    134  0.68946566E+00 -0.97819394E-03 0.7825E-12      6
 1637   14     0    -133      0    133  0.69428040E+00 -0.83313872E-03 0.6276E-12      6
 1638   14     0    -132      0    132  0.69920724E+00 -0.10290349E-02 0.9899E-12      6
 1639   14     0    -131      0    131  0.70501428E+00 -0.10843157E-02 0.6440E-12      7
 1640   14     0    -130      0    130  0.71027808E+00 -0.90142262E-03 0.2620E-12      8
 1641   14     0    -129      0    129  0.71520444E+00 -0.10578888E-02 0.3281E-12      7
 1642   14     0    -128      0    128  0.72120467E+00 -0.11991577E-02 0.6921E-12      8
 1643   14     0    -127      0    127  0.72698536E+00 -0.10216863E-02 0.2602E-12      7
 1644   14     0    -126      0    126  0.73199789E+00 -0.10834105E-02 0.9967E-12      6
 1645   14     0    -125      0    125  0.73808227E+00 -0.13146464E-02 0.6861E-12      7
 1646   14     0    -124      0    124  0.74436052E+00 -0.11843610E-02 0.4612E-12      7
 1647   14     0    -123      0    123  0.74960988E+00 -0.11155331E-02 0.3006E-12      7
 1648   14     0    -122      0    122  0.75568684E+00 -0.14173439E-02 0.7260E-12      8
 1649   14     0    -121      0    121  0.76241407E+00 -0.13629257E-02 0.9605E-12      9
 1650   14     0    -120      0    120  0.76808571E+00 -0.11522938E-02 0.4219E-12      8
 1651   14     0    -119      0    119  0.77408002E+00 -0.14625142E-02 0.6720E-12      9
 1652   14     0    -118      0    118  0.78119015E+00 -0.14983556E-02 0.4750E-12      7
 1653   14     0    -117      0    117  0.78751285E+00 -0.11859115E-02 0.9545E-12      7
 1654   14     0    -116      0    116  0.79340817E+00 -0.13836008E-02 0.1092E-11      7
 1655   14     0    -115      0    115  0.80075863E+00 -0.15111586E-02 0.1286E-11      8
 1656   14     0    -114      0    114  0.80785872E+00 -0.12104016E-02 0.4073E-12      6
 1657   14     0    -113      0    113  0.81389017E+00 -0.11996617E-02 0.1351E-11      8
 1658   14     0    -112      0    112  0.82131859E+00 -0.13947104E-02 0.1142E-11      8
 1659   14     0    -111      0    111  0.82915094E+00 -0.11794532E-02 0.1815E-11      6
 1660   14     0    -110      0    110  0.83564297E+00 -0.98920590E-03 0.1110E-11      8
 1661   14     0    -109      0    109  0.84303189E+00 -0.11926662E-02 0.8575E-12      6
 1662   14     0    -108      0    108  0.85150205E+00 -0.10796188E-02 0.7600E-12      7
 1663   14     0    -107      0    107  0.85874783E+00 -0.80497734E-03 0.7209E-12      6
 1664   14     0    -106      0    106  0.86603434E+00 -0.94597058E-03 0.6329E-12      7
 1665   14     0    -105      0    105  0.87498950E+00 -0.92144936E-03 0.2165E-12      6
 1666   14     0    -104      0    104  0.88320384E+00 -0.66528849E-03 0.9220E-12      6
 1667   14     0    -103      0    103  0.89051746E+00 -0.69831059E-03 0.5986E-12      9
 1668   14     0    -102      0    102  0.89977837E+00 -0.73769971E-03 0.8776E-12      7
 1669   14     0    -101      0    101  0.90903027E+00 -0.55432764E-03 0.7865E-12      6
 1670   14     0    -100      0    100  0.91666993E+00 -0.49133540E-03 0.4051E-12      7
 1671   14     0     -99      0     99  0.92603488E+00 -0.56330881E-03 0.2912E-12      6
 1672   14     0     -98      0     98  0.93626710E+00 -0.45763217E-03 0.5825E-12      5
 1673   14     0     -97      0     97  0.94464428E+00 -0.34557375E-03 0.2614E-11      6
 1674   14     0     -96      0     96  0.95394042E+00 -0.41485000E-03 0.2797E-11      5
 1675   14     0     -95      0     95  0.96500382E+00 -0.36851128E-03 0.2102E-11      5
 1676   14     0     -94      0     94  0.97452134E+00 -0.25487157E-03 0.6973E-12      6
 1677   14     0     -93      0     93  0.98371652E+00 -0.29397551E-03 0.2127E-11      5
 1678   14     0     -92      0     92  0.99540724E+00 -0.28682693E-03 0.4762E-11      6
 1679   14     0     -91      0     91  0.10063488E+01 -0.19931837E-03 0.2073E-11      5
 1680   14     0     -90      0     90  0.10156529E+01 -0.19851450E-03 0.1862E-11      5
 1681   14     0     -89      0     89  0.10276904E+01 -0.21447781E-03 0.6567E-11      5
 1682   14     0     -88      0     88  0.10401180E+01 -0.16010541E-03 0.3786E-11      6
 1683   14     0     -87      0     87  0.10500590E+01 -0.12998997E-03 0.4603E-11      6
 1684   14     0     -86      0     86  0.10621404E+01 -0.15338791E-03 0.5337E-11      6
 1685   14     0     -85      0     85  0.10759314E+01 -0.12483650E-03 0.6493E-11      6
 1686   14     0     -84      0     84  0.10871703E+01 -0.85014932E-04 0.1342E-10      5
 1687   14     0     -83      0     83  0.10990764E+01 -0.10175224E-03 0.4009E-11      6
 1688   14     0     -82      0     82  0.11139986E+01 -0.89015916E-04 0.3649E-11      7
 1689   14     0     -81      0     81  0.11271021E+01 -0.55556320E-04 0.8301E-11      5
 1690   14     0     -80      0     80  0.11388890E+01 -0.59539660E-04 0.8638E-11      6
 1691   14     0     -79      0     79  0.11546173E+01 -0.56736682E-04 0.7166E-11      5
 1692   14     0     -78      0     78  0.11698875E+01 -0.37491039E-04 0.1855E-10      5
 1693   14     0     -77      0     77  0.11820500E+01 -0.34409793E-04 0.2747E-10      6
 1694   14     0     -75      0     75  0.11981095E+01 -0.41252585E-04 0.4102E-10      6
 1695   14     0     -74      0     74  0.12154630E+01 -0.34424555E-04 0.1371E-10      5
 1696   14     0     -73      0     73  0.12288980E+01 -0.27397119E-04 0.2523E-10      5
 1697   14     0     -72      1     73  0.12448297E+01 -0.37672392E-04 0.1153E-10      5
 1698   14     0     -71      1     72  0.12640051E+01 -0.35054265E-04 0.5503E-11      6
 1699   14     0     -70      0     70  0.12796729E+01 -0.23895260E-04 0.3726E-10      6
 1700   14     0     -69      0     69  0.12953025E+01 -0.31551210E-04 0.3073E-10      6
 1701   14     0     -68      0     68  0.13159970E+01 -0.31518028E-04 0.3034E-10      6
 1702   14     0     -67      0     67  0.13346061E+01 -0.20829554E-04 0.4930E-10      6
 1703   14     0     -66      0     66  0.13502303E+01 -0.23483186E-04 0.2886E-10      5
 1704   14     0     -65      0     65  0.13720240E+01 -0.26018855E-04 0.8475E-10      5
 1705   14     0     -64      0     64  0.13938521E+01 -0.18553239E-04 0.1019E-09      5
 1706   14     0     -63      0     63  0.14103718E+01 -0.16482265E-04 0.2372E-10      5
 1707   14     0     -62      0     62  0.14327151E+01 -0.20696812E-04 0.4534E-10      6
 1708   14     0     -61      0     61  0.14576853E+01 -0.16479813E-04 0.1093E-09      4
 1709   14     0     -60      0     60  0.14763714E+01 -0.11592960E-04 0.7765E-10      4
 1710   14     0     -59      0     59  0.14986591E+01 -0.15966697E-04 0.2928E-10      6
 1711   14     0     -58      0     58  0.15265052E+01 -0.14033299E-04 0.9516E-10      4
 1712   14     0     -57      0     57  0.15487937E+01 -0.85512582E-05 0.1043E-09      4
 1713   14     0     -56      0     56  0.15707038E+01 -0.11546786E-04 0.2239E-10      4
 1714   14     0     -55      0     55  0.16010867E+01 -0.11123077E-04 0.1687E-09      6
 1715   14     0     -54      0     54  0.16281687E+01 -0.67711597E-05 0.5347E-10      4
 1716   14     0     -53      0     53  0.16501443E+01 -0.77484815E-05 0.1055E-09      4
 1717   14     0     -52      0     52  0.16824391E+01 -0.84159886E-05 0.4108E-10      5
  Time elapsed :      6.449 s

Mode Search
-----------

Mode parameters
   l : 15
   m : 0

Building frequency grid (REAL axis)
   added scan interval :  0.5202E+00 ->  0.2105E+01 (3000 points, INVERSE)

Building spatial grid
   Scaffold grid from model
   Split 357 subinterval(s) in iteration 1
   Split 23 subinterval(s) in iteration 2
   Split 0 subinterval(s) in iteration 3
   Final grid has 1 segment(s) and 7494 point(s):
      Segment 1 : x range 0.0000 -> 1.0012 (1 -> 7494)

Starting search (adiabatic)

Scanning frequencies
  Time elapsed :    34.976 s

Finding roots
  Time elapsed :      8.276 s

Processing modes
   id    l     m    n_pg    n_p    n_g       Re(omega)       Im(omega)        chi n_iter
 1752   15     0    -166      0    166  0.59177679E+00  0.00000000E+00 0.1960E-13      5
 1753   15     0    -165      0    165  0.59553154E+00  0.00000000E+00 0.2748E-12      5
 1754   15     0    -164      0    164  0.59888912E+00  0.00000000E+00 0.8004E-12      6
 1755   15     0    -163      0    163  0.60248460E+00  0.00000000E+00 0.2448E-13      5
 1756   15     0    -162      0    162  0.60642481E+00  0.00000000E+00 0.5841E-12      6
 1757   15     0    -161      0    161  0.60999803E+00  0.00000000E+00 0.5281E-12      5
 1758   15     0    -160      0    160  0.61360426E+00  0.00000000E+00 0.3799E-12      6
 1759   15     0    -159      0    159  0.61768506E+00  0.00000000E+00 0.1459E-12      5
 1760   15     0    -158      0    158  0.62150117E+00  0.00000000E+00 0.5190E-12      6
 1761   15     0    -157      0    157  0.62514921E+00  0.00000000E+00 0.3417E-12      6
 1762   15     0    -156      0    156  0.62935084E+00  0.00000000E+00 0.1771E-12      5
 1763   15     0    -155      0    155  0.63345587E+00  0.00000000E+00 0.2470E-13      6
 1764   15     0    -154      0    154  0.63719029E+00  0.00000000E+00 0.3488E-12      6
 1765   15     0    -153      0    153  0.64145506E+00  0.00000000E+00 0.1432E-12      5
 1766   15     0    -152      0    152  0.64583435E+00  0.00000000E+00 0.3150E-12      5
 1767   15     0    -151      0    151  0.64972068E+00  0.00000000E+00 0.1573E-14      5
 1768   15     0    -150      0    150  0.65402675E+00  0.00000000E+00 0.5123E-12      5
 1769   15     0    -149      0    149  0.65868173E+00  0.00000000E+00 0.1042E-12      6
 1770   15     0    -148      0    148  0.66281075E+00  0.00000000E+00 0.2335E-12      5
 1771   15     0    -147      0    147  0.66711909E+00  0.00000000E+00 0.1765E-12      6
 1772   15     0    -146      0    146  0.67199384E+00  0.00000000E+00 0.7756E-12      5
 1773   15     0    -145      0    145  0.67643502E+00  0.00000000E+00 0.5894E-13      5
 1774   15     0    -144      0    144  0.68077330E+00  0.00000000E+00 0.7979E-14      6
 1775   15     0    -143      0    143  0.68582489E+00  0.00000000E+00 0.2236E-12      5
 1776   15     0    -142      0    142  0.69061275E+00  0.00000000E+00 0.1568E-12      5
 1777   15     0    -141      0    141  0.69500611E+00  0.00000000E+00 0.1727E-12      5
 1778   15     0    -140      0    140  0.70018039E+00  0.00000000E+00 0.2325E-13      5
 1779   15     0    -139      0    139  0.70535265E+00  0.00000000E+00 0.7439E-13      6
 1780   15     0    -138      0    138  0.70990479E+00  0.00000000E+00 0.4695E-12      6
 1781   15     0    -137      0    137  0.71514675E+00  0.00000000E+00 0.6020E-13      5
 1782   15     0    -136      0    136  0.72068822E+00  0.00000000E+00 0.1820E-12      6
 1783   15     0    -135      0    135  0.72548751E+00  0.00000000E+00 0.6138E-14      6
 1784   15     0    -134      0    134  0.73074355E+00  0.00000000E+00 0.1755E-12      5
 1785   15     0    -133      0    133  0.73662550E+00  0.00000000E+00 0.2904E-14      6
 1786   15     0    -132      0    132  0.74179811E+00  0.00000000E+00 0.3145E-12      5
 1787   15     0    -131      0    131  0.74703633E+00  0.00000000E+00 0.3077E-12      6
 1788   15     0    -130      0    130  0.75318800E+00  0.00000000E+00 0.2410E-12      6
 1789   15     0    -129      0    129  0.75883496E+00  0.00000000E+00 0.2118E-12      6
 1790   15     0    -128      0    128  0.76410062E+00  0.00000000E+00 0.1139E-14      6
 1791   15     0    -127      0    127  0.77044556E+00  0.00000000E+00 0.4434E-13      5
 1792   15     0    -126      0    126  0.77663007E+00  0.00000000E+00 0.3001E-12      6
 1793   15     0    -125      0    125  0.78202771E+00  0.00000000E+00 0.1410E-12      6
 1794   15     0    -124      0    124  0.78845739E+00  0.00000000E+00 0.2124E-12      5
 1795   15     0    -123      0    123  0.79515468E+00  0.00000000E+00 0.3492E-12      6
 1796   15     0    -122      0    122  0.80084110E+00  0.00000000E+00 0.1179E-12      5
 1797   15     0    -121      0    121  0.80728035E+00  0.00000000E+00 0.2460E-12      6
 1798   15     0    -120      0    120  0.81444138E+00  0.00000000E+00 0.2928E-12      6
 1799   15     0    -119      0    119  0.82058830E+00  0.00000000E+00 0.1770E-12      5
 1800   15     0    -118      0    118  0.82698499E+00  0.00000000E+00 0.3886E-13      6
 1801   15     0    -117      0    117  0.83454120E+00  0.00000000E+00 0.4120E-12      6
 1802   15     0    -116      0    116  0.84134751E+00  0.00000000E+00 0.5600E-13      6
 1803   15     0    -115      0    115  0.84768935E+00  0.00000000E+00 0.1586E-12      5
 1804   15     0    -114      0    114  0.85548075E+00  0.00000000E+00 0.1068E-12      5
 1805   15     0    -113      0    113  0.86306374E+00  0.00000000E+00 0.3037E-12      6
 1806   15     0    -112      0    112  0.86956162E+00  0.00000000E+00 0.3763E-12      6
 1807   15     0    -111      0    111  0.87740867E+00  0.00000000E+00 0.2985E-12      5
 1808   15     0    -110      0    110  0.88573141E+00  0.00000000E+00 0.1568E-12      5
 1809   15     0    -109      0    109  0.89270709E+00  0.00000000E+00 0.1294E-12      6
 1810   15     0    -108      0    108  0.90048033E+00  0.00000000E+00 0.2535E-13      6
 1811   15     0    -107      0    107  0.90944274E+00  0.00000000E+00 0.1590E-12      5
 1812   15     0    -106      0    106  0.91723025E+00  0.00000000E+00 0.7942E-13      5
 1813   15     0    -105      0    105  0.92487385E+00  0.00000000E+00 0.1142E-12      5
 1814   15     0    -104      0    104  0.93429713E+00  0.00000000E+00 0.1913E-13      6
 1815   15     0    -103      0    103  0.94314140E+00  0.00000000E+00 0.5426E-14      6
 1816   15     0    -102      0    102  0.95084946E+00  0.00000000E+00 0.1313E-12      6
 1817   15     0    -101      0    101  0.96051973E+00  0.00000000E+00 0.1001E-12      5
 1818   15     0    -100      0    100  0.97046775E+00  0.00000000E+00 0.1594E-12      6
 1819   15     0     -99      0     99  0.97864271E+00  0.00000000E+00 0.2180E-12      6
 1820   15     0     -98      0     98  0.98833464E+00  0.00000000E+00 0.1003E-12      6
 1821   15     0     -97      0     97  0.99927291E+00  0.00000000E+00 0.4539E-13      6
 1822   15     0     -96      0     96  0.10083944E+01  0.00000000E+00 0.4056E-12      6
 1823   15     0     -95      0     95  0.10179605E+01  0.00000000E+00 0.2515E-12      6
 1824   15     0     -94      0     94  0.10296794E+01  0.00000000E+00 0.2595E-12      5
 1825   15     0     -93      0     93  0.10401329E+01  0.00000000E+00 0.3690E-12      6
 1826   15     0     -92      0     92  0.10496453E+01  0.00000000E+00 0.1554E-14      6
 1827   15     0     -91      0     91  0.10618827E+01  0.00000000E+00 0.2337E-12      5
 1828   15     0     -90      0     90  0.10738638E+01  0.00000000E+00 0.1364E-12      6
 1829   15     0     -89      0     89  0.10836969E+01  0.00000000E+00 0.8392E-13      6
 1830   15     0     -88      0     88  0.10961217E+01  0.00000000E+00 0.4666E-13      5
 1831   15     0     -87      0     87  0.11095797E+01  0.00000000E+00 0.2813E-14      6
 1832   15     0     -86      0     86  0.11203921E+01  0.00000000E+00 0.1636E-12      5
 1833   15     0     -85      0     85  0.11327060E+01  0.00000000E+00 0.1780E-12      5
 1834   15     0     -84      0     84  0.11474315E+01  0.00000000E+00 0.4246E-12      6
 1835   15     0     -83      0     83  0.11598914E+01  0.00000000E+00 0.1073E-12      5
 1836   15     0     -82      0     82  0.11719933E+01  0.00000000E+00 0.1726E-12      6
 1837   15     0     -81      0     81  0.11876841E+01  0.00000000E+00 0.2376E-15      6
 1838   15     0     -80      0     80  0.12022315E+01  0.00000000E+00 0.2338E-12      6
 1839   15     0     -79      0     79  0.12144096E+01  0.00000000E+00 0.6457E-13      6
 1840   15     0     -78      0     78  0.12306571E+01  0.00000000E+00 0.1311E-12      5
 1841   15     0     -77      0     77  0.12473987E+01  0.00000000E+00 0.9371E-13      6
 1842   15     0     -76      0     76  0.12604188E+01  0.00000000E+00 0.3744E-12      6
 1843   15     0     -75      0     75  0.12766917E+01  0.00000000E+00 0.5858E-13      6
 1844   15     0     -74      0     74  0.12953864E+01  0.00000000E+00 0.1045E-12      6
 1845   15     0     -73      0     73  0.13102701E+01  0.00000000E+00 0.1683E-13      5
 1846   15     0     -72      0     72  0.13262050E+01  0.00000000E+00 0.1287E-12      5
 1847   15     0     -71      0     71  0.13464980E+01  0.00000000E+00 0.3531E-12      6
 1848   15     0     -70      0     70  0.13640854E+01  0.00000000E+00 0.2751E-13      6
 1849   15     0     -69      0     69  0.13797968E+01  0.00000000E+00 0.3483E-13      6
 1850   15     0     -68      0     68  0.14012918E+01  0.00000000E+00 0.1419E-12      6
 1851   15     0     -67      0     67  0.14220189E+01  0.00000000E+00 0.1431E-12      6
 1852   15     0     -66      0     66  0.14382061E+01  0.00000000E+00 0.6210E-13      6
 1853   15     0     -65      0     65  0.14603673E+01  0.00000000E+00 0.3938E-12      6
 1854   15     0     -64      0     64  0.14842359E+01  0.00000000E+00 0.2083E-12      6
 1855   15     0     -63      0     63  0.15021389E+01  0.00000000E+00 0.4672E-13      5
 1856   15     0     -62      0     62  0.15243569E+01  0.00000000E+00 0.7958E-13      6
 1857   15     0     -61      0     61  0.15510988E+01  0.00000000E+00 0.1801E-12      6
 1858   15     0     -60      0     60  0.15720973E+01  0.00000000E+00 0.2145E-12      5
 1859   15     0     -59      0     59  0.15939018E+01  0.00000000E+00 0.2398E-12      6
 1860   15     0     -58      0     58  0.16231247E+01  0.00000000E+00 0.9311E-13      6
 1861   15     0     -57      0     57  0.16484885E+01  0.00000000E+00 0.1240E-12      6
 1862   15     0     -56      0     56  0.16700379E+01  0.00000000E+00 0.3584E-12      6
 1863   15     0     -55      0     55  0.17012148E+01  0.00000000E+00 0.1383E-12      6
  Time elapsed :      2.426 s

Starting search (non-adiabatic)

Finding roots
  Time elapsed :    119.409 s

Processing modes
   id    l     m    n_pg    n_p    n_g       Re(omega)       Im(omega)        chi n_iter
 1752   15     0    -166      0    166  0.59111939E+00 -0.80289492E-03 0.2039E-12      8
 1753   15     0    -165      0    165  0.59494715E+00 -0.77114017E-03 0.4772E-12      7
 1754   15     0    -164      0    164  0.59836316E+00 -0.67928240E-03 0.3287E-13      7
 1755   15     0    -163      0    163  0.60188289E+00 -0.78632240E-03 0.5404E-12      6
 1756   15     0    -162      0    162  0.60586241E+00 -0.79573614E-03 0.2692E-12      8
 1757   15     0    -161      0    161  0.60951920E+00 -0.68390238E-03 0.8811E-13      6
 1758   15     0    -162      0    162  0.61305946E+00 -0.76377460E-03 0.3935E-12      6
 1759   15     0    -160      0    160  0.61714952E+00 -0.81196898E-03 0.5430E-13      6
 1760   15     0    -159      0    159  0.62105709E+00 -0.69953496E-03 0.5513E-12      6
 1761   15     0    -158      0    158  0.62465946E+00 -0.74072035E-03 0.1465E-12      6
 1762   15     0    -157      0    157  0.62884387E+00 -0.82516547E-03 0.5950E-12      7
 1763   15     0    -156      0    156  0.63303554E+00 -0.72949023E-03 0.7116E-12      6
 1764   15     0    -155      0    155  0.63675760E+00 -0.71488694E-03 0.4906E-12      6
 1765   15     0    -154      0    154  0.64098387E+00 -0.82793173E-03 0.2092E-12      7
 1766   15     0    -153      0    153  0.64543426E+00 -0.76343948E-03 0.4390E-12      6
 1767   15     0    -152      0    152  0.64934026E+00 -0.69798892E-03 0.2499E-12      7
 1768   15     0    -151      0    151  0.65359361E+00 -0.82800189E-03 0.6520E-12      7
 1769   15     0    -150      0    150  0.65829800E+00 -0.80617879E-03 0.3635E-12      7
 1770   15     0    -149      0    149  0.66247660E+00 -0.69614897E-03 0.4104E-12      7
 1771   15     0    -148      0    148  0.66672777E+00 -0.82062150E-03 0.1570E-12      6
 1772   15     0    -147      0    147  0.67162841E+00 -0.84864899E-03 0.4453E-13      6
 1773   15     0    -146      0    146  0.67613470E+00 -0.71985628E-03 0.3184E-12      6
 1774   15     0    -145      0    145  0.68042193E+00 -0.81520368E-03 0.1147E-12      7
 1775   15     0    -144      0    144  0.68547796E+00 -0.89356772E-03 0.4863E-12      6
 1776   15     0    -143      0    143  0.69033672E+00 -0.76444090E-03 0.6537E-12      7
 1777   15     0    -142      0    142  0.69469225E+00 -0.80942983E-03 0.4717E-12      6
 1778   15     0    -141      0    141  0.69985080E+00 -0.93935512E-03 0.5955E-12      6
 1779   15     0    -140      0    140  0.70508873E+00 -0.83629686E-03 0.7592E-12      6
 1780   15     0    -139      0    139  0.70962559E+00 -0.81077836E-03 0.6552E-12      7
 1781   15     0    -138      0    138  0.71483406E+00 -0.98205261E-03 0.1182E-11      6
 1782   15     0    -137      0    137  0.72042995E+00 -0.92319270E-03 0.9645E-12      6
 1783   15     0    -136      0    136  0.72523985E+00 -0.82286545E-03 0.9485E-12      6
 1784   15     0    -135      0    135  0.73044627E+00 -0.10197253E-02 0.3624E-12      8
 1785   15     0    -134      0    134  0.73636673E+00 -0.10231789E-02 0.3513E-12      6
 1786   15     0    -133      0    133  0.74157666E+00 -0.86058452E-03 0.7466E-12      7
 1787   15     0    -132      0    132  0.74675364E+00 -0.10472109E-02 0.9345E-12      7
 1788   15     0    -131      0    131  0.75292543E+00 -0.11280453E-02 0.7429E-12      7
 1789   15     0    -130      0    130  0.75862906E+00 -0.94130868E-03 0.9748E-13      7
 1790   15     0    -129      0    129  0.76382937E+00 -0.10715468E-02 0.3414E-12      7
 1791   15     0    -128      0    128  0.77017188E+00 -0.12415644E-02 0.3245E-12      6
 1792   15     0    -127      0    127  0.77642124E+00 -0.10761487E-02 0.3833E-12      6
 1793   15     0    -126      0    126  0.78176122E+00 -0.10970622E-02 0.5914E-12      7
 1794   15     0    -125      0    125  0.78815689E+00 -0.13561003E-02 0.5915E-12      7
 1795   15     0    -124      0    124  0.79491276E+00 -0.12521911E-02 0.7907E-12      7
 1796   15     0    -123      0    123  0.80056444E+00 -0.11385928E-02 0.5933E-12      7
 1797   15     0    -122      0    122  0.80692351E+00 -0.14584453E-02 0.3711E-12      6
 1798   15     0    -121      0    121  0.81412013E+00 -0.14416897E-02 0.3668E-12      6
 1799   15     0    -120      0    120  0.82027697E+00 -0.11969458E-02 0.4374E-12      7
 1800   15     0    -119      0    119  0.82653968E+00 -0.15018761E-02 0.7269E-12      9
 1801   15     0    -118      0    118  0.83409250E+00 -0.15833643E-02 0.2816E-12      7
 1802   15     0    -117      0    117  0.84097216E+00 -0.12621094E-02 0.7831E-12      8
 1803   15     0    -116      0    116  0.84716638E+00 -0.14183178E-02 0.9035E-12      6
 1804   15     0    -115      0    115  0.85490910E+00 -0.15953225E-02 0.6081E-12      7
 1805   15     0    -114      0    114  0.86259935E+00 -0.13103324E-02 0.1268E-11      7
 1806   15     0    -113      0    113  0.86902952E+00 -0.12330272E-02 0.7678E-12      6
 1807   15     0    -112      0    112  0.87678511E+00 -0.14668045E-02 0.4604E-12      7
 1808   15     0    -111      0    111  0.88520447E+00 -0.12798934E-02 0.7014E-12      9
 1809   15     0    -110      0    110  0.89223333E+00 -0.10287725E-02 0.1081E-11      7
 1810   15     0    -109      0    109  0.89990085E+00 -0.12420522E-02 0.2190E-12      7
 1811   15     0    -108      0    108  0.90892587E+00 -0.11612501E-02 0.6385E-12      6
 1812   15     0    -107      0    107  0.91684253E+00 -0.85356176E-03 0.4589E-12      7
 1813   15     0    -106      0    106  0.92441493E+00 -0.96865906E-03 0.1265E-11      8
 1814   15     0    -105      0    105  0.93386376E+00 -0.97617937E-03 0.1133E-11      6
 1815   15     0    -104      0    104  0.94283691E+00 -0.71618557E-03 0.4293E-12      6
 1816   15     0    -103      0    103  0.95053750E+00 -0.70222305E-03 0.8099E-12      6
 1817   15     0    -102      0    102  0.96020360E+00 -0.76817355E-03 0.9106E-12      6
 1818   15     0    -101      0    101  0.97023959E+00 -0.59732546E-03 0.1096E-11      6
 1819   15     0    -100      0    100  0.97845237E+00 -0.49080213E-03 0.1355E-11      6
 1820   15     0     -99      0     99  0.98812623E+00 -0.57610083E-03 0.1755E-11      7
 1821   15     0     -98      0     98  0.99911125E+00 -0.48719787E-03 0.1125E-11      5
 1822   15     0     -97      0     97  0.10082812E+01 -0.35006658E-03 0.2638E-11      6
 1823   15     0     -96      0     96  0.10178323E+01 -0.41568092E-03 0.2716E-11      5
 1824   15     0     -95      0     95  0.10295706E+01 -0.38523970E-03 0.3420E-11      6
 1825   15     0     -94      0     94  0.10400623E+01 -0.26514633E-03 0.3954E-12      6
 1826   15     0     -93      0     93  0.10495705E+01 -0.28762566E-03 0.2723E-11      5
 1827   15     0     -92      0     92  0.10618124E+01 -0.29394169E-03 0.3227E-11      7
 1828   15     0     -91      0     91  0.10738167E+01 -0.21113876E-03 0.3031E-11      6
 1829   15     0     -90      0     90  0.10836550E+01 -0.19056230E-03 0.4148E-11      6
 1830   15     0     -89      0     89  0.10960771E+01 -0.21559247E-03 0.1919E-11      7
 1831   15     0     -88      0     88  0.11095467E+01 -0.16898873E-03 0.3901E-11      6
 1832   15     0     -87      0     87  0.11203679E+01 -0.12532666E-03 0.6570E-11      6
 1833   15     0     -86      0     86  0.11326777E+01 -0.15103344E-03 0.4170E-11      5
 1834   15     0     -85      0     85  0.11474080E+01 -0.12941284E-03 0.1159E-10      5
 1835   15     0     -84      0     84  0.11598762E+01 -0.84780632E-04 0.1313E-10      5
 1836   15     0     -83      0     83  0.11719760E+01 -0.97892013E-04 0.1087E-10      5
 1837   15     0     -82      0     82  0.11876690E+01 -0.90854732E-04 0.6720E-11      5
 1838   15     0     -81      0     81  0.12022231E+01 -0.58147126E-04 0.1814E-10      5
 1839   15     0     -80      0     80  0.12144031E+01 -0.56449773E-04 0.6834E-11      5
 1840   15     0     -79      0     79  0.12306548E+01 -0.57754158E-04 0.1811E-10      6
 1841   15     0     -78      0     78  0.12474021E+01 -0.40398735E-04 0.3088E-10      6
 1842   15     0     -77      0     77  0.12604254E+01 -0.32316246E-04 0.7101E-11      5
 1843   15     0     -77      0     77  0.12767058E+01 -0.40299122E-04 0.1670E-10      6
 1844   15     0     -74      0     74  0.12954032E+01 -0.35250370E-04 0.3734E-10      6
 1845   15     0     -73      0     73  0.13102837E+01 -0.25437077E-04 0.5410E-10      6
 1846   15     0     -72      1     73  0.13262250E+01 -0.34791304E-04 0.4037E-10      7
 1847   15     0     -71      1     72  0.13465184E+01 -0.34401185E-04 0.3217E-10      7
 1848   15     0     -70      1     71  0.13640992E+01 -0.23238774E-04 0.4166E-10      7
 1849   15     0     -69      0     69  0.13798136E+01 -0.28292608E-04 0.3357E-10      4
 1850   15     0     -68      0     68  0.14013098E+01 -0.30412749E-04 0.4490E-10      5
 1851   15     0     -67      0     67  0.14220315E+01 -0.21310732E-04 0.3009E-10      5
 1852   15     0     -66      0     66  0.14382182E+01 -0.20681821E-04 0.1334E-09      4
 1853   15     0     -65      0     65  0.14603820E+01 -0.24927248E-04 0.7247E-10      4
 1854   15     0     -64      0     64  0.14842472E+01 -0.19330913E-04 0.5099E-10      5
 1855   15     0     -63      0     63  0.15021475E+01 -0.14668247E-04 0.1197E-09      4
 1856   15     0     -62      0     62  0.15243685E+01 -0.19697795E-04 0.2475E-10      6
 1857   15     0     -61      0     61  0.15511089E+01 -0.17016521E-04 0.6307E-10      5
 1858   15     0     -60      0     60  0.15721037E+01 -0.10872144E-04 0.9786E-10      6
 1859   15     0     -59      0     59  0.15939108E+01 -0.14911697E-04 0.6689E-10      4
 1860   15     0     -58      0     58  0.16231332E+01 -0.14156801E-04 0.6018E-10      5
 1861   15     0     -57      0     57  0.16484937E+01 -0.86596891E-05 0.1742E-09      5
 1862   15     0     -56      0     56  0.16700442E+01 -0.10404601E-04 0.9392E-10      5
 1863   15     0     -55      0     55  0.17012216E+01 -0.11023312E-04 0.6865E-10      5
  Time elapsed :      6.582 s

=== adiabatic (summary_ad_wide.h5, windows from gyre_ad_wide.in) ===
1147 modes total, 16 l values requested

  l  count     n_pg range       freq range (c/d)   gaps
--------------------------------------------------------
  0     20      1 ..   20      8.787 ..   65.160      0
  1     40    -20 ..   20      1.073 ..   66.577      0
  2     47    -26 ..   20      1.430 ..   68.136      0
  3     58    -37 ..   20      1.445 ..   69.446      0
  4     69    -48 ..   20      1.446 ..   70.578      0
  5     77    -58 ..   20      1.473 ..   71.627      2
      missing n_pg: [0, 1]
  6     86    -69 ..   20      1.468 ..   72.623      2
      missing n_pg: [0, 1]
  7     54    -80 ..  -27      1.460 ..    4.088      0
  8     62    -91 ..  -30      1.460 ..    4.182      0
  9     69   -102 ..  -34      1.456 ..    4.121      0
 10     76   -112 ..  -37      1.469 ..    4.193      0
 11     83   -123 ..  -41      1.468 ..    4.159      0
 12     91   -134 ..  -44      1.465 ..    4.216      0
 13     98   -145 ..  -48      1.463 ..    4.205      0
 14    105   -156 ..  -52      1.461 ..    4.172      0
 15    112   -166 ..  -55      1.468 ..    4.219      0

1147 detail files, 7494 grid points in detail.l15.n-160.h5
dlnrho/dlnr from (As, V_2, Gamma_1) vs numerical
  median rel err 4.25e-07, 95th pct 6.73e-03

=== nonadiabatic (summary_nad_wide.h5) ===

43 driven modes (gamma < 0) of 1133
  driven n_pg range -2 .. 8,  freq 14.29 .. 28.21 c/d
  mostly p-modes, as expected for the kappa mechanism
  damping rates (dimensionless): 2.354e-09 .. 1.564e-01
  gamma covers 1130 of 1147 adiabatic modes (4 duplicate n_pg labels in the nad summary, harmless)
    no gamma: l =  1  n_pg =    19  63.3804 c/d
    no gamma: l =  2  n_pg =    17  58.6193 c/d
    no gamma: l =  3  n_pg =    19  66.2211 c/d
    no gamma: l =  4  n_pg =    18  64.1186 c/d
    no gamma: l =  5  n_pg =    18  65.1364 c/d
    no gamma: l =  5  n_pg =    20  71.6274 c/d
    no gamma: l =  6  n_pg =    11  43.9201 c/d
    no gamma: l =  6  n_pg =    17  62.8729 c/d
    no gamma: l =  6  n_pg =    20  72.6231 c/d
    no gamma: l =  7  n_pg =   -80  1.4604 c/d
    no gamma: l =  8  n_pg =   -91  1.4598 c/d
    no gamma: l =  9  n_pg =  -102  1.4562 c/d
    no gamma: l = 10  n_pg =  -112  1.4685 c/d
    no gamma: l = 11  n_pg =  -123  1.4682 c/d
    no gamma: l = 12  n_pg =  -134  1.4652 c/d
    no gamma: l = 13  n_pg =  -145  1.4630 c/d
    no gamma: l = 14  n_pg =  -156  1.4610 c/d
  pass require_gamma=True to build_mode_list to drop these

checks failed
!!! [dsct_M2.2_T7888] check_modes FAILED (--inlist gyre_ad_wide.in --ad summary_ad_wide.h5 --nad summary_nad_wide.h5 --detail detail_wide) -- continuing anyway
nas-1-16:/users/home2/txr7972   24T   17T  6.0T  74% /net/nas-1-16/users/home2/txr7972

--- [dsct_M2.2_T7888] GYRE wide net pass 2 (l = 16-25)
gyre [9.1.1]
------------

OpenMP Threads   : 16
Input filename   : gyre_ad_wide_hi.in

Model Init
----------

Reading from MESA file
   File name ../mesa/LOGS/profile32.data.GYRE
   File version 1.01
   Read 7114 points
   No need to add central point

Mode Search
-----------

Mode parameters
   l : 16
   m : 0

Building frequency grid (REAL axis)
   added scan interval :  0.5202E+00 ->  0.2105E+01 (3000 points, INVERSE)

Building spatial grid
   Scaffold grid from model
   Split 363 subinterval(s) in iteration 1
   Split 25 subinterval(s) in iteration 2
   Split 0 subinterval(s) in iteration 3
   Final grid has 1 segment(s) and 7502 point(s):
      Segment 1 : x range 0.0000 -> 1.0012 (1 -> 7502)

Starting search (adiabatic)

Scanning frequencies
  Time elapsed :     1.776 s

Finding roots
  Time elapsed :      0.385 s

Processing modes
   id    l     m    n_pg    n_p    n_g       Re(omega)       Im(omega)        chi n_iter
   25   16     0    -177      0    177  0.59095962E+00  0.00000000E+00 0.6446E-13      5
   26   16     0    -176      0    176  0.59419768E+00  0.00000000E+00 0.1192E-12      5
   27   16     0    -175      0    175  0.59777777E+00  0.00000000E+00 0.4409E-12      5
   28   16     0    -174      0    174  0.60108831E+00  0.00000000E+00 0.2321E-12      6
   29   16     0    -173      0    173  0.60432799E+00  0.00000000E+00 0.4945E-12      5
   30   16     0    -172      0    172  0.60801397E+00  0.00000000E+00 0.5257E-12      6
   31   16     0    -171      0    171  0.61156536E+00  0.00000000E+00 0.1851E-12      6
   32   16     0    -170      0    170  0.61484967E+00  0.00000000E+00 0.4712E-12      5
   33   16     0    -169      0    169  0.61858740E+00  0.00000000E+00 0.2397E-12      6
   34   16     0    -168      0    168  0.62237305E+00  0.00000000E+00 0.1803E-12      5
   35   16     0    -167      0    167  0.62577904E+00  0.00000000E+00 0.4412E-12      5
   36   16     0    -166      0    166  0.62955099E+00  0.00000000E+00 0.1566E-12      5
   37   16     0    -165      0    165  0.63355978E+00  0.00000000E+00 0.2368E-12      6
   38   16     0    -164      0    164  0.63715204E+00  0.00000000E+00 0.2780E-13      6
   39   16     0    -163      0    163  0.64093127E+00  0.00000000E+00 0.5643E-12      5
   40   16     0    -162      0    162  0.64512192E+00  0.00000000E+00 0.4216E-12      6
   41   16     0    -161      0    161  0.64895692E+00  0.00000000E+00 0.1368E-12      6
   42   16     0    -160      0    160  0.65275205E+00  0.00000000E+00 0.3048E-12      5
   43   16     0    -159      0    159  0.65707523E+00  0.00000000E+00 0.1803E-12      6
   44   16     0    -158      0    158  0.66117407E+00  0.00000000E+00 0.3347E-12      6
   45   16     0    -157      0    157  0.66502593E+00  0.00000000E+00 0.2525E-13      5
   46   16     0    -156      0    156  0.66946034E+00  0.00000000E+00 0.3889E-12      6
   47   16     0    -155      0    155  0.67386410E+00  0.00000000E+00 0.1453E-12      6
   48   16     0    -154      0    154  0.67782980E+00  0.00000000E+00 0.2457E-12      5
   49   16     0    -153      0    153  0.68231491E+00  0.00000000E+00 0.1565E-12      6
   50   16     0    -152      0    152  0.68699915E+00  0.00000000E+00 0.2195E-12      6
   51   16     0    -151      0    151  0.69115071E+00  0.00000000E+00 0.1291E-12      5
   52   16     0    -150      0    150  0.69566853E+00  0.00000000E+00 0.2078E-12      5
   53   16     0    -149      0    149  0.70062810E+00  0.00000000E+00 0.7794E-13      6
   54   16     0    -148      0    148  0.70506168E+00  0.00000000E+00 0.2382E-12      6
   55   16     0    -147      0    147  0.70958036E+00  0.00000000E+00 0.2628E-12      5
   56   16     0    -146      0    146  0.71475043E+00  0.00000000E+00 0.1028E-12      6
   57   16     0    -145      0    145  0.71952910E+00  0.00000000E+00 0.4472E-14      6
   58   16     0    -144      0    144  0.72409133E+00  0.00000000E+00 0.1802E-12      5
   59   16     0    -143      0    143  0.72942459E+00  0.00000000E+00 0.2966E-13      6
   60   16     0    -142      0    142  0.73457479E+00  0.00000000E+00 0.3682E-12      6
   61   16     0    -141      0    141  0.73921921E+00  0.00000000E+00 0.6457E-13      5
   62   16     0    -140      0    140  0.74465768E+00  0.00000000E+00 0.3765E-12      6
   63   16     0    -139      0    139  0.75020665E+00  0.00000000E+00 0.2442E-12      6
   64   16     0    -138      0    138  0.75505509E+00  0.00000000E+00 0.2666E-13      5
   65   16     0    -137      0    137  0.76054392E+00  0.00000000E+00 0.1932E-12      5
   66   16     0    -136      0    136  0.76646401E+00  0.00000000E+00 0.6446E-13      6
   67   16     0    -135      0    135  0.77161269E+00  0.00000000E+00 0.2426E-12      5
   68   16     0    -134      0    134  0.77710383E+00  0.00000000E+00 0.1533E-12      5
   69   16     0    -133      0    133  0.78335557E+00  0.00000000E+00 0.1175E-12      6
   70   16     0    -132      0    132  0.78893293E+00  0.00000000E+00 0.2415E-12      5
   71   16     0    -131      0    131  0.79441094E+00  0.00000000E+00 0.3400E-13      5
   72   16     0    -130      0    130  0.80091215E+00  0.00000000E+00 0.1057E-12      6
   73   16     0    -129      0    129  0.80700749E+00  0.00000000E+00 0.9433E-13      6
   74   16     0    -128      0    128  0.81254444E+00  0.00000000E+00 0.1749E-12      5
   75   16     0    -127      0    127  0.81920957E+00  0.00000000E+00 0.7921E-13      5
   76   16     0    -126      0    126  0.82586786E+00  0.00000000E+00 0.2301E-12      6
   77   16     0    -125      0    125  0.83159910E+00  0.00000000E+00 0.5572E-12      5
   78   16     0    -124      0    124  0.83831337E+00  0.00000000E+00 0.3635E-12      5
   79   16     0    -123      0    123  0.84548775E+00  0.00000000E+00 0.1265E-12      6
   80   16     0    -122      0    122  0.85158899E+00  0.00000000E+00 0.6605E-13      5
   81   16     0    -121      0    121  0.85828441E+00  0.00000000E+00 0.4586E-14      5
   82   16     0    -120      0    120  0.86590701E+00  0.00000000E+00 0.1494E-12      6
   83   16     0    -119      0    119  0.87255550E+00  0.00000000E+00 0.1976E-12      6
   84   16     0    -118      0    118  0.87920221E+00  0.00000000E+00 0.1100E-13      6
   85   16     0    -117      0    117  0.88718381E+00  0.00000000E+00 0.8411E-13      6
   86   16     0    -116      0    116  0.89456620E+00  0.00000000E+00 0.8425E-13      6
   87   16     0    -115      0    115  0.90120245E+00  0.00000000E+00 0.1204E-13      5
   88   16     0    -114      0    114  0.90935795E+00  0.00000000E+00 0.2264E-12      6
   89   16     0    -113      0    113  0.91754715E+00  0.00000000E+00 0.1211E-12      6
   90   16     0    -112      0    112  0.92445551E+00  0.00000000E+00 0.4104E-13      5
   91   16     0    -111      0    111  0.93259452E+00  0.00000000E+00 0.2052E-12      5
   92   16     0    -110      0    110  0.94150676E+00  0.00000000E+00 0.3563E-12      6
   93   16     0    -109      0    109  0.94904574E+00  0.00000000E+00 0.2335E-13      5
   94   16     0    -108      0    108  0.95706288E+00  0.00000000E+00 0.6287E-13      6
   95   16     0    -107      0    107  0.96656034E+00  0.00000000E+00 0.9857E-13      6
   96   16     0    -106      0    106  0.97505208E+00  0.00000000E+00 0.2530E-12      6
   97   16     0    -105      0    105  0.98296598E+00  0.00000000E+00 0.3322E-12      6
   98   16     0    -104      0    104  0.99283629E+00  0.00000000E+00 0.1906E-12      6
   99   16     0    -103      0    103  0.10024598E+01  0.00000000E+00 0.2021E-12      6
  100   16     0    -102      0    102  0.10105836E+01  0.00000000E+00 0.1511E-12      5
  101   16     0    -101      0    101  0.10205880E+01  0.00000000E+00 0.1016E-12      5
  102   16     0    -100      0    100  0.10313108E+01  0.00000000E+00 0.7357E-13      6
  103   16     0     -99      0     99  0.10401329E+01  0.00000000E+00 0.3116E-13      5
  104   16     0     -98      0     98  0.10500576E+01  0.00000000E+00 0.1382E-12      5
  105   16     0     -97      0     97  0.10617042E+01  0.00000000E+00 0.4122E-12      6
  106   16     0     -96      0     96  0.10717042E+01  0.00000000E+00 0.5641E-13      5
  107   16     0     -95      0     95  0.10814848E+01  0.00000000E+00 0.8211E-14      6
  108   16     0     -94      0     94  0.10937960E+01  0.00000000E+00 0.1599E-13      5
  109   16     0     -93      0     93  0.11052770E+01  0.00000000E+00 0.1023E-12      6
  110   16     0     -92      0     92  0.11151434E+01  0.00000000E+00 0.1335E-13      6
  111   16     0     -91      0     91  0.11278092E+01  0.00000000E+00 0.3252E-12      5
  112   16     0     -90      0     90  0.11408458E+01  0.00000000E+00 0.9495E-13      6
  113   16     0     -89      0     89  0.11513477E+01  0.00000000E+00 0.1444E-12      6
  114   16     0     -88      0     88  0.11640105E+01  0.00000000E+00 0.2076E-12      6
  115   16     0     -87      0     87  0.11784411E+01  0.00000000E+00 0.2029E-12      5
  116   16     0     -86      0     86  0.11903087E+01  0.00000000E+00 0.4591E-13      5
  117   16     0     -85      0     85  0.12027407E+01  0.00000000E+00 0.2413E-12      6
  118   16     0     -84      0     84  0.12182795E+01  0.00000000E+00 0.1158E-12      6
  119   16     0     -83      0     83  0.12321000E+01  0.00000000E+00 0.2734E-12      6
  120   16     0     -82      0     82  0.12444077E+01  0.00000000E+00 0.9603E-13      6
  121   16     0     -81      0     81  0.12606780E+01  0.00000000E+00 0.8269E-13      6
  122   16     0     -80      0     80  0.12766992E+01  0.00000000E+00 0.7752E-13      6
  123   16     0     -79      0     79  0.12894589E+01  0.00000000E+00 0.1415E-12      6
  124   16     0     -78      0     78  0.13059743E+01  0.00000000E+00 0.9599E-13      5
  125   16     0     -77      0     77  0.13240969E+01  0.00000000E+00 0.4305E-13      6
  126   16     0     -76      0     76  0.13382942E+01  0.00000000E+00 0.1858E-12      5
  127   16     0     -75      0     75  0.13545352E+01  0.00000000E+00 0.1522E-12      6
  128   16     0     -74      0     74  0.13743833E+01  0.00000000E+00 0.1811E-12      6
  129   16     0     -73      0     73  0.13910057E+01  0.00000000E+00 0.8225E-13      6
  130   16     0     -72      0     72  0.14068461E+01  0.00000000E+00 0.3139E-13      6
  131   16     0     -71      0     71  0.14279766E+01  0.00000000E+00 0.3796E-14      6
  132   16     0     -70      0     70  0.14476070E+01  0.00000000E+00 0.1277E-12      5
  133   16     0     -69      0     69  0.14635810E+01  0.00000000E+00 0.1217E-12      6
  134   16     0     -68      0     68  0.14854880E+01  0.00000000E+00 0.8844E-13      6
  135   16     0     -67      0     67  0.15082440E+01  0.00000000E+00 0.1076E-13      6
  136   16     0     -66      0     66  0.15254623E+01  0.00000000E+00 0.8313E-13      6
  137   16     0     -65      0     65  0.15475224E+01  0.00000000E+00 0.1557E-12      6
  138   16     0     -64      0     64  0.15731658E+01  0.00000000E+00 0.1736E-13      6
  139   16     0     -63      0     63  0.15930492E+01  0.00000000E+00 0.1798E-12      5
  140   16     0     -62      0     62  0.16147330E+01  0.00000000E+00 0.9355E-13      6
  141   16     0     -61      0     61  0.16428398E+01  0.00000000E+00 0.1960E-13      6
  142   16     0     -60      0     60  0.16666448E+01  0.00000000E+00 0.4104E-13      6
  143   16     0     -59      0     59  0.16878732E+01  0.00000000E+00 0.1933E-12      6
  Time elapsed :      5.042 s

Mode Search
-----------

Mode parameters
   l : 17
   m : 0

Building frequency grid (REAL axis)
   added scan interval :  0.5202E+00 ->  0.2105E+01 (3000 points, INVERSE)

Building spatial grid
   Scaffold grid from model
   Split 367 subinterval(s) in iteration 1
   Split 26 subinterval(s) in iteration 2
   Split 0 subinterval(s) in iteration 3
   Final grid has 1 segment(s) and 7507 point(s):
      Segment 1 : x range 0.0000 -> 1.0012 (1 -> 7507)

Starting search (adiabatic)

Scanning frequencies
  Time elapsed :     1.798 s

Finding roots
  Time elapsed :      0.438 s

Processing modes
   id    l     m    n_pg    n_p    n_g       Re(omega)       Im(omega)        chi n_iter
  182   17     0    -188      0    188  0.59038979E+00  0.00000000E+00 0.1279E-12      6
  183   17     0    -187      0    187  0.59347637E+00  0.00000000E+00 0.1869E-12      6
  184   17     0    -186      0    186  0.59643580E+00  0.00000000E+00 0.4026E-12      5
  185   17     0    -185      0    185  0.59977831E+00  0.00000000E+00 0.1840E-12      6
  186   17     0    -184      0    184  0.60307055E+00  0.00000000E+00 0.1032E-12      6
  187   17     0    -183      0    183  0.60608553E+00  0.00000000E+00 0.4951E-12      5
  188   17     0    -182      0    182  0.60945048E+00  0.00000000E+00 0.7135E-12      6
  189   17     0    -181      0    181  0.61293585E+00  0.00000000E+00 0.2860E-13      6
  190   17     0    -180      0    180  0.61609363E+00  0.00000000E+00 0.2360E-12      5
  191   17     0    -179      0    179  0.61947363E+00  0.00000000E+00 0.9231E-13      6
  192   17     0    -178      0    178  0.62311368E+00  0.00000000E+00 0.2800E-12      5
  193   17     0    -177      0    177  0.62643569E+00  0.00000000E+00 0.3124E-12      6
  194   17     0    -176      0    176  0.62983211E+00  0.00000000E+00 0.9663E-12      5
  195   17     0    -175      0    175  0.63361947E+00  0.00000000E+00 0.7618E-14      6
  196   17     0    -174      0    174  0.63716004E+00  0.00000000E+00 0.2024E-12      6
  197   17     0    -173      0    173  0.64056537E+00  0.00000000E+00 0.4000E-12      5
  198   17     0    -172      0    172  0.64444880E+00  0.00000000E+00 0.4210E-12      5
  199   17     0    -171      0    171  0.64824549E+00  0.00000000E+00 0.1759E-12      6
  200   17     0    -170      0    170  0.65171542E+00  0.00000000E+00 0.1710E-12      5
  201   17     0    -169      0    169  0.65563895E+00  0.00000000E+00 0.2203E-13      5
  202   17     0    -168      0    168  0.65967620E+00  0.00000000E+00 0.4610E-12      6
  203   17     0    -167      0    167  0.66329529E+00  0.00000000E+00 0.1162E-12      6
  204   17     0    -166      0    166  0.66724504E+00  0.00000000E+00 0.1687E-12      5
  205   17     0    -165      0    165  0.67150491E+00  0.00000000E+00 0.1185E-13      6
  206   17     0    -164      0    164  0.67534084E+00  0.00000000E+00 0.1044E-12      6
  207   17     0    -163      0    163  0.67929577E+00  0.00000000E+00 0.2652E-14      5
  208   17     0    -162      0    162  0.68373005E+00  0.00000000E+00 0.3516E-13      6
  209   17     0    -161      0    161  0.68783545E+00  0.00000000E+00 0.5725E-14      6
  210   17     0    -160      0    160  0.69181560E+00  0.00000000E+00 0.1231E-12      5
  211   17     0    -159      0    159  0.69637109E+00  0.00000000E+00 0.9631E-14      6
  212   17     0    -158      0    158  0.70075945E+00  0.00000000E+00 0.5820E-13      6
  213   17     0    -157      0    157  0.70481647E+00  0.00000000E+00 0.7041E-13      5
  214   17     0    -156      0    156  0.70947047E+00  0.00000000E+00 0.1222E-12      6
  215   17     0    -155      0    155  0.71417579E+00  0.00000000E+00 0.8626E-13      5
  216   17     0    -154      0    154  0.71838008E+00  0.00000000E+00 0.5265E-13      5
  217   17     0    -153      0    153  0.72307096E+00  0.00000000E+00 0.1989E-12      6
  218   17     0    -152      0    152  0.72805858E+00  0.00000000E+00 0.3814E-12      6
  219   17     0    -151      0    151  0.73248715E+00  0.00000000E+00 0.3403E-12      6
  220   17     0    -150      0    150  0.73720288E+00  0.00000000E+00 0.3753E-12      5
  221   17     0    -149      0    149  0.74245989E+00  0.00000000E+00 0.4686E-12      6
  222   17     0    -148      0    148  0.74721159E+00  0.00000000E+00 0.4017E-12      6
  223   17     0    -147      0    147  0.75193152E+00  0.00000000E+00 0.3733E-12      5
  224   17     0    -146      0    146  0.75738418E+00  0.00000000E+00 0.2354E-12      6
  225   17     0    -145      0    145  0.76251217E+00  0.00000000E+00 0.2520E-12      6
  226   17     0    -144      0    144  0.76729669E+00  0.00000000E+00 0.2845E-12      5
  227   17     0    -143      0    143  0.77289364E+00  0.00000000E+00 0.3201E-12      6
  228   17     0    -142      0    142  0.77841386E+00  0.00000000E+00 0.3732E-12      6
  229   17     0    -141      0    141  0.78331720E+00  0.00000000E+00 0.2454E-12      5
  230   17     0    -140      0    140  0.78899770E+00  0.00000000E+00 0.3168E-12      6
  231   17     0    -139      0    139  0.79492446E+00  0.00000000E+00 0.1428E-12      6
  232   17     0    -138      0    138  0.80008564E+00  0.00000000E+00 0.4860E-12      5
  233   17     0    -137      0    137  0.80579813E+00  0.00000000E+00 0.2085E-13      5
  234   17     0    -136      0    136  0.81209013E+00  0.00000000E+00 0.1834E-12      6
  235   17     0    -135      0    135  0.81761055E+00  0.00000000E+00 0.2563E-12      5
  236   17     0    -134      0    134  0.82331742E+00  0.00000000E+00 0.1182E-12      5
  237   17     0    -133      0    133  0.82992312E+00  0.00000000E+00 0.3286E-12      6
  238   17     0    -132      0    132  0.83592745E+00  0.00000000E+00 0.2160E-12      6
  239   17     0    -131      0    131  0.84163688E+00  0.00000000E+00 0.3279E-12      6
  240   17     0    -130      0    130  0.84846229E+00  0.00000000E+00 0.1269E-13      6
  241   17     0    -129      0    129  0.85502196E+00  0.00000000E+00 0.2477E-13      6
  242   17     0    -128      0    128  0.86083831E+00  0.00000000E+00 0.4347E-12      6
  243   17     0    -127      0    127  0.86778937E+00  0.00000000E+00 0.1048E-13      6
  244   17     0    -126      0    126  0.87492586E+00  0.00000000E+00 0.3797E-13      6
  245   17     0    -125      0    125  0.88101669E+00  0.00000000E+00 0.1731E-12      5
  246   17     0    -124      0    124  0.88797698E+00  0.00000000E+00 0.7813E-13      5
  247   17     0    -123      0    123  0.89561897E+00  0.00000000E+00 0.2548E-12      6
  248   17     0    -122      0    122  0.90217248E+00  0.00000000E+00 0.4595E-13      6
  249   17     0    -121      0    121  0.90909060E+00  0.00000000E+00 0.2786E-12      5
  250   17     0    -120      0    120  0.91714996E+00  0.00000000E+00 0.5453E-13      6
  251   17     0    -119      0    119  0.92433825E+00  0.00000000E+00 0.9673E-13      6
  252   17     0    -118      0    118  0.93122026E+00  0.00000000E+00 0.1104E-12      6
  253   17     0    -117      0    117  0.93958538E+00  0.00000000E+00 0.4067E-12      5
  254   17     0    -116      0    116  0.94756781E+00  0.00000000E+00 0.1465E-12      6
  255   17     0    -115      0    115  0.95451872E+00  0.00000000E+00 0.1689E-12      6
  256   17     0    -114      0    114  0.96298033E+00  0.00000000E+00 0.2775E-13      6
  257   17     0    -113      0    113  0.97177438E+00  0.00000000E+00 0.3075E-14      6
  258   17     0    -112      0    112  0.97914816E+00  0.00000000E+00 0.3343E-13      5
  259   17     0    -111      0    111  0.98751746E+00  0.00000000E+00 0.6028E-13      5
  260   17     0    -110      0    110  0.99699000E+00  0.00000000E+00 0.3558E-12      5
  261   17     0    -109      0    109  0.10051593E+01  0.00000000E+00 0.1983E-12      5
  262   17     0    -108      0    108  0.10133824E+01  0.00000000E+00 0.3357E-12      6
  263   17     0    -107      0    107  0.10233569E+01  0.00000000E+00 0.3242E-12      6
  264   17     0    -106      0    106  0.10326001E+01  0.00000000E+00 0.1288E-12      6
  265   17     0    -105      0    105  0.10408043E+01  0.00000000E+00 0.5085E-12      6
  266   17     0    -104      0    104  0.10510350E+01  0.00000000E+00 0.2560E-12      5
  267   17     0    -103      0    103  0.10614422E+01  0.00000000E+00 0.1707E-12      6
  268   17     0    -102      0    102  0.10700688E+01  0.00000000E+00 0.1440E-12      5
  269   17     0    -101      0    101  0.10803057E+01  0.00000000E+00 0.1390E-12      6
  270   17     0    -100      0    100  0.10917621E+01  0.00000000E+00 0.3053E-12      6
  271   17     0     -99      0     99  0.11013501E+01  0.00000000E+00 0.8100E-13      5
  272   17     0     -98      0     98  0.11114305E+01  0.00000000E+00 0.2371E-12      5
  273   17     0     -97      0     97  0.11237015E+01  0.00000000E+00 0.2709E-12      6
  274   17     0     -96      0     96  0.11346746E+01  0.00000000E+00 0.8218E-13      6
  275   17     0     -95      0     95  0.11446723E+01  0.00000000E+00 0.2333E-13      6
  276   17     0     -94      0     94  0.11574477E+01  0.00000000E+00 0.7662E-13      6
  277   17     0     -93      0     93  0.11699836E+01  0.00000000E+00 0.9609E-13      6
  278   17     0     -92      0     92  0.11803210E+01  0.00000000E+00 0.2039E-12      6
  279   17     0     -91      0     91  0.11932508E+01  0.00000000E+00 0.1575E-12      5
  280   17     0     -90      0     90  0.12072908E+01  0.00000000E+00 0.1264E-12      6
  281   17     0     -89      0     89  0.12186610E+01  0.00000000E+00 0.6337E-14      5
  282   17     0     -88      0     88  0.12314082E+01  0.00000000E+00 0.5295E-13      6
  283   17     0     -87      0     87  0.12466909E+01  0.00000000E+00 0.2436E-13      6
  284   17     0     -86      0     86  0.12598002E+01  0.00000000E+00 0.1418E-12      6
  285   17     0     -85      0     85  0.12723008E+01  0.00000000E+00 0.6592E-13      6
  286   17     0     -84      0     84  0.12884663E+01  0.00000000E+00 0.7403E-13      6
  287   17     0     -83      0     83  0.13037282E+01  0.00000000E+00 0.2646E-12      5
  288   17     0     -82      0     82  0.13163822E+01  0.00000000E+00 0.1991E-13      6
  289   17     0     -81      0     81  0.13329742E+01  0.00000000E+00 0.9553E-13      5
  290   17     0     -80      0     80  0.13504072E+01  0.00000000E+00 0.2944E-13      6
  291   17     0     -79      0     79  0.13640697E+01  0.00000000E+00 0.6828E-14      6
  292   17     0     -78      0     78  0.13805655E+01  0.00000000E+00 0.1359E-12      6
  293   17     0     -77      0     77  0.13998878E+01  0.00000000E+00 0.2581E-14      6
  294   17     0     -76      0     76  0.14156218E+01  0.00000000E+00 0.2783E-14      6
  295   17     0     -75      0     75  0.14316502E+01  0.00000000E+00 0.9702E-13      6
  296   17     0     -74      0     74  0.14523762E+01  0.00000000E+00 0.2058E-12      6
  297   17     0     -73      0     73  0.14709530E+01  0.00000000E+00 0.8590E-13      6
  298   17     0     -72      0     72  0.14867998E+01  0.00000000E+00 0.4514E-13      6
  299   17     0     -71      0     71  0.15083851E+01  0.00000000E+00 0.6665E-13      6
  300   17     0     -70      0     70  0.15300343E+01  0.00000000E+00 0.7410E-13      6
  301   17     0     -69      0     69  0.15467141E+01  0.00000000E+00 0.2551E-12      6
  302   17     0     -68      0     68  0.15685543E+01  0.00000000E+00 0.1251E-12      6
  303   17     0     -67      0     67  0.15930968E+01  0.00000000E+00 0.1809E-12      6
  304   17     0     -66      0     66  0.16119862E+01  0.00000000E+00 0.6712E-15      5
  305   17     0     -65      0     65  0.16334947E+01  0.00000000E+00 0.1218E-12      6
  306   17     0     -64      0     64  0.16605129E+01  0.00000000E+00 0.2565E-12      6
  307   17     0     -63      0     63  0.16829451E+01  0.00000000E+00 0.8964E-13      6
  308   17     0     -62      0     62  0.17039190E+01  0.00000000E+00 0.7827E-13      6
  Time elapsed :      5.247 s

Mode Search
-----------

Mode parameters
   l : 18
   m : 0

Building frequency grid (REAL axis)
   added scan interval :  0.5202E+00 ->  0.2105E+01 (3000 points, INVERSE)

Building spatial grid
   Scaffold grid from model
   Split 371 subinterval(s) in iteration 1
   Split 28 subinterval(s) in iteration 2
   Split 0 subinterval(s) in iteration 3
   Final grid has 1 segment(s) and 7513 point(s):
      Segment 1 : x range 0.0000 -> 1.0012 (1 -> 7513)

Starting search (adiabatic)

Scanning frequencies
  Time elapsed :     1.754 s

Finding roots
  Time elapsed :      0.441 s

Processing modes
   id    l     m    n_pg    n_p    n_g       Re(omega)       Im(omega)        chi n_iter
  348   18     0    -199      0    199  0.58957629E+00  0.00000000E+00 0.7973E-12      5
  349   18     0    -198      0    198  0.59261407E+00  0.00000000E+00 0.2045E-12      6
  350   18     0    -197      0    197  0.59567970E+00  0.00000000E+00 0.3044E-12      6
  351   18     0    -196      0    196  0.59850297E+00  0.00000000E+00 0.3949E-13      6
  352   18     0    -195      0    195  0.60155566E+00  0.00000000E+00 0.1242E-12      6
  353   18     0    -194      0    194  0.60476992E+00  0.00000000E+00 0.1932E-14      6
  354   18     0    -193      0    193  0.60772978E+00  0.00000000E+00 0.1017E-12      6
  355   18     0    -192      0    192  0.61079618E+00  0.00000000E+00 0.1837E-12      5
  356   18     0    -191      0    191  0.61411694E+00  0.00000000E+00 0.4188E-13      6
  357   18     0    -190      0    190  0.61721910E+00  0.00000000E+00 0.5648E-12      6
  358   18     0    -189      0    189  0.62032629E+00  0.00000000E+00 0.2301E-12      5
  359   18     0    -188      0    188  0.62377359E+00  0.00000000E+00 0.1204E-12      6
  360   18     0    -187      0    187  0.62706050E+00  0.00000000E+00 0.2772E-13      6
  361   18     0    -186      0    186  0.63016913E+00  0.00000000E+00 0.6463E-12      5
  362   18     0    -185      0    185  0.63367610E+00  0.00000000E+00 0.5041E-12      6
  363   18     0    -184      0    184  0.63717841E+00  0.00000000E+00 0.6239E-12      6
  364   18     0    -183      0    183  0.64036215E+00  0.00000000E+00 0.1657E-12      6
  365   18     0    -182      0    182  0.64388203E+00  0.00000000E+00 0.3015E-12      6
  366   18     0    -181      0    181  0.64757892E+00  0.00000000E+00 0.4294E-13      6
  367   18     0    -180      0    180  0.65092992E+00  0.00000000E+00 0.6274E-12      5
  368   18     0    -179      0    179  0.65446170E+00  0.00000000E+00 0.5162E-12      6
  369   18     0    -178      0    178  0.65830961E+00  0.00000000E+00 0.6826E-13      6
  370   18     0    -177      0    177  0.66184670E+00  0.00000000E+00 0.2882E-12      6
  371   18     0    -176      0    176  0.66539703E+00  0.00000000E+00 0.4757E-12      5
  372   18     0    -175      0    175  0.66938506E+00  0.00000000E+00 0.2475E-12      6
  373   18     0    -174      0    174  0.67316151E+00  0.00000000E+00 0.4610E-13      6
  374   18     0    -173      0    173  0.67673233E+00  0.00000000E+00 0.1278E-12      5
  375   18     0    -172      0    172  0.68080383E+00  0.00000000E+00 0.4216E-13      6
  376   18     0    -171      0    171  0.68484882E+00  0.00000000E+00 0.6962E-13      6
  377   18     0    -170      0    170  0.68850930E+00  0.00000000E+00 0.4362E-13      5
  378   18     0    -169      0    169  0.69260785E+00  0.00000000E+00 0.2311E-12      6
  379   18     0    -168      0    168  0.69689589E+00  0.00000000E+00 0.6300E-13      5
  380   18     0    -167      0    167  0.70073661E+00  0.00000000E+00 0.1257E-12      6
  381   18     0    -166      0    166  0.70485411E+00  0.00000000E+00 0.1137E-12      6
  382   18     0    -165      0    165  0.70936012E+00  0.00000000E+00 0.8552E-13      6
  383   18     0    -164      0    164  0.71344961E+00  0.00000000E+00 0.3758E-12      5
  384   18     0    -163      0    163  0.71757356E+00  0.00000000E+00 0.1555E-12      5
  385   18     0    -162      0    162  0.72224244E+00  0.00000000E+00 0.8347E-13      6
  386   18     0    -161      0    161  0.72662666E+00  0.00000000E+00 0.3289E-12      6
  387   18     0    -160      0    160  0.73079081E+00  0.00000000E+00 0.1581E-12      5
  388   18     0    -159      0    159  0.73556612E+00  0.00000000E+00 0.2622E-12      6
  389   18     0    -158      0    158  0.74024910E+00  0.00000000E+00 0.7063E-13      6
  390   18     0    -157      0    157  0.74451646E+00  0.00000000E+00 0.4349E-13      5
  391   18     0    -156      0    156  0.74937521E+00  0.00000000E+00 0.1500E-12      6
  392   18     0    -155      0    155  0.75438234E+00  0.00000000E+00 0.3246E-12      6
  393   18     0    -154      0    154  0.75883634E+00  0.00000000E+00 0.5494E-14      5
  394   18     0    -153      0    153  0.76371810E+00  0.00000000E+00 0.2413E-12      5
  395   18     0    -152      0    152  0.76900382E+00  0.00000000E+00 0.2489E-13      6
  396   18     0    -151      0    151  0.77372370E+00  0.00000000E+00 0.2393E-14      6
  397   18     0    -150      0    150  0.77862542E+00  0.00000000E+00 0.4397E-12      5
  398   18     0    -149      0    149  0.78416881E+00  0.00000000E+00 0.1069E-12      5
  399   18     0    -148      0    148  0.78925245E+00  0.00000000E+00 0.9461E-13      5
  400   18     0    -147      0    147  0.79416895E+00  0.00000000E+00 0.1966E-12      5
  401   18     0    -146      0    146  0.79988739E+00  0.00000000E+00 0.3246E-13      6
  402   18     0    -145      0    145  0.80537426E+00  0.00000000E+00 0.1730E-12      6
  403   18     0    -144      0    144  0.81038583E+00  0.00000000E+00 0.7327E-12      5
  404   18     0    -143      0    143  0.81622519E+00  0.00000000E+00 0.1358E-12      6
  405   18     0    -142      0    142  0.82211855E+00  0.00000000E+00 0.1187E-12      6
  406   18     0    -141      0    141  0.82729540E+00  0.00000000E+00 0.1173E-12      5
  407   18     0    -140      0    140  0.83319421E+00  0.00000000E+00 0.1822E-12      6
  408   18     0    -139      0    139  0.83949391E+00  0.00000000E+00 0.1309E-12      6
  409   18     0    -138      0    138  0.84498960E+00  0.00000000E+00 0.1041E-13      5
  410   18     0    -137      0    137  0.85090436E+00  0.00000000E+00 0.1001E-12      5
  411   18     0    -136      0    136  0.85755477E+00  0.00000000E+00 0.6486E-13      6
  412   18     0    -135      0    135  0.86347060E+00  0.00000000E+00 0.1007E-12      6
  413   18     0    -134      0    134  0.86938017E+00  0.00000000E+00 0.5940E-13      5
  414   18     0    -133      0    133  0.87631736E+00  0.00000000E+00 0.1691E-12      6
  415   18     0    -132      0    132  0.88276754E+00  0.00000000E+00 0.1512E-12      6
  416   18     0    -131      0    131  0.88871056E+00  0.00000000E+00 0.1621E-12      5
  417   18     0    -130      0    130  0.89582889E+00  0.00000000E+00 0.1580E-12      6
  418   18     0    -129      0    129  0.90286124E+00  0.00000000E+00 0.2724E-12      6
  419   18     0    -128      0    128  0.90897757E+00  0.00000000E+00 0.2271E-13      5
  420   18     0    -127      0    127  0.91617705E+00  0.00000000E+00 0.1134E-12      6
  421   18     0    -126      0    126  0.92378620E+00  0.00000000E+00 0.2896E-12      6
  422   18     0    -125      0    125  0.93027255E+00  0.00000000E+00 0.4075E-13      5
  423   18     0    -124      0    124  0.93744244E+00  0.00000000E+00 0.1537E-12      5
  424   18     0    -123      0    123  0.94553156E+00  0.00000000E+00 0.2123E-13      6
  425   18     0    -122      0    122  0.95257801E+00  0.00000000E+00 0.7789E-13      6
  426   18     0    -121      0    121  0.95969554E+00  0.00000000E+00 0.8582E-13      5
  427   18     0    -120      0    120  0.96815571E+00  0.00000000E+00 0.1083E-12      6
  428   18     0    -119      0    119  0.97591606E+00  0.00000000E+00 0.3309E-14      6
  429   18     0    -118      0    118  0.98303768E+00  0.00000000E+00 0.1915E-13      6
  430   18     0    -117      0    117  0.99173453E+00  0.00000000E+00 0.4517E-13      5
  431   18     0    -116      0    116  0.10003267E+01  0.00000000E+00 0.3297E-12      5
  432   18     0    -115      0    115  0.10076355E+01  0.00000000E+00 0.2916E-13      5
  433   18     0    -114      0    114  0.10163398E+01  0.00000000E+00 0.2030E-12      5
  434   18     0    -113      0    113  0.10257196E+01  0.00000000E+00 0.4327E-13      6
  435   18     0    -112      0    112  0.10336281E+01  0.00000000E+00 0.3458E-14      5
  436   18     0    -111      0    111  0.10421740E+01  0.00000000E+00 0.3983E-12      5
  437   18     0    -110      0    110  0.10521593E+01  0.00000000E+00 0.2013E-13      5
  438   18     0    -109      0    109  0.10610212E+01  0.00000000E+00 0.5582E-12      6
  439   18     0    -108      0    108  0.10694403E+01  0.00000000E+00 0.1280E-12      6
  440   18     0    -107      0    107  0.10798162E+01  0.00000000E+00 0.1710E-12      6
  441   18     0    -106      0    106  0.10898346E+01  0.00000000E+00 0.1591E-12      6
  442   18     0    -105      0    105  0.10983913E+01  0.00000000E+00 0.4969E-13      6
  443   18     0    -104      0    104  0.11088830E+01  0.00000000E+00 0.1672E-12      5
  444   18     0    -103      0    103  0.11200471E+01  0.00000000E+00 0.4226E-13      6
  445   18     0    -102      0    102  0.11292947E+01  0.00000000E+00 0.1760E-12      6
  446   18     0    -101      0    101  0.11396701E+01  0.00000000E+00 0.3396E-13      6
  447   18     0    -100      0    100  0.11517882E+01  0.00000000E+00 0.7892E-13      6
  448   18     0     -99      0     99  0.11622583E+01  0.00000000E+00 0.2692E-12      6
  449   18     0     -98      0     98  0.11724601E+01  0.00000000E+00 0.9417E-13      6
  450   18     0     -97      0     97  0.11852411E+01  0.00000000E+00 0.8577E-13      6
  451   18     0     -96      0     96  0.11972442E+01  0.00000000E+00 0.9546E-14      6
  452   18     0     -95      0     95  0.12075361E+01  0.00000000E+00 0.4827E-13      6
  453   18     0     -94      0     94  0.12206200E+01  0.00000000E+00 0.1439E-12      5
  454   18     0     -93      0     93  0.12341832E+01  0.00000000E+00 0.1275E-13      6
  455   18     0     -92      0     92  0.12451787E+01  0.00000000E+00 0.4577E-13      6
  456   18     0     -91      0     91  0.12582047E+01  0.00000000E+00 0.2065E-12      6
  457   18     0     -90      0     90  0.12731440E+01  0.00000000E+00 0.9397E-13      6
  458   18     0     -89      0     89  0.12855966E+01  0.00000000E+00 0.1927E-12      5
  459   18     0     -88      0     88  0.12983287E+01  0.00000000E+00 0.1733E-12      6
  460   18     0     -87      0     87  0.13142948E+01  0.00000000E+00 0.1358E-12      6
  461   18     0     -86      0     86  0.13287760E+01  0.00000000E+00 0.1374E-12      5
  462   18     0     -85      0     85  0.13414194E+01  0.00000000E+00 0.1581E-12      6
  463   18     0     -84      0     84  0.13579742E+01  0.00000000E+00 0.5002E-13      6
  464   18     0     -83      0     83  0.13746589E+01  0.00000000E+00 0.1082E-12      6
  465   18     0     -82      0     82  0.13879443E+01  0.00000000E+00 0.1795E-12      6
  466   18     0     -81      0     81  0.14045699E+01  0.00000000E+00 0.5622E-13      5
  467   18     0     -80      0     80  0.14232566E+01  0.00000000E+00 0.2483E-12      6
  468   18     0     -79      0     79  0.14382080E+01  0.00000000E+00 0.2890E-12      5
  469   18     0     -78      0     78  0.14544501E+01  0.00000000E+00 0.1495E-12      6
  470   18     0     -77      0     77  0.14747121E+01  0.00000000E+00 0.1245E-12      6
  471   18     0     -76      0     76  0.14922694E+01  0.00000000E+00 0.4719E-13      6
  472   18     0     -75      0     75  0.15080940E+01  0.00000000E+00 0.2018E-12      6
  473   18     0     -74      0     74  0.15293372E+01  0.00000000E+00 0.1823E-14      6
  474   18     0     -73      0     73  0.15499096E+01  0.00000000E+00 0.1013E-12      6
  475   18     0     -72      0     72  0.15661449E+01  0.00000000E+00 0.5211E-13      6
  476   18     0     -71      0     71  0.15877187E+01  0.00000000E+00 0.7454E-13      5
  477   18     0     -70      0     70  0.16111768E+01  0.00000000E+00 0.1372E-12      6
  478   18     0     -69      0     69  0.16292086E+01  0.00000000E+00 0.2075E-12      6
  479   18     0     -68      0     68  0.16505132E+01  0.00000000E+00 0.3240E-13      5
  480   18     0     -67      0     67  0.16764584E+01  0.00000000E+00 0.1714E-13      6
  481   18     0     -66      0     66  0.16976387E+01  0.00000000E+00 0.1859E-13      6
  Time elapsed :      5.625 s

Mode Search
-----------

Mode parameters
   l : 19
   m : 0

Building frequency grid (REAL axis)
   added scan interval :  0.5202E+00 ->  0.2105E+01 (3000 points, INVERSE)

Building spatial grid
   Scaffold grid from model
   Split 374 subinterval(s) in iteration 1
   Split 28 subinterval(s) in iteration 2
   Split 0 subinterval(s) in iteration 3
   Final grid has 1 segment(s) and 7516 point(s):
      Segment 1 : x range 0.0000 -> 1.0012 (1 -> 7516)

Starting search (adiabatic)

Scanning frequencies
  Time elapsed :     1.764 s

Finding roots
  Time elapsed :      0.474 s

Processing modes
   id    l     m    n_pg    n_p    n_g       Re(omega)       Im(omega)        chi n_iter
  525   19     0    -209      0    209  0.59181918E+00  0.00000000E+00 0.3165E-12      6
  526   19     0    -208      0    208  0.59458605E+00  0.00000000E+00 0.6156E-12      6
  527   19     0    -207      0    207  0.59756314E+00  0.00000000E+00 0.1017E-12      6
  528   19     0    -206      0    206  0.60037468E+00  0.00000000E+00 0.2509E-13      5
  529   19     0    -205      0    205  0.60318937E+00  0.00000000E+00 0.3081E-12      6
  530   19     0    -204      0    204  0.60624443E+00  0.00000000E+00 0.3456E-12      6
  531   19     0    -203      0    203  0.60917228E+00  0.00000000E+00 0.1397E-13      6
  532   19     0    -202      0    202  0.61201647E+00  0.00000000E+00 0.1092E-12      6
  533   19     0    -201      0    201  0.61514686E+00  0.00000000E+00 0.2410E-12      6
  534   19     0    -200      0    200  0.61823110E+00  0.00000000E+00 0.4235E-12      6
  535   19     0    -199      0    199  0.62113022E+00  0.00000000E+00 0.1074E-13      6
  536   19     0    -198      0    198  0.62430753E+00  0.00000000E+00 0.1690E-13      6
  537   19     0    -197      0    197  0.62755155E+00  0.00000000E+00 0.5824E-12      6
  538   19     0    -196      0    196  0.63053086E+00  0.00000000E+00 0.2799E-12      5
  539   19     0    -195      0    195  0.63371756E+00  0.00000000E+00 0.2108E-13      6
  540   19     0    -194      0    194  0.63710951E+00  0.00000000E+00 0.6775E-12      5
  541   19     0    -193      0    193  0.64024383E+00  0.00000000E+00 0.4592E-14      5
  542   19     0    -192      0    192  0.64344518E+00  0.00000000E+00 0.2117E-12      5
  543   19     0    -191      0    191  0.64693955E+00  0.00000000E+00 0.1982E-12      6
  544   19     0    -190      0    190  0.65023042E+00  0.00000000E+00 0.1354E-12      6
  545   19     0    -189      0    189  0.65347728E+00  0.00000000E+00 0.4268E-12      6
  546   19     0    -188      0    188  0.65709283E+00  0.00000000E+00 0.7786E-12      5
  547   19     0    -187      0    187  0.66058387E+00  0.00000000E+00 0.4281E-13      6
  548   19     0    -186      0    186  0.66384326E+00  0.00000000E+00 0.1817E-12      5
  549   19     0    -185      0    185  0.66750656E+00  0.00000000E+00 0.1353E-13      6
  550   19     0    -184      0    184  0.67122005E+00  0.00000000E+00 0.2078E-12      6
  551   19     0    -183      0    183  0.67457805E+00  0.00000000E+00 0.3753E-14      6
  552   19     0    -182      0    182  0.67824438E+00  0.00000000E+00 0.1628E-12      6
  553   19     0    -181      0    181  0.68215052E+00  0.00000000E+00 0.1813E-12      6
  554   19     0    -180      0    180  0.68570214E+00  0.00000000E+00 0.1555E-12      6
  555   19     0    -179      0    179  0.68937926E+00  0.00000000E+00 0.1189E-12      5
  556   19     0    -178      0    178  0.69342952E+00  0.00000000E+00 0.3361E-12      6
  557   19     0    -177      0    177  0.69718910E+00  0.00000000E+00 0.1735E-12      6
  558   19     0    -176      0    176  0.70089032E+00  0.00000000E+00 0.1119E-12      5
  559   19     0    -175      0    175  0.70507043E+00  0.00000000E+00 0.5634E-13      6
  560   19     0    -174      0    174  0.70908821E+00  0.00000000E+00 0.1189E-12      6
  561   19     0    -173      0    173  0.71282687E+00  0.00000000E+00 0.1498E-12      5
  562   19     0    -172      0    172  0.71707526E+00  0.00000000E+00 0.5014E-12      6
  563   19     0    -171      0    171  0.72137011E+00  0.00000000E+00 0.3706E-12      6
  564   19     0    -170      0    170  0.72522897E+00  0.00000000E+00 0.5021E-12      5
  565   19     0    -169      0    169  0.72949073E+00  0.00000000E+00 0.9220E-13      5
  566   19     0    -168      0    168  0.73402657E+00  0.00000000E+00 0.1621E-12      6
  567   19     0    -167      0    167  0.73809971E+00  0.00000000E+00 0.1988E-12      5
  568   19     0    -166      0    166  0.74237532E+00  0.00000000E+00 0.5232E-12      5
  569   19     0    -165      0    165  0.74711986E+00  0.00000000E+00 0.2618E-12      6
  570   19     0    -164      0    164  0.75147372E+00  0.00000000E+00 0.6859E-13      5
  571   19     0    -163      0    163  0.75576223E+00  0.00000000E+00 0.7075E-13      5
  572   19     0    -162      0    162  0.76065379E+00  0.00000000E+00 0.2810E-12      6
  573   19     0    -161      0    161  0.76532460E+00  0.00000000E+00 0.8320E-13      6
  574   19     0    -160      0    160  0.76967540E+00  0.00000000E+00 0.5750E-13      5
  575   19     0    -159      0    159  0.77465543E+00  0.00000000E+00 0.1131E-12      6
  576   19     0    -158      0    158  0.77963609E+00  0.00000000E+00 0.3906E-12      6
  577   19     0    -157      0    157  0.78412319E+00  0.00000000E+00 0.2643E-12      5
  578   19     0    -156      0    156  0.78917022E+00  0.00000000E+00 0.3164E-12      6
  579   19     0    -155      0    155  0.79447628E+00  0.00000000E+00 0.4048E-12      6
  580   19     0    -154      0    154  0.79919475E+00  0.00000000E+00 0.1109E-12      6
  581   19     0    -153      0    153  0.80425269E+00  0.00000000E+00 0.2142E-12      5
  582   19     0    -152      0    152  0.80982739E+00  0.00000000E+00 0.2131E-13      6
  583   19     0    -151      0    151  0.81485476E+00  0.00000000E+00 0.4745E-12      6
  584   19     0    -150      0    150  0.81993324E+00  0.00000000E+00 0.5066E-12      5
  585   19     0    -149      0    149  0.82574776E+00  0.00000000E+00 0.1441E-12      5
  586   19     0    -148      0    148  0.83117657E+00  0.00000000E+00 0.1925E-12      6
  587   19     0    -147      0    147  0.83629019E+00  0.00000000E+00 0.4048E-12      5
  588   19     0    -146      0    146  0.84225351E+00  0.00000000E+00 0.2862E-13      6
  589   19     0    -145      0    145  0.84810593E+00  0.00000000E+00 0.2174E-12      6
  590   19     0    -144      0    144  0.85335605E+00  0.00000000E+00 0.2793E-12      5
  591   19     0    -143      0    143  0.85941345E+00  0.00000000E+00 0.2137E-12      6
  592   19     0    -142      0    142  0.86567843E+00  0.00000000E+00 0.2552E-14      6
  593   19     0    -141      0    141  0.87114991E+00  0.00000000E+00 0.2075E-12      5
  594   19     0    -140      0    140  0.87724242E+00  0.00000000E+00 0.5606E-13      6
  595   19     0    -139      0    139  0.88390445E+00  0.00000000E+00 0.1201E-12      6
  596   19     0    -138      0    138  0.88976051E+00  0.00000000E+00 0.1169E-12      6
  597   19     0    -137      0    137  0.89585910E+00  0.00000000E+00 0.1838E-12      5
  598   19     0    -136      0    136  0.90284791E+00  0.00000000E+00 0.5196E-13      6
  599   19     0    -135      0    135  0.90918308E+00  0.00000000E+00 0.1863E-12      6
  600   19     0    -134      0    134  0.91528979E+00  0.00000000E+00 0.2268E-12      6
  601   19     0    -133      0    133  0.92252928E+00  0.00000000E+00 0.1288E-12      6
  602   19     0    -132      0    132  0.92944010E+00  0.00000000E+00 0.1495E-13      5
  603   19     0    -131      0    131  0.93563023E+00  0.00000000E+00 0.6290E-13      6
  604   19     0    -130      0    130  0.94300421E+00  0.00000000E+00 0.4178E-12      5
  605   19     0    -129      0    129  0.95051011E+00  0.00000000E+00 0.1690E-12      6
  606   19     0    -128      0    128  0.95695904E+00  0.00000000E+00 0.4810E-13      5
  607   19     0    -127      0    127  0.96436664E+00  0.00000000E+00 0.1601E-12      5
  608   19     0    -126      0    126  0.97243337E+00  0.00000000E+00 0.2002E-12      6
  609   19     0    -125      0    125  0.97935911E+00  0.00000000E+00 0.2520E-12      6
  610   19     0    -124      0    124  0.98670623E+00  0.00000000E+00 0.5469E-12      5
  611   19     0    -123      0    123  0.99521117E+00  0.00000000E+00 0.9718E-13      6
  612   19     0    -122      0    122  0.10027914E+01  0.00000000E+00 0.1481E-12      5
  613   19     0    -121      0    121  0.10100985E+01  0.00000000E+00 0.4927E-13      5
  614   19     0    -120      0    120  0.10189119E+01  0.00000000E+00 0.1452E-12      6
  615   19     0    -119      0    119  0.10272679E+01  0.00000000E+00 0.2502E-12      6
  616   19     0    -118      0    118  0.10346554E+01  0.00000000E+00 0.6136E-13      6
  617   19     0    -117      0    117  0.10436218E+01  0.00000000E+00 0.3652E-12      5
  618   19     0    -116      0    116  0.10528180E+01  0.00000000E+00 0.2934E-13      6
  619   19     0    -115      0    115  0.10605501E+01  0.00000000E+00 0.8634E-13      6
  620   19     0    -114      0    114  0.10694311E+01  0.00000000E+00 0.1257E-12      5
  621   19     0    -113      0    113  0.10793598E+01  0.00000000E+00 0.3217E-12      6
  622   19     0    -112      0    112  0.10878799E+01  0.00000000E+00 0.4246E-12      6
  623   19     0    -111      0    111  0.10965647E+01  0.00000000E+00 0.1389E-12      6
  624   19     0    -110      0    110  0.11069963E+01  0.00000000E+00 0.2276E-13      6
  625   19     0    -109      0    109  0.11165999E+01  0.00000000E+00 0.1148E-12      6
  626   19     0    -108      0    108  0.11252428E+01  0.00000000E+00 0.2464E-12      5
  627   19     0    -107      0    107  0.11359256E+01  0.00000000E+00 0.1809E-13      6
  628   19     0    -106      0    106  0.11467150E+01  0.00000000E+00 0.4093E-12      6
  629   19     0    -105      0    105  0.11557293E+01  0.00000000E+00 0.3157E-12      6
  630   19     0    -104      0    104  0.11663754E+01  0.00000000E+00 0.2422E-12      5
  631   19     0    -103      0    103  0.11782391E+01  0.00000000E+00 0.1703E-12      6
  632   19     0    -102      0    102  0.11882427E+01  0.00000000E+00 0.4124E-12      5
  633   19     0    -101      0    101  0.11986867E+01  0.00000000E+00 0.1321E-12      6
  634   19     0    -100      0    100  0.12113640E+01  0.00000000E+00 0.2149E-12      6
  635   19     0     -99      0     99  0.12228094E+01  0.00000000E+00 0.4118E-13      6
  636   19     0     -98      0     98  0.12331632E+01  0.00000000E+00 0.5224E-13      6
  637   19     0     -97      0     97  0.12463071E+01  0.00000000E+00 0.9930E-13      6
  638   19     0     -96      0     96  0.12593459E+01  0.00000000E+00 0.1255E-12      5
  639   19     0     -95      0     95  0.12700920E+01  0.00000000E+00 0.2996E-12      5
  640   19     0     -94      0     94  0.12833079E+01  0.00000000E+00 0.2879E-12      5
  641   19     0     -93      0     93  0.12978151E+01  0.00000000E+00 0.8894E-13      6
  642   19     0     -92      0     92  0.13097017E+01  0.00000000E+00 0.1418E-12      5
  643   19     0     -91      0     91  0.13226814E+01  0.00000000E+00 0.2385E-13      6
  644   19     0     -90      0     90  0.13383658E+01  0.00000000E+00 0.1002E-12      6
  645   19     0     -89      0     89  0.13520849E+01  0.00000000E+00 0.1936E-13      6
  646   19     0     -88      0     88  0.13648046E+01  0.00000000E+00 0.1190E-12      6
  647   19     0     -87      0     87  0.13812323E+01  0.00000000E+00 0.9438E-13      6
  648   19     0     -86      0     86  0.13971238E+01  0.00000000E+00 0.2045E-12      6
  649   19     0     -85      0     85  0.14101394E+01  0.00000000E+00 0.3679E-13      5
  650   19     0     -84      0     84  0.14267995E+01  0.00000000E+00 0.2975E-12      5
  651   19     0     -83      0     83  0.14447837E+01  0.00000000E+00 0.6986E-13      6
  652   19     0     -82      0     82  0.14590939E+01  0.00000000E+00 0.1562E-13      6
  653   19     0     -81      0     81  0.14754822E+01  0.00000000E+00 0.2239E-12      5
  654   19     0     -80      0     80  0.14951790E+01  0.00000000E+00 0.4310E-12      6
  655   19     0     -79      0     79  0.15117758E+01  0.00000000E+00 0.5716E-13      6
  656   19     0     -78      0     78  0.15276799E+01  0.00000000E+00 0.1545E-13      5
  657   19     0     -77      0     77  0.15485382E+01  0.00000000E+00 0.2448E-12      6
  658   19     0     -76      0     76  0.15680432E+01  0.00000000E+00 0.8593E-13      6
  659   19     0     -75      0     75  0.15839562E+01  0.00000000E+00 0.1598E-13      6
  660   19     0     -74      0     74  0.16052629E+01  0.00000000E+00 0.3583E-12      5
  661   19     0     -73      0     73  0.16276683E+01  0.00000000E+00 0.9470E-13      6
  662   19     0     -72      0     72  0.16449329E+01  0.00000000E+00 0.3778E-13      6
  663   19     0     -71      0     71  0.16660045E+01  0.00000000E+00 0.1806E-12      6
  664   19     0     -70      0     70  0.16909046E+01  0.00000000E+00 0.4590E-13      6
  665   19     0     -69      0     69  0.17109670E+01  0.00000000E+00 0.2344E-13      6
  Time elapsed :      5.922 s

Mode Search
-----------

Mode parameters
   l : 20
   m : 0

Building frequency grid (REAL axis)
   added scan interval :  0.5202E+00 ->  0.2105E+01 (3000 points, INVERSE)

Building spatial grid
   Scaffold grid from model
   Split 376 subinterval(s) in iteration 1
   Split 29 subinterval(s) in iteration 2
   Split 0 subinterval(s) in iteration 3
   Final grid has 1 segment(s) and 7519 point(s):
      Segment 1 : x range 0.0000 -> 1.0012 (1 -> 7519)

Starting search (adiabatic)

Scanning frequencies
  Time elapsed :     1.778 s

Finding roots
  Time elapsed :      0.490 s

Processing modes
   id    l     m    n_pg    n_p    n_g       Re(omega)       Im(omega)        chi n_iter
  710   20     0    -220      0    220  0.59116355E+00  0.00000000E+00 0.3530E-13      6
  711   20     0    -219      0    219  0.59383656E+00  0.00000000E+00 0.1396E-12      5
  712   20     0    -218      0    218  0.59642306E+00  0.00000000E+00 0.4692E-12      6
  713   20     0    -217      0    217  0.59923234E+00  0.00000000E+00 0.4233E-12      6
  714   20     0    -216      0    216  0.60201364E+00  0.00000000E+00 0.3106E-12      6
  715   20     0    -215      0    215  0.60465516E+00  0.00000000E+00 0.3325E-12      6
  716   20     0    -214      0    214  0.60751113E+00  0.00000000E+00 0.1169E-12      6
  717   20     0    -213      0    213  0.61041386E+00  0.00000000E+00 0.1899E-12      6
  718   20     0    -212      0    212  0.61312900E+00  0.00000000E+00 0.2294E-12      6
  719   20     0    -211      0    211  0.61602377E+00  0.00000000E+00 0.3071E-12      6
  720   20     0    -210      0    210  0.61906043E+00  0.00000000E+00 0.4198E-13      6
  721   20     0    -209      0    209  0.62187412E+00  0.00000000E+00 0.4321E-12      6
  722   20     0    -208      0    208  0.62475822E+00  0.00000000E+00 0.7525E-13      6
  723   20     0    -207      0    207  0.62788360E+00  0.00000000E+00 0.2588E-12      6
  724   20     0    -206      0    206  0.63085373E+00  0.00000000E+00 0.2617E-12      6
  725   20     0    -205      0    205  0.63379229E+00  0.00000000E+00 0.7348E-13      5
  726   20     0    -204      0    204  0.63699224E+00  0.00000000E+00 0.6973E-12      6
  727   20     0    -203      0    203  0.64008733E+00  0.00000000E+00 0.1902E-12      6
  728   20     0    -202      0    202  0.64306157E+00  0.00000000E+00 0.1031E-12      5
  729   20     0    -201      0    201  0.64633199E+00  0.00000000E+00 0.3563E-13      6
  730   20     0    -200      0    200  0.64959118E+00  0.00000000E+00 0.6421E-12      6
  731   20     0    -199      0    199  0.65263320E+00  0.00000000E+00 0.1518E-12      6
  732   20     0    -198      0    198  0.65594426E+00  0.00000000E+00 0.1570E-12      6
  733   20     0    -197      0    197  0.65936610E+00  0.00000000E+00 0.2419E-12      6
  734   20     0    -196      0    196  0.66250604E+00  0.00000000E+00 0.3245E-12      6
  735   20     0    -195      0    195  0.66582135E+00  0.00000000E+00 0.3282E-12      6
  736   20     0    -194      0    194  0.66938804E+00  0.00000000E+00 0.3223E-12      6
  737   20     0    -193      0    193  0.67270204E+00  0.00000000E+00 0.3138E-13      6
  738   20     0    -192      0    192  0.67603507E+00  0.00000000E+00 0.4968E-12      6
  739   20     0    -191      0    191  0.67969792E+00  0.00000000E+00 0.1670E-12      6
  740   20     0    -190      0    190  0.68318215E+00  0.00000000E+00 0.3413E-12      6
  741   20     0    -189      0    189  0.68656787E+00  0.00000000E+00 0.1618E-12      6
  742   20     0    -188      0    188  0.69034453E+00  0.00000000E+00 0.2695E-13      6
  743   20     0    -187      0    187  0.69404268E+00  0.00000000E+00 0.8278E-13      6
  744   20     0    -186      0    186  0.69745623E+00  0.00000000E+00 0.1879E-12      5
  745   20     0    -185      0    185  0.70126698E+00  0.00000000E+00 0.2354E-12      6
  746   20     0    -184      0    184  0.70519131E+00  0.00000000E+00 0.5561E-12      5
  747   20     0    -183      0    183  0.70873075E+00  0.00000000E+00 0.9309E-13      6
  748   20     0    -182      0    182  0.71253511E+00  0.00000000E+00 0.1675E-12      6
  749   20     0    -181      0    181  0.71664650E+00  0.00000000E+00 0.1269E-12      5
  750   20     0    -180      0    180  0.72040698E+00  0.00000000E+00 0.3132E-13      6
  751   20     0    -179      0    179  0.72422419E+00  0.00000000E+00 0.8256E-14      6
  752   20     0    -178      0    178  0.72846944E+00  0.00000000E+00 0.6277E-13      6
  753   20     0    -177      0    177  0.73245872E+00  0.00000000E+00 0.1281E-12      6
  754   20     0    -176      0    176  0.73630999E+00  0.00000000E+00 0.2059E-12      5
  755   20     0    -175      0    175  0.74067185E+00  0.00000000E+00 0.5589E-13      6
  756   20     0    -174      0    174  0.74493516E+00  0.00000000E+00 0.8087E-14      6
  757   20     0    -173      0    173  0.74884688E+00  0.00000000E+00 0.6489E-12      5
  758   20     0    -172      0    172  0.75325975E+00  0.00000000E+00 0.3249E-14      6
  759   20     0    -171      0    171  0.75780395E+00  0.00000000E+00 0.5816E-13      5
  760   20     0    -170      0    170  0.76187157E+00  0.00000000E+00 0.2074E-12      6
  761   20     0    -169      0    169  0.76628470E+00  0.00000000E+00 0.1550E-12      6
  762   20     0    -168      0    168  0.77106281E+00  0.00000000E+00 0.1574E-12      6
  763   20     0    -167      0    167  0.77538053E+00  0.00000000E+00 0.1660E-12      5
  764   20     0    -166      0    166  0.77980622E+00  0.00000000E+00 0.1088E-12      5
  765   20     0    -165      0    165  0.78477893E+00  0.00000000E+00 0.9791E-13      5
  766   20     0    -164      0    164  0.78940769E+00  0.00000000E+00 0.3977E-12      6
  767   20     0    -163      0    163  0.79385962E+00  0.00000000E+00 0.2257E-12      5
  768   20     0    -162      0    162  0.79895929E+00  0.00000000E+00 0.3000E-12      6
  769   20     0    -161      0    161  0.80392265E+00  0.00000000E+00 0.2338E-12      6
  770   20     0    -160      0    160  0.80846700E+00  0.00000000E+00 0.1114E-12      5
  771   20     0    -159      0    159  0.81363470E+00  0.00000000E+00 0.1475E-12      6
  772   20     0    -158      0    158  0.81891318E+00  0.00000000E+00 0.7109E-13      6
  773   20     0    -157      0    157  0.82363351E+00  0.00000000E+00 0.5964E-12      5
  774   20     0    -156      0    156  0.82885175E+00  0.00000000E+00 0.1729E-12      6
  775   20     0    -155      0    155  0.83445027E+00  0.00000000E+00 0.2323E-12      6
  776   20     0    -154      0    154  0.83945055E+00  0.00000000E+00 0.8126E-13      5
  777   20     0    -153      0    153  0.84467172E+00  0.00000000E+00 0.1138E-12      5
  778   20     0    -152      0    152  0.85052227E+00  0.00000000E+00 0.1705E-12      6
  779   20     0    -151      0    151  0.85587362E+00  0.00000000E+00 0.1091E-12      6
  780   20     0    -150      0    150  0.86112394E+00  0.00000000E+00 0.3528E-12      5
  781   20     0    -149      0    149  0.86719025E+00  0.00000000E+00 0.1621E-12      6
  782   20     0    -148      0    148  0.87297519E+00  0.00000000E+00 0.1981E-13      6
  783   20     0    -147      0    147  0.87829302E+00  0.00000000E+00 0.6996E-13      5
  784   20     0    -146      0    146  0.88447674E+00  0.00000000E+00 0.7169E-13      6
  785   20     0    -145      0    145  0.89069716E+00  0.00000000E+00 0.2142E-13      5
  786   20     0    -144      0    144  0.89620433E+00  0.00000000E+00 0.2823E-12      5
  787   20     0    -143      0    143  0.90245354E+00  0.00000000E+00 0.2335E-12      6
  788   20     0    -142      0    142  0.90908304E+00  0.00000000E+00 0.4572E-13      6
  789   20     0    -141      0    141  0.91487578E+00  0.00000000E+00 0.1028E-12      6
  790   20     0    -140      0    140  0.92113855E+00  0.00000000E+00 0.2080E-12      5
  791   20     0    -139      0    139  0.92814598E+00  0.00000000E+00 0.1115E-12      6
  792   20     0    -138      0    138  0.93439027E+00  0.00000000E+00 0.5991E-13      6
  793   20     0    -137      0    137  0.94065991E+00  0.00000000E+00 0.8363E-13      5
  794   20     0    -136      0    136  0.94796044E+00  0.00000000E+00 0.2939E-12      6
  795   20     0    -135      0    135  0.95473636E+00  0.00000000E+00 0.1751E-12      6
  796   20     0    -134      0    134  0.96104495E+00  0.00000000E+00 0.3452E-13      6
  797   20     0    -133      0    133  0.96855101E+00  0.00000000E+00 0.9592E-13      5
  798   20     0    -132      0    132  0.97593063E+00  0.00000000E+00 0.2178E-12      6
  799   20     0    -131      0    131  0.98239423E+00  0.00000000E+00 0.1723E-12      5
  800   20     0    -130      0    130  0.98998197E+00  0.00000000E+00 0.1322E-12      6
  801   20     0    -129      0    129  0.99795299E+00  0.00000000E+00 0.1149E-13      6
  802   20     0    -128      0    128  0.10047781E+01  0.00000000E+00 0.3779E-13      5
  803   20     0    -127      0    127  0.10123540E+01  0.00000000E+00 0.5763E-12      5
  804   20     0    -126      0    126  0.10208526E+01  0.00000000E+00 0.1475E-13      6
  805   20     0    -125      0    125  0.10282656E+01  0.00000000E+00 0.1212E-12      6
  806   20     0    -124      0    124  0.10357672E+01  0.00000000E+00 0.4772E-13      6
  807   20     0    -123      0    123  0.10446450E+01  0.00000000E+00 0.4905E-13      6
  808   20     0    -122      0    122  0.10527946E+01  0.00000000E+00 0.3138E-12      6
  809   20     0    -121      0    121  0.10603009E+01  0.00000000E+00 0.2339E-12      6
  810   20     0    -120      0    120  0.10694084E+01  0.00000000E+00 0.1761E-12      6
  811   20     0    -119      0    119  0.10783697E+01  0.00000000E+00 0.4229E-14      6
  812   20     0    -118      0    118  0.10860747E+01  0.00000000E+00 0.5266E-13      6
  813   20     0    -117      0    117  0.10952405E+01  0.00000000E+00 0.2341E-12      6
  814   20     0    -116      0    116  0.11050168E+01  0.00000000E+00 0.2185E-12      6
  815   20     0    -115      0    115  0.11132553E+01  0.00000000E+00 0.1114E-12      5
  816   20     0    -114      0    114  0.11222529E+01  0.00000000E+00 0.1439E-13      5
  817   20     0    -113      0    113  0.11326746E+01  0.00000000E+00 0.1095E-13      5
  818   20     0    -112      0    112  0.11418799E+01  0.00000000E+00 0.1632E-12      6
  819   20     0    -111      0    111  0.11506951E+01  0.00000000E+00 0.1991E-12      6
  820   20     0    -110      0    110  0.11614863E+01  0.00000000E+00 0.1037E-12      6
  821   20     0    -109      0    109  0.11718566E+01  0.00000000E+00 0.9572E-13      6
  822   20     0    -108      0    108  0.11807979E+01  0.00000000E+00 0.4177E-13      6
  823   20     0    -107      0    107  0.11916777E+01  0.00000000E+00 0.1958E-12      5
  824   20     0    -106      0    106  0.12032009E+01  0.00000000E+00 0.6816E-13      6
  825   20     0    -105      0    105  0.12128127E+01  0.00000000E+00 0.2983E-12      5
  826   20     0    -104      0    104  0.12235149E+01  0.00000000E+00 0.1709E-12      6
  827   20     0    -103      0    103  0.12359888E+01  0.00000000E+00 0.9139E-13      6
  828   20     0    -102      0    102  0.12468764E+01  0.00000000E+00 0.1680E-12      6
  829   20     0    -101      0    101  0.12573712E+01  0.00000000E+00 0.2265E-12      6
  830   20     0    -100      0    100  0.12704718E+01  0.00000000E+00 0.1687E-12      6
  831   20     0     -99      0     99  0.12829390E+01  0.00000000E+00 0.2470E-12      6
  832   20     0     -98      0     98  0.12935619E+01  0.00000000E+00 0.2006E-12      6
  833   20     0     -97      0     97  0.13068923E+01  0.00000000E+00 0.9992E-13      5
  834   20     0     -96      0     96  0.13209110E+01  0.00000000E+00 0.2164E-12      6
  835   20     0     -95      0     95  0.13323433E+01  0.00000000E+00 0.2432E-13      6
  836   20     0     -94      0     94  0.13455191E+01  0.00000000E+00 0.2282E-12      6
  837   20     0     -93      0     93  0.13608323E+01  0.00000000E+00 0.1266E-12      6
  838   20     0     -92      0     92  0.13738409E+01  0.00000000E+00 0.1098E-12      6
  839   20     0     -91      0     91  0.13867096E+01  0.00000000E+00 0.4869E-13      6
  840   20     0     -90      0     90  0.14029329E+01  0.00000000E+00 0.1114E-12      6
  841   20     0     -89      0     89  0.14180208E+01  0.00000000E+00 0.1210E-12      6
  842   20     0     -88      0     88  0.14308836E+01  0.00000000E+00 0.1532E-13      6
  843   20     0     -87      0     87  0.14474989E+01  0.00000000E+00 0.1191E-12      5
  844   20     0     -86      0     86  0.14647243E+01  0.00000000E+00 0.1322E-12      6
  845   20     0     -85      0     85  0.14784872E+01  0.00000000E+00 0.4655E-13      6
  846   20     0     -84      0     84  0.14949586E+01  0.00000000E+00 0.3325E-13      6
  847   20     0     -83      0     83  0.15140226E+01  0.00000000E+00 0.5050E-13      6
  848   20     0     -82      0     82  0.15297666E+01  0.00000000E+00 0.1889E-12      5
  849   20     0     -81      0     81  0.15457584E+01  0.00000000E+00 0.5088E-13      6
  850   20     0     -80      0     80  0.15661396E+01  0.00000000E+00 0.5313E-13      6
  851   20     0     -79      0     79  0.15845962E+01  0.00000000E+00 0.4958E-14      6
  852   20     0     -78      0     78  0.16003427E+01  0.00000000E+00 0.2681E-13      6
  853   20     0     -77      0     77  0.16213621E+01  0.00000000E+00 0.1742E-13      6
  854   20     0     -76      0     76  0.16427176E+01  0.00000000E+00 0.1496E-12      5
  855   20     0     -75      0     75  0.16593184E+01  0.00000000E+00 0.1989E-12      6
  856   20     0     -74      0     74  0.16801831E+01  0.00000000E+00 0.5640E-13      5
  857   20     0     -73      0     73  0.17040777E+01  0.00000000E+00 0.1883E-12      6
  Time elapsed :      6.153 s

Mode Search
-----------

Mode parameters
   l : 21
   m : 0

Building frequency grid (REAL axis)
   added scan interval :  0.5202E+00 ->  0.2105E+01 (3000 points, INVERSE)

Building spatial grid
   Scaffold grid from model
   Split 378 subinterval(s) in iteration 1
   Split 30 subinterval(s) in iteration 2
   Split 0 subinterval(s) in iteration 3
   Final grid has 1 segment(s) and 7522 point(s):
      Segment 1 : x range 0.0000 -> 1.0012 (1 -> 7522)

Starting search (adiabatic)

Scanning frequencies
  Time elapsed :     1.737 s

Finding roots
  Time elapsed :      0.522 s

Processing modes
   id    l     m    n_pg    n_p    n_g       Re(omega)       Im(omega)        chi n_iter
  904   21     0    -231      0    231  0.59038591E+00  0.00000000E+00 0.6285E-12      6
  905   21     0    -230      0    230  0.59297783E+00  0.00000000E+00 0.6050E-13      5
  906   21     0    -229      0    229  0.59562177E+00  0.00000000E+00 0.7442E-12      6
  907   21     0    -228      0    228  0.59811565E+00  0.00000000E+00 0.2708E-12      5
  908   21     0    -227      0    227  0.60073271E+00  0.00000000E+00 0.4385E-12      6
  909   21     0    -226      0    226  0.60344239E+00  0.00000000E+00 0.5498E-13      6
  910   21     0    -225      0    225  0.60598594E+00  0.00000000E+00 0.2234E-12      5
  911   21     0    -224      0    224  0.60864404E+00  0.00000000E+00 0.4421E-12      5
  912   21     0    -223      0    223  0.61148814E+00  0.00000000E+00 0.2719E-12      6
  913   21     0    -222      0    222  0.61416160E+00  0.00000000E+00 0.5636E-12      6
  914   21     0    -221      0    221  0.61680654E+00  0.00000000E+00 0.2007E-12      5
  915   21     0    -220      0    220  0.61969989E+00  0.00000000E+00 0.5460E-12      6
  916   21     0    -219      0    219  0.62251719E+00  0.00000000E+00 0.1650E-12      6
  917   21     0    -218      0    218  0.62521874E+00  0.00000000E+00 0.2197E-12      6
  918   21     0    -217      0    217  0.62814853E+00  0.00000000E+00 0.1756E-12      6
  919   21     0    -216      0    216  0.63107766E+00  0.00000000E+00 0.5483E-12      5
  920   21     0    -215      0    215  0.63384336E+00  0.00000000E+00 0.2634E-12      6
  921   21     0    -214      0    214  0.63681712E+00  0.00000000E+00 0.2219E-13      6
  922   21     0    -213      0    213  0.63987048E+00  0.00000000E+00 0.2489E-12      6
  923   21     0    -212      0    212  0.64272142E+00  0.00000000E+00 0.3217E-12      6
  924   21     0    -211      0    211  0.64573118E+00  0.00000000E+00 0.4357E-13      6
  925   21     0    -210      0    210  0.64891812E+00  0.00000000E+00 0.3255E-12      6
  926   21     0    -209      0    209  0.65188283E+00  0.00000000E+00 0.2466E-12      6
  927   21     0    -208      0    208  0.65488139E+00  0.00000000E+00 0.2882E-12      6
  928   21     0    -207      0    207  0.65815139E+00  0.00000000E+00 0.5236E-13      5
  929   21     0    -206      0    206  0.66128337E+00  0.00000000E+00 0.8103E-13      6
  930   21     0    -205      0    205  0.66434508E+00  0.00000000E+00 0.1665E-12      6
  931   21     0    -204      0    204  0.66768513E+00  0.00000000E+00 0.1112E-12      5
  932   21     0    -203      0    203  0.67094983E+00  0.00000000E+00 0.2311E-12      6
  933   21     0    -202      0    202  0.67405537E+00  0.00000000E+00 0.1221E-12      6
  934   21     0    -201      0    201  0.67745998E+00  0.00000000E+00 0.2344E-12      6
  935   21     0    -200      0    200  0.68089483E+00  0.00000000E+00 0.2484E-12      6
  936   21     0    -199      0    199  0.68408345E+00  0.00000000E+00 0.2974E-12      6
  937   21     0    -198      0    198  0.68752212E+00  0.00000000E+00 0.2756E-12      6
  938   21     0    -197      0    197  0.69112014E+00  0.00000000E+00 0.2011E-12      6
  939   21     0    -196      0    196  0.69442629E+00  0.00000000E+00 0.1115E-12      6
  940   21     0    -195      0    195  0.69786514E+00  0.00000000E+00 0.8705E-13      6
  941   21     0    -194      0    194  0.70160230E+00  0.00000000E+00 0.3319E-12      5
  942   21     0    -193      0    193  0.70510155E+00  0.00000000E+00 0.2898E-12      6
  943   21     0    -192      0    192  0.70856408E+00  0.00000000E+00 0.1034E-13      5
  944   21     0    -191      0    191  0.71238897E+00  0.00000000E+00 0.2612E-12      6
  945   21     0    -190      0    190  0.71607085E+00  0.00000000E+00 0.6877E-13      6
  946   21     0    -189      0    189  0.71959637E+00  0.00000000E+00 0.2812E-12      5
  947   21     0    -188      0    188  0.72352580E+00  0.00000000E+00 0.1256E-12      6
  948   21     0    -187      0    187  0.72743288E+00  0.00000000E+00 0.1071E-12      6
  949   21     0    -186      0    186  0.73100619E+00  0.00000000E+00 0.1719E-12      5
  950   21     0    -185      0    185  0.73495478E+00  0.00000000E+00 0.1027E-12      5
  951   21     0    -184      0    184  0.73908791E+00  0.00000000E+00 0.5723E-13      6
  952   21     0    -183      0    183  0.74281768E+00  0.00000000E+00 0.3911E-12      5
  953   21     0    -182      0    182  0.74675205E+00  0.00000000E+00 0.1812E-12      6
  954   21     0    -181      0    181  0.75106266E+00  0.00000000E+00 0.2479E-13      6
  955   21     0    -180      0    180  0.75504083E+00  0.00000000E+00 0.1442E-12      5
  956   21     0    -179      0    179  0.75899463E+00  0.00000000E+00 0.6851E-12      5
  957   21     0    -178      0    178  0.76342541E+00  0.00000000E+00 0.4501E-14      6
  958   21     0    -177      0    177  0.76765099E+00  0.00000000E+00 0.8734E-13      6
  959   21     0    -176      0    176  0.77165429E+00  0.00000000E+00 0.1713E-12      5
  960   21     0    -175      0    175  0.77618575E+00  0.00000000E+00 0.1795E-12      6
  961   21     0    -174      0    174  0.78069698E+00  0.00000000E+00 0.1773E-13      6
  962   21     0    -173      0    173  0.78479028E+00  0.00000000E+00 0.2302E-12      5
  963   21     0    -172      0    172  0.78935426E+00  0.00000000E+00 0.4409E-13      6
  964   21     0    -171      0    171  0.79414468E+00  0.00000000E+00 0.4449E-13      6
  965   21     0    -170      0    170  0.79843396E+00  0.00000000E+00 0.6410E-13      6
  966   21     0    -169      0    169  0.80298731E+00  0.00000000E+00 0.1192E-12      5
  967   21     0    -168      0    168  0.80799912E+00  0.00000000E+00 0.1311E-14      6
  968   21     0    -167      0    167  0.81257442E+00  0.00000000E+00 0.4727E-12      6
  969   21     0    -166      0    166  0.81714484E+00  0.00000000E+00 0.6394E-13      5
  970   21     0    -165      0    165  0.82233225E+00  0.00000000E+00 0.1727E-12      6
  971   21     0    -164      0    164  0.82724534E+00  0.00000000E+00 0.3165E-12      6
  972   21     0    -163      0    163  0.83186394E+00  0.00000000E+00 0.1615E-12      5
  973   21     0    -162      0    162  0.83715445E+00  0.00000000E+00 0.7319E-13      6
  974   21     0    -161      0    161  0.84241359E+00  0.00000000E+00 0.3009E-12      6
  975   21     0    -160      0    160  0.84716331E+00  0.00000000E+00 0.8861E-12      5
  976   21     0    -159      0    159  0.85250013E+00  0.00000000E+00 0.1932E-12      6
  977   21     0    -158      0    158  0.85807276E+00  0.00000000E+00 0.1774E-12      6
  978   21     0    -157      0    157  0.86304385E+00  0.00000000E+00 0.2352E-13      6
  979   21     0    -156      0    156  0.86841677E+00  0.00000000E+00 0.6877E-13      6
  980   21     0    -155      0    155  0.87429694E+00  0.00000000E+00 0.1161E-12      6
  981   21     0    -154      0    154  0.87959808E+00  0.00000000E+00 0.2447E-12      6
  982   21     0    -153      0    153  0.88497300E+00  0.00000000E+00 0.1554E-12      5
  983   21     0    -152      0    152  0.89108171E+00  0.00000000E+00 0.3783E-13      5
  984   21     0    -151      0    151  0.89677239E+00  0.00000000E+00 0.4676E-13      6
  985   21     0    -150      0    150  0.90219586E+00  0.00000000E+00 0.1304E-12      5
  986   21     0    -149      0    149  0.90849031E+00  0.00000000E+00 0.4696E-13      6
  987   21     0    -148      0    148  0.91463848E+00  0.00000000E+00 0.5276E-13      6
  988   21     0    -147      0    147  0.92017551E+00  0.00000000E+00 0.5858E-12      5
  989   21     0    -146      0    146  0.92655212E+00  0.00000000E+00 0.1697E-12      5
  990   21     0    -145      0    145  0.93313727E+00  0.00000000E+00 0.3548E-13      6
  991   21     0    -144      0    144  0.93892711E+00  0.00000000E+00 0.6864E-13      6
  992   21     0    -143      0    143  0.94534167E+00  0.00000000E+00 0.7403E-13      6
  993   21     0    -142      0    142  0.95232187E+00  0.00000000E+00 0.1211E-12      6
  994   21     0    -141      0    141  0.95846659E+00  0.00000000E+00 0.1741E-12      6
  995   21     0    -140      0    140  0.96488023E+00  0.00000000E+00 0.2359E-14      5
  996   21     0    -139      0    139  0.97220893E+00  0.00000000E+00 0.1302E-12      6
  997   21     0    -138      0    138  0.97886858E+00  0.00000000E+00 0.9769E-13      6
  998   21     0    -137      0    137  0.98530587E+00  0.00000000E+00 0.3384E-13      6
  999   21     0    -136      0    136  0.99288418E+00  0.00000000E+00 0.7304E-13      6
 1000   21     0    -135      0    135  0.10001166E+01  0.00000000E+00 0.1352E-12      6
 1001   21     0    -134      0    134  0.10066453E+01  0.00000000E+00 0.3163E-12      5
 1002   21     0    -133      0    133  0.10143760E+01  0.00000000E+00 0.6702E-13      6
 1003   21     0    -132      0    132  0.10222232E+01  0.00000000E+00 0.3631E-12      6
 1004   21     0    -131      0    131  0.10290004E+01  0.00000000E+00 0.4271E-12      5
 1005   21     0    -130      0    130  0.10367578E+01  0.00000000E+00 0.1019E-12      5
 1006   21     0    -129      0    129  0.10451742E+01  0.00000000E+00 0.1124E-12      6
 1007   21     0    -128      0    128  0.10524273E+01  0.00000000E+00 0.2093E-12      6
 1008   21     0    -127      0    127  0.10601377E+01  0.00000000E+00 0.1908E-12      5
 1009   21     0    -126      0    126  0.10690304E+01  0.00000000E+00 0.2713E-13      6
 1010   21     0    -125      0    125  0.10769767E+01  0.00000000E+00 0.5561E-13      6
 1011   21     0    -124      0    124  0.10846270E+01  0.00000000E+00 0.1551E-12      5
 1012   21     0    -123      0    123  0.10938221E+01  0.00000000E+00 0.2700E-12      5
 1013   21     0    -122      0    122  0.11025646E+01  0.00000000E+00 0.1612E-12      6
 1014   21     0    -121      0    121  0.11103060E+01  0.00000000E+00 0.1537E-13      6
 1015   21     0    -120      0    120  0.11196378E+01  0.00000000E+00 0.1723E-13      6
 1016   21     0    -119      0    119  0.11291951E+01  0.00000000E+00 0.1797E-12      6
 1017   21     0    -118      0    118  0.11372944E+01  0.00000000E+00 0.3005E-12      6
 1018   21     0    -117      0    117  0.11465881E+01  0.00000000E+00 0.1481E-12      5
 1019   21     0    -116      0    116  0.11568998E+01  0.00000000E+00 0.8428E-13      6
 1020   21     0    -115      0    115  0.11657359E+01  0.00000000E+00 0.1000E-12      5
 1021   21     0    -114      0    114  0.11748095E+01  0.00000000E+00 0.2043E-13      6
 1022   21     0    -113      0    113  0.11856475E+01  0.00000000E+00 0.1836E-12      6
 1023   21     0    -112      0    112  0.11955934E+01  0.00000000E+00 0.1276E-13      6
 1024   21     0    -111      0    111  0.12045757E+01  0.00000000E+00 0.1113E-13      6
 1025   21     0    -110      0    110  0.12156199E+01  0.00000000E+00 0.7540E-14      6
 1026   21     0    -109      0    109  0.12267471E+01  0.00000000E+00 0.3197E-12      6
 1027   21     0    -108      0    108  0.12361102E+01  0.00000000E+00 0.2603E-12      5
 1028   21     0    -107      0    107  0.12470722E+01  0.00000000E+00 0.6179E-13      5
 1029   21     0    -106      0    106  0.12592565E+01  0.00000000E+00 0.3132E-13      6
 1030   21     0    -105      0    105  0.12696192E+01  0.00000000E+00 0.4474E-13      6
 1031   21     0    -104      0    104  0.12803142E+01  0.00000000E+00 0.4911E-15      5
 1032   21     0    -103      0    103  0.12932758E+01  0.00000000E+00 0.5743E-14      6
 1033   21     0    -102      0    102  0.13051384E+01  0.00000000E+00 0.9421E-13      6
 1034   21     0    -101      0    101  0.13157479E+01  0.00000000E+00 0.2163E-13      6
 1035   21     0    -100      0    100  0.13291032E+01  0.00000000E+00 0.8392E-13      6
 1036   21     0     -99      0     99  0.13425730E+01  0.00000000E+00 0.7024E-14      5
 1037   21     0     -98      0     98  0.13536734E+01  0.00000000E+00 0.2062E-12      6
 1038   21     0     -97      0     97  0.13670014E+01  0.00000000E+00 0.2057E-13      6
 1039   21     0     -96      0     96  0.13818819E+01  0.00000000E+00 0.1165E-12      6
 1040   21     0     -95      0     95  0.13942624E+01  0.00000000E+00 0.2345E-12      5
 1041   21     0     -94      0     94  0.14072782E+01  0.00000000E+00 0.1468E-12      5
 1042   21     0     -93      0     93  0.14232063E+01  0.00000000E+00 0.2388E-12      6
 1043   21     0     -92      0     92  0.14375050E+01  0.00000000E+00 0.5589E-14      6
 1044   21     0     -91      0     91  0.14503368E+01  0.00000000E+00 0.3419E-13      6
 1045   21     0     -90      0     90  0.14668387E+01  0.00000000E+00 0.2879E-13      6
 1046   21     0     -89      0     89  0.14832773E+01  0.00000000E+00 0.8597E-15      6
 1047   21     0     -88      0     88  0.14966113E+01  0.00000000E+00 0.7937E-13      6
 1048   21     0     -87      0     87  0.15131092E+01  0.00000000E+00 0.1407E-13      5
 1049   21     0     -86      0     86  0.15314803E+01  0.00000000E+00 0.1044E-12      6
 1050   21     0     -85      0     85  0.15464339E+01  0.00000000E+00 0.3128E-12      5
 1051   21     0     -84      0     84  0.15624955E+01  0.00000000E+00 0.9960E-13      6
 1052   21     0     -83      0     83  0.15823352E+01  0.00000000E+00 0.3489E-13      6
 1053   21     0     -82      0     82  0.15998122E+01  0.00000000E+00 0.5842E-13      6
 1054   21     0     -81      0     81  0.16154815E+01  0.00000000E+00 0.2060E-13      6
 1055   21     0     -80      0     80  0.16361337E+01  0.00000000E+00 0.1504E-12      5
 1056   21     0     -79      0     79  0.16564366E+01  0.00000000E+00 0.2023E-13      6
 1057   21     0     -78      0     78  0.16725375E+01  0.00000000E+00 0.3774E-13      6
 1058   21     0     -77      0     77  0.16932114E+01  0.00000000E+00 0.1278E-12      6
 1059   21     0     -76      0     76  0.17161085E+01  0.00000000E+00 0.1467E-13      6
  Time elapsed :      6.570 s

Mode Search
-----------

Mode parameters
   l : 22
   m : 0

Building frequency grid (REAL axis)
   added scan interval :  0.5202E+00 ->  0.2105E+01 (3000 points, INVERSE)

Building spatial grid
   Scaffold grid from model
   Split 380 subinterval(s) in iteration 1
   Split 30 subinterval(s) in iteration 2
   Split 0 subinterval(s) in iteration 3
   Final grid has 1 segment(s) and 7524 point(s):
      Segment 1 : x range 0.0000 -> 1.0012 (1 -> 7524)

Starting search (adiabatic)

Scanning frequencies
  Time elapsed :     1.854 s

Finding roots
  Time elapsed :      0.560 s

Processing modes
   id    l     m    n_pg    n_p    n_g       Re(omega)       Im(omega)        chi n_iter
 1107   22     0    -242      0    242  0.58987408E+00  0.00000000E+00 0.7591E-12      6
 1108   22     0    -241      0    241  0.59222468E+00  0.00000000E+00 0.7226E-12      6
 1109   22     0    -240      0    240  0.59464674E+00  0.00000000E+00 0.3452E-12      6
 1110   22     0    -239      0    239  0.59719694E+00  0.00000000E+00 0.3887E-12      6
 1111   22     0    -238      0    238  0.59961874E+00  0.00000000E+00 0.2527E-12      6
 1112   22     0    -237      0    237  0.60206277E+00  0.00000000E+00 0.4617E-12      6
 1113   22     0    -236      0    236  0.60469641E+00  0.00000000E+00 0.2325E-12      6
 1114   22     0    -235      0    235  0.60723720E+00  0.00000000E+00 0.7595E-13      6
 1115   22     0    -234      0    234  0.60970737E+00  0.00000000E+00 0.2870E-12      6
 1116   22     0    -233      0    233  0.61239085E+00  0.00000000E+00 0.1138E-12      6
 1117   22     0    -232      0    232  0.61505877E+00  0.00000000E+00 0.8010E-13      6
 1118   22     0    -231      0    231  0.61757435E+00  0.00000000E+00 0.4192E-12      6
 1119   22     0    -230      0    230  0.62026837E+00  0.00000000E+00 0.3970E-12      6
 1120   22     0    -229      0    229  0.62304157E+00  0.00000000E+00 0.2316E-12      6
 1121   22     0    -228      0    228  0.62565407E+00  0.00000000E+00 0.4069E-12      6
 1122   22     0    -227      0    227  0.62837339E+00  0.00000000E+00 0.3324E-12      6
 1123   22     0    -226      0    226  0.63121221E+00  0.00000000E+00 0.1997E-13      6
 1124   22     0    -225      0    225  0.63388156E+00  0.00000000E+00 0.2332E-12      6
 1125   22     0    -224      0    224  0.63664057E+00  0.00000000E+00 0.2248E-12      6
 1126   22     0    -223      0    223  0.63961311E+00  0.00000000E+00 0.2937E-12      6
 1127   22     0    -222      0    222  0.64242681E+00  0.00000000E+00 0.7849E-12      5
 1128   22     0    -221      0    221  0.64517645E+00  0.00000000E+00 0.2556E-12      6
 1129   22     0    -220      0    220  0.64819033E+00  0.00000000E+00 0.1736E-12      6
 1130   22     0    -219      0    219  0.65115370E+00  0.00000000E+00 0.1590E-12      6
 1131   22     0    -218      0    218  0.65397151E+00  0.00000000E+00 0.7912E-12      5
 1132   22     0    -217      0    217  0.65701746E+00  0.00000000E+00 0.2099E-12      6
 1133   22     0    -216      0    216  0.66009489E+00  0.00000000E+00 0.3693E-13      6
 1134   22     0    -215      0    215  0.66298729E+00  0.00000000E+00 0.3655E-13      5
 1135   22     0    -214      0    214  0.66607444E+00  0.00000000E+00 0.8454E-13      6
 1136   22     0    -213      0    213  0.66927746E+00  0.00000000E+00 0.9286E-13      6
 1137   22     0    -212      0    212  0.67226789E+00  0.00000000E+00 0.4857E-13      6
 1138   22     0    -211      0    211  0.67538873E+00  0.00000000E+00 0.8991E-13      6
 1139   22     0    -210      0    210  0.67872315E+00  0.00000000E+00 0.5791E-13      6
 1140   22     0    -209      0    209  0.68184312E+00  0.00000000E+00 0.1817E-12      6
 1141   22     0    -208      0    208  0.68495406E+00  0.00000000E+00 0.1145E-12      6
 1142   22     0    -207      0    207  0.68836407E+00  0.00000000E+00 0.4978E-13      6
 1143   22     0    -206      0    206  0.69166105E+00  0.00000000E+00 0.1816E-12      6
 1144   22     0    -205      0    205  0.69484623E+00  0.00000000E+00 0.2048E-12      6
 1145   22     0    -204      0    204  0.69832080E+00  0.00000000E+00 0.5584E-13      6
 1146   22     0    -203      0    203  0.70175690E+00  0.00000000E+00 0.3672E-13      6
 1147   22     0    -202      0    202  0.70499626E+00  0.00000000E+00 0.3603E-13      6
 1148   22     0    -201      0    201  0.70852864E+00  0.00000000E+00 0.1585E-12      6
 1149   22     0    -200      0    200  0.71213889E+00  0.00000000E+00 0.3036E-13      6
 1150   22     0    -199      0    199  0.71547908E+00  0.00000000E+00 0.4161E-13      6
 1151   22     0    -198      0    198  0.71903916E+00  0.00000000E+00 0.3035E-12      6
 1152   22     0    -197      0    197  0.72281043E+00  0.00000000E+00 0.3740E-12      6
 1153   22     0    -196      0    196  0.72628919E+00  0.00000000E+00 0.2634E-12      6
 1154   22     0    -195      0    195  0.72984721E+00  0.00000000E+00 0.1742E-12      6
 1155   22     0    -194      0    194  0.73374916E+00  0.00000000E+00 0.9848E-13      6
 1156   22     0    -193      0    193  0.73743924E+00  0.00000000E+00 0.3524E-12      6
 1157   22     0    -192      0    192  0.74103065E+00  0.00000000E+00 0.5006E-12      6
 1158   22     0    -191      0    191  0.74500970E+00  0.00000000E+00 0.1111E-13      6
 1159   22     0    -190      0    190  0.74889283E+00  0.00000000E+00 0.3040E-13      6
 1160   22     0    -189      0    189  0.75256111E+00  0.00000000E+00 0.3188E-12      5
 1161   22     0    -188      0    188  0.75663391E+00  0.00000000E+00 0.3651E-12      6
 1162   22     0    -187      0    187  0.76075025E+00  0.00000000E+00 0.1934E-12      6
 1163   22     0    -186      0    186  0.76449112E+00  0.00000000E+00 0.4647E-13      5
 1164   22     0    -185      0    185  0.76856765E+00  0.00000000E+00 0.1190E-12      6
 1165   22     0    -184      0    184  0.77290548E+00  0.00000000E+00 0.3577E-12      6
 1166   22     0    -183      0    183  0.77683586E+00  0.00000000E+00 0.1232E-13      5
 1167   22     0    -182      0    182  0.78089337E+00  0.00000000E+00 0.1605E-12      5
 1168   22     0    -181      0    181  0.78539487E+00  0.00000000E+00 0.1953E-12      6
 1169   22     0    -180      0    180  0.78959953E+00  0.00000000E+00 0.1522E-12      6
 1170   22     0    -179      0    179  0.79368903E+00  0.00000000E+00 0.7878E-14      5
 1171   22     0    -178      0    178  0.79829372E+00  0.00000000E+00 0.8570E-13      6
 1172   22     0    -177      0    177  0.80276084E+00  0.00000000E+00 0.2002E-12      6
 1173   22     0    -176      0    176  0.80692162E+00  0.00000000E+00 0.7438E-12      5
 1174   22     0    -175      0    175  0.81160892E+00  0.00000000E+00 0.3502E-12      6
 1175   22     0    -174      0    174  0.81636800E+00  0.00000000E+00 0.1944E-12      6
 1176   22     0    -173      0    173  0.82065479E+00  0.00000000E+00 0.3198E-12      6
 1177   22     0    -172      0    172  0.82535618E+00  0.00000000E+00 0.5414E-12      5
 1178   22     0    -171      0    171  0.83038664E+00  0.00000000E+00 0.1022E-12      6
 1179   22     0    -170      0    170  0.83491240E+00  0.00000000E+00 0.3847E-13      6
 1180   22     0    -169      0    169  0.83959661E+00  0.00000000E+00 0.5629E-12      5
 1181   22     0    -168      0    168  0.84483019E+00  0.00000000E+00 0.3933E-12      6
 1182   22     0    -167      0    167  0.84967591E+00  0.00000000E+00 0.6266E-15      6
 1183   22     0    -166      0    166  0.85438968E+00  0.00000000E+00 0.1950E-12      5
 1184   22     0    -165      0    165  0.85977512E+00  0.00000000E+00 0.9449E-13      6
 1185   22     0    -164      0    164  0.86497969E+00  0.00000000E+00 0.2619E-12      6
 1186   22     0    -163      0    163  0.86977360E+00  0.00000000E+00 0.1395E-12      5
 1187   22     0    -162      0    162  0.87523532E+00  0.00000000E+00 0.1364E-13      6
 1188   22     0    -161      0    161  0.88078975E+00  0.00000000E+00 0.2607E-13      6
 1189   22     0    -160      0    160  0.88576170E+00  0.00000000E+00 0.5489E-13      5
 1190   22     0    -159      0    159  0.89124859E+00  0.00000000E+00 0.2952E-13      6
 1191   22     0    -158      0    158  0.89710720E+00  0.00000000E+00 0.2520E-12      6
 1192   22     0    -157      0    157  0.90234976E+00  0.00000000E+00 0.4385E-12      5
 1193   22     0    -156      0    156  0.90786305E+00  0.00000000E+00 0.1699E-12      5
 1194   22     0    -155      0    155  0.91400924E+00  0.00000000E+00 0.1822E-12      6
 1195   22     0    -154      0    154  0.91963041E+00  0.00000000E+00 0.1551E-12      6
 1196   22     0    -153      0    153  0.92515514E+00  0.00000000E+00 0.6269E-12      5
 1197   22     0    -152      0    152  0.93149953E+00  0.00000000E+00 0.1944E-12      6
 1198   22     0    -151      0    151  0.93754187E+00  0.00000000E+00 0.1947E-12      6
 1199   22     0    -150      0    150  0.94314782E+00  0.00000000E+00 0.2841E-12      5
 1200   22     0    -149      0    149  0.94964282E+00  0.00000000E+00 0.1158E-12      6
 1201   22     0    -148      0    148  0.95615574E+00  0.00000000E+00 0.5903E-15      6
 1202   22     0    -147      0    147  0.96193544E+00  0.00000000E+00 0.1389E-12      5
 1203   22     0    -146      0    146  0.96847573E+00  0.00000000E+00 0.5863E-12      5
 1204   22     0    -145      0    145  0.97541544E+00  0.00000000E+00 0.1407E-12      6
 1205   22     0    -144      0    144  0.98151956E+00  0.00000000E+00 0.2089E-12      6
 1206   22     0    -143      0    143  0.98807542E+00  0.00000000E+00 0.5205E-12      5
 1207   22     0    -142      0    142  0.99538491E+00  0.00000000E+00 0.2008E-13      6
 1208   22     0    -141      0    141  0.10019138E+01  0.00000000E+00 0.2913E-13      6
 1209   22     0    -140      0    140  0.10084666E+01  0.00000000E+00 0.9765E-13      5
 1210   22     0    -139      0    139  0.10160847E+01  0.00000000E+00 0.1399E-12      6
 1211   22     0    -138      0    138  0.10231827E+01  0.00000000E+00 0.1824E-12      6
 1212   22     0    -137      0    137  0.10297972E+01  0.00000000E+00 0.2185E-12      5
 1213   22     0    -136      0    136  0.10376123E+01  0.00000000E+00 0.3029E-12      6
 1214   22     0    -135      0    135  0.10453081E+01  0.00000000E+00 0.7439E-13      6
 1215   22     0    -134      0    134  0.10520903E+01  0.00000000E+00 0.2974E-12      5
 1216   22     0    -133      0    133  0.10599997E+01  0.00000000E+00 0.1796E-12      6
 1217   22     0    -132      0    132  0.10683016E+01  0.00000000E+00 0.1982E-12      6
 1218   22     0    -131      0    131  0.10754444E+01  0.00000000E+00 0.4268E-12      5
 1219   22     0    -130      0    130  0.10833296E+01  0.00000000E+00 0.4117E-12      5
 1220   22     0    -129      0    129  0.10921592E+01  0.00000000E+00 0.6020E-13      6
 1221   22     0    -128      0    128  0.10998951E+01  0.00000000E+00 0.9630E-14      6
 1222   22     0    -127      0    127  0.11077191E+01  0.00000000E+00 0.1777E-12      6
 1223   22     0    -126      0    126  0.11169550E+01  0.00000000E+00 0.1552E-12      6
 1224   22     0    -125      0    125  0.11254720E+01  0.00000000E+00 0.1205E-12      6
 1225   22     0    -124      0    124  0.11332898E+01  0.00000000E+00 0.5991E-14      5
 1226   22     0    -123      0    123  0.11427344E+01  0.00000000E+00 0.2233E-12      6
 1227   22     0    -122      0    122  0.11520752E+01  0.00000000E+00 0.1607E-13      6
 1228   22     0    -121      0    121  0.11601168E+01  0.00000000E+00 0.7759E-13      6
 1229   22     0    -120      0    120  0.11695964E+01  0.00000000E+00 0.2710E-13      5
 1230   22     0    -119      0    119  0.11797182E+01  0.00000000E+00 0.4030E-13      6
 1231   22     0    -118      0    118  0.11883078E+01  0.00000000E+00 0.8582E-13      5
 1232   22     0    -117      0    117  0.11976670E+01  0.00000000E+00 0.9131E-13      5
 1233   22     0    -116      0    116  0.12084476E+01  0.00000000E+00 0.1214E-12      6
 1234   22     0    -115      0    115  0.12179656E+01  0.00000000E+00 0.1258E-13      6
 1235   22     0    -114      0    114  0.12271110E+01  0.00000000E+00 0.1285E-12      6
 1236   22     0    -113      0    113  0.12382667E+01  0.00000000E+00 0.4570E-13      5
 1237   22     0    -112      0    112  0.12489771E+01  0.00000000E+00 0.8791E-14      6
 1238   22     0    -111      0    111  0.12582180E+01  0.00000000E+00 0.2008E-12      6
 1239   22     0    -110      0    110  0.12693934E+01  0.00000000E+00 0.1305E-14      5
 1240   22     0    -109      0    109  0.12812282E+01  0.00000000E+00 0.1731E-12      6
 1241   22     0    -108      0    108  0.12911731E+01  0.00000000E+00 0.5823E-13      6
 1242   22     0    -107      0    107  0.13021178E+01  0.00000000E+00 0.8659E-13      5
 1243   22     0    -106      0    106  0.13148555E+01  0.00000000E+00 0.6345E-13      6
 1244   22     0    -105      0    105  0.13261041E+01  0.00000000E+00 0.1099E-12      6
 1245   22     0    -104      0    104  0.13367971E+01  0.00000000E+00 0.2106E-13      6
 1246   22     0    -103      0    103  0.13500894E+01  0.00000000E+00 0.1419E-13      6
 1247   22     0    -102      0    102  0.13629547E+01  0.00000000E+00 0.1822E-12      6
 1248   22     0    -101      0    101  0.13738440E+01  0.00000000E+00 0.6470E-13      6
 1249   22     0    -100      0    100  0.13872603E+01  0.00000000E+00 0.1832E-12      5
 1250   22     0     -99      0     99  0.14016422E+01  0.00000000E+00 0.2439E-14      6
 1251   22     0     -98      0     98  0.14134918E+01  0.00000000E+00 0.9739E-13      6
 1252   22     0     -97      0     97  0.14266549E+01  0.00000000E+00 0.1775E-12      5
 1253   22     0     -96      0     96  0.14422212E+01  0.00000000E+00 0.8160E-13      6
 1254   22     0     -95      0     95  0.14557774E+01  0.00000000E+00 0.1256E-12      5
 1255   22     0     -94      0     94  0.14686306E+01  0.00000000E+00 0.3551E-12      6
 1256   22     0     -93      0     93  0.14849280E+01  0.00000000E+00 0.3765E-13      5
 1257   22     0     -92      0     92  0.15005679E+01  0.00000000E+00 0.2258E-12      6
 1258   22     0     -91      0     91  0.15136192E+01  0.00000000E+00 0.3119E-13      6
 1259   22     0     -90      0     90  0.15300950E+01  0.00000000E+00 0.1129E-12      5
 1260   22     0     -89      0     89  0.15477374E+01  0.00000000E+00 0.6651E-14      6
 1261   22     0     -88      0     88  0.15619925E+01  0.00000000E+00 0.1896E-13      6
 1262   22     0     -87      0     87  0.15781036E+01  0.00000000E+00 0.1765E-12      6
 1263   22     0     -86      0     86  0.15973396E+01  0.00000000E+00 0.1501E-13      6
 1264   22     0     -85      0     85  0.16138630E+01  0.00000000E+00 0.3325E-13      6
 1265   22     0     -84      0     84  0.16294895E+01  0.00000000E+00 0.3258E-13      6
 1266   22     0     -83      0     83  0.16497167E+01  0.00000000E+00 0.3901E-13      6
 1267   22     0     -82      0     82  0.16690066E+01  0.00000000E+00 0.1193E-12      6
 1268   22     0     -81      0     81  0.16847571E+01  0.00000000E+00 0.1804E-12      6
 1269   22     0     -80      0     80  0.17051859E+01  0.00000000E+00 0.1444E-12      5
  Time elapsed :      6.835 s

Mode Search
-----------

Mode parameters
   l : 23
   m : 0

Building frequency grid (REAL axis)
   added scan interval :  0.5202E+00 ->  0.2105E+01 (3000 points, INVERSE)

Building spatial grid
   Scaffold grid from model
   Split 382 subinterval(s) in iteration 1
   Split 30 subinterval(s) in iteration 2
   Split 0 subinterval(s) in iteration 3
   Final grid has 1 segment(s) and 7526 point(s):
      Segment 1 : x range 0.0000 -> 1.0012 (1 -> 7526)

Starting search (adiabatic)

Scanning frequencies
  Time elapsed :     1.860 s

Finding roots
  Time elapsed :      0.586 s

Processing modes
   id    l     m    n_pg    n_p    n_g       Re(omega)       Im(omega)        chi n_iter
 1320   23     0    -252      0    252  0.59158302E+00  0.00000000E+00 0.4207E-12      6
 1321   23     0    -251      0    251  0.59389676E+00  0.00000000E+00 0.4189E-12      6
 1322   23     0    -250      0    250  0.59616016E+00  0.00000000E+00 0.6784E-12      6
 1323   23     0    -249      0    249  0.59859961E+00  0.00000000E+00 0.2337E-12      6
 1324   23     0    -248      0    248  0.60102684E+00  0.00000000E+00 0.7281E-13      6
 1325   23     0    -247      0    247  0.60334757E+00  0.00000000E+00 0.6522E-12      5
 1326   23     0    -246      0    246  0.60581689E+00  0.00000000E+00 0.1392E-13      6
 1327   23     0    -245      0    245  0.60834316E+00  0.00000000E+00 0.2168E-12      6
 1328   23     0    -244      0    244  0.61074547E+00  0.00000000E+00 0.4464E-13      6
 1329   23     0    -243      0    243  0.61323696E+00  0.00000000E+00 0.6728E-12      6
 1330   23     0    -242      0    242  0.61582559E+00  0.00000000E+00 0.2051E-13      6
 1331   23     0    -241      0    241  0.61828599E+00  0.00000000E+00 0.6327E-12      5
 1332   23     0    -240      0    240  0.62079921E+00  0.00000000E+00 0.4525E-13      6
 1333   23     0    -239      0    239  0.62346052E+00  0.00000000E+00 0.2679E-12      6
 1334   23     0    -238      0    238  0.62599994E+00  0.00000000E+00 0.4652E-12      6
 1335   23     0    -237      0    237  0.62853663E+00  0.00000000E+00 0.2880E-13      6
 1336   23     0    -236      0    236  0.63127885E+00  0.00000000E+00 0.3098E-13      5
 1337   23     0    -235      0    235  0.63394568E+00  0.00000000E+00 0.3691E-12      6
 1338   23     0    -234      0    234  0.63651507E+00  0.00000000E+00 0.4072E-12      5
 1339   23     0    -233      0    233  0.63930169E+00  0.00000000E+00 0.1088E-12      6
 1340   23     0    -232      0    232  0.64209945E+00  0.00000000E+00 0.1239E-12      6
 1341   23     0    -231      0    231  0.64472549E+00  0.00000000E+00 0.8487E-13      6
 1342   23     0    -230      0    230  0.64751801E+00  0.00000000E+00 0.1840E-12      6
 1343   23     0    -229      0    229  0.65041949E+00  0.00000000E+00 0.1304E-12      6
 1344   23     0    -228      0    228  0.65315340E+00  0.00000000E+00 0.1629E-12      6
 1345   23     0    -227      0    227  0.65597225E+00  0.00000000E+00 0.2255E-12      6
 1346   23     0    -226      0    226  0.65893820E+00  0.00000000E+00 0.7402E-13      6
 1347   23     0    -225      0    225  0.66173654E+00  0.00000000E+00 0.5205E-14      6
 1348   23     0    -224      0    224  0.66459424E+00  0.00000000E+00 0.1925E-12      6
 1349   23     0    -223      0    223  0.66769181E+00  0.00000000E+00 0.1907E-12      5
 1350   23     0    -222      0    222  0.67064872E+00  0.00000000E+00 0.4065E-12      6
 1351   23     0    -221      0    221  0.67350331E+00  0.00000000E+00 0.3963E-12      6
 1352   23     0    -220      0    220  0.67663300E+00  0.00000000E+00 0.4184E-13      5
 1353   23     0    -219      0    219  0.67974369E+00  0.00000000E+00 0.9055E-13      5
 1354   23     0    -218      0    218  0.68268005E+00  0.00000000E+00 0.1555E-13      6
 1355   23     0    -217      0    217  0.68583741E+00  0.00000000E+00 0.2373E-12      6
 1356   23     0    -216      0    216  0.68906280E+00  0.00000000E+00 0.2992E-12      6
 1357   23     0    -215      0    215  0.69208538E+00  0.00000000E+00 0.2908E-12      6
 1358   23     0    -214      0    214  0.69528152E+00  0.00000000E+00 0.8000E-13      6
 1359   23     0    -213      0    213  0.69863222E+00  0.00000000E+00 0.3446E-12      6
 1360   23     0    -212      0    212  0.70176648E+00  0.00000000E+00 0.8286E-13      6
 1361   23     0    -211      0    211  0.70499503E+00  0.00000000E+00 0.8088E-13      6
 1362   23     0    -210      0    210  0.70847298E+00  0.00000000E+00 0.2154E-12      6
 1363   23     0    -209      0    209  0.71175256E+00  0.00000000E+00 0.1344E-12      6
 1364   23     0    -208      0    208  0.71497496E+00  0.00000000E+00 0.4636E-12      6
 1365   23     0    -207      0    207  0.71851926E+00  0.00000000E+00 0.2477E-12      6
 1366   23     0    -206      0    206  0.72198389E+00  0.00000000E+00 0.5108E-12      6
 1367   23     0    -205      0    205  0.72529430E+00  0.00000000E+00 0.4590E-12      6
 1368   23     0    -204      0    204  0.72889705E+00  0.00000000E+00 0.4863E-13      6
 1369   23     0    -203      0    203  0.73250536E+00  0.00000000E+00 0.1458E-12      6
 1370   23     0    -202      0    202  0.73588262E+00  0.00000000E+00 0.3015E-13      6
 1371   23     0    -201      0    201  0.73953602E+00  0.00000000E+00 0.1717E-12      6
 1372   23     0    -200      0    200  0.74332001E+00  0.00000000E+00 0.4920E-13      6
 1373   23     0    -199      0    199  0.74681796E+00  0.00000000E+00 0.1017E-12      6
 1374   23     0    -198      0    198  0.75049368E+00  0.00000000E+00 0.5167E-12      6
 1375   23     0    -197      0    197  0.75443366E+00  0.00000000E+00 0.6908E-13      6
 1376   23     0    -196      0    196  0.75809188E+00  0.00000000E+00 0.2025E-12      6
 1377   23     0    -195      0    195  0.76176615E+00  0.00000000E+00 0.3359E-12      6
 1378   23     0    -194      0    194  0.76582553E+00  0.00000000E+00 0.3730E-12      6
 1379   23     0    -193      0    193  0.76971149E+00  0.00000000E+00 0.1004E-12      6
 1380   23     0    -192      0    192  0.77343335E+00  0.00000000E+00 0.1833E-13      6
 1381   23     0    -191      0    191  0.77755736E+00  0.00000000E+00 0.3416E-12      6
 1382   23     0    -190      0    190  0.78164392E+00  0.00000000E+00 0.1075E-12      6
 1383   23     0    -189      0    189  0.78546045E+00  0.00000000E+00 0.6769E-13      6
 1384   23     0    -188      0    188  0.78966648E+00  0.00000000E+00 0.1765E-13      6
 1385   23     0    -187      0    187  0.79399025E+00  0.00000000E+00 0.4661E-12      6
 1386   23     0    -186      0    186  0.79790869E+00  0.00000000E+00 0.3655E-12      6
 1387   23     0    -185      0    185  0.80210373E+00  0.00000000E+00 0.1746E-12      5
 1388   23     0    -184      0    184  0.80663964E+00  0.00000000E+00 0.3232E-12      6
 1389   23     0    -183      0    183  0.81078167E+00  0.00000000E+00 0.1596E-12      6
 1390   23     0    -182      0    182  0.81495769E+00  0.00000000E+00 0.4979E-12      5
 1391   23     0    -181      0    181  0.81963921E+00  0.00000000E+00 0.2603E-13      6
 1392   23     0    -180      0    180  0.82407825E+00  0.00000000E+00 0.2479E-12      6
 1393   23     0    -179      0    179  0.82830609E+00  0.00000000E+00 0.3296E-12      5
 1394   23     0    -178      0    178  0.83307103E+00  0.00000000E+00 0.2766E-14      6
 1395   23     0    -177      0    177  0.83778262E+00  0.00000000E+00 0.5136E-13      6
 1396   23     0    -176      0    176  0.84211027E+00  0.00000000E+00 0.4277E-12      5
 1397   23     0    -175      0    175  0.84693864E+00  0.00000000E+00 0.1497E-12      6
 1398   23     0    -174      0    174  0.85194225E+00  0.00000000E+00 0.2961E-13      6
 1399   23     0    -173      0    173  0.85643757E+00  0.00000000E+00 0.9678E-13      5
 1400   23     0    -172      0    172  0.86126355E+00  0.00000000E+00 0.1715E-12      6
 1401   23     0    -171      0    171  0.86652422E+00  0.00000000E+00 0.1896E-12      6
 1402   23     0    -170      0    170  0.87130215E+00  0.00000000E+00 0.7397E-13      6
 1403   23     0    -169      0    169  0.87611131E+00  0.00000000E+00 0.6650E-12      5
 1404   23     0    -168      0    168  0.88155111E+00  0.00000000E+00 0.1153E-12      6
 1405   23     0    -167      0    167  0.88667844E+00  0.00000000E+00 0.9188E-13      6
 1406   23     0    -166      0    166  0.89153967E+00  0.00000000E+00 0.4227E-13      5
 1407   23     0    -165      0    165  0.89710343E+00  0.00000000E+00 0.2051E-12      6
 1408   23     0    -164      0    164  0.90260298E+00  0.00000000E+00 0.7109E-14      6
 1409   23     0    -163      0    163  0.90758688E+00  0.00000000E+00 0.8976E-12      5
 1410   23     0    -162      0    162  0.91319872E+00  0.00000000E+00 0.2108E-12      6
 1411   23     0    -161      0    161  0.91904316E+00  0.00000000E+00 0.1455E-12      6
 1412   23     0    -160      0    160  0.92425872E+00  0.00000000E+00 0.1425E-12      6
 1413   23     0    -159      0    159  0.92987790E+00  0.00000000E+00 0.1120E-12      5
 1414   23     0    -158      0    158  0.93600906E+00  0.00000000E+00 0.9307E-13      6
 1415   23     0    -157      0    157  0.94154541E+00  0.00000000E+00 0.1168E-12      6
 1416   23     0    -156      0    156  0.94718933E+00  0.00000000E+00 0.1535E-13      5
 1417   23     0    -155      0    155  0.95358074E+00  0.00000000E+00 0.1224E-12      6
 1418   23     0    -154      0    154  0.95953898E+00  0.00000000E+00 0.5683E-13      6
 1419   23     0    -153      0    153  0.96521747E+00  0.00000000E+00 0.5233E-13      5
 1420   23     0    -152      0    152  0.97177048E+00  0.00000000E+00 0.3876E-13      6
 1421   23     0    -151      0    151  0.97817155E+00  0.00000000E+00 0.7176E-13      6
 1422   23     0    -150      0    150  0.98397867E+00  0.00000000E+00 0.5100E-12      5
 1423   23     0    -149      0    149  0.99064376E+00  0.00000000E+00 0.5363E-13      6
 1424   23     0    -148      0    148  0.99751574E+00  0.00000000E+00 0.5777E-14      6
 1425   23     0    -147      0    147  0.10035695E+01  0.00000000E+00 0.2397E-12      5
 1426   23     0    -146      0    146  0.10102451E+01  0.00000000E+00 0.4433E-13      6
 1427   23     0    -145      0    145  0.10175212E+01  0.00000000E+00 0.3922E-12      5
 1428   23     0    -144      0    144  0.10239746E+01  0.00000000E+00 0.2969E-12      6
 1429   23     0    -143      0    143  0.10306539E+01  0.00000000E+00 0.2492E-12      5
 1430   23     0    -142      0    142  0.10382632E+01  0.00000000E+00 0.8456E-13      6
 1431   23     0    -141      0    141  0.10452059E+01  0.00000000E+00 0.2663E-13      6
 1432   23     0    -140      0    140  0.10518983E+01  0.00000000E+00 0.4688E-13      6
 1433   23     0    -139      0    139  0.10597661E+01  0.00000000E+00 0.1688E-12      6
 1434   23     0    -138      0    138  0.10673175E+01  0.00000000E+00 0.9894E-13      5
 1435   23     0    -137      0    137  0.10741349E+01  0.00000000E+00 0.2168E-12      5
 1436   23     0    -136      0    136  0.10821400E+01  0.00000000E+00 0.3604E-12      6
 1437   23     0    -135      0    135  0.10902941E+01  0.00000000E+00 0.2987E-12      6
 1438   23     0    -134      0    134  0.10973785E+01  0.00000000E+00 0.3924E-12      5
 1439   23     0    -133      0    133  0.11054195E+01  0.00000000E+00 0.1154E-12      5
 1440   23     0    -132      0    132  0.11141501E+01  0.00000000E+00 0.3846E-13      6
 1441   23     0    -131      0    131  0.11217181E+01  0.00000000E+00 0.1851E-12      6
 1442   23     0    -130      0    130  0.11296983E+01  0.00000000E+00 0.2855E-12      5
 1443   23     0    -129      0    129  0.11388955E+01  0.00000000E+00 0.3533E-13      5
 1444   23     0    -128      0    128  0.11471644E+01  0.00000000E+00 0.7353E-13      6
 1445   23     0    -127      0    127  0.11551023E+01  0.00000000E+00 0.3048E-12      6
 1446   23     0    -126      0    126  0.11646177E+01  0.00000000E+00 0.2381E-14      6
 1447   23     0    -125      0    125  0.11737260E+01  0.00000000E+00 0.1727E-12      5
 1448   23     0    -124      0    124  0.11817609E+01  0.00000000E+00 0.1209E-12      5
 1449   23     0    -123      0    123  0.11913773E+01  0.00000000E+00 0.8786E-13      6
 1450   23     0    -122      0    122  0.12012988E+01  0.00000000E+00 0.5515E-13      6
 1451   23     0    -121      0    121  0.12097322E+01  0.00000000E+00 0.3870E-13      6
 1452   23     0    -120      0    120  0.12192851E+01  0.00000000E+00 0.2864E-14      5
 1453   23     0    -119      0    119  0.12299163E+01  0.00000000E+00 0.5870E-13      6
 1454   23     0    -118      0    118  0.12390978E+01  0.00000000E+00 0.1053E-12      6
 1455   23     0    -117      0    117  0.12484853E+01  0.00000000E+00 0.7727E-13      6
 1456   23     0    -116      0    116  0.12596463E+01  0.00000000E+00 0.8038E-13      6
 1457   23     0    -115      0    115  0.12699061E+01  0.00000000E+00 0.1499E-12      6
 1458   23     0    -114      0    114  0.12791720E+01  0.00000000E+00 0.2222E-12      6
 1459   23     0    -113      0    113  0.12905265E+01  0.00000000E+00 0.1853E-12      6
 1460   23     0    -112      0    112  0.13019829E+01  0.00000000E+00 0.1986E-12      6
 1461   23     0    -111      0    111  0.13116283E+01  0.00000000E+00 0.1893E-12      6
 1462   23     0    -110      0    110  0.13228117E+01  0.00000000E+00 0.8757E-14      5
 1463   23     0    -109      0    109  0.13352647E+01  0.00000000E+00 0.1627E-13      6
 1464   23     0    -108      0    108  0.13459586E+01  0.00000000E+00 0.1551E-12      5
 1465   23     0    -107      0    107  0.13568344E+01  0.00000000E+00 0.5794E-13      6
 1466   23     0    -106      0    106  0.13699832E+01  0.00000000E+00 0.1381E-12      6
 1467   23     0    -105      0    105  0.13821993E+01  0.00000000E+00 0.1201E-12      6
 1468   23     0    -104      0    104  0.13929952E+01  0.00000000E+00 0.8943E-13      6
 1469   23     0    -103      0    103  0.14064301E+01  0.00000000E+00 0.3497E-12      5
 1470   23     0    -102      0    102  0.14202466E+01  0.00000000E+00 0.2433E-12      6
 1471   23     0    -101      0    101  0.14316724E+01  0.00000000E+00 0.1809E-12      5
 1472   23     0    -100      0    100  0.14449596E+01  0.00000000E+00 0.5376E-13      6
 1473   23     0     -99      0     99  0.14600966E+01  0.00000000E+00 0.1330E-12      6
 1474   23     0     -98      0     98  0.14729679E+01  0.00000000E+00 0.2900E-12      6
 1475   23     0     -97      0     97  0.14858933E+01  0.00000000E+00 0.1531E-13      6
 1476   23     0     -96      0     96  0.15019153E+01  0.00000000E+00 0.5256E-13      6
 1477   23     0     -95      0     95  0.15167709E+01  0.00000000E+00 0.7156E-13      6
 1478   23     0     -94      0     94  0.15296372E+01  0.00000000E+00 0.1188E-12      6
 1479   23     0     -93      0     93  0.15460069E+01  0.00000000E+00 0.1685E-12      5
 1480   23     0     -92      0     92  0.15628963E+01  0.00000000E+00 0.4108E-13      6
 1481   23     0     -91      0     91  0.15765894E+01  0.00000000E+00 0.2158E-12      6
 1482   23     0     -90      0     90  0.15927368E+01  0.00000000E+00 0.9334E-13      6
 1483   23     0     -89      0     89  0.16113282E+01  0.00000000E+00 0.9252E-13      6
 1484   23     0     -88      0     88  0.16269493E+01  0.00000000E+00 0.7252E-13      5
 1485   23     0     -87      0     87  0.16425568E+01  0.00000000E+00 0.6363E-14      6
 1486   23     0     -86      0     86  0.16622950E+01  0.00000000E+00 0.6842E-13      6
 1487   23     0     -85      0     85  0.16805699E+01  0.00000000E+00 0.6035E-13      6
 1488   23     0     -84      0     84  0.16960491E+01  0.00000000E+00 0.1011E-12      6
 1489   23     0     -83      0     83  0.17161920E+01  0.00000000E+00 0.7860E-13      5
  Time elapsed :      7.207 s

Mode Search
-----------

Mode parameters
   l : 24
   m : 0

Building frequency grid (REAL axis)
   added scan interval :  0.5202E+00 ->  0.2105E+01 (3000 points, INVERSE)

Building spatial grid
   Scaffold grid from model
   Split 384 subinterval(s) in iteration 1
   Split 30 subinterval(s) in iteration 2
   Split 0 subinterval(s) in iteration 3
   Final grid has 1 segment(s) and 7528 point(s):
      Segment 1 : x range 0.0000 -> 1.0012 (1 -> 7528)

Starting search (adiabatic)

Scanning frequencies
  Time elapsed :     1.755 s

Finding roots
  Time elapsed :      0.599 s

Processing modes
   id    l     m    n_pg    n_p    n_g       Re(omega)       Im(omega)        chi n_iter
 1543   24     0    -263      0    263  0.59088650E+00  0.00000000E+00 0.2091E-12      6
 1544   24     0    -262      0    262  0.59311524E+00  0.00000000E+00 0.7000E-13      6
 1545   24     0    -261      0    261  0.59540076E+00  0.00000000E+00 0.7895E-13      6
 1546   24     0    -260      0    260  0.59760898E+00  0.00000000E+00 0.5619E-12      6
 1547   24     0    -259      0    259  0.59991754E+00  0.00000000E+00 0.4867E-12      6
 1548   24     0    -258      0    258  0.60229901E+00  0.00000000E+00 0.5475E-12      6
 1549   24     0    -257      0    257  0.60457427E+00  0.00000000E+00 0.3437E-13      5
 1550   24     0    -256      0    256  0.60690012E+00  0.00000000E+00 0.2450E-12      6
 1551   24     0    -255      0    255  0.60934956E+00  0.00000000E+00 0.5681E-12      6
 1552   24     0    -254      0    254  0.61169679E+00  0.00000000E+00 0.2910E-12      6
 1553   24     0    -253      0    253  0.61401662E+00  0.00000000E+00 0.2102E-12      6
 1554   24     0    -252      0    252  0.61649527E+00  0.00000000E+00 0.2904E-12      6
 1555   24     0    -251      0    251  0.61891715E+00  0.00000000E+00 0.1097E-12      6
 1556   24     0    -250      0    250  0.62126823E+00  0.00000000E+00 0.3401E-12      6
 1557   24     0    -249      0    249  0.62379923E+00  0.00000000E+00 0.1369E-12      6
 1558   24     0    -248      0    248  0.62633867E+00  0.00000000E+00 0.4470E-12      6
 1559   24     0    -247      0    247  0.62875611E+00  0.00000000E+00 0.4533E-13      6
 1560   24     0    -246      0    246  0.63131440E+00  0.00000000E+00 0.2058E-12      6
 1561   24     0    -245      0    245  0.63395251E+00  0.00000000E+00 0.2534E-12      6
 1562   24     0    -244      0    244  0.63646058E+00  0.00000000E+00 0.2957E-12      6
 1563   24     0    -243      0    243  0.63904127E+00  0.00000000E+00 0.1952E-13      6
 1564   24     0    -242      0    242  0.64174000E+00  0.00000000E+00 0.5820E-12      6
 1565   24     0    -241      0    241  0.64431240E+00  0.00000000E+00 0.1565E-12      6
 1566   24     0    -240      0    240  0.64691533E+00  0.00000000E+00 0.3382E-12      6
 1567   24     0    -239      0    239  0.64968534E+00  0.00000000E+00 0.3724E-13      5
 1568   24     0    -238      0    238  0.65234457E+00  0.00000000E+00 0.1160E-12      5
 1569   24     0    -237      0    237  0.65497349E+00  0.00000000E+00 0.9122E-13      6
 1570   24     0    -236      0    236  0.65782096E+00  0.00000000E+00 0.6230E-13      6
 1571   24     0    -235      0    235  0.66061528E+00  0.00000000E+00 0.9809E-13      6
 1572   24     0    -234      0    234  0.66328525E+00  0.00000000E+00 0.3054E-12      6
 1573   24     0    -233      0    233  0.66617108E+00  0.00000000E+00 0.4611E-12      6
 1574   24     0    -232      0    232  0.66909861E+00  0.00000000E+00 0.1379E-12      6
 1575   24     0    -231      0    231  0.67183801E+00  0.00000000E+00 0.2000E-13      6
 1576   24     0    -230      0    230  0.67472547E+00  0.00000000E+00 0.2273E-12      6
 1577   24     0    -229      0    229  0.67775357E+00  0.00000000E+00 0.3500E-12      6
 1578   24     0    -228      0    228  0.68061205E+00  0.00000000E+00 0.5967E-13      6
 1579   24     0    -227      0    227  0.68352807E+00  0.00000000E+00 0.6213E-13      5
 1580   24     0    -226      0    226  0.68661840E+00  0.00000000E+00 0.2717E-13      6
 1581   24     0    -225      0    225  0.68954906E+00  0.00000000E+00 0.3730E-12      6
 1582   24     0    -224      0    224  0.69250388E+00  0.00000000E+00 0.2357E-12      6
 1583   24     0    -223      0    223  0.69572235E+00  0.00000000E+00 0.2662E-12      6
 1584   24     0    -222      0    222  0.69882509E+00  0.00000000E+00 0.5136E-13      6
 1585   24     0    -221      0    221  0.70178597E+00  0.00000000E+00 0.2908E-12      6
 1586   24     0    -220      0    220  0.70502617E+00  0.00000000E+00 0.9013E-13      6
 1587   24     0    -219      0    219  0.70828476E+00  0.00000000E+00 0.2107E-12      6
 1588   24     0    -218      0    218  0.71134296E+00  0.00000000E+00 0.3194E-12      6
 1589   24     0    -217      0    217  0.71460683E+00  0.00000000E+00 0.2492E-12      6
 1590   24     0    -216      0    216  0.71797894E+00  0.00000000E+00 0.9118E-13      6
 1591   24     0    -215      0    215  0.72113595E+00  0.00000000E+00 0.1313E-12      5
 1592   24     0    -214      0    214  0.72443692E+00  0.00000000E+00 0.1673E-12      6
 1593   24     0    -213      0    213  0.72793226E+00  0.00000000E+00 0.1134E-12      6
 1594   24     0    -212      0    212  0.73121511E+00  0.00000000E+00 0.3149E-12      6
 1595   24     0    -211      0    211  0.73454873E+00  0.00000000E+00 0.3876E-12      6
 1596   24     0    -210      0    210  0.73816523E+00  0.00000000E+00 0.3243E-12      6
 1597   24     0    -209      0    209  0.74160852E+00  0.00000000E+00 0.3898E-12      6
 1598   24     0    -208      0    208  0.74494283E+00  0.00000000E+00 0.4001E-12      5
 1599   24     0    -207      0    207  0.74861477E+00  0.00000000E+00 0.1191E-12      6
 1600   24     0    -206      0    206  0.75224892E+00  0.00000000E+00 0.3500E-13      6
 1601   24     0    -205      0    205  0.75568784E+00  0.00000000E+00 0.4330E-13      6
 1602   24     0    -204      0    204  0.75941187E+00  0.00000000E+00 0.2588E-12      6
 1603   24     0    -203      0    203  0.76319204E+00  0.00000000E+00 0.4451E-13      6
 1604   24     0    -202      0    202  0.76671269E+00  0.00000000E+00 0.4956E-13      6
 1605   24     0    -201      0    201  0.77048032E+00  0.00000000E+00 0.2973E-12      5
 1606   24     0    -200      0    200  0.77443492E+00  0.00000000E+00 0.3548E-12      6
 1607   24     0    -199      0    199  0.77809777E+00  0.00000000E+00 0.5924E-13      6
 1608   24     0    -198      0    198  0.78188420E+00  0.00000000E+00 0.2534E-13      6
 1609   24     0    -197      0    197  0.78598669E+00  0.00000000E+00 0.9460E-13      6
 1610   24     0    -196      0    196  0.78983125E+00  0.00000000E+00 0.5724E-13      6
 1611   24     0    -195      0    195  0.79362068E+00  0.00000000E+00 0.3322E-13      6
 1612   24     0    -194      0    194  0.79782858E+00  0.00000000E+00 0.1602E-12      6
 1613   24     0    -193      0    193  0.80191445E+00  0.00000000E+00 0.2608E-13      6
 1614   24     0    -192      0    192  0.80577080E+00  0.00000000E+00 0.2636E-14      5
 1615   24     0    -191      0    191  0.81002947E+00  0.00000000E+00 0.1820E-12      6
 1616   24     0    -190      0    190  0.81431987E+00  0.00000000E+00 0.2395E-12      6
 1617   24     0    -189      0    189  0.81829257E+00  0.00000000E+00 0.4305E-13      6
 1618   24     0    -188      0    188  0.82262144E+00  0.00000000E+00 0.4025E-12      6
 1619   24     0    -187      0    187  0.82714844E+00  0.00000000E+00 0.8344E-13      6
 1620   24     0    -186      0    186  0.83125616E+00  0.00000000E+00 0.8598E-13      6
 1621   24     0    -185      0    185  0.83556150E+00  0.00000000E+00 0.2348E-12      6
 1622   24     0    -184      0    184  0.84028626E+00  0.00000000E+00 0.1551E-12      6
 1623   24     0    -183      0    183  0.84465093E+00  0.00000000E+00 0.1092E-12      6
 1624   24     0    -182      0    182  0.84894393E+00  0.00000000E+00 0.8540E-13      5
 1625   24     0    -181      0    181  0.85379213E+00  0.00000000E+00 0.5338E-13      6
 1626   24     0    -180      0    180  0.85847165E+00  0.00000000E+00 0.1532E-12      6
 1627   24     0    -179      0    179  0.86284462E+00  0.00000000E+00 0.2917E-12      5
 1628   24     0    -178      0    178  0.86775444E+00  0.00000000E+00 0.9342E-13      6
 1629   24     0    -177      0    177  0.87271043E+00  0.00000000E+00 0.2026E-12      6
 1630   24     0    -176      0    176  0.87721831E+00  0.00000000E+00 0.7578E-14      6
 1631   24     0    -175      0    175  0.88217273E+00  0.00000000E+00 0.1526E-14      6
 1632   24     0    -174      0    174  0.88741392E+00  0.00000000E+00 0.2338E-13      6
 1633   24     0    -173      0    173  0.89213506E+00  0.00000000E+00 0.2499E-12      6
 1634   24     0    -172      0    172  0.89707500E+00  0.00000000E+00 0.9623E-13      6
 1635   24     0    -171      0    171  0.90255224E+00  0.00000000E+00 0.9859E-13      6
 1636   24     0    -170      0    170  0.90759752E+00  0.00000000E+00 0.3564E-12      6
 1637   24     0    -169      0    169  0.91253062E+00  0.00000000E+00 0.3322E-12      5
 1638   24     0    -168      0    168  0.91815751E+00  0.00000000E+00 0.1338E-12      6
 1639   24     0    -167      0    167  0.92357463E+00  0.00000000E+00 0.2846E-13      6
 1640   24     0    -166      0    166  0.92859387E+00  0.00000000E+00 0.2193E-12      5
 1641   24     0    -165      0    165  0.93431377E+00  0.00000000E+00 0.9990E-13      6
 1642   24     0    -164      0    164  0.94010707E+00  0.00000000E+00 0.2011E-12      6
 1643   24     0    -163      0    163  0.94530157E+00  0.00000000E+00 0.1534E-12      5
 1644   24     0    -162      0    162  0.95104233E+00  0.00000000E+00 0.1771E-12      6
 1645   24     0    -161      0    161  0.95716605E+00  0.00000000E+00 0.2043E-13      6
 1646   24     0    -160      0    160  0.96264975E+00  0.00000000E+00 0.1849E-12      5
 1647   24     0    -159      0    159  0.96838681E+00  0.00000000E+00 0.4456E-13      5
 1648   24     0    -158      0    158  0.97477150E+00  0.00000000E+00 0.2303E-13      6
 1649   24     0    -157      0    157  0.98062343E+00  0.00000000E+00 0.2438E-12      6
 1650   24     0    -156      0    156  0.98639520E+00  0.00000000E+00 0.4729E-12      5
 1651   24     0    -155      0    155  0.99300588E+00  0.00000000E+00 0.2806E-13      6
 1652   24     0    -154      0    154  0.99931385E+00  0.00000000E+00 0.1031E-12      6
 1653   24     0    -153      0    153  0.10051597E+01  0.00000000E+00 0.3365E-12      5
 1654   24     0    -152      0    152  0.10118904E+01  0.00000000E+00 0.2632E-12      6
 1655   24     0    -151      0    151  0.10186502E+01  0.00000000E+00 0.1271E-12      6
 1656   24     0    -150      0    150  0.10246867E+01  0.00000000E+00 0.4728E-12      5
 1657   24     0    -149      0    149  0.10314904E+01  0.00000000E+00 0.1454E-13      6
 1658   24     0    -148      0    148  0.10387075E+01  0.00000000E+00 0.4523E-13      6
 1659   24     0    -147      0    147  0.10450724E+01  0.00000000E+00 0.5300E-13      6
 1660   24     0    -146      0    146  0.10518593E+01  0.00000000E+00 0.7137E-12      5
 1661   24     0    -145      0    145  0.10594451E+01  0.00000000E+00 0.3565E-12      6
 1662   24     0    -144      0    144  0.10662826E+01  0.00000000E+00 0.5938E-13      6
 1663   24     0    -143      0    143  0.10730780E+01  0.00000000E+00 0.7490E-12      5
 1664   24     0    -142      0    142  0.10809491E+01  0.00000000E+00 0.2180E-12      6
 1665   24     0    -141      0    141  0.10883288E+01  0.00000000E+00 0.1074E-12      6
 1666   24     0    -140      0    140  0.10951772E+01  0.00000000E+00 0.9448E-13      6
 1667   24     0    -139      0    139  0.11032479E+01  0.00000000E+00 0.1075E-13      6
 1668   24     0    -138      0    138  0.11112559E+01  0.00000000E+00 0.1156E-12      6
 1669   24     0    -137      0    137  0.11183192E+01  0.00000000E+00 0.9129E-13      6
 1670   24     0    -136      0    136  0.11264644E+01  0.00000000E+00 0.1208E-12      5
 1671   24     0    -135      0    135  0.11350579E+01  0.00000000E+00 0.2524E-12      6
 1672   24     0    -134      0    134  0.11425051E+01  0.00000000E+00 0.1397E-12      5
 1673   24     0    -133      0    133  0.11506359E+01  0.00000000E+00 0.1155E-12      5
 1674   24     0    -132      0    132  0.11597549E+01  0.00000000E+00 0.9643E-13      6
 1675   24     0    -131      0    131  0.11678080E+01  0.00000000E+00 0.1229E-12      5
 1676   24     0    -130      0    130  0.11758680E+01  0.00000000E+00 0.7283E-13      5
 1677   24     0    -129      0    129  0.11853731E+01  0.00000000E+00 0.1569E-12      6
 1678   24     0    -128      0    128  0.11942120E+01  0.00000000E+00 0.2635E-12      6
 1679   24     0    -127      0    127  0.12022942E+01  0.00000000E+00 0.1181E-12      5
 1680   24     0    -126      0    126  0.12120128E+01  0.00000000E+00 0.2382E-12      6
 1681   24     0    -125      0    125  0.12217104E+01  0.00000000E+00 0.8181E-13      6
 1682   24     0    -124      0    124  0.12300439E+01  0.00000000E+00 0.6948E-13      6
 1683   24     0    -123      0    123  0.12397504E+01  0.00000000E+00 0.2484E-13      5
 1684   24     0    -122      0    122  0.12502094E+01  0.00000000E+00 0.1281E-12      5
 1685   24     0    -121      0    121  0.12591433E+01  0.00000000E+00 0.2136E-12      5
 1686   24     0    -120      0    120  0.12687106E+01  0.00000000E+00 0.3564E-12      5
 1687   24     0    -119      0    119  0.12797719E+01  0.00000000E+00 0.1734E-12      6
 1688   24     0    -118      0    118  0.12896344E+01  0.00000000E+00 0.5297E-13      6
 1689   24     0    -117      0    117  0.12990575E+01  0.00000000E+00 0.2109E-12      6
 1690   24     0    -116      0    116  0.13104880E+01  0.00000000E+00 0.2000E-12      6
 1691   24     0    -115      0    115  0.13215090E+01  0.00000000E+00 0.4383E-12      6
 1692   24     0    -114      0    114  0.13310076E+01  0.00000000E+00 0.1563E-12      6
 1693   24     0    -113      0    113  0.13424283E+01  0.00000000E+00 0.3516E-12      5
 1694   24     0    -112      0    112  0.13545659E+01  0.00000000E+00 0.1194E-14      6
 1695   24     0    -111      0    111  0.13647965E+01  0.00000000E+00 0.2431E-12      5
 1696   24     0    -110      0    110  0.13758895E+01  0.00000000E+00 0.9310E-13      6
 1697   24     0    -109      0    109  0.13888337E+01  0.00000000E+00 0.8799E-14      6
 1698   24     0    -108      0    108  0.14004120E+01  0.00000000E+00 0.1033E-12      6
 1699   24     0    -107      0    107  0.14112533E+01  0.00000000E+00 0.9491E-14      6
 1700   24     0    -106      0    106  0.14246369E+01  0.00000000E+00 0.3811E-12      5
 1701   24     0    -105      0    105  0.14378220E+01  0.00000000E+00 0.1606E-12      6
 1702   24     0    -104      0    104  0.14489365E+01  0.00000000E+00 0.3069E-13      6
 1703   24     0    -103      0    103  0.14623107E+01  0.00000000E+00 0.3354E-12      5
 1704   24     0    -102      0    102  0.14769498E+01  0.00000000E+00 0.2796E-12      6
 1705   24     0    -101      0    101  0.14892095E+01  0.00000000E+00 0.1708E-12      5
 1706   24     0    -100      0    100  0.15022355E+01  0.00000000E+00 0.2144E-13      5
 1707   24     0     -99      0     99  0.15179132E+01  0.00000000E+00 0.1670E-13      6
 1708   24     0     -98      0     98  0.15320004E+01  0.00000000E+00 0.8066E-13      6
 1709   24     0     -97      0     97  0.15447775E+01  0.00000000E+00 0.6213E-13      6
 1710   24     0     -96      0     96  0.15609718E+01  0.00000000E+00 0.5460E-13      5
 1711   24     0     -95      0     95  0.15771013E+01  0.00000000E+00 0.1337E-12      6
 1712   24     0     -94      0     94  0.15903515E+01  0.00000000E+00 0.2332E-12      6
 1713   24     0     -93      0     93  0.16064739E+01  0.00000000E+00 0.3545E-14      6
 1714   24     0     -92      0     92  0.16243910E+01  0.00000000E+00 0.4851E-13      6
 1715   24     0     -91      0     91  0.16392090E+01  0.00000000E+00 0.1198E-12      6
 1716   24     0     -90      0     90  0.16548313E+01  0.00000000E+00 0.6287E-13      6
 1717   24     0     -89      0     89  0.16740318E+01  0.00000000E+00 0.3038E-13      6
 1718   24     0     -88      0     88  0.16913043E+01  0.00000000E+00 0.4938E-14      6
 1719   24     0     -87      0     87  0.17065780E+01  0.00000000E+00 0.5713E-13      6
  Time elapsed :      7.691 s

Mode Search
-----------

Mode parameters
   l : 25
   m : 0

Building frequency grid (REAL axis)
   added scan interval :  0.5202E+00 ->  0.2105E+01 (3000 points, INVERSE)

Building spatial grid
   Scaffold grid from model
   Split 386 subinterval(s) in iteration 1
   Split 76 subinterval(s) in iteration 2
   Split 9 subinterval(s) in iteration 3
   Split 0 subinterval(s) in iteration 4
   Final grid has 1 segment(s) and 7585 point(s):
      Segment 1 : x range 0.0000 -> 1.0012 (1 -> 7585)

Starting search (adiabatic)

Scanning frequencies
  Time elapsed :     1.824 s

Finding roots
  Time elapsed :      0.701 s

Processing modes
   id    l     m    n_pg    n_p    n_g       Re(omega)       Im(omega)        chi n_iter
 1775   25     0    -274      0    274  0.59043651E+00  0.00000000E+00 0.2154E-12      6
 1776   25     0    -273      0    273  0.59248278E+00  0.00000000E+00 0.4848E-13      6
 1777   25     0    -272      0    272  0.59459350E+00  0.00000000E+00 0.5864E-12      6
 1778   25     0    -271      0    271  0.59681509E+00  0.00000000E+00 0.3043E-12      6
 1779   25     0    -270      0    270  0.59896166E+00  0.00000000E+00 0.1295E-12      6
 1780   25     0    -269      0    269  0.60114840E+00  0.00000000E+00 0.2732E-12      6
 1781   25     0    -268      0    268  0.60347585E+00  0.00000000E+00 0.2974E-12      6
 1782   25     0    -267      0    267  0.60574055E+00  0.00000000E+00 0.1541E-12      6
 1783   25     0    -266      0    266  0.60792977E+00  0.00000000E+00 0.3361E-13      5
 1784   25     0    -265      0    265  0.61025314E+00  0.00000000E+00 0.1555E-12      6
 1785   25     0    -264      0    264  0.61257318E+00  0.00000000E+00 0.1865E-12      6
 1786   25     0    -263      0    263  0.61476478E+00  0.00000000E+00 0.1841E-12      6
 1787   25     0    -262      0    262  0.61707112E+00  0.00000000E+00 0.3528E-13      6
 1788   25     0    -261      0    261  0.61945379E+00  0.00000000E+00 0.3736E-12      6
 1789   25     0    -260      0    260  0.62175334E+00  0.00000000E+00 0.2772E-12      6
 1790   25     0    -259      0    259  0.62414291E+00  0.00000000E+00 0.1032E-12      6
 1791   25     0    -258      0    258  0.62662307E+00  0.00000000E+00 0.5156E-13      6
 1792   25     0    -257      0    257  0.62899692E+00  0.00000000E+00 0.4000E-12      6
 1793   25     0    -256      0    256  0.63140319E+00  0.00000000E+00 0.4334E-12      6
 1794   25     0    -255      0    255  0.63394822E+00  0.00000000E+00 0.2549E-12      6
 1795   25     0    -254      0    254  0.63640081E+00  0.00000000E+00 0.3069E-12      6
 1796   25     0    -253      0    253  0.63880359E+00  0.00000000E+00 0.4760E-13      6
 1797   25     0    -252      0    252  0.64137342E+00  0.00000000E+00 0.6061E-13      6
 1798   25     0    -251      0    251  0.64390451E+00  0.00000000E+00 0.4422E-12      6
 1799   25     0    -250      0    250  0.64634413E+00  0.00000000E+00 0.1617E-12      6
 1800   25     0    -249      0    249  0.64896370E+00  0.00000000E+00 0.7408E-12      6
 1801   25     0    -248      0    248  0.65161548E+00  0.00000000E+00 0.2607E-13      6
 1802   25     0    -247      0    247  0.65413162E+00  0.00000000E+00 0.3220E-12      6
 1803   25     0    -246      0    246  0.65677613E+00  0.00000000E+00 0.4712E-13      6
 1804   25     0    -245      0    245  0.65952498E+00  0.00000000E+00 0.3078E-12      6
 1805   25     0    -244      0    244  0.66214114E+00  0.00000000E+00 0.1546E-12      5
 1806   25     0    -243      0    243  0.66480916E+00  0.00000000E+00 0.2312E-12      6
 1807   25     0    -242      0    242  0.66761595E+00  0.00000000E+00 0.2961E-12      6
 1808   25     0    -241      0    241  0.67030266E+00  0.00000000E+00 0.1253E-12      6
 1809   25     0    -240      0    240  0.67299422E+00  0.00000000E+00 0.6120E-13      6
 1810   25     0    -239      0    239  0.67587002E+00  0.00000000E+00 0.2345E-12      6
 1811   25     0    -238      0    238  0.67865119E+00  0.00000000E+00 0.1693E-13      6
 1812   25     0    -237      0    237  0.68137251E+00  0.00000000E+00 0.2374E-12      6
 1813   25     0    -236      0    236  0.68432140E+00  0.00000000E+00 0.8947E-13      6
 1814   25     0    -235      0    235  0.68724430E+00  0.00000000E+00 0.7092E-14      6
 1815   25     0    -234      0    234  0.69001697E+00  0.00000000E+00 0.2525E-13      6
 1816   25     0    -233      0    233  0.69299782E+00  0.00000000E+00 0.1205E-12      6
 1817   25     0    -232      0    232  0.69605442E+00  0.00000000E+00 0.4791E-12      6
 1818   25     0    -231      0    231  0.69891072E+00  0.00000000E+00 0.2812E-12      6
 1819   25     0    -230      0    230  0.70188967E+00  0.00000000E+00 0.1332E-12      6
 1820   25     0    -229      0    229  0.70504199E+00  0.00000000E+00 0.5827E-13      6
 1821   25     0    -228      0    228  0.70802851E+00  0.00000000E+00 0.3328E-12      6
 1822   25     0    -227      0    227  0.71103981E+00  0.00000000E+00 0.1531E-12      6
 1823   25     0    -226      0    226  0.71425103E+00  0.00000000E+00 0.1971E-12      6
 1824   25     0    -225      0    225  0.71731738E+00  0.00000000E+00 0.2065E-12      6
 1825   25     0    -224      0    224  0.72036854E+00  0.00000000E+00 0.2263E-12      5
 1826   25     0    -223      0    223  0.72370300E+00  0.00000000E+00 0.9369E-13      6
 1827   25     0    -222      0    222  0.72695376E+00  0.00000000E+00 0.6954E-13      5
 1828   25     0    -221      0    221  0.73002343E+00  0.00000000E+00 0.1945E-12      5
 1829   25     0    -220      0    220  0.73336833E+00  0.00000000E+00 0.2056E-12      6
 1830   25     0    -219      0    219  0.73677459E+00  0.00000000E+00 0.4536E-12      5
 1831   25     0    -218      0    218  0.73995891E+00  0.00000000E+00 0.1142E-12      6
 1832   25     0    -217      0    217  0.74332435E+00  0.00000000E+00 0.2916E-12      6
 1833   25     0    -216      0    216  0.74684095E+00  0.00000000E+00 0.3075E-12      6
 1834   25     0    -215      0    215  0.75013731E+00  0.00000000E+00 0.1326E-12      6
 1835   25     0    -214      0    214  0.75353939E+00  0.00000000E+00 0.1921E-13      6
 1836   25     0    -213      0    213  0.75717526E+00  0.00000000E+00 0.1966E-14      6
 1837   25     0    -212      0    212  0.76061165E+00  0.00000000E+00 0.1625E-12      6
 1838   25     0    -211      0    211  0.76404876E+00  0.00000000E+00 0.7677E-13      6
 1839   25     0    -210      0    210  0.76779769E+00  0.00000000E+00 0.1434E-12      6
 1840   25     0    -209      0    209  0.77140834E+00  0.00000000E+00 0.1448E-12      6
 1841   25     0    -208      0    208  0.77485658E+00  0.00000000E+00 0.3529E-13      6
 1842   25     0    -207      0    207  0.77864861E+00  0.00000000E+00 0.4466E-13      6
 1843   25     0    -206      0    206  0.78245317E+00  0.00000000E+00 0.1293E-12      6
 1844   25     0    -205      0    205  0.78602543E+00  0.00000000E+00 0.1369E-12      6
 1845   25     0    -204      0    204  0.78986353E+00  0.00000000E+00 0.3779E-12      5
 1846   25     0    -203      0    203  0.79381377E+00  0.00000000E+00 0.4946E-13      6
 1847   25     0    -202      0    202  0.79748467E+00  0.00000000E+00 0.1013E-12      6
 1848   25     0    -201      0    201  0.80136007E+00  0.00000000E+00 0.4521E-13      6
 1849   25     0    -200      0    200  0.80548047E+00  0.00000000E+00 0.2898E-13      6
 1850   25     0    -199      0    199  0.80931599E+00  0.00000000E+00 0.1242E-12      6
 1851   25     0    -198      0    198  0.81320955E+00  0.00000000E+00 0.5927E-13      6
 1852   25     0    -197      0    197  0.81746660E+00  0.00000000E+00 0.1969E-12      6
 1853   25     0    -196      0    196  0.82150389E+00  0.00000000E+00 0.3789E-13      6
 1854   25     0    -195      0    195  0.82540981E+00  0.00000000E+00 0.1208E-12      5
 1855   25     0    -194      0    194  0.82975576E+00  0.00000000E+00 0.1520E-12      6
 1856   25     0    -193      0    193  0.83404408E+00  0.00000000E+00 0.9302E-15      5
 1857   25     0    -192      0    192  0.83804168E+00  0.00000000E+00 0.1895E-12      5
 1858   25     0    -191      0    191  0.84242391E+00  0.00000000E+00 0.2137E-12      6
 1859   25     0    -190      0    190  0.84691635E+00  0.00000000E+00 0.9177E-13      6
 1860   25     0    -189      0    189  0.85105552E+00  0.00000000E+00 0.3362E-13      6
 1861   25     0    -188      0    188  0.85549713E+00  0.00000000E+00 0.5583E-13      6
 1862   25     0    -187      0    187  0.86022051E+00  0.00000000E+00 0.1666E-12      6
 1863   25     0    -186      0    186  0.86453033E+00  0.00000000E+00 0.4670E-13      6
 1864   25     0    -185      0    185  0.86893995E+00  0.00000000E+00 0.4062E-12      5
 1865   25     0    -184      0    184  0.87384154E+00  0.00000000E+00 0.2965E-12      6
 1866   25     0    -183      0    183  0.87843885E+00  0.00000000E+00 0.3182E-12      6
 1867   25     0    -182      0    182  0.88285141E+00  0.00000000E+00 0.1482E-13      5
 1868   25     0    -181      0    181  0.88785052E+00  0.00000000E+00 0.2563E-12      6
 1869   25     0    -180      0    180  0.89277397E+00  0.00000000E+00 0.1745E-12      6
 1870   25     0    -179      0    179  0.89730343E+00  0.00000000E+00 0.1025E-12      6
 1871   25     0    -178      0    178  0.90234164E+00  0.00000000E+00 0.3841E-12      5
 1872   25     0    -177      0    177  0.90753831E+00  0.00000000E+00 0.1033E-12      6
 1873   25     0    -176      0    176  0.91224332E+00  0.00000000E+00 0.4423E-13      5
 1874   25     0    -175      0    175  0.91730969E+00  0.00000000E+00 0.4172E-13      6
 1875   25     0    -174      0    174  0.92277746E+00  0.00000000E+00 0.4906E-13      6
 1876   25     0    -173      0    173  0.92774281E+00  0.00000000E+00 0.3693E-13      6
 1877   25     0    -172      0    172  0.93278987E+00  0.00000000E+00 0.1366E-12      5
 1878   25     0    -171      0    171  0.93846605E+00  0.00000000E+00 0.2057E-12      6
 1879   25     0    -170      0    170  0.94379181E+00  0.00000000E+00 0.6908E-13      6
 1880   25     0    -169      0    169  0.94885426E+00  0.00000000E+00 0.6700E-12      5
 1881   25     0    -168      0    168  0.95464573E+00  0.00000000E+00 0.1094E-12      6
 1882   25     0    -167      0    167  0.96035642E+00  0.00000000E+00 0.9617E-13      6
 1883   25     0    -166      0    166  0.96555126E+00  0.00000000E+00 0.1015E-12      5
 1884   25     0    -165      0    165  0.97140361E+00  0.00000000E+00 0.9901E-14      6
 1885   25     0    -164      0    164  0.97748377E+00  0.00000000E+00 0.2426E-12      6
 1886   25     0    -163      0    163  0.98291456E+00  0.00000000E+00 0.1653E-12      6
 1887   25     0    -162      0    162  0.98876487E+00  0.00000000E+00 0.7026E-13      5
 1888   25     0    -161      0    161  0.99515116E+00  0.00000000E+00 0.1059E-13      6
 1889   25     0    -160      0    160  0.10009286E+01  0.00000000E+00 0.1751E-12      6
 1890   25     0    -159      0    159  0.10067752E+01  0.00000000E+00 0.5507E-12      5
 1891   25     0    -158      0    158  0.10133886E+01  0.00000000E+00 0.3786E-12      6
 1892   25     0    -157      0    157  0.10195748E+01  0.00000000E+00 0.2356E-12      6
 1893   25     0    -156      0    156  0.10254810E+01  0.00000000E+00 0.1936E-12      5
 1894   25     0    -155      0    155  0.10322802E+01  0.00000000E+00 0.1375E-12      6
 1895   25     0    -154      0    154  0.10389439E+01  0.00000000E+00 0.1826E-13      6
 1896   25     0    -153      0    153  0.10449814E+01  0.00000000E+00 0.4616E-14      5
 1897   25     0    -152      0    152  0.10518563E+01  0.00000000E+00 0.3361E-13      6
 1898   25     0    -151      0    151  0.10589663E+01  0.00000000E+00 0.5278E-13      6
 1899   25     0    -150      0    150  0.10652689E+01  0.00000000E+00 0.1651E-12      5
 1900   25     0    -149      0    149  0.10721816E+01  0.00000000E+00 0.3356E-12      5
 1901   25     0    -148      0    148  0.10797207E+01  0.00000000E+00 0.2803E-12      6
 1902   25     0    -147      0    147  0.10864367E+01  0.00000000E+00 0.9197E-13      6
 1903   25     0    -146      0    146  0.10933192E+01  0.00000000E+00 0.4307E-12      5
 1904   25     0    -145      0    145  0.11011790E+01  0.00000000E+00 0.3874E-14      6
 1905   25     0    -144      0    144  0.11084307E+01  0.00000000E+00 0.1175E-12      5
 1906   25     0    -143      0    143  0.11153498E+01  0.00000000E+00 0.4754E-12      5
 1907   25     0    -142      0    142  0.11234370E+01  0.00000000E+00 0.1625E-12      5
 1908   25     0    -141      0    141  0.11312658E+01  0.00000000E+00 0.1294E-12      6
 1909   25     0    -140      0    140  0.11383052E+01  0.00000000E+00 0.9070E-13      5
 1910   25     0    -139      0    139  0.11465268E+01  0.00000000E+00 0.1563E-12      6
 1911   25     0    -138      0    138  0.11549804E+01  0.00000000E+00 0.2437E-12      6
 1912   25     0    -137      0    137  0.11623484E+01  0.00000000E+00 0.1735E-12      5
 1913   25     0    -136      0    136  0.11705856E+01  0.00000000E+00 0.5816E-13      6
 1914   25     0    -135      0    135  0.11795843E+01  0.00000000E+00 0.1179E-12      6
 1915   25     0    -134      0    134  0.11874605E+01  0.00000000E+00 0.2930E-12      6
 1916   25     0    -133      0    133  0.11956525E+01  0.00000000E+00 0.2020E-12      5
 1917   25     0    -132      0    132  0.12051051E+01  0.00000000E+00 0.1350E-12      6
 1918   25     0    -131      0    131  0.12136944E+01  0.00000000E+00 0.3577E-13      6
 1919   25     0    -130      0    130  0.12218457E+01  0.00000000E+00 0.2598E-12      6
 1920   25     0    -129      0    129  0.12315858E+01  0.00000000E+00 0.1171E-12      6
 1921   25     0    -128      0    128  0.12410101E+01  0.00000000E+00 0.1222E-12      6
 1922   25     0    -127      0    127  0.12493015E+01  0.00000000E+00 0.1455E-12      6
 1923   25     0    -126      0    126  0.12591388E+01  0.00000000E+00 0.1924E-12      6
 1924   25     0    -125      0    125  0.12693964E+01  0.00000000E+00 0.1831E-12      6
 1925   25     0    -124      0    124  0.12781366E+01  0.00000000E+00 0.5403E-12      5
 1926   25     0    -123      0    123  0.12878588E+01  0.00000000E+00 0.6452E-13      5
 1927   25     0    -122      0    122  0.12987863E+01  0.00000000E+00 0.1600E-12      5
 1928   25     0    -121      0    121  0.13083285E+01  0.00000000E+00 0.2234E-12      6
 1929   25     0    -120      0    120  0.13178861E+01  0.00000000E+00 0.6802E-13      5
 1930   25     0    -119      0    119  0.13292748E+01  0.00000000E+00 0.1423E-12      6
 1931   25     0    -118      0    118  0.13398745E+01  0.00000000E+00 0.1751E-14      6
 1932   25     0    -117      0    117  0.13494019E+01  0.00000000E+00 0.7289E-13      6
 1933   25     0    -116      0    116  0.13609720E+01  0.00000000E+00 0.7686E-13      6
 1934   25     0    -115      0    115  0.13727233E+01  0.00000000E+00 0.9231E-13      6
 1935   25     0    -114      0    114  0.13826244E+01  0.00000000E+00 0.9229E-14      6
 1936   25     0    -113      0    113  0.13939823E+01  0.00000000E+00 0.1556E-12      5
 1937   25     0    -112      0    112  0.14066928E+01  0.00000000E+00 0.6519E-13      6
 1938   25     0    -111      0    111  0.14176864E+01  0.00000000E+00 0.1325E-12      6
 1939   25     0    -110      0    110  0.14286543E+01  0.00000000E+00 0.1351E-13      5
 1940   25     0    -109      0    109  0.14419266E+01  0.00000000E+00 0.1330E-12      6
 1941   25     0    -108      0    108  0.14544541E+01  0.00000000E+00 0.7145E-13      6
 1942   25     0    -107      0    107  0.14654111E+01  0.00000000E+00 0.1767E-12      6
 1943   25     0    -106      0    106  0.14788265E+01  0.00000000E+00 0.1081E-13      5
 1944   25     0    -105      0    105  0.14928935E+01  0.00000000E+00 0.5380E-13      6
 1945   25     0    -104      0    104  0.15046236E+01  0.00000000E+00 0.3985E-12      5
 1946   25     0    -103      0    103  0.15177605E+01  0.00000000E+00 0.5399E-13      6
 1947   25     0    -102      0    102  0.15330276E+01  0.00000000E+00 0.9975E-13      6
 1948   25     0    -101      0    101  0.15463772E+01  0.00000000E+00 0.1985E-12      6
 1949   25     0    -100      0    100  0.15591444E+01  0.00000000E+00 0.1803E-12      6
 1950   25     0     -99      0     99  0.15750945E+01  0.00000000E+00 0.1360E-12      6
 1951   25     0     -98      0     98  0.15904482E+01  0.00000000E+00 0.4729E-13      6
 1952   25     0     -97      0     97  0.16033742E+01  0.00000000E+00 0.2688E-13      6
 1953   25     0     -96      0     96  0.16194192E+01  0.00000000E+00 0.1023E-12      5
 1954   25     0     -95      0     95  0.16366461E+01  0.00000000E+00 0.8890E-13      6
 1955   25     0     -94      0     94  0.16507714E+01  0.00000000E+00 0.4207E-13      6
 1956   25     0     -93      0     93  0.16663881E+01  0.00000000E+00 0.1460E-12      6
 1957   25     0     -92      0     92  0.16850133E+01  0.00000000E+00 0.1357E-12      6
 1958   25     0     -91      0     91  0.17013348E+01  0.00000000E+00 0.8995E-13      6
 1959   25     0     -90      0     90  0.17164839E+01  0.00000000E+00 0.2314E-13      6
  Time elapsed :      7.844 s

gyre [9.1.1]
------------

OpenMP Threads   : 16
Input filename   : gyre_nad_wide_hi.in

Model Init
----------

Reading from MESA file
   File name ../mesa/LOGS/profile32.data.GYRE
   File version 1.01
   Read 7114 points
   No need to add central point

Mode Search
-----------

Mode parameters
   l : 16
   m : 0

Building frequency grid (REAL axis)
   added scan interval :  0.5202E+00 ->  0.2105E+01 (3000 points, INVERSE)

Building spatial grid
   Scaffold grid from model
   Split 363 subinterval(s) in iteration 1
   Split 25 subinterval(s) in iteration 2
   Split 0 subinterval(s) in iteration 3
   Final grid has 1 segment(s) and 7502 point(s):
      Segment 1 : x range 0.0000 -> 1.0012 (1 -> 7502)

Starting search (adiabatic)

Scanning frequencies
  Time elapsed :    35.641 s

Finding roots
  Time elapsed :      8.916 s

Processing modes
   id    l     m    n_pg    n_p    n_g       Re(omega)       Im(omega)        chi n_iter
   25   16     0    -177      0    177  0.59096198E+00  0.00000000E+00 0.2190E-12      5
   26   16     0    -176      0    176  0.59419814E+00  0.00000000E+00 0.2524E-12      6
   27   16     0    -175      0    175  0.59777927E+00  0.00000000E+00 0.2806E-12      5
   28   16     0    -174      0    174  0.60109094E+00  0.00000000E+00 0.3724E-12      5
   29   16     0    -173      0    173  0.60432860E+00  0.00000000E+00 0.2752E-12      6
   30   16     0    -172      0    172  0.60801481E+00  0.00000000E+00 0.6278E-13      5
   31   16     0    -171      0    171  0.61156788E+00  0.00000000E+00 0.2121E-12      6
   32   16     0    -170      0    170  0.61485048E+00  0.00000000E+00 0.2499E-12      6
   33   16     0    -169      0    169  0.61858762E+00  0.00000000E+00 0.1744E-12      5
   34   16     0    -168      0    168  0.62237529E+00  0.00000000E+00 0.1384E-12      5
   35   16     0    -167      0    167  0.62578036E+00  0.00000000E+00 0.1428E-12      6
   36   16     0    -166      0    166  0.62955068E+00  0.00000000E+00 0.4542E-13      5
   37   16     0    -165      0    165  0.63356118E+00  0.00000000E+00 0.1927E-12      6
   38   16     0    -164      0    164  0.63715379E+00  0.00000000E+00 0.3327E-12      5
   39   16     0    -163      0    163  0.64093073E+00  0.00000000E+00 0.5416E-12      6
   40   16     0    -162      0    162  0.64512242E+00  0.00000000E+00 0.4936E-12      6
   41   16     0    -161      0    161  0.64895889E+00  0.00000000E+00 0.4941E-12      5
   42   16     0    -160      0    160  0.65275156E+00  0.00000000E+00 0.1488E-12      5
   43   16     0    -159      0    159  0.65707504E+00  0.00000000E+00 0.1019E-12      5
   44   16     0    -158      0    158  0.66117644E+00  0.00000000E+00 0.2643E-12      6
   45   16     0    -157      0    157  0.66502642E+00  0.00000000E+00 0.1278E-12      6
   46   16     0    -156      0    156  0.66945973E+00  0.00000000E+00 0.3206E-12      5
   47   16     0    -155      0    155  0.67386605E+00  0.00000000E+00 0.7635E-13      6
   48   16     0    -154      0    154  0.67783110E+00  0.00000000E+00 0.1065E-12      6
   49   16     0    -153      0    153  0.68231407E+00  0.00000000E+00 0.4839E-12      5
   50   16     0    -152      0    152  0.68700078E+00  0.00000000E+00 0.1102E-12      6
   51   16     0    -151      0    151  0.69115352E+00  0.00000000E+00 0.4042E-12      6
   52   16     0    -150      0    150  0.69566812E+00  0.00000000E+00 0.4824E-12      5
   53   16     0    -149      0    149  0.70062883E+00  0.00000000E+00 0.5035E-12      5
   54   16     0    -148      0    148  0.70506519E+00  0.00000000E+00 0.5148E-12      5
   55   16     0    -147      0    147  0.70958071E+00  0.00000000E+00 0.4605E-12      6
   56   16     0    -146      0    146  0.71475055E+00  0.00000000E+00 0.1588E-13      6
   57   16     0    -145      0    145  0.71953299E+00  0.00000000E+00 0.1152E-12      6
   58   16     0    -144      0    144  0.72409281E+00  0.00000000E+00 0.3986E-12      6
   59   16     0    -143      0    143  0.72942413E+00  0.00000000E+00 0.2530E-12      6
   60   16     0    -142      0    142  0.73457811E+00  0.00000000E+00 0.4744E-13      6
   61   16     0    -141      0    141  0.73922213E+00  0.00000000E+00 0.6930E-13      6
   62   16     0    -140      0    140  0.74465726E+00  0.00000000E+00 0.1056E-12      5
   63   16     0    -139      0    139  0.75020885E+00  0.00000000E+00 0.3913E-12      6
   64   16     0    -138      0    138  0.75505881E+00  0.00000000E+00 0.3040E-12      5
   65   16     0    -137      0    137  0.76054342E+00  0.00000000E+00 0.1753E-12      5
   66   16     0    -136      0    136  0.76646467E+00  0.00000000E+00 0.5303E-12      5
   67   16     0    -135      0    135  0.77161698E+00  0.00000000E+00 0.1767E-12      4
   68   16     0    -134      0    134  0.77710400E+00  0.00000000E+00 0.7716E-13      5
   69   16     0    -133      0    133  0.78335481E+00  0.00000000E+00 0.1037E-13      6
   70   16     0    -132      0    132  0.78893645E+00  0.00000000E+00 0.6150E-13      5
   71   16     0    -131      0    131  0.79441187E+00  0.00000000E+00 0.2525E-12      5
   72   16     0    -130      0    130  0.80091059E+00  0.00000000E+00 0.1526E-12      6
   73   16     0    -129      0    129  0.80700987E+00  0.00000000E+00 0.8951E-13      6
   74   16     0    -128      0    128  0.81254656E+00  0.00000000E+00 0.1398E-12      6
   75   16     0    -127      0    127  0.81920780E+00  0.00000000E+00 0.1996E-12      5
   76   16     0    -126      0    126  0.82586847E+00  0.00000000E+00 0.6209E-12      6
   77   16     0    -125      0    125  0.83160208E+00  0.00000000E+00 0.2441E-12      6
   78   16     0    -124      0    124  0.83831197E+00  0.00000000E+00 0.4289E-12      5
   79   16     0    -123      0    123  0.84548691E+00  0.00000000E+00 0.1962E-12      6
   80   16     0    -122      0    122  0.85159254E+00  0.00000000E+00 0.5324E-12      5
   81   16     0    -121      0    121  0.85828413E+00  0.00000000E+00 0.3064E-12      6
   82   16     0    -120      0    120  0.86590533E+00  0.00000000E+00 0.4304E-12      6
   83   16     0    -119      0    119  0.87255908E+00  0.00000000E+00 0.3254E-12      5
   84   16     0    -118      0    118  0.87920370E+00  0.00000000E+00 0.1499E-12      6
   85   16     0    -117      0    117  0.88718183E+00  0.00000000E+00 0.1226E-12      6
   86   16     0    -116      0    116  0.89456843E+00  0.00000000E+00 0.4918E-12      5
   87   16     0    -115      0    115  0.90120594E+00  0.00000000E+00 0.9528E-13      6
   88   16     0    -114      0    114  0.90935678E+00  0.00000000E+00 0.1245E-12      5
   89   16     0    -113      0    113  0.91754789E+00  0.00000000E+00 0.3040E-13      6
   90   16     0    -112      0    112  0.92446065E+00  0.00000000E+00 0.3191E-14      5
   91   16     0    -111      0    111  0.93259461E+00  0.00000000E+00 0.8528E-13      6
   92   16     0    -110      0    110  0.94150604E+00  0.00000000E+00 0.1084E-13      6
   93   16     0    -109      0    109  0.94905140E+00  0.00000000E+00 0.1606E-13      5
   94   16     0    -108      0    108  0.95706503E+00  0.00000000E+00 0.2850E-12      6
   95   16     0    -107      0    107  0.96655891E+00  0.00000000E+00 0.2548E-12      6
   96   16     0    -106      0    106  0.97505602E+00  0.00000000E+00 0.1285E-12      6
   97   16     0    -105      0    105  0.98297047E+00  0.00000000E+00 0.2242E-12      6
   98   16     0    -104      0    104  0.99283532E+00  0.00000000E+00 0.1059E-12      5
   99   16     0    -103      0    103  0.10024610E+01  0.00000000E+00 0.2979E-12      6
  100   16     0    -102      0    102  0.10105895E+01  0.00000000E+00 0.4931E-13      5
  101   16     0    -101      0    101  0.10205882E+01  0.00000000E+00 0.4155E-12      5
  102   16     0    -100      0    100  0.10313099E+01  0.00000000E+00 0.5536E-13      6
  103   16     0     -99      0     99  0.10401385E+01  0.00000000E+00 0.2214E-13      6
  104   16     0     -98      0     98  0.10500594E+01  0.00000000E+00 0.2455E-12      6
  105   16     0     -97      0     97  0.10617021E+01  0.00000000E+00 0.1305E-12      6
  106   16     0     -96      0     96  0.10717075E+01  0.00000000E+00 0.2166E-12      5
  107   16     0     -95      0     95  0.10814884E+01  0.00000000E+00 0.3178E-12      6
  108   16     0     -94      0     94  0.10937940E+01  0.00000000E+00 0.8789E-13      5
  109   16     0     -93      0     93  0.11052772E+01  0.00000000E+00 0.1759E-12      6
  110   16     0     -92      0     92  0.11151482E+01  0.00000000E+00 0.1716E-12      6
  111   16     0     -91      0     91  0.11278084E+01  0.00000000E+00 0.4532E-12      5
  112   16     0     -90      0     90  0.11408434E+01  0.00000000E+00 0.4266E-13      6
  113   16     0     -89      0     89  0.11513521E+01  0.00000000E+00 0.1335E-12      6
  114   16     0     -88      0     88  0.11640112E+01  0.00000000E+00 0.3426E-13      6
  115   16     0     -87      0     87  0.11784378E+01  0.00000000E+00 0.2749E-12      5
  116   16     0     -86      0     86  0.11903114E+01  0.00000000E+00 0.6309E-13      6
  117   16     0     -85      0     85  0.12027434E+01  0.00000000E+00 0.2064E-12      6
  118   16     0     -84      0     84  0.12182767E+01  0.00000000E+00 0.2314E-12      6
  119   16     0     -83      0     83  0.12320999E+01  0.00000000E+00 0.7669E-13      6
  120   16     0     -82      0     82  0.12444121E+01  0.00000000E+00 0.9337E-13      6
  121   16     0     -81      0     81  0.12606766E+01  0.00000000E+00 0.1451E-12      5
  122   16     0     -80      0     80  0.12766967E+01  0.00000000E+00 0.2027E-12      6
  123   16     0     -79      0     79  0.12894640E+01  0.00000000E+00 0.5171E-13      6
  124   16     0     -78      0     78  0.13059750E+01  0.00000000E+00 0.1580E-12      6
  125   16     0     -77      0     77  0.13240937E+01  0.00000000E+00 0.1521E-12      6
  126   16     0     -76      0     76  0.13382983E+01  0.00000000E+00 0.1211E-12      6
  127   16     0     -75      0     75  0.13545382E+01  0.00000000E+00 0.6211E-13      6
  128   16     0     -74      0     74  0.13743809E+01  0.00000000E+00 0.5211E-13      6
  129   16     0     -73      0     73  0.13910076E+01  0.00000000E+00 0.3363E-13      5
  130   16     0     -72      0     72  0.14068511E+01  0.00000000E+00 0.2131E-12      6
  131   16     0     -71      0     71  0.14279757E+01  0.00000000E+00 0.2052E-12      6
  132   16     0     -70      0     70  0.14476066E+01  0.00000000E+00 0.1385E-12      5
  133   16     0     -69      0     69  0.14635876E+01  0.00000000E+00 0.2219E-12      6
  134   16     0     -68      0     68  0.14854888E+01  0.00000000E+00 0.2531E-13      5
  135   16     0     -67      0     67  0.15082414E+01  0.00000000E+00 0.8725E-13      6
  136   16     0     -66      0     66  0.15254679E+01  0.00000000E+00 0.2992E-13      6
  137   16     0     -65      0     65  0.15475249E+01  0.00000000E+00 0.1958E-12      6
  138   16     0     -64      0     64  0.15731628E+01  0.00000000E+00 0.9782E-13      6
  139   16     0     -63      0     63  0.15930516E+01  0.00000000E+00 0.4854E-13      6
  140   16     0     -62      0     62  0.16147365E+01  0.00000000E+00 0.6496E-13      6
  141   16     0     -61      0     61  0.16428371E+01  0.00000000E+00 0.8855E-13      6
  142   16     0     -60      0     60  0.16666424E+01  0.00000000E+00 0.6163E-13      6
  143   16     0     -59      0     59  0.16878769E+01  0.00000000E+00 0.6607E-13      6
  Time elapsed :      2.907 s

Starting search (non-adiabatic)

Finding roots
  Time elapsed :    126.828 s

Processing modes
   id    l     m    n_pg    n_p    n_g       Re(omega)       Im(omega)        chi n_iter
   25   16     0    -177      0    177  0.59021056E+00 -0.76152806E-03 0.7635E-13      8
   26   16     0    -176      0    176  0.59335099E+00 -0.83895425E-03 0.2123E-12      7
   27   16     0    -175      0    175  0.59695395E+00 -0.88011145E-03 0.5972E-12      7
   28   16     0    -174      0    174  0.60039921E+00 -0.75806180E-03 0.1154E-12      8
   29   16     0    -173      0    173  0.60357154E+00 -0.79115803E-03 0.4477E-12      8
   30   16     0    -172      0    172  0.60723564E+00 -0.87322752E-03 0.3268E-12      7
   31   16     0    -171      0    171  0.61091630E+00 -0.77312881E-03 0.3233E-12      6
   32   16     0    -170      0    170  0.61418462E+00 -0.74848423E-03 0.2975E-12      7
   33   16     0    -169      0    169  0.61786579E+00 -0.85844661E-03 0.2909E-12      6
   34   16     0    -168      0    168  0.62175359E+00 -0.79522170E-03 0.4030E-12      8
   35   16     0    -167      0    167  0.62519155E+00 -0.72389873E-03 0.2136E-12      7
   36   16     0    -166      0    166  0.62888778E+00 -0.84248490E-03 0.3663E-12      7
   37   16     0    -165      0    165  0.63296433E+00 -0.82120218E-03 0.1642E-12      7
   38   16     0    -164      0    164  0.63662811E+00 -0.71457052E-03 0.2265E-12      6
   39   16     0    -163      0    163  0.64032871E+00 -0.82000938E-03 0.2173E-12      6
   40   16     0    -162      0    162  0.64455135E+00 -0.84277393E-03 0.1005E-11      7
   41   16     0    -163      0    163  0.64847918E+00 -0.72238069E-03 0.7382E-12      6
   42   16     0    -162      0    162  0.65221103E+00 -0.79207906E-03 0.4506E-12      6
   43   16     0    -160      0    160  0.65653528E+00 -0.85486471E-03 0.4899E-12      6
   44   16     0    -159      0    159  0.66073063E+00 -0.74078906E-03 0.2604E-12      7
   45   16     0    -158      0    158  0.66454464E+00 -0.76507844E-03 0.2703E-12      7
   46   16     0    -157      0    157  0.66895333E+00 -0.86320578E-03 0.5635E-13      6
   47   16     0    -156      0    156  0.67344394E+00 -0.77271610E-03 0.5171E-12      6
   48   16     0    -155      0    155  0.67740886E+00 -0.73752976E-03 0.9917E-12      6
   49   16     0    -154      0    154  0.68184815E+00 -0.86035792E-03 0.2597E-12      6
   50   16     0    -153      0    153  0.68660046E+00 -0.80664612E-03 0.1011E-11      6
   51   16     0    -152      0    152  0.69078447E+00 -0.72175238E-03 0.1609E-12      6
   52   16     0    -151      0    151  0.69524459E+00 -0.85474058E-03 0.8911E-12      6
   53   16     0    -150      0    150  0.70024789E+00 -0.84773031E-03 0.2153E-12      7
   54   16     0    -149      0    149  0.70474189E+00 -0.72422398E-03 0.1609E-11      6
   55   16     0    -148      0    148  0.70920280E+00 -0.84166119E-03 0.7125E-12      7
   56   16     0    -147      0    147  0.71439172E+00 -0.88726394E-03 0.3067E-12      8
   57   16     0    -146      0    146  0.71924263E+00 -0.75363956E-03 0.1236E-11      6
   58   16     0    -145      0    145  0.72375798E+00 -0.83176172E-03 0.6341E-12      6
   59   16     0    -144      0    144  0.72908777E+00 -0.92847138E-03 0.6617E-12      6
   60   16     0    -143      0    143  0.73431159E+00 -0.80377140E-03 0.6279E-12      7
   61   16     0    -142      0    142  0.73892746E+00 -0.82310553E-03 0.4667E-12      7
   62   16     0    -141      0    141  0.74434234E+00 -0.96972481E-03 0.6372E-12      8
   63   16     0    -140      0    140  0.74995536E+00 -0.87942737E-03 0.1035E-11      7
   64   16     0    -139      0    139  0.75480081E+00 -0.82536542E-03 0.4851E-12      6
   65   16     0    -138      0    138  0.76024957E+00 -0.10068775E-02 0.1017E-11      7
   66   16     0    -137      0    137  0.76621937E+00 -0.96745358E-03 0.7590E-12      6
   67   16     0    -136      0    136  0.77139178E+00 -0.84269266E-03 0.9346E-12      6
   68   16     0    -135      0    135  0.77682987E+00 -0.10381341E-02 0.8347E-13      7
   69   16     0    -134      0    134  0.78311346E+00 -0.10658797E-02 0.3474E-13      6
   70   16     0    -133      0    133  0.78873815E+00 -0.89056364E-03 0.7461E-12      6
   71   16     0    -132      0    132  0.79415693E+00 -0.10591560E-02 0.2450E-12      6
   72   16     0    -131      0    131  0.80067126E+00 -0.11680776E-02 0.6533E-12      6
   73   16     0    -130      0    130  0.80682794E+00 -0.98464199E-03 0.2218E-11      7
   74   16     0    -129      0    129  0.81230800E+00 -0.10796362E-02 0.6056E-12      7
   75   16     0    -128      0    128  0.81896383E+00 -0.12789768E-02 0.8998E-12      6
   76   16     0    -127      0    127  0.82568529E+00 -0.11332670E-02 0.6881E-12      7
   77   16     0    -126      0    126  0.83137368E+00 -0.11076092E-02 0.8015E-12      9
   78   16     0    -125      0    125  0.83804782E+00 -0.13910341E-02 0.1728E-11      7
   79   16     0    -124      0    124  0.84527391E+00 -0.13205246E-02 0.1957E-13      6
   80   16     0    -123      0    123  0.85135875E+00 -0.11625834E-02 0.5169E-12      7
   81   16     0    -122      0    122  0.85796993E+00 -0.14909367E-02 0.8186E-12      8
   82   16     0    -121      0    121  0.86561736E+00 -0.15181263E-02 0.5842E-12      7
   83   16     0    -120      0    120  0.87229150E+00 -0.12470175E-02 0.1427E-11      7
   84   16     0    -119      0    119  0.87880612E+00 -0.15302990E-02 0.7002E-12      6
   85   16     0    -118      0    118  0.88677029E+00 -0.16632532E-02 0.9280E-12      7
   86   16     0    -117      0    117  0.89422830E+00 -0.13465246E-02 0.4182E-12      6
   87   16     0    -116      0    116  0.90073296E+00 -0.14426101E-02 0.1464E-11      8
   88   16     0    -115      0    115  0.90882172E+00 -0.16722968E-02 0.3834E-12      9
   89   16     0    -114      0    114  0.91710348E+00 -0.14162636E-02 0.6294E-12      7
   90   16     0    -113      0    113  0.92397425E+00 -0.12625961E-02 0.6470E-13      7
   91   16     0    -112      0    112  0.93200347E+00 -0.15296262E-02 0.5689E-12      7
   92   16     0    -111      0    111  0.94098944E+00 -0.13812492E-02 0.4866E-12      6
   93   16     0    -110      0    110  0.94860984E+00 -0.10727923E-02 0.3950E-12      6
   94   16     0    -109      0    109  0.95651612E+00 -0.12801283E-02 0.3114E-12      7
   95   16     0    -108      0    108  0.96605292E+00 -0.12392041E-02 0.6196E-12      8
   96   16     0    -107      0    107  0.97468433E+00 -0.91013135E-03 0.6709E-12      7
   97   16     0    -106      0    106  0.98254337E+00 -0.98018968E-03 0.6679E-12      7
   98   16     0    -105      0    105  0.99241843E+00 -0.10245392E-02 0.2078E-11      7
   99   16     0    -104      0    104  0.10021641E+01 -0.77209978E-03 0.8583E-12      7
  100   16     0    -103      0    103  0.10103069E+01 -0.69993178E-03 0.1597E-12      6
  101   16     0    -102      0    102  0.10202920E+01 -0.79153125E-03 0.1975E-11      7
  102   16     0    -101      0    101  0.10310894E+01 -0.64028365E-03 0.5817E-12      6
  103   16     0    -100      0    100  0.10399691E+01 -0.49057695E-03 0.1433E-11      6
  104   16     0     -99      0     99  0.10498703E+01 -0.58203333E-03 0.1031E-11      6
  105   16     0     -98      0     98  0.10615503E+01 -0.51386892E-03 0.1852E-11      6
  106   16     0     -97      0     97  0.10716064E+01 -0.35833100E-03 0.1288E-11      5
  107   16     0     -96      0     96  0.10813765E+01 -0.41053633E-03 0.1638E-11      5
  108   16     0     -95      0     95  0.10936956E+01 -0.39846335E-03 0.1790E-11      5
  109   16     0     -94      0     94  0.11052135E+01 -0.27876576E-03 0.2403E-11      5
  110   16     0     -93      0     93  0.11150859E+01 -0.27741310E-03 0.4785E-11      6
  111   16     0     -92      0     92  0.11277474E+01 -0.29787845E-03 0.1705E-11      5
  112   16     0     -91      0     91  0.11408013E+01 -0.22380582E-03 0.1932E-11      6
  113   16     0     -90      0     90  0.11513185E+01 -0.18202616E-03 0.4166E-11      6
  114   16     0     -89      0     89  0.11639742E+01 -0.21403176E-03 0.3825E-11      5
  115   16     0     -88      0     88  0.11784093E+01 -0.17682574E-03 0.1820E-11      6
  116   16     0     -87      0     87  0.11902921E+01 -0.12236676E-03 0.5657E-11      5
  117   16     0     -86      0     86  0.12027209E+01 -0.14642167E-03 0.7543E-11      6
  118   16     0     -85      0     85  0.12182572E+01 -0.13261103E-03 0.5860E-11      6
  119   16     0     -84      0     84  0.12320876E+01 -0.86525693E-04 0.1887E-10      6
  120   16     0     -83      0     83  0.12443991E+01 -0.92498259E-04 0.1712E-11      5
  121   16     0     -82      0     82  0.12606649E+01 -0.91756602E-04 0.2276E-10      5
  122   16     0     -81      0     81  0.12766902E+01 -0.61805562E-04 0.4728E-11      5
  123   16     0     -80      0     80  0.12894600E+01 -0.52850082E-04 0.2475E-10      6
  124   16     0     -79      0     79  0.13059744E+01 -0.58160057E-04 0.2283E-10      5
  125   16     0     -78      0     78  0.13240982E+01 -0.43469940E-04 0.1567E-10      6
  126   16     0     -77      0     77  0.13383049E+01 -0.30715712E-04 0.1301E-10      4
  127   16     0     -76      0     76  0.13545518E+01 -0.39075685E-04 0.2257E-10      5
  128   16     0     -74      0     74  0.13743981E+01 -0.35878278E-04 0.3806E-10      6
  129   16     0     -73      0     73  0.13910212E+01 -0.24537812E-04 0.5425E-10      5
  130   16     0     -72      0     72  0.14068701E+01 -0.31622604E-04 0.1747E-10      5
  131   16     0     -71      1     72  0.14279967E+01 -0.33357724E-04 0.1935E-10      6
  132   16     0     -70      1     71  0.14476215E+01 -0.23374993E-04 0.3384E-10      5
  133   16     0     -69      0     69  0.14636034E+01 -0.24815038E-04 0.1888E-10      5
  134   16     0     -68      0     68  0.14855074E+01 -0.28972307E-04 0.9745E-10      6
  135   16     0     -67      0     67  0.15082555E+01 -0.22026210E-04 0.1229E-09      6
  136   16     0     -66      0     66  0.15254794E+01 -0.18076041E-04 0.1043E-09      4
  137   16     0     -65      0     65  0.15475399E+01 -0.23573791E-04 0.6125E-11      6
  138   16     0     -64      0     64  0.15731755E+01 -0.19945321E-04 0.8492E-11      5
  139   16     0     -63      0     63  0.15930600E+01 -0.13415740E-04 0.1715E-09      5
  140   16     0     -62      0     62  0.16147482E+01 -0.18419398E-04 0.6117E-10      6
  141   16     0     -61      0     61  0.16428482E+01 -0.17272946E-04 0.4828E-10      4
  142   16     0     -60      0     60  0.16666493E+01 -0.10787384E-04 0.1449E-09      4
  143   16     0     -59      0     59  0.16878856E+01 -0.13522509E-04 0.3054E-10      5
  Time elapsed :      7.239 s

Mode Search
-----------

Mode parameters
   l : 17
   m : 0

Building frequency grid (REAL axis)
   added scan interval :  0.5202E+00 ->  0.2105E+01 (3000 points, INVERSE)

Building spatial grid
   Scaffold grid from model
   Split 367 subinterval(s) in iteration 1
   Split 26 subinterval(s) in iteration 2
   Split 0 subinterval(s) in iteration 3
   Final grid has 1 segment(s) and 7507 point(s):
      Segment 1 : x range 0.0000 -> 1.0012 (1 -> 7507)

Starting search (adiabatic)

Scanning frequencies
  Time elapsed :    35.957 s

Finding roots
  Time elapsed :      9.487 s

Processing modes
   id    l     m    n_pg    n_p    n_g       Re(omega)       Im(omega)        chi n_iter
  182   17     0    -188      0    188  0.59039120E+00  0.00000000E+00 0.6787E-14      6
  183   17     0    -187      0    187  0.59347894E+00  0.00000000E+00 0.3073E-12      5
  184   17     0    -186      0    186  0.59643663E+00  0.00000000E+00 0.2179E-12      6
  185   17     0    -185      0    185  0.59977915E+00  0.00000000E+00 0.6476E-12      5
  186   17     0    -184      0    184  0.60307285E+00  0.00000000E+00 0.5170E-13      6
  187   17     0    -183      0    183  0.60608656E+00  0.00000000E+00 0.1587E-12      6
  188   17     0    -182      0    182  0.60945088E+00  0.00000000E+00 0.7616E-12      5
  189   17     0    -181      0    181  0.61293786E+00  0.00000000E+00 0.1843E-12      6
  190   17     0    -180      0    180  0.61609490E+00  0.00000000E+00 0.3622E-12      5
  191   17     0    -179      0    179  0.61947336E+00  0.00000000E+00 0.1661E-12      6
  192   17     0    -178      0    178  0.62311491E+00  0.00000000E+00 0.1268E-12      5
  193   17     0    -177      0    177  0.62643737E+00  0.00000000E+00 0.6633E-13      5
  194   17     0    -176      0    176  0.62983163E+00  0.00000000E+00 0.4573E-12      6
  195   17     0    -175      0    175  0.63361976E+00  0.00000000E+00 0.8956E-12      5
  196   17     0    -174      0    174  0.63716184E+00  0.00000000E+00 0.4249E-13      6
  197   17     0    -173      0    173  0.64056522E+00  0.00000000E+00 0.7200E-13      6
  198   17     0    -172      0    172  0.64444854E+00  0.00000000E+00 0.9273E-13      5
  199   17     0    -171      0    171  0.64824723E+00  0.00000000E+00 0.2878E-12      5
  200   17     0    -170      0    170  0.65171583E+00  0.00000000E+00 0.1308E-12      5
  201   17     0    -169      0    169  0.65563840E+00  0.00000000E+00 0.7701E-13      5
  202   17     0    -168      0    168  0.65967789E+00  0.00000000E+00 0.3922E-12      6
  203   17     0    -167      0    167  0.66329681E+00  0.00000000E+00 0.1223E-12      6
  204   17     0    -166      0    166  0.66724446E+00  0.00000000E+00 0.1386E-12      5
  205   17     0    -165      0    165  0.67150604E+00  0.00000000E+00 0.4179E-13      6
  206   17     0    -164      0    164  0.67534332E+00  0.00000000E+00 0.8790E-13      5
  207   17     0    -163      0    163  0.67929557E+00  0.00000000E+00 0.1599E-12      5
  208   17     0    -162      0    162  0.68373056E+00  0.00000000E+00 0.1338E-12      6
  209   17     0    -161      0    161  0.68783847E+00  0.00000000E+00 0.1458E-12      5
  210   17     0    -160      0    160  0.69181614E+00  0.00000000E+00 0.1794E-13      6
  211   17     0    -159      0    159  0.69637120E+00  0.00000000E+00 0.1735E-13      5
  212   17     0    -158      0    158  0.70076291E+00  0.00000000E+00 0.5259E-12      6
  213   17     0    -157      0    157  0.70481851E+00  0.00000000E+00 0.5503E-12      6
  214   17     0    -156      0    156  0.70947036E+00  0.00000000E+00 0.1035E-12      5
  215   17     0    -155      0    155  0.71417850E+00  0.00000000E+00 0.4440E-13      5
  216   17     0    -154      0    154  0.71838307E+00  0.00000000E+00 0.6899E-13      5
  217   17     0    -153      0    153  0.72307078E+00  0.00000000E+00 0.4157E-13      5
  218   17     0    -152      0    152  0.72806055E+00  0.00000000E+00 0.6649E-13      6
  219   17     0    -151      0    151  0.73249136E+00  0.00000000E+00 0.1789E-12      6
  220   17     0    -150      0    150  0.73720314E+00  0.00000000E+00 0.1685E-12      6
  221   17     0    -149      0    149  0.74246044E+00  0.00000000E+00 0.1993E-12      6
  222   17     0    -148      0    148  0.74721567E+00  0.00000000E+00 0.3558E-12      5
  223   17     0    -147      0    147  0.75193243E+00  0.00000000E+00 0.3450E-12      6
  224   17     0    -146      0    146  0.75738378E+00  0.00000000E+00 0.7777E-13      6
  225   17     0    -145      0    145  0.76251564E+00  0.00000000E+00 0.3989E-12      5
  226   17     0    -144      0    144  0.76729843E+00  0.00000000E+00 0.6538E-13      6
  227   17     0    -143      0    143  0.77289246E+00  0.00000000E+00 0.5999E-12      5
  228   17     0    -142      0    142  0.77841586E+00  0.00000000E+00 0.3245E-12      6
  229   17     0    -141      0    141  0.78331988E+00  0.00000000E+00 0.3947E-13      6
  230   17     0    -140      0    140  0.78899652E+00  0.00000000E+00 0.3214E-12      5
  231   17     0    -139      0    139  0.79492490E+00  0.00000000E+00 0.3451E-12      6
  232   17     0    -138      0    138  0.80008861E+00  0.00000000E+00 0.1494E-12      6
  233   17     0    -137      0    137  0.80579702E+00  0.00000000E+00 0.3272E-12      5
  234   17     0    -136      0    136  0.81208912E+00  0.00000000E+00 0.1328E-12      6
  235   17     0    -135      0    135  0.81761369E+00  0.00000000E+00 0.9980E-13      5
  236   17     0    -134      0    134  0.82331728E+00  0.00000000E+00 0.1805E-12      6
  237   17     0    -133      0    133  0.82992112E+00  0.00000000E+00 0.7943E-13      6
  238   17     0    -132      0    132  0.83592970E+00  0.00000000E+00 0.1351E-12      6
  239   17     0    -131      0    131  0.84163795E+00  0.00000000E+00 0.2718E-12      6
  240   17     0    -130      0    130  0.84846018E+00  0.00000000E+00 0.2260E-14      5
  241   17     0    -129      0    129  0.85502338E+00  0.00000000E+00 0.5623E-13      5
  242   17     0    -128      0    128  0.86084109E+00  0.00000000E+00 0.1300E-12      6
  243   17     0    -127      0    127  0.86778775E+00  0.00000000E+00 0.7759E-13      5
  244   17     0    -126      0    126  0.87492597E+00  0.00000000E+00 0.2766E-12      6
  245   17     0    -125      0    125  0.88102073E+00  0.00000000E+00 0.3683E-13      6
  246   17     0    -124      0    124  0.88797647E+00  0.00000000E+00 0.5547E-13      5
  247   17     0    -123      0    123  0.89561812E+00  0.00000000E+00 0.1450E-13      6
  248   17     0    -122      0    122  0.90217720E+00  0.00000000E+00 0.1227E-12      5
  249   17     0    -121      0    121  0.90909186E+00  0.00000000E+00 0.1107E-12      6
  250   17     0    -120      0    120  0.91714869E+00  0.00000000E+00 0.1461E-13      6
  251   17     0    -119      0    119  0.92434263E+00  0.00000000E+00 0.2147E-12      6
  252   17     0    -118      0    118  0.93122363E+00  0.00000000E+00 0.3677E-13      6
  253   17     0    -117      0    117  0.93958410E+00  0.00000000E+00 0.7085E-13      5
  254   17     0    -116      0    116  0.94757014E+00  0.00000000E+00 0.1671E-12      6
  255   17     0    -115      0    115  0.95452398E+00  0.00000000E+00 0.7829E-13      6
  256   17     0    -114      0    114  0.96298011E+00  0.00000000E+00 0.2647E-12      5
  257   17     0    -113      0    113  0.97177470E+00  0.00000000E+00 0.1641E-12      6
  258   17     0    -112      0    112  0.97915410E+00  0.00000000E+00 0.1797E-12      6
  259   17     0    -111      0    111  0.98751849E+00  0.00000000E+00 0.9619E-13      5
  260   17     0    -110      0    110  0.99698869E+00  0.00000000E+00 0.1736E-12      5
  261   17     0    -109      0    109  0.10051643E+01  0.00000000E+00 0.2992E-13      5
  262   17     0    -108      0    108  0.10133854E+01  0.00000000E+00 0.1338E-14      6
  263   17     0    -107      0    107  0.10233551E+01  0.00000000E+00 0.8450E-13      6
  264   17     0    -106      0    106  0.10326020E+01  0.00000000E+00 0.2339E-12      6
  265   17     0    -105      0    105  0.10408090E+01  0.00000000E+00 0.2261E-12      6
  266   17     0    -104      0    104  0.10510339E+01  0.00000000E+00 0.1565E-12      5
  267   17     0    -103      0    103  0.10614410E+01  0.00000000E+00 0.2961E-12      6
  268   17     0    -102      0    102  0.10700736E+01  0.00000000E+00 0.1015E-12      5
  269   17     0    -101      0    101  0.10803060E+01  0.00000000E+00 0.1415E-13      6
  270   17     0    -100      0    100  0.10917593E+01  0.00000000E+00 0.1175E-12      6
  271   17     0     -99      0     99  0.11013534E+01  0.00000000E+00 0.1257E-12      5
  272   17     0     -98      0     98  0.11114325E+01  0.00000000E+00 0.8308E-13      6
  273   17     0     -97      0     97  0.11236985E+01  0.00000000E+00 0.4159E-12      6
  274   17     0     -96      0     96  0.11346750E+01  0.00000000E+00 0.2753E-13      6
  275   17     0     -95      0     95  0.11446759E+01  0.00000000E+00 0.5523E-13      6
  276   17     0     -94      0     94  0.11574457E+01  0.00000000E+00 0.1476E-12      5
  277   17     0     -93      0     93  0.11699814E+01  0.00000000E+00 0.2169E-12      6
  278   17     0     -92      0     92  0.11803254E+01  0.00000000E+00 0.4081E-13      6
  279   17     0     -91      0     91  0.11932507E+01  0.00000000E+00 0.7059E-13      5
  280   17     0     -90      0     90  0.12072873E+01  0.00000000E+00 0.1344E-12      6
  281   17     0     -89      0     89  0.12186644E+01  0.00000000E+00 0.1080E-12      6
  282   17     0     -88      0     88  0.12314102E+01  0.00000000E+00 0.1227E-15      6
  283   17     0     -87      0     87  0.12466879E+01  0.00000000E+00 0.1847E-12      6
  284   17     0     -86      0     86  0.12598018E+01  0.00000000E+00 0.1147E-12      6
  285   17     0     -85      0     85  0.12723050E+01  0.00000000E+00 0.4853E-13      6
  286   17     0     -84      0     84  0.12884647E+01  0.00000000E+00 0.6626E-13      6
  287   17     0     -83      0     83  0.13037273E+01  0.00000000E+00 0.4884E-13      5
  288   17     0     -82      0     82  0.13163881E+01  0.00000000E+00 0.3029E-12      6
  289   17     0     -81      0     81  0.13329746E+01  0.00000000E+00 0.9894E-13      5
  290   17     0     -80      0     80  0.13504048E+01  0.00000000E+00 0.4604E-13      5
  291   17     0     -79      0     79  0.13640756E+01  0.00000000E+00 0.7236E-13      6
  292   17     0     -78      0     78  0.13805683E+01  0.00000000E+00 0.1501E-12      6
  293   17     0     -77      0     77  0.13998855E+01  0.00000000E+00 0.2903E-13      6
  294   17     0     -76      0     76  0.14156254E+01  0.00000000E+00 0.3063E-12      5
  295   17     0     -75      0     75  0.14316552E+01  0.00000000E+00 0.1023E-12      6
  296   17     0     -74      0     74  0.14523750E+01  0.00000000E+00 0.2614E-12      6
  297   17     0     -73      0     73  0.14709536E+01  0.00000000E+00 0.6884E-14      6
  298   17     0     -72      0     72  0.14868063E+01  0.00000000E+00 0.1637E-12      6
  299   17     0     -71      0     71  0.15083855E+01  0.00000000E+00 0.3896E-12      5
  300   17     0     -70      0     70  0.15300323E+01  0.00000000E+00 0.1920E-12      6
  301   17     0     -69      0     69  0.15467202E+01  0.00000000E+00 0.4319E-13      6
  302   17     0     -68      0     68  0.15685561E+01  0.00000000E+00 0.1497E-13      6
  303   17     0     -67      0     67  0.15930932E+01  0.00000000E+00 0.9267E-13      6
  304   17     0     -66      0     66  0.16119888E+01  0.00000000E+00 0.7628E-13      5
  305   17     0     -65      0     65  0.16334979E+01  0.00000000E+00 0.1193E-12      6
  306   17     0     -64      0     64  0.16605097E+01  0.00000000E+00 0.3682E-14      6
  307   17     0     -63      0     63  0.16829429E+01  0.00000000E+00 0.3238E-13      6
  308   17     0     -62      0     62  0.17039223E+01  0.00000000E+00 0.1613E-12      6
  Time elapsed :      2.406 s

Starting search (non-adiabatic)

Finding roots
  Time elapsed :    139.605 s

Processing modes
   id    l     m    n_pg    n_p    n_g       Re(omega)       Im(omega)        chi n_iter
  182   17     0    -188      0    188  0.58928598E+00 -0.10454106E-02 0.7782E-12     10
  183   17     0    -187      0    187  0.59253551E+00 -0.92785808E-03 0.3714E-12      8
  184   17     0    -186      0    186  0.59543770E+00 -0.90315138E-03 0.4665E-12      7
  185   17     0    -185      0    185  0.59870740E+00 -0.10191913E-02 0.2080E-12      8
  186   17     0    -184      0    184  0.60214345E+00 -0.94020345E-03 0.5756E-12      7
  187   17     0    -183      0    183  0.60517986E+00 -0.85321036E-03 0.4330E-12      7
  188   17     0    -182      0    182  0.60843611E+00 -0.97749245E-03 0.5613E-12      9
  189   17     0    -181      0    181  0.61202042E+00 -0.94767002E-03 0.2704E-12      8
  190   17     0    -180      0    180  0.61526279E+00 -0.82883521E-03 0.2803E-12      8
  191   17     0    -179      0    179  0.61853380E+00 -0.92879122E-03 0.3212E-12      7
  192   17     0    -178      0    178  0.62222966E+00 -0.94122834E-03 0.3323E-12      8
  193   17     0    -177      0    177  0.62567386E+00 -0.81118809E-03 0.3618E-12      7
  194   17     0    -176      0    176  0.62897627E+00 -0.88017411E-03 0.8109E-12      8
  195   17     0    -175      0    175  0.63277503E+00 -0.93494320E-03 0.2989E-12      7
  196   17     0    -174      0    174  0.63645642E+00 -0.80948784E-03 0.3805E-12      7
  197   17     0    -173      0    173  0.63980586E+00 -0.82676997E-03 0.4317E-13      8
  198   17     0    -172      0    172  0.64365623E+00 -0.92220490E-03 0.8484E-12      7
  199   17     0    -171      0    171  0.64758115E+00 -0.82564315E-03 0.3491E-12      7
  200   17     0    -171      0    171  0.65105132E+00 -0.78152333E-03 0.5999E-12      6
  201   17     0    -170      0    170  0.65490948E+00 -0.90127904E-03 0.1005E-11      8
  202   17     0    -169      0    169  0.65904305E+00 -0.84700658E-03 0.5011E-12      6
  203   17     0    -168      0    168  0.66271032E+00 -0.75756962E-03 0.7895E-12      6
  204   17     0    -167      0    167  0.66657993E+00 -0.87929679E-03 0.3776E-12      8
  205   17     0    -165      0    165  0.67089903E+00 -0.87073426E-03 0.4597E-12      6
  206   17     0    -164      0    164  0.67481901E+00 -0.75106168E-03 0.4247E-13      6
  207   17     0    -163      0    163  0.67869688E+00 -0.85067081E-03 0.1753E-12      6
  208   17     0    -162      0    162  0.68315359E+00 -0.88838756E-03 0.4955E-12      8
  209   17     0    -163      0    163  0.68735857E+00 -0.76231671E-03 0.2890E-12      6
  210   17     0    -161      0    161  0.69128316E+00 -0.81753126E-03 0.9312E-12      6
  211   17     0    -160      0    160  0.69583022E+00 -0.89556838E-03 0.5158E-12      8
  212   17     0    -159      0    159  0.70031616E+00 -0.78314523E-03 0.6386E-12      7
  213   17     0    -158      0    158  0.70434744E+00 -0.78717668E-03 0.2987E-12      7
  214   17     0    -157      0    157  0.70896759E+00 -0.89837409E-03 0.7927E-12      6
  215   17     0    -156      0    156  0.71375588E+00 -0.81617863E-03 0.5706E-12      7
  216   17     0    -155      0    155  0.71797323E+00 -0.75904071E-03 0.1541E-12      8
  217   17     0    -154      0    154  0.72261310E+00 -0.88935292E-03 0.6290E-12      6
  218   17     0    -153      0    153  0.72766186E+00 -0.84905639E-03 0.2493E-12      6
  219   17     0    -152      0    152  0.73213492E+00 -0.74555302E-03 0.4902E-12      7
  220   17     0    -151      0    151  0.73679196E+00 -0.87768938E-03 0.1005E-11      8
  221   17     0    -150      0    150  0.74208460E+00 -0.88752478E-03 0.9725E-12      8
  222   17     0    -149      0    149  0.74690392E+00 -0.75331556E-03 0.5075E-12      6
  223   17     0    -148      0    148  0.75157034E+00 -0.85889800E-03 0.1485E-12      6
  224   17     0    -147      0    147  0.75703396E+00 -0.92339057E-03 0.3116E-12      7
  225   17     0    -146      0    146  0.76223587E+00 -0.78867052E-03 0.5624E-12      6
  226   17     0    -145      0    145  0.76698212E+00 -0.84500244E-03 0.3141E-12      7
  227   17     0    -144      0    144  0.77256898E+00 -0.96024219E-03 0.5106E-12      7
  228   17     0    -143      0    143  0.77815972E+00 -0.84389404E-03 0.7411E-12      6
  229   17     0    -142      0    142  0.78304592E+00 -0.83448703E-03 0.7508E-12      6
  230   17     0    -141      0    141  0.78869837E+00 -0.99630574E-03 0.3644E-12      6
  231   17     0    -140      0    140  0.79468317E+00 -0.92228812E-03 0.8132E-12     10
  232   17     0    -139      0    139  0.79985278E+00 -0.83929756E-03 0.6477E-12      6
  233   17     0    -138      0    138  0.80552385E+00 -0.10271705E-02 0.5496E-12      6
  234   17     0    -137      0    137  0.81185859E+00 -0.10101731E-02 0.1214E-11      6
  235   17     0    -136      0    136  0.81741151E+00 -0.86364246E-03 0.9301E-12      7
  236   17     0    -135      0    135  0.82306788E+00 -0.10512379E-02 0.1382E-12      8
  237   17     0    -134      0    134  0.82969925E+00 -0.11058480E-02 0.3615E-12      7
  238   17     0    -133      0    133  0.83575494E+00 -0.92312876E-03 0.9195E-12      7
  239   17     0    -132      0    132  0.84141207E+00 -0.10655049E-02 0.5373E-12      6
  240   17     0    -131      0    131  0.84824607E+00 -0.12043902E-02 0.1018E-11      7
  241   17     0    -130      0    130  0.85486597E+00 -0.10310122E-02 0.4858E-12      6
  242   17     0    -129      0    129  0.86063635E+00 -0.10830414E-02 0.9056E-13      8
  243   17     0    -128      0    128  0.86757520E+00 -0.13114846E-02 0.1033E-11      6
  244   17     0    -127      0    127  0.87476951E+00 -0.11923362E-02 0.1743E-11      7
  245   17     0    -126      0    126  0.88083134E+00 -0.11163984E-02 0.1048E-11      7
  246   17     0    -125      0    125  0.88774999E+00 -0.14193637E-02 0.9416E-12      7
  247   17     0    -124      0    124  0.89543588E+00 -0.13886675E-02 0.9587E-12      8
  248   17     0    -123      0    123  0.90198690E+00 -0.11892564E-02 0.6052E-12      7
  249   17     0    -122      0    122  0.90882136E+00 -0.15144038E-02 0.7039E-12      7
  250   17     0    -121      0    121  0.91689662E+00 -0.15916619E-02 0.2045E-11      7
  251   17     0    -120      0    120  0.92411893E+00 -0.13042436E-02 0.1130E-11      7
  252   17     0    -119      0    119  0.93087540E+00 -0.15474888E-02 0.1824E-12      8
  253   17     0    -118      0    118  0.93921301E+00 -0.17375057E-02 0.7539E-12      8
  254   17     0    -117      0    117  0.94726502E+00 -0.14396077E-02 0.1571E-11      8
  255   17     0    -116      0    116  0.95410379E+00 -0.14578864E-02 0.1127E-11      7
  256   17     0    -115      0    115  0.96248522E+00 -0.17412511E-02 0.3716E-12      8
  257   17     0    -114      0    114  0.97135141E+00 -0.15268088E-02 0.8280E-12      7
  258   17     0    -113      0    113  0.97871504E+00 -0.12921215E-02 0.2223E-11      8
  259   17     0    -112      0    112  0.98696345E+00 -0.15817610E-02 0.4911E-12      9
  260   17     0    -111      0    111  0.99648564E+00 -0.14817074E-02 0.4151E-12      7
  261   17     0    -110      0    110  0.10047533E+01 -0.11251328E-02 0.3531E-12      6
  262   17     0    -109      0    109  0.10128710E+01 -0.13054607E-02 0.1069E-11      7
  263   17     0    -108      0    108  0.10228641E+01 -0.13118908E-02 0.3786E-12      8
  264   17     0    -107      0    107  0.10322438E+01 -0.97603055E-03 0.1185E-11      6
  265   17     0    -106      0    106  0.10404170E+01 -0.98097877E-03 0.1367E-11      6
  266   17     0    -105      0    105  0.10506372E+01 -0.10651999E-02 0.1327E-12      7
  267   17     0    -104      0    104  0.10611517E+01 -0.83161143E-03 0.1376E-11      6
  268   17     0    -103      0    103  0.10698209E+01 -0.69436048E-03 0.1181E-11      6
  269   17     0    -102      0    102  0.10800323E+01 -0.80661585E-03 0.4869E-12      8
  270   17     0    -101      0    101  0.10915485E+01 -0.68136262E-03 0.5255E-12      7
  271   17     0    -100      0    100  0.11012031E+01 -0.49380619E-03 0.1544E-11      5
  272   17     0     -99      0     99  0.11112642E+01 -0.58016169E-03 0.5662E-12      6
  273   17     0     -98      0     98  0.11235583E+01 -0.53662456E-03 0.8226E-12      5
  274   17     0     -97      0     97  0.11345844E+01 -0.37187712E-03 0.1569E-11      5
  275   17     0     -96      0     96  0.11445808E+01 -0.39920755E-03 0.3537E-11      5
  276   17     0     -95      0     95  0.11573587E+01 -0.40765188E-03 0.2961E-11      6
  277   17     0     -94      0     94  0.11699243E+01 -0.29533102E-03 0.2167E-11      5
  278   17     0     -93      0     93  0.11802751E+01 -0.26449763E-03 0.1372E-11      5
  279   17     0     -92      0     92  0.11931994E+01 -0.29825071E-03 0.1796E-11      5
  280   17     0     -91      0     91  0.12072507E+01 -0.23616338E-03 0.4294E-11      6
  281   17     0     -90      0     90  0.12186382E+01 -0.17467884E-03 0.3512E-11      5
  282   17     0     -89      0     89  0.12313808E+01 -0.20940599E-03 0.9142E-11      6
  283   17     0     -88      0     88  0.12466644E+01 -0.18294141E-03 0.5131E-11      5
  284   17     0     -87      0     87  0.12597867E+01 -0.12213365E-03 0.2067E-11      6
  285   17     0     -86      0     86  0.12722882E+01 -0.13933304E-03 0.6961E-11      5
  286   17     0     -85      0     85  0.12884494E+01 -0.13423390E-03 0.1059E-10      5
  287   17     0     -84      0     84  0.13037175E+01 -0.90278931E-04 0.5514E-11      5
  288   17     0     -83      0     83  0.13163790E+01 -0.85880531E-04 0.1906E-10      5
  289   17     0     -82      0     82  0.13329661E+01 -0.91630936E-04 0.1558E-10      6
  290   17     0     -81      0     81  0.13504002E+01 -0.66064726E-04 0.6643E-11      5
  291   17     0     -80      0     80  0.13640735E+01 -0.49433796E-04 0.2001E-10      5
  292   17     0     -79      0     79  0.13805693E+01 -0.57812179E-04 0.2910E-11      6
  293   17     0     -78      0     78  0.13998910E+01 -0.46360962E-04 0.4312E-10      6
  294   17     0     -77      0     77  0.14156322E+01 -0.30092799E-04 0.5231E-10      5
  295   17     0     -76      0     76  0.14316681E+01 -0.37390390E-04 0.6603E-10      6
  296   17     0     -74      0     74  0.14523924E+01 -0.36222889E-04 0.2191E-10      6
  297   17     0     -73      0     73  0.14709676E+01 -0.24761399E-04 0.6324E-10      5
  298   17     0     -72      0     72  0.14868237E+01 -0.28199661E-04 0.4026E-10      5
  299   17     0     -71      1     72  0.15084065E+01 -0.31992125E-04 0.1392E-10      5
  300   17     0     -70      1     71  0.15300485E+01 -0.24039192E-04 0.1074E-10      5
  301   17     0     -69      0     69  0.15467347E+01 -0.21467897E-04 0.8090E-10      4
  302   17     0     -68      0     68  0.15685747E+01 -0.27245867E-04 0.6413E-10      5
  303   17     0     -67      0     67  0.15931087E+01 -0.22650160E-04 0.5097E-10      5
  304   17     0     -66      0     66  0.16119997E+01 -0.16102067E-04 0.8752E-10      4
  305   17     0     -65      0     65  0.16335128E+01 -0.21940408E-04 0.6484E-10      5
  306   17     0     -64      0     64  0.16605235E+01 -0.20253968E-04 0.8143E-10      5
  307   17     0     -63      0     63  0.16829516E+01 -0.12981006E-04 0.1138E-09      5
  308   17     0     -62      0     62  0.17039336E+01 -0.16790026E-04 0.3659E-10      4
  Time elapsed :      7.572 s

Mode Search
-----------

Mode parameters
   l : 18
   m : 0

Building frequency grid (REAL axis)
   added scan interval :  0.5202E+00 ->  0.2105E+01 (3000 points, INVERSE)

Building spatial grid
   Scaffold grid from model
   Split 371 subinterval(s) in iteration 1
   Split 28 subinterval(s) in iteration 2
   Split 0 subinterval(s) in iteration 3
   Final grid has 1 segment(s) and 7513 point(s):
      Segment 1 : x range 0.0000 -> 1.0012 (1 -> 7513)

Starting search (adiabatic)

Scanning frequencies
  Time elapsed :    35.691 s

Finding roots
  Time elapsed :      9.797 s

Processing modes
   id    l     m    n_pg    n_p    n_g       Re(omega)       Im(omega)        chi n_iter
  348   18     0    -199      0    199  0.58957812E+00  0.00000000E+00 0.2346E-13      6
  349   18     0    -198      0    198  0.59261406E+00  0.00000000E+00 0.1017E-12      5
  350   18     0    -197      0    197  0.59568232E+00  0.00000000E+00 0.1255E-12      5
  351   18     0    -196      0    196  0.59850567E+00  0.00000000E+00 0.1513E-12      5
  352   18     0    -195      0    195  0.60155565E+00  0.00000000E+00 0.2546E-12      5
  353   18     0    -194      0    194  0.60477148E+00  0.00000000E+00 0.1894E-12      5
  354   18     0    -193      0    193  0.60773258E+00  0.00000000E+00 0.2325E-12      5
  355   18     0    -192      0    192  0.61079600E+00  0.00000000E+00 0.4194E-14      5
  356   18     0    -191      0    191  0.61411754E+00  0.00000000E+00 0.2369E-12      6
  357   18     0    -190      0    190  0.61722226E+00  0.00000000E+00 0.5536E-12      5
  358   18     0    -189      0    189  0.62032647E+00  0.00000000E+00 0.2538E-13      5
  359   18     0    -188      0    188  0.62377276E+00  0.00000000E+00 0.6398E-12      6
  360   18     0    -187      0    187  0.62706270E+00  0.00000000E+00 0.2539E-13      5
  361   18     0    -186      0    186  0.63017010E+00  0.00000000E+00 0.2968E-12      6
  362   18     0    -185      0    185  0.63367487E+00  0.00000000E+00 0.8256E-12      5
  363   18     0    -184      0    184  0.63717961E+00  0.00000000E+00 0.3387E-12      6
  364   18     0    -183      0    183  0.64036388E+00  0.00000000E+00 0.1801E-12      6
  365   18     0    -182      0    182  0.64388098E+00  0.00000000E+00 0.2522E-12      5
  366   18     0    -181      0    181  0.64757942E+00  0.00000000E+00 0.8978E-13      6
  367   18     0    -180      0    180  0.65093225E+00  0.00000000E+00 0.4266E-12      5
  368   18     0    -179      0    179  0.65446093E+00  0.00000000E+00 0.5096E-12      6
  369   18     0    -178      0    178  0.65830915E+00  0.00000000E+00 0.3574E-12      6
  370   18     0    -177      0    177  0.66184940E+00  0.00000000E+00 0.4569E-12      5
  371   18     0    -176      0    176  0.66539721E+00  0.00000000E+00 0.9050E-13      6
  372   18     0    -175      0    175  0.66938397E+00  0.00000000E+00 0.2655E-12      5
  373   18     0    -174      0    174  0.67316390E+00  0.00000000E+00 0.3470E-12      6
  374   18     0    -173      0    173  0.67673387E+00  0.00000000E+00 0.3889E-12      6
  375   18     0    -172      0    172  0.68080276E+00  0.00000000E+00 0.2491E-13      5
  376   18     0    -171      0    171  0.68485054E+00  0.00000000E+00 0.2152E-12      6
  377   18     0    -170      0    170  0.68851211E+00  0.00000000E+00 0.2240E-13      5
  378   18     0    -169      0    169  0.69260728E+00  0.00000000E+00 0.9823E-12      5
  379   18     0    -168      0    168  0.69689700E+00  0.00000000E+00 0.6811E-12      5
  380   18     0    -167      0    167  0.70074058E+00  0.00000000E+00 0.2939E-12      6
  381   18     0    -166      0    166  0.70485436E+00  0.00000000E+00 0.3376E-12      6
  382   18     0    -165      0    165  0.70936028E+00  0.00000000E+00 0.2626E-12      6
  383   18     0    -164      0    164  0.71345381E+00  0.00000000E+00 0.7152E-13      5
  384   18     0    -163      0    163  0.71757494E+00  0.00000000E+00 0.5556E-13      6
  385   18     0    -162      0    162  0.72224192E+00  0.00000000E+00 0.1003E-12      6
  386   18     0    -161      0    161  0.72663015E+00  0.00000000E+00 0.4441E-12      6
  387   18     0    -160      0    160  0.73079335E+00  0.00000000E+00 0.1889E-12      5
  388   18     0    -159      0    159  0.73556545E+00  0.00000000E+00 0.3629E-12      5
  389   18     0    -158      0    158  0.74025169E+00  0.00000000E+00 0.1054E-12      6
  390   18     0    -157      0    157  0.74452031E+00  0.00000000E+00 0.8398E-13      6
  391   18     0    -156      0    156  0.74937470E+00  0.00000000E+00 0.1350E-12      5
  392   18     0    -155      0    155  0.75438309E+00  0.00000000E+00 0.3474E-12      6
  393   18     0    -154      0    154  0.75884030E+00  0.00000000E+00 0.3989E-12      6
  394   18     0    -153      0    153  0.76371802E+00  0.00000000E+00 0.2326E-12      6
  395   18     0    -152      0    152  0.76900336E+00  0.00000000E+00 0.3056E-13      6
  396   18     0    -151      0    151  0.77372761E+00  0.00000000E+00 0.7050E-13      5
  397   18     0    -150      0    150  0.77862618E+00  0.00000000E+00 0.3752E-12      6
  398   18     0    -149      0    149  0.78416707E+00  0.00000000E+00 0.8041E-13      5
  399   18     0    -148      0    148  0.78925481E+00  0.00000000E+00 0.1918E-12      5
  400   18     0    -147      0    147  0.79417055E+00  0.00000000E+00 0.1449E-12      6
  401   18     0    -146      0    146  0.79988529E+00  0.00000000E+00 0.1490E-13      5
  402   18     0    -145      0    145  0.80537507E+00  0.00000000E+00 0.9643E-13      6
  403   18     0    -144      0    144  0.81038820E+00  0.00000000E+00 0.3247E-12      6
  404   18     0    -143      0    143  0.81622319E+00  0.00000000E+00 0.7325E-14      5
  405   18     0    -142      0    142  0.82211759E+00  0.00000000E+00 0.3767E-12      5
  406   18     0    -141      0    141  0.82729834E+00  0.00000000E+00 0.1523E-12      6
  407   18     0    -140      0    140  0.83319316E+00  0.00000000E+00 0.3579E-12      6
  408   18     0    -139      0    139  0.83949182E+00  0.00000000E+00 0.3637E-12      6
  409   18     0    -138      0    138  0.84499225E+00  0.00000000E+00 0.3562E-13      5
  410   18     0    -137      0    137  0.85090433E+00  0.00000000E+00 0.5144E-13      6
  411   18     0    -136      0    136  0.85755216E+00  0.00000000E+00 0.6961E-13      6
  412   18     0    -135      0    135  0.86347280E+00  0.00000000E+00 0.1940E-12      5
  413   18     0    -134      0    134  0.86938179E+00  0.00000000E+00 0.2871E-13      5
  414   18     0    -133      0    133  0.87631488E+00  0.00000000E+00 0.2815E-13      6
  415   18     0    -132      0    132  0.88276839E+00  0.00000000E+00 0.1997E-12      5
  416   18     0    -131      0    131  0.88871370E+00  0.00000000E+00 0.9858E-14      6
  417   18     0    -130      0    130  0.89582739E+00  0.00000000E+00 0.3262E-12      5
  418   18     0    -129      0    129  0.90286114E+00  0.00000000E+00 0.9823E-14      6
  419   18     0    -128      0    128  0.90898212E+00  0.00000000E+00 0.2102E-12      6
  420   18     0    -127      0    127  0.91617688E+00  0.00000000E+00 0.6331E-12      5
  421   18     0    -126      0    126  0.92378496E+00  0.00000000E+00 0.7580E-13      6
  422   18     0    -125      0    125  0.93027731E+00  0.00000000E+00 0.1333E-12      4
  423   18     0    -124      0    124  0.93744397E+00  0.00000000E+00 0.1403E-13      5
  424   18     0    -123      0    123  0.94552988E+00  0.00000000E+00 0.5643E-14      6
  425   18     0    -122      0    122  0.95258194E+00  0.00000000E+00 0.1218E-12      5
  426   18     0    -121      0    121  0.95969892E+00  0.00000000E+00 0.2216E-13      6
  427   18     0    -120      0    120  0.96815429E+00  0.00000000E+00 0.6284E-14      6
  428   18     0    -119      0    119  0.97591815E+00  0.00000000E+00 0.3518E-13      6
  429   18     0    -118      0    118  0.98304251E+00  0.00000000E+00 0.3414E-12      6
  430   18     0    -117      0    117  0.99173378E+00  0.00000000E+00 0.4741E-13      5
  431   18     0    -116      0    116  0.10003261E+01  0.00000000E+00 0.1703E-12      5
  432   18     0    -115      0    115  0.10076407E+01  0.00000000E+00 0.1368E-12      5
  433   18     0    -114      0    114  0.10163406E+01  0.00000000E+00 0.2643E-12      6
  434   18     0    -113      0    113  0.10257175E+01  0.00000000E+00 0.1672E-13      6
  435   18     0    -112      0    112  0.10336316E+01  0.00000000E+00 0.7399E-13      6
  436   18     0    -111      0    111  0.10421760E+01  0.00000000E+00 0.2353E-12      6
  437   18     0    -110      0    110  0.10521567E+01  0.00000000E+00 0.7853E-14      5
  438   18     0    -109      0    109  0.10610221E+01  0.00000000E+00 0.3158E-12      6
  439   18     0    -108      0    108  0.10694438E+01  0.00000000E+00 0.4863E-13      6
  440   18     0    -107      0    107  0.10798144E+01  0.00000000E+00 0.9461E-13      5
  441   18     0    -106      0    106  0.10898321E+01  0.00000000E+00 0.1970E-13      6
  442   18     0    -105      0    105  0.10983949E+01  0.00000000E+00 0.1188E-12      6
  443   18     0    -104      0    104  0.11088827E+01  0.00000000E+00 0.2690E-12      6
  444   18     0    -103      0    103  0.11200432E+01  0.00000000E+00 0.2834E-12      6
  445   18     0    -102      0    102  0.11292966E+01  0.00000000E+00 0.1386E-12      6
  446   18     0    -101      0    101  0.11396715E+01  0.00000000E+00 0.2429E-12      6
  447   18     0    -100      0    100  0.11517846E+01  0.00000000E+00 0.4202E-13      6
  448   18     0     -99      0     99  0.11622576E+01  0.00000000E+00 0.1994E-12      5
  449   18     0     -98      0     98  0.11724630E+01  0.00000000E+00 0.1002E-12      6
  450   18     0     -97      0     97  0.11852387E+01  0.00000000E+00 0.5946E-14      5
  451   18     0     -96      0     96  0.11972410E+01  0.00000000E+00 0.1058E-13      6
  452   18     0     -95      0     95  0.12075396E+01  0.00000000E+00 0.2172E-12      6
  453   18     0     -94      0     94  0.12206197E+01  0.00000000E+00 0.1795E-12      6
  454   18     0     -93      0     93  0.12341792E+01  0.00000000E+00 0.7026E-13      6
  455   18     0     -92      0     92  0.12451816E+01  0.00000000E+00 0.1529E-12      6
  456   18     0     -91      0     91  0.12582065E+01  0.00000000E+00 0.1389E-13      6
  457   18     0     -90      0     90  0.12731405E+01  0.00000000E+00 0.4607E-13      6
  458   18     0     -89      0     89  0.12855973E+01  0.00000000E+00 0.2294E-12      5
  459   18     0     -88      0     88  0.12983326E+01  0.00000000E+00 0.2205E-12      6
  460   18     0     -87      0     87  0.13142933E+01  0.00000000E+00 0.8323E-13      6
  461   18     0     -86      0     86  0.13287748E+01  0.00000000E+00 0.1506E-12      5
  462   18     0     -85      0     85  0.13414245E+01  0.00000000E+00 0.1802E-12      6
  463   18     0     -84      0     84  0.13579747E+01  0.00000000E+00 0.2137E-12      5
  464   18     0     -83      0     83  0.13746563E+01  0.00000000E+00 0.3473E-12      5
  465   18     0     -82      0     82  0.13879492E+01  0.00000000E+00 0.5191E-13      6
  466   18     0     -81      0     81  0.14045725E+01  0.00000000E+00 0.5642E-13      6
  467   18     0     -80      0     80  0.14232542E+01  0.00000000E+00 0.1403E-12      6
  468   18     0     -79      0     79  0.14382109E+01  0.00000000E+00 0.6871E-14      6
  469   18     0     -78      0     78  0.14544546E+01  0.00000000E+00 0.2462E-12      6
  470   18     0     -77      0     77  0.14747109E+01  0.00000000E+00 0.2795E-13      6
  471   18     0     -76      0     76  0.14922690E+01  0.00000000E+00 0.2053E-13      6
  472   18     0     -75      0     75  0.15080993E+01  0.00000000E+00 0.2281E-13      6
  473   18     0     -74      0     74  0.15293375E+01  0.00000000E+00 0.1314E-12      6
  474   18     0     -73      0     73  0.15499066E+01  0.00000000E+00 0.4024E-13      6
  475   18     0     -72      0     72  0.15661492E+01  0.00000000E+00 0.1074E-12      6
  476   18     0     -71      0     71  0.15877205E+01  0.00000000E+00 0.2592E-12      6
  477   18     0     -70      0     70  0.16111730E+01  0.00000000E+00 0.1309E-12      6
  478   18     0     -69      0     69  0.16292096E+01  0.00000000E+00 0.1267E-12      6
  479   18     0     -68      0     68  0.16505157E+01  0.00000000E+00 0.4554E-13      5
  480   18     0     -67      0     67  0.16764549E+01  0.00000000E+00 0.1222E-12      6
  481   18     0     -66      0     66  0.16976348E+01  0.00000000E+00 0.1569E-13      5
  Time elapsed :      3.147 s

Starting search (non-adiabatic)

Finding roots
  Time elapsed :    183.531 s

Processing modes
   id    l     m    n_pg    n_p    n_g       Re(omega)       Im(omega)        chi n_iter
  348   18     0    -199      0    199  0.58839560E+00 -0.10950102E-02 0.3959E-12      9
  349   18     0    -198      0    198  0.59131439E+00 -0.12180270E-02 0.7225E-12      9
  350   18     0    -196      0    196  0.59740073E+00 -0.10376152E-02 0.2472E-12      9
  351   18     0    -195      0    195  0.60030839E+00 -0.11448355E-02 0.2051E-12      8
  352   18     0    -194      0    194  0.60359259E+00 -0.11621606E-02 0.5864E-12      8
  353   18     0    -193      0    193  0.60668194E+00 -0.10164027E-02 0.4196E-12      9
  354   18     0    -192      0    192  0.60962300E+00 -0.10758837E-02 0.5576E-12      7
  355   18     0    -191      0    191  0.61296253E+00 -0.11339348E-02 0.2531E-12      9
  356   18     0    -190      0    190  0.61621449E+00 -0.10019511E-02 0.5982E-12      8
  357   18     0    -189      0    189  0.61922232E+00 -0.10234261E-02 0.1901E-12      7
  358   18     0    -188      0    188  0.62263803E+00 -0.11163619E-02 0.1211E-12      9
  359   18     0    -187      0    187  0.62609144E+00 -0.10004995E-02 0.1373E-12     10
  360   18     0    -186      0    186  0.62916136E+00 -0.95392836E-03 0.3232E-12      9
  361   18     0    -185      0    185  0.63257940E+00 -0.10814626E-02 0.6494E-12     10
  362   18     0    -184      0    184  0.63622047E+00 -0.10107689E-02 0.1233E-12      9
  363   18     0    -183      0    183  0.63944907E+00 -0.90259579E-03 0.2620E-12      7
  364   18     0    -182      0    182  0.64284931E+00 -0.10306590E-02 0.2972E-12      9
  365   18     0    -181      0    181  0.64663458E+00 -0.10134927E-02 0.3603E-12     10
  366   18     0    -180      0    180  0.65009059E+00 -0.87964623E-03 0.3718E-12      9
  367   18     0    -179      0    179  0.65351165E+00 -0.97369443E-03 0.1365E-13      7
  368   18     0    -178      0    178  0.65740152E+00 -0.10009367E-02 0.4744E-12      8
  369   18     0    -177      0    177  0.66107471E+00 -0.86319950E-03 0.3219E-12      7
  370   18     0    -176      0    176  0.66453874E+00 -0.91837133E-03 0.1062E-12      7
  371   18     0    -175      0    175  0.66852313E+00 -0.98840604E-03 0.3278E-12      8
  372   18     0    -174      0    174  0.67244511E+00 -0.86330582E-03 0.7509E-13      8
  373   18     0    -173      0    173  0.67597670E+00 -0.86004033E-03 0.6355E-12      8
  374   18     0    -173      0    173  0.68000114E+00 -0.96881546E-03 0.8844E-12      9
  375   18     0    -172      0    172  0.68417056E+00 -0.87980168E-03 0.4879E-12      9
  376   18     0    -171      0    171  0.68785218E+00 -0.81365320E-03 0.2829E-12      9
  377   18     0    -170      0    170  0.69187531E+00 -0.94094638E-03 0.7141E-12      8
  378   18     0    -169      0    169  0.69625040E+00 -0.89929929E-03 0.4132E-12      8
  379   18     0    -168      0    168  0.70015824E+00 -0.79182758E-03 0.2693E-12      9
  380   18     0    -167      0    167  0.70419220E+00 -0.91243406E-03 0.1018E-12      9
  381   18     0    -166      0    166  0.70874527E+00 -0.91953561E-03 0.3897E-13      9
  382   18     0    -164      0    164  0.71293160E+00 -0.78924001E-03 0.1830E-12      8
  383   18     0    -163      0    163  0.71698335E+00 -0.87756146E-03 0.1138E-12      9
  384   18     0    -162      0    162  0.72166174E+00 -0.93211827E-03 0.6097E-12      9
  385   18     0    -162      0    162  0.72615037E+00 -0.80414372E-03 0.5463E-12      8
  386   18     0    -161      0    161  0.73027117E+00 -0.83980474E-03 0.6544E-12      9
  387   18     0    -160      0    160  0.73502621E+00 -0.93345161E-03 0.9772E-12      9
  388   18     0    -159      0    159  0.73980450E+00 -0.82679887E-03 0.2145E-12      8
  389   18     0    -158      0    158  0.74406242E+00 -0.80722245E-03 0.1088E-11      9
  390   18     0    -157      0    157  0.74887859E+00 -0.92997085E-03 0.9808E-12     10
  391   18     0    -156      0    156  0.75396109E+00 -0.85977891E-03 0.2021E-12      9
  392   18     0    -155      0    155  0.75844437E+00 -0.78011355E-03 0.1661E-12      8
  393   18     0    -154      0    154  0.76327149E+00 -0.91422215E-03 0.5097E-12      8
  394   18     0    -153      0    153  0.76860808E+00 -0.89038082E-03 0.9055E-12      8
  395   18     0    -152      0    152  0.77338447E+00 -0.77035248E-03 0.3563E-12      8
  396   18     0    -151      0    151  0.77823003E+00 -0.89626045E-03 0.7651E-12      9
  397   18     0    -150      0    150  0.78379849E+00 -0.92515927E-03 0.7190E-12      9
  398   18     0    -149      0    149  0.78895487E+00 -0.78439296E-03 0.7260E-12      8
  399   18     0    -148      0    148  0.79382658E+00 -0.87200131E-03 0.1106E-11     10
  400   18     0    -147      0    147  0.79954673E+00 -0.95649816E-03 0.1010E-11      9
  401   18     0    -146      0    146  0.80510614E+00 -0.82568945E-03 0.4611E-12      8
  402   18     0    -145      0    145  0.81009224E+00 -0.85503300E-03 0.1078E-11      8
  403   18     0    -144      0    144  0.81591476E+00 -0.98816417E-03 0.2490E-13      9
  404   18     0    -143      0    143  0.82187244E+00 -0.88516365E-03 0.3088E-12      9
  405   18     0    -142      0    142  0.82704635E+00 -0.84427603E-03 0.5024E-12      9
  406   18     0    -141      0    141  0.83291376E+00 -0.10181786E-02 0.1194E-11      9
  407   18     0    -140      0    140  0.83926302E+00 -0.96477232E-03 0.4956E-12      7
  408   18     0    -139      0    139  0.84477927E+00 -0.85388569E-03 0.2623E-12      8
  409   18     0    -138      0    138  0.85065357E+00 -0.10418919E-02 0.1624E-11      8
  410   18     0    -137      0    137  0.85733807E+00 -0.10507990E-02 0.6917E-12     10
  411   18     0    -136      0    136  0.86329386E+00 -0.88735249E-03 0.3990E-12      9
  412   18     0    -135      0    135  0.86915858E+00 -0.10581613E-02 0.1676E-11      9
  413   18     0    -134      0    134  0.87611441E+00 -0.11421840E-02 0.4909E-12     11
  414   18     0    -133      0    133  0.88261727E+00 -0.95966759E-03 0.6097E-12      9
  415   18     0    -132      0    132  0.88851813E+00 -0.10661447E-02 0.6788E-12      9
  416   18     0    -131      0    131  0.89564032E+00 -0.12358106E-02 0.7075E-12      9
  417   18     0    -130      0    130  0.90272864E+00 -0.10808391E-02 0.3527E-12      9
  418   18     0    -129      0    129  0.90881220E+00 -0.10830922E-02 0.7249E-12      9
  419   18     0    -128      0    128  0.91599723E+00 -0.13377015E-02 0.1311E-11      8
  420   18     0    -127      0    127  0.92365635E+00 -0.12525031E-02 0.7588E-12     10
  421   18     0    -126      0    126  0.93012761E+00 -0.11264653E-02 0.4898E-12      8
  422   18     0    -125      0    125  0.93725618E+00 -0.14396170E-02 0.1148E-11      9
  423   18     0    -124      0    124  0.94538040E+00 -0.14549035E-02 0.3018E-12      8
  424   18     0    -123      0    123  0.95243531E+00 -0.12225608E-02 0.2834E-12      9
  425   18     0    -122      0    122  0.95947294E+00 -0.15276998E-02 0.4704E-12     10
  426   18     0    -121      0    121  0.96794082E+00 -0.16602276E-02 0.1143E-11      9
  427   18     0    -120      0    120  0.97573785E+00 -0.13717924E-02 0.1054E-11     10
  428   18     0    -119      0    119  0.98274514E+00 -0.15539363E-02 0.1334E-11     10
  429   18     0    -118      0    118  0.99140627E+00 -0.18040769E-02 0.1568E-11      8
  430   18     0    -117      0    117  0.10000555E+01 -0.15414951E-02 0.1246E-11      9
  431   18     0    -116      0    116  0.10072755E+01 -0.14682965E-02 0.5510E-12      9
  432   18     0    -115      0    115  0.10158891E+01 -0.17999730E-02 0.1428E-11      9
  433   18     0    -114      0    114  0.10253170E+01 -0.16396016E-02 0.1305E-11     10
  434   18     0    -113      0    113  0.10332397E+01 -0.13283270E-02 0.8930E-12      9
  435   18     0    -112      0    112  0.10416603E+01 -0.16208092E-02 0.2715E-12      8
  436   18     0    -111      0    111  0.10516709E+01 -0.15785745E-02 0.9615E-12     11
  437   18     0    -110      0    110  0.10606384E+01 -0.11908838E-02 0.3390E-12      8
  438   18     0    -109      0    109  0.10689675E+01 -0.13168755E-02 0.4899E-12     10
  439   18     0    -108      0    108  0.10793424E+01 -0.13768200E-02 0.5257E-12     10
  440   18     0    -107      0    107  0.10894848E+01 -0.10516240E-02 0.4633E-12      9
  441   18     0    -106      0    106  0.10980403E+01 -0.97352075E-03 0.8979E-12     10
  442   18     0    -105      0    105  0.11085097E+01 -0.10960034E-02 0.4180E-12      9
  443   18     0    -104      0    104  0.11197624E+01 -0.89201891E-03 0.7341E-12      8
  444   18     0    -103      0    103  0.11290725E+01 -0.69044374E-03 0.3888E-12      8
  445   18     0    -102      0    102  0.11394226E+01 -0.81171507E-03 0.1161E-11      9
  446   18     0    -101      0    101  0.11515857E+01 -0.71824576E-03 0.1737E-11     10
  447   18     0    -100      0    100  0.11621240E+01 -0.50410104E-03 0.3887E-12      9
  448   18     0     -99      0     99  0.11723165E+01 -0.56962594E-03 0.9708E-12      8
  449   18     0     -98      0     98  0.11851119E+01 -0.55420536E-03 0.2742E-11     10
  450   18     0     -97      0     97  0.11971596E+01 -0.39136728E-03 0.8405E-12      9
  451   18     0     -96      0     96  0.12074612E+01 -0.38255518E-03 0.6953E-12      8
  452   18     0     -95      0     95  0.12205449E+01 -0.41203279E-03 0.4922E-11      9
  453   18     0     -94      0     94  0.12341288E+01 -0.31330693E-03 0.1026E-11      8
  454   18     0     -93      0     93  0.12451423E+01 -0.25137444E-03 0.5397E-11      8
  455   18     0     -92      0     92  0.12581651E+01 -0.29449057E-03 0.6304E-11     10
  456   18     0     -91      0     91  0.12731099E+01 -0.24673037E-03 0.2423E-11      8
  457   18     0     -90      0     90  0.12855774E+01 -0.17063513E-03 0.2399E-11      9
  458   18     0     -89      0     89  0.12983106E+01 -0.20131453E-03 0.7120E-11     10
  459   18     0     -88      0     88  0.13142750E+01 -0.18672844E-03 0.3840E-11      8
  460   18     0     -87      0     87  0.13287634E+01 -0.12519435E-03 0.5129E-11      8
  461   18     0     -86      0     86  0.13414130E+01 -0.12994762E-03 0.6956E-11      8
  462   18     0     -85      0     85  0.13579637E+01 -0.13410106E-03 0.2291E-10      8
  463   18     0     -84      0     84  0.13746491E+01 -0.95440837E-04 0.2141E-11     11
  464   18     0     -83      0     83  0.13879436E+01 -0.78998284E-04 0.2227E-10      8
  465   18     0     -82      0     82  0.14045672E+01 -0.90337190E-04 0.1489E-10      8
  466   18     0     -81      0     81  0.14232516E+01 -0.70227169E-04 0.9457E-11     10
  467   18     0     -80      0     80  0.14382105E+01 -0.47172734E-04 0.4927E-11      8
  468   18     0     -79      0     79  0.14544570E+01 -0.56503301E-04 0.7071E-10      8
  469   18     0     -78      0     78  0.14747174E+01 -0.48774858E-04 0.2431E-10      9
  470   18     0     -77      0     77  0.14922763E+01 -0.30837148E-04 0.1237E-10      9
  471   18     0     -76      0     76  0.15081112E+01 -0.35076064E-04 0.4884E-10      9
  472   18     0     -75      0     75  0.15293546E+01 -0.36230852E-04 0.6064E-10      9
  473   18     0     -73      0     73  0.15499214E+01 -0.25910448E-04 0.6095E-10     10
  474   18     0     -72      0     72  0.15661647E+01 -0.24755052E-04 0.5097E-10      8
  475   18     0     -71      1     72  0.15877409E+01 -0.30354131E-04 0.2770E-10      8
  476   18     0     -70      1     71  0.16111903E+01 -0.24795535E-04 0.3617E-10     10
  477   18     0     -69      1     70  0.16292229E+01 -0.18775855E-04 0.5213E-10     10
  478   18     0     -68      0     68  0.16505338E+01 -0.25246785E-04 0.1322E-09     10
  479   18     0     -67      0     67  0.16764714E+01 -0.22943177E-04 0.2980E-10     10
  480   18     0     -66      0     66  0.16976456E+01 -0.15126687E-04 0.3703E-10      8
  Time elapsed :      8.302 s

Mode Search
-----------

Mode parameters
   l : 19
   m : 0

Building frequency grid (REAL axis)
   added scan interval :  0.5202E+00 ->  0.2105E+01 (3000 points, INVERSE)

Building spatial grid
   Scaffold grid from model
   Split 374 subinterval(s) in iteration 1
   Split 28 subinterval(s) in iteration 2
   Split 0 subinterval(s) in iteration 3
   Final grid has 1 segment(s) and 7516 point(s):
      Segment 1 : x range 0.0000 -> 1.0012 (1 -> 7516)

Starting search (adiabatic)

Scanning frequencies
  Time elapsed :    35.760 s

Finding roots
  Time elapsed :     10.577 s

Processing modes
   id    l     m    n_pg    n_p    n_g       Re(omega)       Im(omega)        chi n_iter
  525   19     0    -209      0    209  0.59182280E+00  0.00000000E+00 0.3519E-13      5
  526   19     0    -208      0    208  0.59458691E+00  0.00000000E+00 0.5730E-12      6
  527   19     0    -207      0    207  0.59756481E+00  0.00000000E+00 0.2485E-12      5
  528   19     0    -206      0    206  0.60037836E+00  0.00000000E+00 0.2908E-12      5
  529   19     0    -205      0    205  0.60319016E+00  0.00000000E+00 0.6650E-12      5
  530   19     0    -204      0    204  0.60624481E+00  0.00000000E+00 0.4117E-13      6
  531   19     0    -203      0    203  0.60917570E+00  0.00000000E+00 0.2934E-12      5
  532   19     0    -202      0    202  0.61201805E+00  0.00000000E+00 0.3029E-12      6
  533   19     0    -201      0    201  0.61514651E+00  0.00000000E+00 0.2620E-12      5
  534   19     0    -200      0    200  0.61823347E+00  0.00000000E+00 0.2475E-12      6
  535   19     0    -199      0    199  0.62113223E+00  0.00000000E+00 0.2510E-12      6
  536   19     0    -198      0    198  0.62430669E+00  0.00000000E+00 0.1714E-13      5
  537   19     0    -197      0    197  0.62755262E+00  0.00000000E+00 0.1378E-12      6
  538   19     0    -196      0    196  0.63053350E+00  0.00000000E+00 0.3981E-13      5
  539   19     0    -195      0    195  0.63371712E+00  0.00000000E+00 0.3629E-12      6
  540   19     0    -194      0    194  0.63710954E+00  0.00000000E+00 0.7199E-13      5
  541   19     0    -193      0    193  0.64024635E+00  0.00000000E+00 0.1170E-12      5
  542   19     0    -192      0    192  0.64344509E+00  0.00000000E+00 0.9801E-13      5
  543   19     0    -191      0    191  0.64693897E+00  0.00000000E+00 0.2270E-12      6
  544   19     0    -190      0    190  0.65023317E+00  0.00000000E+00 0.6749E-13      5
  545   19     0    -189      0    189  0.65347815E+00  0.00000000E+00 0.4718E-12      6
  546   19     0    -188      0    188  0.65709145E+00  0.00000000E+00 0.5053E-13      5
  547   19     0    -187      0    187  0.66058550E+00  0.00000000E+00 0.5434E-13      6
  548   19     0    -186      0    186  0.66384532E+00  0.00000000E+00 0.2571E-12      5
  549   19     0    -185      0    185  0.66750551E+00  0.00000000E+00 0.2573E-12      5
  550   19     0    -184      0    184  0.67122080E+00  0.00000000E+00 0.1145E-12      6
  551   19     0    -183      0    183  0.67458112E+00  0.00000000E+00 0.3769E-12      6
  552   19     0    -182      0    182  0.67824425E+00  0.00000000E+00 0.2166E-12      5
  553   19     0    -181      0    181  0.68215084E+00  0.00000000E+00 0.1951E-13      6
  554   19     0    -180      0    180  0.68570573E+00  0.00000000E+00 0.5148E-12      5
  555   19     0    -179      0    179  0.68938003E+00  0.00000000E+00 0.2241E-12      6
  556   19     0    -178      0    178  0.69342919E+00  0.00000000E+00 0.2593E-12      6
  557   19     0    -177      0    177  0.69719271E+00  0.00000000E+00 0.6321E-12      5
  558   19     0    -176      0    176  0.70089247E+00  0.00000000E+00 0.1257E-12      5
  559   19     0    -175      0    175  0.70506988E+00  0.00000000E+00 0.9264E-13      6
  560   19     0    -174      0    174  0.70909099E+00  0.00000000E+00 0.2618E-12      6
  561   19     0    -173      0    173  0.71283039E+00  0.00000000E+00 0.7502E-12      6
  562   19     0    -172      0    172  0.71707507E+00  0.00000000E+00 0.1568E-12      5
  563   19     0    -171      0    171  0.72137173E+00  0.00000000E+00 0.1595E-13      5
  564   19     0    -170      0    170  0.72523331E+00  0.00000000E+00 0.2261E-12      6
  565   19     0    -169      0    169  0.72949128E+00  0.00000000E+00 0.2689E-12      5
  566   19     0    -168      0    168  0.73402729E+00  0.00000000E+00 0.3015E-12      6
  567   19     0    -167      0    167  0.73810434E+00  0.00000000E+00 0.9355E-13      5
  568   19     0    -166      0    166  0.74237675E+00  0.00000000E+00 0.3268E-12      6
  569   19     0    -165      0    165  0.74711953E+00  0.00000000E+00 0.3943E-12      5
  570   19     0    -164      0    164  0.75147747E+00  0.00000000E+00 0.1200E-13      5
  571   19     0    -163      0    163  0.75576457E+00  0.00000000E+00 0.3484E-12      6
  572   19     0    -162      0    162  0.76065287E+00  0.00000000E+00 0.2901E-13      6
  573   19     0    -161      0    161  0.76532672E+00  0.00000000E+00 0.1989E-12      5
  574   19     0    -160      0    160  0.76967840E+00  0.00000000E+00 0.1512E-12      6
  575   19     0    -159      0    159  0.77465457E+00  0.00000000E+00 0.3569E-12      5
  576   19     0    -158      0    158  0.77963681E+00  0.00000000E+00 0.7756E-13      6
  577   19     0    -157      0    157  0.78412678E+00  0.00000000E+00 0.1724E-12      6
  578   19     0    -156      0    156  0.78916974E+00  0.00000000E+00 0.4071E-12      5
  579   19     0    -155      0    155  0.79447522E+00  0.00000000E+00 0.1391E-12      6
  580   19     0    -154      0    154  0.79919763E+00  0.00000000E+00 0.1063E-12      6
  581   19     0    -153      0    153  0.80425285E+00  0.00000000E+00 0.1742E-12      5
  582   19     0    -152      0    152  0.80982559E+00  0.00000000E+00 0.3484E-12      6
  583   19     0    -151      0    151  0.81485704E+00  0.00000000E+00 0.3060E-12      5
  584   19     0    -150      0    150  0.81993437E+00  0.00000000E+00 0.1036E-12      6
  585   19     0    -149      0    149  0.82574538E+00  0.00000000E+00 0.2348E-12      5
  586   19     0    -148      0    148  0.83117714E+00  0.00000000E+00 0.6591E-13      6
  587   19     0    -147      0    147  0.83629217E+00  0.00000000E+00 0.3639E-12      6
  588   19     0    -146      0    146  0.84225154E+00  0.00000000E+00 0.3989E-12      5
  589   19     0    -145      0    145  0.84810533E+00  0.00000000E+00 0.8073E-13      6
  590   19     0    -144      0    144  0.85335878E+00  0.00000000E+00 0.1938E-12      6
  591   19     0    -143      0    143  0.85941230E+00  0.00000000E+00 0.1844E-12      5
  592   19     0    -142      0    142  0.86567674E+00  0.00000000E+00 0.3938E-13      6
  593   19     0    -141      0    141  0.87115311E+00  0.00000000E+00 0.2249E-12      6
  594   19     0    -140      0    140  0.87724277E+00  0.00000000E+00 0.1964E-12      6
  595   19     0    -139      0    139  0.88390245E+00  0.00000000E+00 0.7255E-13      6
  596   19     0    -138      0    138  0.88976331E+00  0.00000000E+00 0.3186E-12      5
  597   19     0    -137      0    137  0.89586084E+00  0.00000000E+00 0.3241E-12      6
  598   19     0    -136      0    136  0.90284616E+00  0.00000000E+00 0.3053E-13      6
  599   19     0    -135      0    135  0.90918527E+00  0.00000000E+00 0.1478E-12      6
  600   19     0    -134      0    134  0.91529321E+00  0.00000000E+00 0.1326E-12      6
  601   19     0    -133      0    133  0.92252814E+00  0.00000000E+00 0.1860E-12      6
  602   19     0    -132      0    132  0.92944086E+00  0.00000000E+00 0.3323E-13      5
  603   19     0    -131      0    131  0.93563486E+00  0.00000000E+00 0.1289E-13      6
  604   19     0    -130      0    130  0.94300435E+00  0.00000000E+00 0.8022E-14      5
  605   19     0    -129      0    129  0.95050995E+00  0.00000000E+00 0.1050E-12      6
  606   19     0    -128      0    128  0.95696427E+00  0.00000000E+00 0.1361E-12      6
  607   19     0    -127      0    127  0.96436805E+00  0.00000000E+00 0.3457E-13      6
  608   19     0    -126      0    126  0.97243216E+00  0.00000000E+00 0.1469E-12      6
  609   19     0    -125      0    125  0.97936340E+00  0.00000000E+00 0.2868E-12      5
  610   19     0    -124      0    124  0.98670906E+00  0.00000000E+00 0.1258E-12      6
  611   19     0    -123      0    123  0.99520974E+00  0.00000000E+00 0.2039E-12      6
  612   19     0    -122      0    122  0.10027939E+01  0.00000000E+00 0.3210E-12      5
  613   19     0    -121      0    121  0.10101025E+01  0.00000000E+00 0.2842E-12      5
  614   19     0    -120      0    120  0.10189110E+01  0.00000000E+00 0.1271E-12      6
  615   19     0    -119      0    119  0.10272680E+01  0.00000000E+00 0.5437E-13      6
  616   19     0    -118      0    118  0.10346599E+01  0.00000000E+00 0.2574E-12      6
  617   19     0    -117      0    117  0.10436216E+01  0.00000000E+00 0.7752E-13      5
  618   19     0    -116      0    116  0.10528157E+01  0.00000000E+00 0.2445E-12      6
  619   19     0    -115      0    115  0.10605536E+01  0.00000000E+00 0.6695E-13      6
  620   19     0    -114      0    114  0.10694325E+01  0.00000000E+00 0.1022E-12      6
  621   19     0    -113      0    113  0.10793569E+01  0.00000000E+00 0.1095E-12      6
  622   19     0    -112      0    112  0.10878808E+01  0.00000000E+00 0.2984E-12      5
  623   19     0    -111      0    111  0.10965669E+01  0.00000000E+00 0.4222E-13      6
  624   19     0    -110      0    110  0.11069938E+01  0.00000000E+00 0.1252E-12      6
  625   19     0    -109      0    109  0.11165984E+01  0.00000000E+00 0.3058E-12      6
  626   19     0    -108      0    108  0.11252459E+01  0.00000000E+00 0.4416E-13      5
  627   19     0    -107      0    107  0.11359246E+01  0.00000000E+00 0.6547E-13      5
  628   19     0    -106      0    106  0.11467112E+01  0.00000000E+00 0.1989E-12      6
  629   19     0    -105      0    105  0.11557316E+01  0.00000000E+00 0.1872E-12      6
  630   19     0    -104      0    104  0.11663761E+01  0.00000000E+00 0.2607E-13      6
  631   19     0    -103      0    103  0.11782354E+01  0.00000000E+00 0.1759E-12      6
  632   19     0    -102      0    102  0.11882429E+01  0.00000000E+00 0.1183E-12      6
  633   19     0    -101      0    101  0.11986891E+01  0.00000000E+00 0.5831E-13      6
  634   19     0    -100      0    100  0.12113616E+01  0.00000000E+00 0.4630E-13      6
  635   19     0     -99      0     99  0.12228076E+01  0.00000000E+00 0.4958E-13      6
  636   19     0     -98      0     98  0.12331667E+01  0.00000000E+00 0.1132E-12      6
  637   19     0     -97      0     97  0.12463064E+01  0.00000000E+00 0.4395E-13      5
  638   19     0     -96      0     96  0.12593428E+01  0.00000000E+00 0.2200E-12      5
  639   19     0     -95      0     95  0.12700957E+01  0.00000000E+00 0.1643E-12      5
  640   19     0     -94      0     94  0.12833096E+01  0.00000000E+00 0.2021E-12      6
  641   19     0     -93      0     93  0.12978125E+01  0.00000000E+00 0.8424E-13      6
  642   19     0     -92      0     92  0.13097041E+01  0.00000000E+00 0.2517E-13      6
  643   19     0     -91      0     91  0.13226850E+01  0.00000000E+00 0.2569E-13      6
  644   19     0     -90      0     90  0.13383643E+01  0.00000000E+00 0.4593E-13      6
  645   19     0     -89      0     89  0.13520853E+01  0.00000000E+00 0.8203E-13      5
  646   19     0     -88      0     88  0.13648099E+01  0.00000000E+00 0.1349E-12      6
  647   19     0     -87      0     87  0.13812329E+01  0.00000000E+00 0.4409E-13      5
  648   19     0     -86      0     86  0.13971227E+01  0.00000000E+00 0.5536E-13      6
  649   19     0     -85      0     85  0.14101449E+01  0.00000000E+00 0.4901E-13      5
  650   19     0     -84      0     84  0.14268018E+01  0.00000000E+00 0.2548E-12      5
  651   19     0     -83      0     83  0.14447820E+01  0.00000000E+00 0.2486E-12      6
  652   19     0     -82      0     82  0.14590979E+01  0.00000000E+00 0.2654E-12      6
  653   19     0     -81      0     81  0.14754863E+01  0.00000000E+00 0.1210E-12      6
  654   19     0     -80      0     80  0.14951780E+01  0.00000000E+00 0.1182E-12      6
  655   19     0     -79      0     79  0.15117768E+01  0.00000000E+00 0.1602E-12      5
  656   19     0     -78      0     78  0.15276849E+01  0.00000000E+00 0.1616E-13      6
  657   19     0     -77      0     77  0.15485383E+01  0.00000000E+00 0.3613E-12      6
  658   19     0     -76      0     76  0.15680410E+01  0.00000000E+00 0.5186E-13      6
  659   19     0     -75      0     75  0.15839604E+01  0.00000000E+00 0.3874E-13      6
  660   19     0     -74      0     74  0.16052643E+01  0.00000000E+00 0.2853E-12      5
  661   19     0     -73      0     73  0.16276649E+01  0.00000000E+00 0.9105E-13      6
  662   19     0     -72      0     72  0.16449343E+01  0.00000000E+00 0.2935E-13      6
  663   19     0     -71      0     71  0.16660067E+01  0.00000000E+00 0.1859E-12      6
  664   19     0     -70      0     70  0.16909012E+01  0.00000000E+00 0.6076E-13      6
  665   19     0     -69      0     69  0.17109641E+01  0.00000000E+00 0.2188E-12      5
  Time elapsed :      2.613 s

Starting search (non-adiabatic)

Finding roots
  Time elapsed :    201.016 s

Processing modes
   id    l     m    n_pg    n_p    n_g       Re(omega)       Im(omega)        chi n_iter
  525   19     0    -209      0    209  0.59066814E+00 -0.14189707E-02 0.5250E-12      9
  526   19     0    -208      0    208  0.59324338E+00 -0.14703349E-02 0.3113E-12     10
  527   19     0    -206      0    206  0.59919325E+00 -0.13856403E-02 0.8673E-12     11
  528   19     0    -205      0    205  0.60187786E+00 -0.13614091E-02 0.2486E-12     11
  529   19     0    -204      0    204  0.60489500E+00 -0.14657621E-02 0.6083E-13      9
  530   19     0    -203      0    203  0.60798585E+00 -0.13332628E-02 0.3562E-13      9
  531   19     0    -202      0    202  0.61075464E+00 -0.12578676E-02 0.1040E-12      8
  532   19     0    -201      0    201  0.61379439E+00 -0.13852881E-02 0.7354E-12      8
  533   19     0    -200      0    200  0.61703102E+00 -0.13017244E-02 0.1601E-12      9
  534   19     0    -199      0    199  0.61993714E+00 -0.11761362E-02 0.5095E-12      9
  535   19     0    -198      0    198  0.62298234E+00 -0.13036280E-02 0.3621E-12     10
  536   19     0    -197      0    197  0.62634259E+00 -0.12753477E-02 0.4691E-12     10
  537   19     0    -196      0    196  0.62941443E+00 -0.11148273E-02 0.3577E-12      7
  538   19     0    -195      0    195  0.63245009E+00 -0.12175393E-02 0.1301E-12     10
  539   19     0    -194      0    194  0.63589871E+00 -0.12492039E-02 0.2807E-12      8
  540   19     0    -193      0    193  0.63917740E+00 -0.10931020E-02 0.2716E-12      7
  541   19     0    -192      0    192  0.64225753E+00 -0.11391289E-02 0.1448E-12      8
  542   19     0    -191      0    191  0.64575483E+00 -0.12123734E-02 0.1899E-12      7
  543   19     0    -190      0    190  0.64920357E+00 -0.10772331E-02 0.4217E-12      8
  544   19     0    -189      0    189  0.65236376E+00 -0.10798954E-02 0.3716E-12      8
  545   19     0    -188      0    188  0.65593157E+00 -0.11867611E-02 0.7102E-12      8
  546   19     0    -187      0    187  0.65958797E+00 -0.10751326E-02 0.1604E-12      9
  547   19     0    -186      0    186  0.66283057E+00 -0.10048226E-02 0.1717E-12      8
  548   19     0    -185      0    185  0.66639073E+00 -0.11422075E-02 0.6984E-12      7
  549   19     0    -184      0    184  0.67023396E+00 -0.10822894E-02 0.3017E-12      7
  550   19     0    -183      0    183  0.67366072E+00 -0.95297380E-03 0.8607E-12      8
  551   19     0    -182      0    182  0.67720019E+00 -0.10815345E-02 0.3030E-12      8
  552   19     0    -181      0    181  0.68118140E+00 -0.10791548E-02 0.2445E-12     10
  553   19     0    -180      0    180  0.68485601E+00 -0.93192746E-03 0.2819E-12      7
  554   19     0    -179      0    179  0.68842547E+00 -0.10160932E-02 0.4741E-12      8
  555   19     0    -178      0    178  0.69250255E+00 -0.10596069E-02 0.8439E-13      8
  556   19     0    -177      0    177  0.69640789E+00 -0.91670690E-03 0.2621E-13      8
  557   19     0    -176      0    176  0.70003498E+00 -0.95426517E-03 0.6540E-12      7
  558   19     0    -175      0    175  0.70419658E+00 -0.10401278E-02 0.2567E-12      8
  559   19     0    -174      0    174  0.70835985E+00 -0.91827999E-03 0.4856E-12     10
  560   19     0    -174      0    174  0.71207877E+00 -0.89175407E-03 0.4957E-12      7
  561   19     0    -173      0    173  0.71626784E+00 -0.10130305E-02 0.5038E-12      9
  562   19     0    -172      0    172  0.72067945E+00 -0.93431099E-03 0.1535E-12      8
  563   19     0    -171      0    171  0.72458019E+00 -0.84546953E-03 0.4707E-12      9
  564   19     0    -170      0    170  0.72875984E+00 -0.97771523E-03 0.9094E-12      9
  565   19     0    -169      0    169  0.73337111E+00 -0.95106632E-03 0.3008E-12      9
  566   19     0    -168      0    168  0.73752736E+00 -0.82681819E-03 0.7272E-13      8
  567   19     0    -167      0    167  0.74172030E+00 -0.94238829E-03 0.4479E-12      8
  568   19     0    -166      0    166  0.74649910E+00 -0.96697800E-03 0.4586E-13      7
  569   19     0    -164      0    164  0.75095797E+00 -0.82870854E-03 0.5153E-12      8
  570   19     0    -163      0    163  0.75518311E+00 -0.90132035E-03 0.3453E-12      8
  571   19     0    -164      0    164  0.76007223E+00 -0.97372501E-03 0.3260E-12      8
  572   19     0    -162      0    162  0.76484766E+00 -0.84708032E-03 0.1233E-12      8
  573   19     0    -161      0    161  0.76916954E+00 -0.85957040E-03 0.2997E-12      7
  574   19     0    -160      0    160  0.77411980E+00 -0.96854437E-03 0.2996E-12      8
  575   19     0    -159      0    159  0.77919014E+00 -0.87088568E-03 0.5806E-12      9
  576   19     0    -158      0    158  0.78368393E+00 -0.82576274E-03 0.8080E-12      8
  577   19     0    -156      0    156  0.79405534E+00 -0.90282742E-03 0.4258E-12     12
  578   19     0    -157      0    157  0.78868291E+00 -0.95816155E-03 0.4515E-12      7
  579   19     0    -155      0    155  0.79881669E+00 -0.80105531E-03 0.1316E-12      8
  580   19     0    -153      0    153  0.80943562E+00 -0.93021963E-03 0.8448E-12     16
  581   19     0    -154      0    154  0.80381993E+00 -0.93516786E-03 0.2998E-12      6
  582   19     0    -152      0    152  0.81452773E+00 -0.79618183E-03 0.1349E-12      8
  583   19     0    -151      0    151  0.81955547E+00 -0.91065888E-03 0.6487E-12      8
  584   19     0    -149      0    149  0.83088929E+00 -0.81721659E-03 0.4131E-12     12
  585   19     0    -150      0    150  0.82538617E+00 -0.96049539E-03 0.1198E-11      7
  586   19     0    -148      0    148  0.83596819E+00 -0.88125299E-03 0.3428E-12      8
  587   19     0    -147      0    147  0.84192626E+00 -0.98655249E-03 0.6714E-12      8
  588   19     0    -146      0    146  0.84784769E+00 -0.86421609E-03 0.5785E-13      8
  589   19     0    -145      0    145  0.85308459E+00 -0.86229287E-03 0.9973E-12      8
  590   19     0    -144      0    144  0.85912076E+00 -0.10121860E-02 0.1439E-11      9
  591   19     0    -143      0    143  0.86544343E+00 -0.92695195E-03 0.9046E-12      8
  592   19     0    -142      0    142  0.87092401E+00 -0.85311778E-03 0.3368E-12      8
  593   19     0    -141      0    141  0.87698371E+00 -0.10352097E-02 0.1164E-11      9
  594   19     0    -140      0    140  0.88368792E+00 -0.10062561E-02 0.1157E-11      9
  595   19     0    -139      0    139  0.88957356E+00 -0.86983287E-03 0.1842E-12      9
  596   19     0    -138      0    138  0.89563381E+00 -0.10508736E-02 0.1496E-11      9
  597   19     0    -137      0    137  0.90265018E+00 -0.10888303E-02 0.8489E-12     10
  598   19     0    -136      0    136  0.90902967E+00 -0.91430764E-03 0.2956E-12      8
  599   19     0    -135      0    135  0.91509729E+00 -0.10589385E-02 0.2991E-12      8
  600   19     0    -134      0    134  0.92235081E+00 -0.11745506E-02 0.2575E-12     11
  601   19     0    -133      0    133  0.92931356E+00 -0.10001106E-02 0.5607E-12      8
  602   19     0    -132      0    132  0.93547047E+00 -0.10617632E-02 0.1562E-11      8
  603   19     0    -131      0    131  0.94284577E+00 -0.12620448E-02 0.2372E-12     10
  604   19     0    -130      0    130  0.95040300E+00 -0.11333486E-02 0.3379E-12     10
  605   19     0    -129      0    129  0.95682984E+00 -0.10814386E-02 0.6111E-12      9
  606   19     0    -128      0    128  0.96422226E+00 -0.13572049E-02 0.6714E-12     11
  607   19     0    -127      0    127  0.97233283E+00 -0.13126489E-02 0.5392E-12     11
  608   19     0    -126      0    126  0.97925386E+00 -0.11402425E-02 0.5189E-12      8
  609   19     0    -125      0    125  0.98656041E+00 -0.14511559E-02 0.1231E-11      9
  610   19     0    -124      0    124  0.99509511E+00 -0.15182398E-02 0.1375E-11     12
  611   19     0    -123      0    123  0.10026910E+01 -0.12649279E-02 0.1214E-11      9
  612   19     0    -122      0    122  0.10099214E+01 -0.15303330E-02 0.1350E-11      9
  613   19     0    -121      0    121  0.10187385E+01 -0.17229588E-02 0.8226E-12      9
  614   19     0    -120      0    120  0.10271306E+01 -0.14507881E-02 0.3007E-12     10
  615   19     0    -119      0    119  0.10344147E+01 -0.15508955E-02 0.1475E-11      9
  616   19     0    -118      0    118  0.10433401E+01 -0.18619484E-02 0.1545E-11     10
  617   19     0    -117      0    117  0.10525797E+01 -0.16508146E-02 0.4499E-12     10
  618   19     0    -116      0    116  0.10602450E+01 -0.14786545E-02 0.1419E-11     11
  619   19     0    -115      0    115  0.10690264E+01 -0.18466817E-02 0.8307E-12     11
  620   19     0    -114      0    114  0.10789818E+01 -0.17524091E-02 0.5191E-12     12
  621   19     0    -113      0    113  0.10875345E+01 -0.13773712E-02 0.4317E-13      8
  622   19     0    -112      0    112  0.10960932E+01 -0.16445557E-02 0.5930E-12      9
  623   19     0    -111      0    111  0.11065289E+01 -0.16698893E-02 0.6024E-12     10
  624   19     0    -110      0    110  0.11162376E+01 -0.12730320E-02 0.1295E-11     10
  625   19     0    -109      0    109  0.11248108E+01 -0.13143942E-02 0.1268E-11      9
  626   19     0    -108      0    108  0.11354753E+01 -0.14319030E-02 0.1448E-11      9
  627   19     0    -107      0    107  0.11463729E+01 -0.11347830E-02 0.1075E-11      9
  628   19     0    -106      0    106  0.11554150E+01 -0.96233642E-03 0.5261E-12      8
  629   19     0    -105      0    105  0.11660299E+01 -0.11148618E-02 0.9634E-12      9
  630   19     0    -104      0    104  0.11779652E+01 -0.95001116E-03 0.4401E-12     10
  631   19     0    -103      0    103  0.11880447E+01 -0.69349794E-03 0.3044E-12      9
  632   19     0    -102      0    102  0.11984669E+01 -0.80521574E-03 0.8518E-12      8
  633   19     0    -101      0    101  0.12111773E+01 -0.74912364E-03 0.7901E-12      8
  634   19     0    -100      0    100  0.12226880E+01 -0.52377982E-03 0.2102E-11      9
  635   19     0     -99      0     99  0.12330424E+01 -0.55032796E-03 0.2003E-11      8
  636   19     0     -98      0     98  0.12461944E+01 -0.56569667E-03 0.7028E-12     10
  637   19     0     -97      0     97  0.12592700E+01 -0.41567008E-03 0.1327E-12     10
  638   19     0     -96      0     96  0.12700331E+01 -0.36288073E-03 0.1696E-11      8
  639   19     0     -95      0     95  0.12832475E+01 -0.41089403E-03 0.8311E-11      8
  640   19     0     -94      0     94  0.12977694E+01 -0.33046624E-03 0.2558E-11      9
  641   19     0     -93      0     93  0.13096744E+01 -0.24114189E-03 0.4040E-11      9
  642   19     0     -92      0     92  0.13226534E+01 -0.28600052E-03 0.3556E-11      8
  643   19     0     -91      0     91  0.13383403E+01 -0.25439749E-03 0.1569E-11     10
  644   19     0     -90      0     90  0.13520708E+01 -0.17136739E-03 0.3597E-11      8
  645   19     0     -89      0     89  0.13647948E+01 -0.18956716E-03 0.4805E-11      8
  646   19     0     -88      0     88  0.13812200E+01 -0.18787891E-03 0.7119E-11     10
  647   19     0     -87      0     87  0.13971148E+01 -0.13113437E-03 0.1221E-11      9
  648   19     0     -86      0     86  0.14101379E+01 -0.11914151E-03 0.1306E-10      8
  649   19     0     -85      0     85  0.14267950E+01 -0.13208955E-03 0.1323E-10      8
  650   19     0     -84      0     84  0.14447775E+01 -0.10092059E-03 0.4583E-11      9
  651   19     0     -83      0     83  0.14590950E+01 -0.73290435E-04 0.4305E-11      8
  652   19     0     -82      0     82  0.14754839E+01 -0.87673589E-04 0.1120E-10      9
  653   19     0     -81      0     81  0.14951775E+01 -0.73714498E-04 0.2603E-10     11
  654   19     0     -80      0     80  0.15117779E+01 -0.46915937E-04 0.5827E-11      8
  655   19     0     -79      0     79  0.15276884E+01 -0.53989291E-04 0.2946E-10      9
  656   19     0     -78      0     78  0.15485457E+01 -0.50532982E-04 0.3694E-10      9
  657   19     0     -77      0     77  0.15680491E+01 -0.33011157E-04 0.1143E-10     10
  658   19     0     -76      0     76  0.15839712E+01 -0.32149926E-04 0.3287E-10      9
  659   19     0     -75      0     75  0.16052808E+01 -0.35850368E-04 0.3993E-10     10
  660   19     0     -73      0     73  0.16276805E+01 -0.27508934E-04 0.3623E-10     10
  661   19     0     -72      0     72  0.16449479E+01 -0.21786428E-04 0.6329E-10      8
  662   19     0     -71      0     71  0.16660261E+01 -0.28447173E-04 0.4482E-10      9
  663   19     0     -70      1     71  0.16909193E+01 -0.25280396E-04 0.4668E-10      9
  664   19     0     -69      1     70  0.17109767E+01 -0.17218550E-04 0.1517E-10     10
  Time elapsed :      8.583 s

Mode Search
-----------

Mode parameters
   l : 20
   m : 0

Building frequency grid (REAL axis)
   added scan interval :  0.5202E+00 ->  0.2105E+01 (3000 points, INVERSE)

Building spatial grid
   Scaffold grid from model
   Split 376 subinterval(s) in iteration 1
   Split 29 subinterval(s) in iteration 2
   Split 0 subinterval(s) in iteration 3
   Final grid has 1 segment(s) and 7519 point(s):
      Segment 1 : x range 0.0000 -> 1.0012 (1 -> 7519)

Starting search (adiabatic)

Scanning frequencies
  Time elapsed :    35.872 s

Finding roots
  Time elapsed :     11.078 s

Processing modes
   id    l     m    n_pg    n_p    n_g       Re(omega)       Im(omega)        chi n_iter
  710   20     0    -220      0    220  0.59116455E+00  0.00000000E+00 0.3039E-12      6
  711   20     0    -219      0    219  0.59384050E+00  0.00000000E+00 0.1064E-12      5
  712   20     0    -218      0    218  0.59642538E+00  0.00000000E+00 0.3253E-12      5
  713   20     0    -217      0    217  0.59923269E+00  0.00000000E+00 0.1025E-11      5
  714   20     0    -216      0    216  0.60201698E+00  0.00000000E+00 0.3788E-12      6
  715   20     0    -215      0    215  0.60465835E+00  0.00000000E+00 0.1406E-12      6
  716   20     0    -214      0    214  0.60751132E+00  0.00000000E+00 0.5712E-12      5
  717   20     0    -213      0    213  0.61041622E+00  0.00000000E+00 0.2957E-12      6
  718   20     0    -212      0    212  0.61313284E+00  0.00000000E+00 0.5052E-12      5
  719   20     0    -211      0    211  0.61602394E+00  0.00000000E+00 0.6403E-12      5
  720   20     0    -210      0    210  0.61906108E+00  0.00000000E+00 0.2888E-12      6
  721   20     0    -209      0    209  0.62187772E+00  0.00000000E+00 0.1668E-13      5
  722   20     0    -208      0    208  0.62475905E+00  0.00000000E+00 0.1082E-12      6
  723   20     0    -207      0    207  0.62788370E+00  0.00000000E+00 0.3432E-12      6
  724   20     0    -206      0    206  0.63085683E+00  0.00000000E+00 0.4020E-13      5
  725   20     0    -205      0    205  0.63379336E+00  0.00000000E+00 0.3670E-12      5
  726   20     0    -204      0    204  0.63699125E+00  0.00000000E+00 0.3487E-12      6
  727   20     0    -203      0    203  0.64008959E+00  0.00000000E+00 0.1192E-12      6
  728   20     0    -202      0    202  0.64306360E+00  0.00000000E+00 0.1145E-12      6
  729   20     0    -201      0    201  0.64633075E+00  0.00000000E+00 0.6790E-12      5
  730   20     0    -200      0    200  0.64959205E+00  0.00000000E+00 0.2018E-12      6
  731   20     0    -199      0    199  0.65263566E+00  0.00000000E+00 0.2945E-12      6
  732   20     0    -198      0    198  0.65594317E+00  0.00000000E+00 0.2700E-12      5
  733   20     0    -197      0    197  0.65936564E+00  0.00000000E+00 0.1512E-12      6
  734   20     0    -196      0    196  0.66250890E+00  0.00000000E+00 0.3950E-13      5
  735   20     0    -195      0    195  0.66582128E+00  0.00000000E+00 0.4479E-14      6
  736   20     0    -194      0    194  0.66938684E+00  0.00000000E+00 0.5378E-12      5
  737   20     0    -193      0    193  0.67270442E+00  0.00000000E+00 0.2105E-12      5
  738   20     0    -192      0    192  0.67603589E+00  0.00000000E+00 0.9511E-13      6
  739   20     0    -191      0    191  0.67969662E+00  0.00000000E+00 0.3611E-12      5
  740   20     0    -190      0    190  0.68318443E+00  0.00000000E+00 0.1407E-12      6
  741   20     0    -189      0    189  0.68657002E+00  0.00000000E+00 0.2956E-12      6
  742   20     0    -188      0    188  0.69034308E+00  0.00000000E+00 0.1325E-12      5
  743   20     0    -187      0    187  0.69404349E+00  0.00000000E+00 0.8461E-13      6
  744   20     0    -186      0    186  0.69745956E+00  0.00000000E+00 0.3535E-13      6
  745   20     0    -185      0    185  0.70126646E+00  0.00000000E+00 0.2784E-12      5
  746   20     0    -184      0    184  0.70519120E+00  0.00000000E+00 0.1709E-13      5
  747   20     0    -183      0    183  0.70873473E+00  0.00000000E+00 0.4387E-12      6
  748   20     0    -182      0    182  0.71253603E+00  0.00000000E+00 0.1591E-12      6
  749   20     0    -181      0    181  0.71664609E+00  0.00000000E+00 0.2630E-12      5
  750   20     0    -180      0    180  0.72041075E+00  0.00000000E+00 0.3611E-13      5
  751   20     0    -179      0    179  0.72422627E+00  0.00000000E+00 0.2929E-12      6
  752   20     0    -178      0    178  0.72846865E+00  0.00000000E+00 0.1139E-12      5
  753   20     0    -177      0    177  0.73246174E+00  0.00000000E+00 0.1647E-12      6
  754   20     0    -176      0    176  0.73631347E+00  0.00000000E+00 0.1321E-12      6
  755   20     0    -175      0    175  0.74067129E+00  0.00000000E+00 0.4986E-12      5
  756   20     0    -174      0    174  0.74493668E+00  0.00000000E+00 0.2047E-12      6
  757   20     0    -173      0    173  0.74885124E+00  0.00000000E+00 0.2125E-12      6
  758   20     0    -172      0    172  0.75325992E+00  0.00000000E+00 0.8849E-12      5
  759   20     0    -171      0    171  0.75780402E+00  0.00000000E+00 0.2349E-12      5
  760   20     0    -170      0    170  0.76187591E+00  0.00000000E+00 0.1616E-12      6
  761   20     0    -169      0    169  0.76628586E+00  0.00000000E+00 0.3905E-13      6
  762   20     0    -168      0    168  0.77106208E+00  0.00000000E+00 0.3362E-12      5
  763   20     0    -167      0    167  0.77538418E+00  0.00000000E+00 0.8341E-13      5
  764   20     0    -166      0    166  0.77980831E+00  0.00000000E+00 0.2060E-12      6
  765   20     0    -165      0    165  0.78477753E+00  0.00000000E+00 0.3347E-13      5
  766   20     0    -164      0    164  0.78940956E+00  0.00000000E+00 0.7255E-13      6
  767   20     0    -163      0    163  0.79386238E+00  0.00000000E+00 0.1357E-12      6
  768   20     0    -162      0    162  0.79895781E+00  0.00000000E+00 0.7886E-13      5
  769   20     0    -161      0    161  0.80392249E+00  0.00000000E+00 0.5420E-12      5
  770   20     0    -160      0    160  0.80846995E+00  0.00000000E+00 0.2571E-12      6
  771   20     0    -159      0    159  0.81363379E+00  0.00000000E+00 0.2350E-12      5
  772   20     0    -158      0    158  0.81891170E+00  0.00000000E+00 0.1080E-12      6
  773   20     0    -157      0    157  0.82363638E+00  0.00000000E+00 0.1146E-12      6
  774   20     0    -156      0    156  0.82885165E+00  0.00000000E+00 0.2871E-12      6
  775   20     0    -155      0    155  0.83444757E+00  0.00000000E+00 0.2205E-13      6
  776   20     0    -154      0    154  0.83945204E+00  0.00000000E+00 0.2974E-12      5
  777   20     0    -153      0    153  0.84467255E+00  0.00000000E+00 0.2709E-12      6
  778   20     0    -152      0    152  0.85051961E+00  0.00000000E+00 0.1570E-12      6
  779   20     0    -151      0    151  0.85587411E+00  0.00000000E+00 0.1101E-12      5
  780   20     0    -150      0    150  0.86112578E+00  0.00000000E+00 0.2023E-12      6
  781   20     0    -149      0    149  0.86718781E+00  0.00000000E+00 0.8061E-13      5
  782   20     0    -148      0    148  0.87297395E+00  0.00000000E+00 0.1956E-13      6
  783   20     0    -147      0    147  0.87829550E+00  0.00000000E+00 0.1383E-13      6
  784   20     0    -146      0    146  0.88447542E+00  0.00000000E+00 0.1362E-12      5
  785   20     0    -145      0    145  0.89069513E+00  0.00000000E+00 0.7540E-13      5
  786   20     0    -144      0    144  0.89620715E+00  0.00000000E+00 0.1675E-12      6
  787   20     0    -143      0    143  0.90245354E+00  0.00000000E+00 0.4425E-12      5
  788   20     0    -142      0    142  0.90908054E+00  0.00000000E+00 0.5228E-12      5
  789   20     0    -141      0    141  0.91487849E+00  0.00000000E+00 0.7815E-13      6
  790   20     0    -140      0    140  0.92114029E+00  0.00000000E+00 0.3351E-12      5
  791   20     0    -139      0    139  0.92814386E+00  0.00000000E+00 0.3914E-13      6
  792   20     0    -138      0    138  0.93439200E+00  0.00000000E+00 0.1493E-12      5
  793   20     0    -137      0    137  0.94066300E+00  0.00000000E+00 0.5974E-13      6
  794   20     0    -136      0    136  0.94795916E+00  0.00000000E+00 0.2441E-12      6
  795   20     0    -135      0    135  0.95473704E+00  0.00000000E+00 0.2824E-12      5
  796   20     0    -134      0    134  0.96104924E+00  0.00000000E+00 0.1477E-13      6
  797   20     0    -133      0    133  0.96855075E+00  0.00000000E+00 0.5097E-13      5
  798   20     0    -132      0    132  0.97592983E+00  0.00000000E+00 0.1818E-13      6
  799   20     0    -131      0    131  0.98239887E+00  0.00000000E+00 0.1003E-12      6
  800   20     0    -130      0    130  0.98998320E+00  0.00000000E+00 0.8006E-13      5
  801   20     0    -129      0    129  0.99795156E+00  0.00000000E+00 0.4195E-12      5
  802   20     0    -128      0    128  0.10047821E+01  0.00000000E+00 0.2420E-12      6
  803   20     0    -127      0    127  0.10123565E+01  0.00000000E+00 0.1639E-12      6
  804   20     0    -126      0    126  0.10208507E+01  0.00000000E+00 0.2154E-12      6
  805   20     0    -125      0    125  0.10282675E+01  0.00000000E+00 0.2374E-12      5
  806   20     0    -124      0    124  0.10357706E+01  0.00000000E+00 0.2695E-13      6
  807   20     0    -123      0    123  0.10446435E+01  0.00000000E+00 0.1842E-12      6
  808   20     0    -122      0    122  0.10527941E+01  0.00000000E+00 0.2410E-12      6
  809   20     0    -121      0    121  0.10603047E+01  0.00000000E+00 0.9009E-13      6
  810   20     0    -120      0    120  0.10694078E+01  0.00000000E+00 0.2670E-12      5
  811   20     0    -119      0    119  0.10783671E+01  0.00000000E+00 0.4799E-13      6
  812   20     0    -118      0    118  0.10860777E+01  0.00000000E+00 0.1931E-12      6
  813   20     0    -117      0    117  0.10952410E+01  0.00000000E+00 0.3172E-12      6
  814   20     0    -116      0    116  0.11050130E+01  0.00000000E+00 0.2726E-12      6
  815   20     0    -115      0    115  0.11132561E+01  0.00000000E+00 0.8785E-15      5
  816   20     0    -114      0    114  0.11222548E+01  0.00000000E+00 0.1308E-12      5
  817   20     0    -113      0    113  0.11326715E+01  0.00000000E+00 0.6866E-14      5
  818   20     0    -112      0    112  0.11418775E+01  0.00000000E+00 0.4853E-13      6
  819   20     0    -111      0    111  0.11506973E+01  0.00000000E+00 0.3037E-13      6
  820   20     0    -110      0    110  0.11614846E+01  0.00000000E+00 0.1388E-12      6
  821   20     0    -109      0    109  0.11718526E+01  0.00000000E+00 0.2548E-12      6
  822   20     0    -108      0    108  0.11807998E+01  0.00000000E+00 0.3373E-13      6
  823   20     0    -107      0    107  0.11916777E+01  0.00000000E+00 0.4279E-14      6
  824   20     0    -106      0    106  0.12031962E+01  0.00000000E+00 0.5864E-13      6
  825   20     0    -105      0    105  0.12128126E+01  0.00000000E+00 0.1496E-13      6
  826   20     0    -104      0    104  0.12235167E+01  0.00000000E+00 0.5852E-13      6
  827   20     0    -103      0    103  0.12359857E+01  0.00000000E+00 0.1554E-12      6
  828   20     0    -102      0    102  0.12468740E+01  0.00000000E+00 0.7037E-13      6
  829   20     0    -101      0    101  0.12573740E+01  0.00000000E+00 0.7511E-13      6
  830   20     0    -100      0    100  0.12704708E+01  0.00000000E+00 0.3329E-12      6
  831   20     0     -99      0     99  0.12829354E+01  0.00000000E+00 0.1125E-12      6
  832   20     0     -98      0     98  0.12935648E+01  0.00000000E+00 0.1564E-12      6
  833   20     0     -97      0     97  0.13068933E+01  0.00000000E+00 0.3723E-12      5
  834   20     0     -96      0     96  0.13209077E+01  0.00000000E+00 0.1060E-12      6
  835   20     0     -95      0     95  0.13323452E+01  0.00000000E+00 0.4640E-13      6
  836   20     0     -94      0     94  0.13455222E+01  0.00000000E+00 0.1059E-12      6
  837   20     0     -93      0     93  0.13608305E+01  0.00000000E+00 0.9899E-13      6
  838   20     0     -92      0     92  0.13738408E+01  0.00000000E+00 0.1010E-12      5
  839   20     0     -91      0     91  0.13867140E+01  0.00000000E+00 0.1054E-12      6
  840   20     0     -90      0     90  0.14029329E+01  0.00000000E+00 0.9902E-13      6
  841   20     0     -89      0     89  0.14180191E+01  0.00000000E+00 0.5716E-13      6
  842   20     0     -88      0     88  0.14308885E+01  0.00000000E+00 0.1340E-13      6
  843   20     0     -87      0     87  0.14475010E+01  0.00000000E+00 0.2603E-12      5
  844   20     0     -86      0     86  0.14647221E+01  0.00000000E+00 0.1276E-12      6
  845   20     0     -85      0     85  0.14784905E+01  0.00000000E+00 0.7899E-13      6
  846   20     0     -84      0     84  0.14949621E+01  0.00000000E+00 0.1428E-12      6
  847   20     0     -83      0     83  0.15140212E+01  0.00000000E+00 0.1155E-12      6
  848   20     0     -82      0     82  0.15297670E+01  0.00000000E+00 0.1682E-12      5
  849   20     0     -81      0     81  0.15457629E+01  0.00000000E+00 0.5134E-13      6
  850   20     0     -80      0     80  0.15661395E+01  0.00000000E+00 0.7076E-13      6
  851   20     0     -79      0     79  0.15845936E+01  0.00000000E+00 0.7928E-13      6
  852   20     0     -78      0     78  0.16003464E+01  0.00000000E+00 0.2003E-12      6
  853   20     0     -77      0     77  0.16213633E+01  0.00000000E+00 0.1873E-12      5
  854   20     0     -76      0     76  0.16427135E+01  0.00000000E+00 0.1335E-12      5
  855   20     0     -75      0     75  0.16593191E+01  0.00000000E+00 0.4411E-13      6
  856   20     0     -74      0     74  0.16801852E+01  0.00000000E+00 0.1157E-12      6
  857   20     0     -73      0     73  0.17040742E+01  0.00000000E+00 0.3337E-12      6
  Time elapsed :      3.225 s

Starting search (non-adiabatic)

Finding roots
  Time elapsed :    212.247 s

Processing modes
   id    l     m    n_pg    n_p    n_g       Re(omega)       Im(omega)        chi n_iter
  711   20     0    -218      0    218  0.59549490E+00 -0.19742159E-02 0.4508E-12     10
  712   20     0    -216      0    216  0.60107908E+00 -0.19934214E-02 0.3495E-12     12
  713   20     0    -217      0    217  0.59819204E+00 -0.21554433E-02 0.6683E-12     10
  714   20     0    -215      0    215  0.60358720E+00 -0.17864586E-02 0.4635E-12      9
  715   20     0    -214      0    214  0.60628089E+00 -0.19603318E-02 0.7788E-12     11
  716   20     0    -213      0    213  0.60929997E+00 -0.18965518E-02 0.1914E-11     10
  717   20     0    -212      0    212  0.61201502E+00 -0.16548655E-02 0.4145E-12     10
  718   20     0    -211      0    211  0.61470194E+00 -0.17864337E-02 0.5670E-12      9
  719   20     0    -210      0    210  0.61781101E+00 -0.18106690E-02 0.5673E-12      9
  720   20     0    -209      0    209  0.62074500E+00 -0.15644929E-02 0.5788E-12     10
  721   20     0    -208      0    208  0.62342492E+00 -0.15990391E-02 0.8788E-12      8
  722   20     0    -207      0    207  0.62654865E+00 -0.16993542E-02 0.5794E-12     10
  723   20     0    -206      0    206  0.62966977E+00 -0.15191657E-02 0.1294E-12     10
  724   20     0    -205      0    205  0.63248082E+00 -0.14694753E-02 0.4101E-12     10
  725   20     0    -204      0    204  0.63562505E+00 -0.15868170E-02 0.3800E-12     10
  726   20     0    -203      0    203  0.63888323E+00 -0.14531916E-02 0.3945E-12      9
  727   20     0    -202      0    202  0.64179603E+00 -0.13504296E-02 0.2964E-12      9
  728   20     0    -201      0    201  0.64495907E+00 -0.14871434E-02 0.6135E-12     10
  729   20     0    -200      0    200  0.64836447E+00 -0.14106107E-02 0.2598E-12      8
  730   20     0    -199      0    199  0.65143417E+00 -0.12603736E-02 0.1652E-12      8
  731   20     0    -198      0    198  0.65460105E+00 -0.13890207E-02 0.1699E-12      9
  732   20     0    -197      0    197  0.65812684E+00 -0.13736747E-02 0.2755E-12     10
  733   20     0    -196      0    196  0.66137973E+00 -0.11954816E-02 0.7650E-12      9
  734   20     0    -195      0    195  0.66454097E+00 -0.12889943E-02 0.3528E-12      8
  735   20     0    -194      0    194  0.66814830E+00 -0.13372323E-02 0.3251E-12      9
  736   20     0    -193      0    193  0.67161953E+00 -0.11732512E-02 0.6197E-12      7
  737   20     0    -192      0    192  0.67483967E+00 -0.12011051E-02 0.2965E-12      8
  738   20     0    -191      0    191  0.67848760E+00 -0.12905736E-02 0.5877E-12      8
  739   20     0    -190      0    190  0.68213445E+00 -0.11554607E-02 0.6794E-12      9
  740   20     0    -189      0    189  0.68545052E+00 -0.11354040E-02 0.2051E-12      9
  741   20     0    -188      0    188  0.68916246E+00 -0.12558192E-02 0.5936E-12     10
  742   20     0    -187      0    187  0.69302077E+00 -0.11519038E-02 0.3963E-12      8
  743   20     0    -186      0    186  0.69644275E+00 -0.10557423E-02 0.4610E-12      8
  744   20     0    -185      0    185  0.70013702E+00 -0.12004726E-02 0.3806E-12      9
  745   20     0    -184      0    184  0.70417841E+00 -0.11546016E-02 0.4270E-12      9
  746   20     0    -183      0    183  0.70781098E+00 -0.10047070E-02 0.2670E-12      8
  747   20     0    -182      0    182  0.71148442E+00 -0.11292080E-02 0.8584E-12     10
  748   20     0    -181      0    181  0.71565475E+00 -0.11442659E-02 0.5651E-12      9
  749   20     0    -180      0    180  0.71955394E+00 -0.98616655E-03 0.3109E-12      8
  750   20     0    -179      0    179  0.72327116E+00 -0.10553492E-02 0.1972E-12      7
  751   20     0    -178      0    178  0.72752635E+00 -0.11166835E-02 0.3750E-12      7
  752   20     0    -177      0    177  0.73166722E+00 -0.97214111E-03 0.6925E-13      9
  753   20     0    -176      0    176  0.73546112E+00 -0.98762127E-03 0.3420E-12      8
  754   20     0    -175      0    175  0.73978923E+00 -0.10894324E-02 0.5702E-12      8
  755   20     0    -175      0    175  0.74419378E+00 -0.97459713E-03 0.1069E-12      8
  756   20     0    -174      0    174  0.74810828E+00 -0.92217689E-03 0.1192E-12      9
  757   20     0    -173      0    173  0.75245088E+00 -0.10541047E-02 0.5513E-12      7
  758   20     0    -172      0    172  0.75710080E+00 -0.98910266E-03 0.3333E-12      9
  759   20     0    -171      0    171  0.76123128E+00 -0.87764260E-03 0.1749E-12      9
  760   20     0    -170      0    170  0.76555868E+00 -0.10108321E-02 0.3601E-12      7
  761   20     0    -169      0    169  0.77039837E+00 -0.10020441E-02 0.1104E-12      8
  762   20     0    -168      0    168  0.77481312E+00 -0.86337506E-03 0.5362E-12      9
  763   20     0    -167      0    167  0.77916108E+00 -0.96851917E-03 0.6844E-12      9
  764   20     0    -166      0    166  0.78415418E+00 -0.10126014E-02 0.3162E-12      8
  765   20     0    -164      0    164  0.78889279E+00 -0.87021398E-03 0.6767E-12      8
  766   20     0    -163      0    163  0.79329414E+00 -0.92163020E-03 0.3132E-12      8
  767   20     0    -164      0    164  0.79837945E+00 -0.10125604E-02 0.9046E-12     10
  768   20     0    -162      0    162  0.80344430E+00 -0.89156859E-03 0.3501E-12      9
  769   20     0    -161      0    161  0.80797676E+00 -0.87701754E-03 0.3460E-12      7
  770   20     0    -160      0    160  0.81310628E+00 -0.10000425E-02 0.4732E-12      8
  771   20     0    -159      0    159  0.81846624E+00 -0.91545972E-03 0.1825E-12      8
  772   20     0    -158      0    158  0.82321006E+00 -0.84348987E-03 0.1173E-11      9
  773   20     0    -157      0    157  0.82837681E+00 -0.98207575E-03 0.7349E-12      8
  774   20     0    -156      0    156  0.83403125E+00 -0.94500392E-03 0.7378E-12      8
  775   20     0    -155      0    155  0.83908665E+00 -0.82292770E-03 0.4142E-12      8
  776   20     0    -154      0    154  0.84425577E+00 -0.95141348E-03 0.3667E-13      9
  777   20     0    -153      0    153  0.85013688E+00 -0.96797248E-03 0.1304E-11     10
  778   20     0    -152      0    152  0.85555865E+00 -0.82411912E-03 0.7953E-12     11
  779   20     0    -151      0    151  0.86076632E+00 -0.92045802E-03 0.2901E-12      9
  780   20     0    -150      0    150  0.86684005E+00 -0.99275579E-03 0.4385E-12      8
  781   20     0    -149      0    149  0.87269810E+00 -0.85245837E-03 0.7009E-12      8
  782   20     0    -148      0    148  0.87799322E+00 -0.88689916E-03 0.1648E-11      9
  783   20     0    -147      0    147  0.88416542E+00 -0.10126355E-02 0.3850E-12      9
  784   20     0    -146      0    146  0.89044906E+00 -0.90423600E-03 0.4480E-13      8
  785   20     0    -145      0    145  0.89595581E+00 -0.86784839E-03 0.3882E-12     10
  786   20     0    -144      0    144  0.90218066E+00 -0.10313306E-02 0.9058E-13     11
  787   20     0    -143      0    143  0.90885993E+00 -0.96857799E-03 0.3244E-12      9
  788   20     0    -142      0    142  0.91467272E+00 -0.86276574E-03 0.8996E-12      9
  789   20     0    -141      0    141  0.92090306E+00 -0.10464920E-02 0.1166E-11      9
  790   20     0    -140      0    140  0.92794502E+00 -0.10456591E-02 0.4485E-12      9
  791   20     0    -139      0    139  0.93422543E+00 -0.88903712E-03 0.9016E-12      8
  792   20     0    -138      0    138  0.94046089E+00 -0.10535599E-02 0.4261E-12     10
  793   20     0    -137      0    137  0.94778298E+00 -0.11230322E-02 0.9080E-12      9
  794   20     0    -136      0    136  0.95460456E+00 -0.94584159E-03 0.3439E-12      9
  795   20     0    -135      0    135  0.96088153E+00 -0.10538678E-02 0.5685E-12     10
  796   20     0    -134      0    134  0.96839814E+00 -0.12017377E-02 0.9671E-12      8
  797   20     0    -133      0    133  0.97582641E+00 -0.10445856E-02 0.1090E-11      9
  798   20     0    -132      0    132  0.98226635E+00 -0.10540990E-02 0.7892E-12      9
  799   20     0    -131      0    131  0.98985429E+00 -0.12818616E-02 0.1098E-11      9
  800   20     0    -130      0    130  0.99787090E+00 -0.11873742E-02 0.2505E-12      8
  801   20     0    -129      0    129  0.10046836E+01 -0.10813455E-02 0.4457E-12     10
  802   20     0    -128      0    128  0.10122451E+01 -0.13687079E-02 0.1278E-12     10
  803   20     0    -127      0    127  0.10207823E+01 -0.13709139E-02 0.1075E-11      8
  804   20     0    -126      0    126  0.10281984E+01 -0.11617602E-02 0.1082E-11      9
  805   20     0    -125      0    125  0.10356612E+01 -0.14528807E-02 0.1804E-11     10
  806   20     0    -124      0    124  0.10445657E+01 -0.15766307E-02 0.2384E-11     10
  807   20     0    -123      0    123  0.10527350E+01 -0.13195156E-02 0.3671E-12      9
  808   20     0    -122      0    122  0.10601688E+01 -0.15225370E-02 0.8431E-12      9
  809   20     0    -121      0    121  0.10692785E+01 -0.17776955E-02 0.1082E-11      9
  810   20     0    -120      0    120  0.10782722E+01 -0.15413400E-02 0.8195E-12      9
  811   20     0    -119      0    119  0.10858862E+01 -0.15423722E-02 0.7413E-12      9
  812   20     0    -118      0    118  0.10950074E+01 -0.19087667E-02 0.8140E-12      8
  813   20     0    -117      0    117  0.11048125E+01 -0.17642537E-02 0.8089E-12      9
  814   20     0    -116      0    116  0.11130048E+01 -0.14973159E-02 0.8406E-12      9
  815   20     0    -115      0    115  0.11218959E+01 -0.18785909E-02 0.1682E-11      8
  816   20     0    -114      0    114  0.11323249E+01 -0.18615943E-02 0.3659E-12     12
  817   20     0    -113      0    113  0.11415736E+01 -0.14467545E-02 0.9074E-12     11
  818   20     0    -112      0    112  0.11502679E+01 -0.16514560E-02 0.1991E-11      9
  819   20     0    -111      0    111  0.11610442E+01 -0.17524720E-02 0.9275E-12      8
  820   20     0    -110      0    110  0.11715098E+01 -0.13723311E-02 0.2906E-12      9
  821   20     0    -109      0    109  0.11804084E+01 -0.13016869E-02 0.9879E-12      9
  822   20     0    -108      0    108  0.11912547E+01 -0.14739869E-02 0.2170E-12      9
  823   20     0    -107      0    107  0.12028665E+01 -0.12206489E-02 0.1182E-11     11
  824   20     0    -106      0    106  0.12125326E+01 -0.95551539E-03 0.6543E-12     10
  825   20     0    -105      0    105  0.12232001E+01 -0.11191551E-02 0.8208E-12      8
  826   20     0    -104      0    104  0.12357290E+01 -0.10016087E-02 0.5385E-12     10
  827   20     0    -103      0    103  0.12466977E+01 -0.70911914E-03 0.1875E-11      9
  828   20     0    -102      0    102  0.12571800E+01 -0.78610293E-03 0.1324E-11      8
  829   20     0    -101      0    101  0.12703032E+01 -0.77210681E-03 0.3167E-12     10
  830   20     0    -100      0    100  0.12828276E+01 -0.55314956E-03 0.1869E-11      8
  831   20     0     -99      0     99  0.12934625E+01 -0.52429670E-03 0.1219E-11      9
  832   20     0     -98      0     98  0.13067970E+01 -0.56995566E-03 0.3909E-11      8
  833   20     0     -97      0     97  0.13208436E+01 -0.44168453E-03 0.2087E-11      8
  834   20     0     -96      0     96  0.13322968E+01 -0.34457373E-03 0.1981E-11      8
  835   20     0     -95      0     95  0.13454728E+01 -0.40333042E-03 0.2612E-11      8
  836   20     0     -94      0     94  0.13607954E+01 -0.34438177E-03 0.1832E-11      9
  837   20     0     -93      0     93  0.13738191E+01 -0.23696908E-03 0.2003E-11      8
  838   20     0     -92      0     92  0.13866916E+01 -0.27230770E-03 0.7870E-11      9
  839   20     0     -91      0     91  0.14029158E+01 -0.25835742E-03 0.5986E-12     10
  840   20     0     -90      0     90  0.14180094E+01 -0.17717300E-03 0.4041E-11      9
  841   20     0     -89      0     89  0.14308795E+01 -0.17482114E-03 0.6133E-11      8
  842   20     0     -88      0     88  0.14474935E+01 -0.18613231E-03 0.2077E-11      8
  843   20     0     -87      0     87  0.14647177E+01 -0.13843311E-03 0.3594E-11     10
  844   20     0     -86      0     86  0.14784873E+01 -0.10887895E-03 0.1786E-11      9
  845   20     0     -85      0     85  0.14949593E+01 -0.12800499E-03 0.1602E-10      9
  846   20     0     -84      0     84  0.15140196E+01 -0.10553972E-03 0.7317E-11      9
  847   20     0     -83      0     83  0.15297665E+01 -0.70330837E-04 0.9636E-11      8
  848   20     0     -82      0     82  0.15457630E+01 -0.83384379E-04 0.9017E-12      8
  849   20     0     -81      0     81  0.15661412E+01 -0.76159811E-04 0.1060E-10      9
  850   20     0     -80      0     80  0.15845961E+01 -0.49082594E-04 0.1132E-10      8
  851   20     0     -79      0     79  0.16003508E+01 -0.50209961E-04 0.2110E-10      8
  852   20     0     -78      0     78  0.16213714E+01 -0.51480415E-04 0.5483E-10      8
  853   20     0     -77      0     77  0.16427225E+01 -0.36157034E-04 0.1361E-10     10
  854   20     0     -76      0     76  0.16593288E+01 -0.29108799E-04 0.2807E-10     10
  855   20     0     -75      0     75  0.16802006E+01 -0.34973997E-04 0.9345E-10      9
  856   20     0     -74      0     74  0.17040903E+01 -0.28981350E-04 0.2138E-10     10
  Time elapsed :      9.381 s

Mode Search
-----------

Mode parameters
   l : 21
   m : 0

Building frequency grid (REAL axis)
   added scan interval :  0.5202E+00 ->  0.2105E+01 (3000 points, INVERSE)

Building spatial grid
   Scaffold grid from model
   Split 378 subinterval(s) in iteration 1
   Split 30 subinterval(s) in iteration 2
   Split 0 subinterval(s) in iteration 3
   Final grid has 1 segment(s) and 7522 point(s):
      Segment 1 : x range 0.0000 -> 1.0012 (1 -> 7522)

Starting search (adiabatic)

Scanning frequencies
  Time elapsed :    36.026 s

Finding roots
  Time elapsed :     11.476 s

Processing modes
   id    l     m    n_pg    n_p    n_g       Re(omega)       Im(omega)        chi n_iter
  904   21     0    -231      0    231  0.59038897E+00  0.00000000E+00 0.1359E-12      6
  905   21     0    -230      0    230  0.59297863E+00  0.00000000E+00 0.3217E-12      5
  906   21     0    -229      0    229  0.59562485E+00  0.00000000E+00 0.3021E-12      6
  907   21     0    -228      0    228  0.59811906E+00  0.00000000E+00 0.5047E-12      5
  908   21     0    -227      0    227  0.60073322E+00  0.00000000E+00 0.1706E-12      5
  909   21     0    -226      0    226  0.60344499E+00  0.00000000E+00 0.2317E-12      6
  910   21     0    -225      0    225  0.60599075E+00  0.00000000E+00 0.1751E-12      5
  911   21     0    -224      0    224  0.60864515E+00  0.00000000E+00 0.2557E-12      5
  912   21     0    -223      0    223  0.61148898E+00  0.00000000E+00 0.5677E-12      6
  913   21     0    -222      0    222  0.61416544E+00  0.00000000E+00 0.2330E-12      6
  914   21     0    -221      0    221  0.61680817E+00  0.00000000E+00 0.1611E-12      5
  915   21     0    -220      0    220  0.61970028E+00  0.00000000E+00 0.7070E-12      5
  916   21     0    -219      0    219  0.62252041E+00  0.00000000E+00 0.1510E-12      5
  917   21     0    -218      0    218  0.62522063E+00  0.00000000E+00 0.1004E-11      5
  918   21     0    -217      0    217  0.62814806E+00  0.00000000E+00 0.3940E-12      5
  919   21     0    -216      0    216  0.63107991E+00  0.00000000E+00 0.2588E-12      5
  920   21     0    -215      0    215  0.63384592E+00  0.00000000E+00 0.2401E-12      6
  921   21     0    -214      0    214  0.63681650E+00  0.00000000E+00 0.9497E-12      5
  922   21     0    -213      0    213  0.63987160E+00  0.00000000E+00 0.6254E-12      5
  923   21     0    -212      0    212  0.64272448E+00  0.00000000E+00 0.1879E-12      6
  924   21     0    -211      0    211  0.64573069E+00  0.00000000E+00 0.6433E-12      6
  925   21     0    -210      0    210  0.64891763E+00  0.00000000E+00 0.1206E-12      6
  926   21     0    -209      0    209  0.65188552E+00  0.00000000E+00 0.3795E-12      5
  927   21     0    -208      0    208  0.65488175E+00  0.00000000E+00 0.3191E-12      6
  928   21     0    -207      0    207  0.65815067E+00  0.00000000E+00 0.2440E-12      5
  929   21     0    -206      0    206  0.66128580E+00  0.00000000E+00 0.1035E-12      5
  930   21     0    -205      0    205  0.66434603E+00  0.00000000E+00 0.2397E-13      6
  931   21     0    -204      0    204  0.66768372E+00  0.00000000E+00 0.3048E-12      5
  932   21     0    -203      0    203  0.67095162E+00  0.00000000E+00 0.8607E-12      5
  933   21     0    -202      0    202  0.67405764E+00  0.00000000E+00 0.2641E-12      6
  934   21     0    -201      0    201  0.67745878E+00  0.00000000E+00 0.3025E-14      5
  935   21     0    -200      0    200  0.68089556E+00  0.00000000E+00 0.9403E-13      6
  936   21     0    -199      0    199  0.68408652E+00  0.00000000E+00 0.4302E-12      6
  937   21     0    -198      0    198  0.68752158E+00  0.00000000E+00 0.8516E-12      5
  938   21     0    -197      0    197  0.69111988E+00  0.00000000E+00 0.5446E-13      6
  939   21     0    -196      0    196  0.69442999E+00  0.00000000E+00 0.1308E-11      5
  940   21     0    -195      0    195  0.69786603E+00  0.00000000E+00 0.1734E-12      6
  941   21     0    -194      0    194  0.70160161E+00  0.00000000E+00 0.8881E-13      5
  942   21     0    -193      0    193  0.70510482E+00  0.00000000E+00 0.1978E-12      5
  943   21     0    -192      0    192  0.70856618E+00  0.00000000E+00 0.2053E-12      5
  944   21     0    -191      0    191  0.71238839E+00  0.00000000E+00 0.7392E-12      5
  945   21     0    -190      0    190  0.71607392E+00  0.00000000E+00 0.3049E-12      6
  946   21     0    -189      0    189  0.71959990E+00  0.00000000E+00 0.3521E-13      6
  947   21     0    -188      0    188  0.72352520E+00  0.00000000E+00 0.4196E-12      6
  948   21     0    -187      0    187  0.72743423E+00  0.00000000E+00 0.6235E-13      5
  949   21     0    -186      0    186  0.73101074E+00  0.00000000E+00 0.1647E-12      6
  950   21     0    -185      0    185  0.73495516E+00  0.00000000E+00 0.4831E-12      5
  951   21     0    -184      0    184  0.73908809E+00  0.00000000E+00 0.5515E-14      6
  952   21     0    -183      0    183  0.74282243E+00  0.00000000E+00 0.3707E-12      5
  953   21     0    -182      0    182  0.74675381E+00  0.00000000E+00 0.3796E-12      6
  954   21     0    -181      0    181  0.75106232E+00  0.00000000E+00 0.1812E-13      6
  955   21     0    -180      0    180  0.75504465E+00  0.00000000E+00 0.2424E-12      5
  956   21     0    -179      0    179  0.75899728E+00  0.00000000E+00 0.1475E-12      6
  957   21     0    -178      0    178  0.76342451E+00  0.00000000E+00 0.1428E-12      6
  958   21     0    -177      0    177  0.76765342E+00  0.00000000E+00 0.2963E-12      5
  959   21     0    -176      0    176  0.77165799E+00  0.00000000E+00 0.2047E-12      6
  960   21     0    -175      0    175  0.77618500E+00  0.00000000E+00 0.2641E-12      5
  961   21     0    -174      0    174  0.78069738E+00  0.00000000E+00 0.3138E-12      6
  962   21     0    -173      0    173  0.78479421E+00  0.00000000E+00 0.5901E-12      5
  963   21     0    -172      0    172  0.78935414E+00  0.00000000E+00 0.5113E-12      5
  964   21     0    -171      0    171  0.79414349E+00  0.00000000E+00 0.2376E-12      6
  965   21     0    -170      0    170  0.79843722E+00  0.00000000E+00 0.2295E-12      5
  966   21     0    -169      0    169  0.80298812E+00  0.00000000E+00 0.4029E-12      5
  967   21     0    -168      0    168  0.80799724E+00  0.00000000E+00 0.3093E-12      5
  968   21     0    -167      0    167  0.81257656E+00  0.00000000E+00 0.7976E-12      5
  969   21     0    -166      0    166  0.81714652E+00  0.00000000E+00 0.1720E-12      6
  970   21     0    -165      0    165  0.82233000E+00  0.00000000E+00 0.3043E-13      6
  971   21     0    -164      0    164  0.82724555E+00  0.00000000E+00 0.3168E-12      6
  972   21     0    -163      0    163  0.83186618E+00  0.00000000E+00 0.2961E-12      6
  973   21     0    -162      0    162  0.83715249E+00  0.00000000E+00 0.3656E-12      5
  974   21     0    -161      0    161  0.84241205E+00  0.00000000E+00 0.5052E-13      6
  975   21     0    -160      0    160  0.84716572E+00  0.00000000E+00 0.4726E-12      6
  976   21     0    -159      0    159  0.85249912E+00  0.00000000E+00 0.2489E-12      5
  977   21     0    -158      0    158  0.85807038E+00  0.00000000E+00 0.6487E-13      6
  978   21     0    -157      0    157  0.86304623E+00  0.00000000E+00 0.1603E-12      6
  979   21     0    -156      0    156  0.86841699E+00  0.00000000E+00 0.3575E-12      6
  980   21     0    -155      0    155  0.87429401E+00  0.00000000E+00 0.8922E-13      6
  981   21     0    -154      0    154  0.87959927E+00  0.00000000E+00 0.1986E-12      5
  982   21     0    -153      0    153  0.88497456E+00  0.00000000E+00 0.4988E-13      5
  983   21     0    -152      0    152  0.89107939E+00  0.00000000E+00 0.1084E-12      5
  984   21     0    -151      0    151  0.89677285E+00  0.00000000E+00 0.9177E-13      6
  985   21     0    -150      0    150  0.90219872E+00  0.00000000E+00 0.1887E-12      6
  986   21     0    -149      0    149  0.90848871E+00  0.00000000E+00 0.5466E-13      6
  987   21     0    -148      0    148  0.91463751E+00  0.00000000E+00 0.3066E-13      6
  988   21     0    -147      0    147  0.92017914E+00  0.00000000E+00 0.2994E-12      6
  989   21     0    -146      0    146  0.92655199E+00  0.00000000E+00 0.1291E-12      5
  990   21     0    -145      0    145  0.93313580E+00  0.00000000E+00 0.2354E-12      6
  991   21     0    -144      0    144  0.93893099E+00  0.00000000E+00 0.4668E-12      6
  992   21     0    -143      0    143  0.94534305E+00  0.00000000E+00 0.2043E-12      6
  993   21     0    -142      0    142  0.95232004E+00  0.00000000E+00 0.2290E-12      6
  994   21     0    -141      0    141  0.95846998E+00  0.00000000E+00 0.8901E-12      5
  995   21     0    -140      0    140  0.96488334E+00  0.00000000E+00 0.8436E-13      6
  996   21     0    -139      0    139  0.97220754E+00  0.00000000E+00 0.4522E-12      5
  997   21     0    -138      0    138  0.97887045E+00  0.00000000E+00 0.2238E-13      6
  998   21     0    -137      0    137  0.98531005E+00  0.00000000E+00 0.2298E-12      6
  999   21     0    -136      0    136  0.99288354E+00  0.00000000E+00 0.2153E-13      6
 1000   21     0    -135      0    135  0.10001168E+01  0.00000000E+00 0.6083E-14      6
 1001   21     0    -134      0    134  0.10066500E+01  0.00000000E+00 0.2421E-12      5
 1002   21     0    -133      0    133  0.10143763E+01  0.00000000E+00 0.1266E-12      5
 1003   21     0    -132      0    132  0.10222216E+01  0.00000000E+00 0.1596E-12      6
 1004   21     0    -131      0    131  0.10290045E+01  0.00000000E+00 0.2169E-12      6
 1005   21     0    -130      0    130  0.10367593E+01  0.00000000E+00 0.9623E-13      6
 1006   21     0    -129      0    129  0.10451719E+01  0.00000000E+00 0.1798E-12      6
 1007   21     0    -128      0    128  0.10524298E+01  0.00000000E+00 0.1502E-12      5
 1008   21     0    -127      0    127  0.10601402E+01  0.00000000E+00 0.1045E-12      6
 1009   21     0    -126      0    126  0.10690278E+01  0.00000000E+00 0.1335E-12      6
 1010   21     0    -125      0    125  0.10769764E+01  0.00000000E+00 0.3326E-14      6
 1011   21     0    -124      0    124  0.10846300E+01  0.00000000E+00 0.6206E-13      5
 1012   21     0    -123      0    123  0.10938203E+01  0.00000000E+00 0.1773E-12      5
 1013   21     0    -122      0    122  0.11025619E+01  0.00000000E+00 0.2711E-13      5
 1014   21     0    -121      0    121  0.11103088E+01  0.00000000E+00 0.8977E-13      6
 1015   21     0    -120      0    120  0.11196372E+01  0.00000000E+00 0.9621E-13      5
 1016   21     0    -119      0    119  0.11291909E+01  0.00000000E+00 0.1864E-12      6
 1017   21     0    -118      0    118  0.11372959E+01  0.00000000E+00 0.2455E-13      6
 1018   21     0    -117      0    117  0.11465889E+01  0.00000000E+00 0.1395E-12      6
 1019   21     0    -116      0    116  0.11568955E+01  0.00000000E+00 0.2800E-12      6
 1020   21     0    -115      0    115  0.11657348E+01  0.00000000E+00 0.1104E-12      5
 1021   21     0    -114      0    114  0.11748117E+01  0.00000000E+00 0.3367E-12      6
 1022   21     0    -113      0    113  0.11856446E+01  0.00000000E+00 0.1612E-12      6
 1023   21     0    -112      0    112  0.11955898E+01  0.00000000E+00 0.2073E-12      6
 1024   21     0    -111      0    111  0.12045780E+01  0.00000000E+00 0.6445E-13      6
 1025   21     0    -110      0    110  0.12156191E+01  0.00000000E+00 0.4967E-14      5
 1026   21     0    -109      0    109  0.12267428E+01  0.00000000E+00 0.2581E-12      6
 1027   21     0    -108      0    108  0.12361119E+01  0.00000000E+00 0.1810E-12      6
 1028   21     0    -107      0    107  0.12470734E+01  0.00000000E+00 0.5848E-13      6
 1029   21     0    -106      0    106  0.12592527E+01  0.00000000E+00 0.1896E-12      6
 1030   21     0    -105      0    105  0.12696187E+01  0.00000000E+00 0.1139E-12      5
 1031   21     0    -104      0    104  0.12803174E+01  0.00000000E+00 0.7054E-14      5
 1032   21     0    -103      0    103  0.12932742E+01  0.00000000E+00 0.2035E-13      6
 1033   21     0    -102      0    102  0.13051360E+01  0.00000000E+00 0.3403E-13      6
 1034   21     0    -101      0    101  0.13157519E+01  0.00000000E+00 0.1472E-12      6
 1035   21     0    -100      0    100  0.13291038E+01  0.00000000E+00 0.1324E-12      5
 1036   21     0     -99      0     99  0.13425701E+01  0.00000000E+00 0.6462E-13      5
 1037   21     0     -98      0     98  0.13536768E+01  0.00000000E+00 0.3753E-13      6
 1038   21     0     -97      0     97  0.13670041E+01  0.00000000E+00 0.7657E-14      6
 1039   21     0     -96      0     96  0.13818798E+01  0.00000000E+00 0.1275E-12      6
 1040   21     0     -95      0     95  0.13942640E+01  0.00000000E+00 0.9244E-14      6
 1041   21     0     -94      0     94  0.14072828E+01  0.00000000E+00 0.5688E-13      5
 1042   21     0     -93      0     93  0.14232058E+01  0.00000000E+00 0.7654E-13      6
 1043   21     0     -92      0     92  0.14375042E+01  0.00000000E+00 0.2031E-12      5
 1044   21     0     -91      0     91  0.14503421E+01  0.00000000E+00 0.1498E-12      6
 1045   21     0     -90      0     90  0.14668402E+01  0.00000000E+00 0.1494E-12      5
 1046   21     0     -89      0     89  0.14832752E+01  0.00000000E+00 0.2626E-12      6
 1047   21     0     -88      0     88  0.14966156E+01  0.00000000E+00 0.1491E-12      6
 1048   21     0     -87      0     87  0.15131124E+01  0.00000000E+00 0.1313E-12      5
 1049   21     0     -86      0     86  0.15314783E+01  0.00000000E+00 0.1048E-12      6
 1050   21     0     -85      0     85  0.15464351E+01  0.00000000E+00 0.1540E-12      6
 1051   21     0     -84      0     84  0.15624998E+01  0.00000000E+00 0.5267E-13      6
 1052   21     0     -83      0     83  0.15823343E+01  0.00000000E+00 0.2092E-13      6
 1053   21     0     -82      0     82  0.15998099E+01  0.00000000E+00 0.7842E-13      6
 1054   21     0     -81      0     81  0.16154856E+01  0.00000000E+00 0.9669E-14      6
 1055   21     0     -80      0     80  0.16361343E+01  0.00000000E+00 0.2889E-13      5
 1056   21     0     -79      0     79  0.16564320E+01  0.00000000E+00 0.4441E-13      6
 1057   21     0     -78      0     78  0.16725388E+01  0.00000000E+00 0.1607E-13      6
 1058   21     0     -77      0     77  0.16932130E+01  0.00000000E+00 0.1099E-12      6
 1059   21     0     -76      0     76  0.17161040E+01  0.00000000E+00 0.7633E-13      6
  Time elapsed :      3.367 s

Starting search (non-adiabatic)

Finding roots
  Time elapsed :    261.842 s

Processing modes
   id    l     m    n_pg    n_p    n_g       Re(omega)       Im(omega)        chi n_iter
  904   21     0    -231      0    231  0.59009205E+00 -0.13104070E-02 0.6052E-12      7
  905   21     0    -230      0    230  0.59268441E+00 -0.14847118E-02 0.1411E-11      8
  906   21     0    -229      0    229  0.59540548E+00 -0.14554706E-02 0.1684E-12      9
  907   21     0    -228      0    228  0.59785042E+00 -0.14098742E-02 0.5926E-12      8
  908   21     0    -227      0    227  0.60043545E+00 -0.16013657E-02 0.5712E-12      7
  909   21     0    -226      0    226  0.60322852E+00 -0.16119631E-02 0.8659E-12      9
  910   21     0    -225      0    225  0.60571950E+00 -0.15247486E-02 0.1384E-11     10
  911   21     0    -224      0    224  0.60828858E+00 -0.17704772E-02 0.4641E-12     11
  912   21     0    -223      0    223  0.61120419E+00 -0.18683450E-02 0.7660E-12      8
  913   21     0    -222      0    222  0.61388364E+00 -0.17027601E-02 0.1429E-11      9
  914   21     0    -221      0    221  0.61632886E+00 -0.18848169E-02 0.4494E-12      8
  915   21     0    -219      0    219  0.62208648E+00 -0.19574649E-02 0.3527E-12     13
  916   21     0    -218      0    218  0.62453974E+00 -0.19556341E-02 0.2323E-12     12
  917   21     0    -217      0    217  0.62736915E+00 -0.21940091E-02 0.1494E-11     10
  918   21     0    -216      0    216  0.63036625E+00 -0.20803254E-02 0.6170E-12     11
  919   21     0    -215      0    215  0.63296075E+00 -0.19048235E-02 0.2458E-12      9
  920   21     0    -214      0    214  0.63575156E+00 -0.21155114E-02 0.2959E-12     11
  921   21     0    -213      0    213  0.63888742E+00 -0.20657850E-02 0.8808E-12     10
  922   21     0    -212      0    212  0.64171064E+00 -0.18059158E-02 0.2328E-12      9
  923   21     0    -211      0    211  0.64448565E+00 -0.19472254E-02 0.7163E-12     10
  924   21     0    -210      0    210  0.64772381E+00 -0.19841874E-02 0.9052E-12     11
  925   21     0    -209      0    209  0.65080160E+00 -0.17149282E-02 0.6164E-12      9
  926   21     0    -208      0    208  0.65357925E+00 -0.17313621E-02 0.1071E-11     11
  927   21     0    -207      0    207  0.65682963E+00 -0.18499097E-02 0.8886E-12     10
  928   21     0    -206      0    206  0.66011177E+00 -0.16595067E-02 0.5039E-12     10
  929   21     0    -205      0    205  0.66304695E+00 -0.15802883E-02 0.6955E-12      9
  930   21     0    -204      0    204  0.66631231E+00 -0.17115622E-02 0.2754E-12     10
  931   21     0    -203      0    203  0.66973740E+00 -0.15787686E-02 0.6120E-12     10
  932   21     0    -202      0    202  0.67279562E+00 -0.14448923E-02 0.3106E-12     10
  933   21     0    -201      0    201  0.67607552E+00 -0.15901837E-02 0.4987E-12     10
  934   21     0    -200      0    200  0.67964849E+00 -0.15235381E-02 0.4299E-12     10
  935   21     0    -199      0    199  0.68288563E+00 -0.13467888E-02 0.4660E-12      8
  936   21     0    -198      0    198  0.68616843E+00 -0.14736350E-02 0.8880E-12     10
  937   21     0    -197      0    197  0.68985675E+00 -0.14743888E-02 0.9071E-13      9
  938   21     0    -196      0    196  0.69329532E+00 -0.12789941E-02 0.1284E-12      8
  939   21     0    -195      0    195  0.69657879E+00 -0.13585454E-02 0.7605E-12      9
  940   21     0    -194      0    194  0.70033944E+00 -0.14261691E-02 0.4529E-12     12
  941   21     0    -193      0    193  0.70400674E+00 -0.12564881E-02 0.5817E-12      8
  942   21     0    -192      0    192  0.70736716E+00 -0.12612029E-02 0.4160E-12      8
  943   21     0    -191      0    191  0.71115839E+00 -0.13683919E-02 0.6201E-12      8
  944   21     0    -190      0    190  0.71500520E+00 -0.12364276E-02 0.6007E-12      8
  945   21     0    -189      0    189  0.71848045E+00 -0.11894551E-02 0.1714E-12      9
  946   21     0    -188      0    188  0.72232785E+00 -0.13232337E-02 0.2147E-12      9
  947   21     0    -187      0    187  0.72638748E+00 -0.12306544E-02 0.1602E-12      9
  948   21     0    -186      0    186  0.72999578E+00 -0.11064713E-02 0.3822E-12      7
  949   21     0    -185      0    185  0.73381542E+00 -0.12557880E-02 0.8555E-12      7
  950   21     0    -184      0    184  0.73805112E+00 -0.12275387E-02 0.1374E-12      8
  951   21     0    -183      0    183  0.74189740E+00 -0.10577554E-02 0.5409E-12      7
  952   21     0    -182      0    182  0.74569935E+00 -0.11731585E-02 0.9737E-13      8
  953   21     0    -181      0    181  0.75005163E+00 -0.12086532E-02 0.3116E-12      8
  954   21     0    -180      0    180  0.75418160E+00 -0.10423248E-02 0.2081E-12      9
  955   21     0    -179      0    179  0.75804625E+00 -0.10910599E-02 0.3694E-12      9
  956   21     0    -178      0    178  0.76246970E+00 -0.11719643E-02 0.2561E-12      9
  957   21     0    -177      0    177  0.76684960E+00 -0.10294408E-02 0.2746E-12     10
  958   21     0    -176      0    176  0.77081482E+00 -0.10182430E-02 0.1638E-12      8
  959   21     0    -175      0    175  0.77529766E+00 -0.11360299E-02 0.3302E-12      8
  960   21     0    -175      0    175  0.77994336E+00 -0.10321107E-02 0.2526E-12      7
  961   21     0    -174      0    174  0.78406279E+00 -0.95141350E-03 0.2825E-12      8
  962   21     0    -173      0    173  0.78854693E+00 -0.10916513E-02 0.4470E-12      8
  963   21     0    -172      0    172  0.79343072E+00 -0.10439809E-02 0.3850E-12     10
  964   21     0    -171      0    171  0.79780246E+00 -0.91048484E-03 0.2291E-12     10
  965   21     0    -170      0    170  0.80226877E+00 -0.10398659E-02 0.7775E-12      7
  966   21     0    -169      0    169  0.80732802E+00 -0.10520108E-02 0.4846E-12      8
  967   21     0    -168      0    168  0.81201171E+00 -0.90181937E-03 0.6600E-12     10
  968   21     0    -167      0    167  0.81651186E+00 -0.99048237E-03 0.4165E-12      7
  969   21     0    -166      0    166  0.82170614E+00 -0.10561260E-02 0.6446E-12      8
  970   21     0    -165      0    165  0.82673133E+00 -0.91390308E-03 0.1468E-12      8
  971   21     0    -163      0    163  0.83131406E+00 -0.93843454E-03 0.5401E-12      8
  972   21     0    -163      0    163  0.83657900E+00 -0.10482546E-02 0.3304E-12      9
  973   21     0    -162      0    162  0.84193486E+00 -0.93750190E-03 0.6936E-12      8
  974   21     0    -161      0    161  0.84669027E+00 -0.89248275E-03 0.3393E-12      9
  975   21     0    -160      0    160  0.85198150E+00 -0.10274757E-02 0.1846E-12      8
  976   21     0    -159      0    159  0.85762692E+00 -0.96021969E-03 0.3417E-12      8
  977   21     0    -158      0    158  0.86263752E+00 -0.86105426E-03 0.5825E-12      7
  978   21     0    -157      0    157  0.86795672E+00 -0.10012013E-02 0.1814E-11      9
  979   21     0    -155      0    155  0.87924963E+00 -0.84648860E-03 0.1900E-12      9
  980   21     0    -156      0    156  0.87388275E+00 -0.98591549E-03 0.9843E-13      6
  981   21     0    -154      0    154  0.88457629E+00 -0.96254589E-03 0.5919E-13      8
  982   21     0    -153      0    153  0.89070580E+00 -0.10032189E-02 0.8671E-12     10
  983   21     0    -152      0    152  0.89647098E+00 -0.85474695E-03 0.4194E-12      9
  984   21     0    -151      0    151  0.90186070E+00 -0.92557919E-03 0.8255E-12      8
  985   21     0    -150      0    150  0.90815437E+00 -0.10214982E-02 0.6577E-12      8
  986   21     0    -149      0    149  0.91437350E+00 -0.89024319E-03 0.2822E-12      8
  987   21     0    -148      0    148  0.91989995E+00 -0.88945539E-03 0.1136E-11      8
  988   21     0    -147      0    147  0.92625903E+00 -0.10341985E-02 0.9020E-12      8
  989   21     0    -146      0    146  0.93290166E+00 -0.94538588E-03 0.4647E-12      9
  990   21     0    -145      0    145  0.93870323E+00 -0.87281590E-03 0.5231E-12      8
  991   21     0    -144      0    144  0.94509037E+00 -0.10449462E-02 0.1577E-11      9
  992   21     0    -143      0    143  0.95211313E+00 -0.10093738E-02 0.8382E-12      8
  993   21     0    -142      0    142  0.95828763E+00 -0.87469991E-03 0.2272E-12      9
  994   21     0    -141      0    141  0.96466916E+00 -0.10513657E-02 0.5392E-12      9
  995   21     0    -140      0    140  0.97202581E+00 -0.10822395E-02 0.6002E-12      9
  996   21     0    -139      0    139  0.97872677E+00 -0.91278195E-03 0.2655E-12      8
  997   21     0    -138      0    138  0.98513381E+00 -0.10496317E-02 0.6636E-12      8
  998   21     0    -137      0    137  0.99272866E+00 -0.11526600E-02 0.1385E-11      9
  999   21     0    -136      0    136  0.10000072E+01 -0.98246346E-03 0.6920E-12      8
 1000   21     0    -135      0    135  0.10065113E+01 -0.10435711E-02 0.5865E-12     10
 1001   21     0    -134      0    134  0.10142497E+01 -0.12229821E-02 0.1266E-11     10
 1002   21     0    -133      0    133  0.10221423E+01 -0.10924733E-02 0.1510E-12      8
 1003   21     0    -132      0    132  0.10289044E+01 -0.10452031E-02 0.9141E-12      8
 1004   21     0    -131      0    131  0.10366608E+01 -0.12943162E-02 0.3336E-12      9
 1005   21     0    -130      0    130  0.10451185E+01 -0.12414683E-02 0.8133E-12      8
 1006   21     0    -129      0    129  0.10523677E+01 -0.10860291E-02 0.1487E-11      8
 1007   21     0    -128      0    128  0.10600634E+01 -0.13711036E-02 0.4649E-12      7
 1008   21     0    -127      0    127  0.10689919E+01 -0.14257228E-02 0.7299E-12      9
 1009   21     0    -126      0    126  0.10769481E+01 -0.11942606E-02 0.3575E-12      9
 1010   21     0    -125      0    125  0.10845596E+01 -0.14440836E-02 0.1586E-11      8
 1011   21     0    -124      0    124  0.10937812E+01 -0.16285044E-02 0.2305E-12     10
 1012   21     0    -123      0    123  0.11025465E+01 -0.13877054E-02 0.4422E-12      9
 1013   21     0    -122      0    122  0.11102187E+01 -0.15058239E-02 0.9616E-12      9
 1014   21     0    -121      0    121  0.11195525E+01 -0.18226223E-02 0.3070E-11      9
 1015   21     0    -120      0    120  0.11291383E+01 -0.16413128E-02 0.1580E-12      9
 1016   21     0    -119      0    119  0.11371598E+01 -0.15344856E-02 0.7141E-12     10
 1017   21     0    -118      0    118  0.11464040E+01 -0.19421959E-02 0.3539E-12      9
 1018   21     0    -117      0    117  0.11567322E+01 -0.18778114E-02 0.4691E-12      8
 1019   21     0    -116      0    116  0.11655408E+01 -0.15333884E-02 0.2121E-12     10
 1020   21     0    -115      0    115  0.11745008E+01 -0.18929946E-02 0.1705E-11      9
 1021   21     0    -114      0    114  0.11853301E+01 -0.19641185E-02 0.1187E-11     12
 1022   21     0    -113      0    113  0.11953236E+01 -0.15416893E-02 0.5109E-12     10
 1023   21     0    -112      0    112  0.12041951E+01 -0.16419913E-02 0.8951E-12     10
 1024   21     0    -111      0    111  0.12152062E+01 -0.18233429E-02 0.1419E-11      9
 1025   21     0    -110      0    110  0.12264137E+01 -0.14855025E-02 0.1410E-12      8
 1026   21     0    -109      0    109  0.12357653E+01 -0.12862960E-02 0.5215E-12      8
 1027   21     0    -108      0    108  0.12466795E+01 -0.14996454E-02 0.1156E-11     10
 1028   21     0    -107      0    107  0.12589331E+01 -0.13032934E-02 0.8892E-12      8
 1029   21     0    -106      0    106  0.12693714E+01 -0.96199888E-03 0.2295E-11      9
 1030   21     0    -105      0    105  0.12800329E+01 -0.11063607E-02 0.1244E-11     10
 1031   21     0    -104      0    104  0.12930341E+01 -0.10437512E-02 0.2502E-11     10
 1032   21     0    -103      0    103  0.13049774E+01 -0.74039508E-03 0.6253E-12      9
 1033   21     0    -102      0    102  0.13155867E+01 -0.75496551E-03 0.2879E-11     10
 1034   21     0    -101      0    101  0.13289548E+01 -0.78576793E-03 0.1299E-11      9
 1035   21     0    -100      0    100  0.13424730E+01 -0.58940338E-03 0.2950E-11      8
 1036   21     0     -99      0     99  0.13535952E+01 -0.49614608E-03 0.2338E-11      8
 1037   21     0     -98      0     98  0.13669241E+01 -0.56575827E-03 0.2499E-11     10
 1038   21     0     -97      0     97  0.13818251E+01 -0.46548266E-03 0.5867E-12      8
 1039   21     0     -96      0     96  0.13942279E+01 -0.33267126E-03 0.2712E-11      8
 1040   21     0     -95      0     95  0.14072459E+01 -0.38839904E-03 0.3546E-11      9
 1041   21     0     -94      0     94  0.14231795E+01 -0.35342259E-03 0.2128E-11      9
 1042   21     0     -93      0     93  0.14374895E+01 -0.24056095E-03 0.3414E-11      9
 1043   21     0     -92      0     92  0.14503282E+01 -0.25354093E-03 0.4246E-11      8
 1044   21     0     -91      0     91  0.14668300E+01 -0.25820170E-03 0.6076E-11      8
 1045   21     0     -90      0     90  0.14832702E+01 -0.18655497E-03 0.2025E-11      9
 1046   21     0     -89      0     89  0.14966119E+01 -0.15909979E-03 0.3772E-11      9
 1047   21     0     -88      0     88  0.15131100E+01 -0.18124053E-03 0.5231E-11     10
 1048   21     0     -87      0     87  0.15314776E+01 -0.14507767E-03 0.6688E-11      9
 1049   21     0     -86      0     86  0.15464351E+01 -0.10162661E-03 0.1404E-11      8
 1050   21     0     -85      0     85  0.15625004E+01 -0.12158408E-03 0.1897E-10      9
 1051   21     0     -84      0     84  0.15823357E+01 -0.10859226E-03 0.1823E-10      8
 1052   21     0     -83      0     83  0.15998114E+01 -0.71086732E-04 0.3306E-11      8
 1053   21     0     -82      0     82  0.16154878E+01 -0.77333666E-04 0.1186E-10      8
 1054   21     0     -81      0     81  0.16361380E+01 -0.77389781E-04 0.1667E-10      9
 1055   21     0     -80      0     80  0.16564361E+01 -0.53274250E-04 0.4413E-11     10
 1056   21     0     -79      0     79  0.16725438E+01 -0.45684795E-04 0.1111E-10     10
 1057   21     0     -78      0     78  0.16932216E+01 -0.51423995E-04 0.2360E-10      8
 1058   21     0     -77      0     77  0.17161140E+01 -0.39391347E-04 0.2171E-10      9
 1059   21     0     -76      0     76  0.17341755E+01 -0.26904132E-04 0.3733E-11      9
  Time elapsed :      9.495 s

Mode Search
-----------

Mode parameters
   l : 22
   m : 0

Building frequency grid (REAL axis)
   added scan interval :  0.5202E+00 ->  0.2105E+01 (3000 points, INVERSE)

Building spatial grid
   Scaffold grid from model
   Split 380 subinterval(s) in iteration 1
   Split 30 subinterval(s) in iteration 2
   Split 0 subinterval(s) in iteration 3
   Final grid has 1 segment(s) and 7524 point(s):
      Segment 1 : x range 0.0000 -> 1.0012 (1 -> 7524)

Starting search (adiabatic)

Scanning frequencies
  Time elapsed :    36.011 s

Finding roots
  Time elapsed :     12.212 s

Processing modes
   id    l     m    n_pg    n_p    n_g       Re(omega)       Im(omega)        chi n_iter
 1107   22     0    -242      0    242  0.58987553E+00  0.00000000E+00 0.7777E-12      6
 1108   22     0    -241      0    241  0.59222911E+00  0.00000000E+00 0.1109E-11      5
 1109   22     0    -240      0    240  0.59464871E+00  0.00000000E+00 0.8850E-13      5
 1110   22     0    -239      0    239  0.59719807E+00  0.00000000E+00 0.5153E-12      6
 1111   22     0    -238      0    238  0.59962359E+00  0.00000000E+00 0.1684E-12      5
 1112   22     0    -237      0    237  0.60206608E+00  0.00000000E+00 0.1883E-12      6
 1113   22     0    -236      0    236  0.60469731E+00  0.00000000E+00 0.5413E-12      5
 1114   22     0    -235      0    235  0.60724117E+00  0.00000000E+00 0.1656E-12      5
 1115   22     0    -234      0    234  0.60971141E+00  0.00000000E+00 0.4002E-12      5
 1116   22     0    -233      0    233  0.61239146E+00  0.00000000E+00 0.6144E-12      5
 1117   22     0    -232      0    232  0.61506106E+00  0.00000000E+00 0.4958E-12      6
 1118   22     0    -231      0    231  0.61757859E+00  0.00000000E+00 0.1123E-12      5
 1119   22     0    -230      0    230  0.62026933E+00  0.00000000E+00 0.3873E-12      5
 1120   22     0    -229      0    229  0.62304278E+00  0.00000000E+00 0.2264E-12      6
 1121   22     0    -228      0    228  0.62565785E+00  0.00000000E+00 0.1490E-11      5
 1122   22     0    -227      0    227  0.62837452E+00  0.00000000E+00 0.1845E-12      5
 1123   22     0    -226      0    226  0.63121284E+00  0.00000000E+00 0.6112E-14      6
 1124   22     0    -225      0    225  0.63388592E+00  0.00000000E+00 0.1291E-11      5
 1125   22     0    -224      0    224  0.63664267E+00  0.00000000E+00 0.2935E-13      6
 1126   22     0    -223      0    223  0.63961243E+00  0.00000000E+00 0.3119E-12      6
 1127   22     0    -222      0    222  0.64242917E+00  0.00000000E+00 0.5085E-13      5
 1128   22     0    -221      0    221  0.64517909E+00  0.00000000E+00 0.1947E-12      6
 1129   22     0    -220      0    220  0.64818983E+00  0.00000000E+00 0.1716E-12      5
 1130   22     0    -219      0    219  0.65115489E+00  0.00000000E+00 0.2786E-12      6
 1131   22     0    -218      0    218  0.65397414E+00  0.00000000E+00 0.7551E-13      5
 1132   22     0    -217      0    217  0.65701684E+00  0.00000000E+00 0.5353E-12      5
 1133   22     0    -216      0    216  0.66009496E+00  0.00000000E+00 0.2842E-12      6
 1134   22     0    -215      0    215  0.66299017E+00  0.00000000E+00 0.2933E-13      5
 1135   22     0    -214      0    214  0.66607444E+00  0.00000000E+00 0.2624E-12      5
 1136   22     0    -213      0    213  0.66927670E+00  0.00000000E+00 0.8430E-13      6
 1137   22     0    -212      0    212  0.67227068E+00  0.00000000E+00 0.5644E-12      5
 1138   22     0    -211      0    211  0.67538950E+00  0.00000000E+00 0.2963E-12      6
 1139   22     0    -210      0    210  0.67872148E+00  0.00000000E+00 0.3747E-12      6
 1140   22     0    -209      0    209  0.68184485E+00  0.00000000E+00 0.5688E-12      5
 1141   22     0    -208      0    208  0.68495598E+00  0.00000000E+00 0.4084E-12      6
 1142   22     0    -207      0    207  0.68836301E+00  0.00000000E+00 0.1575E-12      6
 1143   22     0    -206      0    206  0.69166215E+00  0.00000000E+00 0.1812E-12      6
 1144   22     0    -205      0    205  0.69484870E+00  0.00000000E+00 0.3338E-12      6
 1145   22     0    -204      0    204  0.69831996E+00  0.00000000E+00 0.5265E-12      5
 1146   22     0    -203      0    203  0.70175725E+00  0.00000000E+00 0.5143E-13      6
 1147   22     0    -202      0    202  0.70499967E+00  0.00000000E+00 0.2400E-12      6
 1148   22     0    -201      0    201  0.70852879E+00  0.00000000E+00 0.3938E-12      5
 1149   22     0    -200      0    200  0.71213844E+00  0.00000000E+00 0.9934E-13      6
 1150   22     0    -199      0    199  0.71548258E+00  0.00000000E+00 0.7214E-13      6
 1151   22     0    -198      0    198  0.71904048E+00  0.00000000E+00 0.5984E-13      6
 1152   22     0    -197      0    197  0.72280955E+00  0.00000000E+00 0.5044E-14      6
 1153   22     0    -196      0    196  0.72629244E+00  0.00000000E+00 0.7891E-13      5
 1154   22     0    -195      0    195  0.72985010E+00  0.00000000E+00 0.5288E-12      6
 1155   22     0    -194      0    194  0.73374853E+00  0.00000000E+00 0.1138E-12      6
 1156   22     0    -193      0    193  0.73744129E+00  0.00000000E+00 0.1599E-12      6
 1157   22     0    -192      0    192  0.74103438E+00  0.00000000E+00 0.8532E-13      6
 1158   22     0    -191      0    191  0.74500985E+00  0.00000000E+00 0.3515E-12      5
 1159   22     0    -190      0    190  0.74889427E+00  0.00000000E+00 0.2370E-12      6
 1160   22     0    -189      0    189  0.75256552E+00  0.00000000E+00 0.1764E-12      5
 1161   22     0    -188      0    188  0.75663457E+00  0.00000000E+00 0.4005E-12      5
 1162   22     0    -187      0    187  0.76074998E+00  0.00000000E+00 0.5405E-12      6
 1163   22     0    -186      0    186  0.76449538E+00  0.00000000E+00 0.1394E-12      5
 1164   22     0    -185      0    185  0.76856951E+00  0.00000000E+00 0.6689E-13      6
 1165   22     0    -184      0    184  0.77290456E+00  0.00000000E+00 0.2666E-12      6
 1166   22     0    -183      0    183  0.77683911E+00  0.00000000E+00 0.2882E-12      5
 1167   22     0    -182      0    182  0.78089646E+00  0.00000000E+00 0.3087E-12      5
 1168   22     0    -181      0    181  0.78539409E+00  0.00000000E+00 0.5130E-13      5
 1169   22     0    -180      0    180  0.78960097E+00  0.00000000E+00 0.9157E-13      6
 1170   22     0    -179      0    179  0.79369235E+00  0.00000000E+00 0.5020E-14      6
 1171   22     0    -178      0    178  0.79829307E+00  0.00000000E+00 0.5185E-12      5
 1172   22     0    -177      0    177  0.80276065E+00  0.00000000E+00 0.6466E-13      6
 1173   22     0    -176      0    176  0.80692510E+00  0.00000000E+00 0.5739E-13      6
 1174   22     0    -175      0    175  0.81160896E+00  0.00000000E+00 0.1678E-12      5
 1175   22     0    -174      0    174  0.81636617E+00  0.00000000E+00 0.5570E-13      6
 1176   22     0    -173      0    173  0.82065734E+00  0.00000000E+00 0.2877E-12      6
 1177   22     0    -172      0    172  0.82535709E+00  0.00000000E+00 0.1689E-12      6
 1178   22     0    -171      0    171  0.83038413E+00  0.00000000E+00 0.2313E-13      5
 1179   22     0    -170      0    170  0.83491336E+00  0.00000000E+00 0.1176E-13      6
 1180   22     0    -169      0    169  0.83959835E+00  0.00000000E+00 0.4061E-13      6
 1181   22     0    -168      0    168  0.84482800E+00  0.00000000E+00 0.4568E-14      6
 1182   22     0    -167      0    167  0.84967538E+00  0.00000000E+00 0.3873E-12      5
 1183   22     0    -166      0    166  0.85439185E+00  0.00000000E+00 0.3900E-12      6
 1184   22     0    -165      0    165  0.85977346E+00  0.00000000E+00 0.1975E-12      6
 1185   22     0    -164      0    164  0.86497751E+00  0.00000000E+00 0.1634E-12      6
 1186   22     0    -163      0    163  0.86977557E+00  0.00000000E+00 0.4636E-12      5
 1187   22     0    -162      0    162  0.87523461E+00  0.00000000E+00 0.1632E-13      5
 1188   22     0    -161      0    161  0.88078671E+00  0.00000000E+00 0.1036E-13      6
 1189   22     0    -160      0    160  0.88576306E+00  0.00000000E+00 0.1018E-12      5
 1190   22     0    -159      0    159  0.89124911E+00  0.00000000E+00 0.1784E-12      6
 1191   22     0    -158      0    158  0.89710436E+00  0.00000000E+00 0.2264E-13      6
 1192   22     0    -157      0    157  0.90235052E+00  0.00000000E+00 0.6780E-13      5
 1193   22     0    -156      0    156  0.90786477E+00  0.00000000E+00 0.1641E-12      5
 1194   22     0    -155      0    155  0.91400696E+00  0.00000000E+00 0.6667E-14      6
 1195   22     0    -154      0    154  0.91962980E+00  0.00000000E+00 0.1207E-12      6
 1196   22     0    -153      0    153  0.92515776E+00  0.00000000E+00 0.8625E-13      6
 1197   22     0    -152      0    152  0.93149861E+00  0.00000000E+00 0.1097E-12      5
 1198   22     0    -151      0    151  0.93754077E+00  0.00000000E+00 0.2413E-12      6
 1199   22     0    -150      0    150  0.94315101E+00  0.00000000E+00 0.1356E-12      6
 1200   22     0    -149      0    149  0.94964304E+00  0.00000000E+00 0.8065E-12      5
 1201   22     0    -148      0    148  0.95615388E+00  0.00000000E+00 0.1168E-12      6
 1202   22     0    -147      0    147  0.96193842E+00  0.00000000E+00 0.1651E-12      6
 1203   22     0    -146      0    146  0.96847748E+00  0.00000000E+00 0.2512E-12      5
 1204   22     0    -145      0    145  0.97541390E+00  0.00000000E+00 0.2271E-13      6
 1205   22     0    -144      0    144  0.98152189E+00  0.00000000E+00 0.1969E-12      5
 1206   22     0    -143      0    143  0.98807828E+00  0.00000000E+00 0.1033E-12      6
 1207   22     0    -142      0    142  0.99538372E+00  0.00000000E+00 0.9330E-14      6
 1208   22     0    -141      0    141  0.10019150E+01  0.00000000E+00 0.4523E-12      5
 1209   22     0    -140      0    140  0.10084705E+01  0.00000000E+00 0.1227E-12      6
 1210   22     0    -139      0    139  0.10160845E+01  0.00000000E+00 0.1710E-12      6
 1211   22     0    -138      0    138  0.10231824E+01  0.00000000E+00 0.2564E-12      6
 1212   22     0    -137      0    137  0.10298010E+01  0.00000000E+00 0.1817E-13      6
 1213   22     0    -136      0    136  0.10376130E+01  0.00000000E+00 0.7941E-14      6
 1214   22     0    -135      0    135  0.10453065E+01  0.00000000E+00 0.1199E-12      6
 1215   22     0    -134      0    134  0.10520934E+01  0.00000000E+00 0.1617E-12      6
 1216   22     0    -133      0    133  0.10600011E+01  0.00000000E+00 0.1386E-12      5
 1217   22     0    -132      0    132  0.10682992E+01  0.00000000E+00 0.2497E-12      6
 1218   22     0    -131      0    131  0.10754457E+01  0.00000000E+00 0.1057E-12      6
 1219   22     0    -130      0    130  0.10833318E+01  0.00000000E+00 0.1854E-12      6
 1220   22     0    -129      0    129  0.10921570E+01  0.00000000E+00 0.2667E-12      6
 1221   22     0    -128      0    128  0.10998942E+01  0.00000000E+00 0.3335E-12      5
 1222   22     0    -127      0    127  0.11077214E+01  0.00000000E+00 0.3166E-12      6
 1223   22     0    -126      0    126  0.11169533E+01  0.00000000E+00 0.3214E-12      6
 1224   22     0    -125      0    125  0.11254688E+01  0.00000000E+00 0.1511E-12      6
 1225   22     0    -124      0    124  0.11332916E+01  0.00000000E+00 0.1772E-12      5
 1226   22     0    -123      0    123  0.11427338E+01  0.00000000E+00 0.1847E-12      5
 1227   22     0    -122      0    122  0.11520709E+01  0.00000000E+00 0.5152E-13      6
 1228   22     0    -121      0    121  0.11601172E+01  0.00000000E+00 0.1369E-12      6
 1229   22     0    -120      0    120  0.11695968E+01  0.00000000E+00 0.1733E-12      6
 1230   22     0    -119      0    119  0.11797141E+01  0.00000000E+00 0.3268E-12      6
 1231   22     0    -118      0    118  0.11883063E+01  0.00000000E+00 0.9802E-13      6
 1232   22     0    -117      0    117  0.11976683E+01  0.00000000E+00 0.1192E-12      6
 1233   22     0    -116      0    116  0.12084447E+01  0.00000000E+00 0.2338E-12      6
 1234   22     0    -115      0    115  0.12179620E+01  0.00000000E+00 0.2234E-13      6
 1235   22     0    -114      0    114  0.12271127E+01  0.00000000E+00 0.2365E-13      6
 1236   22     0    -113      0    113  0.12382656E+01  0.00000000E+00 0.3354E-13      5
 1237   22     0    -112      0    112  0.12489726E+01  0.00000000E+00 0.1310E-12      6
 1238   22     0    -111      0    111  0.12582188E+01  0.00000000E+00 0.1734E-12      6
 1239   22     0    -110      0    110  0.12693943E+01  0.00000000E+00 0.2242E-12      5
 1240   22     0    -109      0    109  0.12812248E+01  0.00000000E+00 0.6989E-13      6
 1241   22     0    -108      0    108  0.12911725E+01  0.00000000E+00 0.1761E-12      6
 1242   22     0    -107      0    107  0.13021199E+01  0.00000000E+00 0.8473E-14      6
 1243   22     0    -106      0    106  0.13148536E+01  0.00000000E+00 0.4668E-13      6
 1244   22     0    -105      0    105  0.13261017E+01  0.00000000E+00 0.1774E-12      5
 1245   22     0    -104      0    104  0.13368003E+01  0.00000000E+00 0.1256E-12      6
 1246   22     0    -103      0    103  0.13500900E+01  0.00000000E+00 0.1910E-12      5
 1247   22     0    -102      0    102  0.13629518E+01  0.00000000E+00 0.3027E-13      6
 1248   22     0    -101      0    101  0.13738465E+01  0.00000000E+00 0.1338E-12      6
 1249   22     0    -100      0    100  0.13872627E+01  0.00000000E+00 0.2878E-13      6
 1250   22     0     -99      0     99  0.14016404E+01  0.00000000E+00 0.5741E-13      6
 1251   22     0     -98      0     98  0.14134928E+01  0.00000000E+00 0.8504E-13      6
 1252   22     0     -97      0     97  0.14266586E+01  0.00000000E+00 0.6166E-13      5
 1253   22     0     -96      0     96  0.14422211E+01  0.00000000E+00 0.4270E-13      6
 1254   22     0     -95      0     95  0.14557768E+01  0.00000000E+00 0.2656E-12      5
 1255   22     0     -94      0     94  0.14686348E+01  0.00000000E+00 0.1346E-12      6
 1256   22     0     -93      0     93  0.14849293E+01  0.00000000E+00 0.1084E-12      5
 1257   22     0     -92      0     92  0.15005661E+01  0.00000000E+00 0.2090E-13      6
 1258   22     0     -91      0     91  0.15136225E+01  0.00000000E+00 0.3722E-13      6
 1259   22     0     -90      0     90  0.15300978E+01  0.00000000E+00 0.1861E-12      6
 1260   22     0     -89      0     89  0.15477359E+01  0.00000000E+00 0.2197E-12      6
 1261   22     0     -88      0     88  0.15619934E+01  0.00000000E+00 0.1189E-12      6
 1262   22     0     -87      0     87  0.15781072E+01  0.00000000E+00 0.1687E-14      6
 1263   22     0     -86      0     86  0.15973390E+01  0.00000000E+00 0.1876E-13      6
 1264   22     0     -85      0     85  0.16138610E+01  0.00000000E+00 0.9267E-13      6
 1265   22     0     -84      0     84  0.16294926E+01  0.00000000E+00 0.1404E-13      6
 1266   22     0     -83      0     83  0.16497174E+01  0.00000000E+00 0.5635E-13      6
 1267   22     0     -82      0     82  0.16690027E+01  0.00000000E+00 0.2119E-13      6
 1268   22     0     -81      0     81  0.16847579E+01  0.00000000E+00 0.7865E-13      6
 1269   22     0     -80      0     80  0.17051873E+01  0.00000000E+00 0.3004E-13      6
  Time elapsed :      3.257 s

Starting search (non-adiabatic)

Finding roots
  Time elapsed :    227.689 s

Processing modes
   id    l     m    n_pg    n_p    n_g       Re(omega)       Im(omega)        chi n_iter
 1107   22     0    -242      0    242  0.58952343E+00 -0.11444317E-02 0.4057E-12      8
 1108   22     0    -241      0    241  0.59188360E+00 -0.10796536E-02 0.7739E-12      8
 1109   22     0    -240      0    240  0.59426593E+00 -0.11790206E-02 0.1369E-12      7
 1110   22     0    -239      0    239  0.59686470E+00 -0.12095194E-02 0.3001E-12     10
 1111   22     0    -238      0    238  0.59931473E+00 -0.11229108E-02 0.8870E-12      8
 1112   22     0    -237      0    237  0.60170482E+00 -0.12185370E-02 0.3922E-12     10
 1113   22     0    -236      0    236  0.60437610E+00 -0.12966081E-02 0.1211E-11      8
 1114   22     0    -235      0    235  0.60696935E+00 -0.12027560E-02 0.1151E-12      9
 1115   22     0    -234      0    234  0.60937910E+00 -0.12548141E-02 0.1085E-12      8
 1116   22     0    -233      0    233  0.61208008E+00 -0.13856184E-02 0.6345E-12      9
 1117   22     0    -232      0    232  0.61481794E+00 -0.13157337E-02 0.3326E-12      9
 1118   22     0    -231      0    231  0.61728238E+00 -0.12990265E-02 0.2037E-12      8
 1119   22     0    -230      0    230  0.61996509E+00 -0.14694792E-02 0.6929E-12      7
 1120   22     0    -229      0    229  0.62280964E+00 -0.14537398E-02 0.2839E-12     10
 1121   22     0    -228      0    228  0.62539081E+00 -0.13931532E-02 0.1151E-12     12
 1122   22     0    -227      0    227  0.62807033E+00 -0.15684432E-02 0.5702E-12      8
 1123   22     0    -226      0    226  0.63098198E+00 -0.15915668E-02 0.1044E-12      9
 1124   22     0    -225      0    225  0.63362269E+00 -0.14942801E-02 0.1027E-11      9
 1125   22     0    -224      0    224  0.63629490E+00 -0.17077320E-02 0.5761E-12     10
 1126   22     0    -223      0    223  0.63932870E+00 -0.18102939E-02 0.7225E-12      9
 1127   22     0    -222      0    222  0.64216892E+00 -0.16534689E-02 0.9459E-12     11
 1128   22     0    -221      0    221  0.64475659E+00 -0.17914266E-02 0.5983E-13      8
 1129   22     0    -220      0    220  0.64778265E+00 -0.19995553E-02 0.8053E-12      8
 1130   22     0    -217      0    217  0.65641012E+00 -0.21328752E-02 0.9458E-12     16
 1131   22     0    -218      0    218  0.65343739E+00 -0.18817539E-02 0.9496E-12     10
 1132   22     0    -216      0    216  0.65955452E+00 -0.20640940E-02 0.5962E-12     10
 1133   22     0    -215      0    215  0.66229353E+00 -0.19312951E-02 0.1545E-11      9
 1134   22     0    -214      0    214  0.66520686E+00 -0.21772044E-02 0.6861E-12     14
 1135   22     0    -213      0    213  0.66846404E+00 -0.21664402E-02 0.4241E-12     13
 1136   22     0    -212      0    212  0.67140231E+00 -0.19211908E-02 0.1420E-11      9
 1137   22     0    -211      0    211  0.67427088E+00 -0.20811730E-02 0.1134E-11     10
 1138   22     0    -210      0    210  0.67762619E+00 -0.21405320E-02 0.6311E-12     10
 1139   22     0    -209      0    209  0.68083910E+00 -0.18619248E-02 0.1147E-12     11
 1140   22     0    -208      0    208  0.68371413E+00 -0.18615504E-02 0.1183E-11      9
 1141   22     0    -207      0    207  0.68708100E+00 -0.19989318E-02 0.1739E-11     11
 1142   22     0    -206      0    206  0.69051726E+00 -0.18037894E-02 0.1052E-12      9
 1143   22     0    -205      0    205  0.69357910E+00 -0.16937653E-02 0.3042E-12     10
 1144   22     0    -204      0    204  0.69695831E+00 -0.18361712E-02 0.7577E-12      8
 1145   22     0    -203      0    203  0.70054435E+00 -0.17077296E-02 0.2366E-12      9
 1146   22     0    -202      0    202  0.70375258E+00 -0.15427834E-02 0.3923E-13      8
 1147   22     0    -201      0    201  0.70714443E+00 -0.16921208E-02 0.2200E-12      8
 1148   22     0    -200      0    200  0.71087856E+00 -0.16380362E-02 0.3848E-12      9
 1149   22     0    -199      0    199  0.71428752E+00 -0.14371063E-02 0.9039E-12      8
 1150   22     0    -198      0    198  0.71768462E+00 -0.15564040E-02 0.7299E-12      8
 1151   22     0    -197      0    197  0.72152807E+00 -0.15749734E-02 0.1967E-12      9
 1152   22     0    -196      0    196  0.72515477E+00 -0.13664585E-02 0.6027E-12      7
 1153   22     0    -195      0    195  0.72856289E+00 -0.14263300E-02 0.7150E-12      8
 1154   22     0    -194      0    194  0.73246845E+00 -0.15137546E-02 0.5038E-12      8
 1155   22     0    -193      0    193  0.73633124E+00 -0.13428493E-02 0.2607E-12      8
 1156   22     0    -192      0    192  0.73983789E+00 -0.13206407E-02 0.4213E-12      9
 1157   22     0    -191      0    191  0.74376427E+00 -0.14439595E-02 0.8858E-12      7
 1158   22     0    -190      0    190  0.74780784E+00 -0.13192737E-02 0.5181E-12      7
 1159   22     0    -189      0    189  0.75144986E+00 -0.12438541E-02 0.3618E-12      9
 1160   22     0    -188      0    188  0.75542565E+00 -0.13876934E-02 0.8596E-12      8
 1161   22     0    -187      0    187  0.75968084E+00 -0.13097752E-02 0.8180E-12      9
 1162   22     0    -186      0    186  0.76348409E+00 -0.11590029E-02 0.1641E-12      8
 1163   22     0    -185      0    185  0.76742452E+00 -0.13074379E-02 0.4159E-12      9
 1164   22     0    -184      0    184  0.77184619E+00 -0.12992950E-02 0.3241E-12      7
 1165   22     0    -183      0    183  0.77591284E+00 -0.11135721E-02 0.2981E-12      8
 1166   22     0    -182      0    182  0.77984400E+00 -0.12134186E-02 0.2628E-12      9
 1167   22     0    -181      0    181  0.78436774E+00 -0.12706294E-02 0.8008E-12      8
 1168   22     0    -180      0    180  0.78873121E+00 -0.11008983E-02 0.5025E-12      8
 1169   22     0    -179      0    179  0.79274957E+00 -0.11241049E-02 0.5699E-12      7
 1170   22     0    -178      0    178  0.79732985E+00 -0.12240312E-02 0.8861E-12      8
 1171   22     0    -177      0    177  0.80194744E+00 -0.10882273E-02 0.6536E-12      8
 1172   22     0    -176      0    176  0.80609411E+00 -0.10475949E-02 0.4632E-12      9
 1173   22     0    -176      0    176  0.81072049E+00 -0.11788429E-02 0.8560E-12      9
 1174   22     0    -175      0    175  0.81560194E+00 -0.10897697E-02 0.6324E-12      8
 1175   22     0    -174      0    174  0.81993889E+00 -0.98122330E-03 0.2521E-12      8
 1176   22     0    -173      0    173  0.82455569E+00 -0.11249686E-02 0.7995E-13      9
 1177   22     0    -172      0    172  0.82966384E+00 -0.10976159E-02 0.6106E-12      7
 1178   22     0    -171      0    171  0.83428843E+00 -0.94552653E-03 0.1659E-12      8
 1179   22     0    -170      0    170  0.83889048E+00 -0.10646065E-02 0.4275E-12      9
 1180   22     0    -169      0    169  0.84415595E+00 -0.10996037E-02 0.1092E-12      7
 1181   22     0    -168      0    168  0.84911605E+00 -0.94297141E-03 0.5775E-12      8
 1182   22     0    -167      0    167  0.85377285E+00 -0.10087384E-02 0.8147E-12      8
 1183   22     0    -166      0    166  0.85915206E+00 -0.10962971E-02 0.2736E-12      8
 1184   22     0    -165      0    165  0.86446535E+00 -0.95962796E-03 0.2027E-12      8
 1185   22     0    -163      0    163  0.86924179E+00 -0.95295388E-03 0.5380E-12     10
 1186   22     0    -163      0    163  0.87466895E+00 -0.10797581E-02 0.7222E-12      7
 1187   22     0    -162      0    162  0.88031088E+00 -0.98390522E-03 0.4297E-12      7
 1188   22     0    -161      0    161  0.88530645E+00 -0.90767704E-03 0.6029E-12      8
 1189   22     0    -160      0    160  0.89074420E+00 -0.10500969E-02 0.6314E-12      9
 1190   22     0    -159      0    159  0.89666420E+00 -0.10037523E-02 0.6090E-12      8
 1191   22     0    -158      0    158  0.90195952E+00 -0.88014660E-03 0.7544E-12     10
 1192   22     0    -157      0    157  0.90742160E+00 -0.10152443E-02 0.5417E-12      9
 1193   22     0    -156      0    156  0.91360277E+00 -0.10241066E-02 0.1016E-11      9
 1194   22     0    -155      0    155  0.91929534E+00 -0.87283525E-03 0.4543E-12      7
 1195   22     0    -154      0    154  0.92478012E+00 -0.96893976E-03 0.1158E-11      8
 1196   22     0    -153      0    153  0.93113639E+00 -0.10346891E-02 0.7525E-12      8
 1197   22     0    -152      0    152  0.93725195E+00 -0.88820097E-03 0.1259E-12      8
 1198   22     0    -151      0    151  0.94283593E+00 -0.92722050E-03 0.2149E-12      8
 1199   22     0    -150      0    150  0.94932419E+00 -0.10457408E-02 0.1309E-11      8
 1200   22     0    -149      0    149  0.95590168E+00 -0.92961638E-03 0.8889E-12      9
 1201   22     0    -148      0    148  0.96168307E+00 -0.89092696E-03 0.2716E-12      8
 1202   22     0    -147      0    147  0.96820329E+00 -0.10505120E-02 0.2904E-12      9
 1203   22     0    -146      0    146  0.97519241E+00 -0.98602806E-03 0.3604E-12     10
 1204   22     0    -145      0    145  0.98131773E+00 -0.87950990E-03 0.3140E-12     10
 1205   22     0    -144      0    144  0.98784713E+00 -0.10526463E-02 0.7310E-12      8
 1206   22     0    -143      0    143  0.99519182E+00 -0.10475529E-02 0.8226E-12      8
 1207   22     0    -142      0    142  0.10017556E+01 -0.89087624E-03 0.7726E-12      9
 1208   22     0    -141      0    141  0.10082803E+01 -0.10499474E-02 0.4947E-12      8
 1209   22     0    -140      0    140  0.10159214E+01 -0.11144577E-02 0.8886E-12      9
 1210   22     0    -139      0    139  0.10230610E+01 -0.94184338E-03 0.8884E-12     10
 1211   22     0    -138      0    138  0.10296513E+01 -0.10401586E-02 0.4573E-12      8
 1212   22     0    -137      0    137  0.10374808E+01 -0.11765141E-02 0.1690E-11      9
 1213   22     0    -136      0    136  0.10452195E+01 -0.10233483E-02 0.3057E-12      8
 1214   22     0    -135      0    135  0.10519841E+01 -0.10305105E-02 0.1589E-11     10
 1215   22     0    -134      0    134  0.10599014E+01 -0.12373796E-02 0.5587E-12      9
 1216   22     0    -133      0    133  0.10682444E+01 -0.11415871E-02 0.8440E-12      9
 1217   22     0    -132      0    132  0.10753783E+01 -0.10387945E-02 0.4445E-12      9
 1218   22     0    -131      0    131  0.10832640E+01 -0.12986397E-02 0.4022E-12      9
 1219   22     0    -130      0    130  0.10921322E+01 -0.12930216E-02 0.5965E-12      8
 1220   22     0    -129      0    129  0.10998688E+01 -0.10993826E-02 0.2709E-12      9
 1221   22     0    -128      0    128  0.11076789E+01 -0.13640038E-02 0.2499E-11      8
 1222   22     0    -127      0    127  0.11169516E+01 -0.14748483E-02 0.1440E-11      8
 1223   22     0    -126      0    126  0.11254814E+01 -0.12399787E-02 0.5681E-12      9
 1224   22     0    -125      0    125  0.11332600E+01 -0.14258839E-02 0.1265E-11      9
 1225   22     0    -124      0    124  0.11427348E+01 -0.16718878E-02 0.2866E-11      9
 1226   22     0    -122      0    122  0.11600739E+01 -0.14850436E-02 0.1036E-11     14
 1227   22     0    -123      0    123  0.11520991E+01 -0.14680207E-02 0.1316E-11      7
 1228   22     0    -121      0    121  0.11695575E+01 -0.18557162E-02 0.1711E-11      8
 1229   22     0    -120      0    120  0.11797041E+01 -0.17455196E-02 0.7410E-13      8
 1230   22     0    -119      0    119  0.11882274E+01 -0.15365297E-02 0.8329E-12     10
 1231   22     0    -118      0    118  0.11975323E+01 -0.19600475E-02 0.8921E-12     10
 1232   22     0    -117      0    117  0.12083215E+01 -0.19864100E-02 0.4936E-13      9
 1233   22     0    -116      0    116  0.12178240E+01 -0.15956874E-02 0.1105E-11     10
 1234   22     0    -115      0    115  0.12268505E+01 -0.18889069E-02 0.1692E-11      9
 1235   22     0    -114      0    114  0.12379864E+01 -0.20566657E-02 0.1133E-12     11
 1236   22     0    -113      0    113  0.12487387E+01 -0.16624602E-02 0.2764E-12      8
 1237   22     0    -112      0    112  0.12578846E+01 -0.16220363E-02 0.1156E-11     10
 1238   22     0    -111      0    111  0.12690112E+01 -0.18789528E-02 0.5159E-12      9
 1239   22     0    -110      0    110  0.12809069E+01 -0.16044658E-02 0.4703E-12      9
 1240   22     0    -109      0    109  0.12908692E+01 -0.12804488E-02 0.9483E-12      9
 1241   22     0    -108      0    108  0.13017577E+01 -0.15053333E-02 0.5637E-12      8
 1242   22     0    -107      0    107  0.13145473E+01 -0.13763724E-02 0.1733E-11      9
 1243   22     0    -106      0    106  0.13258815E+01 -0.98942234E-03 0.6371E-12      9
 1244   22     0    -105      0    105  0.13365498E+01 -0.10756863E-02 0.1299E-11      9
 1245   22     0    -104      0    104  0.13498697E+01 -0.10738714E-02 0.4303E-12     10
 1246   22     0    -103      0    103  0.13628074E+01 -0.78590660E-03 0.1096E-11     10
 1247   22     0    -102      0    102  0.13737099E+01 -0.71638614E-03 0.1695E-12      8
 1248   22     0    -101      0    101  0.13871336E+01 -0.78862027E-03 0.3047E-11      9
 1249   22     0    -100      0    100  0.14015541E+01 -0.62673250E-03 0.1171E-11     10
 1250   22     0     -99      0     99  0.14134297E+01 -0.47325361E-03 0.1038E-11      8
 1251   22     0     -98      0     98  0.14265949E+01 -0.55177051E-03 0.2334E-11      9
 1252   22     0     -97      0     97  0.14421769E+01 -0.48344719E-03 0.1510E-11     10
 1253   22     0     -96      0     96  0.14557510E+01 -0.33124097E-03 0.4139E-11      9
 1254   22     0     -95      0     95  0.14686096E+01 -0.36577674E-03 0.2598E-11      9
 1255   22     0     -94      0     94  0.14849120E+01 -0.35666588E-03 0.1794E-11      9
 1256   22     0     -93      0     93  0.15005578E+01 -0.25110657E-03 0.2291E-11      9
 1257   22     0     -92      0     92  0.15136160E+01 -0.23160564E-03 0.6663E-11      9
 1258   22     0     -91      0     91  0.15300944E+01 -0.25359274E-03 0.7054E-11      9
 1259   22     0     -90      0     90  0.15477358E+01 -0.19645135E-03 0.1720E-11      8
 1260   22     0     -89      0     89  0.15619940E+01 -0.14588617E-03 0.1756E-11      8
 1261   22     0     -88      0     88  0.15781093E+01 -0.17289655E-03 0.4940E-11      8
 1262   22     0     -87      0     87  0.15973423E+01 -0.14948505E-03 0.8478E-11      9
 1263   22     0     -86      0     86  0.16138636E+01 -0.99347673E-04 0.2435E-11      9
 1264   22     0     -85      0     85  0.16294961E+01 -0.11268370E-03 0.7798E-11      8
 1265   22     0     -84      0     84  0.16497217E+01 -0.10983587E-03 0.3482E-10      8
 1266   22     0     -83      0     83  0.16690063E+01 -0.75378058E-04 0.1938E-10     10
 1267   22     0     -82      0     82  0.16847618E+01 -0.70053720E-04 0.3290E-11      8
 1268   22     0     -81      0     81  0.17051929E+01 -0.77222949E-04 0.5558E-10      8
 1269   22     0     -80      0     80  0.17270815E+01 -0.58178816E-04 0.2640E-10     10
  Time elapsed :     10.059 s

Mode Search
-----------

Mode parameters
   l : 23
   m : 0

Building frequency grid (REAL axis)
   added scan interval :  0.5202E+00 ->  0.2105E+01 (3000 points, INVERSE)

Building spatial grid
   Scaffold grid from model
   Split 382 subinterval(s) in iteration 1
   Split 30 subinterval(s) in iteration 2
   Split 0 subinterval(s) in iteration 3
   Final grid has 1 segment(s) and 7526 point(s):
      Segment 1 : x range 0.0000 -> 1.0012 (1 -> 7526)

Starting search (adiabatic)

Scanning frequencies
  Time elapsed :    35.955 s

Finding roots
  Time elapsed :     12.487 s

Processing modes
   id    l     m    n_pg    n_p    n_g       Re(omega)       Im(omega)        chi n_iter
 1320   23     0    -252      0    252  0.59158387E+00  0.00000000E+00 0.6112E-13      5
 1321   23     0    -251      0    251  0.59390118E+00  0.00000000E+00 0.3767E-13      5
 1322   23     0    -250      0    250  0.59616431E+00  0.00000000E+00 0.4189E-12      6
 1323   23     0    -249      0    249  0.59860102E+00  0.00000000E+00 0.2286E-12      5
 1324   23     0    -248      0    248  0.60103062E+00  0.00000000E+00 0.1913E-12      5
 1325   23     0    -247      0    247  0.60335230E+00  0.00000000E+00 0.1001E-13      5
 1326   23     0    -246      0    246  0.60581838E+00  0.00000000E+00 0.5127E-12      5
 1327   23     0    -245      0    245  0.60834565E+00  0.00000000E+00 0.3981E-12      6
 1328   23     0    -244      0    244  0.61075000E+00  0.00000000E+00 0.6430E-12      5
 1329   23     0    -243      0    243  0.61323849E+00  0.00000000E+00 0.1097E-12      5
 1330   23     0    -242      0    242  0.61582704E+00  0.00000000E+00 0.7155E-13      6
 1331   23     0    -241      0    241  0.61829068E+00  0.00000000E+00 0.2948E-12      5
 1332   23     0    -240      0    240  0.62080158E+00  0.00000000E+00 0.5016E-13      6
 1333   23     0    -239      0    239  0.62346153E+00  0.00000000E+00 0.1373E-12      5
 1334   23     0    -238      0    238  0.62600471E+00  0.00000000E+00 0.9487E-12      5
 1335   23     0    -237      0    237  0.62854023E+00  0.00000000E+00 0.4806E-12      6
 1336   23     0    -236      0    236  0.63127957E+00  0.00000000E+00 0.1556E-12      5
 1337   23     0    -235      0    235  0.63394920E+00  0.00000000E+00 0.1703E-12      5
 1338   23     0    -234      0    234  0.63651918E+00  0.00000000E+00 0.4914E-13      5
 1339   23     0    -233      0    233  0.63930209E+00  0.00000000E+00 0.1826E-12      5
 1340   23     0    -232      0    232  0.64210106E+00  0.00000000E+00 0.9967E-13      6
 1341   23     0    -231      0    231  0.64472949E+00  0.00000000E+00 0.2995E-12      6
 1342   23     0    -230      0    230  0.64751876E+00  0.00000000E+00 0.2929E-12      5
 1343   23     0    -229      0    229  0.65041999E+00  0.00000000E+00 0.1417E-12      6
 1344   23     0    -228      0    228  0.65315672E+00  0.00000000E+00 0.1050E-12      5
 1345   23     0    -227      0    227  0.65597318E+00  0.00000000E+00 0.8486E-12      5
 1346   23     0    -226      0    226  0.65893808E+00  0.00000000E+00 0.1302E-12      6
 1347   23     0    -225      0    225  0.66174028E+00  0.00000000E+00 0.3944E-14      5
 1348   23     0    -224      0    224  0.66459628E+00  0.00000000E+00 0.6256E-12      6
 1349   23     0    -223      0    223  0.66769067E+00  0.00000000E+00 0.2029E-13      5
 1350   23     0    -222      0    222  0.67065035E+00  0.00000000E+00 0.1130E-12      5
 1351   23     0    -221      0    221  0.67350589E+00  0.00000000E+00 0.7785E-13      6
 1352   23     0    -220      0    220  0.67663227E+00  0.00000000E+00 0.2999E-12      5
 1353   23     0    -219      0    219  0.67974428E+00  0.00000000E+00 0.8840E-13      5
 1354   23     0    -218      0    218  0.68268266E+00  0.00000000E+00 0.2706E-12      5
 1355   23     0    -217      0    217  0.68583682E+00  0.00000000E+00 0.1667E-12      5
 1356   23     0    -216      0    216  0.68906247E+00  0.00000000E+00 0.2016E-12      6
 1357   23     0    -215      0    215  0.69208835E+00  0.00000000E+00 0.4302E-13      6
 1358   23     0    -214      0    214  0.69528185E+00  0.00000000E+00 0.2169E-12      5
 1359   23     0    -213      0    213  0.69863133E+00  0.00000000E+00 0.1526E-12      6
 1360   23     0    -212      0    212  0.70176941E+00  0.00000000E+00 0.8283E-12      5
 1361   23     0    -211      0    211  0.70499639E+00  0.00000000E+00 0.5464E-12      5
 1362   23     0    -210      0    210  0.70847148E+00  0.00000000E+00 0.4017E-12      6
 1363   23     0    -209      0    209  0.71175441E+00  0.00000000E+00 0.7221E-12      5
 1364   23     0    -208      0    208  0.71497765E+00  0.00000000E+00 0.3442E-13      6
 1365   23     0    -207      0    207  0.71851867E+00  0.00000000E+00 0.6035E-13      6
 1366   23     0    -206      0    206  0.72198519E+00  0.00000000E+00 0.4245E-12      6
 1367   23     0    -205      0    205  0.72529760E+00  0.00000000E+00 0.6204E-12      6
 1368   23     0    -204      0    204  0.72889686E+00  0.00000000E+00 0.1413E-13      5
 1369   23     0    -203      0    203  0.73250590E+00  0.00000000E+00 0.3987E-12      6
 1370   23     0    -202      0    202  0.73588676E+00  0.00000000E+00 0.2009E-12      6
 1371   23     0    -201      0    201  0.73953697E+00  0.00000000E+00 0.9856E-12      5
 1372   23     0    -200      0    200  0.74331981E+00  0.00000000E+00 0.3712E-12      6
 1373   23     0    -199      0    199  0.74682198E+00  0.00000000E+00 0.3665E-12      5
 1374   23     0    -198      0    198  0.75049586E+00  0.00000000E+00 0.5791E-13      6
 1375   23     0    -197      0    197  0.75443303E+00  0.00000000E+00 0.1939E-13      6
 1376   23     0    -196      0    196  0.75809527E+00  0.00000000E+00 0.3041E-13      5
 1377   23     0    -195      0    195  0.76176980E+00  0.00000000E+00 0.2666E-12      6
 1378   23     0    -194      0    194  0.76582521E+00  0.00000000E+00 0.2383E-12      6
 1379   23     0    -193      0    193  0.76971334E+00  0.00000000E+00 0.4685E-12      6
 1380   23     0    -192      0    192  0.77343758E+00  0.00000000E+00 0.1286E-12      6
 1381   23     0    -191      0    191  0.77755781E+00  0.00000000E+00 0.8291E-13      6
 1382   23     0    -190      0    190  0.78164491E+00  0.00000000E+00 0.3296E-12      6
 1383   23     0    -189      0    189  0.78546498E+00  0.00000000E+00 0.3714E-12      6
 1384   23     0    -188      0    188  0.78966743E+00  0.00000000E+00 0.2741E-13      5
 1385   23     0    -187      0    187  0.79398939E+00  0.00000000E+00 0.1695E-12      6
 1386   23     0    -186      0    186  0.79791251E+00  0.00000000E+00 0.2290E-12      6
 1387   23     0    -185      0    185  0.80210582E+00  0.00000000E+00 0.2839E-12      5
 1388   23     0    -184      0    184  0.80663828E+00  0.00000000E+00 0.2874E-12      6
 1389   23     0    -183      0    183  0.81078401E+00  0.00000000E+00 0.2681E-12      5
 1390   23     0    -182      0    182  0.81496084E+00  0.00000000E+00 0.2536E-12      6
 1391   23     0    -181      0    181  0.81963814E+00  0.00000000E+00 0.4285E-12      6
 1392   23     0    -180      0    180  0.82407854E+00  0.00000000E+00 0.1888E-12      5
 1393   23     0    -179      0    179  0.82830918E+00  0.00000000E+00 0.1546E-12      6
 1394   23     0    -178      0    178  0.83307024E+00  0.00000000E+00 0.3660E-13      5
 1395   23     0    -177      0    177  0.83778135E+00  0.00000000E+00 0.2317E-13      5
 1396   23     0    -176      0    176  0.84211325E+00  0.00000000E+00 0.2515E-12      6
 1397   23     0    -175      0    175  0.84693872E+00  0.00000000E+00 0.2823E-12      5
 1398   23     0    -174      0    174  0.85193961E+00  0.00000000E+00 0.2301E-14      6
 1399   23     0    -173      0    173  0.85643928E+00  0.00000000E+00 0.8028E-13      5
 1400   23     0    -172      0    172  0.86126461E+00  0.00000000E+00 0.3146E-13      6
 1401   23     0    -171      0    171  0.86652136E+00  0.00000000E+00 0.5716E-13      6
 1402   23     0    -170      0    170  0.87130220E+00  0.00000000E+00 0.3831E-12      5
 1403   23     0    -169      0    169  0.87611325E+00  0.00000000E+00 0.2676E-12      6
 1404   23     0    -168      0    168  0.88154899E+00  0.00000000E+00 0.2107E-12      5
 1405   23     0    -167      0    167  0.88667717E+00  0.00000000E+00 0.2604E-12      6
 1406   23     0    -166      0    166  0.89154201E+00  0.00000000E+00 0.6080E-13      6
 1407   23     0    -165      0    165  0.89710219E+00  0.00000000E+00 0.3870E-12      5
 1408   23     0    -164      0    164  0.90260039E+00  0.00000000E+00 0.2016E-12      6
 1409   23     0    -163      0    163  0.90758893E+00  0.00000000E+00 0.1460E-12      6
 1410   23     0    -162      0    162  0.91319871E+00  0.00000000E+00 0.1366E-12      5
 1411   23     0    -161      0    161  0.91904021E+00  0.00000000E+00 0.6987E-14      6
 1412   23     0    -160      0    160  0.92426009E+00  0.00000000E+00 0.2649E-12      6
 1413   23     0    -159      0    159  0.92987925E+00  0.00000000E+00 0.1307E-12      5
 1414   23     0    -158      0    158  0.93600666E+00  0.00000000E+00 0.2049E-13      6
 1415   23     0    -157      0    157  0.94154613E+00  0.00000000E+00 0.6429E-12      5
 1416   23     0    -156      0    156  0.94719196E+00  0.00000000E+00 0.1226E-12      6
 1417   23     0    -155      0    155  0.95357924E+00  0.00000000E+00 0.4765E-13      6
 1418   23     0    -154      0    154  0.95953838E+00  0.00000000E+00 0.9800E-13      5
 1419   23     0    -153      0    153  0.96522087E+00  0.00000000E+00 0.1086E-12      6
 1420   23     0    -152      0    152  0.97177044E+00  0.00000000E+00 0.5673E-12      5
 1421   23     0    -151      0    151  0.97817050E+00  0.00000000E+00 0.4847E-12      5
 1422   23     0    -150      0    150  0.98398238E+00  0.00000000E+00 0.8954E-15      6
 1423   23     0    -149      0    149  0.99064493E+00  0.00000000E+00 0.2493E-12      5
 1424   23     0    -148      0    148  0.99751405E+00  0.00000000E+00 0.2000E-12      6
 1425   23     0    -147      0    147  0.10035725E+01  0.00000000E+00 0.1084E-12      6
 1426   23     0    -146      0    146  0.10102477E+01  0.00000000E+00 0.2032E-13      6
 1427   23     0    -145      0    145  0.10175199E+01  0.00000000E+00 0.1165E-12      5
 1428   23     0    -144      0    144  0.10239765E+01  0.00000000E+00 0.1721E-12      5
 1429   23     0    -143      0    143  0.10306574E+01  0.00000000E+00 0.4490E-12      5
 1430   23     0    -142      0    142  0.10382623E+01  0.00000000E+00 0.3734E-13      6
 1431   23     0    -141      0    141  0.10452062E+01  0.00000000E+00 0.1118E-12      5
 1432   23     0    -140      0    140  0.10519024E+01  0.00000000E+00 0.1656E-12      6
 1433   23     0    -139      0    139  0.10597663E+01  0.00000000E+00 0.3305E-13      6
 1434   23     0    -138      0    138  0.10673162E+01  0.00000000E+00 0.1283E-12      5
 1435   23     0    -137      0    137  0.10741383E+01  0.00000000E+00 0.2117E-12      6
 1436   23     0    -136      0    136  0.10821409E+01  0.00000000E+00 0.1939E-12      5
 1437   23     0    -135      0    135  0.10902916E+01  0.00000000E+00 0.7528E-13      6
 1438   23     0    -134      0    134  0.10973806E+01  0.00000000E+00 0.1295E-12      6
 1439   23     0    -133      0    133  0.11054211E+01  0.00000000E+00 0.3877E-12      5
 1440   23     0    -132      0    132  0.11141472E+01  0.00000000E+00 0.1117E-12      6
 1441   23     0    -131      0    131  0.11217178E+01  0.00000000E+00 0.2864E-12      5
 1442   23     0    -130      0    130  0.11297006E+01  0.00000000E+00 0.1110E-12      6
 1443   23     0    -129      0    129  0.11388932E+01  0.00000000E+00 0.1641E-12      5
 1444   23     0    -128      0    128  0.11471618E+01  0.00000000E+00 0.1720E-12      6
 1445   23     0    -127      0    127  0.11551044E+01  0.00000000E+00 0.2610E-12      6
 1446   23     0    -126      0    126  0.11646163E+01  0.00000000E+00 0.4353E-14      6
 1447   23     0    -125      0    125  0.11737217E+01  0.00000000E+00 0.1173E-12      5
 1448   23     0    -124      0    124  0.11817619E+01  0.00000000E+00 0.1265E-12      5
 1449   23     0    -123      0    123  0.11913771E+01  0.00000000E+00 0.1832E-13      5
 1450   23     0    -122      0    122  0.12012942E+01  0.00000000E+00 0.7436E-14      6
 1451   23     0    -121      0    121  0.12097315E+01  0.00000000E+00 0.1257E-12      6
 1452   23     0    -120      0    120  0.12192860E+01  0.00000000E+00 0.1445E-12      5
 1453   23     0    -119      0    119  0.12299126E+01  0.00000000E+00 0.7361E-13      6
 1454   23     0    -118      0    118  0.12390952E+01  0.00000000E+00 0.7297E-13      5
 1455   23     0    -117      0    117  0.12484871E+01  0.00000000E+00 0.1168E-12      6
 1456   23     0    -116      0    116  0.12596444E+01  0.00000000E+00 0.1504E-12      6
 1457   23     0    -115      0    115  0.12699019E+01  0.00000000E+00 0.2018E-13      6
 1458   23     0    -114      0    114  0.12791737E+01  0.00000000E+00 0.2152E-12      6
 1459   23     0    -113      0    113  0.12905266E+01  0.00000000E+00 0.1376E-12      5
 1460   23     0    -112      0    112  0.13019787E+01  0.00000000E+00 0.2420E-13      6
 1461   23     0    -111      0    111  0.13116286E+01  0.00000000E+00 0.2359E-12      6
 1462   23     0    -110      0    110  0.13228136E+01  0.00000000E+00 0.1410E-13      5
 1463   23     0    -109      0    109  0.13352623E+01  0.00000000E+00 0.1278E-12      6
 1464   23     0    -108      0    108  0.13459575E+01  0.00000000E+00 0.2500E-12      5
 1465   23     0    -107      0    107  0.13568374E+01  0.00000000E+00 0.7496E-13      6
 1466   23     0    -106      0    106  0.13699827E+01  0.00000000E+00 0.2057E-12      5
 1467   23     0    -105      0    105  0.13821967E+01  0.00000000E+00 0.1324E-12      6
 1468   23     0    -104      0    104  0.13929986E+01  0.00000000E+00 0.1235E-12      6
 1469   23     0    -103      0    103  0.14064319E+01  0.00000000E+00 0.1122E-12      5
 1470   23     0    -102      0    102  0.14202442E+01  0.00000000E+00 0.1266E-12      6
 1471   23     0    -101      0    101  0.14316742E+01  0.00000000E+00 0.8754E-13      6
 1472   23     0    -100      0    100  0.14449630E+01  0.00000000E+00 0.4508E-13      6
 1473   23     0     -99      0     99  0.14600957E+01  0.00000000E+00 0.6918E-13      6
 1474   23     0     -98      0     98  0.14729679E+01  0.00000000E+00 0.1209E-13      6
 1475   23     0     -97      0     97  0.14858976E+01  0.00000000E+00 0.1107E-12      6
 1476   23     0     -96      0     96  0.15019162E+01  0.00000000E+00 0.1457E-12      6
 1477   23     0     -95      0     95  0.15167693E+01  0.00000000E+00 0.1370E-13      6
 1478   23     0     -94      0     94  0.15296412E+01  0.00000000E+00 0.1721E-12      6
 1479   23     0     -93      0     93  0.15460093E+01  0.00000000E+00 0.2265E-12      5
 1480   23     0     -92      0     92  0.15628943E+01  0.00000000E+00 0.7970E-13      6
 1481   23     0     -91      0     91  0.15765913E+01  0.00000000E+00 0.7598E-13      6
 1482   23     0     -90      0     90  0.15927403E+01  0.00000000E+00 0.9206E-13      6
 1483   23     0     -89      0     89  0.16113272E+01  0.00000000E+00 0.8534E-13      6
 1484   23     0     -88      0     88  0.16269479E+01  0.00000000E+00 0.1803E-13      5
 1485   23     0     -87      0     87  0.16425602E+01  0.00000000E+00 0.6174E-13      6
 1486   23     0     -86      0     86  0.16622952E+01  0.00000000E+00 0.1524E-13      6
 1487   23     0     -85      0     85  0.16805661E+01  0.00000000E+00 0.1602E-12      6
 1488   23     0     -84      0     84  0.16960509E+01  0.00000000E+00 0.1409E-12      6
 1489   23     0     -83      0     83  0.17161933E+01  0.00000000E+00 0.1383E-12      5
  Time elapsed :      3.023 s

Starting search (non-adiabatic)

Finding roots
  Time elapsed :    249.228 s

Processing modes
   id    l     m    n_pg    n_p    n_g       Re(omega)       Im(omega)        chi n_iter
 1320   23     0    -252      0    252  0.59111623E+00 -0.10465497E-02 0.9054E-13     10
 1321   23     0    -251      0    251  0.59348758E+00 -0.98073175E-03 0.7620E-12      8
 1322   23     0    -250      0    250  0.59571131E+00 -0.10016369E-02 0.1945E-12      7
 1323   23     0    -249      0    249  0.59814735E+00 -0.10914495E-02 0.2575E-12      7
 1324   23     0    -248      0    248  0.60063485E+00 -0.10443708E-02 0.6053E-12      8
 1325   23     0    -247      0    247  0.60293550E+00 -0.10232496E-02 0.3241E-12      9
 1326   23     0    -246      0    246  0.60538311E+00 -0.11248904E-02 0.5256E-12     10
 1327   23     0    -245      0    245  0.60796299E+00 -0.11102893E-02 0.6121E-12      7
 1328   23     0    -244      0    244  0.61036858E+00 -0.10588549E-02 0.7456E-12      9
 1329   23     0    -243      0    243  0.61282798E+00 -0.11512028E-02 0.2480E-13      8
 1330   23     0    -242      0    242  0.61546443E+00 -0.11616434E-02 0.3736E-12      8
 1331   23     0    -241      0    241  0.61794318E+00 -0.10906573E-02 0.2472E-12      8
 1332   23     0    -240      0    240  0.62041394E+00 -0.11820981E-02 0.6498E-12      7
 1333   23     0    -239      0    239  0.62311781E+00 -0.12239833E-02 0.7315E-12      7
 1334   23     0    -238      0    238  0.62569367E+00 -0.11356261E-02 0.5985E-12      8
 1335   23     0    -237      0    237  0.62817646E+00 -0.12173208E-02 0.4134E-12      8
 1336   23     0    -236      0    236  0.63094842E+00 -0.13063048E-02 0.3547E-12      7
 1337   23     0    -235      0    235  0.63367284E+00 -0.12175183E-02 0.1324E-11      9
 1338   23     0    -234      0    234  0.63618726E+00 -0.12498071E-02 0.5230E-12      7
 1339   23     0    -233      0    233  0.63898190E+00 -0.13874549E-02 0.7246E-12     10
 1340   23     0    -232      0    232  0.64185000E+00 -0.13289894E-02 0.3088E-12      9
 1341   23     0    -231      0    231  0.64443621E+00 -0.12923329E-02 0.4271E-12      9
 1342   23     0    -230      0    230  0.64720768E+00 -0.14608167E-02 0.6052E-12      8
 1343   23     0    -229      0    229  0.65017714E+00 -0.14591170E-02 0.8877E-12     10
 1344   23     0    -228      0    228  0.65289360E+00 -0.13841451E-02 0.1006E-11     12
 1345   23     0    -227      0    227  0.65566554E+00 -0.15465696E-02 0.1080E-11      8
 1346   23     0    -226      0    226  0.65869735E+00 -0.15844335E-02 0.1144E-11      9
 1347   23     0    -225      0    225  0.66148587E+00 -0.14775434E-02 0.5798E-12      9
 1348   23     0    -224      0    224  0.66425593E+00 -0.16650976E-02 0.8897E-12      9
 1349   23     0    -223      0    223  0.66740648E+00 -0.17788891E-02 0.9369E-12      9
 1350   23     0    -222      0    222  0.67040524E+00 -0.16290864E-02 0.3340E-12      8
 1351   23     0    -221      0    221  0.67311887E+00 -0.17280297E-02 0.1019E-11      8
 1352   23     0    -220      0    220  0.67625742E+00 -0.19386389E-02 0.1275E-11      9
 1353   23     0    -219      0    219  0.67943512E+00 -0.18384609E-02 0.8175E-12      9
 1354   23     0    -218      0    218  0.68223017E+00 -0.18165211E-02 0.6998E-12      9
 1355   23     0    -216      0    216  0.68862583E+00 -0.20259456E-02 0.3363E-12     10
 1356   23     0    -215      0    215  0.69153183E+00 -0.19051503E-02 0.1038E-11     10
 1357   23     0    -214      0    214  0.69457509E+00 -0.21654205E-02 0.2553E-12     15
 1358   23     0    -213      0    213  0.69797542E+00 -0.21974359E-02 0.1003E-11     10
 1359   23     0    -212      0    212  0.70105840E+00 -0.19782834E-02 0.3217E-12      9
 1360   23     0    -211      0    211  0.70403217E+00 -0.21608057E-02 0.6920E-12      9
 1361   23     0    -210      0    210  0.70750628E+00 -0.22599091E-02 0.9699E-13     10
 1362   23     0    -209      0    209  0.71085731E+00 -0.19892694E-02 0.9283E-12      9
 1363   23     0    -208      0    208  0.71382669E+00 -0.19759522E-02 0.7413E-12     12
 1364   23     0    -207      0    207  0.71730102E+00 -0.21401812E-02 0.4641E-12     14
 1365   23     0    -206      0    206  0.72088939E+00 -0.19475703E-02 0.4068E-12      9
 1366   23     0    -205      0    205  0.72407641E+00 -0.18036560E-02 0.1074E-11     11
 1367   23     0    -204      0    204  0.72755936E+00 -0.19588516E-02 0.6450E-12     11
 1368   23     0    -203      0    203  0.73130480E+00 -0.18398848E-02 0.3634E-13      9
 1369   23     0    -202      0    202  0.73466667E+00 -0.16405819E-02 0.5763E-12     10
 1370   23     0    -201      0    201  0.73816110E+00 -0.17915581E-02 0.4072E-12     10
 1371   23     0    -200      0    200  0.74205327E+00 -0.17550096E-02 0.4335E-12     10
 1372   23     0    -199      0    199  0.74564020E+00 -0.15295221E-02 0.2513E-12      8
 1373   23     0    -198      0    198  0.74914520E+00 -0.16355521E-02 0.1377E-12      8
 1374   23     0    -197      0    197  0.75313784E+00 -0.16763893E-02 0.5902E-12      8
 1375   23     0    -196      0    196  0.75695851E+00 -0.14573876E-02 0.6507E-12      9
 1376   23     0    -195      0    195  0.76048988E+00 -0.14903843E-02 0.2629E-13      7
 1377   23     0    -194      0    194  0.76453140E+00 -0.16006041E-02 0.4746E-12      8
 1378   23     0    -193      0    193  0.76859301E+00 -0.14327024E-02 0.2788E-12      8
 1379   23     0    -192      0    192  0.77224984E+00 -0.13775924E-02 0.2362E-12      8
 1380   23     0    -191      0    191  0.77630072E+00 -0.15173110E-02 0.6819E-12      9
 1381   23     0    -190      0    190  0.78054145E+00 -0.14048350E-02 0.3665E-12      8
 1382   23     0    -189      0    189  0.78435792E+00 -0.12972299E-02 0.5817E-12      9
 1383   23     0    -188      0    188  0.78845130E+00 -0.14485541E-02 0.5294E-12      7
 1384   23     0    -187      0    187  0.79289863E+00 -0.13901768E-02 0.1306E-12      8
 1385   23     0    -186      0    186  0.79690753E+00 -0.12127551E-02 0.3926E-12      8
 1386   23     0    -185      0    185  0.80096047E+00 -0.13542509E-02 0.1451E-12     10
 1387   23     0    -184      0    184  0.80556028E+00 -0.13705393E-02 0.6249E-12      8
 1388   23     0    -183      0    183  0.80985688E+00 -0.11722007E-02 0.5723E-12      7
 1389   23     0    -182      0    182  0.81391562E+00 -0.12486590E-02 0.3751E-12      9
 1390   23     0    -181      0    181  0.81859888E+00 -0.13304936E-02 0.6205E-12      9
 1391   23     0    -180      0    180  0.82320156E+00 -0.11622762E-02 0.5641E-12     10
 1392   23     0    -179      0    179  0.82737935E+00 -0.11534122E-02 0.7516E-12      8
 1393   23     0    -178      0    178  0.83210204E+00 -0.12727435E-02 0.3586E-12      8
 1394   23     0    -177      0    177  0.83695835E+00 -0.11490419E-02 0.1840E-12      8
 1395   23     0    -177      0    177  0.84129787E+00 -0.10750956E-02 0.5122E-12      8
 1396   23     0    -176      0    176  0.84605291E+00 -0.12172817E-02 0.6917E-12      9
 1397   23     0    -175      0    175  0.85116570E+00 -0.11480404E-02 0.4795E-12      8
 1398   23     0    -174      0    174  0.85573536E+00 -0.10116698E-02 0.7217E-12      9
 1399   23     0    -173      0    173  0.86047297E+00 -0.11531526E-02 0.1343E-12     10
 1400   23     0    -172      0    172  0.86579518E+00 -0.11502954E-02 0.6335E-12      9
 1401   23     0    -171      0    171  0.87068691E+00 -0.98325991E-03 0.3976E-12      8
 1402   23     0    -170      0    170  0.87542066E+00 -0.10841021E-02 0.1143E-11      8
 1403   23     0    -169      0    169  0.88087637E+00 -0.11448448E-02 0.5130E-12      8
 1404   23     0    -168      0    168  0.88612239E+00 -0.98739740E-03 0.3362E-12      7
 1405   23     0    -167      0    167  0.89094193E+00 -0.10226506E-02 0.9490E-12      7
 1406   23     0    -166      0    166  0.89648585E+00 -0.11327952E-02 0.3200E-12      9
 1407   23     0    -165      0    165  0.90208958E+00 -0.10077578E-02 0.3516E-12      8
 1408   23     0    -163      0    163  0.90707573E+00 -0.96518140E-03 0.2611E-12      8
 1409   23     0    -163      0    163  0.91264366E+00 -0.11064150E-02 0.9123E-12      9
 1410   23     0    -162      0    162  0.91856597E+00 -0.10308975E-02 0.4745E-12     10
 1411   23     0    -161      0    161  0.92382319E+00 -0.92319729E-03 0.8006E-12      9
 1412   23     0    -160      0    160  0.92938980E+00 -0.10670182E-02 0.6261E-13      8
 1413   23     0    -159      0    159  0.93557097E+00 -0.10459815E-02 0.1792E-12     10
 1414   23     0    -158      0    158  0.94117261E+00 -0.90170797E-03 0.6532E-12      8
 1415   23     0    -157      0    157  0.94676843E+00 -0.10233313E-02 0.7224E-12      7
 1416   23     0    -156      0    156  0.95318395E+00 -0.10593431E-02 0.3371E-12      9
 1417   23     0    -155      0    155  0.95921829E+00 -0.90285818E-03 0.1045E-11      9
 1418   23     0    -154      0    154  0.96486595E+00 -0.97011768E-03 0.2490E-12      9
 1419   23     0    -153      0    153  0.97142159E+00 -0.10619553E-02 0.7302E-12     10
 1420   23     0    -152      0    152  0.97789403E+00 -0.92498392E-03 0.2083E-12      9
 1421   23     0    -151      0    151  0.98369165E+00 -0.92565586E-03 0.3819E-12     10
 1422   23     0    -150      0    150  0.99034336E+00 -0.10648125E-02 0.4323E-13      9
 1423   23     0    -149      0    149  0.99727362E+00 -0.97050494E-03 0.7507E-12      8
 1424   23     0    -148      0    148  0.10033415E+01 -0.89247069E-03 0.1600E-11      9
 1425   23     0    -147      0    147  0.10099938E+01 -0.10606292E-02 0.1246E-11     10
 1426   23     0    -146      0    146  0.10173118E+01 -0.10257026E-02 0.4485E-12      9
 1427   23     0    -145      0    145  0.10237957E+01 -0.88960779E-03 0.1800E-13      9
 1428   23     0    -144      0    144  0.10304490E+01 -0.10534221E-02 0.8616E-12      8
 1429   23     0    -143      0    143  0.10380867E+01 -0.10824566E-02 0.1288E-11      8
 1430   23     0    -142      0    142  0.10450691E+01 -0.91291667E-03 0.7469E-12      9
 1431   23     0    -141      0    141  0.10517371E+01 -0.10415807E-02 0.2602E-12      9
 1432   23     0    -140      0    140  0.10596232E+01 -0.11415073E-02 0.1408E-11     10
 1433   23     0    -139      0    139  0.10672165E+01 -0.97698005E-03 0.3927E-12      9
 1434   23     0    -138      0    138  0.10740157E+01 -0.10256329E-02 0.3900E-12      8
 1435   23     0    -137      0    137  0.10820325E+01 -0.11935765E-02 0.1016E-11      9
 1436   23     0    -136      0    136  0.10902272E+01 -0.10679869E-02 0.6550E-12      9
 1437   23     0    -135      0    135  0.10973011E+01 -0.10169059E-02 0.7436E-12     10
 1438   23     0    -134      0    134  0.11053489E+01 -0.12436598E-02 0.1328E-11      8
 1439   23     0    -133      0    133  0.11141177E+01 -0.11904487E-02 0.6588E-12     11
 1440   23     0    -132      0    132  0.11216834E+01 -0.10384734E-02 0.1452E-11      9
 1441   23     0    -131      0    131  0.11296632E+01 -0.12933492E-02 0.1794E-12      8
 1442   23     0    -130      0    130  0.11388981E+01 -0.13403254E-02 0.1328E-11     10
 1443   23     0    -129      0    129  0.11471735E+01 -0.11250231E-02 0.6352E-12      9
 1444   23     0    -128      0    128  0.11550956E+01 -0.13464901E-02 0.1561E-11      9
 1445   23     0    -127      0    127  0.11646500E+01 -0.15166088E-02 0.1288E-11      9
 1446   23     0    -126      0    126  0.11737757E+01 -0.13003143E-02 0.7667E-12      8
 1447   23     0    -125      0    125  0.11817693E+01 -0.13999875E-02 0.9833E-12     10
 1448   23     0    -124      0    124  0.11914189E+01 -0.17046166E-02 0.4759E-12      9
 1449   23     0    -123      0    123  0.12013659E+01 -0.15578154E-02 0.1049E-11      9
 1450   23     0    -122      0    122  0.12097368E+01 -0.14669373E-02 0.7427E-12      9
 1451   23     0    -121      0    121  0.12192919E+01 -0.18740637E-02 0.9482E-12      8
 1452   23     0    -120      0    120  0.12299467E+01 -0.18489344E-02 0.1136E-11     10
 1453   23     0    -119      0    119  0.12390754E+01 -0.15589622E-02 0.1636E-11      9
 1454   23     0    -118      0    118  0.12483994E+01 -0.19591637E-02 0.8773E-12     14
 1455   23     0    -117      0    117  0.12595645E+01 -0.20861555E-02 0.9782E-12      9
 1456   23     0    -116      0    116  0.12698180E+01 -0.16912132E-02 0.6248E-12      9
 1457   23     0    -115      0    115  0.12789611E+01 -0.18669487E-02 0.1644E-11      8
 1458   23     0    -114      0    114  0.12902851E+01 -0.21359021E-02 0.1014E-11      9
 1459   23     0    -113      0    113  0.13017719E+01 -0.18048727E-02 0.7553E-12     10
 1460   23     0    -112      0    112  0.13113448E+01 -0.16028277E-02 0.1187E-11     10
 1461   23     0    -111      0    111  0.13224617E+01 -0.19143482E-02 0.7368E-12     13
 1462   23     0    -110      0    110  0.13349555E+01 -0.17202818E-02 0.1015E-11     10
 1463   23     0    -109      0    109  0.13456930E+01 -0.12977415E-02 0.4355E-12      8
 1464   23     0    -108      0    108  0.13565093E+01 -0.14870075E-02 0.1612E-11     10
 1465   23     0    -107      0    107  0.13696934E+01 -0.14351921E-02 0.9649E-12      9
 1466   23     0    -106      0    106  0.13819972E+01 -0.10412782E-02 0.6670E-12      9
 1467   23     0    -105      0    105  0.13927837E+01 -0.10291939E-02 0.3023E-11      9
 1468   23     0    -104      0    104  0.14062338E+01 -0.10897627E-02 0.1342E-11     10
 1469   23     0    -103      0    103  0.14201122E+01 -0.83981225E-03 0.1330E-11      8
 1470   23     0    -102      0    102  0.14315646E+01 -0.67909685E-03 0.1334E-11      9
 1471   23     0    -101      0    101  0.14448545E+01 -0.77862117E-03 0.1861E-11     11
 1472   23     0    -100      0    100  0.14600213E+01 -0.65905635E-03 0.3675E-12      9
 1473   23     0     -99      0     99  0.14729204E+01 -0.46314356E-03 0.2069E-11      8
 1474   23     0     -98      0     98  0.14858498E+01 -0.52656170E-03 0.4756E-11     10
 1475   23     0     -97      0     97  0.15018834E+01 -0.49342329E-03 0.3788E-11      8
 1476   23     0     -96      0     96  0.15167525E+01 -0.34142849E-03 0.2087E-11      8
 1477   23     0     -95      0     95  0.15296265E+01 -0.33666828E-03 0.5380E-11     10
 1478   23     0     -94      0     94  0.15460008E+01 -0.35358261E-03 0.7423E-12      9
 1479   23     0     -93      0     93  0.15628924E+01 -0.26511590E-03 0.8927E-11     10
 1480   23     0     -92      0     92  0.15765909E+01 -0.21065867E-03 0.5178E-11      8
 1481   23     0     -91      0     91  0.15927430E+01 -0.24400768E-03 0.5001E-11      8
 1482   23     0     -90      0     90  0.16113321E+01 -0.20382278E-03 0.4457E-11     11
 1483   23     0     -89      0     89  0.16269521E+01 -0.13867967E-03 0.3099E-11      9
 1484   23     0     -88      0     88  0.16425661E+01 -0.16078147E-03 0.3667E-11      8
 1485   23     0     -87      0     87  0.16623022E+01 -0.15103783E-03 0.4069E-11     11
 1486   23     0     -86      0     86  0.16805715E+01 -0.10251001E-03 0.1060E-10      9
 1487   23     0     -85      0     85  0.16960565E+01 -0.10178135E-03 0.4733E-11      9
 1488   23     0     -84      0     84  0.17162002E+01 -0.10919093E-03 0.2609E-10      9
 1489   23     0     -83      0     83  0.17371144E+01 -0.81633123E-04 0.1942E-10     10
  Time elapsed :     10.375 s

Mode Search
-----------

Mode parameters
   l : 24
   m : 0

Building frequency grid (REAL axis)
   added scan interval :  0.5202E+00 ->  0.2105E+01 (3000 points, INVERSE)

Building spatial grid
   Scaffold grid from model
   Split 384 subinterval(s) in iteration 1
   Split 30 subinterval(s) in iteration 2
   Split 0 subinterval(s) in iteration 3
   Final grid has 1 segment(s) and 7528 point(s):
      Segment 1 : x range 0.0000 -> 1.0012 (1 -> 7528)

Starting search (adiabatic)

Scanning frequencies
  Time elapsed :    36.078 s

Finding roots
  Time elapsed :     13.096 s

Processing modes
   id    l     m    n_pg    n_p    n_g       Re(omega)       Im(omega)        chi n_iter
 1543   24     0    -263      0    263  0.59089085E+00  0.00000000E+00 0.4856E-13      6
 1544   24     0    -262      0    262  0.59311773E+00  0.00000000E+00 0.2388E-12      5
 1545   24     0    -261      0    261  0.59540438E+00  0.00000000E+00 0.4405E-13      6
 1546   24     0    -260      0    260  0.59761465E+00  0.00000000E+00 0.4337E-12      5
 1547   24     0    -259      0    259  0.59992026E+00  0.00000000E+00 0.2096E-12      6
 1548   24     0    -258      0    258  0.60230099E+00  0.00000000E+00 0.4162E-12      5
 1549   24     0    -257      0    257  0.60457895E+00  0.00000000E+00 0.3059E-12      5
 1550   24     0    -256      0    256  0.60690292E+00  0.00000000E+00 0.3713E-12      5
 1551   24     0    -255      0    255  0.60935029E+00  0.00000000E+00 0.4240E-13      5
 1552   24     0    -254      0    254  0.61170038E+00  0.00000000E+00 0.2034E-13      5
 1553   24     0    -253      0    253  0.61402037E+00  0.00000000E+00 0.1804E-12      6
 1554   24     0    -252      0    252  0.61649668E+00  0.00000000E+00 0.2886E-12      6
 1555   24     0    -251      0    251  0.61892125E+00  0.00000000E+00 0.4279E-12      5
 1556   24     0    -250      0    250  0.62127365E+00  0.00000000E+00 0.9825E-13      5
 1557   24     0    -249      0    249  0.62380142E+00  0.00000000E+00 0.4309E-12      5
 1558   24     0    -248      0    248  0.62634181E+00  0.00000000E+00 0.1483E-12      5
 1559   24     0    -247      0    247  0.62876150E+00  0.00000000E+00 0.4895E-12      5
 1560   24     0    -246      0    246  0.63131685E+00  0.00000000E+00 0.4716E-12      5
 1561   24     0    -245      0    245  0.63395433E+00  0.00000000E+00 0.1563E-12      5
 1562   24     0    -244      0    244  0.63646502E+00  0.00000000E+00 0.4927E-12      5
 1563   24     0    -243      0    243  0.63904375E+00  0.00000000E+00 0.1473E-12      5
 1564   24     0    -242      0    242  0.64174090E+00  0.00000000E+00 0.9815E-13      6
 1565   24     0    -241      0    241  0.64431635E+00  0.00000000E+00 0.4496E-13      5
 1566   24     0    -240      0    240  0.64691849E+00  0.00000000E+00 0.4437E-12      6
 1567   24     0    -239      0    239  0.64968607E+00  0.00000000E+00 0.2684E-13      5
 1568   24     0    -238      0    238  0.65234814E+00  0.00000000E+00 0.2648E-12      5
 1569   24     0    -237      0    237  0.65497763E+00  0.00000000E+00 0.1030E-12      6
 1570   24     0    -236      0    236  0.65782175E+00  0.00000000E+00 0.1384E-12      5
 1571   24     0    -235      0    235  0.66061735E+00  0.00000000E+00 0.1023E-12      5
 1572   24     0    -234      0    234  0.66328939E+00  0.00000000E+00 0.2674E-12      6
 1573   24     0    -233      0    233  0.66617188E+00  0.00000000E+00 0.1391E-12      5
 1574   24     0    -232      0    232  0.66909890E+00  0.00000000E+00 0.2951E-12      6
 1575   24     0    -231      0    231  0.67184144E+00  0.00000000E+00 0.1803E-12      5
 1576   24     0    -230      0    230  0.67472682E+00  0.00000000E+00 0.2334E-12      6
 1577   24     0    -229      0    229  0.67775319E+00  0.00000000E+00 0.3308E-12      5
 1578   24     0    -228      0    228  0.68061441E+00  0.00000000E+00 0.2233E-12      5
 1579   24     0    -227      0    227  0.68352964E+00  0.00000000E+00 0.2240E-13      5
 1580   24     0    -226      0    226  0.68661787E+00  0.00000000E+00 0.1709E-12      6
 1581   24     0    -225      0    225  0.68955166E+00  0.00000000E+00 0.2822E-13      5
 1582   24     0    -224      0    224  0.69250666E+00  0.00000000E+00 0.1741E-12      6
 1583   24     0    -223      0    223  0.69572151E+00  0.00000000E+00 0.8998E-13      5
 1584   24     0    -222      0    222  0.69882559E+00  0.00000000E+00 0.2075E-12      6
 1585   24     0    -221      0    221  0.70178902E+00  0.00000000E+00 0.4459E-13      6
 1586   24     0    -220      0    220  0.70502627E+00  0.00000000E+00 0.5655E-12      5
 1587   24     0    -219      0    219  0.70828459E+00  0.00000000E+00 0.2716E-12      5
 1588   24     0    -218      0    218  0.71134570E+00  0.00000000E+00 0.1489E-12      6
 1589   24     0    -217      0    217  0.71460743E+00  0.00000000E+00 0.6085E-12      5
 1590   24     0    -216      0    216  0.71797837E+00  0.00000000E+00 0.8844E-13      6
 1591   24     0    -215      0    215  0.72113883E+00  0.00000000E+00 0.2514E-12      5
 1592   24     0    -214      0    214  0.72443865E+00  0.00000000E+00 0.5666E-12      5
 1593   24     0    -213      0    213  0.72793171E+00  0.00000000E+00 0.1421E-12      5
 1594   24     0    -212      0    212  0.73121772E+00  0.00000000E+00 0.5135E-12      5
 1595   24     0    -211      0    211  0.73455148E+00  0.00000000E+00 0.3668E-12      6
 1596   24     0    -210      0    210  0.73816464E+00  0.00000000E+00 0.2954E-12      6
 1597   24     0    -209      0    209  0.74160995E+00  0.00000000E+00 0.2389E-12      6
 1598   24     0    -208      0    208  0.74494664E+00  0.00000000E+00 0.7248E-13      6
 1599   24     0    -207      0    207  0.74861548E+00  0.00000000E+00 0.4895E-14      5
 1600   24     0    -206      0    206  0.75224993E+00  0.00000000E+00 0.2080E-12      5
 1601   24     0    -205      0    205  0.75569174E+00  0.00000000E+00 0.1862E-12      6
 1602   24     0    -204      0    204  0.75941315E+00  0.00000000E+00 0.2114E-12      5
 1603   24     0    -203      0    203  0.76319247E+00  0.00000000E+00 0.2797E-12      6
 1604   24     0    -202      0    202  0.76671685E+00  0.00000000E+00 0.3229E-13      6
 1605   24     0    -201      0    201  0.77048271E+00  0.00000000E+00 0.1950E-12      5
 1606   24     0    -200      0    200  0.77443498E+00  0.00000000E+00 0.8847E-13      6
 1607   24     0    -199      0    199  0.77810124E+00  0.00000000E+00 0.2984E-12      5
 1608   24     0    -198      0    198  0.78188751E+00  0.00000000E+00 0.1973E-12      6
 1609   24     0    -197      0    197  0.78598664E+00  0.00000000E+00 0.2638E-12      5
 1610   24     0    -196      0    196  0.78983363E+00  0.00000000E+00 0.1649E-12      5
 1611   24     0    -195      0    195  0.79362493E+00  0.00000000E+00 0.1752E-13      6
 1612   24     0    -194      0    194  0.79782910E+00  0.00000000E+00 0.3385E-12      6
 1613   24     0    -193      0    193  0.80191523E+00  0.00000000E+00 0.3665E-12      6
 1614   24     0    -192      0    192  0.80577485E+00  0.00000000E+00 0.1892E-12      6
 1615   24     0    -191      0    191  0.81003078E+00  0.00000000E+00 0.7960E-12      5
 1616   24     0    -190      0    190  0.81431998E+00  0.00000000E+00 0.2444E-12      6
 1617   24     0    -189      0    189  0.81829623E+00  0.00000000E+00 0.2892E-12      6
 1618   24     0    -188      0    188  0.82262313E+00  0.00000000E+00 0.3338E-13      5
 1619   24     0    -187      0    187  0.82714715E+00  0.00000000E+00 0.1046E-12      6
 1620   24     0    -186      0    186  0.83125841E+00  0.00000000E+00 0.2039E-12      6
 1621   24     0    -185      0    185  0.83556406E+00  0.00000000E+00 0.4794E-12      6
 1622   24     0    -184      0    184  0.84028506E+00  0.00000000E+00 0.7135E-12      6
 1623   24     0    -183      0    183  0.84465147E+00  0.00000000E+00 0.2874E-12      5
 1624   24     0    -182      0    182  0.84894702E+00  0.00000000E+00 0.6492E-13      6
 1625   24     0    -181      0    181  0.85379160E+00  0.00000000E+00 0.1240E-12      6
 1626   24     0    -180      0    180  0.85847045E+00  0.00000000E+00 0.1446E-12      6
 1627   24     0    -179      0    179  0.86284701E+00  0.00000000E+00 0.1668E-12      5
 1628   24     0    -178      0    178  0.86775442E+00  0.00000000E+00 0.1281E-12      5
 1629   24     0    -177      0    177  0.87270838E+00  0.00000000E+00 0.4599E-13      6
 1630   24     0    -176      0    176  0.87722014E+00  0.00000000E+00 0.1554E-12      6
 1631   24     0    -175      0    175  0.88217359E+00  0.00000000E+00 0.2072E-13      6
 1632   24     0    -174      0    174  0.88741128E+00  0.00000000E+00 0.1093E-12      6
 1633   24     0    -173      0    173  0.89213536E+00  0.00000000E+00 0.8431E-13      6
 1634   24     0    -172      0    172  0.89707668E+00  0.00000000E+00 0.1350E-12      6
 1635   24     0    -171      0    171  0.90255015E+00  0.00000000E+00 0.2636E-12      6
 1636   24     0    -170      0    170  0.90759641E+00  0.00000000E+00 0.1271E-12      6
 1637   24     0    -169      0    169  0.91253286E+00  0.00000000E+00 0.1337E-12      6
 1638   24     0    -168      0    168  0.91815661E+00  0.00000000E+00 0.8805E-13      6
 1639   24     0    -167      0    167  0.92357280E+00  0.00000000E+00 0.4720E-13      6
 1640   24     0    -166      0    166  0.92859610E+00  0.00000000E+00 0.5035E-13      5
 1641   24     0    -165      0    165  0.93431395E+00  0.00000000E+00 0.1299E-12      5
 1642   24     0    -164      0    164  0.94010469E+00  0.00000000E+00 0.1288E-12      6
 1643   24     0    -163      0    163  0.94530317E+00  0.00000000E+00 0.1804E-12      6
 1644   24     0    -162      0    162  0.95104373E+00  0.00000000E+00 0.5058E-13      6
 1645   24     0    -161      0    161  0.95716410E+00  0.00000000E+00 0.9129E-13      6
 1646   24     0    -160      0    160  0.96265055E+00  0.00000000E+00 0.1821E-13      5
 1647   24     0    -159      0    159  0.96838925E+00  0.00000000E+00 0.1203E-12      6
 1648   24     0    -158      0    158  0.97477051E+00  0.00000000E+00 0.1993E-12      6
 1649   24     0    -157      0    157  0.98062370E+00  0.00000000E+00 0.1585E-12      5
 1650   24     0    -156      0    156  0.98639853E+00  0.00000000E+00 0.1921E-12      6
 1651   24     0    -155      0    155  0.99300604E+00  0.00000000E+00 0.3024E-13      6
 1652   24     0    -154      0    154  0.99931318E+00  0.00000000E+00 0.4912E-13      6
 1653   24     0    -153      0    153  0.10051632E+01  0.00000000E+00 0.4269E-12      5
 1654   24     0    -152      0    152  0.10118918E+01  0.00000000E+00 0.4429E-12      5
 1655   24     0    -151      0    151  0.10186495E+01  0.00000000E+00 0.1588E-12      6
 1656   24     0    -150      0    150  0.10246899E+01  0.00000000E+00 0.3173E-12      6
 1657   24     0    -149      0    149  0.10314928E+01  0.00000000E+00 0.1322E-12      6
 1658   24     0    -148      0    148  0.10387065E+01  0.00000000E+00 0.5662E-12      6
 1659   24     0    -147      0    147  0.10450745E+01  0.00000000E+00 0.2818E-12      6
 1660   24     0    -146      0    146  0.10518626E+01  0.00000000E+00 0.3774E-12      6
 1661   24     0    -145      0    145  0.10594448E+01  0.00000000E+00 0.3768E-13      6
 1662   24     0    -144      0    144  0.10662833E+01  0.00000000E+00 0.4439E-12      5
 1663   24     0    -143      0    143  0.10730814E+01  0.00000000E+00 0.4262E-13      6
 1664   24     0    -142      0    142  0.10809492E+01  0.00000000E+00 0.1765E-12      6
 1665   24     0    -141      0    141  0.10883281E+01  0.00000000E+00 0.2971E-12      6
 1666   24     0    -140      0    140  0.10951805E+01  0.00000000E+00 0.1140E-12      6
 1667   24     0    -139      0    139  0.11032489E+01  0.00000000E+00 0.1980E-12      6
 1668   24     0    -138      0    138  0.11112541E+01  0.00000000E+00 0.1703E-12      6
 1669   24     0    -137      0    137  0.11183210E+01  0.00000000E+00 0.2383E-12      6
 1670   24     0    -136      0    136  0.11264657E+01  0.00000000E+00 0.1049E-12      5
 1671   24     0    -135      0    135  0.11350555E+01  0.00000000E+00 0.4201E-13      6
 1672   24     0    -134      0    134  0.11425052E+01  0.00000000E+00 0.7064E-13      6
 1673   24     0    -133      0    133  0.11506376E+01  0.00000000E+00 0.2333E-12      6
 1674   24     0    -132      0    132  0.11597528E+01  0.00000000E+00 0.1041E-12      6
 1675   24     0    -131      0    131  0.11678060E+01  0.00000000E+00 0.1785E-12      5
 1676   24     0    -130      0    130  0.11758698E+01  0.00000000E+00 0.1636E-12      6
 1677   24     0    -129      0    129  0.11853718E+01  0.00000000E+00 0.7815E-13      6
 1678   24     0    -128      0    128  0.11942084E+01  0.00000000E+00 0.6734E-13      6
 1679   24     0    -127      0    127  0.12022952E+01  0.00000000E+00 0.4814E-14      5
 1680   24     0    -126      0    126  0.12120124E+01  0.00000000E+00 0.4134E-12      5
 1681   24     0    -125      0    125  0.12217062E+01  0.00000000E+00 0.4173E-13      6
 1682   24     0    -124      0    124  0.12300436E+01  0.00000000E+00 0.1352E-12      6
 1683   24     0    -123      0    123  0.12397510E+01  0.00000000E+00 0.1506E-12      5
 1684   24     0    -122      0    122  0.12502060E+01  0.00000000E+00 0.8848E-13      5
 1685   24     0    -121      0    121  0.12591414E+01  0.00000000E+00 0.1417E-13      6
 1686   24     0    -120      0    120  0.12687119E+01  0.00000000E+00 0.7902E-14      6
 1687   24     0    -119      0    119  0.12797700E+01  0.00000000E+00 0.2041E-13      6
 1688   24     0    -118      0    118  0.12896314E+01  0.00000000E+00 0.5344E-13      6
 1689   24     0    -117      0    117  0.12990592E+01  0.00000000E+00 0.3350E-12      6
 1690   24     0    -116      0    116  0.13104878E+01  0.00000000E+00 0.1439E-12      6
 1691   24     0    -115      0    115  0.13215056E+01  0.00000000E+00 0.2368E-12      6
 1692   24     0    -114      0    114  0.13310087E+01  0.00000000E+00 0.1600E-12      6
 1693   24     0    -113      0    113  0.13424297E+01  0.00000000E+00 0.1275E-12      6
 1694   24     0    -112      0    112  0.13545637E+01  0.00000000E+00 0.1016E-12      6
 1695   24     0    -111      0    111  0.13647962E+01  0.00000000E+00 0.4203E-12      5
 1696   24     0    -110      0    110  0.13758922E+01  0.00000000E+00 0.2566E-13      6
 1697   24     0    -109      0    109  0.13888333E+01  0.00000000E+00 0.1719E-12      6
 1698   24     0    -108      0    108  0.14004108E+01  0.00000000E+00 0.1365E-12      6
 1699   24     0    -107      0    107  0.14112564E+01  0.00000000E+00 0.8319E-13      6
 1700   24     0    -106      0    106  0.14246381E+01  0.00000000E+00 0.1893E-12      5
 1701   24     0    -105      0    105  0.14378204E+01  0.00000000E+00 0.1773E-12      6
 1702   24     0    -104      0    104  0.14489393E+01  0.00000000E+00 0.4095E-12      6
 1703   24     0    -103      0    103  0.14623137E+01  0.00000000E+00 0.6222E-13      6
 1704   24     0    -102      0    102  0.14769492E+01  0.00000000E+00 0.7220E-14      6
 1705   24     0    -101      0    101  0.14892105E+01  0.00000000E+00 0.1691E-13      5
 1706   24     0    -100      0    100  0.15022393E+01  0.00000000E+00 0.3345E-13      6
 1707   24     0     -99      0     99  0.15179140E+01  0.00000000E+00 0.4755E-13      6
 1708   24     0     -98      0     98  0.15320001E+01  0.00000000E+00 0.2179E-12      6
 1709   24     0     -97      0     97  0.15447814E+01  0.00000000E+00 0.2054E-12      6
 1710   24     0     -96      0     96  0.15609739E+01  0.00000000E+00 0.1390E-12      5
 1711   24     0     -95      0     95  0.15771002E+01  0.00000000E+00 0.2165E-12      6
 1712   24     0     -94      0     94  0.15903540E+01  0.00000000E+00 0.2498E-12      6
 1713   24     0     -93      0     93  0.16064769E+01  0.00000000E+00 0.1132E-12      6
 1714   24     0     -92      0     92  0.16243903E+01  0.00000000E+00 0.6873E-13      6
 1715   24     0     -91      0     91  0.16392091E+01  0.00000000E+00 0.8164E-13      6
 1716   24     0     -90      0     90  0.16548347E+01  0.00000000E+00 0.3794E-13      6
 1717   24     0     -89      0     89  0.16740321E+01  0.00000000E+00 0.6378E-13      6
 1718   24     0     -88      0     88  0.16913018E+01  0.00000000E+00 0.1729E-12      6
 1719   24     0     -87      0     87  0.17065802E+01  0.00000000E+00 0.5768E-13      6
  Time elapsed :      3.564 s

Starting search (non-adiabatic)

Finding roots
  Time elapsed :    245.250 s

Processing modes
   id    l     m    n_pg    n_p    n_g       Re(omega)       Im(omega)        chi n_iter
 1543   24     0    -263      0    263  0.59033439E+00 -0.88083011E-03 0.2843E-12      8
 1544   24     0    -262      0    262  0.59252789E+00 -0.95905408E-03 0.2322E-12      7
 1545   24     0    -261      0    261  0.59486112E+00 -0.95494965E-03 0.7716E-12      8
 1546   24     0    -260      0    260  0.59708010E+00 -0.91995948E-03 0.3169E-12      8
 1547   24     0    -259      0    259  0.59935589E+00 -0.98845914E-03 0.5851E-12      8
 1548   24     0    -258      0    258  0.60177866E+00 -0.99596718E-03 0.3486E-12      8
 1549   24     0    -257      0    257  0.60408602E+00 -0.93892093E-03 0.6009E-12      8
 1550   24     0    -256      0    256  0.60637272E+00 -0.99781316E-03 0.3416E-12      9
 1551   24     0    -255      0    255  0.60884876E+00 -0.10348294E-02 0.2215E-12      8
 1552   24     0    -254      0    254  0.61124919E+00 -0.96441131E-03 0.3194E-12      7
 1553   24     0    -253      0    253  0.61353134E+00 -0.99587969E-03 0.6125E-12      7
 1554   24     0    -252      0    252  0.61601852E+00 -0.10637724E-02 0.4411E-12      8
 1555   24     0    -251      0    251  0.61849944E+00 -0.10023270E-02 0.5784E-12      7
 1556   24     0    -250      0    250  0.62081774E+00 -0.10115987E-02 0.4457E-12      7
 1557   24     0    -249      0    249  0.62333862E+00 -0.11057639E-02 0.3488E-12      9
 1558   24     0    -248      0    248  0.62593661E+00 -0.10661497E-02 0.1994E-12      8
 1559   24     0    -247      0    247  0.62834288E+00 -0.10341919E-02 0.6296E-12      8
 1560   24     0    -246      0    246  0.63087463E+00 -0.11354436E-02 0.1345E-12      8
 1561   24     0    -245      0    245  0.63356215E+00 -0.11301171E-02 0.4747E-12      7
 1562   24     0    -244      0    244  0.63608177E+00 -0.10715826E-02 0.2996E-12      7
 1563   24     0    -243      0    243  0.63862838E+00 -0.11584333E-02 0.4387E-12      7
 1564   24     0    -242      0    242  0.64136924E+00 -0.11788262E-02 0.4521E-12      9
 1565   24     0    -241      0    241  0.64396739E+00 -0.11041224E-02 0.7063E-12      8
 1566   24     0    -240      0    240  0.64652820E+00 -0.11860638E-02 0.6114E-12      7
 1567   24     0    -239      0    239  0.64933389E+00 -0.12385942E-02 0.5756E-12      7
 1568   24     0    -238      0    238  0.65203529E+00 -0.11510146E-02 0.6204E-12      9
 1569   24     0    -237      0    237  0.65461359E+00 -0.12179229E-02 0.2748E-12      8
 1570   24     0    -236      0    236  0.65748300E+00 -0.13165690E-02 0.7595E-12      8
 1571   24     0    -235      0    235  0.66033702E+00 -0.12349259E-02 0.3278E-12      9
 1572   24     0    -234      0    234  0.66295998E+00 -0.12481632E-02 0.3421E-12      9
 1573   24     0    -233      0    233  0.66584562E+00 -0.13907171E-02 0.7563E-12      9
 1574   24     0    -232      0    232  0.66884121E+00 -0.13449400E-02 0.4550E-12      9
 1575   24     0    -231      0    231  0.67155276E+00 -0.12910330E-02 0.1357E-12      8
 1576   24     0    -230      0    230  0.67441196E+00 -0.14552476E-02 0.5901E-12      9
 1577   24     0    -229      0    229  0.67750282E+00 -0.14682806E-02 0.2173E-12      7
 1578   24     0    -228      0    228  0.68035625E+00 -0.13827182E-02 0.5689E-12      9
 1579   24     0    -227      0    227  0.68322155E+00 -0.15310604E-02 0.2203E-12     10
 1580   24     0    -226      0    226  0.68636996E+00 -0.15839263E-02 0.8557E-12      8
 1581   24     0    -225      0    225  0.68930564E+00 -0.14717217E-02 0.6378E-12      8
 1582   24     0    -224      0    224  0.69217442E+00 -0.16343197E-02 0.4159E-12      8
 1583   24     0    -223      0    223  0.69543714E+00 -0.17606937E-02 0.1575E-12     10
 1584   24     0    -222      0    222  0.69859140E+00 -0.16204419E-02 0.9492E-14     10
 1585   24     0    -220      0    220  0.70467181E+00 -0.18979753E-02 0.9196E-12     11
 1586   24     0    -219      0    219  0.70800117E+00 -0.18154130E-02 0.5309E-12     10
 1587   24     0    -218      0    218  0.71095010E+00 -0.17692060E-02 0.2054E-12     10
 1588   24     0    -217      0    217  0.71415672E+00 -0.20125510E-02 0.3404E-12     11
 1589   24     0    -216      0    216  0.71760401E+00 -0.19952722E-02 0.7602E-12      9
 1590   24     0    -215      0    215  0.72067864E+00 -0.18718820E-02 0.4562E-12     11
 1591   24     0    -214      0    214  0.72384517E+00 -0.21266708E-02 0.1330E-11      9
 1592   24     0    -213      0    213  0.72739163E+00 -0.21911128E-02 0.4059E-12     11
 1593   24     0    -212      0    212  0.73064063E+00 -0.19937611E-02 0.9844E-12      9
 1594   24     0    -211      0    211  0.73373669E+00 -0.21855189E-02 0.1541E-11     11
 1595   24     0    -210      0    210  0.73733746E+00 -0.23289774E-02 0.1763E-11      9
 1596   24     0    -209      0    209  0.74083612E+00 -0.20840670E-02 0.4453E-12     11
 1597   24     0    -208      0    208  0.74391076E+00 -0.20645387E-02 0.6261E-12      9
 1598   24     0    -207      0    207  0.74748688E+00 -0.22611801E-02 0.5688E-12     10
 1599   24     0    -206      0    206  0.75122204E+00 -0.20821556E-02 0.6553E-12      9
 1600   24     0    -205      0    205  0.75453682E+00 -0.19081037E-02 0.3055E-12     10
 1601   24     0    -204      0    204  0.75811644E+00 -0.20749474E-02 0.9536E-12      9
 1602   24     0    -203      0    203  0.76201492E+00 -0.19704491E-02 0.6798E-12      9
 1603   24     0    -202      0    202  0.76553400E+00 -0.17389819E-02 0.4976E-12      9
 1604   24     0    -201      0    201  0.76912620E+00 -0.18869040E-02 0.2233E-12      9
 1605   24     0    -200      0    200  0.77316970E+00 -0.18710857E-02 0.5270E-12      9
 1606   24     0    -199      0    199  0.77693803E+00 -0.16246662E-02 0.4629E-12     10
 1607   24     0    -198      0    198  0.78055030E+00 -0.17110849E-02 0.2702E-12      9
 1608   24     0    -197      0    197  0.78468412E+00 -0.17761017E-02 0.2160E-12     11
 1609   24     0    -196      0    196  0.78870009E+00 -0.15515280E-02 0.1213E-12      8
 1610   24     0    -195      0    195  0.79235897E+00 -0.15518704E-02 0.2251E-12      7
 1611   24     0    -194      0    194  0.79652710E+00 -0.16848624E-02 0.1661E-12      8
 1612   24     0    -193      0    193  0.80078583E+00 -0.15248399E-02 0.2739E-12      9
 1613   24     0    -192      0    192  0.80460059E+00 -0.14339057E-02 0.2556E-12      8
 1614   24     0    -191      0    191  0.80876720E+00 -0.15872047E-02 0.4765E-12      8
 1615   24     0    -190      0    190  0.81320064E+00 -0.14913306E-02 0.6791E-12      9
 1616   24     0    -189      0    189  0.81720057E+00 -0.13514745E-02 0.2904E-12      9
 1617   24     0    -188      0    188  0.82140464E+00 -0.15052123E-02 0.3389E-12      9
 1618   24     0    -187      0    187  0.82603673E+00 -0.14698515E-02 0.6754E-12      7
 1619   24     0    -186      0    186  0.83026027E+00 -0.12692051E-02 0.4847E-12      9
 1620   24     0    -185      0    185  0.83442328E+00 -0.13962588E-02 0.7692E-12      8
 1621   24     0    -184      0    184  0.83919049E+00 -0.14394481E-02 0.7994E-12      9
 1622   24     0    -183      0    183  0.84372243E+00 -0.12340651E-02 0.1706E-12      7
 1623   24     0    -182      0    182  0.84791378E+00 -0.12797680E-02 0.9196E-12      7
 1624   24     0    -181      0    181  0.85274324E+00 -0.13867675E-02 0.1561E-12      8
 1625   24     0    -180      0    180  0.85758539E+00 -0.12257714E-02 0.6925E-12      8
 1626   24     0    -179      0    179  0.86193366E+00 -0.11806333E-02 0.2705E-12      8
 1627   24     0    -178      0    178  0.86678535E+00 -0.13170619E-02 0.9395E-12      9
 1628   24     0    -177      0    177  0.87187571E+00 -0.12104877E-02 0.1465E-12      8
 1629   24     0    -177      0    177  0.87642219E+00 -0.11026498E-02 0.6863E-12     10
 1630   24     0    -176      0    176  0.88129457E+00 -0.12507667E-02 0.6167E-12      8
 1631   24     0    -175      0    175  0.88662921E+00 -0.12052550E-02 0.9795E-12     12
 1632   24     0    -174      0    174  0.89144592E+00 -0.10444209E-02 0.4732E-12      8
 1633   24     0    -173      0    173  0.89629871E+00 -0.11761541E-02 0.2163E-12      8
 1634   24     0    -171      0    171  0.90698950E+00 -0.10244877E-02 0.2196E-12     11
 1635   24     0    -172      0    172  0.90182059E+00 -0.12004870E-02 0.1042E-11      6
 1636   24     0    -170      0    170  0.91185895E+00 -0.10990258E-02 0.2852E-12      9
 1637   24     0    -169      0    169  0.91748633E+00 -0.11864507E-02 0.1041E-11      9
 1638   24     0    -168      0    168  0.92302133E+00 -0.10347657E-02 0.2053E-12      8
 1639   24     0    -167      0    167  0.92801740E+00 -0.10336935E-02 0.9971E-12      9
 1640   24     0    -166      0    166  0.93370564E+00 -0.11646381E-02 0.5433E-12      8
 1641   24     0    -165      0    165  0.93959494E+00 -0.10569931E-02 0.8299E-12      8
 1642   24     0    -165      0    165  0.94481165E+00 -0.97714275E-03 0.5470E-12      9
 1643   24     0    -163      0    163  0.95050214E+00 -0.11275925E-02 0.4874E-12      8
 1644   24     0    -162      0    162  0.95669239E+00 -0.10767910E-02 0.8234E-12      9
 1645   24     0    -161      0    161  0.96223312E+00 -0.94093020E-03 0.8485E-12      8
 1646   24     0    -160      0    160  0.96791789E+00 -0.10780721E-02 0.6293E-12      8
 1647   24     0    -159      0    159  0.97434114E+00 -0.10853110E-02 0.4955E-12      9
 1648   24     0    -158      0    158  0.98026665E+00 -0.92689008E-03 0.9710E-12      8
 1649   24     0    -157      0    157  0.98599687E+00 -0.10259445E-02 0.1566E-11      9
 1650   24     0    -156      0    156  0.99262184E+00 -0.10903829E-02 0.6940E-12      8
 1651   24     0    -155      0    155  0.99900640E+00 -0.93652136E-03 0.5042E-12      8
 1652   24     0    -154      0    154  0.10048325E+01 -0.96744623E-03 0.6173E-12      8
 1653   24     0    -153      0    153  0.10115584E+01 -0.10841252E-02 0.2561E-12      8
 1654   24     0    -152      0    152  0.10183849E+01 -0.96396204E-03 0.2414E-12      8
 1655   24     0    -151      0    151  0.10244242E+01 -0.92304252E-03 0.6245E-12      7
 1656   24     0    -150      0    150  0.10312102E+01 -0.10781071E-02 0.1296E-11      8
 1657   24     0    -149      0    149  0.10384783E+01 -0.10110810E-02 0.1351E-11      8
 1658   24     0    -148      0    148  0.10448676E+01 -0.89654511E-03 0.4069E-12      8
 1659   24     0    -147      0    147  0.10516302E+01 -0.10642153E-02 0.4109E-12      9
 1660   24     0    -146      0    146  0.10592512E+01 -0.10625636E-02 0.5972E-12      8
 1661   24     0    -145      0    145  0.10661251E+01 -0.90499685E-03 0.1226E-11      8
 1662   24     0    -144      0    144  0.10728966E+01 -0.10474906E-02 0.1095E-11      8
 1663   24     0    -143      0    143  0.10807913E+01 -0.11125703E-02 0.8083E-12      9
 1664   24     0    -142      0    142  0.10882124E+01 -0.94139908E-03 0.6789E-12      8
 1665   24     0    -141      0    141  0.10950407E+01 -0.10274528E-02 0.5417E-12      8
 1666   24     0    -140      0    140  0.11031271E+01 -0.11622371E-02 0.1613E-11      9
 1667   24     0    -139      0    139  0.11111756E+01 -0.10169216E-02 0.1008E-11      8
 1668   24     0    -138      0    138  0.11182260E+01 -0.10087680E-02 0.7335E-12      9
 1669   24     0    -137      0    137  0.11263820E+01 -0.12029777E-02 0.1051E-11      8
 1670   24     0    -136      0    136  0.11350138E+01 -0.11137194E-02 0.4689E-12      8
 1671   24     0    -135      0    135  0.11424558E+01 -0.10067300E-02 0.1198E-11      9
 1672   24     0    -134      0    134  0.11505929E+01 -0.12411655E-02 0.3750E-11      8
 1673   24     0    -133      0    133  0.11597494E+01 -0.12361527E-02 0.6263E-12      8
 1674   24     0    -132      0    132  0.11678048E+01 -0.10480963E-02 0.2929E-12      9
 1675   24     0    -131      0    131  0.11758624E+01 -0.12782457E-02 0.1258E-12      8
 1676   24     0    -130      0    130  0.11854077E+01 -0.13810943E-02 0.7332E-12      8
 1677   24     0    -129      0    129  0.11942576E+01 -0.11647235E-02 0.4818E-12      8
 1678   24     0    -128      0    128  0.12023197E+01 -0.13201274E-02 0.1061E-11      9
 1679   24     0    -127      0    127  0.12120823E+01 -0.15492399E-02 0.1883E-11      8
 1680   24     0    -126      0    126  0.12218017E+01 -0.13727917E-02 0.6157E-12      7
 1681   24     0    -125      0    125  0.12300907E+01 -0.13719893E-02 0.5660E-12     10
 1682   24     0    -124      0    124  0.12398331E+01 -0.17247482E-02 0.9258E-12      9
 1683   24     0    -123      0    123  0.12503218E+01 -0.16507368E-02 0.1372E-12      9
 1684   24     0    -122      0    122  0.12591979E+01 -0.14613815E-02 0.1469E-11      9
 1685   24     0    -121      0    121  0.12687616E+01 -0.18755427E-02 0.1350E-11      8
 1686   24     0    -120      0    120  0.12798502E+01 -0.19454620E-02 0.1751E-11      9
 1687   24     0    -119      0    119  0.12896725E+01 -0.16110367E-02 0.4766E-12      8
 1688   24     0    -118      0    118  0.12990187E+01 -0.19389686E-02 0.7965E-12      9
 1689   24     0    -117      0    117  0.13104542E+01 -0.21735262E-02 0.1521E-11     11
 1690   24     0    -116      0    116  0.13214728E+01 -0.18199060E-02 0.4204E-12      9
 1691   24     0    -115      0    115  0.13308478E+01 -0.18349537E-02 0.9727E-12     12
 1692   24     0    -114      0    114  0.13422269E+01 -0.21983638E-02 0.1654E-11      9
 1693   24     0    -113      0    113  0.13543799E+01 -0.19578247E-02 0.1934E-12      9
 1694   24     0    -112      0    112  0.13645627E+01 -0.16020868E-02 0.9853E-12     10
 1695   24     0    -111      0    111  0.13755718E+01 -0.19244586E-02 0.4586E-12     10
 1696   24     0    -110      0    110  0.13885395E+01 -0.18237883E-02 0.8038E-12     11
 1697   24     0    -109      0    109  0.14001781E+01 -0.13484390E-02 0.7915E-12      8
 1698   24     0    -108      0    108  0.14109648E+01 -0.14439440E-02 0.2080E-11      8
 1699   24     0    -107      0    107  0.14243694E+01 -0.14761343E-02 0.5658E-12     10
 1700   24     0    -106      0    106  0.14376363E+01 -0.11129015E-02 0.5155E-12      9
 1701   24     0    -105      0    105  0.14487601E+01 -0.97595633E-03 0.1124E-11     10
 1702   24     0    -104      0    104  0.14621395E+01 -0.10892191E-02 0.8000E-12      9
 1703   24     0    -103      0    103  0.14768296E+01 -0.89253836E-03 0.1220E-11      8
 1704   24     0    -102      0    102  0.14891245E+01 -0.65488410E-03 0.1177E-11      9
 1705   24     0    -101      0    101  0.15021515E+01 -0.75372825E-03 0.2278E-11      9
 1706   24     0    -100      0    100  0.15178527E+01 -0.68158607E-03 0.2302E-11     10
 1707   24     0     -99      0     99  0.15319657E+01 -0.47012037E-03 0.4535E-12      9
 1708   24     0     -98      0     98  0.15447486E+01 -0.49045044E-03 0.1320E-11      8
 1709   24     0     -97      0     97  0.15609526E+01 -0.49435836E-03 0.3524E-11      8
 1710   24     0     -96      0     96  0.15770918E+01 -0.35978305E-03 0.3724E-11      9
 1711   24     0     -95      0     95  0.15903485E+01 -0.30574622E-03 0.1738E-11      9
 1712   24     0     -94      0     94  0.16064767E+01 -0.34364913E-03 0.7241E-11     10
 1713   24     0     -91      0     91  0.16548425E+01 -0.22890994E-03 0.3991E-11     14
 1714   24     0     -93      0     93  0.16243949E+01 -0.27753960E-03 0.1318E-11      6
 1715   24     0     -92      0     92  0.16392139E+01 -0.19613760E-03 0.3984E-11      6
 1716   24     0     -90      0     90  0.16740419E+01 -0.20691941E-03 0.5797E-11      8
 1717   24     0     -89      0     89  0.16913096E+01 -0.13911241E-03 0.7693E-12      8
 1718   24     0     -88      0     88  0.17065890E+01 -0.14529904E-03 0.1230E-10      9
 1719   24     0     -87      0     87  0.17263851E+01 -0.14974440E-03 0.7231E-11     10
  Time elapsed :     10.991 s

Mode Search
-----------

Mode parameters
   l : 25
   m : 0

Building frequency grid (REAL axis)
   added scan interval :  0.5202E+00 ->  0.2105E+01 (3000 points, INVERSE)

Building spatial grid
   Scaffold grid from model
   Split 386 subinterval(s) in iteration 1
   Split 76 subinterval(s) in iteration 2
   Split 9 subinterval(s) in iteration 3
   Split 0 subinterval(s) in iteration 4
   Final grid has 1 segment(s) and 7585 point(s):
      Segment 1 : x range 0.0000 -> 1.0012 (1 -> 7585)

Starting search (adiabatic)

Scanning frequencies
  Time elapsed :    36.230 s

Finding roots
  Time elapsed :     13.394 s

Processing modes
   id    l     m    n_pg    n_p    n_g       Re(omega)       Im(omega)        chi n_iter
 1775   25     0    -274      0    274  0.59043577E+00  0.00000000E+00 0.6728E-13      5
 1776   25     0    -273      0    273  0.59248603E+00  0.00000000E+00 0.6634E-12      5
 1777   25     0    -272      0    272  0.59459570E+00  0.00000000E+00 0.1747E-12      6
 1778   25     0    -271      0    271  0.59681650E+00  0.00000000E+00 0.2413E-12      6
 1779   25     0    -270      0    270  0.59896603E+00  0.00000000E+00 0.2282E-12      5
 1780   25     0    -269      0    269  0.60115109E+00  0.00000000E+00 0.2362E-12      6
 1781   25     0    -268      0    268  0.60347539E+00  0.00000000E+00 0.1658E-12      5
 1782   25     0    -267      0    267  0.60574160E+00  0.00000000E+00 0.1101E-12      6
 1783   25     0    -266      0    266  0.60793166E+00  0.00000000E+00 0.1665E-12      5
 1784   25     0    -265      0    265  0.61025229E+00  0.00000000E+00 0.1995E-12      5
 1785   25     0    -264      0    264  0.61257341E+00  0.00000000E+00 0.1094E-12      6
 1786   25     0    -263      0    263  0.61476813E+00  0.00000000E+00 0.4296E-12      5
 1787   25     0    -262      0    262  0.61707293E+00  0.00000000E+00 0.2205E-13      6
 1788   25     0    -261      0    261  0.61945606E+00  0.00000000E+00 0.1444E-12      5
 1789   25     0    -260      0    260  0.62175769E+00  0.00000000E+00 0.4800E-13      6
 1790   25     0    -259      0    259  0.62414474E+00  0.00000000E+00 0.5321E-12      6
 1791   25     0    -258      0    258  0.62662368E+00  0.00000000E+00 0.3284E-12      6
 1792   25     0    -257      0    257  0.62899993E+00  0.00000000E+00 0.2608E-12      5
 1793   25     0    -256      0    256  0.63140484E+00  0.00000000E+00 0.4646E-12      6
 1794   25     0    -255      0    255  0.63394760E+00  0.00000000E+00 0.2271E-12      5
 1795   25     0    -254      0    254  0.63640254E+00  0.00000000E+00 0.1518E-12      5
 1796   25     0    -253      0    253  0.63880595E+00  0.00000000E+00 0.1605E-12      6
 1797   25     0    -252      0    252  0.64137344E+00  0.00000000E+00 0.5655E-12      5
 1798   25     0    -251      0    251  0.64390661E+00  0.00000000E+00 0.1449E-12      6
 1799   25     0    -250      0    250  0.64634790E+00  0.00000000E+00 0.2280E-12      6
 1800   25     0    -249      0    249  0.64896440E+00  0.00000000E+00 0.3838E-12      5
 1801   25     0    -248      0    248  0.65161646E+00  0.00000000E+00 0.3098E-13      6
 1802   25     0    -247      0    247  0.65413495E+00  0.00000000E+00 0.3846E-12      6
 1803   25     0    -246      0    246  0.65677696E+00  0.00000000E+00 0.3459E-12      6
 1804   25     0    -245      0    245  0.65952466E+00  0.00000000E+00 0.5351E-14      6
 1805   25     0    -244      0    244  0.66214315E+00  0.00000000E+00 0.5046E-13      5
 1806   25     0    -243      0    243  0.66480976E+00  0.00000000E+00 0.5438E-12      5
 1807   25     0    -242      0    242  0.66761470E+00  0.00000000E+00 0.1340E-12      6
 1808   25     0    -241      0    241  0.67030401E+00  0.00000000E+00 0.8789E-13      5
 1809   25     0    -240      0    240  0.67299531E+00  0.00000000E+00 0.6630E-13      6
 1810   25     0    -239      0    239  0.67586868E+00  0.00000000E+00 0.2547E-12      6
 1811   25     0    -238      0    238  0.67865216E+00  0.00000000E+00 0.7967E-12      5
 1812   25     0    -237      0    237  0.68137449E+00  0.00000000E+00 0.2356E-13      6
 1813   25     0    -236      0    236  0.68432017E+00  0.00000000E+00 0.7330E-13      5
 1814   25     0    -235      0    235  0.68724388E+00  0.00000000E+00 0.3536E-12      6
 1815   25     0    -234      0    234  0.69001894E+00  0.00000000E+00 0.5952E-12      6
 1816   25     0    -233      0    233  0.69299665E+00  0.00000000E+00 0.9568E-12      5
 1817   25     0    -232      0    232  0.69605233E+00  0.00000000E+00 0.6179E-12      6
 1818   25     0    -231      0    231  0.69891199E+00  0.00000000E+00 0.2841E-12      5
 1819   25     0    -230      0    230  0.70188924E+00  0.00000000E+00 0.1611E-12      5
 1820   25     0    -229      0    229  0.70503939E+00  0.00000000E+00 0.1929E-12      6
 1821   25     0    -228      0    228  0.70802875E+00  0.00000000E+00 0.4076E-12      5
 1822   25     0    -227      0    227  0.71103987E+00  0.00000000E+00 0.1826E-13      5
 1823   25     0    -226      0    226  0.71424846E+00  0.00000000E+00 0.5895E-12      6
 1824   25     0    -225      0    225  0.71731781E+00  0.00000000E+00 0.6702E-12      5
 1825   25     0    -224      0    224  0.72037013E+00  0.00000000E+00 0.4696E-12      5
 1826   25     0    -223      0    223  0.72370060E+00  0.00000000E+00 0.1692E-13      6
 1827   25     0    -222      0    222  0.72695199E+00  0.00000000E+00 0.1236E-12      5
 1828   25     0    -221      0    221  0.73002521E+00  0.00000000E+00 0.2133E-12      5
 1829   25     0    -220      0    220  0.73336733E+00  0.00000000E+00 0.1456E-12      5
 1830   25     0    -219      0    219  0.73677232E+00  0.00000000E+00 0.1491E-12      5
 1831   25     0    -218      0    218  0.73996008E+00  0.00000000E+00 0.5483E-12      5
 1832   25     0    -217      0    217  0.74332414E+00  0.00000000E+00 0.1542E-12      5
 1833   25     0    -216      0    216  0.74683869E+00  0.00000000E+00 0.1043E-12      5
 1834   25     0    -215      0    215  0.75013837E+00  0.00000000E+00 0.4484E-12      5
 1835   25     0    -214      0    214  0.75354032E+00  0.00000000E+00 0.3445E-12      6
 1836   25     0    -213      0    213  0.75717338E+00  0.00000000E+00 0.3608E-12      6
 1837   25     0    -212      0    212  0.76061227E+00  0.00000000E+00 0.1015E-12      5
 1838   25     0    -211      0    211  0.76405047E+00  0.00000000E+00 0.1329E-12      6
 1839   25     0    -210      0    210  0.76779595E+00  0.00000000E+00 0.1178E-12      6
 1840   25     0    -209      0    209  0.77140773E+00  0.00000000E+00 0.9905E-13      6
 1841   25     0    -208      0    208  0.77485911E+00  0.00000000E+00 0.4813E-13      6
 1842   25     0    -207      0    207  0.77864818E+00  0.00000000E+00 0.6895E-12      5
 1843   25     0    -206      0    206  0.78245211E+00  0.00000000E+00 0.1537E-12      6
 1844   25     0    -205      0    205  0.78602769E+00  0.00000000E+00 0.2801E-12      5
 1845   25     0    -204      0    204  0.78986360E+00  0.00000000E+00 0.1851E-12      5
 1846   25     0    -203      0    203  0.79381195E+00  0.00000000E+00 0.2772E-14      6
 1847   25     0    -202      0    202  0.79748673E+00  0.00000000E+00 0.2923E-12      5
 1848   25     0    -201      0    201  0.80136129E+00  0.00000000E+00 0.2605E-12      6
 1849   25     0    -200      0    200  0.80547830E+00  0.00000000E+00 0.5208E-12      5
 1850   25     0    -199      0    199  0.80931664E+00  0.00000000E+00 0.4474E-13      5
 1851   25     0    -198      0    198  0.81321153E+00  0.00000000E+00 0.3518E-12      6
 1852   25     0    -197      0    197  0.81746458E+00  0.00000000E+00 0.5286E-14      6
 1853   25     0    -196      0    196  0.82150274E+00  0.00000000E+00 0.5498E-12      5
 1854   25     0    -195      0    195  0.82541218E+00  0.00000000E+00 0.6050E-13      5
 1855   25     0    -194      0    194  0.82975477E+00  0.00000000E+00 0.1579E-13      6
 1856   25     0    -193      0    193  0.83404127E+00  0.00000000E+00 0.5580E-13      5
 1857   25     0    -192      0    192  0.83804279E+00  0.00000000E+00 0.1382E-12      6
 1858   25     0    -191      0    191  0.84242387E+00  0.00000000E+00 0.4014E-12      5
 1859   25     0    -190      0    190  0.84691344E+00  0.00000000E+00 0.1708E-13      6
 1860   25     0    -189      0    189  0.85105534E+00  0.00000000E+00 0.1701E-13      6
 1861   25     0    -188      0    188  0.85549713E+00  0.00000000E+00 0.1333E-12      6
 1862   25     0    -187      0    187  0.86021711E+00  0.00000000E+00 0.9788E-13      6
 1863   25     0    -186      0    186  0.86452843E+00  0.00000000E+00 0.1113E-12      5
 1864   25     0    -185      0    185  0.86894011E+00  0.00000000E+00 0.1715E-12      6
 1865   25     0    -184      0    184  0.87383878E+00  0.00000000E+00 0.1534E-12      6
 1866   25     0    -183      0    183  0.87843590E+00  0.00000000E+00 0.5075E-14      6
 1867   25     0    -182      0    182  0.88285143E+00  0.00000000E+00 0.1663E-13      6
 1868   25     0    -181      0    181  0.88784834E+00  0.00000000E+00 0.3748E-12      6
 1869   25     0    -180      0    180  0.89277022E+00  0.00000000E+00 0.8436E-13      6
 1870   25     0    -179      0    179  0.89730263E+00  0.00000000E+00 0.5227E-13      6
 1871   25     0    -178      0    178  0.90233964E+00  0.00000000E+00 0.9168E-13      5
 1872   25     0    -177      0    177  0.90753423E+00  0.00000000E+00 0.3283E-13      6
 1873   25     0    -176      0    176  0.91224237E+00  0.00000000E+00 0.2109E-12      5
 1874   25     0    -175      0    175  0.91730845E+00  0.00000000E+00 0.2641E-12      6
 1875   25     0    -174      0    174  0.92277283E+00  0.00000000E+00 0.1850E-13      6
 1876   25     0    -173      0    173  0.92774064E+00  0.00000000E+00 0.4090E-13      5
 1877   25     0    -172      0    172  0.93278974E+00  0.00000000E+00 0.5177E-12      4
 1878   25     0    -171      0    171  0.93846206E+00  0.00000000E+00 0.1287E-12      6
 1879   25     0    -170      0    170  0.94378822E+00  0.00000000E+00 0.1746E-13      5
 1880   25     0    -169      0    169  0.94885495E+00  0.00000000E+00 0.6255E-13      6
 1881   25     0    -168      0    168  0.95464326E+00  0.00000000E+00 0.3534E-12      5
 1882   25     0    -167      0    167  0.96035196E+00  0.00000000E+00 0.5588E-13      6
 1883   25     0    -166      0    166  0.96555174E+00  0.00000000E+00 0.1731E-12      6
 1884   25     0    -165      0    165  0.97140267E+00  0.00000000E+00 0.2741E-12      5
 1885   25     0    -164      0    164  0.97747897E+00  0.00000000E+00 0.4145E-13      6
 1886   25     0    -163      0    163  0.98291372E+00  0.00000000E+00 0.4413E-13      6
 1887   25     0    -162      0    162  0.98876539E+00  0.00000000E+00 0.5204E-14      6
 1888   25     0    -161      0    161  0.99514740E+00  0.00000000E+00 0.3562E-13      6
 1889   25     0    -160      0    160  0.10009264E+01  0.00000000E+00 0.2922E-12      5
 1890   25     0    -159      0    159  0.10067763E+01  0.00000000E+00 0.5107E-13      6
 1891   25     0    -158      0    158  0.10133862E+01  0.00000000E+00 0.2992E-12      6
 1892   25     0    -157      0    157  0.10195719E+01  0.00000000E+00 0.3231E-12      5
 1893   25     0    -156      0    156  0.10254825E+01  0.00000000E+00 0.2539E-12      6
 1894   25     0    -155      0    155  0.10322792E+01  0.00000000E+00 0.3920E-12      5
 1895   25     0    -154      0    154  0.10389403E+01  0.00000000E+00 0.8572E-13      5
 1896   25     0    -153      0    153  0.10449822E+01  0.00000000E+00 0.3114E-12      6
 1897   25     0    -152      0    152  0.10518563E+01  0.00000000E+00 0.3148E-12      5
 1898   25     0    -151      0    151  0.10589628E+01  0.00000000E+00 0.3720E-12      6
 1899   25     0    -150      0    150  0.10652689E+01  0.00000000E+00 0.4278E-13      6
 1900   25     0    -149      0    149  0.10721823E+01  0.00000000E+00 0.5294E-13      6
 1901   25     0    -148      0    148  0.10797172E+01  0.00000000E+00 0.2801E-12      6
 1902   25     0    -147      0    147  0.10864348E+01  0.00000000E+00 0.1565E-12      5
 1903   25     0    -146      0    146  0.10933205E+01  0.00000000E+00 0.2717E-12      6
 1904   25     0    -145      0    145  0.11011763E+01  0.00000000E+00 0.1007E-12      6
 1905   25     0    -144      0    144  0.11084269E+01  0.00000000E+00 0.1870E-12      5
 1906   25     0    -143      0    143  0.11153507E+01  0.00000000E+00 0.3932E-12      6
 1907   25     0    -142      0    142  0.11234351E+01  0.00000000E+00 0.1927E-12      5
 1908   25     0    -141      0    141  0.11312603E+01  0.00000000E+00 0.2060E-12      6
 1909   25     0    -140      0    140  0.11383050E+01  0.00000000E+00 0.1364E-13      6
 1910   25     0    -139      0    139  0.11465262E+01  0.00000000E+00 0.9858E-13      5
 1911   25     0    -138      0    138  0.11549745E+01  0.00000000E+00 0.2199E-12      6
 1912   25     0    -137      0    137  0.11623452E+01  0.00000000E+00 0.1093E-12      6
 1913   25     0    -136      0    136  0.11705851E+01  0.00000000E+00 0.3837E-12      6
 1914   25     0    -135      0    135  0.11795789E+01  0.00000000E+00 0.1870E-14      6
 1915   25     0    -134      0    134  0.11874549E+01  0.00000000E+00 0.1612E-13      5
 1916   25     0    -133      0    133  0.11956518E+01  0.00000000E+00 0.1523E-12      6
 1917   25     0    -132      0    132  0.12051011E+01  0.00000000E+00 0.2396E-12      5
 1918   25     0    -131      0    131  0.12136869E+01  0.00000000E+00 0.2123E-12      6
 1919   25     0    -130      0    130  0.12218440E+01  0.00000000E+00 0.5670E-13      6
 1920   25     0    -129      0    129  0.12315830E+01  0.00000000E+00 0.1408E-12      5
 1921   25     0    -128      0    128  0.12410024E+01  0.00000000E+00 0.2339E-13      6
 1922   25     0    -127      0    127  0.12492981E+01  0.00000000E+00 0.1149E-12      6
 1923   25     0    -126      0    126  0.12591370E+01  0.00000000E+00 0.3173E-12      5
 1924   25     0    -125      0    125  0.12693896E+01  0.00000000E+00 0.2508E-12      6
 1925   25     0    -124      0    124  0.12781312E+01  0.00000000E+00 0.8500E-14      6
 1926   25     0    -123      0    123  0.12878575E+01  0.00000000E+00 0.1210E-12      6
 1927   25     0    -122      0    122  0.12987813E+01  0.00000000E+00 0.9829E-14      5
 1928   25     0    -121      0    121  0.13083217E+01  0.00000000E+00 0.2245E-12      5
 1929   25     0    -120      0    120  0.13178848E+01  0.00000000E+00 0.1666E-12      6
 1930   25     0    -119      0    119  0.13292718E+01  0.00000000E+00 0.8063E-13      6
 1931   25     0    -118      0    118  0.13398677E+01  0.00000000E+00 0.5847E-13      6
 1932   25     0    -117      0    117  0.13494000E+01  0.00000000E+00 0.1256E-12      6
 1933   25     0    -116      0    116  0.13609707E+01  0.00000000E+00 0.2007E-12      5
 1934   25     0    -115      0    115  0.13727175E+01  0.00000000E+00 0.1022E-13      6
 1935   25     0    -114      0    114  0.13826208E+01  0.00000000E+00 0.1696E-12      6
 1936   25     0    -113      0    113  0.13939820E+01  0.00000000E+00 0.1243E-12      5
 1937   25     0    -112      0    112  0.14066894E+01  0.00000000E+00 0.2000E-12      6
 1938   25     0    -111      0    111  0.14176815E+01  0.00000000E+00 0.5820E-13      5
 1939   25     0    -110      0    110  0.14286539E+01  0.00000000E+00 0.2436E-12      5
 1940   25     0    -109      0    109  0.14419250E+01  0.00000000E+00 0.3056E-13      6
 1941   25     0    -108      0    108  0.14544496E+01  0.00000000E+00 0.5685E-13      6
 1942   25     0    -107      0    107  0.14654102E+01  0.00000000E+00 0.1145E-12      6
 1943   25     0    -106      0    106  0.14788259E+01  0.00000000E+00 0.2968E-12      5
 1944   25     0    -105      0    105  0.14928896E+01  0.00000000E+00 0.4749E-13      6
 1945   25     0    -104      0    104  0.15046219E+01  0.00000000E+00 0.2576E-12      6
 1946   25     0    -103      0    103  0.15177610E+01  0.00000000E+00 0.1025E-12      6
 1947   25     0    -102      0    102  0.15330247E+01  0.00000000E+00 0.1075E-12      6
 1948   25     0    -101      0    101  0.15463736E+01  0.00000000E+00 0.2939E-12      6
 1949   25     0    -100      0    100  0.15591453E+01  0.00000000E+00 0.6637E-13      6
 1950   25     0     -99      0     99  0.15750928E+01  0.00000000E+00 0.1637E-13      6
 1951   25     0     -98      0     98  0.15904431E+01  0.00000000E+00 0.1796E-12      6
 1952   25     0     -97      0     97  0.16033744E+01  0.00000000E+00 0.1333E-12      6
 1953   25     0     -96      0     96  0.16194190E+01  0.00000000E+00 0.3104E-14      6
 1954   25     0     -95      0     95  0.16366403E+01  0.00000000E+00 0.7006E-13      6
 1955   25     0     -94      0     94  0.16507680E+01  0.00000000E+00 0.6469E-13      6
 1956   25     0     -93      0     93  0.16663892E+01  0.00000000E+00 0.2653E-14      6
 1957   25     0     -92      0     92  0.16850093E+01  0.00000000E+00 0.8000E-13      6
 1958   25     0     -91      0     91  0.17013266E+01  0.00000000E+00 0.8044E-13      6
 1959   25     0     -90      0     90  0.17164840E+01  0.00000000E+00 0.5819E-13      6
  Time elapsed :      3.282 s

Starting search (non-adiabatic)

Finding roots
  Time elapsed :    261.166 s

Processing modes
   id    l     m    n_pg    n_p    n_g       Re(omega)       Im(omega)        chi n_iter
 1775   25     0    -274      0    274  0.58975204E+00 -0.92806316E-03 0.7441E-13      9
 1776   25     0    -273      0    273  0.59184262E+00 -0.86117714E-03 0.2559E-12      8
 1777   25     0    -272      0    272  0.59389873E+00 -0.91331196E-03 0.1695E-12      8
 1778   25     0    -271      0    271  0.59614273E+00 -0.94783683E-03 0.1755E-12      8
 1779   25     0    -270      0    270  0.59833613E+00 -0.89468785E-03 0.1160E-12      8
 1780   25     0    -269      0    269  0.60047562E+00 -0.93289474E-03 0.3528E-12      7
 1781   25     0    -268      0    268  0.60280555E+00 -0.98661665E-03 0.2612E-12      8
 1782   25     0    -267      0    267  0.60513903E+00 -0.93198839E-03 0.4832E-13      8
 1783   25     0    -266      0    266  0.60731400E+00 -0.91260105E-03 0.2801E-12      7
 1784   25     0    -265      0    265  0.60961504E+00 -0.98243952E-03 0.1447E-12      8
 1785   25     0    -264      0    264  0.61200230E+00 -0.94939860E-03 0.3512E-12      8
 1786   25     0    -263      0    263  0.61420691E+00 -0.89634524E-03 0.3831E-12      8
 1787   25     0    -262      0    262  0.61647383E+00 -0.97413080E-03 0.1917E-12      8
 1788   25     0    -261      0    261  0.61890078E+00 -0.97764803E-03 0.3169E-12      7
 1789   25     0    -260      0    260  0.62121799E+00 -0.93691544E-03 0.4662E-12      8
 1790   25     0    -259      0    259  0.62357272E+00 -0.10028020E-02 0.7267E-12      8
 1791   25     0    -258      0    258  0.62608965E+00 -0.10180907E-02 0.9140E-12      8
 1792   25     0    -257      0    257  0.62850181E+00 -0.95762094E-03 0.5757E-12      7
 1793   25     0    -256      0    256  0.63086945E+00 -0.10096342E-02 0.3812E-12      8
 1794   25     0    -255      0    255  0.63343522E+00 -0.10549036E-02 0.5039E-12     10
 1795   25     0    -254      0    254  0.63594494E+00 -0.98554195E-03 0.8866E-12      7
 1796   25     0    -253      0    253  0.63831393E+00 -0.10060075E-02 0.3783E-12      8
 1797   25     0    -252      0    252  0.64088566E+00 -0.10811563E-02 0.4128E-12      8
 1798   25     0    -251      0    251  0.64347726E+00 -0.10247419E-02 0.9643E-12      7
 1799   25     0    -250      0    250  0.64589047E+00 -0.10213023E-02 0.1788E-12      7
 1800   25     0    -249      0    249  0.64849354E+00 -0.11200498E-02 0.2152E-12      9
 1801   25     0    -248      0    248  0.65120256E+00 -0.10888389E-02 0.2291E-12      8
 1802   25     0    -247      0    247  0.65371580E+00 -0.10454295E-02 0.5124E-12      9
 1803   25     0    -246      0    246  0.65632902E+00 -0.11458235E-02 0.2529E-12      9
 1804   25     0    -245      0    245  0.65912380E+00 -0.11508699E-02 0.2140E-12      9
 1805   25     0    -244      0    244  0.66175925E+00 -0.10851223E-02 0.5004E-12      7
 1806   25     0    -243      0    243  0.66439096E+00 -0.11654620E-02 0.8436E-12      8
 1807   25     0    -242      0    242  0.66723499E+00 -0.11970097E-02 0.3933E-12      7
 1808   25     0    -241      0    241  0.66995470E+00 -0.11189786E-02 0.4650E-12      8
 1809   25     0    -240      0    240  0.67260398E+00 -0.11899137E-02 0.7110E-12     11
 1810   25     0    -239      0    239  0.67550914E+00 -0.12542864E-02 0.4275E-12      8
 1811   25     0    -238      0    238  0.67833842E+00 -0.11685362E-02 0.2524E-12      7
 1812   25     0    -237      0    237  0.68101200E+00 -0.12187174E-02 0.4648E-12      8
 1813   25     0    -236      0    236  0.68397517E+00 -0.13278674E-02 0.1020E-11      7
 1814   25     0    -235      0    235  0.68696037E+00 -0.12550802E-02 0.3937E-12      9
 1815   25     0    -234      0    234  0.68969400E+00 -0.12477818E-02 0.6988E-12      9
 1816   25     0    -233      0    233  0.69266596E+00 -0.13950377E-02 0.2277E-12      9
 1817   25     0    -232      0    232  0.69578906E+00 -0.13640411E-02 0.5195E-12      9
 1818   25     0    -231      0    231  0.69862968E+00 -0.12928523E-02 0.3625E-12      8
 1819   25     0    -230      0    230  0.70157248E+00 -0.14512241E-02 0.5844E-12      8
 1820   25     0    -229      0    229  0.70478288E+00 -0.14812886E-02 0.6677E-12      8
 1821   25     0    -228      0    228  0.70777691E+00 -0.13865323E-02 0.7393E-12      9
 1822   25     0    -227      0    227  0.71073331E+00 -0.15186852E-02 0.7690E-12      7
 1823   25     0    -226      0    226  0.71399485E+00 -0.15887072E-02 0.3150E-12      9
 1824   25     0    -225      0    225  0.71708047E+00 -0.14739040E-02 0.1631E-12      8
 1825   25     0    -224      0    224  0.72004687E+00 -0.16097253E-02 0.9647E-12      9
 1826   25     0    -223      0    223  0.72341617E+00 -0.17509756E-02 0.6559E-12      9
 1827   25     0    -222      0    222  0.72672661E+00 -0.16230969E-02 0.1188E-11     11
 1828   25     0    -221      0    221  0.72968967E+00 -0.16496401E-02 0.4258E-12      9
 1829   25     0    -220      0    220  0.73302741E+00 -0.18694577E-02 0.3554E-12      8
 1830   25     0    -218      0    218  0.73960840E+00 -0.17351672E-02 0.1223E-11     12
 1831   25     0    -217      0    217  0.74291422E+00 -0.19704546E-02 0.3646E-12     10
 1832   25     0    -216      0    216  0.74650469E+00 -0.19773257E-02 0.1089E-12     11
 1833   25     0    -215      0    215  0.74974849E+00 -0.18449055E-02 0.5604E-12     10
 1834   25     0    -214      0    214  0.75302625E+00 -0.20839245E-02 0.1186E-11      9
 1835   25     0    -213      0    213  0.75671310E+00 -0.21766815E-02 0.6102E-12      9
 1836   25     0    -212      0    212  0.76013903E+00 -0.19929403E-02 0.4743E-12     10
 1837   25     0    -211      0    211  0.76336036E+00 -0.21739083E-02 0.1855E-11      9
 1838   25     0    -210      0    210  0.76709044E+00 -0.23581194E-02 0.5939E-12     11
 1839   25     0    -209      0    209  0.77075323E+00 -0.21474374E-02 0.1047E-11      9
 1840   25     0    -208      0    208  0.77394970E+00 -0.21189946E-02 0.1553E-11      9
 1841   25     0    -207      0    207  0.77762353E+00 -0.23530587E-02 0.1239E-11      8
 1842   25     0    -206      0    206  0.78150602E+00 -0.22019298E-02 0.1548E-11      8
 1843   25     0    -205      0    205  0.78495615E+00 -0.20015784E-02 0.6348E-12     12
 1844   25     0    -204      0    204  0.78862325E+00 -0.21788959E-02 0.3879E-13      9
 1845   25     0    -203      0    203  0.79266851E+00 -0.20971588E-02 0.9653E-12      9
 1846   25     0    -202      0    202  0.79635166E+00 -0.18368594E-02 0.6389E-12      9
 1847   25     0    -201      0    201  0.80003539E+00 -0.19749496E-02 0.1078E-11     11
 1848   25     0    -200      0    200  0.80422151E+00 -0.19849349E-02 0.7665E-13      9
 1849   25     0    -199      0    199  0.80817676E+00 -0.17230111E-02 0.2705E-12     10
 1850   25     0    -198      0    198  0.81189671E+00 -0.17811783E-02 0.3618E-12     10
 1851   25     0    -197      0    197  0.81616078E+00 -0.18728239E-02 0.4787E-12     10
 1852   25     0    -196      0    196  0.82037382E+00 -0.16494069E-02 0.9624E-13      9
 1853   25     0    -195      0    195  0.82416727E+00 -0.16102899E-02 0.7033E-12      7
 1854   25     0    -194      0    194  0.82845003E+00 -0.17652359E-02 0.4791E-12      9
 1855   25     0    -193      0    193  0.83290335E+00 -0.16192692E-02 0.6839E-12      8
 1856   25     0    -192      0    192  0.83688651E+00 -0.14900238E-02 0.5204E-12     10
 1857   25     0    -191      0    191  0.84115888E+00 -0.16524386E-02 0.9255E-12     10
 1858   25     0    -190      0    190  0.84577903E+00 -0.15784032E-02 0.7977E-12     10
 1859   25     0    -189      0    189  0.84997330E+00 -0.14073468E-02 0.2168E-12      8
 1860   25     0    -188      0    188  0.85428122E+00 -0.15566354E-02 0.4672E-12      7
 1861   25     0    -187      0    187  0.85908887E+00 -0.15482750E-02 0.8723E-12      8
 1862   25     0    -186      0    186  0.86353684E+00 -0.13291614E-02 0.6806E-12     10
 1863   25     0    -185      0    185  0.86780911E+00 -0.14326459E-02 0.1719E-12      8
 1864   25     0    -184      0    184  0.87273058E+00 -0.15054235E-02 0.7548E-12      9
 1865   25     0    -183      0    183  0.87750322E+00 -0.12996459E-02 0.1857E-12      9
 1866   25     0    -182      0    182  0.88183512E+00 -0.13064679E-02 0.2057E-12      8
 1867   25     0    -181      0    181  0.88679459E+00 -0.14387019E-02 0.6612E-12      8
 1868   25     0    -180      0    180  0.89187580E+00 -0.12915576E-02 0.2613E-12      8
 1869   25     0    -179      0    179  0.89640914E+00 -0.12061888E-02 0.3562E-12      9
 1870   25     0    -178      0    178  0.90137390E+00 -0.13559879E-02 0.4546E-12      9
 1871   25     0    -178      0    178  0.90669181E+00 -0.12724702E-02 0.6330E-13     10
 1872   25     0    -177      0    177  0.91146312E+00 -0.11313206E-02 0.3269E-12      7
 1873   25     0    -176      0    176  0.91644061E+00 -0.12781334E-02 0.7341E-12      8
 1874   25     0    -175      0    175  0.92198408E+00 -0.12609690E-02 0.3121E-12      8
 1875   25     0    -174      0    174  0.92706470E+00 -0.10809492E-02 0.7123E-12      7
 1876   25     0    -173      0    173  0.93202968E+00 -0.11930416E-02 0.3418E-12      8
 1877   25     0    -172      0    172  0.93773172E+00 -0.12473992E-02 0.2191E-12      7
 1878   25     0    -171      0    171  0.94318757E+00 -0.10703174E-02 0.3409E-12      8
 1879   25     0    -170      0    170  0.94820320E+00 -0.11093062E-02 0.1009E-11      9
 1880   25     0    -169      0    169  0.95397834E+00 -0.12233194E-02 0.9459E-12      8
 1881   25     0    -168      0    168  0.95980217E+00 -0.10852673E-02 0.9322E-13      9
 1882   25     0    -167      0    167  0.96499645E+00 -0.10429608E-02 0.2759E-12      7
 1883   25     0    -166      0    166  0.97080555E+00 -0.11905943E-02 0.1022E-11      8
 1884   25     0    -165      0    165  0.97697011E+00 -0.11066371E-02 0.7474E-13      9
 1885   25     0    -164      0    164  0.98244411E+00 -0.99074046E-03 0.5088E-12      7
 1886   25     0    -163      0    163  0.98824029E+00 -0.11422116E-02 0.8367E-12      8
 1887   25     0    -162      0    162  0.99467950E+00 -0.11204842E-02 0.6951E-12      9
 1888   25     0    -161      0    161  0.10005273E+01 -0.96269445E-03 0.2029E-12     10
 1889   25     0    -160      0    160  0.10063258E+01 -0.10826794E-02 0.4401E-12      9
 1890   25     0    -159      0    159  0.10129652E+01 -0.11205924E-02 0.6075E-12     10
 1891   25     0    -158      0    158  0.10192297E+01 -0.95679191E-03 0.1533E-12      9
 1892   25     0    -157      0    157  0.10251048E+01 -0.10233268E-02 0.1289E-11      8
 1893   25     0    -156      0    156  0.10319083E+01 -0.11161658E-02 0.1038E-11      8
 1894   25     0    -155      0    155  0.10386457E+01 -0.97383146E-03 0.4743E-12      9
 1895   25     0    -154      0    154  0.10446771E+01 -0.96228280E-03 0.2370E-12      8
 1896   25     0    -153      0    153  0.10515404E+01 -0.11001743E-02 0.7967E-12      9
 1897   25     0    -152      0    152  0.10587099E+01 -0.10042284E-02 0.6194E-12     10
 1898   25     0    -151      0    151  0.10650284E+01 -0.92166133E-03 0.9420E-12      9
 1899   25     0    -150      0    150  0.10719203E+01 -0.10846253E-02 0.4743E-12      8
 1900   25     0    -149      0    149  0.10795019E+01 -0.10498904E-02 0.1165E-12      9
 1901   25     0    -148      0    148  0.10862513E+01 -0.90570635E-03 0.5197E-12      9
 1902   25     0    -147      0    147  0.10931108E+01 -0.10605409E-02 0.6116E-12      9
 1903   25     0    -146      0    146  0.11009985E+01 -0.10950666E-02 0.7373E-12      9
 1904   25     0    -145      0    145  0.11082902E+01 -0.92746942E-03 0.6237E-12      8
 1905   25     0    -144      0    144  0.11151903E+01 -0.10350434E-02 0.7539E-12      9
 1906   25     0    -143      0    143  0.11232961E+01 -0.11364132E-02 0.6104E-12      8
 1907   25     0    -142      0    142  0.11311651E+01 -0.97646526E-03 0.1641E-11      7
 1908   25     0    -141      0    141  0.11381911E+01 -0.10093447E-02 0.6491E-12      8
 1909   25     0    -140      0    140  0.11464265E+01 -0.11752487E-02 0.1273E-11      8
 1910   25     0    -139      0    139  0.11549168E+01 -0.10598409E-02 0.6841E-12      9
 1911   25     0    -138      0    138  0.11622780E+01 -0.99322679E-03 0.7152E-12      8
 1912   25     0    -137      0    137  0.11705263E+01 -0.12034878E-02 0.5862E-12      8
 1913   25     0    -136      0    136  0.11795604E+01 -0.11577142E-02 0.9316E-12      8
 1914   25     0    -135      0    135  0.11874356E+01 -0.10044517E-02 0.4180E-12     11
 1915   25     0    -134      0    134  0.11956343E+01 -0.12290192E-02 0.1776E-11      9
 1916   25     0    -133      0    133  0.12051249E+01 -0.12760504E-02 0.1404E-11      9
 1917   25     0    -132      0    132  0.12137192E+01 -0.10709468E-02 0.7346E-12      9
 1918   25     0    -131      0    131  0.12218659E+01 -0.12536211E-02 0.1468E-12      8
 1919   25     0    -130      0    130  0.12316507E+01 -0.14132471E-02 0.6700E-12      9
 1920   25     0    -129      0    129  0.12410893E+01 -0.12184202E-02 0.1050E-11      9
 1921   25     0    -128      0    128  0.12493558E+01 -0.12883717E-02 0.1180E-11      9
 1922   25     0    -127      0    127  0.12592430E+01 -0.15706983E-02 0.1055E-11      9
 1923   25     0    -126      0    126  0.12695269E+01 -0.14526304E-02 0.1089E-11      9
 1924   25     0    -125      0    125  0.12782201E+01 -0.13502574E-02 0.8030E-12      8
 1925   25     0    -124      0    124  0.12879785E+01 -0.17297229E-02 0.1489E-11     10
 1926   25     0    -123      0    123  0.12989419E+01 -0.17398802E-02 0.5707E-12      9
 1927   25     0    -122      0    122  0.13084328E+01 -0.14790498E-02 0.3976E-12      9
 1928   25     0    -121      0    121  0.13179764E+01 -0.18580781E-02 0.1247E-11      9
 1929   25     0    -120      0    120  0.13294004E+01 -0.20299937E-02 0.8938E-12     10
 1930   25     0    -119      0    119  0.13399711E+01 -0.16984383E-02 0.8508E-12      9
 1931   25     0    -118      0    118  0.13494070E+01 -0.19023027E-02 0.2208E-11     10
 1932   25     0    -117      0    117  0.13609852E+01 -0.22451138E-02 0.1294E-11      9
 1933   25     0    -116      0    116  0.13727325E+01 -0.19744869E-02 0.5823E-12      9
 1934   25     0    -115      0    115  0.13825150E+01 -0.18090451E-02 0.5815E-12      9
 1935   25     0    -114      0    114  0.13938169E+01 -0.22391720E-02 0.1790E-11      9
 1936   25     0    -113      0    113  0.14065271E+01 -0.21083840E-02 0.6532E-12      8
 1937   25     0    -112      0    112  0.14174951E+01 -0.16392004E-02 0.2580E-12      9
 1938   25     0    -111      0    111  0.14283653E+01 -0.19042782E-02 0.2935E-12      9
 1939   25     0    -110      0    110  0.14416472E+01 -0.19078734E-02 0.1283E-11      9
 1940   25     0    -109      0    109  0.14542399E+01 -0.14346878E-02 0.4447E-12      9
 1941   25     0    -108      0    108  0.14651576E+01 -0.13819619E-02 0.1568E-11      9
 1942   25     0    -107      0    107  0.14785807E+01 -0.14958971E-02 0.1051E-11      9
 1943   25     0    -106      0    106  0.14927177E+01 -0.11926424E-02 0.1551E-11      9
 1944   25     0    -105      0    105  0.15044765E+01 -0.93183435E-03 0.1663E-11      9
 1945   25     0    -104      0    104  0.15176115E+01 -0.10692911E-02 0.7027E-12      9
 1946   25     0    -103      0    103  0.15329190E+01 -0.93531425E-03 0.8626E-12      9
 1947   25     0    -102      0    102  0.15463073E+01 -0.65379233E-03 0.8740E-12      8
 1948   25     0    -101      0    101  0.15590776E+01 -0.71262827E-03 0.2093E-11      9
 1949   25     0    -100      0    100  0.15750458E+01 -0.69160954E-03 0.2856E-11      8
 1950   25     0     -99      0     99  0.15904199E+01 -0.49256782E-03 0.1407E-11      8
 1951   25     0     -98      0     98  0.16033551E+01 -0.44776831E-03 0.3949E-11      9
 1952   25     0     -97      0     97  0.16194088E+01 -0.48546737E-03 0.2585E-11      8
 1953   25     0     -96      0     96  0.16366403E+01 -0.37933211E-03 0.1851E-11     10
 1954   25     0     -95      0     95  0.16507701E+01 -0.28085700E-03 0.2464E-11      9
 1955   25     0     -94      0     94  0.16663963E+01 -0.32599843E-03 0.2823E-11      8
 1956   25     0     -93      0     93  0.16850203E+01 -0.28446877E-03 0.2893E-11      8
 1957   25     0     -92      0     92  0.17013361E+01 -0.19188939E-03 0.1402E-11      8
 1958   25     0     -91      0     91  0.17164958E+01 -0.20831220E-03 0.2900E-11      9
 1959   25     0     -90      0     90  0.17358879E+01 -0.20536438E-03 0.3193E-11     10
  Time elapsed :     11.378 s

=== adiabatic (summary_ad_wide_hi.h5, windows from gyre_ad_wide_hi.in) ===
1520 modes total, 10 l values requested

  l  count     n_pg range       freq range (c/d)   gaps
--------------------------------------------------------
 16    119   -177 ..  -59      1.466 ..    4.186      0
 17    127   -188 ..  -62      1.464 ..    4.226      0
 18    134   -199 ..  -66      1.462 ..    4.210      0
 19    141   -209 ..  -69      1.468 ..    4.243      0
 20    148   -220 ..  -73      1.466 ..    4.226      0
 21    156   -231 ..  -76      1.464 ..    4.256      0
 22    163   -242 ..  -80      1.463 ..    4.229      0
 23    170   -252 ..  -83      1.467 ..    4.256      0
 24    177   -263 ..  -87      1.465 ..    4.232      0
 25    185   -274 ..  -90      1.464 ..    4.257      0

2667 detail files, 7519 grid points in detail.l20.n-92.h5
dlnrho/dlnr from (As, V_2, Gamma_1) vs numerical
  median rel err 4.27e-07, 95th pct 6.72e-03

=== nonadiabatic (summary_nad_wide_hi.h5) ===

0 driven modes (gamma < 0) of 1516
  damping rates (dimensionless): 1.079e-05 .. 2.358e-03
  gamma covers 1329 of 1520 adiabatic modes (19 duplicate n_pg labels in the nad summary, harmless)
    no gamma: l = 17  n_pg =  -188  1.4641 c/d
    no gamma: l = 17  n_pg =  -187  1.4718 c/d
    no gamma: l = 17  n_pg =  -186  1.4791 c/d
    no gamma: l = 17  n_pg =  -185  1.4874 c/d
    no gamma: l = 17  n_pg =  -184  1.4955 c/d
    no gamma: l = 17  n_pg =  -182  1.5114 c/d
    no gamma: l = 18  n_pg =  -199  1.4621 c/d
    no gamma: l = 18  n_pg =  -198  1.4696 c/d
    no gamma: l = 18  n_pg =  -197  1.4772 c/d
    no gamma: l = 18  n_pg =  -196  1.4842 c/d
    no gamma: l = 18  n_pg =  -195  1.4918 c/d
    no gamma: l = 18  n_pg =  -194  1.4998 c/d
    no gamma: l = 18  n_pg =  -193  1.5071 c/d
    no gamma: l = 18  n_pg =  -192  1.5147 c/d
    no gamma: l = 18  n_pg =  -191  1.5229 c/d
    no gamma: l = 18  n_pg =  -190  1.5306 c/d
    no gamma: l = 18  n_pg =  -189  1.5383 c/d
    no gamma: l = 18  n_pg =  -188  1.5469 c/d
    no gamma: l = 18  n_pg =  -187  1.5550 c/d
    no gamma: l = 18  n_pg =  -186  1.5628 c/d
    no gamma: l = 18  n_pg =  -185  1.5714 c/d
    no gamma: l = 18  n_pg =  -182  1.5968 c/d
    no gamma: l = 19  n_pg =  -209  1.4676 c/d
    no gamma: l = 19  n_pg =  -208  1.4745 c/d
    no gamma: l = 19  n_pg =  -207  1.4819 c/d
    no gamma: l = 19  n_pg =  -206  1.4889 c/d
    no gamma: l = 19  n_pg =  -205  1.4958 c/d
    no gamma: l = 19  n_pg =  -204  1.5034 c/d
    no gamma: l = 19  n_pg =  -203  1.5107 c/d
    no gamma: l = 19  n_pg =  -202  1.5177 c/d
    no gamma: l = 19  n_pg =  -201  1.5255 c/d
    no gamma: l = 19  n_pg =  -200  1.5331 c/d
    no gamma: l = 19  n_pg =  -199  1.5403 c/d
    no gamma: l = 19  n_pg =  -198  1.5482 c/d
    no gamma: l = 19  n_pg =  -197  1.5563 c/d
    no gamma: l = 19  n_pg =  -196  1.5636 c/d
    no gamma: l = 19  n_pg =  -195  1.5716 c/d
    no gamma: l = 19  n_pg =  -194  1.5800 c/d
    no gamma: l = 19  n_pg =  -193  1.5877 c/d
    no gamma: l = 19  n_pg =  -192  1.5957 c/d
    no gamma: l = 19  n_pg =  -191  1.6043 c/d
    no gamma: l = 19  n_pg =  -190  1.6125 c/d
    no gamma: l = 19  n_pg =  -189  1.6206 c/d
    no gamma: l = 19  n_pg =  -188  1.6295 c/d
    no gamma: l = 19  n_pg =  -187  1.6382 c/d
    no gamma: l = 19  n_pg =  -186  1.6463 c/d
    no gamma: l = 19  n_pg =  -185  1.6553 c/d
    no gamma: l = 20  n_pg =  -220  1.4660 c/d
    no gamma: l = 20  n_pg =  -219  1.4727 c/d
    no gamma: l = 20  n_pg =  -218  1.4791 c/d
    no gamma: l = 20  n_pg =  -217  1.4860 c/d
    no gamma: l = 20  n_pg =  -216  1.4929 c/d
    no gamma: l = 20  n_pg =  -215  1.4995 c/d
    no gamma: l = 20  n_pg =  -214  1.5066 c/d
    no gamma: l = 20  n_pg =  -213  1.5138 c/d
    no gamma: l = 20  n_pg =  -212  1.5205 c/d
    no gamma: l = 20  n_pg =  -211  1.5277 c/d
    no gamma: l = 20  n_pg =  -210  1.5352 c/d
    no gamma: l = 20  n_pg =  -209  1.5422 c/d
    no gamma: l = 20  n_pg =  -208  1.5493 c/d
    no gamma: l = 20  n_pg =  -207  1.5571 c/d
    no gamma: l = 20  n_pg =  -206  1.5644 c/d
    no gamma: l = 20  n_pg =  -205  1.5717 c/d
    no gamma: l = 20  n_pg =  -204  1.5797 c/d
    no gamma: l = 20  n_pg =  -203  1.5873 c/d
    no gamma: l = 20  n_pg =  -202  1.5947 c/d
    no gamma: l = 20  n_pg =  -201  1.6028 c/d
    no gamma: l = 20  n_pg =  -200  1.6109 c/d
    no gamma: l = 20  n_pg =  -199  1.6185 c/d
    no gamma: l = 20  n_pg =  -198  1.6267 c/d
    no gamma: l = 20  n_pg =  -197  1.6352 c/d
    no gamma: l = 20  n_pg =  -196  1.6429 c/d
    no gamma: l = 20  n_pg =  -195  1.6512 c/d
    no gamma: l = 20  n_pg =  -194  1.6600 c/d
    no gamma: l = 20  n_pg =  -193  1.6682 c/d
    no gamma: l = 20  n_pg =  -192  1.6765 c/d
    no gamma: l = 20  n_pg =  -191  1.6856 c/d
    no gamma: l = 20  n_pg =  -190  1.6942 c/d
    no gamma: l = 20  n_pg =  -189  1.7026 c/d
    no gamma: l = 20  n_pg =  -188  1.7120 c/d
    no gamma: l = 20  n_pg =  -185  1.7391 c/d
    no gamma: l = 21  n_pg =  -220  1.5368 c/d
    no gamma: l = 21  n_pg =  -215  1.5719 c/d
    no gamma: l = 21  n_pg =  -214  1.5792 c/d
    no gamma: l = 21  n_pg =  -213  1.5868 c/d
    no gamma: l = 21  n_pg =  -212  1.5939 c/d
    no gamma: l = 21  n_pg =  -211  1.6013 c/d
    no gamma: l = 21  n_pg =  -210  1.6092 c/d
    no gamma: l = 21  n_pg =  -209  1.6166 c/d
    no gamma: l = 21  n_pg =  -208  1.6240 c/d
    no gamma: l = 21  n_pg =  -207  1.6321 c/d
    no gamma: l = 21  n_pg =  -206  1.6399 c/d
    no gamma: l = 21  n_pg =  -205  1.6475 c/d
    no gamma: l = 21  n_pg =  -204  1.6558 c/d
    no gamma: l = 21  n_pg =  -203  1.6639 c/d
    no gamma: l = 21  n_pg =  -202  1.6716 c/d
    no gamma: l = 21  n_pg =  -201  1.6800 c/d
    no gamma: l = 21  n_pg =  -200  1.6885 c/d
    no gamma: l = 21  n_pg =  -199  1.6965 c/d
    no gamma: l = 21  n_pg =  -198  1.7050 c/d
    no gamma: l = 21  n_pg =  -197  1.7139 c/d
    no gamma: l = 21  n_pg =  -196  1.7221 c/d
    no gamma: l = 21  n_pg =  -195  1.7306 c/d
    no gamma: l = 21  n_pg =  -194  1.7399 c/d
    no gamma: l = 21  n_pg =  -193  1.7486 c/d
    no gamma: l = 21  n_pg =  -192  1.7572 c/d
    no gamma: l = 21  n_pg =  -191  1.7666 c/d
    no gamma: l = 21  n_pg =  -190  1.7758 c/d
    no gamma: l = 21  n_pg =  -189  1.7845 c/d
    no gamma: l = 21  n_pg =  -188  1.7943 c/d
    no gamma: l = 22  n_pg =  -219  1.6148 c/d
    no gamma: l = 22  n_pg =  -212  1.6672 c/d
    no gamma: l = 22  n_pg =  -211  1.6749 c/d
    no gamma: l = 22  n_pg =  -210  1.6832 c/d
    no gamma: l = 22  n_pg =  -209  1.6909 c/d
    no gamma: l = 22  n_pg =  -208  1.6986 c/d
    no gamma: l = 22  n_pg =  -207  1.7071 c/d
    no gamma: l = 22  n_pg =  -206  1.7152 c/d
    no gamma: l = 22  n_pg =  -205  1.7231 c/d
    no gamma: l = 22  n_pg =  -204  1.7318 c/d
    no gamma: l = 22  n_pg =  -203  1.7403 c/d
    no gamma: l = 22  n_pg =  -202  1.7483 c/d
    no gamma: l = 22  n_pg =  -201  1.7571 c/d
    no gamma: l = 22  n_pg =  -200  1.7660 c/d
    no gamma: l = 22  n_pg =  -199  1.7743 c/d
    no gamma: l = 22  n_pg =  -198  1.7831 c/d
    no gamma: l = 22  n_pg =  -197  1.7925 c/d
    no gamma: l = 22  n_pg =  -196  1.8011 c/d
    no gamma: l = 22  n_pg =  -195  1.8099 c/d
    no gamma: l = 22  n_pg =  -194  1.8196 c/d
    no gamma: l = 22  n_pg =  -193  1.8288 c/d
    no gamma: l = 22  n_pg =  -192  1.8377 c/d
    no gamma: l = 22  n_pg =  -191  1.8475 c/d
    no gamma: l = 22  n_pg =  -189  1.8663 c/d
    no gamma: l = 22  n_pg =  -188  1.8764 c/d
    no gamma: l = 23  n_pg =  -217  1.7008 c/d
    no gamma: l = 23  n_pg =  -211  1.7483 c/d
    no gamma: l = 23  n_pg =  -209  1.7651 c/d
    no gamma: l = 23  n_pg =  -208  1.7731 c/d
    no gamma: l = 23  n_pg =  -207  1.7819 c/d
    no gamma: l = 23  n_pg =  -206  1.7904 c/d
    no gamma: l = 23  n_pg =  -205  1.7987 c/d
    no gamma: l = 23  n_pg =  -204  1.8076 c/d
    no gamma: l = 23  n_pg =  -203  1.8165 c/d
    no gamma: l = 23  n_pg =  -202  1.8249 c/d
    no gamma: l = 23  n_pg =  -201  1.8340 c/d
    no gamma: l = 23  n_pg =  -200  1.8434 c/d
    no gamma: l = 23  n_pg =  -199  1.8520 c/d
    no gamma: l = 23  n_pg =  -198  1.8611 c/d
    no gamma: l = 23  n_pg =  -197  1.8709 c/d
    no gamma: l = 23  n_pg =  -196  1.8800 c/d
    no gamma: l = 23  n_pg =  -195  1.8891 c/d
    no gamma: l = 23  n_pg =  -194  1.8992 c/d
    no gamma: l = 23  n_pg =  -193  1.9088 c/d
    no gamma: l = 23  n_pg =  -192  1.9180 c/d
    no gamma: l = 23  n_pg =  -191  1.9283 c/d
    no gamma: l = 24  n_pg =  -221  1.7404 c/d
    no gamma: l = 24  n_pg =  -208  1.8474 c/d
    no gamma: l = 24  n_pg =  -207  1.8565 c/d
    no gamma: l = 24  n_pg =  -206  1.8655 c/d
    no gamma: l = 24  n_pg =  -205  1.8740 c/d
    no gamma: l = 24  n_pg =  -204  1.8833 c/d
    no gamma: l = 24  n_pg =  -203  1.8926 c/d
    no gamma: l = 24  n_pg =  -202  1.9014 c/d
    no gamma: l = 24  n_pg =  -201  1.9107 c/d
    no gamma: l = 24  n_pg =  -200  1.9205 c/d
    no gamma: l = 24  n_pg =  -199  1.9296 c/d
    no gamma: l = 24  n_pg =  -198  1.9390 c/d
    no gamma: l = 24  n_pg =  -197  1.9492 c/d
    no gamma: l = 24  n_pg =  -196  1.9587 c/d
    no gamma: l = 24  n_pg =  -195  1.9681 c/d
    no gamma: l = 24  n_pg =  -194  1.9785 c/d
    no gamma: l = 24  n_pg =  -192  1.9982 c/d
    no gamma: l = 24  n_pg =  -191  2.0088 c/d
    no gamma: l = 25  n_pg =  -274  1.4642 c/d
    no gamma: l = 25  n_pg =  -273  1.4693 c/d
    no gamma: l = 25  n_pg =  -272  1.4745 c/d
    no gamma: l = 25  n_pg =  -271  1.4800 c/d
    no gamma: l = 25  n_pg =  -269  1.4908 c/d
    no gamma: l = 25  n_pg =  -219  1.8271 c/d
    no gamma: l = 25  n_pg =  -205  1.9493 c/d
    no gamma: l = 25  n_pg =  -204  1.9588 c/d
    no gamma: l = 25  n_pg =  -203  1.9686 c/d
    no gamma: l = 25  n_pg =  -202  1.9777 c/d
    no gamma: l = 25  n_pg =  -201  1.9873 c/d
    no gamma: l = 25  n_pg =  -200  1.9975 c/d
    no gamma: l = 25  n_pg =  -199  2.0070 c/d
    no gamma: l = 25  n_pg =  -198  2.0167 c/d
    no gamma: l = 25  n_pg =  -197  2.0272 c/d
    no gamma: l = 25  n_pg =  -195  2.0469 c/d
    no gamma: l = 25  n_pg =  -194  2.0577 c/d
  pass require_gamma=True to build_mode_list to drop these

checks failed
!!! [dsct_M2.2_T7888] check_modes FAILED (--inlist gyre_ad_wide_hi.in --ad summary_ad_wide_hi.h5 --nad summary_nad_wide_hi.h5 --detail detail_wide) -- continuing anyway

--- [dsct_M2.2_T7888] four-mode search
2459 modes with gamma, 43 driven, cut 0.372 c/d
9186 direct triples, 588675 four-mode candidates [51 s]
51783 distinct radial triplets to integrate
kappa done, 51783 triplets on 16 core(s) [837 s]

588675 rows -> out/four_mode_dsct_M2.2_T7888.csv
 l_a  n_a  l_b  n_b  l_c  n_c  l_d  n_d comb       f_c      f_d  kappa_direct  kappa_param  E_c_over_E_th
   6   -1    4    5    2   -1    2   -6 diff 11.068989 5.534530      1.177406    -1.131053   6.398362e-07
   1    2    3    2    4  -23    2  -26 diff  2.917954 1.429719      1.291708    -5.048489   1.978330e-07
   1    2    3    2    4  -23    2  -25 diff  2.917954 1.478973      1.291708    -1.799595   5.758823e-08
   1    2    3    2    4  -23    4  -48 diff  2.917954 1.445770      1.291708    -0.952793   3.536109e-08
   1    2    3    2    4  -23   22 -242 diff  2.917954 1.462824      1.291708    -0.327727   3.268712e-08
   1    2    3    2    4  -23    3  -36 diff  2.917954 1.482639      1.291708    -1.590847   3.229716e-08
   1    2    3    2    4  -23   16 -177 diff  2.917954 1.465516      1.291708    -0.414226   2.585653e-08
   1    2    3    2    4  -23    5  -58 diff  2.917954 1.472869      1.291708    -0.829387   2.513239e-08
   1    2    3    2    4  -23   21 -231 diff  2.917954 1.464093      1.291708    -0.349586   2.317810e-08
   1    2    3    2    4  -23   24 -263 diff  2.917954 1.465335      1.291708    -0.356635   1.964241e-08
   1    2    3    2    4  -23    3  -37 diff  2.917954 1.444924      1.291708    -0.669729   1.541300e-08
   6    2    6    4   12  -63    7  -77 diff  3.036291 1.517001     11.786354    -0.801531   1.245530e-08
   6   -2    4    5    2   -1    2   -6 diff 11.068989 5.534530      1.724108    -1.131053   1.145974e-08
   1    2    3    2    4  -23    8  -90 diff  2.917954 1.473731      1.291708    -0.561578   1.022130e-08
   1    2    3    2    4  -23   22 -241 diff  2.917954 1.468653      1.291708    -0.368506   9.445196e-09

0 candidates above threshold (E_c > E_th) at q_parent = 1e-06; 11 if the detuning factor is dropped

full m for the top 200:
 l_c  n_c  l_d  n_d  kappa_m0  kappa_max        m_max  n_m  refine
   2   -1    2   -6 -1.131053  -1.385251   (-2, 1, 1)   19       2
   4  -23    2  -26 -5.048489  -7.039782   (-4, 2, 2)   25       1
   4  -23    2  -25 -1.799595  -2.509415   (-4, 2, 2)   25       1
   4  -23    4  -48 -0.952793  -1.328606   (-4, 2, 2)   61       2
   4  -23   22 -242 -0.327727  -0.697806 (0, -22, 22)  385       2
   4  -23    3  -36 -1.590847  -2.218330   (-4, 2, 2)   43       1
   4  -23   16 -177 -0.414226  -0.811304 (0, -16, 16)  277       2
   4  -23    5  -58 -0.829387   1.172931  (-2, -3, 5)   71       2
   4  -23   21 -231 -0.349586   0.736479 (0, -21, 21)  367       4
   4  -23   24 -263 -0.356635  -0.773623 (0, -24, 24)  421       2
   4  -23    3  -37 -0.669729  -0.933892   (-4, 2, 2)   43       1
  12  -63    7  -77 -0.801531  -1.426475  (-12, 6, 6)  219       1
   4  -23    8  -90 -0.561578   0.906914  (-1, -7, 8)  129       2
   4  -23   22 -241 -0.368506  -0.784634 (0, -22, 22)  385       4
   4  -23   23 -252 -0.311419   0.669552 (0, -23, 23)  403       2

total 986 s

--- [dsct_M2.2_T7888] M6 network integration
588675 candidates, 0 above threshold at q = 1e-06

system: (6,-1) + (4,+5) -> (2,-1) -> 2x(2,-6)  [diff]
  f = 15.5520, 26.6096, 11.0690, 5.5345 c/d
  kappa  direct +1.177   param -1.131
  Delta  direct +1.144e-02  param +7.132e-05 c/d
  E_c/E_th 6.398e-07 at q = 1e-6 (Gamma/gamma_d 2.328e+00 without detuning)

conservation check (undamped, resonant):
  energy               drift 3.32e-04
  N_P + N_Q            drift 6.38e-10
  N_Q - N_c - N_d/2    drift 2.40e-10

threshold parent amplitude 3.536e-05; driving at 1.061e-04

pumped system (P, Q frozen), t_end 284494.60 yr

integrated 2.845e+05 yr
  E_P/E_star  start 1.125e-08  end 1.125e-08  max 1.125e-08
  E_Q/E_star  start 1.125e-08  end 1.125e-08  max 1.125e-08
  E_c/E_star  start 1.125e-14  end 6.571e-10  max 7.039e-10
  E_d/E_star  start 1.125e-16  end 1.548e-21  max 1.390e-11

  daughter energy swing over the second half: 8.362
  fixed point or decay
  q_c vs 2 mu q_P q_Q at 0.5x threshold (sub-threshold, slaved): median 5.864e-03
  E_d there: start 3.125e-18 -> end 2.470e-18 (decays, as it must below threshold)

-> out/m6_network_dsct_M2.2_T7888.csv

--- [dsct_M2.2_T7888] figures
model models/dsct_M2.2_T7888  tag dsct_M2.2_T7888  -> out/plots/dsct_M2.2_T7888
loading narrow model...
figures:
  fig_propagation
  fig_gamma
  fig_gamma_panels
  fig_kappa_cum
  fig_xi_kappa_p
  fig_xi_kappa_g
  fig_mu
  fig_eth
  fig_fourmode
  fig_m6
done -> out/plots/dsct_M2.2_T7888

=== dsct_M2.2_T7888 done Tue Aug 11 09:27:30 AM CDT 2026 WITH FAILURES: --inlist gyre_ad_wide.in --ad summary_ad_wide.h5 --nad summary_nad_wide.h5 --detail detail_wide --inlist gyre_ad_wide_hi.in --ad summary_ad_wide_hi.h5 --nad summary_nad_wide_hi.h5 --detail detail_wide ===
