=== dsct_M2.0  (M=2.0, log g=3.900, MW23 Teff=7696) ===
    host=compute-1-23.local.tier3-atlas.uta.edu  cores=16  started Tue Aug 11 02:45:03 AM CDT 2026
    workdir=/net/nas-1-16/users/home2/txr7972/Stellar
    MESA_DIR=/net/nas-1-16/users/home2/txr7972/soft/mesa-26.04.1
    GYRE_DIR=/net/nas-1-16/users/home2/txr7972/soft/gyre-9.1.1

--- [dsct_M2.0] MESA already run; skipping (--force-all to redo)

--- [dsct_M2.0] selecting profile at log g = 3.900
matching on log g = 3.900   (331 profiles)

         profile   model     Teff   R/Rsun    logL    logg   nu_dyn     X_c
---------------------------------------------------------------------------
 profile331.data     988   7586.2    2.628   1.314   3.900    2.866  0.2865
 profile330.data     987   7587.7    2.627   1.314   3.900    2.868  0.2868
 profile329.data     986   7589.2    2.625   1.314   3.901    2.870  0.2872
 profile328.data     985   7590.7    2.624   1.314   3.901    2.872  0.2875
 profile327.data     984   7592.1    2.623   1.314   3.902    2.874  0.2878
 profile326.data     983   7593.6    2.622   1.314   3.902    2.876  0.2882
 profile325.data     982   7595.1    2.620   1.314   3.902    2.878  0.2885
 profile324.data     981   7596.6    2.619   1.313   3.903    2.880  0.2889

selected: LOGS/profile331.data
GYRE input: LOGS/profile331.data.GYRE

  R_Rsun             2.628   expect     2.628 +/- 0.020   OK
  logg               3.900   expect     3.900 +/- 0.005   OK
  dyn_freq_cpd       2.866   expect     2.866 +/- 0.040   OK

  Teff 7586.2 K, -109.8 K vs MW23
  detuning cut 0.15*nu_dyn = 0.430 c/d
    -> profile331.data.GYRE

--- [dsct_M2.0] generating GYRE inlists

dsct_M2.0:  nu_dyn=2.8660  Dnu=3.730  nu_ac=94.8  K=16.631 c/d
  core scan 0.80-25.0-95.0 c/d;  daughter band 1.70-5.20 c/d  (scaled)
  wrote models/dsct_M2.0/gyre/gyre_ad.in
  wrote models/dsct_M2.0/gyre/gyre_nad.in
  gnet pass 1 (l 2-15): 796 modes;  pass 2 (l 16-25): 1383 modes
  wrote models/dsct_M2.0/gyre/gyre_ad_wide.in
  wrote models/dsct_M2.0/gyre/gyre_nad_wide.in
  wrote models/dsct_M2.0/gyre/gyre_ad_wide_hi.in
  wrote models/dsct_M2.0/gyre/gyre_nad_wide_hi.in

--- [dsct_M2.0] GYRE narrow net (l <= 3, |n_pg| <= 20)
gyre [9.1.1]
------------

OpenMP Threads   : 16
Input filename   : gyre_ad.in

Model Init
----------

Reading from MESA file
   File name ../mesa/LOGS/profile331.data.GYRE
   File version 1.01
   Read 7137 points
   No need to add central point

Mode Search
-----------

Mode parameters
   l : 0
   m : 0

Building frequency grid (REAL axis)
   added scan interval :  0.2791E+00 ->  0.8723E+01 (1000 points, INVERSE)
   added scan interval :  0.8723E+01 ->  0.3315E+02 (1000 points, LINEAR)

Building spatial grid
   Scaffold grid from model
   Split 0 subinterval(s) in iteration 1
   Final grid has 1 segment(s) and 7137 point(s):
      Segment 1 : x range 0.0000 -> 1.0012 (1 -> 7137)

Starting search (adiabatic)

Scanning frequencies
  Time elapsed :     0.532 s

Finding roots
  Time elapsed :      0.034 s

Processing modes
   id    l     m    n_pg    n_p    n_g       Re(omega)       Im(omega)        chi n_iter
    1    0     0       1      1      0  0.35454749E+01  0.00000000E+00 0.1612E-13      6
    2    0     0       2      2      0  0.45766942E+01  0.00000000E+00 0.4976E-14      6
    3    0     0       3      3      0  0.56904748E+01  0.00000000E+00 0.5193E-14      7
    4    0     0       4      4      0  0.68232462E+01  0.00000000E+00 0.3100E-14      7
    5    0     0       5      5      0  0.79549699E+01  0.00000000E+00 0.5018E-14      7
    6    0     0       6      6      0  0.90617875E+01  0.00000000E+00 0.8479E-13      5
    7    0     0       7      7      0  0.10173777E+02  0.00000000E+00 0.1506E-12      5
    8    0     0       8      8      0  0.11321731E+02  0.00000000E+00 0.2245E-12      5
    9    0     0       9      9      0  0.12507623E+02  0.00000000E+00 0.6991E-13      5
   10    0     0      10     10      0  0.13723946E+02  0.00000000E+00 0.3612E-13      5
   11    0     0      11     11      0  0.14966404E+02  0.00000000E+00 0.7913E-13      5
   12    0     0      12     12      0  0.16229244E+02  0.00000000E+00 0.1163E-12      6
   13    0     0      13     13      0  0.17501612E+02  0.00000000E+00 0.2455E-13      5
   14    0     0      14     14      0  0.18775782E+02  0.00000000E+00 0.2421E-13      5
   15    0     0      15     15      0  0.20047424E+02  0.00000000E+00 0.1711E-12      5
   16    0     0      16     16      0  0.21315211E+02  0.00000000E+00 0.3942E-14      5
   17    0     0      17     17      0  0.22579460E+02  0.00000000E+00 0.1792E-12      5
   18    0     0      18     18      0  0.23843060E+02  0.00000000E+00 0.1661E-12      5
   19    0     0      19     19      0  0.25110948E+02  0.00000000E+00 0.1786E-13      5
   20    0     0      20     20      0  0.26388178E+02  0.00000000E+00 0.2114E-12      5
  Time elapsed :      0.722 s

Mode Search
-----------

Mode parameters
   l : 1
   m : 0

Building frequency grid (REAL axis)
   added scan interval :  0.2791E+00 ->  0.8723E+01 (1000 points, INVERSE)
   added scan interval :  0.8723E+01 ->  0.3315E+02 (1000 points, LINEAR)

Building spatial grid
   Scaffold grid from model
   Split 0 subinterval(s) in iteration 1
   Final grid has 1 segment(s) and 7137 point(s):
      Segment 1 : x range 0.0000 -> 1.0012 (1 -> 7137)

Starting search (adiabatic)

Scanning frequencies
  Time elapsed :     1.249 s

Finding roots
  Time elapsed :      0.133 s

Processing modes
   id    l     m    n_pg    n_p    n_g       Re(omega)       Im(omega)        chi n_iter
   34    1     0     -20      0     20  0.38732146E+00  0.00000000E+00 0.5940E-13      6
   35    1     0     -19      0     19  0.40678396E+00  0.00000000E+00 0.6576E-13      6
   36    1     0     -18      0     18  0.43290756E+00  0.00000000E+00 0.1302E-12      5
   37    1     0     -17      0     17  0.46080961E+00  0.00000000E+00 0.1813E-12      6
   38    1     0     -16      0     16  0.48004168E+00  0.00000000E+00 0.6303E-14      6
   39    1     0     -15      0     15  0.50757470E+00  0.00000000E+00 0.2040E-12      6
   40    1     0     -14      0     14  0.54872221E+00  0.00000000E+00 0.1167E-12      5
   41    1     0     -13      0     13  0.59596290E+00  0.00000000E+00 0.7721E-13      6
   42    1     0     -12      0     12  0.63192167E+00  0.00000000E+00 0.8978E-13      6
   43    1     0     -11      0     11  0.67645276E+00  0.00000000E+00 0.4111E-13      6
   44    1     0     -10      0     10  0.75276640E+00  0.00000000E+00 0.2244E-13      6
   45    1     0      -9      0      9  0.84968051E+00  0.00000000E+00 0.6244E-13      5
   46    1     0      -8      0      8  0.93201017E+00  0.00000000E+00 0.3259E-14      6
   47    1     0      -7      0      7  0.10249430E+01  0.00000000E+00 0.5427E-13      6
   48    1     0      -6      0      6  0.12107695E+01  0.00000000E+00 0.2098E-13      6
   49    1     0      -5      0      5  0.14816944E+01  0.00000000E+00 0.5961E-13      6
   50    1     0      -4      0      4  0.17984945E+01  0.00000000E+00 0.4980E-14      7
   51    1     0      -3      0      3  0.20844407E+01  0.00000000E+00 0.1930E-14      7
   52    1     0      -2      0      2  0.28899647E+01  0.00000000E+00 0.3754E-13      6
   53    1     0      -1      0      1  0.36371639E+01  0.00000000E+00 0.5472E-14      7
   54    1     0       1      1      1  0.46948590E+01  0.00000000E+00 0.6200E-15      7
   55    1     0       2      2      1  0.56981343E+01  0.00000000E+00 0.2247E-13      8
   56    1     0       3      3      1  0.61056511E+01  0.00000000E+00 0.1216E-13      7
   57    1     0       4      3      0  0.71385744E+01  0.00000000E+00 0.1050E-13      7
   58    1     0       5      4      0  0.83202280E+01  0.00000000E+00 0.1905E-14      6
   59    1     0       6      5      0  0.94746449E+01  0.00000000E+00 0.3680E-13      6
   60    1     0       7      6      0  0.10630954E+02  0.00000000E+00 0.2435E-13      5
   61    1     0       8      7      0  0.11817400E+02  0.00000000E+00 0.1251E-12      5
   62    1     0       9      8      0  0.13030189E+02  0.00000000E+00 0.5670E-13      5
   63    1     0      10      9      0  0.14266000E+02  0.00000000E+00 0.2208E-13      5
   64    1     0      11     10      0  0.15522747E+02  0.00000000E+00 0.1379E-12      5
   65    1     0      12     11      0  0.16792655E+02  0.00000000E+00 0.1081E-12      5
   66    1     0      13     12      0  0.18067145E+02  0.00000000E+00 0.1978E-12      5
   67    1     0      14     13      0  0.19340415E+02  0.00000000E+00 0.7765E-13      5
   68    1     0      15     14      0  0.20610726E+02  0.00000000E+00 0.4170E-13      5
   69    1     0      16     15      0  0.21877351E+02  0.00000000E+00 0.7028E-14      5
   70    1     0      17     16      0  0.23141559E+02  0.00000000E+00 0.3149E-13      5
   71    1     0      18     17      0  0.24408300E+02  0.00000000E+00 0.4007E-12      5
   72    1     0      19     18      0  0.25682627E+02  0.00000000E+00 0.2174E-12      5
   73    1     0      20     19      0  0.26967957E+02  0.00000000E+00 0.9373E-15      5
  Time elapsed :      1.373 s

Mode Search
-----------

Mode parameters
   l : 2
   m : 0

Building frequency grid (REAL axis)
   added scan interval :  0.2791E+00 ->  0.8723E+01 (1000 points, INVERSE)
   added scan interval :  0.8723E+01 ->  0.3315E+02 (1000 points, LINEAR)

Building spatial grid
   Scaffold grid from model
   Split 0 subinterval(s) in iteration 1
   Final grid has 1 segment(s) and 7137 point(s):
      Segment 1 : x range 0.0000 -> 1.0012 (1 -> 7137)

Starting search (adiabatic)

Scanning frequencies
  Time elapsed :     1.332 s

Finding roots
  Time elapsed :      0.191 s

Processing modes
   id    l     m    n_pg    n_p    n_g       Re(omega)       Im(omega)        chi n_iter
  108    2     0     -20      0     20  0.66841989E+00  0.00000000E+00 0.3972E-14      6
  109    2     0     -19      0     19  0.70116416E+00  0.00000000E+00 0.5631E-13      6
  110    2     0     -18      0     18  0.74572399E+00  0.00000000E+00 0.3015E-13      5
  111    2     0     -17      0     17  0.79383487E+00  0.00000000E+00 0.2428E-13      6
  112    2     0     -16      0     16  0.82763929E+00  0.00000000E+00 0.1107E-13      6
  113    2     0     -15      0     15  0.87301955E+00  0.00000000E+00 0.5072E-13      6
  114    2     0     -14      0     14  0.94256113E+00  0.00000000E+00 0.1175E-12      6
  115    2     0     -13      0     13  0.10233344E+01  0.00000000E+00 0.5947E-13      6
  116    2     0     -12      0     12  0.10872914E+01  0.00000000E+00 0.3602E-13      5
  117    2     0     -11      0     11  0.11591888E+01  0.00000000E+00 0.5275E-13      7
  118    2     0     -10      0     10  0.12865426E+01  0.00000000E+00 0.4136E-13      6
  119    2     0      -9      0      9  0.14499003E+01  0.00000000E+00 0.7774E-15      7
  120    2     0      -8      0      8  0.15960191E+01  0.00000000E+00 0.5944E-13      6
  121    2     0      -7      0      7  0.17410268E+01  0.00000000E+00 0.9682E-14      6
  122    2     0      -6      0      6  0.20394576E+01  0.00000000E+00 0.5178E-14      6
  123    2     0      -5      0      5  0.24657921E+01  0.00000000E+00 0.2820E-13      7
  124    2     0      -4      0      4  0.29672210E+01  0.00000000E+00 0.9169E-14      7
  125    2     0      -3      0      3  0.33028962E+01  0.00000000E+00 0.2486E-13      6
  126    2     0      -2      0      2  0.36991810E+01  0.00000000E+00 0.7212E-14      6
  127    2     0      -1      1      2  0.42936517E+01  0.00000000E+00 0.1226E-13      6
  128    2     0       0      2      2  0.50132881E+01  0.00000000E+00 0.1821E-14      6
  129    2     0       1      2      1  0.57540070E+01  0.00000000E+00 0.4542E-14      6
  130    2     0       2      3      1  0.66434375E+01  0.00000000E+00 0.6473E-15      6
  131    2     0       3      4      1  0.77275124E+01  0.00000000E+00 0.5619E-14      7
  132    2     0       4      5      1  0.88565266E+01  0.00000000E+00 0.2718E-14      7
  133    2     0       5      6      1  0.99183984E+01  0.00000000E+00 0.1645E-13      6
  134    2     0       6      6      0  0.10182829E+02  0.00000000E+00 0.8133E-13      7
  135    2     0       7      7      0  0.11196811E+02  0.00000000E+00 0.1034E-12      6
  136    2     0       8      8      0  0.12390203E+02  0.00000000E+00 0.1040E-12      5
  137    2     0       9      9      0  0.13614164E+02  0.00000000E+00 0.6775E-13      5
  138    2     0      10     10      0  0.14861647E+02  0.00000000E+00 0.2286E-13      5
  139    2     0      11     11      0  0.16127839E+02  0.00000000E+00 0.6671E-13      5
  140    2     0      12     12      0  0.17402460E+02  0.00000000E+00 0.5281E-13      5
  141    2     0      13     13      0  0.18678183E+02  0.00000000E+00 0.8423E-13      5
  142    2     0      14     14      0  0.19950801E+02  0.00000000E+00 0.1197E-12      6
  143    2     0      15     15      0  0.21219362E+02  0.00000000E+00 0.9813E-16      5
  144    2     0      16     16      0  0.22484256E+02  0.00000000E+00 0.1159E-12      5
  145    2     0      17     17      0  0.23748198E+02  0.00000000E+00 0.5458E-13      5
  146    2     0      18     18      0  0.25016372E+02  0.00000000E+00 0.6371E-13      5
  147    2     0      19     19      0  0.26294072E+02  0.00000000E+00 0.1285E-12      5
  148    2     0      20     20      0  0.27582801E+02  0.00000000E+00 0.2870E-12      5
  Time elapsed :      1.619 s

Mode Search
-----------

Mode parameters
   l : 3
   m : 0

Building frequency grid (REAL axis)
   added scan interval :  0.2791E+00 ->  0.8723E+01 (1000 points, INVERSE)
   added scan interval :  0.8723E+01 ->  0.3315E+02 (1000 points, LINEAR)

Building spatial grid
   Scaffold grid from model
   Split 0 subinterval(s) in iteration 1
   Final grid has 1 segment(s) and 7137 point(s):
      Segment 1 : x range 0.0000 -> 1.0012 (1 -> 7137)

Starting search (adiabatic)

Scanning frequencies
  Time elapsed :     1.188 s

Finding roots
  Time elapsed :      0.235 s

Processing modes
   id    l     m    n_pg    n_p    n_g       Re(omega)       Im(omega)        chi n_iter
  204    3     0     -20      0     20  0.94069221E+00  0.00000000E+00 0.8026E-14      6
  205    3     0     -19      0     19  0.98458740E+00  0.00000000E+00 0.7485E-13      6
  206    3     0     -18      0     18  0.10460809E+01  0.00000000E+00 0.5904E-16      5
  207    3     0     -17      0     17  0.11136339E+01  0.00000000E+00 0.1385E-13      6
  208    3     0     -16      0     16  0.11632520E+01  0.00000000E+00 0.1164E-13      6
  209    3     0     -15      0     15  0.12221177E+01  0.00000000E+00 0.1657E-13      6
  210    3     0     -14      0     14  0.13166415E+01  0.00000000E+00 0.1353E-13      6
  211    3     0     -13      0     13  0.14285071E+01  0.00000000E+00 0.1375E-13      6
  212    3     0     -12      0     12  0.15236791E+01  0.00000000E+00 0.1900E-13      6
  213    3     0     -11      0     11  0.16146364E+01  0.00000000E+00 0.1179E-13      7
  214    3     0     -10      0     10  0.17842375E+01  0.00000000E+00 0.1379E-13      6
  215    3     0      -9      0      9  0.20056688E+01  0.00000000E+00 0.3725E-14      7
  216    3     0      -8      0      8  0.22213294E+01  0.00000000E+00 0.3029E-13      7
  217    3     0      -7      0      7  0.23970117E+01  0.00000000E+00 0.2629E-13      6
  218    3     0      -6      0      6  0.27672813E+01  0.00000000E+00 0.1587E-13      6
  219    3     0      -5      0      5  0.32261335E+01  0.00000000E+00 0.1654E-13      7
  220    3     0      -4      0      4  0.35700905E+01  0.00000000E+00 0.2405E-13      7
  221    3     0      -3      1      4  0.41267603E+01  0.00000000E+00 0.1206E-13      7
  222    3     0      -2      1      3  0.44437632E+01  0.00000000E+00 0.1275E-14      7
  223    3     0      -1      1      2  0.47888083E+01  0.00000000E+00 0.1266E-13      7
  224    3     0       0      2      2  0.56057242E+01  0.00000000E+00 0.1832E-13      7
  225    3     0       1      2      1  0.62369125E+01  0.00000000E+00 0.1178E-13      6
  226    3     0       2      3      1  0.69393093E+01  0.00000000E+00 0.7357E-14      8
  227    3     0       3      4      1  0.80970518E+01  0.00000000E+00 0.1254E-13      6
  228    3     0       4      5      1  0.92568121E+01  0.00000000E+00 0.6034E-13      6
  229    3     0       5      6      1  0.10417785E+02  0.00000000E+00 0.1233E-12      6
  230    3     0       6      7      1  0.11604735E+02  0.00000000E+00 0.1578E-12      6
  231    3     0       7      7      0  0.12173675E+02  0.00000000E+00 0.7887E-14      6
  232    3     0       8      8      0  0.12837109E+02  0.00000000E+00 0.9970E-13      6
  233    3     0       9      9      0  0.14074827E+02  0.00000000E+00 0.1533E-12      5
  234    3     0      10     10      0  0.15336049E+02  0.00000000E+00 0.2209E-13      6
  235    3     0      11     11      0  0.16611567E+02  0.00000000E+00 0.1136E-12      5
  236    3     0      12     12      0  0.17891899E+02  0.00000000E+00 0.3147E-14      6
  237    3     0      13     13      0  0.19170835E+02  0.00000000E+00 0.2139E-12      5
  238    3     0      14     14      0  0.20446123E+02  0.00000000E+00 0.2283E-13      5
  239    3     0      15     15      0  0.21717000E+02  0.00000000E+00 0.4792E-13      5
  240    3     0      16     16      0  0.22984663E+02  0.00000000E+00 0.1990E-12      5
  241    3     0      17     17      0  0.24253718E+02  0.00000000E+00 0.2379E-12      5
  242    3     0      18     18      0  0.25529215E+02  0.00000000E+00 0.9562E-13      5
  243    3     0      19     19      0  0.26815237E+02  0.00000000E+00 0.1252E-12      5
  244    3     0      20     20      0  0.28111896E+02  0.00000000E+00 0.3467E-13      5
  Time elapsed :      1.706 s

gyre [9.1.1]
------------

OpenMP Threads   : 16
Input filename   : gyre_nad.in

Model Init
----------

Reading from MESA file
   File name ../mesa/LOGS/profile331.data.GYRE
   File version 1.01
   Read 7137 points
   No need to add central point

Mode Search
-----------

Mode parameters
   l : 0
   m : 0

Building frequency grid (REAL axis)
   added scan interval :  0.2791E+00 ->  0.8723E+01 (1000 points, INVERSE)
   added scan interval :  0.8723E+01 ->  0.3315E+02 (1000 points, LINEAR)

Building spatial grid
   Scaffold grid from model
   Split 0 subinterval(s) in iteration 1
   Final grid has 1 segment(s) and 7137 point(s):
      Segment 1 : x range 0.0000 -> 1.0012 (1 -> 7137)

Starting search (adiabatic)

Scanning frequencies
  Time elapsed :     1.202 s

Finding roots
  Time elapsed :      0.072 s

Processing modes
   id    l     m    n_pg    n_p    n_g       Re(omega)       Im(omega)        chi n_iter
    1    0     0       1      1      0  0.35454752E+01  0.00000000E+00 0.2311E-13      6
    2    0     0       2      2      0  0.45766947E+01  0.00000000E+00 0.8019E-16      6
    3    0     0       3      3      0  0.56904762E+01  0.00000000E+00 0.2028E-13      7
    4    0     0       4      4      0  0.68232501E+01  0.00000000E+00 0.2069E-13      6
    5    0     0       5      5      0  0.79549771E+01  0.00000000E+00 0.1692E-14      9
    6    0     0       6      6      0  0.90617980E+01  0.00000000E+00 0.1051E-12      6
    7    0     0       7      7      0  0.10173791E+02  0.00000000E+00 0.4404E-12      5
    8    0     0       8      8      0  0.11321748E+02  0.00000000E+00 0.4561E-13      7
    9    0     0       9      9      0  0.12507643E+02  0.00000000E+00 0.3399E-13      6
   10    0     0      10     10      0  0.13723970E+02  0.00000000E+00 0.6621E-13      5
   11    0     0      11     11      0  0.14966431E+02  0.00000000E+00 0.3141E-12      5
   12    0     0      12     12      0  0.16229276E+02  0.00000000E+00 0.9652E-13      8
   13    0     0      13     13      0  0.17501647E+02  0.00000000E+00 0.1406E-12      6
   14    0     0      14     14      0  0.18775821E+02  0.00000000E+00 0.3992E-12      5
   15    0     0      15     15      0  0.20047468E+02  0.00000000E+00 0.3369E-12      5
   16    0     0      16     16      0  0.21315261E+02  0.00000000E+00 0.3111E-12      5
   17    0     0      17     17      0  0.22579516E+02  0.00000000E+00 0.1017E-14      5
   18    0     0      18     18      0  0.23843120E+02  0.00000000E+00 0.2923E-12      5
   19    0     0      19     19      0  0.25111010E+02  0.00000000E+00 0.3048E-12      5
   20    0     0      20     20      0  0.26388239E+02  0.00000000E+00 0.3580E-12      5
  Time elapsed :      0.043 s

Starting search (non-adiabatic)

Finding roots
  Time elapsed :     22.676 s

Processing modes
   id    l     m    n_pg    n_p    n_g       Re(omega)       Im(omega)        chi n_iter
    1    0     0       1      1      0  0.35454822E+01  0.86964012E-06 0.3886E-08     10
    2    0     0       2      2      0  0.45767255E+01  0.13547634E-04 0.4860E-09      5
    3    0     0       3      3      0  0.56905313E+01  0.89545454E-04 0.1495E-08      7
    4    0     0       4      4      0  0.68231550E+01  0.38683971E-03 0.2352E-09      6
    5    0     0       5      5      0  0.79538685E+01  0.12720495E-02 0.5818E-11      8
    6    0     0       6      6      0  0.90570861E+01  0.30457794E-02 0.2792E-10     10
    7    0     0       7      7      0  0.10161501E+02  0.44080833E-02 0.3074E-10      7
    8    0     0       8      8      0  0.11299039E+02  0.28140661E-02 0.9899E-11      8
    9    0     0       9      9      0  0.12473617E+02 -0.29864313E-02 0.5715E-11     13
   10    0     0      10     10      0  0.13679739E+02 -0.12509723E-01 0.6024E-11      8
   11    0     0      11     11      0  0.14913857E+02 -0.24258721E-01 0.3869E-11     11
   12    0     0      12     12      0  0.16169043E+02 -0.37274772E-01 0.3735E-11      8
   13    0     0      13     13      0  0.17433406E+02 -0.50861897E-01 0.3808E-11      9
   14    0     0      14     14      0  0.18699109E+02 -0.63779246E-01 0.2419E-11      7
   15    0     0      15     15      0  0.19962469E+02 -0.74391865E-01 0.2196E-11      9
   16    0     0      16     16      0  0.21222622E+02 -0.82044660E-01 0.1573E-11      8
   17    0     0      17     17      0  0.22480055E+02 -0.87447369E-01 0.1982E-11      8
   18    0     0      18     18      0  0.23737209E+02 -0.92628641E-01 0.1880E-11      9
   19    0     0      19     19      0  0.24997101E+02 -0.10071221E+00 0.1473E-11      9
   20    0     0      20     20      0  0.26261846E+02 -0.11455465E+00 0.2473E-11     12
  Time elapsed :      1.396 s

Mode Search
-----------

Mode parameters
   l : 1
   m : 0

Building frequency grid (REAL axis)
   added scan interval :  0.2791E+00 ->  0.8723E+01 (1000 points, INVERSE)
   added scan interval :  0.8723E+01 ->  0.3315E+02 (1000 points, LINEAR)

Building spatial grid
   Scaffold grid from model
   Split 0 subinterval(s) in iteration 1
   Final grid has 1 segment(s) and 7137 point(s):
      Segment 1 : x range 0.0000 -> 1.0012 (1 -> 7137)

Starting search (adiabatic)

Scanning frequencies
  Time elapsed :    23.961 s

Finding roots
  Time elapsed :      3.228 s

Processing modes
   id    l     m    n_pg    n_p    n_g       Re(omega)       Im(omega)        chi n_iter
   34    1     0     -20      0     20  0.38732426E+00  0.00000000E+00 0.3159E-13      6
   35    1     0     -19      0     19  0.40678474E+00  0.00000000E+00 0.3715E-13      6
   36    1     0     -18      0     18  0.43290756E+00  0.00000000E+00 0.1257E-13      5
   37    1     0     -17      0     17  0.46080952E+00  0.00000000E+00 0.1597E-12      6
   38    1     0     -16      0     16  0.48004388E+00  0.00000000E+00 0.2363E-13      6
   39    1     0     -15      0     15  0.50757561E+00  0.00000000E+00 0.5003E-13      6
   40    1     0     -14      0     14  0.54872227E+00  0.00000000E+00 0.1743E-13      5
   41    1     0     -13      0     13  0.59596270E+00  0.00000000E+00 0.9282E-13      6
   42    1     0     -12      0     12  0.63192333E+00  0.00000000E+00 0.1745E-12      6
   43    1     0     -11      0     11  0.67645375E+00  0.00000000E+00 0.1632E-12      6
   44    1     0     -10      0     10  0.75276648E+00  0.00000000E+00 0.6057E-13      6
   45    1     0      -9      0      9  0.84968026E+00  0.00000000E+00 0.2682E-14      5
   46    1     0      -8      0      8  0.93201236E+00  0.00000000E+00 0.1189E-12      6
   47    1     0      -7      0      7  0.10249445E+01  0.00000000E+00 0.1783E-13      6
   48    1     0      -6      0      6  0.12107696E+01  0.00000000E+00 0.7521E-13      6
   49    1     0      -5      0      5  0.14816936E+01  0.00000000E+00 0.6303E-13      7
   50    1     0      -4      0      4  0.17984925E+01  0.00000000E+00 0.5926E-13      9
   51    1     0      -3      0      3  0.20844413E+01  0.00000000E+00 0.3615E-13      7
   52    1     0      -2      0      2  0.28899656E+01  0.00000000E+00 0.1311E-12     10
   53    1     0      -1      0      1  0.36371641E+01  0.00000000E+00 0.2624E-13      7
   54    1     0       1      1      1  0.46948591E+01  0.00000000E+00 0.2125E-13      7
   55    1     0       2      2      1  0.56981366E+01  0.00000000E+00 0.1331E-12     11
   56    1     0       3      3      1  0.61056531E+01  0.00000000E+00 0.1605E-13      8
   57    1     0       4      3      0  0.71385744E+01  0.00000000E+00 0.1757E-13      9
   58    1     0       5      4      0  0.83202282E+01  0.00000000E+00 0.1058E-13      9
   59    1     0       6      5      0  0.94746472E+01  0.00000000E+00 0.7549E-13      6
   60    1     0       7      6      0  0.10630959E+02  0.00000000E+00 0.2861E-14      6
   61    1     0       8      7      0  0.11817408E+02  0.00000000E+00 0.4522E-12      5
   62    1     0       9      8      0  0.13030198E+02  0.00000000E+00 0.1515E-12      5
   63    1     0      10      9      0  0.14266011E+02  0.00000000E+00 0.6969E-12      5
   64    1     0      11     10      0  0.15522760E+02  0.00000000E+00 0.1428E-12      5
   65    1     0      12     11      0  0.16792671E+02  0.00000000E+00 0.6488E-13      6
   66    1     0      13     12      0  0.18067165E+02  0.00000000E+00 0.1650E-12      5
   67    1     0      14     13      0  0.19340439E+02  0.00000000E+00 0.1559E-13      5
   68    1     0      15     14      0  0.20610753E+02  0.00000000E+00 0.5195E-12      5
   69    1     0      16     15      0  0.21877381E+02  0.00000000E+00 0.9227E-13      5
   70    1     0      17     16      0  0.23141592E+02  0.00000000E+00 0.9915E-13      5
   71    1     0      18     17      0  0.24408335E+02  0.00000000E+00 0.1111E-13      6
   72    1     0      19     18      0  0.25682662E+02  0.00000000E+00 0.7432E-13      5
   73    1     0      20     19      0  0.26967990E+02  0.00000000E+00 0.5534E-12      5
  Time elapsed :      0.976 s

Starting search (non-adiabatic)

Finding roots
  Time elapsed :     40.842 s

Processing modes
   id    l     m    n_pg    n_p    n_g       Re(omega)       Im(omega)        chi n_iter
   34    1     0     -20      0     20  0.38732426E+00 -0.29704015E-07 0.2049E-07      4
   35    1     0     -19      0     19  0.40678475E+00 -0.30117991E-07 0.7619E-08      4
   36    1     0     -18      0     18  0.43290757E+00 -0.24544654E-07 0.1980E-08      4
   37    1     0     -17      0     17  0.46080952E+00 -0.18683452E-07 0.2989E-07      5
   38    1     0     -16      0     16  0.48004388E+00 -0.14854712E-07 0.5065E-07      5
   39    1     0     -15      0     15  0.50757561E+00 -0.15001957E-07 0.2209E-07      5
   40    1     0     -14      0     14  0.54872227E+00 -0.12360882E-07 0.4641E-07      4
   41    1     0     -13      0     13  0.59596270E+00 -0.96206340E-08 0.3602E-07      4
   42    1     0     -12      0     12  0.63192333E+00 -0.75863693E-08 0.8492E-07      6
   43    1     0     -11      0     11  0.67645375E+00 -0.70765439E-08 0.1171E-06      7
   44    1     0     -10      0     10  0.75276648E+00 -0.55565422E-08 0.1685E-06      4
   45    1     0      -9      0      9  0.84968026E+00 -0.41414275E-08 0.1080E-06      4
   46    1     0      -8      0      8  0.93201236E+00 -0.32359682E-08 0.4643E-07      4
   47    1     0      -7      0      7  0.10249445E+01 -0.27191026E-08 0.3815E-07      5
   48    1     0      -6      0      6  0.12107696E+01 -0.19050700E-08 0.2521E-06      4
   49    1     0      -5      0      5  0.14816936E+01 -0.12483897E-08 0.6632E-07      5
   50    1     0      -4      0      4  0.17984925E+01 -0.85326420E-09 0.1348E-06      6
   51    1     0      -3      0      3  0.20844413E+01 -0.62138422E-09 0.2516E-06      5
   52    1     0      -2      0      2  0.28899656E+01  0.25420650E-08 0.4784E-06      8
   53    1     0      -1      0      1  0.36371673E+01  0.12198462E-05 0.1200E-07      5
   54    1     0       1      1      1  0.46948777E+01  0.17093784E-04 0.9725E-09      5
   55    1     0       2      2      1  0.56981495E+01  0.52704735E-04 0.6132E-08      6
   56    1     0       3      3      1  0.61056516E+01  0.91260703E-04 0.3476E-09      6
   57    1     0       4      3      0  0.71382578E+01  0.56916702E-03 0.3191E-10      9
   58    1     0       5      4      0  0.83181258E+01  0.18637793E-02 0.4191E-10      9
   59    1     0       6      5      0  0.94671922E+01  0.38755310E-02 0.3340E-10      7
   60    1     0       7      6      0  0.10614213E+02  0.43306336E-02 0.8470E-11     10
   61    1     0       8      7      0  0.11789398E+02  0.90853420E-03 0.8143E-11      8
   62    1     0       9      8      0  0.12991088E+02 -0.67806066E-02 0.5268E-11      9
   63    1     0      10      9      0  0.14217570E+02 -0.17548837E-01 0.2300E-11     10
   64    1     0      11     10      0  0.15466556E+02 -0.29945245E-01 0.1581E-11      8
   65    1     0      12     11      0  0.16728768E+02 -0.43319082E-01 0.3432E-13      8
   66    1     0      13     12      0  0.17995049E+02 -0.56779923E-01 0.2757E-11      8
   67    1     0      14     13      0  0.19259847E+02 -0.68844694E-01 0.1372E-10      8
   68    1     0      15     14      0  0.20522086E+02 -0.78171927E-01 0.4140E-11     10
   69    1     0      16     15      0  0.21781418E+02 -0.84674771E-01 0.2956E-11     10
   70    1     0      17     16      0  0.23039047E+02 -0.89684414E-01 0.1827E-10      8
   71    1     0      18     17      0  0.24298829E+02 -0.95871240E-01 0.5497E-11      8
   72    1     0      19     18      0  0.25563483E+02 -0.10630557E+00 0.4306E-11      8
   73    1     0      20     19      0  0.26832965E+02 -0.12351858E+00 0.9960E-11      8
  Time elapsed :      2.397 s

Mode Search
-----------

Mode parameters
   l : 2
   m : 0

Building frequency grid (REAL axis)
   added scan interval :  0.2791E+00 ->  0.8723E+01 (1000 points, INVERSE)
   added scan interval :  0.8723E+01 ->  0.3315E+02 (1000 points, LINEAR)

Building spatial grid
   Scaffold grid from model
   Split 0 subinterval(s) in iteration 1
   Final grid has 1 segment(s) and 7137 point(s):
      Segment 1 : x range 0.0000 -> 1.0012 (1 -> 7137)

Starting search (adiabatic)

Scanning frequencies
  Time elapsed :    23.462 s

Finding roots
  Time elapsed :      4.738 s

Processing modes
   id    l     m    n_pg    n_p    n_g       Re(omega)       Im(omega)        chi n_iter
  108    2     0     -20      0     20  0.66842475E+00  0.00000000E+00 0.3755E-13      6
  109    2     0     -19      0     19  0.70116560E+00  0.00000000E+00 0.2887E-13      6
  110    2     0     -18      0     18  0.74572403E+00  0.00000000E+00 0.9533E-14      5
  111    2     0     -17      0     17  0.79383458E+00  0.00000000E+00 0.6312E-13      6
  112    2     0     -16      0     16  0.82764291E+00  0.00000000E+00 0.3407E-14      6
  113    2     0     -15      0     15  0.87302121E+00  0.00000000E+00 0.3027E-13      6
  114    2     0     -14      0     14  0.94256129E+00  0.00000000E+00 0.2209E-13      7
  115    2     0     -13      0     13  0.10233340E+01  0.00000000E+00 0.1830E-12      6
  116    2     0     -12      0     12  0.10872940E+01  0.00000000E+00 0.4444E-13      5
  117    2     0     -11      0     11  0.11591906E+01  0.00000000E+00 0.1623E-12      6
  118    2     0     -10      0     10  0.12865428E+01  0.00000000E+00 0.1399E-13      6
  119    2     0      -9      0      9  0.14498997E+01  0.00000000E+00 0.3427E-13      7
  120    2     0      -8      0      8  0.15960222E+01  0.00000000E+00 0.2916E-13      6
  121    2     0      -7      0      7  0.17410295E+01  0.00000000E+00 0.1775E-13      7
  122    2     0      -6      0      6  0.20394577E+01  0.00000000E+00 0.9379E-14      6
  123    2     0      -5      0      5  0.24657909E+01  0.00000000E+00 0.5219E-13     10
  124    2     0      -4      0      4  0.29672179E+01  0.00000000E+00 0.1337E-13      6
  125    2     0      -3      0      3  0.33028954E+01  0.00000000E+00 0.3622E-13      8
  126    2     0      -2      0      2  0.36991812E+01  0.00000000E+00 0.2884E-13      8
  127    2     0      -1      1      2  0.42936517E+01  0.00000000E+00 0.3751E-13      8
  128    2     0       0      2      2  0.50132880E+01  0.00000000E+00 0.1715E-13      7
  129    2     0       1      2      1  0.57540065E+01  0.00000000E+00 0.1206E-13      6
  130    2     0       2      3      1  0.66434377E+01  0.00000000E+00 0.4266E-13      6
  131    2     0       3      4      1  0.77275131E+01  0.00000000E+00 0.1739E-14      7
  132    2     0       4      5      1  0.88565280E+01  0.00000000E+00 0.2671E-12      9
  133    2     0       5      6      1  0.99183995E+01  0.00000000E+00 0.4168E-13      7
  134    2     0       6      6      0  0.10182830E+02  0.00000000E+00 0.3658E-12      7
  135    2     0       7      7      0  0.11196816E+02  0.00000000E+00 0.1993E-12      8
  136    2     0       8      8      0  0.12390211E+02  0.00000000E+00 0.8658E-13      5
  137    2     0       9      9      0  0.13614174E+02  0.00000000E+00 0.3256E-13      6
  138    2     0      10     10      0  0.14861660E+02  0.00000000E+00 0.6403E-13      6
  139    2     0      11     11      0  0.16127854E+02  0.00000000E+00 0.4023E-13      6
  140    2     0      12     12      0  0.17402478E+02  0.00000000E+00 0.5632E-13      6
  141    2     0      13     13      0  0.18678203E+02  0.00000000E+00 0.5206E-12      5
  142    2     0      14     14      0  0.19950825E+02  0.00000000E+00 0.2731E-12      5
  143    2     0      15     15      0  0.21219390E+02  0.00000000E+00 0.1515E-12      5
  144    2     0      16     16      0  0.22484289E+02  0.00000000E+00 0.1745E-12      5
  145    2     0      17     17      0  0.23748233E+02  0.00000000E+00 0.2996E-12      5
  146    2     0      18     18      0  0.25016406E+02  0.00000000E+00 0.1208E-12      6
  147    2     0      19     19      0  0.26294102E+02  0.00000000E+00 0.1525E-13      5
  148    2     0      20     20      0  0.27582831E+02  0.00000000E+00 0.2103E-12      5
  Time elapsed :      1.280 s

Starting search (non-adiabatic)

Finding roots
  Time elapsed :     45.519 s

Processing modes
   id    l     m    n_pg    n_p    n_g       Re(omega)       Im(omega)        chi n_iter
  108    2     0     -20      0     20  0.66842476E+00 -0.30231301E-07 0.1095E-07      6
  109    2     0     -19      0     19  0.70116560E+00 -0.31214310E-07 0.9286E-08      5
  110    2     0     -18      0     18  0.74572403E+00 -0.25651676E-07 0.8711E-07      5
  111    2     0     -17      0     17  0.79383458E+00 -0.19706583E-07 0.3353E-07      6
  112    2     0     -16      0     16  0.82764291E+00 -0.15290364E-07 0.1215E-06      4
  113    2     0     -15      0     15  0.87302121E+00 -0.15718271E-07 0.4897E-07      6
  114    2     0     -14      0     14  0.94256129E+00 -0.13053413E-07 0.4975E-07      4
  115    2     0     -13      0     13  0.10233340E+01 -0.10187678E-07 0.7143E-07      5
  116    2     0     -12      0     12  0.10872940E+01 -0.78725867E-08 0.3027E-07      4
  117    2     0     -11      0     11  0.11591906E+01 -0.74343920E-08 0.2794E-07      5
  118    2     0     -10      0     10  0.12865428E+01 -0.59016149E-08 0.1860E-06      6
  119    2     0      -9      0      9  0.14498997E+01 -0.44226569E-08 0.1960E-08      6
  120    2     0      -8      0      8  0.15960222E+01 -0.34093130E-08 0.4782E-07      6
  121    2     0      -7      0      7  0.17410295E+01 -0.29137727E-08 0.2108E-06      5
  122    2     0      -6      0      6  0.20394577E+01 -0.20202349E-08 0.1709E-06      5
  123    2     0      -5      0      5  0.24657909E+01 -0.64526286E-09 0.4264E-06      4
  124    2     0      -4      0      4  0.29672179E+01  0.89086353E-08 0.4343E-06      6
  125    2     0      -3      0      3  0.33028956E+01  0.73243135E-07 0.1829E-06      6
  126    2     0      -2      0      2  0.36991834E+01  0.88791422E-06 0.1008E-07      7
  127    2     0      -1      1      2  0.42936584E+01  0.43169426E-05 0.3322E-07      7
  128    2     0       0      2      2  0.50133041E+01  0.20617165E-04 0.1897E-08      7
  129    2     0       1      2      1  0.57540201E+01  0.66020720E-04 0.1188E-07      5
  130    2     0       2      3      1  0.66433510E+01  0.27793835E-03 0.3896E-08     11
  131    2     0       3      4      1  0.77266669E+01  0.10151468E-02 0.2627E-09      7
  132    2     0       4      5      1  0.88526020E+01  0.27228853E-02 0.1736E-09      9
  133    2     0       5      6      1  0.99112991E+01  0.29741517E-02 0.3000E-10     10
  134    2     0       6      6      0  0.10178039E+02  0.16423500E-02 0.1234E-09      6
  135    2     0       7      7      0  0.11175082E+02  0.31934714E-02 0.1010E-09      7
  136    2     0       8      8      0  0.12356831E+02 -0.22504357E-02 0.4493E-10     11
  137    2     0       9      9      0  0.13570344E+02 -0.11618860E-01 0.1424E-10     11
  138    2     0      10     10      0  0.14809359E+02 -0.23321835E-01 0.1947E-10      8
  139    2     0      11     11      0  0.16067938E+02 -0.36295958E-01 0.1222E-10     10
  140    2     0      12     12      0  0.17334635E+02 -0.49883248E-01 0.2528E-10     10
  141    2     0      13     13      0  0.18601942E+02 -0.62902252E-01 0.5117E-11      8
  142    2     0      14     14      0  0.19866258E+02 -0.73721125E-01 0.7462E-11     10
  143    2     0      15     15      0  0.21127121E+02 -0.81592899E-01 0.2118E-10      8
  144    2     0      16     16      0  0.22385131E+02 -0.87115916E-01 0.2856E-11      9
  145    2     0      17     17      0  0.23642624E+02 -0.92221975E-01 0.1221E-11     12
  146    2     0      18     18      0  0.24902951E+02 -0.10002264E+00 0.9879E-12     11
  147    2     0      19     19      0  0.26168551E+02 -0.11341670E+00 0.4722E-13      7
  148    2     0      20     20      0  0.27437160E+02 -0.13418929E+00 0.3300E-11      9
  Time elapsed :      2.534 s

Mode Search
-----------

Mode parameters
   l : 3
   m : 0

Building frequency grid (REAL axis)
   added scan interval :  0.2791E+00 ->  0.8723E+01 (1000 points, INVERSE)
   added scan interval :  0.8723E+01 ->  0.3315E+02 (1000 points, LINEAR)

Building spatial grid
   Scaffold grid from model
   Split 0 subinterval(s) in iteration 1
   Final grid has 1 segment(s) and 7137 point(s):
      Segment 1 : x range 0.0000 -> 1.0012 (1 -> 7137)

Starting search (adiabatic)

Scanning frequencies
  Time elapsed :    23.005 s

Finding roots
  Time elapsed :      5.890 s

Processing modes
   id    l     m    n_pg    n_p    n_g       Re(omega)       Im(omega)        chi n_iter
  204    3     0     -20      0     20  0.94069911E+00  0.00000000E+00 0.8638E-14      6
  205    3     0     -19      0     19  0.98458970E+00  0.00000000E+00 0.2117E-13      6
  206    3     0     -18      0     18  0.10460810E+01  0.00000000E+00 0.5118E-13      6
  207    3     0     -17      0     17  0.11136332E+01  0.00000000E+00 0.5615E-13      6
  208    3     0     -16      0     16  0.11632566E+01  0.00000000E+00 0.6310E-13      6
  209    3     0     -15      0     15  0.12221204E+01  0.00000000E+00 0.3984E-13      6
  210    3     0     -14      0     14  0.13166419E+01  0.00000000E+00 0.4660E-13      6
  211    3     0     -13      0     13  0.14285066E+01  0.00000000E+00 0.1451E-13      6
  212    3     0     -12      0     12  0.15236819E+01  0.00000000E+00 0.3982E-13      5
  213    3     0     -11      0     11  0.16146393E+01  0.00000000E+00 0.6965E-14      7
  214    3     0     -10      0     10  0.17842379E+01  0.00000000E+00 0.4086E-13      7
  215    3     0      -9      0      9  0.20056680E+01  0.00000000E+00 0.6935E-13      6
  216    3     0      -8      0      8  0.22213324E+01  0.00000000E+00 0.3653E-13      7
  217    3     0      -7      0      7  0.23970161E+01  0.00000000E+00 0.5114E-15      7
  218    3     0      -6      0      6  0.27672817E+01  0.00000000E+00 0.3444E-14      6
  219    3     0      -5      0      5  0.32261329E+01  0.00000000E+00 0.2545E-14      7
  220    3     0      -4      0      4  0.35700893E+01  0.00000000E+00 0.4126E-14      7
  221    3     0      -3      1      4  0.41267564E+01  0.00000000E+00 0.1290E-13      7
  222    3     0      -2      1      3  0.44437615E+01  0.00000000E+00 0.3492E-14      6
  223    3     0      -1      1      2  0.47888082E+01  0.00000000E+00 0.4398E-13      7
  224    3     0       0      2      2  0.56057242E+01  0.00000000E+00 0.1377E-13      8
  225    3     0       1      2      1  0.62369125E+01  0.00000000E+00 0.2464E-14      6
  226    3     0       2      3      1  0.69393096E+01  0.00000000E+00 0.9334E-15      7
  227    3     0       3      4      1  0.80970526E+01  0.00000000E+00 0.8381E-14      6
  228    3     0       4      5      1  0.92568144E+01  0.00000000E+00 0.1063E-12      6
  229    3     0       5      6      1  0.10417789E+02  0.00000000E+00 0.2972E-14      6
  230    3     0       6      7      1  0.11604741E+02  0.00000000E+00 0.1521E-12      7
  231    3     0       7      7      0  0.12173670E+02  0.00000000E+00 0.5745E-12      7
  232    3     0       8      8      0  0.12837118E+02  0.00000000E+00 0.1406E-13      6
  233    3     0       9      9      0  0.14074838E+02  0.00000000E+00 0.5337E-12      5
  234    3     0      10     10      0  0.15336063E+02  0.00000000E+00 0.2912E-12      9
  235    3     0      11     11      0  0.16611583E+02  0.00000000E+00 0.1584E-12      5
  236    3     0      12     12      0  0.17891918E+02  0.00000000E+00 0.2005E-12      5
  237    3     0      13     13      0  0.19170857E+02  0.00000000E+00 0.2287E-12      6
  238    3     0      14     14      0  0.20446149E+02  0.00000000E+00 0.4573E-12      5
  239    3     0      15     15      0  0.21717029E+02  0.00000000E+00 0.1532E-11      6
  240    3     0      16     16      0  0.22984695E+02  0.00000000E+00 0.2539E-12      5
  241    3     0      17     17      0  0.24253753E+02  0.00000000E+00 0.1757E-12      5
  242    3     0      18     18      0  0.25529249E+02  0.00000000E+00 0.3625E-12      5
  243    3     0      19     19      0  0.26815269E+02  0.00000000E+00 0.9492E-13      5
  244    3     0      20     20      0  0.28111926E+02  0.00000000E+00 0.2856E-13      5
  Time elapsed :      1.733 s

Starting search (non-adiabatic)

Finding roots
  Time elapsed :     86.886 s

Processing modes
   id    l     m    n_pg    n_p    n_g       Re(omega)       Im(omega)        chi n_iter
  204    3     0     -20      0     20  0.94069912E+00 -0.30248585E-07 0.4347E-07      5
  205    3     0     -19      0     19  0.98458970E+00 -0.32430593E-07 0.6225E-07      6
  206    3     0     -18      0     18  0.10460810E+01 -0.27224075E-07 0.8739E-07      5
  207    3     0     -17      0     17  0.11136332E+01 -0.21285591E-07 0.2415E-07      4
  208    3     0     -16      0     16  0.11632566E+01 -0.15811085E-07 0.1216E-06      4
  209    3     0     -15      0     15  0.12221204E+01 -0.16709872E-07 0.4333E-07      3
  210    3     0     -14      0     14  0.13166419E+01 -0.14072506E-07 0.6272E-07      4
  211    3     0     -13      0     13  0.14285066E+01 -0.10987327E-07 0.8309E-07      5
  212    3     0     -12      0     12  0.15236819E+01 -0.81921289E-08 0.5227E-06      6
  213    3     0     -11      0     11  0.16146393E+01 -0.78139752E-08 0.2441E-07      5
  214    3     0     -10      0     10  0.17842379E+01 -0.63002110E-08 0.1178E-07      5
  215    3     0      -9      0      9  0.20056680E+01 -0.46711296E-08 0.1043E-06      5
  216    3     0      -8      0      8  0.22213324E+01 -0.34394309E-08 0.8068E-07      4
  217    3     0      -7      0      7  0.23970161E+01 -0.26609846E-08 0.1213E-06      5
  218    3     0      -6      0      6  0.27672818E+01  0.18048505E-08 0.1039E-06      4
  219    3     0      -5      0      5  0.32261332E+01  0.94943489E-07 0.5533E-07      6
  220    3     0      -4      0      4  0.35700904E+01  0.41665135E-06 0.1206E-07      5
  221    3     0      -3      1      4  0.41267588E+01  0.13360376E-05 0.7876E-08      6
  222    3     0      -2      1      3  0.44437690E+01  0.55493915E-05 0.5135E-08      5
  223    3     0      -1      1      2  0.47888143E+01  0.61853867E-05 0.1536E-07      5
  224    3     0       0      2      2  0.56057455E+01  0.68776712E-04 0.2031E-08      6
  225    3     0       1      2      1  0.62369076E+01  0.53460493E-04 0.5738E-09      9
  226    3     0       2      3      1  0.69391162E+01  0.42033368E-03 0.7643E-09      7
  227    3     0       3      4      1  0.80955184E+01  0.15135158E-02 0.7192E-10      7
  228    3     0       4      5      1  0.92507037E+01  0.35244257E-02 0.6341E-10     10
  229    3     0       5      6      1  0.10402858E+02  0.45213127E-02 0.5639E-10     12
  230    3     0       6      7      1  0.11578877E+02  0.18363128E-02 0.4421E-10     11
  231    3     0       7      7      0  0.12172826E+02 -0.30113591E-04 0.7031E-10      7
  232    3     0       8      8      0  0.12799740E+02 -0.53008352E-02 0.1494E-10     10
  233    3     0       9      9      0  0.14027423E+02 -0.15844759E-01 0.5759E-11      9
  234    3     0      10     10      0  0.15280657E+02 -0.28189265E-01 0.1942E-11      7
  235    3     0      11     11      0  0.16548481E+02 -0.41587031E-01 0.7940E-11     10
  236    3     0      12     12      0  0.17820646E+02 -0.55211303E-01 0.4672E-12     11
  237    3     0      13     13      0  0.19091071E+02 -0.67639107E-01 0.1077E-11      9
  238    3     0      14     14      0  0.20358202E+02 -0.77389909E-01 0.8025E-12      9
  239    3     0      15     15      0  0.21621674E+02 -0.84216510E-01 0.2582E-11      8
  240    3     0      16     16      0  0.22882687E+02 -0.89299344E-01 0.2619E-11      9
  241    3     0      17     17      0  0.24144956E+02 -0.95152787E-01 0.1538E-11     13
  242    3     0      18     18      0  0.25411278E+02 -0.10491466E+00 0.1220E-11      9
  243    3     0      19     19      0  0.26682372E+02 -0.12125942E+00 0.3148E-11      9
  244    3     0      20     20      0  0.27954243E+02 -0.14519404E+00 0.1097E-11     10
  Time elapsed :      2.632 s

=== adiabatic (summary_ad.h5, windows from gyre_ad.in) ===
142 modes total, 4 l values requested

  l  count     n_pg range       freq range (c/d)   gaps
--------------------------------------------------------
  0     20      1 ..   20     10.161 ..   75.628      0
  1     40    -20 ..   20      1.110 ..   77.290      0
  2     41    -20 ..   20      1.916 ..   79.052      0
  3     41    -20 ..   20      2.696 ..   80.568      0

142 detail files, 7137 grid points in detail.l2.n+19.h5
dlnrho/dlnr from (As, V_2, Gamma_1) vs numerical
  median rel err 4.20e-07, 95th pct 9.45e-04

=== nonadiabatic (summary_nad.h5) ===

43 driven modes (gamma < 0) of 142
  driven n_pg range -6 .. 8,  freq 7.93 .. 33.79 c/d
  mostly p-modes, as expected for the kappa mechanism
  damping rates (dimensionless): 6.214e-10 .. 1.452e-01
  gamma covers 142 of 142 adiabatic modes (0 duplicate n_pg labels in the nad summary, harmless)

OK

--- [dsct_M2.0] stages 3-5: triplets, kappa, observables
loading models/dsct_M2.0 ...
  142 modes, sqrt(GM/R^3) = 2.084202e-04 rad/s, detuning cut = 3.126302e-05 rad/s
stage 3: enumerating triplets ...
  5198 radial triplets, 71142 with m  [3.5s]
  -> out/triplets_dsct_M2.0.csv
stages 4-5: kappa, mu, thresholds ...
  71142 rows  [165.7s]
  -> out/observables_dsct_M2.0.csv
  -> out/kappa_dsct_M2.0.csv
done in 171.2s

--- [dsct_M2.0] GYRE wide net pass 1 (l <= 15)
gyre [9.1.1]
------------

OpenMP Threads   : 16
Input filename   : gyre_ad_wide.in

Model Init
----------

Reading from MESA file
   File name ../mesa/LOGS/profile331.data.GYRE
   File version 1.01
   Read 7137 points
   No need to add central point

Mode Search
-----------

Mode parameters
   l : 0
   m : 0

Building frequency grid (REAL axis)
   added scan interval :  0.2791E+00 ->  0.8723E+01 (1000 points, INVERSE)
   added scan interval :  0.8723E+01 ->  0.3315E+02 (1000 points, LINEAR)

Building spatial grid
   Scaffold grid from model
   Split 0 subinterval(s) in iteration 1
   Final grid has 1 segment(s) and 7137 point(s):
      Segment 1 : x range 0.0000 -> 1.0012 (1 -> 7137)

Starting search (adiabatic)

Scanning frequencies
  Time elapsed :     0.530 s

Finding roots
  Time elapsed :      0.033 s

Processing modes
   id    l     m    n_pg    n_p    n_g       Re(omega)       Im(omega)        chi n_iter
    1    0     0       1      1      0  0.35454749E+01  0.00000000E+00 0.1612E-13      6
    2    0     0       2      2      0  0.45766942E+01  0.00000000E+00 0.4976E-14      6
    3    0     0       3      3      0  0.56904748E+01  0.00000000E+00 0.5193E-14      7
    4    0     0       4      4      0  0.68232462E+01  0.00000000E+00 0.3100E-14      7
    5    0     0       5      5      0  0.79549699E+01  0.00000000E+00 0.5018E-14      7
    6    0     0       6      6      0  0.90617875E+01  0.00000000E+00 0.8479E-13      5
    7    0     0       7      7      0  0.10173777E+02  0.00000000E+00 0.1506E-12      5
    8    0     0       8      8      0  0.11321731E+02  0.00000000E+00 0.2245E-12      5
    9    0     0       9      9      0  0.12507623E+02  0.00000000E+00 0.6991E-13      5
   10    0     0      10     10      0  0.13723946E+02  0.00000000E+00 0.3612E-13      5
   11    0     0      11     11      0  0.14966404E+02  0.00000000E+00 0.7913E-13      5
   12    0     0      12     12      0  0.16229244E+02  0.00000000E+00 0.1163E-12      6
   13    0     0      13     13      0  0.17501612E+02  0.00000000E+00 0.2455E-13      5
   14    0     0      14     14      0  0.18775782E+02  0.00000000E+00 0.2421E-13      5
   15    0     0      15     15      0  0.20047424E+02  0.00000000E+00 0.1711E-12      5
   16    0     0      16     16      0  0.21315211E+02  0.00000000E+00 0.3942E-14      5
   17    0     0      17     17      0  0.22579460E+02  0.00000000E+00 0.1792E-12      5
   18    0     0      18     18      0  0.23843060E+02  0.00000000E+00 0.1661E-12      5
   19    0     0      19     19      0  0.25110948E+02  0.00000000E+00 0.1786E-13      5
   20    0     0      20     20      0  0.26388178E+02  0.00000000E+00 0.2114E-12      5
  Time elapsed :      0.728 s

Mode Search
-----------

Mode parameters
   l : 1
   m : 0

Building frequency grid (REAL axis)
   added scan interval :  0.2791E+00 ->  0.8723E+01 (1000 points, INVERSE)
   added scan interval :  0.8723E+01 ->  0.3315E+02 (1000 points, LINEAR)

Building spatial grid
   Scaffold grid from model
   Split 0 subinterval(s) in iteration 1
   Final grid has 1 segment(s) and 7137 point(s):
      Segment 1 : x range 0.0000 -> 1.0012 (1 -> 7137)

Starting search (adiabatic)

Scanning frequencies
  Time elapsed :     1.233 s

Finding roots
  Time elapsed :      0.129 s

Processing modes
   id    l     m    n_pg    n_p    n_g       Re(omega)       Im(omega)        chi n_iter
   34    1     0     -20      0     20  0.38732146E+00  0.00000000E+00 0.5940E-13      6
   35    1     0     -19      0     19  0.40678396E+00  0.00000000E+00 0.6576E-13      6
   36    1     0     -18      0     18  0.43290756E+00  0.00000000E+00 0.1302E-12      5
   37    1     0     -17      0     17  0.46080961E+00  0.00000000E+00 0.1813E-12      6
   38    1     0     -16      0     16  0.48004168E+00  0.00000000E+00 0.6303E-14      6
   39    1     0     -15      0     15  0.50757470E+00  0.00000000E+00 0.2040E-12      6
   40    1     0     -14      0     14  0.54872221E+00  0.00000000E+00 0.1167E-12      5
   41    1     0     -13      0     13  0.59596290E+00  0.00000000E+00 0.7721E-13      6
   42    1     0     -12      0     12  0.63192167E+00  0.00000000E+00 0.8978E-13      6
   43    1     0     -11      0     11  0.67645276E+00  0.00000000E+00 0.4111E-13      6
   44    1     0     -10      0     10  0.75276640E+00  0.00000000E+00 0.2244E-13      6
   45    1     0      -9      0      9  0.84968051E+00  0.00000000E+00 0.6244E-13      5
   46    1     0      -8      0      8  0.93201017E+00  0.00000000E+00 0.3259E-14      6
   47    1     0      -7      0      7  0.10249430E+01  0.00000000E+00 0.5427E-13      6
   48    1     0      -6      0      6  0.12107695E+01  0.00000000E+00 0.2098E-13      6
   49    1     0      -5      0      5  0.14816944E+01  0.00000000E+00 0.5961E-13      6
   50    1     0      -4      0      4  0.17984945E+01  0.00000000E+00 0.4980E-14      7
   51    1     0      -3      0      3  0.20844407E+01  0.00000000E+00 0.1930E-14      7
   52    1     0      -2      0      2  0.28899647E+01  0.00000000E+00 0.3754E-13      6
   53    1     0      -1      0      1  0.36371639E+01  0.00000000E+00 0.5472E-14      7
   54    1     0       1      1      1  0.46948590E+01  0.00000000E+00 0.6200E-15      7
   55    1     0       2      2      1  0.56981343E+01  0.00000000E+00 0.2247E-13      8
   56    1     0       3      3      1  0.61056511E+01  0.00000000E+00 0.1216E-13      7
   57    1     0       4      3      0  0.71385744E+01  0.00000000E+00 0.1050E-13      7
   58    1     0       5      4      0  0.83202280E+01  0.00000000E+00 0.1905E-14      6
   59    1     0       6      5      0  0.94746449E+01  0.00000000E+00 0.3680E-13      6
   60    1     0       7      6      0  0.10630954E+02  0.00000000E+00 0.2435E-13      5
   61    1     0       8      7      0  0.11817400E+02  0.00000000E+00 0.1251E-12      5
   62    1     0       9      8      0  0.13030189E+02  0.00000000E+00 0.5670E-13      5
   63    1     0      10      9      0  0.14266000E+02  0.00000000E+00 0.2208E-13      5
   64    1     0      11     10      0  0.15522747E+02  0.00000000E+00 0.1379E-12      5
   65    1     0      12     11      0  0.16792655E+02  0.00000000E+00 0.1081E-12      5
   66    1     0      13     12      0  0.18067145E+02  0.00000000E+00 0.1978E-12      5
   67    1     0      14     13      0  0.19340415E+02  0.00000000E+00 0.7765E-13      5
   68    1     0      15     14      0  0.20610726E+02  0.00000000E+00 0.4170E-13      5
   69    1     0      16     15      0  0.21877351E+02  0.00000000E+00 0.7028E-14      5
   70    1     0      17     16      0  0.23141559E+02  0.00000000E+00 0.3149E-13      5
   71    1     0      18     17      0  0.24408300E+02  0.00000000E+00 0.4007E-12      5
   72    1     0      19     18      0  0.25682627E+02  0.00000000E+00 0.2174E-12      5
   73    1     0      20     19      0  0.26967957E+02  0.00000000E+00 0.9373E-15      5
  Time elapsed :      1.405 s

Mode Search
-----------

Mode parameters
   l : 2
   m : 0

Building frequency grid (REAL axis)
   added scan interval :  0.2791E+00 ->  0.8723E+01 (1000 points, INVERSE)
   added scan interval :  0.8723E+01 ->  0.3315E+02 (1000 points, LINEAR)

Building spatial grid
   Scaffold grid from model
   Split 0 subinterval(s) in iteration 1
   Final grid has 1 segment(s) and 7137 point(s):
      Segment 1 : x range 0.0000 -> 1.0012 (1 -> 7137)

Starting search (adiabatic)

Scanning frequencies
  Time elapsed :     1.247 s

Finding roots
  Time elapsed :      0.187 s

Processing modes
   id    l     m    n_pg    n_p    n_g       Re(omega)       Im(omega)        chi n_iter
  108    2     0     -20      0     20  0.66841989E+00  0.00000000E+00 0.3972E-14      6
  109    2     0     -19      0     19  0.70116416E+00  0.00000000E+00 0.5631E-13      6
  110    2     0     -18      0     18  0.74572399E+00  0.00000000E+00 0.3015E-13      5
  111    2     0     -17      0     17  0.79383487E+00  0.00000000E+00 0.2428E-13      6
  112    2     0     -16      0     16  0.82763929E+00  0.00000000E+00 0.1107E-13      6
  113    2     0     -15      0     15  0.87301955E+00  0.00000000E+00 0.5072E-13      6
  114    2     0     -14      0     14  0.94256113E+00  0.00000000E+00 0.1175E-12      6
  115    2     0     -13      0     13  0.10233344E+01  0.00000000E+00 0.5947E-13      6
  116    2     0     -12      0     12  0.10872914E+01  0.00000000E+00 0.3602E-13      5
  117    2     0     -11      0     11  0.11591888E+01  0.00000000E+00 0.5275E-13      7
  118    2     0     -10      0     10  0.12865426E+01  0.00000000E+00 0.4136E-13      6
  119    2     0      -9      0      9  0.14499003E+01  0.00000000E+00 0.7774E-15      7
  120    2     0      -8      0      8  0.15960191E+01  0.00000000E+00 0.5944E-13      6
  121    2     0      -7      0      7  0.17410268E+01  0.00000000E+00 0.9682E-14      6
  122    2     0      -6      0      6  0.20394576E+01  0.00000000E+00 0.5178E-14      6
  123    2     0      -5      0      5  0.24657921E+01  0.00000000E+00 0.2820E-13      7
  124    2     0      -4      0      4  0.29672210E+01  0.00000000E+00 0.9169E-14      7
  125    2     0      -3      0      3  0.33028962E+01  0.00000000E+00 0.2486E-13      6
  126    2     0      -2      0      2  0.36991810E+01  0.00000000E+00 0.7212E-14      6
  127    2     0      -1      1      2  0.42936517E+01  0.00000000E+00 0.1226E-13      6
  128    2     0       0      2      2  0.50132881E+01  0.00000000E+00 0.1821E-14      6
  129    2     0       1      2      1  0.57540070E+01  0.00000000E+00 0.4542E-14      6
  130    2     0       2      3      1  0.66434375E+01  0.00000000E+00 0.6473E-15      6
  131    2     0       3      4      1  0.77275124E+01  0.00000000E+00 0.5619E-14      7
  132    2     0       4      5      1  0.88565266E+01  0.00000000E+00 0.2718E-14      7
  133    2     0       5      6      1  0.99183984E+01  0.00000000E+00 0.1645E-13      6
  134    2     0       6      6      0  0.10182829E+02  0.00000000E+00 0.8133E-13      7
  135    2     0       7      7      0  0.11196811E+02  0.00000000E+00 0.1034E-12      6
  136    2     0       8      8      0  0.12390203E+02  0.00000000E+00 0.1040E-12      5
  137    2     0       9      9      0  0.13614164E+02  0.00000000E+00 0.6775E-13      5
  138    2     0      10     10      0  0.14861647E+02  0.00000000E+00 0.2286E-13      5
  139    2     0      11     11      0  0.16127839E+02  0.00000000E+00 0.6671E-13      5
  140    2     0      12     12      0  0.17402460E+02  0.00000000E+00 0.5281E-13      5
  141    2     0      13     13      0  0.18678183E+02  0.00000000E+00 0.8423E-13      5
  142    2     0      14     14      0  0.19950801E+02  0.00000000E+00 0.1197E-12      6
  143    2     0      15     15      0  0.21219362E+02  0.00000000E+00 0.9813E-16      5
  144    2     0      16     16      0  0.22484256E+02  0.00000000E+00 0.1159E-12      5
  145    2     0      17     17      0  0.23748198E+02  0.00000000E+00 0.5458E-13      5
  146    2     0      18     18      0  0.25016372E+02  0.00000000E+00 0.6371E-13      5
  147    2     0      19     19      0  0.26294072E+02  0.00000000E+00 0.1285E-12      5
  148    2     0      20     20      0  0.27582801E+02  0.00000000E+00 0.2870E-12      5
  Time elapsed :      1.607 s

Mode Search
-----------

Mode parameters
   l : 3
   m : 0

Building frequency grid (REAL axis)
   added scan interval :  0.2791E+00 ->  0.8723E+01 (1000 points, INVERSE)
   added scan interval :  0.8723E+01 ->  0.3315E+02 (1000 points, LINEAR)

Building spatial grid
   Scaffold grid from model
   Split 0 subinterval(s) in iteration 1
   Final grid has 1 segment(s) and 7137 point(s):
      Segment 1 : x range 0.0000 -> 1.0012 (1 -> 7137)

Starting search (adiabatic)

Scanning frequencies
  Time elapsed :     1.178 s

Finding roots
  Time elapsed :      0.236 s

Processing modes
   id    l     m    n_pg    n_p    n_g       Re(omega)       Im(omega)        chi n_iter
  204    3     0     -20      0     20  0.94069221E+00  0.00000000E+00 0.8026E-14      6
  205    3     0     -19      0     19  0.98458740E+00  0.00000000E+00 0.7485E-13      6
  206    3     0     -18      0     18  0.10460809E+01  0.00000000E+00 0.5904E-16      5
  207    3     0     -17      0     17  0.11136339E+01  0.00000000E+00 0.1385E-13      6
  208    3     0     -16      0     16  0.11632520E+01  0.00000000E+00 0.1164E-13      6
  209    3     0     -15      0     15  0.12221177E+01  0.00000000E+00 0.1657E-13      6
  210    3     0     -14      0     14  0.13166415E+01  0.00000000E+00 0.1353E-13      6
  211    3     0     -13      0     13  0.14285071E+01  0.00000000E+00 0.1375E-13      6
  212    3     0     -12      0     12  0.15236791E+01  0.00000000E+00 0.1900E-13      6
  213    3     0     -11      0     11  0.16146364E+01  0.00000000E+00 0.1179E-13      7
  214    3     0     -10      0     10  0.17842375E+01  0.00000000E+00 0.1379E-13      6
  215    3     0      -9      0      9  0.20056688E+01  0.00000000E+00 0.3725E-14      7
  216    3     0      -8      0      8  0.22213294E+01  0.00000000E+00 0.3029E-13      7
  217    3     0      -7      0      7  0.23970117E+01  0.00000000E+00 0.2629E-13      6
  218    3     0      -6      0      6  0.27672813E+01  0.00000000E+00 0.1587E-13      6
  219    3     0      -5      0      5  0.32261335E+01  0.00000000E+00 0.1654E-13      7
  220    3     0      -4      0      4  0.35700905E+01  0.00000000E+00 0.2405E-13      7
  221    3     0      -3      1      4  0.41267603E+01  0.00000000E+00 0.1206E-13      7
  222    3     0      -2      1      3  0.44437632E+01  0.00000000E+00 0.1275E-14      7
  223    3     0      -1      1      2  0.47888083E+01  0.00000000E+00 0.1266E-13      7
  224    3     0       0      2      2  0.56057242E+01  0.00000000E+00 0.1832E-13      7
  225    3     0       1      2      1  0.62369125E+01  0.00000000E+00 0.1178E-13      6
  226    3     0       2      3      1  0.69393093E+01  0.00000000E+00 0.7357E-14      8
  227    3     0       3      4      1  0.80970518E+01  0.00000000E+00 0.1254E-13      6
  228    3     0       4      5      1  0.92568121E+01  0.00000000E+00 0.6034E-13      6
  229    3     0       5      6      1  0.10417785E+02  0.00000000E+00 0.1233E-12      6
  230    3     0       6      7      1  0.11604735E+02  0.00000000E+00 0.1578E-12      6
  231    3     0       7      7      0  0.12173675E+02  0.00000000E+00 0.7887E-14      6
  232    3     0       8      8      0  0.12837109E+02  0.00000000E+00 0.9970E-13      6
  233    3     0       9      9      0  0.14074827E+02  0.00000000E+00 0.1533E-12      5
  234    3     0      10     10      0  0.15336049E+02  0.00000000E+00 0.2209E-13      6
  235    3     0      11     11      0  0.16611567E+02  0.00000000E+00 0.1136E-12      5
  236    3     0      12     12      0  0.17891899E+02  0.00000000E+00 0.3147E-14      6
  237    3     0      13     13      0  0.19170835E+02  0.00000000E+00 0.2139E-12      5
  238    3     0      14     14      0  0.20446123E+02  0.00000000E+00 0.2283E-13      5
  239    3     0      15     15      0  0.21717000E+02  0.00000000E+00 0.4792E-13      5
  240    3     0      16     16      0  0.22984663E+02  0.00000000E+00 0.1990E-12      5
  241    3     0      17     17      0  0.24253718E+02  0.00000000E+00 0.2379E-12      5
  242    3     0      18     18      0  0.25529215E+02  0.00000000E+00 0.9562E-13      5
  243    3     0      19     19      0  0.26815237E+02  0.00000000E+00 0.1252E-12      5
  244    3     0      20     20      0  0.28111896E+02  0.00000000E+00 0.3467E-13      5
  Time elapsed :      1.729 s

Mode Search
-----------

Mode parameters
   l : 4
   m : 0

Building frequency grid (REAL axis)
   added scan interval :  0.2791E+00 ->  0.8723E+01 (1000 points, INVERSE)
   added scan interval :  0.8723E+01 ->  0.3315E+02 (1000 points, LINEAR)

Building spatial grid
   Scaffold grid from model
   Split 0 subinterval(s) in iteration 1
   Final grid has 1 segment(s) and 7137 point(s):
      Segment 1 : x range 0.0000 -> 1.0012 (1 -> 7137)

Starting search (adiabatic)

Scanning frequencies
  Time elapsed :     1.243 s

Finding roots
  Time elapsed :      0.300 s

Processing modes
   id    l     m    n_pg    n_p    n_g       Re(omega)       Im(omega)        chi n_iter
  320    4     0     -20      0     20  0.12072446E+01  0.00000000E+00 0.3245E-13      6
  321    4     0     -19      0     19  0.12594204E+01  0.00000000E+00 0.2363E-13      6
  322    4     0     -18      0     18  0.13360110E+01  0.00000000E+00 0.5519E-13      6
  323    4     0     -17      0     17  0.14219457E+01  0.00000000E+00 0.6280E-13      7
  324    4     0     -16      0     16  0.14901638E+01  0.00000000E+00 0.1248E-13      6
  325    4     0     -15      0     15  0.15572544E+01  0.00000000E+00 0.2468E-13      6
  326    4     0     -14      0     14  0.16722825E+01  0.00000000E+00 0.2191E-13      6
  327    4     0     -13      0     13  0.18121131E+01  0.00000000E+00 0.4828E-14      6
  328    4     0     -12      0     12  0.19434102E+01  0.00000000E+00 0.8624E-14      6
  329    4     0     -11      0     11  0.20462802E+01  0.00000000E+00 0.2403E-13      7
  330    4     0     -10      0     10  0.22461495E+01  0.00000000E+00 0.2039E-13      6
  331    4     0      -9      0      9  0.25151661E+01  0.00000000E+00 0.2834E-13      7
  332    4     0      -8      0      8  0.28039717E+01  0.00000000E+00 0.1551E-14      7
  333    4     0      -7      0      7  0.29985562E+01  0.00000000E+00 0.4938E-14      6
  334    4     0      -6      0      6  0.33311749E+01  0.00000000E+00 0.1662E-13      7
  335    4     0      -5      0      5  0.35576795E+01  0.00000000E+00 0.2129E-14      6
  336    4     0      -4      0      4  0.41256419E+01  0.00000000E+00 0.1285E-14      7
  337    4     0      -3      1      4  0.45956195E+01  0.00000000E+00 0.1817E-14      7
  338    4     0      -2      1      3  0.50586687E+01  0.00000000E+00 0.4852E-14      6
  339    4     0      -1      2      3  0.56150677E+01  0.00000000E+00 0.1408E-13      7
  340    4     0       0      2      2  0.58678754E+01  0.00000000E+00 0.1217E-13      7
  341    4     0       1      3      2  0.67652653E+01  0.00000000E+00 0.1374E-13      8
  342    4     0       2      3      1  0.71390215E+01  0.00000000E+00 0.4897E-14      8
  343    4     0       3      4      1  0.83520199E+01  0.00000000E+00 0.6591E-14      7
  344    4     0       4      5      1  0.95420760E+01  0.00000000E+00 0.1638E-12      6
  345    4     0       5      6      1  0.10732145E+02  0.00000000E+00 0.2408E-12      6
  346    4     0       6      7      1  0.11950254E+02  0.00000000E+00 0.1109E-12      5
  347    4     0       7      8      1  0.13190730E+02  0.00000000E+00 0.7673E-13      6
  348    4     0       8      8      0  0.13715963E+02  0.00000000E+00 0.7932E-13      7
  349    4     0       9      9      0  0.14452853E+02  0.00000000E+00 0.1352E-12      6
  350    4     0      10     10      0  0.15730940E+02  0.00000000E+00 0.2905E-12      6
  351    4     0      11     11      0  0.17018248E+02  0.00000000E+00 0.3440E-13      5
  352    4     0      12     12      0  0.18306635E+02  0.00000000E+00 0.1430E-12      5
  353    4     0      13     13      0  0.19591069E+02  0.00000000E+00 0.1325E-12      5
  354    4     0      14     14      0  0.20870649E+02  0.00000000E+00 0.2734E-14      5
  355    4     0      15     15      0  0.22145338E+02  0.00000000E+00 0.1659E-12      5
  356    4     0      16     16      0  0.23417188E+02  0.00000000E+00 0.2642E-12      5
  357    4     0      17     17      0  0.24691798E+02  0.00000000E+00 0.1013E-12      5
  358    4     0      18     18      0  0.25974650E+02  0.00000000E+00 0.1178E-13      5
  359    4     0      19     19      0  0.27268322E+02  0.00000000E+00 0.1679E-12      5
  360    4     0      20     20      0  0.28571614E+02  0.00000000E+00 0.2276E-12      5
  Time elapsed :      1.724 s

Mode Search
-----------

Mode parameters
   l : 5
   m : 0

Building frequency grid (REAL axis)
   added scan interval :  0.2791E+00 ->  0.8723E+01 (1000 points, INVERSE)
   added scan interval :  0.8723E+01 ->  0.3315E+02 (1000 points, LINEAR)

Building spatial grid
   Scaffold grid from model
   Split 0 subinterval(s) in iteration 1
   Final grid has 1 segment(s) and 7137 point(s):
      Segment 1 : x range 0.0000 -> 1.0012 (1 -> 7137)

Starting search (adiabatic)

Scanning frequencies
  Time elapsed :     1.239 s

Finding roots
  Time elapsed :      0.355 s

Processing modes
   id    l     m    n_pg    n_p    n_g       Re(omega)       Im(omega)        chi n_iter
  457    5     0     -20      0     20  0.14683951E+01  0.00000000E+00 0.1063E-13      6
  458    5     0     -19      0     19  0.15253634E+01  0.00000000E+00 0.1225E-13      7
  459    5     0     -18      0     18  0.16144434E+01  0.00000000E+00 0.4927E-13      6
  460    5     0     -17      0     17  0.17168732E+01  0.00000000E+00 0.3556E-13      6
  461    5     0     -16      0     16  0.18072612E+01  0.00000000E+00 0.3170E-14      7
  462    5     0     -15      0     15  0.18784263E+01  0.00000000E+00 0.3343E-13      7
  463    5     0     -14      0     14  0.20074208E+01  0.00000000E+00 0.4696E-13      6
  464    5     0     -13      0     13  0.21711041E+01  0.00000000E+00 0.1843E-13      6
  465    5     0     -12      0     12  0.23413508E+01  0.00000000E+00 0.2103E-13      6
  466    5     0     -11      0     11  0.24573907E+01  0.00000000E+00 0.8973E-14      7
  467    5     0     -10      0     10  0.26701200E+01  0.00000000E+00 0.8186E-14      6
  468    5     0      -9      0      9  0.29739269E+01  0.00000000E+00 0.1054E-13      7
  469    5     0      -8      0      8  0.33168977E+01  0.00000000E+00 0.1754E-13      7
  470    5     0      -7      0      7  0.34878063E+01  0.00000000E+00 0.6578E-14      7
  471    5     0      -6      0      6  0.36084151E+01  0.00000000E+00 0.1269E-13      7
  472    5     0      -5      0      5  0.40093283E+01  0.00000000E+00 0.2578E-14      6
  473    5     0      -4      1      5  0.46507496E+01  0.00000000E+00 0.3232E-14      9
  474    5     0      -3      1      4  0.47898834E+01  0.00000000E+00 0.4749E-14      8
  475    5     0      -2      1      3  0.56287643E+01  0.00000000E+00 0.8596E-14      7
  476    5     0      -1      2      3  0.60455707E+01  0.00000000E+00 0.1323E-13      7
  477    5     0       0      2      2  0.65199479E+01  0.00000000E+00 0.5215E-14      7
  478    5     0       1      3      2  0.71352617E+01  0.00000000E+00 0.1598E-13      8
  479    5     0       2      3      1  0.73420612E+01  0.00000000E+00 0.1887E-13     10
  480    5     0       3      4      1  0.85921717E+01  0.00000000E+00 0.4179E-14      7
  481    5     0       4      5      1  0.98027269E+01  0.00000000E+00 0.2718E-13      5
  482    5     0       5      6      1  0.11017092E+02  0.00000000E+00 0.8332E-13      5
  483    5     0       6      7      1  0.12257322E+02  0.00000000E+00 0.2547E-12      6
  484    5     0       7      8      1  0.13517628E+02  0.00000000E+00 0.4602E-13      6
  485    5     0       8      9      1  0.14795714E+02  0.00000000E+00 0.2976E-13      8
  486    5     0       9      9      0  0.14945162E+02  0.00000000E+00 0.2207E-13      7
  487    5     0      10     10      0  0.16089065E+02  0.00000000E+00 0.4930E-13      6
  488    5     0      11     11      0  0.17387201E+02  0.00000000E+00 0.2958E-12      6
  489    5     0      12     12      0  0.18683402E+02  0.00000000E+00 0.7926E-13      5
  490    5     0      13     13      0  0.19973940E+02  0.00000000E+00 0.2014E-12      5
  491    5     0      14     14      0  0.21258423E+02  0.00000000E+00 0.2704E-12      5
  492    5     0      15     15      0  0.22537695E+02  0.00000000E+00 0.1557E-12      5
  493    5     0      16     16      0  0.23815073E+02  0.00000000E+00 0.2719E-12      5
  494    5     0      17     17      0  0.25096224E+02  0.00000000E+00 0.1342E-12      5
  495    5     0      18     18      0  0.26386663E+02  0.00000000E+00 0.3397E-13      5
  496    5     0      19     19      0  0.27687788E+02  0.00000000E+00 0.1390E-12      5
  497    5     0      20     20      0  0.28997470E+02  0.00000000E+00 0.1664E-13      5
  Time elapsed :      1.758 s

Mode Search
-----------

Mode parameters
   l : 6
   m : 0

Building frequency grid (REAL axis)
   added scan interval :  0.2791E+00 ->  0.8723E+01 (1000 points, INVERSE)
   added scan interval :  0.8723E+01 ->  0.3315E+02 (1000 points, LINEAR)

Building spatial grid
   Scaffold grid from model
   Split 0 subinterval(s) in iteration 1
   Final grid has 1 segment(s) and 7137 point(s):
      Segment 1 : x range 0.0000 -> 1.0012 (1 -> 7137)

Starting search (adiabatic)

Scanning frequencies
  Time elapsed :     1.235 s

Finding roots
  Time elapsed :      0.412 s

Processing modes
   id    l     m    n_pg    n_p    n_g       Re(omega)       Im(omega)        chi n_iter
  615    6     0     -20      0     20  0.17233899E+01  0.00000000E+00 0.1735E-13      6
  616    6     0     -19      0     19  0.17821391E+01  0.00000000E+00 0.3459E-13      7
  617    6     0     -18      0     18  0.18797581E+01  0.00000000E+00 0.2453E-13      6
  618    6     0     -17      0     17  0.19958467E+01  0.00000000E+00 0.1949E-13      6
  619    6     0     -16      0     16  0.21101338E+01  0.00000000E+00 0.6866E-14      7
  620    6     0     -15      0     15  0.21876169E+01  0.00000000E+00 0.1774E-14      7
  621    6     0     -14      0     14  0.23205707E+01  0.00000000E+00 0.2391E-13      6
  622    6     0     -13      0     13  0.25033342E+01  0.00000000E+00 0.3789E-13      6
  623    6     0     -12      0     12  0.27088232E+01  0.00000000E+00 0.1179E-13      7
  624    6     0     -11      0     11  0.28542306E+01  0.00000000E+00 0.2393E-13      6
  625    6     0     -10      0     10  0.30572463E+01  0.00000000E+00 0.3206E-13      6
  626    6     0      -9      0      9  0.33793293E+01  0.00000000E+00 0.1280E-13      7
  627    6     0      -8      0      8  0.35710786E+01  0.00000000E+00 0.2255E-13      6
  628    6     0      -7      0      7  0.38049984E+01  0.00000000E+00 0.1675E-13      7
  629    6     0      -6      0      6  0.41257053E+01  0.00000000E+00 0.1904E-14      6
  630    6     0      -5      1      6  0.44668057E+01  0.00000000E+00 0.1611E-13      6
  631    6     0      -4      1      5  0.48976191E+01  0.00000000E+00 0.2988E-14      7
  632    6     0      -3      1      4  0.51406861E+01  0.00000000E+00 0.1780E-13      6
  633    6     0      -2      2      4  0.60336717E+01  0.00000000E+00 0.1607E-13      8
  634    6     0      -1      2      3  0.62400077E+01  0.00000000E+00 0.1771E-13      8
  635    6     0       0      2      2  0.71885242E+01  0.00000000E+00 0.2479E-14      7
  636    6     0       1      3      2  0.75532386E+01  0.00000000E+00 0.7470E-16     15
  637    6     0       2      3      1  0.75764541E+01  0.00000000E+00 0.4521E-15      7
  638    6     0       3      4      1  0.88262520E+01  0.00000000E+00 0.1540E-12      6
  639    6     0       4      5      1  0.10052969E+02  0.00000000E+00 0.2021E-12      6
  640    6     0       5      6      1  0.11289137E+02  0.00000000E+00 0.8124E-13      5
  641    6     0       6      7      1  0.12548575E+02  0.00000000E+00 0.1258E-12      6
  642    6     0       7      8      1  0.13826221E+02  0.00000000E+00 0.1031E-12      6
  643    6     0       8      9      1  0.15120448E+02  0.00000000E+00 0.1053E-12      6
  644    6     0       9      9      0  0.15964555E+02  0.00000000E+00 0.1509E-13      6
  645    6     0      10     10      0  0.16426385E+02  0.00000000E+00 0.1446E-12      6
  646    6     0      11     11      0  0.17734096E+02  0.00000000E+00 0.1859E-12      6
  647    6     0      12     12      0  0.19037349E+02  0.00000000E+00 0.1625E-12      5
  648    6     0      13     13      0  0.20333807E+02  0.00000000E+00 0.3999E-13      5
  649    6     0      14     14      0  0.21623288E+02  0.00000000E+00 0.1343E-12      5
  650    6     0      15     15      0  0.22907384E+02  0.00000000E+00 0.2598E-12      5
  651    6     0      16     16      0  0.24190874E+02  0.00000000E+00 0.1284E-13      5
  652    6     0      17     17      0  0.25479352E+02  0.00000000E+00 0.1386E-12      5
  653    6     0      18     18      0  0.26777542E+02  0.00000000E+00 0.2014E-13      5
  654    6     0      19     19      0  0.28085813E+02  0.00000000E+00 0.6469E-13      5
  655    6     0      20     20      0  0.29401676E+02  0.00000000E+00 0.6948E-13      5
  Time elapsed :      1.780 s

Mode Search
-----------

Mode parameters
   l : 2
   m : 0

Building frequency grid (REAL axis)
   added scan interval :  0.5234E+00 ->  0.2104E+01 (3000 points, INVERSE)

Building spatial grid
   Scaffold grid from model
   Split 0 subinterval(s) in iteration 1
   Final grid has 1 segment(s) and 7137 point(s):
      Segment 1 : x range 0.0000 -> 1.0012 (1 -> 7137)

Starting search (adiabatic)

Scanning frequencies
  Time elapsed :     1.719 s

Finding roots
  Time elapsed :      0.063 s

Processing modes
   id    l     m    n_pg    n_p    n_g       Re(omega)       Im(omega)        chi n_iter
  661    2     0     -23      0     23  0.58625720E+00  0.00000000E+00 0.7864E-13      5
  662    2     0     -22      0     22  0.61662235E+00  0.00000000E+00 0.3541E-12      5
  663    2     0     -21      0     21  0.64718991E+00  0.00000000E+00 0.4737E-12      5
  Time elapsed :      0.118 s

Mode Search
-----------

Mode parameters
   l : 3
   m : 0

Building frequency grid (REAL axis)
   added scan interval :  0.5234E+00 ->  0.2104E+01 (3000 points, INVERSE)

Building spatial grid
   Scaffold grid from model
   Split 0 subinterval(s) in iteration 1
   Final grid has 1 segment(s) and 7137 point(s):
      Segment 1 : x range 0.0000 -> 1.0012 (1 -> 7137)

Starting search (adiabatic)

Scanning frequencies
  Time elapsed :     1.556 s

Finding roots
  Time elapsed :      0.067 s

Processing modes
   id    l     m    n_pg    n_p    n_g       Re(omega)       Im(omega)        chi n_iter
  683    3     0     -33      0     33  0.59164806E+00  0.00000000E+00 0.6811E-12      5
  684    3     0     -32      0     32  0.60437546E+00  0.00000000E+00 0.1062E-12      5
  685    3     0     -31      0     31  0.62312478E+00  0.00000000E+00 0.4071E-12      5
  686    3     0     -30      0     30  0.64684397E+00  0.00000000E+00 0.7690E-12      5
  687    3     0     -29      0     29  0.66985351E+00  0.00000000E+00 0.5863E-12      5
  688    3     0     -28      0     28  0.68617408E+00  0.00000000E+00 0.4272E-12      5
  689    3     0     -27      0     27  0.71031398E+00  0.00000000E+00 0.3305E-13      5
  690    3     0     -26      0     26  0.74118557E+00  0.00000000E+00 0.1767E-12      5
  691    3     0     -25      0     25  0.77147442E+00  0.00000000E+00 0.1457E-12      5
  692    3     0     -24      0     24  0.79250707E+00  0.00000000E+00 0.6211E-12      5
  693    3     0     -23      0     23  0.82470331E+00  0.00000000E+00 0.2229E-12      5
  694    3     0     -22      0     22  0.86696235E+00  0.00000000E+00 0.1220E-12      5
  695    3     0     -21      0     21  0.91038161E+00  0.00000000E+00 0.8731E-13      5
  Time elapsed :      0.456 s

Mode Search
-----------

Mode parameters
   l : 4
   m : 0

Building frequency grid (REAL axis)
   added scan interval :  0.5234E+00 ->  0.2104E+01 (3000 points, INVERSE)

Building spatial grid
   Scaffold grid from model
   Split 0 subinterval(s) in iteration 1
   Final grid has 1 segment(s) and 7137 point(s):
      Segment 1 : x range 0.0000 -> 1.0012 (1 -> 7137)

Starting search (adiabatic)

Scanning frequencies
  Time elapsed :     1.748 s

Finding roots
  Time elapsed :      0.098 s

Processing modes
   id    l     m    n_pg    n_p    n_g       Re(omega)       Im(omega)        chi n_iter
  713    4     0     -43      0     43  0.58765251E+00  0.00000000E+00 0.2795E-12      5
  714    4     0     -42      0     42  0.60289615E+00  0.00000000E+00 0.4368E-12      5
  715    4     0     -41      0     41  0.61888937E+00  0.00000000E+00 0.4937E-12      5
  716    4     0     -40      0     40  0.63088923E+00  0.00000000E+00 0.4417E-12      5
  717    4     0     -39      0     39  0.64461387E+00  0.00000000E+00 0.4773E-12      5
  718    4     0     -38      0     38  0.66348163E+00  0.00000000E+00 0.1408E-12      5
  719    4     0     -37      0     37  0.68258826E+00  0.00000000E+00 0.2108E-12      5
  720    4     0     -36      0     36  0.69634266E+00  0.00000000E+00 0.8216E-12      5
  721    4     0     -35      0     35  0.71425495E+00  0.00000000E+00 0.3854E-12      5
  722    4     0     -34      0     34  0.73790467E+00  0.00000000E+00 0.8312E-12      5
  723    4     0     -33      0     33  0.76098032E+00  0.00000000E+00 0.4022E-12      6
  724    4     0     -32      0     32  0.77737805E+00  0.00000000E+00 0.4286E-13      6
  725    4     0     -31      0     31  0.80103741E+00  0.00000000E+00 0.2492E-12      5
  726    4     0     -30      0     30  0.83128145E+00  0.00000000E+00 0.8157E-13      5
  727    4     0     -29      0     29  0.86110161E+00  0.00000000E+00 0.3649E-12      6
  728    4     0     -28      0     28  0.88220043E+00  0.00000000E+00 0.9528E-12      5
  729    4     0     -27      0     27  0.91215007E+00  0.00000000E+00 0.1095E-12      5
  730    4     0     -26      0     26  0.95130344E+00  0.00000000E+00 0.2039E-13      5
  731    4     0     -25      0     25  0.99068301E+00  0.00000000E+00 0.4791E-16      5
  732    4     0     -24      0     24  0.10180664E+01  0.00000000E+00 0.4566E-12      5
  733    4     0     -23      0     23  0.10573388E+01  0.00000000E+00 0.1582E-12      5
  734    4     0     -22      0     22  0.11106450E+01  0.00000000E+00 0.4363E-12      5
  735    4     0     -21      0     21  0.11668916E+01  0.00000000E+00 0.2375E-12      6
  Time elapsed :      0.907 s

Mode Search
-----------

Mode parameters
   l : 5
   m : 0

Building frequency grid (REAL axis)
   added scan interval :  0.5234E+00 ->  0.2104E+01 (3000 points, INVERSE)

Building spatial grid
   Scaffold grid from model
   Split 0 subinterval(s) in iteration 1
   Final grid has 1 segment(s) and 7137 point(s):
      Segment 1 : x range 0.0000 -> 1.0012 (1 -> 7137)

Starting search (adiabatic)

Scanning frequencies
  Time elapsed :     1.749 s

Finding roots
  Time elapsed :      0.106 s

Processing modes
   id    l     m    n_pg    n_p    n_g       Re(omega)       Im(omega)        chi n_iter
  752    5     0     -53      0     53  0.59029944E+00  0.00000000E+00 0.2692E-12      6
  753    5     0     -52      0     52  0.60127359E+00  0.00000000E+00 0.6188E-12      5
  754    5     0     -51      0     51  0.61016874E+00  0.00000000E+00 0.3004E-12      5
  755    5     0     -50      0     50  0.62271105E+00  0.00000000E+00 0.3267E-12      5
  756    5     0     -49      0     49  0.63695719E+00  0.00000000E+00 0.6368E-12      5
  757    5     0     -48      0     48  0.64909360E+00  0.00000000E+00 0.1017E-12      5
  758    5     0     -47      0     47  0.65958336E+00  0.00000000E+00 0.1443E-12      6
  759    5     0     -46      0     46  0.67474516E+00  0.00000000E+00 0.7249E-12      5
  760    5     0     -45      0     45  0.69138282E+00  0.00000000E+00 0.2722E-12      5
  761    5     0     -44      0     44  0.70455942E+00  0.00000000E+00 0.3017E-12      5
  762    5     0     -43      0     43  0.71741618E+00  0.00000000E+00 0.2141E-12      6
  763    5     0     -42      0     42  0.73595404E+00  0.00000000E+00 0.1636E-12      5
  764    5     0     -41      0     41  0.75535834E+00  0.00000000E+00 0.3664E-12      5
  765    5     0     -40      0     40  0.76995153E+00  0.00000000E+00 0.5657E-12      5
  766    5     0     -39      0     39  0.78659404E+00  0.00000000E+00 0.3706E-12      5
  767    5     0     -38      0     38  0.80946873E+00  0.00000000E+00 0.1632E-12      5
  768    5     0     -37      0     37  0.83274385E+00  0.00000000E+00 0.9673E-13      5
  769    5     0     -36      0     36  0.84959931E+00  0.00000000E+00 0.2379E-12      5
  770    5     0     -35      0     35  0.87104594E+00  0.00000000E+00 0.8904E-13      6
  771    5     0     -34      0     34  0.89962532E+00  0.00000000E+00 0.1335E-12      5
  772    5     0     -33      0     33  0.92795837E+00  0.00000000E+00 0.5961E-12      6
  773    5     0     -32      0     32  0.94812601E+00  0.00000000E+00 0.2428E-12      6
  774    5     0     -31      0     31  0.97600205E+00  0.00000000E+00 0.3422E-13      6
  775    5     0     -30      0     30  0.10124203E+01  0.00000000E+00 0.3848E-12      5
  776    5     0     -29      0     29  0.10491573E+01  0.00000000E+00 0.3441E-12      6
  777    5     0     -28      0     28  0.10753692E+01  0.00000000E+00 0.3946E-12      5
  778    5     0     -27      0     27  0.11099156E+01  0.00000000E+00 0.2902E-12      6
  779    5     0     -26      0     26  0.11567033E+01  0.00000000E+00 0.3085E-13      5
  780    5     0     -25      0     25  0.12052126E+01  0.00000000E+00 0.4190E-12      6
  781    5     0     -24      0     24  0.12398077E+01  0.00000000E+00 0.1541E-12      5
  782    5     0     -23      0     23  0.12840711E+01  0.00000000E+00 0.1682E-12      5
  783    5     0     -22      0     22  0.13472728E+01  0.00000000E+00 0.1627E-12      5
  784    5     0     -21      0     21  0.14159632E+01  0.00000000E+00 0.4357E-12      6
  Time elapsed :      1.302 s

Mode Search
-----------

Mode parameters
   l : 6
   m : 0

Building frequency grid (REAL axis)
   added scan interval :  0.5234E+00 ->  0.2104E+01 (3000 points, INVERSE)

Building spatial grid
   Scaffold grid from model
   Split 0 subinterval(s) in iteration 1
   Final grid has 1 segment(s) and 7137 point(s):
      Segment 1 : x range 0.0000 -> 1.0012 (1 -> 7137)

Starting search (adiabatic)

Scanning frequencies
  Time elapsed :     1.664 s

Finding roots
  Time elapsed :      0.132 s

Processing modes
   id    l     m    n_pg    n_p    n_g       Re(omega)       Im(omega)        chi n_iter
  799    6     0     -63      0     63  0.58726261E+00  0.00000000E+00 0.7923E-12      5
  800    6     0     -62      0     62  0.59644620E+00  0.00000000E+00 0.4762E-12      5
  801    6     0     -61      0     61  0.60743209E+00  0.00000000E+00 0.3169E-12      5
  802    6     0     -60      0     60  0.61774099E+00  0.00000000E+00 0.2640E-12      6
  803    6     0     -59      0     59  0.62589997E+00  0.00000000E+00 0.2960E-12      5
  804    6     0     -58      0     58  0.63652609E+00  0.00000000E+00 0.2194E-12      5
  805    6     0     -57      0     57  0.64910898E+00  0.00000000E+00 0.3659E-12      5
  806    6     0     -56      0     56  0.66075264E+00  0.00000000E+00 0.1612E-12      5
  807    6     0     -55      0     55  0.66994869E+00  0.00000000E+00 0.4145E-12      6
  808    6     0     -54      0     54  0.68227939E+00  0.00000000E+00 0.6456E-13      5
  809    6     0     -53      0     53  0.69672025E+00  0.00000000E+00 0.7313E-12      5
  810    6     0     -52      0     52  0.70964350E+00  0.00000000E+00 0.2708E-12      6
  811    6     0     -51      0     51  0.72006112E+00  0.00000000E+00 0.1450E-12      6
  812    6     0     -50      0     50  0.73474189E+00  0.00000000E+00 0.2420E-12      5
  813    6     0     -49      0     49  0.75145280E+00  0.00000000E+00 0.1715E-12      6
  814    6     0     -48      0     48  0.76570612E+00  0.00000000E+00 0.2899E-12      6
  815    6     0     -47      0     47  0.77798709E+00  0.00000000E+00 0.4076E-12      6
  816    6     0     -46      0     46  0.79574431E+00  0.00000000E+00 0.1809E-12      5
  817    6     0     -45      0     45  0.81523750E+00  0.00000000E+00 0.2310E-12      5
  818    6     0     -44      0     44  0.83069487E+00  0.00000000E+00 0.9627E-13      5
  819    6     0     -43      0     43  0.84574085E+00  0.00000000E+00 0.5018E-12      6
  820    6     0     -42      0     42  0.86742817E+00  0.00000000E+00 0.1127E-12      5
  821    6     0     -41      0     41  0.89022206E+00  0.00000000E+00 0.3074E-13      5
  822    6     0     -40      0     40  0.90753151E+00  0.00000000E+00 0.4932E-13      5
  823    6     0     -39      0     39  0.92677959E+00  0.00000000E+00 0.6182E-13      6
  824    6     0     -38      0     38  0.95346362E+00  0.00000000E+00 0.2266E-12      5
  825    6     0     -37      0     37  0.98094173E+00  0.00000000E+00 0.1336E-12      5
  826    6     0     -36      0     36  0.10010955E+01  0.00000000E+00 0.9169E-13      5
  827    6     0     -35      0     35  0.10255209E+01  0.00000000E+00 0.3324E-12      6
  828    6     0     -34      0     34  0.10587305E+01  0.00000000E+00 0.1664E-12      5
  829    6     0     -33      0     33  0.10924137E+01  0.00000000E+00 0.4689E-12      6
  830    6     0     -32      0     32  0.11166814E+01  0.00000000E+00 0.1400E-12      5
  831    6     0     -31      0     31  0.11478455E+01  0.00000000E+00 0.5013E-13      5
  832    6     0     -30      0     30  0.11899568E+01  0.00000000E+00 0.8186E-13      5
  833    6     0     -29      0     29  0.12335894E+01  0.00000000E+00 0.4763E-13      6
  834    6     0     -28      0     28  0.12657023E+01  0.00000000E+00 0.5232E-12      5
  835    6     0     -27      0     27  0.13033250E+01  0.00000000E+00 0.3981E-13      5
  836    6     0     -26      0     26  0.13568383E+01  0.00000000E+00 0.1046E-12      5
  837    6     0     -25      0     25  0.14141995E+01  0.00000000E+00 0.4682E-13      6
  838    6     0     -24      0     24  0.14576687E+01  0.00000000E+00 0.1586E-12      5
  839    6     0     -23      0     23  0.15045190E+01  0.00000000E+00 0.1296E-12      6
  840    6     0     -22      0     22  0.15759626E+01  0.00000000E+00 0.1102E-12      5
  841    6     0     -21      0     21  0.16561286E+01  0.00000000E+00 0.3882E-12      6
  Time elapsed :      1.694 s

Mode Search
-----------

Mode parameters
   l : 7
   m : 0

Building frequency grid (REAL axis)
   added scan interval :  0.5234E+00 ->  0.2104E+01 (3000 points, INVERSE)

Building spatial grid
   Scaffold grid from model
   Split 11 subinterval(s) in iteration 1
   Split 0 subinterval(s) in iteration 2
   Final grid has 1 segment(s) and 7148 point(s):
      Segment 1 : x range 0.0000 -> 1.0012 (1 -> 7148)

Starting search (adiabatic)

Scanning frequencies
  Time elapsed :     1.739 s

Finding roots
  Time elapsed :      0.151 s

Processing modes
   id    l     m    n_pg    n_p    n_g       Re(omega)       Im(omega)        chi n_iter
  854    7     0     -73      0     73  0.58685823E+00  0.00000000E+00 0.1507E-12      5
  855    7     0     -72      0     72  0.59535580E+00  0.00000000E+00 0.4310E-14      6
  856    7     0     -71      0     71  0.60223426E+00  0.00000000E+00 0.4631E-14      5
  857    7     0     -70      0     70  0.61044033E+00  0.00000000E+00 0.7578E-12      5
  858    7     0     -69      0     69  0.62031122E+00  0.00000000E+00 0.2197E-12      5
  859    7     0     -68      0     68  0.62983309E+00  0.00000000E+00 0.1143E-13      6
  860    7     0     -67      0     67  0.63746374E+00  0.00000000E+00 0.1029E-11      5
  861    7     0     -66      0     66  0.64666875E+00  0.00000000E+00 0.1864E-12      5
  862    7     0     -65      0     65  0.65779002E+00  0.00000000E+00 0.8374E-12      5
  863    7     0     -64      0     64  0.66848094E+00  0.00000000E+00 0.6340E-13      6
  864    7     0     -63      0     63  0.67691978E+00  0.00000000E+00 0.7957E-12      5
  865    7     0     -62      0     62  0.68732098E+00  0.00000000E+00 0.4724E-12      5
  866    7     0     -61      0     61  0.69991116E+00  0.00000000E+00 0.3866E-12      5
  867    7     0     -60      0     60  0.71185315E+00  0.00000000E+00 0.2431E-12      5
  868    7     0     -59      0     59  0.72123449E+00  0.00000000E+00 0.4496E-12      5
  869    7     0     -58      0     58  0.73327969E+00  0.00000000E+00 0.2769E-12      5
  870    7     0     -57      0     57  0.74769379E+00  0.00000000E+00 0.2687E-12      6
  871    7     0     -56      0     56  0.76115056E+00  0.00000000E+00 0.8041E-14      5
  872    7     0     -55      0     55  0.77168249E+00  0.00000000E+00 0.2244E-13      6
  873    7     0     -54      0     54  0.78567842E+00  0.00000000E+00 0.7173E-13      5
  874    7     0     -53      0     53  0.80220472E+00  0.00000000E+00 0.3410E-12      6
  875    7     0     -52      0     52  0.81709038E+00  0.00000000E+00 0.1291E-13      5
  876    7     0     -51      0     51  0.82897548E+00  0.00000000E+00 0.7830E-13      6
  877    7     0     -50      0     50  0.84567901E+00  0.00000000E+00 0.2539E-12      5
  878    7     0     -49      0     49  0.86479676E+00  0.00000000E+00 0.1930E-12      5
  879    7     0     -48      0     48  0.88120806E+00  0.00000000E+00 0.1277E-12      5
  880    7     0     -47      0     47  0.89517875E+00  0.00000000E+00 0.2651E-13      5
  881    7     0     -46      0     46  0.91538790E+00  0.00000000E+00 0.4791E-12      5
  882    7     0     -45      0     45  0.93768466E+00  0.00000000E+00 0.9845E-13      6
  883    7     0     -44      0     44  0.95553459E+00  0.00000000E+00 0.6426E-12      5
  884    7     0     -43      0     43  0.97255292E+00  0.00000000E+00 0.6415E-15      6
  885    7     0     -42      0     42  0.99719653E+00  0.00000000E+00 0.8137E-13      5
  886    7     0     -41      0     41  0.10233694E+01  0.00000000E+00 0.2744E-12      6
  887    7     0     -40      0     40  0.10436186E+01  0.00000000E+00 0.4227E-13      5
  888    7     0     -39      0     39  0.10650648E+01  0.00000000E+00 0.3198E-13      6
  889    7     0     -38      0     38  0.10952915E+01  0.00000000E+00 0.2012E-12      5
  890    7     0     -37      0     37  0.11269867E+01  0.00000000E+00 0.2266E-12      5
  891    7     0     -36      0     36  0.11508051E+01  0.00000000E+00 0.3078E-13      5
  892    7     0     -35      0     35  0.11775171E+01  0.00000000E+00 0.9695E-13      6
  893    7     0     -34      0     34  0.12149436E+01  0.00000000E+00 0.2116E-12      5
  894    7     0     -33      0     33  0.12539698E+01  0.00000000E+00 0.2305E-12      6
  895    7     0     -32      0     32  0.12830055E+01  0.00000000E+00 0.4597E-12      5
  896    7     0     -31      0     31  0.13163438E+01  0.00000000E+00 0.2696E-12      6
  897    7     0     -30      0     30  0.13634653E+01  0.00000000E+00 0.5410E-12      5
  898    7     0     -29      0     29  0.14137247E+01  0.00000000E+00 0.2046E-12      5
  899    7     0     -28      0     28  0.14529949E+01  0.00000000E+00 0.4073E-13      5
  900    7     0     -27      0     27  0.14921337E+01  0.00000000E+00 0.1489E-12      6
  901    7     0     -26      0     26  0.15510535E+01  0.00000000E+00 0.1988E-12      5
  902    7     0     -25      0     25  0.16165653E+01  0.00000000E+00 0.1250E-12      6
  903    7     0     -24      0     24  0.16710374E+01  0.00000000E+00 0.8101E-13      6
  Time elapsed :      1.955 s

Mode Search
-----------

Mode parameters
   l : 8
   m : 0

Building frequency grid (REAL axis)
   added scan interval :  0.5234E+00 ->  0.2104E+01 (3000 points, INVERSE)

Building spatial grid
   Scaffold grid from model
   Split 13 subinterval(s) in iteration 1
   Split 0 subinterval(s) in iteration 2
   Final grid has 1 segment(s) and 7150 point(s):
      Segment 1 : x range 0.0000 -> 1.0012 (1 -> 7150)

Starting search (adiabatic)

Scanning frequencies
  Time elapsed :     1.724 s

Finding roots
  Time elapsed :      0.184 s

Processing modes
   id    l     m    n_pg    n_p    n_g       Re(omega)       Im(omega)        chi n_iter
  919    8     0     -83      0     83  0.58513544E+00  0.00000000E+00 0.4748E-12      5
  920    8     0     -82      0     82  0.59182692E+00  0.00000000E+00 0.9626E-12      5
  921    8     0     -81      0     81  0.59984915E+00  0.00000000E+00 0.1996E-12      5
  922    8     0     -80      0     80  0.60769660E+00  0.00000000E+00 0.2603E-12      6
  923    8     0     -79      0     79  0.61413826E+00  0.00000000E+00 0.3323E-12      5
  924    8     0     -78      0     78  0.62152317E+00  0.00000000E+00 0.3434E-13      5
  925    8     0     -77      0     77  0.63043196E+00  0.00000000E+00 0.2293E-12      5
  926    8     0     -76      0     76  0.63914763E+00  0.00000000E+00 0.3738E-12      5
  927    8     0     -75      0     75  0.64625288E+00  0.00000000E+00 0.3646E-12      5
  928    8     0     -74      0     74  0.65442152E+00  0.00000000E+00 0.3675E-14      5
  929    8     0     -73      0     73  0.66432769E+00  0.00000000E+00 0.1672E-12      5
  930    8     0     -72      0     72  0.67401479E+00  0.00000000E+00 0.3032E-12      6
  931    8     0     -71      0     71  0.68184255E+00  0.00000000E+00 0.9291E-13      5
  932    8     0     -70      0     70  0.69095359E+00  0.00000000E+00 0.7229E-12      5
  933    8     0     -69      0     69  0.70205685E+00  0.00000000E+00 0.6970E-14      5
  934    8     0     -68      0     68  0.71290754E+00  0.00000000E+00 0.1158E-12      6
  935    8     0     -67      0     67  0.72158627E+00  0.00000000E+00 0.7598E-12      5
  936    8     0     -66      0     66  0.73178849E+00  0.00000000E+00 0.2472E-13      5
  937    8     0     -65      0     65  0.74428630E+00  0.00000000E+00 0.3473E-12      5
  938    8     0     -64      0     64  0.75646074E+00  0.00000000E+00 0.1376E-12      5
  939    8     0     -63      0     63  0.76604391E+00  0.00000000E+00 0.7440E-12      5
  940    8     0     -62      0     62  0.77756210E+00  0.00000000E+00 0.1380E-12      5
  941    8     0     -61      0     61  0.79170751E+00  0.00000000E+00 0.5644E-13      5
  942    8     0     -60      0     60  0.80530144E+00  0.00000000E+00 0.8017E-13      6
  943    8     0     -59      0     59  0.81591251E+00  0.00000000E+00 0.1654E-12      6
  944    8     0     -58      0     58  0.82926227E+00  0.00000000E+00 0.2995E-12      6
  945    8     0     -57      0     57  0.84545203E+00  0.00000000E+00 0.6495E-13      6
  946    8     0     -56      0     56  0.86073968E+00  0.00000000E+00 0.8742E-14      6
  947    8     0     -55      0     55  0.87259277E+00  0.00000000E+00 0.2704E-12      6
  948    8     0     -54      0     54  0.88812559E+00  0.00000000E+00 0.1463E-12      5
  949    8     0     -53      0     53  0.90667397E+00  0.00000000E+00 0.2455E-12      6
  950    8     0     -52      0     52  0.92355081E+00  0.00000000E+00 0.2068E-12      6
  951    8     0     -51      0     51  0.93685233E+00  0.00000000E+00 0.5758E-12      5
  952    8     0     -50      0     50  0.95543228E+00  0.00000000E+00 0.6646E-12      5
  953    8     0     -49      0     49  0.97689473E+00  0.00000000E+00 0.1620E-12      6
  954    8     0     -48      0     48  0.99554565E+00  0.00000000E+00 0.1367E-12      6
  955    8     0     -47      0     47  0.10110918E+01  0.00000000E+00 0.2295E-12      6
  956    8     0     -46      0     46  0.10335630E+01  0.00000000E+00 0.7111E-12      5
  957    8     0     -45      0     45  0.10586090E+01  0.00000000E+00 0.2659E-12      6
  958    8     0     -44      0     44  0.10790382E+01  0.00000000E+00 0.3061E-12      6
  959    8     0     -43      0     43  0.10977622E+01  0.00000000E+00 0.5393E-13      6
  960    8     0     -42      0     42  0.11251027E+01  0.00000000E+00 0.7981E-14      5
  961    8     0     -41      0     41  0.11546259E+01  0.00000000E+00 0.9546E-13      6
  962    8     0     -40      0     40  0.11781548E+01  0.00000000E+00 0.2469E-12      5
  963    8     0     -39      0     39  0.12013437E+01  0.00000000E+00 0.8593E-14      6
  964    8     0     -38      0     38  0.12347421E+01  0.00000000E+00 0.1184E-12      5
  965    8     0     -37      0     37  0.12705917E+01  0.00000000E+00 0.1741E-12      6
  966    8     0     -36      0     36  0.12986364E+01  0.00000000E+00 0.1836E-12      5
  967    8     0     -35      0     35  0.13268968E+01  0.00000000E+00 0.8256E-13      6
  968    8     0     -34      0     34  0.13679563E+01  0.00000000E+00 0.1639E-13      5
  969    8     0     -33      0     33  0.14121437E+01  0.00000000E+00 0.2553E-12      6
  970    8     0     -32      0     32  0.14469366E+01  0.00000000E+00 0.2951E-13      5
  971    8     0     -31      0     31  0.14813624E+01  0.00000000E+00 0.5910E-13      6
  972    8     0     -30      0     30  0.15324934E+01  0.00000000E+00 0.2156E-12      5
  973    8     0     -29      0     29  0.15888035E+01  0.00000000E+00 0.6620E-13      5
  974    8     0     -28      0     28  0.16366085E+01  0.00000000E+00 0.1520E-12      6
  Time elapsed :      2.214 s

Mode Search
-----------

Mode parameters
   l : 9
   m : 0

Building frequency grid (REAL axis)
   added scan interval :  0.5234E+00 ->  0.2104E+01 (3000 points, INVERSE)

Building spatial grid
   Scaffold grid from model
   Split 14 subinterval(s) in iteration 1
   Split 0 subinterval(s) in iteration 2
   Final grid has 1 segment(s) and 7151 point(s):
      Segment 1 : x range 0.0000 -> 1.0012 (1 -> 7151)

Starting search (adiabatic)

Scanning frequencies
  Time elapsed :     1.744 s

Finding roots
  Time elapsed :      0.191 s

Processing modes
   id    l     m    n_pg    n_p    n_g       Re(omega)       Im(omega)        chi n_iter
  994    9     0     -92      0     92  0.59169836E+00  0.00000000E+00 0.2118E-12      5
  995    9     0     -91      0     91  0.59722159E+00  0.00000000E+00 0.4289E-13      5
  996    9     0     -90      0     90  0.60340081E+00  0.00000000E+00 0.8422E-12      5
  997    9     0     -89      0     89  0.61073791E+00  0.00000000E+00 0.3863E-12      5
  998    9     0     -88      0     88  0.61795368E+00  0.00000000E+00 0.1762E-12      5
  999    9     0     -87      0     87  0.62400222E+00  0.00000000E+00 0.5210E-12      5
 1000    9     0     -86      0     86  0.63073288E+00  0.00000000E+00 0.2764E-13      6
 1001    9     0     -85      0     85  0.63879819E+00  0.00000000E+00 0.5249E-12      5
 1002    9     0     -84      0     84  0.64677451E+00  0.00000000E+00 0.3650E-12      6
 1003    9     0     -83      0     83  0.65339677E+00  0.00000000E+00 0.4611E-13      5
 1004    9     0     -82      0     82  0.66073431E+00  0.00000000E+00 0.2086E-12      5
 1005    9     0     -81      0     81  0.66963326E+00  0.00000000E+00 0.3137E-12      5
 1006    9     0     -80      0     80  0.67845484E+00  0.00000000E+00 0.5514E-12      6
 1007    9     0     -79      0     79  0.68570444E+00  0.00000000E+00 0.3435E-13      5
 1008    9     0     -78      0     78  0.69378591E+00  0.00000000E+00 0.6837E-13      6
 1009    9     0     -77      0     77  0.70366164E+00  0.00000000E+00 0.6283E-12      5
 1010    9     0     -76      0     76  0.71345924E+00  0.00000000E+00 0.8063E-13      6
 1011    9     0     -75      0     75  0.72145938E+00  0.00000000E+00 0.1849E-12      5
 1012    9     0     -74      0     74  0.73038324E+00  0.00000000E+00 0.3561E-12      6
 1013    9     0     -73      0     73  0.74135670E+00  0.00000000E+00 0.7761E-13      5
 1014    9     0     -72      0     72  0.75224558E+00  0.00000000E+00 0.1208E-12      6
 1015    9     0     -71      0     71  0.76105792E+00  0.00000000E+00 0.4018E-13      5
 1016    9     0     -70      0     70  0.77099486E+00  0.00000000E+00 0.2803E-12      5
 1017    9     0     -69      0     69  0.78328499E+00  0.00000000E+00 0.4792E-12      5
 1018    9     0     -68      0     68  0.79547564E+00  0.00000000E+00 0.1060E-13      6
 1019    9     0     -67      0     67  0.80524159E+00  0.00000000E+00 0.2470E-12      5
 1020    9     0     -66      0     66  0.81634524E+00  0.00000000E+00 0.5157E-13      6
 1021    9     0     -65      0     65  0.83016447E+00  0.00000000E+00 0.2919E-12      5
 1022    9     0     -64      0     64  0.84383295E+00  0.00000000E+00 0.1804E-12      5
 1023    9     0     -63      0     63  0.85460009E+00  0.00000000E+00 0.1179E-12      5
 1024    9     0     -62      0     62  0.86712164E+00  0.00000000E+00 0.1863E-13      6
 1025    9     0     -61      0     61  0.88276091E+00  0.00000000E+00 0.4685E-12      5
 1026    9     0     -60      0     60  0.89802118E+00  0.00000000E+00 0.9505E-13      6
 1027    9     0     -59      0     59  0.90988921E+00  0.00000000E+00 0.3419E-12      5
 1028    9     0     -58      0     58  0.92441137E+00  0.00000000E+00 0.2885E-12      5
 1029    9     0     -57      0     57  0.94230904E+00  0.00000000E+00 0.1210E-12      6
 1030    9     0     -56      0     56  0.95944475E+00  0.00000000E+00 0.2575E-13      6
 1031    9     0     -55      0     55  0.97262388E+00  0.00000000E+00 0.1317E-12      5
 1032    9     0     -54      0     54  0.98954101E+00  0.00000000E+00 0.1055E-12      6
 1033    9     0     -53      0     53  0.10100369E+01  0.00000000E+00 0.2082E-12      6
 1034    9     0     -52      0     52  0.10289479E+01  0.00000000E+00 0.7039E-13      6
 1035    9     0     -51      0     51  0.10436319E+01  0.00000000E+00 0.1431E-12      5
 1036    9     0     -50      0     50  0.10639040E+01  0.00000000E+00 0.4369E-12      5
 1037    9     0     -49      0     49  0.10876394E+01  0.00000000E+00 0.1644E-12      5
 1038    9     0     -48      0     48  0.11086496E+01  0.00000000E+00 0.3666E-12      6
 1039    9     0     -47      0     47  0.11256674E+01  0.00000000E+00 0.4632E-13      5
 1040    9     0     -46      0     46  0.11501474E+01  0.00000000E+00 0.5702E-13      6
 1041    9     0     -45      0     45  0.11778687E+01  0.00000000E+00 0.2664E-14      6
 1042    9     0     -44      0     44  0.12011320E+01  0.00000000E+00 0.3747E-13      6
 1043    9     0     -43      0     43  0.12212960E+01  0.00000000E+00 0.1704E-12      6
 1044    9     0     -42      0     42  0.12509810E+01  0.00000000E+00 0.1243E-12      5
 1045    9     0     -41      0     41  0.12837760E+01  0.00000000E+00 0.4824E-12      6
 1046    9     0     -40      0     40  0.13110248E+01  0.00000000E+00 0.1625E-12      6
 1047    9     0     -39      0     39  0.13355582E+01  0.00000000E+00 0.2566E-12      6
 1048    9     0     -38      0     38  0.13716000E+01  0.00000000E+00 0.3510E-12      5
 1049    9     0     -37      0     37  0.14114181E+01  0.00000000E+00 0.1006E-12      6
 1050    9     0     -36      0     36  0.14443775E+01  0.00000000E+00 0.1049E-14      6
 1051    9     0     -35      0     35  0.14736243E+01  0.00000000E+00 0.1969E-12      6
 1052    9     0     -34      0     34  0.15174727E+01  0.00000000E+00 0.2533E-12      5
 1053    9     0     -33      0     33  0.15664291E+01  0.00000000E+00 0.1059E-12      6
 1054    9     0     -32      0     32  0.16080246E+01  0.00000000E+00 0.7803E-13      6
 1055    9     0     -31      0     31  0.16429853E+01  0.00000000E+00 0.1660E-12      6
  Time elapsed :      2.441 s

Mode Search
-----------

Mode parameters
   l : 10
   m : 0

Building frequency grid (REAL axis)
   added scan interval :  0.5234E+00 ->  0.2104E+01 (3000 points, INVERSE)

Building spatial grid
   Scaffold grid from model
   Split 15 subinterval(s) in iteration 1
   Split 0 subinterval(s) in iteration 2
   Final grid has 1 segment(s) and 7152 point(s):
      Segment 1 : x range 0.0000 -> 1.0012 (1 -> 7152)

Starting search (adiabatic)

Scanning frequencies
  Time elapsed :     1.711 s

Finding roots
  Time elapsed :      0.218 s

Processing modes
   id    l     m    n_pg    n_p    n_g       Re(omega)       Im(omega)        chi n_iter
 1076   10     0    -102      0    102  0.59012760E+00  0.00000000E+00 0.4772E-12      5
 1077   10     0    -101      0    101  0.59637959E+00  0.00000000E+00 0.1994E-12      6
 1078   10     0    -100      0    100  0.60249678E+00  0.00000000E+00 0.2237E-12      6
 1079   10     0     -99      0     99  0.60770229E+00  0.00000000E+00 0.4455E-13      5
 1080   10     0     -98      0     98  0.61344757E+00  0.00000000E+00 0.3458E-12      5
 1081   10     0     -97      0     97  0.62021249E+00  0.00000000E+00 0.3920E-12      5
 1082   10     0     -96      0     96  0.62687115E+00  0.00000000E+00 0.4411E-12      5
 1083   10     0     -95      0     95  0.63251024E+00  0.00000000E+00 0.5828E-13      5
 1084   10     0     -94      0     94  0.63870400E+00  0.00000000E+00 0.6009E-12      5
 1085   10     0     -93      0     93  0.64606489E+00  0.00000000E+00 0.1025E-13      5
 1086   10     0     -92      0     92  0.65335220E+00  0.00000000E+00 0.2227E-12      5
 1087   10     0     -91      0     91  0.65949391E+00  0.00000000E+00 0.1273E-12      5
 1088   10     0     -90      0     90  0.66620295E+00  0.00000000E+00 0.2516E-12      5
 1089   10     0     -89      0     89  0.67425272E+00  0.00000000E+00 0.4289E-12      5
 1090   10     0     -88      0     88  0.68227113E+00  0.00000000E+00 0.2228E-12      6
 1091   10     0     -87      0     87  0.68900593E+00  0.00000000E+00 0.4064E-12      5
 1092   10     0     -86      0     86  0.69630041E+00  0.00000000E+00 0.2567E-12      6
 1093   10     0     -85      0     85  0.70513872E+00  0.00000000E+00 0.2804E-12      5
 1094   10     0     -84      0     84  0.71400074E+00  0.00000000E+00 0.3476E-12      6
 1095   10     0     -83      0     83  0.72138696E+00  0.00000000E+00 0.2109E-13      5
 1096   10     0     -82      0     82  0.72932139E+00  0.00000000E+00 0.4044E-12      6
 1097   10     0     -81      0     81  0.73906299E+00  0.00000000E+00 0.1616E-12      5
 1098   10     0     -80      0     80  0.74886601E+00  0.00000000E+00 0.1349E-12      5
 1099   10     0     -79      0     79  0.75696144E+00  0.00000000E+00 0.1483E-12      5
 1100   10     0     -78      0     78  0.76568017E+00  0.00000000E+00 0.1226E-12      6
 1101   10     0     -77      0     77  0.77648181E+00  0.00000000E+00 0.4007E-12      5
 1102   10     0     -76      0     76  0.78736794E+00  0.00000000E+00 0.4662E-12      6
 1103   10     0     -75      0     75  0.79630816E+00  0.00000000E+00 0.1091E-12      5
 1104   10     0     -74      0     74  0.80591762E+00  0.00000000E+00 0.1572E-12      6
 1105   10     0     -73      0     73  0.81790952E+00  0.00000000E+00 0.9311E-13      5
 1106   10     0     -72      0     72  0.83000593E+00  0.00000000E+00 0.6120E-14      6
 1107   10     0     -71      0     71  0.83985415E+00  0.00000000E+00 0.1887E-13      5
 1108   10     0     -70      0     70  0.85053324E+00  0.00000000E+00 0.1828E-12      6
 1109   10     0     -69      0     69  0.86395184E+00  0.00000000E+00 0.2426E-12      5
 1110   10     0     -68      0     68  0.87748532E+00  0.00000000E+00 0.1834E-12      5
 1111   10     0     -67      0     67  0.88839624E+00  0.00000000E+00 0.8226E-14      5
 1112   10     0     -66      0     66  0.90029974E+00  0.00000000E+00 0.4810E-13      6
 1113   10     0     -65      0     65  0.91537070E+00  0.00000000E+00 0.3201E-12      6
 1114   10     0     -64      0     64  0.93053440E+00  0.00000000E+00 0.3355E-13      6
 1115   10     0     -63      0     63  0.94254674E+00  0.00000000E+00 0.3575E-12      5
 1116   10     0     -62      0     62  0.95594947E+00  0.00000000E+00 0.1697E-12      6
 1117   10     0     -61      0     61  0.97300589E+00  0.00000000E+00 0.6010E-14      6
 1118   10     0     -60      0     60  0.98993801E+00  0.00000000E+00 0.2594E-12      6
 1119   10     0     -59      0     59  0.10031155E+01  0.00000000E+00 0.3482E-12      5
 1120   10     0     -58      0     58  0.10186628E+01  0.00000000E+00 0.1441E-12      5
 1121   10     0     -57      0     57  0.10381853E+01  0.00000000E+00 0.3249E-12      6
 1122   10     0     -56      0     56  0.10571816E+01  0.00000000E+00 0.5555E-12      6
 1123   10     0     -55      0     55  0.10717214E+01  0.00000000E+00 0.1974E-12      6
 1124   10     0     -54      0     54  0.10898444E+01  0.00000000E+00 0.2885E-13      5
 1125   10     0     -53      0     53  0.11121980E+01  0.00000000E+00 0.2629E-12      6
 1126   10     0     -52      0     52  0.11331957E+01  0.00000000E+00 0.1375E-12      6
 1127   10     0     -51      0     51  0.11492662E+01  0.00000000E+00 0.3016E-12      5
 1128   10     0     -50      0     50  0.11709986E+01  0.00000000E+00 0.5920E-13      6
 1129   10     0     -49      0     49  0.11969169E+01  0.00000000E+00 0.3044E-13      6
 1130   10     0     -48      0     48  0.12204303E+01  0.00000000E+00 0.3248E-12      5
 1131   10     0     -47      0     47  0.12388686E+01  0.00000000E+00 0.1327E-12      6
 1132   10     0     -46      0     46  0.12650196E+01  0.00000000E+00 0.6435E-13      6
 1133   10     0     -45      0     45  0.12953003E+01  0.00000000E+00 0.5924E-13      5
 1134   10     0     -44      0     44  0.13216894E+01  0.00000000E+00 0.3851E-12      6
 1135   10     0     -43      0     43  0.13431280E+01  0.00000000E+00 0.2272E-12      6
 1136   10     0     -42      0     42  0.13746740E+01  0.00000000E+00 0.2251E-12      5
 1137   10     0     -41      0     41  0.14105858E+01  0.00000000E+00 0.6328E-13      6
 1138   10     0     -40      0     40  0.14420091E+01  0.00000000E+00 0.1000E-12      6
 1139   10     0     -39      0     39  0.14677389E+01  0.00000000E+00 0.4432E-12      6
 1140   10     0     -38      0     38  0.15056660E+01  0.00000000E+00 0.1428E-12      6
 1141   10     0     -37      0     37  0.15491164E+01  0.00000000E+00 0.6315E-13      6
 1142   10     0     -36      0     36  0.15875886E+01  0.00000000E+00 0.2497E-14      5
 1143   10     0     -35      0     35  0.16178446E+01  0.00000000E+00 0.5614E-13      6
 1144   10     0     -34      0     34  0.16632477E+01  0.00000000E+00 0.3138E-13      5
  Time elapsed :      2.762 s

Mode Search
-----------

Mode parameters
   l : 11
   m : 0

Building frequency grid (REAL axis)
   added scan interval :  0.5234E+00 ->  0.2104E+01 (3000 points, INVERSE)

Building spatial grid
   Scaffold grid from model
   Split 27 subinterval(s) in iteration 1
   Split 0 subinterval(s) in iteration 2
   Final grid has 1 segment(s) and 7164 point(s):
      Segment 1 : x range 0.0000 -> 1.0012 (1 -> 7164)

Starting search (adiabatic)

Scanning frequencies
  Time elapsed :     1.744 s

Finding roots
  Time elapsed :      0.233 s

Processing modes
   id    l     m    n_pg    n_p    n_g       Re(omega)       Im(omega)        chi n_iter
 1167   11     0    -112      0    112  0.59035846E+00  0.00000000E+00 0.1471E-12      6
 1168   11     0    -111      0    111  0.59500975E+00  0.00000000E+00 0.2113E-12      5
 1169   11     0    -110      0    110  0.60006920E+00  0.00000000E+00 0.4514E-12      5
 1170   11     0    -109      0    109  0.60595295E+00  0.00000000E+00 0.8519E-13      5
 1171   11     0    -108      0    108  0.61171700E+00  0.00000000E+00 0.5216E-12      6
 1172   11     0    -107      0    107  0.61666920E+00  0.00000000E+00 0.4956E-13      5
 1173   11     0    -106      0    106  0.62209279E+00  0.00000000E+00 0.7534E-12      5
 1174   11     0    -105      0    105  0.62841270E+00  0.00000000E+00 0.1745E-12      6
 1175   11     0    -104      0    104  0.63462014E+00  0.00000000E+00 0.2763E-12      6
 1176   11     0    -103      0    103  0.63992838E+00  0.00000000E+00 0.1334E-12      5
 1177   11     0    -102      0    102  0.64571511E+00  0.00000000E+00 0.7015E-12      5
 1178   11     0    -101      0    101  0.65251950E+00  0.00000000E+00 0.1424E-12      5
 1179   11     0    -100      0    100  0.65925158E+00  0.00000000E+00 0.2573E-13      6
 1180   11     0     -99      0     99  0.66498415E+00  0.00000000E+00 0.3021E-12      5
 1181   11     0     -98      0     98  0.67117260E+00  0.00000000E+00 0.1687E-12      5
 1182   11     0     -97      0     97  0.67852727E+00  0.00000000E+00 0.6847E-12      5
 1183   11     0     -96      0     96  0.68585661E+00  0.00000000E+00 0.3089E-12      6
 1184   11     0     -95      0     95  0.69207665E+00  0.00000000E+00 0.2066E-13      5
 1185   11     0     -94      0     94  0.69873634E+00  0.00000000E+00 0.1235E-12      5
 1186   11     0     -93      0     93  0.70673148E+00  0.00000000E+00 0.1315E-12      6
 1187   11     0     -92      0     92  0.71475405E+00  0.00000000E+00 0.2520E-12      6
 1188   11     0     -91      0     91  0.72153996E+00  0.00000000E+00 0.1161E-12      5
 1189   11     0     -90      0     90  0.72874188E+00  0.00000000E+00 0.2421E-12      5
 1190   11     0     -89      0     89  0.73747614E+00  0.00000000E+00 0.7305E-13      5
 1191   11     0     -88      0     88  0.74630190E+00  0.00000000E+00 0.4828E-12      6
 1192   11     0     -87      0     87  0.75375502E+00  0.00000000E+00 0.3197E-12      5
 1193   11     0     -86      0     86  0.76157105E+00  0.00000000E+00 0.1870E-12      6
 1194   11     0     -85      0     85  0.77114702E+00  0.00000000E+00 0.6076E-12      5
 1195   11     0     -84      0     84  0.78089739E+00  0.00000000E+00 0.2085E-13      6
 1196   11     0     -83      0     83  0.78908820E+00  0.00000000E+00 0.3775E-12      5
 1197   11     0     -82      0     82  0.79757071E+00  0.00000000E+00 0.1388E-12      6
 1198   11     0     -81      0     81  0.80811124E+00  0.00000000E+00 0.2743E-12      5
 1199   11     0     -80      0     80  0.81889680E+00  0.00000000E+00 0.5962E-13      6
 1200   11     0     -79      0     79  0.82788789E+00  0.00000000E+00 0.6809E-12      5
 1201   11     0     -78      0     78  0.83718554E+00  0.00000000E+00 0.7898E-13      6
 1202   11     0     -77      0     77  0.84886046E+00  0.00000000E+00 0.6866E-12      5
 1203   11     0     -76      0     76  0.86083404E+00  0.00000000E+00 0.2001E-12      6
 1204   11     0     -75      0     75  0.87077311E+00  0.00000000E+00 0.4168E-12      5
 1205   11     0     -74      0     74  0.88100061E+00  0.00000000E+00 0.2160E-12      6
 1206   11     0     -73      0     73  0.89394837E+00  0.00000000E+00 0.8911E-13      5
 1207   11     0     -72      0     72  0.90724857E+00  0.00000000E+00 0.4053E-12      5
 1208   11     0     -71      0     71  0.91819949E+00  0.00000000E+00 0.7939E-12      5
 1209   11     0     -70      0     70  0.92953879E+00  0.00000000E+00 0.1275E-12      6
 1210   11     0     -69      0     69  0.94401151E+00  0.00000000E+00 0.1804E-12      5
 1211   11     0     -68      0     68  0.95887903E+00  0.00000000E+00 0.5213E-12      5
 1212   11     0     -67      0     67  0.97101053E+00  0.00000000E+00 0.2760E-12      5
 1213   11     0     -66      0     66  0.98361430E+00  0.00000000E+00 0.3319E-12      5
 1214   11     0     -65      0     65  0.99984935E+00  0.00000000E+00 0.4351E-12      5
 1215   11     0     -64      0     64  0.10164965E+01  0.00000000E+00 0.1712E-12      6
 1216   11     0     -63      0     63  0.10298368E+01  0.00000000E+00 0.2929E-14      5
 1217   11     0     -62      0     62  0.10439978E+01  0.00000000E+00 0.3502E-13      6
 1218   11     0     -61      0     61  0.10623756E+01  0.00000000E+00 0.1664E-12      5
 1219   11     0     -60      0     60  0.10809720E+01  0.00000000E+00 0.2197E-12      6
 1220   11     0     -59      0     59  0.10955404E+01  0.00000000E+00 0.7229E-13      5
 1221   11     0     -58      0     58  0.11119557E+01  0.00000000E+00 0.3815E-13      5
 1222   11     0     -57      0     57  0.11330007E+01  0.00000000E+00 0.1299E-12      5
 1223   11     0     -56      0     56  0.11538601E+01  0.00000000E+00 0.1080E-12      6
 1224   11     0     -55      0     55  0.11698367E+01  0.00000000E+00 0.6587E-14      5
 1225   11     0     -54      0     54  0.11889611E+01  0.00000000E+00 0.2000E-12      6
 1226   11     0     -53      0     53  0.12130609E+01  0.00000000E+00 0.2062E-13      6
 1227   11     0     -52      0     52  0.12361975E+01  0.00000000E+00 0.6511E-13      6
 1228   11     0     -51      0     51  0.12537248E+01  0.00000000E+00 0.2045E-12      6
 1229   11     0     -50      0     50  0.12766300E+01  0.00000000E+00 0.6534E-13      6
 1230   11     0     -49      0     49  0.13046092E+01  0.00000000E+00 0.7608E-13      6
 1231   11     0     -48      0     48  0.13307634E+01  0.00000000E+00 0.5489E-13      5
 1232   11     0     -47      0     47  0.13506895E+01  0.00000000E+00 0.1247E-12      6
 1233   11     0     -46      0     46  0.13780662E+01  0.00000000E+00 0.2553E-12      5
 1234   11     0     -45      0     45  0.14107261E+01  0.00000000E+00 0.1314E-12      5
 1235   11     0     -44      0     44  0.14404984E+01  0.00000000E+00 0.2112E-12      6
 1236   11     0     -43      0     43  0.14633013E+01  0.00000000E+00 0.1481E-12      6
 1237   11     0     -42      0     42  0.14960518E+01  0.00000000E+00 0.2400E-12      6
 1238   11     0     -41      0     41  0.15348259E+01  0.00000000E+00 0.1392E-12      6
 1239   11     0     -40      0     40  0.15707275E+01  0.00000000E+00 0.7806E-13      6
 1240   11     0     -39      0     39  0.15980249E+01  0.00000000E+00 0.1277E-12      6
 1241   11     0     -38      0     38  0.16367824E+01  0.00000000E+00 0.1445E-13      6
 1242   11     0     -37      0     37  0.16833633E+01  0.00000000E+00 0.4455E-14      5
  Time elapsed :      3.061 s

Mode Search
-----------

Mode parameters
   l : 12
   m : 0

Building frequency grid (REAL axis)
   added scan interval :  0.5234E+00 ->  0.2104E+01 (3000 points, INVERSE)

Building spatial grid
   Scaffold grid from model
   Split 57 subinterval(s) in iteration 1
   Split 0 subinterval(s) in iteration 2
   Final grid has 1 segment(s) and 7194 point(s):
      Segment 1 : x range 0.0000 -> 1.0012 (1 -> 7194)

Starting search (adiabatic)

Scanning frequencies
  Time elapsed :     1.692 s

Finding roots
  Time elapsed :      0.251 s

Processing modes
   id    l     m    n_pg    n_p    n_g       Re(omega)       Im(omega)        chi n_iter
 1266   12     0    -122      0    122  0.58885309E+00  0.00000000E+00 0.5351E-13      5
 1267   12     0    -121      0    121  0.59399296E+00  0.00000000E+00 0.7996E-14      6
 1268   12     0    -120      0    120  0.59918293E+00  0.00000000E+00 0.2112E-13      5
 1269   12     0    -119      0    119  0.60372789E+00  0.00000000E+00 0.3599E-12      5
 1270   12     0    -118      0    118  0.60843730E+00  0.00000000E+00 0.1911E-12      5
 1271   12     0    -117      0    117  0.61394755E+00  0.00000000E+00 0.6825E-12      5
 1272   12     0    -116      0    116  0.61947025E+00  0.00000000E+00 0.2767E-12      6
 1273   12     0    -115      0    115  0.62427261E+00  0.00000000E+00 0.2260E-12      5
 1274   12     0    -114      0    114  0.62933355E+00  0.00000000E+00 0.3751E-12      5
 1275   12     0    -113      0    113  0.63525618E+00  0.00000000E+00 0.6893E-13      5
 1276   12     0    -112      0    112  0.64114370E+00  0.00000000E+00 0.1339E-12      6
 1277   12     0    -111      0    111  0.64622070E+00  0.00000000E+00 0.2403E-13      5
 1278   12     0    -110      0    110  0.65164668E+00  0.00000000E+00 0.2209E-12      5
 1279   12     0    -109      0    109  0.65800273E+00  0.00000000E+00 0.6147E-14      6
 1280   12     0    -108      0    108  0.66429542E+00  0.00000000E+00 0.7802E-13      6
 1281   12     0    -107      0    107  0.66970355E+00  0.00000000E+00 0.1056E-12      5
 1282   12     0    -106      0    106  0.67551126E+00  0.00000000E+00 0.4072E-12      5
 1283   12     0    -105      0    105  0.68233435E+00  0.00000000E+00 0.1749E-12      5
 1284   12     0    -104      0    104  0.68911295E+00  0.00000000E+00 0.6800E-12      5
 1285   12     0    -103      0    103  0.69491779E+00  0.00000000E+00 0.1297E-12      5
 1286   12     0    -102      0    102  0.70110380E+00  0.00000000E+00 0.3169E-13      5
 1287   12     0    -101      0    101  0.70844183E+00  0.00000000E+00 0.6828E-13      5
 1288   12     0    -100      0    100  0.71579312E+00  0.00000000E+00 0.2168E-12      5
 1289   12     0     -99      0     99  0.72207341E+00  0.00000000E+00 0.1043E-11      5
 1290   12     0     -98      0     98  0.72867633E+00  0.00000000E+00 0.2256E-12      6
 1291   12     0     -97      0     97  0.73659706E+00  0.00000000E+00 0.2685E-12      6
 1292   12     0     -96      0     96  0.74460039E+00  0.00000000E+00 0.2504E-12      5
 1293   12     0     -95      0     95  0.75142807E+00  0.00000000E+00 0.3946E-12      5
 1294   12     0     -94      0     94  0.75852159E+00  0.00000000E+00 0.1754E-13      6
 1295   12     0     -93      0     93  0.76712183E+00  0.00000000E+00 0.2687E-12      5
 1296   12     0     -92      0     92  0.77588181E+00  0.00000000E+00 0.8558E-13      6
 1297   12     0     -91      0     91  0.78334533E+00  0.00000000E+00 0.4387E-12      5
 1298   12     0     -90      0     90  0.79100447E+00  0.00000000E+00 0.6489E-13      6
 1299   12     0     -89      0     89  0.80038717E+00  0.00000000E+00 0.7678E-12      5
 1300   12     0     -88      0     88  0.81001989E+00  0.00000000E+00 0.5223E-13      6
 1301   12     0     -87      0     87  0.81823185E+00  0.00000000E+00 0.4093E-12      6
 1302   12     0     -86      0     86  0.82653040E+00  0.00000000E+00 0.5267E-13      6
 1303   12     0     -85      0     85  0.83679899E+00  0.00000000E+00 0.7141E-13      5
 1304   12     0     -84      0     84  0.84743370E+00  0.00000000E+00 0.3640E-12      6
 1305   12     0     -83      0     83  0.85647871E+00  0.00000000E+00 0.2258E-12      6
 1306   12     0     -82      0     82  0.86546644E+00  0.00000000E+00 0.1138E-12      5
 1307   12     0     -81      0     81  0.87675029E+00  0.00000000E+00 0.1613E-12      5
 1308   12     0     -80      0     80  0.88851092E+00  0.00000000E+00 0.1241E-12      6
 1309   12     0     -79      0     79  0.89845735E+00  0.00000000E+00 0.1579E-12      6
 1310   12     0     -78      0     78  0.90828386E+00  0.00000000E+00 0.1333E-12      6
 1311   12     0     -77      0     77  0.92076520E+00  0.00000000E+00 0.2929E-12      5
 1312   12     0     -76      0     76  0.93381495E+00  0.00000000E+00 0.8697E-13      6
 1313   12     0     -75      0     75  0.94482222E+00  0.00000000E+00 0.8361E-14      6
 1314   12     0     -74      0     74  0.95561105E+00  0.00000000E+00 0.2912E-12      6
 1315   12     0     -73      0     73  0.96943537E+00  0.00000000E+00 0.3055E-12      5
 1316   12     0     -72      0     72  0.98392323E+00  0.00000000E+00 0.2410E-13      6
 1317   12     0     -71      0     71  0.99605529E+00  0.00000000E+00 0.1370E-12      6
 1318   12     0     -70      0     70  0.10079850E+01  0.00000000E+00 0.3945E-12      6
 1319   12     0     -69      0     69  0.10234180E+01  0.00000000E+00 0.7076E-13      5
 1320   12     0     -68      0     68  0.10395961E+01  0.00000000E+00 0.2503E-13      6
 1321   12     0     -67      0     67  0.10530369E+01  0.00000000E+00 0.3368E-13      5
 1322   12     0     -66      0     66  0.10662556E+01  0.00000000E+00 0.4558E-12      6
 1323   12     0     -65      0     65  0.10835453E+01  0.00000000E+00 0.2206E-12      5
 1324   12     0     -64      0     64  0.11016479E+01  0.00000000E+00 0.2245E-12      6
 1325   12     0     -63      0     63  0.11164163E+01  0.00000000E+00 0.8658E-13      6
 1326   12     0     -62      0     62  0.11312242E+01  0.00000000E+00 0.1042E-12      5
 1327   12     0     -61      0     61  0.11508045E+01  0.00000000E+00 0.1449E-12      5
 1328   12     0     -60      0     60  0.11710405E+01  0.00000000E+00 0.1386E-12      6
 1329   12     0     -59      0     59  0.11871105E+01  0.00000000E+00 0.1662E-12      5
 1330   12     0     -58      0     58  0.12042369E+01  0.00000000E+00 0.2228E-13      5
 1331   12     0     -57      0     57  0.12266765E+01  0.00000000E+00 0.4072E-13      5
 1332   12     0     -56      0     56  0.12493861E+01  0.00000000E+00 0.3926E-12      6
 1333   12     0     -55      0     55  0.12669269E+01  0.00000000E+00 0.6693E-13      5
 1334   12     0     -54      0     54  0.12868274E+01  0.00000000E+00 0.2214E-13      6
 1335   12     0     -53      0     53  0.13125309E+01  0.00000000E+00 0.3920E-12      5
 1336   12     0     -52      0     52  0.13378415E+01  0.00000000E+00 0.3223E-13      6
 1337   12     0     -51      0     51  0.13569956E+01  0.00000000E+00 0.6125E-13      6
 1338   12     0     -50      0     50  0.13807281E+01  0.00000000E+00 0.8790E-14      6
 1339   12     0     -49      0     49  0.14105967E+01  0.00000000E+00 0.1585E-12      5
 1340   12     0     -48      0     48  0.14394751E+01  0.00000000E+00 0.8429E-13      6
 1341   12     0     -47      0     47  0.14611513E+01  0.00000000E+00 0.2713E-12      6
 1342   12     0     -46      0     46  0.14891942E+01  0.00000000E+00 0.1273E-12      5
 1343   12     0     -45      0     45  0.15239665E+01  0.00000000E+00 0.5826E-13      5
 1344   12     0     -44      0     44  0.15572409E+01  0.00000000E+00 0.9014E-13      6
 1345   12     0     -43      0     43  0.15819253E+01  0.00000000E+00 0.1488E-12      6
 1346   12     0     -42      0     42  0.16150370E+01  0.00000000E+00 0.8640E-13      6
 1347   12     0     -41      0     41  0.16562901E+01  0.00000000E+00 0.1427E-12      6
 1348   12     0     -40      0     40  0.16966383E+01  0.00000000E+00 0.7083E-13      6
  Time elapsed :      3.321 s

Mode Search
-----------

Mode parameters
   l : 13
   m : 0

Building frequency grid (REAL axis)
   added scan interval :  0.5234E+00 ->  0.2104E+01 (3000 points, INVERSE)

Building spatial grid
   Scaffold grid from model
   Split 89 subinterval(s) in iteration 1
   Split 10 subinterval(s) in iteration 2
   Split 0 subinterval(s) in iteration 3
   Final grid has 1 segment(s) and 7236 point(s):
      Segment 1 : x range 0.0000 -> 1.0012 (1 -> 7236)

Starting search (adiabatic)

Scanning frequencies
  Time elapsed :     1.707 s

Finding roots
  Time elapsed :      0.274 s

Processing modes
   id    l     m    n_pg    n_p    n_g       Re(omega)       Im(omega)        chi n_iter
 1374   13     0    -131      0    131  0.59292241E+00  0.00000000E+00 0.4248E-12      6
 1375   13     0    -130      0    130  0.59703367E+00  0.00000000E+00 0.5559E-13      5
 1376   13     0    -129      0    129  0.60181865E+00  0.00000000E+00 0.1720E-12      5
 1377   13     0    -128      0    128  0.60679360E+00  0.00000000E+00 0.1215E-12      6
 1378   13     0    -127      0    127  0.61124450E+00  0.00000000E+00 0.1407E-12      6
 1379   13     0    -126      0    126  0.61564804E+00  0.00000000E+00 0.1650E-12      5
 1380   13     0    -125      0    125  0.62078988E+00  0.00000000E+00 0.3183E-12      6
 1381   13     0    -124      0    124  0.62606687E+00  0.00000000E+00 0.1604E-12      6
 1382   13     0    -123      0    123  0.63073528E+00  0.00000000E+00 0.5398E-12      6
 1383   13     0    -122      0    122  0.63543756E+00  0.00000000E+00 0.8826E-13      5
 1384   13     0    -121      0    121  0.64095110E+00  0.00000000E+00 0.2244E-12      6
 1385   13     0    -120      0    120  0.64656759E+00  0.00000000E+00 0.4312E-12      6
 1386   13     0    -119      0    119  0.65150224E+00  0.00000000E+00 0.5919E-13      5
 1387   13     0    -118      0    118  0.65653100E+00  0.00000000E+00 0.1111E-11      5
 1388   13     0    -117      0    117  0.66244065E+00  0.00000000E+00 0.2077E-13      5
 1389   13     0    -116      0    116  0.66842169E+00  0.00000000E+00 0.2186E-13      6
 1390   13     0    -115      0    115  0.67363741E+00  0.00000000E+00 0.2239E-12      6
 1391   13     0    -114      0    114  0.67903253E+00  0.00000000E+00 0.3991E-12      5
 1392   13     0    -113      0    113  0.68538277E+00  0.00000000E+00 0.9050E-13      6
 1393   13     0    -112      0    112  0.69176382E+00  0.00000000E+00 0.4770E-12      6
 1394   13     0    -111      0    111  0.69727989E+00  0.00000000E+00 0.2909E-12      6
 1395   13     0    -110      0    110  0.70305369E+00  0.00000000E+00 0.2932E-12      5
 1396   13     0    -109      0    109  0.70986628E+00  0.00000000E+00 0.2422E-12      6
 1397   13     0    -108      0    108  0.71669084E+00  0.00000000E+00 0.3092E-12      6
 1398   13     0    -107      0    107  0.72257084E+00  0.00000000E+00 0.3852E-12      6
 1399   13     0    -106      0    106  0.72874093E+00  0.00000000E+00 0.9472E-14      5
 1400   13     0    -105      0    105  0.73604871E+00  0.00000000E+00 0.6367E-12      6
 1401   13     0    -104      0    104  0.74340142E+00  0.00000000E+00 0.8231E-13      6
 1402   13     0    -103      0    103  0.74972314E+00  0.00000000E+00 0.6592E-12      5
 1403   13     0    -102      0    102  0.75628349E+00  0.00000000E+00 0.1059E-12      6
 1404   13     0    -101      0    101  0.76413180E+00  0.00000000E+00 0.2520E-12      6
 1405   13     0    -100      0    100  0.77210372E+00  0.00000000E+00 0.2037E-12      5
 1406   13     0     -99      0     99  0.77895816E+00  0.00000000E+00 0.6345E-12      5
 1407   13     0     -98      0     98  0.78594824E+00  0.00000000E+00 0.1880E-12      6
 1408   13     0     -97      0     97  0.79440499E+00  0.00000000E+00 0.1972E-12      5
 1409   13     0     -96      0     96  0.80308138E+00  0.00000000E+00 0.3055E-12      6
 1410   13     0     -95      0     95  0.81054994E+00  0.00000000E+00 0.1490E-12      6
 1411   13     0     -94      0     94  0.81804896E+00  0.00000000E+00 0.2301E-12      5
 1412   13     0     -93      0     93  0.82721739E+00  0.00000000E+00 0.3189E-12      5
 1413   13     0     -92      0     92  0.83671116E+00  0.00000000E+00 0.6964E-13      5
 1414   13     0     -91      0     91  0.84489192E+00  0.00000000E+00 0.6509E-13      5
 1415   13     0     -90      0     90  0.85297895E+00  0.00000000E+00 0.3041E-12      6
 1416   13     0     -89      0     89  0.86296497E+00  0.00000000E+00 0.2210E-12      5
 1417   13     0     -88      0     88  0.87339735E+00  0.00000000E+00 0.3681E-13      6
 1418   13     0     -87      0     87  0.88241432E+00  0.00000000E+00 0.2881E-12      6
 1419   13     0     -86      0     86  0.89116559E+00  0.00000000E+00 0.2691E-12      6
 1420   13     0     -85      0     85  0.90207079E+00  0.00000000E+00 0.1116E-12      5
 1421   13     0     -84      0     84  0.91357756E+00  0.00000000E+00 0.9466E-13      5
 1422   13     0     -83      0     83  0.92353175E+00  0.00000000E+00 0.9079E-13      6
 1423   13     0     -82      0     82  0.93299517E+00  0.00000000E+00 0.1743E-12      6
 1424   13     0     -81      0     81  0.94495280E+00  0.00000000E+00 0.1142E-12      5
 1425   13     0     -80      0     80  0.95767070E+00  0.00000000E+00 0.1627E-12      6
 1426   13     0     -79      0     79  0.96863743E+00  0.00000000E+00 0.2748E-13      5
 1427   13     0     -78      0     78  0.97896050E+00  0.00000000E+00 0.4527E-13      6
 1428   13     0     -77      0     77  0.99216450E+00  0.00000000E+00 0.2365E-12      5
 1429   13     0     -76      0     76  0.10062668E+01  0.00000000E+00 0.1508E-12      6
 1430   13     0     -75      0     75  0.10184159E+01  0.00000000E+00 0.3590E-12      6
 1431   13     0     -74      0     74  0.10297322E+01  0.00000000E+00 0.8973E-14      5
 1432   13     0     -73      0     73  0.10443339E+01  0.00000000E+00 0.2915E-14      5
 1433   13     0     -72      0     72  0.10599785E+01  0.00000000E+00 0.1076E-12      6
 1434   13     0     -71      0     71  0.10733737E+01  0.00000000E+00 0.2707E-12      6
 1435   13     0     -70      0     70  0.10858499E+01  0.00000000E+00 0.4923E-13      6
 1436   13     0     -69      0     69  0.11021266E+01  0.00000000E+00 0.2154E-12      5
 1437   13     0     -68      0     68  0.11195751E+01  0.00000000E+00 0.1622E-12      6
 1438   13     0     -67      0     67  0.11344180E+01  0.00000000E+00 0.1050E-12      6
 1439   13     0     -66      0     66  0.11481964E+01  0.00000000E+00 0.2309E-12      6
 1440   13     0     -65      0     65  0.11664057E+01  0.00000000E+00 0.1226E-12      5
 1441   13     0     -64      0     64  0.11859178E+01  0.00000000E+00 0.1467E-12      6
 1442   13     0     -63      0     63  0.12022233E+01  0.00000000E+00 0.9709E-13      5
 1443   13     0     -62      0     62  0.12175951E+01  0.00000000E+00 0.1265E-12      6
 1444   13     0     -61      0     61  0.12382297E+01  0.00000000E+00 0.1865E-12      5
 1445   13     0     -60      0     60  0.12600608E+01  0.00000000E+00 0.1244E-13      6
 1446   13     0     -59      0     59  0.12777687E+01  0.00000000E+00 0.1914E-12      5
 1447   13     0     -58      0     58  0.12954654E+01  0.00000000E+00 0.1754E-12      6
 1448   13     0     -57      0     57  0.13191382E+01  0.00000000E+00 0.1038E-13      5
 1449   13     0     -56      0     56  0.13436610E+01  0.00000000E+00 0.5202E-14      6
 1450   13     0     -55      0     55  0.13629506E+01  0.00000000E+00 0.1445E-12      5
 1451   13     0     -54      0     54  0.13833975E+01  0.00000000E+00 0.1097E-12      6
 1452   13     0     -53      0     53  0.14105174E+01  0.00000000E+00 0.4206E-12      5
 1453   13     0     -52      0     52  0.14379971E+01  0.00000000E+00 0.2055E-12      6
 1454   13     0     -51      0     51  0.14590722E+01  0.00000000E+00 0.1020E-12      5
 1455   13     0     -50      0     50  0.14832491E+01  0.00000000E+00 0.1745E-12      6
 1456   13     0     -49      0     49  0.15147608E+01  0.00000000E+00 0.1705E-12      5
 1457   13     0     -48      0     48  0.15463387E+01  0.00000000E+00 0.1249E-12      6
 1458   13     0     -47      0     47  0.15702717E+01  0.00000000E+00 0.1071E-12      6
 1459   13     0     -46      0     46  0.15983530E+01  0.00000000E+00 0.6959E-13      6
 1460   13     0     -45      0     45  0.16348579E+01  0.00000000E+00 0.5016E-13      5
 1461   13     0     -44      0     44  0.16715283E+01  0.00000000E+00 0.1106E-12      6
  Time elapsed :      3.674 s

Mode Search
-----------

Mode parameters
   l : 14
   m : 0

Building frequency grid (REAL axis)
   added scan interval :  0.5234E+00 ->  0.2104E+01 (3000 points, INVERSE)

Building spatial grid
   Scaffold grid from model
   Split 203 subinterval(s) in iteration 1
   Split 20 subinterval(s) in iteration 2
   Split 0 subinterval(s) in iteration 3
   Final grid has 1 segment(s) and 7360 point(s):
      Segment 1 : x range 0.0000 -> 1.0012 (1 -> 7360)

Starting search (adiabatic)

Scanning frequencies
  Time elapsed :     1.771 s

Finding roots
  Time elapsed :      0.297 s

Processing modes
   id    l     m    n_pg    n_p    n_g       Re(omega)       Im(omega)        chi n_iter
 1490   14     0    -141      0    141  0.59164354E+00  0.00000000E+00 0.9052E-12      5
 1491   14     0    -140      0    140  0.59613044E+00  0.00000000E+00 0.3130E-12      6
 1492   14     0    -139      0    139  0.60030082E+00  0.00000000E+00 0.6175E-12      6
 1493   14     0    -138      0    138  0.60421608E+00  0.00000000E+00 0.2119E-12      5
 1494   14     0    -137      0    137  0.60868670E+00  0.00000000E+00 0.1720E-12      5
 1495   14     0    -136      0    136  0.61344814E+00  0.00000000E+00 0.4554E-12      5
 1496   14     0    -135      0    135  0.61781711E+00  0.00000000E+00 0.7619E-14      6
 1497   14     0    -134      0    134  0.62194028E+00  0.00000000E+00 0.4299E-12      5
 1498   14     0    -133      0    133  0.62671331E+00  0.00000000E+00 0.6998E-12      5
 1499   14     0    -132      0    132  0.63177104E+00  0.00000000E+00 0.3701E-13      6
 1500   14     0    -131      0    131  0.63637310E+00  0.00000000E+00 0.4633E-13      6
 1501   14     0    -130      0    130  0.64075632E+00  0.00000000E+00 0.5600E-13      5
 1502   14     0    -129      0    129  0.64585268E+00  0.00000000E+00 0.2194E-12      5
 1503   14     0    -128      0    128  0.65119800E+00  0.00000000E+00 0.8978E-13      6
 1504   14     0    -127      0    127  0.65600680E+00  0.00000000E+00 0.3200E-12      5
 1505   14     0    -126      0    126  0.66069400E+00  0.00000000E+00 0.1011E-11      5
 1506   14     0    -125      0    125  0.66617199E+00  0.00000000E+00 0.2711E-12      6
 1507   14     0    -124      0    124  0.67184617E+00  0.00000000E+00 0.9792E-13      6
 1508   14     0    -123      0    123  0.67689159E+00  0.00000000E+00 0.1882E-12      6
 1509   14     0    -122      0    122  0.68188887E+00  0.00000000E+00 0.2720E-12      5
 1510   14     0    -121      0    121  0.68776309E+00  0.00000000E+00 0.3155E-12      5
 1511   14     0    -120      0    120  0.69380657E+00  0.00000000E+00 0.1624E-12      6
 1512   14     0    -119      0    119  0.69914259E+00  0.00000000E+00 0.1430E-12      6
 1513   14     0    -118      0    118  0.70447884E+00  0.00000000E+00 0.8143E-12      5
 1514   14     0    -117      0    117  0.71077309E+00  0.00000000E+00 0.2246E-12      6
 1515   14     0    -116      0    116  0.71721325E+00  0.00000000E+00 0.2916E-12      6
 1516   14     0    -115      0    115  0.72285601E+00  0.00000000E+00 0.1732E-12      6
 1517   14     0    -114      0    114  0.72857047E+00  0.00000000E+00 0.2215E-13      6
 1518   14     0    -113      0    113  0.73533162E+00  0.00000000E+00 0.1231E-12      6
 1519   14     0    -112      0    112  0.74220766E+00  0.00000000E+00 0.1441E-12      5
 1520   14     0    -111      0    111  0.74817954E+00  0.00000000E+00 0.6071E-13      6
 1521   14     0    -110      0    110  0.75428248E+00  0.00000000E+00 0.2221E-12      5
 1522   14     0    -109      0    109  0.76153209E+00  0.00000000E+00 0.3280E-12      6
 1523   14     0    -108      0    108  0.76889004E+00  0.00000000E+00 0.2273E-12      6
 1524   14     0    -107      0    107  0.77526272E+00  0.00000000E+00 0.8518E-13      5
 1525   14     0    -106      0    106  0.78177390E+00  0.00000000E+00 0.8987E-13      6
 1526   14     0    -105      0    105  0.78954281E+00  0.00000000E+00 0.4086E-12      6
 1527   14     0    -104      0    104  0.79746951E+00  0.00000000E+00 0.1300E-12      5
 1528   14     0    -103      0    103  0.80433387E+00  0.00000000E+00 0.1572E-12      6
 1529   14     0    -102      0    102  0.81124613E+00  0.00000000E+00 0.7250E-13      6
 1530   14     0    -101      0    101  0.81957512E+00  0.00000000E+00 0.7088E-12      5
 1531   14     0    -100      0    100  0.82816450E+00  0.00000000E+00 0.1011E-12      6
 1532   14     0     -99      0     99  0.83562423E+00  0.00000000E+00 0.5516E-12      6
 1533   14     0     -98      0     98  0.84297955E+00  0.00000000E+00 0.3716E-12      6
 1534   14     0     -97      0     97  0.85193527E+00  0.00000000E+00 0.7013E-12      5
 1535   14     0     -96      0     96  0.86127842E+00  0.00000000E+00 0.2075E-12      6
 1536   14     0     -95      0     95  0.86942516E+00  0.00000000E+00 0.5151E-12      5
 1537   14     0     -94      0     94  0.87730905E+00  0.00000000E+00 0.2440E-12      6
 1538   14     0     -93      0     93  0.88700016E+00  0.00000000E+00 0.1153E-12      5
 1539   14     0     -92      0     92  0.89721788E+00  0.00000000E+00 0.1795E-12      6
 1540   14     0     -91      0     91  0.90615970E+00  0.00000000E+00 0.1075E-12      6
 1541   14     0     -90      0     90  0.91465624E+00  0.00000000E+00 0.1325E-12      6
 1542   14     0     -89      0     89  0.92518929E+00  0.00000000E+00 0.2911E-13      5
 1543   14     0     -88      0     88  0.93640576E+00  0.00000000E+00 0.3242E-12      6
 1544   14     0     -87      0     87  0.94627666E+00  0.00000000E+00 0.6775E-13      5
 1545   14     0     -86      0     86  0.95546736E+00  0.00000000E+00 0.1893E-12      6
 1546   14     0     -85      0     85  0.96693999E+00  0.00000000E+00 0.7828E-14      5
 1547   14     0     -84      0     84  0.97929638E+00  0.00000000E+00 0.3185E-12      6
 1548   14     0     -83      0     83  0.99021467E+00  0.00000000E+00 0.1002E-12      5
 1549   14     0     -82      0     82  0.10001473E+01  0.00000000E+00 0.1254E-15      5
 1550   14     0     -81      0     81  0.10126934E+01  0.00000000E+00 0.9492E-13      5
 1551   14     0     -80      0     80  0.10263385E+01  0.00000000E+00 0.1213E-12      6
 1552   14     0     -79      0     79  0.10383879E+01  0.00000000E+00 0.1932E-12      6
 1553   14     0     -78      0     78  0.10492050E+01  0.00000000E+00 0.1763E-12      6
 1554   14     0     -77      0     77  0.10630293E+01  0.00000000E+00 0.5561E-12      5
 1555   14     0     -76      0     76  0.10781467E+01  0.00000000E+00 0.2722E-12      6
 1556   14     0     -75      0     75  0.10915063E+01  0.00000000E+00 0.9952E-13      6
 1557   14     0     -74      0     74  0.11033518E+01  0.00000000E+00 0.3319E-12      6
 1558   14     0     -73      0     73  0.11186099E+01  0.00000000E+00 0.1611E-12      5
 1559   14     0     -72      0     72  0.11353637E+01  0.00000000E+00 0.3215E-12      6
 1560   14     0     -71      0     71  0.11500975E+01  0.00000000E+00 0.3280E-12      6
 1561   14     0     -70      0     70  0.11631174E+01  0.00000000E+00 0.3628E-13      6
 1562   14     0     -69      0     69  0.11800957E+01  0.00000000E+00 0.6923E-12      5
 1563   14     0     -68      0     68  0.11987557E+01  0.00000000E+00 0.1062E-12      6
 1564   14     0     -67      0     67  0.12150853E+01  0.00000000E+00 0.2157E-12      6
 1565   14     0     -66      0     66  0.12294176E+01  0.00000000E+00 0.6802E-13      6
 1566   14     0     -65      0     65  0.12483821E+01  0.00000000E+00 0.4786E-12      5
 1567   14     0     -64      0     64  0.12692372E+01  0.00000000E+00 0.1124E-12      6
 1568   14     0     -63      0     63  0.12871845E+01  0.00000000E+00 0.3336E-14      6
 1569   14     0     -62      0     62  0.13030880E+01  0.00000000E+00 0.8399E-13      6
 1570   14     0     -61      0     61  0.13245943E+01  0.00000000E+00 0.9894E-13      5
 1571   14     0     -60      0     60  0.13479524E+01  0.00000000E+00 0.8747E-14      5
 1572   14     0     -59      0     59  0.13674480E+01  0.00000000E+00 0.1215E-12      6
 1573   14     0     -58      0     58  0.13856170E+01  0.00000000E+00 0.5202E-13      6
 1574   14     0     -57      0     57  0.14103164E+01  0.00000000E+00 0.1030E-12      5
 1575   14     0     -56      0     56  0.14365842E+01  0.00000000E+00 0.9812E-14      6
 1576   14     0     -55      0     55  0.14578573E+01  0.00000000E+00 0.2052E-12      5
 1577   14     0     -54      0     54  0.14786529E+01  0.00000000E+00 0.6184E-13      5
 1578   14     0     -53      0     53  0.15069370E+01  0.00000000E+00 0.1395E-12      5
 1579   14     0     -52      0     52  0.15365194E+01  0.00000000E+00 0.1763E-12      6
 1580   14     0     -51      0     51  0.15599261E+01  0.00000000E+00 0.1304E-12      5
 1581   14     0     -50      0     50  0.15841909E+01  0.00000000E+00 0.9786E-13      6
 1582   14     0     -49      0     49  0.16169881E+01  0.00000000E+00 0.1159E-12      5
 1583   14     0     -48      0     48  0.16510958E+01  0.00000000E+00 0.1676E-13      6
 1584   14     0     -47      0     47  0.16779906E+01  0.00000000E+00 0.1481E-12      5
  Time elapsed :      3.965 s

Mode Search
-----------

Mode parameters
   l : 15
   m : 0

Building frequency grid (REAL axis)
   added scan interval :  0.5234E+00 ->  0.2104E+01 (3000 points, INVERSE)

Building spatial grid
   Scaffold grid from model
   Split 261 subinterval(s) in iteration 1
   Split 23 subinterval(s) in iteration 2
   Split 0 subinterval(s) in iteration 3
   Final grid has 1 segment(s) and 7421 point(s):
      Segment 1 : x range 0.0000 -> 1.0012 (1 -> 7421)

Starting search (adiabatic)

Scanning frequencies
  Time elapsed :     1.835 s

Finding roots
  Time elapsed :      0.327 s

Processing modes
   id    l     m    n_pg    n_p    n_g       Re(omega)       Im(omega)        chi n_iter
 1614   15     0    -151      0    151  0.59104874E+00  0.00000000E+00 0.2751E-12      5
 1615   15     0    -150      0    150  0.59458274E+00  0.00000000E+00 0.8926E-13      5
 1616   15     0    -149      0    149  0.59849499E+00  0.00000000E+00 0.1740E-12      5
 1617   15     0    -148      0    148  0.60279727E+00  0.00000000E+00 0.4675E-12      5
 1618   15     0    -147      0    147  0.60689287E+00  0.00000000E+00 0.2067E-12      6
 1619   15     0    -146      0    146  0.61062164E+00  0.00000000E+00 0.1882E-12      5
 1620   15     0    -145      0    145  0.61477728E+00  0.00000000E+00 0.8727E-13      5
 1621   15     0    -144      0    144  0.61931880E+00  0.00000000E+00 0.3359E-12      6
 1622   15     0    -143      0    143  0.62361181E+00  0.00000000E+00 0.1090E-13      6
 1623   15     0    -142      0    142  0.62754857E+00  0.00000000E+00 0.2854E-12      5
 1624   15     0    -141      0    141  0.63196798E+00  0.00000000E+00 0.1973E-12      5
 1625   15     0    -140      0    140  0.63675625E+00  0.00000000E+00 0.6434E-13      6
 1626   15     0    -139      0    139  0.64123823E+00  0.00000000E+00 0.2939E-12      6
 1627   15     0    -138      0    138  0.64540486E+00  0.00000000E+00 0.1685E-12      5
 1628   15     0    -137      0    137  0.65013959E+00  0.00000000E+00 0.9026E-12      5
 1629   15     0    -136      0    136  0.65522300E+00  0.00000000E+00 0.3717E-12      6
 1630   15     0    -135      0    135  0.65992112E+00  0.00000000E+00 0.1008E-12      5
 1631   15     0    -134      0    134  0.66430307E+00  0.00000000E+00 0.3870E-12      5
 1632   15     0    -133      0    133  0.66935677E+00  0.00000000E+00 0.6396E-12      5
 1633   15     0    -132      0    132  0.67475898E+00  0.00000000E+00 0.7896E-13      6
 1634   15     0    -131      0    131  0.67971001E+00  0.00000000E+00 0.2579E-12      6
 1635   15     0    -130      0    130  0.68436224E+00  0.00000000E+00 0.2570E-12      5
 1636   15     0    -129      0    129  0.68975766E+00  0.00000000E+00 0.7229E-13      5
 1637   15     0    -128      0    128  0.69547110E+00  0.00000000E+00 0.1552E-12      6
 1638   15     0    -127      0    127  0.70064658E+00  0.00000000E+00 0.1532E-12      5
 1639   15     0    -126      0    126  0.70561190E+00  0.00000000E+00 0.3369E-12      5
 1640   15     0    -125      0    125  0.71141253E+00  0.00000000E+00 0.3783E-12      5
 1641   15     0    -124      0    124  0.71748235E+00  0.00000000E+00 0.1123E-12      5
 1642   15     0    -123      0    123  0.72291584E+00  0.00000000E+00 0.1357E-12      6
 1643   15     0    -122      0    122  0.72820035E+00  0.00000000E+00 0.2546E-12      5
 1644   15     0    -121      0    121  0.73442001E+00  0.00000000E+00 0.9715E-13      5
 1645   15     0    -120      0    120  0.74088903E+00  0.00000000E+00 0.2070E-13      5
 1646   15     0    -119      0    119  0.74663947E+00  0.00000000E+00 0.3100E-12      6
 1647   15     0    -118      0    118  0.75227346E+00  0.00000000E+00 0.4050E-12      6
 1648   15     0    -117      0    117  0.75893498E+00  0.00000000E+00 0.9068E-13      5
 1649   15     0    -116      0    116  0.76583314E+00  0.00000000E+00 0.1226E-12      6
 1650   15     0    -115      0    115  0.77191905E+00  0.00000000E+00 0.1007E-12      6
 1651   15     0    -114      0    114  0.77794004E+00  0.00000000E+00 0.1578E-12      6
 1652   15     0    -113      0    113  0.78509169E+00  0.00000000E+00 0.3502E-12      5
 1653   15     0    -112      0    112  0.79246131E+00  0.00000000E+00 0.5923E-12      6
 1654   15     0    -111      0    111  0.79890891E+00  0.00000000E+00 0.3166E-12      6
 1655   15     0    -110      0    110  0.80532544E+00  0.00000000E+00 0.2867E-12      6
 1656   15     0    -109      0    109  0.81298826E+00  0.00000000E+00 0.1901E-12      5
 1657   15     0    -108      0    108  0.82087756E+00  0.00000000E+00 0.3007E-13      6
 1658   15     0    -107      0    107  0.82776700E+00  0.00000000E+00 0.1351E-12      5
 1659   15     0    -106      0    106  0.83460205E+00  0.00000000E+00 0.2368E-12      6
 1660   15     0    -105      0    105  0.84280340E+00  0.00000000E+00 0.7334E-14      5
 1661   15     0    -104      0    104  0.85129968E+00  0.00000000E+00 0.1204E-12      6
 1662   15     0    -103      0    103  0.85873565E+00  0.00000000E+00 0.1092E-12      5
 1663   15     0    -102      0    102  0.86598359E+00  0.00000000E+00 0.2761E-12      6
 1664   15     0    -101      0    101  0.87475728E+00  0.00000000E+00 0.7744E-12      5
 1665   15     0    -100      0    100  0.88395565E+00  0.00000000E+00 0.2479E-12      6
 1666   15     0     -99      0     99  0.89205427E+00  0.00000000E+00 0.2137E-12      6
 1667   15     0     -98      0     98  0.89976215E+00  0.00000000E+00 0.3696E-13      5
 1668   15     0     -97      0     97  0.90917164E+00  0.00000000E+00 0.1882E-12      5
 1669   15     0     -96      0     96  0.91916864E+00  0.00000000E+00 0.2476E-12      5
 1670   15     0     -95      0     95  0.92803251E+00  0.00000000E+00 0.1181E-12      6
 1671   15     0     -94      0     94  0.93629475E+00  0.00000000E+00 0.5782E-13      6
 1672   15     0     -93      0     93  0.94645305E+00  0.00000000E+00 0.1244E-12      5
 1673   15     0     -92      0     92  0.95737637E+00  0.00000000E+00 0.1377E-12      6
 1674   15     0     -91      0     91  0.96712185E+00  0.00000000E+00 0.1780E-12      6
 1675   15     0     -90      0     90  0.97602866E+00  0.00000000E+00 0.1777E-13      6
 1676   15     0     -89      0     89  0.98704122E+00  0.00000000E+00 0.1426E-12      5
 1677   15     0     -88      0     88  0.99901657E+00  0.00000000E+00 0.1180E-12      6
 1678   15     0     -87      0     87  0.10097865E+01  0.00000000E+00 0.8549E-13      5
 1679   15     0     -86      0     86  0.10194282E+01  0.00000000E+00 0.1365E-12      6
 1680   15     0     -85      0     85  0.10313857E+01  0.00000000E+00 0.4393E-12      5
 1681   15     0     -84      0     84  0.10445576E+01  0.00000000E+00 0.3636E-12      6
 1682   15     0     -83      0     83  0.10564871E+01  0.00000000E+00 0.3728E-12      6
 1683   15     0     -82      0     82  0.10669158E+01  0.00000000E+00 0.1084E-12      6
 1684   15     0     -81      0     81  0.10799493E+01  0.00000000E+00 0.3047E-12      6
 1685   15     0     -80      0     80  0.10944775E+01  0.00000000E+00 0.8744E-13      5
 1686   15     0     -79      0     79  0.11076602E+01  0.00000000E+00 0.9845E-13      6
 1687   15     0     -78      0     78  0.11190102E+01  0.00000000E+00 0.8593E-13      5
 1688   15     0     -77      0     77  0.11333337E+01  0.00000000E+00 0.1551E-12      6
 1689   15     0     -76      0     76  0.11494126E+01  0.00000000E+00 0.6981E-13      6
 1690   15     0     -75      0     75  0.11640347E+01  0.00000000E+00 0.1754E-12      6
 1691   15     0     -74      0     74  0.11764613E+01  0.00000000E+00 0.5800E-13      6
 1692   15     0     -73      0     73  0.11922333E+01  0.00000000E+00 0.2401E-12      6
 1693   15     0     -72      0     72  0.12100301E+01  0.00000000E+00 0.5309E-13      6
 1694   15     0     -71      0     71  0.12261571E+01  0.00000000E+00 0.2612E-12      5
 1695   15     0     -70      0     70  0.12397756E+01  0.00000000E+00 0.1134E-12      6
 1696   15     0     -69      0     69  0.12572879E+01  0.00000000E+00 0.1896E-12      6
 1697   15     0     -68      0     68  0.12770805E+01  0.00000000E+00 0.1336E-12      5
 1698   15     0     -67      0     67  0.12949578E+01  0.00000000E+00 0.1040E-12      6
 1699   15     0     -66      0     66  0.13099068E+01  0.00000000E+00 0.6458E-13      5
 1700   15     0     -65      0     65  0.13294320E+01  0.00000000E+00 0.2816E-12      6
 1701   15     0     -64      0     64  0.13515415E+01  0.00000000E+00 0.9204E-13      6
 1702   15     0     -63      0     63  0.13712140E+01  0.00000000E+00 0.1271E-12      6
 1703   15     0     -62      0     62  0.13876924E+01  0.00000000E+00 0.3526E-12      6
 1704   15     0     -61      0     61  0.14098481E+01  0.00000000E+00 0.2526E-12      5
 1705   15     0     -60      0     60  0.14346385E+01  0.00000000E+00 0.1873E-12      6
 1706   15     0     -59      0     59  0.14560669E+01  0.00000000E+00 0.1176E-12      6
 1707   15     0     -58      0     58  0.14746908E+01  0.00000000E+00 0.1570E-12      6
 1708   15     0     -57      0     57  0.15001498E+01  0.00000000E+00 0.6528E-14      5
 1709   15     0     -56      0     56  0.15280531E+01  0.00000000E+00 0.9255E-13      6
 1710   15     0     -55      0     55  0.15515635E+01  0.00000000E+00 0.1609E-13      6
 1711   15     0     -54      0     54  0.15726150E+01  0.00000000E+00 0.1175E-12      6
 1712   15     0     -53      0     53  0.16017199E+01  0.00000000E+00 0.2469E-12      6
 1713   15     0     -52      0     52  0.16332611E+01  0.00000000E+00 0.4192E-14      6
 1714   15     0     -51      0     51  0.16594525E+01  0.00000000E+00 0.1081E-12      5
 1715   15     0     -50      0     50  0.16836129E+01  0.00000000E+00 0.1493E-12      6
  Time elapsed :      4.275 s

gyre [9.1.1]
------------

OpenMP Threads   : 16
Input filename   : gyre_nad_wide.in

Model Init
----------

Reading from MESA file
   File name ../mesa/LOGS/profile331.data.GYRE
   File version 1.01
   Read 7137 points
   No need to add central point

Mode Search
-----------

Mode parameters
   l : 0
   m : 0

Building frequency grid (REAL axis)
   added scan interval :  0.2791E+00 ->  0.8723E+01 (1000 points, INVERSE)
   added scan interval :  0.8723E+01 ->  0.3315E+02 (1000 points, LINEAR)

Building spatial grid
   Scaffold grid from model
   Split 0 subinterval(s) in iteration 1
   Final grid has 1 segment(s) and 7137 point(s):
      Segment 1 : x range 0.0000 -> 1.0012 (1 -> 7137)

Starting search (adiabatic)

Scanning frequencies
  Time elapsed :     1.204 s

Finding roots
  Time elapsed :      0.072 s

Processing modes
   id    l     m    n_pg    n_p    n_g       Re(omega)       Im(omega)        chi n_iter
    1    0     0       1      1      0  0.35454752E+01  0.00000000E+00 0.2311E-13      6
    2    0     0       2      2      0  0.45766947E+01  0.00000000E+00 0.8019E-16      6
    3    0     0       3      3      0  0.56904762E+01  0.00000000E+00 0.2028E-13      7
    4    0     0       4      4      0  0.68232501E+01  0.00000000E+00 0.2069E-13      6
    5    0     0       5      5      0  0.79549771E+01  0.00000000E+00 0.1692E-14      9
    6    0     0       6      6      0  0.90617980E+01  0.00000000E+00 0.1051E-12      6
    7    0     0       7      7      0  0.10173791E+02  0.00000000E+00 0.4404E-12      5
    8    0     0       8      8      0  0.11321748E+02  0.00000000E+00 0.4561E-13      7
    9    0     0       9      9      0  0.12507643E+02  0.00000000E+00 0.3399E-13      6
   10    0     0      10     10      0  0.13723970E+02  0.00000000E+00 0.6621E-13      5
   11    0     0      11     11      0  0.14966431E+02  0.00000000E+00 0.3141E-12      5
   12    0     0      12     12      0  0.16229276E+02  0.00000000E+00 0.9652E-13      8
   13    0     0      13     13      0  0.17501647E+02  0.00000000E+00 0.1406E-12      6
   14    0     0      14     14      0  0.18775821E+02  0.00000000E+00 0.3992E-12      5
   15    0     0      15     15      0  0.20047468E+02  0.00000000E+00 0.3369E-12      5
   16    0     0      16     16      0  0.21315261E+02  0.00000000E+00 0.3111E-12      5
   17    0     0      17     17      0  0.22579516E+02  0.00000000E+00 0.1017E-14      5
   18    0     0      18     18      0  0.23843120E+02  0.00000000E+00 0.2923E-12      5
   19    0     0      19     19      0  0.25111010E+02  0.00000000E+00 0.3048E-12      5
   20    0     0      20     20      0  0.26388239E+02  0.00000000E+00 0.3580E-12      5
  Time elapsed :      0.044 s

Starting search (non-adiabatic)

Finding roots
  Time elapsed :     23.108 s

Processing modes
   id    l     m    n_pg    n_p    n_g       Re(omega)       Im(omega)        chi n_iter
    1    0     0       1      1      0  0.35454822E+01  0.86964012E-06 0.3886E-08     10
    2    0     0       2      2      0  0.45767255E+01  0.13547634E-04 0.4860E-09      5
    3    0     0       3      3      0  0.56905313E+01  0.89545454E-04 0.1495E-08      7
    4    0     0       4      4      0  0.68231550E+01  0.38683971E-03 0.2352E-09      6
    5    0     0       5      5      0  0.79538685E+01  0.12720495E-02 0.5818E-11      8
    6    0     0       6      6      0  0.90570861E+01  0.30457794E-02 0.2792E-10     10
    7    0     0       7      7      0  0.10161501E+02  0.44080833E-02 0.3074E-10      7
    8    0     0       8      8      0  0.11299039E+02  0.28140661E-02 0.9899E-11      8
    9    0     0       9      9      0  0.12473617E+02 -0.29864313E-02 0.5715E-11     13
   10    0     0      10     10      0  0.13679739E+02 -0.12509723E-01 0.6024E-11      8
   11    0     0      11     11      0  0.14913857E+02 -0.24258721E-01 0.3869E-11     11
   12    0     0      12     12      0  0.16169043E+02 -0.37274772E-01 0.3735E-11      8
   13    0     0      13     13      0  0.17433406E+02 -0.50861897E-01 0.3808E-11      9
   14    0     0      14     14      0  0.18699109E+02 -0.63779246E-01 0.2419E-11      7
   15    0     0      15     15      0  0.19962469E+02 -0.74391865E-01 0.2196E-11      9
   16    0     0      16     16      0  0.21222622E+02 -0.82044660E-01 0.1573E-11      8
   17    0     0      17     17      0  0.22480055E+02 -0.87447369E-01 0.1982E-11      8
   18    0     0      18     18      0  0.23737209E+02 -0.92628641E-01 0.1880E-11      9
   19    0     0      19     19      0  0.24997101E+02 -0.10071221E+00 0.1473E-11      9
   20    0     0      20     20      0  0.26261846E+02 -0.11455465E+00 0.2473E-11     12
  Time elapsed :      1.299 s

Mode Search
-----------

Mode parameters
   l : 1
   m : 0

Building frequency grid (REAL axis)
   added scan interval :  0.2791E+00 ->  0.8723E+01 (1000 points, INVERSE)
   added scan interval :  0.8723E+01 ->  0.3315E+02 (1000 points, LINEAR)

Building spatial grid
   Scaffold grid from model
   Split 0 subinterval(s) in iteration 1
   Final grid has 1 segment(s) and 7137 point(s):
      Segment 1 : x range 0.0000 -> 1.0012 (1 -> 7137)

Starting search (adiabatic)

Scanning frequencies
  Time elapsed :    23.738 s

Finding roots
  Time elapsed :      3.270 s

Processing modes
   id    l     m    n_pg    n_p    n_g       Re(omega)       Im(omega)        chi n_iter
   34    1     0     -20      0     20  0.38732426E+00  0.00000000E+00 0.3159E-13      6
   35    1     0     -19      0     19  0.40678474E+00  0.00000000E+00 0.3715E-13      6
   36    1     0     -18      0     18  0.43290756E+00  0.00000000E+00 0.1257E-13      5
   37    1     0     -17      0     17  0.46080952E+00  0.00000000E+00 0.1597E-12      6
   38    1     0     -16      0     16  0.48004388E+00  0.00000000E+00 0.2363E-13      6
   39    1     0     -15      0     15  0.50757561E+00  0.00000000E+00 0.5003E-13      6
   40    1     0     -14      0     14  0.54872227E+00  0.00000000E+00 0.1743E-13      5
   41    1     0     -13      0     13  0.59596270E+00  0.00000000E+00 0.9282E-13      6
   42    1     0     -12      0     12  0.63192333E+00  0.00000000E+00 0.1745E-12      6
   43    1     0     -11      0     11  0.67645375E+00  0.00000000E+00 0.1632E-12      6
   44    1     0     -10      0     10  0.75276648E+00  0.00000000E+00 0.6057E-13      6
   45    1     0      -9      0      9  0.84968026E+00  0.00000000E+00 0.2682E-14      5
   46    1     0      -8      0      8  0.93201236E+00  0.00000000E+00 0.1189E-12      6
   47    1     0      -7      0      7  0.10249445E+01  0.00000000E+00 0.1783E-13      6
   48    1     0      -6      0      6  0.12107696E+01  0.00000000E+00 0.7521E-13      6
   49    1     0      -5      0      5  0.14816936E+01  0.00000000E+00 0.6303E-13      7
   50    1     0      -4      0      4  0.17984925E+01  0.00000000E+00 0.5926E-13      9
   51    1     0      -3      0      3  0.20844413E+01  0.00000000E+00 0.3615E-13      7
   52    1     0      -2      0      2  0.28899656E+01  0.00000000E+00 0.1311E-12     10
   53    1     0      -1      0      1  0.36371641E+01  0.00000000E+00 0.2624E-13      7
   54    1     0       1      1      1  0.46948591E+01  0.00000000E+00 0.2125E-13      7
   55    1     0       2      2      1  0.56981366E+01  0.00000000E+00 0.1331E-12     11
   56    1     0       3      3      1  0.61056531E+01  0.00000000E+00 0.1605E-13      8
   57    1     0       4      3      0  0.71385744E+01  0.00000000E+00 0.1757E-13      9
   58    1     0       5      4      0  0.83202282E+01  0.00000000E+00 0.1058E-13      9
   59    1     0       6      5      0  0.94746472E+01  0.00000000E+00 0.7549E-13      6
   60    1     0       7      6      0  0.10630959E+02  0.00000000E+00 0.2861E-14      6
   61    1     0       8      7      0  0.11817408E+02  0.00000000E+00 0.4522E-12      5
   62    1     0       9      8      0  0.13030198E+02  0.00000000E+00 0.1515E-12      5
   63    1     0      10      9      0  0.14266011E+02  0.00000000E+00 0.6969E-12      5
   64    1     0      11     10      0  0.15522760E+02  0.00000000E+00 0.1428E-12      5
   65    1     0      12     11      0  0.16792671E+02  0.00000000E+00 0.6488E-13      6
   66    1     0      13     12      0  0.18067165E+02  0.00000000E+00 0.1650E-12      5
   67    1     0      14     13      0  0.19340439E+02  0.00000000E+00 0.1559E-13      5
   68    1     0      15     14      0  0.20610753E+02  0.00000000E+00 0.5195E-12      5
   69    1     0      16     15      0  0.21877381E+02  0.00000000E+00 0.9227E-13      5
   70    1     0      17     16      0  0.23141592E+02  0.00000000E+00 0.9915E-13      5
   71    1     0      18     17      0  0.24408335E+02  0.00000000E+00 0.1111E-13      6
   72    1     0      19     18      0  0.25682662E+02  0.00000000E+00 0.7432E-13      5
   73    1     0      20     19      0  0.26967990E+02  0.00000000E+00 0.5534E-12      5
  Time elapsed :      0.894 s

Starting search (non-adiabatic)

Finding roots
  Time elapsed :     41.642 s

Processing modes
   id    l     m    n_pg    n_p    n_g       Re(omega)       Im(omega)        chi n_iter
   34    1     0     -20      0     20  0.38732426E+00 -0.29704015E-07 0.2049E-07      4
   35    1     0     -19      0     19  0.40678475E+00 -0.30117991E-07 0.7619E-08      4
   36    1     0     -18      0     18  0.43290757E+00 -0.24544654E-07 0.1980E-08      4
   37    1     0     -17      0     17  0.46080952E+00 -0.18683452E-07 0.2989E-07      5
   38    1     0     -16      0     16  0.48004388E+00 -0.14854712E-07 0.5065E-07      5
   39    1     0     -15      0     15  0.50757561E+00 -0.15001957E-07 0.2209E-07      5
   40    1     0     -14      0     14  0.54872227E+00 -0.12360882E-07 0.4641E-07      4
   41    1     0     -13      0     13  0.59596270E+00 -0.96206340E-08 0.3602E-07      4
   42    1     0     -12      0     12  0.63192333E+00 -0.75863693E-08 0.8492E-07      6
   43    1     0     -11      0     11  0.67645375E+00 -0.70765439E-08 0.1171E-06      7
   44    1     0     -10      0     10  0.75276648E+00 -0.55565422E-08 0.1685E-06      4
   45    1     0      -9      0      9  0.84968026E+00 -0.41414275E-08 0.1080E-06      4
   46    1     0      -8      0      8  0.93201236E+00 -0.32359682E-08 0.4643E-07      4
   47    1     0      -7      0      7  0.10249445E+01 -0.27191026E-08 0.3815E-07      5
   48    1     0      -6      0      6  0.12107696E+01 -0.19050700E-08 0.2521E-06      4
   49    1     0      -5      0      5  0.14816936E+01 -0.12483897E-08 0.6632E-07      5
   50    1     0      -4      0      4  0.17984925E+01 -0.85326420E-09 0.1348E-06      6
   51    1     0      -3      0      3  0.20844413E+01 -0.62138422E-09 0.2516E-06      5
   52    1     0      -2      0      2  0.28899656E+01  0.25420650E-08 0.4784E-06      8
   53    1     0      -1      0      1  0.36371673E+01  0.12198462E-05 0.1200E-07      5
   54    1     0       1      1      1  0.46948777E+01  0.17093784E-04 0.9725E-09      5
   55    1     0       2      2      1  0.56981495E+01  0.52704735E-04 0.6132E-08      6
   56    1     0       3      3      1  0.61056516E+01  0.91260703E-04 0.3476E-09      6
   57    1     0       4      3      0  0.71382578E+01  0.56916702E-03 0.3191E-10      9
   58    1     0       5      4      0  0.83181258E+01  0.18637793E-02 0.4191E-10      9
   59    1     0       6      5      0  0.94671922E+01  0.38755310E-02 0.3340E-10      7
   60    1     0       7      6      0  0.10614213E+02  0.43306336E-02 0.8470E-11     10
   61    1     0       8      7      0  0.11789398E+02  0.90853420E-03 0.8143E-11      8
   62    1     0       9      8      0  0.12991088E+02 -0.67806066E-02 0.5268E-11      9
   63    1     0      10      9      0  0.14217570E+02 -0.17548837E-01 0.2300E-11     10
   64    1     0      11     10      0  0.15466556E+02 -0.29945245E-01 0.1581E-11      8
   65    1     0      12     11      0  0.16728768E+02 -0.43319082E-01 0.3432E-13      8
   66    1     0      13     12      0  0.17995049E+02 -0.56779923E-01 0.2757E-11      8
   67    1     0      14     13      0  0.19259847E+02 -0.68844694E-01 0.1372E-10      8
   68    1     0      15     14      0  0.20522086E+02 -0.78171927E-01 0.4140E-11     10
   69    1     0      16     15      0  0.21781418E+02 -0.84674771E-01 0.2956E-11     10
   70    1     0      17     16      0  0.23039047E+02 -0.89684414E-01 0.1827E-10      8
   71    1     0      18     17      0  0.24298829E+02 -0.95871240E-01 0.5497E-11      8
   72    1     0      19     18      0  0.25563483E+02 -0.10630557E+00 0.4306E-11      8
   73    1     0      20     19      0  0.26832965E+02 -0.12351858E+00 0.9960E-11      8
  Time elapsed :      2.360 s

Mode Search
-----------

Mode parameters
   l : 2
   m : 0

Building frequency grid (REAL axis)
   added scan interval :  0.2791E+00 ->  0.8723E+01 (1000 points, INVERSE)
   added scan interval :  0.8723E+01 ->  0.3315E+02 (1000 points, LINEAR)

Building spatial grid
   Scaffold grid from model
   Split 0 subinterval(s) in iteration 1
   Final grid has 1 segment(s) and 7137 point(s):
      Segment 1 : x range 0.0000 -> 1.0012 (1 -> 7137)

Starting search (adiabatic)

Scanning frequencies
  Time elapsed :    23.545 s

Finding roots
  Time elapsed :      4.662 s

Processing modes
   id    l     m    n_pg    n_p    n_g       Re(omega)       Im(omega)        chi n_iter
  108    2     0     -20      0     20  0.66842475E+00  0.00000000E+00 0.3755E-13      6
  109    2     0     -19      0     19  0.70116560E+00  0.00000000E+00 0.2887E-13      6
  110    2     0     -18      0     18  0.74572403E+00  0.00000000E+00 0.9533E-14      5
  111    2     0     -17      0     17  0.79383458E+00  0.00000000E+00 0.6312E-13      6
  112    2     0     -16      0     16  0.82764291E+00  0.00000000E+00 0.3407E-14      6
  113    2     0     -15      0     15  0.87302121E+00  0.00000000E+00 0.3027E-13      6
  114    2     0     -14      0     14  0.94256129E+00  0.00000000E+00 0.2209E-13      7
  115    2     0     -13      0     13  0.10233340E+01  0.00000000E+00 0.1830E-12      6
  116    2     0     -12      0     12  0.10872940E+01  0.00000000E+00 0.4444E-13      5
  117    2     0     -11      0     11  0.11591906E+01  0.00000000E+00 0.1623E-12      6
  118    2     0     -10      0     10  0.12865428E+01  0.00000000E+00 0.1399E-13      6
  119    2     0      -9      0      9  0.14498997E+01  0.00000000E+00 0.3427E-13      7
  120    2     0      -8      0      8  0.15960222E+01  0.00000000E+00 0.2916E-13      6
  121    2     0      -7      0      7  0.17410295E+01  0.00000000E+00 0.1775E-13      7
  122    2     0      -6      0      6  0.20394577E+01  0.00000000E+00 0.9379E-14      6
  123    2     0      -5      0      5  0.24657909E+01  0.00000000E+00 0.5219E-13     10
  124    2     0      -4      0      4  0.29672179E+01  0.00000000E+00 0.1337E-13      6
  125    2     0      -3      0      3  0.33028954E+01  0.00000000E+00 0.3622E-13      8
  126    2     0      -2      0      2  0.36991812E+01  0.00000000E+00 0.2884E-13      8
  127    2     0      -1      1      2  0.42936517E+01  0.00000000E+00 0.3751E-13      8
  128    2     0       0      2      2  0.50132880E+01  0.00000000E+00 0.1715E-13      7
  129    2     0       1      2      1  0.57540065E+01  0.00000000E+00 0.1206E-13      6
  130    2     0       2      3      1  0.66434377E+01  0.00000000E+00 0.4266E-13      6
  131    2     0       3      4      1  0.77275131E+01  0.00000000E+00 0.1739E-14      7
  132    2     0       4      5      1  0.88565280E+01  0.00000000E+00 0.2671E-12      9
  133    2     0       5      6      1  0.99183995E+01  0.00000000E+00 0.4168E-13      7
  134    2     0       6      6      0  0.10182830E+02  0.00000000E+00 0.3658E-12      7
  135    2     0       7      7      0  0.11196816E+02  0.00000000E+00 0.1993E-12      8
  136    2     0       8      8      0  0.12390211E+02  0.00000000E+00 0.8658E-13      5
  137    2     0       9      9      0  0.13614174E+02  0.00000000E+00 0.3256E-13      6
  138    2     0      10     10      0  0.14861660E+02  0.00000000E+00 0.6403E-13      6
  139    2     0      11     11      0  0.16127854E+02  0.00000000E+00 0.4023E-13      6
  140    2     0      12     12      0  0.17402478E+02  0.00000000E+00 0.5632E-13      6
  141    2     0      13     13      0  0.18678203E+02  0.00000000E+00 0.5206E-12      5
  142    2     0      14     14      0  0.19950825E+02  0.00000000E+00 0.2731E-12      5
  143    2     0      15     15      0  0.21219390E+02  0.00000000E+00 0.1515E-12      5
  144    2     0      16     16      0  0.22484289E+02  0.00000000E+00 0.1745E-12      5
  145    2     0      17     17      0  0.23748233E+02  0.00000000E+00 0.2996E-12      5
  146    2     0      18     18      0  0.25016406E+02  0.00000000E+00 0.1208E-12      6
  147    2     0      19     19      0  0.26294102E+02  0.00000000E+00 0.1525E-13      5
  148    2     0      20     20      0  0.27582831E+02  0.00000000E+00 0.2103E-12      5
  Time elapsed :      1.430 s

Starting search (non-adiabatic)

Finding roots
  Time elapsed :     45.715 s

Processing modes
   id    l     m    n_pg    n_p    n_g       Re(omega)       Im(omega)        chi n_iter
  108    2     0     -20      0     20  0.66842476E+00 -0.30231301E-07 0.1095E-07      6
  109    2     0     -19      0     19  0.70116560E+00 -0.31214310E-07 0.9286E-08      5
  110    2     0     -18      0     18  0.74572403E+00 -0.25651676E-07 0.8711E-07      5
  111    2     0     -17      0     17  0.79383458E+00 -0.19706583E-07 0.3353E-07      6
  112    2     0     -16      0     16  0.82764291E+00 -0.15290364E-07 0.1215E-06      4
  113    2     0     -15      0     15  0.87302121E+00 -0.15718271E-07 0.4897E-07      6
  114    2     0     -14      0     14  0.94256129E+00 -0.13053413E-07 0.4975E-07      4
  115    2     0     -13      0     13  0.10233340E+01 -0.10187678E-07 0.7143E-07      5
  116    2     0     -12      0     12  0.10872940E+01 -0.78725867E-08 0.3027E-07      4
  117    2     0     -11      0     11  0.11591906E+01 -0.74343920E-08 0.2794E-07      5
  118    2     0     -10      0     10  0.12865428E+01 -0.59016149E-08 0.1860E-06      6
  119    2     0      -9      0      9  0.14498997E+01 -0.44226569E-08 0.1960E-08      6
  120    2     0      -8      0      8  0.15960222E+01 -0.34093130E-08 0.4782E-07      6
  121    2     0      -7      0      7  0.17410295E+01 -0.29137727E-08 0.2108E-06      5
  122    2     0      -6      0      6  0.20394577E+01 -0.20202349E-08 0.1709E-06      5
  123    2     0      -5      0      5  0.24657909E+01 -0.64526286E-09 0.4264E-06      4
  124    2     0      -4      0      4  0.29672179E+01  0.89086353E-08 0.4343E-06      6
  125    2     0      -3      0      3  0.33028956E+01  0.73243135E-07 0.1829E-06      6
  126    2     0      -2      0      2  0.36991834E+01  0.88791422E-06 0.1008E-07      7
  127    2     0      -1      1      2  0.42936584E+01  0.43169426E-05 0.3322E-07      7
  128    2     0       0      2      2  0.50133041E+01  0.20617165E-04 0.1897E-08      7
  129    2     0       1      2      1  0.57540201E+01  0.66020720E-04 0.1188E-07      5
  130    2     0       2      3      1  0.66433510E+01  0.27793835E-03 0.3896E-08     11
  131    2     0       3      4      1  0.77266669E+01  0.10151468E-02 0.2627E-09      7
  132    2     0       4      5      1  0.88526020E+01  0.27228853E-02 0.1736E-09      9
  133    2     0       5      6      1  0.99112991E+01  0.29741517E-02 0.3000E-10     10
  134    2     0       6      6      0  0.10178039E+02  0.16423500E-02 0.1234E-09      6
  135    2     0       7      7      0  0.11175082E+02  0.31934714E-02 0.1010E-09      7
  136    2     0       8      8      0  0.12356831E+02 -0.22504357E-02 0.4493E-10     11
  137    2     0       9      9      0  0.13570344E+02 -0.11618860E-01 0.1424E-10     11
  138    2     0      10     10      0  0.14809359E+02 -0.23321835E-01 0.1947E-10      8
  139    2     0      11     11      0  0.16067938E+02 -0.36295958E-01 0.1222E-10     10
  140    2     0      12     12      0  0.17334635E+02 -0.49883248E-01 0.2528E-10     10
  141    2     0      13     13      0  0.18601942E+02 -0.62902252E-01 0.5117E-11      8
  142    2     0      14     14      0  0.19866258E+02 -0.73721125E-01 0.7462E-11     10
  143    2     0      15     15      0  0.21127121E+02 -0.81592899E-01 0.2118E-10      8
  144    2     0      16     16      0  0.22385131E+02 -0.87115916E-01 0.2856E-11      9
  145    2     0      17     17      0  0.23642624E+02 -0.92221975E-01 0.1221E-11     12
  146    2     0      18     18      0  0.24902951E+02 -0.10002264E+00 0.9879E-12     11
  147    2     0      19     19      0  0.26168551E+02 -0.11341670E+00 0.4722E-13      7
  148    2     0      20     20      0  0.27437160E+02 -0.13418929E+00 0.3300E-11      9
  Time elapsed :      2.486 s

Mode Search
-----------

Mode parameters
   l : 3
   m : 0

Building frequency grid (REAL axis)
   added scan interval :  0.2791E+00 ->  0.8723E+01 (1000 points, INVERSE)
   added scan interval :  0.8723E+01 ->  0.3315E+02 (1000 points, LINEAR)

Building spatial grid
   Scaffold grid from model
   Split 0 subinterval(s) in iteration 1
   Final grid has 1 segment(s) and 7137 point(s):
      Segment 1 : x range 0.0000 -> 1.0012 (1 -> 7137)

Starting search (adiabatic)

Scanning frequencies
  Time elapsed :    23.003 s

Finding roots
  Time elapsed :      5.642 s

Processing modes
   id    l     m    n_pg    n_p    n_g       Re(omega)       Im(omega)        chi n_iter
  204    3     0     -20      0     20  0.94069911E+00  0.00000000E+00 0.8638E-14      6
  205    3     0     -19      0     19  0.98458970E+00  0.00000000E+00 0.2117E-13      6
  206    3     0     -18      0     18  0.10460810E+01  0.00000000E+00 0.5118E-13      6
  207    3     0     -17      0     17  0.11136332E+01  0.00000000E+00 0.5615E-13      6
  208    3     0     -16      0     16  0.11632566E+01  0.00000000E+00 0.6310E-13      6
  209    3     0     -15      0     15  0.12221204E+01  0.00000000E+00 0.3984E-13      6
  210    3     0     -14      0     14  0.13166419E+01  0.00000000E+00 0.4660E-13      6
  211    3     0     -13      0     13  0.14285066E+01  0.00000000E+00 0.1451E-13      6
  212    3     0     -12      0     12  0.15236819E+01  0.00000000E+00 0.3982E-13      5
  213    3     0     -11      0     11  0.16146393E+01  0.00000000E+00 0.6965E-14      7
  214    3     0     -10      0     10  0.17842379E+01  0.00000000E+00 0.4086E-13      7
  215    3     0      -9      0      9  0.20056680E+01  0.00000000E+00 0.6935E-13      6
  216    3     0      -8      0      8  0.22213324E+01  0.00000000E+00 0.3653E-13      7
  217    3     0      -7      0      7  0.23970161E+01  0.00000000E+00 0.5114E-15      7
  218    3     0      -6      0      6  0.27672817E+01  0.00000000E+00 0.3444E-14      6
  219    3     0      -5      0      5  0.32261329E+01  0.00000000E+00 0.2545E-14      7
  220    3     0      -4      0      4  0.35700893E+01  0.00000000E+00 0.4126E-14      7
  221    3     0      -3      1      4  0.41267564E+01  0.00000000E+00 0.1290E-13      7
  222    3     0      -2      1      3  0.44437615E+01  0.00000000E+00 0.3492E-14      6
  223    3     0      -1      1      2  0.47888082E+01  0.00000000E+00 0.4398E-13      7
  224    3     0       0      2      2  0.56057242E+01  0.00000000E+00 0.1377E-13      8
  225    3     0       1      2      1  0.62369125E+01  0.00000000E+00 0.2464E-14      6
  226    3     0       2      3      1  0.69393096E+01  0.00000000E+00 0.9334E-15      7
  227    3     0       3      4      1  0.80970526E+01  0.00000000E+00 0.8381E-14      6
  228    3     0       4      5      1  0.92568144E+01  0.00000000E+00 0.1063E-12      6
  229    3     0       5      6      1  0.10417789E+02  0.00000000E+00 0.2972E-14      6
  230    3     0       6      7      1  0.11604741E+02  0.00000000E+00 0.1521E-12      7
  231    3     0       7      7      0  0.12173670E+02  0.00000000E+00 0.5745E-12      7
  232    3     0       8      8      0  0.12837118E+02  0.00000000E+00 0.1406E-13      6
  233    3     0       9      9      0  0.14074838E+02  0.00000000E+00 0.5337E-12      5
  234    3     0      10     10      0  0.15336063E+02  0.00000000E+00 0.2912E-12      9
  235    3     0      11     11      0  0.16611583E+02  0.00000000E+00 0.1584E-12      5
  236    3     0      12     12      0  0.17891918E+02  0.00000000E+00 0.2005E-12      5
  237    3     0      13     13      0  0.19170857E+02  0.00000000E+00 0.2287E-12      6
  238    3     0      14     14      0  0.20446149E+02  0.00000000E+00 0.4573E-12      5
  239    3     0      15     15      0  0.21717029E+02  0.00000000E+00 0.1532E-11      6
  240    3     0      16     16      0  0.22984695E+02  0.00000000E+00 0.2539E-12      5
  241    3     0      17     17      0  0.24253753E+02  0.00000000E+00 0.1757E-12      5
  242    3     0      18     18      0  0.25529249E+02  0.00000000E+00 0.3625E-12      5
  243    3     0      19     19      0  0.26815269E+02  0.00000000E+00 0.9492E-13      5
  244    3     0      20     20      0  0.28111926E+02  0.00000000E+00 0.2856E-13      5
  Time elapsed :      1.206 s

Starting search (non-adiabatic)

Finding roots
  Time elapsed :     45.153 s

Processing modes
   id    l     m    n_pg    n_p    n_g       Re(omega)       Im(omega)        chi n_iter
  204    3     0     -20      0     20  0.94069912E+00 -0.30248585E-07 0.4347E-07      5
  205    3     0     -19      0     19  0.98458970E+00 -0.32430593E-07 0.6225E-07      6
  206    3     0     -18      0     18  0.10460810E+01 -0.27224075E-07 0.8739E-07      5
  207    3     0     -17      0     17  0.11136332E+01 -0.21285591E-07 0.2415E-07      4
  208    3     0     -16      0     16  0.11632566E+01 -0.15811085E-07 0.1216E-06      4
  209    3     0     -15      0     15  0.12221204E+01 -0.16709872E-07 0.4333E-07      3
  210    3     0     -14      0     14  0.13166419E+01 -0.14072506E-07 0.6272E-07      4
  211    3     0     -13      0     13  0.14285066E+01 -0.10987327E-07 0.8309E-07      5
  212    3     0     -12      0     12  0.15236819E+01 -0.81921289E-08 0.5227E-06      6
  213    3     0     -11      0     11  0.16146393E+01 -0.78139752E-08 0.2441E-07      5
  214    3     0     -10      0     10  0.17842379E+01 -0.63002110E-08 0.1178E-07      5
  215    3     0      -9      0      9  0.20056680E+01 -0.46711296E-08 0.1043E-06      5
  216    3     0      -8      0      8  0.22213324E+01 -0.34394309E-08 0.8068E-07      4
  217    3     0      -7      0      7  0.23970161E+01 -0.26609846E-08 0.1213E-06      5
  218    3     0      -6      0      6  0.27672818E+01  0.18048505E-08 0.1039E-06      4
  219    3     0      -5      0      5  0.32261332E+01  0.94943489E-07 0.5533E-07      6
  220    3     0      -4      0      4  0.35700904E+01  0.41665135E-06 0.1206E-07      5
  221    3     0      -3      1      4  0.41267588E+01  0.13360376E-05 0.7876E-08      6
  222    3     0      -2      1      3  0.44437690E+01  0.55493915E-05 0.5135E-08      5
  223    3     0      -1      1      2  0.47888143E+01  0.61853867E-05 0.1536E-07      5
  224    3     0       0      2      2  0.56057455E+01  0.68776712E-04 0.2031E-08      6
  225    3     0       1      2      1  0.62369076E+01  0.53460493E-04 0.5738E-09      9
  226    3     0       2      3      1  0.69391162E+01  0.42033368E-03 0.7643E-09      7
  227    3     0       3      4      1  0.80955184E+01  0.15135158E-02 0.7192E-10      7
  228    3     0       4      5      1  0.92507037E+01  0.35244257E-02 0.6341E-10     10
  229    3     0       5      6      1  0.10402858E+02  0.45213127E-02 0.5639E-10     12
  230    3     0       6      7      1  0.11578877E+02  0.18363128E-02 0.4421E-10     11
  231    3     0       7      7      0  0.12172826E+02 -0.30113591E-04 0.7031E-10      7
  232    3     0       8      8      0  0.12799740E+02 -0.53008352E-02 0.1494E-10     10
  233    3     0       9      9      0  0.14027423E+02 -0.15844759E-01 0.5759E-11      9
  234    3     0      10     10      0  0.15280657E+02 -0.28189265E-01 0.1942E-11      7
  235    3     0      11     11      0  0.16548481E+02 -0.41587031E-01 0.7940E-11     10
  236    3     0      12     12      0  0.17820646E+02 -0.55211303E-01 0.4672E-12     11
  237    3     0      13     13      0  0.19091071E+02 -0.67639107E-01 0.1077E-11      9
  238    3     0      14     14      0  0.20358202E+02 -0.77389909E-01 0.8025E-12      9
  239    3     0      15     15      0  0.21621674E+02 -0.84216510E-01 0.2582E-11      8
  240    3     0      16     16      0  0.22882687E+02 -0.89299344E-01 0.2619E-11      9
  241    3     0      17     17      0  0.24144956E+02 -0.95152787E-01 0.1538E-11     13
  242    3     0      18     18      0  0.25411278E+02 -0.10491466E+00 0.1220E-11      9
  243    3     0      19     19      0  0.26682372E+02 -0.12125942E+00 0.3148E-11      9
  244    3     0      20     20      0  0.27954243E+02 -0.14519404E+00 0.1097E-11     10
  Time elapsed :      2.562 s

Mode Search
-----------

Mode parameters
   l : 4
   m : 0

Building frequency grid (REAL axis)
   added scan interval :  0.2791E+00 ->  0.8723E+01 (1000 points, INVERSE)
   added scan interval :  0.8723E+01 ->  0.3315E+02 (1000 points, LINEAR)

Building spatial grid
   Scaffold grid from model
   Split 0 subinterval(s) in iteration 1
   Final grid has 1 segment(s) and 7137 point(s):
      Segment 1 : x range 0.0000 -> 1.0012 (1 -> 7137)

Starting search (adiabatic)

Scanning frequencies
  Time elapsed :    22.867 s

Finding roots
  Time elapsed :      7.131 s

Processing modes
   id    l     m    n_pg    n_p    n_g       Re(omega)       Im(omega)        chi n_iter
  320    4     0     -20      0     20  0.12072533E+01  0.00000000E+00 0.6570E-13      6
  321    4     0     -19      0     19  0.12594239E+01  0.00000000E+00 0.4176E-13      6
  322    4     0     -18      0     18  0.13360114E+01  0.00000000E+00 0.2611E-13      6
  323    4     0     -17      0     17  0.14219447E+01  0.00000000E+00 0.6402E-13      7
  324    4     0     -16      0     16  0.14901684E+01  0.00000000E+00 0.1728E-13      6
  325    4     0     -15      0     15  0.15572586E+01  0.00000000E+00 0.4055E-13      6
  326    4     0     -14      0     14  0.16722834E+01  0.00000000E+00 0.5701E-13      6
  327    4     0     -13      0     13  0.18121125E+01  0.00000000E+00 0.3338E-13      6
  328    4     0     -12      0     12  0.19434121E+01  0.00000000E+00 0.4461E-13      6
  329    4     0     -11      0     11  0.20462847E+01  0.00000000E+00 0.4258E-13      7
  330    4     0     -10      0     10  0.22461503E+01  0.00000000E+00 0.2687E-13      6
  331    4     0      -9      0      9  0.25151652E+01  0.00000000E+00 0.8230E-14      7
  332    4     0      -8      0      8  0.28039731E+01  0.00000000E+00 0.7533E-14      7
  333    4     0      -7      0      7  0.29985629E+01  0.00000000E+00 0.1692E-13      6
  334    4     0      -6      0      6  0.33311760E+01  0.00000000E+00 0.1986E-13      7
  335    4     0      -5      0      5  0.35576797E+01  0.00000000E+00 0.1042E-13      6
  336    4     0      -4      0      4  0.41256407E+01  0.00000000E+00 0.5045E-14      7
  337    4     0      -3      1      4  0.45956193E+01  0.00000000E+00 0.6057E-14      8
  338    4     0      -2      1      3  0.50586640E+01  0.00000000E+00 0.1268E-14      6
  339    4     0      -1      2      3  0.56150634E+01  0.00000000E+00 0.2910E-13      7
  340    4     0       0      2      2  0.58678755E+01  0.00000000E+00 0.3951E-13      7
  341    4     0       1      3      2  0.67652655E+01  0.00000000E+00 0.1820E-14      8
  342    4     0       2      3      1  0.71390222E+01  0.00000000E+00 0.1946E-13      8
  343    4     0       3      4      1  0.83520210E+01  0.00000000E+00 0.1567E-13      7
  344    4     0       4      5      1  0.95420789E+01  0.00000000E+00 0.2705E-13      7
  345    4     0       5      6      1  0.10732151E+02  0.00000000E+00 0.1459E-12      6
  346    4     0       6      7      1  0.11950261E+02  0.00000000E+00 0.8730E-13      4
  347    4     0       7      8      1  0.13190740E+02  0.00000000E+00 0.1246E-12      6
  348    4     0       8      8      0  0.13715955E+02  0.00000000E+00 0.4929E-13      6
  349    4     0       9      9      0  0.14452864E+02  0.00000000E+00 0.1329E-12      7
  350    4     0      10     10      0  0.15730954E+02  0.00000000E+00 0.1705E-12      8
  351    4     0      11     11      0  0.17018264E+02  0.00000000E+00 0.6657E-12      5
  352    4     0      12     12      0  0.18306655E+02  0.00000000E+00 0.4102E-13      5
  353    4     0      13     13      0  0.19591093E+02  0.00000000E+00 0.5371E-13      8
  354    4     0      14     14      0  0.20870676E+02  0.00000000E+00 0.2588E-12      5
  355    4     0      15     15      0  0.22145369E+02  0.00000000E+00 0.6868E-13      6
  356    4     0      16     16      0  0.23417221E+02  0.00000000E+00 0.2169E-12      5
  357    4     0      17     17      0  0.24691832E+02  0.00000000E+00 0.6505E-13      5
  358    4     0      18     18      0  0.25974682E+02  0.00000000E+00 0.1392E-12      5
  359    4     0      19     19      0  0.27268354E+02  0.00000000E+00 0.1282E-12      5
  360    4     0      20     20      0  0.28571646E+02  0.00000000E+00 0.9678E-13      5
  Time elapsed :      2.104 s

Starting search (non-adiabatic)

Finding roots
  Time elapsed :     45.065 s

Processing modes
   id    l     m    n_pg    n_p    n_g       Re(omega)       Im(omega)        chi n_iter
  320    4     0     -20      0     20  0.12072533E+01 -0.30675629E-07 0.4600E-07      4
  321    4     0     -19      0     19  0.12594239E+01 -0.34386775E-07 0.3098E-07      6
  322    4     0     -18      0     18  0.13360114E+01 -0.29683222E-07 0.8435E-07      5
  323    4     0     -17      0     17  0.14219447E+01 -0.23651372E-07 0.7814E-07      7
  324    4     0     -16      0     16  0.14901684E+01 -0.16691559E-07 0.3419E-07      5
  325    4     0     -15      0     15  0.15572586E+01 -0.17796086E-07 0.3602E-07      6
  326    4     0     -14      0     14  0.16722834E+01 -0.15298762E-07 0.3539E-07      5
  327    4     0     -13      0     13  0.18121125E+01 -0.11899737E-07 0.9235E-07      4
  328    4     0     -12      0     12  0.19434121E+01 -0.86264758E-08 0.3952E-06      7
  329    4     0     -11      0     11  0.20462847E+01 -0.80090771E-08 0.1299E-06      6
  330    4     0     -10      0     10  0.22461503E+01 -0.65353311E-08 0.1656E-06      5
  331    4     0      -9      0      9  0.25151652E+01 -0.43147024E-08 0.1039E-06      4
  332    4     0      -8      0      8  0.28039731E+01 -0.15944762E-08 0.1370E-06      6
  333    4     0      -7      0      7  0.29985630E+01  0.39803235E-08 0.2824E-07      5
  334    4     0      -6      0      6  0.33311766E+01  0.19947550E-06 0.1400E-07      7
  335    4     0      -5      0      5  0.35576807E+01  0.38158992E-06 0.2874E-07      8
  336    4     0      -4      0      4  0.41256417E+01  0.54447755E-06 0.1230E-07      4
  337    4     0      -3      1      4  0.45956346E+01  0.13070176E-04 0.4412E-08      7
  338    4     0      -2      1      3  0.50586662E+01  0.29643838E-05 0.5124E-08      7
  339    4     0      -1      2      3  0.56150658E+01  0.76235025E-05 0.1595E-08      6
  340    4     0       0      2      2  0.58678902E+01  0.11016668E-03 0.6183E-09      8
  341    4     0       1      3      2  0.67652493E+01  0.43485308E-04 0.4948E-09      6
  342    4     0       2      3      1  0.71387180E+01  0.54694682E-03 0.2085E-09      9
  343    4     0       3      4      1  0.83497765E+01  0.19577923E-02 0.5324E-10      7
  344    4     0       4      5      1  0.95339809E+01  0.40679101E-02 0.1741E-10     11
  345    4     0       5      6      1  0.10714067E+02  0.43052434E-02 0.8066E-11      9
  346    4     0       6      7      1  0.11920360E+02  0.27211721E-03 0.1491E-10      9
  347    4     0       7      8      1  0.13149592E+02 -0.81755358E-02 0.9193E-11      9
  348    4     0       8      8      0  0.13715834E+02 -0.34305345E-04 0.1434E-09      5
  349    4     0       9      9      0  0.14402434E+02 -0.19599451E-01 0.8573E-11     11
  350    4     0      10     10      0  0.15672717E+02 -0.32513886E-01 0.2360E-11      8
  351    4     0      11     11      0  0.16952182E+02 -0.46249867E-01 0.3458E-11      9
  352    4     0      12     12      0  0.18232206E+02 -0.59788823E-01 0.5039E-11      8
  353    4     0      13     13      0  0.19508162E+02 -0.71523222E-01 0.3175E-11     10
  354    4     0      14     14      0  0.20779771E+02 -0.80310450E-01 0.3602E-11     11
  355    4     0      15     15      0  0.22047323E+02 -0.86366173E-01 0.2516E-11      9
  356    4     0      16     16      0  0.23312673E+02 -0.91340516E-01 0.2679E-11      8
  357    4     0      17     17      0  0.24579940E+02 -0.98226231E-01 0.2515E-11      8
  358    4     0      18     18      0  0.25852001E+02 -0.11007830E+00 0.8146E-12     10
  359    4     0      19     19      0  0.27127741E+02 -0.12915016E+00 0.1412E-11      8
  360    4     0      20     20      0  0.28401542E+02 -0.15557344E+00 0.8417E-12     11
  Time elapsed :      2.541 s

Mode Search
-----------

Mode parameters
   l : 5
   m : 0

Building frequency grid (REAL axis)
   added scan interval :  0.2791E+00 ->  0.8723E+01 (1000 points, INVERSE)
   added scan interval :  0.8723E+01 ->  0.3315E+02 (1000 points, LINEAR)

Building spatial grid
   Scaffold grid from model
   Split 0 subinterval(s) in iteration 1
   Final grid has 1 segment(s) and 7137 point(s):
      Segment 1 : x range 0.0000 -> 1.0012 (1 -> 7137)

Starting search (adiabatic)

Scanning frequencies
  Time elapsed :    22.335 s

Finding roots
  Time elapsed :      8.328 s

Processing modes
   id    l     m    n_pg    n_p    n_g       Re(omega)       Im(omega)        chi n_iter
  457    5     0     -20      0     20  0.14684049E+01  0.00000000E+00 0.2485E-14      6
  458    5     0     -19      0     19  0.15253688E+01  0.00000000E+00 0.1422E-13      7
  459    5     0     -18      0     18  0.16144442E+01  0.00000000E+00 0.3407E-13      6
  460    5     0     -17      0     17  0.17168721E+01  0.00000000E+00 0.1877E-13      7
  461    5     0     -16      0     16  0.18072646E+01  0.00000000E+00 0.9930E-14      7
  462    5     0     -15      0     15  0.18784328E+01  0.00000000E+00 0.3056E-13      7
  463    5     0     -14      0     14  0.20074223E+01  0.00000000E+00 0.3726E-13      7
  464    5     0     -13      0     13  0.21711036E+01  0.00000000E+00 0.4543E-13      6
  465    5     0     -12      0     12  0.23413510E+01  0.00000000E+00 0.2193E-13      6
  466    5     0     -11      0     11  0.24573969E+01  0.00000000E+00 0.1255E-13      7
  467    5     0     -10      0     10  0.26701215E+01  0.00000000E+00 0.7176E-14      6
  468    5     0      -9      0      9  0.29739262E+01  0.00000000E+00 0.1142E-13      7
  469    5     0      -8      0      8  0.33168969E+01  0.00000000E+00 0.4728E-13      7
  470    5     0      -7      0      7  0.34878086E+01  0.00000000E+00 0.4057E-13      7
  471    5     0      -6      0      6  0.36084221E+01  0.00000000E+00 0.6195E-14      7
  472    5     0      -5      0      5  0.40093302E+01  0.00000000E+00 0.6314E-14      7
  473    5     0      -4      1      5  0.46507494E+01  0.00000000E+00 0.6209E-14      8
  474    5     0      -3      1      4  0.47898831E+01  0.00000000E+00 0.1247E-13     10
  475    5     0      -2      1      3  0.56287616E+01  0.00000000E+00 0.2424E-13      8
  476    5     0      -1      2      3  0.60455712E+01  0.00000000E+00 0.4511E-14      7
  477    5     0       0      2      2  0.65199380E+01  0.00000000E+00 0.1179E-13      8
  478    5     0       1      3      2  0.71352616E+01  0.00000000E+00 0.1353E-13     10
  479    5     0       2      3      1  0.73420623E+01  0.00000000E+00 0.2878E-13     10
  480    5     0       3      4      1  0.85921733E+01  0.00000000E+00 0.5190E-15      7
  481    5     0       4      5      1  0.98027306E+01  0.00000000E+00 0.1656E-12      5
  482    5     0       5      6      1  0.11017098E+02  0.00000000E+00 0.3070E-12      7
  483    5     0       6      7      1  0.12257330E+02  0.00000000E+00 0.6654E-13      6
  484    5     0       7      8      1  0.13517638E+02  0.00000000E+00 0.6756E-12      8
  485    5     0       8      9      1  0.14795726E+02  0.00000000E+00 0.2090E-12      7
  486    5     0       9      9      0  0.14945152E+02  0.00000000E+00 0.1100E-11      8
  487    5     0      10     10      0  0.16089080E+02  0.00000000E+00 0.9023E-15      7
  488    5     0      11     11      0  0.17387218E+02  0.00000000E+00 0.4156E-13      8
  489    5     0      12     12      0  0.18683423E+02  0.00000000E+00 0.4024E-12      6
  490    5     0      13     13      0  0.19973964E+02  0.00000000E+00 0.1442E-12      6
  491    5     0      14     14      0  0.21258452E+02  0.00000000E+00 0.2623E-14      8
  492    5     0      15     15      0  0.22537727E+02  0.00000000E+00 0.1000E-11      7
  493    5     0      16     16      0  0.23815108E+02  0.00000000E+00 0.3543E-13      5
  494    5     0      17     17      0  0.25096258E+02  0.00000000E+00 0.4367E-12      5
  495    5     0      18     18      0  0.26386694E+02  0.00000000E+00 0.4612E-12      5
  496    5     0      19     19      0  0.27687818E+02  0.00000000E+00 0.1383E-12      5
  497    5     0      20     20      0  0.28997501E+02  0.00000000E+00 0.2628E-12      5
  Time elapsed :      1.920 s

Starting search (non-adiabatic)

Finding roots
  Time elapsed :     46.038 s

Processing modes
   id    l     m    n_pg    n_p    n_g       Re(omega)       Im(omega)        chi n_iter
  457    5     0     -20      0     20  0.14684049E+01 -0.32045739E-07 0.4961E-07      4
  458    5     0     -19      0     19  0.15253688E+01 -0.36859330E-07 0.7228E-07      4
  459    5     0     -18      0     18  0.16144442E+01 -0.32979870E-07 0.1528E-07      4
  460    5     0     -17      0     17  0.17168721E+01 -0.26658428E-07 0.4147E-07      3
  461    5     0     -16      0     16  0.18072646E+01 -0.18270746E-07 0.1590E-06      4
  462    5     0     -15      0     15  0.18784328E+01 -0.18380648E-07 0.1080E-06      4
  463    5     0     -14      0     14  0.20074223E+01 -0.16422155E-07 0.2238E-07      4
  464    5     0     -13      0     13  0.21711036E+01 -0.12673086E-07 0.3660E-07      4
  465    5     0     -12      0     12  0.23413510E+01 -0.91475708E-08 0.2836E-06      5
  466    5     0     -11      0     11  0.24573969E+01 -0.78137777E-08 0.6803E-07      5
  467    5     0     -10      0     10  0.26701215E+01 -0.60888912E-08 0.9796E-07      6
  468    5     0      -9      0      9  0.29739262E+01 -0.38911999E-09 0.2169E-06      4
  469    5     0      -8      0      8  0.33168971E+01  0.64198715E-07 0.4068E-07      5
  470    5     0      -7      0      7  0.34878099E+01  0.51386656E-06 0.2807E-08      6
  471    5     0      -6      0      6  0.36084225E+01  0.21160607E-06 0.1420E-07      8
  472    5     0      -5      0      5  0.40093304E+01  0.12285452E-06 0.3076E-07      6
  473    5     0      -4      1      5  0.46507557E+01  0.56226333E-05 0.1279E-08      5
  474    5     0      -3      1      4  0.47898976E+01  0.14879580E-04 0.4246E-09      6
  475    5     0      -2      1      3  0.56287624E+01  0.26678049E-05 0.2137E-08      5
  476    5     0      -1      2      3  0.60455749E+01  0.15710834E-03 0.2707E-09      6
  477    5     0       0      2      2  0.65199377E+01  0.15894124E-05 0.8259E-09      6
  478    5     0       1      3      2  0.71352448E+01  0.30424858E-04 0.4460E-09      5
  479    5     0       2      3      1  0.73415905E+01  0.72303916E-03 0.7353E-10      8
  480    5     0       3      4      1  0.85890779E+01  0.24155556E-02 0.1025E-10      7
  481    5     0       4      5      1  0.97925658E+01  0.44625509E-02 0.1158E-10      8
  482    5     0       5      6      1  0.10996039E+02  0.38283844E-02 0.3740E-11      8
  483    5     0       6      7      1  0.12224097E+02 -0.14694712E-02 0.2028E-11      8
  484    5     0       7      8      1  0.13473353E+02 -0.11056074E-01 0.3747E-11      9
  485    5     0       8      9      1  0.14742661E+02 -0.23162345E-01 0.1301E-11     10
  486    5     0       9      9      0  0.14945093E+02 -0.19474083E-04 0.1035E-08      6
  487    5     0      10     10      0  0.16028203E+02 -0.36576372E-01 0.2239E-12     10
  488    5     0      11     11      0  0.17318304E+02 -0.50554846E-01 0.1011E-11      7
  489    5     0      12     12      0  0.18605978E+02 -0.63885230E-01 0.5323E-11     10
  490    5     0      13     13      0  0.19888113E+02 -0.74879491E-01 0.3592E-11      7
  491    5     0      14     14      0  0.21164836E+02 -0.82788544E-01 0.6902E-12      8
  492    5     0      15     15      0  0.22437191E+02 -0.88298766E-01 0.1788E-11     10
  493    5     0      16     16      0  0.23708045E+02 -0.93499944E-01 0.8535E-12     10
  494    5     0      17     17      0  0.24981098E+02 -0.10164187E+00 0.2891E-11      8
  495    5     0      18     18      0  0.26258845E+02 -0.11568875E+00 0.1442E-11     10
  496    5     0      19     19      0  0.27538741E+02 -0.13735183E+00 0.1199E-11      8
  497    5     0      20     20      0  0.28813928E+02 -0.16574900E+00 0.2547E-11      9
  Time elapsed :      2.530 s

Mode Search
-----------

Mode parameters
   l : 6
   m : 0

Building frequency grid (REAL axis)
   added scan interval :  0.2791E+00 ->  0.8723E+01 (1000 points, INVERSE)
   added scan interval :  0.8723E+01 ->  0.3315E+02 (1000 points, LINEAR)

Building spatial grid
   Scaffold grid from model
   Split 0 subinterval(s) in iteration 1
   Final grid has 1 segment(s) and 7137 point(s):
      Segment 1 : x range 0.0000 -> 1.0012 (1 -> 7137)

Starting search (adiabatic)

Scanning frequencies
  Time elapsed :    22.250 s

Finding roots
  Time elapsed :      9.562 s

Processing modes
   id    l     m    n_pg    n_p    n_g       Re(omega)       Im(omega)        chi n_iter
  615    6     0     -20      0     20  0.17233990E+01  0.00000000E+00 0.5567E-14      6
  616    6     0     -19      0     19  0.17821474E+01  0.00000000E+00 0.9878E-14      7
  617    6     0     -18      0     18  0.18797597E+01  0.00000000E+00 0.2181E-13      6
  618    6     0     -17      0     17  0.19958457E+01  0.00000000E+00 0.3678E-13      6
  619    6     0     -16      0     16  0.21101345E+01  0.00000000E+00 0.1899E-13      7
  620    6     0     -15      0     15  0.21876259E+01  0.00000000E+00 0.1402E-13      7
  621    6     0     -14      0     14  0.23205736E+01  0.00000000E+00 0.3873E-14      7
  622    6     0     -13      0     13  0.25033340E+01  0.00000000E+00 0.2348E-13      6
  623    6     0     -12      0     12  0.27088218E+01  0.00000000E+00 0.1428E-13      7
  624    6     0     -11      0     11  0.28542371E+01  0.00000000E+00 0.4430E-14      6
  625    6     0     -10      0     10  0.30572491E+01  0.00000000E+00 0.1525E-13      6
  626    6     0      -9      0      9  0.33793290E+01  0.00000000E+00 0.1716E-13      7
  627    6     0      -8      0      8  0.35710787E+01  0.00000000E+00 0.3430E-13     10
  628    6     0      -7      0      7  0.38049966E+01  0.00000000E+00 0.5468E-13      7
  629    6     0      -6      0      6  0.41257131E+01  0.00000000E+00 0.3189E-14      6
  630    6     0      -5      1      6  0.44668102E+01  0.00000000E+00 0.4108E-13      6
  631    6     0      -4      1      5  0.48976195E+01  0.00000000E+00 0.1340E-14      8
  632    6     0      -3      1      4  0.51406862E+01  0.00000000E+00 0.1394E-14      6
  633    6     0      -2      2      4  0.60336703E+01  0.00000000E+00 0.2665E-14      8
  634    6     0      -1      2      3  0.62400085E+01  0.00000000E+00 0.6059E-15     11
  635    6     0       0      2      2  0.71885188E+01  0.00000000E+00 0.2178E-13      7
  636    6     0       1      3      2  0.75532384E+01  0.00000000E+00 0.1029E-14     15
  637    6     0       2      3      1  0.75764454E+01  0.00000000E+00 0.8658E-15      7
  638    6     0       3      4      1  0.88262544E+01  0.00000000E+00 0.8979E-13      7
  639    6     0       4      5      1  0.10052974E+02  0.00000000E+00 0.1233E-12      7
  640    6     0       5      6      1  0.11289144E+02  0.00000000E+00 0.2457E-12      7
  641    6     0       6      7      1  0.12548584E+02  0.00000000E+00 0.2746E-12      7
  642    6     0       7      8      1  0.13826232E+02  0.00000000E+00 0.1933E-12      9
  643    6     0       8      9      1  0.15120462E+02  0.00000000E+00 0.4765E-12      7
  644    6     0       9      9      0  0.15964542E+02  0.00000000E+00 0.9503E-13      6
  645    6     0      10     10      0  0.16426401E+02  0.00000000E+00 0.1495E-12      6
  646    6     0      11     11      0  0.17734115E+02  0.00000000E+00 0.1200E-11      9
  647    6     0      12     12      0  0.19037370E+02  0.00000000E+00 0.3469E-12      5
  648    6     0      13     13      0  0.20333832E+02  0.00000000E+00 0.1505E-12      5
  649    6     0      14     14      0  0.21623318E+02  0.00000000E+00 0.2192E-12      8
  650    6     0      15     15      0  0.22907417E+02  0.00000000E+00 0.9566E-12      5
  651    6     0      16     16      0  0.24190909E+02  0.00000000E+00 0.9387E-13      5
  652    6     0      17     17      0  0.25479386E+02  0.00000000E+00 0.1655E-12      5
  653    6     0      18     18      0  0.26777573E+02  0.00000000E+00 0.7079E-13      5
  654    6     0      19     19      0  0.28085843E+02  0.00000000E+00 0.4518E-13      5
  655    6     0      20     20      0  0.29401704E+02  0.00000000E+00 0.7853E-13      5
  Time elapsed :      2.182 s

Starting search (non-adiabatic)

Finding roots
  Time elapsed :     43.676 s

Processing modes
   id    l     m    n_pg    n_p    n_g       Re(omega)       Im(omega)        chi n_iter
  615    6     0     -20      0     20  0.17233990E+01 -0.35172914E-07 0.8537E-07      5
  616    6     0     -19      0     19  0.17821474E+01 -0.38836654E-07 0.2506E-07      4
  617    6     0     -18      0     18  0.18797597E+01 -0.36681615E-07 0.2153E-07      4
  618    6     0     -17      0     17  0.19958457E+01 -0.29782510E-07 0.3419E-07      4
  619    6     0     -16      0     16  0.21101345E+01 -0.20786469E-07 0.5295E-07      4
  620    6     0     -15      0     15  0.21876259E+01 -0.17742887E-07 0.2046E-06      5
  621    6     0     -14      0     14  0.23205736E+01 -0.17022540E-07 0.1839E-06      5
  622    6     0     -13      0     13  0.25033340E+01 -0.13095346E-07 0.1242E-06      5
  623    6     0     -12      0     12  0.27088218E+01 -0.94567050E-08 0.7643E-07      6
  624    6     0     -11      0     11  0.28542371E+01 -0.73005776E-08 0.2054E-06      5
  625    6     0     -10      0     10  0.30572491E+01 -0.38912838E-08 0.1065E-06      4
  626    6     0      -9      0      9  0.33793291E+01  0.42060051E-07 0.7914E-07      4
  627    6     0      -8      0      8  0.35710809E+01  0.10461773E-05 0.1793E-07      7
  628    6     0      -7      0      7  0.38049967E+01  0.76370998E-07 0.2834E-07      5
  629    6     0      -6      0      6  0.41257132E+01  0.18102615E-07 0.3860E-07      4
  630    6     0      -5      1      6  0.44668104E+01  0.10749801E-06 0.8919E-07      6
  631    6     0      -4      1      5  0.48976429E+01  0.26934662E-04 0.5240E-09      6
  632    6     0      -3      1      4  0.51406868E+01  0.87190345E-06 0.1236E-07      6
  633    6     0      -2      2      4  0.60336704E+01  0.33092001E-05 0.2547E-08      7
  634    6     0      -1      2      3  0.62399900E+01  0.20751814E-03 0.6888E-10      7
  635    6     0       0      2      2  0.71885175E+01  0.22010625E-05 0.3994E-08      5
  636    6     0       1      3      2  0.75526104E+01  0.84352916E-03 0.4759E-10      6
  637    6     0       2      3      1  0.75763522E+01  0.11357515E-03 0.1696E-09      7
  638    6     0       3      4      1  0.88221396E+01  0.28855941E-02 0.1819E-10      7
  639    6     0       4      5      1  0.10040628E+02  0.47108709E-02 0.4359E-12     10
  640    6     0       5      6      1  0.11265158E+02  0.31150706E-02 0.8287E-11      9
  641    6     0       6      7      1  0.12512240E+02 -0.33952143E-02 0.2786E-11     10
  642    6     0       7      8      1  0.13779163E+02 -0.13954516E-01 0.6134E-11      9
  643    6     0       8      9      1  0.15064891E+02 -0.26669547E-01 0.5190E-11      9
  644    6     0       9      9      0  0.15964542E+02 -0.53243373E-06 0.1930E-07      5
  645    6     0      10     10      0  0.16362993E+02 -0.40493225E-01 0.2409E-11     10
  646    6     0      11     11      0  0.17662465E+02 -0.54613031E-01 0.2687E-11      8
  647    6     0      12     12      0  0.18957082E+02 -0.67600975E-01 0.2260E-11      9
  648    6     0      13     13      0  0.20245236E+02 -0.77833316E-01 0.2308E-11      7
  649    6     0      14     14      0  0.21527178E+02 -0.84955290E-01 0.1535E-11      9
  650    6     0      15     15      0  0.22804543E+02 -0.90113835E-01 0.1208E-11      7
  651    6     0      16     16      0  0.24081277E+02 -0.95854693E-01 0.1881E-11      9
  652    6     0      17     17      0  0.25360659E+02 -0.10547949E+00 0.2130E-11     10
  653    6     0      18     18      0  0.26643983E+02 -0.12178432E+00 0.1379E-11     11
  654    6     0      19     19      0  0.27927418E+02 -0.14585959E+00 0.5548E-12     10
  655    6     0      20     20      0  0.29203364E+02 -0.17570440E+00 0.9882E-12      9
  Time elapsed :      2.599 s

Mode Search
-----------

Mode parameters
   l : 2
   m : 0

Building frequency grid (REAL axis)
   added scan interval :  0.5234E+00 ->  0.2104E+01 (3000 points, INVERSE)

Building spatial grid
   Scaffold grid from model
   Split 0 subinterval(s) in iteration 1
   Final grid has 1 segment(s) and 7137 point(s):
      Segment 1 : x range 0.0000 -> 1.0012 (1 -> 7137)

Starting search (adiabatic)

Scanning frequencies
  Time elapsed :    34.732 s

Finding roots
  Time elapsed :      1.447 s

Processing modes
   id    l     m    n_pg    n_p    n_g       Re(omega)       Im(omega)        chi n_iter
  661    2     0     -23      0     23  0.58625849E+00  0.00000000E+00 0.6029E-12      5
  662    2     0     -22      0     22  0.61662240E+00  0.00000000E+00 0.4015E-12      5
  663    2     0     -21      0     21  0.64719118E+00  0.00000000E+00 0.1613E-11      5
  Time elapsed :      0.493 s

Starting search (non-adiabatic)

Finding roots
  Time elapsed :      3.009 s

Processing modes
   id    l     m    n_pg    n_p    n_g       Re(omega)       Im(omega)        chi n_iter
  661    2     0     -23      0     23  0.58625851E+00 -0.70358507E-07 0.1744E-07      5
  662    2     0     -22      0     22  0.61662241E+00 -0.54843797E-07 0.6667E-08      4
  663    2     0     -21      0     21  0.64719119E+00 -0.37521111E-07 0.2935E-07      7
  Time elapsed :      0.670 s

Mode Search
-----------

Mode parameters
   l : 3
   m : 0

Building frequency grid (REAL axis)
   added scan interval :  0.5234E+00 ->  0.2104E+01 (3000 points, INVERSE)

Building spatial grid
   Scaffold grid from model
   Split 0 subinterval(s) in iteration 1
   Final grid has 1 segment(s) and 7137 point(s):
      Segment 1 : x range 0.0000 -> 1.0012 (1 -> 7137)

Starting search (adiabatic)

Scanning frequencies
  Time elapsed :    33.803 s

Finding roots
  Time elapsed :      1.602 s

Processing modes
   id    l     m    n_pg    n_p    n_g       Re(omega)       Im(omega)        chi n_iter
  683    3     0     -33      0     33  0.59164999E+00  0.00000000E+00 0.5661E-12      5
  684    3     0     -32      0     32  0.60438087E+00  0.00000000E+00 0.8656E-13      5
  685    3     0     -31      0     31  0.62312628E+00  0.00000000E+00 0.4951E-12      5
  686    3     0     -30      0     30  0.64684403E+00  0.00000000E+00 0.2328E-12      5
  687    3     0     -29      0     29  0.66985499E+00  0.00000000E+00 0.2998E-12      5
  688    3     0     -28      0     28  0.68617878E+00  0.00000000E+00 0.9051E-13      5
  689    3     0     -27      0     27  0.71031525E+00  0.00000000E+00 0.5745E-12      5
  690    3     0     -26      0     26  0.74118553E+00  0.00000000E+00 0.2978E-12      5
  691    3     0     -25      0     25  0.77147671E+00  0.00000000E+00 0.4665E-12      5
  692    3     0     -24      0     24  0.79251397E+00  0.00000000E+00 0.2782E-12      5
  693    3     0     -23      0     23  0.82470528E+00  0.00000000E+00 0.1964E-12      5
  694    3     0     -22      0     22  0.86696244E+00  0.00000000E+00 0.2063E-12      5
  695    3     0     -21      0     21  0.91038288E+00  0.00000000E+00 0.8622E-14      5
  Time elapsed :      0.404 s

Starting search (non-adiabatic)

Finding roots
  Time elapsed :     10.951 s

Processing modes
   id    l     m    n_pg    n_p    n_g       Re(omega)       Im(omega)        chi n_iter
  683    3     0     -33      0     33  0.59165017E+00 -0.35776403E-06 0.3096E-09      5
  684    3     0     -32      0     32  0.60438101E+00 -0.28562137E-06 0.4037E-08      5
  685    3     0     -31      0     31  0.62312646E+00 -0.33878759E-06 0.1896E-08      4
  686    3     0     -30      0     30  0.64684417E+00 -0.27481479E-06 0.7576E-09      5
  687    3     0     -29      0     29  0.66985508E+00 -0.17464655E-06 0.3820E-08      6
  688    3     0     -28      0     28  0.68617885E+00 -0.13786131E-06 0.2886E-08      4
  689    3     0     -27      0     27  0.71031533E+00 -0.15722585E-06 0.2806E-08      5
  690    3     0     -26      0     26  0.74118559E+00 -0.12597710E-06 0.3700E-08      4
  691    3     0     -25      0     25  0.77147674E+00 -0.81331608E-07 0.1296E-07      5
  692    3     0     -24      0     24  0.79251399E+00 -0.64315284E-07 0.9895E-08      6
  693    3     0     -23      0     23  0.82470531E+00 -0.69744779E-07 0.4261E-07      6
  694    3     0     -22      0     22  0.86696246E+00 -0.55569076E-07 0.9620E-08      6
  695    3     0     -21      0     21  0.91038289E+00 -0.39222254E-07 0.3029E-07      6
  Time elapsed :      0.850 s

Mode Search
-----------

Mode parameters
   l : 4
   m : 0

Building frequency grid (REAL axis)
   added scan interval :  0.5234E+00 ->  0.2104E+01 (3000 points, INVERSE)

Building spatial grid
   Scaffold grid from model
   Split 0 subinterval(s) in iteration 1
   Final grid has 1 segment(s) and 7137 point(s):
      Segment 1 : x range 0.0000 -> 1.0012 (1 -> 7137)

Starting search (adiabatic)

Scanning frequencies
  Time elapsed :    34.014 s

Finding roots
  Time elapsed :      2.114 s

Processing modes
   id    l     m    n_pg    n_p    n_g       Re(omega)       Im(omega)        chi n_iter
  713    4     0     -43      0     43  0.58765471E+00  0.00000000E+00 0.2992E-12      5
  714    4     0     -42      0     42  0.60289636E+00  0.00000000E+00 0.1736E-12      5
  715    4     0     -41      0     41  0.61888969E+00  0.00000000E+00 0.1296E-12      5
  716    4     0     -40      0     40  0.63089319E+00  0.00000000E+00 0.2335E-12      5
  717    4     0     -39      0     39  0.64461560E+00  0.00000000E+00 0.1611E-12      5
  718    4     0     -38      0     38  0.66348159E+00  0.00000000E+00 0.1287E-12      5
  719    4     0     -37      0     37  0.68258902E+00  0.00000000E+00 0.5511E-12      5
  720    4     0     -36      0     36  0.69634793E+00  0.00000000E+00 0.1042E-11      5
  721    4     0     -35      0     35  0.71425668E+00  0.00000000E+00 0.7855E-12      5
  722    4     0     -34      0     34  0.73790473E+00  0.00000000E+00 0.6453E-13      5
  723    4     0     -33      0     33  0.76098274E+00  0.00000000E+00 0.5346E-12      5
  724    4     0     -32      0     32  0.77738522E+00  0.00000000E+00 0.3867E-13      6
  725    4     0     -31      0     31  0.80103947E+00  0.00000000E+00 0.3832E-12      5
  726    4     0     -30      0     30  0.83128155E+00  0.00000000E+00 0.3846E-12      5
  727    4     0     -29      0     29  0.86110313E+00  0.00000000E+00 0.3488E-12      6
  728    4     0     -28      0     28  0.88220661E+00  0.00000000E+00 0.4631E-12      5
  729    4     0     -27      0     27  0.91215192E+00  0.00000000E+00 0.2769E-12      6
  730    4     0     -26      0     26  0.95130345E+00  0.00000000E+00 0.1629E-12      5
  731    4     0     -25      0     25  0.99068523E+00  0.00000000E+00 0.5905E-13      5
  732    4     0     -24      0     24  0.10180755E+01  0.00000000E+00 0.2551E-12      5
  733    4     0     -23      0     23  0.10573417E+01  0.00000000E+00 0.1628E-12      5
  734    4     0     -22      0     22  0.11106452E+01  0.00000000E+00 0.3006E-12      5
  735    4     0     -21      0     21  0.11668924E+01  0.00000000E+00 0.3363E-12      6
  Time elapsed :      0.832 s

Starting search (non-adiabatic)

Finding roots
  Time elapsed :     18.965 s

Processing modes
   id    l     m    n_pg    n_p    n_g       Re(omega)       Im(omega)        chi n_iter
  714    4     0     -42      1     43  0.60289658E+00 -0.16763485E-05 0.3697E-09      5
  715    4     0     -41      0     41  0.61889006E+00 -0.12179313E-05 0.1238E-08      4
  716    4     0     -40      0     40  0.63089349E+00 -0.76613222E-06 0.7629E-09      4
  717    4     0     -39      0     39  0.64461611E+00 -0.10228912E-05 0.5973E-09      6
  718    4     0     -38      0     38  0.66348213E+00 -0.93605003E-06 0.1459E-09      6
  719    4     0     -37      0     37  0.68258942E+00 -0.65444267E-06 0.6806E-09      5
  720    4     0     -36      0     36  0.69634820E+00 -0.45137696E-06 0.1555E-08      6
  721    4     0     -35      0     35  0.71425707E+00 -0.58842686E-06 0.1284E-08      5
  722    4     0     -34      0     34  0.73790507E+00 -0.50851605E-06 0.9487E-09      4
  723    4     0     -33      0     33  0.76098296E+00 -0.33230697E-06 0.2671E-08      4
  724    4     0     -32      0     32  0.77738539E+00 -0.25820648E-06 0.4889E-08      6
  725    4     0     -31      0     31  0.80103969E+00 -0.30989116E-06 0.9643E-08      4
  726    4     0     -30      0     30  0.83128173E+00 -0.25535188E-06 0.5351E-08      5
  727    4     0     -29      0     29  0.86110324E+00 -0.16864733E-06 0.4549E-08      4
  728    4     0     -28      0     28  0.88220669E+00 -0.12659371E-06 0.1410E-08      6
  729    4     0     -27      0     27  0.91215202E+00 -0.14901352E-06 0.3331E-08      5
  730    4     0     -26      0     26  0.95130353E+00 -0.12261419E-06 0.2296E-08      5
  731    4     0     -25      0     25  0.99068528E+00 -0.83083120E-07 0.5481E-08      4
  732    4     0     -24      0     24  0.10180756E+01 -0.61490255E-07 0.2597E-07      5
  733    4     0     -23      0     23  0.10573417E+01 -0.69938346E-07 0.1050E-07      5
  734    4     0     -22      0     22  0.11106452E+01 -0.57576481E-07 0.1343E-07      4
  735    4     0     -21      0     21  0.11668925E+01 -0.42328004E-07 0.1776E-07      6
  Time elapsed :      1.561 s

Mode Search
-----------

Mode parameters
   l : 5
   m : 0

Building frequency grid (REAL axis)
   added scan interval :  0.5234E+00 ->  0.2104E+01 (3000 points, INVERSE)

Building spatial grid
   Scaffold grid from model
   Split 0 subinterval(s) in iteration 1
   Final grid has 1 segment(s) and 7137 point(s):
      Segment 1 : x range 0.0000 -> 1.0012 (1 -> 7137)

Starting search (adiabatic)

Scanning frequencies
  Time elapsed :    33.428 s

Finding roots
  Time elapsed :      2.628 s

Processing modes
   id    l     m    n_pg    n_p    n_g       Re(omega)       Im(omega)        chi n_iter
  752    5     0     -53      0     53  0.59029915E+00  0.00000000E+00 0.6231E-12      5
  753    5     0     -52      0     52  0.60127618E+00  0.00000000E+00 0.2138E-12      5
  754    5     0     -51      0     51  0.61017283E+00  0.00000000E+00 0.1545E-12      5
  755    5     0     -50      0     50  0.62271174E+00  0.00000000E+00 0.3541E-12      5
  756    5     0     -49      0     49  0.63695675E+00  0.00000000E+00 0.4424E-12      5
  757    5     0     -48      0     48  0.64909619E+00  0.00000000E+00 0.4155E-12      5
  758    5     0     -47      0     47  0.65958662E+00  0.00000000E+00 0.1125E-12      6
  759    5     0     -46      0     46  0.67474551E+00  0.00000000E+00 0.3979E-12      5
  760    5     0     -45      0     45  0.69138231E+00  0.00000000E+00 0.4622E-12      5
  761    5     0     -44      0     44  0.70456260E+00  0.00000000E+00 0.1058E-11      5
  762    5     0     -43      0     43  0.71741891E+00  0.00000000E+00 0.1363E-12      5
  763    5     0     -42      0     42  0.73595432E+00  0.00000000E+00 0.4115E-12      5
  764    5     0     -41      0     41  0.75535880E+00  0.00000000E+00 0.4538E-12      5
  765    5     0     -40      0     40  0.76995649E+00  0.00000000E+00 0.1030E-11      5
  766    5     0     -39      0     39  0.78659625E+00  0.00000000E+00 0.6594E-12      5
  767    5     0     -38      0     38  0.80946874E+00  0.00000000E+00 0.1792E-12      5
  768    5     0     -37      0     37  0.83274480E+00  0.00000000E+00 0.1458E-12      5
  769    5     0     -36      0     36  0.84960599E+00  0.00000000E+00 0.3552E-12      5
  770    5     0     -35      0     35  0.87104828E+00  0.00000000E+00 0.4478E-12      6
  771    5     0     -34      0     34  0.89962548E+00  0.00000000E+00 0.4714E-12      5
  772    5     0     -33      0     33  0.92796093E+00  0.00000000E+00 0.3785E-12      6
  773    5     0     -32      0     32  0.94813504E+00  0.00000000E+00 0.4470E-12      6
  774    5     0     -31      0     31  0.97600488E+00  0.00000000E+00 0.2614E-13      6
  775    5     0     -30      0     30  0.10124205E+01  0.00000000E+00 0.1918E-12      5
  776    5     0     -29      0     29  0.10491586E+01  0.00000000E+00 0.2526E-12      6
  777    5     0     -28      0     28  0.10753768E+01  0.00000000E+00 0.4938E-13      5
  778    5     0     -27      0     27  0.11099183E+01  0.00000000E+00 0.1938E-12      6
  779    5     0     -26      0     26  0.11567035E+01  0.00000000E+00 0.2872E-12      5
  780    5     0     -25      0     25  0.12052143E+01  0.00000000E+00 0.2198E-12      6
  781    5     0     -24      0     24  0.12398189E+01  0.00000000E+00 0.1112E-12      5
  782    5     0     -23      0     23  0.12840753E+01  0.00000000E+00 0.4131E-12      5
  783    5     0     -22      0     22  0.13472733E+01  0.00000000E+00 0.1640E-12      5
  784    5     0     -21      0     21  0.14159635E+01  0.00000000E+00 0.1722E-12      6
  Time elapsed :      0.838 s

Starting search (non-adiabatic)

Finding roots
  Time elapsed :     27.091 s

Processing modes
   id    l     m    n_pg    n_p    n_g       Re(omega)       Im(omega)        chi n_iter
  753    5     0     -53      0     53  0.60127503E+00 -0.69086914E-05 0.2376E-10      5
  754    5     0     -52      0     52  0.61017164E+00 -0.69623806E-05 0.1367E-09      5
  755    5     0     -51      0     51  0.62271038E+00 -0.77065028E-05 0.8403E-10      4
  756    5     0     -50      0     50  0.63695563E+00 -0.62013737E-05 0.7661E-10      5
  757    5     0     -49      0     49  0.64909556E+00 -0.36036865E-05 0.5368E-09      5
  758    5     0     -48      0     48  0.65958597E+00 -0.39400182E-05 0.1326E-09      4
  759    5     0     -47      0     47  0.67474499E+00 -0.38565783E-05 0.1791E-09      5
  760    5     0     -46      0     46  0.69138211E+00 -0.27961477E-05 0.2782E-09      5
  761    5     0     -45      0     45  0.70456260E+00 -0.15318548E-05 0.1362E-08      6
  762    5     0     -44      0     44  0.71741907E+00 -0.18973782E-05 0.2173E-09      5
  763    5     0     -42      1     43  0.73595472E+00 -0.17422100E-05 0.4080E-10      4
  764    5     0     -41      0     41  0.75535927E+00 -0.12429438E-05 0.1631E-09      7
  765    5     0     -40      0     40  0.76995684E+00 -0.76785819E-06 0.2267E-08      5
  766    5     0     -39      0     39  0.78659682E+00 -0.99830699E-06 0.6817E-09      4
  767    5     0     -38      0     38  0.80946933E+00 -0.89199590E-06 0.1456E-08      5
  768    5     0     -37      0     37  0.83274524E+00 -0.62043475E-06 0.1304E-08      4
  769    5     0     -36      0     36  0.84960629E+00 -0.41733404E-06 0.2461E-08      6
  770    5     0     -35      0     35  0.87104871E+00 -0.54168433E-06 0.2238E-08      4
  771    5     0     -34      0     34  0.89962586E+00 -0.47093210E-06 0.1680E-08      5
  772    5     0     -33      0     33  0.92796119E+00 -0.31724584E-06 0.5638E-08      6
  773    5     0     -32      0     32  0.94813522E+00 -0.23297111E-06 0.1035E-08      4
  774    5     0     -31      0     31  0.97600512E+00 -0.28658233E-06 0.1182E-08      5
  775    5     0     -30      0     30  0.10124207E+01 -0.24191225E-06 0.3420E-08      4
  776    5     0     -29      0     29  0.10491587E+01 -0.16817242E-06 0.5187E-08      4
  777    5     0     -28      0     28  0.10753769E+01 -0.11783424E-06 0.1752E-07      4
  778    5     0     -27      0     27  0.11099184E+01 -0.14449021E-06 0.4393E-08      5
  779    5     0     -26      0     26  0.11567036E+01 -0.12333964E-06 0.1223E-07      7
  780    5     0     -25      0     25  0.12052143E+01 -0.88459389E-07 0.1589E-07      6
  781    5     0     -24      0     24  0.12398190E+01 -0.60304429E-07 0.9375E-08      6
  782    5     0     -23      0     23  0.12840754E+01 -0.72095792E-07 0.1930E-07      5
  783    5     0     -22      0     22  0.13472733E+01 -0.61720625E-07 0.4671E-08      4
  784    5     0     -21      0     21  0.14159635E+01 -0.47278148E-07 0.3072E-07      6
  Time elapsed :      2.277 s

Mode Search
-----------

Mode parameters
   l : 6
   m : 0

Building frequency grid (REAL axis)
   added scan interval :  0.5234E+00 ->  0.2104E+01 (3000 points, INVERSE)

Building spatial grid
   Scaffold grid from model
   Split 0 subinterval(s) in iteration 1
   Final grid has 1 segment(s) and 7137 point(s):
      Segment 1 : x range 0.0000 -> 1.0012 (1 -> 7137)

Starting search (adiabatic)

Scanning frequencies
  Time elapsed :    33.621 s

Finding roots
  Time elapsed :      3.040 s

Processing modes
   id    l     m    n_pg    n_p    n_g       Re(omega)       Im(omega)        chi n_iter
  799    6     0     -63      0     63  0.58726730E+00  0.00000000E+00 0.2705E-12      5
  800    6     0     -62      0     62  0.59644768E+00  0.00000000E+00 0.2967E-12      5
  801    6     0     -61      0     61  0.60743215E+00  0.00000000E+00 0.6516E-12      5
  802    6     0     -60      0     60  0.61774338E+00  0.00000000E+00 0.1911E-12      6
  803    6     0     -59      0     59  0.62590505E+00  0.00000000E+00 0.4026E-12      5
  804    6     0     -58      0     58  0.63652749E+00  0.00000000E+00 0.1346E-11      5
  805    6     0     -57      0     57  0.64910877E+00  0.00000000E+00 0.3308E-13      5
  806    6     0     -56      0     56  0.66075461E+00  0.00000000E+00 0.4081E-13      5
  807    6     0     -55      0     55  0.66995305E+00  0.00000000E+00 0.1330E-12      6
  808    6     0     -54      0     54  0.68228034E+00  0.00000000E+00 0.4142E-12      5
  809    6     0     -53      0     53  0.69671990E+00  0.00000000E+00 0.2986E-12      5
  810    6     0     -52      0     52  0.70964647E+00  0.00000000E+00 0.4950E-12      5
  811    6     0     -51      0     51  0.72006594E+00  0.00000000E+00 0.3890E-12      6
  812    6     0     -50      0     50  0.73474270E+00  0.00000000E+00 0.7901E-12      5
  813    6     0     -49      0     49  0.75145225E+00  0.00000000E+00 0.5172E-12      6
  814    6     0     -48      0     48  0.76570913E+00  0.00000000E+00 0.9253E-12      5
  815    6     0     -47      0     47  0.77799095E+00  0.00000000E+00 0.2623E-13      6
  816    6     0     -46      0     46  0.79574475E+00  0.00000000E+00 0.2223E-12      5
  817    6     0     -45      0     45  0.81523697E+00  0.00000000E+00 0.3264E-13      5
  818    6     0     -44      0     44  0.83069885E+00  0.00000000E+00 0.2129E-12      5
  819    6     0     -43      0     43  0.84574420E+00  0.00000000E+00 0.2093E-12      6
  820    6     0     -42      0     42  0.86742857E+00  0.00000000E+00 0.5626E-12      5
  821    6     0     -41      0     41  0.89022262E+00  0.00000000E+00 0.2233E-12      5
  822    6     0     -40      0     40  0.90753744E+00  0.00000000E+00 0.1017E-12      5
  823    6     0     -39      0     39  0.92678243E+00  0.00000000E+00 0.7077E-13      6
  824    6     0     -38      0     38  0.95346372E+00  0.00000000E+00 0.9021E-13      5
  825    6     0     -37      0     37  0.98094270E+00  0.00000000E+00 0.2046E-12      5
  826    6     0     -36      0     36  0.10011035E+01  0.00000000E+00 0.2918E-12      5
  827    6     0     -35      0     35  0.10255241E+01  0.00000000E+00 0.2793E-12      6
  828    6     0     -34      0     34  0.10587308E+01  0.00000000E+00 0.1456E-12      5
  829    6     0     -33      0     33  0.10924160E+01  0.00000000E+00 0.1559E-12      6
  830    6     0     -32      0     32  0.11166923E+01  0.00000000E+00 0.1574E-12      5
  831    6     0     -31      0     31  0.11478494E+01  0.00000000E+00 0.6208E-13      5
  832    6     0     -30      0     30  0.11899572E+01  0.00000000E+00 0.2335E-12      5
  833    6     0     -29      0     29  0.12335901E+01  0.00000000E+00 0.2591E-12      6
  834    6     0     -28      0     28  0.12657110E+01  0.00000000E+00 0.4475E-12      5
  835    6     0     -27      0     27  0.13033289E+01  0.00000000E+00 0.3046E-12      5
  836    6     0     -26      0     26  0.13568387E+01  0.00000000E+00 0.1651E-12      5
  837    6     0     -25      0     25  0.14142004E+01  0.00000000E+00 0.2823E-12      6
  838    6     0     -24      0     24  0.14576811E+01  0.00000000E+00 0.1001E-12      5
  839    6     0     -23      0     23  0.15045254E+01  0.00000000E+00 0.3383E-12      6
  840    6     0     -22      0     22  0.15759636E+01  0.00000000E+00 0.5002E-13      5
  841    6     0     -21      0     21  0.16561285E+01  0.00000000E+00 0.3191E-13      6
  Time elapsed :      0.968 s

Starting search (non-adiabatic)

Finding roots
  Time elapsed :     35.176 s

Processing modes
   id    l     m    n_pg    n_p    n_g       Re(omega)       Im(omega)        chi n_iter
  800    6     0     -63      0     63  0.59644418E+00 -0.28810215E-04 0.5534E-11      7
  801    6     0     -62      0     62  0.60742916E+00 -0.26336905E-04 0.1686E-10      5
  802    6     0     -61      0     61  0.61774139E+00 -0.18508579E-04 0.3484E-10      6
  803    6     0     -60      0     60  0.62590336E+00 -0.16256979E-04 0.5266E-10      6
  804    6     0     -59      0     59  0.63652553E+00 -0.19523523E-04 0.5521E-10      5
  805    6     0     -58      0     58  0.64910707E+00 -0.17405461E-04 0.1732E-10      5
  806    6     0     -57      0     57  0.66075348E+00 -0.11812748E-04 0.4911E-10      4
  807    6     0     -56      0     56  0.66995202E+00 -0.10708651E-04 0.9744E-10      5
  808    6     0     -55      0     55  0.68227912E+00 -0.12636526E-04 0.6121E-10      5
  809    6     0     -54      0     54  0.69671883E+00 -0.10922611E-04 0.5073E-10      4
  810    6     0     -53      0     53  0.70964578E+00 -0.69357317E-05 0.1089E-09      5
  811    6     0     -52      0     52  0.72006524E+00 -0.69124043E-05 0.2039E-09      5
  812    6     0     -51      0     51  0.73474194E+00 -0.76585448E-05 0.5984E-10      5
  813    6     0     -50      0     50  0.75145168E+00 -0.61532561E-05 0.7474E-10      5
  814    6     0     -49      0     49  0.76570884E+00 -0.35743722E-05 0.8258E-09      5
  815    6     0     -48      0     48  0.77799070E+00 -0.39045411E-05 0.1699E-09      5
  816    6     0     -47      0     47  0.79574467E+00 -0.38529012E-05 0.1465E-09      4
  817    6     0     -46      0     46  0.81523710E+00 -0.28249878E-05 0.2888E-09      4
  818    6     0     -45      0     45  0.83069902E+00 -0.15619706E-05 0.8251E-09      4
  819    6     0     -44      0     44  0.84574458E+00 -0.19391701E-05 0.3158E-10      4
  820    6     0     -42      1     43  0.86742915E+00 -0.17832141E-05 0.4116E-09      5
  821    6     0     -41      0     41  0.89022319E+00 -0.12695150E-05 0.3627E-09      5
  822    6     0     -40      0     40  0.90753784E+00 -0.76511492E-06 0.6811E-09      5
  823    6     0     -39      0     39  0.92678304E+00 -0.97589046E-06 0.1432E-08      4
  824    6     0     -38      0     38  0.95346435E+00 -0.86560572E-06 0.9462E-09      4
  825    6     0     -37      0     37  0.98094317E+00 -0.60806576E-06 0.6964E-09      5
  826    6     0     -36      0     36  0.10011039E+01 -0.39140443E-06 0.5212E-08      5
  827    6     0     -35      0     35  0.10255245E+01 -0.50905069E-06 0.1705E-08      5
  828    6     0     -34      0     34  0.10587312E+01 -0.44906873E-06 0.1152E-08      5
  829    6     0     -33      0     33  0.10924163E+01 -0.31497849E-06 0.2461E-08      5
  830    6     0     -32      0     32  0.11166925E+01 -0.21459939E-06 0.1109E-08      5
  831    6     0     -31      0     31  0.11478496E+01 -0.27236916E-06 0.1052E-08      4
  832    6     0     -30      0     30  0.11899574E+01 -0.23794080E-06 0.5014E-08      8
  833    6     0     -29      0     29  0.12335903E+01 -0.17541909E-06 0.2062E-08      5
  834    6     0     -28      0     28  0.12657110E+01 -0.11429332E-06 0.1106E-07      5
  835    6     0     -27      0     27  0.13033290E+01 -0.14472131E-06 0.7690E-08      5
  836    6     0     -26      0     26  0.13568388E+01 -0.12930746E-06 0.1930E-07      6
  837    6     0     -25      0     25  0.14142005E+01 -0.98009621E-07 0.3858E-08      4
  838    6     0     -24      0     24  0.14576811E+01 -0.61900725E-07 0.1196E-07      6
  839    6     0     -23      0     23  0.15045254E+01 -0.75511664E-07 0.5364E-08      4
  840    6     0     -22      0     22  0.15759636E+01 -0.67809360E-07 0.1140E-07      4
  841    6     0     -21      0     21  0.16561285E+01 -0.53824136E-07 0.3406E-07      6
  Time elapsed :      2.620 s

Mode Search
-----------

Mode parameters
   l : 7
   m : 0

Building frequency grid (REAL axis)
   added scan interval :  0.5234E+00 ->  0.2104E+01 (3000 points, INVERSE)

Building spatial grid
   Scaffold grid from model
   Split 11 subinterval(s) in iteration 1
   Split 0 subinterval(s) in iteration 2
   Final grid has 1 segment(s) and 7148 point(s):
      Segment 1 : x range 0.0000 -> 1.0012 (1 -> 7148)

Starting search (adiabatic)

Scanning frequencies
  Time elapsed :    33.595 s

Finding roots
  Time elapsed :      3.365 s

Processing modes
   id    l     m    n_pg    n_p    n_g       Re(omega)       Im(omega)        chi n_iter
  854    7     0     -73      0     73  0.58685867E+00  0.00000000E+00 0.6636E-13      5
  855    7     0     -72      0     72  0.59535774E+00  0.00000000E+00 0.3134E-13      6
  856    7     0     -71      0     71  0.60223900E+00  0.00000000E+00 0.7954E-12      5
  857    7     0     -70      0     70  0.61044219E+00  0.00000000E+00 0.5896E-12      5
  858    7     0     -69      0     69  0.62031170E+00  0.00000000E+00 0.2321E-12      5
  859    7     0     -68      0     68  0.62983576E+00  0.00000000E+00 0.3410E-13      6
  860    7     0     -67      0     67  0.63746931E+00  0.00000000E+00 0.1235E-12      6
  861    7     0     -66      0     66  0.64667041E+00  0.00000000E+00 0.1153E-12      5
  862    7     0     -65      0     65  0.65778986E+00  0.00000000E+00 0.4515E-12      5
  863    7     0     -64      0     64  0.66848264E+00  0.00000000E+00 0.1045E-14      6
  864    7     0     -63      0     63  0.67692522E+00  0.00000000E+00 0.4200E-12      6
  865    7     0     -62      0     62  0.68732281E+00  0.00000000E+00 0.6419E-12      5
  866    7     0     -61      0     61  0.69991124E+00  0.00000000E+00 0.4945E-13      5
  867    7     0     -60      0     60  0.71185563E+00  0.00000000E+00 0.4626E-12      5
  868    7     0     -59      0     59  0.72124036E+00  0.00000000E+00 0.6916E-12      5
  869    7     0     -58      0     58  0.73328137E+00  0.00000000E+00 0.3789E-12      5
  870    7     0     -57      0     57  0.74769352E+00  0.00000000E+00 0.8114E-12      5
  871    7     0     -56      0     56  0.76115256E+00  0.00000000E+00 0.1613E-12      5
  872    7     0     -55      0     55  0.77168752E+00  0.00000000E+00 0.1104E-12      6
  873    7     0     -54      0     54  0.78567959E+00  0.00000000E+00 0.4045E-13      5
  874    7     0     -53      0     53  0.80220432E+00  0.00000000E+00 0.3129E-13      6
  875    7     0     -52      0     52  0.81709364E+00  0.00000000E+00 0.5022E-13      5
  876    7     0     -51      0     51  0.82898107E+00  0.00000000E+00 0.8853E-13      6
  877    7     0     -50      0     50  0.84567998E+00  0.00000000E+00 0.1771E-12      5
  878    7     0     -49      0     49  0.86479612E+00  0.00000000E+00 0.4220E-12      5
  879    7     0     -48      0     48  0.88121141E+00  0.00000000E+00 0.2492E-12      5
  880    7     0     -47      0     47  0.89518332E+00  0.00000000E+00 0.4762E-12      5
  881    7     0     -46      0     46  0.91538850E+00  0.00000000E+00 0.2775E-12      5
  882    7     0     -45      0     45  0.93768412E+00  0.00000000E+00 0.3716E-12      6
  883    7     0     -44      0     44  0.95553930E+00  0.00000000E+00 0.1330E-12      5
  884    7     0     -43      0     43  0.97255708E+00  0.00000000E+00 0.3731E-12      6
  885    7     0     -42      0     42  0.99719714E+00  0.00000000E+00 0.1990E-12      5
  886    7     0     -41      0     41  0.10233700E+01  0.00000000E+00 0.2807E-12      6
  887    7     0     -40      0     40  0.10436254E+01  0.00000000E+00 0.3428E-12      5
  888    7     0     -39      0     39  0.10650684E+01  0.00000000E+00 0.1411E-12      6
  889    7     0     -38      0     38  0.10952918E+01  0.00000000E+00 0.2744E-12      5
  890    7     0     -37      0     37  0.11269875E+01  0.00000000E+00 0.1707E-12      5
  891    7     0     -36      0     36  0.11508145E+01  0.00000000E+00 0.6102E-12      6
  892    7     0     -35      0     35  0.11775215E+01  0.00000000E+00 0.1404E-12      6
  893    7     0     -34      0     34  0.12149442E+01  0.00000000E+00 0.2229E-12      5
  894    7     0     -33      0     33  0.12539716E+01  0.00000000E+00 0.2286E-12      6
  895    7     0     -32      0     32  0.12830179E+01  0.00000000E+00 0.4560E-14      6
  896    7     0     -31      0     31  0.13163493E+01  0.00000000E+00 0.2339E-12      6
  897    7     0     -30      0     30  0.13634661E+01  0.00000000E+00 0.5970E-13      5
  898    7     0     -29      0     29  0.14137248E+01  0.00000000E+00 0.3700E-12      5
  899    7     0     -28      0     28  0.14530038E+01  0.00000000E+00 0.1615E-13      5
  900    7     0     -27      0     27  0.14921395E+01  0.00000000E+00 0.7352E-13      6
  901    7     0     -26      0     26  0.15510544E+01  0.00000000E+00 0.2125E-12      5
  902    7     0     -25      0     25  0.16165655E+01  0.00000000E+00 0.2152E-12      6
  903    7     0     -24      0     24  0.16710492E+01  0.00000000E+00 0.2813E-14      6
  Time elapsed :      1.008 s

Starting search (non-adiabatic)

Finding roots
  Time elapsed :     40.552 s

Processing modes
   id    l     m    n_pg    n_p    n_g       Re(omega)       Im(omega)        chi n_iter
  855    7     0     -73      0     73  0.59534782E+00 -0.59989164E-04 0.5057E-11      7
  856    7     0     -72      0     72  0.60223135E+00 -0.49088199E-04 0.1083E-10      5
  857    7     0     -71      0     71  0.61043378E+00 -0.59111687E-04 0.9657E-11      6
  858    7     0     -70      0     70  0.62030465E+00 -0.55454703E-04 0.4441E-11      6
  859    7     0     -69      0     69  0.62983102E+00 -0.41576018E-04 0.1434E-10      6
  860    7     0     -68      0     68  0.63746569E+00 -0.34082746E-04 0.2149E-10      5
  861    7     0     -67      0     67  0.64666642E+00 -0.41730375E-04 0.1724E-10      6
  862    7     0     -66      0     66  0.65778655E+00 -0.39194755E-04 0.1034E-10      5
  863    7     0     -65      0     65  0.66848047E+00 -0.28952603E-04 0.1201E-10      5
  864    7     0     -64      0     64  0.67692359E+00 -0.23690861E-04 0.1254E-10      5
  865    7     0     -63      0     63  0.68732100E+00 -0.29175450E-04 0.5682E-11      6
  866    7     0     -62      0     62  0.69990978E+00 -0.26827852E-04 0.2891E-11      5
  867    7     0     -61      0     61  0.71185470E+00 -0.19028152E-04 0.1120E-10      5
  868    7     0     -60      0     60  0.72123962E+00 -0.16137155E-04 0.3352E-10      5
  869    7     0     -59      0     59  0.73328054E+00 -0.19573106E-04 0.2924E-10      5
  870    7     0     -58      0     58  0.74769284E+00 -0.17530043E-04 0.2361E-10      5
  871    7     0     -57      0     57  0.76115212E+00 -0.11976422E-04 0.4897E-10      5
  872    7     0     -56      0     56  0.77168713E+00 -0.10538616E-04 0.6365E-10      5
  873    7     0     -55      0     55  0.78567914E+00 -0.12558514E-04 0.1731E-10      6
  874    7     0     -54      0     54  0.80220395E+00 -0.10885743E-04 0.9024E-11      6
  875    7     0     -53      0     53  0.81709341E+00 -0.69330458E-05 0.5338E-10      5
  876    7     0     -52      0     52  0.82898087E+00 -0.67702357E-05 0.3726E-10      4
  877    7     0     -51      0     51  0.84567980E+00 -0.75541568E-05 0.6946E-10      4
  878    7     0     -50      0     50  0.86479606E+00 -0.60881564E-05 0.2048E-09      5
  879    7     0     -49      0     49  0.88121144E+00 -0.35487819E-05 0.1477E-09      6
  880    7     0     -48      0     48  0.89518344E+00 -0.38277823E-05 0.3163E-09      5
  881    7     0     -47      0     47  0.91538880E+00 -0.38318397E-05 0.1703E-09      5
  882    7     0     -46      0     46  0.93768454E+00 -0.28513329E-05 0.2201E-09      4
  883    7     0     -45      0     45  0.95553964E+00 -0.15842459E-05 0.7240E-09      6
  884    7     0     -44      0     44  0.97255763E+00 -0.19463181E-05 0.2422E-09      4
  885    7     0     -42      0     42  0.99719786E+00 -0.18088003E-05 0.1238E-09      4
  886    7     0     -41      0     41  0.10233707E+01 -0.13002100E-05 0.5830E-09      5
  887    7     0     -40      0     40  0.10436258E+01 -0.76060158E-06 0.1514E-08      5
  888    7     0     -39      0     39  0.10650691E+01 -0.95185169E-06 0.8987E-09      4
  889    7     0     -38      0     38  0.10952924E+01 -0.85258688E-06 0.8952E-09      4
  890    7     0     -37      0     37  0.11269880E+01 -0.61335966E-06 0.1312E-08      6
  891    7     0     -36      0     36  0.11508148E+01 -0.37536314E-06 0.1923E-08      6
  892    7     0     -35      0     35  0.11775219E+01 -0.48786995E-06 0.1580E-08      4
  893    7     0     -34      0     34  0.12149446E+01 -0.44203717E-06 0.3789E-08      5
  894    7     0     -33      0     33  0.12539719E+01 -0.32511796E-06 0.1507E-08      4
  895    7     0     -32      0     32  0.12830181E+01 -0.20552852E-06 0.2398E-08      5
  896    7     0     -31      0     31  0.13163495E+01 -0.26641072E-06 0.1003E-08      5
  897    7     0     -30      0     30  0.13634663E+01 -0.24389924E-06 0.1584E-08      5
  898    7     0     -29      0     29  0.14137250E+01 -0.19080822E-06 0.1041E-07      5
  899    7     0     -28      0     28  0.14530039E+01 -0.11820006E-06 0.8805E-08      5
  900    7     0     -27      0     27  0.14921396E+01 -0.14790521E-06 0.1112E-08      5
  901    7     0     -26      0     26  0.15510545E+01 -0.13995448E-06 0.9231E-08      4
  902    7     0     -25      0     25  0.16165656E+01 -0.11101183E-06 0.4635E-08      4
  903    7     0     -24      0     24  0.16710492E+01 -0.67940702E-07 0.3149E-07      5
  Time elapsed :      3.170 s

Mode Search
-----------

Mode parameters
   l : 8
   m : 0

Building frequency grid (REAL axis)
   added scan interval :  0.5234E+00 ->  0.2104E+01 (3000 points, INVERSE)

Building spatial grid
   Scaffold grid from model
   Split 13 subinterval(s) in iteration 1
   Split 0 subinterval(s) in iteration 2
   Final grid has 1 segment(s) and 7150 point(s):
      Segment 1 : x range 0.0000 -> 1.0012 (1 -> 7150)

Starting search (adiabatic)

Scanning frequencies
  Time elapsed :    33.632 s

Finding roots
  Time elapsed :      4.098 s

Processing modes
   id    l     m    n_pg    n_p    n_g       Re(omega)       Im(omega)        chi n_iter
  919    8     0     -83      0     83  0.58514041E+00  0.00000000E+00 0.4322E-12      5
  920    8     0     -82      0     82  0.59182899E+00  0.00000000E+00 0.5625E-12      5
  921    8     0     -81      0     81  0.59984985E+00  0.00000000E+00 0.2552E-14      5
  922    8     0     -80      0     80  0.60769938E+00  0.00000000E+00 0.2150E-12      5
  923    8     0     -79      0     79  0.61414423E+00  0.00000000E+00 0.1593E-12      5
  924    8     0     -78      0     78  0.62152539E+00  0.00000000E+00 0.7344E-12      6
  925    8     0     -77      0     77  0.63043214E+00  0.00000000E+00 0.2728E-12      5
  926    8     0     -76      0     76  0.63914938E+00  0.00000000E+00 0.3632E-12      5
  927    8     0     -75      0     75  0.64625844E+00  0.00000000E+00 0.1615E-12      5
  928    8     0     -74      0     74  0.65442409E+00  0.00000000E+00 0.3298E-12      6
  929    8     0     -73      0     73  0.66432820E+00  0.00000000E+00 0.4275E-13      5
  930    8     0     -72      0     72  0.67401671E+00  0.00000000E+00 0.5425E-12      5
  931    8     0     -71      0     71  0.68184794E+00  0.00000000E+00 0.6057E-12      5
  932    8     0     -70      0     70  0.69095587E+00  0.00000000E+00 0.3534E-13      5
  933    8     0     -69      0     69  0.70205739E+00  0.00000000E+00 0.9862E-13      5
  934    8     0     -68      0     68  0.71291021E+00  0.00000000E+00 0.7785E-13      6
  935    8     0     -67      0     67  0.72159260E+00  0.00000000E+00 0.3089E-12      6
  936    8     0     -66      0     66  0.73179055E+00  0.00000000E+00 0.3430E-14      5
  937    8     0     -65      0     65  0.74428611E+00  0.00000000E+00 0.4979E-12      5
  938    8     0     -64      0     64  0.75646233E+00  0.00000000E+00 0.3140E-12      5
  939    8     0     -63      0     63  0.76605010E+00  0.00000000E+00 0.2148E-12      6
  940    8     0     -62      0     62  0.77756438E+00  0.00000000E+00 0.6137E-13      5
  941    8     0     -61      0     61  0.79170764E+00  0.00000000E+00 0.1963E-12      5
  942    8     0     -60      0     60  0.80530387E+00  0.00000000E+00 0.1768E-13      6
  943    8     0     -59      0     59  0.81591916E+00  0.00000000E+00 0.1067E-12      6
  944    8     0     -58      0     58  0.82926428E+00  0.00000000E+00 0.9138E-13      6
  945    8     0     -57      0     57  0.84545171E+00  0.00000000E+00 0.3444E-12      5
  946    8     0     -56      0     56  0.86074160E+00  0.00000000E+00 0.2477E-12      6
  947    8     0     -55      0     55  0.87259847E+00  0.00000000E+00 0.6283E-13      6
  948    8     0     -54      0     54  0.88812704E+00  0.00000000E+00 0.1923E-12      6
  949    8     0     -53      0     53  0.90667354E+00  0.00000000E+00 0.1935E-12      6
  950    8     0     -52      0     52  0.92355423E+00  0.00000000E+00 0.3553E-16      6
  951    8     0     -51      0     51  0.93685877E+00  0.00000000E+00 0.4565E-12      5
  952    8     0     -50      0     50  0.95543348E+00  0.00000000E+00 0.3783E-12      5
  953    8     0     -49      0     49  0.97689402E+00  0.00000000E+00 0.3933E-12      6
  954    8     0     -48      0     48  0.99554922E+00  0.00000000E+00 0.2065E-12      6
  955    8     0     -47      0     47  0.10110973E+01  0.00000000E+00 0.5125E-12      6
  956    8     0     -46      0     46  0.10335638E+01  0.00000000E+00 0.1029E-11      5
  957    8     0     -45      0     45  0.10586085E+01  0.00000000E+00 0.4091E-12      6
  958    8     0     -44      0     44  0.10790435E+01  0.00000000E+00 0.1537E-12      5
  959    8     0     -43      0     43  0.10977674E+01  0.00000000E+00 0.5631E-13      6
  960    8     0     -42      0     42  0.11251036E+01  0.00000000E+00 0.1556E-12      5
  961    8     0     -41      0     41  0.11546264E+01  0.00000000E+00 0.1170E-12      6
  962    8     0     -40      0     40  0.11781622E+01  0.00000000E+00 0.1414E-12      5
  963    8     0     -39      0     39  0.12013485E+01  0.00000000E+00 0.3410E-14      6
  964    8     0     -38      0     38  0.12347426E+01  0.00000000E+00 0.1755E-12      5
  965    8     0     -37      0     37  0.12705922E+01  0.00000000E+00 0.6606E-13      6
  966    8     0     -36      0     36  0.12986465E+01  0.00000000E+00 0.3795E-13      5
  967    8     0     -35      0     35  0.13269029E+01  0.00000000E+00 0.2963E-12      6
  968    8     0     -34      0     34  0.13679574E+01  0.00000000E+00 0.1995E-12      5
  969    8     0     -33      0     33  0.14121448E+01  0.00000000E+00 0.1552E-12      6
  970    8     0     -32      0     32  0.14469495E+01  0.00000000E+00 0.7675E-13      5
  971    8     0     -31      0     31  0.14813702E+01  0.00000000E+00 0.1913E-12      6
  972    8     0     -30      0     30  0.15324947E+01  0.00000000E+00 0.3427E-12      5
  973    8     0     -29      0     29  0.15888032E+01  0.00000000E+00 0.6793E-13      5
  974    8     0     -28      0     28  0.16366162E+01  0.00000000E+00 0.4369E-14      6
  Time elapsed :      1.343 s

Starting search (non-adiabatic)

Finding roots
  Time elapsed :     49.442 s

Processing modes
   id    l     m    n_pg    n_p    n_g       Re(omega)       Im(omega)        chi n_iter
  920    8     0     -83      0     83  0.59177561E+00 -0.18709010E-03 0.2058E-11      6
  921    8     0     -82      0     82  0.59980374E+00 -0.17752855E-03 0.4526E-11      6
  922    8     0     -81      0     81  0.60766706E+00 -0.13663751E-03 0.1341E-11      5
  923    8     0     -80      0     80  0.61411972E+00 -0.10884697E-03 0.9456E-11      5
  924    8     0     -79      0     79  0.62149876E+00 -0.12885772E-03 0.8787E-12      5
  925    8     0     -78      0     78  0.63040961E+00 -0.12177834E-03 0.2952E-11      5
  926    8     0     -77      0     77  0.63913397E+00 -0.93184467E-04 0.6040E-11      5
  927    8     0     -76      0     76  0.64624705E+00 -0.73632899E-04 0.4732E-11      6
  928    8     0     -75      0     75  0.65441189E+00 -0.87727391E-04 0.7003E-11      6
  929    8     0     -74      0     74  0.66431816E+00 -0.82777303E-04 0.5707E-11      6
  930    8     0     -73      0     73  0.67401010E+00 -0.62892555E-04 0.1243E-11      5
  931    8     0     -72      0     72  0.68184319E+00 -0.49671604E-04 0.9893E-11      6
  932    8     0     -71      0     71  0.69095088E+00 -0.60090559E-04 0.1395E-10      7
  933    8     0     -70      0     70  0.70205348E+00 -0.56938568E-04 0.4711E-11      6
  934    8     0     -69      0     69  0.71290779E+00 -0.43292310E-04 0.8219E-11      7
  935    8     0     -68      0     68  0.72159095E+00 -0.34176279E-04 0.3380E-10      6
  936    8     0     -67      0     67  0.73178893E+00 -0.42091108E-04 0.1174E-10      6
  937    8     0     -66      0     66  0.74428500E+00 -0.39910875E-04 0.2192E-10      6
  938    8     0     -65      0     65  0.75646177E+00 -0.29887116E-04 0.4651E-11      5
  939    8     0     -64      0     64  0.76604979E+00 -0.23472998E-04 0.3216E-10      5
  940    8     0     -63      0     63  0.77756419E+00 -0.29137746E-04 0.7295E-11      6
  941    8     0     -62      0     62  0.79170766E+00 -0.27025580E-04 0.3004E-10      5
  942    8     0     -61      0     61  0.80530400E+00 -0.19418039E-04 0.6376E-10      5
  943    8     0     -60      0     60  0.81591931E+00 -0.15793452E-04 0.2416E-10      5
  944    8     0     -59      0     59  0.82926454E+00 -0.19385208E-04 0.3409E-10      5
  945    8     0     -58      0     58  0.84545201E+00 -0.17491999E-04 0.4954E-10      5
  946    8     0     -57      0     57  0.86074184E+00 -0.12081867E-04 0.5530E-10      5
  947    8     0     -56      0     56  0.87259869E+00 -0.10238508E-04 0.6666E-10      4
  948    8     0     -55      0     55  0.88812733E+00 -0.12367849E-04 0.4192E-10      5
  949    8     0     -54      0     54  0.90667383E+00 -0.10788305E-04 0.1093E-09      6
  950    8     0     -53      0     53  0.92355445E+00 -0.69285767E-05 0.1279E-09      5
  951    8     0     -52      0     52  0.93685901E+00 -0.65573945E-05 0.3184E-09      4
  952    8     0     -51      0     51  0.95543383E+00 -0.74128689E-05 0.4475E-10      5
  953    8     0     -50      0     50  0.97689442E+00 -0.60186898E-05 0.1512E-09      4
  954    8     0     -49      0     49  0.99554954E+00 -0.35383244E-05 0.2528E-09      5
  955    8     0     -48      0     48  0.10110977E+01 -0.37124782E-05 0.2751E-09      5
  956    8     0     -47      0     47  0.10335644E+01 -0.37991682E-05 0.1108E-09      4
  957    8     0     -46      0     46  0.10586091E+01 -0.28823001E-05 0.2965E-09      7
  958    8     0     -45      0     45  0.10790439E+01 -0.16091977E-05 0.7596E-09      5
  959    8     0     -44      0     44  0.10977681E+01 -0.19229809E-05 0.6773E-09      4
  960    8     0     -42      0     42  0.11251045E+01 -0.18248450E-05 0.1083E-08      4
  961    8     0     -41      0     41  0.11546271E+01 -0.13356279E-05 0.5872E-09      6
  962    8     0     -40      0     40  0.11781627E+01 -0.76122465E-06 0.5042E-09      5
  963    8     0     -39      0     39  0.12013491E+01 -0.92312424E-06 0.7536E-09      6
  964    8     0     -38      0     38  0.12347433E+01 -0.85031148E-06 0.2012E-08      4
  965    8     0     -37      0     37  0.12705927E+01 -0.63300308E-06 0.2300E-08      4
  966    8     0     -36      0     36  0.12986468E+01 -0.37263142E-06 0.4646E-08      5
  967    8     0     -35      0     35  0.13269033E+01 -0.47345859E-06 0.1242E-08      6
  968    8     0     -34      0     34  0.13679577E+01 -0.44759724E-06 0.2427E-08      5
  969    8     0     -33      0     33  0.14121451E+01 -0.34612511E-06 0.9318E-09      5
  970    8     0     -32      0     32  0.14469497E+01 -0.20881962E-06 0.4734E-09      6
  971    8     0     -31      0     31  0.14813704E+01 -0.26526771E-06 0.4796E-08      4
  972    8     0     -30      0     30  0.15324949E+01 -0.25889416E-06 0.4816E-08      6
  973    8     0     -29      0     29  0.15888033E+01 -0.21368860E-06 0.5908E-08      5
  974    8     0     -28      0     28  0.16366163E+01 -0.13301078E-06 0.2017E-07      6
  Time elapsed :      3.591 s

Mode Search
-----------

Mode parameters
   l : 9
   m : 0

Building frequency grid (REAL axis)
   added scan interval :  0.5234E+00 ->  0.2104E+01 (3000 points, INVERSE)

Building spatial grid
   Scaffold grid from model
   Split 14 subinterval(s) in iteration 1
   Split 0 subinterval(s) in iteration 2
   Final grid has 1 segment(s) and 7151 point(s):
      Segment 1 : x range 0.0000 -> 1.0012 (1 -> 7151)

Starting search (adiabatic)

Scanning frequencies
  Time elapsed :    33.398 s

Finding roots
  Time elapsed :      4.658 s

Processing modes
   id    l     m    n_pg    n_p    n_g       Re(omega)       Im(omega)        chi n_iter
  994    9     0     -92      0     92  0.59170027E+00  0.00000000E+00 0.4892E-12      5
  995    9     0     -91      0     91  0.59722599E+00  0.00000000E+00 0.4282E-12      6
  996    9     0     -90      0     90  0.60340344E+00  0.00000000E+00 0.4257E-13      6
  997    9     0     -89      0     89  0.61073933E+00  0.00000000E+00 0.1141E-12      5
  998    9     0     -88      0     88  0.61795671E+00  0.00000000E+00 0.3555E-12      5
  999    9     0     -87      0     87  0.62400758E+00  0.00000000E+00 0.6691E-12      5
 1000    9     0     -86      0     86  0.63073518E+00  0.00000000E+00 0.1600E-12      6
 1001    9     0     -85      0     85  0.63879890E+00  0.00000000E+00 0.6410E-12      5
 1002    9     0     -84      0     84  0.64677685E+00  0.00000000E+00 0.8354E-12      6
 1003    9     0     -83      0     83  0.65340237E+00  0.00000000E+00 0.1384E-12      6
 1004    9     0     -82      0     82  0.66073684E+00  0.00000000E+00 0.2033E-12      5
 1005    9     0     -81      0     81  0.66963406E+00  0.00000000E+00 0.2399E-14      5
 1006    9     0     -80      0     80  0.67845760E+00  0.00000000E+00 0.1008E-12      6
 1007    9     0     -79      0     79  0.68571112E+00  0.00000000E+00 0.3551E-13      5
 1008    9     0     -78      0     78  0.69378863E+00  0.00000000E+00 0.3882E-12      6
 1009    9     0     -77      0     77  0.70366189E+00  0.00000000E+00 0.1279E-12      5
 1010    9     0     -76      0     76  0.71346089E+00  0.00000000E+00 0.5359E-12      6
 1011    9     0     -75      0     75  0.72146556E+00  0.00000000E+00 0.5332E-13      5
 1012    9     0     -74      0     74  0.73038637E+00  0.00000000E+00 0.4803E-13      6
 1013    9     0     -73      0     73  0.74135731E+00  0.00000000E+00 0.2643E-12      5
 1014    9     0     -72      0     72  0.75224741E+00  0.00000000E+00 0.2751E-12      6
 1015    9     0     -71      0     71  0.76106391E+00  0.00000000E+00 0.5718E-12      5
 1016    9     0     -70      0     70  0.77099765E+00  0.00000000E+00 0.5441E-12      5
 1017    9     0     -69      0     69  0.78328560E+00  0.00000000E+00 0.2050E-12      5
 1018    9     0     -68      0     68  0.79547820E+00  0.00000000E+00 0.4279E-12      6
 1019    9     0     -67      0     67  0.80524863E+00  0.00000000E+00 0.9494E-13      6
 1020    9     0     -66      0     66  0.81634779E+00  0.00000000E+00 0.1354E-12      6
 1021    9     0     -65      0     65  0.83016428E+00  0.00000000E+00 0.1042E-13      5
 1022    9     0     -64      0     64  0.84383432E+00  0.00000000E+00 0.4632E-12      5
 1023    9     0     -63      0     63  0.85460696E+00  0.00000000E+00 0.2849E-13      5
 1024    9     0     -62      0     62  0.86712446E+00  0.00000000E+00 0.4462E-12      6
 1025    9     0     -61      0     61  0.88276110E+00  0.00000000E+00 0.2610E-12      5
 1026    9     0     -60      0     60  0.89802343E+00  0.00000000E+00 0.4480E-13      6
 1027    9     0     -59      0     59  0.90989658E+00  0.00000000E+00 0.1733E-12      5
 1028    9     0     -58      0     58  0.92441379E+00  0.00000000E+00 0.4225E-12      5
 1029    9     0     -57      0     57  0.94230871E+00  0.00000000E+00 0.4885E-12      5
 1030    9     0     -56      0     56  0.95944648E+00  0.00000000E+00 0.3033E-12      6
 1031    9     0     -55      0     55  0.97263027E+00  0.00000000E+00 0.4515E-13      5
 1032    9     0     -54      0     54  0.98954280E+00  0.00000000E+00 0.1362E-12      6
 1033    9     0     -53      0     53  0.10100365E+01  0.00000000E+00 0.3687E-12      6
 1034    9     0     -52      0     52  0.10289513E+01  0.00000000E+00 0.8529E-13      6
 1035    9     0     -51      0     51  0.10436393E+01  0.00000000E+00 0.2983E-12      5
 1036    9     0     -50      0     50  0.10639055E+01  0.00000000E+00 0.1714E-12      6
 1037    9     0     -49      0     49  0.10876387E+01  0.00000000E+00 0.2409E-12      5
 1038    9     0     -48      0     48  0.11086532E+01  0.00000000E+00 0.2250E-12      6
 1039    9     0     -47      0     47  0.11256738E+01  0.00000000E+00 0.3016E-13      5
 1040    9     0     -46      0     46  0.11501486E+01  0.00000000E+00 0.1332E-12      6
 1041    9     0     -45      0     45  0.11778681E+01  0.00000000E+00 0.7349E-13      6
 1042    9     0     -44      0     44  0.12011376E+01  0.00000000E+00 0.2822E-12      6
 1043    9     0     -43      0     43  0.12213026E+01  0.00000000E+00 0.4301E-14      6
 1044    9     0     -42      0     42  0.12509824E+01  0.00000000E+00 0.4794E-12      5
 1045    9     0     -41      0     41  0.12837764E+01  0.00000000E+00 0.3315E-12      6
 1046    9     0     -40      0     40  0.13110323E+01  0.00000000E+00 0.4177E-12      5
 1047    9     0     -39      0     39  0.13355646E+01  0.00000000E+00 0.1784E-12      6
 1048    9     0     -38      0     38  0.13716009E+01  0.00000000E+00 0.2051E-12      5
 1049    9     0     -37      0     37  0.14114182E+01  0.00000000E+00 0.1570E-12      6
 1050    9     0     -36      0     36  0.14443875E+01  0.00000000E+00 0.5498E-14      6
 1051    9     0     -35      0     35  0.14736328E+01  0.00000000E+00 0.2872E-12      6
 1052    9     0     -34      0     34  0.15174744E+01  0.00000000E+00 0.6057E-13      6
 1053    9     0     -33      0     33  0.15664296E+01  0.00000000E+00 0.2611E-12      6
 1054    9     0     -32      0     32  0.16080363E+01  0.00000000E+00 0.4671E-14      6
 1055    9     0     -31      0     31  0.16429965E+01  0.00000000E+00 0.2136E-12      6
  Time elapsed :      1.349 s

Starting search (non-adiabatic)

Finding roots
  Time elapsed :     58.271 s

Processing modes
   id    l     m    n_pg    n_p    n_g       Re(omega)       Im(omega)        chi n_iter
  995    9     0     -92      0     92  0.59707930E+00 -0.35048125E-03 0.9296E-12      6
  996    9     0     -91      0     91  0.60324265E+00 -0.40472466E-03 0.7059E-12      7
  997    9     0     -90      0     90  0.61059692E+00 -0.38824467E-03 0.1873E-11      6
  998    9     0     -89      0     89  0.61785294E+00 -0.30647149E-03 0.2344E-11      6
  999    9     0     -88      0     88  0.62392710E+00 -0.24416737E-03 0.1980E-11      6
 1000    9     0     -87      0     87  0.63064820E+00 -0.28249723E-03 0.1106E-11      6
 1001    9     0     -86      0     86  0.63872314E+00 -0.27086569E-03 0.4748E-12      6
 1002    9     0     -85      0     85  0.64672281E+00 -0.21295864E-03 0.1992E-11      7
 1003    9     0     -84      0     84  0.65336214E+00 -0.16616492E-03 0.2006E-11      5
 1004    9     0     -83      0     83  0.66069363E+00 -0.19410432E-03 0.1176E-11      5
 1005    9     0     -82      0     82  0.66959724E+00 -0.18587274E-03 0.1522E-11      6
 1006    9     0     -81      0     81  0.67843217E+00 -0.14476501E-03 0.7529E-11      7
 1007    9     0     -80      0     80  0.68569284E+00 -0.11157998E-03 0.2448E-11      6
 1008    9     0     -79      0     79  0.69376927E+00 -0.13190234E-03 0.1612E-11      6
 1009    9     0     -78      0     78  0.70364602E+00 -0.12597081E-03 0.6126E-11      5
 1010    9     0     -77      0     77  0.71345043E+00 -0.97680912E-04 0.2750E-11      5
 1011    9     0     -76      0     76  0.72145841E+00 -0.74511077E-04 0.2407E-11      6
 1012    9     0     -75      0     75  0.73037912E+00 -0.88715668E-04 0.3425E-11      6
 1013    9     0     -74      0     74  0.74135185E+00 -0.84701645E-04 0.7311E-11      6
 1014    9     0     -73      0     73  0.75224421E+00 -0.65340515E-04 0.9135E-11      6
 1015    9     0     -72      0     72  0.76106195E+00 -0.49712745E-04 0.3940E-11      6
 1016    9     0     -71      0     71  0.77099599E+00 -0.60252134E-04 0.1755E-10      5
 1017    9     0     -70      0     70  0.78328480E+00 -0.57842914E-04 0.1642E-10      5
 1018    9     0     -69      0     69  0.79547813E+00 -0.44733569E-04 0.1136E-10      5
 1019    9     0     -68      0     68  0.80524884E+00 -0.33934501E-04 0.2287E-10      5
 1020    9     0     -67      0     67  0.81634843E+00 -0.41914659E-04 0.1481E-10      6
 1021    9     0     -66      0     66  0.83016531E+00 -0.40240779E-04 0.6942E-11      6
 1022    9     0     -65      0     65  0.84383538E+00 -0.30637565E-04 0.4921E-10      5
 1023    9     0     -64      0     64  0.85460788E+00 -0.23024549E-04 0.1515E-10      6
 1024    9     0     -63      0     63  0.86712579E+00 -0.28750325E-04 0.3759E-10      6
 1025    9     0     -62      0     62  0.88276254E+00 -0.26980530E-04 0.2024E-10      5
 1026    9     0     -61      0     61  0.89802459E+00 -0.19708963E-04 0.3011E-10      5
 1027    9     0     -60      0     60  0.90989753E+00 -0.15296226E-04 0.3301E-10      6
 1028    9     0     -59      0     59  0.92441505E+00 -0.19006082E-04 0.4635E-10      5
 1029    9     0     -58      0     58  0.94230993E+00 -0.17333409E-04 0.4055E-10      6
 1030    9     0     -57      0     57  0.95944739E+00 -0.12159663E-04 0.1265E-09      4
 1031    9     0     -56      0     56  0.97263102E+00 -0.98510858E-05 0.6421E-10      6
 1032    9     0     -55      0     55  0.98954378E+00 -0.12096827E-04 0.4560E-10      6
 1033    9     0     -54      0     54  0.10100374E+01 -0.10657025E-04 0.4511E-10      4
 1034    9     0     -53      0     53  0.10289520E+01 -0.69448606E-05 0.1634E-09      5
 1035    9     0     -52      0     52  0.10436400E+01 -0.62894225E-05 0.2477E-10      5
 1036    9     0     -51      0     51  0.10639063E+01 -0.72462697E-05 0.7936E-10      5
 1037    9     0     -50      0     50  0.10876395E+01 -0.59523815E-05 0.2743E-10      5
 1038    9     0     -49      0     49  0.11086538E+01 -0.35563863E-05 0.8261E-09      5
 1039    9     0     -48      0     48  0.11256745E+01 -0.35612461E-05 0.5428E-09      5
 1040    9     0     -47      0     47  0.11501495E+01 -0.37600045E-05 0.1901E-09      5
 1041    9     0     -46      0     46  0.11778690E+01 -0.29216753E-05 0.9596E-09      4
 1042    9     0     -45      0     45  0.12011381E+01 -0.16505012E-05 0.5030E-09      4
 1043    9     0     -44      0     44  0.12213034E+01 -0.18691325E-05 0.9084E-10      4
 1044    9     0     -42      0     42  0.12509833E+01 -0.18336936E-05 0.3629E-09      7
 1045    9     0     -41      0     41  0.12837772E+01 -0.13741771E-05 0.6880E-09      6
 1046    9     0     -40      0     40  0.13110328E+01 -0.77681322E-06 0.9033E-09      5
 1047    9     0     -39      0     39  0.13355652E+01 -0.88593091E-06 0.5822E-09      5
 1048    9     0     -38      0     38  0.13716016E+01 -0.85665165E-06 0.9909E-09      5
 1049    9     0     -37      0     37  0.14114187E+01 -0.66398928E-06 0.1086E-08      6
 1050    9     0     -36      0     36  0.14443879E+01 -0.38890836E-06 0.2673E-08      4
 1051    9     0     -35      0     35  0.14736332E+01 -0.45952200E-06 0.6164E-08      6
 1052    9     0     -34      0     34  0.15174748E+01 -0.46293525E-06 0.2084E-08      5
 1053    9     0     -33      0     33  0.15664299E+01 -0.37612385E-06 0.5615E-08      4
 1054    9     0     -32      0     32  0.16080365E+01 -0.22969706E-06 0.5466E-08      5
 1055    9     0     -31      0     31  0.16429967E+01 -0.26354981E-06 0.1252E-07      5
  Time elapsed :      3.672 s

Mode Search
-----------

Mode parameters
   l : 10
   m : 0

Building frequency grid (REAL axis)
   added scan interval :  0.5234E+00 ->  0.2104E+01 (3000 points, INVERSE)

Building spatial grid
   Scaffold grid from model
   Split 15 subinterval(s) in iteration 1
   Split 0 subinterval(s) in iteration 2
   Final grid has 1 segment(s) and 7152 point(s):
      Segment 1 : x range 0.0000 -> 1.0012 (1 -> 7152)

Starting search (adiabatic)

Scanning frequencies
  Time elapsed :    33.702 s

Finding roots
  Time elapsed :      4.830 s

Processing modes
   id    l     m    n_pg    n_p    n_g       Re(omega)       Im(omega)        chi n_iter
 1076   10     0    -102      0    102  0.59013070E+00  0.00000000E+00 0.2901E-12      6
 1077   10     0    -101      0    101  0.59638075E+00  0.00000000E+00 0.1006E-12      5
 1078   10     0    -100      0    100  0.60249948E+00  0.00000000E+00 0.2600E-12      5
 1079   10     0     -99      0     99  0.60770840E+00  0.00000000E+00 0.5043E-12      5
 1080   10     0     -98      0     98  0.61345088E+00  0.00000000E+00 0.6553E-14      5
 1081   10     0     -97      0     97  0.62021349E+00  0.00000000E+00 0.2497E-12      5
 1082   10     0     -96      0     96  0.62687310E+00  0.00000000E+00 0.5597E-12      5
 1083   10     0     -95      0     95  0.63251555E+00  0.00000000E+00 0.6708E-12      5
 1084   10     0     -94      0     94  0.63870733E+00  0.00000000E+00 0.7360E-12      5
 1085   10     0     -93      0     93  0.64606613E+00  0.00000000E+00 0.8773E-13      5
 1086   10     0     -92      0     92  0.65335414E+00  0.00000000E+00 0.6898E-12      5
 1087   10     0     -91      0     91  0.65949874E+00  0.00000000E+00 0.3898E-12      5
 1088   10     0     -90      0     90  0.66620604E+00  0.00000000E+00 0.5378E-12      5
 1089   10     0     -89      0     89  0.67425431E+00  0.00000000E+00 0.1925E-12      5
 1090   10     0     -88      0     88  0.68227422E+00  0.00000000E+00 0.2162E-12      6
 1091   10     0     -87      0     87  0.68901187E+00  0.00000000E+00 0.1129E-11      5
 1092   10     0     -86      0     86  0.69630316E+00  0.00000000E+00 0.2736E-12      6
 1093   10     0     -85      0     85  0.70513952E+00  0.00000000E+00 0.2524E-12      5
 1094   10     0     -84      0     84  0.71400302E+00  0.00000000E+00 0.1982E-12      6
 1095   10     0     -83      0     83  0.72139313E+00  0.00000000E+00 0.3008E-13      5
 1096   10     0     -82      0     82  0.72932448E+00  0.00000000E+00 0.6888E-13      6
 1097   10     0     -81      0     81  0.73906391E+00  0.00000000E+00 0.1222E-12      5
 1098   10     0     -80      0     80  0.74886865E+00  0.00000000E+00 0.2694E-13      5
 1099   10     0     -79      0     79  0.75696876E+00  0.00000000E+00 0.1805E-12      5
 1100   10     0     -78      0     78  0.76568350E+00  0.00000000E+00 0.4922E-12      6
 1101   10     0     -77      0     77  0.77648217E+00  0.00000000E+00 0.1980E-12      5
 1102   10     0     -76      0     76  0.78736942E+00  0.00000000E+00 0.1585E-12      6
 1103   10     0     -75      0     75  0.79631485E+00  0.00000000E+00 0.1695E-12      5
 1104   10     0     -74      0     74  0.80592140E+00  0.00000000E+00 0.8012E-13      6
 1105   10     0     -73      0     73  0.81791025E+00  0.00000000E+00 0.4291E-12      5
 1106   10     0     -72      0     72  0.83000758E+00  0.00000000E+00 0.2718E-12      6
 1107   10     0     -71      0     71  0.83986065E+00  0.00000000E+00 0.6430E-12      5
 1108   10     0     -70      0     70  0.85053664E+00  0.00000000E+00 0.1106E-12      6
 1109   10     0     -69      0     69  0.86395256E+00  0.00000000E+00 0.4934E-12      5
 1110   10     0     -68      0     68  0.87748768E+00  0.00000000E+00 0.6196E-13      5
 1111   10     0     -67      0     67  0.88840389E+00  0.00000000E+00 0.3137E-12      5
 1112   10     0     -66      0     66  0.90030288E+00  0.00000000E+00 0.1975E-12      6
 1113   10     0     -65      0     65  0.91537055E+00  0.00000000E+00 0.2980E-12      5
 1114   10     0     -64      0     64  0.93053548E+00  0.00000000E+00 0.1006E-12      6
 1115   10     0     -63      0     63  0.94255421E+00  0.00000000E+00 0.3921E-13      6
 1116   10     0     -62      0     62  0.95595296E+00  0.00000000E+00 0.7003E-13      6
 1117   10     0     -61      0     61  0.97300618E+00  0.00000000E+00 0.2279E-12      5
 1118   10     0     -60      0     60  0.98993996E+00  0.00000000E+00 0.1973E-12      6
 1119   10     0     -59      0     59  0.10031235E+01  0.00000000E+00 0.5987E-13      5
 1120   10     0     -58      0     58  0.10186657E+01  0.00000000E+00 0.9595E-13      5
 1121   10     0     -57      0     57  0.10381850E+01  0.00000000E+00 0.2501E-12      6
 1122   10     0     -56      0     56  0.10571830E+01  0.00000000E+00 0.2159E-12      6
 1123   10     0     -55      0     55  0.10717285E+01  0.00000000E+00 0.2762E-12      6
 1124   10     0     -54      0     54  0.10898466E+01  0.00000000E+00 0.7786E-13      5
 1125   10     0     -53      0     53  0.11121976E+01  0.00000000E+00 0.1485E-12      6
 1126   10     0     -52      0     52  0.11331990E+01  0.00000000E+00 0.6250E-13      6
 1127   10     0     -51      0     51  0.11492747E+01  0.00000000E+00 0.3933E-13      6
 1128   10     0     -50      0     50  0.11710007E+01  0.00000000E+00 0.1372E-13      6
 1129   10     0     -49      0     49  0.11969161E+01  0.00000000E+00 0.4118E-12      6
 1130   10     0     -48      0     48  0.12204337E+01  0.00000000E+00 0.2854E-12      5
 1131   10     0     -47      0     47  0.12388763E+01  0.00000000E+00 0.2656E-12      6
 1132   10     0     -46      0     46  0.12650214E+01  0.00000000E+00 0.2360E-12      6
 1133   10     0     -45      0     45  0.12952997E+01  0.00000000E+00 0.2078E-12      5
 1134   10     0     -44      0     44  0.13216948E+01  0.00000000E+00 0.1220E-12      6
 1135   10     0     -43      0     43  0.13431363E+01  0.00000000E+00 0.3345E-12      6
 1136   10     0     -42      0     42  0.13746761E+01  0.00000000E+00 0.1775E-12      6
 1137   10     0     -41      0     41  0.14105862E+01  0.00000000E+00 0.6742E-13      6
 1138   10     0     -40      0     40  0.14420159E+01  0.00000000E+00 0.1000E-12      6
 1139   10     0     -39      0     39  0.14677473E+01  0.00000000E+00 0.1233E-13      6
 1140   10     0     -38      0     38  0.15056675E+01  0.00000000E+00 0.1105E-12      6
 1141   10     0     -37      0     37  0.15491163E+01  0.00000000E+00 0.1132E-13      6
 1142   10     0     -36      0     36  0.15875972E+01  0.00000000E+00 0.1505E-12      5
 1143   10     0     -35      0     35  0.16178563E+01  0.00000000E+00 0.1972E-13      6
 1144   10     0     -34      0     34  0.16632504E+01  0.00000000E+00 0.1474E-12      5
  Time elapsed :      1.638 s

Starting search (non-adiabatic)

Finding roots
  Time elapsed :     61.393 s

Processing modes
   id    l     m    n_pg    n_p    n_g       Re(omega)       Im(omega)        chi n_iter
 1077   10     0    -102      0    102  0.59598623E+00 -0.94087453E-03 0.5228E-12      7
 1078   10     0    -101      0    101  0.60217507E+00 -0.79348956E-03 0.8424E-12      7
 1079   10     0    -100      0    100  0.60741862E+00 -0.65989459E-03 0.2040E-11      7
 1080   10     0     -99      0     99  0.61311033E+00 -0.77495647E-03 0.6702E-12      7
 1081   10     0     -98      0     98  0.61988702E+00 -0.77472159E-03 0.4307E-12      7
 1082   10     0     -97      0     97  0.62661613E+00 -0.63762599E-03 0.1214E-11      6
 1083   10     0     -96      0     96  0.63230105E+00 -0.51565198E-03 0.5828E-12      6
 1084   10     0     -95      0     95  0.63846564E+00 -0.59674547E-03 0.1101E-13      6
 1085   10     0     -94      0     94  0.64584499E+00 -0.58366969E-03 0.1718E-11      7
 1086   10     0     -93      0     93  0.65318819E+00 -0.46949904E-03 0.1890E-11      7
 1087   10     0     -92      0     92  0.65936866E+00 -0.37044617E-03 0.1694E-11      5
 1088   10     0     -91      0     91  0.66606438E+00 -0.42563822E-03 0.1749E-11      7
 1089   10     0     -90      0     90  0.67412927E+00 -0.41195773E-03 0.8494E-12      5
 1090   10     0     -89      0     89  0.68218342E+00 -0.32863228E-03 0.1254E-11      6
 1091   10     0     -88      0     88  0.68894411E+00 -0.25478149E-03 0.2098E-11      5
 1092   10     0     -87      0     87  0.69623090E+00 -0.29303290E-03 0.2104E-11      6
 1093   10     0     -86      0     86  0.70507723E+00 -0.28384956E-03 0.1028E-11      5
 1094   10     0     -85      0     85  0.71395911E+00 -0.22588059E-03 0.4904E-12      6
 1095   10     0     -84      0     84  0.72136204E+00 -0.17108535E-03 0.2850E-11      5
 1096   10     0     -83      0     83  0.72929190E+00 -0.19843262E-03 0.2883E-11      7
 1097   10     0     -82      0     82  0.73903688E+00 -0.19230994E-03 0.5426E-11      5
 1098   10     0     -81      0     81  0.74885062E+00 -0.15191737E-03 0.8613E-11      5
 1099   10     0     -80      0     80  0.75695672E+00 -0.11331968E-03 0.1038E-10      8
 1100   10     0     -79      0     79  0.76567143E+00 -0.13311030E-03 0.2373E-11      5
 1101   10     0     -78      0     78  0.77647306E+00 -0.12886047E-03 0.1213E-10      5
 1102   10     0     -77      0     77  0.78736412E+00 -0.10148932E-03 0.9667E-11      6
 1103   10     0     -76      0     76  0.79631180E+00 -0.74788724E-04 0.3695E-11      5
 1104   10     0     -75      0     75  0.80591896E+00 -0.88496514E-04 0.5507E-11      6
 1105   10     0     -74      0     74  0.81790930E+00 -0.85781220E-04 0.9241E-11      7
 1106   10     0     -73      0     73  0.83000786E+00 -0.67355693E-04 0.1243E-10      6
 1107   10     0     -72      0     72  0.83986133E+00 -0.49416606E-04 0.4618E-11      5
 1108   10     0     -71      0     71  0.85053812E+00 -0.59666489E-04 0.8574E-11      5
 1109   10     0     -70      0     70  0.86395477E+00 -0.58235565E-04 0.1447E-10      6
 1110   10     0     -69      0     69  0.87748997E+00 -0.45919419E-04 0.7993E-11      5
 1111   10     0     -68      0     68  0.88840582E+00 -0.33505773E-04 0.4361E-11      5
 1112   10     0     -67      0     67  0.90030560E+00 -0.41252005E-04 0.1366E-10      5
 1113   10     0     -66      0     66  0.91537360E+00 -0.40234083E-04 0.1105E-10      5
 1114   10     0     -65      0     65  0.93053812E+00 -0.31217574E-04 0.4371E-10      5
 1115   10     0     -64      0     64  0.94255622E+00 -0.22450541E-04 0.4134E-10      5
 1116   10     0     -63      0     63  0.95595565E+00 -0.28057351E-04 0.4739E-10      7
 1117   10     0     -62      0     62  0.97300893E+00 -0.26735772E-04 0.2181E-10      5
 1118   10     0     -61      0     61  0.98994213E+00 -0.19920796E-04 0.4667E-10      5
 1119   10     0     -60      0     60  0.10031252E+01 -0.14716539E-04 0.7438E-10      4
 1120   10     0     -59      0     59  0.10186679E+01 -0.18472383E-04 0.2425E-10      5
 1121   10     0     -58      0     58  0.10381871E+01 -0.17088644E-04 0.3862E-10      6
 1122   10     0     -57      0     57  0.10571845E+01 -0.12232777E-04 0.1268E-09      4
 1123   10     0     -56      0     56  0.10717297E+01 -0.94167805E-05 0.9437E-10      4
 1124   10     0     -55      0     55  0.10898482E+01 -0.11767420E-04 0.4296E-10      5
 1125   10     0     -54      0     54  0.11121991E+01 -0.10509999E-04 0.6040E-10      5
 1126   10     0     -53      0     53  0.11332000E+01 -0.69990932E-05 0.9477E-10      6
 1127   10     0     -52      0     52  0.11492756E+01 -0.59796036E-05 0.2532E-09      5
 1128   10     0     -51      0     51  0.11710019E+01 -0.70597326E-05 0.1469E-09      7
 1129   10     0     -50      0     50  0.11969173E+01 -0.58930955E-05 0.2104E-09      5
 1130   10     0     -49      0     49  0.12204345E+01 -0.36173977E-05 0.1462E-09      4
 1131   10     0     -48      0     48  0.12388772E+01 -0.33778343E-05 0.7099E-09      5
 1132   10     0     -47      0     47  0.12650225E+01 -0.37169481E-05 0.7207E-09      4
 1133   10     0     -46      0     46  0.12953008E+01 -0.29693277E-05 0.4367E-10      6
 1134   10     0     -45      0     45  0.13216955E+01 -0.17232628E-05 0.2238E-09      5
 1135   10     0     -44      1     45  0.13431371E+01 -0.17817534E-05 0.1594E-08      5
 1136   10     0     -42      0     42  0.13746771E+01 -0.18343149E-05 0.1458E-08      6
 1137   10     0     -41      0     41  0.14105871E+01 -0.14129779E-05 0.7414E-09      5
 1138   10     0     -40      0     40  0.14420164E+01 -0.81807050E-06 0.1526E-08      5
 1139   10     0     -39      0     39  0.14677478E+01 -0.83655414E-06 0.6086E-09      4
 1140   10     0     -38      0     38  0.15056682E+01 -0.86905941E-06 0.2265E-08      5
 1141   10     0     -37      0     37  0.15491169E+01 -0.70345484E-06 0.1420E-08      4
 1142   10     0     -36      0     36  0.15875976E+01 -0.43096333E-06 0.1534E-08      6
 1143   10     0     -35      0     35  0.16178566E+01 -0.43950560E-06 0.1932E-08      5
 1144   10     0     -34      0     34  0.16632508E+01 -0.48463069E-06 0.1141E-08      5
  Time elapsed :      4.182 s

Mode Search
-----------

Mode parameters
   l : 11
   m : 0

Building frequency grid (REAL axis)
   added scan interval :  0.5234E+00 ->  0.2104E+01 (3000 points, INVERSE)

Building spatial grid
   Scaffold grid from model
   Split 27 subinterval(s) in iteration 1
   Split 0 subinterval(s) in iteration 2
   Final grid has 1 segment(s) and 7164 point(s):
      Segment 1 : x range 0.0000 -> 1.0012 (1 -> 7164)

Starting search (adiabatic)

Scanning frequencies
  Time elapsed :    33.754 s

Finding roots
  Time elapsed :      5.250 s

Processing modes
   id    l     m    n_pg    n_p    n_g       Re(omega)       Im(omega)        chi n_iter
 1167   11     0    -112      0    112  0.59036155E+00  0.00000000E+00 0.3436E-12      5
 1168   11     0    -111      0    111  0.59501570E+00  0.00000000E+00 0.5872E-12      5
 1169   11     0    -110      0    110  0.60007243E+00  0.00000000E+00 0.3079E-13      6
 1170   11     0    -109      0    109  0.60595443E+00  0.00000000E+00 0.7061E-13      5
 1171   11     0    -108      0    108  0.61171996E+00  0.00000000E+00 0.4507E-12      6
 1172   11     0    -107      0    107  0.61667451E+00  0.00000000E+00 0.2057E-12      5
 1173   11     0    -106      0    106  0.62209547E+00  0.00000000E+00 0.6585E-13      6
 1174   11     0    -105      0    105  0.62841392E+00  0.00000000E+00 0.7259E-13      5
 1175   11     0    -104      0    104  0.63462330E+00  0.00000000E+00 0.3434E-12      6
 1176   11     0    -103      0    103  0.63993442E+00  0.00000000E+00 0.1455E-12      5
 1177   11     0    -102      0    102  0.64571795E+00  0.00000000E+00 0.7132E-13      6
 1178   11     0    -101      0    101  0.65252051E+00  0.00000000E+00 0.4025E-12      5
 1179   11     0    -100      0    100  0.65925456E+00  0.00000000E+00 0.3944E-13      6
 1180   11     0     -99      0     99  0.66499080E+00  0.00000000E+00 0.1404E-12      5
 1181   11     0     -98      0     98  0.67117581E+00  0.00000000E+00 0.5713E-12      5
 1182   11     0     -97      0     97  0.67852797E+00  0.00000000E+00 0.7518E-13      5
 1183   11     0     -96      0     96  0.68585866E+00  0.00000000E+00 0.1225E-12      6
 1184   11     0     -95      0     95  0.69208273E+00  0.00000000E+00 0.3260E-13      5
 1185   11     0     -94      0     94  0.69873980E+00  0.00000000E+00 0.8156E-12      5
 1186   11     0     -93      0     93  0.70673232E+00  0.00000000E+00 0.5552E-12      5
 1187   11     0     -92      0     92  0.71475582E+00  0.00000000E+00 0.4807E-12      5
 1188   11     0     -91      0     91  0.72154567E+00  0.00000000E+00 0.1257E-11      5
 1189   11     0     -90      0     90  0.72874538E+00  0.00000000E+00 0.3124E-12      5
 1190   11     0     -89      0     89  0.73747734E+00  0.00000000E+00 0.2827E-12      5
 1191   11     0     -88      0     88  0.74630449E+00  0.00000000E+00 0.1444E-12      6
 1192   11     0     -87      0     87  0.75376184E+00  0.00000000E+00 0.1958E-12      5
 1193   11     0     -86      0     86  0.76157451E+00  0.00000000E+00 0.1120E-12      6
 1194   11     0     -85      0     85  0.77114746E+00  0.00000000E+00 0.5228E-12      5
 1195   11     0     -84      0     84  0.78089877E+00  0.00000000E+00 0.7584E-13      6
 1196   11     0     -83      0     83  0.78909486E+00  0.00000000E+00 0.1971E-13      5
 1197   11     0     -82      0     82  0.79757480E+00  0.00000000E+00 0.4873E-12      6
 1198   11     0     -81      0     81  0.80811204E+00  0.00000000E+00 0.3167E-12      5
 1199   11     0     -80      0     80  0.81889830E+00  0.00000000E+00 0.2374E-12      6
 1200   11     0     -79      0     79  0.82789516E+00  0.00000000E+00 0.2517E-12      5
 1201   11     0     -78      0     78  0.83718995E+00  0.00000000E+00 0.4404E-12      6
 1202   11     0     -77      0     77  0.84886093E+00  0.00000000E+00 0.2036E-12      5
 1203   11     0     -76      0     76  0.86083436E+00  0.00000000E+00 0.1464E-13      5
 1204   11     0     -75      0     75  0.87077901E+00  0.00000000E+00 0.4540E-12      5
 1205   11     0     -74      0     74  0.88100530E+00  0.00000000E+00 0.3210E-12      6
 1206   11     0     -73      0     73  0.89394943E+00  0.00000000E+00 0.9176E-13      5
 1207   11     0     -72      0     72  0.90724925E+00  0.00000000E+00 0.2147E-12      5
 1208   11     0     -71      0     71  0.91820476E+00  0.00000000E+00 0.9417E-13      5
 1209   11     0     -70      0     70  0.92954277E+00  0.00000000E+00 0.2109E-12      6
 1210   11     0     -69      0     69  0.94401261E+00  0.00000000E+00 0.6199E-15      5
 1211   11     0     -68      0     68  0.95888065E+00  0.00000000E+00 0.4413E-12      5
 1212   11     0     -67      0     67  0.97101684E+00  0.00000000E+00 0.2398E-12      5
 1213   11     0     -66      0     66  0.98361766E+00  0.00000000E+00 0.2935E-12      5
 1214   11     0     -65      0     65  0.99984948E+00  0.00000000E+00 0.4979E-13      5
 1215   11     0     -64      0     64  0.10164970E+01  0.00000000E+00 0.2711E-12      6
 1216   11     0     -63      0     63  0.10298431E+01  0.00000000E+00 0.2005E-12      5
 1217   11     0     -62      0     62  0.10440014E+01  0.00000000E+00 0.3019E-12      6
 1218   11     0     -61      0     61  0.10623762E+01  0.00000000E+00 0.4030E-12      5
 1219   11     0     -60      0     60  0.10809736E+01  0.00000000E+00 0.1231E-12      6
 1220   11     0     -59      0     59  0.10955476E+01  0.00000000E+00 0.1541E-12      5
 1221   11     0     -58      0     58  0.11119585E+01  0.00000000E+00 0.5352E-12      5
 1222   11     0     -57      0     57  0.11330004E+01  0.00000000E+00 0.5496E-14      5
 1223   11     0     -56      0     56  0.11538614E+01  0.00000000E+00 0.1325E-12      6
 1224   11     0     -55      0     55  0.11698436E+01  0.00000000E+00 0.8871E-13      5
 1225   11     0     -54      0     54  0.11889632E+01  0.00000000E+00 0.2807E-13      6
 1226   11     0     -53      0     53  0.12130604E+01  0.00000000E+00 0.3673E-12      6
 1227   11     0     -52      0     52  0.12362008E+01  0.00000000E+00 0.1842E-13      6
 1228   11     0     -51      0     51  0.12537340E+01  0.00000000E+00 0.4099E-13      6
 1229   11     0     -50      0     50  0.12766321E+01  0.00000000E+00 0.2445E-12      6
 1230   11     0     -49      0     49  0.13046083E+01  0.00000000E+00 0.4060E-12      6
 1231   11     0     -48      0     48  0.13307666E+01  0.00000000E+00 0.1130E-12      5
 1232   11     0     -47      0     47  0.13506985E+01  0.00000000E+00 0.1425E-13      6
 1233   11     0     -46      0     46  0.13780682E+01  0.00000000E+00 0.3582E-12      5
 1234   11     0     -45      0     45  0.14107252E+01  0.00000000E+00 0.1788E-13      5
 1235   11     0     -44      0     44  0.14405031E+01  0.00000000E+00 0.2439E-12      6
 1236   11     0     -43      0     43  0.14633117E+01  0.00000000E+00 0.1930E-13      6
 1237   11     0     -42      0     42  0.14960545E+01  0.00000000E+00 0.2497E-12      6
 1238   11     0     -41      0     41  0.15348259E+01  0.00000000E+00 0.1576E-13      6
 1239   11     0     -40      0     40  0.15707326E+01  0.00000000E+00 0.9950E-13      6
 1240   11     0     -39      0     39  0.15980355E+01  0.00000000E+00 0.1184E-12      6
 1241   11     0     -38      0     38  0.16367847E+01  0.00000000E+00 0.1285E-12      6
 1242   11     0     -37      0     37  0.16833628E+01  0.00000000E+00 0.7315E-13      5
  Time elapsed :      1.724 s

Starting search (non-adiabatic)

Finding roots
  Time elapsed :     71.273 s

Processing modes
   id    l     m    n_pg    n_p    n_g       Re(omega)       Im(omega)        chi n_iter
 1167   11     0    -112      0    112  0.59014893E+00 -0.94080224E-03 0.7761E-12      8
 1168   11     0    -111      0    111  0.59479642E+00 -0.84065379E-03 0.1211E-11      7
 1169   11     0    -110      0    110  0.59978934E+00 -0.10338746E-02 0.7070E-12      7
 1170   11     0    -109      0    109  0.60565807E+00 -0.11127705E-02 0.2482E-12      7
 1171   11     0    -108      0    108  0.61146185E+00 -0.99386333E-03 0.5021E-12      7
 1172   11     0    -107      0    107  0.61640967E+00 -0.87399633E-03 0.2933E-12      6
 1173   11     0    -107      0    107  0.62175702E+00 -0.10588452E-02 0.5497E-12      6
 1174   11     0    -106      0    106  0.62806222E+00 -0.11123167E-02 0.1017E-11      7
 1175   11     0    -105      0    105  0.63432097E+00 -0.96972921E-03 0.1013E-11      7
 1176   11     0    -104      0    104  0.63964587E+00 -0.82226933E-03 0.1104E-11      7
 1177   11     0    -103      0    103  0.64536207E+00 -0.97786850E-03 0.1408E-12      8
 1178   11     0    -102      0    102  0.65216260E+00 -0.10069913E-02 0.6596E-12      8
 1179   11     0    -101      0    101  0.65895745E+00 -0.85894389E-03 0.1220E-11      7
 1180   11     0    -100      0    100  0.66472984E+00 -0.70230112E-03 0.7111E-12      7
 1181   11     0     -99      0     99  0.67086759E+00 -0.82071337E-03 0.4274E-12      6
 1182   11     0     -98      0     98  0.67823087E+00 -0.82871915E-03 0.9173E-12      6
 1183   11     0     -97      0     97  0.68562337E+00 -0.68961266E-03 0.9536E-12      7
 1184   11     0     -96      0     96  0.69189143E+00 -0.54572209E-03 0.7426E-12      6
 1185   11     0     -95      0     95  0.69852484E+00 -0.62669479E-03 0.1543E-11      6
 1186   11     0     -94      0     94  0.70653553E+00 -0.61923728E-03 0.1164E-11      6
 1187   11     0     -93      0     93  0.71460806E+00 -0.50378408E-03 0.8857E-12      8
 1188   11     0     -92      0     92  0.72143383E+00 -0.38772276E-03 0.2513E-11      6
 1189   11     0     -91      0     91  0.72862488E+00 -0.44137902E-03 0.2240E-11      6
 1190   11     0     -90      0     90  0.73737159E+00 -0.43214520E-03 0.3958E-12      6
 1191   11     0     -89      0     89  0.74622828E+00 -0.34911410E-03 0.1215E-11      6
 1192   11     0     -88      0     88  0.75370744E+00 -0.26363633E-03 0.1111E-11      5
 1193   11     0     -87      0     87  0.76151774E+00 -0.29977969E-03 0.3764E-11      5
 1194   11     0     -86      0     86  0.77109947E+00 -0.29418626E-03 0.3485E-11      5
 1195   11     0     -85      0     85  0.78086582E+00 -0.23741621E-03 0.3573E-11      7
 1196   11     0     -84      0     84  0.78907298E+00 -0.17495262E-03 0.5076E-11      5
 1197   11     0     -83      0     83  0.79755293E+00 -0.20008721E-03 0.5160E-11      5
 1198   11     0     -82      0     82  0.80809502E+00 -0.19687312E-03 0.2089E-11      5
 1199   11     0     -81      0     81  0.81888801E+00 -0.15804922E-03 0.1143E-11      6
 1200   11     0     -80      0     80  0.82788921E+00 -0.11447430E-03 0.1180E-10      6
 1201   11     0     -79      0     79  0.83718494E+00 -0.13254367E-03 0.2798E-11      6
 1202   11     0     -78      0     78  0.84885852E+00 -0.13050591E-03 0.1776E-11      6
 1203   11     0     -77      0     77  0.86083431E+00 -0.10458435E-03 0.3880E-11      5
 1204   11     0     -76      0     76  0.87077986E+00 -0.74767730E-04 0.8329E-11      6
 1205   11     0     -75      0     75  0.88100735E+00 -0.87148031E-04 0.1172E-10      5
 1206   11     0     -74      0     74  0.89395282E+00 -0.86085417E-04 0.1181E-10      5
 1207   11     0     -73      0     73  0.90725298E+00 -0.68936028E-04 0.1219E-10      5
 1208   11     0     -72      0     72  0.91820791E+00 -0.49003648E-04 0.1023E-10      5
 1209   11     0     -71      0     71  0.92954710E+00 -0.58403565E-04 0.2347E-10      5
 1210   11     0     -70      0     70  0.94401767E+00 -0.58176325E-04 0.1494E-10      7
 1211   11     0     -69      0     69  0.95888527E+00 -0.46848898E-04 0.3088E-11      6
 1212   11     0     -68      0     68  0.97102035E+00 -0.33041567E-04 0.1646E-10      6
 1213   11     0     -67      0     67  0.98362224E+00 -0.40148802E-04 0.2808E-10      7
 1214   11     0     -66      0     66  0.99985441E+00 -0.39932491E-04 0.9896E-11      7
 1215   11     0     -65      0     65  0.10165012E+01 -0.31626524E-04 0.1528E-10      5
 1216   11     0     -64      0     64  0.10298461E+01 -0.21855420E-04 0.6863E-10      5
 1217   11     0     -63      0     63  0.10440052E+01 -0.27096788E-04 0.3818E-10      5
 1218   11     0     -62      0     62  0.10623801E+01 -0.26328285E-04 0.3181E-10      6
 1219   11     0     -61      0     61  0.10809768E+01 -0.20063340E-04 0.8317E-10      4
 1220   11     0     -60      0     60  0.10955499E+01 -0.14124712E-04 0.6105E-10      5
 1221   11     0     -59      0     59  0.11119614E+01 -0.17812231E-04 0.8332E-10      5
 1222   11     0     -58      0     58  0.11330033E+01 -0.16785704E-04 0.2103E-10      5
 1223   11     0     -57      0     57  0.11538636E+01 -0.12316255E-04 0.1214E-09      4
 1224   11     0     -56      0     56  0.11698452E+01 -0.89756710E-05 0.1475E-09      5
 1225   11     0     -55      0     55  0.11889653E+01 -0.11391781E-04 0.9622E-11      6
 1226   11     0     -54      0     54  0.12130625E+01 -0.10358040E-04 0.6044E-10      4
 1227   11     0     -53      0     53  0.12362023E+01 -0.71012752E-05 0.1286E-09      6
 1228   11     0     -52      0     52  0.12537352E+01 -0.56439808E-05 0.1105E-09      5
 1229   11     0     -51      0     51  0.12766337E+01 -0.68533315E-05 0.7078E-10      5
 1230   11     0     -50      0     50  0.13046098E+01 -0.58423977E-05 0.1165E-09      5
 1231   11     0     -49      0     49  0.13307677E+01 -0.37334075E-05 0.5401E-09      5
 1232   11     0     -48      0     48  0.13506995E+01 -0.31708201E-05 0.1882E-09      5
 1233   11     0     -47      0     47  0.13780696E+01 -0.36683284E-05 0.2804E-09      5
 1234   11     0     -46      0     46  0.14107264E+01 -0.30213004E-05 0.2985E-09      5
 1235   11     0     -45      0     45  0.14405039E+01 -0.18383362E-05 0.1423E-08      6
 1236   11     0     -43      0     43  0.14633125E+01 -0.16601073E-05 0.3901E-09      4
 1237   11     0     -42      0     42  0.14960555E+01 -0.18224220E-05 0.1460E-08      5
 1238   11     0     -41      0     41  0.15348268E+01 -0.14492037E-05 0.1625E-08      5
 1239   11     0     -40      0     40  0.15707332E+01 -0.89173390E-06 0.9772E-09      4
 1240   11     0     -39      0     39  0.15980360E+01 -0.77585731E-06 0.1825E-08      4
 1241   11     0     -38      0     38  0.16367853E+01 -0.88345217E-06 0.1006E-08      6
 1242   11     0     -37      0     37  0.16833633E+01 -0.74853665E-06 0.1045E-08      5
  Time elapsed :      4.381 s

Mode Search
-----------

Mode parameters
   l : 12
   m : 0

Building frequency grid (REAL axis)
   added scan interval :  0.5234E+00 ->  0.2104E+01 (3000 points, INVERSE)

Building spatial grid
   Scaffold grid from model
   Split 57 subinterval(s) in iteration 1
   Split 0 subinterval(s) in iteration 2
   Final grid has 1 segment(s) and 7194 point(s):
      Segment 1 : x range 0.0000 -> 1.0012 (1 -> 7194)

Starting search (adiabatic)

Scanning frequencies
  Time elapsed :    33.741 s

Finding roots
  Time elapsed :      5.612 s

Processing modes
   id    l     m    n_pg    n_p    n_g       Re(omega)       Im(omega)        chi n_iter
 1266   12     0    -122      0    122  0.58885501E+00  0.00000000E+00 0.1357E-12      5
 1267   12     0    -121      0    121  0.59399439E+00  0.00000000E+00 0.2981E-12      5
 1268   12     0    -120      0    120  0.59918586E+00  0.00000000E+00 0.1005E-12      5
 1269   12     0    -119      0    119  0.60373335E+00  0.00000000E+00 0.6630E-12      5
 1270   12     0    -118      0    118  0.60844023E+00  0.00000000E+00 0.5183E-12      5
 1271   12     0    -117      0    117  0.61394810E+00  0.00000000E+00 0.3317E-12      5
 1272   12     0    -116      0    116  0.61947145E+00  0.00000000E+00 0.2429E-12      6
 1273   12     0    -115      0    115  0.62427733E+00  0.00000000E+00 0.4803E-12      5
 1274   12     0    -114      0    114  0.62933701E+00  0.00000000E+00 0.6851E-12      5
 1275   12     0    -113      0    113  0.63525696E+00  0.00000000E+00 0.5948E-13      5
 1276   12     0    -112      0    112  0.64114386E+00  0.00000000E+00 0.4873E-12      6
 1277   12     0    -111      0    111  0.64622393E+00  0.00000000E+00 0.4394E-12      5
 1278   12     0    -110      0    110  0.65165034E+00  0.00000000E+00 0.3558E-12      6
 1279   12     0    -109      0    109  0.65800470E+00  0.00000000E+00 0.2371E-12      5
 1280   12     0    -108      0    108  0.66429623E+00  0.00000000E+00 0.1972E-12      6
 1281   12     0    -107      0    107  0.66970471E+00  0.00000000E+00 0.4336E-12      5
 1282   12     0    -106      0    106  0.67551298E+00  0.00000000E+00 0.1520E-12      5
 1283   12     0    -105      0    105  0.68233615E+00  0.00000000E+00 0.4213E-13      5
 1284   12     0    -104      0    104  0.68911561E+00  0.00000000E+00 0.6826E-12      5
 1285   12     0    -103      0    103  0.69492077E+00  0.00000000E+00 0.1323E-11      5
 1286   12     0    -102      0    102  0.70110491E+00  0.00000000E+00 0.4455E-13      5
 1287   12     0    -101      0    101  0.70844263E+00  0.00000000E+00 0.3600E-12      5
 1288   12     0    -100      0    100  0.71579592E+00  0.00000000E+00 0.3832E-12      5
 1289   12     0     -99      0     99  0.72207864E+00  0.00000000E+00 0.5683E-12      5
 1290   12     0     -98      0     98  0.72867835E+00  0.00000000E+00 0.2738E-12      6
 1291   12     0     -97      0     97  0.73659712E+00  0.00000000E+00 0.1726E-12      5
 1292   12     0     -96      0     96  0.74460143E+00  0.00000000E+00 0.2579E-12      5
 1293   12     0     -95      0     95  0.75143245E+00  0.00000000E+00 0.9270E-12      5
 1294   12     0     -94      0     94  0.75852439E+00  0.00000000E+00 0.1899E-12      6
 1295   12     0     -93      0     93  0.76712247E+00  0.00000000E+00 0.2871E-12      5
 1296   12     0     -92      0     92  0.77588245E+00  0.00000000E+00 0.2948E-12      6
 1297   12     0     -91      0     91  0.78334804E+00  0.00000000E+00 0.4299E-13      5
 1298   12     0     -90      0     90  0.79100664E+00  0.00000000E+00 0.3007E-12      6
 1299   12     0     -89      0     89  0.80038846E+00  0.00000000E+00 0.5804E-13      5
 1300   12     0     -88      0     88  0.81002236E+00  0.00000000E+00 0.6206E-13      6
 1301   12     0     -87      0     87  0.81823597E+00  0.00000000E+00 0.1288E-12      5
 1302   12     0     -86      0     86  0.82653155E+00  0.00000000E+00 0.1941E-12      6
 1303   12     0     -85      0     85  0.83679889E+00  0.00000000E+00 0.8706E-13      5
 1304   12     0     -84      0     84  0.84743554E+00  0.00000000E+00 0.2469E-13      6
 1305   12     0     -83      0     83  0.85648440E+00  0.00000000E+00 0.1264E-12      5
 1306   12     0     -82      0     82  0.86546844E+00  0.00000000E+00 0.4300E-12      5
 1307   12     0     -81      0     81  0.87674990E+00  0.00000000E+00 0.1879E-12      5
 1308   12     0     -80      0     80  0.88851242E+00  0.00000000E+00 0.1273E-12      6
 1309   12     0     -79      0     79  0.89846472E+00  0.00000000E+00 0.1387E-12      5
 1310   12     0     -78      0     78  0.90828706E+00  0.00000000E+00 0.6855E-13      6
 1311   12     0     -77      0     77  0.92076440E+00  0.00000000E+00 0.8557E-13      5
 1312   12     0     -76      0     76  0.93381472E+00  0.00000000E+00 0.6364E-13      6
 1313   12     0     -75      0     75  0.94482787E+00  0.00000000E+00 0.1061E-13      5
 1314   12     0     -74      0     74  0.95561474E+00  0.00000000E+00 0.1256E-12      6
 1315   12     0     -73      0     73  0.96943521E+00  0.00000000E+00 0.4391E-13      5
 1316   12     0     -72      0     72  0.98392341E+00  0.00000000E+00 0.3704E-12      6
 1317   12     0     -71      0     71  0.99606053E+00  0.00000000E+00 0.6184E-13      5
 1318   12     0     -70      0     70  0.10079877E+01  0.00000000E+00 0.1516E-12      6
 1319   12     0     -69      0     69  0.10234175E+01  0.00000000E+00 0.3829E-12      5
 1320   12     0     -68      0     68  0.10395971E+01  0.00000000E+00 0.5958E-13      6
 1321   12     0     -67      0     67  0.10530445E+01  0.00000000E+00 0.2385E-12      5
 1322   12     0     -66      0     66  0.10662584E+01  0.00000000E+00 0.3103E-12      6
 1323   12     0     -65      0     65  0.10835434E+01  0.00000000E+00 0.2089E-12      5
 1324   12     0     -64      0     64  0.11016470E+01  0.00000000E+00 0.1375E-12      6
 1325   12     0     -63      0     63  0.11164244E+01  0.00000000E+00 0.9839E-13      5
 1326   12     0     -62      0     62  0.11312285E+01  0.00000000E+00 0.3075E-12      6
 1327   12     0     -61      0     61  0.11508032E+01  0.00000000E+00 0.3870E-12      5
 1328   12     0     -60      0     60  0.11710394E+01  0.00000000E+00 0.2454E-12      6
 1329   12     0     -59      0     59  0.11871184E+01  0.00000000E+00 0.7118E-13      5
 1330   12     0     -58      0     58  0.12042405E+01  0.00000000E+00 0.1771E-12      6
 1331   12     0     -57      0     57  0.12266749E+01  0.00000000E+00 0.4376E-12      5
 1332   12     0     -56      0     56  0.12493841E+01  0.00000000E+00 0.1346E-12      6
 1333   12     0     -55      0     55  0.12669329E+01  0.00000000E+00 0.1178E-12      5
 1334   12     0     -54      0     54  0.12868299E+01  0.00000000E+00 0.5886E-13      6
 1335   12     0     -53      0     53  0.13125292E+01  0.00000000E+00 0.9019E-13      5
 1336   12     0     -52      0     52  0.13378416E+01  0.00000000E+00 0.8151E-13      6
 1337   12     0     -51      0     51  0.13570044E+01  0.00000000E+00 0.2133E-12      6
 1338   12     0     -50      0     50  0.13807303E+01  0.00000000E+00 0.1173E-12      6
 1339   12     0     -49      0     49  0.14105943E+01  0.00000000E+00 0.1578E-12      5
 1340   12     0     -48      0     48  0.14394753E+01  0.00000000E+00 0.9878E-13      6
 1341   12     0     -47      0     47  0.14611613E+01  0.00000000E+00 0.8465E-13      6
 1342   12     0     -46      0     46  0.14891966E+01  0.00000000E+00 0.1754E-12      5
 1343   12     0     -45      0     45  0.15239637E+01  0.00000000E+00 0.1937E-12      5
 1344   12     0     -44      0     44  0.15572408E+01  0.00000000E+00 0.2080E-12      6
 1345   12     0     -43      0     43  0.15819378E+01  0.00000000E+00 0.4297E-13      6
 1346   12     0     -42      0     42  0.16150413E+01  0.00000000E+00 0.3120E-12      6
 1347   12     0     -41      0     41  0.16562882E+01  0.00000000E+00 0.2230E-12      6
 1348   12     0     -40      0     40  0.16966358E+01  0.00000000E+00 0.3516E-12      6
  Time elapsed :      1.564 s

Starting search (non-adiabatic)

Finding roots
  Time elapsed :     79.197 s

Processing modes
   id    l     m    n_pg    n_p    n_g       Re(omega)       Im(omega)        chi n_iter
 1266   12     0    -122      0    122  0.58864289E+00 -0.81458110E-03 0.3316E-12      7
 1267   12     0    -121      0    121  0.59378183E+00 -0.90310580E-03 0.7522E-12      7
 1268   12     0    -120      0    120  0.59900821E+00 -0.84407104E-03 0.6352E-12      7
 1269   12     0    -119      0    119  0.60357015E+00 -0.73959005E-03 0.2139E-12      6
 1270   12     0    -118      0    118  0.60823918E+00 -0.88310103E-03 0.1673E-11      6
 1271   12     0    -117      0    117  0.61374750E+00 -0.97728536E-03 0.9811E-12      6
 1272   12     0    -116      0    116  0.61930508E+00 -0.90758899E-03 0.4739E-12      8
 1273   12     0    -115      0    115  0.62411583E+00 -0.80249984E-03 0.5663E-12      6
 1274   12     0    -114      0    114  0.62913188E+00 -0.97559028E-03 0.1035E-11     11
 1275   12     0    -113      0    113  0.63504881E+00 -0.10744926E-02 0.4690E-12      6
 1276   12     0    -112      0    112  0.64096800E+00 -0.98758696E-03 0.1202E-11      7
 1277   12     0    -111      0    111  0.64604301E+00 -0.87340722E-03 0.6533E-12      7
 1278   12     0    -110      0    110  0.65141296E+00 -0.10705156E-02 0.6033E-12      7
 1279   12     0    -110      0    110  0.65775596E+00 -0.11631607E-02 0.4732E-12      7
 1280   12     0    -108      0    108  0.66407893E+00 -0.10502225E-02 0.7312E-12      6
 1281   12     0    -108      0    108  0.66948191E+00 -0.91270559E-03 0.6025E-12      7
 1282   12     0    -107      0    107  0.67522302E+00 -0.11031574E-02 0.1044E-11      7
 1283   12     0    -106      0    106  0.68203254E+00 -0.11716721E-02 0.1543E-11      8
 1284   12     0    -105      0    105  0.68885204E+00 -0.10341666E-02 0.8566E-12      7
 1285   12     0    -104      0    104  0.69467140E+00 -0.86481818E-03 0.8741E-12      8
 1286   12     0    -103      0    103  0.70079296E+00 -0.10241159E-02 0.7686E-12      6
 1287   12     0    -102      0    102  0.70812621E+00 -0.10671569E-02 0.9828E-12      8
 1288   12     0    -101      0    101  0.71553049E+00 -0.92203948E-03 0.9809E-12      7
 1289   12     0    -100      0    100  0.72184975E+00 -0.74120368E-03 0.1333E-11      6
 1290   12     0     -99      0     99  0.72840644E+00 -0.85872816E-03 0.8314E-12      7
 1291   12     0     -98      0     98  0.73633359E+00 -0.87749498E-03 0.1006E-11      6
 1292   12     0     -97      0     97  0.74439146E+00 -0.73934480E-03 0.1115E-11      8
 1293   12     0     -96      0     96  0.75126649E+00 -0.57314211E-03 0.7230E-12      8
 1294   12     0     -95      0     95  0.75833884E+00 -0.64991509E-03 0.1777E-11      6
 1295   12     0     -94      0     94  0.76695280E+00 -0.65015580E-03 0.8880E-12      7
 1296   12     0     -93      0     93  0.77575535E+00 -0.53570959E-03 0.2280E-12      7
 1297   12     0     -92      0     92  0.78325547E+00 -0.40304097E-03 0.1002E-11      6
 1298   12     0     -91      0     91  0.79090850E+00 -0.45196823E-03 0.8099E-12      6
 1299   12     0     -90      0     90  0.80030336E+00 -0.44875963E-03 0.2654E-11      6
 1300   12     0     -89      0     89  0.80996208E+00 -0.36763669E-03 0.7777E-12      7
 1301   12     0     -88      0     88  0.81819521E+00 -0.27127054E-03 0.1737E-11      5
 1302   12     0     -87      0     87  0.82649049E+00 -0.30284409E-03 0.2381E-11      5
 1303   12     0     -86      0     86  0.83676565E+00 -0.30194355E-03 0.2236E-11      5
 1304   12     0     -85      0     85  0.84741416E+00 -0.24744169E-03 0.3904E-11      6
 1305   12     0     -84      0     84  0.85647166E+00 -0.17818433E-03 0.1588E-11      7
 1306   12     0     -83      0     83  0.86545699E+00 -0.19916977E-03 0.1652E-11      5
 1307   12     0     -82      0     82  0.87674286E+00 -0.19966319E-03 0.5288E-11      6
 1308   12     0     -81      0     81  0.88851006E+00 -0.16312429E-03 0.1523E-11      7
 1309   12     0     -80      0     80  0.89846466E+00 -0.11538705E-03 0.4161E-11      6
 1310   12     0     -79      0     79  0.90828866E+00 -0.13028357E-03 0.3145E-11      5
 1311   12     0     -78      0     78  0.92076846E+00 -0.13099492E-03 0.1210E-10      5
 1312   12     0     -77      0     77  0.93381992E+00 -0.10695998E-03 0.9485E-11      5
 1313   12     0     -76      0     76  0.94483242E+00 -0.74706354E-04 0.2806E-11      5
 1314   12     0     -75      0     75  0.95562084E+00 -0.84745411E-04 0.1618E-10      6
 1315   12     0     -74      0     74  0.96944270E+00 -0.85694962E-04 0.1582E-10      5
 1316   12     0     -73      0     73  0.98393054E+00 -0.70098169E-04 0.6842E-11      5
 1317   12     0     -72      0     72  0.99606598E+00 -0.48667845E-04 0.1206E-10      5
 1318   12     0     -71      0     71  0.10079946E+01 -0.56516393E-04 0.1585E-10      6
 1319   12     0     -70      0     70  0.10234252E+01 -0.57721747E-04 0.1168E-10      5
 1320   12     0     -69      0     69  0.10396040E+01 -0.47530756E-04 0.1900E-10      5
 1321   12     0     -68      0     68  0.10530495E+01 -0.32679218E-04 0.2077E-10      6
 1322   12     0     -67      0     67  0.10662645E+01 -0.38629882E-04 0.1464E-10      6
 1323   12     0     -66      0     66  0.10835501E+01 -0.39369133E-04 0.1383E-10      5
 1324   12     0     -65      0     65  0.11016526E+01 -0.31868210E-04 0.1643E-10      5
 1325   12     0     -64      0     64  0.11164283E+01 -0.21340760E-04 0.4270E-10      5
 1326   12     0     -63      0     63  0.11312334E+01 -0.25889924E-04 0.8359E-10      5
 1327   12     0     -62      0     62  0.11508082E+01 -0.25786360E-04 0.3646E-10      4
 1328   12     0     -61      0     61  0.11710435E+01 -0.20144066E-04 0.5648E-10      4
 1329   12     0     -60      0     60  0.11871212E+01 -0.13594364E-04 0.3708E-10      4
 1330   12     0     -59      0     59  0.12042441E+01 -0.17040148E-04 0.1726E-10      4
 1331   12     0     -58      0     58  0.12266784E+01 -0.16444349E-04 0.5403E-10      5
 1332   12     0     -57      0     57  0.12493869E+01 -0.12417702E-04 0.1188E-09      5
 1333   12     0     -56      0     56  0.12669348E+01 -0.85740723E-05 0.1515E-09      5
 1334   12     0     -55      0     55  0.12868324E+01 -0.10970076E-04 0.6996E-10      5
 1335   12     0     -54      0     54  0.13125317E+01 -0.10204143E-04 0.1028E-09      7
 1336   12     0     -53      0     53  0.13378435E+01 -0.72508450E-05 0.2642E-09      4
 1337   12     0     -52      0     52  0.13570058E+01 -0.53099648E-05 0.3716E-09      7
 1338   12     0     -51      0     51  0.13807321E+01 -0.66215331E-05 0.5102E-10      4
 1339   12     0     -50      0     50  0.14105961E+01 -0.58003085E-05 0.2849E-09      5
 1340   12     0     -49      0     49  0.14394766E+01 -0.39076113E-05 0.9557E-09      6
 1341   12     0     -48      0     48  0.14611624E+01 -0.29610987E-05 0.2694E-09      5
 1342   12     0     -47      0     47  0.14891981E+01 -0.36053902E-05 0.9395E-09      4
 1343   12     0     -46      0     46  0.15239651E+01 -0.30695843E-05 0.4598E-09      6
 1344   12     0     -45      0     45  0.15572417E+01 -0.19914052E-05 0.8748E-09      4
 1345   12     0     -43      0     43  0.15819385E+01 -0.15175287E-05 0.8688E-09      4
 1346   12     0     -42      0     42  0.16150423E+01 -0.17903773E-05 0.7092E-09      4
 1347   12     0     -41      0     41  0.16562891E+01 -0.14809822E-05 0.1647E-09      5
 1348   12     0     -40      0     40  0.16966364E+01 -0.99296258E-06 0.3073E-08      6
  Time elapsed :      5.186 s

Mode Search
-----------

Mode parameters
   l : 13
   m : 0

Building frequency grid (REAL axis)
   added scan interval :  0.5234E+00 ->  0.2104E+01 (3000 points, INVERSE)

Building spatial grid
   Scaffold grid from model
   Split 89 subinterval(s) in iteration 1
   Split 10 subinterval(s) in iteration 2
   Split 0 subinterval(s) in iteration 3
   Final grid has 1 segment(s) and 7236 point(s):
      Segment 1 : x range 0.0000 -> 1.0012 (1 -> 7236)

Starting search (adiabatic)

Scanning frequencies
  Time elapsed :    34.287 s

Finding roots
  Time elapsed :      6.484 s

Processing modes
   id    l     m    n_pg    n_p    n_g       Re(omega)       Im(omega)        chi n_iter
 1374   13     0    -131      0    131  0.59292700E+00  0.00000000E+00 0.8514E-12      5
 1375   13     0    -130      0    130  0.59703728E+00  0.00000000E+00 0.2954E-12      6
 1376   13     0    -129      0    129  0.60182065E+00  0.00000000E+00 0.3695E-12      5
 1377   13     0    -128      0    128  0.60679551E+00  0.00000000E+00 0.1106E-12      6
 1378   13     0    -127      0    127  0.61124776E+00  0.00000000E+00 0.4437E-12      5
 1379   13     0    -126      0    126  0.61565120E+00  0.00000000E+00 0.6436E-12      6
 1380   13     0    -125      0    125  0.62079226E+00  0.00000000E+00 0.3066E-12      5
 1381   13     0    -124      0    124  0.62606950E+00  0.00000000E+00 0.7409E-13      6
 1382   13     0    -123      0    123  0.63073835E+00  0.00000000E+00 0.2372E-12      5
 1383   13     0    -122      0    122  0.63543957E+00  0.00000000E+00 0.4017E-12      5
 1384   13     0    -121      0    121  0.64095294E+00  0.00000000E+00 0.9060E-13      5
 1385   13     0    -120      0    120  0.64657100E+00  0.00000000E+00 0.1594E-12      6
 1386   13     0    -119      0    119  0.65150713E+00  0.00000000E+00 0.3614E-13      5
 1387   13     0    -118      0    118  0.65653349E+00  0.00000000E+00 0.4187E-12      6
 1388   13     0    -117      0    117  0.66244199E+00  0.00000000E+00 0.1901E-12      5
 1389   13     0    -116      0    116  0.66842425E+00  0.00000000E+00 0.3686E-12      6
 1390   13     0    -115      0    115  0.67364144E+00  0.00000000E+00 0.1891E-12      5
 1391   13     0    -114      0    114  0.67903464E+00  0.00000000E+00 0.6645E-12      5
 1392   13     0    -113      0    113  0.68538406E+00  0.00000000E+00 0.3452E-12      5
 1393   13     0    -112      0    112  0.69176662E+00  0.00000000E+00 0.1900E-12      6
 1394   13     0    -111      0    111  0.69728419E+00  0.00000000E+00 0.5713E-13      5
 1395   13     0    -110      0    110  0.70305564E+00  0.00000000E+00 0.2651E-12      6
 1396   13     0    -109      0    109  0.70986758E+00  0.00000000E+00 0.3276E-12      5
 1397   13     0    -108      0    108  0.71669421E+00  0.00000000E+00 0.9613E-14      6
 1398   13     0    -107      0    107  0.72257575E+00  0.00000000E+00 0.2314E-12      5
 1399   13     0    -106      0    106  0.72874241E+00  0.00000000E+00 0.4341E-13      5
 1400   13     0    -105      0    105  0.73604912E+00  0.00000000E+00 0.4494E-12      5
 1401   13     0    -104      0    104  0.74340425E+00  0.00000000E+00 0.8967E-12      6
 1402   13     0    -103      0    103  0.74972920E+00  0.00000000E+00 0.1071E-12      5
 1403   13     0    -102      0    102  0.75628605E+00  0.00000000E+00 0.9149E-13      6
 1404   13     0    -101      0    101  0.76413248E+00  0.00000000E+00 0.2055E-12      5
 1405   13     0    -100      0    100  0.77210616E+00  0.00000000E+00 0.2215E-12      5
 1406   13     0     -99      0     99  0.77896367E+00  0.00000000E+00 0.6594E-13      5
 1407   13     0     -98      0     98  0.78595045E+00  0.00000000E+00 0.1307E-13      6
 1408   13     0     -97      0     97  0.79440542E+00  0.00000000E+00 0.2106E-12      5
 1409   13     0     -96      0     96  0.80308403E+00  0.00000000E+00 0.8747E-13      6
 1410   13     0     -95      0     95  0.81055635E+00  0.00000000E+00 0.7280E-14      5
 1411   13     0     -94      0     94  0.81805122E+00  0.00000000E+00 0.2092E-12      5
 1412   13     0     -93      0     93  0.82721700E+00  0.00000000E+00 0.2078E-12      5
 1413   13     0     -92      0     92  0.83671294E+00  0.00000000E+00 0.1979E-12      5
 1414   13     0     -91      0     91  0.84489943E+00  0.00000000E+00 0.3079E-14      5
 1415   13     0     -90      0     90  0.85298280E+00  0.00000000E+00 0.8740E-13      6
 1416   13     0     -89      0     89  0.86296510E+00  0.00000000E+00 0.2283E-12      5
 1417   13     0     -88      0     88  0.87339893E+00  0.00000000E+00 0.2612E-12      6
 1418   13     0     -87      0     87  0.88242175E+00  0.00000000E+00 0.5628E-12      5
 1419   13     0     -86      0     86  0.89116957E+00  0.00000000E+00 0.1410E-12      6
 1420   13     0     -85      0     85  0.90207052E+00  0.00000000E+00 0.2609E-12      5
 1421   13     0     -84      0     84  0.91357830E+00  0.00000000E+00 0.8132E-13      5
 1422   13     0     -83      0     83  0.92353898E+00  0.00000000E+00 0.7037E-12      5
 1423   13     0     -82      0     82  0.93299956E+00  0.00000000E+00 0.2894E-12      6
 1424   13     0     -81      0     81  0.94495255E+00  0.00000000E+00 0.3908E-13      5
 1425   13     0     -80      0     80  0.95767146E+00  0.00000000E+00 0.5631E-13      6
 1426   13     0     -79      0     79  0.96864637E+00  0.00000000E+00 0.5736E-13      5
 1427   13     0     -78      0     78  0.97896620E+00  0.00000000E+00 0.2987E-12      6
 1428   13     0     -77      0     77  0.99216392E+00  0.00000000E+00 0.2034E-12      5
 1429   13     0     -76      0     76  0.10062660E+01  0.00000000E+00 0.1123E-12      6
 1430   13     0     -75      0     75  0.10184231E+01  0.00000000E+00 0.4878E-12      6
 1431   13     0     -74      0     74  0.10297384E+01  0.00000000E+00 0.2050E-12      5
 1432   13     0     -73      0     73  0.10443339E+01  0.00000000E+00 0.1596E-12      5
 1433   13     0     -72      0     72  0.10599780E+01  0.00000000E+00 0.3192E-13      6
 1434   13     0     -71      0     71  0.10733812E+01  0.00000000E+00 0.5020E-12      6
 1435   13     0     -70      0     70  0.10858559E+01  0.00000000E+00 0.1257E-12      6
 1436   13     0     -69      0     69  0.11021263E+01  0.00000000E+00 0.1778E-12      5
 1437   13     0     -68      0     68  0.11195744E+01  0.00000000E+00 0.2584E-12      6
 1438   13     0     -67      0     67  0.11344267E+01  0.00000000E+00 0.1420E-12      6
 1439   13     0     -66      0     66  0.11482032E+01  0.00000000E+00 0.3113E-12      6
 1440   13     0     -65      0     65  0.11664048E+01  0.00000000E+00 0.4591E-12      5
 1441   13     0     -64      0     64  0.11859151E+01  0.00000000E+00 0.9456E-13      6
 1442   13     0     -63      0     63  0.12022300E+01  0.00000000E+00 0.2051E-12      5
 1443   13     0     -62      0     62  0.12176022E+01  0.00000000E+00 0.2428E-12      6
 1444   13     0     -61      0     61  0.12382298E+01  0.00000000E+00 0.8287E-13      5
 1445   13     0     -60      0     60  0.12600593E+01  0.00000000E+00 0.1255E-12      6
 1446   13     0     -59      0     59  0.12777762E+01  0.00000000E+00 0.2646E-12      5
 1447   13     0     -58      0     58  0.12954708E+01  0.00000000E+00 0.9897E-13      6
 1448   13     0     -57      0     57  0.13191371E+01  0.00000000E+00 0.1507E-12      5
 1449   13     0     -56      0     56  0.13436589E+01  0.00000000E+00 0.1513E-12      5
 1450   13     0     -55      0     55  0.13629593E+01  0.00000000E+00 0.1153E-12      5
 1451   13     0     -54      0     54  0.13834029E+01  0.00000000E+00 0.2305E-14      6
 1452   13     0     -53      0     53  0.14105159E+01  0.00000000E+00 0.1600E-13      5
 1453   13     0     -52      0     52  0.14379949E+01  0.00000000E+00 0.6907E-14      5
 1454   13     0     -51      0     51  0.14590827E+01  0.00000000E+00 0.2192E-12      5
 1455   13     0     -50      0     50  0.14832551E+01  0.00000000E+00 0.3537E-12      6
 1456   13     0     -49      0     49  0.15147597E+01  0.00000000E+00 0.1128E-12      5
 1457   13     0     -48      0     48  0.15463359E+01  0.00000000E+00 0.6129E-13      6
 1458   13     0     -47      0     47  0.15702799E+01  0.00000000E+00 0.2471E-12      6
 1459   13     0     -46      0     46  0.15983582E+01  0.00000000E+00 0.1641E-12      6
 1460   13     0     -45      0     45  0.16348571E+01  0.00000000E+00 0.4708E-13      5
 1461   13     0     -44      0     44  0.16715272E+01  0.00000000E+00 0.1211E-12      6
  Time elapsed :      1.872 s

Starting search (non-adiabatic)

Finding roots
  Time elapsed :    130.620 s

Processing modes
   id    l     m    n_pg    n_p    n_g       Re(omega)       Im(omega)        chi n_iter
 1374   13     0    -131      0    131  0.59272659E+00 -0.66468971E-03 0.5747E-12      7
 1375   13     0    -130      0    130  0.59680860E+00 -0.72916418E-03 0.1127E-11      6
 1376   13     0    -129      0    129  0.60158428E+00 -0.82709310E-03 0.1068E-11      6
 1377   13     0    -128      0    128  0.60659134E+00 -0.79469304E-03 0.1109E-11      7
 1378   13     0    -127      0    127  0.61107386E+00 -0.68765096E-03 0.4163E-12      6
 1379   13     0    -126      0    126  0.61544656E+00 -0.78020750E-03 0.4060E-12      7
 1380   13     0    -125      0    125  0.62058547E+00 -0.87540869E-03 0.6519E-13      6
 1381   13     0    -124      0    124  0.62589539E+00 -0.82988173E-03 0.6271E-12      8
 1382   13     0    -123      0    123  0.63058623E+00 -0.71883396E-03 0.5850E-12      6
 1383   13     0    -122      0    122  0.63525570E+00 -0.83643413E-03 0.1688E-11      7
 1384   13     0    -121      0    121  0.64077062E+00 -0.93361223E-03 0.8863E-12      6
 1385   13     0    -120      0    120  0.64642092E+00 -0.87903415E-03 0.2315E-12      6
 1386   13     0    -119      0    119  0.65137210E+00 -0.76400557E-03 0.1264E-11      6
 1387   13     0    -118      0    118  0.65636593E+00 -0.90483210E-03 0.9838E-12      7
 1388   13     0    -117      0    117  0.66227739E+00 -0.10094280E-02 0.5984E-12      7
 1389   13     0    -116      0    116  0.66829062E+00 -0.94581295E-03 0.2109E-11      6
 1390   13     0    -115      0    115  0.67351372E+00 -0.82749731E-03 0.4548E-12      7
 1391   13     0    -114      0    114  0.67886950E+00 -0.99929969E-03 0.1266E-11      6
 1392   13     0    -113      0    113  0.68521885E+00 -0.11114097E-02 0.1366E-11      7
 1393   13     0    -112      0    112  0.69162928E+00 -0.10327594E-02 0.5824E-12      7
 1394   13     0    -112      0    112  0.69714333E+00 -0.90139320E-03 0.6126E-12      7
 1395   13     0    -111      0    111  0.70286528E+00 -0.10987878E-02 0.2343E-11      8
 1396   13     0    -110      0    110  0.70966837E+00 -0.12079517E-02 0.3871E-12      6
 1397   13     0    -109      0    109  0.71651982E+00 -0.11050292E-02 0.9862E-12      7
 1398   13     0    -108      0    108  0.72239725E+00 -0.94659935E-03 0.2975E-12      8
 1399   13     0    -107      0    107  0.72850331E+00 -0.11372119E-02 0.4851E-12      7
 1400   13     0    -106      0    106  0.73579675E+00 -0.12241761E-02 0.1123E-11      7
 1401   13     0    -105      0    105  0.74318256E+00 -0.10965297E-02 0.8546E-12      8
 1402   13     0    -104      0    104  0.74952162E+00 -0.90411890E-03 0.1112E-11      7
 1403   13     0    -103      0    103  0.75602133E+00 -0.10604704E-02 0.3382E-12      7
 1404   13     0    -102      0    102  0.76386145E+00 -0.11208467E-02 0.4193E-12      7
 1405   13     0    -101      0    101  0.77187611E+00 -0.98289135E-03 0.7074E-12      6
 1406   13     0    -100      0    100  0.77876912E+00 -0.77805545E-03 0.2149E-12      6
 1407   13     0     -99      0     99  0.78571780E+00 -0.88822327E-03 0.1548E-11      7
 1408   13     0     -98      0     98  0.79417875E+00 -0.92067756E-03 0.7934E-12      6
 1409   13     0     -97      0     97  0.80290245E+00 -0.78680273E-03 0.1600E-11      7
 1410   13     0     -96      0     96  0.81041723E+00 -0.59883152E-03 0.8413E-12      7
 1411   13     0     -95      0     95  0.81789693E+00 -0.66566058E-03 0.9308E-12      8
 1412   13     0     -94      0     94  0.82707649E+00 -0.67618224E-03 0.6994E-12      8
 1413   13     0     -93      0     93  0.83660848E+00 -0.56542080E-03 0.9272E-12      7
 1414   13     0     -92      0     92  0.84482668E+00 -0.41743250E-03 0.2029E-11      6
 1415   13     0     -91      0     91  0.85290762E+00 -0.45680253E-03 0.2307E-11      8
 1416   13     0     -90      0     90  0.86290150E+00 -0.46156927E-03 0.1743E-11      5
 1417   13     0     -89      0     89  0.87335561E+00 -0.38420505E-03 0.3376E-11      7
 1418   13     0     -88      0     88  0.88239465E+00 -0.27871923E-03 0.1999E-11      5
 1419   13     0     -87      0     87  0.89114399E+00 -0.30198822E-03 0.3452E-11      5
 1420   13     0     -86      0     86  0.90205210E+00 -0.30695456E-03 0.1611E-11      6
 1421   13     0     -85      0     85  0.91356889E+00 -0.25582627E-03 0.3362E-11      6
 1422   13     0     -84      0     84  0.92353522E+00 -0.18154155E-03 0.2105E-11      6
 1423   13     0     -83      0     83  0.93299795E+00 -0.19571301E-03 0.2835E-11      5
 1424   13     0     -82      0     82  0.94495521E+00 -0.20063501E-03 0.3452E-11      5
 1425   13     0     -81      0     81  0.95767707E+00 -0.16703220E-03 0.2350E-11      7
 1426   13     0     -80      0     80  0.96865200E+00 -0.11655051E-03 0.7713E-11      5
 1427   13     0     -79      0     79  0.97897378E+00 -0.12642945E-03 0.3058E-11      5
 1428   13     0     -78      0     78  0.99217409E+00 -0.13033885E-03 0.1504E-11      5
 1429   13     0     -77      0     77  0.10062763E+01 -0.10855427E-03 0.5334E-11      5
 1430   13     0     -76      0     76  0.10184312E+01 -0.74914237E-04 0.2651E-10      5
 1431   13     0     -75      0     75  0.10297480E+01 -0.81395311E-04 0.4997E-12      5
 1432   13     0     -74      0     74  0.10443452E+01 -0.84648902E-04 0.6315E-11      5
 1433   13     0     -73      0     73  0.10599884E+01 -0.70818266E-04 0.9840E-11      6
 1434   13     0     -72      0     72  0.10733888E+01 -0.48623076E-04 0.1449E-10      6
 1435   13     0     -71      0     71  0.10858648E+01 -0.54078881E-04 0.5043E-10      5
 1436   13     0     -70      0     70  0.11021364E+01 -0.56897824E-04 0.8143E-11      5
 1437   13     0     -69      0     69  0.11195835E+01 -0.47934499E-04 0.3198E-10      7
 1438   13     0     -68      0     68  0.11344331E+01 -0.32552660E-04 0.4809E-10      5
 1439   13     0     -67      0     67  0.11482106E+01 -0.36744756E-04 0.2848E-10      5
 1440   13     0     -66      0     66  0.11664129E+01 -0.38563138E-04 0.6260E-10      6
 1441   13     0     -65      0     65  0.11859221E+01 -0.31922061E-04 0.1715E-10      7
 1442   13     0     -64      0     64  0.12022347E+01 -0.20992535E-04 0.1284E-10      5
 1443   13     0     -63      0     63  0.12176078E+01 -0.24475353E-04 0.2196E-10      7
 1444   13     0     -62      0     62  0.12382358E+01 -0.25135113E-04 0.4853E-10      6
 1445   13     0     -61      0     61  0.12600642E+01 -0.20159271E-04 0.5467E-10      5
 1446   13     0     -60      0     60  0.12777795E+01 -0.13188762E-04 0.7274E-10      6
 1447   13     0     -59      0     59  0.12954748E+01 -0.16170301E-04 0.8320E-10      5
 1448   13     0     -58      0     58  0.13191413E+01 -0.16081603E-04 0.8976E-10      5
 1449   13     0     -57      0     57  0.13436622E+01 -0.12536452E-04 0.9990E-10      6
 1450   13     0     -56      0     56  0.13629615E+01 -0.82592222E-05 0.1522E-09      7
 1451   13     0     -55      0     55  0.13834058E+01 -0.10492355E-04 0.1151E-09      5
 1452   13     0     -54      0     54  0.14105188E+01 -0.10046417E-04 0.1635E-09      5
 1453   13     0     -53      0     53  0.14379971E+01 -0.74341644E-05 0.1042E-09      5
 1454   13     0     -52      0     52  0.14590843E+01 -0.50203962E-05 0.9158E-09      5
 1455   13     0     -51      0     51  0.14832572E+01 -0.63535264E-05 0.4824E-09      5
 1456   13     0     -50      0     50  0.15147618E+01 -0.57666695E-05 0.4384E-09      5
 1457   13     0     -49      0     49  0.15463374E+01 -0.41268085E-05 0.2363E-09      5
 1458   13     0     -48      0     48  0.15702810E+01 -0.27879595E-05 0.1588E-09      4
 1459   13     0     -47      0     47  0.15983596E+01 -0.35090472E-05 0.2639E-09      6
 1460   13     0     -46      0     46  0.16348585E+01 -0.31023842E-05 0.4675E-09      5
 1461   13     0     -44      0     44  0.16715282E+01 -0.21546797E-05 0.1735E-09      4
  Time elapsed :      6.181 s

Mode Search
-----------

Mode parameters
   l : 14
   m : 0

Building frequency grid (REAL axis)
   added scan interval :  0.5234E+00 ->  0.2104E+01 (3000 points, INVERSE)

Building spatial grid
   Scaffold grid from model
   Split 203 subinterval(s) in iteration 1
   Split 20 subinterval(s) in iteration 2
   Split 0 subinterval(s) in iteration 3
   Final grid has 1 segment(s) and 7360 point(s):
      Segment 1 : x range 0.0000 -> 1.0012 (1 -> 7360)

Starting search (adiabatic)

Scanning frequencies
  Time elapsed :    34.787 s

Finding roots
  Time elapsed :      6.883 s

Processing modes
   id    l     m    n_pg    n_p    n_g       Re(omega)       Im(omega)        chi n_iter
 1490   14     0    -141      0    141  0.59164431E+00  0.00000000E+00 0.1027E-12      6
 1491   14     0    -140      0    140  0.59613240E+00  0.00000000E+00 0.8818E-13      5
 1492   14     0    -139      0    139  0.60030399E+00  0.00000000E+00 0.4395E-13      6
 1493   14     0    -138      0    138  0.60421748E+00  0.00000000E+00 0.3625E-12      5
 1494   14     0    -137      0    137  0.60868707E+00  0.00000000E+00 0.2081E-12      5
 1495   14     0    -136      0    136  0.61344964E+00  0.00000000E+00 0.5355E-12      5
 1496   14     0    -135      0    135  0.61781992E+00  0.00000000E+00 0.2841E-12      5
 1497   14     0    -134      0    134  0.62194135E+00  0.00000000E+00 0.3253E-12      6
 1498   14     0    -133      0    133  0.62671351E+00  0.00000000E+00 0.3177E-12      5
 1499   14     0    -132      0    132  0.63177280E+00  0.00000000E+00 0.3475E-12      5
 1500   14     0    -131      0    131  0.63637661E+00  0.00000000E+00 0.8999E-12      5
 1501   14     0    -130      0    130  0.64075738E+00  0.00000000E+00 0.2435E-12      6
 1502   14     0    -129      0    129  0.64585243E+00  0.00000000E+00 0.1694E-12      5
 1503   14     0    -128      0    128  0.65119941E+00  0.00000000E+00 0.1393E-12      6
 1504   14     0    -127      0    127  0.65601031E+00  0.00000000E+00 0.1917E-12      5
 1505   14     0    -126      0    126  0.66069505E+00  0.00000000E+00 0.1185E-12      6
 1506   14     0    -125      0    125  0.66617179E+00  0.00000000E+00 0.2129E-12      5
 1507   14     0    -124      0    124  0.67184810E+00  0.00000000E+00 0.2279E-12      6
 1508   14     0    -123      0    123  0.67689621E+00  0.00000000E+00 0.2738E-12      5
 1509   14     0    -122      0    122  0.68189022E+00  0.00000000E+00 0.1550E-12      5
 1510   14     0    -121      0    121  0.68776266E+00  0.00000000E+00 0.5306E-12      5
 1511   14     0    -120      0    120  0.69380814E+00  0.00000000E+00 0.4338E-12      6
 1512   14     0    -119      0    119  0.69914697E+00  0.00000000E+00 0.1012E-12      5
 1513   14     0    -118      0    118  0.70447998E+00  0.00000000E+00 0.9636E-13      6
 1514   14     0    -117      0    117  0.71077250E+00  0.00000000E+00 0.1018E-12      5
 1515   14     0    -116      0    116  0.71721515E+00  0.00000000E+00 0.6930E-13      6
 1516   14     0    -115      0    115  0.72286128E+00  0.00000000E+00 0.1653E-13      5
 1517   14     0    -114      0    114  0.72857183E+00  0.00000000E+00 0.1149E-12      6
 1518   14     0    -113      0    113  0.73533062E+00  0.00000000E+00 0.3095E-12      5
 1519   14     0    -112      0    112  0.74220888E+00  0.00000000E+00 0.9290E-13      5
 1520   14     0    -111      0    111  0.74818474E+00  0.00000000E+00 0.2551E-12      5
 1521   14     0    -110      0    110  0.75428404E+00  0.00000000E+00 0.5963E-12      5
 1522   14     0    -109      0    109  0.76153111E+00  0.00000000E+00 0.1490E-12      5
 1523   14     0    -108      0    108  0.76889114E+00  0.00000000E+00 0.1921E-12      6
 1524   14     0    -107      0    107  0.77526802E+00  0.00000000E+00 0.2927E-13      5
 1525   14     0    -106      0    106  0.78177536E+00  0.00000000E+00 0.2001E-12      6
 1526   14     0    -105      0    105  0.78954129E+00  0.00000000E+00 0.1754E-14      5
 1527   14     0    -104      0    104  0.79746998E+00  0.00000000E+00 0.2406E-13      5
 1528   14     0    -103      0    103  0.80434010E+00  0.00000000E+00 0.1682E-12      5
 1529   14     0    -102      0    102  0.81124907E+00  0.00000000E+00 0.7080E-13      6
 1530   14     0    -101      0    101  0.81957425E+00  0.00000000E+00 0.5548E-12      5
 1531   14     0    -100      0    100  0.82816473E+00  0.00000000E+00 0.1975E-12      6
 1532   14     0     -99      0     99  0.83562994E+00  0.00000000E+00 0.5655E-13      5
 1533   14     0     -98      0     98  0.84298230E+00  0.00000000E+00 0.4924E-12      6
 1534   14     0     -97      0     97  0.85193396E+00  0.00000000E+00 0.4230E-12      5
 1535   14     0     -96      0     96  0.86127816E+00  0.00000000E+00 0.2549E-12      6
 1536   14     0     -95      0     95  0.86943180E+00  0.00000000E+00 0.1375E-12      5
 1537   14     0     -94      0     94  0.87731356E+00  0.00000000E+00 0.3204E-13      6
 1538   14     0     -93      0     93  0.88699930E+00  0.00000000E+00 0.3541E-12      6
 1539   14     0     -92      0     92  0.89721679E+00  0.00000000E+00 0.1591E-12      6
 1540   14     0     -91      0     91  0.90616507E+00  0.00000000E+00 0.6272E-13      5
 1541   14     0     -90      0     90  0.91466089E+00  0.00000000E+00 0.1675E-12      6
 1542   14     0     -89      0     89  0.92518873E+00  0.00000000E+00 0.3246E-13      5
 1543   14     0     -88      0     88  0.93640485E+00  0.00000000E+00 0.9021E-13      6
 1544   14     0     -87      0     87  0.94628282E+00  0.00000000E+00 0.1571E-12      5
 1545   14     0     -86      0     86  0.95547286E+00  0.00000000E+00 0.3241E-13      6
 1546   14     0     -85      0     85  0.96693892E+00  0.00000000E+00 0.1213E-12      6
 1547   14     0     -84      0     84  0.97929346E+00  0.00000000E+00 0.2185E-12      6
 1548   14     0     -83      0     83  0.99021822E+00  0.00000000E+00 0.3215E-13      5
 1549   14     0     -82      0     82  0.10001533E+01  0.00000000E+00 0.3778E-13      5
 1550   14     0     -81      0     81  0.10126936E+01  0.00000000E+00 0.1048E-12      5
 1551   14     0     -80      0     80  0.10263369E+01  0.00000000E+00 0.1130E-12      6
 1552   14     0     -79      0     79  0.10383933E+01  0.00000000E+00 0.3050E-12      5
 1553   14     0     -78      0     78  0.10492118E+01  0.00000000E+00 0.2086E-12      6
 1554   14     0     -77      0     77  0.10630288E+01  0.00000000E+00 0.2935E-12      6
 1555   14     0     -76      0     76  0.10781430E+01  0.00000000E+00 0.6910E-13      5
 1556   14     0     -75      0     75  0.10915086E+01  0.00000000E+00 0.3508E-13      6
 1557   14     0     -74      0     74  0.11033588E+01  0.00000000E+00 0.2463E-12      6
 1558   14     0     -73      0     73  0.11186105E+01  0.00000000E+00 0.1993E-12      6
 1559   14     0     -72      0     72  0.11353612E+01  0.00000000E+00 0.1556E-12      6
 1560   14     0     -71      0     71  0.11501009E+01  0.00000000E+00 0.5935E-13      6
 1561   14     0     -70      0     70  0.11631246E+01  0.00000000E+00 0.1951E-12      6
 1562   14     0     -69      0     69  0.11800960E+01  0.00000000E+00 0.2777E-12      6
 1563   14     0     -68      0     68  0.11987526E+01  0.00000000E+00 0.6341E-13      6
 1564   14     0     -67      0     67  0.12150885E+01  0.00000000E+00 0.1078E-13      6
 1565   14     0     -66      0     66  0.12294254E+01  0.00000000E+00 0.1749E-12      6
 1566   14     0     -65      0     65  0.12483823E+01  0.00000000E+00 0.2045E-12      6
 1567   14     0     -64      0     64  0.12692326E+01  0.00000000E+00 0.6166E-13      6
 1568   14     0     -63      0     63  0.12871840E+01  0.00000000E+00 0.1166E-12      6
 1569   14     0     -62      0     62  0.13030938E+01  0.00000000E+00 0.6294E-13      6
 1570   14     0     -61      0     61  0.13245947E+01  0.00000000E+00 0.2053E-12      6
 1571   14     0     -60      0     60  0.13479493E+01  0.00000000E+00 0.2581E-14      5
 1572   14     0     -59      0     59  0.13674523E+01  0.00000000E+00 0.3140E-12      5
 1573   14     0     -58      0     58  0.13856238E+01  0.00000000E+00 0.7585E-13      6
 1574   14     0     -57      0     57  0.14103156E+01  0.00000000E+00 0.5827E-13      6
 1575   14     0     -56      0     56  0.14365777E+01  0.00000000E+00 0.9586E-16      6
 1576   14     0     -55      0     55  0.14578563E+01  0.00000000E+00 0.1866E-12      5
 1577   14     0     -54      0     54  0.14786584E+01  0.00000000E+00 0.1113E-12      6
 1578   14     0     -53      0     53  0.15069372E+01  0.00000000E+00 0.3971E-12      5
 1579   14     0     -52      0     52  0.15365163E+01  0.00000000E+00 0.3055E-12      6
 1580   14     0     -51      0     51  0.15599314E+01  0.00000000E+00 0.8847E-13      6
 1581   14     0     -50      0     50  0.15841969E+01  0.00000000E+00 0.2075E-12      6
 1582   14     0     -49      0     49  0.16169873E+01  0.00000000E+00 0.2704E-13      5
 1583   14     0     -48      0     48  0.16510902E+01  0.00000000E+00 0.2729E-12      6
 1584   14     0     -47      0     47  0.16779930E+01  0.00000000E+00 0.9325E-13      5
  Time elapsed :      1.936 s

Starting search (non-adiabatic)

Finding roots
  Time elapsed :     96.742 s

Processing modes
   id    l     m    n_pg    n_p    n_g       Re(omega)       Im(omega)        chi n_iter
 1490   14     0    -141      0    141  0.59129712E+00 -0.79450979E-03 0.1599E-11      7
 1491   14     0    -140      0    140  0.59581371E+00 -0.78968458E-03 0.6837E-12      7
 1492   14     0    -139      0    139  0.60004064E+00 -0.68583623E-03 0.5037E-12      7
 1493   14     0    -138      0    138  0.60393698E+00 -0.70431577E-03 0.9856E-12      6
 1494   14     0    -137      0    137  0.60838923E+00 -0.80293060E-03 0.1029E-11      7
 1495   14     0    -136      0    136  0.61318210E+00 -0.79030536E-03 0.2327E-12      6
 1496   14     0    -135      0    135  0.61760144E+00 -0.68001929E-03 0.4342E-12      6
 1497   14     0    -134      0    134  0.62170070E+00 -0.71868985E-03 0.8878E-12      6
 1498   14     0    -133      0    133  0.62646073E+00 -0.82346287E-03 0.6027E-12      7
 1499   14     0    -132      0    132  0.63154988E+00 -0.80612933E-03 0.1004E-11      6
 1500   14     0    -131      0    131  0.63619434E+00 -0.69296131E-03 0.8218E-12      6
 1501   14     0    -130      0    130  0.64055078E+00 -0.74948179E-03 0.1864E-12      7
 1502   14     0    -129      0    129  0.64563937E+00 -0.85541817E-03 0.5218E-12      7
 1503   14     0    -128      0    128  0.65101654E+00 -0.82784037E-03 0.1249E-11      6
 1504   14     0    -127      0    127  0.65585782E+00 -0.71332173E-03 0.2062E-12      6
 1505   14     0    -126      0    126  0.66051593E+00 -0.79860072E-03 0.1613E-11      6
 1506   14     0    -125      0    125  0.66599210E+00 -0.90255527E-03 0.3704E-12      6
 1507   14     0    -124      0    124  0.67169870E+00 -0.86260286E-03 0.1386E-11      8
 1508   14     0    -123      0    123  0.67676910E+00 -0.74249542E-03 0.9580E-12      8
 1509   14     0    -122      0    122  0.68173595E+00 -0.85287172E-03 0.1709E-11      8
 1510   14     0    -121      0    121  0.68761206E+00 -0.95994556E-03 0.1096E-11      6
 1511   14     0    -120      0    120  0.69368710E+00 -0.91218604E-03 0.3640E-12      8
 1512   14     0    -119      0    119  0.69904126E+00 -0.78681682E-03 0.1346E-11      7
 1513   14     0    -118      0    118  0.70434688E+00 -0.92058922E-03 0.2964E-12      8
 1514   14     0    -117      0    117  0.71064515E+00 -0.10369870E-02 0.1424E-11      7
 1515   14     0    -116      0    116  0.71711563E+00 -0.98233713E-03 0.2019E-12      7
 1516   14     0    -115      0    115  0.72276830E+00 -0.85092334E-03 0.6640E-12      7
 1517   14     0    -114      0    114  0.72844739E+00 -0.10159758E-02 0.1823E-12      6
 1518   14     0    -113      0    113  0.73520954E+00 -0.11428917E-02 0.6385E-12      7
 1519   14     0    -112      0    112  0.74211158E+00 -0.10758109E-02 0.5052E-12      8
 1520   14     0    -112      0    112  0.74808472E+00 -0.92791280E-03 0.5642E-12      7
 1521   14     0    -111      0    111  0.75414132E+00 -0.11188965E-02 0.1411E-11      7
 1522   14     0    -110      0    110  0.76138293E+00 -0.12461701E-02 0.9691E-12      8
 1523   14     0    -108      0    108  0.76876177E+00 -0.11566755E-02 0.3600E-12      6
 1524   14     0    -108      0    108  0.77513479E+00 -0.97867310E-03 0.9782E-13      7
 1525   14     0    -107      0    107  0.78158825E+00 -0.11621801E-02 0.4399E-12      7
 1526   14     0    -106      0    106  0.78934249E+00 -0.12696136E-02 0.1195E-11      9
 1527   14     0    -105      0    105  0.79729321E+00 -0.11555717E-02 0.1061E-11      6
 1528   14     0    -104      0    104  0.80417591E+00 -0.94185558E-03 0.1723E-11      7
 1529   14     0    -103      0    103  0.81103344E+00 -0.10875545E-02 0.7689E-13      8
 1530   14     0    -102      0    102  0.81935151E+00 -0.11679746E-02 0.2457E-11      9
 1531   14     0    -101      0    101  0.82797333E+00 -0.10410101E-02 0.1644E-11      7
 1532   14     0    -100      0    100  0.83547123E+00 -0.81456935E-03 0.5749E-12      7
 1533   14     0     -99      0     99  0.84279073E+00 -0.90889811E-03 0.1219E-11      6
 1534   14     0     -98      0     98  0.85174666E+00 -0.95762932E-03 0.1077E-11      7
 1535   14     0     -97      0     97  0.86112776E+00 -0.83111390E-03 0.1793E-11      6
 1536   14     0     -96      0     96  0.86932028E+00 -0.62479493E-03 0.9652E-12      6
 1537   14     0     -95      0     95  0.87719140E+00 -0.67404765E-03 0.1145E-11      6
 1538   14     0     -94      0     94  0.88688936E+00 -0.69678438E-03 0.1450E-11      8
 1539   14     0     -93      0     93  0.89713673E+00 -0.59188032E-03 0.1143E-11      6
 1540   14     0     -92      0     92  0.90611236E+00 -0.43205530E-03 0.3095E-11      6
 1541   14     0     -91      0     91  0.91460848E+00 -0.45654673E-03 0.6158E-12      7
 1542   14     0     -90      0     90  0.92514696E+00 -0.47054053E-03 0.1062E-11      6
 1543   14     0     -89      0     89  0.93637925E+00 -0.39830786E-03 0.3801E-11      5
 1544   14     0     -88      0     88  0.94626936E+00 -0.28651923E-03 0.1252E-11      5
 1545   14     0     -87      0     87  0.95546206E+00 -0.29769238E-03 0.1026E-11      7
 1546   14     0     -86      0     86  0.96693507E+00 -0.30928586E-03 0.2997E-11      5
 1547   14     0     -85      0     85  0.97929616E+00 -0.26235375E-03 0.6636E-11      5
 1548   14     0     -84      0     84  0.99022333E+00 -0.18536787E-03 0.2469E-11      6
 1549   14     0     -83      0     83  0.10001607E+01 -0.19009009E-03 0.1626E-11      5
 1550   14     0     -82      0     82  0.10127055E+01 -0.19986505E-03 0.2749E-11      6
 1551   14     0     -81      0     81  0.10263503E+01 -0.16967501E-03 0.6265E-11      5
 1552   14     0     -80      0     80  0.10384045E+01 -0.11818207E-03 0.1538E-10      6
 1553   14     0     -79      0     79  0.10492246E+01 -0.12124995E-03 0.5317E-11      5
 1554   14     0     -78      0     78  0.10630446E+01 -0.12860145E-03 0.6264E-11      7
 1555   14     0     -77      0     77  0.10781583E+01 -0.10932657E-03 0.1403E-10      6
 1556   14     0     -76      0     76  0.10915201E+01 -0.75530122E-04 0.1456E-10      6
 1557   14     0     -75      0     75  0.11033713E+01 -0.77313008E-04 0.7019E-11      5
 1558   14     0     -74      0     74  0.11186252E+01 -0.83013797E-04 0.3425E-10      6
 1559   14     0     -73      0     73  0.11353747E+01 -0.71090713E-04 0.1197E-10      6
 1560   14     0     -72      0     72  0.11501108E+01 -0.48960946E-04 0.1130E-10      5
 1561   14     0     -71      0     71  0.11631353E+01 -0.51222740E-04 0.3409E-10      8
 1562   14     0     -70      0     70  0.11801083E+01 -0.55741981E-04 0.1802E-10      5
 1563   14     0     -69      0     69  0.11987637E+01 -0.48051091E-04 0.4685E-10      7
 1564   14     0     -68      0     68  0.12150963E+01 -0.32708326E-04 0.1979E-10      4
 1565   14     0     -67      0     67  0.12294338E+01 -0.34567069E-04 0.2604E-10      5
 1566   14     0     -66      0     66  0.12483918E+01 -0.37538308E-04 0.4947E-10      9
 1567   14     0     -65      0     65  0.12692409E+01 -0.31791678E-04 0.2256E-10      7
 1568   14     0     -64      0     64  0.12871896E+01 -0.20860133E-04 0.1819E-10      6
 1569   14     0     -63      0     63  0.13031000E+01 -0.22890064E-04 0.1628E-10      6
 1570   14     0     -62      0     62  0.13246014E+01 -0.24394465E-04 0.6293E-10      5
 1571   14     0     -61      0     61  0.13479550E+01 -0.20112331E-04 0.5616E-11      5
 1572   14     0     -60      0     60  0.13674560E+01 -0.12971235E-04 0.5941E-10      5
 1573   14     0     -59      0     59  0.13856282E+01 -0.15208137E-04 0.3555E-10      4
 1574   14     0     -58      0     58  0.14103203E+01 -0.15705012E-04 0.1147E-09      4
 1575   14     0     -57      0     57  0.14365815E+01 -0.12659836E-04 0.8818E-10      5
 1576   14     0     -56      0     56  0.14578588E+01 -0.80890347E-05 0.1576E-09      4
 1577   14     0     -55      0     55  0.14786615E+01 -0.99424061E-05 0.1815E-09      4
 1578   14     0     -54      0     54  0.15069404E+01 -0.98783109E-05 0.1515E-09      4
 1579   14     0     -53      0     53  0.15365189E+01 -0.76262944E-05 0.2042E-09      7
 1580   14     0     -52      0     52  0.15599330E+01 -0.48362244E-05 0.6807E-09      5
 1581   14     0     -51      0     51  0.15841991E+01 -0.60335921E-05 0.5496E-09      6
 1582   14     0     -50      0     50  0.16169895E+01 -0.57403168E-05 0.9789E-10      4
 1583   14     0     -49      0     49  0.16510920E+01 -0.43630430E-05 0.1788E-09      4
 1584   14     0     -48      0     48  0.16779941E+01 -0.27083164E-05 0.6168E-09      5
  Time elapsed :      5.626 s

Mode Search
-----------

Mode parameters
   l : 15
   m : 0

Building frequency grid (REAL axis)
   added scan interval :  0.5234E+00 ->  0.2104E+01 (3000 points, INVERSE)

Building spatial grid
   Scaffold grid from model
   Split 261 subinterval(s) in iteration 1
   Split 23 subinterval(s) in iteration 2
   Split 0 subinterval(s) in iteration 3
   Final grid has 1 segment(s) and 7421 point(s):
      Segment 1 : x range 0.0000 -> 1.0012 (1 -> 7421)

Starting search (adiabatic)

Scanning frequencies
  Time elapsed :    34.874 s

Finding roots
  Time elapsed :      7.505 s

Processing modes
   id    l     m    n_pg    n_p    n_g       Re(omega)       Im(omega)        chi n_iter
 1614   15     0    -151      0    151  0.59105173E+00  0.00000000E+00 0.2669E-12      5
 1615   15     0    -150      0    150  0.59458488E+00  0.00000000E+00 0.3579E-12      5
 1616   15     0    -149      0    149  0.59849544E+00  0.00000000E+00 0.1228E-12      5
 1617   15     0    -148      0    148  0.60279854E+00  0.00000000E+00 0.2729E-12      5
 1618   15     0    -147      0    147  0.60689615E+00  0.00000000E+00 0.6376E-12      6
 1619   15     0    -146      0    146  0.61062369E+00  0.00000000E+00 0.3892E-12      6
 1620   15     0    -145      0    145  0.61477739E+00  0.00000000E+00 0.3473E-12      6
 1621   15     0    -144      0    144  0.61931987E+00  0.00000000E+00 0.4404E-12      6
 1622   15     0    -143      0    143  0.62361514E+00  0.00000000E+00 0.7727E-12      6
 1623   15     0    -142      0    142  0.62755040E+00  0.00000000E+00 0.3789E-13      6
 1624   15     0    -141      0    141  0.63196769E+00  0.00000000E+00 0.3622E-12      5
 1625   15     0    -140      0    140  0.63675704E+00  0.00000000E+00 0.5260E-13      6
 1626   15     0    -139      0    139  0.64124156E+00  0.00000000E+00 0.8166E-13      6
 1627   15     0    -138      0    138  0.64540640E+00  0.00000000E+00 0.3605E-12      6
 1628   15     0    -137      0    137  0.65013885E+00  0.00000000E+00 0.5433E-12      5
 1629   15     0    -136      0    136  0.65522349E+00  0.00000000E+00 0.3640E-12      6
 1630   15     0    -135      0    135  0.65992450E+00  0.00000000E+00 0.2342E-12      5
 1631   15     0    -134      0    134  0.66430450E+00  0.00000000E+00 0.2843E-12      5
 1632   15     0    -133      0    133  0.66935576E+00  0.00000000E+00 0.2091E-12      6
 1633   15     0    -132      0    132  0.67475938E+00  0.00000000E+00 0.1744E-12      6
 1634   15     0    -131      0    131  0.67971382E+00  0.00000000E+00 0.3687E-12      5
 1635   15     0    -130      0    130  0.68436394E+00  0.00000000E+00 0.1953E-12      5
 1636   15     0    -129      0    129  0.68975668E+00  0.00000000E+00 0.1007E-13      5
 1637   15     0    -128      0    128  0.69547172E+00  0.00000000E+00 0.2035E-12      6
 1638   15     0    -127      0    127  0.70065122E+00  0.00000000E+00 0.2461E-12      5
 1639   15     0    -126      0    126  0.70561402E+00  0.00000000E+00 0.2490E-12      5
 1640   15     0    -125      0    125  0.71141160E+00  0.00000000E+00 0.1463E-12      5
 1641   15     0    -124      0    124  0.71748315E+00  0.00000000E+00 0.2519E-12      5
 1642   15     0    -123      0    123  0.72292132E+00  0.00000000E+00 0.1395E-13      5
 1643   15     0    -122      0    122  0.72820296E+00  0.00000000E+00 0.3741E-13      6
 1644   15     0    -121      0    121  0.73441923E+00  0.00000000E+00 0.9415E-13      5
 1645   15     0    -120      0    120  0.74088999E+00  0.00000000E+00 0.3754E-12      5
 1646   15     0    -119      0    119  0.74664549E+00  0.00000000E+00 0.5924E-12      5
 1647   15     0    -118      0    118  0.75227629E+00  0.00000000E+00 0.1462E-12      6
 1648   15     0    -117      0    117  0.75893406E+00  0.00000000E+00 0.2459E-12      5
 1649   15     0    -116      0    116  0.76583394E+00  0.00000000E+00 0.2885E-12      6
 1650   15     0    -115      0    115  0.77192523E+00  0.00000000E+00 0.5376E-12      5
 1651   15     0    -114      0    114  0.77794291E+00  0.00000000E+00 0.1952E-12      6
 1652   15     0    -113      0    113  0.78509045E+00  0.00000000E+00 0.4907E-12      5
 1653   15     0    -112      0    112  0.79246145E+00  0.00000000E+00 0.3863E-12      6
 1654   15     0    -111      0    111  0.79891484E+00  0.00000000E+00 0.8521E-13      5
 1655   15     0    -110      0    110  0.80532835E+00  0.00000000E+00 0.2816E-12      6
 1656   15     0    -109      0    109  0.81298682E+00  0.00000000E+00 0.2230E-12      5
 1657   15     0    -108      0    108  0.82087705E+00  0.00000000E+00 0.1033E-12      6
 1658   15     0    -107      0    107  0.82777255E+00  0.00000000E+00 0.3710E-12      5
 1659   15     0    -106      0    106  0.83460514E+00  0.00000000E+00 0.3175E-12      6
 1660   15     0    -105      0    105  0.84280181E+00  0.00000000E+00 0.1199E-12      5
 1661   15     0    -104      0    104  0.85129847E+00  0.00000000E+00 0.8845E-13      6
 1662   15     0    -103      0    103  0.85874096E+00  0.00000000E+00 0.8170E-13      5
 1663   15     0    -102      0    102  0.86598741E+00  0.00000000E+00 0.1263E-12      6
 1664   15     0    -101      0    101  0.87475603E+00  0.00000000E+00 0.8740E-12      5
 1665   15     0    -100      0    100  0.88395409E+00  0.00000000E+00 0.4523E-13      6
 1666   15     0     -99      0     99  0.89205945E+00  0.00000000E+00 0.2424E-12      5
 1667   15     0     -98      0     98  0.89976697E+00  0.00000000E+00 0.5104E-12      5
 1668   15     0     -97      0     97  0.90917094E+00  0.00000000E+00 0.5691E-13      5
 1669   15     0     -96      0     96  0.91916701E+00  0.00000000E+00 0.3829E-12      5
 1670   15     0     -95      0     95  0.92803769E+00  0.00000000E+00 0.4973E-13      6
 1671   15     0     -94      0     94  0.93630083E+00  0.00000000E+00 0.4175E-12      6
 1672   15     0     -93      0     93  0.94645298E+00  0.00000000E+00 0.1913E-12      6
 1673   15     0     -92      0     92  0.95737461E+00  0.00000000E+00 0.3297E-12      6
 1674   15     0     -91      0     91  0.96712688E+00  0.00000000E+00 0.1660E-13      6
 1675   15     0     -90      0     90  0.97603592E+00  0.00000000E+00 0.3729E-14      6
 1676   15     0     -89      0     89  0.98704189E+00  0.00000000E+00 0.4969E-13      6
 1677   15     0     -88      0     88  0.99901476E+00  0.00000000E+00 0.1842E-12      6
 1678   15     0     -87      0     87  0.10097911E+01  0.00000000E+00 0.9605E-13      5
 1679   15     0     -86      0     86  0.10194362E+01  0.00000000E+00 0.4150E-13      6
 1680   15     0     -85      0     85  0.10313867E+01  0.00000000E+00 0.6129E-13      6
 1681   15     0     -84      0     84  0.10445554E+01  0.00000000E+00 0.1469E-12      6
 1682   15     0     -83      0     83  0.10564905E+01  0.00000000E+00 0.1953E-12      6
 1683   15     0     -82      0     82  0.10669241E+01  0.00000000E+00 0.9025E-13      6
 1684   15     0     -81      0     81  0.10799506E+01  0.00000000E+00 0.3257E-13      6
 1685   15     0     -80      0     80  0.10944748E+01  0.00000000E+00 0.4257E-13      5
 1686   15     0     -79      0     79  0.11076622E+01  0.00000000E+00 0.8664E-13      6
 1687   15     0     -78      0     78  0.11190182E+01  0.00000000E+00 0.1055E-12      5
 1688   15     0     -77      0     77  0.11333351E+01  0.00000000E+00 0.3634E-12      6
 1689   15     0     -76      0     76  0.11494094E+01  0.00000000E+00 0.4052E-12      6
 1690   15     0     -75      0     75  0.11640350E+01  0.00000000E+00 0.5129E-13      6
 1691   15     0     -74      0     74  0.11764686E+01  0.00000000E+00 0.5424E-13      6
 1692   15     0     -73      0     73  0.11922346E+01  0.00000000E+00 0.3409E-12      6
 1693   15     0     -72      0     72  0.12100266E+01  0.00000000E+00 0.1501E-12      6
 1694   15     0     -71      0     71  0.12261563E+01  0.00000000E+00 0.8980E-13      5
 1695   15     0     -70      0     70  0.12397827E+01  0.00000000E+00 0.4638E-14      6
 1696   15     0     -69      0     69  0.12572895E+01  0.00000000E+00 0.1948E-12      6
 1697   15     0     -68      0     68  0.12770770E+01  0.00000000E+00 0.7833E-13      5
 1698   15     0     -67      0     67  0.12949567E+01  0.00000000E+00 0.6551E-13      6
 1699   15     0     -66      0     66  0.13099141E+01  0.00000000E+00 0.9742E-14      5
 1700   15     0     -65      0     65  0.13294338E+01  0.00000000E+00 0.1971E-12      6
 1701   15     0     -64      0     64  0.13515382E+01  0.00000000E+00 0.9397E-13      6
 1702   15     0     -63      0     63  0.13712137E+01  0.00000000E+00 0.6652E-13      6
 1703   15     0     -62      0     62  0.13877005E+01  0.00000000E+00 0.2289E-13      6
 1704   15     0     -61      0     61  0.14098501E+01  0.00000000E+00 0.3604E-13      5
 1705   15     0     -60      0     60  0.14346351E+01  0.00000000E+00 0.3020E-12      6
 1706   15     0     -59      0     59  0.14560674E+01  0.00000000E+00 0.1824E-13      6
 1707   15     0     -58      0     58  0.14746988E+01  0.00000000E+00 0.1765E-14      6
 1708   15     0     -57      0     57  0.15001516E+01  0.00000000E+00 0.7087E-13      6
 1709   15     0     -56      0     56  0.15280493E+01  0.00000000E+00 0.1588E-12      6
 1710   15     0     -55      0     55  0.15515637E+01  0.00000000E+00 0.1427E-12      6
 1711   15     0     -54      0     54  0.15726221E+01  0.00000000E+00 0.6537E-13      6
 1712   15     0     -53      0     53  0.16017210E+01  0.00000000E+00 0.1707E-12      6
 1713   15     0     -52      0     52  0.16332568E+01  0.00000000E+00 0.8636E-13      6
 1714   15     0     -51      0     51  0.16594519E+01  0.00000000E+00 0.1646E-13      5
 1715   15     0     -50      0     50  0.16836195E+01  0.00000000E+00 0.1310E-13      6
  Time elapsed :      1.949 s

Starting search (non-adiabatic)

Finding roots
  Time elapsed :    108.770 s

Processing modes
   id    l     m    n_pg    n_p    n_g       Re(omega)       Im(omega)        chi n_iter
 1614   15     0    -151      0    151  0.59064685E+00 -0.77180173E-03 0.9398E-12      7
 1615   15     0    -150      0    150  0.59418800E+00 -0.72495057E-03 0.4112E-12      6
 1616   15     0    -149      0    149  0.59805335E+00 -0.83605071E-03 0.5776E-12      8
 1617   15     0    -148      0    148  0.60237726E+00 -0.85515199E-03 0.8455E-12      8
 1618   15     0    -147      0    147  0.60654565E+00 -0.75388076E-03 0.5772E-12      7
 1619   15     0    -146      0    146  0.61027370E+00 -0.72138628E-03 0.4686E-12      7
 1620   15     0    -145      0    145  0.61439173E+00 -0.83026497E-03 0.2258E-12      7
 1621   15     0    -144      0    144  0.61895790E+00 -0.84056875E-03 0.1152E-11      7
 1622   15     0    -143      0    143  0.62331626E+00 -0.73605599E-03 0.4331E-12      7
 1623   15     0    -142      0    142  0.62724586E+00 -0.71983016E-03 0.4393E-12      6
 1624   15     0    -141      0    141  0.63163732E+00 -0.82549200E-03 0.4255E-12      7
 1625   15     0    -140      0    140  0.63645336E+00 -0.82586896E-03 0.9504E-12      7
 1626   15     0    -139      0    139  0.64099246E+00 -0.71881502E-03 0.6286E-12      7
 1627   15     0    -138      0    138  0.64514472E+00 -0.72661945E-03 0.1238E-11      6
 1628   15     0    -137      0    137  0.64986052E+00 -0.83134321E-03 0.1147E-11      6
 1629   15     0    -136      0    136  0.65497358E+00 -0.82398258E-03 0.9331E-12      7
 1630   15     0    -135      0    135  0.65972275E+00 -0.71007480E-03 0.9610E-12      6
 1631   15     0    -134      0    134  0.66408498E+00 -0.73782929E-03 0.4351E-12      6
 1632   15     0    -133      0    133  0.66912514E+00 -0.84976971E-03 0.1515E-12      7
 1633   15     0    -132      0    132  0.67455674E+00 -0.83813298E-03 0.7726E-12      6
 1634   15     0    -131      0    131  0.67955094E+00 -0.72075165E-03 0.2602E-12      7
 1635   15     0    -130      0    130  0.68418097E+00 -0.76605332E-03 0.1293E-11      6
 1636   15     0    -129      0    129  0.68956863E+00 -0.87990060E-03 0.8461E-12      6
 1637   15     0    -128      0    128  0.69531182E+00 -0.85871170E-03 0.9021E-12      6
 1638   15     0    -127      0    127  0.70052120E+00 -0.73836140E-03 0.5266E-12      6
 1639   15     0    -126      0    126  0.70546161E+00 -0.81280867E-03 0.9004E-12      7
 1640   15     0    -125      0    125  0.71126043E+00 -0.92562895E-03 0.8305E-12      8
 1641   15     0    -124      0    124  0.71736001E+00 -0.89281503E-03 0.7606E-12      6
 1642   15     0    -123      0    123  0.72282011E+00 -0.76527519E-03 0.7127E-12      6
 1643   15     0    -122      0    122  0.72807907E+00 -0.86473028E-03 0.1471E-11      7
 1644   15     0    -121      0    121  0.73430144E+00 -0.98209254E-03 0.1550E-11      8
 1645   15     0    -120      0    120  0.74079934E+00 -0.94300539E-03 0.4353E-12      8
 1646   15     0    -119      0    119  0.74656985E+00 -0.80872504E-03 0.9417E-12      6
 1647   15     0    -118      0    118  0.75217808E+00 -0.93090341E-03 0.8043E-12      7
 1648   15     0    -117      0    117  0.75884483E+00 -0.10598763E-02 0.5932E-12      9
 1649   15     0    -116      0    116  0.76576988E+00 -0.10163302E-02 0.7042E-12      6
 1650   15     0    -115      0    115  0.77186755E+00 -0.87366828E-03 0.1346E-11      7
 1651   15     0    -114      0    114  0.77785919E+00 -0.10266152E-02 0.3133E-12      8
 1652   15     0    -113      0    113  0.78501420E+00 -0.11692687E-02 0.8971E-12      7
 1653   15     0    -112      0    112  0.79240563E+00 -0.11161921E-02 0.7406E-12      9
 1654   15     0    -111      0    111  0.79885615E+00 -0.95366047E-03 0.7711E-12      8
 1655   15     0    -111      0    111  0.80523306E+00 -0.11316078E-02 0.4075E-12      7
 1656   15     0    -109      0    109  0.81289046E+00 -0.12783237E-02 0.6372E-12      8
 1657   15     0    -110      0    110  0.82079453E+00 -0.12051160E-02 0.1638E-11      6
 1658   15     0    -108      0    108  0.82768528E+00 -0.10099292E-02 0.7063E-12      7
 1659   15     0    -107      0    107  0.83447017E+00 -0.11783473E-02 0.1860E-11      7
 1660   15     0    -106      0    106  0.84265803E+00 -0.13081679E-02 0.8220E-12      7
 1661   15     0    -105      0    105  0.85116925E+00 -0.12110351E-02 0.2925E-11      8
 1662   15     0    -104      0    104  0.85862124E+00 -0.97956956E-03 0.5953E-12      6
 1663   15     0    -103      0    103  0.86582165E+00 -0.11056514E-02 0.2502E-13      6
 1664   15     0    -102      0    102  0.87458356E+00 -0.12084379E-02 0.8415E-12      8
 1665   15     0    -101      0    101  0.88380425E+00 -0.10956994E-02 0.7768E-12      7
 1666   15     0    -100      0    100  0.89193757E+00 -0.85213072E-03 0.2409E-11      7
 1667   15     0     -99      0     99  0.89961720E+00 -0.92118224E-03 0.6596E-12      7
 1668   15     0     -98      0     98  0.90902464E+00 -0.98821434E-03 0.2304E-12      7
 1669   15     0     -97      0     97  0.91905015E+00 -0.87160918E-03 0.1013E-11      6
 1670   15     0     -96      0     96  0.92795437E+00 -0.65151840E-03 0.9176E-12      7
 1671   15     0     -95      0     95  0.93621079E+00 -0.67546939E-03 0.1605E-11      7
 1672   15     0     -94      0     94  0.94637427E+00 -0.71202002E-03 0.2966E-11      8
 1673   15     0     -93      0     93  0.95732022E+00 -0.61500073E-03 0.1494E-11      6
 1674   15     0     -92      0     92  0.96709440E+00 -0.44752605E-03 0.2535E-11      5
 1675   15     0     -91      0     91  0.97600551E+00 -0.45138062E-03 0.1288E-11      6
 1676   15     0     -90      0     90  0.98702178E+00 -0.47561680E-03 0.9855E-12      6
 1677   15     0     -89      0     89  0.99900730E+00 -0.40980683E-03 0.2434E-11      5
 1678   15     0     -88      0     88  0.10097912E+01 -0.29509122E-03 0.4258E-11      6
 1679   15     0     -87      0     87  0.10194391E+01 -0.29036152E-03 0.1717E-11      5
 1680   15     0     -86      0     86  0.10313969E+01 -0.30895810E-03 0.6428E-12      5
 1681   15     0     -85      0     85  0.10445701E+01 -0.26699270E-03 0.7818E-11      6
 1682   15     0     -84      0     84  0.10565045E+01 -0.18980965E-03 0.3627E-11      6
 1683   15     0     -83      0     83  0.10669394E+01 -0.18263716E-03 0.5319E-11      6
 1684   15     0     -82      0     82  0.10799711E+01 -0.19739252E-03 0.1886E-11      5
 1685   15     0     -81      0     81  0.10944958E+01 -0.17105506E-03 0.2077E-11      5
 1686   15     0     -80      0     80  0.11076789E+01 -0.12036493E-03 0.1274E-10      6
 1687   15     0     -79      0     79  0.11190353E+01 -0.11504825E-03 0.1074E-10      6
 1688   15     0     -78      0     78  0.11333560E+01 -0.12582509E-03 0.9316E-11      6
 1689   15     0     -77      0     77  0.11494293E+01 -0.10931329E-03 0.1261E-10      5
 1690   15     0     -76      0     76  0.11640499E+01 -0.76581619E-04 0.7347E-11      6
 1691   15     0     -75      0     75  0.11764834E+01 -0.72719331E-04 0.1187E-10      5
 1692   15     0     -74      0     74  0.11922522E+01 -0.80834942E-04 0.6245E-11      5
 1693   15     0     -73      0     73  0.12100430E+01 -0.70953112E-04 0.1616E-10      6
 1694   15     0     -72      0     72  0.12261684E+01 -0.49706180E-04 0.5132E-10      5
 1695   15     0     -71      0     71  0.12397947E+01 -0.48086273E-04 0.1162E-10      6
 1696   15     0     -70      0     70  0.12573036E+01 -0.54265803E-04 0.2899E-10      6
 1697   15     0     -69      0     69  0.12770899E+01 -0.47889861E-04 0.1017E-10      5
 1698   15     0     -68      0     68  0.12949659E+01 -0.33150958E-04 0.1765E-10      5
 1699   15     0     -67      0     67  0.13099232E+01 -0.32182191E-04 0.4762E-11      7
 1700   15     0     -66      0     66  0.13294443E+01 -0.36302609E-04 0.4412E-10      5
 1701   15     0     -65      0     65  0.13515476E+01 -0.31491969E-04 0.6019E-10      5
 1702   15     0     -64      0     64  0.13712200E+01 -0.20975858E-04 0.5195E-10      6
 1703   15     0     -63      0     63  0.13877070E+01 -0.21174731E-04 0.2331E-10      4
 1704   15     0     -62      0     62  0.14098575E+01 -0.23573020E-04 0.9071E-10      5
 1705   15     0     -61      0     61  0.14346415E+01 -0.20008703E-04 0.5959E-10      5
 1706   15     0     -60      0     60  0.14560716E+01 -0.12990595E-04 0.4130E-10      5
 1707   15     0     -59      0     59  0.14747034E+01 -0.14161547E-04 0.2094E-09      4
 1708   15     0     -58      0     58  0.15001567E+01 -0.15316334E-04 0.3249E-10      4
 1709   15     0     -57      0     57  0.15280536E+01 -0.12779720E-04 0.1775E-10      5
 1710   15     0     -56      0     56  0.15515664E+01 -0.81176362E-05 0.1909E-09      5
 1711   15     0     -55      0     55  0.15726253E+01 -0.92899798E-05 0.2278E-09      5
 1712   15     0     -54      0     54  0.16017245E+01 -0.96878333E-05 0.1000E-09      5
 1713   15     0     -53      0     53  0.16332597E+01 -0.78036195E-05 0.3156E-09      6
 1714   15     0     -52      0     52  0.16594537E+01 -0.48326466E-05 0.3390E-09      5
 1715   15     0     -51      0     51  0.16836217E+01 -0.56395492E-05 0.7657E-09      4
  Time elapsed :      6.324 s

=== adiabatic (summary_ad_wide.h5, windows from gyre_ad_wide.in) ===
1061 modes total, 16 l values requested

  l  count     n_pg range       freq range (c/d)   gaps
--------------------------------------------------------
  0     20      1 ..   20     10.161 ..   75.628      0
  1     40    -20 ..   20      1.110 ..   77.290      0
  2     44    -23 ..   20      1.680 ..   79.052      0
  3     54    -33 ..   20      1.696 ..   80.568      0
  4     64    -43 ..   20      1.684 ..   81.886      0
  5     74    -53 ..   20      1.692 ..   83.106      0
  6     84    -63 ..   20      1.683 ..   84.265      0
  7     50    -73 ..  -24      1.682 ..    4.789      0
  8     56    -83 ..  -28      1.677 ..    4.690      0
  9     62    -92 ..  -31      1.696 ..    4.709      0
 10     69   -102 ..  -34      1.691 ..    4.767      0
 11     76   -112 ..  -37      1.692 ..    4.824      0
 12     83   -122 ..  -40      1.688 ..    4.863      0
 13     88   -131 ..  -44      1.699 ..    4.791      0
 14     95   -141 ..  -47      1.696 ..    4.809      0
 15    102   -151 ..  -50      1.694 ..    4.825      0

1061 detail files, 7421 grid points in detail.l15.n-57.h5
dlnrho/dlnr from (As, V_2, Gamma_1) vs numerical
  median rel err 4.24e-07, 95th pct 9.90e-04

=== nonadiabatic (summary_nad_wide.h5) ===

86 driven modes (gamma < 0) of 1054
  driven n_pg range -9 .. 8,  freq 7.93 .. 34.16 c/d
  mostly p-modes, as expected for the kappa mechanism
  damping rates (dimensionless): 3.891e-10 .. 1.757e-01
  gamma covers 1054 of 1061 adiabatic modes (7 duplicate n_pg labels in the nad summary, harmless)
    no gamma: l =  4  n_pg =   -43  1.6842 c/d
    no gamma: l =  5  n_pg =   -53  1.6918 c/d
    no gamma: l =  6  n_pg =   -63  1.6831 c/d
    no gamma: l =  7  n_pg =   -73  1.6819 c/d
    no gamma: l =  8  n_pg =   -83  1.6770 c/d
    no gamma: l =  9  n_pg =   -92  1.6958 c/d
    no gamma: l = 10  n_pg =  -102  1.6913 c/d
  pass require_gamma=True to build_mode_list to drop these

OK
nas-1-16:/users/home2/txr7972   24T   17T  6.0T  74% /net/nas-1-16/users/home2/txr7972

--- [dsct_M2.0] GYRE wide net pass 2 (l = 16-25)
gyre [9.1.1]
------------

OpenMP Threads   : 16
Input filename   : gyre_ad_wide_hi.in

Model Init
----------

Reading from MESA file
   File name ../mesa/LOGS/profile331.data.GYRE
   File version 1.01
   Read 7137 points
   No need to add central point

Mode Search
-----------

Mode parameters
   l : 16
   m : 0

Building frequency grid (REAL axis)
   added scan interval :  0.5234E+00 ->  0.2104E+01 (3000 points, INVERSE)

Building spatial grid
   Scaffold grid from model
   Split 266 subinterval(s) in iteration 1
   Split 25 subinterval(s) in iteration 2
   Split 0 subinterval(s) in iteration 3
   Final grid has 1 segment(s) and 7428 point(s):
      Segment 1 : x range 0.0000 -> 1.0012 (1 -> 7428)

Starting search (adiabatic)

Scanning frequencies
  Time elapsed :     1.802 s

Finding roots
  Time elapsed :      0.363 s

Processing modes
   id    l     m    n_pg    n_p    n_g       Re(omega)       Im(omega)        chi n_iter
   21   16     0    -161      0    161  0.58988261E+00  0.00000000E+00 0.2635E-12      5
   22   16     0    -160      0    160  0.59376556E+00  0.00000000E+00 0.3951E-12      6
   23   16     0    -159      0    159  0.59753142E+00  0.00000000E+00 0.2976E-12      6
   24   16     0    -158      0    158  0.60097090E+00  0.00000000E+00 0.4935E-12      5
   25   16     0    -157      0    157  0.60469512E+00  0.00000000E+00 0.7718E-14      5
   26   16     0    -156      0    156  0.60879136E+00  0.00000000E+00 0.4531E-12      5
   27   16     0    -155      0    155  0.61273822E+00  0.00000000E+00 0.5336E-12      6
   28   16     0    -154      0    154  0.61632020E+00  0.00000000E+00 0.2604E-12      5
   29   16     0    -153      0    153  0.62024819E+00  0.00000000E+00 0.2851E-12      5
   30   16     0    -152      0    152  0.62458726E+00  0.00000000E+00 0.2218E-12      6
   31   16     0    -151      0    151  0.62876284E+00  0.00000000E+00 0.6184E-12      5
   32   16     0    -150      0    150  0.63252343E+00  0.00000000E+00 0.2399E-12      5
   33   16     0    -149      0    149  0.63664557E+00  0.00000000E+00 0.1173E-12      5
   34   16     0    -148      0    148  0.64121116E+00  0.00000000E+00 0.5445E-12      6
   35   16     0    -147      0    147  0.64559287E+00  0.00000000E+00 0.1457E-12      6
   36   16     0    -146      0    146  0.64955776E+00  0.00000000E+00 0.3950E-12      5
   37   16     0    -145      0    145  0.65393577E+00  0.00000000E+00 0.1389E-12      5
   38   16     0    -144      0    144  0.65875664E+00  0.00000000E+00 0.3234E-12      6
   39   16     0    -143      0    143  0.66335075E+00  0.00000000E+00 0.1668E-12      6
   40   16     0    -142      0    142  0.66753222E+00  0.00000000E+00 0.4631E-13      5
   41   16     0    -141      0    141  0.67218807E+00  0.00000000E+00 0.9470E-14      5
   42   16     0    -140      0    140  0.67727351E+00  0.00000000E+00 0.6267E-12      5
   43   16     0    -139      0    139  0.68207207E+00  0.00000000E+00 0.2370E-12      6
   44   16     0    -138      0    138  0.68649084E+00  0.00000000E+00 0.6180E-12      5
   45   16     0    -137      0    137  0.69147877E+00  0.00000000E+00 0.6099E-12      5
   46   16     0    -136      0    136  0.69688006E+00  0.00000000E+00 0.2522E-13      6
   47   16     0    -135      0    135  0.70191364E+00  0.00000000E+00 0.2400E-12      6
   48   16     0    -134      0    134  0.70655427E+00  0.00000000E+00 0.1410E-12      5
   49   16     0    -133      0    133  0.71187606E+00  0.00000000E+00 0.2363E-12      5
   50   16     0    -132      0    132  0.71761871E+00  0.00000000E+00 0.2549E-12      6
   51   16     0    -131      0    131  0.72292643E+00  0.00000000E+00 0.2632E-12      6
   52   16     0    -130      0    130  0.72784659E+00  0.00000000E+00 0.9948E-12      5
   53   16     0    -129      0    129  0.73352691E+00  0.00000000E+00 0.3333E-12      5
   54   16     0    -128      0    128  0.73960473E+00  0.00000000E+00 0.5970E-12      5
   55   16     0    -127      0    127  0.74515660E+00  0.00000000E+00 0.2416E-12      6
   56   16     0    -126      0    126  0.75039675E+00  0.00000000E+00 0.5731E-13      5
   57   16     0    -125      0    125  0.75650430E+00  0.00000000E+00 0.6306E-12      5
   58   16     0    -124      0    124  0.76296643E+00  0.00000000E+00 0.3869E-13      6
   59   16     0    -123      0    123  0.76880003E+00  0.00000000E+00 0.2537E-12      6
   60   16     0    -122      0    122  0.77436643E+00  0.00000000E+00 0.2370E-12      5
   61   16     0    -121      0    121  0.78091372E+00  0.00000000E+00 0.1238E-12      6
   62   16     0    -120      0    120  0.78780500E+00  0.00000000E+00 0.1569E-12      6
   63   16     0    -119      0    119  0.79398458E+00  0.00000000E+00 0.2633E-12      6
   64   16     0    -118      0    118  0.79990935E+00  0.00000000E+00 0.1059E-13      5
   65   16     0    -117      0    117  0.80691735E+00  0.00000000E+00 0.4216E-12      5
   66   16     0    -116      0    116  0.81426970E+00  0.00000000E+00 0.8467E-13      6
   67   16     0    -115      0    115  0.82081678E+00  0.00000000E+00 0.2267E-12      6
   68   16     0    -114      0    114  0.82713527E+00  0.00000000E+00 0.4571E-13      5
   69   16     0    -113      0    113  0.83465303E+00  0.00000000E+00 0.4788E-12      5
   70   16     0    -112      0    112  0.84251167E+00  0.00000000E+00 0.6112E-13      6
   71   16     0    -111      0    111  0.84945723E+00  0.00000000E+00 0.3629E-12      6
   72   16     0    -110      0    110  0.85617636E+00  0.00000000E+00 0.1998E-12      6
   73   16     0    -109      0    109  0.86422353E+00  0.00000000E+00 0.3606E-13      6
   74   16     0    -108      0    108  0.87263813E+00  0.00000000E+00 0.9416E-13      6
   75   16     0    -107      0    107  0.88007101E+00  0.00000000E+00 0.1368E-12      5
   76   16     0    -106      0    106  0.88721933E+00  0.00000000E+00 0.5892E-12      5
   77   16     0    -105      0    105  0.89581841E+00  0.00000000E+00 0.2620E-12      5
   78   16     0    -104      0    104  0.90487483E+00  0.00000000E+00 0.1062E-12      5
   79   16     0    -103      0    103  0.91291277E+00  0.00000000E+00 0.7288E-13      6
   80   16     0    -102      0    102  0.92048967E+00  0.00000000E+00 0.8518E-13      6
   81   16     0    -101      0    101  0.92966473E+00  0.00000000E+00 0.2148E-13      5
   82   16     0    -100      0    100  0.93945740E+00  0.00000000E+00 0.1403E-12      5
   83   16     0     -99      0     99  0.94822834E+00  0.00000000E+00 0.3897E-13      6
   84   16     0     -98      0     98  0.95629056E+00  0.00000000E+00 0.2202E-13      6
   85   16     0     -97      0     97  0.96609990E+00  0.00000000E+00 0.1233E-12      5
   86   16     0     -96      0     96  0.97673005E+00  0.00000000E+00 0.4262E-13      6
   87   16     0     -95      0     95  0.98634690E+00  0.00000000E+00 0.5486E-13      6
   88   16     0     -94      0     94  0.99500070E+00  0.00000000E+00 0.1700E-13      6
   89   16     0     -93      0     93  0.10055608E+01  0.00000000E+00 0.2165E-12      5
   90   16     0     -92      0     92  0.10171622E+01  0.00000000E+00 0.4457E-13      6
   91   16     0     -91      0     91  0.10277480E+01  0.00000000E+00 0.9449E-13      6
   92   16     0     -90      0     90  0.10370912E+01  0.00000000E+00 0.2857E-12      6
   93   16     0     -89      0     89  0.10485043E+01  0.00000000E+00 0.1876E-12      6
   94   16     0     -88      0     88  0.10612020E+01  0.00000000E+00 0.1255E-12      6
   95   16     0     -87      0     87  0.10729057E+01  0.00000000E+00 0.3799E-12      6
   96   16     0     -86      0     86  0.10830427E+01  0.00000000E+00 0.6168E-13      5
   97   16     0     -85      0     85  0.10953907E+01  0.00000000E+00 0.6583E-14      6
   98   16     0     -84      0     84  0.11093310E+01  0.00000000E+00 0.2448E-12      6
   99   16     0     -83      0     83  0.11223030E+01  0.00000000E+00 0.5446E-14      6
  100   16     0     -82      0     82  0.11332948E+01  0.00000000E+00 0.1275E-12      6
  101   16     0     -81      0     81  0.11467015E+01  0.00000000E+00 0.1273E-12      5
  102   16     0     -80      0     80  0.11620529E+01  0.00000000E+00 0.1855E-12      5
  103   16     0     -79      0     79  0.11763980E+01  0.00000000E+00 0.2664E-12      5
  104   16     0     -78      0     78  0.11883700E+01  0.00000000E+00 0.3165E-13      6
  105   16     0     -77      0     77  0.12030572E+01  0.00000000E+00 0.2013E-12      6
  106   16     0     -76      0     76  0.12200260E+01  0.00000000E+00 0.4597E-13      6
  107   16     0     -75      0     75  0.12359359E+01  0.00000000E+00 0.1114E-12      6
  108   16     0     -74      0     74  0.12490521E+01  0.00000000E+00 0.1104E-12      6
  109   16     0     -73      0     73  0.12651791E+01  0.00000000E+00 0.1910E-12      6
  110   16     0     -72      0     72  0.12839314E+01  0.00000000E+00 0.1323E-13      6
  111   16     0     -71      0     71  0.13014739E+01  0.00000000E+00 0.6065E-13      6
  112   16     0     -70      0     70  0.13158132E+01  0.00000000E+00 0.4680E-13      6
  113   16     0     -69      0     69  0.13336728E+01  0.00000000E+00 0.9307E-13      6
  114   16     0     -68      0     68  0.13544963E+01  0.00000000E+00 0.1896E-14      6
  115   16     0     -67      0     67  0.13739450E+01  0.00000000E+00 0.2712E-12      6
  116   16     0     -66      0     66  0.13896548E+01  0.00000000E+00 0.3043E-12      6
  117   16     0     -65      0     65  0.14095222E+01  0.00000000E+00 0.2146E-12      6
  118   16     0     -64      0     64  0.14327721E+01  0.00000000E+00 0.1339E-12      6
  119   16     0     -63      0     63  0.14542150E+01  0.00000000E+00 0.1148E-12      6
  120   16     0     -62      0     62  0.14714101E+01  0.00000000E+00 0.1091E-12      6
  121   16     0     -61      0     61  0.14939516E+01  0.00000000E+00 0.1930E-12      6
  122   16     0     -60      0     60  0.15200469E+01  0.00000000E+00 0.3758E-13      6
  123   16     0     -59      0     59  0.15435172E+01  0.00000000E+00 0.1321E-12      6
  124   16     0     -58      0     58  0.15627102E+01  0.00000000E+00 0.4447E-13      6
  125   16     0     -57      0     57  0.15885893E+01  0.00000000E+00 0.9849E-13      6
  126   16     0     -56      0     56  0.16179693E+01  0.00000000E+00 0.3352E-13      6
  127   16     0     -55      0     55  0.16439307E+01  0.00000000E+00 0.7768E-14      6
  128   16     0     -54      0     54  0.16653562E+01  0.00000000E+00 0.1066E-12      6
  129   16     0     -53      0     53  0.16948170E+01  0.00000000E+00 0.1883E-12      6
  Time elapsed :      4.593 s

Mode Search
-----------

Mode parameters
   l : 17
   m : 0

Building frequency grid (REAL axis)
   added scan interval :  0.5234E+00 ->  0.2104E+01 (3000 points, INVERSE)

Building spatial grid
   Scaffold grid from model
   Split 270 subinterval(s) in iteration 1
   Split 26 subinterval(s) in iteration 2
   Split 0 subinterval(s) in iteration 3
   Final grid has 1 segment(s) and 7433 point(s):
      Segment 1 : x range 0.0000 -> 1.0012 (1 -> 7433)

Starting search (adiabatic)

Scanning frequencies
  Time elapsed :     1.804 s

Finding roots
  Time elapsed :      0.381 s

Processing modes
   id    l     m    n_pg    n_p    n_g       Re(omega)       Im(omega)        chi n_iter
  162   17     0    -171      0    171  0.58950077E+00  0.00000000E+00 0.4644E-13      6
  163   17     0    -170      0    170  0.59273660E+00  0.00000000E+00 0.1013E-12      5
  164   17     0    -169      0    169  0.59608655E+00  0.00000000E+00 0.1767E-12      5
  165   17     0    -168      0    168  0.59976319E+00  0.00000000E+00 0.2357E-12      6
  166   17     0    -167      0    167  0.60341163E+00  0.00000000E+00 0.7732E-12      6
  167   17     0    -166      0    166  0.60678840E+00  0.00000000E+00 0.4353E-13      6
  168   17     0    -165      0    165  0.61032443E+00  0.00000000E+00 0.3519E-12      5
  169   17     0    -164      0    164  0.61420412E+00  0.00000000E+00 0.1183E-12      6
  170   17     0    -163      0    163  0.61801644E+00  0.00000000E+00 0.7986E-13      6
  171   17     0    -162      0    162  0.62150755E+00  0.00000000E+00 0.2205E-12      5
  172   17     0    -161      0    161  0.62522239E+00  0.00000000E+00 0.3020E-12      5
  173   17     0    -160      0    160  0.62932548E+00  0.00000000E+00 0.3274E-12      5
  174   17     0    -159      0    159  0.63333584E+00  0.00000000E+00 0.7489E-12      5
  175   17     0    -158      0    158  0.63698639E+00  0.00000000E+00 0.3222E-12      5
  176   17     0    -157      0    157  0.64089804E+00  0.00000000E+00 0.3432E-12      5
  177   17     0    -156      0    156  0.64522642E+00  0.00000000E+00 0.5482E-12      6
  178   17     0    -155      0    155  0.64943186E+00  0.00000000E+00 0.3238E-12      6
  179   17     0    -154      0    154  0.65323275E+00  0.00000000E+00 0.1247E-11      5
  180   17     0    -153      0    153  0.65735507E+00  0.00000000E+00 0.1962E-14      5
  181   17     0    -152      0    152  0.66193956E+00  0.00000000E+00 0.1813E-12      6
  182   17     0    -151      0    151  0.66638955E+00  0.00000000E+00 0.2897E-12      6
  183   17     0    -150      0    150  0.67038085E+00  0.00000000E+00 0.1178E-11      5
  184   17     0    -149      0    149  0.67470408E+00  0.00000000E+00 0.1304E-12      5
  185   17     0    -148      0    148  0.67952753E+00  0.00000000E+00 0.3961E-12      6
  186   17     0    -147      0    147  0.68419858E+00  0.00000000E+00 0.1076E-12      6
  187   17     0    -146      0    146  0.68840364E+00  0.00000000E+00 0.3251E-12      5
  188   17     0    -145      0    145  0.69299430E+00  0.00000000E+00 0.1171E-12      5
  189   17     0    -144      0    144  0.69808893E+00  0.00000000E+00 0.3791E-12      5
  190   17     0    -143      0    143  0.70298809E+00  0.00000000E+00 0.1352E-12      6
  191   17     0    -142      0    142  0.70741789E+00  0.00000000E+00 0.1113E-12      5
  192   17     0    -141      0    141  0.71229941E+00  0.00000000E+00 0.1133E-12      5
  193   17     0    -140      0    140  0.71767655E+00  0.00000000E+00 0.5575E-12      6
  194   17     0    -139      0    139  0.72279671E+00  0.00000000E+00 0.2358E-12      6
  195   17     0    -138      0    138  0.72747033E+00  0.00000000E+00 0.2379E-12      5
  196   17     0    -137      0    137  0.73269934E+00  0.00000000E+00 0.4084E-12      5
  197   17     0    -136      0    136  0.73841305E+00  0.00000000E+00 0.3867E-13      6
  198   17     0    -135      0    135  0.74378848E+00  0.00000000E+00 0.2529E-12      5
  199   17     0    -134      0    134  0.74868997E+00  0.00000000E+00 0.4095E-12      5
  200   17     0    -133      0    133  0.75426569E+00  0.00000000E+00 0.2060E-12      5
  201   17     0    -132      0    132  0.76034316E+00  0.00000000E+00 0.9618E-13      6
  202   17     0    -131      0    131  0.76601556E+00  0.00000000E+00 0.1392E-12      6
  203   17     0    -130      0    130  0.77120527E+00  0.00000000E+00 0.1916E-12      5
  204   17     0    -129      0    129  0.77715436E+00  0.00000000E+00 0.1892E-12      5
  205   17     0    -128      0    128  0.78359099E+00  0.00000000E+00 0.3135E-12      6
  206   17     0    -127      0    127  0.78952943E+00  0.00000000E+00 0.1592E-12      6
  207   17     0    -126      0    126  0.79504411E+00  0.00000000E+00 0.5711E-13      5
  208   17     0    -125      0    125  0.80144047E+00  0.00000000E+00 0.1416E-12      5
  209   17     0    -124      0    124  0.80828953E+00  0.00000000E+00 0.9988E-13      6
  210   17     0    -123      0    123  0.81453610E+00  0.00000000E+00 0.4051E-12      5
  211   17     0    -122      0    122  0.82038258E+00  0.00000000E+00 0.1195E-12      6
  212   17     0    -121      0    121  0.82723670E+00  0.00000000E+00 0.7615E-12      5
  213   17     0    -120      0    120  0.83454441E+00  0.00000000E+00 0.5812E-12      6
  214   17     0    -119      0    119  0.84116877E+00  0.00000000E+00 0.9009E-13      6
  215   17     0    -118      0    118  0.84738177E+00  0.00000000E+00 0.1052E-12      6
  216   17     0    -117      0    117  0.85471180E+00  0.00000000E+00 0.2125E-12      6
  217   17     0    -116      0    116  0.86251144E+00  0.00000000E+00 0.9695E-14      6
  218   17     0    -115      0    115  0.86953881E+00  0.00000000E+00 0.1060E-12      6
  219   17     0    -114      0    114  0.87615134E+00  0.00000000E+00 0.2677E-13      6
  220   17     0    -113      0    113  0.88400626E+00  0.00000000E+00 0.2442E-12      5
  221   17     0    -112      0    112  0.89234542E+00  0.00000000E+00 0.4445E-12      6
  222   17     0    -111      0    111  0.89981233E+00  0.00000000E+00 0.5947E-13      5
  223   17     0    -110      0    110  0.90683050E+00  0.00000000E+00 0.7910E-14      5
  224   17     0    -109      0    109  0.91522766E+00  0.00000000E+00 0.2680E-13      5
  225   17     0    -108      0    108  0.92415672E+00  0.00000000E+00 0.9987E-13      6
  226   17     0    -107      0    107  0.93216017E+00  0.00000000E+00 0.1347E-13      6
  227   17     0    -106      0    106  0.93962109E+00  0.00000000E+00 0.3398E-12      6
  228   17     0    -105      0    105  0.94857664E+00  0.00000000E+00 0.1927E-12      5
  229   17     0    -104      0    104  0.95817790E+00  0.00000000E+00 0.1154E-12      6
  230   17     0    -103      0    103  0.96684692E+00  0.00000000E+00 0.1968E-13      5
  231   17     0    -102      0    102  0.97476011E+00  0.00000000E+00 0.3740E-13      6
  232   17     0    -101      0    101  0.98428559E+00  0.00000000E+00 0.1322E-12      5
  233   17     0    -100      0    100  0.99465055E+00  0.00000000E+00 0.7138E-13      6
  234   17     0     -99      0     99  0.10041229E+01  0.00000000E+00 0.4195E-13      6
  235   17     0     -98      0     98  0.10125607E+01  0.00000000E+00 0.3690E-12      6
  236   17     0     -97      0     97  0.10227077E+01  0.00000000E+00 0.3092E-12      5
  237   17     0     -96      0     96  0.10339415E+01  0.00000000E+00 0.1656E-12      6
  238   17     0     -95      0     95  0.10443393E+01  0.00000000E+00 0.1908E-12      6
  239   17     0     -94      0     94  0.10534231E+01  0.00000000E+00 0.1238E-12      6
  240   17     0     -93      0     93  0.10643110E+01  0.00000000E+00 0.1115E-12      5
  241   17     0     -92      0     92  0.10765520E+01  0.00000000E+00 0.6044E-14      6
  242   17     0     -91      0     91  0.10880026E+01  0.00000000E+00 0.3227E-13      6
  243   17     0     -90      0     90  0.10978393E+01  0.00000000E+00 0.1117E-12      5
  244   17     0     -89      0     89  0.11095655E+01  0.00000000E+00 0.2253E-12      5
  245   17     0     -88      0     88  0.11229362E+01  0.00000000E+00 0.4333E-12      6
  246   17     0     -87      0     87  0.11355916E+01  0.00000000E+00 0.1573E-12      6
  247   17     0     -86      0     86  0.11463047E+01  0.00000000E+00 0.1358E-12      6
  248   17     0     -85      0     85  0.11589420E+01  0.00000000E+00 0.5209E-13      6
  249   17     0     -84      0     84  0.11735880E+01  0.00000000E+00 0.2047E-12      6
  250   17     0     -83      0     83  0.11876111E+01  0.00000000E+00 0.3278E-14      6
  251   17     0     -82      0     82  0.11992761E+01  0.00000000E+00 0.2153E-12      6
  252   17     0     -81      0     81  0.12129369E+01  0.00000000E+00 0.2280E-12      6
  253   17     0     -80      0     80  0.12290331E+01  0.00000000E+00 0.1805E-12      5
  254   17     0     -79      0     79  0.12445408E+01  0.00000000E+00 0.1212E-12      6
  255   17     0     -78      0     78  0.12572740E+01  0.00000000E+00 0.1909E-12      6
  256   17     0     -77      0     77  0.12721863E+01  0.00000000E+00 0.3549E-13      6
  257   17     0     -76      0     76  0.12899518E+01  0.00000000E+00 0.7004E-14      6
  258   17     0     -75      0     75  0.13071397E+01  0.00000000E+00 0.1073E-12      6
  259   17     0     -74      0     74  0.13211094E+01  0.00000000E+00 0.2490E-12      6
  260   17     0     -73      0     73  0.13374306E+01  0.00000000E+00 0.5381E-13      6
  261   17     0     -72      0     72  0.13570255E+01  0.00000000E+00 0.6784E-13      6
  262   17     0     -71      0     71  0.13759648E+01  0.00000000E+00 0.3894E-13      6
  263   17     0     -70      0     70  0.13912126E+01  0.00000000E+00 0.1194E-12      6
  264   17     0     -69      0     69  0.14092296E+01  0.00000000E+00 0.1630E-12      6
  265   17     0     -68      0     68  0.14309559E+01  0.00000000E+00 0.1041E-12      5
  266   17     0     -67      0     67  0.14519531E+01  0.00000000E+00 0.8664E-13      5
  267   17     0     -66      0     66  0.14686484E+01  0.00000000E+00 0.6697E-13      6
  268   17     0     -65      0     65  0.14886317E+01  0.00000000E+00 0.2723E-12      6
  269   17     0     -64      0     64  0.15128766E+01  0.00000000E+00 0.4780E-13      5
  270   17     0     -63      0     63  0.15360811E+01  0.00000000E+00 0.4571E-13      6
  271   17     0     -62      0     62  0.15542467E+01  0.00000000E+00 0.1298E-12      6
  272   17     0     -61      0     61  0.15768803E+01  0.00000000E+00 0.2225E-13      5
  273   17     0     -60      0     60  0.16041119E+01  0.00000000E+00 0.2749E-12      6
  274   17     0     -59      0     59  0.16296616E+01  0.00000000E+00 0.6095E-13      6
  275   17     0     -58      0     58  0.16497182E+01  0.00000000E+00 0.1282E-12      6
  276   17     0     -57      0     57  0.16756057E+01  0.00000000E+00 0.4102E-13      6
  277   17     0     -56      0     56  0.17062438E+01  0.00000000E+00 0.1520E-12      6
  Time elapsed :      4.837 s

Mode Search
-----------

Mode parameters
   l : 18
   m : 0

Building frequency grid (REAL axis)
   added scan interval :  0.5234E+00 ->  0.2104E+01 (3000 points, INVERSE)

Building spatial grid
   Scaffold grid from model
   Split 274 subinterval(s) in iteration 1
   Split 28 subinterval(s) in iteration 2
   Split 0 subinterval(s) in iteration 3
   Final grid has 1 segment(s) and 7439 point(s):
      Segment 1 : x range 0.0000 -> 1.0012 (1 -> 7439)

Starting search (adiabatic)

Scanning frequencies
  Time elapsed :     1.753 s

Finding roots
  Time elapsed :      0.381 s

Processing modes
   id    l     m    n_pg    n_p    n_g       Re(omega)       Im(omega)        chi n_iter
  313   18     0    -180      0    180  0.59194042E+00  0.00000000E+00 0.4261E-12      6
  314   18     0    -179      0    179  0.59536494E+00  0.00000000E+00 0.8321E-12      6
  315   18     0    -178      0    178  0.59854694E+00  0.00000000E+00 0.1602E-12      6
  316   18     0    -177      0    177  0.60171920E+00  0.00000000E+00 0.6350E-12      5
  317   18     0    -176      0    176  0.60521361E+00  0.00000000E+00 0.3645E-12      6
  318   18     0    -175      0    175  0.60876283E+00  0.00000000E+00 0.3894E-12      6
  319   18     0    -174      0    174  0.61207302E+00  0.00000000E+00 0.2712E-12      6
  320   18     0    -173      0    173  0.61543042E+00  0.00000000E+00 0.2952E-12      5
  321   18     0    -172      0    172  0.61911154E+00  0.00000000E+00 0.5180E-12      6
  322   18     0    -171      0    171  0.62281091E+00  0.00000000E+00 0.3922E-12      6
  323   18     0    -170      0    170  0.62623915E+00  0.00000000E+00 0.8086E-13      6
  324   18     0    -169      0    169  0.62975374E+00  0.00000000E+00 0.2197E-12      5
  325   18     0    -168      0    168  0.63362247E+00  0.00000000E+00 0.1542E-12      6
  326   18     0    -167      0    167  0.63748948E+00  0.00000000E+00 0.4541E-12      6
  327   18     0    -166      0    166  0.64106587E+00  0.00000000E+00 0.7431E-13      5
  328   18     0    -165      0    165  0.64477267E+00  0.00000000E+00 0.7575E-12      5
  329   18     0    -164      0    164  0.64885534E+00  0.00000000E+00 0.2373E-12      5
  330   18     0    -163      0    163  0.65289916E+00  0.00000000E+00 0.1533E-12      6
  331   18     0    -162      0    162  0.65659632E+00  0.00000000E+00 0.2436E-12      5
  332   18     0    -161      0    161  0.66048596E+00  0.00000000E+00 0.1594E-12      5
  333   18     0    -160      0    160  0.66480414E+00  0.00000000E+00 0.1427E-12      6
  334   18     0    -159      0    159  0.66906062E+00  0.00000000E+00 0.8488E-13      6
  335   18     0    -158      0    158  0.67292648E+00  0.00000000E+00 0.5262E-12      5
  336   18     0    -157      0    157  0.67701883E+00  0.00000000E+00 0.1392E-12      5
  337   18     0    -156      0    156  0.68157383E+00  0.00000000E+00 0.4370E-12      6
  338   18     0    -155      0    155  0.68603986E+00  0.00000000E+00 0.3840E-12      6
  339   18     0    -154      0    154  0.69006446E+00  0.00000000E+00 0.7924E-13      6
  340   18     0    -153      0    153  0.69437315E+00  0.00000000E+00 0.3178E-12      5
  341   18     0    -152      0    152  0.69919694E+00  0.00000000E+00 0.8983E-13      6
  342   18     0    -151      0    151  0.70392352E+00  0.00000000E+00 0.4889E-13      6
  343   18     0    -150      0    150  0.70815121E+00  0.00000000E+00 0.2109E-12      6
  344   18     0    -149      0    149  0.71266667E+00  0.00000000E+00 0.2737E-12      5
  345   18     0    -148      0    148  0.71774122E+00  0.00000000E+00 0.8408E-13      5
  346   18     0    -147      0    147  0.72270422E+00  0.00000000E+00 0.1070E-12      5
  347   18     0    -146      0    146  0.72715529E+00  0.00000000E+00 0.2842E-12      5
  348   18     0    -145      0    145  0.73194867E+00  0.00000000E+00 0.1801E-12      5
  349   18     0    -144      0    144  0.73731007E+00  0.00000000E+00 0.3094E-12      6
  350   18     0    -143      0    143  0.74251758E+00  0.00000000E+00 0.2802E-13      6
  351   18     0    -142      0    142  0.74720141E+00  0.00000000E+00 0.1970E-12      5
  352   18     0    -141      0    141  0.75229742E+00  0.00000000E+00 0.2858E-12      5
  353   18     0    -140      0    140  0.75795923E+00  0.00000000E+00 0.4184E-13      6
  354   18     0    -139      0    139  0.76340546E+00  0.00000000E+00 0.2322E-12      6
  355   18     0    -138      0    138  0.76833903E+00  0.00000000E+00 0.3349E-12      5
  356   18     0    -137      0    137  0.77379622E+00  0.00000000E+00 0.2587E-12      5
  357   18     0    -136      0    136  0.77981518E+00  0.00000000E+00 0.1852E-12      6
  358   18     0    -135      0    135  0.78553834E+00  0.00000000E+00 0.8288E-13      6
  359   18     0    -134      0    134  0.79070577E+00  0.00000000E+00 0.1114E-12      5
  360   18     0    -133      0    133  0.79652008E+00  0.00000000E+00 0.2055E-12      5
  361   18     0    -132      0    132  0.80292483E+00  0.00000000E+00 0.6106E-13      6
  362   18     0    -131      0    131  0.80896939E+00  0.00000000E+00 0.1697E-12      6
  363   18     0    -130      0    130  0.81443380E+00  0.00000000E+00 0.3263E-12      5
  364   18     0    -129      0    129  0.82063395E+00  0.00000000E+00 0.1007E-12      5
  365   18     0    -128      0    128  0.82742154E+00  0.00000000E+00 0.1476E-12      6
  366   18     0    -127      0    127  0.83375638E+00  0.00000000E+00 0.7857E-13      5
  367   18     0    -126      0    126  0.83954945E+00  0.00000000E+00 0.2535E-13      6
  368   18     0    -125      0    125  0.84621437E+00  0.00000000E+00 0.3196E-13      5
  369   18     0    -124      0    124  0.85344234E+00  0.00000000E+00 0.4175E-13      6
  370   18     0    -123      0    123  0.86011454E+00  0.00000000E+00 0.8783E-13      6
  371   18     0    -122      0    122  0.86624432E+00  0.00000000E+00 0.1303E-12      5
  372   18     0    -121      0    121  0.87338161E+00  0.00000000E+00 0.6023E-13      5
  373   18     0    -120      0    120  0.88109679E+00  0.00000000E+00 0.1495E-12      6
  374   18     0    -119      0    119  0.88818125E+00  0.00000000E+00 0.1122E-12      6
  375   18     0    -118      0    118  0.89468628E+00  0.00000000E+00 0.3579E-13      6
  376   18     0    -117      0    117  0.90231036E+00  0.00000000E+00 0.2525E-12      5
  377   18     0    -116      0    116  0.91054651E+00  0.00000000E+00 0.6304E-13      6
  378   18     0    -115      0    115  0.91807273E+00  0.00000000E+00 0.2595E-12      6
  379   18     0    -114      0    114  0.92498390E+00  0.00000000E+00 0.2952E-12      6
  380   18     0    -113      0    113  0.93314261E+00  0.00000000E+00 0.1718E-12      5
  381   18     0    -112      0    112  0.94194905E+00  0.00000000E+00 0.4937E-13      6
  382   18     0    -111      0    111  0.94995961E+00  0.00000000E+00 0.7775E-13      6
  383   18     0    -110      0    110  0.95728383E+00  0.00000000E+00 0.2979E-12      6
  384   18     0    -109      0    109  0.96599121E+00  0.00000000E+00 0.5503E-13      5
  385   18     0    -108      0    108  0.97541820E+00  0.00000000E+00 0.1153E-12      5
  386   18     0    -107      0    107  0.98401693E+00  0.00000000E+00 0.1537E-13      6
  387   18     0    -106      0    106  0.99180359E+00  0.00000000E+00 0.6332E-15      6
  388   18     0    -105      0    105  0.10010682E+01  0.00000000E+00 0.2190E-12      5
  389   18     0    -104      0    104  0.10111921E+01  0.00000000E+00 0.1019E-12      6
  390   18     0    -103      0    103  0.10205162E+01  0.00000000E+00 0.1563E-12      6
  391   18     0    -102      0    102  0.10287912E+01  0.00000000E+00 0.8042E-13      6
  392   18     0    -101      0    101  0.10386096E+01  0.00000000E+00 0.1727E-12      5
  393   18     0    -100      0    100  0.10495164E+01  0.00000000E+00 0.5668E-13      6
  394   18     0     -99      0     99  0.10597103E+01  0.00000000E+00 0.7033E-13      6
  395   18     0     -98      0     98  0.10685686E+01  0.00000000E+00 0.2188E-12      6
  396   18     0     -97      0     97  0.10789852E+01  0.00000000E+00 0.2349E-12      6
  397   18     0     -96      0     96  0.10907830E+01  0.00000000E+00 0.2546E-12      6
  398   18     0     -95      0     95  0.11019767E+01  0.00000000E+00 0.1520E-12      5
  399   18     0     -94      0     94  0.11115570E+01  0.00000000E+00 0.4449E-12      6
  400   18     0     -93      0     93  0.11226945E+01  0.00000000E+00 0.9565E-13      5
  401   18     0     -92      0     92  0.11355242E+01  0.00000000E+00 0.2051E-12      5
  402   18     0     -91      0     91  0.11478467E+01  0.00000000E+00 0.2422E-12      6
  403   18     0     -90      0     90  0.11582656E+01  0.00000000E+00 0.5163E-13      6
  404   18     0     -89      0     89  0.11702162E+01  0.00000000E+00 0.1762E-12      6
  405   18     0     -88      0     88  0.11841955E+01  0.00000000E+00 0.8471E-14      6
  406   18     0     -87      0     87  0.11977985E+01  0.00000000E+00 0.2186E-12      6
  407   18     0     -86      0     86  0.12092028E+01  0.00000000E+00 0.2617E-12      5
  408   18     0     -85      0     85  0.12220324E+01  0.00000000E+00 0.1111E-12      6
  409   18     0     -84      0     84  0.12373033E+01  0.00000000E+00 0.5022E-13      6
  410   18     0     -83      0     83  0.12523589E+01  0.00000000E+00 0.1735E-12      6
  411   18     0     -82      0     82  0.12648422E+01  0.00000000E+00 0.9315E-13      5
  412   18     0     -81      0     81  0.12786497E+01  0.00000000E+00 0.1572E-12      5
  413   18     0     -80      0     80  0.12953903E+01  0.00000000E+00 0.3701E-12      5
  414   18     0     -79      0     79  0.13120287E+01  0.00000000E+00 0.1728E-13      6
  415   18     0     -78      0     78  0.13256996E+01  0.00000000E+00 0.4139E-13      5
  416   18     0     -77      0     77  0.13407162E+01  0.00000000E+00 0.2979E-12      6
  417   18     0     -76      0     76  0.13591589E+01  0.00000000E+00 0.5562E-13      6
  418   18     0     -75      0     75  0.13775779E+01  0.00000000E+00 0.1621E-13      6
  419   18     0     -74      0     74  0.13926024E+01  0.00000000E+00 0.3012E-12      5
  420   18     0     -73      0     73  0.14089804E+01  0.00000000E+00 0.1682E-12      6
  421   18     0     -72      0     72  0.14292748E+01  0.00000000E+00 0.1838E-12      6
  422   18     0     -71      0     71  0.14495493E+01  0.00000000E+00 0.2520E-12      6
  423   18     0     -70      0     70  0.14659394E+01  0.00000000E+00 0.1545E-12      5
  424   18     0     -69      0     69  0.14839506E+01  0.00000000E+00 0.1474E-12      6
  425   18     0     -68      0     68  0.15064188E+01  0.00000000E+00 0.2023E-12      5
  426   18     0     -67      0     67  0.15288931E+01  0.00000000E+00 0.3388E-13      6
  427   18     0     -66      0     66  0.15468575E+01  0.00000000E+00 0.5663E-13      6
  428   18     0     -65      0     65  0.15667571E+01  0.00000000E+00 0.1363E-12      6
  429   18     0     -64      0     64  0.15918108E+01  0.00000000E+00 0.1868E-13      6
  430   18     0     -63      0     63  0.16167049E+01  0.00000000E+00 0.8517E-14      6
  431   18     0     -62      0     62  0.16361963E+01  0.00000000E+00 0.1728E-12      5
  432   18     0     -61      0     61  0.16586319E+01  0.00000000E+00 0.1603E-13      6
  433   18     0     -60      0     60  0.16867748E+01  0.00000000E+00 0.2576E-13      6
  Time elapsed :      4.963 s

Mode Search
-----------

Mode parameters
   l : 19
   m : 0

Building frequency grid (REAL axis)
   added scan interval :  0.5234E+00 ->  0.2104E+01 (3000 points, INVERSE)

Building spatial grid
   Scaffold grid from model
   Split 277 subinterval(s) in iteration 1
   Split 28 subinterval(s) in iteration 2
   Split 0 subinterval(s) in iteration 3
   Final grid has 1 segment(s) and 7442 point(s):
      Segment 1 : x range 0.0000 -> 1.0012 (1 -> 7442)

Starting search (adiabatic)

Scanning frequencies
  Time elapsed :     1.779 s

Finding roots
  Time elapsed :      0.423 s

Processing modes
   id    l     m    n_pg    n_p    n_g       Re(omega)       Im(omega)        chi n_iter
  471   19     0    -190      0    190  0.59122729E+00  0.00000000E+00 0.1605E-12      6
  472   19     0    -189      0    189  0.59412318E+00  0.00000000E+00 0.1024E-11      5
  473   19     0    -188      0    188  0.59736520E+00  0.00000000E+00 0.3694E-12      6
  474   19     0    -187      0    187  0.60071411E+00  0.00000000E+00 0.1559E-12      6
  475   19     0    -186      0    186  0.60381480E+00  0.00000000E+00 0.3705E-12      6
  476   19     0    -185      0    185  0.60682954E+00  0.00000000E+00 0.2974E-12      5
  477   19     0    -184      0    184  0.61018043E+00  0.00000000E+00 0.2537E-12      5
  478   19     0    -183      0    183  0.61364932E+00  0.00000000E+00 0.2957E-13      6
  479   19     0    -182      0    182  0.61688121E+00  0.00000000E+00 0.3024E-12      5
  480   19     0    -181      0    181  0.62005424E+00  0.00000000E+00 0.8693E-12      5
  481   19     0    -180      0    180  0.62356256E+00  0.00000000E+00 0.2770E-12      6
  482   19     0    -179      0    179  0.62717539E+00  0.00000000E+00 0.3443E-12      6
  483   19     0    -178      0    178  0.63054201E+00  0.00000000E+00 0.1756E-12      6
  484   19     0    -177      0    177  0.63386539E+00  0.00000000E+00 0.1664E-12      5
  485   19     0    -176      0    176  0.63752710E+00  0.00000000E+00 0.4988E-12      6
  486   19     0    -175      0    175  0.64127306E+00  0.00000000E+00 0.2714E-12      6
  487   19     0    -174      0    174  0.64477289E+00  0.00000000E+00 0.5498E-12      6
  488   19     0    -173      0    173  0.64828773E+00  0.00000000E+00 0.1328E-14      5
  489   19     0    -172      0    172  0.65214643E+00  0.00000000E+00 0.3527E-12      6
  490   19     0    -171      0    171  0.65605284E+00  0.00000000E+00 0.1008E-12      6
  491   19     0    -170      0    170  0.65967692E+00  0.00000000E+00 0.1205E-12      6
  492   19     0    -169      0    169  0.66335275E+00  0.00000000E+00 0.6968E-12      5
  493   19     0    -168      0    168  0.66740847E+00  0.00000000E+00 0.7051E-12      6
  494   19     0    -167      0    167  0.67149426E+00  0.00000000E+00 0.2052E-12      6
  495   19     0    -166      0    166  0.67527413E+00  0.00000000E+00 0.1869E-13      5
  496   19     0    -165      0    165  0.67914746E+00  0.00000000E+00 0.1550E-12      5
  497   19     0    -164      0    164  0.68342762E+00  0.00000000E+00 0.3552E-12      6
  498   19     0    -163      0    163  0.68770355E+00  0.00000000E+00 0.1130E-12      6
  499   19     0    -162      0    162  0.69161140E+00  0.00000000E+00 0.2299E-12      5
  500   19     0    -161      0    161  0.69567033E+00  0.00000000E+00 0.1241E-12      5
  501   19     0    -160      0    160  0.70019756E+00  0.00000000E+00 0.6604E-12      5
  502   19     0    -159      0    159  0.70470113E+00  0.00000000E+00 0.1397E-12      6
  503   19     0    -158      0    158  0.70878773E+00  0.00000000E+00 0.1282E-12      6
  504   19     0    -157      0    157  0.71305430E+00  0.00000000E+00 0.5795E-12      5
  505   19     0    -156      0    156  0.71782925E+00  0.00000000E+00 0.7511E-13      6
  506   19     0    -155      0    155  0.72255714E+00  0.00000000E+00 0.2429E-12      6
  507   19     0    -154      0    154  0.72681170E+00  0.00000000E+00 0.8129E-13      6
  508   19     0    -153      0    153  0.73129899E+00  0.00000000E+00 0.9182E-13      5
  509   19     0    -152      0    152  0.73635470E+00  0.00000000E+00 0.2632E-13      6
  510   19     0    -151      0    151  0.74135920E+00  0.00000000E+00 0.3790E-12      6
  511   19     0    -150      0    150  0.74583059E+00  0.00000000E+00 0.4909E-13      6
  512   19     0    -149      0    149  0.75052968E+00  0.00000000E+00 0.3797E-12      5
  513   19     0    -148      0    148  0.75584711E+00  0.00000000E+00 0.4681E-13      6
  514   19     0    -147      0    147  0.76110374E+00  0.00000000E+00 0.1350E-13      6
  515   19     0    -146      0    146  0.76580856E+00  0.00000000E+00 0.1881E-12      6
  516   19     0    -145      0    145  0.77079491E+00  0.00000000E+00 0.1558E-13      5
  517   19     0    -144      0    144  0.77641446E+00  0.00000000E+00 0.7933E-13      5
  518   19     0    -143      0    143  0.78193270E+00  0.00000000E+00 0.1407E-12      5
  519   19     0    -142      0    142  0.78687848E+00  0.00000000E+00 0.3026E-12      5
  520   19     0    -141      0    141  0.79217776E+00  0.00000000E+00 0.3786E-12      5
  521   19     0    -140      0    140  0.79811544E+00  0.00000000E+00 0.4213E-13      6
  522   19     0    -139      0    139  0.80389125E+00  0.00000000E+00 0.1373E-12      5
  523   19     0    -138      0    138  0.80909255E+00  0.00000000E+00 0.1491E-12      5
  524   19     0    -137      0    137  0.81476468E+00  0.00000000E+00 0.8158E-13      5
  525   19     0    -136      0    136  0.82107975E+00  0.00000000E+00 0.8462E-13      6
  526   19     0    -135      0    135  0.82715549E+00  0.00000000E+00 0.1678E-12      6
  527   19     0    -134      0    134  0.83259730E+00  0.00000000E+00 0.9198E-13      5
  528   19     0    -133      0    133  0.83863408E+00  0.00000000E+00 0.5658E-12      5
  529   19     0    -132      0    132  0.84535628E+00  0.00000000E+00 0.2799E-12      6
  530   19     0    -131      0    131  0.85177935E+00  0.00000000E+00 0.9251E-13      6
  531   19     0    -130      0    130  0.85752777E+00  0.00000000E+00 0.1271E-12      5
  532   19     0    -129      0    129  0.86396011E+00  0.00000000E+00 0.2712E-12      5
  533   19     0    -128      0    128  0.87108809E+00  0.00000000E+00 0.2066E-12      6
  534   19     0    -127      0    127  0.87782805E+00  0.00000000E+00 0.1268E-12      6
  535   19     0    -126      0    126  0.88390846E+00  0.00000000E+00 0.2807E-12      5
  536   19     0    -125      0    125  0.89081987E+00  0.00000000E+00 0.2059E-12      5
  537   19     0    -124      0    124  0.89841565E+00  0.00000000E+00 0.4272E-12      6
  538   19     0    -123      0    123  0.90552489E+00  0.00000000E+00 0.2085E-12      6
  539   19     0    -122      0    122  0.91194752E+00  0.00000000E+00 0.9104E-13      5
  540   19     0    -121      0    121  0.91934183E+00  0.00000000E+00 0.2164E-12      5
  541   19     0    -120      0    120  0.92745183E+00  0.00000000E+00 0.2193E-12      6
  542   19     0    -119      0    119  0.93501002E+00  0.00000000E+00 0.1704E-13      6
  543   19     0    -118      0    118  0.94181885E+00  0.00000000E+00 0.1296E-12      6
  544   19     0    -117      0    117  0.94970587E+00  0.00000000E+00 0.1019E-12      5
  545   19     0    -116      0    116  0.95836324E+00  0.00000000E+00 0.7446E-14      6
  546   19     0    -115      0    115  0.96640443E+00  0.00000000E+00 0.4521E-12      5
  547   19     0    -114      0    114  0.97362914E+00  0.00000000E+00 0.6237E-16      5
  548   19     0    -113      0    113  0.98205438E+00  0.00000000E+00 0.4222E-13      5
  549   19     0    -112      0    112  0.99130939E+00  0.00000000E+00 0.4994E-13      6
  550   19     0    -111      0    111  0.99988229E+00  0.00000000E+00 0.3497E-12      6
  551   19     0    -110      0    110  0.10075329E+01  0.00000000E+00 0.1396E-12      6
  552   19     0    -109      0    109  0.10165062E+01  0.00000000E+00 0.2991E-12      5
  553   19     0    -108      0    108  0.10264080E+01  0.00000000E+00 0.3489E-12      6
  554   19     0    -107      0    107  0.10356211E+01  0.00000000E+00 0.1173E-12      6
  555   19     0    -106      0    106  0.10437635E+01  0.00000000E+00 0.4448E-13      6
  556   19     0    -105      0    105  0.10532849E+01  0.00000000E+00 0.4724E-12      6
  557   19     0    -104      0    104  0.10639014E+01  0.00000000E+00 0.1822E-12      6
  558   19     0    -103      0    103  0.10738956E+01  0.00000000E+00 0.1877E-12      6
  559   19     0    -102      0    102  0.10825789E+01  0.00000000E+00 0.6679E-13      5
  560   19     0    -101      0    101  0.10926290E+01  0.00000000E+00 0.1097E-12      6
  561   19     0    -100      0    100  0.11040377E+01  0.00000000E+00 0.2326E-12      6
  562   19     0     -99      0     99  0.11149604E+01  0.00000000E+00 0.9846E-13      6
  563   19     0     -98      0     98  0.11243082E+01  0.00000000E+00 0.1508E-12      6
  564   19     0     -97      0     97  0.11349263E+01  0.00000000E+00 0.2128E-12      5
  565   19     0     -96      0     96  0.11472363E+01  0.00000000E+00 0.5666E-13      6
  566   19     0     -95      0     95  0.11592240E+01  0.00000000E+00 0.1346E-12      6
  567   19     0     -94      0     94  0.11693931E+01  0.00000000E+00 0.5176E-13      6
  568   19     0     -93      0     93  0.11807068E+01  0.00000000E+00 0.1007E-12      6
  569   19     0     -92      0     92  0.11940592E+01  0.00000000E+00 0.5645E-13      6
  570   19     0     -91      0     91  0.12072398E+01  0.00000000E+00 0.1472E-12      6
  571   19     0     -90      0     90  0.12183552E+01  0.00000000E+00 0.2535E-12      5
  572   19     0     -89      0     89  0.12304535E+01  0.00000000E+00 0.1190E-12      5
  573   19     0     -88      0     88  0.12449589E+01  0.00000000E+00 0.9328E-13      6
  574   19     0     -87      0     87  0.12594815E+01  0.00000000E+00 0.1375E-13      6
  575   19     0     -86      0     86  0.12717144E+01  0.00000000E+00 0.1422E-12      5
  576   19     0     -85      0     85  0.12846624E+01  0.00000000E+00 0.1029E-14      6
  577   19     0     -84      0     84  0.13004550E+01  0.00000000E+00 0.9617E-13      6
  578   19     0     -83      0     83  0.13164967E+01  0.00000000E+00 0.1482E-12      5
  579   19     0     -82      0     82  0.13299601E+01  0.00000000E+00 0.1304E-12      5
  580   19     0     -81      0     81  0.13438436E+01  0.00000000E+00 0.5082E-13      6
  581   19     0     -80      0     80  0.13611013E+01  0.00000000E+00 0.8282E-13      5
  582   19     0     -79      0     79  0.13788073E+01  0.00000000E+00 0.6063E-13      6
  583   19     0     -78      0     78  0.13936041E+01  0.00000000E+00 0.4646E-13      5
  584   19     0     -77      0     77  0.14086535E+01  0.00000000E+00 0.1107E-12      6
  585   19     0     -76      0     76  0.14276217E+01  0.00000000E+00 0.4685E-13      6
  586   19     0     -75      0     75  0.14471893E+01  0.00000000E+00 0.2439E-12      6
  587   19     0     -74      0     74  0.14634762E+01  0.00000000E+00 0.2551E-12      6
  588   19     0     -73      0     73  0.14798341E+01  0.00000000E+00 0.3227E-13      6
  589   19     0     -72      0     72  0.15006474E+01  0.00000000E+00 0.1559E-12      5
  590   19     0     -71      0     71  0.15221562E+01  0.00000000E+00 0.5382E-13      6
  591   19     0     -70      0     70  0.15399325E+01  0.00000000E+00 0.6340E-13      6
  592   19     0     -69      0     69  0.15578459E+01  0.00000000E+00 0.1619E-12      6
  593   19     0     -68      0     68  0.15808529E+01  0.00000000E+00 0.1725E-12      5
  594   19     0     -67      0     67  0.16046886E+01  0.00000000E+00 0.2650E-13      5
  595   19     0     -66      0     66  0.16242222E+01  0.00000000E+00 0.1993E-12      6
  596   19     0     -65      0     65  0.16439187E+01  0.00000000E+00 0.4342E-13      6
  597   19     0     -64      0     64  0.16695395E+01  0.00000000E+00 0.1966E-12      5
  598   19     0     -63      0     63  0.16959877E+01  0.00000000E+00 0.8455E-13      6
  Time elapsed :      5.388 s

Mode Search
-----------

Mode parameters
   l : 20
   m : 0

Building frequency grid (REAL axis)
   added scan interval :  0.5234E+00 ->  0.2104E+01 (3000 points, INVERSE)

Building spatial grid
   Scaffold grid from model
   Split 279 subinterval(s) in iteration 1
   Split 29 subinterval(s) in iteration 2
   Split 0 subinterval(s) in iteration 3
   Final grid has 1 segment(s) and 7445 point(s):
      Segment 1 : x range 0.0000 -> 1.0012 (1 -> 7445)

Starting search (adiabatic)

Scanning frequencies
  Time elapsed :     1.704 s

Finding roots
  Time elapsed :      0.430 s

Processing modes
   id    l     m    n_pg    n_p    n_g       Re(omega)       Im(omega)        chi n_iter
  638   20     0    -200      0    200  0.59044679E+00  0.00000000E+00 0.1299E-12      6
  639   20     0    -199      0    199  0.59350241E+00  0.00000000E+00 0.3038E-12      6
  640   20     0    -198      0    198  0.59640374E+00  0.00000000E+00 0.1100E-12      6
  641   20     0    -197      0    197  0.59925848E+00  0.00000000E+00 0.2409E-13      6
  642   20     0    -196      0    196  0.60236529E+00  0.00000000E+00 0.4421E-12      6
  643   20     0    -195      0    195  0.60556444E+00  0.00000000E+00 0.1622E-12      6
  644   20     0    -194      0    194  0.60855310E+00  0.00000000E+00 0.5790E-12      6
  645   20     0    -193      0    193  0.61149473E+00  0.00000000E+00 0.8710E-13      5
  646   20     0    -192      0    192  0.61475107E+00  0.00000000E+00 0.2231E-12      6
  647   20     0    -191      0    191  0.61811191E+00  0.00000000E+00 0.1479E-12      6
  648   20     0    -190      0    190  0.62122039E+00  0.00000000E+00 0.1965E-12      6
  649   20     0    -189      0    189  0.62424711E+00  0.00000000E+00 0.1793E-12      5
  650   20     0    -188      0    188  0.62763236E+00  0.00000000E+00 0.4061E-12      5
  651   20     0    -187      0    187  0.63115465E+00  0.00000000E+00 0.2221E-12      6
  652   20     0    -186      0    186  0.63443060E+00  0.00000000E+00 0.1112E-12      6
  653   20     0    -185      0    185  0.63758332E+00  0.00000000E+00 0.3126E-12      5
  654   20     0    -184      0    184  0.64108103E+00  0.00000000E+00 0.5117E-12      5
  655   20     0    -183      0    183  0.64472914E+00  0.00000000E+00 0.2714E-12      6
  656   20     0    -182      0    182  0.64814240E+00  0.00000000E+00 0.4049E-13      6
  657   20     0    -181      0    181  0.65145990E+00  0.00000000E+00 0.1173E-12      5
  658   20     0    -180      0    180  0.65512265E+00  0.00000000E+00 0.9037E-13      6
  659   20     0    -179      0    179  0.65892264E+00  0.00000000E+00 0.3358E-12      6
  660   20     0    -178      0    178  0.66247722E+00  0.00000000E+00 0.2053E-13      6
  661   20     0    -177      0    177  0.66595050E+00  0.00000000E+00 0.1047E-11      5
  662   20     0    -176      0    176  0.66977430E+00  0.00000000E+00 0.1876E-12      6
  663   20     0    -175      0    175  0.67371604E+00  0.00000000E+00 0.4187E-13      6
  664   20     0    -174      0    174  0.67740896E+00  0.00000000E+00 0.3812E-13      6
  665   20     0    -173      0    173  0.68107923E+00  0.00000000E+00 0.1570E-12      5
  666   20     0    -172      0    172  0.68511015E+00  0.00000000E+00 0.2946E-12      6
  667   20     0    -171      0    171  0.68922289E+00  0.00000000E+00 0.4512E-12      6
  668   20     0    -170      0    170  0.69304677E+00  0.00000000E+00 0.6972E-13      6
  669   20     0    -169      0    169  0.69688103E+00  0.00000000E+00 0.1210E-12      5
  670   20     0    -168      0    168  0.70111789E+00  0.00000000E+00 0.1003E-12      5
  671   20     0    -167      0    167  0.70542197E+00  0.00000000E+00 0.8468E-14      6
  672   20     0    -166      0    166  0.70940985E+00  0.00000000E+00 0.2675E-12      6
  673   20     0    -165      0    165  0.71344611E+00  0.00000000E+00 0.1221E-11      5
  674   20     0    -164      0    164  0.71791736E+00  0.00000000E+00 0.1280E-12      6
  675   20     0    -163      0    163  0.72242523E+00  0.00000000E+00 0.3252E-12      6
  676   20     0    -162      0    162  0.72654931E+00  0.00000000E+00 0.9626E-13      6
  677   20     0    -161      0    161  0.73077265E+00  0.00000000E+00 0.2283E-12      5
  678   20     0    -160      0    160  0.73550179E+00  0.00000000E+00 0.3269E-12      6
  679   20     0    -159      0    159  0.74025256E+00  0.00000000E+00 0.1488E-12      6
  680   20     0    -158      0    158  0.74456643E+00  0.00000000E+00 0.2999E-12      5
  681   20     0    -157      0    157  0.74900144E+00  0.00000000E+00 0.1754E-12      5
  682   20     0    -156      0    156  0.75398841E+00  0.00000000E+00 0.1971E-12      5
  683   20     0    -155      0    155  0.75897845E+00  0.00000000E+00 0.3274E-13      6
  684   20     0    -154      0    154  0.76347056E+00  0.00000000E+00 0.2702E-12      6
  685   20     0    -153      0    153  0.76812938E+00  0.00000000E+00 0.1889E-12      5
  686   20     0    -152      0    152  0.77340818E+00  0.00000000E+00 0.1338E-12      6
  687   20     0    -151      0    151  0.77869082E+00  0.00000000E+00 0.2174E-13      6
  688   20     0    -150      0    150  0.78341476E+00  0.00000000E+00 0.1554E-12      5
  689   20     0    -149      0    149  0.78828973E+00  0.00000000E+00 0.3476E-12      5
  690   20     0    -148      0    148  0.79384018E+00  0.00000000E+00 0.4904E-12      5
  691   20     0    -147      0    147  0.79939089E+00  0.00000000E+00 0.9212E-13      6
  692   20     0    -146      0    146  0.80435901E+00  0.00000000E+00 0.5031E-12      6
  693   20     0    -145      0    145  0.80952938E+00  0.00000000E+00 0.1993E-12      5
  694   20     0    -144      0    144  0.81539666E+00  0.00000000E+00 0.5748E-13      6
  695   20     0    -143      0    143  0.82122667E+00  0.00000000E+00 0.1188E-12      6
  696   20     0    -142      0    142  0.82644455E+00  0.00000000E+00 0.4060E-13      5
  697   20     0    -141      0    141  0.83193650E+00  0.00000000E+00 0.6897E-13      5
  698   20     0    -140      0    140  0.83813923E+00  0.00000000E+00 0.1658E-12      6
  699   20     0    -139      0    139  0.84424674E+00  0.00000000E+00 0.9397E-13      6
  700   20     0    -138      0    138  0.84972632E+00  0.00000000E+00 0.4201E-12      5
  701   20     0    -137      0    137  0.85560041E+00  0.00000000E+00 0.8205E-13      5
  702   20     0    -136      0    136  0.86220018E+00  0.00000000E+00 0.1833E-13      6
  703   20     0    -135      0    135  0.86863174E+00  0.00000000E+00 0.1036E-12      6
  704   20     0    -134      0    134  0.87435999E+00  0.00000000E+00 0.4975E-12      5
  705   20     0    -133      0    133  0.88060307E+00  0.00000000E+00 0.6646E-13      5
  706   20     0    -132      0    132  0.88763023E+00  0.00000000E+00 0.5027E-13      6
  707   20     0    -131      0    131  0.89443634E+00  0.00000000E+00 0.2082E-12      6
  708   20     0    -130      0    130  0.90048261E+00  0.00000000E+00 0.1812E-12      5
  709   20     0    -129      0    129  0.90712789E+00  0.00000000E+00 0.1227E-12      5
  710   20     0    -128      0    128  0.91458256E+00  0.00000000E+00 0.1839E-12      6
  711   20     0    -127      0    127  0.92173432E+00  0.00000000E+00 0.8947E-14      6
  712   20     0    -126      0    126  0.92811676E+00  0.00000000E+00 0.3362E-13      5
  713   20     0    -125      0    125  0.93525163E+00  0.00000000E+00 0.9997E-13      5
  714   20     0    -124      0    124  0.94320047E+00  0.00000000E+00 0.6819E-13      6
  715   20     0    -123      0    123  0.95075569E+00  0.00000000E+00 0.1843E-12      6
  716   20     0    -122      0    122  0.95748803E+00  0.00000000E+00 0.1256E-12      5
  717   20     0    -121      0    121  0.96511163E+00  0.00000000E+00 0.1616E-12      5
  718   20     0    -120      0    120  0.97359948E+00  0.00000000E+00 0.3176E-13      5
  719   20     0    -119      0    119  0.98164175E+00  0.00000000E+00 0.4044E-13      6
  720   20     0    -118      0    118  0.98877545E+00  0.00000000E+00 0.1890E-13      5
  721   20     0    -117      0    117  0.99689235E+00  0.00000000E+00 0.6090E-13      5
  722   20     0    -116      0    116  0.10059504E+01  0.00000000E+00 0.4786E-12      5
  723   20     0    -115      0    115  0.10145182E+01  0.00000000E+00 0.3375E-12      6
  724   20     0    -114      0    114  0.10220831E+01  0.00000000E+00 0.4041E-12      5
  725   20     0    -113      0    113  0.10307353E+01  0.00000000E+00 0.6997E-13      5
  726   20     0    -112      0    112  0.10404139E+01  0.00000000E+00 0.9315E-14      6
  727   20     0    -111      0    111  0.10495615E+01  0.00000000E+00 0.3126E-12      6
  728   20     0    -110      0    110  0.10575742E+01  0.00000000E+00 0.1000E-12      6
  729   20     0    -109      0    109  0.10667664E+01  0.00000000E+00 0.1960E-13      6
  730   20     0    -108      0    108  0.10771125E+01  0.00000000E+00 0.1567E-13      6
  731   20     0    -107      0    107  0.10869502E+01  0.00000000E+00 0.3297E-13      6
  732   20     0    -106      0    106  0.10954964E+01  0.00000000E+00 0.1653E-12      6
  733   20     0    -105      0    105  0.11052211E+01  0.00000000E+00 0.1406E-12      6
  734   20     0    -104      0    104  0.11162910E+01  0.00000000E+00 0.1527E-12      6
  735   20     0    -103      0    103  0.11269582E+01  0.00000000E+00 0.1463E-12      6
  736   20     0    -102      0    102  0.11361164E+01  0.00000000E+00 0.8950E-13      5
  737   20     0    -101      0    101  0.11463392E+01  0.00000000E+00 0.4416E-13      6
  738   20     0    -100      0    100  0.11581985E+01  0.00000000E+00 0.3778E-12      5
  739   20     0     -99      0     99  0.11698418E+01  0.00000000E+00 0.1473E-12      5
  740   20     0     -98      0     98  0.11797684E+01  0.00000000E+00 0.9530E-13      5
  741   20     0     -97      0     97  0.11905292E+01  0.00000000E+00 0.1412E-12      6
  742   20     0     -96      0     96  0.12032856E+01  0.00000000E+00 0.3513E-13      6
  743   20     0     -95      0     95  0.12160465E+01  0.00000000E+00 0.8081E-13      6
  744   20     0     -94      0     94  0.12269137E+01  0.00000000E+00 0.1871E-12      5
  745   20     0     -93      0     93  0.12383490E+01  0.00000000E+00 0.2642E-12      6
  746   20     0     -92      0     92  0.12521406E+01  0.00000000E+00 0.1974E-12      6
  747   20     0     -91      0     91  0.12661438E+01  0.00000000E+00 0.1950E-13      6
  748   20     0     -90      0     90  0.12780813E+01  0.00000000E+00 0.2268E-13      6
  749   20     0     -89      0     89  0.12902816E+01  0.00000000E+00 0.1019E-12      6
  750   20     0     -88      0     88  0.13052096E+01  0.00000000E+00 0.5848E-13      5
  751   20     0     -87      0     87  0.13206000E+01  0.00000000E+00 0.3930E-14      6
  752   20     0     -86      0     86  0.13338003E+01  0.00000000E+00 0.1991E-12      6
  753   20     0     -85      0     85  0.13468405E+01  0.00000000E+00 0.6900E-13      6
  754   20     0     -84      0     84  0.13630259E+01  0.00000000E+00 0.3866E-13      5
  755   20     0     -83      0     83  0.13799818E+01  0.00000000E+00 0.3382E-13      5
  756   20     0     -82      0     82  0.13945752E+01  0.00000000E+00 0.1600E-12      6
  757   20     0     -81      0     81  0.14085323E+01  0.00000000E+00 0.1012E-12      6
  758   20     0     -80      0     80  0.14261492E+01  0.00000000E+00 0.6213E-13      5
  759   20     0     -79      0     79  0.14448319E+01  0.00000000E+00 0.7971E-13      6
  760   20     0     -78      0     78  0.14609188E+01  0.00000000E+00 0.1226E-12      6
  761   20     0     -77      0     77  0.14760160E+01  0.00000000E+00 0.6747E-13      6
  762   20     0     -76      0     76  0.14953203E+01  0.00000000E+00 0.5455E-13      5
  763   20     0     -75      0     75  0.15159236E+01  0.00000000E+00 0.2123E-13      6
  764   20     0     -74      0     74  0.15336455E+01  0.00000000E+00 0.9040E-13      6
  765   20     0     -73      0     73  0.15500106E+01  0.00000000E+00 0.4743E-14      6
  766   20     0     -72      0     72  0.15711193E+01  0.00000000E+00 0.4558E-13      5
  767   20     0     -71      0     71  0.15937285E+01  0.00000000E+00 0.3446E-13      6
  768   20     0     -70      0     70  0.16130968E+01  0.00000000E+00 0.5458E-13      6
  769   20     0     -69      0     69  0.16309460E+01  0.00000000E+00 0.1175E-12      5
  770   20     0     -68      0     68  0.16542373E+01  0.00000000E+00 0.1168E-12      5
  771   20     0     -67      0     67  0.16792804E+01  0.00000000E+00 0.1607E-13      6
  772   20     0     -66      0     66  0.17006394E+01  0.00000000E+00 0.4695E-13      6
  Time elapsed :      5.648 s

Mode Search
-----------

Mode parameters
   l : 21
   m : 0

Building frequency grid (REAL axis)
   added scan interval :  0.5234E+00 ->  0.2104E+01 (3000 points, INVERSE)

Building spatial grid
   Scaffold grid from model
   Split 281 subinterval(s) in iteration 1
   Split 30 subinterval(s) in iteration 2
   Split 0 subinterval(s) in iteration 3
   Final grid has 1 segment(s) and 7448 point(s):
      Segment 1 : x range 0.0000 -> 1.0012 (1 -> 7448)

Starting search (adiabatic)

Scanning frequencies
  Time elapsed :     1.857 s

Finding roots
  Time elapsed :      0.473 s

Processing modes
   id    l     m    n_pg    n_p    n_g       Re(omega)       Im(omega)        chi n_iter
  813   21     0    -210      0    210  0.58992554E+00  0.00000000E+00 0.1561E-12      6
  814   21     0    -209      0    209  0.59257648E+00  0.00000000E+00 0.2963E-12      6
  815   21     0    -208      0    208  0.59535270E+00  0.00000000E+00 0.2352E-12      6
  816   21     0    -207      0    207  0.59830995E+00  0.00000000E+00 0.1965E-12      6
  817   21     0    -206      0    206  0.60120275E+00  0.00000000E+00 0.1287E-12      6
  818   21     0    -205      0    205  0.60398434E+00  0.00000000E+00 0.4023E-12      6
  819   21     0    -204      0    204  0.60691613E+00  0.00000000E+00 0.1477E-12      6
  820   21     0    -203      0    203  0.60998662E+00  0.00000000E+00 0.2052E-12      6
  821   21     0    -202      0    202  0.61295349E+00  0.00000000E+00 0.5920E-12      6
  822   21     0    -201      0    201  0.61583549E+00  0.00000000E+00 0.3237E-12      6
  823   21     0    -200      0    200  0.61891653E+00  0.00000000E+00 0.2801E-12      6
  824   21     0    -199      0    199  0.62211999E+00  0.00000000E+00 0.4341E-12      6
  825   21     0    -198      0    198  0.62517278E+00  0.00000000E+00 0.4028E-12      5
  826   21     0    -197      0    197  0.62815473E+00  0.00000000E+00 0.4830E-13      5
  827   21     0    -196      0    196  0.63139341E+00  0.00000000E+00 0.7614E-12      5
  828   21     0    -195      0    195  0.63474927E+00  0.00000000E+00 0.1641E-12      6
  829   21     0    -194      0    194  0.63789711E+00  0.00000000E+00 0.4213E-12      6
  830   21     0    -193      0    193  0.64096631E+00  0.00000000E+00 0.6099E-13      6
  831   21     0    -192      0    192  0.64435834E+00  0.00000000E+00 0.1406E-12      6
  832   21     0    -191      0    191  0.64788438E+00  0.00000000E+00 0.3270E-12      6
  833   21     0    -190      0    190  0.65116188E+00  0.00000000E+00 0.4336E-13      6
  834   21     0    -189      0    189  0.65431894E+00  0.00000000E+00 0.1953E-12      5
  835   21     0    -188      0    188  0.65784242E+00  0.00000000E+00 0.1961E-12      5
  836   21     0    -187      0    187  0.66153661E+00  0.00000000E+00 0.2539E-12      6
  837   21     0    -186      0    186  0.66499110E+00  0.00000000E+00 0.3596E-13      6
  838   21     0    -185      0    185  0.66828193E+00  0.00000000E+00 0.5127E-13      6
  839   21     0    -184      0    184  0.67192109E+00  0.00000000E+00 0.3562E-12      6
  840   21     0    -183      0    183  0.67574669E+00  0.00000000E+00 0.2211E-12      6
  841   21     0    -182      0    182  0.67934465E+00  0.00000000E+00 0.6880E-12      6
  842   21     0    -181      0    181  0.68280652E+00  0.00000000E+00 0.8170E-13      5
  843   21     0    -180      0    180  0.68661817E+00  0.00000000E+00 0.3582E-12      5
  844   21     0    -179      0    179  0.69060355E+00  0.00000000E+00 0.4748E-12      6
  845   21     0    -178      0    178  0.69434960E+00  0.00000000E+00 0.3949E-12      5
  846   21     0    -177      0    177  0.69797238E+00  0.00000000E+00 0.1039E-12      6
  847   21     0    -176      0    176  0.70195250E+00  0.00000000E+00 0.4228E-12      6
  848   21     0    -175      0    175  0.70608837E+00  0.00000000E+00 0.2222E-12      5
  849   21     0    -174      0    174  0.70997812E+00  0.00000000E+00 0.2162E-12      6
  850   21     0    -173      0    173  0.71380262E+00  0.00000000E+00 0.3432E-12      5
  851   21     0    -172      0    172  0.71799972E+00  0.00000000E+00 0.3253E-12      5
  852   21     0    -171      0    171  0.72231737E+00  0.00000000E+00 0.2470E-12      6
  853   21     0    -170      0    170  0.72634540E+00  0.00000000E+00 0.4655E-14      6
  854   21     0    -169      0    169  0.73033613E+00  0.00000000E+00 0.8260E-13      5
  855   21     0    -168      0    168  0.73474746E+00  0.00000000E+00 0.1417E-12      6
  856   21     0    -167      0    167  0.73926857E+00  0.00000000E+00 0.2811E-13      6
  857   21     0    -166      0    166  0.74346954E+00  0.00000000E+00 0.2926E-12      6
  858   21     0    -165      0    165  0.74766605E+00  0.00000000E+00 0.7876E-12      5
  859   21     0    -164      0    164  0.75232103E+00  0.00000000E+00 0.2091E-12      6
  860   21     0    -163      0    163  0.75705976E+00  0.00000000E+00 0.8875E-13      6
  861   21     0    -162      0    162  0.76140639E+00  0.00000000E+00 0.1730E-12      5
  862   21     0    -161      0    161  0.76579024E+00  0.00000000E+00 0.1180E-12      5
  863   21     0    -160      0    160  0.77071302E+00  0.00000000E+00 0.3525E-13      6
  864   21     0    -159      0    159  0.77571005E+00  0.00000000E+00 0.3035E-12      6
  865   21     0    -158      0    158  0.78025867E+00  0.00000000E+00 0.1354E-12      6
  866   21     0    -157      0    157  0.78485743E+00  0.00000000E+00 0.1268E-12      5
  867   21     0    -156      0    156  0.79004718E+00  0.00000000E+00 0.1034E-12      6
  868   21     0    -155      0    155  0.79529845E+00  0.00000000E+00 0.1505E-12      6
  869   21     0    -154      0    154  0.80003686E+00  0.00000000E+00 0.2624E-12      6
  870   21     0    -153      0    153  0.80486135E+00  0.00000000E+00 0.1884E-12      5
  871   21     0    -152      0    152  0.81035289E+00  0.00000000E+00 0.1401E-12      6
  872   21     0    -151      0    151  0.81591255E+00  0.00000000E+00 0.1975E-12      6
  873   21     0    -150      0    150  0.82089918E+00  0.00000000E+00 0.5973E-13      6
  874   21     0    -149      0    149  0.82594375E+00  0.00000000E+00 0.5449E-12      5
  875   21     0    -148      0    148  0.83171556E+00  0.00000000E+00 0.4516E-12      5
  876   21     0    -147      0    147  0.83755930E+00  0.00000000E+00 0.3784E-13      6
  877   21     0    -146      0    146  0.84280189E+00  0.00000000E+00 0.7482E-14      5
  878   21     0    -145      0    145  0.84814881E+00  0.00000000E+00 0.7492E-12      5
  879   21     0    -144      0    144  0.85425140E+00  0.00000000E+00 0.2932E-13      6
  880   21     0    -143      0    143  0.86039258E+00  0.00000000E+00 0.6992E-13      6
  881   21     0    -142      0    142  0.86589473E+00  0.00000000E+00 0.3729E-12      5
  882   21     0    -141      0    141  0.87157012E+00  0.00000000E+00 0.5184E-12      5
  883   21     0    -140      0    140  0.87802484E+00  0.00000000E+00 0.1614E-12      6
  884   21     0    -139      0    139  0.88446435E+00  0.00000000E+00 0.6928E-13      6
  885   21     0    -138      0    138  0.89023543E+00  0.00000000E+00 0.2124E-12      5
  886   21     0    -137      0    137  0.89629961E+00  0.00000000E+00 0.9472E-13      5
  887   21     0    -136      0    136  0.90317013E+00  0.00000000E+00 0.4388E-13      6
  888   21     0    -135      0    135  0.90995865E+00  0.00000000E+00 0.1112E-12      6
  889   21     0    -134      0    134  0.91598896E+00  0.00000000E+00 0.1655E-13      5
  890   21     0    -133      0    133  0.92242304E+00  0.00000000E+00 0.1414E-12      5
  891   21     0    -132      0    132  0.92973968E+00  0.00000000E+00 0.8226E-13      6
  892   21     0    -131      0    131  0.93693082E+00  0.00000000E+00 0.4541E-12      5
  893   21     0    -130      0    130  0.94329338E+00  0.00000000E+00 0.1515E-12      5
  894   21     0    -129      0    129  0.95013315E+00  0.00000000E+00 0.2096E-12      5
  895   21     0    -128      0    128  0.95789719E+00  0.00000000E+00 0.8463E-13      6
  896   21     0    -127      0    127  0.96546441E+00  0.00000000E+00 0.4117E-13      6
  897   21     0    -126      0    126  0.97216964E+00  0.00000000E+00 0.1694E-12      5
  898   21     0    -125      0    125  0.97950526E+00  0.00000000E+00 0.7097E-13      5
  899   21     0    -124      0    124  0.98778823E+00  0.00000000E+00 0.2090E-13      6
  900   21     0    -123      0    123  0.99579464E+00  0.00000000E+00 0.3055E-13      6
  901   21     0    -122      0    122  0.10028613E+01  0.00000000E+00 0.5119E-12      5
  902   21     0    -121      0    121  0.10106864E+01  0.00000000E+00 0.4168E-12      5
  903   21     0    -120      0    120  0.10195302E+01  0.00000000E+00 0.8327E-13      6
  904   21     0    -119      0    119  0.10280621E+01  0.00000000E+00 0.2226E-12      6
  905   21     0    -118      0    118  0.10355514E+01  0.00000000E+00 0.2800E-12      5
  906   21     0    -117      0    117  0.10438652E+01  0.00000000E+00 0.1227E-12      6
  907   21     0    -116      0    116  0.10532974E+01  0.00000000E+00 0.1144E-12      6
  908   21     0    -115      0    115  0.10623968E+01  0.00000000E+00 0.1801E-12      6
  909   21     0    -114      0    114  0.10703410E+01  0.00000000E+00 0.4402E-13      5
  910   21     0    -113      0    113  0.10791811E+01  0.00000000E+00 0.2858E-12      5
  911   21     0    -112      0    112  0.10892510E+01  0.00000000E+00 0.1021E-12      6
  912   21     0    -111      0    111  0.10989770E+01  0.00000000E+00 0.6002E-13      6
  913   21     0    -110      0    110  0.11074022E+01  0.00000000E+00 0.9019E-13      5
  914   21     0    -109      0    109  0.11167682E+01  0.00000000E+00 0.8266E-13      5
  915   21     0    -108      0    108  0.11275193E+01  0.00000000E+00 0.1403E-12      5
  916   21     0    -107      0    107  0.11379804E+01  0.00000000E+00 0.2032E-12      5
  917   21     0    -106      0    106  0.11469952E+01  0.00000000E+00 0.3685E-12      5
  918   21     0    -105      0    105  0.11568743E+01  0.00000000E+00 0.2276E-12      5
  919   21     0    -104      0    104  0.11683479E+01  0.00000000E+00 0.3009E-13      6
  920   21     0    -103      0    103  0.11796766E+01  0.00000000E+00 0.4200E-13      6
  921   21     0    -102      0    102  0.11893918E+01  0.00000000E+00 0.3302E-12      5
  922   21     0    -101      0    101  0.11997399E+01  0.00000000E+00 0.4412E-12      6
  923   21     0    -100      0    100  0.12119856E+01  0.00000000E+00 0.8602E-13      6
  924   21     0     -99      0     99  0.12243243E+01  0.00000000E+00 0.5502E-12      6
  925   21     0     -98      0     98  0.12349294E+01  0.00000000E+00 0.4278E-13      6
  926   21     0     -97      0     97  0.12457977E+01  0.00000000E+00 0.1270E-12      6
  927   21     0     -96      0     96  0.12589182E+01  0.00000000E+00 0.1328E-12      6
  928   21     0     -95      0     95  0.12724126E+01  0.00000000E+00 0.7036E-14      5
  929   21     0     -94      0     94  0.12840882E+01  0.00000000E+00 0.1467E-12      5
  930   21     0     -93      0     93  0.12956286E+01  0.00000000E+00 0.1366E-12      6
  931   21     0     -92      0     92  0.13097555E+01  0.00000000E+00 0.1420E-13      5
  932   21     0     -91      0     91  0.13245252E+01  0.00000000E+00 0.1310E-14      6
  933   21     0     -90      0     90  0.13374008E+01  0.00000000E+00 0.1036E-13      6
  934   21     0     -89      0     89  0.13497119E+01  0.00000000E+00 0.1652E-12      6
  935   21     0     -88      0     88  0.13649353E+01  0.00000000E+00 0.1151E-12      5
  936   21     0     -87      0     87  0.13811203E+01  0.00000000E+00 0.1930E-12      6
  937   21     0     -86      0     86  0.13954018E+01  0.00000000E+00 0.1624E-12      6
  938   21     0     -85      0     85  0.14085826E+01  0.00000000E+00 0.1046E-13      6
  939   21     0     -84      0     84  0.14250049E+01  0.00000000E+00 0.4362E-12      5
  940   21     0     -83      0     83  0.14427802E+01  0.00000000E+00 0.1022E-12      6
  941   21     0     -82      0     82  0.14586107E+01  0.00000000E+00 0.3962E-13      6
  942   21     0     -81      0     81  0.14727374E+01  0.00000000E+00 0.7574E-13      6
  943   21     0     -80      0     80  0.14905248E+01  0.00000000E+00 0.2108E-12      6
  944   21     0     -79      0     79  0.15100690E+01  0.00000000E+00 0.2175E-12      6
  945   21     0     -78      0     78  0.15275499E+01  0.00000000E+00 0.5705E-13      6
  946   21     0     -77      0     77  0.15428286E+01  0.00000000E+00 0.7164E-13      6
  947   21     0     -76      0     76  0.15622430E+01  0.00000000E+00 0.9470E-13      6
  948   21     0     -75      0     75  0.15837409E+01  0.00000000E+00 0.3740E-13      6
  949   21     0     -74      0     74  0.16029965E+01  0.00000000E+00 0.1747E-12      6
  950   21     0     -73      0     73  0.16195383E+01  0.00000000E+00 0.4149E-13      6
  951   21     0     -72      0     72  0.16406775E+01  0.00000000E+00 0.4902E-13      6
  952   21     0     -71      0     71  0.16642249E+01  0.00000000E+00 0.1246E-13      6
  953   21     0     -70      0     70  0.16853046E+01  0.00000000E+00 0.7660E-13      6
  954   21     0     -69      0     69  0.17032983E+01  0.00000000E+00 0.3378E-13      6
  Time elapsed :      5.921 s

Mode Search
-----------

Mode parameters
   l : 22
   m : 0

Building frequency grid (REAL axis)
   added scan interval :  0.5234E+00 ->  0.2104E+01 (3000 points, INVERSE)

Building spatial grid
   Scaffold grid from model
   Split 283 subinterval(s) in iteration 1
   Split 32 subinterval(s) in iteration 2
   Split 0 subinterval(s) in iteration 3
   Final grid has 1 segment(s) and 7452 point(s):
      Segment 1 : x range 0.0000 -> 1.0012 (1 -> 7452)

Starting search (adiabatic)

Scanning frequencies
  Time elapsed :     1.708 s

Finding roots
  Time elapsed :      0.485 s

Processing modes
   id    l     m    n_pg    n_p    n_g       Re(omega)       Im(omega)        chi n_iter
  996   22     0    -220      0    220  0.58912404E+00  0.00000000E+00 0.8686E-12      6
  997   22     0    -219      0    219  0.59188774E+00  0.00000000E+00 0.5279E-13      5
  998   22     0    -218      0    218  0.59461411E+00  0.00000000E+00 0.5568E-13      6
  999   22     0    -217      0    217  0.59721140E+00  0.00000000E+00 0.5849E-12      6
 1000   22     0    -216      0    216  0.59992799E+00  0.00000000E+00 0.7059E-13      6
 1001   22     0    -215      0    215  0.60281757E+00  0.00000000E+00 0.3171E-12      5
 1002   22     0    -214      0    214  0.60563362E+00  0.00000000E+00 0.6018E-13      6
 1003   22     0    -213      0    213  0.60827951E+00  0.00000000E+00 0.6019E-12      6
 1004   22     0    -212      0    212  0.61108236E+00  0.00000000E+00 0.4309E-12      5
 1005   22     0    -211      0    211  0.61410002E+00  0.00000000E+00 0.5472E-12      6
 1006   22     0    -210      0    210  0.61705921E+00  0.00000000E+00 0.9207E-14      5
 1007   22     0    -209      0    209  0.61983401E+00  0.00000000E+00 0.1868E-12      6
 1008   22     0    -208      0    208  0.62272108E+00  0.00000000E+00 0.3315E-12      6
 1009   22     0    -207      0    207  0.62580852E+00  0.00000000E+00 0.1964E-12      6
 1010   22     0    -206      0    206  0.62884346E+00  0.00000000E+00 0.7132E-12      6
 1011   22     0    -205      0    205  0.63175138E+00  0.00000000E+00 0.1167E-14      6
 1012   22     0    -204      0    204  0.63480179E+00  0.00000000E+00 0.2827E-12      6
 1013   22     0    -203      0    203  0.63801013E+00  0.00000000E+00 0.5526E-12      6
 1014   22     0    -202      0    202  0.64112373E+00  0.00000000E+00 0.3562E-12      6
 1015   22     0    -201      0    201  0.64413260E+00  0.00000000E+00 0.1390E-12      6
 1016   22     0    -200      0    200  0.64733742E+00  0.00000000E+00 0.5521E-12      6
 1017   22     0    -199      0    199  0.65068722E+00  0.00000000E+00 0.6122E-12      5
 1018   22     0    -198      0    198  0.65389335E+00  0.00000000E+00 0.3940E-14      6
 1019   22     0    -197      0    197  0.65700260E+00  0.00000000E+00 0.7924E-13      5
 1020   22     0    -196      0    196  0.66036935E+00  0.00000000E+00 0.1961E-12      6
 1021   22     0    -195      0    195  0.66388042E+00  0.00000000E+00 0.5353E-13      6
 1022   22     0    -194      0    194  0.66719009E+00  0.00000000E+00 0.4724E-12      6
 1023   22     0    -193      0    193  0.67038684E+00  0.00000000E+00 0.3608E-12      6
 1024   22     0    -192      0    192  0.67390991E+00  0.00000000E+00 0.3375E-12      6
 1025   22     0    -191      0    191  0.67759944E+00  0.00000000E+00 0.8409E-13      6
 1026   22     0    -190      0    190  0.68104921E+00  0.00000000E+00 0.1257E-12      6
 1027   22     0    -189      0    189  0.68433701E+00  0.00000000E+00 0.1833E-12      5
 1028   22     0    -188      0    188  0.68799323E+00  0.00000000E+00 0.2762E-12      6
 1029   22     0    -187      0    187  0.69185721E+00  0.00000000E+00 0.2571E-12      6
 1030   22     0    -186      0    186  0.69549351E+00  0.00000000E+00 0.2534E-12      6
 1031   22     0    -185      0    185  0.69892357E+00  0.00000000E+00 0.7020E-13      6
 1032   22     0    -184      0    184  0.70269837E+00  0.00000000E+00 0.1346E-12      6
 1033   22     0    -183      0    183  0.70669901E+00  0.00000000E+00 0.4405E-12      6
 1034   22     0    -182      0    182  0.71048494E+00  0.00000000E+00 0.1467E-12      6
 1035   22     0    -181      0    181  0.71409213E+00  0.00000000E+00 0.5430E-12      5
 1036   22     0    -180      0    180  0.71804671E+00  0.00000000E+00 0.1143E-12      6
 1037   22     0    -179      0    179  0.72221495E+00  0.00000000E+00 0.1954E-12      5
 1038   22     0    -178      0    178  0.72615597E+00  0.00000000E+00 0.1501E-12      6
 1039   22     0    -177      0    177  0.72992895E+00  0.00000000E+00 0.2850E-12      6
 1040   22     0    -176      0    176  0.73405906E+00  0.00000000E+00 0.2869E-12      6
 1041   22     0    -175      0    175  0.73838664E+00  0.00000000E+00 0.1148E-12      6
 1042   22     0    -174      0    174  0.74247701E+00  0.00000000E+00 0.5270E-13      5
 1043   22     0    -173      0    173  0.74645562E+00  0.00000000E+00 0.3603E-13      5
 1044   22     0    -172      0    172  0.75081230E+00  0.00000000E+00 0.4393E-12      6
 1045   22     0    -171      0    171  0.75533253E+00  0.00000000E+00 0.2079E-14      6
 1046   22     0    -170      0    170  0.75956927E+00  0.00000000E+00 0.2393E-12      6
 1047   22     0    -169      0    169  0.76371568E+00  0.00000000E+00 0.3560E-12      5
 1048   22     0    -168      0    168  0.76829407E+00  0.00000000E+00 0.2475E-12      6
 1049   22     0    -167      0    167  0.77302996E+00  0.00000000E+00 0.1319E-12      6
 1050   22     0    -166      0    166  0.77744943E+00  0.00000000E+00 0.3032E-12      6
 1051   22     0    -165      0    165  0.78180481E+00  0.00000000E+00 0.5978E-12      5
 1052   22     0    -164      0    164  0.78663527E+00  0.00000000E+00 0.1901E-12      5
 1053   22     0    -163      0    163  0.79160265E+00  0.00000000E+00 0.1576E-12      6
 1054   22     0    -162      0    162  0.79617865E+00  0.00000000E+00 0.3366E-12      6
 1055   22     0    -161      0    161  0.80072058E+00  0.00000000E+00 0.2982E-12      5
 1056   22     0    -160      0    160  0.80582757E+00  0.00000000E+00 0.1763E-12      6
 1057   22     0    -159      0    159  0.81106866E+00  0.00000000E+00 0.1517E-12      5
 1058   22     0    -158      0    158  0.81586017E+00  0.00000000E+00 0.1176E-12      6
 1059   22     0    -157      0    157  0.82061968E+00  0.00000000E+00 0.2174E-12      5
 1060   22     0    -156      0    156  0.82600157E+00  0.00000000E+00 0.6844E-14      6
 1061   22     0    -155      0    155  0.83151171E+00  0.00000000E+00 0.7182E-13      6
 1062   22     0    -154      0    154  0.83650603E+00  0.00000000E+00 0.1624E-12      6
 1063   22     0    -153      0    153  0.84149222E+00  0.00000000E+00 0.2552E-12      5
 1064   22     0    -152      0    152  0.84718453E+00  0.00000000E+00 0.1121E-12      6
 1065   22     0    -151      0    151  0.85301847E+00  0.00000000E+00 0.2170E-12      6
 1066   22     0    -150      0    150  0.85827884E+00  0.00000000E+00 0.5004E-13      6
 1067   22     0    -149      0    149  0.86348902E+00  0.00000000E+00 0.1232E-12      5
 1068   22     0    -148      0    148  0.86946867E+00  0.00000000E+00 0.5937E-13      5
 1069   22     0    -147      0    147  0.87560254E+00  0.00000000E+00 0.1014E-13      6
 1070   22     0    -146      0    146  0.88113190E+00  0.00000000E+00 0.1013E-12      6
 1071   22     0    -145      0    145  0.88665034E+00  0.00000000E+00 0.2662E-12      5
 1072   22     0    -144      0    144  0.89297369E+00  0.00000000E+00 0.1401E-12      6
 1073   22     0    -143      0    143  0.89942342E+00  0.00000000E+00 0.4454E-12      5
 1074   22     0    -142      0    142  0.90522359E+00  0.00000000E+00 0.3718E-12      5
 1075   22     0    -141      0    141  0.91107562E+00  0.00000000E+00 0.1189E-13      5
 1076   22     0    -140      0    140  0.91776684E+00  0.00000000E+00 0.9445E-13      6
 1077   22     0    -139      0    139  0.92453633E+00  0.00000000E+00 0.7224E-13      6
 1078   22     0    -138      0    138  0.93061440E+00  0.00000000E+00 0.3769E-12      5
 1079   22     0    -137      0    137  0.93685908E+00  0.00000000E+00 0.3041E-12      5
 1080   22     0    -136      0    136  0.94398362E+00  0.00000000E+00 0.1080E-13      6
 1081   22     0    -135      0    135  0.95112751E+00  0.00000000E+00 0.2820E-12      6
 1082   22     0    -134      0    134  0.95747862E+00  0.00000000E+00 0.1196E-12      5
 1083   22     0    -133      0    133  0.96409078E+00  0.00000000E+00 0.4087E-12      5
 1084   22     0    -132      0    132  0.97167802E+00  0.00000000E+00 0.2181E-13      6
 1085   22     0    -131      0    131  0.97925296E+00  0.00000000E+00 0.2245E-13      6
 1086   22     0    -130      0    130  0.98595430E+00  0.00000000E+00 0.7826E-13      5
 1087   22     0    -129      0    129  0.99297268E+00  0.00000000E+00 0.2308E-12      5
 1088   22     0    -128      0    128  0.10010247E+01  0.00000000E+00 0.6243E-14      6
 1089   22     0    -127      0    127  0.10090071E+01  0.00000000E+00 0.6213E-13      6
 1090   22     0    -126      0    126  0.10160615E+01  0.00000000E+00 0.3932E-12      5
 1091   22     0    -125      0    125  0.10235775E+01  0.00000000E+00 0.4356E-12      5
 1092   22     0    -124      0    124  0.10321709E+01  0.00000000E+00 0.7703E-13      6
 1093   22     0    -123      0    123  0.10406288E+01  0.00000000E+00 0.2814E-12      6
 1094   22     0    -122      0    122  0.10480617E+01  0.00000000E+00 0.4068E-12      6
 1095   22     0    -121      0    121  0.10560631E+01  0.00000000E+00 0.3311E-12      6
 1096   22     0    -120      0    120  0.10652352E+01  0.00000000E+00 0.2186E-12      6
 1097   22     0    -119      0    119  0.10742559E+01  0.00000000E+00 0.2078E-13      6
 1098   22     0    -118      0    118  0.10821404E+01  0.00000000E+00 0.1207E-12      5
 1099   22     0    -117      0    117  0.10906217E+01  0.00000000E+00 0.2608E-12      6
 1100   22     0    -116      0    116  0.11003945E+01  0.00000000E+00 0.2056E-12      6
 1101   22     0    -115      0    115  0.11100225E+01  0.00000000E+00 0.1444E-13      6
 1102   22     0    -114      0    114  0.11183955E+01  0.00000000E+00 0.1871E-12      5
 1103   22     0    -113      0    113  0.11273895E+01  0.00000000E+00 0.7896E-14      6
 1104   22     0    -112      0    112  0.11378104E+01  0.00000000E+00 0.2335E-13      6
 1105   22     0    -111      0    111  0.11481080E+01  0.00000000E+00 0.1440E-13      6
 1106   22     0    -110      0    110  0.11570084E+01  0.00000000E+00 0.2910E-12      6
 1107   22     0    -109      0    109  0.11665108E+01  0.00000000E+00 0.2595E-12      5
 1108   22     0    -108      0    108  0.11776176E+01  0.00000000E+00 0.1998E-13      6
 1109   22     0    -107      0    107  0.11886881E+01  0.00000000E+00 0.2731E-13      6
 1110   22     0    -106      0    106  0.11982472E+01  0.00000000E+00 0.2009E-12      6
 1111   22     0    -105      0    105  0.12082454E+01  0.00000000E+00 0.1552E-13      6
 1112   22     0    -104      0    104  0.12200610E+01  0.00000000E+00 0.1762E-12      6
 1113   22     0    -103      0    103  0.12320244E+01  0.00000000E+00 0.1887E-12      6
 1114   22     0    -102      0    102  0.12423845E+01  0.00000000E+00 0.3119E-12      6
 1115   22     0    -101      0    101  0.12528353E+01  0.00000000E+00 0.2235E-12      6
 1116   22     0    -100      0    100  0.12653883E+01  0.00000000E+00 0.4763E-13      5
 1117   22     0     -99      0     99  0.12783811E+01  0.00000000E+00 0.9405E-13      6
 1118   22     0     -98      0     98  0.12897591E+01  0.00000000E+00 0.9603E-15      5
 1119   22     0     -97      0     97  0.13007408E+01  0.00000000E+00 0.4621E-13      6
 1120   22     0     -96      0     96  0.13141251E+01  0.00000000E+00 0.4829E-13      5
 1121   22     0     -95      0     95  0.13282955E+01  0.00000000E+00 0.5732E-13      6
 1122   22     0     -94      0     94  0.13408715E+01  0.00000000E+00 0.1138E-12      6
 1123   22     0     -93      0     93  0.13525581E+01  0.00000000E+00 0.1399E-12      6
 1124   22     0     -92      0     92  0.13668959E+01  0.00000000E+00 0.4419E-12      5
 1125   22     0     -91      0     91  0.13823568E+01  0.00000000E+00 0.6631E-13      6
 1126   22     0     -90      0     90  0.13962536E+01  0.00000000E+00 0.4926E-13      6
 1127   22     0     -89      0     89  0.14087604E+01  0.00000000E+00 0.9874E-13      6
 1128   22     0     -88      0     88  0.14241303E+01  0.00000000E+00 0.6653E-13      5
 1129   22     0     -87      0     87  0.14410163E+01  0.00000000E+00 0.5675E-13      6
 1130   22     0     -86      0     86  0.14564429E+01  0.00000000E+00 0.2149E-12      6
 1131   22     0     -85      0     85  0.14699067E+01  0.00000000E+00 0.9743E-13      6
 1132   22     0     -84      0     84  0.14863890E+01  0.00000000E+00 0.2020E-12      6
 1133   22     0     -83      0     83  0.15048671E+01  0.00000000E+00 0.8300E-13      6
 1134   22     0     -82      0     82  0.15219740E+01  0.00000000E+00 0.1177E-12      6
 1135   22     0     -81      0     81  0.15364789E+01  0.00000000E+00 0.2454E-12      6
 1136   22     0     -80      0     80  0.15542293E+01  0.00000000E+00 0.8898E-13      6
 1137   22     0     -79      0     79  0.15744946E+01  0.00000000E+00 0.2150E-12      5
 1138   22     0     -78      0     78  0.15933882E+01  0.00000000E+00 0.3874E-13      6
 1139   22     0     -77      0     77  0.16091111E+01  0.00000000E+00 0.1530E-12      6
 1140   22     0     -76      0     76  0.16283888E+01  0.00000000E+00 0.1088E-12      5
 1141   22     0     -75      0     75  0.16506118E+01  0.00000000E+00 0.1256E-12      6
 1142   22     0     -74      0     74  0.16713996E+01  0.00000000E+00 0.1313E-12      5
 1143   22     0     -73      0     73  0.16884408E+01  0.00000000E+00 0.5563E-14      6
 1144   22     0     -72      0     72  0.17093257E+01  0.00000000E+00 0.1821E-12      6
  Time elapsed :      6.213 s

Mode Search
-----------

Mode parameters
   l : 23
   m : 0

Building frequency grid (REAL axis)
   added scan interval :  0.5234E+00 ->  0.2104E+01 (3000 points, INVERSE)

Building spatial grid
   Scaffold grid from model
   Split 286 subinterval(s) in iteration 1
   Split 73 subinterval(s) in iteration 2
   Split 0 subinterval(s) in iteration 3
   Final grid has 1 segment(s) and 7496 point(s):
      Segment 1 : x range 0.0000 -> 1.0012 (1 -> 7496)

Starting search (adiabatic)

Scanning frequencies
  Time elapsed :     1.808 s

Finding roots
  Time elapsed :      0.508 s

Processing modes
   id    l     m    n_pg    n_p    n_g       Re(omega)       Im(omega)        chi n_iter
 1189   23     0    -229      0    229  0.59116776E+00  0.00000000E+00 0.2925E-12      6
 1190   23     0    -228      0    228  0.59365616E+00  0.00000000E+00 0.1047E-12      6
 1191   23     0    -227      0    227  0.59633176E+00  0.00000000E+00 0.8076E-13      6
 1192   23     0    -226      0    226  0.59901808E+00  0.00000000E+00 0.1592E-12      6
 1193   23     0    -225      0    225  0.60156342E+00  0.00000000E+00 0.4098E-12      6
 1194   23     0    -224      0    224  0.60415259E+00  0.00000000E+00 0.2944E-12      6
 1195   23     0    -223      0    223  0.60692414E+00  0.00000000E+00 0.7316E-13      6
 1196   23     0    -222      0    222  0.60969176E+00  0.00000000E+00 0.1760E-12      6
 1197   23     0    -221      0    221  0.61231675E+00  0.00000000E+00 0.1016E-12      6
 1198   23     0    -220      0    220  0.61501065E+00  0.00000000E+00 0.1023E-12      6
 1199   23     0    -219      0    219  0.61788875E+00  0.00000000E+00 0.5233E-12      6
 1200   23     0    -218      0    218  0.62074274E+00  0.00000000E+00 0.4192E-12      6
 1201   23     0    -217      0    217  0.62345605E+00  0.00000000E+00 0.1231E-13      6
 1202   23     0    -216      0    216  0.62627625E+00  0.00000000E+00 0.4173E-12      5
 1203   23     0    -215      0    215  0.62928588E+00  0.00000000E+00 0.2279E-12      6
 1204   23     0    -214      0    214  0.63223602E+00  0.00000000E+00 0.4619E-13      6
 1205   23     0    -213      0    213  0.63500039E+00  0.00000000E+00 0.1833E-12      6
 1206   23     0    -212      0    212  0.63790736E+00  0.00000000E+00 0.2615E-12      6
 1207   23     0    -211      0    211  0.64104973E+00  0.00000000E+00 0.2895E-12      6
 1208   23     0    -210      0    210  0.64414922E+00  0.00000000E+00 0.2591E-13      6
 1209   23     0    -209      0    209  0.64704969E+00  0.00000000E+00 0.4696E-13      5
 1210   23     0    -208      0    208  0.65004514E+00  0.00000000E+00 0.7109E-12      5
 1211   23     0    -207      0    207  0.65326041E+00  0.00000000E+00 0.2120E-12      6
 1212   23     0    -206      0    206  0.65643829E+00  0.00000000E+00 0.5386E-13      6
 1213   23     0    -205      0    205  0.65947381E+00  0.00000000E+00 0.1922E-12      6
 1214   23     0    -204      0    204  0.66264020E+00  0.00000000E+00 0.1386E-12      5
 1215   23     0    -203      0    203  0.66598433E+00  0.00000000E+00 0.2826E-12      6
 1216   23     0    -202      0    202  0.66924590E+00  0.00000000E+00 0.1766E-12      6
 1217   23     0    -201      0    201  0.67238255E+00  0.00000000E+00 0.2682E-12      6
 1218   23     0    -200      0    200  0.67570788E+00  0.00000000E+00 0.2900E-12      5
 1219   23     0    -199      0    199  0.67920208E+00  0.00000000E+00 0.1060E-12      6
 1220   23     0    -198      0    198  0.68256342E+00  0.00000000E+00 0.2401E-12      5
 1221   23     0    -197      0    197  0.68580067E+00  0.00000000E+00 0.2624E-12      6
 1222   23     0    -196      0    196  0.68929141E+00  0.00000000E+00 0.7362E-13      6
 1223   23     0    -195      0    195  0.69295568E+00  0.00000000E+00 0.1821E-12      6
 1224   23     0    -194      0    194  0.69642980E+00  0.00000000E+00 0.1687E-12      6
 1225   23     0    -193      0    193  0.69975488E+00  0.00000000E+00 0.1625E-12      6
 1226   23     0    -192      0    192  0.70340393E+00  0.00000000E+00 0.3874E-12      6
 1227   23     0    -191      0    191  0.70725464E+00  0.00000000E+00 0.4013E-13      6
 1228   23     0    -190      0    190  0.71087988E+00  0.00000000E+00 0.5663E-13      6
 1229   23     0    -189      0    189  0.71429984E+00  0.00000000E+00 0.1713E-12      5
 1230   23     0    -188      0    188  0.71808286E+00  0.00000000E+00 0.2653E-12      6
 1231   23     0    -187      0    187  0.72211383E+00  0.00000000E+00 0.1924E-12      6
 1232   23     0    -186      0    186  0.72593504E+00  0.00000000E+00 0.1320E-12      6
 1233   23     0    -185      0    185  0.72950660E+00  0.00000000E+00 0.4500E-13      5
 1234   23     0    -184      0    184  0.73341085E+00  0.00000000E+00 0.1139E-12      6
 1235   23     0    -183      0    183  0.73758328E+00  0.00000000E+00 0.3978E-13      6
 1236   23     0    -182      0    182  0.74156032E+00  0.00000000E+00 0.3773E-12      6
 1237   23     0    -181      0    181  0.74531496E+00  0.00000000E+00 0.5993E-12      5
 1238   23     0    -180      0    180  0.74940609E+00  0.00000000E+00 0.1697E-12      5
 1239   23     0    -179      0    179  0.75375382E+00  0.00000000E+00 0.4642E-12      6
 1240   23     0    -178      0    178  0.75789316E+00  0.00000000E+00 0.1620E-12      6
 1241   23     0    -177      0    177  0.76181825E+00  0.00000000E+00 0.3710E-12      6
 1242   23     0    -176      0    176  0.76609161E+00  0.00000000E+00 0.6089E-13      6
 1243   23     0    -175      0    175  0.77060751E+00  0.00000000E+00 0.2574E-12      6
 1244   23     0    -174      0    174  0.77490231E+00  0.00000000E+00 0.9319E-13      6
 1245   23     0    -173      0    173  0.77903617E+00  0.00000000E+00 0.2069E-12      5
 1246   23     0    -172      0    172  0.78354521E+00  0.00000000E+00 0.3217E-12      6
 1247   23     0    -171      0    171  0.78826474E+00  0.00000000E+00 0.4842E-12      6
 1248   23     0    -170      0    170  0.79271479E+00  0.00000000E+00 0.2706E-12      6
 1249   23     0    -169      0    169  0.79701754E+00  0.00000000E+00 0.7787E-12      5
 1250   23     0    -168      0    168  0.80175483E+00  0.00000000E+00 0.2515E-12      5
 1251   23     0    -167      0    167  0.80670215E+00  0.00000000E+00 0.5045E-12      5
 1252   23     0    -166      0    166  0.81134567E+00  0.00000000E+00 0.2793E-12      6
 1253   23     0    -165      0    165  0.81586017E+00  0.00000000E+00 0.2312E-12      5
 1254   23     0    -164      0    164  0.82085695E+00  0.00000000E+00 0.2213E-12      6
 1255   23     0    -163      0    163  0.82604949E+00  0.00000000E+00 0.5388E-13      6
 1256   23     0    -162      0    162  0.83086193E+00  0.00000000E+00 0.1298E-12      6
 1257   23     0    -161      0    161  0.83556146E+00  0.00000000E+00 0.5300E-12      5
 1258   23     0    -160      0    160  0.84084203E+00  0.00000000E+00 0.2077E-12      6
 1259   23     0    -159      0    159  0.84632354E+00  0.00000000E+00 0.2713E-12      6
 1260   23     0    -158      0    158  0.85136640E+00  0.00000000E+00 0.1031E-12      6
 1261   23     0    -157      0    157  0.85628594E+00  0.00000000E+00 0.7653E-13      5
 1262   23     0    -156      0    156  0.86184793E+00  0.00000000E+00 0.9779E-13      6
 1263   23     0    -155      0    155  0.86761291E+00  0.00000000E+00 0.1401E-12      6
 1264   23     0    -154      0    154  0.87287314E+00  0.00000000E+00 0.1845E-12      6
 1265   23     0    -153      0    153  0.87801970E+00  0.00000000E+00 0.1492E-12      6
 1266   23     0    -152      0    152  0.88389914E+00  0.00000000E+00 0.7183E-13      6
 1267   23     0    -151      0    151  0.89000278E+00  0.00000000E+00 0.3772E-12      6
 1268   23     0    -150      0    150  0.89554825E+00  0.00000000E+00 0.1818E-12      5
 1269   23     0    -149      0    149  0.90092326E+00  0.00000000E+00 0.1398E-12      5
 1270   23     0    -148      0    148  0.90709527E+00  0.00000000E+00 0.3307E-12      6
 1271   23     0    -147      0    147  0.91351428E+00  0.00000000E+00 0.1414E-13      6
 1272   23     0    -146      0    146  0.91934323E+00  0.00000000E+00 0.9062E-13      6
 1273   23     0    -145      0    145  0.92503162E+00  0.00000000E+00 0.1576E-13      6
 1274   23     0    -144      0    144  0.93155900E+00  0.00000000E+00 0.1246E-12      6
 1275   23     0    -143      0    143  0.93831227E+00  0.00000000E+00 0.1317E-12      6
 1276   23     0    -142      0    142  0.94442508E+00  0.00000000E+00 0.6153E-13      6
 1277   23     0    -141      0    141  0.95045055E+00  0.00000000E+00 0.1101E-12      6
 1278   23     0    -140      0    140  0.95736025E+00  0.00000000E+00 0.6521E-13      6
 1279   23     0    -139      0    139  0.96445501E+00  0.00000000E+00 0.7730E-13      6
 1280   23     0    -138      0    138  0.97085704E+00  0.00000000E+00 0.9597E-13      5
 1281   23     0    -137      0    137  0.97727628E+00  0.00000000E+00 0.3349E-13      5
 1282   23     0    -136      0    136  0.98463514E+00  0.00000000E+00 0.4715E-12      5
 1283   23     0    -135      0    135  0.99212963E+00  0.00000000E+00 0.2603E-12      6
 1284   23     0    -134      0    134  0.99882252E+00  0.00000000E+00 0.1729E-12      6
 1285   23     0    -133      0    133  0.10056039E+01  0.00000000E+00 0.1630E-12      6
 1286   23     0    -132      0    132  0.10134392E+01  0.00000000E+00 0.2335E-12      6
 1287   23     0    -131      0    131  0.10213929E+01  0.00000000E+00 0.2139E-12      6
 1288   23     0    -130      0    130  0.10284585E+01  0.00000000E+00 0.3003E-12      6
 1289   23     0    -129      0    129  0.10356443E+01  0.00000000E+00 0.2734E-12      6
 1290   23     0    -128      0    128  0.10439586E+01  0.00000000E+00 0.4314E-12      6
 1291   23     0    -127      0    127  0.10523512E+01  0.00000000E+00 0.2467E-12      6
 1292   23     0    -126      0    126  0.10597852E+01  0.00000000E+00 0.4191E-13      6
 1293   23     0    -125      0    125  0.10674664E+01  0.00000000E+00 0.3543E-13      6
 1294   23     0    -124      0    124  0.10763414E+01  0.00000000E+00 0.2511E-12      6
 1295   23     0    -123      0    123  0.10852452E+01  0.00000000E+00 0.3393E-12      6
 1296   23     0    -122      0    122  0.10930817E+01  0.00000000E+00 0.2668E-12      6
 1297   23     0    -121      0    121  0.11012400E+01  0.00000000E+00 0.1865E-12      6
 1298   23     0    -120      0    120  0.11107067E+01  0.00000000E+00 0.2608E-12      5
 1299   23     0    -119      0    119  0.11202080E+01  0.00000000E+00 0.1389E-12      6
 1300   23     0    -118      0    118  0.11285335E+01  0.00000000E+00 0.5589E-13      6
 1301   23     0    -117      0    117  0.11371610E+01  0.00000000E+00 0.9058E-13      6
 1302   23     0    -116      0    116  0.11472335E+01  0.00000000E+00 0.2254E-12      6
 1303   23     0    -115      0    115  0.11573777E+01  0.00000000E+00 0.4054E-13      6
 1304   23     0    -114      0    114  0.11662356E+01  0.00000000E+00 0.3077E-12      6
 1305   23     0    -113      0    113  0.11753612E+01  0.00000000E+00 0.3680E-12      6
 1306   23     0    -112      0    112  0.11860835E+01  0.00000000E+00 0.1911E-12      6
 1307   23     0    -111      0    111  0.11969345E+01  0.00000000E+00 0.3749E-12      6
 1308   23     0    -110      0    110  0.12063784E+01  0.00000000E+00 0.6313E-13      6
 1309   23     0    -109      0    109  0.12159966E+01  0.00000000E+00 0.8074E-13      6
 1310   23     0    -108      0    108  0.12273988E+01  0.00000000E+00 0.1665E-12      6
 1311   23     0    -107      0    107  0.12390513E+01  0.00000000E+00 0.5162E-13      6
 1312   23     0    -106      0    106  0.12492319E+01  0.00000000E+00 0.1057E-12      6
 1313   23     0    -105      0    105  0.12593391E+01  0.00000000E+00 0.1171E-13      5
 1314   23     0    -104      0    104  0.12714217E+01  0.00000000E+00 0.1708E-12      6
 1315   23     0    -103      0    103  0.12839785E+01  0.00000000E+00 0.1064E-12      6
 1316   23     0    -102      0    102  0.12950632E+01  0.00000000E+00 0.1358E-13      6
 1317   23     0    -101      0    101  0.13056338E+01  0.00000000E+00 0.5739E-13      6
 1318   23     0    -100      0    100  0.13183999E+01  0.00000000E+00 0.3669E-12      5
 1319   23     0     -99      0     99  0.13319899E+01  0.00000000E+00 0.5213E-12      6
 1320   23     0     -98      0     98  0.13442129E+01  0.00000000E+00 0.7341E-13      6
 1321   23     0     -97      0     97  0.13553711E+01  0.00000000E+00 0.6728E-13      6
 1322   23     0     -96      0     96  0.13689024E+01  0.00000000E+00 0.1811E-14      6
 1323   23     0     -95      0     95  0.13836740E+01  0.00000000E+00 0.3088E-12      5
 1324   23     0     -94      0     94  0.13972050E+01  0.00000000E+00 0.1651E-12      6
 1325   23     0     -93      0     93  0.14091511E+01  0.00000000E+00 0.3895E-13      6
 1326   23     0     -92      0     92  0.14235603E+01  0.00000000E+00 0.4917E-13      6
 1327   23     0     -91      0     91  0.14396182E+01  0.00000000E+00 0.1110E-12      6
 1328   23     0     -90      0     90  0.14545677E+01  0.00000000E+00 0.2277E-13      6
 1329   23     0     -89      0     89  0.14674400E+01  0.00000000E+00 0.1587E-12      6
 1330   23     0     -88      0     88  0.14827973E+01  0.00000000E+00 0.9410E-13      5
 1331   23     0     -87      0     87  0.15002695E+01  0.00000000E+00 0.2196E-12      6
 1332   23     0     -86      0     86  0.15168397E+01  0.00000000E+00 0.1409E-12      6
 1333   23     0     -85      0     85  0.15308199E+01  0.00000000E+00 0.5904E-14      6
 1334   23     0     -84      0     84  0.15471860E+01  0.00000000E+00 0.4471E-13      6
 1335   23     0     -83      0     83  0.15662265E+01  0.00000000E+00 0.1313E-12      5
 1336   23     0     -82      0     82  0.15845718E+01  0.00000000E+00 0.9782E-13      6
 1337   23     0     -81      0     81  0.15997579E+01  0.00000000E+00 0.2995E-13      5
 1338   23     0     -80      0     80  0.16172774E+01  0.00000000E+00 0.8674E-13      6
 1339   23     0     -79      0     79  0.16380933E+01  0.00000000E+00 0.3809E-13      6
 1340   23     0     -78      0     78  0.16583269E+01  0.00000000E+00 0.9900E-13      6
 1341   23     0     -77      0     77  0.16748556E+01  0.00000000E+00 0.4030E-14      6
 1342   23     0     -76      0     76  0.16937726E+01  0.00000000E+00 0.1733E-12      6
  Time elapsed :      6.457 s

Mode Search
-----------

Mode parameters
   l : 24
   m : 0

Building frequency grid (REAL axis)
   added scan interval :  0.5234E+00 ->  0.2104E+01 (3000 points, INVERSE)

Building spatial grid
   Scaffold grid from model
   Split 287 subinterval(s) in iteration 1
   Split 100 subinterval(s) in iteration 2
   Split 0 subinterval(s) in iteration 3
   Final grid has 1 segment(s) and 7524 point(s):
      Segment 1 : x range 0.0000 -> 1.0012 (1 -> 7524)

Starting search (adiabatic)

Scanning frequencies
  Time elapsed :     1.824 s

Finding roots
  Time elapsed :      0.560 s

Processing modes
   id    l     m    n_pg    n_p    n_g       Re(omega)       Im(omega)        chi n_iter
 1389   24     0    -239      0    239  0.59050297E+00  0.00000000E+00 0.3906E-12      6
 1390   24     0    -238      0    238  0.59304247E+00  0.00000000E+00 0.2603E-12      6
 1391   24     0    -237      0    237  0.59550224E+00  0.00000000E+00 0.1160E-12      6
 1392   24     0    -236      0    236  0.59793105E+00  0.00000000E+00 0.1954E-13      6
 1393   24     0    -235      0    235  0.60048256E+00  0.00000000E+00 0.1761E-12      6
 1394   24     0    -234      0    234  0.60307265E+00  0.00000000E+00 0.4246E-12      6
 1395   24     0    -233      0    233  0.60556713E+00  0.00000000E+00 0.2667E-12      6
 1396   24     0    -232      0    232  0.60809278E+00  0.00000000E+00 0.1576E-12      6
 1397   24     0    -231      0    231  0.61078252E+00  0.00000000E+00 0.1304E-12      6
 1398   24     0    -230      0    230  0.61348860E+00  0.00000000E+00 0.8569E-13      6
 1399   24     0    -229      0    229  0.61604802E+00  0.00000000E+00 0.6663E-12      6
 1400   24     0    -228      0    228  0.61862922E+00  0.00000000E+00 0.2140E-12      6
 1401   24     0    -227      0    227  0.62140769E+00  0.00000000E+00 0.1847E-12      6
 1402   24     0    -226      0    226  0.62421227E+00  0.00000000E+00 0.2892E-13      6
 1403   24     0    -225      0    225  0.62687053E+00  0.00000000E+00 0.2356E-12      5
 1404   24     0    -224      0    224  0.62955601E+00  0.00000000E+00 0.3210E-12      6
 1405   24     0    -223      0    223  0.63243458E+00  0.00000000E+00 0.5585E-12      6
 1406   24     0    -222      0    222  0.63532477E+00  0.00000000E+00 0.4634E-13      6
 1407   24     0    -221      0    221  0.63806506E+00  0.00000000E+00 0.2854E-12      6
 1408   24     0    -220      0    220  0.64085807E+00  0.00000000E+00 0.1587E-12      6
 1409   24     0    -219      0    219  0.64384839E+00  0.00000000E+00 0.2412E-12      6
 1410   24     0    -218      0    218  0.64683026E+00  0.00000000E+00 0.1125E-12      6
 1411   24     0    -217      0    217  0.64966109E+00  0.00000000E+00 0.3914E-12      5
 1412   24     0    -216      0    216  0.65258299E+00  0.00000000E+00 0.2240E-12      6
 1413   24     0    -215      0    215  0.65571037E+00  0.00000000E+00 0.2786E-12      6
 1414   24     0    -214      0    214  0.65879509E+00  0.00000000E+00 0.1970E-12      6
 1415   24     0    -213      0    213  0.66167992E+00  0.00000000E+00 0.1048E-12      6
 1416   24     0    -212      0    212  0.66468852E+00  0.00000000E+00 0.1130E-12      6
 1417   24     0    -211      0    211  0.66795294E+00  0.00000000E+00 0.4502E-12      5
 1418   24     0    -210      0    210  0.67119316E+00  0.00000000E+00 0.9120E-13      6
 1419   24     0    -209      0    209  0.67422155E+00  0.00000000E+00 0.2633E-12      6
 1420   24     0    -208      0    208  0.67732317E+00  0.00000000E+00 0.2516E-12      6
 1421   24     0    -207      0    207  0.68066347E+00  0.00000000E+00 0.6754E-12      6
 1422   24     0    -206      0    206  0.68398476E+00  0.00000000E+00 0.4119E-12      6
 1423   24     0    -205      0    205  0.68714959E+00  0.00000000E+00 0.4428E-12      6
 1424   24     0    -204      0    204  0.69042954E+00  0.00000000E+00 0.7389E-13      5
 1425   24     0    -203      0    203  0.69390697E+00  0.00000000E+00 0.1088E-12      5
 1426   24     0    -202      0    202  0.69731743E+00  0.00000000E+00 0.7695E-13      6
 1427   24     0    -201      0    201  0.70058329E+00  0.00000000E+00 0.1638E-12      6
 1428   24     0    -200      0    200  0.70402596E+00  0.00000000E+00 0.1830E-13      6
 1429   24     0    -199      0    199  0.70766213E+00  0.00000000E+00 0.7866E-12      6
 1430   24     0    -198      0    198  0.71118029E+00  0.00000000E+00 0.3090E-12      6
 1431   24     0    -197      0    197  0.71454692E+00  0.00000000E+00 0.5857E-13      5
 1432   24     0    -196      0    196  0.71815754E+00  0.00000000E+00 0.1769E-12      6
 1433   24     0    -195      0    195  0.72197240E+00  0.00000000E+00 0.2743E-12      6
 1434   24     0    -194      0    194  0.72561339E+00  0.00000000E+00 0.1352E-12      6
 1435   24     0    -193      0    193  0.72906849E+00  0.00000000E+00 0.2242E-12      6
 1436   24     0    -192      0    192  0.73283827E+00  0.00000000E+00 0.8113E-13      5
 1437   24     0    -191      0    191  0.73684717E+00  0.00000000E+00 0.3095E-14      6
 1438   24     0    -190      0    190  0.74065075E+00  0.00000000E+00 0.1441E-13      6
 1439   24     0    -189      0    189  0.74420549E+00  0.00000000E+00 0.2320E-12      6
 1440   24     0    -188      0    188  0.74810914E+00  0.00000000E+00 0.4378E-12      6
 1441   24     0    -187      0    187  0.75230348E+00  0.00000000E+00 0.2740E-12      6
 1442   24     0    -186      0    186  0.75631230E+00  0.00000000E+00 0.4769E-12      6
 1443   24     0    -185      0    185  0.76002895E+00  0.00000000E+00 0.1717E-12      5
 1444   24     0    -184      0    184  0.76405632E+00  0.00000000E+00 0.3735E-12      6
 1445   24     0    -183      0    183  0.76839637E+00  0.00000000E+00 0.5530E-13      6
 1446   24     0    -182      0    182  0.77256720E+00  0.00000000E+00 0.3835E-13      6
 1447   24     0    -181      0    181  0.77647277E+00  0.00000000E+00 0.1134E-12      6
 1448   24     0    -180      0    180  0.78069397E+00  0.00000000E+00 0.1121E-13      6
 1449   24     0    -179      0    179  0.78521682E+00  0.00000000E+00 0.2455E-12      6
 1450   24     0    -178      0    178  0.78955737E+00  0.00000000E+00 0.1913E-12      6
 1451   24     0    -177      0    177  0.79363796E+00  0.00000000E+00 0.3094E-12      6
 1452   24     0    -176      0    176  0.79804761E+00  0.00000000E+00 0.9723E-13      5
 1453   24     0    -175      0    175  0.80274742E+00  0.00000000E+00 0.1556E-12      6
 1454   24     0    -174      0    174  0.80725001E+00  0.00000000E+00 0.5552E-13      6
 1455   24     0    -173      0    173  0.81154181E+00  0.00000000E+00 0.2632E-12      6
 1456   24     0    -172      0    172  0.81619573E+00  0.00000000E+00 0.5406E-13      6
 1457   24     0    -171      0    171  0.82111011E+00  0.00000000E+00 0.4313E-12      6
 1458   24     0    -170      0    170  0.82577771E+00  0.00000000E+00 0.2564E-12      6
 1459   24     0    -169      0    169  0.83023926E+00  0.00000000E+00 0.5191E-12      5
 1460   24     0    -168      0    168  0.83512679E+00  0.00000000E+00 0.9495E-13      6
 1461   24     0    -167      0    167  0.84028091E+00  0.00000000E+00 0.1500E-12      6
 1462   24     0    -166      0    166  0.84515368E+00  0.00000000E+00 0.8180E-13      6
 1463   24     0    -165      0    165  0.84982968E+00  0.00000000E+00 0.2456E-12      5
 1464   24     0    -164      0    164  0.85498298E+00  0.00000000E+00 0.7889E-13      6
 1465   24     0    -163      0    163  0.86039569E+00  0.00000000E+00 0.4665E-13      6
 1466   24     0    -162      0    162  0.86545132E+00  0.00000000E+00 0.1867E-12      6
 1467   24     0    -161      0    161  0.87031047E+00  0.00000000E+00 0.1728E-12      5
 1468   24     0    -160      0    160  0.87575308E+00  0.00000000E+00 0.1041E-12      6
 1469   24     0    -159      0    159  0.88146971E+00  0.00000000E+00 0.1298E-12      6
 1470   24     0    -158      0    158  0.88677200E+00  0.00000000E+00 0.6267E-13      6
 1471   24     0    -157      0    157  0.89185379E+00  0.00000000E+00 0.2685E-13      5
 1472   24     0    -156      0    156  0.89758271E+00  0.00000000E+00 0.1927E-12      6
 1473   24     0    -155      0    155  0.90359661E+00  0.00000000E+00 0.1355E-13      6
 1474   24     0    -154      0    154  0.90913238E+00  0.00000000E+00 0.1780E-13      6
 1475   24     0    -153      0    153  0.91444142E+00  0.00000000E+00 0.1916E-12      5
 1476   24     0    -152      0    152  0.92049292E+00  0.00000000E+00 0.7599E-13      6
 1477   24     0    -151      0    151  0.92685962E+00  0.00000000E+00 0.1622E-13      6
 1478   24     0    -150      0    150  0.93270104E+00  0.00000000E+00 0.8610E-13      6
 1479   24     0    -149      0    149  0.93824418E+00  0.00000000E+00 0.2417E-12      5
 1480   24     0    -148      0    148  0.94459138E+00  0.00000000E+00 0.5649E-13      6
 1481   24     0    -147      0    147  0.95128815E+00  0.00000000E+00 0.1826E-12      6
 1482   24     0    -146      0    146  0.95742910E+00  0.00000000E+00 0.4781E-14      6
 1483   24     0    -145      0    145  0.96329040E+00  0.00000000E+00 0.4169E-13      5
 1484   24     0    -144      0    144  0.97000306E+00  0.00000000E+00 0.1691E-12      5
 1485   24     0    -143      0    143  0.97705217E+00  0.00000000E+00 0.3114E-13      6
 1486   24     0    -142      0    142  0.98349214E+00  0.00000000E+00 0.2716E-12      6
 1487   24     0    -141      0    141  0.98969276E+00  0.00000000E+00 0.2076E-12      5
 1488   24     0    -140      0    140  0.99680044E+00  0.00000000E+00 0.9704E-13      5
 1489   24     0    -139      0    139  0.10042126E+01  0.00000000E+00 0.2748E-13      6
 1490   24     0    -138      0    138  0.10109559E+01  0.00000000E+00 0.1382E-12      6
 1491   24     0    -137      0    137  0.10175491E+01  0.00000000E+00 0.3466E-12      6
 1492   24     0    -136      0    136  0.10251196E+01  0.00000000E+00 0.3367E-12      5
 1493   24     0    -135      0    135  0.10329563E+01  0.00000000E+00 0.2957E-12      6
 1494   24     0    -134      0    134  0.10400127E+01  0.00000000E+00 0.1097E-12      5
 1495   24     0    -133      0    133  0.10469608E+01  0.00000000E+00 0.3840E-13      6
 1496   24     0    -132      0    132  0.10550178E+01  0.00000000E+00 0.2366E-12      6
 1497   24     0    -131      0    131  0.10633407E+01  0.00000000E+00 0.2437E-12      6
 1498   24     0    -130      0    130  0.10707970E+01  0.00000000E+00 0.2740E-12      6
 1499   24     0    -129      0    129  0.10781470E+01  0.00000000E+00 0.1425E-12      5
 1500   24     0    -128      0    128  0.10866929E+01  0.00000000E+00 0.7250E-13      6
 1501   24     0    -127      0    127  0.10954853E+01  0.00000000E+00 0.1445E-12      6
 1502   24     0    -126      0    126  0.11033315E+01  0.00000000E+00 0.1149E-12      6
 1503   24     0    -125      0    125  0.11111713E+01  0.00000000E+00 0.1812E-12      6
 1504   24     0    -124      0    124  0.11202934E+01  0.00000000E+00 0.5543E-13      5
 1505   24     0    -123      0    123  0.11296307E+01  0.00000000E+00 0.2066E-13      6
 1506   24     0    -122      0    122  0.11379108E+01  0.00000000E+00 0.5467E-13      5
 1507   24     0    -121      0    121  0.11462172E+01  0.00000000E+00 0.1892E-13      6
 1508   24     0    -120      0    120  0.11559380E+01  0.00000000E+00 0.3983E-12      6
 1509   24     0    -119      0    119  0.11659037E+01  0.00000000E+00 0.1020E-12      5
 1510   24     0    -118      0    118  0.11747178E+01  0.00000000E+00 0.4440E-12      6
 1511   24     0    -117      0    117  0.11834844E+01  0.00000000E+00 0.8197E-13      6
 1512   24     0    -116      0    116  0.11938073E+01  0.00000000E+00 0.2412E-12      5
 1513   24     0    -115      0    115  0.12044455E+01  0.00000000E+00 0.2994E-13      6
 1514   24     0    -114      0    114  0.12138449E+01  0.00000000E+00 0.1816E-12      6
 1515   24     0    -113      0    113  0.12230992E+01  0.00000000E+00 0.1703E-12      6
 1516   24     0    -112      0    112  0.12340637E+01  0.00000000E+00 0.1503E-12      5
 1517   24     0    -111      0    111  0.12454381E+01  0.00000000E+00 0.2085E-12      6
 1518   24     0    -110      0    110  0.12554909E+01  0.00000000E+00 0.1039E-12      6
 1519   24     0    -109      0    109  0.12652310E+01  0.00000000E+00 0.4936E-13      6
 1520   24     0    -108      0    108  0.12768568E+01  0.00000000E+00 0.3801E-13      5
 1521   24     0    -107      0    107  0.12890507E+01  0.00000000E+00 0.1604E-12      6
 1522   24     0    -106      0    106  0.12999195E+01  0.00000000E+00 0.8988E-13      6
 1523   24     0    -105      0    105  0.13101634E+01  0.00000000E+00 0.1326E-13      6
 1524   24     0    -104      0    104  0.13224249E+01  0.00000000E+00 0.2100E-12      5
 1525   24     0    -103      0    103  0.13355197E+01  0.00000000E+00 0.3120E-12      6
 1526   24     0    -102      0    102  0.13473858E+01  0.00000000E+00 0.1755E-12      6
 1527   24     0    -101      0    101  0.13581457E+01  0.00000000E+00 0.4534E-13      6
 1528   24     0    -100      0    100  0.13710182E+01  0.00000000E+00 0.5594E-13      5
 1529   24     0     -99      0     99  0.13851340E+01  0.00000000E+00 0.1787E-14      6
 1530   24     0     -98      0     98  0.13982363E+01  0.00000000E+00 0.1855E-12      6
 1531   24     0     -97      0     97  0.14096991E+01  0.00000000E+00 0.3820E-13      6
 1532   24     0     -96      0     96  0.14232523E+01  0.00000000E+00 0.8068E-13      5
 1533   24     0     -95      0     95  0.14385330E+01  0.00000000E+00 0.2982E-12      6
 1534   24     0     -94      0     94  0.14530233E+01  0.00000000E+00 0.3081E-13      6
 1535   24     0     -93      0     93  0.14654128E+01  0.00000000E+00 0.1865E-12      6
 1536   24     0     -92      0     92  0.14797557E+01  0.00000000E+00 0.8821E-13      6
 1537   24     0     -91      0     91  0.14962956E+01  0.00000000E+00 0.2497E-12      6
 1538   24     0     -90      0     90  0.15122701E+01  0.00000000E+00 0.3266E-12      6
 1539   24     0     -89      0     89  0.15257468E+01  0.00000000E+00 0.1512E-12      6
 1540   24     0     -88      0     88  0.15409502E+01  0.00000000E+00 0.6099E-13      6
 1541   24     0     -87      0     87  0.15588684E+01  0.00000000E+00 0.1681E-12      6
 1542   24     0     -86      0     86  0.15765151E+01  0.00000000E+00 0.8318E-13      6
 1543   24     0     -85      0     85  0.15913014E+01  0.00000000E+00 0.1105E-12      5
 1544   24     0     -84      0     84  0.16074188E+01  0.00000000E+00 0.6578E-13      6
 1545   24     0     -83      0     83  0.16268507E+01  0.00000000E+00 0.1698E-13      6
 1546   24     0     -82      0     82  0.16463276E+01  0.00000000E+00 0.1654E-12      6
 1547   24     0     -81      0     81  0.16625347E+01  0.00000000E+00 0.8032E-13      5
 1548   24     0     -80      0     80  0.16797007E+01  0.00000000E+00 0.3709E-13      6
 1549   24     0     -79      0     79  0.17008564E+01  0.00000000E+00 0.1704E-12      6
  Time elapsed :      6.769 s

Mode Search
-----------

Mode parameters
   l : 25
   m : 0

Building frequency grid (REAL axis)
   added scan interval :  0.5234E+00 ->  0.2104E+01 (3000 points, INVERSE)

Building spatial grid
   Scaffold grid from model
   Split 290 subinterval(s) in iteration 1
   Split 132 subinterval(s) in iteration 2
   Split 9 subinterval(s) in iteration 3
   Split 0 subinterval(s) in iteration 4
   Final grid has 1 segment(s) and 7568 point(s):
      Segment 1 : x range 0.0000 -> 1.0012 (1 -> 7568)

Starting search (adiabatic)

Scanning frequencies
  Time elapsed :     1.865 s

Finding roots
  Time elapsed :      0.563 s

Processing modes
   id    l     m    n_pg    n_p    n_g       Re(omega)       Im(omega)        chi n_iter
 1599   25     0    -249      0    249  0.58999319E+00  0.00000000E+00 0.2084E-12      6
 1600   25     0    -248      0    248  0.59223528E+00  0.00000000E+00 0.6238E-12      6
 1601   25     0    -247      0    247  0.59465341E+00  0.00000000E+00 0.1739E-12      6
 1602   25     0    -246      0    246  0.59716271E+00  0.00000000E+00 0.1221E-12      6
 1603   25     0    -245      0    245  0.59955439E+00  0.00000000E+00 0.2455E-12      6
 1604   25     0    -244      0    244  0.60185768E+00  0.00000000E+00 0.6638E-12      6
 1605   25     0    -243      0    243  0.60432613E+00  0.00000000E+00 0.1515E-12      6
 1606   25     0    -242      0    242  0.60690529E+00  0.00000000E+00 0.8254E-13      6
 1607   25     0    -241      0    241  0.60938735E+00  0.00000000E+00 0.3469E-13      6
 1608   25     0    -240      0    240  0.61178658E+00  0.00000000E+00 0.1804E-12      6
 1609   25     0    -239      0    239  0.61432817E+00  0.00000000E+00 0.9453E-13      5
 1610   25     0    -238      0    238  0.61696994E+00  0.00000000E+00 0.6770E-13      6
 1611   25     0    -237      0    237  0.61953507E+00  0.00000000E+00 0.2700E-12      6
 1612   25     0    -236      0    236  0.62205618E+00  0.00000000E+00 0.1731E-12      6
 1613   25     0    -235      0    235  0.62470095E+00  0.00000000E+00 0.4406E-12      6
 1614   25     0    -234      0    234  0.62739764E+00  0.00000000E+00 0.3015E-12      6
 1615   25     0    -233      0    233  0.62999787E+00  0.00000000E+00 0.7251E-13      6
 1616   25     0    -232      0    232  0.63261544E+00  0.00000000E+00 0.3665E-12      6
 1617   25     0    -231      0    231  0.63540363E+00  0.00000000E+00 0.3338E-12      6
 1618   25     0    -230      0    230  0.63822314E+00  0.00000000E+00 0.2830E-12      6
 1619   25     0    -229      0    229  0.64089305E+00  0.00000000E+00 0.3152E-12      5
 1620   25     0    -228      0    228  0.64356616E+00  0.00000000E+00 0.3999E-12      6
 1621   25     0    -227      0    227  0.64644515E+00  0.00000000E+00 0.5215E-13      5
 1622   25     0    -226      0    226  0.64936771E+00  0.00000000E+00 0.2342E-12      6
 1623   25     0    -225      0    225  0.65214054E+00  0.00000000E+00 0.3269E-12      6
 1624   25     0    -224      0    224  0.65492135E+00  0.00000000E+00 0.1742E-12      6
 1625   25     0    -223      0    223  0.65790451E+00  0.00000000E+00 0.1377E-12      6
 1626   25     0    -222      0    222  0.66091708E+00  0.00000000E+00 0.2613E-13      6
 1627   25     0    -221      0    221  0.66377442E+00  0.00000000E+00 0.2843E-12      6
 1628   25     0    -220      0    220  0.66666524E+00  0.00000000E+00 0.1320E-12      4
 1629   25     0    -219      0    219  0.66976526E+00  0.00000000E+00 0.2795E-12      6
 1630   25     0    -218      0    218  0.67287501E+00  0.00000000E+00 0.3195E-12      6
 1631   25     0    -217      0    217  0.67582523E+00  0.00000000E+00 0.1519E-12      6
 1632   25     0    -216      0    216  0.67884708E+00  0.00000000E+00 0.2301E-12      6
 1633   25     0    -215      0    215  0.68208950E+00  0.00000000E+00 0.2016E-12      6
 1634   25     0    -214      0    214  0.68530906E+00  0.00000000E+00 0.3883E-12      6
 1635   25     0    -213      0    213  0.68831674E+00  0.00000000E+00 0.8389E-13      6
 1636   25     0    -212      0    212  0.69142467E+00  0.00000000E+00 0.7961E-13      6
 1637   25     0    -211      0    211  0.69480804E+00  0.00000000E+00 0.3819E-12      6
 1638   25     0    -210      0    210  0.69818915E+00  0.00000000E+00 0.3722E-12      6
 1639   25     0    -209      0    209  0.70134808E+00  0.00000000E+00 0.2610E-12      5
 1640   25     0    -208      0    208  0.70455388E+00  0.00000000E+00 0.2861E-13      6
 1641   25     0    -207      0    207  0.70801598E+00  0.00000000E+00 0.3231E-12      5
 1642   25     0    -206      0    206  0.71148092E+00  0.00000000E+00 0.3770E-12      6
 1643   25     0    -205      0    205  0.71477720E+00  0.00000000E+00 0.1818E-12      5
 1644   25     0    -204      0    204  0.71816836E+00  0.00000000E+00 0.1188E-12      6
 1645   25     0    -203      0    203  0.72177614E+00  0.00000000E+00 0.2739E-12      6
 1646   25     0    -202      0    202  0.72533625E+00  0.00000000E+00 0.1859E-12      6
 1647   25     0    -201      0    201  0.72873333E+00  0.00000000E+00 0.5547E-12      5
 1648   25     0    -200      0    200  0.73229015E+00  0.00000000E+00 0.2203E-12      5
 1649   25     0    -199      0    199  0.73606527E+00  0.00000000E+00 0.4818E-13      6
 1650   25     0    -198      0    198  0.73974166E+00  0.00000000E+00 0.1183E-12      6
 1651   25     0    -197      0    197  0.74323987E+00  0.00000000E+00 0.1401E-12      5
 1652   25     0    -196      0    196  0.74696614E+00  0.00000000E+00 0.2296E-12      5
 1653   25     0    -195      0    195  0.75092828E+00  0.00000000E+00 0.1047E-12      6
 1654   25     0    -194      0    194  0.75473822E+00  0.00000000E+00 0.2008E-12      6
 1655   25     0    -193      0    193  0.75832615E+00  0.00000000E+00 0.4304E-13      5
 1656   25     0    -192      0    192  0.76221128E+00  0.00000000E+00 0.4423E-12      5
 1657   25     0    -191      0    191  0.76637456E+00  0.00000000E+00 0.6828E-13      6
 1658   25     0    -190      0    190  0.77035889E+00  0.00000000E+00 0.8849E-14      6
 1659   25     0    -189      0    189  0.77405234E+00  0.00000000E+00 0.1863E-12      5
 1660   25     0    -188      0    188  0.77807036E+00  0.00000000E+00 0.5737E-12      5
 1661   25     0    -187      0    187  0.78242355E+00  0.00000000E+00 0.8950E-14      6
 1662   25     0    -186      0    186  0.78662212E+00  0.00000000E+00 0.5579E-13      6
 1663   25     0    -185      0    185  0.79048879E+00  0.00000000E+00 0.2207E-14      5
 1664   25     0    -184      0    184  0.79463299E+00  0.00000000E+00 0.1710E-12      5
 1665   25     0    -183      0    183  0.79913551E+00  0.00000000E+00 0.3173E-14      6
 1666   25     0    -182      0    182  0.80350223E+00  0.00000000E+00 0.2464E-12      6
 1667   25     0    -181      0    181  0.80756363E+00  0.00000000E+00 0.3515E-12      5
 1668   25     0    -180      0    180  0.81190840E+00  0.00000000E+00 0.2810E-13      6
 1669   25     0    -179      0    179  0.81660096E+00  0.00000000E+00 0.7895E-13      6
 1670   25     0    -178      0    178  0.82114501E+00  0.00000000E+00 0.2268E-12      6
 1671   25     0    -177      0    177  0.82538601E+00  0.00000000E+00 0.1756E-12      6
 1672   25     0    -176      0    176  0.82992497E+00  0.00000000E+00 0.2485E-12      6
 1673   25     0    -175      0    175  0.83480306E+00  0.00000000E+00 0.1646E-12      6
 1674   25     0    -174      0    174  0.83951625E+00  0.00000000E+00 0.5642E-14      6
 1675   25     0    -173      0    173  0.84397039E+00  0.00000000E+00 0.8212E-14      6
 1676   25     0    -172      0    172  0.84876155E+00  0.00000000E+00 0.1745E-12      6
 1677   25     0    -171      0    171  0.85386508E+00  0.00000000E+00 0.7860E-13      6
 1678   25     0    -170      0    170  0.85875383E+00  0.00000000E+00 0.4162E-13      5
 1679   25     0    -169      0    169  0.86337863E+00  0.00000000E+00 0.2443E-13      5
 1680   25     0    -168      0    168  0.86840749E+00  0.00000000E+00 0.2002E-13      5
 1681   25     0    -167      0    167  0.87376235E+00  0.00000000E+00 0.3540E-13      6
 1682   25     0    -166      0    166  0.87886892E+00  0.00000000E+00 0.5498E-13      6
 1683   25     0    -165      0    165  0.88371109E+00  0.00000000E+00 0.1635E-12      5
 1684   25     0    -164      0    164  0.88901067E+00  0.00000000E+00 0.3180E-12      5
 1685   25     0    -163      0    163  0.89463700E+00  0.00000000E+00 0.2685E-12      6
 1686   25     0    -162      0    162  0.89994186E+00  0.00000000E+00 0.4334E-14      6
 1687   25     0    -161      0    161  0.90496550E+00  0.00000000E+00 0.2895E-12      5
 1688   25     0    -160      0    160  0.91055784E+00  0.00000000E+00 0.1413E-12      6
 1689   25     0    -159      0    159  0.91650247E+00  0.00000000E+00 0.1935E-12      6
 1690   25     0    -158      0    158  0.92207150E+00  0.00000000E+00 0.1086E-12      6
 1691   25     0    -157      0    157  0.92732118E+00  0.00000000E+00 0.7417E-13      5
 1692   25     0    -156      0    156  0.93320283E+00  0.00000000E+00 0.6312E-13      5
 1693   25     0    -155      0    155  0.93945766E+00  0.00000000E+00 0.4041E-12      5
 1694   25     0    -154      0    154  0.94527769E+00  0.00000000E+00 0.2451E-13      6
 1695   25     0    -153      0    153  0.95075541E+00  0.00000000E+00 0.1161E-12      6
 1696   25     0    -152      0    152  0.95696263E+00  0.00000000E+00 0.6936E-12      5
 1697   25     0    -151      0    151  0.96358343E+00  0.00000000E+00 0.1017E-12      6
 1698   25     0    -150      0    150  0.96973041E+00  0.00000000E+00 0.5524E-13      6
 1699   25     0    -149      0    149  0.97544990E+00  0.00000000E+00 0.3318E-12      5
 1700   25     0    -148      0    148  0.98195365E+00  0.00000000E+00 0.9699E-13      6
 1701   25     0    -147      0    147  0.98891813E+00  0.00000000E+00 0.2510E-12      6
 1702   25     0    -146      0    146  0.99538212E+00  0.00000000E+00 0.2471E-12      5
 1703   25     0    -145      0    145  0.10014249E+01  0.00000000E+00 0.3708E-12      5
 1704   25     0    -144      0    144  0.10083024E+01  0.00000000E+00 0.4355E-12      5
 1705   25     0    -143      0    143  0.10156366E+01  0.00000000E+00 0.2578E-12      6
 1706   25     0    -142      0    142  0.10224169E+01  0.00000000E+00 0.1555E-12      6
 1707   25     0    -141      0    141  0.10288005E+01  0.00000000E+00 0.1253E-12      5
 1708   25     0    -140      0    140  0.10360836E+01  0.00000000E+00 0.4760E-13      6
 1709   25     0    -139      0    139  0.10438018E+01  0.00000000E+00 0.5223E-13      6
 1710   25     0    -138      0    138  0.10509027E+01  0.00000000E+00 0.2591E-13      6
 1711   25     0    -137      0    137  0.10576761E+01  0.00000000E+00 0.4073E-12      6
 1712   25     0    -136      0    136  0.10654329E+01  0.00000000E+00 0.1869E-13      5
 1713   25     0    -135      0    135  0.10735992E+01  0.00000000E+00 0.9862E-13      6
 1714   25     0    -134      0    134  0.10810398E+01  0.00000000E+00 0.2448E-12      6
 1715   25     0    -133      0    133  0.10881605E+01  0.00000000E+00 0.1033E-12      5
 1716   25     0    -132      0    132  0.10964094E+01  0.00000000E+00 0.4465E-13      6
 1717   25     0    -131      0    131  0.11050871E+01  0.00000000E+00 0.1413E-12      6
 1718   25     0    -130      0    130  0.11129593E+01  0.00000000E+00 0.7744E-13      6
 1719   25     0    -129      0    129  0.11204804E+01  0.00000000E+00 0.2697E-12      6
 1720   25     0    -128      0    128  0.11292232E+01  0.00000000E+00 0.3964E-12      5
 1721   25     0    -127      0    127  0.11383988E+01  0.00000000E+00 0.1151E-12      6
 1722   25     0    -126      0    126  0.11466885E+01  0.00000000E+00 0.3910E-12      5
 1723   25     0    -125      0    125  0.11546927E+01  0.00000000E+00 0.1352E-13      6
 1724   25     0    -124      0    124  0.11640221E+01  0.00000000E+00 0.3667E-12      5
 1725   25     0    -123      0    123  0.11737735E+01  0.00000000E+00 0.9191E-13      5
 1726   25     0    -122      0    122  0.11825350E+01  0.00000000E+00 0.7367E-13      6
 1727   25     0    -121      0    121  0.11909965E+01  0.00000000E+00 0.8028E-13      6
 1728   25     0    -120      0    120  0.12009240E+01  0.00000000E+00 0.1120E-12      6
 1729   25     0    -119      0    119  0.12113295E+01  0.00000000E+00 0.5418E-13      6
 1730   25     0    -118      0    118  0.12206757E+01  0.00000000E+00 0.2006E-12      6
 1731   25     0    -117      0    117  0.12295950E+01  0.00000000E+00 0.1655E-12      6
 1732   25     0    -116      0    116  0.12401113E+01  0.00000000E+00 0.1685E-12      6
 1733   25     0    -115      0    115  0.12512111E+01  0.00000000E+00 0.5480E-13      6
 1734   25     0    -114      0    114  0.12612010E+01  0.00000000E+00 0.1498E-12      6
 1735   25     0    -113      0    113  0.12706086E+01  0.00000000E+00 0.9155E-14      6
 1736   25     0    -112      0    112  0.12817472E+01  0.00000000E+00 0.1944E-12      5
 1737   25     0    -111      0    111  0.12936034E+01  0.00000000E+00 0.1545E-12      6
 1738   25     0    -110      0    110  0.13043167E+01  0.00000000E+00 0.1552E-12      6
 1739   25     0    -109      0    109  0.13142215E+01  0.00000000E+00 0.3282E-13      6
 1740   25     0    -108      0    108  0.13259888E+01  0.00000000E+00 0.2871E-12      5
 1741   25     0    -107      0    107  0.13386707E+01  0.00000000E+00 0.7532E-15      6
 1742   25     0    -106      0    106  0.13502717E+01  0.00000000E+00 0.2343E-12      6
 1743   25     0    -105      0    105  0.13607263E+01  0.00000000E+00 0.1569E-12      6
 1744   25     0    -104      0    104  0.13730699E+01  0.00000000E+00 0.5689E-12      5
 1745   25     0    -103      0    103  0.13866334E+01  0.00000000E+00 0.1567E-12      6
 1746   25     0    -102      0    102  0.13993029E+01  0.00000000E+00 0.7076E-13      6
 1747   25     0    -101      0    101  0.14103781E+01  0.00000000E+00 0.4560E-13      6
 1748   25     0    -100      0    100  0.14232478E+01  0.00000000E+00 0.1494E-12      5
 1749   25     0     -99      0     99  0.14378018E+01  0.00000000E+00 0.1431E-12      6
 1750   25     0     -98      0     98  0.14517722E+01  0.00000000E+00 0.3721E-13      6
 1751   25     0     -97      0     97  0.14637235E+01  0.00000000E+00 0.2629E-12      6
 1752   25     0     -96      0     96  0.14771860E+01  0.00000000E+00 0.1362E-12      6
 1753   25     0     -95      0     95  0.14928628E+01  0.00000000E+00 0.1410E-14      6
 1754   25     0     -94      0     94  0.15082649E+01  0.00000000E+00 0.3030E-13      6
 1755   25     0     -93      0     93  0.15213267E+01  0.00000000E+00 0.1817E-12      6
 1756   25     0     -92      0     92  0.15355004E+01  0.00000000E+00 0.5326E-13      6
 1757   25     0     -91      0     91  0.15523819E+01  0.00000000E+00 0.1045E-12      6
 1758   25     0     -90      0     90  0.15692995E+01  0.00000000E+00 0.3905E-13      6
 1759   25     0     -89      0     89  0.15836442E+01  0.00000000E+00 0.4711E-13      6
 1760   25     0     -88      0     88  0.15986167E+01  0.00000000E+00 0.1387E-12      6
 1761   25     0     -87      0     87  0.16168086E+01  0.00000000E+00 0.2689E-13      5
 1762   25     0     -86      0     86  0.16354125E+01  0.00000000E+00 0.2051E-12      6
 1763   25     0     -85      0     85  0.16512860E+01  0.00000000E+00 0.5521E-13      6
 1764   25     0     -84      0     84  0.16671270E+01  0.00000000E+00 0.1493E-12      6
 1765   25     0     -83      0     83  0.16867410E+01  0.00000000E+00 0.1059E-12      5
 1766   25     0     -82      0     82  0.17071938E+01  0.00000000E+00 0.1937E-12      6
  Time elapsed :      7.173 s

gyre [9.1.1]
------------

OpenMP Threads   : 16
Input filename   : gyre_nad_wide_hi.in

Model Init
----------

Reading from MESA file
   File name ../mesa/LOGS/profile331.data.GYRE
   File version 1.01
   Read 7137 points
   No need to add central point

Mode Search
-----------

Mode parameters
   l : 16
   m : 0

Building frequency grid (REAL axis)
   added scan interval :  0.5234E+00 ->  0.2104E+01 (3000 points, INVERSE)

Building spatial grid
   Scaffold grid from model
   Split 266 subinterval(s) in iteration 1
   Split 25 subinterval(s) in iteration 2
   Split 0 subinterval(s) in iteration 3
   Final grid has 1 segment(s) and 7428 point(s):
      Segment 1 : x range 0.0000 -> 1.0012 (1 -> 7428)

Starting search (adiabatic)

Scanning frequencies
  Time elapsed :    35.139 s

Finding roots
  Time elapsed :      7.882 s

Processing modes
   id    l     m    n_pg    n_p    n_g       Re(omega)       Im(omega)        chi n_iter
   21   16     0    -161      0    161  0.58988270E+00  0.00000000E+00 0.1635E-13      5
   22   16     0    -160      0    160  0.59376584E+00  0.00000000E+00 0.3318E-12      5
   23   16     0    -159      0    159  0.59753475E+00  0.00000000E+00 0.9851E-13      6
   24   16     0    -158      0    158  0.60097415E+00  0.00000000E+00 0.3186E-12      6
   25   16     0    -157      0    157  0.60469502E+00  0.00000000E+00 0.4096E-12      5
   26   16     0    -156      0    156  0.60879126E+00  0.00000000E+00 0.2069E-12      5
   27   16     0    -155      0    155  0.61274109E+00  0.00000000E+00 0.2380E-12      6
   28   16     0    -154      0    154  0.61632310E+00  0.00000000E+00 0.3269E-12      5
   29   16     0    -153      0    153  0.62024777E+00  0.00000000E+00 0.5019E-12      6
   30   16     0    -152      0    152  0.62458677E+00  0.00000000E+00 0.1079E-12      5
   31   16     0    -151      0    151  0.62876519E+00  0.00000000E+00 0.3597E-12      5
   32   16     0    -150      0    150  0.63252594E+00  0.00000000E+00 0.4021E-12      5
   33   16     0    -149      0    149  0.63664492E+00  0.00000000E+00 0.9886E-14      6
   34   16     0    -148      0    148  0.64121054E+00  0.00000000E+00 0.1997E-12      6
   35   16     0    -147      0    147  0.64559528E+00  0.00000000E+00 0.2838E-12      6
   36   16     0    -146      0    146  0.64956021E+00  0.00000000E+00 0.1257E-12      6
   37   16     0    -145      0    145  0.65393496E+00  0.00000000E+00 0.1079E-12      5
   38   16     0    -144      0    144  0.65875598E+00  0.00000000E+00 0.4908E-12      6
   39   16     0    -143      0    143  0.66335360E+00  0.00000000E+00 0.3856E-12      6
   40   16     0    -142      0    142  0.66753508E+00  0.00000000E+00 0.7461E-14      5
   41   16     0    -141      0    141  0.67218737E+00  0.00000000E+00 0.1032E-12      6
   42   16     0    -140      0    140  0.67727304E+00  0.00000000E+00 0.4811E-14      5
   43   16     0    -139      0    139  0.68207574E+00  0.00000000E+00 0.8489E-13      6
   44   16     0    -138      0    138  0.68649433E+00  0.00000000E+00 0.4248E-13      6
   45   16     0    -137      0    137  0.69147828E+00  0.00000000E+00 0.2850E-12      6
   46   16     0    -136      0    136  0.69687982E+00  0.00000000E+00 0.7783E-12      5
   47   16     0    -135      0    135  0.70191804E+00  0.00000000E+00 0.8154E-13      6
   48   16     0    -134      0    134  0.70655825E+00  0.00000000E+00 0.1414E-12      5
   49   16     0    -133      0    133  0.71187561E+00  0.00000000E+00 0.2805E-12      5
   50   16     0    -132      0    132  0.71761854E+00  0.00000000E+00 0.1136E-13      6
   51   16     0    -131      0    131  0.72293134E+00  0.00000000E+00 0.3257E-12      5
   52   16     0    -130      0    130  0.72785083E+00  0.00000000E+00 0.3313E-12      6
   53   16     0    -129      0    129  0.73352640E+00  0.00000000E+00 0.2997E-12      5
   54   16     0    -128      0    128  0.73960446E+00  0.00000000E+00 0.4915E-12      5
   55   16     0    -127      0    127  0.74516168E+00  0.00000000E+00 0.6007E-12      5
   56   16     0    -126      0    126  0.75040072E+00  0.00000000E+00 0.3579E-13      6
   57   16     0    -125      0    125  0.75650337E+00  0.00000000E+00 0.4004E-12      5
   58   16     0    -124      0    124  0.76296562E+00  0.00000000E+00 0.5544E-12      6
   59   16     0    -123      0    123  0.76880481E+00  0.00000000E+00 0.9696E-13      6
   60   16     0    -122      0    122  0.77437007E+00  0.00000000E+00 0.5654E-12      5
   61   16     0    -121      0    121  0.78091244E+00  0.00000000E+00 0.6972E-12      5
   62   16     0    -120      0    120  0.78780363E+00  0.00000000E+00 0.2125E-12      5
   63   16     0    -119      0    119  0.79398889E+00  0.00000000E+00 0.3387E-12      6
   64   16     0    -118      0    118  0.79991271E+00  0.00000000E+00 0.3233E-12      5
   65   16     0    -117      0    117  0.80691578E+00  0.00000000E+00 0.3392E-12      5
   66   16     0    -116      0    116  0.81426795E+00  0.00000000E+00 0.1693E-12      6
   67   16     0    -115      0    115  0.82082097E+00  0.00000000E+00 0.2640E-12      6
   68   16     0    -114      0    114  0.82713877E+00  0.00000000E+00 0.1388E-12      5
   69   16     0    -113      0    113  0.83465143E+00  0.00000000E+00 0.1210E-12      5
   70   16     0    -112      0    112  0.84250961E+00  0.00000000E+00 0.1337E-12      5
   71   16     0    -111      0    111  0.84946163E+00  0.00000000E+00 0.2698E-12      6
   72   16     0    -110      0    110  0.85618056E+00  0.00000000E+00 0.1226E-12      6
   73   16     0    -109      0    109  0.86422238E+00  0.00000000E+00 0.3162E-13      5
   74   16     0    -108      0    108  0.87263614E+00  0.00000000E+00 0.4956E-13      6
   75   16     0    -107      0    107  0.88007575E+00  0.00000000E+00 0.1006E-12      5
   76   16     0    -106      0    106  0.88722445E+00  0.00000000E+00 0.1683E-12      6
   77   16     0    -105      0    105  0.89581780E+00  0.00000000E+00 0.5643E-12      5
   78   16     0    -104      0    104  0.90487288E+00  0.00000000E+00 0.7650E-13      5
   79   16     0    -103      0    103  0.91291773E+00  0.00000000E+00 0.2621E-12      6
   80   16     0    -102      0    102  0.92049604E+00  0.00000000E+00 0.1764E-12      6
   81   16     0    -101      0    101  0.92966492E+00  0.00000000E+00 0.2776E-12      6
   82   16     0    -100      0    100  0.93945542E+00  0.00000000E+00 0.4614E-13      5
   83   16     0     -99      0     99  0.94823281E+00  0.00000000E+00 0.2342E-12      6
   84   16     0     -98      0     98  0.95629782E+00  0.00000000E+00 0.1286E-12      6
   85   16     0     -97      0     97  0.96610082E+00  0.00000000E+00 0.2391E-14      6
   86   16     0     -96      0     96  0.97672801E+00  0.00000000E+00 0.3581E-13      6
   87   16     0     -95      0     95  0.98635032E+00  0.00000000E+00 0.1078E-12      6
   88   16     0     -94      0     94  0.99500836E+00  0.00000000E+00 0.4292E-13      6
   89   16     0     -93      0     93  0.10055622E+01  0.00000000E+00 0.2948E-12      6
   90   16     0     -92      0     92  0.10171598E+01  0.00000000E+00 0.1471E-12      5
   91   16     0     -91      0     91  0.10277499E+01  0.00000000E+00 0.4215E-12      5
   92   16     0     -90      0     90  0.10370988E+01  0.00000000E+00 0.1980E-12      6
   93   16     0     -89      0     89  0.10485060E+01  0.00000000E+00 0.5042E-13      6
   94   16     0     -88      0     88  0.10611993E+01  0.00000000E+00 0.3647E-13      6
   95   16     0     -87      0     87  0.10729060E+01  0.00000000E+00 0.3235E-12      6
   96   16     0     -86      0     86  0.10830496E+01  0.00000000E+00 0.3362E-13      6
   97   16     0     -85      0     85  0.10953924E+01  0.00000000E+00 0.4416E-12      6
   98   16     0     -84      0     84  0.11093279E+01  0.00000000E+00 0.2854E-12      6
   99   16     0     -83      0     83  0.11223016E+01  0.00000000E+00 0.3053E-12      6
  100   16     0     -82      0     82  0.11333012E+01  0.00000000E+00 0.1390E-12      6
  101   16     0     -81      0     81  0.11467034E+01  0.00000000E+00 0.6590E-13      5
  102   16     0     -80      0     80  0.11620496E+01  0.00000000E+00 0.4574E-13      5
  103   16     0     -79      0     79  0.11763954E+01  0.00000000E+00 0.1080E-12      5
  104   16     0     -78      0     78  0.11883761E+01  0.00000000E+00 0.5460E-13      6
  105   16     0     -77      0     77  0.12030596E+01  0.00000000E+00 0.2617E-12      6
  106   16     0     -76      0     76  0.12200229E+01  0.00000000E+00 0.1740E-12      6
  107   16     0     -75      0     75  0.12359326E+01  0.00000000E+00 0.5297E-13      6
  108   16     0     -74      0     74  0.12490581E+01  0.00000000E+00 0.1676E-12      6
  109   16     0     -73      0     73  0.12651820E+01  0.00000000E+00 0.2008E-12      6
  110   16     0     -72      0     72  0.12839287E+01  0.00000000E+00 0.2126E-13      6
  111   16     0     -71      0     71  0.13014710E+01  0.00000000E+00 0.4538E-13      6
  112   16     0     -70      0     70  0.13158201E+01  0.00000000E+00 0.6717E-14      6
  113   16     0     -69      0     69  0.13336763E+01  0.00000000E+00 0.7106E-13      6
  114   16     0     -68      0     68  0.13544942E+01  0.00000000E+00 0.1020E-12      6
  115   16     0     -67      0     67  0.13739424E+01  0.00000000E+00 0.3129E-12      6
  116   16     0     -66      0     66  0.13896622E+01  0.00000000E+00 0.1894E-12      6
  117   16     0     -65      0     65  0.14095259E+01  0.00000000E+00 0.8479E-13      6
  118   16     0     -64      0     64  0.14327700E+01  0.00000000E+00 0.5319E-13      6
  119   16     0     -63      0     63  0.14542125E+01  0.00000000E+00 0.1193E-12      6
  120   16     0     -62      0     62  0.14714174E+01  0.00000000E+00 0.8783E-13      6
  121   16     0     -61      0     61  0.14939548E+01  0.00000000E+00 0.9404E-13      6
  122   16     0     -60      0     60  0.15200441E+01  0.00000000E+00 0.1504E-12      6
  123   16     0     -59      0     59  0.15435136E+01  0.00000000E+00 0.5896E-13      6
  124   16     0     -58      0     58  0.15627162E+01  0.00000000E+00 0.4979E-14      6
  125   16     0     -57      0     57  0.15885917E+01  0.00000000E+00 0.1470E-12      6
  126   16     0     -56      0     56  0.16179655E+01  0.00000000E+00 0.2186E-12      6
  127   16     0     -55      0     55  0.16439251E+01  0.00000000E+00 0.7988E-13      6
  128   16     0     -54      0     54  0.16653606E+01  0.00000000E+00 0.1071E-12      6
  129   16     0     -53      0     53  0.16948188E+01  0.00000000E+00 0.6289E-13      6
  Time elapsed :      2.529 s

Starting search (non-adiabatic)

Finding roots
  Time elapsed :    113.650 s

Processing modes
   id    l     m    n_pg    n_p    n_g       Re(omega)       Im(omega)        chi n_iter
   21   16     0    -161      0    161  0.58924678E+00 -0.93826741E-03 0.2951E-12      8
   22   16     0    -160      0    160  0.59314432E+00 -0.97200368E-03 0.6484E-12      8
   23   16     0    -159      0    159  0.59700220E+00 -0.87729824E-03 0.5053E-12      7
   24   16     0    -158      0    158  0.60046614E+00 -0.80570115E-03 0.1581E-12      7
   25   16     0    -157      0    157  0.60413273E+00 -0.90739053E-03 0.1973E-12      7
   26   16     0    -156      0    156  0.60824729E+00 -0.93657473E-03 0.5104E-12      7
   27   16     0    -155      0    155  0.61228234E+00 -0.83690383E-03 0.7395E-12      6
   28   16     0    -154      0    154  0.61588034E+00 -0.77595676E-03 0.4327E-12      6
   29   16     0    -153      0    153  0.61975473E+00 -0.88823215E-03 0.2242E-13      6
   30   16     0    -152      0    152  0.62411214E+00 -0.91648150E-03 0.5337E-12      7
   31   16     0    -151      0    151  0.62836812E+00 -0.81633062E-03 0.5786E-12      8
   32   16     0    -150      0    150  0.63214316E+00 -0.75598884E-03 0.6075E-12      7
   33   16     0    -149      0    149  0.63621732E+00 -0.87049242E-03 0.3708E-12      7
   34   16     0    -148      0    148  0.64080154E+00 -0.89632538E-03 0.1017E-11      8
   35   16     0    -147      0    147  0.64525523E+00 -0.79432591E-03 0.3431E-12      6
   36   16     0    -146      0    146  0.64922646E+00 -0.74846866E-03 0.1962E-12      6
   37   16     0    -145      0    145  0.65356614E+00 -0.86113511E-03 0.1123E-11      8
   38   16     0    -144      0    144  0.65840885E+00 -0.87789184E-03 0.5202E-12      8
   39   16     0    -143      0    143  0.66306786E+00 -0.77236631E-03 0.2874E-13      7
   40   16     0    -142      0    142  0.66724892E+00 -0.74298660E-03 0.5720E-12      6
   41   16     0    -141      0    141  0.67187611E+00 -0.85303111E-03 0.4143E-12      6
   42   16     0    -140      0    140  0.67698654E+00 -0.85973375E-03 0.1684E-12      6
   43   16     0    -139      0    139  0.68184239E+00 -0.75113561E-03 0.1276E-11      7
   44   16     0    -138      0    138  0.68625322E+00 -0.74609488E-03 0.5908E-12      6
   45   16     0    -137      0    137  0.69122141E+00 -0.85619270E-03 0.4160E-12      7
   46   16     0    -136      0    136  0.69664945E+00 -0.85533320E-03 0.8550E-13      7
   47   16     0    -135      0    135  0.70173430E+00 -0.73958065E-03 0.5618E-12      7
   48   16     0    -134      0    134  0.70636128E+00 -0.75384029E-03 0.4202E-12      6
   49   16     0    -133      0    133  0.71166874E+00 -0.87244948E-03 0.8606E-12      6
   50   16     0    -132      0    132  0.71743783E+00 -0.86781656E-03 0.1009E-11      7
   51   16     0    -131      0    131  0.72278899E+00 -0.74795515E-03 0.1407E-11      6
   52   16     0    -130      0    130  0.72769260E+00 -0.77906738E-03 0.7400E-12      8
   53   16     0    -129      0    129  0.73336465E+00 -0.90058033E-03 0.1372E-12      7
   54   16     0    -128      0    128  0.73946898E+00 -0.88717614E-03 0.6513E-12      7
   55   16     0    -127      0    127  0.74505505E+00 -0.76276391E-03 0.1399E-11      6
   56   16     0    -126      0    126  0.75027576E+00 -0.82306032E-03 0.5640E-12      6
   57   16     0    -125      0    125  0.75638169E+00 -0.94472932E-03 0.2730E-12      7
   58   16     0    -124      0    124  0.76287000E+00 -0.92049650E-03 0.5545E-12      7
   59   16     0    -123      0    123  0.76873023E+00 -0.78736101E-03 0.9210E-12      6
   60   16     0    -122      0    122  0.77427691E+00 -0.87211067E-03 0.8716E-12      8
   61   16     0    -121      0    121  0.78082814E+00 -0.99999520E-03 0.9711E-12      8
   62   16     0    -120      0    120  0.78774455E+00 -0.97113667E-03 0.1744E-11      6
   63   16     0    -119      0    119  0.79394389E+00 -0.83020026E-03 0.2315E-12      6
   64   16     0    -118      0    118  0.79984933E+00 -0.93637115E-03 0.3408E-12      8
   65   16     0    -117      0    117  0.80686507E+00 -0.10782879E-02 0.5748E-12      8
   66   16     0    -116      0    116  0.81424048E+00 -0.10476720E-02 0.1108E-11      6
   67   16     0    -115      0    115  0.82079903E+00 -0.89639833E-03 0.1676E-11      6
   68   16     0    -114      0    114  0.82709531E+00 -0.10315879E-02 0.1283E-11      8
   69   16     0    -113      0    113  0.83462021E+00 -0.11906514E-02 0.3952E-12      7
   70   16     0    -112      0    112  0.84249647E+00 -0.11537862E-02 0.9612E-12      7
   71   16     0    -111      0    111  0.84944461E+00 -0.97989330E-03 0.1774E-11      7
   72   16     0    -110      0    110  0.85613192E+00 -0.11372877E-02 0.1016E-11      7
   73   16     0    -109      0    109  0.86417804E+00 -0.13044670E-02 0.8294E-12      6
   74   16     0    -110      0    110  0.87260201E+00 -0.12501895E-02 0.1173E-11      6
   75   16     0    -108      0    108  0.88003491E+00 -0.10420031E-02 0.2342E-12      6
   76   16     0    -107      0    107  0.88714099E+00 -0.11861077E-02 0.1202E-11      7
   77   16     0    -106      0    106  0.89572967E+00 -0.13398811E-02 0.5550E-12      7
   78   16     0    -105      0    105  0.90479336E+00 -0.12628373E-02 0.3596E-12      6
   79   16     0    -104      0    104  0.91284328E+00 -0.10191719E-02 0.8034E-12      7
   80   16     0    -103      0    103  0.92038000E+00 -0.11150163E-02 0.4651E-12      7
   81   16     0    -102      0    102  0.92954380E+00 -0.12419911E-02 0.4361E-12      8
   82   16     0    -101      0    101  0.93934957E+00 -0.11465424E-02 0.1958E-12      8
   83   16     0    -100      0    100  0.94814857E+00 -0.89207896E-03 0.4785E-13      7
   84   16     0     -99      0     99  0.95618968E+00 -0.92541582E-03 0.2413E-11      6
   85   16     0     -98      0     98  0.96599631E+00 -0.10120227E-02 0.1109E-11      7
   86   16     0     -97      0     97  0.97664654E+00 -0.90782921E-03 0.1770E-11      7
   87   16     0     -96      0     96  0.98629570E+00 -0.68003802E-03 0.5781E-12      7
   88   16     0     -95      0     95  0.99494967E+00 -0.67047767E-03 0.9028E-12      7
   89   16     0     -94      0     94  0.10055147E+01 -0.72154408E-03 0.7146E-12      6
   90   16     0     -93      0     93  0.10171319E+01 -0.63433585E-03 0.2424E-11      7
   91   16     0     -92      0     92  0.10277379E+01 -0.46431144E-03 0.1280E-11      6
   92   16     0     -91      0     91  0.10370891E+01 -0.44222064E-03 0.5550E-12      5
   93   16     0     -90      0     90  0.10485069E+01 -0.47672587E-03 0.2598E-11      8
   94   16     0     -89      0     89  0.10612100E+01 -0.41852743E-03 0.2996E-11      6
   95   16     0     -88      0     88  0.10729199E+01 -0.30454788E-03 0.1028E-11      6
   96   16     0     -87      0     87  0.10830649E+01 -0.28075378E-03 0.5362E-11      6
   97   16     0     -86      0     86  0.10954157E+01 -0.30591933E-03 0.2924E-11      6
   98   16     0     -85      0     85  0.11093543E+01 -0.26963749E-03 0.6958E-12      6
   99   16     0     -84      0     84  0.11223244E+01 -0.19484682E-03 0.5189E-11      6
  100   16     0     -83      0     83  0.11333234E+01 -0.17411169E-03 0.3737E-11      6
  101   16     0     -82      0     82  0.11467316E+01 -0.19322825E-03 0.2391E-11      6
  102   16     0     -81      0     81  0.11620778E+01 -0.17115681E-03 0.2237E-11      5
  103   16     0     -80      0     80  0.11764177E+01 -0.12297586E-03 0.5237E-11      6
  104   16     0     -79      0     79  0.11883968E+01 -0.10832844E-03 0.1029E-10      5
  105   16     0     -78      0     78  0.12030848E+01 -0.12202249E-03 0.1818E-10      6
  106   16     0     -77      0     77  0.12200471E+01 -0.10853676E-03 0.2135E-10      5
  107   16     0     -76      0     76  0.12359510E+01 -0.77989475E-04 0.8852E-11      5
  108   16     0     -75      0     75  0.12490748E+01 -0.67999189E-04 0.2543E-10      5
  109   16     0     -74      0     74  0.12652021E+01 -0.78134559E-04 0.1861E-10      7
  110   16     0     -73      0     73  0.12839477E+01 -0.70434652E-04 0.1004E-10      6
  111   16     0     -72      0     72  0.13014853E+01 -0.50791337E-04 0.4090E-10      6
  112   16     0     -71      0     71  0.13158330E+01 -0.44888207E-04 0.2153E-10      5
  113   16     0     -70      0     70  0.13336919E+01 -0.52454329E-04 0.1151E-11      7
  114   16     0     -69      0     69  0.13545087E+01 -0.47450639E-04 0.2043E-10      5
  115   16     0     -68      0     68  0.13739530E+01 -0.33817768E-04 0.2832E-10      5
  116   16     0     -67      0     67  0.13896717E+01 -0.29742607E-04 0.5932E-10      5
  117   16     0     -66      0     66  0.14095373E+01 -0.34849532E-04 0.5411E-10      5
  118   16     0     -65      0     65  0.14327804E+01 -0.31028493E-04 0.7083E-10      5
  119   16     0     -64      0     64  0.14542197E+01 -0.21316618E-04 0.2089E-10      6
  120   16     0     -63      0     63  0.14714241E+01 -0.19428639E-04 0.5144E-10      6
  121   16     0     -62      0     62  0.14939627E+01 -0.22674739E-04 0.6169E-10      5
  122   16     0     -61      0     61  0.15200511E+01 -0.19856127E-04 0.1008E-09      6
  123   16     0     -60      0     60  0.15435184E+01 -0.13272460E-04 0.1035E-09      4
  124   16     0     -59      0     59  0.15627209E+01 -0.13057682E-04 0.1608E-09      5
  125   16     0     -58      0     58  0.15885971E+01 -0.14902019E-04 0.1671E-09      5
  126   16     0     -57      0     57  0.16179703E+01 -0.12873021E-04 0.1738E-09      5
  127   16     0     -56      0     56  0.16439282E+01 -0.83873850E-05 0.1636E-09      4
  128   16     0     -55      0     55  0.16653639E+01 -0.85333709E-05 0.4504E-09      5
  129   16     0     -54      0     54  0.16948225E+01 -0.94611935E-05 0.2992E-09      7
  Time elapsed :      6.599 s

Mode Search
-----------

Mode parameters
   l : 17
   m : 0

Building frequency grid (REAL axis)
   added scan interval :  0.5234E+00 ->  0.2104E+01 (3000 points, INVERSE)

Building spatial grid
   Scaffold grid from model
   Split 270 subinterval(s) in iteration 1
   Split 26 subinterval(s) in iteration 2
   Split 0 subinterval(s) in iteration 3
   Final grid has 1 segment(s) and 7433 point(s):
      Segment 1 : x range 0.0000 -> 1.0012 (1 -> 7433)

Starting search (adiabatic)

Scanning frequencies
  Time elapsed :    35.274 s

Finding roots
  Time elapsed :      8.460 s

Processing modes
   id    l     m    n_pg    n_p    n_g       Re(omega)       Im(omega)        chi n_iter
  162   17     0    -171      0    171  0.58950380E+00  0.00000000E+00 0.1836E-12      6
  163   17     0    -170      0    170  0.59274048E+00  0.00000000E+00 0.3106E-12      5
  164   17     0    -169      0    169  0.59608660E+00  0.00000000E+00 0.9889E-13      5
  165   17     0    -168      0    168  0.59976255E+00  0.00000000E+00 0.3750E-12      5
  166   17     0    -167      0    167  0.60341428E+00  0.00000000E+00 0.2096E-12      6
  167   17     0    -166      0    166  0.60679214E+00  0.00000000E+00 0.5841E-12      5
  168   17     0    -165      0    165  0.61032413E+00  0.00000000E+00 0.3833E-12      6
  169   17     0    -164      0    164  0.61420279E+00  0.00000000E+00 0.6397E-12      5
  170   17     0    -163      0    163  0.61801851E+00  0.00000000E+00 0.2045E-12      6
  171   17     0    -162      0    162  0.62151130E+00  0.00000000E+00 0.2154E-12      5
  172   17     0    -161      0    161  0.62522203E+00  0.00000000E+00 0.3777E-13      6
  173   17     0    -160      0    160  0.62932378E+00  0.00000000E+00 0.3284E-12      5
  174   17     0    -159      0    159  0.63333746E+00  0.00000000E+00 0.6790E-13      5
  175   17     0    -158      0    158  0.63699017E+00  0.00000000E+00 0.2285E-13      5
  176   17     0    -157      0    157  0.64089787E+00  0.00000000E+00 0.1189E-12      5
  177   17     0    -156      0    156  0.64522469E+00  0.00000000E+00 0.4178E-12      5
  178   17     0    -155      0    155  0.64943343E+00  0.00000000E+00 0.2355E-12      6
  179   17     0    -154      0    154  0.65323684E+00  0.00000000E+00 0.3552E-12      6
  180   17     0    -153      0    153  0.65735518E+00  0.00000000E+00 0.7851E-13      6
  181   17     0    -152      0    152  0.66193802E+00  0.00000000E+00 0.1059E-12      6
  182   17     0    -151      0    151  0.66639129E+00  0.00000000E+00 0.3260E-12      6
  183   17     0    -150      0    150  0.67038537E+00  0.00000000E+00 0.7282E-13      6
  184   17     0    -149      0    149  0.67470458E+00  0.00000000E+00 0.3191E-12      6
  185   17     0    -148      0    148  0.67952635E+00  0.00000000E+00 0.4714E-12      5
  186   17     0    -147      0    147  0.68420095E+00  0.00000000E+00 0.4454E-12      6
  187   17     0    -146      0    146  0.68840868E+00  0.00000000E+00 0.2507E-12      5
  188   17     0    -145      0    145  0.69299500E+00  0.00000000E+00 0.3432E-12      5
  189   17     0    -144      0    144  0.69808794E+00  0.00000000E+00 0.5941E-13      5
  190   17     0    -143      0    143  0.70299100E+00  0.00000000E+00 0.1056E-12      5
  191   17     0    -142      0    142  0.70742330E+00  0.00000000E+00 0.1208E-12      6
  192   17     0    -141      0    141  0.71230012E+00  0.00000000E+00 0.4353E-12      6
  193   17     0    -140      0    140  0.71767550E+00  0.00000000E+00 0.2468E-12      6
  194   17     0    -139      0    139  0.72279994E+00  0.00000000E+00 0.1347E-12      6
  195   17     0    -138      0    138  0.72747576E+00  0.00000000E+00 0.3111E-12      5
  196   17     0    -137      0    137  0.73269978E+00  0.00000000E+00 0.2821E-12      6
  197   17     0    -136      0    136  0.73841167E+00  0.00000000E+00 0.5672E-12      6
  198   17     0    -135      0    135  0.74379141E+00  0.00000000E+00 0.3303E-13      5
  199   17     0    -134      0    134  0.74869493E+00  0.00000000E+00 0.1837E-12      6
  200   17     0    -133      0    133  0.75426553E+00  0.00000000E+00 0.4846E-12      5
  201   17     0    -132      0    132  0.76034122E+00  0.00000000E+00 0.4317E-12      5
  202   17     0    -131      0    131  0.76601802E+00  0.00000000E+00 0.1188E-12      6
  203   17     0    -130      0    130  0.77120973E+00  0.00000000E+00 0.1314E-12      6
  204   17     0    -129      0    129  0.77715377E+00  0.00000000E+00 0.3262E-12      6
  205   17     0    -128      0    128  0.78358855E+00  0.00000000E+00 0.4074E-12      6
  206   17     0    -127      0    127  0.78953160E+00  0.00000000E+00 0.4288E-12      6
  207   17     0    -126      0    126  0.79504816E+00  0.00000000E+00 0.9696E-13      6
  208   17     0    -125      0    125  0.80143953E+00  0.00000000E+00 0.1623E-13      5
  209   17     0    -124      0    124  0.80828671E+00  0.00000000E+00 0.1244E-12      6
  210   17     0    -123      0    123  0.81453828E+00  0.00000000E+00 0.8524E-13      5
  211   17     0    -122      0    122  0.82038681E+00  0.00000000E+00 0.6684E-13      6
  212   17     0    -121      0    121  0.82723585E+00  0.00000000E+00 0.2597E-12      5
  213   17     0    -120      0    120  0.83454155E+00  0.00000000E+00 0.2482E-12      6
  214   17     0    -119      0    119  0.84117128E+00  0.00000000E+00 0.7464E-13      6
  215   17     0    -118      0    118  0.84738655E+00  0.00000000E+00 0.1669E-13      6
  216   17     0    -117      0    117  0.85471133E+00  0.00000000E+00 0.2881E-12      5
  217   17     0    -116      0    116  0.86250892E+00  0.00000000E+00 0.7311E-13      6
  218   17     0    -115      0    115  0.86954203E+00  0.00000000E+00 0.3391E-12      6
  219   17     0    -114      0    114  0.87615693E+00  0.00000000E+00 0.2600E-12      6
  220   17     0    -113      0    113  0.88400624E+00  0.00000000E+00 0.1671E-12      5
  221   17     0    -112      0    112  0.89234310E+00  0.00000000E+00 0.2053E-12      6
  222   17     0    -111      0    111  0.89981608E+00  0.00000000E+00 0.2345E-12      5
  223   17     0    -110      0    110  0.90683701E+00  0.00000000E+00 0.3363E-12      5
  224   17     0    -109      0    109  0.91522830E+00  0.00000000E+00 0.3362E-13      5
  225   17     0    -108      0    108  0.92415458E+00  0.00000000E+00 0.1881E-12      6
  226   17     0    -107      0    107  0.93216376E+00  0.00000000E+00 0.3137E-12      6
  227   17     0    -106      0    106  0.93962807E+00  0.00000000E+00 0.3691E-12      6
  228   17     0    -105      0    105  0.94857768E+00  0.00000000E+00 0.2760E-13      6
  229   17     0    -104      0    104  0.95817564E+00  0.00000000E+00 0.7948E-13      6
  230   17     0    -103      0    103  0.96684965E+00  0.00000000E+00 0.8011E-13      5
  231   17     0    -102      0    102  0.97476737E+00  0.00000000E+00 0.1967E-12      6
  232   17     0    -101      0    101  0.98428707E+00  0.00000000E+00 0.3858E-14      6
  233   17     0    -100      0    100  0.99464794E+00  0.00000000E+00 0.1901E-13      6
  234   17     0     -99      0     99  0.10041238E+01  0.00000000E+00 0.3600E-12      6
  235   17     0     -98      0     98  0.10125676E+01  0.00000000E+00 0.5319E-14      6
  236   17     0     -97      0     97  0.10227096E+01  0.00000000E+00 0.1676E-13      6
  237   17     0     -96      0     96  0.10339387E+01  0.00000000E+00 0.6029E-13      6
  238   17     0     -95      0     95  0.10443384E+01  0.00000000E+00 0.5315E-13      6
  239   17     0     -94      0     94  0.10534291E+01  0.00000000E+00 0.1547E-12      6
  240   17     0     -93      0     93  0.10643130E+01  0.00000000E+00 0.2365E-12      5
  241   17     0     -92      0     92  0.10765490E+01  0.00000000E+00 0.7884E-13      6
  242   17     0     -91      0     91  0.10880001E+01  0.00000000E+00 0.2033E-12      6
  243   17     0     -90      0     90  0.10978445E+01  0.00000000E+00 0.7559E-13      6
  244   17     0     -89      0     89  0.11095678E+01  0.00000000E+00 0.1702E-12      5
  245   17     0     -88      0     88  0.11229333E+01  0.00000000E+00 0.7564E-13      6
  246   17     0     -87      0     87  0.11355879E+01  0.00000000E+00 0.1420E-12      6
  247   17     0     -86      0     86  0.11463091E+01  0.00000000E+00 0.2430E-12      6
  248   17     0     -85      0     85  0.11589446E+01  0.00000000E+00 0.8923E-13      6
  249   17     0     -84      0     84  0.11735854E+01  0.00000000E+00 0.2268E-12      6
  250   17     0     -83      0     83  0.11876069E+01  0.00000000E+00 0.1966E-12      6
  251   17     0     -82      0     82  0.11992803E+01  0.00000000E+00 0.2179E-12      6
  252   17     0     -81      0     81  0.12129401E+01  0.00000000E+00 0.2558E-12      6
  253   17     0     -80      0     80  0.12290309E+01  0.00000000E+00 0.2177E-12      5
  254   17     0     -79      0     79  0.12445367E+01  0.00000000E+00 0.1642E-12      6
  255   17     0     -78      0     78  0.12572787E+01  0.00000000E+00 0.6612E-13      6
  256   17     0     -77      0     77  0.12721904E+01  0.00000000E+00 0.2036E-12      6
  257   17     0     -76      0     76  0.12899503E+01  0.00000000E+00 0.8065E-13      6
  258   17     0     -75      0     75  0.13071357E+01  0.00000000E+00 0.1788E-12      6
  259   17     0     -74      0     74  0.13211143E+01  0.00000000E+00 0.7104E-13      6
  260   17     0     -73      0     73  0.13374354E+01  0.00000000E+00 0.1446E-12      6
  261   17     0     -72      0     72  0.13570247E+01  0.00000000E+00 0.9124E-13      6
  262   17     0     -71      0     71  0.13759614E+01  0.00000000E+00 0.1205E-12      6
  263   17     0     -70      0     70  0.13912181E+01  0.00000000E+00 0.5703E-13      6
  264   17     0     -69      0     69  0.14092346E+01  0.00000000E+00 0.2327E-13      6
  265   17     0     -68      0     68  0.14309552E+01  0.00000000E+00 0.3034E-12      5
  266   17     0     -67      0     67  0.14519492E+01  0.00000000E+00 0.3223E-12      5
  267   17     0     -66      0     66  0.14686530E+01  0.00000000E+00 0.4045E-12      6
  268   17     0     -65      0     65  0.14886362E+01  0.00000000E+00 0.2271E-12      6
  269   17     0     -64      0     64  0.15128755E+01  0.00000000E+00 0.4733E-13      5
  270   17     0     -63      0     63  0.15360757E+01  0.00000000E+00 0.1053E-12      6
  271   17     0     -62      0     62  0.15542497E+01  0.00000000E+00 0.1076E-12      6
  272   17     0     -61      0     61  0.15768836E+01  0.00000000E+00 0.3743E-13      6
  273   17     0     -60      0     60  0.16041096E+01  0.00000000E+00 0.2274E-13      6
  274   17     0     -59      0     59  0.16296542E+01  0.00000000E+00 0.5399E-13      6
  275   17     0     -58      0     58  0.16497195E+01  0.00000000E+00 0.3494E-13      6
  276   17     0     -57      0     57  0.16756081E+01  0.00000000E+00 0.2761E-13      6
  277   17     0     -56      0     56  0.17062409E+01  0.00000000E+00 0.1432E-12      6
  Time elapsed :      2.144 s

Starting search (non-adiabatic)

Finding roots
  Time elapsed :    122.889 s

Processing modes
   id    l     m    n_pg    n_p    n_g       Re(omega)       Im(omega)        chi n_iter
  162   17     0    -171      0    171  0.58878512E+00 -0.11096353E-02 0.6126E-12      7
  163   17     0    -170      0    170  0.59207013E+00 -0.99793286E-03 0.2889E-12      9
  164   17     0    -169      0    169  0.59534585E+00 -0.10668742E-02 0.4363E-12      8
  165   17     0    -168      0    168  0.59901387E+00 -0.11245844E-02 0.2212E-12      8
  166   17     0    -167      0    167  0.60274463E+00 -0.10476143E-02 0.8151E-12      8
  167   17     0    -166      0    166  0.60616442E+00 -0.94741616E-03 0.8394E-13      7
  168   17     0    -165      0    165  0.60963363E+00 -0.10251118E-02 0.7356E-12      7
  169   17     0    -164      0    164  0.61351589E+00 -0.10711974E-02 0.2327E-12      8
  170   17     0    -163      0    163  0.61741854E+00 -0.98165358E-03 0.5390E-12      8
  171   17     0    -162      0    162  0.62094787E+00 -0.88765700E-03 0.2037E-12      6
  172   17     0    -161      0    161  0.62459768E+00 -0.98307485E-03 0.5652E-12      7
  173   17     0    -160      0    160  0.62871060E+00 -0.10241610E-02 0.9031E-12      6
  174   17     0    -159      0    159  0.63281059E+00 -0.92975265E-03 0.4524E-12      8
  175   17     0    -158      0    158  0.63649475E+00 -0.84491803E-03 0.3023E-12      7
  176   17     0    -157      0    157  0.64034897E+00 -0.94705257E-03 0.4331E-12      6
  177   17     0    -156      0    156  0.64469113E+00 -0.98366378E-03 0.3018E-12      6
  178   17     0    -155      0    155  0.64898235E+00 -0.88460611E-03 0.6065E-13      7
  179   17     0    -154      0    154  0.65280864E+00 -0.80979460E-03 0.7851E-13      7
  180   17     0    -153      0    153  0.65687744E+00 -0.92357906E-03 0.7898E-12      7
  181   17     0    -152      0    152  0.66147606E+00 -0.95940961E-03 0.7154E-12      6
  182   17     0    -151      0    151  0.66600402E+00 -0.86029875E-03 0.4227E-12      6
  183   17     0    -150      0    150  0.67001882E+00 -0.78549927E-03 0.2993E-12      6
  184   17     0    -149      0    149  0.67429419E+00 -0.90139761E-03 0.1166E-11      7
  185   17     0    -148      0    148  0.67913218E+00 -0.93505238E-03 0.4313E-12      6
  186   17     0    -147      0    147  0.68387313E+00 -0.83411731E-03 0.1104E-11      7
  187   17     0    -146      0    146  0.68809309E+00 -0.77362146E-03 0.1317E-11      7
  188   17     0    -145      0    145  0.69264537E+00 -0.88834492E-03 0.6073E-12      7
  189   17     0    -144      0    144  0.69775789E+00 -0.91266958E-03 0.3455E-12      7
  190   17     0    -143      0    143  0.70272000E+00 -0.80786200E-03 0.4516E-12      7
  191   17     0    -142      0    142  0.70715717E+00 -0.76385344E-03 0.1114E-11      7
  192   17     0    -141      0    141  0.71200993E+00 -0.87688988E-03 0.1038E-11      6
  193   17     0    -140      0    140  0.71740816E+00 -0.89099766E-03 0.2774E-12      8
  194   17     0    -139      0    139  0.72258376E+00 -0.78253798E-03 0.5539E-12      6
  195   17     0    -138      0    138  0.72725656E+00 -0.76300309E-03 0.6907E-12      7
  196   17     0    -137      0    137  0.73246595E+00 -0.87744575E-03 0.1171E-11      6
  197   17     0    -136      0    136  0.73820252E+00 -0.88410362E-03 0.8088E-12      6
  198   17     0    -135      0    135  0.74362688E+00 -0.76826804E-03 0.4709E-12      8
  199   17     0    -134      0    134  0.74852151E+00 -0.76710793E-03 0.1143E-11      6
  200   17     0    -133      0    133  0.75408363E+00 -0.89152501E-03 0.7879E-12      8
  201   17     0    -132      0    132  0.76018389E+00 -0.89490594E-03 0.6347E-12      6
  202   17     0    -131      0    131  0.76589716E+00 -0.77445995E-03 0.7975E-12      7
  203   17     0    -130      0    130  0.77107691E+00 -0.78910138E-03 0.8207E-12      6
  204   17     0    -129      0    129  0.77701920E+00 -0.91755546E-03 0.9470E-12      6
  205   17     0    -128      0    128  0.78347870E+00 -0.91305968E-03 0.3230E-12      9
  206   17     0    -127      0    127  0.78944911E+00 -0.78664243E-03 0.1429E-11      6
  207   17     0    -126      0    126  0.79495101E+00 -0.82980955E-03 0.4223E-12      6
  208   17     0    -125      0    125  0.80134792E+00 -0.95991718E-03 0.1066E-11      7
  209   17     0    -124      0    124  0.80821964E+00 -0.94557109E-03 0.1244E-11      6
  210   17     0    -123      0    123  0.81449090E+00 -0.80917626E-03 0.1236E-11      7
  211   17     0    -122      0    122  0.82032436E+00 -0.87538830E-03 0.7329E-12      7
  212   17     0    -121      0    121  0.82718531E+00 -0.10137306E-02 0.5775E-12      8
  213   17     0    -120      0    120  0.83451495E+00 -0.99667940E-03 0.6112E-12      8
  214   17     0    -119      0    119  0.84115739E+00 -0.85187086E-03 0.1121E-11      7
  215   17     0    -118      0    118  0.84735758E+00 -0.93716811E-03 0.2222E-11      7
  216   17     0    -117      0    117  0.85469912E+00 -0.10922221E-02 0.6588E-13      7
  217   17     0    -116      0    116  0.86251893E+00 -0.10764344E-02 0.2898E-11      6
  218   17     0    -115      0    115  0.86955626E+00 -0.91998820E-03 0.5650E-12      6
  219   17     0    -114      0    114  0.87615284E+00 -0.10310703E-02 0.1945E-11      7
  220   17     0    -113      0    113  0.88401978E+00 -0.12070069E-02 0.1315E-11      7
  221   17     0    -112      0    112  0.89237360E+00 -0.11885310E-02 0.2053E-12      8
  222   17     0    -111      0    111  0.89984113E+00 -0.10076973E-02 0.8613E-12      6
  223   17     0    -110      0    110  0.90683374E+00 -0.11361757E-02 0.1237E-11      6
  224   17     0    -109      0    109  0.91523558E+00 -0.13245065E-02 0.1700E-11      7
  225   17     0    -110      0    110  0.92417009E+00 -0.12916219E-02 0.6849E-12      7
  226   17     0    -108      0    108  0.93216982E+00 -0.10762790E-02 0.1526E-11      6
  227   17     0    -107      0    107  0.93959486E+00 -0.11860818E-02 0.3952E-12      7
  228   17     0    -106      0    106  0.94854514E+00 -0.13646606E-02 0.1958E-11      7
  229   17     0    -105      0    105  0.95814759E+00 -0.13105033E-02 0.1437E-11      8
  230   17     0    -104      0    104  0.96682123E+00 -0.10619603E-02 0.3250E-12      7
  231   17     0    -103      0    103  0.97470014E+00 -0.11167222E-02 0.3699E-12      8
  232   17     0    -102      0    102  0.98421752E+00 -0.12684503E-02 0.2375E-12      7
  233   17     0    -101      0    101  0.99458797E+00 -0.11930024E-02 0.1839E-11      8
  234   17     0    -100      0    100  0.10040780E+01 -0.93530920E-03 0.9081E-12      7
  235   17     0     -99      0     99  0.10125001E+01 -0.92285382E-03 0.9558E-12      8
  236   17     0     -98      0     98  0.10226468E+01 -0.10286418E-02 0.4100E-11      6
  237   17     0     -97      0     97  0.10338939E+01 -0.93920660E-03 0.1945E-11      7
  238   17     0     -96      0     96  0.10443130E+01 -0.71062775E-03 0.8011E-12      6
  239   17     0     -95      0     95  0.10534004E+01 -0.66054010E-03 0.1201E-11      7
  240   17     0     -94      0     94  0.10642962E+01 -0.72514309E-03 0.1307E-11      6
  241   17     0     -93      0     93  0.10765481E+01 -0.64968176E-03 0.1904E-12      6
  242   17     0     -92      0     92  0.10880088E+01 -0.48241507E-03 0.3045E-11      7
  243   17     0     -91      0     91  0.10978540E+01 -0.43034930E-03 0.9569E-12      6
  244   17     0     -90      0     90  0.11095888E+01 -0.47372328E-03 0.1977E-11      5
  245   17     0     -89      0     89  0.11229620E+01 -0.42438149E-03 0.4040E-11      5
  246   17     0     -88      0     88  0.11356158E+01 -0.31465807E-03 0.1101E-11      6
  247   17     0     -87      0     87  0.11463354E+01 -0.26994886E-03 0.1731E-11      6
  248   17     0     -86      0     86  0.11589798E+01 -0.30008943E-03 0.5612E-11      7
  249   17     0     -85      0     85  0.11736230E+01 -0.27030833E-03 0.5952E-12      6
  250   17     0     -84      0     84  0.11876386E+01 -0.20015503E-03 0.1837E-11      7
  251   17     0     -83      0     83  0.11993082E+01 -0.16534809E-03 0.3134E-11      5
  252   17     0     -82      0     82  0.12129749E+01 -0.18731671E-03 0.1972E-11      6
  253   17     0     -81      0     81  0.12290658E+01 -0.17000066E-03 0.3573E-11      6
  254   17     0     -80      0     80  0.12445645E+01 -0.12571141E-03 0.6481E-11      5
  255   17     0     -79      0     79  0.12573022E+01 -0.10173236E-03 0.7287E-11      5
  256   17     0     -78      0     78  0.12722192E+01 -0.11718329E-03 0.6185E-11      6
  257   17     0     -77      0     77  0.12899783E+01 -0.10705534E-03 0.5852E-11      5
  258   17     0     -76      0     76  0.13071576E+01 -0.79537500E-04 0.8372E-11      6
  259   17     0     -75      0     75  0.13211324E+01 -0.63599955E-04 0.2471E-10      5
  260   17     0     -74      0     74  0.13374575E+01 -0.74909647E-04 0.3578E-10      5
  261   17     0     -73      0     73  0.13570461E+01 -0.69565792E-04 0.1803E-10      5
  262   17     0     -72      0     72  0.13759779E+01 -0.52045633E-04 0.2812E-10      5
  263   17     0     -71      0     71  0.13912317E+01 -0.41922118E-04 0.7102E-10      6
  264   17     0     -70      0     70  0.14092514E+01 -0.50273978E-04 0.3415E-10      6
  265   17     0     -69      0     69  0.14309712E+01 -0.46734880E-04 0.3889E-10      6
  266   17     0     -68      0     68  0.14519612E+01 -0.34568048E-04 0.2353E-10      5
  267   17     0     -67      0     67  0.14686627E+01 -0.27466481E-04 0.1024E-09      4
  268   17     0     -66      0     66  0.14886482E+01 -0.33168090E-04 0.1062E-10      5
  269   17     0     -65      0     65  0.15128866E+01 -0.30420732E-04 0.3419E-10      7
  270   17     0     -64      0     64  0.15360838E+01 -0.21815203E-04 0.3872E-10      5
  271   17     0     -63      0     63  0.15542564E+01 -0.17788201E-04 0.9932E-10      5
  272   17     0     -62      0     62  0.15768918E+01 -0.21689602E-04 0.2066E-10      6
  273   17     0     -61      0     61  0.16041172E+01 -0.19664103E-04 0.8215E-10      7
  274   17     0     -60      0     60  0.16296595E+01 -0.13798996E-04 0.2793E-09      4
  275   17     0     -59      0     59  0.16497242E+01 -0.11969523E-04 0.4372E-10      5
  276   17     0     -58      0     58  0.16756138E+01 -0.14432012E-04 0.1946E-09      5
  277   17     0     -57      0     57  0.17062461E+01 -0.12921448E-04 0.6992E-10      5
  Time elapsed :      7.135 s

Mode Search
-----------

Mode parameters
   l : 18
   m : 0

Building frequency grid (REAL axis)
   added scan interval :  0.5234E+00 ->  0.2104E+01 (3000 points, INVERSE)

Building spatial grid
   Scaffold grid from model
   Split 274 subinterval(s) in iteration 1
   Split 28 subinterval(s) in iteration 2
   Split 0 subinterval(s) in iteration 3
   Final grid has 1 segment(s) and 7439 point(s):
      Segment 1 : x range 0.0000 -> 1.0012 (1 -> 7439)

Starting search (adiabatic)

Scanning frequencies
  Time elapsed :    35.473 s

Finding roots
  Time elapsed :      9.005 s

Processing modes
   id    l     m    n_pg    n_p    n_g       Re(omega)       Im(omega)        chi n_iter
  313   18     0    -180      0    180  0.59193993E+00  0.00000000E+00 0.5611E-12      5
  314   18     0    -179      0    179  0.59536620E+00  0.00000000E+00 0.1931E-12      6
  315   18     0    -178      0    178  0.59855080E+00  0.00000000E+00 0.5118E-12      5
  316   18     0    -177      0    177  0.60172043E+00  0.00000000E+00 0.3885E-12      6
  317   18     0    -176      0    176  0.60521272E+00  0.00000000E+00 0.2250E-12      5
  318   18     0    -175      0    175  0.60876403E+00  0.00000000E+00 0.1619E-12      5
  319   18     0    -174      0    174  0.61207679E+00  0.00000000E+00 0.1508E-12      5
  320   18     0    -173      0    173  0.61543112E+00  0.00000000E+00 0.1604E-12      5
  321   18     0    -172      0    172  0.61911000E+00  0.00000000E+00 0.3139E-12      5
  322   18     0    -171      0    171  0.62281171E+00  0.00000000E+00 0.4107E-12      6
  323   18     0    -170      0    170  0.62624294E+00  0.00000000E+00 0.3692E-13      5
  324   18     0    -169      0    169  0.62975433E+00  0.00000000E+00 0.1570E-12      6
  325   18     0    -168      0    168  0.63362058E+00  0.00000000E+00 0.3282E-12      5
  326   18     0    -167      0    167  0.63749013E+00  0.00000000E+00 0.9326E-12      6
  327   18     0    -166      0    166  0.64106995E+00  0.00000000E+00 0.9851E-13      5
  328   18     0    -165      0    165  0.64477341E+00  0.00000000E+00 0.3987E-14      6
  329   18     0    -164      0    164  0.64885327E+00  0.00000000E+00 0.2938E-12      5
  330   18     0    -163      0    163  0.65289968E+00  0.00000000E+00 0.3250E-12      5
  331   18     0    -162      0    162  0.65660100E+00  0.00000000E+00 0.1915E-12      5
  332   18     0    -161      0    161  0.66048717E+00  0.00000000E+00 0.1030E-12      6
  333   18     0    -160      0    160  0.66480218E+00  0.00000000E+00 0.5408E-12      5
  334   18     0    -159      0    159  0.66906118E+00  0.00000000E+00 0.3558E-12      6
  335   18     0    -158      0    158  0.67293171E+00  0.00000000E+00 0.3739E-12      5
  336   18     0    -157      0    157  0.67702065E+00  0.00000000E+00 0.1036E-12      5
  337   18     0    -156      0    156  0.68157218E+00  0.00000000E+00 0.4341E-13      6
  338   18     0    -155      0    155  0.68604061E+00  0.00000000E+00 0.2419E-13      6
  339   18     0    -154      0    154  0.69007024E+00  0.00000000E+00 0.1279E-12      5
  340   18     0    -153      0    153  0.69437536E+00  0.00000000E+00 0.6823E-12      5
  341   18     0    -152      0    152  0.69919554E+00  0.00000000E+00 0.4196E-12      5
  342   18     0    -151      0    151  0.70392430E+00  0.00000000E+00 0.1810E-12      6
  343   18     0    -150      0    150  0.70815710E+00  0.00000000E+00 0.1530E-12      6
  344   18     0    -149      0    149  0.71266905E+00  0.00000000E+00 0.3744E-13      6
  345   18     0    -148      0    148  0.71773991E+00  0.00000000E+00 0.1080E-12      5
  346   18     0    -147      0    147  0.72270509E+00  0.00000000E+00 0.1166E-12      5
  347   18     0    -146      0    146  0.72716101E+00  0.00000000E+00 0.3460E-12      6
  348   18     0    -145      0    145  0.73195078E+00  0.00000000E+00 0.1038E-12      6
  349   18     0    -144      0    144  0.73730854E+00  0.00000000E+00 0.3122E-12      5
  350   18     0    -143      0    143  0.74251826E+00  0.00000000E+00 0.2995E-12      6
  351   18     0    -142      0    142  0.74720669E+00  0.00000000E+00 0.1875E-12      5
  352   18     0    -141      0    141  0.75229897E+00  0.00000000E+00 0.2586E-12      6
  353   18     0    -140      0    140  0.75795716E+00  0.00000000E+00 0.7833E-13      6
  354   18     0    -139      0    139  0.76340580E+00  0.00000000E+00 0.2044E-12      6
  355   18     0    -138      0    138  0.76834383E+00  0.00000000E+00 0.2239E-12      6
  356   18     0    -137      0    137  0.77379723E+00  0.00000000E+00 0.2849E-12      5
  357   18     0    -136      0    136  0.77981258E+00  0.00000000E+00 0.1763E-12      6
  358   18     0    -135      0    135  0.78553807E+00  0.00000000E+00 0.2452E-12      6
  359   18     0    -134      0    134  0.79071000E+00  0.00000000E+00 0.1627E-12      6
  360   18     0    -133      0    133  0.79652051E+00  0.00000000E+00 0.1310E-12      5
  361   18     0    -132      0    132  0.80292181E+00  0.00000000E+00 0.5441E-13      5
  362   18     0    -131      0    131  0.80896889E+00  0.00000000E+00 0.9227E-14      6
  363   18     0    -130      0    130  0.81443793E+00  0.00000000E+00 0.3333E-13      6
  364   18     0    -129      0    129  0.82063429E+00  0.00000000E+00 0.2757E-13      5
  365   18     0    -128      0    128  0.82741840E+00  0.00000000E+00 0.1453E-12      5
  366   18     0    -127      0    127  0.83375618E+00  0.00000000E+00 0.4613E-12      5
  367   18     0    -126      0    126  0.83955391E+00  0.00000000E+00 0.1918E-12      6
  368   18     0    -125      0    125  0.84621486E+00  0.00000000E+00 0.2169E-12      5
  369   18     0    -124      0    124  0.85343939E+00  0.00000000E+00 0.2120E-13      6
  370   18     0    -123      0    123  0.86011507E+00  0.00000000E+00 0.1209E-12      6
  371   18     0    -122      0    122  0.86624962E+00  0.00000000E+00 0.9143E-13      6
  372   18     0    -121      0    121  0.87338256E+00  0.00000000E+00 0.3284E-13      6
  373   18     0    -120      0    120  0.88109414E+00  0.00000000E+00 0.3462E-12      6
  374   18     0    -119      0    119  0.88818244E+00  0.00000000E+00 0.4643E-13      6
  375   18     0    -118      0    118  0.89469240E+00  0.00000000E+00 0.5000E-14      6
  376   18     0    -117      0    117  0.90231185E+00  0.00000000E+00 0.1416E-12      6
  377   18     0    -116      0    116  0.91054428E+00  0.00000000E+00 0.3039E-12      6
  378   18     0    -115      0    115  0.91807437E+00  0.00000000E+00 0.3652E-14      6
  379   18     0    -114      0    114  0.92499052E+00  0.00000000E+00 0.1221E-12      6
  380   18     0    -113      0    113  0.93314437E+00  0.00000000E+00 0.3867E-13      5
  381   18     0    -112      0    112  0.94194686E+00  0.00000000E+00 0.5023E-13      5
  382   18     0    -111      0    111  0.94996110E+00  0.00000000E+00 0.3470E-13      6
  383   18     0    -110      0    110  0.95729070E+00  0.00000000E+00 0.1768E-12      6
  384   18     0    -109      0    109  0.96599329E+00  0.00000000E+00 0.6216E-13      5
  385   18     0    -108      0    108  0.97541592E+00  0.00000000E+00 0.1205E-13      5
  386   18     0    -107      0    107  0.98401736E+00  0.00000000E+00 0.7424E-13      6
  387   18     0    -106      0    106  0.99180992E+00  0.00000000E+00 0.1787E-12      6
  388   18     0    -105      0    105  0.10010703E+01  0.00000000E+00 0.1026E-12      5
  389   18     0    -104      0    104  0.10111896E+01  0.00000000E+00 0.1655E-12      6
  390   18     0    -103      0    103  0.10205151E+01  0.00000000E+00 0.9419E-13      6
  391   18     0    -102      0    102  0.10287968E+01  0.00000000E+00 0.1510E-12      6
  392   18     0    -101      0    101  0.10386118E+01  0.00000000E+00 0.1890E-12      6
  393   18     0    -100      0    100  0.10495137E+01  0.00000000E+00 0.1182E-12      6
  394   18     0     -99      0     99  0.10597074E+01  0.00000000E+00 0.1432E-12      6
  395   18     0     -98      0     98  0.10685730E+01  0.00000000E+00 0.1868E-12      6
  396   18     0     -97      0     97  0.10789877E+01  0.00000000E+00 0.1984E-12      6
  397   18     0     -96      0     96  0.10907803E+01  0.00000000E+00 0.1761E-12      6
  398   18     0     -95      0     95  0.11019724E+01  0.00000000E+00 0.1873E-12      5
  399   18     0     -94      0     94  0.11115601E+01  0.00000000E+00 0.1500E-12      6
  400   18     0     -93      0     93  0.11226972E+01  0.00000000E+00 0.6096E-13      5
  401   18     0     -92      0     92  0.11355218E+01  0.00000000E+00 0.1275E-12      5
  402   18     0     -91      0     91  0.11478416E+01  0.00000000E+00 0.2394E-13      6
  403   18     0     -90      0     90  0.11582678E+01  0.00000000E+00 0.1097E-13      6
  404   18     0     -89      0     89  0.11702193E+01  0.00000000E+00 0.9047E-13      6
  405   18     0     -88      0     88  0.11841937E+01  0.00000000E+00 0.2984E-13      6
  406   18     0     -87      0     87  0.11977934E+01  0.00000000E+00 0.9922E-13      6
  407   18     0     -86      0     86  0.12092047E+01  0.00000000E+00 0.3353E-13      6
  408   18     0     -85      0     85  0.12220362E+01  0.00000000E+00 0.7295E-13      6
  409   18     0     -84      0     84  0.12373023E+01  0.00000000E+00 0.1450E-12      5
  410   18     0     -83      0     83  0.12523542E+01  0.00000000E+00 0.2898E-13      6
  411   18     0     -82      0     82  0.12648442E+01  0.00000000E+00 0.1200E-12      6
  412   18     0     -81      0     81  0.12786541E+01  0.00000000E+00 0.1752E-12      5
  413   18     0     -80      0     80  0.12953900E+01  0.00000000E+00 0.7308E-13      5
  414   18     0     -79      0     79  0.13120248E+01  0.00000000E+00 0.3015E-13      6
  415   18     0     -78      0     78  0.13257023E+01  0.00000000E+00 0.1008E-12      5
  416   18     0     -77      0     77  0.13407215E+01  0.00000000E+00 0.3028E-14      6
  417   18     0     -76      0     76  0.13591593E+01  0.00000000E+00 0.1400E-12      5
  418   18     0     -75      0     75  0.13775741E+01  0.00000000E+00 0.9707E-13      6
  419   18     0     -74      0     74  0.13926050E+01  0.00000000E+00 0.9553E-13      6
  420   18     0     -73      0     73  0.14089861E+01  0.00000000E+00 0.4661E-13      6
  421   18     0     -72      0     72  0.14292756E+01  0.00000000E+00 0.3191E-12      5
  422   18     0     -71      0     71  0.14495456E+01  0.00000000E+00 0.2065E-13      6
  423   18     0     -70      0     70  0.14659414E+01  0.00000000E+00 0.8558E-13      6
  424   18     0     -69      0     69  0.14839558E+01  0.00000000E+00 0.6602E-13      6
  425   18     0     -68      0     68  0.15064192E+01  0.00000000E+00 0.9740E-14      5
  426   18     0     -67      0     67  0.15288883E+01  0.00000000E+00 0.7443E-14      6
  427   18     0     -66      0     66  0.15468573E+01  0.00000000E+00 0.1003E-12      6
  428   18     0     -65      0     65  0.15667611E+01  0.00000000E+00 0.3650E-14      6
  429   18     0     -64      0     64  0.15918104E+01  0.00000000E+00 0.7674E-13      6
  430   18     0     -63      0     63  0.16166982E+01  0.00000000E+00 0.2624E-14      6
  431   18     0     -62      0     62  0.16361937E+01  0.00000000E+00 0.2033E-13      6
  432   18     0     -61      0     61  0.16586346E+01  0.00000000E+00 0.1690E-12      6
  433   18     0     -60      0     60  0.16867735E+01  0.00000000E+00 0.2584E-12      6
  Time elapsed :      2.639 s

Starting search (non-adiabatic)

Finding roots
  Time elapsed :    130.599 s

Processing modes
   id    l     m    n_pg    n_p    n_g       Re(omega)       Im(omega)        chi n_iter
  313   18     0    -180      0    180  0.59111930E+00 -0.13712149E-02 0.6244E-12      8
  314   18     0    -179      0    179  0.59460360E+00 -0.13254128E-02 0.5123E-12      7
  315   18     0    -178      0    178  0.59785618E+00 -0.11761449E-02 0.2130E-12      9
  316   18     0    -177      0    177  0.60094847E+00 -0.12066248E-02 0.8305E-12      7
  317   18     0    -176      0    176  0.60440636E+00 -0.13001589E-02 0.6454E-12      8
  318   18     0    -175      0    175  0.60802063E+00 -0.12472214E-02 0.9061E-12      8
  319   18     0    -174      0    174  0.61138878E+00 -0.11202142E-02 0.2240E-12      9
  320   18     0    -173      0    173  0.61467290E+00 -0.11696877E-02 0.6127E-12      8
  321   18     0    -172      0    172  0.61833078E+00 -0.12442883E-02 0.2998E-12      7
  322   18     0    -171      0    171  0.62210257E+00 -0.11782053E-02 0.8378E-12      8
  323   18     0    -170      0    170  0.62558598E+00 -0.10561708E-02 0.2778E-12      8
  324   18     0    -169      0    169  0.62902887E+00 -0.11200023E-02 0.4270E-12      8
  325   18     0    -168      0    168  0.63288330E+00 -0.11854436E-02 0.8224E-12      8
  326   18     0    -167      0    167  0.63682780E+00 -0.11104021E-02 0.5542E-12      9
  327   18     0    -166      0    166  0.64045485E+00 -0.99889405E-03 0.8471E-13      9
  328   18     0    -165      0    165  0.64409747E+00 -0.10724419E-02 0.4765E-12      9
  329   18     0    -164      0    164  0.64817727E+00 -0.11261250E-02 0.5401E-12      8
  330   18     0    -163      0    163  0.65230679E+00 -0.10383687E-02 0.5135E-12      8
  331   18     0    -162      0    162  0.65605114E+00 -0.93164180E-03 0.2921E-12      8
  332   18     0    -161      0    161  0.65987807E+00 -0.10245071E-02 0.4812E-12      6
  333   18     0    -160      0    160  0.66420087E+00 -0.10736879E-02 0.3221E-12      7
  334   18     0    -159      0    159  0.66854265E+00 -0.98114961E-03 0.1001E-11      7
  335   18     0    -158      0    158  0.67245136E+00 -0.88283654E-03 0.3761E-12      7
  336   18     0    -157      0    157  0.67648836E+00 -0.98327755E-03 0.5770E-12      6
  337   18     0    -156      0    156  0.68105209E+00 -0.10281885E-02 0.6824E-12      7
  338   18     0    -155      0    155  0.68559951E+00 -0.93133479E-03 0.1202E-11      8
  339   18     0    -154      0    154  0.68965873E+00 -0.84219669E-03 0.4749E-12      6
  340   18     0    -153      0    153  0.69391567E+00 -0.95544467E-03 0.1738E-12      7
  341   18     0    -152      0    152  0.69874892E+00 -0.99975356E-03 0.2381E-12      8
  342   18     0    -151      0    151  0.70354887E+00 -0.90320368E-03 0.5707E-12      6
  343   18     0    -150      0    150  0.70780853E+00 -0.81355636E-03 0.1103E-11      6
  344   18     0    -149      0    149  0.71227816E+00 -0.92875880E-03 0.2952E-12      7
  345   18     0    -148      0    148  0.71736290E+00 -0.97109656E-03 0.7017E-12      7
  346   18     0    -147      0    147  0.72239128E+00 -0.87272041E-03 0.8125E-12      7
  347   18     0    -146      0    146  0.72686504E+00 -0.79710929E-03 0.6350E-12      6
  348   18     0    -145      0    145  0.73162222E+00 -0.91201266E-03 0.6320E-12      7
  349   18     0    -144      0    144  0.73699756E+00 -0.94472455E-03 0.7634E-12      6
  350   18     0    -143      0    143  0.74226354E+00 -0.84213345E-03 0.3847E-12      7
  351   18     0    -142      0    142  0.74696178E+00 -0.78280855E-03 0.2921E-12      7
  352   18     0    -141      0    141  0.75203139E+00 -0.89721732E-03 0.5388E-12      6
  353   18     0    -140      0    140  0.75771067E+00 -0.91957925E-03 0.3092E-12      7
  354   18     0    -139      0    139  0.76320805E+00 -0.81286009E-03 0.5423E-12      7
  355   18     0    -138      0    138  0.76814749E+00 -0.77773597E-03 0.7262E-12      6
  356   18     0    -137      0    137  0.77358763E+00 -0.89520904E-03 0.3766E-12      6
  357   18     0    -136      0    136  0.77962607E+00 -0.91031622E-03 0.9611E-12      7
  358   18     0    -135      0    135  0.78539374E+00 -0.79619581E-03 0.8187E-12      6
  359   18     0    -134      0    134  0.79056081E+00 -0.77792631E-03 0.5533E-12      6
  360   18     0    -133      0    133  0.79636445E+00 -0.90700190E-03 0.7557E-12      6
  361   18     0    -132      0    132  0.80278901E+00 -0.91947809E-03 0.1918E-12      8
  362   18     0    -131      0    131  0.80887034E+00 -0.80047286E-03 0.4268E-12      7
  363   18     0    -130      0    130  0.81433093E+00 -0.79633356E-03 0.8306E-12      7
  364   18     0    -129      0    129  0.82052745E+00 -0.93074158E-03 0.4248E-12      7
  365   18     0    -128      0    128  0.82733514E+00 -0.93642153E-03 0.8991E-12      6
  366   18     0    -127      0    127  0.83369846E+00 -0.81026817E-03 0.7775E-12      6
  367   18     0    -126      0    126  0.83948463E+00 -0.83316142E-03 0.1446E-11      8
  368   18     0    -125      0    125  0.84615354E+00 -0.97106455E-03 0.8644E-12      7
  369   18     0    -124      0    124  0.85340168E+00 -0.96800803E-03 0.1223E-11      7
  370   18     0    -123      0    123  0.86009540E+00 -0.83104880E-03 0.1960E-11      6
  371   18     0    -122      0    122  0.86621757E+00 -0.87477232E-03 0.6611E-12      6
  372   18     0    -121      0    121  0.87336570E+00 -0.10231862E-02 0.6359E-12      7
  373   18     0    -120      0    120  0.88110069E+00 -0.10194787E-02 0.1723E-11      8
  374   18     0    -119      0    119  0.88820010E+00 -0.87416194E-03 0.1379E-11      7
  375   18     0    -118      0    118  0.89469710E+00 -0.93375544E-03 0.3189E-11      6
  376   18     0    -117      0    117  0.90233773E+00 -0.11015916E-02 0.6669E-12      8
  377   18     0    -116      0    116  0.91059243E+00 -0.11023210E-02 0.7917E-12      9
  378   18     0    -115      0    115  0.91812522E+00 -0.94506620E-03 0.3795E-12      6
  379   18     0    -114      0    114  0.92502464E+00 -0.10257896E-02 0.5752E-12      6
  380   18     0    -113      0    113  0.93320193E+00 -0.12182454E-02 0.1062E-11      8
  381   18     0    -112      0    112  0.94202173E+00 -0.12199925E-02 0.1136E-11      6
  382   18     0    -111      0    111  0.95002869E+00 -0.10379635E-02 0.3209E-12      8
  383   18     0    -110      0    110  0.95733120E+00 -0.11292465E-02 0.1973E-12      7
  384   18     0    -109      0    109  0.96605128E+00 -0.13383471E-02 0.2274E-11      8
  385   18     0    -108      1    109  0.97548199E+00 -0.13289991E-02 0.1195E-11      7
  386   18     0    -108      0    108  0.98407091E+00 -0.11138821E-02 0.1575E-11      8
  387   18     0    -107      0    107  0.99182531E+00 -0.11795975E-02 0.1447E-11      7
  388   18     0    -106      0    106  0.10010925E+01 -0.13824234E-02 0.1384E-11      7
  389   18     0    -105      0    105  0.10112143E+01 -0.13537538E-02 0.3293E-12      7
  390   18     0    -104      0    104  0.10205336E+01 -0.11089648E-02 0.1241E-12      8
  391   18     0    -103      0    103  0.10287770E+01 -0.11124171E-02 0.6952E-12      7
  392   18     0    -102      0    102  0.10385933E+01 -0.12874845E-02 0.1345E-11      6
  393   18     0    -101      0    101  0.10495009E+01 -0.12347164E-02 0.2098E-11      7
  394   18     0    -100      0    100  0.10597008E+01 -0.98215159E-03 0.2981E-12      6
  395   18     0     -99      0     99  0.10685449E+01 -0.91535350E-03 0.1420E-11      7
  396   18     0     -98      0     98  0.10789660E+01 -0.10374696E-02 0.2492E-12      8
  397   18     0     -97      0     97  0.10907729E+01 -0.96535324E-03 0.1922E-11      6
  398   18     0     -96      0     96  0.11019769E+01 -0.74299097E-03 0.9701E-12      8
  399   18     0     -95      0     95  0.11115597E+01 -0.64767615E-03 0.2475E-11      6
  400   18     0     -94      0     94  0.11227096E+01 -0.72243035E-03 0.1236E-11      6
  401   18     0     -93      0     93  0.11355476E+01 -0.66088156E-03 0.1536E-11      7
  402   18     0     -92      0     92  0.11478715E+01 -0.50130048E-03 0.2213E-11      6
  403   18     0     -91      0     91  0.11582948E+01 -0.41755842E-03 0.2886E-11      6
  404   18     0     -90      0     90  0.11702587E+01 -0.46636540E-03 0.4235E-11      6
  405   18     0     -89      0     89  0.11842398E+01 -0.42728719E-03 0.1162E-11      6
  406   18     0     -88      0     88  0.11978354E+01 -0.32476248E-03 0.1542E-11      6
  407   18     0     -87      0     87  0.12092407E+01 -0.25938522E-03 0.2468E-11      5
  408   18     0     -86      0     86  0.12220819E+01 -0.29135119E-03 0.2130E-11      7
  409   18     0     -85      0     85  0.12373504E+01 -0.26901283E-03 0.1845E-11      5
  410   18     0     -84      0     84  0.12523949E+01 -0.20514710E-03 0.1683E-11      5
  411   18     0     -83      0     83  0.12648771E+01 -0.15742776E-03 0.3704E-11      7
  412   18     0     -82      0     82  0.12786945E+01 -0.17959796E-03 0.5094E-11      7
  413   18     0     -81      0     81  0.12954308E+01 -0.16760865E-03 0.4018E-11      7
  414   18     0     -80      0     80  0.13120580E+01 -0.12810923E-03 0.7560E-11      5
  415   18     0     -79      0     79  0.13257282E+01 -0.96022722E-04 0.6202E-11      6
  416   18     0     -78      0     78  0.13407530E+01 -0.11130515E-03 0.6774E-11      6
  417   18     0     -77      0     77  0.13591906E+01 -0.10493469E-03 0.1859E-10      6
  418   18     0     -76      0     76  0.13775994E+01 -0.80944523E-04 0.1694E-10      6
  419   18     0     -75      0     75  0.13926242E+01 -0.60026959E-04 0.2385E-10      5
  420   18     0     -74      0     74  0.14090096E+01 -0.71145198E-04 0.1926E-10      7
  421   18     0     -73      0     73  0.14292990E+01 -0.68370248E-04 0.3431E-10      6
  422   18     0     -72      0     72  0.14495644E+01 -0.53240318E-04 0.1965E-10      5
  423   18     0     -71      0     71  0.14659556E+01 -0.39514199E-04 0.8278E-10      8
  424   18     0     -70      0     70  0.14839733E+01 -0.47676432E-04 0.1530E-10      5
  425   18     0     -69      0     69  0.15064363E+01 -0.45746156E-04 0.1456E-10      5
  426   18     0     -68      0     68  0.15289017E+01 -0.35233904E-04 0.1295E-10      5
  427   18     0     -67      0     67  0.15468672E+01 -0.25598545E-04 0.9367E-10      5
  428   18     0     -66      0     66  0.15667733E+01 -0.31236462E-04 0.4013E-10      5
  429   18     0     -65      0     65  0.15918222E+01 -0.29688828E-04 0.9412E-10      5
  430   18     0     -64      0     64  0.16167072E+01 -0.22370013E-04 0.3683E-10      5
  431   18     0     -63      0     63  0.16362003E+01 -0.16436208E-04 0.1028E-09      6
  432   18     0     -62      0     62  0.16586429E+01 -0.20591196E-04 0.5608E-10      4
  433   18     0     -61      0     61  0.16867815E+01 -0.19440231E-04 0.9036E-10      6
  Time elapsed :      7.514 s

Mode Search
-----------

Mode parameters
   l : 19
   m : 0

Building frequency grid (REAL axis)
   added scan interval :  0.5234E+00 ->  0.2104E+01 (3000 points, INVERSE)

Building spatial grid
   Scaffold grid from model
   Split 277 subinterval(s) in iteration 1
   Split 28 subinterval(s) in iteration 2
   Split 0 subinterval(s) in iteration 3
   Final grid has 1 segment(s) and 7442 point(s):
      Segment 1 : x range 0.0000 -> 1.0012 (1 -> 7442)

Starting search (adiabatic)

Scanning frequencies
  Time elapsed :    35.549 s

Finding roots
  Time elapsed :      9.292 s

Processing modes
   id    l     m    n_pg    n_p    n_g       Re(omega)       Im(omega)        chi n_iter
  471   19     0    -190      0    190  0.59123151E+00  0.00000000E+00 0.9600E-13      5
  472   19     0    -189      0    189  0.59412692E+00  0.00000000E+00 0.2777E-12      6
  473   19     0    -188      0    188  0.59736472E+00  0.00000000E+00 0.6265E-12      5
  474   19     0    -187      0    187  0.60071315E+00  0.00000000E+00 0.7360E-12      5
  475   19     0    -186      0    186  0.60381778E+00  0.00000000E+00 0.5934E-13      5
  476   19     0    -185      0    185  0.60683252E+00  0.00000000E+00 0.7730E-13      5
  477   19     0    -184      0    184  0.61017980E+00  0.00000000E+00 0.3057E-12      5
  478   19     0    -183      0    183  0.61364839E+00  0.00000000E+00 0.5425E-12      6
  479   19     0    -182      0    182  0.61688382E+00  0.00000000E+00 0.5647E-13      5
  480   19     0    -181      0    181  0.62005650E+00  0.00000000E+00 0.2682E-12      6
  481   19     0    -180      0    180  0.62356150E+00  0.00000000E+00 0.1410E-12      5
  482   19     0    -179      0    179  0.62717429E+00  0.00000000E+00 0.2098E-12      6
  483   19     0    -178      0    178  0.63054445E+00  0.00000000E+00 0.1362E-11      5
  484   19     0    -177      0    177  0.63386736E+00  0.00000000E+00 0.1550E-12      6
  485   19     0    -176      0    176  0.63752589E+00  0.00000000E+00 0.1903E-13      5
  486   19     0    -175      0    175  0.64127223E+00  0.00000000E+00 0.6372E-12      5
  487   19     0    -174      0    174  0.64477584E+00  0.00000000E+00 0.2143E-12      5
  488   19     0    -173      0    173  0.64828971E+00  0.00000000E+00 0.4947E-13      5
  489   19     0    -172      0    172  0.65214509E+00  0.00000000E+00 0.6770E-13      5
  490   19     0    -171      0    171  0.65605214E+00  0.00000000E+00 0.3890E-12      6
  491   19     0    -170      0    170  0.65968053E+00  0.00000000E+00 0.2109E-12      5
  492   19     0    -169      0    169  0.66335516E+00  0.00000000E+00 0.1562E-12      6
  493   19     0    -168      0    168  0.66740726E+00  0.00000000E+00 0.3408E-12      5
  494   19     0    -167      0    167  0.67149386E+00  0.00000000E+00 0.6037E-12      6
  495   19     0    -166      0    166  0.67527851E+00  0.00000000E+00 0.1847E-12      5
  496   19     0    -165      0    165  0.67915042E+00  0.00000000E+00 0.3132E-12      6
  497   19     0    -164      0    164  0.68342659E+00  0.00000000E+00 0.2466E-13      5
  498   19     0    -163      0    163  0.68770328E+00  0.00000000E+00 0.6721E-14      6
  499   19     0    -162      0    162  0.69161655E+00  0.00000000E+00 0.1395E-12      5
  500   19     0    -161      0    161  0.69567382E+00  0.00000000E+00 0.5716E-13      6
  501   19     0    -160      0    160  0.70019664E+00  0.00000000E+00 0.1169E-12      5
  502   19     0    -159      0    159  0.70470076E+00  0.00000000E+00 0.6321E-13      6
  503   19     0    -158      0    158  0.70879311E+00  0.00000000E+00 0.2887E-12      5
  504   19     0    -157      0    157  0.71305813E+00  0.00000000E+00 0.8261E-12      5
  505   19     0    -156      0    156  0.71782840E+00  0.00000000E+00 0.6782E-12      5
  506   19     0    -155      0    155  0.72255649E+00  0.00000000E+00 0.6004E-12      6
  507   19     0    -154      0    154  0.72681699E+00  0.00000000E+00 0.1768E-12      5
  508   19     0    -153      0    153  0.73130272E+00  0.00000000E+00 0.1953E-12      5
  509   19     0    -152      0    152  0.73635369E+00  0.00000000E+00 0.9554E-12      5
  510   19     0    -151      0    151  0.74135793E+00  0.00000000E+00 0.8217E-13      6
  511   19     0    -150      0    150  0.74583506E+00  0.00000000E+00 0.8757E-12      5
  512   19     0    -149      0    149  0.75053298E+00  0.00000000E+00 0.2175E-12      6
  513   19     0    -148      0    148  0.75584572E+00  0.00000000E+00 0.1628E-12      5
  514   19     0    -147      0    147  0.76110193E+00  0.00000000E+00 0.3623E-13      6
  515   19     0    -146      0    146  0.76581219E+00  0.00000000E+00 0.4461E-12      6
  516   19     0    -145      0    145  0.77079753E+00  0.00000000E+00 0.1624E-12      6
  517   19     0    -144      0    144  0.77641263E+00  0.00000000E+00 0.9144E-13      5
  518   19     0    -143      0    143  0.78193040E+00  0.00000000E+00 0.4602E-13      5
  519   19     0    -142      0    142  0.78688143E+00  0.00000000E+00 0.2282E-12      6
  520   19     0    -141      0    141  0.79217972E+00  0.00000000E+00 0.1800E-12      6
  521   19     0    -140      0    140  0.79811307E+00  0.00000000E+00 0.5901E-12      5
  522   19     0    -139      0    139  0.80388872E+00  0.00000000E+00 0.9892E-14      5
  523   19     0    -138      0    138  0.80909546E+00  0.00000000E+00 0.1109E-12      6
  524   19     0    -137      0    137  0.81476644E+00  0.00000000E+00 0.1319E-12      6
  525   19     0    -136      0    136  0.82107721E+00  0.00000000E+00 0.4206E-12      6
  526   19     0    -135      0    135  0.82715284E+00  0.00000000E+00 0.4277E-12      5
  527   19     0    -134      0    134  0.83260037E+00  0.00000000E+00 0.2075E-12      6
  528   19     0    -133      0    133  0.83863577E+00  0.00000000E+00 0.3596E-13      6
  529   19     0    -132      0    132  0.84535384E+00  0.00000000E+00 0.1748E-12      6
  530   19     0    -131      0    131  0.85177719E+00  0.00000000E+00 0.1083E-13      6
  531   19     0    -130      0    130  0.85753153E+00  0.00000000E+00 0.3992E-12      6
  532   19     0    -129      0    129  0.86396218E+00  0.00000000E+00 0.5123E-13      6
  533   19     0    -128      0    128  0.87108594E+00  0.00000000E+00 0.3035E-12      6
  534   19     0    -127      0    127  0.87782667E+00  0.00000000E+00 0.6144E-14      6
  535   19     0    -126      0    126  0.88391307E+00  0.00000000E+00 0.5472E-13      6
  536   19     0    -125      0    125  0.89082235E+00  0.00000000E+00 0.1859E-12      6
  537   19     0    -124      0    124  0.89841391E+00  0.00000000E+00 0.2631E-12      6
  538   19     0    -123      0    123  0.90552434E+00  0.00000000E+00 0.1046E-12      6
  539   19     0    -122      0    122  0.91195298E+00  0.00000000E+00 0.1712E-12      5
  540   19     0    -121      0    121  0.91934464E+00  0.00000000E+00 0.2977E-12      6
  541   19     0    -120      0    120  0.92745020E+00  0.00000000E+00 0.6854E-13      6
  542   19     0    -119      0    119  0.93500966E+00  0.00000000E+00 0.2802E-12      6
  543   19     0    -118      0    118  0.94182466E+00  0.00000000E+00 0.6408E-13      6
  544   19     0    -117      0    117  0.94970890E+00  0.00000000E+00 0.2046E-13      5
  545   19     0    -116      0    116  0.95836166E+00  0.00000000E+00 0.2083E-12      5
  546   19     0    -115      0    115  0.96640370E+00  0.00000000E+00 0.9373E-13      5
  547   19     0    -114      0    114  0.97363457E+00  0.00000000E+00 0.3581E-13      6
  548   19     0    -113      0    113  0.98205717E+00  0.00000000E+00 0.1570E-12      6
  549   19     0    -112      0    112  0.99130752E+00  0.00000000E+00 0.1643E-12      6
  550   19     0    -111      0    111  0.99988066E+00  0.00000000E+00 0.1233E-12      6
  551   19     0    -110      0    110  0.10075377E+01  0.00000000E+00 0.4198E-12      6
  552   19     0    -109      0    109  0.10165089E+01  0.00000000E+00 0.4328E-13      6
  553   19     0    -108      0    108  0.10264059E+01  0.00000000E+00 0.5298E-13      6
  554   19     0    -107      0    107  0.10356180E+01  0.00000000E+00 0.4233E-12      6
  555   19     0    -106      0    106  0.10437670E+01  0.00000000E+00 0.1510E-12      6
  556   19     0    -105      0    105  0.10532874E+01  0.00000000E+00 0.4776E-12      6
  557   19     0    -104      0    104  0.10638992E+01  0.00000000E+00 0.8186E-13      6
  558   19     0    -103      0    103  0.10738913E+01  0.00000000E+00 0.8611E-13      6
  559   19     0    -102      0    102  0.10825811E+01  0.00000000E+00 0.2615E-12      6
  560   19     0    -101      0    101  0.10926314E+01  0.00000000E+00 0.9382E-14      6
  561   19     0    -100      0    100  0.11040355E+01  0.00000000E+00 0.3383E-12      6
  562   19     0     -99      0     99  0.11149552E+01  0.00000000E+00 0.2697E-12      6
  563   19     0     -98      0     98  0.11243092E+01  0.00000000E+00 0.2621E-12      6
  564   19     0     -97      0     97  0.11349291E+01  0.00000000E+00 0.2118E-12      6
  565   19     0     -96      0     96  0.11472347E+01  0.00000000E+00 0.5904E-14      5
  566   19     0     -95      0     95  0.11592185E+01  0.00000000E+00 0.6351E-13      6
  567   19     0     -94      0     94  0.11693931E+01  0.00000000E+00 0.1234E-13      6
  568   19     0     -93      0     93  0.11807099E+01  0.00000000E+00 0.1513E-13      6
  569   19     0     -92      0     92  0.11940584E+01  0.00000000E+00 0.3437E-12      5
  570   19     0     -91      0     91  0.12072348E+01  0.00000000E+00 0.2482E-12      6
  571   19     0     -90      0     90  0.12183549E+01  0.00000000E+00 0.1557E-12      6
  572   19     0     -89      0     89  0.12304572E+01  0.00000000E+00 0.2352E-14      5
  573   19     0     -88      0     88  0.12449590E+01  0.00000000E+00 0.5051E-13      5
  574   19     0     -87      0     87  0.12594773E+01  0.00000000E+00 0.2783E-13      6
  575   19     0     -86      0     86  0.12717142E+01  0.00000000E+00 0.1075E-12      5
  576   19     0     -85      0     85  0.12846668E+01  0.00000000E+00 0.1015E-12      6
  577   19     0     -84      0     84  0.13004560E+01  0.00000000E+00 0.2255E-12      5
  578   19     0     -83      0     83  0.13164933E+01  0.00000000E+00 0.2172E-12      5
  579   19     0     -82      0     82  0.13299601E+01  0.00000000E+00 0.8540E-13      5
  580   19     0     -81      0     81  0.13438485E+01  0.00000000E+00 0.3610E-13      6
  581   19     0     -80      0     80  0.13611030E+01  0.00000000E+00 0.1620E-13      5
  582   19     0     -79      0     79  0.13788046E+01  0.00000000E+00 0.5332E-13      6
  583   19     0     -78      0     78  0.13936044E+01  0.00000000E+00 0.1440E-12      5
  584   19     0     -77      0     77  0.14086588E+01  0.00000000E+00 0.1198E-12      6
  585   19     0     -76      0     76  0.14276235E+01  0.00000000E+00 0.3040E-12      5
  586   19     0     -75      0     75  0.14471865E+01  0.00000000E+00 0.2930E-12      6
  587   19     0     -74      0     74  0.14634756E+01  0.00000000E+00 0.1240E-12      5
  588   19     0     -73      0     73  0.14798391E+01  0.00000000E+00 0.5719E-13      6
  589   19     0     -72      0     72  0.15006492E+01  0.00000000E+00 0.1460E-12      5
  590   19     0     -71      0     71  0.15221528E+01  0.00000000E+00 0.9973E-13      6
  591   19     0     -70      0     70  0.15399300E+01  0.00000000E+00 0.5640E-13      5
  592   19     0     -69      0     69  0.15578495E+01  0.00000000E+00 0.1533E-12      6
  593   19     0     -68      0     68  0.15808538E+01  0.00000000E+00 0.5908E-13      5
  594   19     0     -67      0     67  0.16046839E+01  0.00000000E+00 0.1006E-12      5
  595   19     0     -66      0     66  0.16242167E+01  0.00000000E+00 0.3580E-12      5
  596   19     0     -65      0     65  0.16439207E+01  0.00000000E+00 0.2115E-13      6
  597   19     0     -64      0     64  0.16695396E+01  0.00000000E+00 0.3425E-13      5
  598   19     0     -63      0     63  0.16959814E+01  0.00000000E+00 0.8600E-13      6
  Time elapsed :      3.003 s

Starting search (non-adiabatic)

Finding roots
  Time elapsed :    175.744 s

Processing modes
   id    l     m    n_pg    n_p    n_g       Re(omega)       Im(omega)        chi n_iter
  471   19     0    -190      0    190  0.59074159E+00 -0.13449312E-02 0.9762E-12      8
  472   19     0    -189      0    189  0.59351097E+00 -0.14042310E-02 0.7902E-12      9
  473   19     0    -188      0    188  0.59669435E+00 -0.15597284E-02 0.1558E-11      9
  474   19     0    -187      0    187  0.60007766E+00 -0.15310097E-02 0.3235E-12      8
  475   19     0    -186      0    186  0.60323590E+00 -0.13514898E-02 0.6581E-12      8
  476   19     0    -185      0    185  0.60614227E+00 -0.13661690E-02 0.2986E-12      9
  477   19     0    -184      0    184  0.60942935E+00 -0.15057771E-02 0.1336E-11      8
  478   19     0    -181      0    181  0.61932011E+00 -0.13206932E-02 0.2581E-12     12
  479   19     0    -182      0    182  0.61623627E+00 -0.13053884E-02 0.3179E-12      9
  480   19     0    -180      0    180  0.62277580E+00 -0.14382331E-02 0.2145E-11      9
  481   19     0    -179      0    179  0.62643971E+00 -0.13979895E-02 0.1156E-12      9
  482   19     0    -178      0    178  0.62987657E+00 -0.12423685E-02 0.5906E-13     10
  483   19     0    -177      0    177  0.63312470E+00 -0.12638791E-02 0.4020E-12      8
  484   19     0    -176      0    176  0.63674486E+00 -0.13657724E-02 0.5499E-12      9
  485   19     0    -175      0    175  0.64054820E+00 -0.13174981E-02 0.7003E-12      9
  486   19     0    -174      0    174  0.64410845E+00 -0.11826392E-02 0.3517E-12     10
  487   19     0    -173      0    173  0.64755458E+00 -0.12244205E-02 0.9318E-12     10
  488   19     0    -172      0    172  0.65138496E+00 -0.13067869E-02 0.7076E-12      9
  489   19     0    -171      0    171  0.65535668E+00 -0.12443923E-02 0.3017E-12      9
  490   19     0    -170      0    170  0.65904039E+00 -0.11128004E-02 0.5595E-12      9
  491   19     0    -169      0    169  0.66264910E+00 -0.11695947E-02 0.6127E-12     10
  492   19     0    -168      0    168  0.66668546E+00 -0.12430844E-02 0.8020E-12      9
  493   19     0    -167      0    167  0.67084237E+00 -0.11712737E-02 0.4079E-12     10
  494   19     0    -166      0    166  0.67467901E+00 -0.10488655E-02 0.5458E-12      9
  495   19     0    -165      0    165  0.67849268E+00 -0.11162870E-02 0.8229E-12      9
  496   19     0    -164      0    164  0.68276505E+00 -0.11780896E-02 0.4977E-13      9
  497   19     0    -163      0    163  0.68712047E+00 -0.10934657E-02 0.1861E-12      8
  498   19     0    -162      0    162  0.69108285E+00 -0.97414279E-03 0.6050E-12      8
  499   19     0    -161      0    161  0.69508319E+00 -0.10624068E-02 0.7578E-12      9
  500   19     0    -160      0    160  0.69961033E+00 -0.11204155E-02 0.5698E-12      8
  501   19     0    -159      0    159  0.70419318E+00 -0.10310898E-02 0.7718E-12     10
  502   19     0    -158      0    158  0.70832999E+00 -0.91932667E-03 0.4179E-12     10
  503   19     0    -157      0    157  0.71254517E+00 -0.10160370E-02 0.8082E-12      8
  504   19     0    -156      0    156  0.71732449E+00 -0.10700337E-02 0.4846E-12      8
  505   19     0    -155      0    155  0.72212758E+00 -0.97674547E-03 0.2514E-12      9
  506   19     0    -154      0    154  0.72642392E+00 -0.87321698E-03 0.5329E-12      8
  507   19     0    -153      0    153  0.73086335E+00 -0.98386694E-03 0.6061E-12      8
  508   19     0    -152      0    152  0.73592471E+00 -0.10374505E-02 0.4197E-12     10
  509   19     0    -151      0    151  0.74099626E+00 -0.94479701E-03 0.2386E-12      9
  510   19     0    -150      0    150  0.74550586E+00 -0.84029548E-03 0.6176E-12      8
  511   19     0    -149      0    149  0.75016346E+00 -0.95259936E-03 0.2467E-12      8
  512   19     0    -148      0    148  0.75548784E+00 -0.10044359E-02 0.9088E-12      9
  513   19     0    -147      0    147  0.76080376E+00 -0.91002657E-03 0.1112E-11      8
  514   19     0    -146      0    146  0.76553701E+00 -0.81909919E-03 0.9145E-12      9
  515   19     0    -145      0    145  0.77049159E+00 -0.93209825E-03 0.5890E-12     11
  516   19     0    -144      0    144  0.77612240E+00 -0.97406605E-03 0.8153E-12      8
  517   19     0    -143      0    143  0.78169330E+00 -0.87519723E-03 0.2583E-12      9
  518   19     0    -142      0    142  0.78665870E+00 -0.80000524E-03 0.1310E-11      8
  519   19     0    -141      0    141  0.79193596E+00 -0.91390995E-03 0.7964E-12     10
  520   19     0    -140      0    140  0.79788883E+00 -0.94550907E-03 0.1859E-12      8
  521   19     0    -139      0    139  0.80371051E+00 -0.84220621E-03 0.3567E-12     10
  522   19     0    -138      0    138  0.80892271E+00 -0.79044311E-03 0.4205E-12      9
  523   19     0    -137      0    137  0.81458194E+00 -0.90935010E-03 0.2269E-11      8
  524   19     0    -136      0    136  0.82091447E+00 -0.93398863E-03 0.1862E-11      8
  525   19     0    -135      0    135  0.82702961E+00 -0.82349448E-03 0.5781E-12      9
  526   19     0    -134      0    134  0.83247587E+00 -0.78648829E-03 0.9210E-12      8
  527   19     0    -133      0    133  0.83850609E+00 -0.91871522E-03 0.2024E-11      9
  528   19     0    -132      0    132  0.84524648E+00 -0.94148882E-03 0.3813E-12      8
  529   19     0    -131      0    131  0.85170167E+00 -0.82611328E-03 0.4304E-12     10
  530   19     0    -130      0    130  0.85745051E+00 -0.80107205E-03 0.8335E-12     10
  531   19     0    -129      0    129  0.86388328E+00 -0.93997026E-03 0.2094E-11      9
  532   19     0    -128      0    128  0.87102998E+00 -0.95713470E-03 0.8603E-12      9
  533   19     0    -127      0    127  0.87779426E+00 -0.83379553E-03 0.1240E-11      9
  534   19     0    -126      0    126  0.88387149E+00 -0.83353520E-03 0.2039E-11      8
  535   19     0    -125      0    125  0.89079121E+00 -0.97802271E-03 0.1252E-11      9
  536   19     0    -124      0    124  0.89840612E+00 -0.98762257E-03 0.2451E-11     11
  537   19     0    -123      0    123  0.90553281E+00 -0.85323111E-03 0.6503E-12     10
  538   19     0    -122      0    122  0.91195077E+00 -0.87085720E-03 0.1509E-11      9
  539   19     0    -121      0    121  0.91936099E+00 -0.10282560E-02 0.4284E-12     10
  540   19     0    -120      0    120  0.92749036E+00 -0.10393421E-02 0.8354E-12      9
  541   19     0    -119      0    119  0.93505931E+00 -0.89744766E-03 0.3440E-12      9
  542   19     0    -118      0    118  0.94186210E+00 -0.92692546E-03 0.3159E-11      9
  543   19     0    -117      0    117  0.94977206E+00 -0.11062905E-02 0.6745E-12      8
  544   19     0    -116      0    116  0.95844836E+00 -0.11251182E-02 0.1096E-11      8
  545   19     0    -115      0    115  0.96649169E+00 -0.97217137E-03 0.1231E-11     10
  546   19     0    -114      0    114  0.97370556E+00 -0.10167200E-02 0.6347E-12     10
  547   19     0    -113      0    113  0.98215758E+00 -0.12241856E-02 0.3435E-12      9
  548   19     0    -112      0    112  0.99142717E+00 -0.12478758E-02 0.1376E-11      8
  549   19     0    -111      0    111  0.99999141E+00 -0.10713537E-02 0.4455E-12     10
  550   19     0    -110      0    110  0.10076203E+01 -0.11177311E-02 0.6874E-12      9
  551   19     0    -109      0    109  0.10166161E+01 -0.13457252E-02 0.1453E-11     10
  552   19     0    -108      1    109  0.10265231E+01 -0.13620286E-02 0.1082E-11      9
  553   19     0    -108      0    108  0.10357199E+01 -0.11555115E-02 0.7123E-12      8
  554   19     0    -107      0    107  0.10438292E+01 -0.11684362E-02 0.1654E-11      9
  555   19     0    -106      0    106  0.10533629E+01 -0.13928622E-02 0.1300E-11      9
  556   19     0    -105      0    105  0.10639776E+01 -0.13923466E-02 0.5108E-12     10
  557   19     0    -104      0    104  0.10739577E+01 -0.11605349E-02 0.3661E-12      9
  558   19     0    -103      0    103  0.10826072E+01 -0.11045655E-02 0.4412E-12     10
  559   19     0    -102      0    102  0.10926624E+01 -0.12985021E-02 0.5983E-12      9
  560   19     0    -101      0    101  0.11040707E+01 -0.12712554E-02 0.5321E-12     10
  561   19     0    -100      0    100  0.11149889E+01 -0.10320039E-02 0.5937E-12      9
  562   19     0     -99      0     99  0.11243188E+01 -0.90584546E-03 0.8486E-12      9
  563   19     0     -98      0     98  0.11349466E+01 -0.10377376E-02 0.1111E-11      9
  564   19     0     -97      0     97  0.11472647E+01 -0.98585841E-03 0.9416E-12      8
  565   19     0     -96      0     96  0.11592537E+01 -0.77601781E-03 0.4099E-12      9
  566   19     0     -95      0     95  0.11694193E+01 -0.63482862E-03 0.7288E-12      8
  567   19     0     -94      0     94  0.11807497E+01 -0.71297786E-03 0.2902E-11      9
  568   19     0     -93      0     93  0.11941104E+01 -0.66778303E-03 0.2233E-11      8
  569   19     0     -92      0     92  0.12072862E+01 -0.51987291E-03 0.1494E-11      9
  570   19     0     -91      0     91  0.12183980E+01 -0.40618155E-03 0.1528E-11      8
  571   19     0     -90      0     90  0.12305131E+01 -0.45439846E-03 0.1626E-11      8
  572   19     0     -89      0     89  0.12450215E+01 -0.42716601E-03 0.2429E-11     11
  573   19     0     -88      0     88  0.12595333E+01 -0.33391559E-03 0.2080E-11      9
  574   19     0     -87      0     87  0.12717592E+01 -0.25071205E-03 0.1761E-11      8
  575   19     0     -86      0     86  0.12847213E+01 -0.27962303E-03 0.2446E-11      9
  576   19     0     -85      0     85  0.13005135E+01 -0.26576754E-03 0.6089E-11      8
  577   19     0     -84      0     84  0.13165426E+01 -0.20914775E-03 0.3497E-11     10
  578   19     0     -83      0     83  0.13299977E+01 -0.15142085E-03 0.1514E-11      9
  579   19     0     -82      0     82  0.13438931E+01 -0.17004357E-03 0.1126E-10      8
  580   19     0     -81      0     81  0.13611489E+01 -0.16400808E-03 0.8038E-11     10
  581   19     0     -80      0     80  0.13788431E+01 -0.12972210E-03 0.7580E-11      9
  582   19     0     -79      0     79  0.13936327E+01 -0.91890466E-04 0.8760E-11      9
  583   19     0     -78      0     78  0.14086921E+01 -0.10441878E-03 0.1043E-10      9
  584   19     0     -77      0     77  0.14276576E+01 -0.10224345E-03 0.3545E-11      8
  585   19     0     -76      0     76  0.14472150E+01 -0.81965979E-04 0.1106E-10     10
  586   19     0     -75      0     75  0.14634961E+01 -0.57708947E-04 0.1266E-10      9
  587   19     0     -74      0     74  0.14798634E+01 -0.66824172E-04 0.1774E-10     10
  588   19     0     -73      0     73  0.15006743E+01 -0.66852292E-04 0.2426E-10      8
  589   19     0     -72      0     72  0.15221737E+01 -0.54155927E-04 0.1971E-10      9
  590   19     0     -71      0     71  0.15399448E+01 -0.37946934E-04 0.2667E-10      8
  591   19     0     -70      0     70  0.15578673E+01 -0.44615499E-04 0.4335E-10      8
  592   19     0     -69      0     69  0.15808719E+01 -0.44484052E-04 0.4494E-10      8
  593   19     0     -68      0     68  0.16046985E+01 -0.35668484E-04 0.2515E-10      9
  594   19     0     -67      0     67  0.16242268E+01 -0.24364249E-04 0.2914E-10      8
  595   19     0     -66      0     66  0.16439329E+01 -0.29033145E-04 0.3006E-10      9
  596   19     0     -65      0     65  0.16695518E+01 -0.28849771E-04 0.1651E-09      9
  597   19     0     -64      0     64  0.16959912E+01 -0.22874945E-04 0.3814E-10     10
  598   19     0     -63      0     63  0.17172147E+01 -0.15579033E-04 0.2913E-10      8
  Time elapsed :      7.471 s

Mode Search
-----------

Mode parameters
   l : 20
   m : 0

Building frequency grid (REAL axis)
   added scan interval :  0.5234E+00 ->  0.2104E+01 (3000 points, INVERSE)

Building spatial grid
   Scaffold grid from model
   Split 279 subinterval(s) in iteration 1
   Split 29 subinterval(s) in iteration 2
   Split 0 subinterval(s) in iteration 3
   Final grid has 1 segment(s) and 7445 point(s):
      Segment 1 : x range 0.0000 -> 1.0012 (1 -> 7445)

Starting search (adiabatic)

Scanning frequencies
  Time elapsed :    35.601 s

Finding roots
  Time elapsed :      9.674 s

Processing modes
   id    l     m    n_pg    n_p    n_g       Re(omega)       Im(omega)        chi n_iter
  638   20     0    -200      0    200  0.59044649E+00  0.00000000E+00 0.3075E-12      5
  639   20     0    -199      0    199  0.59350246E+00  0.00000000E+00 0.1014E-13      6
  640   20     0    -198      0    198  0.59640819E+00  0.00000000E+00 0.2503E-12      5
  641   20     0    -197      0    197  0.59926203E+00  0.00000000E+00 0.1078E-13      6
  642   20     0    -196      0    196  0.60236442E+00  0.00000000E+00 0.2136E-12      5
  643   20     0    -195      0    195  0.60556348E+00  0.00000000E+00 0.1027E-12      6
  644   20     0    -194      0    194  0.60855690E+00  0.00000000E+00 0.5428E-13      5
  645   20     0    -193      0    193  0.61149814E+00  0.00000000E+00 0.1033E-12      6
  646   20     0    -192      0    192  0.61475004E+00  0.00000000E+00 0.4205E-13      5
  647   20     0    -191      0    191  0.61811028E+00  0.00000000E+00 0.2076E-12      6
  648   20     0    -190      0    190  0.62122333E+00  0.00000000E+00 0.5281E-12      5
  649   20     0    -189      0    189  0.62425030E+00  0.00000000E+00 0.4285E-13      5
  650   20     0    -188      0    188  0.62763138E+00  0.00000000E+00 0.3572E-12      5
  651   20     0    -187      0    187  0.63115286E+00  0.00000000E+00 0.2370E-12      6
  652   20     0    -186      0    186  0.63443273E+00  0.00000000E+00 0.5150E-12      5
  653   20     0    -185      0    185  0.63758613E+00  0.00000000E+00 0.3374E-13      5
  654   20     0    -184      0    184  0.64108023E+00  0.00000000E+00 0.1236E-12      5
  655   20     0    -183      0    183  0.64472783E+00  0.00000000E+00 0.4255E-12      6
  656   20     0    -182      0    182  0.64814484E+00  0.00000000E+00 0.2084E-12      6
  657   20     0    -181      0    181  0.65146258E+00  0.00000000E+00 0.2124E-14      5
  658   20     0    -180      0    180  0.65512189E+00  0.00000000E+00 0.1650E-12      5
  659   20     0    -179      0    179  0.65892168E+00  0.00000000E+00 0.4673E-12      6
  660   20     0    -178      0    178  0.66248017E+00  0.00000000E+00 0.5801E-12      5
  661   20     0    -177      0    177  0.66595343E+00  0.00000000E+00 0.1179E-13      6
  662   20     0    -176      0    176  0.66977377E+00  0.00000000E+00 0.7462E-12      5
  663   20     0    -175      0    175  0.67371574E+00  0.00000000E+00 0.2948E-14      6
  664   20     0    -174      0    174  0.67741290E+00  0.00000000E+00 0.8063E-15      5
  665   20     0    -173      0    173  0.68108251E+00  0.00000000E+00 0.2933E-12      6
  666   20     0    -172      0    172  0.68510969E+00  0.00000000E+00 0.2719E-12      5
  667   20     0    -171      0    171  0.68922285E+00  0.00000000E+00 0.1531E-14      6
  668   20     0    -170      0    170  0.69305149E+00  0.00000000E+00 0.8147E-13      5
  669   20     0    -169      0    169  0.69688476E+00  0.00000000E+00 0.6526E-12      5
  670   20     0    -168      0    168  0.70111746E+00  0.00000000E+00 0.4767E-13      5
  671   20     0    -167      0    167  0.70542201E+00  0.00000000E+00 0.1672E-12      6
  672   20     0    -166      0    166  0.70941501E+00  0.00000000E+00 0.1385E-12      5
  673   20     0    -165      0    165  0.71345011E+00  0.00000000E+00 0.6463E-12      6
  674   20     0    -164      0    164  0.71791681E+00  0.00000000E+00 0.1178E-14      5
  675   20     0    -163      0    163  0.72242490E+00  0.00000000E+00 0.1621E-12      6
  676   20     0    -162      0    162  0.72655461E+00  0.00000000E+00 0.3121E-12      5
  677   20     0    -161      0    161  0.73077669E+00  0.00000000E+00 0.1441E-12      5
  678   20     0    -160      0    160  0.73550094E+00  0.00000000E+00 0.2018E-12      5
  679   20     0    -159      0    159  0.74025154E+00  0.00000000E+00 0.3360E-12      6
  680   20     0    -158      0    158  0.74457118E+00  0.00000000E+00 0.3034E-12      5
  681   20     0    -157      0    157  0.74900527E+00  0.00000000E+00 0.6422E-12      6
  682   20     0    -156      0    156  0.75398719E+00  0.00000000E+00 0.8491E-13      5
  683   20     0    -155      0    155  0.75897657E+00  0.00000000E+00 0.2624E-12      6
  684   20     0    -154      0    154  0.76347457E+00  0.00000000E+00 0.6564E-12      5
  685   20     0    -153      0    153  0.76813276E+00  0.00000000E+00 0.2582E-12      5
  686   20     0    -152      0    152  0.77340661E+00  0.00000000E+00 0.9196E-12      5
  687   20     0    -151      0    151  0.77868811E+00  0.00000000E+00 0.1059E-14      6
  688   20     0    -150      0    150  0.78341765E+00  0.00000000E+00 0.1159E-12      5
  689   20     0    -149      0    149  0.78829254E+00  0.00000000E+00 0.1327E-12      6
  690   20     0    -148      0    148  0.79383822E+00  0.00000000E+00 0.1095E-12      5
  691   20     0    -147      0    147  0.79938776E+00  0.00000000E+00 0.2751E-12      6
  692   20     0    -146      0    146  0.80436137E+00  0.00000000E+00 0.3383E-12      5
  693   20     0    -145      0    145  0.80953182E+00  0.00000000E+00 0.2157E-13      6
  694   20     0    -144      0    144  0.81539457E+00  0.00000000E+00 0.4047E-12      5
  695   20     0    -143      0    143  0.82122352E+00  0.00000000E+00 0.9753E-13      6
  696   20     0    -142      0    142  0.82644688E+00  0.00000000E+00 0.8345E-13      5
  697   20     0    -141      0    141  0.83193876E+00  0.00000000E+00 0.1692E-12      6
  698   20     0    -140      0    140  0.83813707E+00  0.00000000E+00 0.4643E-12      5
  699   20     0    -139      0    139  0.84424405E+00  0.00000000E+00 0.4187E-13      6
  700   20     0    -138      0    138  0.84972950E+00  0.00000000E+00 0.5497E-12      5
  701   20     0    -137      0    137  0.85560306E+00  0.00000000E+00 0.3941E-12      5
  702   20     0    -136      0    136  0.86219831E+00  0.00000000E+00 0.6731E-13      6
  703   20     0    -135      0    135  0.86862951E+00  0.00000000E+00 0.2606E-12      6
  704   20     0    -134      0    134  0.87436400E+00  0.00000000E+00 0.4330E-12      6
  705   20     0    -133      0    133  0.88060604E+00  0.00000000E+00 0.2425E-12      6
  706   20     0    -132      0    132  0.88762872E+00  0.00000000E+00 0.9547E-13      5
  707   20     0    -131      0    131  0.89443481E+00  0.00000000E+00 0.2539E-12      5
  708   20     0    -130      0    130  0.90048752E+00  0.00000000E+00 0.4124E-13      6
  709   20     0    -129      0    129  0.90713131E+00  0.00000000E+00 0.1174E-12      6
  710   20     0    -128      0    128  0.91458129E+00  0.00000000E+00 0.9223E-13      6
  711   20     0    -127      0    127  0.92173330E+00  0.00000000E+00 0.1358E-12      6
  712   20     0    -126      0    126  0.92812221E+00  0.00000000E+00 0.7678E-13      5
  713   20     0    -125      0    125  0.93525519E+00  0.00000000E+00 0.4949E-13      5
  714   20     0    -124      0    124  0.94319930E+00  0.00000000E+00 0.2870E-13      5
  715   20     0    -123      0    123  0.95075484E+00  0.00000000E+00 0.1867E-12      6
  716   20     0    -122      0    122  0.95749363E+00  0.00000000E+00 0.3474E-12      5
  717   20     0    -121      0    121  0.96511502E+00  0.00000000E+00 0.1105E-12      6
  718   20     0    -120      0    120  0.97359792E+00  0.00000000E+00 0.7269E-13      5
  719   20     0    -119      0    119  0.98164027E+00  0.00000000E+00 0.2451E-13      6
  720   20     0    -118      0    118  0.98878059E+00  0.00000000E+00 0.2336E-12      5
  721   20     0    -117      0    117  0.99689554E+00  0.00000000E+00 0.4041E-13      6
  722   20     0    -116      0    116  0.10059485E+01  0.00000000E+00 0.1362E-12      5
  723   20     0    -115      0    115  0.10145156E+01  0.00000000E+00 0.3041E-12      6
  724   20     0    -114      0    114  0.10220872E+01  0.00000000E+00 0.1689E-12      6
  725   20     0    -113      0    113  0.10307380E+01  0.00000000E+00 0.3573E-13      5
  726   20     0    -112      0    112  0.10404116E+01  0.00000000E+00 0.1616E-12      6
  727   20     0    -111      0    111  0.10495578E+01  0.00000000E+00 0.2449E-12      6
  728   20     0    -110      0    110  0.10575773E+01  0.00000000E+00 0.3485E-13      6
  729   20     0    -109      0    109  0.10667690E+01  0.00000000E+00 0.3380E-12      6
  730   20     0    -108      0    108  0.10771101E+01  0.00000000E+00 0.1557E-12      6
  731   20     0    -107      0    107  0.10869453E+01  0.00000000E+00 0.2013E-12      6
  732   20     0    -106      0    106  0.10954983E+01  0.00000000E+00 0.7724E-13      6
  733   20     0    -105      0    105  0.11052237E+01  0.00000000E+00 0.4296E-13      6
  734   20     0    -104      0    104  0.11162890E+01  0.00000000E+00 0.1609E-12      6
  735   20     0    -103      0    103  0.11269529E+01  0.00000000E+00 0.9243E-13      6
  736   20     0    -102      0    102  0.11361173E+01  0.00000000E+00 0.8912E-13      5
  737   20     0    -101      0    101  0.11463421E+01  0.00000000E+00 0.2090E-12      6
  738   20     0    -100      0    100  0.11581970E+01  0.00000000E+00 0.2013E-13      5
  739   20     0     -99      0     99  0.11698365E+01  0.00000000E+00 0.1486E-12      5
  740   20     0     -98      0     98  0.11797686E+01  0.00000000E+00 0.8243E-13      5
  741   20     0     -97      0     97  0.11905328E+01  0.00000000E+00 0.1549E-12      6
  742   20     0     -96      0     96  0.12032850E+01  0.00000000E+00 0.6164E-13      5
  743   20     0     -95      0     95  0.12160416E+01  0.00000000E+00 0.1495E-12      6
  744   20     0     -94      0     94  0.12269133E+01  0.00000000E+00 0.1786E-12      5
  745   20     0     -93      0     93  0.12383533E+01  0.00000000E+00 0.2878E-13      6
  746   20     0     -92      0     92  0.12521411E+01  0.00000000E+00 0.1137E-12      5
  747   20     0     -91      0     91  0.12661399E+01  0.00000000E+00 0.2592E-13      6
  748   20     0     -90      0     90  0.12780810E+01  0.00000000E+00 0.8410E-13      5
  749   20     0     -89      0     89  0.12902865E+01  0.00000000E+00 0.1725E-13      6
  750   20     0     -88      0     88  0.13052111E+01  0.00000000E+00 0.2055E-13      5
  751   20     0     -87      0     87  0.13205970E+01  0.00000000E+00 0.1412E-12      6
  752   20     0     -86      0     86  0.13338001E+01  0.00000000E+00 0.1129E-12      5
  753   20     0     -85      0     85  0.13468460E+01  0.00000000E+00 0.1119E-12      6
  754   20     0     -84      0     84  0.13630282E+01  0.00000000E+00 0.3962E-13      5
  755   20     0     -83      0     83  0.13799793E+01  0.00000000E+00 0.9376E-13      5
  756   20     0     -82      0     82  0.13945746E+01  0.00000000E+00 0.1345E-13      5
  757   20     0     -81      0     81  0.14085380E+01  0.00000000E+00 0.9184E-14      6
  758   20     0     -80      0     80  0.14261519E+01  0.00000000E+00 0.1197E-12      5
  759   20     0     -79      0     79  0.14448298E+01  0.00000000E+00 0.8343E-13      6
  760   20     0     -78      0     78  0.14609174E+01  0.00000000E+00 0.1883E-12      5
  761   20     0     -77      0     77  0.14760212E+01  0.00000000E+00 0.2382E-12      6
  762   20     0     -76      0     76  0.14953227E+01  0.00000000E+00 0.2776E-12      6
  763   20     0     -75      0     75  0.15159208E+01  0.00000000E+00 0.3035E-13      6
  764   20     0     -74      0     74  0.15336420E+01  0.00000000E+00 0.1508E-12      6
  765   20     0     -73      0     73  0.15500145E+01  0.00000000E+00 0.1603E-12      6
  766   20     0     -72      0     72  0.15711212E+01  0.00000000E+00 0.5570E-13      6
  767   20     0     -71      0     71  0.15937249E+01  0.00000000E+00 0.3552E-13      6
  768   20     0     -70      0     70  0.16130907E+01  0.00000000E+00 0.9639E-13      6
  769   20     0     -69      0     69  0.16309480E+01  0.00000000E+00 0.8522E-13      5
  770   20     0     -68      0     68  0.16542383E+01  0.00000000E+00 0.6036E-13      5
  771   20     0     -67      0     67  0.16792758E+01  0.00000000E+00 0.7968E-13      6
  772   20     0     -66      0     66  0.17006307E+01  0.00000000E+00 0.9438E-13      6
  Time elapsed :      2.983 s

Starting search (non-adiabatic)

Finding roots
  Time elapsed :    189.768 s

Processing modes
   id    l     m    n_pg    n_p    n_g       Re(omega)       Im(omega)        chi n_iter
  638   20     0    -200      0    200  0.59006385E+00 -0.13834417E-02 0.7242E-12     10
  639   20     0    -199      0    199  0.59315006E+00 -0.13881841E-02 0.3803E-12      9
  640   20     0    -198      0    198  0.59607510E+00 -0.12889711E-02 0.5233E-12      8
  641   20     0    -197      0    197  0.59885992E+00 -0.13401033E-02 0.1129E-11      7
  642   20     0    -196      0    196  0.60193793E+00 -0.14747203E-02 0.3229E-12      8
  643   20     0    -195      0    195  0.60517244E+00 -0.14666254E-02 0.9199E-12      8
  644   20     0    -194      0    194  0.60818610E+00 -0.13350343E-02 0.6175E-12      9
  645   20     0    -193      0    193  0.61102986E+00 -0.14054868E-02 0.5119E-12      8
  646   20     0    -192      0    192  0.61424515E+00 -0.15622982E-02 0.5259E-12      8
  647   20     0    -191      0    191  0.61763890E+00 -0.15466628E-02 0.6098E-12      8
  648   20     0    -190      0    190  0.62078441E+00 -0.13775962E-02 0.1104E-12      8
  649   20     0    -189      0    189  0.62369243E+00 -0.14303372E-02 0.1095E-11     10
  650   20     0    -188      0    188  0.62701938E+00 -0.15980064E-02 0.1784E-11     10
  651   20     0    -186      0    186  0.63390014E+00 -0.14016438E-02 0.5966E-12     13
  652   20     0    -185      0    185  0.63694895E+00 -0.14076686E-02 0.1026E-11     10
  653   20     0    -184      0    184  0.64038009E+00 -0.15590286E-02 0.5632E-12      9
  654   20     0    -183      0    183  0.64406236E+00 -0.15355831E-02 0.8047E-13     10
  655   20     0    -182      0    182  0.64753765E+00 -0.13653657E-02 0.9303E-13      8
  656   20     0    -181      0    181  0.65076934E+00 -0.13702579E-02 0.9939E-13      9
  657   20     0    -180      0    180  0.65437527E+00 -0.14981373E-02 0.7583E-12      9
  658   20     0    -179      0    179  0.65821917E+00 -0.14657921E-02 0.9721E-12      9
  659   20     0    -178      0    178  0.66184339E+00 -0.13044788E-02 0.1519E-12      8
  660   20     0    -177      0    177  0.66524478E+00 -0.13147435E-02 0.9166E-12      8
  661   20     0    -176      0    176  0.66902221E+00 -0.14263461E-02 0.5761E-12      7
  662   20     0    -175      0    175  0.67301490E+00 -0.13848414E-02 0.4424E-12      9
  663   20     0    -174      0    174  0.67677017E+00 -0.12421603E-02 0.9487E-14      8
  664   20     0    -173      0    173  0.68037476E+00 -0.12739385E-02 0.2199E-12      7
  665   20     0    -172      0    172  0.68437234E+00 -0.13654262E-02 0.4362E-13     10
  666   20     0    -171      0    171  0.68854433E+00 -0.13086398E-02 0.4347E-12      8
  667   20     0    -170      0    170  0.69243165E+00 -0.11672212E-02 0.1950E-12     10
  668   20     0    -169      0    169  0.69620191E+00 -0.12145114E-02 0.4585E-12      7
  669   20     0    -168      0    168  0.70041443E+00 -0.12974181E-02 0.4394E-12      8
  670   20     0    -167      0    167  0.70478417E+00 -0.12306254E-02 0.6496E-12      9
  671   20     0    -166      0    166  0.70883410E+00 -0.10969182E-02 0.4711E-12      8
  672   20     0    -165      0    165  0.71281394E+00 -0.11557600E-02 0.2335E-12      9
  673   20     0    -164      0    164  0.71727267E+00 -0.12270224E-02 0.1967E-12      8
  674   20     0    -163      0    163  0.72185459E+00 -0.11473268E-02 0.6422E-12      8
  675   20     0    -162      0    162  0.72603956E+00 -0.10149449E-02 0.3986E-12      9
  676   20     0    -161      0    161  0.73020747E+00 -0.10960775E-02 0.1821E-12      8
  677   20     0    -160      0    160  0.73493223E+00 -0.11643266E-02 0.5149E-12      8
  678   20     0    -159      0    159  0.73975698E+00 -0.10799874E-02 0.4294E-12      7
  679   20     0    -158      0    158  0.74412733E+00 -0.95432321E-03 0.2369E-12      9
  680   20     0    -157      0    157  0.74851413E+00 -0.10447202E-02 0.6253E-12     10
  681   20     0    -156      0    156  0.75350168E+00 -0.11092101E-02 0.4544E-12      8
  682   20     0    -155      0    155  0.75856161E+00 -0.10213125E-02 0.4671E-12     10
  683   20     0    -154      0    154  0.76310159E+00 -0.90287924E-03 0.3329E-12      8
  684   20     0    -153      0    153  0.76771574E+00 -0.10082588E-02 0.8645E-12      9
  685   20     0    -152      0    152  0.77299716E+00 -0.10725211E-02 0.5364E-12      8
  686   20     0    -151      0    151  0.77834169E+00 -0.98557840E-03 0.8232E-12      8
  687   20     0    -150      0    150  0.78310913E+00 -0.86580174E-03 0.4408E-13     10
  688   20     0    -149      0    149  0.78794607E+00 -0.97230449E-03 0.6153E-12      9
  689   20     0    -148      0    148  0.79350106E+00 -0.10350819E-02 0.1843E-11      8
  690   20     0    -147      0    147  0.79910649E+00 -0.94654997E-03 0.6850E-12      8
  691   20     0    -146      0    146  0.80410805E+00 -0.83969068E-03 0.4229E-12      8
  692   20     0    -145      0    145  0.80924981E+00 -0.94798857E-03 0.2598E-13      8
  693   20     0    -144      0    144  0.81512642E+00 -0.10006875E-02 0.9585E-12      9
  694   20     0    -143      0    143  0.82100510E+00 -0.90755231E-03 0.2269E-12      9
  695   20     0    -142      0    142  0.82624719E+00 -0.81556499E-03 0.8510E-12      9
  696   20     0    -141      0    141  0.83171980E+00 -0.92639108E-03 0.9106E-12     10
  697   20     0    -140      0    140  0.83793617E+00 -0.96877412E-03 0.3680E-12      9
  698   20     0    -139      0    139  0.84408622E+00 -0.87105799E-03 0.9986E-12      8
  699   20     0    -138      0    138  0.84958094E+00 -0.80129555E-03 0.1243E-11      9
  700   20     0    -137      0    137  0.85544427E+00 -0.91936317E-03 0.1347E-11      8
  701   20     0    -136      0    136  0.86206017E+00 -0.95507547E-03 0.1122E-11      8
  702   20     0    -135      0    135  0.86852807E+00 -0.85059409E-03 0.9100E-12     11
  703   20     0    -134      0    134  0.87426451E+00 -0.79307553E-03 0.1038E-11      9
  704   20     0    -133      0    133  0.88050297E+00 -0.92619994E-03 0.3820E-12     10
  705   20     0    -132      0    132  0.88754744E+00 -0.96084837E-03 0.6261E-12     10
  706   20     0    -131      0    131  0.89438291E+00 -0.85176221E-03 0.4533E-12      8
  707   20     0    -130      0    130  0.90043251E+00 -0.80375144E-03 0.2759E-12      8
  708   20     0    -129      0    129  0.90708021E+00 -0.94480505E-03 0.1013E-11      8
  709   20     0    -128      0    128  0.91455307E+00 -0.97505404E-03 0.5695E-12      9
  710   20     0    -127      0    127  0.92172666E+00 -0.85763170E-03 0.7911E-12      8
  711   20     0    -126      0    126  0.92810801E+00 -0.83147459E-03 0.1126E-11      9
  712   20     0    -125      0    125  0.93525376E+00 -0.98038808E-03 0.1019E-11     10
  713   20     0    -124      0    124  0.94322172E+00 -0.10042488E-02 0.8230E-12      9
  714   20     0    -123      0    123  0.95079186E+00 -0.87620241E-03 0.4106E-12     12
  715   20     0    -122      0    122  0.95752059E+00 -0.86436118E-03 0.1114E-11      8
  716   20     0    -121      0    121  0.96516374E+00 -0.10285678E-02 0.1364E-11     10
  717   20     0    -120      0    120  0.97367186E+00 -0.10561133E-02 0.2970E-12     10
  718   20     0    -119      0    119  0.98172239E+00 -0.92226805E-03 0.7415E-12      8
  719   20     0    -118      0    118  0.98884981E+00 -0.91763147E-03 0.7310E-12     10
  720   20     0    -117      0    117  0.99699474E+00 -0.11059048E-02 0.2403E-11      9
  721   20     0    -116      0    116  0.10060738E+01 -0.11446264E-02 0.7673E-12     10
  722   20     0    -115      0    115  0.10146414E+01 -0.10018986E-02 0.1179E-11      9
  723   20     0    -114      0    114  0.10221938E+01 -0.10051150E-02 0.7341E-12     10
  724   20     0    -113      0    113  0.10308796E+01 -0.12242696E-02 0.4253E-12      8
  725   20     0    -112      0    112  0.10405761E+01 -0.12718389E-02 0.7315E-12      9
  726   20     0    -111      0    111  0.10497126E+01 -0.11083940E-02 0.1155E-11      8
  727   20     0    -110      0    110  0.10577004E+01 -0.11033968E-02 0.5386E-12      8
  728   20     0    -109      0    109  0.10669233E+01 -0.13459573E-02 0.3502E-11      9
  729   20     0    -108      1    109  0.10772785E+01 -0.13903382E-02 0.9158E-12      9
  730   20     0    -109      0    109  0.10870965E+01 -0.12014910E-02 0.4122E-12     10
  731   20     0    -107      0    107  0.10956058E+01 -0.11552745E-02 0.1333E-11      8
  732   20     0    -106      0    106  0.11053502E+01 -0.13952324E-02 0.1593E-11      9
  733   20     0    -105      0    105  0.11164214E+01 -0.14259376E-02 0.1633E-11      9
  734   20     0    -104      0    104  0.11270685E+01 -0.12163590E-02 0.2381E-12      9
  735   20     0    -103      0    103  0.11361879E+01 -0.10968511E-02 0.4714E-12      9
  736   20     0    -102      0    102  0.11464202E+01 -0.13004704E-02 0.1587E-11      8
  737   20     0    -101      0    101  0.11582802E+01 -0.13020539E-02 0.1982E-11      9
  738   20     0    -100      0    100  0.11699114E+01 -0.10834494E-02 0.7600E-12     10
  739   20     0     -99      0     99  0.11798146E+01 -0.89842860E-03 0.7726E-12      8
  740   20     0     -98      0     98  0.11905871E+01 -0.10284312E-02 0.7857E-13      9
  741   20     0     -97      0     97  0.12033520E+01 -0.10002621E-02 0.6495E-12      8
  742   20     0     -96      0     96  0.12161081E+01 -0.80806994E-03 0.1725E-11     10
  743   20     0     -95      0     95  0.12269647E+01 -0.62560970E-03 0.1699E-11      8
  744   20     0     -94      0     94  0.12384178E+01 -0.69630251E-03 0.2511E-11      9
  745   20     0     -93      0     93  0.12522181E+01 -0.67019017E-03 0.4348E-11      9
  746   20     0     -92      0     92  0.12662130E+01 -0.53678825E-03 0.2741E-11      8
  747   20     0     -91      0     91  0.12781394E+01 -0.39872082E-03 0.7615E-12      9
  748   20     0     -90      0     90  0.12903566E+01 -0.43760227E-03 0.5752E-11      8
  749   20     0     -89      0     89  0.13052887E+01 -0.42389599E-03 0.5219E-11      9
  750   20     0     -88      0     88  0.13206668E+01 -0.34116608E-03 0.2498E-11      8
  751   20     0     -87      0     87  0.13338537E+01 -0.24543632E-03 0.3846E-11      8
  752   20     0     -86      0     86  0.13469074E+01 -0.26494023E-03 0.2223E-11      9
  753   20     0     -85      0     85  0.13630940E+01 -0.26054997E-03 0.1674E-11      9
  754   20     0     -84      0     84  0.13800369E+01 -0.21158526E-03 0.3997E-11     10
  755   20     0     -83      0     83  0.13946169E+01 -0.14812124E-03 0.1823E-11     10
  756   20     0     -82      0     82  0.14085852E+01 -0.15875222E-03 0.3496E-11     10
  757   20     0     -81      0     81  0.14262021E+01 -0.15920438E-03 0.1283E-10      9
  758   20     0     -80      0     80  0.14448730E+01 -0.13024741E-03 0.6956E-11     10
  759   20     0     -79      0     79  0.14609482E+01 -0.89787759E-04 0.5811E-11      9
  760   20     0     -78      0     78  0.14760553E+01 -0.96660144E-04 0.1060E-10      8
  761   20     0     -77      0     77  0.14953590E+01 -0.99027015E-04 0.6810E-11      9
  762   20     0     -76      0     76  0.15159521E+01 -0.82452537E-04 0.6020E-11     11
  763   20     0     -75      0     75  0.15336641E+01 -0.56899493E-04 0.1255E-10      8
  764   20     0     -74      0     74  0.15500391E+01 -0.61979662E-04 0.3554E-10      9
  765   20     0     -73      0     73  0.15711476E+01 -0.64980029E-04 0.1876E-10      8
  766   20     0     -72      0     72  0.15937476E+01 -0.54630419E-04 0.1248E-10      9
  767   20     0     -71      0     71  0.16131065E+01 -0.37385670E-04 0.1665E-10      8
  768   20     0     -70      0     70  0.16309656E+01 -0.41095664E-04 0.8880E-10      9
  769   20     0     -69      0     69  0.16542569E+01 -0.42939081E-04 0.3169E-10     10
  770   20     0     -68      0     68  0.16792915E+01 -0.35786108E-04 0.1909E-10     10
  771   20     0     -67      0     67  0.17006413E+01 -0.23915023E-04 0.4832E-10      8
  772   20     0     -66      0     66  0.17201785E+01 -0.26566744E-04 0.6506E-10     10
  Time elapsed :      8.241 s

Mode Search
-----------

Mode parameters
   l : 21
   m : 0

Building frequency grid (REAL axis)
   added scan interval :  0.5234E+00 ->  0.2104E+01 (3000 points, INVERSE)

Building spatial grid
   Scaffold grid from model
   Split 281 subinterval(s) in iteration 1
   Split 30 subinterval(s) in iteration 2
   Split 0 subinterval(s) in iteration 3
   Final grid has 1 segment(s) and 7448 point(s):
      Segment 1 : x range 0.0000 -> 1.0012 (1 -> 7448)

Starting search (adiabatic)

Scanning frequencies
  Time elapsed :    35.843 s

Finding roots
  Time elapsed :     10.135 s

Processing modes
   id    l     m    n_pg    n_p    n_g       Re(omega)       Im(omega)        chi n_iter
  813   21     0    -210      0    210  0.58992749E+00  0.00000000E+00 0.5250E-12      6
  814   21     0    -209      0    209  0.59258100E+00  0.00000000E+00 0.4739E-13      5
  815   21     0    -208      0    208  0.59535452E+00  0.00000000E+00 0.9438E-13      6
  816   21     0    -207      0    207  0.59831003E+00  0.00000000E+00 0.4034E-12      5
  817   21     0    -206      0    206  0.60120542E+00  0.00000000E+00 0.4547E-12      5
  818   21     0    -205      0    205  0.60398865E+00  0.00000000E+00 0.1747E-12      5
  819   21     0    -204      0    204  0.60691713E+00  0.00000000E+00 0.8670E-12      6
  820   21     0    -203      0    203  0.60998594E+00  0.00000000E+00 0.7552E-12      5
  821   21     0    -202      0    202  0.61295595E+00  0.00000000E+00 0.2382E-12      6
  822   21     0    -201      0    201  0.61583951E+00  0.00000000E+00 0.3732E-12      6
  823   21     0    -200      0    200  0.61891693E+00  0.00000000E+00 0.1984E-12      5
  824   21     0    -199      0    199  0.62211864E+00  0.00000000E+00 0.3173E-12      6
  825   21     0    -198      0    198  0.62517506E+00  0.00000000E+00 0.2667E-12      5
  826   21     0    -197      0    197  0.62815868E+00  0.00000000E+00 0.9211E-12      5
  827   21     0    -196      0    196  0.63139333E+00  0.00000000E+00 0.1079E-12      5
  828   21     0    -195      0    195  0.63474704E+00  0.00000000E+00 0.5161E-14      6
  829   21     0    -194      0    194  0.63789887E+00  0.00000000E+00 0.4652E-12      5
  830   21     0    -193      0    193  0.64097037E+00  0.00000000E+00 0.1790E-12      6
  831   21     0    -192      0    192  0.64435833E+00  0.00000000E+00 0.3159E-12      5
  832   21     0    -191      0    191  0.64788176E+00  0.00000000E+00 0.3972E-13      6
  833   21     0    -190      0    190  0.65116303E+00  0.00000000E+00 0.2856E-12      6
  834   21     0    -189      0    189  0.65432307E+00  0.00000000E+00 0.1431E-12      5
  835   21     0    -188      0    188  0.65784267E+00  0.00000000E+00 0.2232E-12      5
  836   21     0    -187      0    187  0.66153413E+00  0.00000000E+00 0.1428E-12      6
  837   21     0    -186      0    186  0.66499174E+00  0.00000000E+00 0.8319E-12      5
  838   21     0    -185      0    185  0.66828587E+00  0.00000000E+00 0.2054E-12      6
  839   21     0    -184      0    184  0.67192173E+00  0.00000000E+00 0.5146E-12      5
  840   21     0    -183      0    183  0.67574487E+00  0.00000000E+00 0.6219E-12      5
  841   21     0    -182      0    182  0.67934584E+00  0.00000000E+00 0.4676E-12      6
  842   21     0    -181      0    181  0.68281048E+00  0.00000000E+00 0.4412E-12      5
  843   21     0    -180      0    180  0.68661899E+00  0.00000000E+00 0.2449E-12      5
  844   21     0    -179      0    179  0.69060223E+00  0.00000000E+00 0.1205E-12      6
  845   21     0    -178      0    178  0.69435137E+00  0.00000000E+00 0.1923E-12      5
  846   21     0    -177      0    177  0.69797657E+00  0.00000000E+00 0.2454E-12      6
  847   21     0    -176      0    176  0.70195353E+00  0.00000000E+00 0.1925E-13      5
  848   21     0    -175      0    175  0.70608763E+00  0.00000000E+00 0.1437E-12      5
  849   21     0    -174      0    174  0.70998076E+00  0.00000000E+00 0.7470E-12      5
  850   21     0    -173      0    173  0.71380699E+00  0.00000000E+00 0.3945E-12      5
  851   21     0    -172      0    172  0.71800070E+00  0.00000000E+00 0.9071E-14      5
  852   21     0    -171      0    171  0.72231670E+00  0.00000000E+00 0.6258E-12      6
  853   21     0    -170      0    170  0.72634851E+00  0.00000000E+00 0.3644E-12      5
  854   21     0    -169      0    169  0.73034068E+00  0.00000000E+00 0.6049E-12      6
  855   21     0    -168      0    168  0.73474823E+00  0.00000000E+00 0.4625E-13      5
  856   21     0    -167      0    167  0.73926767E+00  0.00000000E+00 0.1359E-12      6
  857   21     0    -166      0    166  0.74347268E+00  0.00000000E+00 0.2653E-12      5
  858   21     0    -165      0    165  0.74767054E+00  0.00000000E+00 0.1141E-13      6
  859   21     0    -164      0    164  0.75232145E+00  0.00000000E+00 0.4232E-12      5
  860   21     0    -163      0    163  0.75705819E+00  0.00000000E+00 0.1985E-12      6
  861   21     0    -162      0    162  0.76140920E+00  0.00000000E+00 0.1993E-13      5
  862   21     0    -161      0    161  0.76579453E+00  0.00000000E+00 0.3064E-14      6
  863   21     0    -160      0    160  0.77071300E+00  0.00000000E+00 0.2170E-13      5
  864   21     0    -159      0    159  0.77570765E+00  0.00000000E+00 0.6617E-13      6
  865   21     0    -158      0    158  0.78026064E+00  0.00000000E+00 0.4975E-13      5
  866   21     0    -157      0    157  0.78486131E+00  0.00000000E+00 0.1146E-12      5
  867   21     0    -156      0    156  0.79004672E+00  0.00000000E+00 0.4209E-12      5
  868   21     0    -155      0    155  0.79529517E+00  0.00000000E+00 0.1252E-12      6
  869   21     0    -154      0    154  0.80003804E+00  0.00000000E+00 0.1238E-12      5
  870   21     0    -153      0    153  0.80486486E+00  0.00000000E+00 0.8428E-13      6
  871   21     0    -152      0    152  0.81035221E+00  0.00000000E+00 0.2080E-12      5
  872   21     0    -151      0    151  0.81590868E+00  0.00000000E+00 0.5960E-13      6
  873   21     0    -150      0    150  0.82089940E+00  0.00000000E+00 0.2449E-12      5
  874   21     0    -149      0    149  0.82594682E+00  0.00000000E+00 0.1474E-12      6
  875   21     0    -148      0    148  0.83171467E+00  0.00000000E+00 0.2239E-12      5
  876   21     0    -147      0    147  0.83755529E+00  0.00000000E+00 0.1751E-12      6
  877   21     0    -146      0    146  0.84280199E+00  0.00000000E+00 0.1786E-12      5
  878   21     0    -145      0    145  0.84815181E+00  0.00000000E+00 0.9054E-13      6
  879   21     0    -144      0    144  0.85425065E+00  0.00000000E+00 0.9727E-13      5
  880   21     0    -143      0    143  0.86038887E+00  0.00000000E+00 0.7746E-13      6
  881   21     0    -142      0    142  0.86589520E+00  0.00000000E+00 0.5453E-13      5
  882   21     0    -141      0    141  0.87157322E+00  0.00000000E+00 0.2445E-12      6
  883   21     0    -140      0    140  0.87802426E+00  0.00000000E+00 0.4348E-12      5
  884   21     0    -139      0    139  0.88446131E+00  0.00000000E+00 0.2211E-13      6
  885   21     0    -138      0    138  0.89023710E+00  0.00000000E+00 0.2128E-12      5
  886   21     0    -137      0    137  0.89630328E+00  0.00000000E+00 0.3652E-13      5
  887   21     0    -136      0    136  0.90316990E+00  0.00000000E+00 0.6386E-12      5
  888   21     0    -135      0    135  0.90995609E+00  0.00000000E+00 0.5635E-13      5
  889   21     0    -134      0    134  0.91599151E+00  0.00000000E+00 0.5040E-13      5
  890   21     0    -133      0    133  0.92242709E+00  0.00000000E+00 0.1724E-13      5
  891   21     0    -132      0    132  0.92973973E+00  0.00000000E+00 0.3667E-12      5
  892   21     0    -131      0    131  0.93692875E+00  0.00000000E+00 0.2602E-12      5
  893   21     0    -130      0    130  0.94329656E+00  0.00000000E+00 0.8501E-13      5
  894   21     0    -129      0    129  0.95013741E+00  0.00000000E+00 0.2362E-14      5
  895   21     0    -128      0    128  0.95789726E+00  0.00000000E+00 0.2302E-12      5
  896   21     0    -127      0    127  0.96546238E+00  0.00000000E+00 0.9321E-13      5
  897   21     0    -126      0    126  0.97217295E+00  0.00000000E+00 0.2288E-13      5
  898   21     0    -125      0    125  0.97950939E+00  0.00000000E+00 0.2256E-12      5
  899   21     0    -124      0    124  0.98778818E+00  0.00000000E+00 0.3704E-12      5
  900   21     0    -123      0    123  0.99579236E+00  0.00000000E+00 0.4807E-14      6
  901   21     0    -122      0    122  0.10028643E+01  0.00000000E+00 0.3770E-13      6
  902   21     0    -121      0    121  0.10106901E+01  0.00000000E+00 0.4441E-13      6
  903   21     0    -120      0    120  0.10195296E+01  0.00000000E+00 0.3590E-13      6
  904   21     0    -119      0    119  0.10280590E+01  0.00000000E+00 0.3491E-12      6
  905   21     0    -118      0    118  0.10355535E+01  0.00000000E+00 0.2912E-12      6
  906   21     0    -117      0    117  0.10438685E+01  0.00000000E+00 0.1190E-12      6
  907   21     0    -116      0    116  0.10532963E+01  0.00000000E+00 0.2138E-12      6
  908   21     0    -115      0    115  0.10623926E+01  0.00000000E+00 0.9516E-13      6
  909   21     0    -114      0    114  0.10703418E+01  0.00000000E+00 0.1467E-12      5
  910   21     0    -113      0    113  0.10791837E+01  0.00000000E+00 0.4165E-13      5
  911   21     0    -112      0    112  0.10892497E+01  0.00000000E+00 0.1783E-12      5
  912   21     0    -111      0    111  0.10989721E+01  0.00000000E+00 0.1824E-13      6
  913   21     0    -110      0    110  0.11074021E+01  0.00000000E+00 0.3437E-12      6
  914   21     0    -109      0    109  0.11167707E+01  0.00000000E+00 0.1516E-12      6
  915   21     0    -108      0    108  0.11275180E+01  0.00000000E+00 0.3818E-13      5
  916   21     0    -107      0    107  0.11379750E+01  0.00000000E+00 0.3933E-13      5
  917   21     0    -106      0    106  0.11469940E+01  0.00000000E+00 0.3304E-12      6
  918   21     0    -105      0    105  0.11568768E+01  0.00000000E+00 0.1173E-12      5
  919   21     0    -104      0    104  0.11683473E+01  0.00000000E+00 0.1712E-12      5
  920   21     0    -103      0    103  0.11796714E+01  0.00000000E+00 0.1481E-12      6
  921   21     0    -102      0    102  0.11893899E+01  0.00000000E+00 0.2385E-12      6
  922   21     0    -101      0    101  0.11997427E+01  0.00000000E+00 0.2478E-12      6
  923   21     0    -100      0    100  0.12119857E+01  0.00000000E+00 0.9541E-13      5
  924   21     0     -99      0     99  0.12243200E+01  0.00000000E+00 0.1329E-12      6
  925   21     0     -98      0     98  0.12349271E+01  0.00000000E+00 0.4823E-13      5
  926   21     0     -97      0     97  0.12458010E+01  0.00000000E+00 0.6164E-13      6
  927   21     0     -96      0     96  0.12589192E+01  0.00000000E+00 0.6288E-12      5
  928   21     0     -95      0     95  0.12724093E+01  0.00000000E+00 0.8074E-13      5
  929   21     0     -94      0     94  0.12840859E+01  0.00000000E+00 0.1268E-12      5
  930   21     0     -93      0     93  0.12956324E+01  0.00000000E+00 0.1312E-13      6
  931   21     0     -92      0     92  0.13097575E+01  0.00000000E+00 0.4070E-13      5
  932   21     0     -91      0     91  0.13245231E+01  0.00000000E+00 0.8827E-13      6
  933   21     0     -90      0     90  0.13373987E+01  0.00000000E+00 0.8145E-13      5
  934   21     0     -89      0     89  0.13497160E+01  0.00000000E+00 0.1829E-12      6
  935   21     0     -88      0     88  0.13649381E+01  0.00000000E+00 0.1236E-12      6
  936   21     0     -87      0     87  0.13811191E+01  0.00000000E+00 0.1035E-13      6
  937   21     0     -86      0     86  0.13954000E+01  0.00000000E+00 0.2544E-12      6
  938   21     0     -85      0     85  0.14085869E+01  0.00000000E+00 0.1405E-12      6
  939   21     0     -84      0     84  0.14250082E+01  0.00000000E+00 0.4027E-13      6
  940   21     0     -83      0     83  0.14427793E+01  0.00000000E+00 0.9198E-13      6
  941   21     0     -82      0     82  0.14586083E+01  0.00000000E+00 0.4091E-12      6
  942   21     0     -81      0     81  0.14727412E+01  0.00000000E+00 0.1278E-12      6
  943   21     0     -80      0     80  0.14905282E+01  0.00000000E+00 0.3404E-13      6
  944   21     0     -79      0     79  0.15100682E+01  0.00000000E+00 0.1020E-12      6
  945   21     0     -78      0     78  0.15275464E+01  0.00000000E+00 0.5480E-13      6
  946   21     0     -77      0     77  0.15428311E+01  0.00000000E+00 0.1280E-12      6
  947   21     0     -76      0     76  0.15622456E+01  0.00000000E+00 0.1256E-12      6
  948   21     0     -75      0     75  0.15837394E+01  0.00000000E+00 0.1362E-13      6
  949   21     0     -74      0     74  0.16029908E+01  0.00000000E+00 0.2620E-12      6
  950   21     0     -73      0     73  0.16195388E+01  0.00000000E+00 0.7754E-13      6
  951   21     0     -72      0     72  0.16406793E+01  0.00000000E+00 0.1372E-14      6
  952   21     0     -71      0     71  0.16642225E+01  0.00000000E+00 0.1694E-12      6
  953   21     0     -70      0     70  0.16852965E+01  0.00000000E+00 0.3115E-13      6
  954   21     0     -69      0     69  0.17032966E+01  0.00000000E+00 0.1607E-12      6
  Time elapsed :      2.474 s

Starting search (non-adiabatic)

Finding roots
  Time elapsed :    197.464 s

Processing modes
   id    l     m    n_pg    n_p    n_g       Re(omega)       Im(omega)        chi n_iter
  813   21     0    -210      1    211  0.58965714E+00 -0.11503165E-02 0.7535E-12      9
  814   21     0    -209      1    210  0.59228945E+00 -0.11099245E-02 0.6052E-12      8
  815   21     0    -208      1    209  0.59502908E+00 -0.12206438E-02 0.7131E-14      7
  816   21     0    -207      1    208  0.59800268E+00 -0.12701565E-02 0.6006E-12     11
  817   21     0    -206      0    206  0.60092695E+00 -0.12086334E-02 0.1909E-12      8
  818   21     0    -205      0    205  0.60367944E+00 -0.11988944E-02 0.9900E-13      8
  819   21     0    -204      0    204  0.60658165E+00 -0.13037510E-02 0.4033E-12      8
  820   21     0    -203      0    203  0.60967233E+00 -0.13306339E-02 0.9297E-12      8
  821   21     0    -202      0    202  0.61266633E+00 -0.12542163E-02 0.7573E-12      8
  822   21     0    -201      0    201  0.61550608E+00 -0.12698962E-02 0.4884E-12      8
  823   21     0    -200      0    200  0.61856160E+00 -0.13867363E-02 0.7211E-12      7
  824   21     0    -199      0    199  0.62179213E+00 -0.13980127E-02 0.7492E-12      7
  825   21     0    -198      0    198  0.62487038E+00 -0.13012112E-02 0.3076E-12      8
  826   21     0    -197      0    197  0.62779221E+00 -0.13435015E-02 0.2382E-12      8
  827   21     0    -196      0    196  0.63100373E+00 -0.14809917E-02 0.9939E-12      8
  828   21     0    -195      0    195  0.63439089E+00 -0.14811486E-02 0.2477E-12      8
  829   21     0    -194      0    194  0.63756550E+00 -0.13523416E-02 0.6695E-12      8
  830   21     0    -193      0    193  0.64054814E+00 -0.14129342E-02 0.6878E-12     10
  831   21     0    -192      0    192  0.64390129E+00 -0.15760887E-02 0.1001E-11      9
  832   21     0    -191      0    191  0.64745541E+00 -0.15710255E-02 0.1015E-11      7
  833   21     0    -190      0    190  0.65076954E+00 -0.14060179E-02 0.7593E-12      9
  834   21     0    -189      0    189  0.65381930E+00 -0.14486205E-02 0.1355E-11      8
  835   21     0    -188      0    188  0.65728554E+00 -0.16261094E-02 0.6231E-12      9
  836   21     0    -187      0    187  0.66100155E+00 -0.16208662E-02 0.3114E-13     11
  837   21     0    -185      0    185  0.66770186E+00 -0.14406653E-02 0.1223E-11     12
  838   21     0    -184      0    184  0.67127292E+00 -0.16018636E-02 0.1625E-12      9
  839   21     0    -183      0    183  0.67512414E+00 -0.15899406E-02 0.1189E-11     10
  840   21     0    -182      0    182  0.67878007E+00 -0.14200638E-02 0.6039E-12     10
  841   21     0    -181      0    181  0.68216306E+00 -0.14129518E-02 0.6332E-12      9
  842   21     0    -180      0    180  0.68591484E+00 -0.15498110E-02 0.4391E-12      8
  843   21     0    -179      0    179  0.68993515E+00 -0.15271077E-02 0.8043E-12      9
  844   21     0    -178      0    178  0.69374790E+00 -0.13630963E-02 0.4284E-12     10
  845   21     0    -177      0    177  0.69730527E+00 -0.13605420E-02 0.5021E-12      8
  846   21     0    -176      0    176  0.70123533E+00 -0.14807377E-02 0.1437E-11     11
  847   21     0    -175      0    175  0.70541357E+00 -0.14475342E-02 0.8250E-12     10
  848   21     0    -174      0    174  0.70936500E+00 -0.12994422E-02 0.3283E-12      8
  849   21     0    -173      0    173  0.71312985E+00 -0.13194225E-02 0.5760E-13      9
  850   21     0    -172      0    172  0.71728981E+00 -0.14192162E-02 0.2805E-12      8
  851   21     0    -171      0    171  0.72165842E+00 -0.13693598E-02 0.2887E-12      9
  852   21     0    -170      0    170  0.72575096E+00 -0.12201782E-02 0.7060E-13      8
  853   21     0    -169      0    169  0.72968400E+00 -0.12558127E-02 0.8921E-12      9
  854   21     0    -168      0    168  0.73406730E+00 -0.13475715E-02 0.4365E-12     10
  855   21     0    -167      0    167  0.73864641E+00 -0.12870863E-02 0.5799E-12     10
  856   21     0    -166      0    166  0.74291204E+00 -0.11438769E-02 0.6804E-12     10
  857   21     0    -165      0    165  0.74705861E+00 -0.11917519E-02 0.7734E-12      8
  858   21     0    -164      0    164  0.75169769E+00 -0.12721772E-02 0.2005E-12      9
  859   21     0    -163      0    163  0.75650293E+00 -0.11987684E-02 0.2971E-12      8
  860   21     0    -162      0    162  0.76091421E+00 -0.10549554E-02 0.1632E-12      9
  861   21     0    -161      0    161  0.76524911E+00 -0.11261924E-02 0.3765E-12      8
  862   21     0    -160      0    160  0.77016449E+00 -0.12047553E-02 0.3228E-12      8
  863   21     0    -159      0    159  0.77522831E+00 -0.11268446E-02 0.3661E-12      8
  864   21     0    -158      0    158  0.77983720E+00 -0.98874347E-03 0.6442E-12      9
  865   21     0    -157      0    157  0.78439402E+00 -0.10698464E-02 0.3471E-12      9
  866   21     0    -156      0    156  0.78958183E+00 -0.11451185E-02 0.6844E-12      8
  867   21     0    -155      0    155  0.79489599E+00 -0.10641491E-02 0.1474E-12      9
  868   21     0    -154      0    154  0.79968605E+00 -0.93212449E-03 0.3104E-12      8
  869   21     0    -153      0    153  0.80447187E+00 -0.10289885E-02 0.2850E-12      8
  870   21     0    -152      0    152  0.80996412E+00 -0.11043862E-02 0.1068E-12      8
  871   21     0    -151      0    151  0.81557907E+00 -0.10246849E-02 0.7414E-13     10
  872   21     0    -150      0    150  0.82061223E+00 -0.89100960E-03 0.7222E-12      8
  873   21     0    -149      0    149  0.82562472E+00 -0.98820346E-03 0.7866E-12      9
  874   21     0    -148      0    148  0.83139977E+00 -0.10624547E-02 0.9940E-12      7
  875   21     0    -147      0    147  0.83729225E+00 -0.98141914E-03 0.6140E-12      8
  876   21     0    -146      0    146  0.84257104E+00 -0.85984578E-03 0.8615E-12     10
  877   21     0    -145      0    145  0.84789473E+00 -0.96001511E-03 0.9294E-12      9
  878   21     0    -144      0    144  0.85400582E+00 -0.10240385E-02 0.1499E-12      9
  879   21     0    -143      0    143  0.86019022E+00 -0.93832083E-03 0.4179E-12      9
  880   21     0    -142      0    142  0.86571890E+00 -0.83050825E-03 0.5214E-12      8
  881   21     0    -141      0    141  0.87137971E+00 -0.93501529E-03 0.1206E-11      8
  882   21     0    -140      0    140  0.87784767E+00 -0.98886675E-03 0.6082E-12      8
  883   21     0    -139      0    139  0.88432476E+00 -0.89858669E-03 0.3364E-12      8
  884   21     0    -138      0    138  0.89011289E+00 -0.81143060E-03 0.3665E-12     10
  885   21     0    -137      0    137  0.89617050E+00 -0.92560095E-03 0.1117E-11      8
  886   21     0    -136      0    136  0.90305708E+00 -0.97310126E-03 0.1001E-11      9
  887   21     0    -135      0    135  0.90987714E+00 -0.87667062E-03 0.1018E-11      8
  888   21     0    -134      0    134  0.91591697E+00 -0.79897265E-03 0.1044E-11      9
  889   21     0    -133      0    133  0.92235058E+00 -0.92975910E-03 0.9486E-12      8
  890   21     0    -132      0    132  0.92968500E+00 -0.97709339E-03 0.4899E-12      8
  891   21     0    -131      0    131  0.93690099E+00 -0.87662433E-03 0.9581E-12      9
  892   21     0    -130      0    130  0.94326731E+00 -0.80577280E-03 0.1304E-11      8
  893   21     0    -129      0    129  0.95011371E+00 -0.94549890E-03 0.1962E-11      9
  894   21     0    -128      0    128  0.95789705E+00 -0.98970408E-03 0.8743E-12      9
  895   21     0    -127      0    127  0.96548191E+00 -0.88104852E-03 0.2595E-12      8
  896   21     0    -126      0    126  0.97218565E+00 -0.82847480E-03 0.1053E-11      8
  897   21     0    -125      0    125  0.97953689E+00 -0.97836186E-03 0.4206E-11      9
  898   21     0    -124      0    124  0.98784088E+00 -0.10174501E-02 0.7237E-12      9
  899   21     0    -123      0    123  0.99585829E+00 -0.89929270E-03 0.2959E-12      9
  900   21     0    -122      0    122  0.10029197E+01 -0.85694627E-03 0.1565E-11      9
  901   21     0    -121      0    121  0.10107700E+01 -0.10242815E-02 0.1711E-11      9
  902   21     0    -120      0    120  0.10196372E+01 -0.10693935E-02 0.9282E-12     12
  903   21     0    -119      0    119  0.10281740E+01 -0.94791890E-03 0.4483E-12     10
  904   21     0    -118      0    118  0.10356536E+01 -0.90781090E-03 0.1660E-11     10
  905   21     0    -117      0    117  0.10440021E+01 -0.11005200E-02 0.2871E-12      8
  906   21     0    -116      0    116  0.10534601E+01 -0.11604120E-02 0.4335E-12      8
  907   21     0    -115      0    115  0.10625569E+01 -0.10333708E-02 0.3354E-12      9
  908   21     0    -114      0    114  0.10704830E+01 -0.99334834E-03 0.1755E-12     10
  909   21     0    -113      0    113  0.10793642E+01 -0.12184335E-02 0.1706E-11      9
  910   21     0    -112      0    112  0.10894587E+01 -0.12913329E-02 0.8927E-12     10
  911   21     0    -111      0    111  0.10991717E+01 -0.11477967E-02 0.1173E-11     10
  912   21     0    -110      0    110  0.11075646E+01 -0.10893632E-02 0.9965E-12      9
  913   21     0    -109      0    109  0.11169694E+01 -0.13389076E-02 0.1194E-11      8
  914   21     0    -108      0    108  0.11277374E+01 -0.14134442E-02 0.3380E-12     10
  915   21     0    -109      0    109  0.11381767E+01 -0.12500879E-02 0.7220E-12      9
  916   21     0    -107      0    107  0.11471460E+01 -0.11442678E-02 0.1585E-11      8
  917   21     0    -106      0    106  0.11570514E+01 -0.13893937E-02 0.1407E-11      8
  918   21     0    -105      0    105  0.11685334E+01 -0.14541745E-02 0.2066E-11      9
  919   21     0    -104      0    104  0.11798375E+01 -0.12740951E-02 0.8300E-12     10
  920   21     0    -103      0    103  0.11895045E+01 -0.10942350E-02 0.1327E-11      8
  921   21     0    -102      0    102  0.11998647E+01 -0.12929710E-02 0.2298E-11      9
  922   21     0    -101      0    101  0.12121162E+01 -0.13265745E-02 0.2923E-11      9
  923   21     0    -100      0    100  0.12244371E+01 -0.11335631E-02 0.9021E-12     10
  924   21     0     -99      0     99  0.12350088E+01 -0.89773472E-03 0.8495E-12      9
  925   21     0     -98      0     98  0.12458888E+01 -0.10093069E-02 0.9043E-12      9
  926   21     0     -97      0     97  0.12590218E+01 -0.10082389E-02 0.1182E-11     10
  927   21     0     -96      0     96  0.12725074E+01 -0.83687863E-03 0.6955E-12      8
  928   21     0     -95      0     95  0.12841619E+01 -0.62334067E-03 0.2221E-11      8
  929   21     0     -94      0     94  0.12957185E+01 -0.67264787E-03 0.1808E-11      9
  930   21     0     -93      0     93  0.13098580E+01 -0.66798659E-03 0.2702E-11      9
  931   21     0     -92      0     92  0.13246177E+01 -0.55057402E-03 0.2100E-11     10
  932   21     0     -91      0     91  0.13374723E+01 -0.39697895E-03 0.6595E-12     10
  933   21     0     -90      0     90  0.13497975E+01 -0.41635439E-03 0.3004E-11      8
  934   21     0     -89      0     89  0.13650293E+01 -0.41740018E-03 0.4055E-11      9
  935   21     0     -88      0     88  0.13812020E+01 -0.34571417E-03 0.1441E-11     10
  936   21     0     -87      0     87  0.13954625E+01 -0.24428529E-03 0.1470E-11      8
  937   21     0     -86      0     86  0.14086531E+01 -0.24783677E-03 0.5409E-11     10
  938   21     0     -85      0     85  0.14250809E+01 -0.25334353E-03 0.3163E-11      8
  939   21     0     -84      0     84  0.14428443E+01 -0.21208496E-03 0.6614E-11     11
  940   21     0     -83      0     83  0.14586557E+01 -0.14764630E-03 0.5343E-11      9
  941   21     0     -82      0     82  0.14727897E+01 -0.14621578E-03 0.3736E-11      9
  942   21     0     -81      0     81  0.14905816E+01 -0.15321624E-03 0.3318E-11      9
  943   21     0     -80      0     80  0.15101154E+01 -0.12957947E-03 0.1360E-10      9
  944   21     0     -79      0     79  0.15275802E+01 -0.89702541E-04 0.8163E-11      8
  945   21     0     -78      0     78  0.15428652E+01 -0.88427415E-04 0.3261E-10     11
  946   21     0     -77      0     77  0.15622836E+01 -0.95313233E-04 0.1019E-10      9
  947   21     0     -76      0     76  0.15837733E+01 -0.82357746E-04 0.3480E-10      9
  948   21     0     -75      0     75  0.16030150E+01 -0.57532902E-04 0.1795E-10      9
  949   21     0     -74      0     74  0.16195630E+01 -0.56810021E-04 0.2729E-10      9
  950   21     0     -73      0     73  0.16407066E+01 -0.62691761E-04 0.8153E-10      8
  951   21     0     -72      0     72  0.16642467E+01 -0.54577663E-04 0.2545E-10      9
  952   21     0     -71      0     71  0.16853135E+01 -0.37771742E-04 0.2298E-10      9
  953   21     0     -70      0     70  0.17033135E+01 -0.37268882E-04 0.1853E-10      8
  954   21     0     -69      0     69  0.17265855E+01 -0.41098126E-04 0.3768E-10      9
  Time elapsed :      8.566 s

Mode Search
-----------

Mode parameters
   l : 22
   m : 0

Building frequency grid (REAL axis)
   added scan interval :  0.5234E+00 ->  0.2104E+01 (3000 points, INVERSE)

Building spatial grid
   Scaffold grid from model
   Split 283 subinterval(s) in iteration 1
   Split 32 subinterval(s) in iteration 2
   Split 0 subinterval(s) in iteration 3
   Final grid has 1 segment(s) and 7452 point(s):
      Segment 1 : x range 0.0000 -> 1.0012 (1 -> 7452)

Starting search (adiabatic)

Scanning frequencies
  Time elapsed :    37.536 s

Finding roots
  Time elapsed :     11.259 s

Processing modes
   id    l     m    n_pg    n_p    n_g       Re(omega)       Im(omega)        chi n_iter
  996   22     0    -220      0    220  0.58912639E+00  0.00000000E+00 0.3113E-12      6
  997   22     0    -219      0    219  0.59188734E+00  0.00000000E+00 0.4259E-13      5
  998   22     0    -218      0    218  0.59461629E+00  0.00000000E+00 0.8673E-13      6
  999   22     0    -217      0    217  0.59721660E+00  0.00000000E+00 0.5060E-12      5
 1000   22     0    -216      0    216  0.59992980E+00  0.00000000E+00 0.4750E-12      6
 1001   22     0    -215      0    215  0.60281634E+00  0.00000000E+00 0.1636E-13      5
 1002   22     0    -214      0    214  0.60563488E+00  0.00000000E+00 0.9126E-13      6
 1003   22     0    -213      0    213  0.60828437E+00  0.00000000E+00 0.1050E-12      5
 1004   22     0    -212      0    212  0.61108408E+00  0.00000000E+00 0.2229E-12      5
 1005   22     0    -211      0    211  0.61409863E+00  0.00000000E+00 0.2944E-12      5
 1006   22     0    -210      0    210  0.61705946E+00  0.00000000E+00 0.4938E-12      5
 1007   22     0    -209      0    209  0.61983735E+00  0.00000000E+00 0.2110E-12      5
 1008   22     0    -208      0    208  0.62272206E+00  0.00000000E+00 0.8773E-13      5
 1009   22     0    -207      0    207  0.62580723E+00  0.00000000E+00 0.1213E-11      5
 1010   22     0    -206      0    206  0.62884437E+00  0.00000000E+00 0.4591E-12      6
 1011   22     0    -205      0    205  0.63175465E+00  0.00000000E+00 0.5764E-12      5
 1012   22     0    -204      0    204  0.63480215E+00  0.00000000E+00 0.7154E-13      5
 1013   22     0    -203      0    203  0.63800829E+00  0.00000000E+00 0.2935E-12      6
 1014   22     0    -202      0    202  0.64112463E+00  0.00000000E+00 0.7137E-12      5
 1015   22     0    -201      0    201  0.64413595E+00  0.00000000E+00 0.4312E-12      6
 1016   22     0    -200      0    200  0.64733762E+00  0.00000000E+00 0.3009E-12      5
 1017   22     0    -199      0    199  0.65068521E+00  0.00000000E+00 0.2334E-13      5
 1018   22     0    -198      0    198  0.65389456E+00  0.00000000E+00 0.5048E-13      5
 1019   22     0    -197      0    197  0.65700635E+00  0.00000000E+00 0.2280E-12      5
 1020   22     0    -196      0    196  0.66036955E+00  0.00000000E+00 0.6799E-13      5
 1021   22     0    -195      0    195  0.66387814E+00  0.00000000E+00 0.6698E-13      5
 1022   22     0    -194      0    194  0.66719143E+00  0.00000000E+00 0.2761E-13      6
 1023   22     0    -193      0    193  0.67039121E+00  0.00000000E+00 0.1266E-12      6
 1024   22     0    -192      0    192  0.67391055E+00  0.00000000E+00 0.5877E-12      5
 1025   22     0    -191      0    191  0.67759727E+00  0.00000000E+00 0.3077E-12      6
 1026   22     0    -190      0    190  0.68105052E+00  0.00000000E+00 0.2535E-12      6
 1027   22     0    -189      0    189  0.68434180E+00  0.00000000E+00 0.6741E-13      5
 1028   22     0    -188      0    188  0.68799432E+00  0.00000000E+00 0.1254E-12      5
 1029   22     0    -187      0    187  0.69185543E+00  0.00000000E+00 0.2404E-12      5
 1030   22     0    -186      0    186  0.69549461E+00  0.00000000E+00 0.1850E-12      5
 1031   22     0    -185      0    185  0.69892824E+00  0.00000000E+00 0.2871E-12      6
 1032   22     0    -184      0    184  0.70269980E+00  0.00000000E+00 0.4062E-12      6
 1033   22     0    -183      0    183  0.70669783E+00  0.00000000E+00 0.2301E-12      6
 1034   22     0    -182      0    182  0.71048656E+00  0.00000000E+00 0.1431E-12      6
 1035   22     0    -181      0    181  0.71409664E+00  0.00000000E+00 0.1171E-12      6
 1036   22     0    -180      0    180  0.71804801E+00  0.00000000E+00 0.4508E-12      5
 1037   22     0    -179      0    179  0.72221393E+00  0.00000000E+00 0.2135E-12      5
 1038   22     0    -178      0    178  0.72615782E+00  0.00000000E+00 0.1992E-12      6
 1039   22     0    -177      0    177  0.72993329E+00  0.00000000E+00 0.4526E-12      6
 1040   22     0    -176      0    176  0.73406009E+00  0.00000000E+00 0.1217E-12      5
 1041   22     0    -175      0    175  0.73838561E+00  0.00000000E+00 0.2154E-12      6
 1042   22     0    -174      0    174  0.74247919E+00  0.00000000E+00 0.4124E-12      5
 1043   22     0    -173      0    173  0.74645973E+00  0.00000000E+00 0.1666E-13      5
 1044   22     0    -172      0    172  0.75081278E+00  0.00000000E+00 0.3506E-12      5
 1045   22     0    -171      0    171  0.75533087E+00  0.00000000E+00 0.4588E-12      5
 1046   22     0    -170      0    170  0.75957121E+00  0.00000000E+00 0.9751E-13      6
 1047   22     0    -169      0    169  0.76371960E+00  0.00000000E+00 0.1657E-12      6
 1048   22     0    -168      0    168  0.76829400E+00  0.00000000E+00 0.2411E-12      5
 1049   22     0    -167      0    167  0.77302753E+00  0.00000000E+00 0.1592E-12      6
 1050   22     0    -166      0    166  0.77745084E+00  0.00000000E+00 0.1038E-12      5
 1051   22     0    -165      0    165  0.78180851E+00  0.00000000E+00 0.2302E-12      6
 1052   22     0    -164      0    164  0.78663479E+00  0.00000000E+00 0.1348E-12      5
 1053   22     0    -163      0    163  0.79159923E+00  0.00000000E+00 0.2925E-12      6
 1054   22     0    -162      0    162  0.79617932E+00  0.00000000E+00 0.2750E-12      5
 1055   22     0    -161      0    161  0.80072414E+00  0.00000000E+00 0.1784E-12      6
 1056   22     0    -160      0    160  0.80582688E+00  0.00000000E+00 0.1276E-12      5
 1057   22     0    -159      0    159  0.81106458E+00  0.00000000E+00 0.2652E-13      5
 1058   22     0    -158      0    158  0.81586001E+00  0.00000000E+00 0.2570E-12      5
 1059   22     0    -157      0    157  0.82062306E+00  0.00000000E+00 0.9778E-13      5
 1060   22     0    -156      0    156  0.82600084E+00  0.00000000E+00 0.2833E-12      5
 1061   22     0    -155      0    155  0.83150721E+00  0.00000000E+00 0.1407E-13      6
 1062   22     0    -154      0    154  0.83650547E+00  0.00000000E+00 0.4914E-13      5
 1063   22     0    -153      0    153  0.84149568E+00  0.00000000E+00 0.1572E-12      6
 1064   22     0    -152      0    152  0.84718413E+00  0.00000000E+00 0.3099E-12      5
 1065   22     0    -151      0    151  0.85301409E+00  0.00000000E+00 0.1466E-12      6
 1066   22     0    -150      0    150  0.85827790E+00  0.00000000E+00 0.1561E-12      5
 1067   22     0    -149      0    149  0.86349243E+00  0.00000000E+00 0.4244E-12      6
 1068   22     0    -148      0    148  0.86946853E+00  0.00000000E+00 0.9669E-13      5
 1069   22     0    -147      0    147  0.87559867E+00  0.00000000E+00 0.2093E-12      6
 1070   22     0    -146      0    146  0.88113147E+00  0.00000000E+00 0.1718E-12      5
 1071   22     0    -145      0    145  0.88665400E+00  0.00000000E+00 0.2027E-12      6
 1072   22     0    -144      0    144  0.89297401E+00  0.00000000E+00 0.2043E-12      5
 1073   22     0    -143      0    143  0.89942028E+00  0.00000000E+00 0.2959E-12      5
 1074   22     0    -142      0    142  0.90522387E+00  0.00000000E+00 0.2477E-12      5
 1075   22     0    -141      0    141  0.91107939E+00  0.00000000E+00 0.7305E-13      6
 1076   22     0    -140      0    140  0.91776734E+00  0.00000000E+00 0.1429E-12      5
 1077   22     0    -139      0    139  0.92453398E+00  0.00000000E+00 0.1482E-12      6
 1078   22     0    -138      0    138  0.93061588E+00  0.00000000E+00 0.4211E-13      5
 1079   22     0    -137      0    137  0.93686312E+00  0.00000000E+00 0.1202E-13      6
 1080   22     0    -136      0    136  0.94398407E+00  0.00000000E+00 0.1728E-12      5
 1081   22     0    -135      0    135  0.95112527E+00  0.00000000E+00 0.1217E-14      6
 1082   22     0    -134      0    134  0.95748061E+00  0.00000000E+00 0.2649E-12      5
 1083   22     0    -133      0    133  0.96409477E+00  0.00000000E+00 0.2377E-13      6
 1084   22     0    -132      0    132  0.97167823E+00  0.00000000E+00 0.1881E-12      5
 1085   22     0    -131      0    131  0.97925055E+00  0.00000000E+00 0.3588E-13      6
 1086   22     0    -130      0    130  0.98595628E+00  0.00000000E+00 0.1538E-12      5
 1087   22     0    -129      0    129  0.99297635E+00  0.00000000E+00 0.1214E-12      6
 1088   22     0    -128      0    128  0.10010243E+01  0.00000000E+00 0.4793E-13      5
 1089   22     0    -127      0    127  0.10090040E+01  0.00000000E+00 0.3059E-13      6
 1090   22     0    -126      0    126  0.10160630E+01  0.00000000E+00 0.1134E-12      6
 1091   22     0    -125      0    125  0.10235807E+01  0.00000000E+00 0.2172E-12      6
 1092   22     0    -124      0    124  0.10321700E+01  0.00000000E+00 0.4113E-12      5
 1093   22     0    -123      0    123  0.10406248E+01  0.00000000E+00 0.1692E-12      6
 1094   22     0    -122      0    122  0.10480625E+01  0.00000000E+00 0.7526E-14      6
 1095   22     0    -121      0    121  0.10560658E+01  0.00000000E+00 0.4846E-13      6
 1096   22     0    -120      0    120  0.10652337E+01  0.00000000E+00 0.1824E-12      6
 1097   22     0    -119      0    119  0.10742508E+01  0.00000000E+00 0.6889E-13      6
 1098   22     0    -118      0    118  0.10821403E+01  0.00000000E+00 0.1587E-12      6
 1099   22     0    -117      0    117  0.10906243E+01  0.00000000E+00 0.8757E-14      6
 1100   22     0    -116      0    116  0.11003927E+01  0.00000000E+00 0.3929E-13      6
 1101   22     0    -115      0    115  0.11100165E+01  0.00000000E+00 0.2390E-12      6
 1102   22     0    -114      0    114  0.11183942E+01  0.00000000E+00 0.5326E-13      6
 1103   22     0    -113      0    113  0.11273920E+01  0.00000000E+00 0.2480E-12      6
 1104   22     0    -112      0    112  0.11378090E+01  0.00000000E+00 0.1743E-12      5
 1105   22     0    -111      0    111  0.11481018E+01  0.00000000E+00 0.2310E-12      6
 1106   22     0    -110      0    110  0.11570063E+01  0.00000000E+00 0.1294E-12      5
 1107   22     0    -109      0    109  0.11665136E+01  0.00000000E+00 0.2622E-13      5
 1108   22     0    -108      0    108  0.11776168E+01  0.00000000E+00 0.3086E-12      5
 1109   22     0    -107      0    107  0.11886821E+01  0.00000000E+00 0.1201E-13      6
 1110   22     0    -106      0    106  0.11982443E+01  0.00000000E+00 0.5970E-13      5
 1111   22     0    -105      0    105  0.12082485E+01  0.00000000E+00 0.2743E-14      6
 1112   22     0    -104      0    104  0.12200614E+01  0.00000000E+00 0.3979E-12      5
 1113   22     0    -103      0    103  0.12320194E+01  0.00000000E+00 0.8524E-13      6
 1114   22     0    -102      0    102  0.12423810E+01  0.00000000E+00 0.2200E-12      5
 1115   22     0    -101      0    101  0.12528386E+01  0.00000000E+00 0.8712E-13      6
 1116   22     0    -100      0    100  0.12653898E+01  0.00000000E+00 0.3045E-13      5
 1117   22     0     -99      0     99  0.12783776E+01  0.00000000E+00 0.1385E-12      6
 1118   22     0     -98      0     98  0.12897554E+01  0.00000000E+00 0.2487E-13      5
 1119   22     0     -97      0     97  0.13007441E+01  0.00000000E+00 0.1391E-12      6
 1120   22     0     -96      0     96  0.13141274E+01  0.00000000E+00 0.2939E-12      5
 1121   22     0     -95      0     95  0.13282934E+01  0.00000000E+00 0.3927E-13      6
 1122   22     0     -94      0     94  0.13408680E+01  0.00000000E+00 0.8682E-13      6
 1123   22     0     -93      0     93  0.13525613E+01  0.00000000E+00 0.2953E-13      6
 1124   22     0     -92      0     92  0.13668989E+01  0.00000000E+00 0.2383E-12      6
 1125   22     0     -91      0     91  0.13823558E+01  0.00000000E+00 0.2355E-12      6
 1126   22     0     -90      0     90  0.13962503E+01  0.00000000E+00 0.3162E-12      6
 1127   22     0     -89      0     89  0.14087632E+01  0.00000000E+00 0.1676E-12      6
 1128   22     0     -88      0     88  0.14241335E+01  0.00000000E+00 0.2311E-12      5
 1129   22     0     -87      0     87  0.14410159E+01  0.00000000E+00 0.6060E-13      6
 1130   22     0     -86      0     86  0.14564398E+01  0.00000000E+00 0.1344E-12      6
 1131   22     0     -85      0     85  0.14699088E+01  0.00000000E+00 0.1185E-12      6
 1132   22     0     -84      0     84  0.14863918E+01  0.00000000E+00 0.1655E-13      6
 1133   22     0     -83      0     83  0.15048664E+01  0.00000000E+00 0.1192E-12      6
 1134   22     0     -82      0     82  0.15219700E+01  0.00000000E+00 0.2254E-12      6
 1135   22     0     -81      0     81  0.15364800E+01  0.00000000E+00 0.2471E-13      6
 1136   22     0     -80      0     80  0.15542318E+01  0.00000000E+00 0.2328E-12      6
 1137   22     0     -79      0     79  0.15744934E+01  0.00000000E+00 0.1750E-12      5
 1138   22     0     -78      0     78  0.15933826E+01  0.00000000E+00 0.1081E-13      6
 1139   22     0     -77      0     77  0.16091102E+01  0.00000000E+00 0.2721E-13      6
 1140   22     0     -76      0     76  0.16283903E+01  0.00000000E+00 0.1071E-12      5
 1141   22     0     -75      0     75  0.16506097E+01  0.00000000E+00 0.9364E-13      6
 1142   22     0     -74      0     74  0.16713918E+01  0.00000000E+00 0.7972E-13      5
 1143   22     0     -73      0     73  0.16884377E+01  0.00000000E+00 0.7624E-13      6
 1144   22     0     -72      0     72  0.17093265E+01  0.00000000E+00 0.1101E-13      6
  Time elapsed :      3.167 s

Starting search (non-adiabatic)

Finding roots
  Time elapsed :    214.609 s

Processing modes
   id    l     m    n_pg    n_p    n_g       Re(omega)       Im(omega)        chi n_iter
  996   22     0    -220      1    221  0.58877539E+00 -0.10400263E-02 0.7361E-12      7
  997   22     0    -219      1    220  0.59155049E+00 -0.10907401E-02 0.9406E-12      7
  998   22     0    -218      1    219  0.59431797E+00 -0.10443961E-02 0.3671E-12      8
  999   22     0    -217      1    218  0.59691043E+00 -0.10145989E-02 0.4268E-12      8
 1000   22     0    -216      1    217  0.59959760E+00 -0.11061985E-02 0.4661E-12      7
 1001   22     0    -215      1    216  0.60250339E+00 -0.11529476E-02 0.7819E-12      8
 1002   22     0    -214      1    215  0.60536509E+00 -0.10867035E-02 0.4247E-12      7
 1003   22     0    -213      1    214  0.60799528E+00 -0.10517342E-02 0.1232E-12      9
 1004   22     0    -212      1    213  0.61076226E+00 -0.11718577E-02 0.7868E-12      8
 1005   22     0    -211      1    212  0.61379507E+00 -0.12297036E-02 0.4643E-12      7
 1006   22     0    -210      1    211  0.61679607E+00 -0.11661613E-02 0.5961E-12      9
 1007   22     0    -209      1    210  0.61955827E+00 -0.11172383E-02 0.6018E-12      7
 1008   22     0    -208      1    209  0.62240878E+00 -0.12249253E-02 0.8069E-12      8
 1009   22     0    -207      1    208  0.62551068E+00 -0.12806463E-02 0.1948E-12     10
 1010   22     0    -206      0    206  0.62857790E+00 -0.12220178E-02 0.5230E-12      8
 1011   22     0    -205      0    205  0.63146268E+00 -0.12038929E-02 0.3529E-12      7
 1012   22     0    -204      0    204  0.63448398E+00 -0.13073724E-02 0.8912E-12      8
 1013   22     0    -203      0    203  0.63771086E+00 -0.13405894E-02 0.6984E-12      9
 1014   22     0    -202      0    202  0.64085335E+00 -0.12663697E-02 0.4753E-12      8
 1015   22     0    -201      0    201  0.64382646E+00 -0.12727678E-02 0.7995E-13      8
 1016   22     0    -200      0    200  0.64700627E+00 -0.13906153E-02 0.4644E-12      9
 1017   22     0    -199      0    199  0.65038127E+00 -0.14095103E-02 0.5966E-12     10
 1018   22     0    -198      0    198  0.65361537E+00 -0.13143605E-02 0.1001E-11      8
 1019   22     0    -197      0    197  0.65667171E+00 -0.13455779E-02 0.3522E-12     10
 1020   22     0    -196      0    196  0.66001201E+00 -0.14866161E-02 0.5751E-12     10
 1021   22     0    -195      0    195  0.66355213E+00 -0.14962614E-02 0.5062E-12      8
 1022   22     0    -194      0    194  0.66689146E+00 -0.13693647E-02 0.6832E-12      9
 1023   22     0    -193      0    193  0.67001011E+00 -0.14166077E-02 0.9241E-12      9
 1024   22     0    -192      0    192  0.67349539E+00 -0.15865157E-02 0.7968E-12      9
 1025   22     0    -191      0    191  0.67721034E+00 -0.15932916E-02 0.3656E-12      9
 1026   22     0    -189      0    189  0.68388797E+00 -0.14596821E-02 0.6829E-12     12
 1027   22     0    -188      0    188  0.68748729E+00 -0.16471389E-02 0.1020E-11      8
 1028   22     0    -187      0    187  0.69136920E+00 -0.16557927E-02 0.3935E-12     10
 1029   22     0    -186      0    186  0.69505420E+00 -0.14847715E-02 0.4338E-12      9
 1030   22     0    -185      0    185  0.69839636E+00 -0.14647810E-02 0.1720E-11      9
 1031   22     0    -184      0    184  0.70210102E+00 -0.16360877E-02 0.7844E-12      9
 1032   22     0    -183      0    183  0.70612132E+00 -0.16381840E-02 0.1012E-11      9
 1033   22     0    -182      0    182  0.70996286E+00 -0.14699701E-02 0.5247E-12      8
 1034   22     0    -181      0    181  0.71349674E+00 -0.14474558E-02 0.1023E-11     10
 1035   22     0    -180      0    180  0.71738765E+00 -0.15939286E-02 0.7282E-12      9
 1036   22     0    -179      0    179  0.72158380E+00 -0.15836253E-02 0.1275E-12      9
 1037   22     0    -178      0    178  0.72558964E+00 -0.14183401E-02 0.1083E-11      9
 1038   22     0    -177      0    177  0.72930222E+00 -0.13996294E-02 0.7081E-12      9
 1039   22     0    -176      0    176  0.73337760E+00 -0.15291217E-02 0.1275E-11      9
 1040   22     0    -175      0    175  0.73774041E+00 -0.15069333E-02 0.7405E-12      9
 1041   22     0    -174      0    174  0.74189261E+00 -0.13545251E-02 0.4578E-12      8
 1042   22     0    -173      0    173  0.74581627E+00 -0.13592672E-02 0.4091E-12      9
 1043   22     0    -172      0    172  0.75013086E+00 -0.14680767E-02 0.9006E-12     10
 1044   22     0    -171      0    171  0.75469487E+00 -0.14277027E-02 0.3285E-12      9
 1045   22     0    -170      0    170  0.75899791E+00 -0.12717954E-02 0.6387E-12      8
 1046   22     0    -169      0    169  0.76309203E+00 -0.12920364E-02 0.5384E-12      9
 1047   22     0    -168      0    168  0.76763766E+00 -0.13933648E-02 0.3454E-12      8
 1048   22     0    -167      0    167  0.77242476E+00 -0.13416261E-02 0.1198E-11      8
 1049   22     0    -166      0    166  0.77691214E+00 -0.11899462E-02 0.1469E-12     10
 1050   22     0    -165      0    165  0.78122353E+00 -0.12230137E-02 0.4965E-12      8
 1051   22     0    -164      0    164  0.78603375E+00 -0.13133044E-02 0.7263E-12     10
 1052   22     0    -163      0    163  0.79106077E+00 -0.12485952E-02 0.1045E-12      9
 1053   22     0    -162      0    162  0.79570572E+00 -0.10944725E-02 0.5918E-12     10
 1054   22     0    -161      0    161  0.80020491E+00 -0.11517006E-02 0.6953E-12      8
 1055   22     0    -160      0    160  0.80530069E+00 -0.12414688E-02 0.2470E-12      8
 1056   22     0    -159      0    159  0.81060202E+00 -0.11723218E-02 0.1456E-11     10
 1057   22     0    -158      0    158  0.81545803E+00 -0.10229603E-02 0.7631E-12      8
 1058   22     0    -157      0    157  0.82018160E+00 -0.10905429E-02 0.1526E-12      8
 1059   22     0    -156      0    156  0.82555836E+00 -0.11775442E-02 0.6872E-12     10
 1060   22     0    -155      0    155  0.83112514E+00 -0.11058043E-02 0.6707E-12      8
 1061   22     0    -154      0    154  0.83617523E+00 -0.96136454E-03 0.5817E-12      8
 1062   22     0    -153      0    153  0.84112827E+00 -0.10453064E-02 0.1114E-11      9
 1063   22     0    -152      0    152  0.84681887E+00 -0.11328561E-02 0.4669E-13      8
 1064   22     0    -151      0    151  0.85270247E+00 -0.10625483E-02 0.6621E-12      8
 1065   22     0    -150      0    150  0.85801262E+00 -0.91635621E-03 0.8134E-12      8
 1066   22     0    -149      0    149  0.86319590E+00 -0.99964629E-03 0.5844E-12      8
 1067   22     0    -148      0    148  0.86917708E+00 -0.10863970E-02 0.1254E-11     11
 1068   22     0    -147      0    147  0.87535488E+00 -0.10150196E-02 0.6791E-12      9
 1069   22     0    -146      0    146  0.88092331E+00 -0.87999634E-03 0.2892E-12      9
 1070   22     0    -145      0    145  0.88642266E+00 -0.96759801E-03 0.1793E-12      9
 1071   22     0    -144      0    144  0.89275342E+00 -0.10439993E-02 0.7958E-12      9
 1072   22     0    -143      0    143  0.89924226E+00 -0.96787768E-03 0.1440E-12      8
 1073   22     0    -142      0    142  0.90507125E+00 -0.84527904E-03 0.2333E-12      9
 1074   22     0    -141      0    141  0.91091177E+00 -0.93925191E-03 0.1444E-12     10
 1075   22     0    -140      0    140  0.91761573E+00 -0.10057293E-02 0.1111E-11      9
 1076   22     0    -139      0    139  0.92441935E+00 -0.92519996E-03 0.7684E-12      8
 1077   22     0    -138      0    138  0.93051613E+00 -0.82132285E-03 0.8630E-12      9
 1078   22     0    -137      0    137  0.93675639E+00 -0.92754801E-03 0.1112E-11      9
 1079   22     0    -136      0    136  0.94389698E+00 -0.98801689E-03 0.9115E-12      8
 1080   22     0    -135      0    135  0.95106932E+00 -0.90210065E-03 0.9443E-12      8
 1081   22     0    -134      0    134  0.95743096E+00 -0.80474424E-03 0.8370E-12      9
 1082   22     0    -133      0    133  0.96404449E+00 -0.92884843E-03 0.2084E-11      9
 1083   22     0    -132      0    132  0.97165023E+00 -0.99015838E-03 0.5316E-12      9
 1084   22     0    -131      0    131  0.97924736E+00 -0.90102111E-03 0.2345E-12     10
 1085   22     0    -130      0    130  0.98595256E+00 -0.80785050E-03 0.1172E-11      8
 1086   22     0    -129      0    129  0.99297931E+00 -0.94146727E-03 0.1199E-11      8
 1087   22     0    -128      0    128  0.10010521E+01 -0.10009557E-02 0.1476E-11      8
 1088   22     0    -127      0    127  0.10090500E+01 -0.90430791E-03 0.8809E-12     10
 1089   22     0    -126      0    126  0.10161022E+01 -0.82544196E-03 0.1605E-11      8
 1090   22     0    -125      0    125  0.10236360E+01 -0.97135098E-03 0.1223E-11     11
 1091   22     0    -124      0    124  0.10322528E+01 -0.10270612E-02 0.7243E-12      8
 1092   22     0    -123      0    123  0.10407200E+01 -0.92269258E-03 0.9282E-12      9
 1093   22     0    -122      0    122  0.10481458E+01 -0.84987193E-03 0.1709E-11      9
 1094   22     0    -121      0    121  0.10561753E+01 -0.10147953E-02 0.2716E-11      9
 1095   22     0    -120      0    120  0.10653745E+01 -0.10789689E-02 0.1588E-12     10
 1096   22     0    -119      0    119  0.10743993E+01 -0.97441808E-03 0.1108E-11      8
 1097   22     0    -118      0    118  0.10822708E+01 -0.89924173E-03 0.1980E-11      8
 1098   22     0    -117      0    117  0.10907902E+01 -0.10894612E-02 0.1909E-11      9
 1099   22     0    -116      0    116  0.11005944E+01 -0.11721369E-02 0.2145E-11      9
 1100   22     0    -115      0    115  0.11102200E+01 -0.10662690E-02 0.1306E-11     10
 1101   22     0    -114      0    114  0.11185696E+01 -0.98392101E-03 0.1759E-11      9
 1102   22     0    -113      0    113  0.11276087E+01 -0.12058219E-02 0.1035E-11      8
 1103   22     0    -112      0    112  0.11380616E+01 -0.13058167E-02 0.4877E-12     10
 1104   22     0    -111      0    111  0.11483471E+01 -0.11886623E-02 0.3068E-12      9
 1105   22     0    -110      0    110  0.11572081E+01 -0.10792118E-02 0.7568E-12     10
 1106   22     0    -109      0    109  0.11667531E+01 -0.13236697E-02 0.1310E-11     10
 1107   22     0    -108      0    108  0.11778862E+01 -0.14308258E-02 0.1260E-11      9
 1108   22     0    -107      1    108  0.11889354E+01 -0.12998779E-02 0.8829E-12     10
 1109   22     0    -109      0    109  0.11984410E+01 -0.11402168E-02 0.1391E-11      8
 1110   22     0    -106      0    106  0.12084673E+01 -0.13745061E-02 0.1413E-11     10
 1111   22     0    -105      0    105  0.12203002E+01 -0.14765616E-02 0.1185E-11     11
 1112   22     0    -104      0    104  0.12322372E+01 -0.13317261E-02 0.1252E-12      8
 1113   22     0    -103      0    103  0.12425400E+01 -0.11020840E-02 0.5882E-12      9
 1114   22     0    -102      0    102  0.12530004E+01 -0.12751017E-02 0.2642E-11      8
 1115   22     0    -101      0    101  0.12655660E+01 -0.13440048E-02 0.3880E-12     10
 1116   22     0    -100      0    100  0.12785374E+01 -0.11799646E-02 0.6230E-12      8
 1117   22     0     -99      0     99  0.12898728E+01 -0.90801137E-03 0.2024E-11      9
 1118   22     0     -98      0     98  0.13008615E+01 -0.98025340E-03 0.1958E-11      9
 1119   22     0     -97      0     97  0.13142637E+01 -0.10092406E-02 0.3973E-11     11
 1120   22     0     -96      0     96  0.13284230E+01 -0.86090509E-03 0.2108E-11      9
 1121   22     0     -95      0     95  0.13409689E+01 -0.63036966E-03 0.9109E-12      8
 1122   22     0     -94      0     94  0.13526656E+01 -0.64270227E-03 0.1296E-11      8
 1123   22     0     -93      0     93  0.13670207E+01 -0.66080941E-03 0.2423E-12      8
 1124   22     0     -92      0     92  0.13824711E+01 -0.56033595E-03 0.3512E-12      9
 1125   22     0     -91      0     91  0.13963396E+01 -0.40167622E-03 0.1197E-11      8
 1126   22     0     -90      0     90  0.14088534E+01 -0.39159749E-03 0.3202E-11      9
 1127   22     0     -89      0     89  0.14242363E+01 -0.40742998E-03 0.3794E-11      9
 1128   22     0     -88      0     88  0.14411109E+01 -0.34720194E-03 0.2881E-11      8
 1129   22     0     -87      0     87  0.14565117E+01 -0.24706906E-03 0.5464E-11      9
 1130   22     0     -86      0     86  0.14699779E+01 -0.22938324E-03 0.8538E-11      8
 1131   22     0     -85      0     85  0.14864699E+01 -0.24399313E-03 0.2278E-12      9
 1132   22     0     -84      0     84  0.15049379E+01 -0.21053734E-03 0.2878E-11      9
 1133   22     0     -83      0     83  0.15220231E+01 -0.14944193E-03 0.7331E-11      8
 1134   22     0     -82      0     82  0.15365286E+01 -0.13338835E-03 0.9265E-11      9
 1135   22     0     -81      0     81  0.15542873E+01 -0.14599932E-03 0.1625E-10      9
 1136   22     0     -80      0     80  0.15745440E+01 -0.12779502E-03 0.6226E-11      9
 1137   22     0     -79      0     79  0.15934199E+01 -0.91201673E-04 0.9315E-11     10
 1138   22     0     -78      0     78  0.16091437E+01 -0.80429865E-04 0.3273E-10      8
 1139   22     0     -77      0     77  0.16284293E+01 -0.91048550E-04 0.2279E-10     13
 1140   22     0     -76      0     76  0.16506456E+01 -0.81695738E-04 0.2864E-10      9
 1141   22     0     -75      0     75  0.16714184E+01 -0.59228861E-04 0.6105E-11      9
 1142   22     0     -74      0     74  0.16884612E+01 -0.51754860E-04 0.2853E-11      9
 1143   22     0     -73      0     73  0.17093541E+01 -0.59866637E-04 0.1940E-10      9
 1144   22     0     -72      0     72  0.17336411E+01 -0.53971165E-04 0.3078E-10      9
  Time elapsed :      9.357 s

Mode Search
-----------

Mode parameters
   l : 23
   m : 0

Building frequency grid (REAL axis)
   added scan interval :  0.5234E+00 ->  0.2104E+01 (3000 points, INVERSE)

Building spatial grid
   Scaffold grid from model
   Split 286 subinterval(s) in iteration 1
   Split 73 subinterval(s) in iteration 2
   Split 0 subinterval(s) in iteration 3
   Final grid has 1 segment(s) and 7496 point(s):
      Segment 1 : x range 0.0000 -> 1.0012 (1 -> 7496)

Starting search (adiabatic)

Scanning frequencies
  Time elapsed :    35.883 s

Finding roots
  Time elapsed :     10.987 s

Processing modes
   id    l     m    n_pg    n_p    n_g       Re(omega)       Im(omega)        chi n_iter
 1189   23     0    -229      0    229  0.59117176E+00  0.00000000E+00 0.1664E-12      5
 1190   23     0    -228      0    228  0.59366038E+00  0.00000000E+00 0.1772E-13      6
 1191   23     0    -227      0    227  0.59633258E+00  0.00000000E+00 0.1136E-12      5
 1192   23     0    -226      0    226  0.59901834E+00  0.00000000E+00 0.5725E-12      5
 1193   23     0    -225      0    225  0.60156703E+00  0.00000000E+00 0.1671E-12      5
 1194   23     0    -224      0    224  0.60415602E+00  0.00000000E+00 0.3346E-12      6
 1195   23     0    -223      0    223  0.60692441E+00  0.00000000E+00 0.1276E-11      5
 1196   23     0    -222      0    222  0.60969196E+00  0.00000000E+00 0.2870E-13      5
 1197   23     0    -221      0    221  0.61232034E+00  0.00000000E+00 0.4682E-12      5
 1198   23     0    -220      0    220  0.61501358E+00  0.00000000E+00 0.1817E-12      6
 1199   23     0    -219      0    219  0.61788842E+00  0.00000000E+00 0.1033E-12      5
 1200   23     0    -218      0    218  0.62074264E+00  0.00000000E+00 0.2083E-12      6
 1201   23     0    -217      0    217  0.62345945E+00  0.00000000E+00 0.7125E-12      5
 1202   23     0    -216      0    216  0.62627859E+00  0.00000000E+00 0.4712E-12      5
 1203   23     0    -215      0    215  0.62928464E+00  0.00000000E+00 0.4961E-12      5
 1204   23     0    -214      0    214  0.63223496E+00  0.00000000E+00 0.1941E-12      6
 1205   23     0    -213      0    213  0.63500365E+00  0.00000000E+00 0.9736E-13      6
 1206   23     0    -212      0    212  0.63790979E+00  0.00000000E+00 0.4957E-12      6
 1207   23     0    -211      0    211  0.64104836E+00  0.00000000E+00 0.1352E-12      5
 1208   23     0    -210      0    210  0.64414729E+00  0.00000000E+00 0.6309E-13      6
 1209   23     0    -209      0    209  0.64705155E+00  0.00000000E+00 0.3234E-12      5
 1210   23     0    -208      0    208  0.65004702E+00  0.00000000E+00 0.8217E-12      5
 1211   23     0    -207      0    207  0.65325929E+00  0.00000000E+00 0.2002E-12      5
 1212   23     0    -206      0    206  0.65643719E+00  0.00000000E+00 0.1184E-12      6
 1213   23     0    -205      0    205  0.65947597E+00  0.00000000E+00 0.6338E-12      5
 1214   23     0    -204      0    204  0.66264172E+00  0.00000000E+00 0.1901E-12      5
 1215   23     0    -203      0    203  0.66598297E+00  0.00000000E+00 0.8137E-13      5
 1216   23     0    -202      0    202  0.66924511E+00  0.00000000E+00 0.1685E-12      5
 1217   23     0    -201      0    201  0.67238515E+00  0.00000000E+00 0.4800E-13      6
 1218   23     0    -200      0    200  0.67570945E+00  0.00000000E+00 0.3544E-12      5
 1219   23     0    -199      0    199  0.67920083E+00  0.00000000E+00 0.2003E-12      5
 1220   23     0    -198      0    198  0.68256328E+00  0.00000000E+00 0.2159E-12      5
 1221   23     0    -197      0    197  0.68580397E+00  0.00000000E+00 0.8512E-12      6
 1222   23     0    -196      0    196  0.68929306E+00  0.00000000E+00 0.1773E-12      5
 1223   23     0    -195      0    195  0.69295431E+00  0.00000000E+00 0.2537E-12      5
 1224   23     0    -194      0    194  0.69643010E+00  0.00000000E+00 0.4113E-13      5
 1225   23     0    -193      0    193  0.69975909E+00  0.00000000E+00 0.2702E-12      6
 1226   23     0    -192      0    192  0.70340599E+00  0.00000000E+00 0.1471E-12      6
 1227   23     0    -191      0    191  0.70725330E+00  0.00000000E+00 0.1781E-12      6
 1228   23     0    -190      0    190  0.71088019E+00  0.00000000E+00 0.2827E-12      5
 1229   23     0    -189      0    189  0.71430459E+00  0.00000000E+00 0.1893E-12      5
 1230   23     0    -188      0    188  0.71808528E+00  0.00000000E+00 0.3938E-13      6
 1231   23     0    -187      0    187  0.72211260E+00  0.00000000E+00 0.2541E-12      6
 1232   23     0    -186      0    186  0.72593495E+00  0.00000000E+00 0.7588E-13      6
 1233   23     0    -185      0    185  0.72951108E+00  0.00000000E+00 0.8366E-13      5
 1234   23     0    -184      0    184  0.73341341E+00  0.00000000E+00 0.1441E-12      6
 1235   23     0    -183      0    183  0.73758224E+00  0.00000000E+00 0.7128E-13      6
 1236   23     0    -182      0    182  0.74156032E+00  0.00000000E+00 0.5155E-12      6
 1237   23     0    -181      0    181  0.74531911E+00  0.00000000E+00 0.1806E-12      6
 1238   23     0    -180      0    180  0.74940837E+00  0.00000000E+00 0.1146E-12      5
 1239   23     0    -179      0    179  0.75375258E+00  0.00000000E+00 0.1265E-12      5
 1240   23     0    -178      0    178  0.75789283E+00  0.00000000E+00 0.5250E-13      6
 1241   23     0    -177      0    177  0.76182196E+00  0.00000000E+00 0.4252E-14      6
 1242   23     0    -176      0    176  0.76609351E+00  0.00000000E+00 0.2872E-14      6
 1243   23     0    -175      0    175  0.77060594E+00  0.00000000E+00 0.1940E-12      6
 1244   23     0    -174      0    174  0.77490180E+00  0.00000000E+00 0.5032E-13      5
 1245   23     0    -173      0    173  0.77903945E+00  0.00000000E+00 0.6818E-13      5
 1246   23     0    -172      0    172  0.78354662E+00  0.00000000E+00 0.4176E-12      5
 1247   23     0    -171      0    171  0.78826247E+00  0.00000000E+00 0.9327E-13      6
 1248   23     0    -170      0    170  0.79271358E+00  0.00000000E+00 0.1867E-12      6
 1249   23     0    -169      0    169  0.79702044E+00  0.00000000E+00 0.8447E-13      6
 1250   23     0    -168      0    168  0.80175585E+00  0.00000000E+00 0.1108E-12      5
 1251   23     0    -167      0    167  0.80669931E+00  0.00000000E+00 0.1628E-12      5
 1252   23     0    -166      0    166  0.81134376E+00  0.00000000E+00 0.8712E-13      5
 1253   23     0    -165      0    165  0.81586265E+00  0.00000000E+00 0.6176E-13      6
 1254   23     0    -164      0    164  0.82085773E+00  0.00000000E+00 0.5575E-12      5
 1255   23     0    -163      0    163  0.82604613E+00  0.00000000E+00 0.1073E-12      6
 1256   23     0    -162      0    162  0.83085940E+00  0.00000000E+00 0.2997E-13      6
 1257   23     0    -161      0    161  0.83556378E+00  0.00000000E+00 0.4695E-12      6
 1258   23     0    -160      0    160  0.84084282E+00  0.00000000E+00 0.1576E-12      5
 1259   23     0    -159      0    159  0.84632017E+00  0.00000000E+00 0.2228E-12      6
 1260   23     0    -158      0    158  0.85136355E+00  0.00000000E+00 0.6091E-13      5
 1261   23     0    -157      0    157  0.85628805E+00  0.00000000E+00 0.1277E-12      5
 1262   23     0    -156      0    156  0.86184870E+00  0.00000000E+00 0.5837E-12      5
 1263   23     0    -155      0    155  0.86760966E+00  0.00000000E+00 0.2853E-12      6
 1264   23     0    -154      0    154  0.87287067E+00  0.00000000E+00 0.3859E-13      6
 1265   23     0    -153      0    153  0.87802220E+00  0.00000000E+00 0.2406E-12      6
 1266   23     0    -152      0    152  0.88390022E+00  0.00000000E+00 0.1707E-12      5
 1267   23     0    -151      0    151  0.88999994E+00  0.00000000E+00 0.1649E-12      6
 1268   23     0    -150      0    150  0.89554615E+00  0.00000000E+00 0.8862E-13      5
 1269   23     0    -149      0    149  0.90092603E+00  0.00000000E+00 0.6311E-13      6
 1270   23     0    -148      0    148  0.90709652E+00  0.00000000E+00 0.2826E-12      5
 1271   23     0    -147      0    147  0.91351186E+00  0.00000000E+00 0.1799E-12      6
 1272   23     0    -146      0    146  0.91934201E+00  0.00000000E+00 0.1960E-12      6
 1273   23     0    -145      0    145  0.92503500E+00  0.00000000E+00 0.1357E-12      6
 1274   23     0    -144      0    144  0.93156058E+00  0.00000000E+00 0.7129E-13      5
 1275   23     0    -143      0    143  0.93831015E+00  0.00000000E+00 0.3295E-13      6
 1276   23     0    -142      0    142  0.94442441E+00  0.00000000E+00 0.3385E-12      5
 1277   23     0    -141      0    141  0.95045425E+00  0.00000000E+00 0.1369E-12      6
 1278   23     0    -140      0    140  0.95736197E+00  0.00000000E+00 0.4437E-12      5
 1279   23     0    -139      0    139  0.96445316E+00  0.00000000E+00 0.1491E-12      6
 1280   23     0    -138      0    138  0.97085691E+00  0.00000000E+00 0.2299E-12      5
 1281   23     0    -137      0    137  0.97728015E+00  0.00000000E+00 0.1037E-12      6
 1282   23     0    -136      0    136  0.98463671E+00  0.00000000E+00 0.2422E-12      5
 1283   23     0    -135      0    135  0.99212738E+00  0.00000000E+00 0.2318E-13      6
 1284   23     0    -134      0    134  0.99882205E+00  0.00000000E+00 0.2020E-12      5
 1285   23     0    -133      0    133  0.10056075E+01  0.00000000E+00 0.3877E-13      6
 1286   23     0    -132      0    132  0.10134405E+01  0.00000000E+00 0.5469E-13      5
 1287   23     0    -131      0    131  0.10213902E+01  0.00000000E+00 0.6206E-13      6
 1288   23     0    -130      0    130  0.10284572E+01  0.00000000E+00 0.6110E-12      5
 1289   23     0    -129      0    129  0.10356472E+01  0.00000000E+00 0.3376E-12      6
 1290   23     0    -128      0    128  0.10439592E+01  0.00000000E+00 0.4096E-13      5
 1291   23     0    -127      0    127  0.10523478E+01  0.00000000E+00 0.1946E-12      6
 1292   23     0    -126      0    126  0.10597832E+01  0.00000000E+00 0.3354E-12      5
 1293   23     0    -125      0    125  0.10674685E+01  0.00000000E+00 0.1273E-12      6
 1294   23     0    -124      0    124  0.10763416E+01  0.00000000E+00 0.2897E-12      5
 1295   23     0    -123      0    123  0.10852412E+01  0.00000000E+00 0.1553E-12      6
 1296   23     0    -122      0    122  0.10930790E+01  0.00000000E+00 0.2666E-12      5
 1297   23     0    -121      0    121  0.11012415E+01  0.00000000E+00 0.4835E-13      6
 1298   23     0    -120      0    120  0.11107063E+01  0.00000000E+00 0.8355E-13      5
 1299   23     0    -119      0    119  0.11202035E+01  0.00000000E+00 0.2047E-12      6
 1300   23     0    -118      0    118  0.11285303E+01  0.00000000E+00 0.5276E-12      5
 1301   23     0    -117      0    117  0.11371624E+01  0.00000000E+00 0.1399E-12      6
 1302   23     0    -116      0    116  0.11472329E+01  0.00000000E+00 0.3884E-12      5
 1303   23     0    -115      0    115  0.11573728E+01  0.00000000E+00 0.1792E-13      6
 1304   23     0    -114      0    114  0.11662319E+01  0.00000000E+00 0.1047E-12      5
 1305   23     0    -113      0    113  0.11753627E+01  0.00000000E+00 0.2638E-12      6
 1306   23     0    -112      0    112  0.11860834E+01  0.00000000E+00 0.3113E-12      5
 1307   23     0    -111      0    111  0.11969299E+01  0.00000000E+00 0.2968E-12      6
 1308   23     0    -110      0    110  0.12063745E+01  0.00000000E+00 0.9546E-13      5
 1309   23     0    -109      0    109  0.12159984E+01  0.00000000E+00 0.3070E-13      6
 1310   23     0    -108      0    108  0.12273994E+01  0.00000000E+00 0.2138E-13      5
 1311   23     0    -107      0    107  0.12390475E+01  0.00000000E+00 0.2344E-12      6
 1312   23     0    -106      0    106  0.12492279E+01  0.00000000E+00 0.1297E-12      6
 1313   23     0    -105      0    105  0.12593412E+01  0.00000000E+00 0.4505E-12      5
 1314   23     0    -104      0    104  0.12714233E+01  0.00000000E+00 0.5253E-12      5
 1315   23     0    -103      0    103  0.12839760E+01  0.00000000E+00 0.1989E-12      6
 1316   23     0    -102      0    102  0.12950595E+01  0.00000000E+00 0.1688E-12      6
 1317   23     0    -101      0    101  0.13056360E+01  0.00000000E+00 0.3537E-13      6
 1318   23     0    -100      0    100  0.13184022E+01  0.00000000E+00 0.2124E-12      6
 1319   23     0     -99      0     99  0.13319887E+01  0.00000000E+00 0.1039E-12      6
 1320   23     0     -98      0     98  0.13442097E+01  0.00000000E+00 0.2349E-12      6
 1321   23     0     -97      0     97  0.13553734E+01  0.00000000E+00 0.6094E-13      6
 1322   23     0     -96      0     96  0.13689052E+01  0.00000000E+00 0.1176E-13      6
 1323   23     0     -95      0     95  0.13836737E+01  0.00000000E+00 0.3340E-13      5
 1324   23     0     -94      0     94  0.13972021E+01  0.00000000E+00 0.1293E-12      6
 1325   23     0     -93      0     93  0.14091533E+01  0.00000000E+00 0.2028E-12      6
 1326   23     0     -92      0     92  0.14235636E+01  0.00000000E+00 0.2101E-12      6
 1327   23     0     -91      0     91  0.14396184E+01  0.00000000E+00 0.1913E-12      6
 1328   23     0     -90      0     90  0.14545645E+01  0.00000000E+00 0.1501E-12      6
 1329   23     0     -89      0     89  0.14674415E+01  0.00000000E+00 0.8175E-13      6
 1330   23     0     -88      0     88  0.14828009E+01  0.00000000E+00 0.1972E-12      5
 1331   23     0     -87      0     87  0.15002701E+01  0.00000000E+00 0.1886E-12      6
 1332   23     0     -86      0     86  0.15168358E+01  0.00000000E+00 0.1316E-12      6
 1333   23     0     -85      0     85  0.15308195E+01  0.00000000E+00 0.5101E-13      6
 1334   23     0     -84      0     84  0.15471890E+01  0.00000000E+00 0.5244E-13      6
 1335   23     0     -83      0     83  0.15662269E+01  0.00000000E+00 0.4453E-14      5
 1336   23     0     -82      0     82  0.15845668E+01  0.00000000E+00 0.8309E-13      6
 1337   23     0     -81      0     81  0.15997550E+01  0.00000000E+00 0.4869E-13      5
 1338   23     0     -80      0     80  0.16172795E+01  0.00000000E+00 0.1067E-12      6
 1339   23     0     -79      0     79  0.16380933E+01  0.00000000E+00 0.4192E-13      6
 1340   23     0     -78      0     78  0.16583208E+01  0.00000000E+00 0.3701E-13      6
 1341   23     0     -77      0     77  0.16748495E+01  0.00000000E+00 0.1020E-12      6
 1342   23     0     -76      0     76  0.16937732E+01  0.00000000E+00 0.8556E-13      6
  Time elapsed :      3.003 s

Starting search (non-adiabatic)

Finding roots
  Time elapsed :    214.986 s

Processing modes
   id    l     m    n_pg    n_p    n_g       Re(omega)       Im(omega)        chi n_iter
 1189   23     0    -229      1    230  0.59080243E+00 -0.90880407E-03 0.5981E-12      7
 1190   23     0    -228      1    229  0.59325969E+00 -0.96405287E-03 0.1604E-12      8
 1191   23     0    -227      1    228  0.59593464E+00 -0.10259746E-02 0.4069E-12      8
 1192   23     0    -226      1    227  0.59865963E+00 -0.99738714E-03 0.5153E-12     11
 1193   23     0    -225      1    226  0.60122271E+00 -0.94405155E-03 0.6078E-13      7
 1194   23     0    -224      1    225  0.60378320E+00 -0.10030478E-02 0.6044E-12      7
 1195   23     0    -223      1    224  0.60655918E+00 -0.10608970E-02 0.6171E-12      7
 1196   23     0    -222      1    223  0.60936611E+00 -0.10258041E-02 0.3628E-12      9
 1197   23     0    -221      1    222  0.61200112E+00 -0.97923629E-03 0.7080E-12      8
 1198   23     0    -220      1    221  0.61466713E+00 -0.10509892E-02 0.4717E-12      9
 1199   23     0    -219      1    220  0.61755440E+00 -0.11055249E-02 0.3933E-12      7
 1200   23     0    -218      1    219  0.62044688E+00 -0.10622640E-02 0.2360E-12      8
 1201   23     0    -217      1    218  0.62315976E+00 -0.10269437E-02 0.6369E-12      7
 1202   23     0    -216      1    217  0.62595273E+00 -0.11155835E-02 0.2906E-12     10
 1203   23     0    -215      1    216  0.62897617E+00 -0.11669439E-02 0.9992E-12      8
 1204   23     0    -214      1    215  0.63196930E+00 -0.11044349E-02 0.5452E-12      7
 1205   23     0    -213      1    214  0.63472372E+00 -0.10617937E-02 0.8470E-12      9
 1206   23     0    -212      1    213  0.63759667E+00 -0.11787899E-02 0.6540E-12     11
 1207   23     0    -211      1    212  0.64075191E+00 -0.12421253E-02 0.2126E-12      7
 1208   23     0    -210      1    211  0.64389068E+00 -0.11826366E-02 0.4496E-12      7
 1209   23     0    -209      1    210  0.64678435E+00 -0.11263822E-02 0.8212E-12      8
 1210   23     0    -208      1    209  0.64974573E+00 -0.12298486E-02 0.2803E-12      8
 1211   23     0    -207      1    208  0.65297331E+00 -0.12913383E-02 0.5186E-12      9
 1212   23     0    -206      0    206  0.65618193E+00 -0.12362211E-02 0.2933E-12      8
 1213   23     0    -205      0    205  0.65920007E+00 -0.12105795E-02 0.2250E-12      9
 1214   23     0    -204      0    204  0.66233988E+00 -0.13117112E-02 0.3397E-12      7
 1215   23     0    -203      0    203  0.66570076E+00 -0.13508816E-02 0.9250E-12      8
 1216   23     0    -202      0    202  0.66899059E+00 -0.12793894E-02 0.3950E-12      8
 1217   23     0    -201      0    201  0.67209764E+00 -0.12768888E-02 0.1045E-11      6
 1218   23     0    -200      0    200  0.67540010E+00 -0.13948798E-02 0.9642E-12      8
 1219   23     0    -199      0    199  0.67891754E+00 -0.14212172E-02 0.7261E-12      7
 1220   23     0    -198      0    198  0.68230704E+00 -0.13282637E-02 0.1456E-11      8
 1221   23     0    -197      0    197  0.68549821E+00 -0.13481039E-02 0.2778E-12      9
 1222   23     0    -196      0    196  0.68896438E+00 -0.14917750E-02 0.8680E-12      8
 1223   23     0    -195      0    195  0.69265536E+00 -0.15109347E-02 0.3236E-12      9
 1224   23     0    -194      0    194  0.69615988E+00 -0.13866470E-02 0.9767E-12      7
 1225   23     0    -193      0    193  0.69941514E+00 -0.14192147E-02 0.5158E-12      7
 1226   23     0    -192      0    192  0.70302833E+00 -0.15945140E-02 0.7041E-12      9
 1227   23     0    -189      0    189  0.71389660E+00 -0.14673140E-02 0.1864E-12     19
 1228   23     0    -190      0    190  0.71056482E+00 -0.14564611E-02 0.9731E-12     10
 1229   23     0    -188      0    188  0.71762423E+00 -0.16626140E-02 0.4900E-12     10
 1230   23     0    -187      0    187  0.72166938E+00 -0.16854399E-02 0.5492E-12     10
 1231   23     0    -186      0    186  0.72553619E+00 -0.15205359E-02 0.5828E-12     11
 1232   23     0    -185      0    185  0.72902903E+00 -0.14838037E-02 0.3655E-13      8
 1233   23     0    -184      0    184  0.73286298E+00 -0.16627073E-02 0.9288E-12      8
 1234   23     0    -183      0    183  0.73704919E+00 -0.16797126E-02 0.7574E-12      9
 1235   23     0    -182      0    182  0.74107757E+00 -0.15158572E-02 0.3640E-12     10
 1236   23     0    -181      0    181  0.74476671E+00 -0.14768282E-02 0.1359E-11      8
 1237   23     0    -180      0    180  0.74879258E+00 -0.16307551E-02 0.8956E-12     10
 1238   23     0    -179      0    179  0.75316070E+00 -0.16340436E-02 0.7862E-12      8
 1239   23     0    -178      0    178  0.75736034E+00 -0.14704196E-02 0.2043E-12     10
 1240   23     0    -177      0    177  0.76123237E+00 -0.14345501E-02 0.2302E-12      9
 1241   23     0    -176      0    176  0.76544869E+00 -0.15714302E-02 0.3064E-12     10
 1242   23     0    -175      0    175  0.76999179E+00 -0.15614488E-02 0.7897E-12      9
 1243   23     0    -174      0    174  0.77434533E+00 -0.14074206E-02 0.5076E-12      8
 1244   23     0    -173      0    173  0.77843128E+00 -0.13956109E-02 0.6152E-12      9
 1245   23     0    -172      0    172  0.78289594E+00 -0.15119269E-02 0.9660E-13     10
 1246   23     0    -171      0    171  0.78765110E+00 -0.14820744E-02 0.2054E-12     10
 1247   23     0    -170      0    170  0.79216553E+00 -0.13218867E-02 0.6158E-12      8
 1248   23     0    -169      0    169  0.79642368E+00 -0.13250017E-02 0.5314E-12      9
 1249   23     0    -168      0    168  0.80112633E+00 -0.14347506E-02 0.1069E-11      7
 1250   23     0    -167      0    167  0.80611733E+00 -0.13927880E-02 0.2449E-12      8
 1251   23     0    -166      0    166  0.81082799E+00 -0.12348194E-02 0.3435E-12     10
 1252   23     0    -165      0    165  0.81530626E+00 -0.12510376E-02 0.7884E-12      8
 1253   23     0    -164      0    164  0.82028151E+00 -0.13504764E-02 0.4598E-12      8
 1254   23     0    -163      0    163  0.82552659E+00 -0.12955787E-02 0.7693E-12      8
 1255   23     0    -162      0    162  0.83040809E+00 -0.11331747E-02 0.5249E-12      8
 1256   23     0    -161      0    161  0.83507228E+00 -0.11737694E-02 0.4081E-12      9
 1257   23     0    -160      0    160  0.84034076E+00 -0.12745698E-02 0.1003E-11      9
 1258   23     0    -159      0    159  0.84587624E+00 -0.12154229E-02 0.5419E-12      9
 1259   23     0    -158      0    158  0.85098375E+00 -0.10567053E-02 0.4314E-12      9
 1260   23     0    -157      0    157  0.85587374E+00 -0.11077221E-02 0.1338E-11      9
 1261   23     0    -156      0    156  0.86143013E+00 -0.12065947E-02 0.1054E-11      9
 1262   23     0    -155      0    155  0.86724625E+00 -0.11454479E-02 0.1584E-12     10
 1263   23     0    -154      0    154  0.87256266E+00 -0.99049919E-03 0.3336E-12      8
 1264   23     0    -153      0    153  0.87768140E+00 -0.10579012E-02 0.5692E-12     10
 1265   23     0    -152      0    152  0.88355899E+00 -0.11579473E-02 0.1171E-11     10
 1266   23     0    -151      0    151  0.88970762E+00 -0.10984307E-02 0.2841E-12     10
 1267   23     0    -150      0    150  0.89530305E+00 -0.94192417E-03 0.3547E-12     10
 1268   23     0    -149      0    149  0.90065583E+00 -0.10072181E-02 0.1834E-12      8
 1269   23     0    -148      0    148  0.90682947E+00 -0.11068148E-02 0.1506E-12     10
 1270   23     0    -147      0    147  0.91328841E+00 -0.10466414E-02 0.8458E-12      9
 1271   23     0    -146      0    146  0.91915676E+00 -0.90051169E-03 0.8863E-12      9
 1272   23     0    -145      0    145  0.92482986E+00 -0.97125372E-03 0.5572E-12      9
 1273   23     0    -144      0    144  0.93136495E+00 -0.10603753E-02 0.1155E-11     10
 1274   23     0    -143      0    143  0.93815363E+00 -0.99549878E-03 0.1391E-11     10
 1275   23     0    -142      0    142  0.94429546E+00 -0.86054528E-03 0.4894E-12     11
 1276   23     0    -141      0    141  0.95031267E+00 -0.93961456E-03 0.1375E-11      8
 1277   23     0    -140      0    140  0.95723581E+00 -0.10191158E-02 0.1165E-11      9
 1278   23     0    -139      0    139  0.96436111E+00 -0.95014044E-03 0.1388E-11      8
 1279   23     0    -138      0    138  0.97078148E+00 -0.83192094E-03 0.1242E-11      9
 1280   23     0    -137      0    137  0.97719926E+00 -0.92570576E-03 0.8638E-12     10
 1281   23     0    -136      0    136  0.98457556E+00 -0.99953699E-03 0.1968E-11      9
 1282   23     0    -135      0    135  0.99209495E+00 -0.92599752E-03 0.2267E-12      8
 1283   23     0    -134      0    134  0.99879705E+00 -0.81155671E-03 0.8646E-12      9
 1284   23     0    -133      0    133  0.10055829E+01 -0.92395238E-03 0.1381E-11      8
 1285   23     0    -132      0    132  0.10134392E+01 -0.99975354E-03 0.1127E-11      8
 1286   23     0    -131      0    131  0.10214120E+01 -0.92394236E-03 0.3376E-12      8
 1287   23     0    -130      0    130  0.10284787E+01 -0.81127008E-03 0.3560E-12      9
 1288   23     0    -129      0    129  0.10356758E+01 -0.93318949E-03 0.2181E-11      8
 1289   23     0    -128      0    128  0.10440147E+01 -0.10085316E-02 0.1437E-11      9
 1290   23     0    -127      0    127  0.10524205E+01 -0.92626978E-03 0.4326E-12      9
 1291   23     0    -126      0    126  0.10598484E+01 -0.82380537E-03 0.3088E-12      8
 1292   23     0    -125      0    125  0.10675502E+01 -0.95982228E-03 0.1026E-11      8
 1293   23     0    -124      0    124  0.10764539E+01 -0.10329140E-02 0.1672E-11      9
 1294   23     0    -123      0    123  0.10853659E+01 -0.94515664E-03 0.5400E-12      9
 1295   23     0    -122      0    122  0.10931898E+01 -0.84479483E-03 0.7060E-12      9
 1296   23     0    -121      0    121  0.11013788E+01 -0.10005426E-02 0.8712E-12      9
 1297   23     0    -120      0    120  0.11108797E+01 -0.10847570E-02 0.9603E-12     12
 1298   23     0    -119      0    119  0.11203858E+01 -0.10003346E-02 0.1026E-11     11
 1299   23     0    -118      0    118  0.11286911E+01 -0.89391148E-03 0.1120E-11      9
 1300   23     0    -117      0    117  0.11373583E+01 -0.10730887E-02 0.1670E-11      9
 1301   23     0    -116      0    116  0.11474714E+01 -0.11797225E-02 0.1807E-11     10
 1302   23     0    -115      0    115  0.11576159E+01 -0.10987777E-02 0.1503E-11      9
 1303   23     0    -114      0    114  0.11664417E+01 -0.97934512E-03 0.1594E-11      8
 1304   23     0    -113      0    113  0.11756124E+01 -0.11866192E-02 0.1964E-11      8
 1305   23     0    -112      0    112  0.11863785E+01 -0.13151536E-02 0.2892E-11      9
 1306   23     0    -111      0    111  0.11972216E+01 -0.12286634E-02 0.3559E-12     11
 1307   23     0    -110      0    110  0.12066163E+01 -0.10762989E-02 0.1905E-11      8
 1308   23     0    -109      0    109  0.12162750E+01 -0.13004162E-02 0.1858E-11     10
 1309   23     0    -108      0    108  0.12277174E+01 -0.14424657E-02 0.9241E-12      8
 1310   23     0    -107      1    108  0.12393534E+01 -0.13483684E-02 0.8575E-12     11
 1311   23     0    -108      0    108  0.12494709E+01 -0.11472627E-02 0.2662E-12      9
 1312   23     0    -108      0    108  0.12596001E+01 -0.13508421E-02 0.2005E-11      9
 1313   23     0    -105      0    105  0.12717132E+01 -0.14930157E-02 0.9628E-12      9
 1314   23     0    -104      0    104  0.12842463E+01 -0.13867479E-02 0.8869E-12     10
 1315   23     0    -103      0    103  0.12952645E+01 -0.11243191E-02 0.3208E-13      9
 1316   23     0    -102      0    102  0.13058332E+01 -0.12472682E-02 0.2047E-11     10
 1317   23     0    -101      0    101  0.13186217E+01 -0.13537177E-02 0.3866E-11     10
 1318   23     0    -100      0    100  0.13321912E+01 -0.12204779E-02 0.1379E-11     10
 1319   23     0     -99      0     99  0.13443638E+01 -0.93124754E-03 0.1230E-11      9
 1320   23     0     -98      0     98  0.13555164E+01 -0.94294428E-03 0.7378E-12      9
 1321   23     0     -97      0     97  0.13690723E+01 -0.10027941E-02 0.2130E-11      8
 1322   23     0     -96      0     96  0.13838340E+01 -0.87909648E-03 0.1866E-11      8
 1323   23     0     -95      0     95  0.13973287E+01 -0.64678267E-03 0.8246E-12     10
 1324   23     0     -94      0     94  0.14092725E+01 -0.60880049E-03 0.2982E-11      8
 1325   23     0     -93      0     93  0.14237042E+01 -0.64821346E-03 0.7736E-11      8
 1326   23     0     -92      0     92  0.14397531E+01 -0.56553781E-03 0.3923E-11      8
 1327   23     0     -91      0     91  0.14546703E+01 -0.41171938E-03 0.2032E-11      9
 1328   23     0     -90      0     90  0.14675380E+01 -0.36562382E-03 0.1241E-11      9
 1329   23     0     -89      0     89  0.14829129E+01 -0.39368956E-03 0.9822E-12     11
 1330   23     0     -88      0     88  0.15003757E+01 -0.34551994E-03 0.1147E-11      9
 1331   23     0     -87      0     87  0.15169177E+01 -0.25236837E-03 0.2351E-11     10
 1332   23     0     -86      0     86  0.15308903E+01 -0.21154897E-03 0.6291E-11      8
 1333   23     0     -85      0     85  0.15472708E+01 -0.23230270E-03 0.5381E-11      9
 1334   23     0     -84      0     84  0.15663036E+01 -0.20697004E-03 0.3616E-11     10
 1335   23     0     -83      0     83  0.15846257E+01 -0.15223037E-03 0.2638E-11      8
 1336   23     0     -82      0     82  0.15998032E+01 -0.12179493E-03 0.1312E-10      9
 1337   23     0     -81      0     81  0.16173359E+01 -0.13752392E-03 0.1299E-10      9
 1338   23     0     -80      0     80  0.16381465E+01 -0.12506117E-03 0.2980E-10     10
 1339   23     0     -79      0     79  0.16583617E+01 -0.93436905E-04 0.1651E-11      9
 1340   23     0     -78      0     78  0.16748823E+01 -0.73689930E-04 0.3019E-10      9
 1341   23     0     -77      0     77  0.16938125E+01 -0.86132505E-04 0.1617E-10      9
 1342   23     0     -76      0     76  0.17165527E+01 -0.80487541E-04 0.3894E-10     10
  Time elapsed :      9.463 s

Mode Search
-----------

Mode parameters
   l : 24
   m : 0

Building frequency grid (REAL axis)
   added scan interval :  0.5234E+00 ->  0.2104E+01 (3000 points, INVERSE)

Building spatial grid
   Scaffold grid from model
   Split 287 subinterval(s) in iteration 1
   Split 100 subinterval(s) in iteration 2
   Split 0 subinterval(s) in iteration 3
   Final grid has 1 segment(s) and 7524 point(s):
      Segment 1 : x range 0.0000 -> 1.0012 (1 -> 7524)

Starting search (adiabatic)

Scanning frequencies
  Time elapsed :    36.031 s

Finding roots
  Time elapsed :     11.739 s

Processing modes
   id    l     m    n_pg    n_p    n_g       Re(omega)       Im(omega)        chi n_iter
 1389   24     0    -239      0    239  0.59050379E+00  0.00000000E+00 0.4237E-12      5
 1390   24     0    -238      0    238  0.59304257E+00  0.00000000E+00 0.3975E-12      5
 1391   24     0    -237      0    237  0.59550539E+00  0.00000000E+00 0.9439E-12      5
 1392   24     0    -236      0    236  0.59793466E+00  0.00000000E+00 0.8172E-13      5
 1393   24     0    -235      0    235  0.60048301E+00  0.00000000E+00 0.8459E-12      5
 1394   24     0    -234      0    234  0.60307285E+00  0.00000000E+00 0.2954E-12      6
 1395   24     0    -233      0    233  0.60557094E+00  0.00000000E+00 0.1889E-12      5
 1396   24     0    -232      0    232  0.60809640E+00  0.00000000E+00 0.1047E-13      5
 1397   24     0    -231      0    231  0.61078236E+00  0.00000000E+00 0.1093E-12      5
 1398   24     0    -230      0    230  0.61348771E+00  0.00000000E+00 0.4130E-12      6
 1399   24     0    -229      0    229  0.61605099E+00  0.00000000E+00 0.1168E-12      5
 1400   24     0    -228      0    228  0.61863251E+00  0.00000000E+00 0.2186E-12      6
 1401   24     0    -227      0    227  0.62140744E+00  0.00000000E+00 0.2785E-12      5
 1402   24     0    -226      0    226  0.62421130E+00  0.00000000E+00 0.8679E-13      5
 1403   24     0    -225      0    225  0.62687298E+00  0.00000000E+00 0.1908E-12      5
 1404   24     0    -224      0    224  0.62955841E+00  0.00000000E+00 0.3043E-12      6
 1405   24     0    -223      0    223  0.63243360E+00  0.00000000E+00 0.3699E-12      5
 1406   24     0    -222      0    222  0.63532351E+00  0.00000000E+00 0.4290E-13      6
 1407   24     0    -221      0    221  0.63806750E+00  0.00000000E+00 0.1450E-12      5
 1408   24     0    -220      0    220  0.64086013E+00  0.00000000E+00 0.3120E-12      6
 1409   24     0    -219      0    219  0.64384683E+00  0.00000000E+00 0.9881E-13      5
 1410   24     0    -218      0    218  0.64682856E+00  0.00000000E+00 0.3663E-12      5
 1411   24     0    -217      0    217  0.64966337E+00  0.00000000E+00 0.2420E-12      5
 1412   24     0    -216      0    216  0.65258472E+00  0.00000000E+00 0.3514E-12      6
 1413   24     0    -215      0    215  0.65570819E+00  0.00000000E+00 0.3338E-12      5
 1414   24     0    -214      0    214  0.65879258E+00  0.00000000E+00 0.3517E-14      6
 1415   24     0    -213      0    213  0.66168212E+00  0.00000000E+00 0.1582E-12      5
 1416   24     0    -212      0    212  0.66469054E+00  0.00000000E+00 0.4822E-12      6
 1417   24     0    -211      0    211  0.66795095E+00  0.00000000E+00 0.2576E-13      5
 1418   24     0    -210      0    210  0.67119021E+00  0.00000000E+00 0.1969E-12      6
 1419   24     0    -209      0    209  0.67422263E+00  0.00000000E+00 0.1752E-12      5
 1420   24     0    -208      0    208  0.67732476E+00  0.00000000E+00 0.3017E-12      6
 1421   24     0    -207      0    207  0.68066187E+00  0.00000000E+00 0.1415E-11      5
 1422   24     0    -206      0    206  0.68398302E+00  0.00000000E+00 0.4862E-12      6
 1423   24     0    -205      0    205  0.68715155E+00  0.00000000E+00 0.6157E-12      5
 1424   24     0    -204      0    204  0.69043100E+00  0.00000000E+00 0.7147E-12      5
 1425   24     0    -203      0    203  0.69390509E+00  0.00000000E+00 0.4338E-12      5
 1426   24     0    -202      0    202  0.69731603E+00  0.00000000E+00 0.1628E-12      6
 1427   24     0    -201      0    201  0.70058615E+00  0.00000000E+00 0.2575E-13      6
 1428   24     0    -200      0    200  0.70402792E+00  0.00000000E+00 0.7933E-14      6
 1429   24     0    -199      0    199  0.70766035E+00  0.00000000E+00 0.2869E-12      6
 1430   24     0    -198      0    198  0.71117913E+00  0.00000000E+00 0.1303E-12      6
 1431   24     0    -197      0    197  0.71455042E+00  0.00000000E+00 0.1389E-12      5
 1432   24     0    -196      0    196  0.71815990E+00  0.00000000E+00 0.3826E-12      6
 1433   24     0    -195      0    195  0.72197073E+00  0.00000000E+00 0.5439E-12      5
 1434   24     0    -194      0    194  0.72561217E+00  0.00000000E+00 0.1768E-12      6
 1435   24     0    -193      0    193  0.72907230E+00  0.00000000E+00 0.4119E-12      6
 1436   24     0    -192      0    192  0.73284099E+00  0.00000000E+00 0.3009E-12      5
 1437   24     0    -191      0    191  0.73684579E+00  0.00000000E+00 0.1939E-12      6
 1438   24     0    -190      0    190  0.74064937E+00  0.00000000E+00 0.4596E-12      5
 1439   24     0    -189      0    189  0.74420904E+00  0.00000000E+00 0.5218E-12      6
 1440   24     0    -188      0    188  0.74811175E+00  0.00000000E+00 0.7620E-13      6
 1441   24     0    -187      0    187  0.75230225E+00  0.00000000E+00 0.3599E-13      6
 1442   24     0    -186      0    186  0.75631073E+00  0.00000000E+00 0.1175E-12      6
 1443   24     0    -185      0    185  0.76003173E+00  0.00000000E+00 0.2497E-12      5
 1444   24     0    -184      0    184  0.76405835E+00  0.00000000E+00 0.2789E-12      6
 1445   24     0    -183      0    183  0.76839491E+00  0.00000000E+00 0.1399E-12      5
 1446   24     0    -182      0    182  0.77256580E+00  0.00000000E+00 0.7219E-12      6
 1447   24     0    -181      0    181  0.77647538E+00  0.00000000E+00 0.1741E-12      6
 1448   24     0    -180      0    180  0.78069540E+00  0.00000000E+00 0.1970E-12      6
 1449   24     0    -179      0    179  0.78521458E+00  0.00000000E+00 0.1970E-13      6
 1450   24     0    -178      0    178  0.78955524E+00  0.00000000E+00 0.1208E-12      6
 1451   24     0    -177      0    177  0.79364028E+00  0.00000000E+00 0.9843E-13      6
 1452   24     0    -176      0    176  0.79804883E+00  0.00000000E+00 0.4575E-13      5
 1453   24     0    -175      0    175  0.80274459E+00  0.00000000E+00 0.2606E-12      6
 1454   24     0    -174      0    174  0.80724707E+00  0.00000000E+00 0.4348E-12      6
 1455   24     0    -173      0    173  0.81154351E+00  0.00000000E+00 0.2708E-14      6
 1456   24     0    -172      0    172  0.81619680E+00  0.00000000E+00 0.2179E-12      5
 1457   24     0    -171      0    171  0.82110697E+00  0.00000000E+00 0.3431E-12      6
 1458   24     0    -170      0    170  0.82577383E+00  0.00000000E+00 0.1199E-12      5
 1459   24     0    -169      0    169  0.83024005E+00  0.00000000E+00 0.2568E-12      6
 1460   24     0    -168      0    168  0.83512752E+00  0.00000000E+00 0.3219E-12      5
 1461   24     0    -167      0    167  0.84027789E+00  0.00000000E+00 0.6732E-12      6
 1462   24     0    -166      0    166  0.84514981E+00  0.00000000E+00 0.2056E-12      5
 1463   24     0    -165      0    165  0.84982990E+00  0.00000000E+00 0.2372E-13      6
 1464   24     0    -164      0    164  0.85498309E+00  0.00000000E+00 0.9422E-13      5
 1465   24     0    -163      0    163  0.86039248E+00  0.00000000E+00 0.9298E-13      6
 1466   24     0    -162      0    162  0.86544797E+00  0.00000000E+00 0.1116E-12      5
 1467   24     0    -161      0    161  0.87031124E+00  0.00000000E+00 0.1268E-12      6
 1468   24     0    -160      0    160  0.87575307E+00  0.00000000E+00 0.6605E-12      5
 1469   24     0    -159      0    159  0.88146630E+00  0.00000000E+00 0.7290E-13      6
 1470   24     0    -158      0    158  0.88676903E+00  0.00000000E+00 0.2277E-14      5
 1471   24     0    -157      0    157  0.89185538E+00  0.00000000E+00 0.2140E-12      6
 1472   24     0    -156      0    156  0.89758294E+00  0.00000000E+00 0.7873E-13      5
 1473   24     0    -155      0    155  0.90359298E+00  0.00000000E+00 0.1940E-13      6
 1474   24     0    -154      0    154  0.90912957E+00  0.00000000E+00 0.1164E-12      5
 1475   24     0    -153      0    153  0.91444399E+00  0.00000000E+00 0.9507E-13      6
 1476   24     0    -152      0    152  0.92049403E+00  0.00000000E+00 0.2419E-12      5
 1477   24     0    -151      0    151  0.92685636E+00  0.00000000E+00 0.3828E-13      6
 1478   24     0    -150      0    150  0.93269787E+00  0.00000000E+00 0.1742E-12      5
 1479   24     0    -149      0    149  0.93824669E+00  0.00000000E+00 0.3308E-12      6
 1480   24     0    -148      0    148  0.94459294E+00  0.00000000E+00 0.1859E-12      5
 1481   24     0    -147      0    147  0.95128566E+00  0.00000000E+00 0.8958E-13      6
 1482   24     0    -146      0    146  0.95742652E+00  0.00000000E+00 0.2849E-13      6
 1483   24     0    -145      0    145  0.96329278E+00  0.00000000E+00 0.6881E-13      6
 1484   24     0    -144      0    144  0.97000456E+00  0.00000000E+00 0.1015E-12      5
 1485   24     0    -143      0    143  0.97705008E+00  0.00000000E+00 0.2054E-15      6
 1486   24     0    -142      0    142  0.98349039E+00  0.00000000E+00 0.2234E-12      6
 1487   24     0    -141      0    141  0.98969517E+00  0.00000000E+00 0.6778E-13      5
 1488   24     0    -140      0    140  0.99680140E+00  0.00000000E+00 0.2030E-13      5
 1489   24     0    -139      0    139  0.10042102E+01  0.00000000E+00 0.3562E-13      6
 1490   24     0    -138      0    138  0.10109549E+01  0.00000000E+00 0.4050E-12      6
 1491   24     0    -137      0    137  0.10175520E+01  0.00000000E+00 0.3264E-12      6
 1492   24     0    -136      0    136  0.10251200E+01  0.00000000E+00 0.1815E-12      5
 1493   24     0    -135      0    135  0.10329525E+01  0.00000000E+00 0.3243E-12      6
 1494   24     0    -134      0    134  0.10400107E+01  0.00000000E+00 0.2307E-12      5
 1495   24     0    -133      0    133  0.10469638E+01  0.00000000E+00 0.1044E-12      6
 1496   24     0    -132      0    132  0.10550182E+01  0.00000000E+00 0.3284E-12      5
 1497   24     0    -131      0    131  0.10633358E+01  0.00000000E+00 0.7233E-13      6
 1498   24     0    -130      0    130  0.10707928E+01  0.00000000E+00 0.3975E-12      5
 1499   24     0    -129      0    129  0.10781491E+01  0.00000000E+00 0.2897E-13      6
 1500   24     0    -128      0    128  0.10866932E+01  0.00000000E+00 0.2886E-13      5
 1501   24     0    -127      0    127  0.10954799E+01  0.00000000E+00 0.1726E-12      6
 1502   24     0    -126      0    126  0.11033257E+01  0.00000000E+00 0.1983E-13      6
 1503   24     0    -125      0    125  0.11111720E+01  0.00000000E+00 0.7497E-13      6
 1504   24     0    -124      0    124  0.11202934E+01  0.00000000E+00 0.1084E-13      5
 1505   24     0    -123      0    123  0.11296256E+01  0.00000000E+00 0.1425E-12      6
 1506   24     0    -122      0    122  0.11379047E+01  0.00000000E+00 0.9628E-13      5
 1507   24     0    -121      0    121  0.11462170E+01  0.00000000E+00 0.2034E-12      6
 1508   24     0    -120      0    120  0.11559373E+01  0.00000000E+00 0.3021E-12      5
 1509   24     0    -119      0    119  0.11658987E+01  0.00000000E+00 0.1498E-12      5
 1510   24     0    -118      0    118  0.11747125E+01  0.00000000E+00 0.2385E-12      5
 1511   24     0    -117      0    117  0.11834846E+01  0.00000000E+00 0.2839E-12      6
 1512   24     0    -116      0    116  0.11938063E+01  0.00000000E+00 0.7700E-14      5
 1513   24     0    -115      0    115  0.12044399E+01  0.00000000E+00 0.8791E-13      6
 1514   24     0    -114      0    114  0.12138395E+01  0.00000000E+00 0.1089E-12      5
 1515   24     0    -113      0    113  0.12231004E+01  0.00000000E+00 0.3428E-13      6
 1516   24     0    -112      0    112  0.12340637E+01  0.00000000E+00 0.2414E-13      5
 1517   24     0    -111      0    111  0.12454326E+01  0.00000000E+00 0.1748E-12      6
 1518   24     0    -110      0    110  0.12554843E+01  0.00000000E+00 0.1044E-12      5
 1519   24     0    -109      0    109  0.12652326E+01  0.00000000E+00 0.2866E-12      6
 1520   24     0    -108      0    108  0.12768583E+01  0.00000000E+00 0.4269E-13      6
 1521   24     0    -107      0    107  0.12890467E+01  0.00000000E+00 0.1221E-12      6
 1522   24     0    -106      0    106  0.12999120E+01  0.00000000E+00 0.2428E-12      6
 1523   24     0    -105      0    105  0.13101638E+01  0.00000000E+00 0.2773E-12      6
 1524   24     0    -104      0    104  0.13224273E+01  0.00000000E+00 0.7260E-13      5
 1525   24     0    -103      0    103  0.13355180E+01  0.00000000E+00 0.2333E-12      6
 1526   24     0    -102      0    102  0.13473796E+01  0.00000000E+00 0.5586E-13      6
 1527   24     0    -101      0    101  0.13581450E+01  0.00000000E+00 0.1095E-12      6
 1528   24     0    -100      0    100  0.13710205E+01  0.00000000E+00 0.3310E-13      6
 1529   24     0     -99      0     99  0.13851337E+01  0.00000000E+00 0.2030E-12      6
 1530   24     0     -98      0     98  0.13982322E+01  0.00000000E+00 0.2460E-12      6
 1531   24     0     -97      0     97  0.14096985E+01  0.00000000E+00 0.4727E-13      6
 1532   24     0     -96      0     96  0.14232543E+01  0.00000000E+00 0.3290E-12      5
 1533   24     0     -95      0     95  0.14385327E+01  0.00000000E+00 0.8794E-13      6
 1534   24     0     -94      0     94  0.14530196E+01  0.00000000E+00 0.1331E-12      6
 1535   24     0     -93      0     93  0.14654128E+01  0.00000000E+00 0.1769E-12      6
 1536   24     0     -92      0     92  0.14797583E+01  0.00000000E+00 0.3400E-13      6
 1537   24     0     -91      0     91  0.14962952E+01  0.00000000E+00 0.1079E-12      6
 1538   24     0     -90      0     90  0.15122648E+01  0.00000000E+00 0.2591E-12      6
 1539   24     0     -89      0     89  0.15257449E+01  0.00000000E+00 0.2461E-12      6
 1540   24     0     -88      0     88  0.15409534E+01  0.00000000E+00 0.1153E-12      6
 1541   24     0     -87      0     87  0.15588689E+01  0.00000000E+00 0.1743E-12      5
 1542   24     0     -86      0     86  0.15765087E+01  0.00000000E+00 0.4352E-13      6
 1543   24     0     -85      0     85  0.15912947E+01  0.00000000E+00 0.1444E-12      5
 1544   24     0     -84      0     84  0.16074201E+01  0.00000000E+00 0.9231E-13      6
 1545   24     0     -83      0     83  0.16268515E+01  0.00000000E+00 0.1457E-12      5
 1546   24     0     -82      0     82  0.16463219E+01  0.00000000E+00 0.3488E-13      6
 1547   24     0     -81      0     81  0.16625246E+01  0.00000000E+00 0.2042E-13      6
 1548   24     0     -80      0     80  0.16796991E+01  0.00000000E+00 0.1032E-12      6
 1549   24     0     -79      0     79  0.17008562E+01  0.00000000E+00 0.1866E-13      5
  Time elapsed :      2.809 s

Starting search (non-adiabatic)

Finding roots
  Time elapsed :    224.397 s

Processing modes
   id    l     m    n_pg    n_p    n_g       Re(omega)       Im(omega)        chi n_iter
 1389   24     0    -239      1    240  0.59000077E+00 -0.94357167E-03 0.4926E-12      7
 1390   24     0    -238      1    239  0.59256632E+00 -0.95192689E-03 0.4156E-12      8
 1391   24     0    -237      1    238  0.59506393E+00 -0.90585318E-03 0.2881E-12      7
 1392   24     0    -236      1    237  0.59748139E+00 -0.91386858E-03 0.4139E-12      7
 1393   24     0    -235      1    236  0.60002362E+00 -0.96473070E-03 0.7408E-12      7
 1394   24     0    -234      1    235  0.60264546E+00 -0.95541147E-03 0.8283E-13      9
 1395   24     0    -233      1    234  0.60516473E+00 -0.91319362E-03 0.8149E-12      8
 1396   24     0    -232      1    233  0.60766632E+00 -0.95387587E-03 0.2781E-12      8
 1397   24     0    -231      1    232  0.61035235E+00 -0.10098636E-02 0.2680E-12      7
 1398   24     0    -230      1    231  0.61309701E+00 -0.98608126E-03 0.1133E-11      7
 1399   24     0    -229      1    230  0.61568330E+00 -0.92585735E-03 0.4018E-12      9
 1400   24     0    -228      1    229  0.61823432E+00 -0.97598099E-03 0.4991E-12      8
 1401   24     0    -227      1    228  0.62100964E+00 -0.10423700E-02 0.6424E-12      7
 1402   24     0    -226      1    227  0.62385185E+00 -0.10178227E-02 0.7465E-12      7
 1403   24     0    -225      1    226  0.62653192E+00 -0.95992717E-03 0.2545E-12      7
 1404   24     0    -224      1    225  0.62918952E+00 -0.10138083E-02 0.1292E-11      8
 1405   24     0    -223      1    224  0.63207004E+00 -0.10764570E-02 0.3650E-12      8
 1406   24     0    -222      1    223  0.63499866E+00 -0.10455816E-02 0.4369E-12      9
 1407   24     0    -221      1    222  0.63775341E+00 -0.99358640E-03 0.4142E-12      8
 1408   24     0    -220      1    221  0.64051890E+00 -0.10607548E-02 0.6151E-12      8
 1409   24     0    -219      1    220  0.64351584E+00 -0.11206178E-02 0.6534E-12      7
 1410   24     0    -218      1    219  0.64653559E+00 -0.10814992E-02 0.7663E-12      8
 1411   24     0    -217      1    218  0.64937097E+00 -0.10392504E-02 0.8966E-12      8
 1412   24     0    -216      1    217  0.65226571E+00 -0.11239987E-02 0.5016E-12      8
 1413   24     0    -215      1    216  0.65540432E+00 -0.11814028E-02 0.2047E-12      8
 1414   24     0    -214      1    215  0.65853116E+00 -0.11237248E-02 0.6469E-12      7
 1415   24     0    -213      1    214  0.66141198E+00 -0.10718973E-02 0.8010E-12      9
 1416   24     0    -212      1    213  0.66438631E+00 -0.11848873E-02 0.2932E-12      9
 1417   24     0    -211      1    212  0.66766149E+00 -0.12552567E-02 0.8672E-12      8
 1418   24     0    -210      1    211  0.67094032E+00 -0.12008437E-02 0.2355E-12      8
 1419   24     0    -209      1    210  0.67396764E+00 -0.11357899E-02 0.1311E-11      8
 1420   24     0    -208      1    209  0.67703525E+00 -0.12340354E-02 0.6863E-12      7
 1421   24     0    -207      1    208  0.68038591E+00 -0.13029743E-02 0.2896E-12      8
 1422   24     0    -206      0    206  0.68373849E+00 -0.12523610E-02 0.1006E-11      9
 1423   24     0    -205      0    205  0.68689160E+00 -0.12173683E-02 0.6097E-12      9
 1424   24     0    -204      0    204  0.69014475E+00 -0.13152901E-02 0.1253E-12      7
 1425   24     0    -203      0    203  0.69363695E+00 -0.13621542E-02 0.5739E-12      8
 1426   24     0    -202      0    202  0.69707716E+00 -0.12946284E-02 0.1071E-12      7
 1427   24     0    -201      0    201  0.70031985E+00 -0.12810123E-02 0.1002E-11      7
 1428   24     0    -200      0    200  0.70373913E+00 -0.13981455E-02 0.1207E-11      8
 1429   24     0    -199      0    199  0.70739592E+00 -0.14336080E-02 0.5938E-12      9
 1430   24     0    -198      0    198  0.71094389E+00 -0.13444108E-02 0.1166E-11      8
 1431   24     0    -197      0    197  0.71427190E+00 -0.13504420E-02 0.4256E-12      8
 1432   24     0    -196      0    196  0.71785773E+00 -0.14955632E-02 0.1083E-11      9
 1433   24     0    -195      0    195  0.72169624E+00 -0.15256762E-02 0.4807E-12      8
 1434   24     0    -194      0    194  0.72536879E+00 -0.14056812E-02 0.9555E-12     11
 1435   24     0    -193      0    193  0.72876280E+00 -0.14208375E-02 0.8187E-12      7
 1436   24     0    -192      0    192  0.73249733E+00 -0.16001379E-02 0.2831E-12     11
 1437   24     0    -191      0    191  0.73652612E+00 -0.16318971E-02 0.6837E-12      7
 1438   24     0    -190      0    190  0.74036726E+00 -0.14813853E-02 0.2971E-12      9
 1439   24     0    -188      0    188  0.74769277E+00 -0.16736013E-02 0.6926E-12     12
 1440   24     0    -187      0    187  0.75189858E+00 -0.17117895E-02 0.7152E-12     11
 1441   24     0    -186      0    186  0.75595052E+00 -0.15545682E-02 0.6489E-12      9
 1442   24     0    -185      0    185  0.75959731E+00 -0.14981268E-02 0.3524E-12      9
 1443   24     0    -184      0    184  0.76355386E+00 -0.16827999E-02 0.2951E-12     10
 1444   24     0    -183      0    183  0.76790352E+00 -0.17165432E-02 0.5091E-12      9
 1445   24     0    -182      0    182  0.77212262E+00 -0.15591301E-02 0.4286E-12     10
 1446   24     0    -181      0    181  0.77597025E+00 -0.15006837E-02 0.2833E-12      8
 1447   24     0    -180      0    180  0.78012383E+00 -0.16606539E-02 0.4570E-12      7
 1448   24     0    -179      0    179  0.78466094E+00 -0.16798956E-02 0.3384E-12      9
 1449   24     0    -178      0    178  0.78905839E+00 -0.15204594E-02 0.2963E-12     11
 1450   24     0    -177      0    177  0.79309329E+00 -0.14644789E-02 0.8558E-12      9
 1451   24     0    -176      0    176  0.79744266E+00 -0.16074687E-02 0.2320E-12      8
 1452   24     0    -175      0    175  0.80216243E+00 -0.16122037E-02 0.6950E-12      8
 1453   24     0    -174      0    174  0.80672128E+00 -0.14589791E-02 0.2759E-12      8
 1454   24     0    -173      0    173  0.81097227E+00 -0.14275027E-02 0.6613E-12      9
 1455   24     0    -172      0    172  0.81557885E+00 -0.15503629E-02 0.7156E-12      8
 1456   24     0    -171      0    171  0.82052153E+00 -0.15333771E-02 0.2080E-12      9
 1457   24     0    -170      0    170  0.82525178E+00 -0.13711551E-02 0.2388E-12      9
 1458   24     0    -169      0    169  0.82967593E+00 -0.13536423E-02 0.6738E-12      8
 1459   24     0    -168      0    168  0.83452648E+00 -0.14712801E-02 0.3342E-12      9
 1460   24     0    -167      0    167  0.83971807E+00 -0.14414682E-02 0.1303E-12      9
 1461   24     0    -166      0    166  0.84465774E+00 -0.12792768E-02 0.3285E-12      9
 1462   24     0    -165      0    165  0.84930401E+00 -0.12746415E-02 0.1849E-12     10
 1463   24     0    -164      0    164  0.85443334E+00 -0.13830764E-02 0.4635E-12      8
 1464   24     0    -163      0    163  0.85989313E+00 -0.13405805E-02 0.1006E-11      9
 1465   24     0    -162      0    162  0.86501948E+00 -0.11722214E-02 0.9023E-12      9
 1466   24     0    -161      0    161  0.86984931E+00 -0.11912023E-02 0.9705E-12     10
 1467   24     0    -160      0    160  0.87527671E+00 -0.13032212E-02 0.4964E-12      9
 1468   24     0    -159      0    159  0.88104216E+00 -0.12567771E-02 0.8619E-12     10
 1469   24     0    -158      0    158  0.88641162E+00 -0.10915162E-02 0.9935E-12      9
 1470   24     0    -157      0    157  0.89146973E+00 -0.11204706E-02 0.1882E-11     10
 1471   24     0    -156      0    156  0.89718966E+00 -0.12312519E-02 0.5189E-12      9
 1472   24     0    -155      0    155  0.90324928E+00 -0.11833026E-02 0.7049E-12      9
 1473   24     0    -154      0    154  0.90884375E+00 -0.10211692E-02 0.2846E-12      9
 1474   24     0    -153      0    153  0.91413090E+00 -0.10662684E-02 0.5391E-12      9
 1475   24     0    -152      0    152  0.92017793E+00 -0.11786891E-02 0.6848E-12      8
 1476   24     0    -151      0    151  0.92658437E+00 -0.11321690E-02 0.7383E-12      9
 1477   24     0    -150      0    150  0.93247680E+00 -0.96907392E-03 0.5916E-12      8
 1478   24     0    -149      0    149  0.93800350E+00 -0.10108575E-02 0.1229E-11      8
 1479   24     0    -148      0    148  0.94435109E+00 -0.11229729E-02 0.7268E-12      8
 1480   24     0    -147      0    147  0.95108344E+00 -0.10760180E-02 0.1020E-11      8
 1481   24     0    -146      0    146  0.95726406E+00 -0.92237226E-03 0.7500E-12      8
 1482   24     0    -145      0    145  0.96311414E+00 -0.97104711E-03 0.5229E-12      7
 1483   24     0    -144      0    144  0.96983437E+00 -0.10727172E-02 0.1181E-12      9
 1484   24     0    -143      0    143  0.97691576E+00 -0.10210407E-02 0.4325E-12      9
 1485   24     0    -142      0    142  0.98338500E+00 -0.87709129E-03 0.5673E-12      9
 1486   24     0    -141      0    141  0.98957959E+00 -0.93604775E-03 0.1682E-11      8
 1487   24     0    -140      0    140  0.99670089E+00 -0.10287507E-02 0.1646E-11      8
 1488   24     0    -139      0    139  0.10041413E+01 -0.97345554E-03 0.4693E-12      8
 1489   24     0    -138      0    138  0.10109037E+01 -0.84406306E-03 0.1705E-11      8
 1490   24     0    -137      0    137  0.10174966E+01 -0.91979680E-03 0.1422E-11      9
 1491   24     0    -136      0    136  0.10250847E+01 -0.10073447E-02 0.6561E-12      9
 1492   24     0    -135      0    135  0.10329439E+01 -0.94841253E-03 0.7451E-12      9
 1493   24     0    -134      0    134  0.10400102E+01 -0.82048822E-03 0.3017E-12      8
 1494   24     0    -133      0    133  0.10469640E+01 -0.91467554E-03 0.2813E-12     10
 1495   24     0    -132      0    132  0.10550432E+01 -0.10054543E-02 0.1258E-11     10
 1496   24     0    -131      0    131  0.10633828E+01 -0.94528047E-03 0.5300E-12      9
 1497   24     0    -130      0    130  0.10708394E+01 -0.81735909E-03 0.1267E-12      8
 1498   24     0    -129      0    129  0.10782022E+01 -0.92030150E-03 0.3979E-12      9
 1499   24     0    -128      0    128  0.10867756E+01 -0.10119129E-02 0.2270E-11      8
 1500   24     0    -127      0    127  0.10955795E+01 -0.94661340E-03 0.1107E-11      9
 1501   24     0    -126      0    126  0.11034169E+01 -0.82516448E-03 0.3078E-12      9
 1502   24     0    -125      0    125  0.11112785E+01 -0.94348315E-03 0.9178E-12      9
 1503   24     0    -124      0    124  0.11204344E+01 -0.10345221E-02 0.1334E-11     10
 1504   24     0    -123      0    123  0.11297800E+01 -0.96619930E-03 0.5606E-12      9
 1505   24     0    -122      0    122  0.11380431E+01 -0.84369938E-03 0.1472E-12      9
 1506   24     0    -121      0    121  0.11463799E+01 -0.98122012E-03 0.2052E-11      8
 1507   24     0    -120      0    120  0.11561421E+01 -0.10862437E-02 0.9152E-12      9
 1508   24     0    -119      0    119  0.11661151E+01 -0.10249450E-02 0.1034E-11      9
 1509   24     0    -118      0    118  0.11749040E+01 -0.89437164E-03 0.6265E-12     10
 1510   24     0    -117      0    117  0.11837076E+01 -0.10510450E-02 0.9755E-12      8
 1511   24     0    -116      0    116  0.11940802E+01 -0.11824448E-02 0.2304E-11     10
 1512   24     0    -115      0    115  0.12047229E+01 -0.11296142E-02 0.7901E-12      9
 1513   24     0    -114      0    114  0.12140851E+01 -0.98297769E-03 0.7720E-12     12
 1514   24     0    -113      0    113  0.12233796E+01 -0.11604841E-02 0.3608E-12     10
 1515   24     0    -112      0    112  0.12343991E+01 -0.13183540E-02 0.1717E-11      9
 1516   24     0    -111      0    111  0.12457708E+01 -0.12657524E-02 0.4934E-12     11
 1517   24     0    -110      0    110  0.12557684E+01 -0.10848854E-02 0.5022E-12      8
 1518   24     0    -109      0    109  0.12655422E+01 -0.12693359E-02 0.3552E-11     11
 1519   24     0    -108      0    108  0.12772227E+01 -0.14474282E-02 0.7055E-12     11
 1520   24     0    -107      1    108  0.12894057E+01 -0.13931611E-02 0.1201E-11     10
 1521   24     0    -106      1    107  0.13002043E+01 -0.11698142E-02 0.1263E-11     11
 1522   24     0    -108      0    108  0.13104585E+01 -0.13195345E-02 0.1169E-11      9
 1523   24     0    -107      0    107  0.13227659E+01 -0.15025701E-02 0.2114E-11      9
 1524   24     0    -104      0    104  0.13358411E+01 -0.14367555E-02 0.1713E-11     10
 1525   24     0    -103      0    103  0.13476331E+01 -0.11635632E-02 0.4259E-12      9
 1526   24     0    -102      0    102  0.13583734E+01 -0.12118143E-02 0.1367E-11      9
 1527   24     0    -101      0    101  0.13712799E+01 -0.13543848E-02 0.2424E-11      9
 1528   24     0    -100      0    100  0.13853781E+01 -0.12533460E-02 0.1943E-11      8
 1529   24     0     -99      0     99  0.13984245E+01 -0.96689795E-03 0.3016E-11     13
 1530   24     0     -98      0     98  0.14098639E+01 -0.90169757E-03 0.2349E-11      8
 1531   24     0     -97      0     97  0.14234488E+01 -0.98801476E-03 0.2515E-11      9
 1532   24     0     -96      0     96  0.14387224E+01 -0.89081757E-03 0.7627E-12      9
 1533   24     0     -95      0     95  0.14531730E+01 -0.67028709E-03 0.2653E-11     10
 1534   24     0     -94      0     94  0.14655447E+01 -0.57536797E-03 0.1963E-11      9
 1535   24     0     -93      0     93  0.14799142E+01 -0.62947456E-03 0.5630E-11      9
 1536   24     0     -92      0     92  0.14964476E+01 -0.56590164E-03 0.2916E-11      9
 1537   24     0     -91      0     91  0.15123875E+01 -0.42440968E-03 0.7018E-12      9
 1538   24     0     -90      0     90  0.15258466E+01 -0.34202852E-03 0.1514E-11     10
 1539   24     0     -89      0     89  0.15410719E+01 -0.37580881E-03 0.5597E-11      8
 1540   24     0     -88      0     88  0.15589835E+01 -0.34071541E-03 0.5225E-11     11
 1541   24     0     -87      0     87  0.15766005E+01 -0.25801451E-03 0.3549E-12      9
 1542   24     0     -86      0     86  0.15913669E+01 -0.19677931E-03 0.3313E-11      9
 1543   24     0     -85      0     85  0.16075034E+01 -0.21807177E-03 0.1795E-10      8
 1544   24     0     -84      0     84  0.16269322E+01 -0.20150758E-03 0.4248E-11      8
 1545   24     0     -83      0     83  0.16463863E+01 -0.15459494E-03 0.1152E-10      9
 1546   24     0     -82      0     82  0.16625728E+01 -0.11304339E-03 0.8206E-11      9
 1547   24     0     -81      0     81  0.16797552E+01 -0.12777995E-03 0.4498E-11      9
 1548   24     0     -80      0     80  0.17009113E+01 -0.12156925E-03 0.2092E-10     10
 1549   24     0     -79      0     79  0.17223208E+01 -0.95565910E-04 0.4458E-11      8
  Time elapsed :     10.232 s

Mode Search
-----------

Mode parameters
   l : 25
   m : 0

Building frequency grid (REAL axis)
   added scan interval :  0.5234E+00 ->  0.2104E+01 (3000 points, INVERSE)

Building spatial grid
   Scaffold grid from model
   Split 290 subinterval(s) in iteration 1
   Split 132 subinterval(s) in iteration 2
   Split 9 subinterval(s) in iteration 3
   Split 0 subinterval(s) in iteration 4
   Final grid has 1 segment(s) and 7568 point(s):
      Segment 1 : x range 0.0000 -> 1.0012 (1 -> 7568)

Starting search (adiabatic)

Scanning frequencies
  Time elapsed :    36.180 s

Finding roots
  Time elapsed :     12.588 s

Processing modes
   id    l     m    n_pg    n_p    n_g       Re(omega)       Im(omega)        chi n_iter
 1599   25     0    -249      0    249  0.58999464E+00  0.00000000E+00 0.1971E-12      5
 1600   25     0    -248      0    248  0.59223963E+00  0.00000000E+00 0.1445E-12      5
 1601   25     0    -247      0    247  0.59465553E+00  0.00000000E+00 0.1846E-13      6
 1602   25     0    -246      0    246  0.59716190E+00  0.00000000E+00 0.5199E-12      6
 1603   25     0    -245      0    245  0.59955516E+00  0.00000000E+00 0.2447E-12      6
 1604   25     0    -244      0    244  0.60186189E+00  0.00000000E+00 0.4625E-13      6
 1605   25     0    -243      0    243  0.60432842E+00  0.00000000E+00 0.2780E-13      6
 1606   25     0    -242      0    242  0.60690460E+00  0.00000000E+00 0.1320E-12      6
 1607   25     0    -241      0    241  0.60938802E+00  0.00000000E+00 0.3741E-13      6
 1608   25     0    -240      0    240  0.61179049E+00  0.00000000E+00 0.4287E-12      5
 1609   25     0    -239      0    239  0.61433031E+00  0.00000000E+00 0.2441E-12      5
 1610   25     0    -238      0    238  0.61696922E+00  0.00000000E+00 0.1115E-12      6
 1611   25     0    -237      0    237  0.61953558E+00  0.00000000E+00 0.1399E-12      6
 1612   25     0    -236      0    236  0.62205940E+00  0.00000000E+00 0.2773E-12      5
 1613   25     0    -235      0    235  0.62470251E+00  0.00000000E+00 0.1616E-12      5
 1614   25     0    -234      0    234  0.62739674E+00  0.00000000E+00 0.2128E-12      5
 1615   25     0    -233      0    233  0.62999876E+00  0.00000000E+00 0.3824E-12      5
 1616   25     0    -232      0    232  0.63261861E+00  0.00000000E+00 0.2127E-12      6
 1617   25     0    -231      0    231  0.63540449E+00  0.00000000E+00 0.8442E-13      5
 1618   25     0    -230      0    230  0.63822113E+00  0.00000000E+00 0.3726E-12      6
 1619   25     0    -229      0    229  0.64089289E+00  0.00000000E+00 0.2968E-12      5
 1620   25     0    -228      0    228  0.64356892E+00  0.00000000E+00 0.5199E-12      6
 1621   25     0    -227      0    227  0.64644585E+00  0.00000000E+00 0.1610E-12      5
 1622   25     0    -226      0    226  0.64936552E+00  0.00000000E+00 0.3356E-12      6
 1623   25     0    -225      0    225  0.65213988E+00  0.00000000E+00 0.8022E-12      5
 1624   25     0    -224      0    224  0.65492330E+00  0.00000000E+00 0.3589E-12      6
 1625   25     0    -223      0    223  0.65790457E+00  0.00000000E+00 0.6244E-12      5
 1626   25     0    -222      0    222  0.66091459E+00  0.00000000E+00 0.2770E-12      6
 1627   25     0    -221      0    221  0.66377383E+00  0.00000000E+00 0.2254E-12      5
 1628   25     0    -220      0    220  0.66666712E+00  0.00000000E+00 0.4541E-12      5
 1629   25     0    -219      0    219  0.66976507E+00  0.00000000E+00 0.1685E-12      5
 1630   25     0    -218      0    218  0.67287228E+00  0.00000000E+00 0.6818E-13      5
 1631   25     0    -217      0    217  0.67582455E+00  0.00000000E+00 0.2672E-12      5
 1632   25     0    -216      0    216  0.67884875E+00  0.00000000E+00 0.1349E-12      6
 1633   25     0    -215      0    215  0.68208907E+00  0.00000000E+00 0.7415E-13      5
 1634   25     0    -214      0    214  0.68530613E+00  0.00000000E+00 0.1595E-12      6
 1635   25     0    -213      0    213  0.68831632E+00  0.00000000E+00 0.1228E-11      5
 1636   25     0    -212      0    212  0.69142677E+00  0.00000000E+00 0.3860E-12      6
 1637   25     0    -211      0    211  0.69480788E+00  0.00000000E+00 0.3782E-12      5
 1638   25     0    -210      0    210  0.69818632E+00  0.00000000E+00 0.1721E-12      6
 1639   25     0    -209      0    209  0.70134718E+00  0.00000000E+00 0.2183E-12      5
 1640   25     0    -208      0    208  0.70455566E+00  0.00000000E+00 0.1379E-13      6
 1641   25     0    -207      0    207  0.70801606E+00  0.00000000E+00 0.8236E-13      5
 1642   25     0    -206      0    206  0.71147914E+00  0.00000000E+00 0.5318E-13      6
 1643   25     0    -205      0    205  0.71477759E+00  0.00000000E+00 0.4571E-12      5
 1644   25     0    -204      0    204  0.71817037E+00  0.00000000E+00 0.1528E-12      6
 1645   25     0    -203      0    203  0.72177596E+00  0.00000000E+00 0.1516E-13      5
 1646   25     0    -202      0    202  0.72533441E+00  0.00000000E+00 0.3525E-12      6
 1647   25     0    -201      0    201  0.72873435E+00  0.00000000E+00 0.2701E-12      5
 1648   25     0    -200      0    200  0.73229278E+00  0.00000000E+00 0.4634E-12      5
 1649   25     0    -199      0    199  0.73606549E+00  0.00000000E+00 0.3997E-12      6
 1650   25     0    -198      0    198  0.73974000E+00  0.00000000E+00 0.1451E-12      6
 1651   25     0    -197      0    197  0.74324092E+00  0.00000000E+00 0.7601E-12      5
 1652   25     0    -196      0    196  0.74696862E+00  0.00000000E+00 0.9230E-13      5
 1653   25     0    -195      0    195  0.75092860E+00  0.00000000E+00 0.3810E-12      6
 1654   25     0    -194      0    194  0.75473699E+00  0.00000000E+00 0.8503E-13      6
 1655   25     0    -193      0    193  0.75832754E+00  0.00000000E+00 0.6606E-13      6
 1656   25     0    -192      0    192  0.76221350E+00  0.00000000E+00 0.1316E-12      5
 1657   25     0    -191      0    191  0.76637443E+00  0.00000000E+00 0.1459E-12      6
 1658   25     0    -190      0    190  0.77035753E+00  0.00000000E+00 0.9427E-13      6
 1659   25     0    -189      0    189  0.77405403E+00  0.00000000E+00 0.1425E-12      6
 1660   25     0    -188      0    188  0.77807251E+00  0.00000000E+00 0.5576E-13      6
 1661   25     0    -187      0    187  0.78242286E+00  0.00000000E+00 0.5551E-14      6
 1662   25     0    -186      0    186  0.78661973E+00  0.00000000E+00 0.1057E-12      6
 1663   25     0    -185      0    185  0.79048966E+00  0.00000000E+00 0.2783E-12      5
 1664   25     0    -184      0    184  0.79463491E+00  0.00000000E+00 0.1989E-12      6
 1665   25     0    -183      0    183  0.79913453E+00  0.00000000E+00 0.4508E-12      6
 1666   25     0    -182      0    182  0.80349917E+00  0.00000000E+00 0.1586E-12      6
 1667   25     0    -181      0    181  0.80756353E+00  0.00000000E+00 0.1984E-12      6
 1668   25     0    -180      0    180  0.81190971E+00  0.00000000E+00 0.4193E-13      6
 1669   25     0    -179      0    179  0.81659967E+00  0.00000000E+00 0.2993E-13      6
 1670   25     0    -178      0    178  0.82114152E+00  0.00000000E+00 0.9593E-14      6
 1671   25     0    -177      0    177  0.82538515E+00  0.00000000E+00 0.2337E-12      6
 1672   25     0    -176      0    176  0.82992549E+00  0.00000000E+00 0.2824E-14      6
 1673   25     0    -175      0    175  0.83480124E+00  0.00000000E+00 0.3048E-12      6
 1674   25     0    -174      0    174  0.83951282E+00  0.00000000E+00 0.3338E-13      6
 1675   25     0    -173      0    173  0.84396972E+00  0.00000000E+00 0.1930E-12      6
 1676   25     0    -172      0    172  0.84876173E+00  0.00000000E+00 0.5469E-13      6
 1677   25     0    -171      0    171  0.85386241E+00  0.00000000E+00 0.7423E-13      5
 1678   25     0    -170      0    170  0.85874962E+00  0.00000000E+00 0.6157E-13      5
 1679   25     0    -169      0    169  0.86337810E+00  0.00000000E+00 0.1814E-12      5
 1680   25     0    -168      0    168  0.86840803E+00  0.00000000E+00 0.2295E-12      5
 1681   25     0    -167      0    167  0.87375973E+00  0.00000000E+00 0.5344E-13      6
 1682   25     0    -166      0    166  0.87886425E+00  0.00000000E+00 0.3236E-13      6
 1683   25     0    -165      0    165  0.88371019E+00  0.00000000E+00 0.2034E-13      6
 1684   25     0    -164      0    164  0.88901128E+00  0.00000000E+00 0.8532E-13      6
 1685   25     0    -163      0    163  0.89463473E+00  0.00000000E+00 0.1188E-12      6
 1686   25     0    -162      0    162  0.89993764E+00  0.00000000E+00 0.5159E-13      6
 1687   25     0    -161      0    161  0.90496499E+00  0.00000000E+00 0.1876E-13      6
 1688   25     0    -160      0    160  0.91055855E+00  0.00000000E+00 0.8899E-13      6
 1689   25     0    -159      0    159  0.91650052E+00  0.00000000E+00 0.9895E-13      6
 1690   25     0    -158      0    158  0.92206812E+00  0.00000000E+00 0.3002E-13      6
 1691   25     0    -157      0    157  0.92732157E+00  0.00000000E+00 0.1225E-12      5
 1692   25     0    -156      0    156  0.93320372E+00  0.00000000E+00 0.1743E-13      5
 1693   25     0    -155      0    155  0.93945553E+00  0.00000000E+00 0.2531E-12      5
 1694   25     0    -154      0    154  0.94527462E+00  0.00000000E+00 0.1694E-12      6
 1695   25     0    -153      0    153  0.95075707E+00  0.00000000E+00 0.1695E-12      6
 1696   25     0    -152      0    152  0.95696450E+00  0.00000000E+00 0.8154E-13      6
 1697   25     0    -151      0    151  0.96358153E+00  0.00000000E+00 0.1370E-12      6
 1698   25     0    -150      0    150  0.96972663E+00  0.00000000E+00 0.2112E-12      6
 1699   25     0    -149      0    149  0.97545119E+00  0.00000000E+00 0.7323E-13      6
 1700   25     0    -148      0    148  0.98195594E+00  0.00000000E+00 0.1446E-12      6
 1701   25     0    -147      0    147  0.98891693E+00  0.00000000E+00 0.1045E-13      6
 1702   25     0    -146      0    146  0.99537868E+00  0.00000000E+00 0.9189E-14      5
 1703   25     0    -145      0    145  0.10014257E+01  0.00000000E+00 0.1457E-12      6
 1704   25     0    -144      0    144  0.10083042E+01  0.00000000E+00 0.3833E-13      6
 1705   25     0    -143      0    143  0.10156353E+01  0.00000000E+00 0.2897E-13      6
 1706   25     0    -142      0    142  0.10224139E+01  0.00000000E+00 0.3836E-12      6
 1707   25     0    -141      0    141  0.10288015E+01  0.00000000E+00 0.6572E-13      6
 1708   25     0    -140      0    140  0.10360849E+01  0.00000000E+00 0.2620E-12      6
 1709   25     0    -139      0    139  0.10437996E+01  0.00000000E+00 0.1721E-12      6
 1710   25     0    -138      0    138  0.10508991E+01  0.00000000E+00 0.6850E-13      5
 1711   25     0    -137      0    137  0.10576773E+01  0.00000000E+00 0.5227E-12      6
 1712   25     0    -136      0    136  0.10654341E+01  0.00000000E+00 0.4189E-13      5
 1713   25     0    -135      0    135  0.10735958E+01  0.00000000E+00 0.1578E-12      6
 1714   25     0    -134      0    134  0.10810340E+01  0.00000000E+00 0.2708E-12      6
 1715   25     0    -133      0    133  0.10881606E+01  0.00000000E+00 0.1146E-12      5
 1716   25     0    -132      0    132  0.10964106E+01  0.00000000E+00 0.1429E-12      6
 1717   25     0    -131      0    131  0.11050838E+01  0.00000000E+00 0.8069E-13      6
 1718   25     0    -130      0    130  0.11129521E+01  0.00000000E+00 0.3409E-12      6
 1719   25     0    -129      0    129  0.11204786E+01  0.00000000E+00 0.2602E-12      6
 1720   25     0    -128      0    128  0.11292234E+01  0.00000000E+00 0.5384E-13      6
 1721   25     0    -127      0    127  0.11383955E+01  0.00000000E+00 0.9300E-13      6
 1722   25     0    -126      0    126  0.11466819E+01  0.00000000E+00 0.2456E-13      5
 1723   25     0    -125      0    125  0.11546906E+01  0.00000000E+00 0.1769E-12      6
 1724   25     0    -124      0    124  0.11640215E+01  0.00000000E+00 0.1137E-12      5
 1725   25     0    -123      0    123  0.11737693E+01  0.00000000E+00 0.2373E-12      5
 1726   25     0    -122      0    122  0.11825284E+01  0.00000000E+00 0.1984E-14      6
 1727   25     0    -121      0    121  0.11909952E+01  0.00000000E+00 0.8878E-13      6
 1728   25     0    -120      0    120  0.12009239E+01  0.00000000E+00 0.1828E-12      5
 1729   25     0    -119      0    119  0.12113251E+01  0.00000000E+00 0.6908E-13      6
 1730   25     0    -118      0    118  0.12206677E+01  0.00000000E+00 0.8245E-13      6
 1731   25     0    -117      0    117  0.12295936E+01  0.00000000E+00 0.3724E-12      6
 1732   25     0    -116      0    116  0.12401122E+01  0.00000000E+00 0.2012E-12      5
 1733   25     0    -115      0    115  0.12512080E+01  0.00000000E+00 0.1258E-12      6
 1734   25     0    -114      0    114  0.12611927E+01  0.00000000E+00 0.1317E-12      6
 1735   25     0    -113      0    113  0.12706059E+01  0.00000000E+00 0.6595E-13      6
 1736   25     0    -112      0    112  0.12817481E+01  0.00000000E+00 0.5079E-13      5
 1737   25     0    -111      0    111  0.12936022E+01  0.00000000E+00 0.2626E-13      6
 1738   25     0    -110      0    110  0.13043112E+01  0.00000000E+00 0.2372E-12      6
 1739   25     0    -109      0    109  0.13142191E+01  0.00000000E+00 0.9296E-13      6
 1740   25     0    -108      0    108  0.13259893E+01  0.00000000E+00 0.3721E-13      6
 1741   25     0    -107      0    107  0.13386697E+01  0.00000000E+00 0.4115E-12      6
 1742   25     0    -106      0    106  0.13502680E+01  0.00000000E+00 0.1162E-12      6
 1743   25     0    -105      0    105  0.13607257E+01  0.00000000E+00 0.9675E-14      6
 1744   25     0    -104      0    104  0.13730712E+01  0.00000000E+00 0.2403E-13      6
 1745   25     0    -103      0    103  0.13866324E+01  0.00000000E+00 0.2994E-13      6
 1746   25     0    -102      0    102  0.13992983E+01  0.00000000E+00 0.3460E-14      6
 1747   25     0    -101      0    101  0.14103769E+01  0.00000000E+00 0.1360E-12      6
 1748   25     0    -100      0    100  0.14232503E+01  0.00000000E+00 0.8463E-13      5
 1749   25     0     -99      0     99  0.14378025E+01  0.00000000E+00 0.2404E-12      5
 1750   25     0     -98      0     98  0.14517678E+01  0.00000000E+00 0.7130E-13      6
 1751   25     0     -97      0     97  0.14637192E+01  0.00000000E+00 0.6312E-13      6
 1752   25     0     -96      0     96  0.14771873E+01  0.00000000E+00 0.1151E-12      6
 1753   25     0     -95      0     95  0.14928644E+01  0.00000000E+00 0.8689E-13      5
 1754   25     0     -94      0     94  0.15082631E+01  0.00000000E+00 0.1365E-12      6
 1755   25     0     -93      0     93  0.15213223E+01  0.00000000E+00 0.1004E-13      6
 1756   25     0     -92      0     92  0.15354998E+01  0.00000000E+00 0.8412E-13      6
 1757   25     0     -91      0     91  0.15523822E+01  0.00000000E+00 0.2095E-12      5
 1758   25     0     -90      0     90  0.15692978E+01  0.00000000E+00 0.4143E-13      6
 1759   25     0     -89      0     89  0.15836413E+01  0.00000000E+00 0.3942E-13      6
 1760   25     0     -88      0     88  0.15986164E+01  0.00000000E+00 0.7865E-13      6
 1761   25     0     -87      0     87  0.16168080E+01  0.00000000E+00 0.3416E-13      5
 1762   25     0     -86      0     86  0.16354085E+01  0.00000000E+00 0.3155E-12      6
 1763   25     0     -85      0     85  0.16512796E+01  0.00000000E+00 0.1272E-12      5
 1764   25     0     -84      0     84  0.16671261E+01  0.00000000E+00 0.1067E-12      6
 1765   25     0     -83      0     83  0.16867410E+01  0.00000000E+00 0.1905E-12      6
 1766   25     0     -82      0     82  0.17071891E+01  0.00000000E+00 0.1038E-12      6
  Time elapsed :      3.654 s

Starting search (non-adiabatic)

Finding roots
  Time elapsed :    232.064 s

Processing modes
   id    l     m    n_pg    n_p    n_g       Re(omega)       Im(omega)        chi n_iter
 1599   25     0    -249      1    250  0.58945277E+00 -0.87727367E-03 0.7981E-12      7
 1600   25     0    -248      1    249  0.59167252E+00 -0.87841396E-03 0.5501E-12      8
 1601   25     0    -247      1    248  0.59405909E+00 -0.95368206E-03 0.8005E-13     10
 1602   25     0    -246      1    247  0.59659624E+00 -0.96099897E-03 0.7622E-12      7
 1603   25     0    -245      1    246  0.59904790E+00 -0.89037553E-03 0.1920E-12      7
 1604   25     0    -244      1    245  0.60133985E+00 -0.87642184E-03 0.1980E-12      7
 1605   25     0    -243      1    244  0.60377708E+00 -0.95280088E-03 0.4842E-12      8
 1606   25     0    -242      1    243  0.60638002E+00 -0.96673465E-03 0.6112E-12      9
 1607   25     0    -241      1    242  0.60891332E+00 -0.90611832E-03 0.3574E-12      7
 1608   25     0    -240      1    241  0.61130640E+00 -0.89435050E-03 0.4006E-12      8
 1609   25     0    -239      1    240  0.61382571E+00 -0.96054443E-03 0.3068E-12      8
 1610   25     0    -238      1    239  0.61648979E+00 -0.97223477E-03 0.4840E-12      8
 1611   25     0    -237      1    238  0.61909209E+00 -0.92615762E-03 0.2935E-12      8
 1612   25     0    -236      1    237  0.62160632E+00 -0.93018849E-03 0.3425E-12      8
 1613   25     0    -235      1    236  0.62424215E+00 -0.98182201E-03 0.1558E-12      8
 1614   25     0    -234      1    235  0.62696727E+00 -0.97525465E-03 0.4795E-12      8
 1615   25     0    -233      1    234  0.62959264E+00 -0.93139998E-03 0.1391E-12      8
 1616   25     0    -232      1    233  0.63218995E+00 -0.96848544E-03 0.4364E-12      7
 1617   25     0    -231      1    232  0.63497439E+00 -0.10267989E-02 0.3369E-12      8
 1618   25     0    -230      1    231  0.63782923E+00 -0.10060784E-02 0.5436E-12      8
 1619   25     0    -229      1    230  0.64052684E+00 -0.94313109E-03 0.4939E-12      8
 1620   25     0    -228      1    229  0.64317366E+00 -0.98854611E-03 0.4582E-12      8
 1621   25     0    -227      1    228  0.64604919E+00 -0.10582570E-02 0.4174E-12      8
 1622   25     0    -226      1    227  0.64900626E+00 -0.10372132E-02 0.6272E-12      7
 1623   25     0    -225      1    226  0.65180207E+00 -0.97612899E-03 0.1073E-12      7
 1624   25     0    -224      1    225  0.65455877E+00 -0.10252554E-02 0.7956E-12      8
 1625   25     0    -223      1    224  0.65754364E+00 -0.10916084E-02 0.1578E-12      9
 1626   25     0    -222      1    223  0.66059160E+00 -0.10643884E-02 0.6392E-12      8
 1627   25     0    -221      1    222  0.66346481E+00 -0.10083324E-02 0.1004E-11      7
 1628   25     0    -220      1    221  0.66633149E+00 -0.10712448E-02 0.4769E-12      8
 1629   25     0    -219      1    220  0.66943797E+00 -0.11354539E-02 0.2755E-12      8
 1630   25     0    -218      1    219  0.67258284E+00 -0.10998848E-02 0.3671E-12      8
 1631   25     0    -217      1    218  0.67553936E+00 -0.10519688E-02 0.2647E-12      8
 1632   25     0    -216      1    217  0.67853685E+00 -0.11331474E-02 0.6822E-12      8
 1633   25     0    -215      1    216  0.68179049E+00 -0.11958959E-02 0.9349E-12      8
 1634   25     0    -214      1    215  0.68504955E+00 -0.11424598E-02 0.4186E-12      8
 1635   25     0    -213      1    214  0.68805578E+00 -0.10825055E-02 0.6562E-12      8
 1636   25     0    -212      1    213  0.69113159E+00 -0.11915556E-02 0.1308E-12      8
 1637   25     0    -211      1    212  0.69452586E+00 -0.12685105E-02 0.2478E-12      9
 1638   25     0    -210      1    211  0.69794349E+00 -0.12188179E-02 0.5751E-12      7
 1639   25     0    -209      1    210  0.70110401E+00 -0.11459332E-02 0.8575E-12      9
 1640   25     0    -208      1    209  0.70427782E+00 -0.12388232E-02 0.1153E-11      8
 1641   25     0    -207      1    208  0.70775027E+00 -0.13147080E-02 0.6379E-12      9
 1642   25     0    -206      0    206  0.71124527E+00 -0.12683572E-02 0.3847E-12      9
 1643   25     0    -205      0    205  0.71453284E+00 -0.12249890E-02 0.2399E-12      7
 1644   25     0    -204      0    204  0.71789918E+00 -0.13195904E-02 0.6444E-12      8
 1645   25     0    -203      0    203  0.72152170E+00 -0.13736005E-02 0.2275E-12      9
 1646   25     0    -202      0    202  0.72511068E+00 -0.13096758E-02 0.2077E-12      8
 1647   25     0    -201      0    201  0.72848798E+00 -0.12858501E-02 0.6857E-12      7
 1648   25     0    -200      0    200  0.73202338E+00 -0.14022159E-02 0.3833E-12      8
 1649   25     0    -199      0    199  0.73581915E+00 -0.14464301E-02 0.1431E-12      8
 1650   25     0    -198      0    198  0.73952478E+00 -0.13603811E-02 0.1189E-12      8
 1651   25     0    -197      0    197  0.74298776E+00 -0.13528614E-02 0.8852E-12      8
 1652   25     0    -196      0    196  0.74669089E+00 -0.14997925E-02 0.2841E-12      8
 1653   25     0    -195      0    195  0.75067691E+00 -0.15410694E-02 0.6169E-12      8
 1654   25     0    -194      0    194  0.75451873E+00 -0.14249490E-02 0.8266E-12      8
 1655   25     0    -193      0    193  0.75805000E+00 -0.14214410E-02 0.3498E-12      7
 1656   25     0    -192      0    192  0.76190081E+00 -0.16047899E-02 0.7790E-12      9
 1657   25     0    -191      0    191  0.76608397E+00 -0.16504053E-02 0.2019E-12      8
 1658   25     0    -190      0    190  0.77010598E+00 -0.15066791E-02 0.8334E-12      8
 1659   25     0    -189      0    189  0.77372842E+00 -0.14749243E-02 0.8312E-12      7
 1660   25     0    -187      0    187  0.78205579E+00 -0.17356419E-02 0.7033E-12     10
 1661   25     0    -186      0    186  0.78629508E+00 -0.15875729E-02 0.6692E-12     10
 1662   25     0    -185      0    185  0.79010042E+00 -0.15097348E-02 0.6834E-12      9
 1663   25     0    -184      0    184  0.79417390E+00 -0.16974202E-02 0.2762E-12     10
 1664   25     0    -182      0    182  0.80309382E+00 -0.15997730E-02 0.7677E-12     13
 1665   25     0    -183      0    183  0.79868313E+00 -0.17488065E-02 0.6726E-12      9
 1666   25     0    -181      0    181  0.80710434E+00 -0.15212796E-02 0.2656E-12      8
 1667   25     0    -180      0    180  0.81138147E+00 -0.16849114E-02 0.1461E-11     10
 1668   25     0    -177      0    177  0.82488072E+00 -0.14907794E-02 0.3587E-12     12
 1669   25     0    -179      0    179  0.81608418E+00 -0.17210732E-02 0.3511E-12      8
 1670   25     0    -178      0    178  0.82068005E+00 -0.15676629E-02 0.5407E-12      9
 1671   25     0    -176      0    176  0.82935815E+00 -0.16383744E-02 0.1061E-11      8
 1672   25     0    -175      0    175  0.83425173E+00 -0.16592865E-02 0.1609E-12     10
 1673   25     0    -174      0    174  0.83901806E+00 -0.15086746E-02 0.5736E-12      8
 1674   25     0    -173      0    173  0.84343627E+00 -0.14554414E-02 0.3644E-12      8
 1675   25     0    -172      0    172  0.84817738E+00 -0.15837265E-02 0.6610E-12      9
 1676   25     0    -171      0    171  0.85330389E+00 -0.15815483E-02 0.8444E-12     10
 1677   25     0    -170      0    170  0.85825383E+00 -0.14197635E-02 0.3037E-12      9
 1678   25     0    -169      0    169  0.86284793E+00 -0.13785434E-02 0.1124E-11      8
 1679   25     0    -168      0    168  0.86783686E+00 -0.15025881E-02 0.5088E-12      9
 1680   25     0    -167      0    167  0.87322341E+00 -0.14869314E-02 0.8482E-12     10
 1681   25     0    -166      0    166  0.87839601E+00 -0.13236389E-02 0.1123E-11      8
 1682   25     0    -165      0    165  0.88321601E+00 -0.12950959E-02 0.4529E-12      9
 1683   25     0    -164      0    164  0.88848954E+00 -0.14107499E-02 0.4254E-12      9
 1684   25     0    -163      0    163  0.89415715E+00 -0.13823327E-02 0.8989E-12      8
 1685   25     0    -162      0    162  0.89953203E+00 -0.12114950E-02 0.9238E-12      8
 1686   25     0    -161      0    161  0.90453362E+00 -0.12057085E-02 0.7466E-12      9
 1687   25     0    -160      0    160  0.91010922E+00 -0.13274811E-02 0.1206E-11      8
 1688   25     0    -159      0    159  0.91609768E+00 -0.12951725E-02 0.8432E-12      8
 1689   25     0    -158      0    158  0.92173317E+00 -0.11267449E-02 0.6077E-12      8
 1690   25     0    -157      0    157  0.92696531E+00 -0.11304005E-02 0.5769E-12      9
 1691   25     0    -156      0    156  0.93283672E+00 -0.12519156E-02 0.3646E-12      8
 1692   25     0    -155      0    155  0.93913282E+00 -0.12185223E-02 0.4431E-12      8
 1693   25     0    -154      0    154  0.94501094E+00 -0.10525943E-02 0.2731E-12      9
 1694   25     0    -153      0    153  0.95047217E+00 -0.10715914E-02 0.5429E-12      8
 1695   25     0    -152      0    152  0.95667423E+00 -0.11954634E-02 0.4707E-12      9
 1696   25     0    -151      0    151  0.96333093E+00 -0.11632690E-02 0.4732E-12      8
 1697   25     0    -150      0    150  0.96952749E+00 -0.99721173E-03 0.7836E-12      8
 1698   25     0    -149      0    149  0.97523528E+00 -0.10114175E-02 0.9049E-12      8
 1699   25     0    -148      0    148  0.98173977E+00 -0.11350375E-02 0.8722E-12     10
 1700   25     0    -147      0    147  0.98873680E+00 -0.11027330E-02 0.6307E-12      8
 1701   25     0    -146      0    146  0.99523884E+00 -0.94544193E-03 0.6919E-12     10
 1702   25     0    -145      0    145  0.10012735E+01 -0.96770659E-03 0.9869E-12      8
 1703   25     0    -144      0    144  0.10081597E+01 -0.10809452E-02 0.9870E-12     10
 1704   25     0    -143      0    143  0.10155238E+01 -0.10439024E-02 0.2540E-12     10
 1705   25     0    -142      0    142  0.10223318E+01 -0.89515435E-03 0.4264E-12      9
 1706   25     0    -141      0    141  0.10287116E+01 -0.92948668E-03 0.1227E-11      8
 1707   25     0    -140      0    140  0.10360100E+01 -0.10345033E-02 0.7855E-12      9
 1708   25     0    -139      0    139  0.10437542E+01 -0.99422450E-03 0.4199E-12      9
 1709   25     0    -138      0    138  0.10508717E+01 -0.85802544E-03 0.8197E-12      8
 1710   25     0    -137      0    137  0.10576466E+01 -0.91099776E-03 0.2157E-11      9
 1711   25     0    -136      0    136  0.10654243E+01 -0.10114931E-02 0.9142E-12      9
 1712   25     0    -135      0    135  0.10736115E+01 -0.96826766E-03 0.1636E-12      9
 1713   25     0    -134      0    134  0.10810577E+01 -0.83155460E-03 0.1726E-11      8
 1714   25     0    -133      0    133  0.10881847E+01 -0.90221393E-03 0.2178E-11     11
 1715   25     0    -132      0    132  0.10964613E+01 -0.10075631E-02 0.2787E-11      8
 1716   25     0    -131      0    131  0.11051562E+01 -0.96417698E-03 0.2241E-12      8
 1717   25     0    -130      0    130  0.11130236E+01 -0.82598879E-03 0.9724E-12      9
 1718   25     0    -129      0    129  0.11205548E+01 -0.90363584E-03 0.1185E-11      8
 1719   25     0    -128      0    128  0.11293320E+01 -0.10114130E-02 0.1443E-11      8
 1720   25     0    -127      0    127  0.11385221E+01 -0.96471273E-03 0.9892E-12      8
 1721   25     0    -126      0    126  0.11467991E+01 -0.82992410E-03 0.9543E-12      9
 1722   25     0    -125      0    125  0.11548201E+01 -0.92278175E-03 0.8889E-12      9
 1723   25     0    -124      0    124  0.11641899E+01 -0.10319644E-02 0.1329E-11      8
 1724   25     0    -123      0    123  0.11739534E+01 -0.98502371E-03 0.1378E-11      8
 1725   25     0    -122      0    122  0.11826948E+01 -0.84776566E-03 0.6701E-12      8
 1726   25     0    -121      0    121  0.11911815E+01 -0.95738981E-03 0.3036E-12     10
 1727   25     0    -120      0    120  0.12011585E+01 -0.10832974E-02 0.8719E-12     10
 1728   25     0    -119      0    119  0.12115754E+01 -0.10468538E-02 0.1100E-11      9
 1729   25     0    -118      0    118  0.12208912E+01 -0.90199912E-03 0.3855E-12     10
 1730   25     0    -117      0    117  0.12298411E+01 -0.10244722E-02 0.9354E-12      8
 1731   25     0    -116      0    116  0.12404195E+01 -0.11802693E-02 0.1246E-12      9
 1732   25     0    -115      0    115  0.12515308E+01 -0.11569241E-02 0.1623E-11      8
 1733   25     0    -114      0    114  0.12614759E+01 -0.99572958E-03 0.3746E-12     10
 1734   25     0    -113      0    113  0.12709112E+01 -0.11288721E-02 0.2809E-11      9
 1735   25     0    -112      0    112  0.12821214E+01 -0.13156602E-02 0.1468E-11      9
 1736   25     0    -111      0    111  0.12939869E+01 -0.12984525E-02 0.7703E-12     10
 1737   25     0    -110      0    110  0.13046405E+01 -0.11057779E-02 0.1272E-11     10
 1738   25     0    -109      0    109  0.13145579E+01 -0.12319012E-02 0.2008E-11     10
 1739   25     0    -108      0    108  0.13263974E+01 -0.14458810E-02 0.1409E-11     11
 1740   25     0    -107      0    107  0.13390820E+01 -0.14334909E-02 0.1451E-11      9
 1741   25     0    -106      1    107  0.13506135E+01 -0.12089400E-02 0.1087E-11     10
 1742   25     0    -105      1    106  0.13610526E+01 -0.12827251E-02 0.1346E-11     10
 1743   25     0    -107      0    107  0.13734547E+01 -0.15044211E-02 0.1165E-11     10
 1744   25     0    -106      0    106  0.13870077E+01 -0.14807759E-02 0.6706E-12      9
 1745   25     0    -103      0    103  0.13996031E+01 -0.12188610E-02 0.3271E-12      8
 1746   25     0    -102      0    102  0.14106338E+01 -0.11733697E-02 0.1074E-11      9
 1747   25     0    -101      0    101  0.14235450E+01 -0.13443691E-02 0.1796E-11      8
 1748   25     0    -100      0    100  0.14380873E+01 -0.12777452E-02 0.9796E-12      9
 1749   25     0     -99      0     99  0.14519993E+01 -0.10108603E-02 0.1509E-11      9
 1750   25     0     -98      0     98  0.14639052E+01 -0.86351431E-03 0.2258E-11      8
 1751   25     0     -97      0     97  0.14774045E+01 -0.96397314E-03 0.1905E-11      8
 1752   25     0     -96      0     96  0.14930814E+01 -0.89597320E-03 0.3515E-11     10
 1753   25     0     -95      0     95  0.15084437E+01 -0.69637026E-03 0.1526E-11     10
 1754   25     0     -94      0     94  0.15214660E+01 -0.54800472E-03 0.3330E-12      9
 1755   25     0     -93      0     93  0.15356671E+01 -0.60394014E-03 0.2075E-11      9
 1756   25     0     -92      0     92  0.15525500E+01 -0.56148499E-03 0.4243E-11     10
 1757   25     0     -91      0     91  0.15694372E+01 -0.43641327E-03 0.2236E-11      9
 1758   25     0     -90      0     90  0.15837483E+01 -0.32443819E-03 0.3595E-11      8
 1759   25     0     -89      0     89  0.15987383E+01 -0.35348999E-03 0.4579E-11      8
 1760   25     0     -88      0     88  0.16169298E+01 -0.33292482E-03 0.7108E-12     10
 1761   25     0     -87      0     87  0.16355094E+01 -0.26203402E-03 0.2905E-11     10
 1762   25     0     -86      0     86  0.16513541E+01 -0.18704761E-03 0.8466E-11      8
 1763   25     0     -85      0     85  0.16672087E+01 -0.20120669E-03 0.7711E-11      9
 1764   25     0     -84      0     84  0.16868242E+01 -0.19428071E-03 0.1227E-10      8
 1765   25     0     -83      0     83  0.17072583E+01 -0.15556611E-03 0.8325E-11      8
 1766   25     0     -82      0     82  0.17247518E+01 -0.10826856E-03 0.3428E-11      9
  Time elapsed :     10.338 s

=== adiabatic (summary_ad_wide_hi.h5, windows from gyre_ad_wide_hi.in) ===
1383 modes total, 10 l values requested

  l  count     n_pg range       freq range (c/d)   gaps
--------------------------------------------------------
 16    109   -161 ..  -53      1.691 ..    4.857      0
 17    116   -171 ..  -56      1.689 ..    4.890      0
 18    121   -180 ..  -60      1.696 ..    4.834      0
 19    128   -190 ..  -63      1.694 ..    4.861      0
 20    135   -200 ..  -66      1.692 ..    4.874      0
 21    142   -210 ..  -69      1.691 ..    4.882      0
 22    149   -220 ..  -72      1.688 ..    4.899      0
 23    154   -229 ..  -76      1.694 ..    4.854      0
 24    161   -239 ..  -79      1.692 ..    4.875      0
 25    168   -249 ..  -82      1.691 ..    4.893      0

2444 detail files, 7445 grid points in detail.l20.n-96.h5
dlnrho/dlnr from (As, V_2, Gamma_1) vs numerical
  median rel err 4.24e-07, 95th pct 9.86e-04

=== nonadiabatic (summary_nad_wide_hi.h5) ===

0 driven modes (gamma < 0) of 1383
  damping rates (dimensionless): 8.387e-06 .. 1.749e-03
  gamma covers 1376 of 1383 adiabatic modes (13 duplicate n_pg labels in the nad summary, harmless)
    no gamma: l = 19  n_pg =  -183  1.7587 c/d
    no gamma: l = 20  n_pg =  -187  1.8089 c/d
    no gamma: l = 21  n_pg =  -186  1.9059 c/d
    no gamma: l = 22  n_pg =  -190  1.9519 c/d
    no gamma: l = 23  n_pg =  -191  2.0270 c/d
    no gamma: l = 24  n_pg =  -189  2.1329 c/d
    no gamma: l = 25  n_pg =  -188  2.2299 c/d
  pass require_gamma=True to build_mode_list to drop these

OK

--- [dsct_M2.0] four-mode search
2430 modes with gamma, 86 driven, cut 0.430 c/d
30142 direct triples, 2257098 four-mode candidates [56 s]
77052 distinct radial triplets to integrate
kappa done, 77052 triplets on 16 core(s) [1025 s]

2257098 rows -> out/four_mode_dsct_M2.0.csv
 l_a  n_a  l_b  n_b  l_c  n_c  l_d  n_d comb      f_c      f_d  kappa_direct  kappa_param  E_c_over_E_th
   6    3    6    4   12  -57   10  -98 diff 3.515634 1.758130     13.829936    -2.166891   6.969511e-06
   6   -8    6   -4    8  -35    4  -38 diff 3.802864 1.901527      1.860808    -3.304756   3.340202e-06
   6    3    6    4   12  -57    8  -79 diff 3.515634 1.760110     13.829936    -1.418150   2.811401e-06
   6    3    6    4   12  -57    6  -60 diff 3.515634 1.770435     13.829936    -4.027013   7.712801e-07
   6    3    6    4   12  -57    6  -61 diff 3.515634 1.740890     13.829936    -5.336434   7.277090e-07
   6    3    6    4   12  -57   12 -117 diff 3.515634 1.759563     13.829936    -0.976962   6.553254e-07
   6    3    6    4   12  -57    9  -89 diff 3.515634 1.750364     13.829936    -2.070313   5.587567e-07
   6    3    6    4   12  -57    7  -70 diff 3.515634 1.749512     13.829936    -2.239176   5.372612e-07
   6    3    6    4   12  -57   11 -108 diff 3.515634 1.753171     13.829936    -1.439175   5.177846e-07
   6    3    6    4   12  -57   14 -136 diff 3.515634 1.758132     13.829936    -0.536046   4.103350e-07
   6    3    6    4   12  -57   16 -155 diff 3.515634 1.756097     13.829936    -0.464310   1.843956e-07
   6    3    6    4   12  -57   11 -107 diff 3.515634 1.767363     13.829936    -1.346109   1.403785e-07
   6    3    6    4   12  -57   17 -164 diff 3.515634 1.760299     13.829936    -0.505655   1.228321e-07
   6    3    6    4   12  -57    9  -88 diff 3.515634 1.771045     13.829936    -1.667052   1.198291e-07
   6    3    6    4   12  -57    6  -62 diff 3.515634 1.709405     13.829936    -5.688035   9.745014e-08

0 candidates above threshold (E_c > E_th) at q_parent = 1e-06; 18 if the detuning factor is dropped

full m for the top 200:
 l_c  n_c  l_d  n_d  kappa_m0  kappa_max         m_max  n_m  refine
  12  -57   10  -98 -2.166891  -3.856391   (-12, 6, 6)  369       1
   8  -35    4  -38 -3.304756  -5.355877    (-8, 4, 4)   81       1
  12  -57    8  -79 -1.418150  -2.523865   (-12, 6, 6)  269       1
  12  -57    6  -60 -4.027013  -7.166827   (-12, 6, 6)  169       2
  12  -57    6  -61 -5.336434  -9.497188   (-12, 6, 6)  169       1
  12  -57   12 -117 -0.976962  -1.738688   (-12, 6, 6)  469       2
  12  -57    9  -89 -2.070313  -3.684511   (-12, 6, 6)  319       1
  12  -57    7  -70 -2.239176  -3.985036   (-12, 6, 6)  219       1
  12  -57   11 -108 -1.439175  -2.561282   (-12, 6, 6)  419       2
  12  -57   14 -136 -0.536046   0.989356  (-5, -9, 14)  569       2
  12  -57   16 -155 -0.464310  -0.878229 (-4, -12, 16)  669       2
  12  -57   11 -107 -1.346109  -2.395654   (-12, 6, 6)  419       2
  12  -57   17 -164 -0.505655   0.978213 (-4, -13, 17)  719       2
  12  -57    9  -88 -1.667052  -2.966833   (-12, 6, 6)  319       1
  12  -57    6  -62 -5.688035 -10.122928   (-12, 6, 6)  169       1

total 1347 s

--- [dsct_M2.0] M6 network integration
2257098 candidates, 0 above threshold at q = 1e-06

system: (6,+3) + (6,+4) -> (12,-57) -> 2x(10,-98)  [diff]
  f = 25.2959, 28.8116, 3.5156, 1.7581 c/d
  kappa  direct +13.830   param -2.167
  Delta  direct -1.159e-04  param +6.265e-04 c/d
  E_c/E_th 6.970e-06 at q = 1e-6 (Gamma/gamma_d 2.666e-03 without detuning)

conservation check (undamped, resonant):
  energy               drift 2.88e-06
  N_P + N_Q            drift 5.80e-09
  N_Q - N_c - N_d/2    drift 2.90e-09

threshold parent amplitude 1.946e-05; driving at 5.839e-05

pumped system (P, Q frozen), t_end 27.86 yr

integrated 2.786e+01 yr
  E_P/E_star  start 3.409e-09  end 3.409e-09  max 3.409e-09
  E_Q/E_star  start 3.409e-09  end 3.409e-09  max 3.409e-09
  E_c/E_star  start 3.409e-15  end 1.724e-07  max 1.425e-06
  E_d/E_star  start 3.409e-17  end 1.974e-08  max 9.665e-07

  daughter energy swing over the second half: 4.101
  bounded limit cycle
  q_c vs 2 mu q_P q_Q at 0.5x threshold (sub-threshold, slaved): median 5.932e-03
  E_d there: start 9.470e-19 -> end 1.860e-42 (decays, as it must below threshold)

-> out/m6_network_dsct_M2.0.csv

--- [dsct_M2.0] figures
model models/dsct_M2.0  tag dsct_M2.0  -> out/plots/dsct_M2.0
loading narrow model...
figures:
  fig_propagation
  fig_gamma
  fig_gamma_panels
  fig_kappa_cum
  fig_xi_kappa_p
  fig_xi_kappa_g
  fig_mu
  fig_eth
  fig_fourmode
  fig_m6
done -> out/plots/dsct_M2.0

=== dsct_M2.0 done Tue Aug 11 04:47:43 AM CDT 2026 ===
