=== dsct_M2.0_T7696  (M=2.0, log g=3.930, MW23 Teff=7696) ===
    host=compute-1-23.local.tier3-atlas.uta.edu  cores=16  started Tue Aug 11 05:41:27 PM CDT 2026
    workdir=/net/nas-1-16/users/home2/txr7972/Stellar
    MESA_DIR=/net/nas-1-16/users/home2/txr7972/soft/mesa-26.04.1
    GYRE_DIR=/net/nas-1-16/users/home2/txr7972/soft/gyre-9.1.1
    linked models/dsct_M2.0_T7696/mesa -> ../dsct_M2.0/mesa

--- [dsct_M2.0_T7696] shares the dsct_M2.0 track; skipping MESA

--- [dsct_M2.0_T7696] selecting profile at log g = 3.930
matching on log g = 3.930   (331 profiles)

         profile   model     Teff   R/Rsun    logL    logg   nu_dyn     X_c
---------------------------------------------------------------------------
 profile255.data     912   7694.6    2.538   1.308   3.930    3.019  0.3124
 profile256.data     913   7693.2    2.539   1.309   3.930    3.017  0.3120
 profile254.data     911   7696.0    2.537   1.308   3.930    3.021  0.3127
 profile257.data     914   7691.9    2.540   1.309   3.929    3.015  0.3117
 profile253.data     910   7697.3    2.536   1.308   3.931    3.023  0.3130
 profile258.data     915   7690.5    2.542   1.309   3.929    3.013  0.3114
 profile252.data     909   7698.7    2.535   1.308   3.931    3.025  0.3133
 profile259.data     916   7689.1    2.543   1.309   3.929    3.011  0.3110

selected: LOGS/profile255.data
GYRE input: LOGS/profile255.data.GYRE

  R_Rsun             2.538   expect     2.538 +/- 0.020   OK
  logg               3.930   expect     3.930 +/- 0.005   OK
  dyn_freq_cpd       3.019   expect     3.019 +/- 0.040   OK

  Teff 7694.6 K, -1.4 K vs MW23
  detuning cut 0.15*nu_dyn = 0.453 c/d
    -> profile255.data.GYRE

--- [dsct_M2.0_T7696] generating GYRE inlists
    backed up gyre_ad.in -> gyre_ad.in.handwritten
    backed up gyre_ad_wide_hi.in -> gyre_ad_wide_hi.in.handwritten
    backed up gyre_ad_wide.in -> gyre_ad_wide.in.handwritten
    backed up gyre_nad.in -> gyre_nad.in.handwritten
    backed up gyre_nad_wide_hi.in -> gyre_nad_wide_hi.in.handwritten
    backed up gyre_nad_wide.in -> gyre_nad_wide.in.handwritten

dsct_M2.0_T7696:  nu_dyn=3.0192  Dnu=3.915  nu_ac=99.7  K=16.429 c/d
  core scan 0.84-26.3-100.1 c/d;  daughter band 1.79-5.48 c/d  (scaled)
  wrote models/dsct_M2.0_T7696/gyre/gyre_ad.in
  wrote models/dsct_M2.0_T7696/gyre/gyre_nad.in
  gnet pass 1 (l 2-15): 741 modes;  pass 2 (l 16-25): 1296 modes
  wrote models/dsct_M2.0_T7696/gyre/gyre_ad_wide.in
  wrote models/dsct_M2.0_T7696/gyre/gyre_nad_wide.in
  wrote models/dsct_M2.0_T7696/gyre/gyre_ad_wide_hi.in
  wrote models/dsct_M2.0_T7696/gyre/gyre_nad_wide_hi.in

--- [dsct_M2.0_T7696] GYRE narrow net (l <= 3, |n_pg| <= 20)
gyre [9.1.1]
------------

OpenMP Threads   : 16
Input filename   : gyre_ad.in

Model Init
----------

Reading from MESA file
   File name ../mesa/LOGS/profile255.data.GYRE
   File version 1.01
   Read 7147 points
   No need to add central point

Mode Search
-----------

Mode parameters
   l : 0
   m : 0

Building frequency grid (REAL axis)
   added scan interval :  0.2782E+00 ->  0.8711E+01 (1000 points, INVERSE)
   added scan interval :  0.8711E+01 ->  0.3315E+02 (1000 points, LINEAR)

Building spatial grid
   Scaffold grid from model
   Split 0 subinterval(s) in iteration 1
   Final grid has 1 segment(s) and 7147 point(s):
      Segment 1 : x range 0.0000 -> 1.0011 (1 -> 7147)

Starting search (adiabatic)

Scanning frequencies
  Time elapsed :     0.526 s

Finding roots
  Time elapsed :      0.033 s

Processing modes
   id    l     m    n_pg    n_p    n_g       Re(omega)       Im(omega)        chi n_iter
    1    0     0       1      1      0  0.35491568E+01  0.00000000E+00 0.6517E-14      6
    2    0     0       2      2      0  0.45815474E+01  0.00000000E+00 0.7648E-14      7
    3    0     0       3      3      0  0.56903528E+01  0.00000000E+00 0.8951E-14      7
    4    0     0       4      4      0  0.68153493E+01  0.00000000E+00 0.5543E-14      6
    5    0     0       5      5      0  0.79418196E+01  0.00000000E+00 0.7622E-14      6
    6    0     0       6      6      0  0.90513805E+01  0.00000000E+00 0.1372E-12      5
    7    0     0       7      7      0  0.10164513E+02  0.00000000E+00 0.4054E-13      5
    8    0     0       8      8      0  0.11309208E+02  0.00000000E+00 0.1540E-12      5
    9    0     0       9      9      0  0.12491507E+02  0.00000000E+00 0.1121E-12      5
   10    0     0      10     10      0  0.13703535E+02  0.00000000E+00 0.7640E-13      5
   11    0     0      11     11      0  0.14940725E+02  0.00000000E+00 0.7425E-13      5
   12    0     0      12     12      0  0.16198550E+02  0.00000000E+00 0.4610E-13      5
   13    0     0      13     13      0  0.17466491E+02  0.00000000E+00 0.1848E-12      5
   14    0     0      14     14      0  0.18736286E+02  0.00000000E+00 0.6699E-13      5
   15    0     0      15     15      0  0.20002624E+02  0.00000000E+00 0.1667E-12      5
   16    0     0      16     16      0  0.21264234E+02  0.00000000E+00 0.1734E-12      5
   17    0     0      17     17      0  0.22521564E+02  0.00000000E+00 0.1185E-13      5
   18    0     0      18     18      0  0.23777400E+02  0.00000000E+00 0.1310E-12      5
   19    0     0      19     19      0  0.25037524E+02  0.00000000E+00 0.1965E-12      5
   20    0     0      20     20      0  0.26307361E+02  0.00000000E+00 0.4486E-13      5
  Time elapsed :      0.746 s

Mode Search
-----------

Mode parameters
   l : 1
   m : 0

Building frequency grid (REAL axis)
   added scan interval :  0.2782E+00 ->  0.8711E+01 (1000 points, INVERSE)
   added scan interval :  0.8711E+01 ->  0.3315E+02 (1000 points, LINEAR)

Building spatial grid
   Scaffold grid from model
   Split 0 subinterval(s) in iteration 1
   Final grid has 1 segment(s) and 7147 point(s):
      Segment 1 : x range 0.0000 -> 1.0011 (1 -> 7147)

Starting search (adiabatic)

Scanning frequencies
  Time elapsed :     1.268 s

Finding roots
  Time elapsed :      0.130 s

Processing modes
   id    l     m    n_pg    n_p    n_g       Re(omega)       Im(omega)        chi n_iter
   32    1     0     -20      0     20  0.36610161E+00  0.00000000E+00 0.1590E-12      6
   33    1     0     -19      0     19  0.38762023E+00  0.00000000E+00 0.4204E-13      6
   34    1     0     -18      0     18  0.40529001E+00  0.00000000E+00 0.9666E-13      5
   35    1     0     -17      0     17  0.42196398E+00  0.00000000E+00 0.6869E-13      6
   36    1     0     -16      0     16  0.45003104E+00  0.00000000E+00 0.9126E-13      5
   37    1     0     -15      0     15  0.48416302E+00  0.00000000E+00 0.2482E-13      5
   38    1     0     -14      0     14  0.52024169E+00  0.00000000E+00 0.7480E-13      6
   39    1     0     -13      0     13  0.54588591E+00  0.00000000E+00 0.7087E-14      5
   40    1     0     -12      0     12  0.58513430E+00  0.00000000E+00 0.1051E-12      6
   41    1     0     -11      0     11  0.64421313E+00  0.00000000E+00 0.8852E-13      6
   42    1     0     -10      0     10  0.71742257E+00  0.00000000E+00 0.2502E-13      6
   43    1     0      -9      0      9  0.78696870E+00  0.00000000E+00 0.7739E-13      5
   44    1     0      -8      0      8  0.84873738E+00  0.00000000E+00 0.3606E-13      6
   45    1     0      -7      0      7  0.97388818E+00  0.00000000E+00 0.3947E-13      6
   46    1     0      -6      0      6  0.11572345E+01  0.00000000E+00 0.4311E-13      5
   47    1     0      -5      0      5  0.14034543E+01  0.00000000E+00 0.4242E-14      6
   48    1     0      -4      0      4  0.16204875E+01  0.00000000E+00 0.8610E-13      6
   49    1     0      -3      0      3  0.19567854E+01  0.00000000E+00 0.2024E-13      7
   50    1     0      -2      0      2  0.27681759E+01  0.00000000E+00 0.2367E-13      7
   51    1     0      -1      0      1  0.36363017E+01  0.00000000E+00 0.1667E-14      5
   52    1     0       1      1      1  0.46904235E+01  0.00000000E+00 0.9020E-14      7
   53    1     0       2      2      1  0.54765456E+01  0.00000000E+00 0.3808E-13      8
   54    1     0       3      3      1  0.59819894E+01  0.00000000E+00 0.4247E-14      6
   55    1     0       4      3      0  0.71254865E+01  0.00000000E+00 0.1448E-13      6
   56    1     0       5      4      0  0.83177005E+01  0.00000000E+00 0.7940E-14      6
   57    1     0       6      5      0  0.94765302E+01  0.00000000E+00 0.4454E-13      6
   58    1     0       7      6      0  0.10630891E+02  0.00000000E+00 0.2377E-13      5
   59    1     0       8      7      0  0.11812333E+02  0.00000000E+00 0.2180E-13      5
   60    1     0       9      8      0  0.13019934E+02  0.00000000E+00 0.8910E-13      5
   61    1     0      10      9      0  0.14249931E+02  0.00000000E+00 0.2011E-12      5
   62    1     0      11     10      0  0.15500371E+02  0.00000000E+00 0.6485E-13      5
   63    1     0      12     11      0  0.16765007E+02  0.00000000E+00 0.1427E-12      5
   64    1     0      13     12      0  0.18034770E+02  0.00000000E+00 0.1170E-12      5
   65    1     0      14     13      0  0.19303257E+02  0.00000000E+00 0.1491E-12      5
   66    1     0      15     14      0  0.20567884E+02  0.00000000E+00 0.3774E-12      5
   67    1     0      16     15      0  0.21827992E+02  0.00000000E+00 0.3593E-12      5
   68    1     0      17     16      0  0.23085189E+02  0.00000000E+00 0.2539E-12      5
   69    1     0      18     17      0  0.24344523E+02  0.00000000E+00 0.7902E-13      5
   70    1     0      19     18      0  0.25611375E+02  0.00000000E+00 0.2648E-12      5
   71    1     0      20     19      0  0.26889911E+02  0.00000000E+00 0.1782E-12      5
  Time elapsed :      1.404 s

Mode Search
-----------

Mode parameters
   l : 2
   m : 0

Building frequency grid (REAL axis)
   added scan interval :  0.2782E+00 ->  0.8711E+01 (1000 points, INVERSE)
   added scan interval :  0.8711E+01 ->  0.3315E+02 (1000 points, LINEAR)

Building spatial grid
   Scaffold grid from model
   Split 0 subinterval(s) in iteration 1
   Final grid has 1 segment(s) and 7147 point(s):
      Segment 1 : x range 0.0000 -> 1.0011 (1 -> 7147)

Starting search (adiabatic)

Scanning frequencies
  Time elapsed :     1.244 s

Finding roots
  Time elapsed :      0.181 s

Processing modes
   id    l     m    n_pg    n_p    n_g       Re(omega)       Im(omega)        chi n_iter
  103    2     0     -20      0     20  0.63136024E+00  0.00000000E+00 0.1202E-13      5
  104    2     0     -19      0     19  0.66830571E+00  0.00000000E+00 0.2626E-13      6
  105    2     0     -18      0     18  0.69922787E+00  0.00000000E+00 0.1169E-13      6
  106    2     0     -17      0     17  0.72719065E+00  0.00000000E+00 0.6483E-13      6
  107    2     0     -16      0     16  0.77469496E+00  0.00000000E+00 0.1308E-12      6
  108    2     0     -15      0     15  0.83277732E+00  0.00000000E+00 0.9241E-14      6
  109    2     0     -14      0     14  0.89495627E+00  0.00000000E+00 0.7259E-14      6
  110    2     0     -13      0     13  0.93969105E+00  0.00000000E+00 0.1185E-12      6
  111    2     0     -12      0     12  0.10041060E+01  0.00000000E+00 0.2329E-13      6
  112    2     0     -11      0     11  0.11034564E+01  0.00000000E+00 0.2330E-13      6
  113    2     0     -10      0     10  0.12271987E+01  0.00000000E+00 0.3435E-13      6
  114    2     0      -9      0      9  0.13492068E+01  0.00000000E+00 0.4194E-13      6
  115    2     0      -8      0      8  0.14491471E+01  0.00000000E+00 0.5449E-13      7
  116    2     0      -7      0      7  0.16527049E+01  0.00000000E+00 0.1834E-13      6
  117    2     0      -6      0      6  0.19513219E+01  0.00000000E+00 0.4332E-13      6
  118    2     0      -5      0      5  0.23481621E+01  0.00000000E+00 0.9018E-14      6
  119    2     0      -4      0      4  0.27093365E+01  0.00000000E+00 0.1387E-13      6
  120    2     0      -3      0      3  0.31043805E+01  0.00000000E+00 0.7247E-14      7
  121    2     0      -2      0      2  0.36249538E+01  0.00000000E+00 0.9241E-14      6
  122    2     0      -1      1      2  0.42172642E+01  0.00000000E+00 0.9990E-14      6
  123    2     0       0      1      1  0.49379900E+01  0.00000000E+00 0.1512E-13      6
  124    2     0       1      2      1  0.56907789E+01  0.00000000E+00 0.1971E-13      6
  125    2     0       2      3      1  0.66115758E+01  0.00000000E+00 0.4383E-14      7
  126    2     0       3      4      1  0.77070710E+01  0.00000000E+00 0.3052E-14      7
  127    2     0       4      5      1  0.88287570E+01  0.00000000E+00 0.1109E-12      6
  128    2     0       5      5      0  0.93368763E+01  0.00000000E+00 0.1119E-12      7
  129    2     0       6      6      0  0.10035078E+02  0.00000000E+00 0.4768E-13      6
  130    2     0       7      7      0  0.11185235E+02  0.00000000E+00 0.1195E-12      6
  131    2     0       8      8      0  0.12377937E+02  0.00000000E+00 0.4849E-13      5
  132    2     0       9      9      0  0.13597243E+02  0.00000000E+00 0.4422E-13      5
  133    2     0      10     10      0  0.14838673E+02  0.00000000E+00 0.2554E-13      5
  134    2     0      11     11      0  0.16098896E+02  0.00000000E+00 0.2059E-12      5
  135    2     0      12     12      0  0.17368317E+02  0.00000000E+00 0.6753E-13      5
  136    2     0      13     13      0  0.18639073E+02  0.00000000E+00 0.1644E-12      5
  137    2     0      14     14      0  0.19906026E+02  0.00000000E+00 0.4640E-13      6
  138    2     0      15     15      0  0.21168162E+02  0.00000000E+00 0.2090E-12      5
  139    2     0      16     16      0  0.22425932E+02  0.00000000E+00 0.3760E-12      5
  140    2     0      17     17      0  0.23682000E+02  0.00000000E+00 0.3123E-12      5
  141    2     0      18     18      0  0.24942359E+02  0.00000000E+00 0.1732E-12      5
  142    2     0      19     19      0  0.26212556E+02  0.00000000E+00 0.3089E-13      5
  143    2     0      20     20      0  0.27494599E+02  0.00000000E+00 0.1229E-12      5
  Time elapsed :      1.588 s

Mode Search
-----------

Mode parameters
   l : 3
   m : 0

Building frequency grid (REAL axis)
   added scan interval :  0.2782E+00 ->  0.8711E+01 (1000 points, INVERSE)
   added scan interval :  0.8711E+01 ->  0.3315E+02 (1000 points, LINEAR)

Building spatial grid
   Scaffold grid from model
   Split 0 subinterval(s) in iteration 1
   Final grid has 1 segment(s) and 7147 point(s):
      Segment 1 : x range 0.0000 -> 1.0011 (1 -> 7147)

Starting search (adiabatic)

Scanning frequencies
  Time elapsed :     1.210 s

Finding roots
  Time elapsed :      0.227 s

Processing modes
   id    l     m    n_pg    n_p    n_g       Re(omega)       Im(omega)        chi n_iter
  195    3     0     -20      0     20  0.88717898E+00  0.00000000E+00 0.8135E-13      6
  196    3     0     -19      0     19  0.93878771E+00  0.00000000E+00 0.6957E-13      6
  197    3     0     -18      0     18  0.98360936E+00  0.00000000E+00 0.3990E-13      6
  198    3     0     -17      0     17  0.10211059E+01  0.00000000E+00 0.5562E-13      6
  199    3     0     -16      0     16  0.10856523E+01  0.00000000E+00 0.3594E-13      6
  200    3     0     -15      0     15  0.11655822E+01  0.00000000E+00 0.7325E-14      6
  201    3     0     -14      0     14  0.12528067E+01  0.00000000E+00 0.5396E-13      6
  202    3     0     -13      0     13  0.13179413E+01  0.00000000E+00 0.8637E-14      6
  203    3     0     -12      0     12  0.14009910E+01  0.00000000E+00 0.1130E-14      6
  204    3     0     -11      0     11  0.15351462E+01  0.00000000E+00 0.2557E-13      6
  205    3     0     -10      0     10  0.17038217E+01  0.00000000E+00 0.4325E-14      6
  206    3     0      -9      0      9  0.18800092E+01  0.00000000E+00 0.2000E-13      6
  207    3     0      -8      0      8  0.20101501E+01  0.00000000E+00 0.1080E-13      6
  208    3     0      -7      0      7  0.22693522E+01  0.00000000E+00 0.1390E-13      6
  209    3     0      -6      0      6  0.26528372E+01  0.00000000E+00 0.1700E-13      6
  210    3     0      -5      0      5  0.31221297E+01  0.00000000E+00 0.1618E-14      6
  211    3     0      -4      0      4  0.34697631E+01  0.00000000E+00 0.2568E-14      7
  212    3     0      -3      0      3  0.37880336E+01  0.00000000E+00 0.4933E-14      6
  213    3     0      -2      1      3  0.42515239E+01  0.00000000E+00 0.1577E-13      7
  214    3     0      -1      1      2  0.46431102E+01  0.00000000E+00 0.1202E-13      7
  215    3     0       0      2      2  0.55563871E+01  0.00000000E+00 0.1641E-13      7
  216    3     0       1      2      1  0.60756667E+01  0.00000000E+00 0.3004E-15      7
  217    3     0       2      3      1  0.69231184E+01  0.00000000E+00 0.1683E-13      7
  218    3     0       3      4      1  0.80937991E+01  0.00000000E+00 0.1022E-13      7
  219    3     0       4      5      1  0.92585461E+01  0.00000000E+00 0.4519E-13      6
  220    3     0       5      6      1  0.10416753E+02  0.00000000E+00 0.6840E-13      6
  221    3     0       6      6      0  0.11222071E+02  0.00000000E+00 0.4670E-14      6
  222    3     0       7      7      0  0.11618042E+02  0.00000000E+00 0.2622E-13      6
  223    3     0       8      8      0  0.12823755E+02  0.00000000E+00 0.1531E-12      6
  224    3     0       9      9      0  0.14057983E+02  0.00000000E+00 0.1115E-12      6
  225    3     0      10     10      0  0.15312644E+02  0.00000000E+00 0.6051E-13      5
  226    3     0      11     11      0  0.16582313E+02  0.00000000E+00 0.5119E-13      5
  227    3     0      12     12      0  0.17857399E+02  0.00000000E+00 0.1915E-12      5
  228    3     0      13     13      0  0.19131165E+02  0.00000000E+00 0.1324E-12      5
  229    3     0      14     14      0  0.20400377E+02  0.00000000E+00 0.1578E-12      6
  230    3     0      15     15      0  0.21664393E+02  0.00000000E+00 0.1178E-12      5
  231    3     0      16     16      0  0.22924710E+02  0.00000000E+00 0.4248E-13      5
  232    3     0      17     17      0  0.24185842E+02  0.00000000E+00 0.3280E-12      5
  233    3     0      18     18      0  0.25453370E+02  0.00000000E+00 0.2394E-12      5
  234    3     0      19     19      0  0.26732087E+02  0.00000000E+00 0.2134E-12      5
  235    3     0      20     20      0  0.28022501E+02  0.00000000E+00 0.7282E-13      5
  Time elapsed :      1.644 s

gyre [9.1.1]
------------

OpenMP Threads   : 16
Input filename   : gyre_nad.in

Model Init
----------

Reading from MESA file
   File name ../mesa/LOGS/profile255.data.GYRE
   File version 1.01
   Read 7147 points
   No need to add central point

Mode Search
-----------

Mode parameters
   l : 0
   m : 0

Building frequency grid (REAL axis)
   added scan interval :  0.2782E+00 ->  0.8711E+01 (1000 points, INVERSE)
   added scan interval :  0.8711E+01 ->  0.3315E+02 (1000 points, LINEAR)

Building spatial grid
   Scaffold grid from model
   Split 0 subinterval(s) in iteration 1
   Final grid has 1 segment(s) and 7147 point(s):
      Segment 1 : x range 0.0000 -> 1.0011 (1 -> 7147)

Starting search (adiabatic)

Scanning frequencies
  Time elapsed :     1.246 s

Finding roots
  Time elapsed :      0.074 s

Processing modes
   id    l     m    n_pg    n_p    n_g       Re(omega)       Im(omega)        chi n_iter
    1    0     0       1      1      0  0.35491572E+01  0.00000000E+00 0.4012E-13      9
    2    0     0       2      2      0  0.45815480E+01  0.00000000E+00 0.1841E-13      7
    3    0     0       3      3      0  0.56903546E+01  0.00000000E+00 0.7546E-14      8
    4    0     0       4      4      0  0.68153539E+01  0.00000000E+00 0.1144E-13      7
    5    0     0       5      5      0  0.79418277E+01  0.00000000E+00 0.2808E-13      6
    6    0     0       6      6      0  0.90513919E+01  0.00000000E+00 0.1150E-12      5
    7    0     0       7      7      0  0.10164528E+02  0.00000000E+00 0.2689E-13      5
    8    0     0       8      8      0  0.11309226E+02  0.00000000E+00 0.5582E-14      6
    9    0     0       9      9      0  0.12491528E+02  0.00000000E+00 0.9641E-13      5
   10    0     0      10     10      0  0.13703560E+02  0.00000000E+00 0.3351E-13      6
   11    0     0      11     11      0  0.14940754E+02  0.00000000E+00 0.1814E-12      6
   12    0     0      12     12      0  0.16198584E+02  0.00000000E+00 0.1520E-13      5
   13    0     0      13     13      0  0.17466529E+02  0.00000000E+00 0.2662E-12      5
   14    0     0      14     14      0  0.18736328E+02  0.00000000E+00 0.3623E-12      7
   15    0     0      15     15      0  0.20002673E+02  0.00000000E+00 0.3172E-12      6
   16    0     0      16     16      0  0.21264289E+02  0.00000000E+00 0.5688E-12      6
   17    0     0      17     17      0  0.22521627E+02  0.00000000E+00 0.9953E-13      5
   18    0     0      18     18      0  0.23777468E+02  0.00000000E+00 0.2413E-12      5
   19    0     0      19     19      0  0.25037593E+02  0.00000000E+00 0.4352E-13      6
   20    0     0      20     20      0  0.26307429E+02  0.00000000E+00 0.2526E-12      5
  Time elapsed :      0.044 s

Starting search (non-adiabatic)

Finding roots
  Time elapsed :     23.800 s

Processing modes
   id    l     m    n_pg    n_p    n_g       Re(omega)       Im(omega)        chi n_iter
    1    0     0       1      1      0  0.35491643E+01  0.42155970E-06 0.1374E-07     10
    2    0     0       2      2      0  0.45815826E+01  0.99156505E-05 0.1404E-08      6
    3    0     0       3      3      0  0.56904351E+01  0.73623305E-04 0.3620E-09      5
    4    0     0       4      4      0  0.68153688E+01  0.33242561E-03 0.3307E-09      6
    5    0     0       5      5      0  0.79411159E+01  0.11258176E-02 0.2207E-09      8
    6    0     0       6      6      0  0.90477248E+01  0.28726131E-02 0.2612E-10      9
    7    0     0       7      7      0  0.10153943E+02  0.45952355E-02 0.2432E-10     11
    8    0     0       8      8      0  0.11288387E+02  0.36765051E-02 0.6786E-11     10
    9    0     0       9      9      0  0.12459024E+02 -0.15297461E-02 0.3357E-11     10
   10    0     0      10     10      0  0.13660143E+02 -0.10851424E-01 0.5090E-12     10
   11    0     0      11     11      0  0.14888344E+02 -0.22815719E-01 0.3141E-11      9
   12    0     0      12     12      0  0.16138259E+02 -0.36234467E-01 0.2564E-11      9
   13    0     0      13     13      0  0.17398144E+02 -0.50410790E-01 0.6848E-12      8
   14    0     0      14     14      0  0.18659466E+02 -0.64140747E-01 0.4343E-11      7
   15    0     0      15     15      0  0.19917470E+02 -0.75645184E-01 0.1687E-12     11
   16    0     0      16     16      0  0.21171374E+02 -0.83931532E-01 0.7131E-11     10
   17    0     0      17     17      0  0.22421617E+02 -0.89561106E-01 0.1580E-11      8
   18    0     0      18     18      0  0.23670148E+02 -0.94653927E-01 0.2767E-11     11
   19    0     0      19     19      0  0.24920406E+02 -0.10258606E+00 0.3974E-11      8
   20    0     0      20     20      0  0.26174618E+02 -0.11626340E+00 0.2602E-11     13
  Time elapsed :      1.425 s

Mode Search
-----------

Mode parameters
   l : 1
   m : 0

Building frequency grid (REAL axis)
   added scan interval :  0.2782E+00 ->  0.8711E+01 (1000 points, INVERSE)
   added scan interval :  0.8711E+01 ->  0.3315E+02 (1000 points, LINEAR)

Building spatial grid
   Scaffold grid from model
   Split 0 subinterval(s) in iteration 1
   Final grid has 1 segment(s) and 7147 point(s):
      Segment 1 : x range 0.0000 -> 1.0011 (1 -> 7147)

Starting search (adiabatic)

Scanning frequencies
  Time elapsed :    23.493 s

Finding roots
  Time elapsed :      3.685 s

Processing modes
   id    l     m    n_pg    n_p    n_g       Re(omega)       Im(omega)        chi n_iter
   32    1     0     -20      0     20  0.36610166E+00  0.00000000E+00 0.8718E-13      5
   33    1     0     -19      0     19  0.38762010E+00  0.00000000E+00 0.1373E-12      6
   34    1     0     -18      0     18  0.40529208E+00  0.00000000E+00 0.1292E-12      5
   35    1     0     -17      0     17  0.42196575E+00  0.00000000E+00 0.7214E-14      6
   36    1     0     -16      0     16  0.45003149E+00  0.00000000E+00 0.1168E-12      5
   37    1     0     -15      0     15  0.48416294E+00  0.00000000E+00 0.5881E-13      5
   38    1     0     -14      0     14  0.52024169E+00  0.00000000E+00 0.8005E-13      5
   39    1     0     -13      0     13  0.54588779E+00  0.00000000E+00 0.3570E-13      5
   40    1     0     -12      0     12  0.58513506E+00  0.00000000E+00 0.2546E-13      8
   41    1     0     -11      0     11  0.64421328E+00  0.00000000E+00 0.1383E-12      6
   42    1     0     -10      0     10  0.71742238E+00  0.00000000E+00 0.1697E-12      6
   43    1     0      -9      0      9  0.78697027E+00  0.00000000E+00 0.6353E-15      5
   44    1     0      -8      0      8  0.84873920E+00  0.00000000E+00 0.1096E-12      6
   45    1     0      -7      0      7  0.97388853E+00  0.00000000E+00 0.9166E-13      7
   46    1     0      -6      0      6  0.11572341E+01  0.00000000E+00 0.3595E-13     10
   47    1     0      -5      0      5  0.14034530E+01  0.00000000E+00 0.1028E-12      7
   48    1     0      -4      0      4  0.16204867E+01  0.00000000E+00 0.1182E-13      7
   49    1     0      -3      0      3  0.19567860E+01  0.00000000E+00 0.5674E-13      6
   50    1     0      -2      0      2  0.27681766E+01  0.00000000E+00 0.2198E-12     10
   51    1     0      -1      0      1  0.36363019E+01  0.00000000E+00 0.5712E-13      5
   52    1     0       1      1      1  0.46904236E+01  0.00000000E+00 0.3259E-14      7
   53    1     0       2      2      1  0.54765486E+01  0.00000000E+00 0.1637E-12     15
   54    1     0       3      3      1  0.59819895E+01  0.00000000E+00 0.1087E-13      6
   55    1     0       4      3      0  0.71254864E+01  0.00000000E+00 0.3609E-14      6
   56    1     0       5      4      0  0.83177006E+01  0.00000000E+00 0.1098E-14      6
   57    1     0       6      5      0  0.94765324E+01  0.00000000E+00 0.1414E-12      6
   58    1     0       7      6      0  0.10630896E+02  0.00000000E+00 0.9740E-13      8
   59    1     0       8      7      0  0.11812341E+02  0.00000000E+00 0.3900E-12      6
   60    1     0       9      8      0  0.13019944E+02  0.00000000E+00 0.2234E-12     10
   61    1     0      10      9      0  0.14249943E+02  0.00000000E+00 0.1144E-12      6
   62    1     0      11     10      0  0.15500385E+02  0.00000000E+00 0.8882E-13      8
   63    1     0      12     11      0  0.16765025E+02  0.00000000E+00 0.5288E-12      5
   64    1     0      13     12      0  0.18034793E+02  0.00000000E+00 0.1823E-12      5
   65    1     0      14     13      0  0.19303283E+02  0.00000000E+00 0.9135E-13      5
   66    1     0      15     14      0  0.20567915E+02  0.00000000E+00 0.6500E-12      5
   67    1     0      16     15      0  0.21828027E+02  0.00000000E+00 0.1067E-12      7
   68    1     0      17     16      0  0.23085227E+02  0.00000000E+00 0.1085E-14      5
   69    1     0      18     17      0  0.24344563E+02  0.00000000E+00 0.1119E-12      5
   70    1     0      19     18      0  0.25611416E+02  0.00000000E+00 0.3796E-13      7
   71    1     0      20     19      0  0.26889950E+02  0.00000000E+00 0.1949E-12      5
  Time elapsed :      0.955 s

Starting search (non-adiabatic)

Finding roots
  Time elapsed :     42.317 s

Processing modes
   id    l     m    n_pg    n_p    n_g       Re(omega)       Im(omega)        chi n_iter
   32    1     0     -20      0     20  0.36610166E+00 -0.43352122E-07 0.1539E-07      5
   33    1     0     -19      0     19  0.38762010E+00 -0.31698316E-07 0.1751E-07      7
   34    1     0     -18      0     18  0.40529208E+00 -0.20410958E-07 0.3505E-07      4
   35    1     0     -17      0     17  0.42196575E+00 -0.21887146E-07 0.1764E-07      4
   36    1     0     -16      0     16  0.45003149E+00 -0.19204043E-07 0.1709E-07      6
   37    1     0     -15      0     15  0.48416294E+00 -0.15274789E-07 0.3893E-07      4
   38    1     0     -14      0     14  0.52024169E+00 -0.11315796E-07 0.7369E-07      6
   39    1     0     -13      0     13  0.54588779E+00 -0.91060727E-08 0.1967E-06      4
   40    1     0     -12      0     12  0.58513506E+00 -0.88106835E-08 0.1328E-06      4
   41    1     0     -11      0     11  0.64421328E+00 -0.69665648E-08 0.5128E-07      5
   42    1     0     -10      0     10  0.71742238E+00 -0.52401265E-08 0.1312E-06      4
   43    1     0      -9      0      9  0.78697027E+00 -0.38187447E-08 0.2012E-06      5
   44    1     0      -8      0      8  0.84873920E+00 -0.34216891E-08 0.2504E-07      4
   45    1     0      -7      0      7  0.97388853E+00 -0.26074824E-08 0.1771E-06      5
   46    1     0      -6      0      6  0.11572341E+01 -0.17996421E-08 0.7328E-07      5
   47    1     0      -5      0      5  0.14034530E+01 -0.12038539E-08 0.2705E-06      5
   48    1     0      -4      0      4  0.16204867E+01 -0.88376567E-09 0.4130E-06      6
   49    1     0      -3      0      3  0.19567860E+01 -0.74656445E-09 0.7040E-06      5
   50    1     0      -2      0      2  0.27681766E+01 -0.60002092E-09 0.1955E-05      6
   51    1     0      -1      0      1  0.36363054E+01  0.62747282E-06 0.1649E-08      6
   52    1     0       1      1      1  0.46904467E+01  0.12314788E-04 0.1577E-08      7
   53    1     0       2      2      1  0.54765601E+01  0.13544161E-04 0.9173E-08      7
   54    1     0       3      3      1  0.59820311E+01  0.10193691E-03 0.2542E-09      6
   55    1     0       4      3      0  0.71253332E+01  0.50167399E-03 0.1077E-09      7
   56    1     0       5      4      0  0.83161741E+01  0.16995219E-02 0.1156E-09      8
   57    1     0       6      5      0  0.94703967E+01  0.37950888E-02 0.7464E-11      7
   58    1     0       7      6      0  0.10615963E+02  0.47738068E-02 0.2128E-10     10
   59    1     0       8      7      0  0.11786100E+02  0.20279743E-02 0.1610E-10     12
   60    1     0       9      8      0  0.12982069E+02 -0.52173132E-02 0.2341E-10      7
   61    1     0      10      9      0  0.14202003E+02 -0.15989112E-01 0.1857E-10      9
   62    1     0      11     10      0  0.15444207E+02 -0.28700918E-01 0.8657E-11     10
   63    1     0      12     11      0  0.16701001E+02 -0.42552664E-01 0.2440E-10      8
   64    1     0      13     12      0  0.17962537E+02 -0.56699098E-01 0.7994E-11      9
   65    1     0      14     13      0  0.19222499E+02 -0.69659474E-01 0.4751E-11      7
   66    1     0      15     14      0  0.20479007E+02 -0.79785890E-01 0.5492E-11     10
   67    1     0      16     15      0  0.21731698E+02 -0.86736145E-01 0.1145E-10      9
   68    1     0      17     16      0  0.22981793E+02 -0.91844046E-01 0.1789E-10     10
   69    1     0      18     17      0  0.24232912E+02 -0.97882451E-01 0.5183E-11      7
   70    1     0      19     18      0  0.25487651E+02 -0.10818736E+00 0.9575E-11      9
   71    1     0      20     19      0  0.26746446E+02 -0.12522003E+00 0.2066E-10     10
  Time elapsed :      2.334 s

Mode Search
-----------

Mode parameters
   l : 2
   m : 0

Building frequency grid (REAL axis)
   added scan interval :  0.2782E+00 ->  0.8711E+01 (1000 points, INVERSE)
   added scan interval :  0.8711E+01 ->  0.3315E+02 (1000 points, LINEAR)

Building spatial grid
   Scaffold grid from model
   Split 0 subinterval(s) in iteration 1
   Final grid has 1 segment(s) and 7147 point(s):
      Segment 1 : x range 0.0000 -> 1.0011 (1 -> 7147)

Starting search (adiabatic)

Scanning frequencies
  Time elapsed :    23.061 s

Finding roots
  Time elapsed :      4.362 s

Processing modes
   id    l     m    n_pg    n_p    n_g       Re(omega)       Im(omega)        chi n_iter
  103    2     0     -20      0     20  0.63136035E+00  0.00000000E+00 0.5576E-13      6
  104    2     0     -19      0     19  0.66830545E+00  0.00000000E+00 0.4194E-13      6
  105    2     0     -18      0     18  0.69923120E+00  0.00000000E+00 0.7192E-13      6
  106    2     0     -17      0     17  0.72719383E+00  0.00000000E+00 0.1135E-12      6
  107    2     0     -16      0     16  0.77469578E+00  0.00000000E+00 0.9631E-13      6
  108    2     0     -15      0     15  0.83277719E+00  0.00000000E+00 0.3412E-13      6
  109    2     0     -14      0     14  0.89495609E+00  0.00000000E+00 0.1083E-12      6
  110    2     0     -13      0     13  0.93969413E+00  0.00000000E+00 0.1018E-12      6
  111    2     0     -12      0     12  0.10041074E+01  0.00000000E+00 0.8144E-13      6
  112    2     0     -11      0     11  0.11034567E+01  0.00000000E+00 0.4638E-13      7
  113    2     0     -10      0     10  0.12271983E+01  0.00000000E+00 0.1015E-13      6
  114    2     0      -9      0      9  0.13492090E+01  0.00000000E+00 0.8454E-13      6
  115    2     0      -8      0      8  0.14491504E+01  0.00000000E+00 0.1832E-13      6
  116    2     0      -7      0      7  0.16527055E+01  0.00000000E+00 0.7997E-13      7
  117    2     0      -6      0      6  0.19513212E+01  0.00000000E+00 0.5138E-13      9
  118    2     0      -5      0      5  0.23481601E+01  0.00000000E+00 0.2213E-13      6
  119    2     0      -4      0      4  0.27093344E+01  0.00000000E+00 0.2168E-13      6
  120    2     0      -3      0      3  0.31043811E+01  0.00000000E+00 0.1078E-12      8
  121    2     0      -2      0      2  0.36249539E+01  0.00000000E+00 0.2517E-13      7
  122    2     0      -1      1      2  0.42172641E+01  0.00000000E+00 0.1047E-14      7
  123    2     0       0      1      1  0.49379899E+01  0.00000000E+00 0.4654E-13      6
  124    2     0       1      2      1  0.56907784E+01  0.00000000E+00 0.3519E-13      6
  125    2     0       2      3      1  0.66115760E+01  0.00000000E+00 0.8918E-14      7
  126    2     0       3      4      1  0.77070717E+01  0.00000000E+00 0.1814E-13      7
  127    2     0       4      5      1  0.88287579E+01  0.00000000E+00 0.1384E-13      6
  128    2     0       5      5      0  0.93368743E+01  0.00000000E+00 0.6162E-12      7
  129    2     0       6      6      0  0.10035081E+02  0.00000000E+00 0.4398E-13      7
  130    2     0       7      7      0  0.11185241E+02  0.00000000E+00 0.5241E-13      6
  131    2     0       8      8      0  0.12377945E+02  0.00000000E+00 0.1840E-12      7
  132    2     0       9      9      0  0.13597254E+02  0.00000000E+00 0.4389E-13      5
  133    2     0      10     10      0  0.14838686E+02  0.00000000E+00 0.4396E-12      5
  134    2     0      11     11      0  0.16098912E+02  0.00000000E+00 0.2146E-12      5
  135    2     0      12     12      0  0.17368336E+02  0.00000000E+00 0.2055E-12      5
  136    2     0      13     13      0  0.18639095E+02  0.00000000E+00 0.1128E-12      5
  137    2     0      14     14      0  0.19906053E+02  0.00000000E+00 0.2817E-12      5
  138    2     0      15     15      0  0.21168195E+02  0.00000000E+00 0.9915E-13      5
  139    2     0      16     16      0  0.22425970E+02  0.00000000E+00 0.8340E-12      5
  140    2     0      17     17      0  0.23682040E+02  0.00000000E+00 0.1757E-12      5
  141    2     0      18     18      0  0.24942398E+02  0.00000000E+00 0.3241E-12      5
  142    2     0      19     19      0  0.26212592E+02  0.00000000E+00 0.2989E-12      5
  143    2     0      20     20      0  0.27494635E+02  0.00000000E+00 0.2013E-13      5
  Time elapsed :      0.971 s

Starting search (non-adiabatic)

Finding roots
  Time elapsed :     46.677 s

Processing modes
   id    l     m    n_pg    n_p    n_g       Re(omega)       Im(omega)        chi n_iter
  103    2     0     -20      0     20  0.63136036E+00 -0.46249878E-07 0.3149E-07      6
  104    2     0     -19      0     19  0.66830545E+00 -0.33806589E-07 0.1358E-07      5
  105    2     0     -18      0     18  0.69923120E+00 -0.21508710E-07 0.2844E-07      5
  106    2     0     -17      0     17  0.72719383E+00 -0.22878997E-07 0.2444E-07      5
  107    2     0     -16      0     16  0.77469578E+00 -0.20326290E-07 0.3358E-07      6
  108    2     0     -15      0     15  0.83277719E+00 -0.16198400E-07 0.7263E-07      5
  109    2     0     -14      0     14  0.89495609E+00 -0.12056994E-07 0.3728E-07      5
  110    2     0     -13      0     13  0.93969413E+00 -0.94096261E-08 0.5127E-07      4
  111    2     0     -12      0     12  0.10041074E+01 -0.92783941E-08 0.6389E-07      5
  112    2     0     -11      0     11  0.11034567E+01 -0.73920501E-08 0.8650E-07      6
  113    2     0     -10      0     10  0.12271983E+01 -0.55968632E-08 0.1518E-06      6
  114    2     0      -9      0      9  0.13492090E+01 -0.40551919E-08 0.5808E-07      4
  115    2     0      -8      0      8  0.14491504E+01 -0.36455503E-08 0.3989E-07      5
  116    2     0      -7      0      7  0.16527055E+01 -0.28995012E-08 0.1222E-06      8
  117    2     0      -6      0      6  0.19513212E+01 -0.21442575E-08 0.2271E-06      4
  118    2     0      -5      0      5  0.23481601E+01 -0.17125056E-08 0.2209E-06      5
  119    2     0      -4      0      4  0.27093344E+01 -0.11946863E-08 0.3301E-06      4
  120    2     0      -3      0      3  0.31043812E+01  0.69663395E-08 0.9844E-07      9
  121    2     0      -2      0      2  0.36249560E+01  0.37325924E-06 0.2418E-07      8
  122    2     0      -1      1      2  0.42172712E+01  0.24497072E-05 0.5868E-07      9
  123    2     0       0      1      1  0.49380104E+01  0.13830819E-04 0.1905E-08      5
  124    2     0       1      2      1  0.56908122E+01  0.52078573E-04 0.1067E-08      8
  125    2     0       2      3      1  0.66115717E+01  0.23662351E-03 0.1623E-08      8
  126    2     0       3      4      1  0.77065393E+01  0.89227389E-03 0.8169E-09     11
  127    2     0       4      5      1  0.88259734E+01  0.23692207E-02 0.1893E-09      7
  128    2     0       5      5      0  0.93362076E+01  0.44136160E-03 0.9733E-09      9
  129    2     0       6      6      0  0.10025481E+02  0.44361962E-02 0.1585E-09      8
  130    2     0       7      7      0  0.11165243E+02  0.40151215E-02 0.3740E-10      7
  131    2     0       8      8      0  0.12346132E+02 -0.84576087E-03 0.4484E-10     10
  132    2     0       9      9      0  0.13554328E+02 -0.99678137E-02 0.4022E-10     12
  133    2     0      10     10      0  0.14786627E+02 -0.21851200E-01 0.1553E-10      8
  134    2     0      11     11      0  0.16038960E+02 -0.35206366E-01 0.2171E-10     10
  135    2     0      12     12      0  0.17300397E+02 -0.49358196E-01 0.1123E-10      8
  136    2     0      13     13      0  0.18562735E+02 -0.63166844E-01 0.3024E-11      8
  137    2     0      14     14      0  0.19821329E+02 -0.74887184E-01 0.8970E-11     11
  138    2     0      15     15      0  0.21075699E+02 -0.83423599E-01 0.2008E-11      8
  139    2     0      16     16      0  0.22326341E+02 -0.89204545E-01 0.3857E-11      8
  140    2     0      17     17      0  0.23575148E+02 -0.94250151E-01 0.3953E-11      8
  141    2     0      18     18      0  0.24825877E+02 -0.10189691E+00 0.2076E-11      9
  142    2     0      19     19      0  0.26080940E+02 -0.11512210E+00 0.5509E-12     10
  143    2     0      20     20      0  0.27338253E+02 -0.13547956E+00 0.1539E-11     10
  Time elapsed :      2.538 s

Mode Search
-----------

Mode parameters
   l : 3
   m : 0

Building frequency grid (REAL axis)
   added scan interval :  0.2782E+00 ->  0.8711E+01 (1000 points, INVERSE)
   added scan interval :  0.8711E+01 ->  0.3315E+02 (1000 points, LINEAR)

Building spatial grid
   Scaffold grid from model
   Split 0 subinterval(s) in iteration 1
   Final grid has 1 segment(s) and 7147 point(s):
      Segment 1 : x range 0.0000 -> 1.0011 (1 -> 7147)

Starting search (adiabatic)

Scanning frequencies
  Time elapsed :    22.726 s

Finding roots
  Time elapsed :      5.277 s

Processing modes
   id    l     m    n_pg    n_p    n_g       Re(omega)       Im(omega)        chi n_iter
  195    3     0     -20      0     20  0.88717920E+00  0.00000000E+00 0.8566E-13      6
  196    3     0     -19      0     19  0.93878730E+00  0.00000000E+00 0.6638E-13      6
  197    3     0     -18      0     18  0.98361342E+00  0.00000000E+00 0.1522E-13      6
  198    3     0     -17      0     17  0.10211108E+01  0.00000000E+00 0.4020E-13      6
  199    3     0     -16      0     16  0.10856536E+01  0.00000000E+00 0.2550E-13      6
  200    3     0     -15      0     15  0.11655821E+01  0.00000000E+00 0.6765E-13      6
  201    3     0     -14      0     14  0.12528061E+01  0.00000000E+00 0.1370E-13      6
  202    3     0     -13      0     13  0.13179452E+01  0.00000000E+00 0.3455E-13      6
  203    3     0     -12      0     12  0.14009933E+01  0.00000000E+00 0.1018E-13      6
  204    3     0     -11      0     11  0.15351467E+01  0.00000000E+00 0.4689E-13      6
  205    3     0     -10      0     10  0.17038212E+01  0.00000000E+00 0.1048E-12      6
  206    3     0      -9      0      9  0.18800110E+01  0.00000000E+00 0.2090E-13      6
  207    3     0      -8      0      8  0.20101552E+01  0.00000000E+00 0.4303E-13      6
  208    3     0      -7      0      7  0.22693533E+01  0.00000000E+00 0.2898E-13      7
  209    3     0      -6      0      6  0.26528365E+01  0.00000000E+00 0.4502E-13      6
  210    3     0      -5      0      5  0.31221280E+01  0.00000000E+00 0.2092E-14      6
  211    3     0      -4      0      4  0.34697610E+01  0.00000000E+00 0.5367E-13      7
  212    3     0      -3      0      3  0.37880312E+01  0.00000000E+00 0.1535E-13      6
  213    3     0      -2      1      3  0.42515245E+01  0.00000000E+00 0.2707E-13      7
  214    3     0      -1      1      2  0.46431102E+01  0.00000000E+00 0.2378E-13      7
  215    3     0       0      2      2  0.55563871E+01  0.00000000E+00 0.8228E-14      8
  216    3     0       1      2      1  0.60756665E+01  0.00000000E+00 0.6295E-14      7
  217    3     0       2      3      1  0.69231187E+01  0.00000000E+00 0.2387E-14      8
  218    3     0       3      4      1  0.80937998E+01  0.00000000E+00 0.1303E-13      7
  219    3     0       4      5      1  0.92585483E+01  0.00000000E+00 0.5428E-13     10
  220    3     0       5      6      1  0.10416758E+02  0.00000000E+00 0.2118E-12      7
  221    3     0       6      6      0  0.11222066E+02  0.00000000E+00 0.1143E-12      6
  222    3     0       7      7      0  0.11618048E+02  0.00000000E+00 0.1175E-13      7
  223    3     0       8      8      0  0.12823764E+02  0.00000000E+00 0.1105E-12      5
  224    3     0       9      9      0  0.14057995E+02  0.00000000E+00 0.3391E-12      6
  225    3     0      10     10      0  0.15312659E+02  0.00000000E+00 0.3766E-13      5
  226    3     0      11     11      0  0.16582331E+02  0.00000000E+00 0.7055E-12      5
  227    3     0      12     12      0  0.17857420E+02  0.00000000E+00 0.3933E-13      5
  228    3     0      13     13      0  0.19131190E+02  0.00000000E+00 0.1907E-12      6
  229    3     0      14     14      0  0.20400406E+02  0.00000000E+00 0.1785E-12      5
  230    3     0      15     15      0  0.21664426E+02  0.00000000E+00 0.1012E-11      5
  231    3     0      16     16      0  0.22924748E+02  0.00000000E+00 0.3371E-12      5
  232    3     0      17     17      0  0.24185883E+02  0.00000000E+00 0.1223E-12      5
  233    3     0      18     18      0  0.25453410E+02  0.00000000E+00 0.2583E-12      5
  234    3     0      19     19      0  0.26732125E+02  0.00000000E+00 0.1046E-12      5
  235    3     0      20     20      0  0.28022536E+02  0.00000000E+00 0.1247E-12      5
  Time elapsed :      1.511 s

Starting search (non-adiabatic)

Finding roots
  Time elapsed :     46.783 s

Processing modes
   id    l     m    n_pg    n_p    n_g       Re(omega)       Im(omega)        chi n_iter
  195    3     0     -20      0     20  0.88717921E+00 -0.48241954E-07 0.9961E-08      7
  196    3     0     -19      0     19  0.93878731E+00 -0.35830297E-07 0.6768E-07      6
  197    3     0     -18      0     18  0.98361342E+00 -0.22759315E-07 0.3661E-07      5
  198    3     0     -17      0     17  0.10211108E+01 -0.23657750E-07 0.1677E-07      5
  199    3     0     -16      0     16  0.10856536E+01 -0.21766219E-07 0.3606E-07      6
  200    3     0     -15      0     15  0.11655821E+01 -0.17506093E-07 0.9368E-07      4
  201    3     0     -14      0     14  0.12528061E+01 -0.13157953E-07 0.9610E-07      6
  202    3     0     -13      0     13  0.13179452E+01 -0.97209276E-08 0.2682E-06      5
  203    3     0     -12      0     12  0.14009933E+01 -0.98745009E-08 0.1884E-06      5
  204    3     0     -11      0     11  0.15351467E+01 -0.79745676E-08 0.1156E-06      3
  205    3     0     -10      0     10  0.17038212E+01 -0.60733128E-08 0.2355E-07      5
  206    3     0      -9      0      9  0.18800110E+01 -0.43671228E-08 0.2159E-06      6
  207    3     0      -8      0      8  0.20101552E+01 -0.38361076E-08 0.1343E-06      4
  208    3     0      -7      0      7  0.22693533E+01 -0.32143745E-08 0.1313E-06      5
  209    3     0      -6      0      6  0.26528365E+01 -0.21463929E-08 0.3270E-06      8
  210    3     0      -5      0      5  0.31221282E+01  0.12800159E-07 0.7252E-07      7
  211    3     0      -4      0      4  0.34697619E+01  0.14763446E-06 0.8086E-08      7
  212    3     0      -3      0      3  0.37880319E+01  0.16844123E-06 0.1633E-07      5
  213    3     0      -2      1      3  0.42515302E+01  0.20864945E-05 0.5836E-08      8
  214    3     0      -1      1      2  0.46431229E+01  0.65450390E-05 0.8831E-08      7
  215    3     0       0      2      2  0.55564237E+01  0.47216982E-04 0.1367E-08      8
  216    3     0       1      2      1  0.60756821E+01  0.46096661E-04 0.4869E-08      6
  217    3     0       2      3      1  0.69230453E+01  0.37379713E-03 0.9276E-09      7
  218    3     0       3      4      1  0.80927250E+01  0.13671064E-02 0.3506E-10      7
  219    3     0       4      5      1  0.92536160E+01  0.33942154E-02 0.1387E-09      9
  220    3     0       5      6      1  0.10403681E+02  0.48229983E-02 0.2527E-10      8
  221    3     0       6      6      0  0.11221280E+02  0.15544754E-03 0.4202E-10      8
  222    3     0       7      7      0  0.11594203E+02  0.27262392E-02 0.8077E-11     12
  223    3     0       8      8      0  0.12787491E+02 -0.37834071E-02 0.3635E-11      8
  224    3     0       9      9      0  0.14011198E+02 -0.14232560E-01 0.2076E-10      8
  225    3     0      10     10      0  0.15257349E+02 -0.26853501E-01 0.2083E-11     10
  226    3     0      11     11      0  0.16519152E+02 -0.40695422E-01 0.8655E-11     12
  227    3     0      12     12      0  0.17786051E+02 -0.54970554E-01 0.4746E-11      9
  228    3     0      13     13      0  0.19051272E+02 -0.68275083E-01 0.1571E-11     11
  229    3     0      14     14      0  0.20312279E+02 -0.78864106E-01 0.5023E-11      8
  230    3     0      15     15      0  0.21568785E+02 -0.86202343E-01 0.1260E-11      9
  231    3     0      16     16      0  0.22822008E+02 -0.91420057E-01 0.2385E-11     11
  232    3     0      17     17      0  0.24075227E+02 -0.97120608E-01 0.5613E-11     11
  233    3     0      18     18      0  0.25331306E+02 -0.10672901E+00 0.2564E-11      9
  234    3     0      19     19      0  0.26591430E+02 -0.12287763E+00 0.5961E-12      9
  235    3     0      20     20      0  0.27851626E+02 -0.14609358E+00 0.2979E-12      8
  Time elapsed :      2.531 s

=== adiabatic (summary_ad.h5, windows from gyre_ad.in) ===
142 modes total, 4 l values requested

  l  count     n_pg range       freq range (c/d)   gaps
--------------------------------------------------------
  0     20      1 ..   20     10.715 ..   79.426      0
  1     40    -20 ..   20      1.105 ..   81.185      0
  2     41    -20 ..   20      1.906 ..   83.011      0
  3     41    -20 ..   20      2.679 ..   84.605      0

142 detail files, 7147 grid points in detail.l2.n+19.h5
dlnrho/dlnr from (As, V_2, Gamma_1) vs numerical
  median rel err 3.28e-07, 95th pct 8.80e-04

=== nonadiabatic (summary_nad.h5) ===

41 driven modes (gamma < 0) of 142
  driven n_pg range -5 .. 8,  freq 9.37 .. 35.58 c/d
  mostly p-modes, as expected for the kappa mechanism
  damping rates (dimensionless): 6.000e-10 .. 1.461e-01
  gamma covers 142 of 142 adiabatic modes (0 duplicate n_pg labels in the nad summary, harmless)

OK

--- [dsct_M2.0_T7696] stages 3-5: triplets, kappa, observables
loading models/dsct_M2.0_T7696 ...
  142 modes, sqrt(GM/R^3) = 2.195599e-04 rad/s, detuning cut = 3.293398e-05 rad/s
stage 3: enumerating triplets ...
  5209 radial triplets, 71827 with m  [3.0s]
  -> out/triplets_dsct_M2.0_T7696.csv
stages 4-5: kappa, mu, thresholds ...
  71827 rows  [164.4s]
  -> out/observables_dsct_M2.0_T7696.csv
  -> out/kappa_dsct_M2.0_T7696.csv
done in 169.7s

--- [dsct_M2.0_T7696] GYRE wide net pass 1 (l <= 15)
gyre [9.1.1]
------------

OpenMP Threads   : 16
Input filename   : gyre_ad_wide.in

Model Init
----------

Reading from MESA file
   File name ../mesa/LOGS/profile255.data.GYRE
   File version 1.01
   Read 7147 points
   No need to add central point

Mode Search
-----------

Mode parameters
   l : 0
   m : 0

Building frequency grid (REAL axis)
   added scan interval :  0.2782E+00 ->  0.8711E+01 (1000 points, INVERSE)
   added scan interval :  0.8711E+01 ->  0.3315E+02 (1000 points, LINEAR)

Building spatial grid
   Scaffold grid from model
   Split 0 subinterval(s) in iteration 1
   Final grid has 1 segment(s) and 7147 point(s):
      Segment 1 : x range 0.0000 -> 1.0011 (1 -> 7147)

Starting search (adiabatic)

Scanning frequencies
  Time elapsed :     0.529 s

Finding roots
  Time elapsed :      0.033 s

Processing modes
   id    l     m    n_pg    n_p    n_g       Re(omega)       Im(omega)        chi n_iter
    1    0     0       1      1      0  0.35491568E+01  0.00000000E+00 0.6517E-14      6
    2    0     0       2      2      0  0.45815474E+01  0.00000000E+00 0.7648E-14      7
    3    0     0       3      3      0  0.56903528E+01  0.00000000E+00 0.8951E-14      7
    4    0     0       4      4      0  0.68153493E+01  0.00000000E+00 0.5543E-14      6
    5    0     0       5      5      0  0.79418196E+01  0.00000000E+00 0.7622E-14      6
    6    0     0       6      6      0  0.90513805E+01  0.00000000E+00 0.1372E-12      5
    7    0     0       7      7      0  0.10164513E+02  0.00000000E+00 0.4054E-13      5
    8    0     0       8      8      0  0.11309208E+02  0.00000000E+00 0.1540E-12      5
    9    0     0       9      9      0  0.12491507E+02  0.00000000E+00 0.1121E-12      5
   10    0     0      10     10      0  0.13703535E+02  0.00000000E+00 0.7640E-13      5
   11    0     0      11     11      0  0.14940725E+02  0.00000000E+00 0.7425E-13      5
   12    0     0      12     12      0  0.16198550E+02  0.00000000E+00 0.4610E-13      5
   13    0     0      13     13      0  0.17466491E+02  0.00000000E+00 0.1848E-12      5
   14    0     0      14     14      0  0.18736286E+02  0.00000000E+00 0.6699E-13      5
   15    0     0      15     15      0  0.20002624E+02  0.00000000E+00 0.1667E-12      5
   16    0     0      16     16      0  0.21264234E+02  0.00000000E+00 0.1734E-12      5
   17    0     0      17     17      0  0.22521564E+02  0.00000000E+00 0.1185E-13      5
   18    0     0      18     18      0  0.23777400E+02  0.00000000E+00 0.1310E-12      5
   19    0     0      19     19      0  0.25037524E+02  0.00000000E+00 0.1965E-12      5
   20    0     0      20     20      0  0.26307361E+02  0.00000000E+00 0.4486E-13      5
  Time elapsed :      0.735 s

Mode Search
-----------

Mode parameters
   l : 1
   m : 0

Building frequency grid (REAL axis)
   added scan interval :  0.2782E+00 ->  0.8711E+01 (1000 points, INVERSE)
   added scan interval :  0.8711E+01 ->  0.3315E+02 (1000 points, LINEAR)

Building spatial grid
   Scaffold grid from model
   Split 0 subinterval(s) in iteration 1
   Final grid has 1 segment(s) and 7147 point(s):
      Segment 1 : x range 0.0000 -> 1.0011 (1 -> 7147)

Starting search (adiabatic)

Scanning frequencies
  Time elapsed :     1.418 s

Finding roots
  Time elapsed :      0.134 s

Processing modes
   id    l     m    n_pg    n_p    n_g       Re(omega)       Im(omega)        chi n_iter
   32    1     0     -20      0     20  0.36610161E+00  0.00000000E+00 0.1590E-12      6
   33    1     0     -19      0     19  0.38762023E+00  0.00000000E+00 0.4204E-13      6
   34    1     0     -18      0     18  0.40529001E+00  0.00000000E+00 0.9666E-13      5
   35    1     0     -17      0     17  0.42196398E+00  0.00000000E+00 0.6869E-13      6
   36    1     0     -16      0     16  0.45003104E+00  0.00000000E+00 0.9126E-13      5
   37    1     0     -15      0     15  0.48416302E+00  0.00000000E+00 0.2482E-13      5
   38    1     0     -14      0     14  0.52024169E+00  0.00000000E+00 0.7480E-13      6
   39    1     0     -13      0     13  0.54588591E+00  0.00000000E+00 0.7087E-14      5
   40    1     0     -12      0     12  0.58513430E+00  0.00000000E+00 0.1051E-12      6
   41    1     0     -11      0     11  0.64421313E+00  0.00000000E+00 0.8852E-13      6
   42    1     0     -10      0     10  0.71742257E+00  0.00000000E+00 0.2502E-13      6
   43    1     0      -9      0      9  0.78696870E+00  0.00000000E+00 0.7739E-13      5
   44    1     0      -8      0      8  0.84873738E+00  0.00000000E+00 0.3606E-13      6
   45    1     0      -7      0      7  0.97388818E+00  0.00000000E+00 0.3947E-13      6
   46    1     0      -6      0      6  0.11572345E+01  0.00000000E+00 0.4311E-13      5
   47    1     0      -5      0      5  0.14034543E+01  0.00000000E+00 0.4242E-14      6
   48    1     0      -4      0      4  0.16204875E+01  0.00000000E+00 0.8610E-13      6
   49    1     0      -3      0      3  0.19567854E+01  0.00000000E+00 0.2024E-13      7
   50    1     0      -2      0      2  0.27681759E+01  0.00000000E+00 0.2367E-13      7
   51    1     0      -1      0      1  0.36363017E+01  0.00000000E+00 0.1667E-14      5
   52    1     0       1      1      1  0.46904235E+01  0.00000000E+00 0.9020E-14      7
   53    1     0       2      2      1  0.54765456E+01  0.00000000E+00 0.3808E-13      8
   54    1     0       3      3      1  0.59819894E+01  0.00000000E+00 0.4247E-14      6
   55    1     0       4      3      0  0.71254865E+01  0.00000000E+00 0.1448E-13      6
   56    1     0       5      4      0  0.83177005E+01  0.00000000E+00 0.7940E-14      6
   57    1     0       6      5      0  0.94765302E+01  0.00000000E+00 0.4454E-13      6
   58    1     0       7      6      0  0.10630891E+02  0.00000000E+00 0.2377E-13      5
   59    1     0       8      7      0  0.11812333E+02  0.00000000E+00 0.2180E-13      5
   60    1     0       9      8      0  0.13019934E+02  0.00000000E+00 0.8910E-13      5
   61    1     0      10      9      0  0.14249931E+02  0.00000000E+00 0.2011E-12      5
   62    1     0      11     10      0  0.15500371E+02  0.00000000E+00 0.6485E-13      5
   63    1     0      12     11      0  0.16765007E+02  0.00000000E+00 0.1427E-12      5
   64    1     0      13     12      0  0.18034770E+02  0.00000000E+00 0.1170E-12      5
   65    1     0      14     13      0  0.19303257E+02  0.00000000E+00 0.1491E-12      5
   66    1     0      15     14      0  0.20567884E+02  0.00000000E+00 0.3774E-12      5
   67    1     0      16     15      0  0.21827992E+02  0.00000000E+00 0.3593E-12      5
   68    1     0      17     16      0  0.23085189E+02  0.00000000E+00 0.2539E-12      5
   69    1     0      18     17      0  0.24344523E+02  0.00000000E+00 0.7902E-13      5
   70    1     0      19     18      0  0.25611375E+02  0.00000000E+00 0.2648E-12      5
   71    1     0      20     19      0  0.26889911E+02  0.00000000E+00 0.1782E-12      5
  Time elapsed :      1.466 s

Mode Search
-----------

Mode parameters
   l : 2
   m : 0

Building frequency grid (REAL axis)
   added scan interval :  0.2782E+00 ->  0.8711E+01 (1000 points, INVERSE)
   added scan interval :  0.8711E+01 ->  0.3315E+02 (1000 points, LINEAR)

Building spatial grid
   Scaffold grid from model
   Split 0 subinterval(s) in iteration 1
   Final grid has 1 segment(s) and 7147 point(s):
      Segment 1 : x range 0.0000 -> 1.0011 (1 -> 7147)

Starting search (adiabatic)

Scanning frequencies
  Time elapsed :     1.311 s

Finding roots
  Time elapsed :      0.190 s

Processing modes
   id    l     m    n_pg    n_p    n_g       Re(omega)       Im(omega)        chi n_iter
  103    2     0     -20      0     20  0.63136024E+00  0.00000000E+00 0.1202E-13      5
  104    2     0     -19      0     19  0.66830571E+00  0.00000000E+00 0.2626E-13      6
  105    2     0     -18      0     18  0.69922787E+00  0.00000000E+00 0.1169E-13      6
  106    2     0     -17      0     17  0.72719065E+00  0.00000000E+00 0.6483E-13      6
  107    2     0     -16      0     16  0.77469496E+00  0.00000000E+00 0.1308E-12      6
  108    2     0     -15      0     15  0.83277732E+00  0.00000000E+00 0.9241E-14      6
  109    2     0     -14      0     14  0.89495627E+00  0.00000000E+00 0.7259E-14      6
  110    2     0     -13      0     13  0.93969105E+00  0.00000000E+00 0.1185E-12      6
  111    2     0     -12      0     12  0.10041060E+01  0.00000000E+00 0.2329E-13      6
  112    2     0     -11      0     11  0.11034564E+01  0.00000000E+00 0.2330E-13      6
  113    2     0     -10      0     10  0.12271987E+01  0.00000000E+00 0.3435E-13      6
  114    2     0      -9      0      9  0.13492068E+01  0.00000000E+00 0.4194E-13      6
  115    2     0      -8      0      8  0.14491471E+01  0.00000000E+00 0.5449E-13      7
  116    2     0      -7      0      7  0.16527049E+01  0.00000000E+00 0.1834E-13      6
  117    2     0      -6      0      6  0.19513219E+01  0.00000000E+00 0.4332E-13      6
  118    2     0      -5      0      5  0.23481621E+01  0.00000000E+00 0.9018E-14      6
  119    2     0      -4      0      4  0.27093365E+01  0.00000000E+00 0.1387E-13      6
  120    2     0      -3      0      3  0.31043805E+01  0.00000000E+00 0.7247E-14      7
  121    2     0      -2      0      2  0.36249538E+01  0.00000000E+00 0.9241E-14      6
  122    2     0      -1      1      2  0.42172642E+01  0.00000000E+00 0.9990E-14      6
  123    2     0       0      1      1  0.49379900E+01  0.00000000E+00 0.1512E-13      6
  124    2     0       1      2      1  0.56907789E+01  0.00000000E+00 0.1971E-13      6
  125    2     0       2      3      1  0.66115758E+01  0.00000000E+00 0.4383E-14      7
  126    2     0       3      4      1  0.77070710E+01  0.00000000E+00 0.3052E-14      7
  127    2     0       4      5      1  0.88287570E+01  0.00000000E+00 0.1109E-12      6
  128    2     0       5      5      0  0.93368763E+01  0.00000000E+00 0.1119E-12      7
  129    2     0       6      6      0  0.10035078E+02  0.00000000E+00 0.4768E-13      6
  130    2     0       7      7      0  0.11185235E+02  0.00000000E+00 0.1195E-12      6
  131    2     0       8      8      0  0.12377937E+02  0.00000000E+00 0.4849E-13      5
  132    2     0       9      9      0  0.13597243E+02  0.00000000E+00 0.4422E-13      5
  133    2     0      10     10      0  0.14838673E+02  0.00000000E+00 0.2554E-13      5
  134    2     0      11     11      0  0.16098896E+02  0.00000000E+00 0.2059E-12      5
  135    2     0      12     12      0  0.17368317E+02  0.00000000E+00 0.6753E-13      5
  136    2     0      13     13      0  0.18639073E+02  0.00000000E+00 0.1644E-12      5
  137    2     0      14     14      0  0.19906026E+02  0.00000000E+00 0.4640E-13      6
  138    2     0      15     15      0  0.21168162E+02  0.00000000E+00 0.2090E-12      5
  139    2     0      16     16      0  0.22425932E+02  0.00000000E+00 0.3760E-12      5
  140    2     0      17     17      0  0.23682000E+02  0.00000000E+00 0.3123E-12      5
  141    2     0      18     18      0  0.24942359E+02  0.00000000E+00 0.1732E-12      5
  142    2     0      19     19      0  0.26212556E+02  0.00000000E+00 0.3089E-13      5
  143    2     0      20     20      0  0.27494599E+02  0.00000000E+00 0.1229E-12      5
  Time elapsed :      1.649 s

Mode Search
-----------

Mode parameters
   l : 3
   m : 0

Building frequency grid (REAL axis)
   added scan interval :  0.2782E+00 ->  0.8711E+01 (1000 points, INVERSE)
   added scan interval :  0.8711E+01 ->  0.3315E+02 (1000 points, LINEAR)

Building spatial grid
   Scaffold grid from model
   Split 0 subinterval(s) in iteration 1
   Final grid has 1 segment(s) and 7147 point(s):
      Segment 1 : x range 0.0000 -> 1.0011 (1 -> 7147)

Starting search (adiabatic)

Scanning frequencies
  Time elapsed :     1.384 s

Finding roots
  Time elapsed :      0.225 s

Processing modes
   id    l     m    n_pg    n_p    n_g       Re(omega)       Im(omega)        chi n_iter
  195    3     0     -20      0     20  0.88717898E+00  0.00000000E+00 0.8135E-13      6
  196    3     0     -19      0     19  0.93878771E+00  0.00000000E+00 0.6957E-13      6
  197    3     0     -18      0     18  0.98360936E+00  0.00000000E+00 0.3990E-13      6
  198    3     0     -17      0     17  0.10211059E+01  0.00000000E+00 0.5562E-13      6
  199    3     0     -16      0     16  0.10856523E+01  0.00000000E+00 0.3594E-13      6
  200    3     0     -15      0     15  0.11655822E+01  0.00000000E+00 0.7325E-14      6
  201    3     0     -14      0     14  0.12528067E+01  0.00000000E+00 0.5396E-13      6
  202    3     0     -13      0     13  0.13179413E+01  0.00000000E+00 0.8637E-14      6
  203    3     0     -12      0     12  0.14009910E+01  0.00000000E+00 0.1130E-14      6
  204    3     0     -11      0     11  0.15351462E+01  0.00000000E+00 0.2557E-13      6
  205    3     0     -10      0     10  0.17038217E+01  0.00000000E+00 0.4325E-14      6
  206    3     0      -9      0      9  0.18800092E+01  0.00000000E+00 0.2000E-13      6
  207    3     0      -8      0      8  0.20101501E+01  0.00000000E+00 0.1080E-13      6
  208    3     0      -7      0      7  0.22693522E+01  0.00000000E+00 0.1390E-13      6
  209    3     0      -6      0      6  0.26528372E+01  0.00000000E+00 0.1700E-13      6
  210    3     0      -5      0      5  0.31221297E+01  0.00000000E+00 0.1618E-14      6
  211    3     0      -4      0      4  0.34697631E+01  0.00000000E+00 0.2568E-14      7
  212    3     0      -3      0      3  0.37880336E+01  0.00000000E+00 0.4933E-14      6
  213    3     0      -2      1      3  0.42515239E+01  0.00000000E+00 0.1577E-13      7
  214    3     0      -1      1      2  0.46431102E+01  0.00000000E+00 0.1202E-13      7
  215    3     0       0      2      2  0.55563871E+01  0.00000000E+00 0.1641E-13      7
  216    3     0       1      2      1  0.60756667E+01  0.00000000E+00 0.3004E-15      7
  217    3     0       2      3      1  0.69231184E+01  0.00000000E+00 0.1683E-13      7
  218    3     0       3      4      1  0.80937991E+01  0.00000000E+00 0.1022E-13      7
  219    3     0       4      5      1  0.92585461E+01  0.00000000E+00 0.4519E-13      6
  220    3     0       5      6      1  0.10416753E+02  0.00000000E+00 0.6840E-13      6
  221    3     0       6      6      0  0.11222071E+02  0.00000000E+00 0.4670E-14      6
  222    3     0       7      7      0  0.11618042E+02  0.00000000E+00 0.2622E-13      6
  223    3     0       8      8      0  0.12823755E+02  0.00000000E+00 0.1531E-12      6
  224    3     0       9      9      0  0.14057983E+02  0.00000000E+00 0.1115E-12      6
  225    3     0      10     10      0  0.15312644E+02  0.00000000E+00 0.6051E-13      5
  226    3     0      11     11      0  0.16582313E+02  0.00000000E+00 0.5119E-13      5
  227    3     0      12     12      0  0.17857399E+02  0.00000000E+00 0.1915E-12      5
  228    3     0      13     13      0  0.19131165E+02  0.00000000E+00 0.1324E-12      5
  229    3     0      14     14      0  0.20400377E+02  0.00000000E+00 0.1578E-12      6
  230    3     0      15     15      0  0.21664393E+02  0.00000000E+00 0.1178E-12      5
  231    3     0      16     16      0  0.22924710E+02  0.00000000E+00 0.4248E-13      5
  232    3     0      17     17      0  0.24185842E+02  0.00000000E+00 0.3280E-12      5
  233    3     0      18     18      0  0.25453370E+02  0.00000000E+00 0.2394E-12      5
  234    3     0      19     19      0  0.26732087E+02  0.00000000E+00 0.2134E-12      5
  235    3     0      20     20      0  0.28022501E+02  0.00000000E+00 0.7282E-13      5
  Time elapsed :      1.619 s

Mode Search
-----------

Mode parameters
   l : 4
   m : 0

Building frequency grid (REAL axis)
   added scan interval :  0.2782E+00 ->  0.8711E+01 (1000 points, INVERSE)
   added scan interval :  0.8711E+01 ->  0.3315E+02 (1000 points, LINEAR)

Building spatial grid
   Scaffold grid from model
   Split 0 subinterval(s) in iteration 1
   Final grid has 1 segment(s) and 7147 point(s):
      Segment 1 : x range 0.0000 -> 1.0011 (1 -> 7147)

Starting search (adiabatic)

Scanning frequencies
  Time elapsed :     1.242 s

Finding roots
  Time elapsed :      0.314 s

Processing modes
   id    l     m    n_pg    n_p    n_g       Re(omega)       Im(omega)        chi n_iter
  305    4     0     -20      0     20  0.11357104E+01  0.00000000E+00 0.3259E-13      6
  306    4     0     -19      0     19  0.12011797E+01  0.00000000E+00 0.1383E-13      6
  307    4     0     -18      0     18  0.12610674E+01  0.00000000E+00 0.5285E-13      6
  308    4     0     -17      0     17  0.13065678E+01  0.00000000E+00 0.1173E-13      7
  309    4     0     -16      0     16  0.13848379E+01  0.00000000E+00 0.6065E-15      6
  310    4     0     -15      0     15  0.14841417E+01  0.00000000E+00 0.1456E-13      6
  311    4     0     -14      0     14  0.15948550E+01  0.00000000E+00 0.2575E-13      6
  312    4     0     -13      0     13  0.16840666E+01  0.00000000E+00 0.6283E-14      5
  313    4     0     -12      0     12  0.17779325E+01  0.00000000E+00 0.3977E-14      7
  314    4     0     -11      0     11  0.19400294E+01  0.00000000E+00 0.9829E-14      6
  315    4     0     -10      0     10  0.21470866E+01  0.00000000E+00 0.3196E-13      6
  316    4     0      -9      0      9  0.23773197E+01  0.00000000E+00 0.1313E-13      7
  317    4     0      -8      0      8  0.25383230E+01  0.00000000E+00 0.2890E-13      6
  318    4     0      -7      0      7  0.28217639E+01  0.00000000E+00 0.2139E-13      6
  319    4     0      -6      0      6  0.32330043E+01  0.00000000E+00 0.1521E-13      7
  320    4     0      -5      0      5  0.34885762E+01  0.00000000E+00 0.1338E-14      6
  321    4     0      -4      0      4  0.39634746E+01  0.00000000E+00 0.1609E-13      7
  322    4     0      -3      1      4  0.45406219E+01  0.00000000E+00 0.4866E-14      8
  323    4     0      -2      1      3  0.47086146E+01  0.00000000E+00 0.1287E-13      6
  324    4     0      -1      1      2  0.51677116E+01  0.00000000E+00 0.6008E-16      7
  325    4     0       0      2      2  0.58506655E+01  0.00000000E+00 0.2053E-15      6
  326    4     0       1      2      1  0.65399440E+01  0.00000000E+00 0.8303E-14      6
  327    4     0       2      3      1  0.71296714E+01  0.00000000E+00 0.2152E-13      8
  328    4     0       3      4      1  0.83559232E+01  0.00000000E+00 0.1615E-13      6
  329    4     0       4      5      1  0.95489729E+01  0.00000000E+00 0.4206E-13      6
  330    4     0       5      6      1  0.10735785E+02  0.00000000E+00 0.2091E-12      6
  331    4     0       6      7      1  0.11947683E+02  0.00000000E+00 0.2152E-13      6
  332    4     0       7      7      0  0.12659980E+02  0.00000000E+00 0.9538E-13      6
  333    4     0       8      8      0  0.13183773E+02  0.00000000E+00 0.1128E-12      6
  334    4     0       9      9      0  0.14437144E+02  0.00000000E+00 0.4426E-13      5
  335    4     0      10     10      0  0.15708355E+02  0.00000000E+00 0.7243E-13      5
  336    4     0      11     11      0  0.16989715E+02  0.00000000E+00 0.1407E-12      5
  337    4     0      12     12      0  0.18272655E+02  0.00000000E+00 0.1762E-12      5
  338    4     0      13     13      0  0.19551420E+02  0.00000000E+00 0.1789E-12      5
  339    4     0      14     14      0  0.20824528E+02  0.00000000E+00 0.1195E-12      5
  340    4     0      15     15      0  0.22091974E+02  0.00000000E+00 0.1169E-12      5
  341    4     0      16     16      0  0.23356043E+02  0.00000000E+00 0.1383E-12      5
  342    4     0      17     17      0  0.24622770E+02  0.00000000E+00 0.4181E-12      5
  343    4     0      18     18      0  0.25897796E+02  0.00000000E+00 0.1982E-12      5
  344    4     0      19     19      0  0.27184414E+02  0.00000000E+00 0.1732E-12      5
  345    4     0      20     20      0  0.28481776E+02  0.00000000E+00 0.3231E-14      5
  Time elapsed :      1.713 s

Mode Search
-----------

Mode parameters
   l : 5
   m : 0

Building frequency grid (REAL axis)
   added scan interval :  0.2782E+00 ->  0.8711E+01 (1000 points, INVERSE)
   added scan interval :  0.8711E+01 ->  0.3315E+02 (1000 points, LINEAR)

Building spatial grid
   Scaffold grid from model
   Split 0 subinterval(s) in iteration 1
   Final grid has 1 segment(s) and 7147 point(s):
      Segment 1 : x range 0.0000 -> 1.0011 (1 -> 7147)

Starting search (adiabatic)

Scanning frequencies
  Time elapsed :     1.500 s

Finding roots
  Time elapsed :      0.448 s

Processing modes
   id    l     m    n_pg    n_p    n_g       Re(omega)       Im(omega)        chi n_iter
  435    5     0     -20      0     20  0.13764874E+01  0.00000000E+00 0.7274E-14      6
  436    5     0     -19      0     19  0.14547115E+01  0.00000000E+00 0.6165E-14      6
  437    5     0     -18      0     18  0.15306107E+01  0.00000000E+00 0.6857E-14      7
  438    5     0     -17      0     17  0.15840258E+01  0.00000000E+00 0.6259E-14      7
  439    5     0     -16      0     16  0.16711080E+01  0.00000000E+00 0.3297E-13      6
  440    5     0     -15      0     15  0.17866178E+01  0.00000000E+00 0.1360E-13      6
  441    5     0     -14      0     14  0.19181823E+01  0.00000000E+00 0.4727E-14      6
  442    5     0     -13      0     13  0.20366042E+01  0.00000000E+00 0.8444E-14      6
  443    5     0     -12      0     12  0.21352119E+01  0.00000000E+00 0.5573E-13      7
  444    5     0     -11      0     11  0.23158389E+01  0.00000000E+00 0.1194E-13      6
  445    5     0     -10      0     10  0.25536719E+01  0.00000000E+00 0.1796E-13      6
  446    5     0      -9      0      9  0.28311467E+01  0.00000000E+00 0.2422E-13      7
  447    5     0      -8      0      8  0.30389892E+01  0.00000000E+00 0.6893E-14      7
  448    5     0      -7      0      7  0.33025383E+01  0.00000000E+00 0.1049E-13      6
  449    5     0      -6      0      6  0.35099109E+01  0.00000000E+00 0.1138E-13      7
  450    5     0      -5      0      5  0.38462374E+01  0.00000000E+00 0.1165E-14      7
  451    5     0      -4      1      5  0.44906785E+01  0.00000000E+00 0.6603E-14      7
  452    5     0      -3      1      4  0.47647228E+01  0.00000000E+00 0.3140E-14      7
  453    5     0      -2      1      3  0.53494441E+01  0.00000000E+00 0.1653E-13      7
  454    5     0      -1      2      3  0.58136675E+01  0.00000000E+00 0.1246E-13      7
  455    5     0       0      2      2  0.60516762E+01  0.00000000E+00 0.2781E-14      8
  456    5     0       1      2      1  0.68702521E+01  0.00000000E+00 0.1146E-13      6
  457    5     0       2      3      1  0.73403470E+01  0.00000000E+00 0.1083E-13      8
  458    5     0       3      4      1  0.85993411E+01  0.00000000E+00 0.1617E-13      7
  459    5     0       4      5      1  0.98115634E+01  0.00000000E+00 0.2978E-14      5
  460    5     0       5      6      1  0.11021270E+02  0.00000000E+00 0.4305E-13      7
  461    5     0       6      7      1  0.12255437E+02  0.00000000E+00 0.1049E-13      6
  462    5     0       7      8      1  0.13509225E+02  0.00000000E+00 0.9954E-13      6
  463    5     0       8      8      0  0.13813000E+02  0.00000000E+00 0.1138E-12      7
  464    5     0       9      9      0  0.14780427E+02  0.00000000E+00 0.1401E-13      7
  465    5     0      10     10      0  0.16066600E+02  0.00000000E+00 0.3897E-13      6
  466    5     0      11     11      0  0.17358832E+02  0.00000000E+00 0.5861E-13      5
  467    5     0      12     12      0  0.18649510E+02  0.00000000E+00 0.1281E-12      5
  468    5     0      13     13      0  0.19933932E+02  0.00000000E+00 0.2270E-12      5
  469    5     0      14     14      0  0.21211589E+02  0.00000000E+00 0.3966E-13      5
  470    5     0      15     15      0  0.22483397E+02  0.00000000E+00 0.4708E-13      5
  471    5     0      16     16      0  0.23752641E+02  0.00000000E+00 0.1352E-12      5
  472    5     0      17     17      0  0.25025783E+02  0.00000000E+00 0.7349E-13      5
  473    5     0      18     18      0  0.26308615E+02  0.00000000E+00 0.6125E-13      5
  474    5     0      19     19      0  0.27603024E+02  0.00000000E+00 0.1454E-12      5
  475    5     0      20     20      0  0.28906974E+02  0.00000000E+00 0.2399E-13      5
  Time elapsed :      1.910 s

Mode Search
-----------

Mode parameters
   l : 6
   m : 0

Building frequency grid (REAL axis)
   added scan interval :  0.2782E+00 ->  0.8711E+01 (1000 points, INVERSE)
   added scan interval :  0.8711E+01 ->  0.3315E+02 (1000 points, LINEAR)

Building spatial grid
   Scaffold grid from model
   Split 0 subinterval(s) in iteration 1
   Final grid has 1 segment(s) and 7147 point(s):
      Segment 1 : x range 0.0000 -> 1.0011 (1 -> 7147)

Starting search (adiabatic)

Scanning frequencies
  Time elapsed :     1.375 s

Finding roots
  Time elapsed :      0.405 s

Processing modes
   id    l     m    n_pg    n_p    n_g       Re(omega)       Im(omega)        chi n_iter
  585    6     0     -20      0     20  0.16085884E+01  0.00000000E+00 0.1236E-13      7
  586    6     0     -19      0     19  0.16980305E+01  0.00000000E+00 0.2112E-13      6
  587    6     0     -18      0     18  0.17896416E+01  0.00000000E+00 0.5003E-13      7
  588    6     0     -17      0     17  0.18539804E+01  0.00000000E+00 0.1214E-13      6
  589    6     0     -16      0     16  0.19430761E+01  0.00000000E+00 0.3444E-14      7
  590    6     0     -15      0     15  0.20708135E+01  0.00000000E+00 0.4160E-14      6
  591    6     0     -14      0     14  0.22198381E+01  0.00000000E+00 0.5231E-14      6
  592    6     0     -13      0     13  0.23702996E+01  0.00000000E+00 0.2549E-13      7
  593    6     0     -12      0     12  0.24765383E+01  0.00000000E+00 0.9524E-14      6
  594    6     0     -11      0     11  0.26619495E+01  0.00000000E+00 0.3905E-14      6
  595    6     0     -10      0     10  0.29223082E+01  0.00000000E+00 0.4197E-14      6
  596    6     0      -9      0      9  0.32342317E+01  0.00000000E+00 0.1390E-13      7
  597    6     0      -8      0      8  0.35020342E+01  0.00000000E+00 0.1309E-15      7
  598    6     0      -7      0      7  0.35831832E+01  0.00000000E+00 0.3445E-13      8
  599    6     0      -6      0      6  0.37783886E+01  0.00000000E+00 0.1651E-13      7
  600    6     0      -5      0      5  0.42660583E+01  0.00000000E+00 0.5759E-14      7
  601    6     0      -4      1      5  0.48831189E+01  0.00000000E+00 0.7330E-14     10
  602    6     0      -3      1      4  0.49601946E+01  0.00000000E+00 0.2838E-14      8
  603    6     0      -2      1      3  0.58001523E+01  0.00000000E+00 0.1091E-13      7
  604    6     0      -1      2      3  0.62415779E+01  0.00000000E+00 0.2790E-14      7
  605    6     0       0      2      2  0.65277073E+01  0.00000000E+00 0.4554E-14      7
  606    6     0       1      2      1  0.70891762E+01  0.00000000E+00 0.8101E-14      7
  607    6     0       2      3      1  0.75596917E+01  0.00000000E+00 0.9304E-14      7
  608    6     0       3      4      1  0.88351281E+01  0.00000000E+00 0.4288E-14      6
  609    6     0       4      5      1  0.10062475E+02  0.00000000E+00 0.1270E-12      5
  610    6     0       5      6      1  0.11293134E+02  0.00000000E+00 0.5600E-14      6
  611    6     0       6      7      1  0.12546483E+02  0.00000000E+00 0.1497E-12      6
  612    6     0       7      8      1  0.13817497E+02  0.00000000E+00 0.2669E-12      6
  613    6     0       8      8      0  0.14778550E+02  0.00000000E+00 0.1260E-12      6
  614    6     0       9      9      0  0.15104357E+02  0.00000000E+00 0.4073E-13      6
  615    6     0      10     10      0  0.16403625E+02  0.00000000E+00 0.1529E-12      6
  616    6     0      11     11      0  0.17705500E+02  0.00000000E+00 0.3598E-13      5
  617    6     0      12     12      0  0.19003129E+02  0.00000000E+00 0.1016E-12      6
  618    6     0      13     13      0  0.20293133E+02  0.00000000E+00 0.1541E-13      5
  619    6     0      14     14      0  0.21575444E+02  0.00000000E+00 0.1138E-12      5
  620    6     0      15     15      0  0.22851878E+02  0.00000000E+00 0.1644E-12      5
  621    6     0      16     16      0  0.24127124E+02  0.00000000E+00 0.1920E-14      5
  622    6     0      17     17      0  0.25407452E+02  0.00000000E+00 0.2038E-12      5
  623    6     0      18     18      0  0.26698201E+02  0.00000000E+00 0.2002E-12      5
  624    6     0      19     19      0  0.28000107E+02  0.00000000E+00 0.2867E-12      5
  625    6     0      20     20      0  0.29310402E+02  0.00000000E+00 0.2564E-12      5
  Time elapsed :      1.851 s

Mode Search
-----------

Mode parameters
   l : 2
   m : 0

Building frequency grid (REAL axis)
   added scan interval :  0.5233E+00 ->  0.2103E+01 (3000 points, INVERSE)

Building spatial grid
   Scaffold grid from model
   Split 0 subinterval(s) in iteration 1
   Final grid has 1 segment(s) and 7147 point(s):
      Segment 1 : x range 0.0000 -> 1.0011 (1 -> 7147)

Starting search (adiabatic)

Scanning frequencies
  Time elapsed :     1.917 s

Finding roots
  Time elapsed :      0.070 s

Processing modes
   id    l     m    n_pg    n_p    n_g       Re(omega)       Im(omega)        chi n_iter
  630    2     0     -22      0     22  0.57406440E+00  0.00000000E+00 0.5766E-13      5
  631    2     0     -21      0     21  0.59821568E+00  0.00000000E+00 0.4281E-12      5
  Time elapsed :      0.094 s

Mode Search
-----------

Mode parameters
   l : 3
   m : 0

Building frequency grid (REAL axis)
   added scan interval :  0.5233E+00 ->  0.2103E+01 (3000 points, INVERSE)

Building spatial grid
   Scaffold grid from model
   Split 0 subinterval(s) in iteration 1
   Final grid has 1 segment(s) and 7147 point(s):
      Segment 1 : x range 0.0000 -> 1.0011 (1 -> 7147)

Starting search (adiabatic)

Scanning frequencies
  Time elapsed :     1.830 s

Finding roots
  Time elapsed :      0.068 s

Processing modes
   id    l     m    n_pg    n_p    n_g       Re(omega)       Im(omega)        chi n_iter
  650    3     0     -31      0     31  0.58595127E+00  0.00000000E+00 0.6238E-12      5
  651    3     0     -30      0     30  0.60182180E+00  0.00000000E+00 0.1031E-12      5
  652    3     0     -29      0     29  0.62452086E+00  0.00000000E+00 0.3067E-12      5
  653    3     0     -28      0     28  0.64933805E+00  0.00000000E+00 0.3285E-12      5
  654    3     0     -27      0     27  0.67043849E+00  0.00000000E+00 0.3269E-12      5
  655    3     0     -26      0     26  0.68860558E+00  0.00000000E+00 0.6882E-12      5
  656    3     0     -25      0     25  0.71692708E+00  0.00000000E+00 0.2565E-12      5
  657    3     0     -24      0     24  0.75031817E+00  0.00000000E+00 0.5708E-12      5
  658    3     0     -23      0     23  0.78405714E+00  0.00000000E+00 0.7008E-12      5
  659    3     0     -22      0     22  0.80845057E+00  0.00000000E+00 0.6216E-12      5
  660    3     0     -21      0     21  0.84124921E+00  0.00000000E+00 0.7942E-13      5
  Time elapsed :      0.472 s

Mode Search
-----------

Mode parameters
   l : 4
   m : 0

Building frequency grid (REAL axis)
   added scan interval :  0.5233E+00 ->  0.2103E+01 (3000 points, INVERSE)

Building spatial grid
   Scaffold grid from model
   Split 0 subinterval(s) in iteration 1
   Final grid has 1 segment(s) and 7147 point(s):
      Segment 1 : x range 0.0000 -> 1.0011 (1 -> 7147)

Starting search (adiabatic)

Scanning frequencies
  Time elapsed :     1.954 s

Finding roots
  Time elapsed :      0.101 s

Processing modes
   id    l     m    n_pg    n_p    n_g       Re(omega)       Im(omega)        chi n_iter
  678    4     0     -41      0     41  0.57985617E+00  0.00000000E+00 0.9325E-12      5
  679    4     0     -40      0     40  0.59388435E+00  0.00000000E+00 0.8299E-12      5
  680    4     0     -39      0     39  0.60467936E+00  0.00000000E+00 0.5643E-12      5
  681    4     0     -38      0     38  0.62018018E+00  0.00000000E+00 0.6290E-12      5
  682    4     0     -37      0     37  0.63886149E+00  0.00000000E+00 0.1763E-12      5
  683    4     0     -36      0     36  0.65712992E+00  0.00000000E+00 0.1625E-12      5
  684    4     0     -35      0     35  0.67058824E+00  0.00000000E+00 0.5450E-12      5
  685    4     0     -34      0     34  0.68840825E+00  0.00000000E+00 0.6097E-12      5
  686    4     0     -33      0     33  0.71156817E+00  0.00000000E+00 0.4732E-13      5
  687    4     0     -32      0     32  0.73555082E+00  0.00000000E+00 0.1424E-12      5
  688    4     0     -31      0     31  0.75371330E+00  0.00000000E+00 0.1112E-12      5
  689    4     0     -30      0     30  0.77376615E+00  0.00000000E+00 0.5518E-12      5
  690    4     0     -29      0     29  0.80263949E+00  0.00000000E+00 0.4537E-13      5
  691    4     0     -28      0     28  0.83439017E+00  0.00000000E+00 0.9038E-12      5
  692    4     0     -27      0     27  0.86202215E+00  0.00000000E+00 0.4967E-12      5
  693    4     0     -26      0     26  0.88478740E+00  0.00000000E+00 0.3317E-12      5
  694    4     0     -25      0     25  0.92026047E+00  0.00000000E+00 0.3985E-12      5
  695    4     0     -24      0     24  0.96263127E+00  0.00000000E+00 0.7526E-13      5
  696    4     0     -23      0     23  0.10062144E+01  0.00000000E+00 0.1615E-12      5
  697    4     0     -22      0     22  0.10383860E+01  0.00000000E+00 0.3947E-12      5
  698    4     0     -21      0     21  0.10781363E+01  0.00000000E+00 0.1076E-12      6
  Time elapsed :      0.899 s

Mode Search
-----------

Mode parameters
   l : 5
   m : 0

Building frequency grid (REAL axis)
   added scan interval :  0.5233E+00 ->  0.2103E+01 (3000 points, INVERSE)

Building spatial grid
   Scaffold grid from model
   Split 0 subinterval(s) in iteration 1
   Final grid has 1 segment(s) and 7147 point(s):
      Segment 1 : x range 0.0000 -> 1.0011 (1 -> 7147)

Starting search (adiabatic)

Scanning frequencies
  Time elapsed :     1.880 s

Finding roots
  Time elapsed :      0.104 s

Processing modes
   id    l     m    n_pg    n_p    n_g       Re(omega)       Im(omega)        chi n_iter
  715    5     0     -50      0     50  0.58448292E+00  0.00000000E+00 0.3397E-12      5
  716    5     0     -49      0     49  0.59764144E+00  0.00000000E+00 0.3155E-12      5
  717    5     0     -48      0     48  0.60864514E+00  0.00000000E+00 0.1535E-12      5
  718    5     0     -47      0     47  0.61863170E+00  0.00000000E+00 0.1297E-12      5
  719    5     0     -46      0     46  0.63271223E+00  0.00000000E+00 0.2723E-12      5
  720    5     0     -45      0     45  0.64830837E+00  0.00000000E+00 0.7372E-12      5
  721    5     0     -44      0     44  0.66191903E+00  0.00000000E+00 0.2366E-12      5
  722    5     0     -43      0     43  0.67304895E+00  0.00000000E+00 0.5646E-12      5
  723    5     0     -42      0     42  0.68927071E+00  0.00000000E+00 0.3808E-12      5
  724    5     0     -41      0     41  0.70788090E+00  0.00000000E+00 0.6416E-13      5
  725    5     0     -40      0     40  0.72483671E+00  0.00000000E+00 0.2411E-13      5
  726    5     0     -39      0     39  0.73797958E+00  0.00000000E+00 0.2626E-13      6
  727    5     0     -38      0     38  0.75684198E+00  0.00000000E+00 0.3418E-12      5
  728    5     0     -37      0     37  0.77951323E+00  0.00000000E+00 0.2207E-12      5
  729    5     0     -36      0     36  0.80176407E+00  0.00000000E+00 0.2696E-12      6
  730    5     0     -35      0     35  0.81820745E+00  0.00000000E+00 0.1356E-12      5
  731    5     0     -34      0     34  0.83961208E+00  0.00000000E+00 0.2292E-12      5
  732    5     0     -33      0     33  0.86759698E+00  0.00000000E+00 0.1998E-12      5
  733    5     0     -32      0     32  0.89679506E+00  0.00000000E+00 0.1455E-12      6
  734    5     0     -31      0     31  0.91935776E+00  0.00000000E+00 0.4242E-13      5
  735    5     0     -30      0     30  0.94300997E+00  0.00000000E+00 0.5196E-12      5
  736    5     0     -29      0     29  0.97761424E+00  0.00000000E+00 0.4494E-13      5
  737    5     0     -28      0     28  0.10160576E+01  0.00000000E+00 0.2577E-13      5
  738    5     0     -27      0     27  0.10506457E+01  0.00000000E+00 0.1283E-12      5
  739    5     0     -26      0     26  0.10776115E+01  0.00000000E+00 0.7340E-13      6
  740    5     0     -25      0     25  0.11191523E+01  0.00000000E+00 0.1844E-12      5
  741    5     0     -24      0     24  0.11698719E+01  0.00000000E+00 0.1694E-12      5
  742    5     0     -23      0     23  0.12231344E+01  0.00000000E+00 0.1122E-12      6
  743    5     0     -22      0     22  0.12641894E+01  0.00000000E+00 0.1978E-12      5
  744    5     0     -21      0     21  0.13088206E+01  0.00000000E+00 0.9758E-13      5
  Time elapsed :      1.253 s

Mode Search
-----------

Mode parameters
   l : 6
   m : 0

Building frequency grid (REAL axis)
   added scan interval :  0.5233E+00 ->  0.2103E+01 (3000 points, INVERSE)

Building spatial grid
   Scaffold grid from model
   Split 0 subinterval(s) in iteration 1
   Final grid has 1 segment(s) and 7147 point(s):
      Segment 1 : x range 0.0000 -> 1.0011 (1 -> 7147)

Starting search (adiabatic)

Scanning frequencies
  Time elapsed :     1.963 s

Finding roots
  Time elapsed :      0.138 s

Processing modes
   id    l     m    n_pg    n_p    n_g       Re(omega)       Im(omega)        chi n_iter
  760    6     0     -59      0     59  0.58709223E+00  0.00000000E+00 0.9031E-12      5
  761    6     0     -58      0     58  0.59838209E+00  0.00000000E+00 0.7549E-12      5
  762    6     0     -57      0     57  0.60937871E+00  0.00000000E+00 0.2810E-12      6
  763    6     0     -56      0     56  0.61805570E+00  0.00000000E+00 0.2974E-12      5
  764    6     0     -55      0     55  0.62817194E+00  0.00000000E+00 0.1127E-11      5
  765    6     0     -54      0     54  0.64094375E+00  0.00000000E+00 0.4472E-12      5
  766    6     0     -53      0     53  0.65400576E+00  0.00000000E+00 0.6274E-14      6
  767    6     0     -52      0     52  0.66446509E+00  0.00000000E+00 0.3753E-12      5
  768    6     0     -51      0     51  0.67524937E+00  0.00000000E+00 0.8477E-13      6
  769    6     0     -50      0     50  0.68976385E+00  0.00000000E+00 0.1539E-12      5
  770    6     0     -49      0     49  0.70518830E+00  0.00000000E+00 0.1464E-12      6
  771    6     0     -48      0     48  0.71802362E+00  0.00000000E+00 0.7210E-12      5
  772    6     0     -47      0     47  0.72978109E+00  0.00000000E+00 0.4308E-12      6
  773    6     0     -46      0     46  0.74633634E+00  0.00000000E+00 0.1257E-12      5
  774    6     0     -45      0     45  0.76460777E+00  0.00000000E+00 0.7534E-13      5
  775    6     0     -44      0     44  0.78046692E+00  0.00000000E+00 0.5400E-13      6
  776    6     0     -43      0     43  0.79356122E+00  0.00000000E+00 0.3694E-12      6
  777    6     0     -42      0     42  0.81263106E+00  0.00000000E+00 0.2899E-12      5
  778    6     0     -41      0     41  0.83443603E+00  0.00000000E+00 0.3832E-13      6
  779    6     0     -40      0     40  0.85437614E+00  0.00000000E+00 0.8522E-13      5
  780    6     0     -39      0     39  0.86980576E+00  0.00000000E+00 0.2829E-12      6
  781    6     0     -38      0     38  0.89177196E+00  0.00000000E+00 0.1498E-12      5
  782    6     0     -37      0     37  0.91829365E+00  0.00000000E+00 0.2045E-13      5
  783    6     0     -36      0     36  0.94458189E+00  0.00000000E+00 0.8352E-13      6
  784    6     0     -35      0     35  0.96412680E+00  0.00000000E+00 0.1525E-12      6
  785    6     0     -34      0     34  0.98862429E+00  0.00000000E+00 0.4332E-13      5
  786    6     0     -33      0     33  0.10211450E+01  0.00000000E+00 0.2686E-12      5
  787    6     0     -32      0     32  0.10554834E+01  0.00000000E+00 0.1062E-12      5
  788    6     0     -31      0     31  0.10828934E+01  0.00000000E+00 0.1430E-12      5
  789    6     0     -30      0     30  0.11094600E+01  0.00000000E+00 0.4210E-13      6
  790    6     0     -29      0     29  0.11491855E+01  0.00000000E+00 0.4181E-12      5
  791    6     0     -28      0     28  0.11939860E+01  0.00000000E+00 0.3274E-12      6
  792    6     0     -27      0     27  0.12359325E+01  0.00000000E+00 0.5306E-13      5
  793    6     0     -26      0     26  0.12670936E+01  0.00000000E+00 0.4377E-12      6
  794    6     0     -25      0     25  0.13131896E+01  0.00000000E+00 0.5660E-13      6
  795    6     0     -24      0     24  0.13714366E+01  0.00000000E+00 0.1331E-12      5
  796    6     0     -23      0     23  0.14339292E+01  0.00000000E+00 0.5810E-13      6
  797    6     0     -22      0     22  0.14854932E+01  0.00000000E+00 0.4694E-13      5
  798    6     0     -21      0     21  0.15330562E+01  0.00000000E+00 0.4368E-13      6
  Time elapsed :      1.654 s

Mode Search
-----------

Mode parameters
   l : 7
   m : 0

Building frequency grid (REAL axis)
   added scan interval :  0.5233E+00 ->  0.2103E+01 (3000 points, INVERSE)

Building spatial grid
   Scaffold grid from model
   Split 11 subinterval(s) in iteration 1
   Split 0 subinterval(s) in iteration 2
   Final grid has 1 segment(s) and 7158 point(s):
      Segment 1 : x range 0.0000 -> 1.0011 (1 -> 7158)

Starting search (adiabatic)

Scanning frequencies
  Time elapsed :     1.811 s

Finding roots
  Time elapsed :      0.140 s

Processing modes
   id    l     m    n_pg    n_p    n_g       Re(omega)       Im(omega)        chi n_iter
  813    7     0     -68      0     68  0.58881933E+00  0.00000000E+00 0.5444E-12      5
  814    7     0     -67      0     67  0.59835508E+00  0.00000000E+00 0.1896E-12      5
  815    7     0     -66      0     66  0.60831852E+00  0.00000000E+00 0.1547E-12      6
  816    7     0     -65      0     65  0.61688273E+00  0.00000000E+00 0.9597E-12      6
  817    7     0     -64      0     64  0.62474080E+00  0.00000000E+00 0.1630E-12      5
  818    7     0     -63      0     63  0.63506739E+00  0.00000000E+00 0.2029E-13      5
  819    7     0     -62      0     62  0.64646030E+00  0.00000000E+00 0.1730E-12      6
  820    7     0     -61      0     61  0.65691494E+00  0.00000000E+00 0.7383E-12      5
  821    7     0     -60      0     60  0.66548254E+00  0.00000000E+00 0.1940E-12      5
  822    7     0     -59      0     59  0.67648409E+00  0.00000000E+00 0.1685E-12      5
  823    7     0     -58      0     58  0.68942380E+00  0.00000000E+00 0.2693E-12      5
  824    7     0     -57      0     57  0.70207214E+00  0.00000000E+00 0.1950E-12      6
  825    7     0     -56      0     56  0.71204598E+00  0.00000000E+00 0.2780E-12      5
  826    7     0     -55      0     55  0.72357720E+00  0.00000000E+00 0.3051E-12      5
  827    7     0     -54      0     54  0.73819493E+00  0.00000000E+00 0.4886E-12      5
  828    7     0     -53      0     53  0.75316092E+00  0.00000000E+00 0.3695E-13      6
  829    7     0     -52      0     52  0.76513992E+00  0.00000000E+00 0.3483E-12      5
  830    7     0     -51      0     51  0.77747175E+00  0.00000000E+00 0.3589E-14      5
  831    7     0     -50      0     50  0.79407934E+00  0.00000000E+00 0.5758E-15      5
  832    7     0     -49      0     49  0.81172088E+00  0.00000000E+00 0.2875E-12      6
  833    7     0     -48      0     48  0.82639098E+00  0.00000000E+00 0.1981E-12      5
  834    7     0     -47      0     47  0.83984027E+00  0.00000000E+00 0.1738E-12      6
  835    7     0     -46      0     46  0.85876904E+00  0.00000000E+00 0.1799E-12      5
  836    7     0     -45      0     45  0.87965331E+00  0.00000000E+00 0.3786E-12      5
  837    7     0     -44      0     44  0.89781080E+00  0.00000000E+00 0.6633E-13      5
  838    7     0     -43      0     43  0.91277744E+00  0.00000000E+00 0.2840E-12      6
  839    7     0     -42      0     42  0.93451288E+00  0.00000000E+00 0.4966E-12      5
  840    7     0     -41      0     41  0.95941761E+00  0.00000000E+00 0.2194E-12      5
  841    7     0     -40      0     40  0.98245653E+00  0.00000000E+00 0.1773E-13      6
  842    7     0     -39      0     39  0.10001251E+01  0.00000000E+00 0.2166E-12      6
  843    7     0     -38      0     38  0.10248392E+01  0.00000000E+00 0.3456E-12      6
  844    7     0     -37      0     37  0.10550382E+01  0.00000000E+00 0.1665E-12      5
  845    7     0     -36      0     36  0.10854169E+01  0.00000000E+00 0.5418E-12      6
  846    7     0     -35      0     35  0.11083184E+01  0.00000000E+00 0.2218E-13      6
  847    7     0     -34      0     34  0.11352842E+01  0.00000000E+00 0.4332E-13      5
  848    7     0     -33      0     33  0.11719596E+01  0.00000000E+00 0.9579E-13      5
  849    7     0     -32      0     32  0.12112955E+01  0.00000000E+00 0.4817E-12      6
  850    7     0     -31      0     31  0.12441440E+01  0.00000000E+00 0.3713E-13      5
  851    7     0     -30      0     30  0.12730031E+01  0.00000000E+00 0.3395E-14      6
  852    7     0     -29      0     29  0.13169936E+01  0.00000000E+00 0.7927E-13      5
  853    7     0     -28      0     28  0.13676783E+01  0.00000000E+00 0.1280E-12      5
  854    7     0     -27      0     27  0.14171375E+01  0.00000000E+00 0.3270E-13      5
  855    7     0     -26      0     26  0.14532682E+01  0.00000000E+00 0.1590E-12      6
  856    7     0     -25      0     25  0.15019309E+01  0.00000000E+00 0.8723E-13      6
  857    7     0     -24      0     24  0.15666178E+01  0.00000000E+00 0.1257E-12      5
  858    7     0     -23      0     23  0.16375489E+01  0.00000000E+00 0.1815E-13      6
  Time elapsed :      1.839 s

Mode Search
-----------

Mode parameters
   l : 8
   m : 0

Building frequency grid (REAL axis)
   added scan interval :  0.5233E+00 ->  0.2103E+01 (3000 points, INVERSE)

Building spatial grid
   Scaffold grid from model
   Split 13 subinterval(s) in iteration 1
   Split 0 subinterval(s) in iteration 2
   Final grid has 1 segment(s) and 7160 point(s):
      Segment 1 : x range 0.0000 -> 1.0011 (1 -> 7160)

Starting search (adiabatic)

Scanning frequencies
  Time elapsed :     1.700 s

Finding roots
  Time elapsed :      0.160 s

Processing modes
   id    l     m    n_pg    n_p    n_g       Re(omega)       Im(omega)        chi n_iter
  874    8     0     -77      0     77  0.59029938E+00  0.00000000E+00 0.1608E-14      5
  875    8     0     -76      0     76  0.59831553E+00  0.00000000E+00 0.2075E-12      5
  876    8     0     -75      0     75  0.60710366E+00  0.00000000E+00 0.2698E-12      5
  877    8     0     -74      0     74  0.61528880E+00  0.00000000E+00 0.1328E-12      6
  878    8     0     -73      0     73  0.62217554E+00  0.00000000E+00 0.3798E-12      5
  879    8     0     -72      0     72  0.63050373E+00  0.00000000E+00 0.6472E-12      5
  880    8     0     -71      0     71  0.64027303E+00  0.00000000E+00 0.3441E-12      5
  881    8     0     -70      0     70  0.64999013E+00  0.00000000E+00 0.2558E-12      5
  882    8     0     -69      0     69  0.65803100E+00  0.00000000E+00 0.2816E-12      5
  883    8     0     -68      0     68  0.66650866E+00  0.00000000E+00 0.1437E-12      6
  884    8     0     -67      0     67  0.67721454E+00  0.00000000E+00 0.3668E-12      5
  885    8     0     -66      0     66  0.68847841E+00  0.00000000E+00 0.1171E-12      6
  886    8     0     -65      0     65  0.69824738E+00  0.00000000E+00 0.4674E-12      5
  887    8     0     -64      0     64  0.70703680E+00  0.00000000E+00 0.4533E-13      6
  888    8     0     -63      0     63  0.71858736E+00  0.00000000E+00 0.5041E-13      5
  889    8     0     -62      0     62  0.73142691E+00  0.00000000E+00 0.1379E-12      5
  890    8     0     -61      0     61  0.74330570E+00  0.00000000E+00 0.1623E-12      6
  891    8     0     -60      0     60  0.75295633E+00  0.00000000E+00 0.4052E-12      6
  892    8     0     -59      0     59  0.76522592E+00  0.00000000E+00 0.1668E-14      5
  893    8     0     -58      0     58  0.77977140E+00  0.00000000E+00 0.4065E-13      5
  894    8     0     -57      0     57  0.79406126E+00  0.00000000E+00 0.1917E-12      6
  895    8     0     -56      0     56  0.80533191E+00  0.00000000E+00 0.1149E-12      5
  896    8     0     -55      0     55  0.81819488E+00  0.00000000E+00 0.5030E-12      5
  897    8     0     -54      0     54  0.83459773E+00  0.00000000E+00 0.4880E-13      5
  898    8     0     -53      0     53  0.85143709E+00  0.00000000E+00 0.1673E-12      6
  899    8     0     -52      0     52  0.86494262E+00  0.00000000E+00 0.3238E-13      5
  900    8     0     -51      0     51  0.87873429E+00  0.00000000E+00 0.2076E-12      6
  901    8     0     -50      0     50  0.89735171E+00  0.00000000E+00 0.3810E-13      5
  902    8     0     -49      0     49  0.91716568E+00  0.00000000E+00 0.1205E-12      6
  903    8     0     -48      0     48  0.93371134E+00  0.00000000E+00 0.3811E-14      5
  904    8     0     -47      0     47  0.94874451E+00  0.00000000E+00 0.1324E-12      6
  905    8     0     -46      0     46  0.96991523E+00  0.00000000E+00 0.3298E-12      5
  906    8     0     -45      0     45  0.99335104E+00  0.00000000E+00 0.1310E-12      5
  907    8     0     -44      0     44  0.10139153E+01  0.00000000E+00 0.2172E-12      6
  908    8     0     -43      0     43  0.10306375E+01  0.00000000E+00 0.2321E-12      6
  909    8     0     -42      0     42  0.10547893E+01  0.00000000E+00 0.4136E-12      5
  910    8     0     -41      0     41  0.10826796E+01  0.00000000E+00 0.1439E-12      6
  911    8     0     -40      0     40  0.11089583E+01  0.00000000E+00 0.3999E-13      6
  912    8     0     -39      0     39  0.11288968E+01  0.00000000E+00 0.5979E-13      6
  913    8     0     -38      0     38  0.11558921E+01  0.00000000E+00 0.3939E-12      5
  914    8     0     -37      0     37  0.11895439E+01  0.00000000E+00 0.1166E-14      5
  915    8     0     -36      0     36  0.12240131E+01  0.00000000E+00 0.5524E-13      6
  916    8     0     -35      0     35  0.12507107E+01  0.00000000E+00 0.2521E-12      5
  917    8     0     -34      0     34  0.12794414E+01  0.00000000E+00 0.3170E-12      6
  918    8     0     -33      0     33  0.13197588E+01  0.00000000E+00 0.1767E-12      5
  919    8     0     -32      0     32  0.13638470E+01  0.00000000E+00 0.1032E-13      6
  920    8     0     -31      0     31  0.14027355E+01  0.00000000E+00 0.2120E-12      5
  921    8     0     -30      0     30  0.14336387E+01  0.00000000E+00 0.2032E-12      5
  922    8     0     -29      0     29  0.14806739E+01  0.00000000E+00 0.1571E-12      6
  923    8     0     -28      0     28  0.15365928E+01  0.00000000E+00 0.2670E-12      5
  924    8     0     -27      0     27  0.15932641E+01  0.00000000E+00 0.7395E-13      5
  925    8     0     -26      0     26  0.16360989E+01  0.00000000E+00 0.1636E-12      6
  Time elapsed :      2.041 s

Mode Search
-----------

Mode parameters
   l : 9
   m : 0

Building frequency grid (REAL axis)
   added scan interval :  0.5233E+00 ->  0.2103E+01 (3000 points, INVERSE)

Building spatial grid
   Scaffold grid from model
   Split 14 subinterval(s) in iteration 1
   Split 0 subinterval(s) in iteration 2
   Final grid has 1 segment(s) and 7161 point(s):
      Segment 1 : x range 0.0000 -> 1.0011 (1 -> 7161)

Starting search (adiabatic)

Scanning frequencies
  Time elapsed :     1.660 s

Finding roots
  Time elapsed :      0.178 s

Processing modes
   id    l     m    n_pg    n_p    n_g       Re(omega)       Im(omega)        chi n_iter
  942    9     0     -87      0     87  0.58620726E+00  0.00000000E+00 0.2065E-12      6
  943    9     0     -86      0     86  0.59187077E+00  0.00000000E+00 0.1532E-12      5
  944    9     0     -85      0     85  0.59862023E+00  0.00000000E+00 0.8517E-13      5
  945    9     0     -84      0     84  0.60635540E+00  0.00000000E+00 0.1495E-12      6
  946    9     0     -83      0     83  0.61397770E+00  0.00000000E+00 0.9582E-12      6
  947    9     0     -82      0     82  0.62041482E+00  0.00000000E+00 0.1430E-12      5
  948    9     0     -81      0     81  0.62724747E+00  0.00000000E+00 0.6529E-12      6
  949    9     0     -80      0     80  0.63560815E+00  0.00000000E+00 0.1492E-12      5
  950    9     0     -79      0     79  0.64432822E+00  0.00000000E+00 0.7021E-13      6
  951    9     0     -78      0     78  0.65200489E+00  0.00000000E+00 0.1794E-12      5
  952    9     0     -77      0     77  0.65902492E+00  0.00000000E+00 0.2475E-12      5
  953    9     0     -76      0     76  0.66786798E+00  0.00000000E+00 0.1988E-12      5
  954    9     0     -75      0     75  0.67765163E+00  0.00000000E+00 0.7936E-12      5
  955    9     0     -74      0     74  0.68685848E+00  0.00000000E+00 0.3425E-12      6
  956    9     0     -73      0     73  0.69454725E+00  0.00000000E+00 0.3272E-12      5
  957    9     0     -72      0     72  0.70369076E+00  0.00000000E+00 0.7453E-13      6
  958    9     0     -71      0     71  0.71452816E+00  0.00000000E+00 0.5956E-12      5
  959    9     0     -70      0     70  0.72540314E+00  0.00000000E+00 0.1461E-12      6
  960    9     0     -69      0     69  0.73445915E+00  0.00000000E+00 0.3512E-12      5
  961    9     0     -68      0     68  0.74375364E+00  0.00000000E+00 0.1293E-12      6
  962    9     0     -67      0     67  0.75558066E+00  0.00000000E+00 0.3634E-12      5
  963    9     0     -66      0     66  0.76812899E+00  0.00000000E+00 0.4718E-13      6
  964    9     0     -65      0     65  0.77913242E+00  0.00000000E+00 0.1388E-15      6
  965    9     0     -64      0     64  0.78881745E+00  0.00000000E+00 0.1795E-13      6
  966    9     0     -63      0     63  0.80152027E+00  0.00000000E+00 0.3715E-13      5
  967    9     0     -62      0     62  0.81577362E+00  0.00000000E+00 0.5679E-13      6
  968    9     0     -61      0     61  0.82909039E+00  0.00000000E+00 0.1335E-12      6
  969    9     0     -60      0     60  0.83981710E+00  0.00000000E+00 0.4283E-14      6
  970    9     0     -59      0     59  0.85326481E+00  0.00000000E+00 0.4375E-12      5
  971    9     0     -58      0     58  0.86936503E+00  0.00000000E+00 0.1002E-12      5
  972    9     0     -57      0     57  0.88528565E+00  0.00000000E+00 0.2314E-12      6
  973    9     0     -56      0     56  0.89786287E+00  0.00000000E+00 0.1150E-12      5
  974    9     0     -55      0     55  0.91196172E+00  0.00000000E+00 0.3873E-12      6
  975    9     0     -54      0     54  0.93007976E+00  0.00000000E+00 0.8266E-13      5
  976    9     0     -53      0     53  0.94876412E+00  0.00000000E+00 0.1538E-12      6
  977    9     0     -52      0     52  0.96382412E+00  0.00000000E+00 0.2783E-13      5
  978    9     0     -51      0     51  0.97896757E+00  0.00000000E+00 0.7029E-13      6
  979    9     0     -50      0     50  0.99949373E+00  0.00000000E+00 0.1659E-13      5
  980    9     0     -49      0     49  0.10214380E+01  0.00000000E+00 0.3228E-12      5
  981    9     0     -48      0     48  0.10399418E+01  0.00000000E+00 0.2871E-12      6
  982    9     0     -47      0     47  0.10564285E+01  0.00000000E+00 0.1130E-12      6
  983    9     0     -46      0     46  0.10796709E+01  0.00000000E+00 0.3519E-12      5
  984    9     0     -45      0     45  0.11055899E+01  0.00000000E+00 0.1800E-12      6
  985    9     0     -44      0     44  0.11287141E+01  0.00000000E+00 0.7553E-13      6
  986    9     0     -43      0     43  0.11470877E+01  0.00000000E+00 0.2096E-12      5
  987    9     0     -42      0     42  0.11733242E+01  0.00000000E+00 0.1686E-12      6
  988    9     0     -41      0     41  0.12040538E+01  0.00000000E+00 0.2296E-12      5
  989    9     0     -40      0     40  0.12336948E+01  0.00000000E+00 0.1361E-12      6
  990    9     0     -39      0     39  0.12560972E+01  0.00000000E+00 0.4950E-13      5
  991    9     0     -38      0     38  0.12847915E+01  0.00000000E+00 0.3183E-12      6
  992    9     0     -37      0     37  0.13215966E+01  0.00000000E+00 0.4913E-13      5
  993    9     0     -36      0     36  0.13600575E+01  0.00000000E+00 0.6644E-13      6
  994    9     0     -35      0     35  0.13911581E+01  0.00000000E+00 0.3773E-12      5
  995    9     0     -34      0     34  0.14210170E+01  0.00000000E+00 0.1056E-13      6
  996    9     0     -33      0     33  0.14642696E+01  0.00000000E+00 0.2094E-12      6
  997    9     0     -32      0     32  0.15127426E+01  0.00000000E+00 0.1151E-12      5
  998    9     0     -31      0     31  0.15580254E+01  0.00000000E+00 0.1834E-12      6
  999    9     0     -30      0     30  0.15915348E+01  0.00000000E+00 0.9962E-13      6
 1000    9     0     -29      0     29  0.16399132E+01  0.00000000E+00 0.6104E-13      6
  Time elapsed :      2.364 s

Mode Search
-----------

Mode parameters
   l : 10
   m : 0

Building frequency grid (REAL axis)
   added scan interval :  0.5233E+00 ->  0.2103E+01 (3000 points, INVERSE)

Building spatial grid
   Scaffold grid from model
   Split 15 subinterval(s) in iteration 1
   Split 0 subinterval(s) in iteration 2
   Final grid has 1 segment(s) and 7162 point(s):
      Segment 1 : x range 0.0000 -> 1.0011 (1 -> 7162)

Starting search (adiabatic)

Scanning frequencies
  Time elapsed :     1.680 s

Finding roots
  Time elapsed :      0.194 s

Processing modes
   id    l     m    n_pg    n_p    n_g       Re(omega)       Im(omega)        chi n_iter
 1019   10     0     -96      0     96  0.58836218E+00  0.00000000E+00 0.3482E-12      6
 1020   10     0     -95      0     95  0.59362968E+00  0.00000000E+00 0.1156E-12      5
 1021   10     0     -94      0     94  0.59943656E+00  0.00000000E+00 0.2300E-12      5
 1022   10     0     -93      0     93  0.60625642E+00  0.00000000E+00 0.4503E-12      5
 1023   10     0     -92      0     92  0.61319935E+00  0.00000000E+00 0.1285E-12      6
 1024   10     0     -91      0     91  0.61929532E+00  0.00000000E+00 0.2003E-12      6
 1025   10     0     -90      0     90  0.62516240E+00  0.00000000E+00 0.1109E-12      6
 1026   10     0     -89      0     89  0.63231689E+00  0.00000000E+00 0.2411E-13      5
 1027   10     0     -88      0     88  0.64005555E+00  0.00000000E+00 0.3230E-13      5
 1028   10     0     -87      0     87  0.64728162E+00  0.00000000E+00 0.4222E-12      6
 1029   10     0     -86      0     86  0.65352824E+00  0.00000000E+00 0.2907E-12      6
 1030   10     0     -85      0     85  0.66087516E+00  0.00000000E+00 0.2858E-12      5
 1031   10     0     -84      0     84  0.66937353E+00  0.00000000E+00 0.2763E-13      5
 1032   10     0     -83      0     83  0.67782489E+00  0.00000000E+00 0.4812E-13      5
 1033   10     0     -82      0     82  0.68499486E+00  0.00000000E+00 0.6716E-13      5
 1034   10     0     -81      0     81  0.69241661E+00  0.00000000E+00 0.1614E-12      5
 1035   10     0     -80      0     80  0.70156153E+00  0.00000000E+00 0.1198E-12      5
 1036   10     0     -79      0     79  0.71118860E+00  0.00000000E+00 0.7039E-12      6
 1037   10     0     -78      0     78  0.71976221E+00  0.00000000E+00 0.1819E-12      6
 1038   10     0     -77      0     77  0.72743382E+00  0.00000000E+00 0.5255E-13      6
 1039   10     0     -76      0     76  0.73705395E+00  0.00000000E+00 0.5166E-12      5
 1040   10     0     -75      0     75  0.74781358E+00  0.00000000E+00 0.4289E-12      6
 1041   10     0     -74      0     74  0.75805769E+00  0.00000000E+00 0.2218E-12      6
 1042   10     0     -73      0     73  0.76656492E+00  0.00000000E+00 0.1249E-12      5
 1043   10     0     -72      0     72  0.77646091E+00  0.00000000E+00 0.1925E-12      6
 1044   10     0     -71      0     71  0.78833032E+00  0.00000000E+00 0.4700E-13      5
 1045   10     0     -70      0     70  0.80036059E+00  0.00000000E+00 0.1534E-12      5
 1046   10     0     -69      0     69  0.81046866E+00  0.00000000E+00 0.1706E-12      5
 1047   10     0     -68      0     68  0.82052448E+00  0.00000000E+00 0.1601E-12      5
 1048   10     0     -67      0     67  0.83341353E+00  0.00000000E+00 0.4034E-12      5
 1049   10     0     -66      0     66  0.84722496E+00  0.00000000E+00 0.1865E-12      6
 1050   10     0     -65      0     65  0.85949424E+00  0.00000000E+00 0.4389E-12      6
 1051   10     0     -64      0     64  0.87004724E+00  0.00000000E+00 0.8971E-13      5
 1052   10     0     -63      0     63  0.88381813E+00  0.00000000E+00 0.1034E-11      5
 1053   10     0     -62      0     62  0.89944599E+00  0.00000000E+00 0.3090E-12      6
 1054   10     0     -61      0     61  0.91421250E+00  0.00000000E+00 0.1925E-12      5
 1055   10     0     -60      0     60  0.92602040E+00  0.00000000E+00 0.2351E-12      5
 1056   10     0     -59      0     59  0.94054429E+00  0.00000000E+00 0.1048E-12      5
 1057   10     0     -58      0     58  0.95814024E+00  0.00000000E+00 0.5325E-12      5
 1058   10     0     -57      0     57  0.97567913E+00  0.00000000E+00 0.8887E-14      5
 1059   10     0     -56      0     56  0.98958641E+00  0.00000000E+00 0.5935E-13      5
 1060   10     0     -55      0     55  0.10048133E+01  0.00000000E+00 0.5963E-12      5
 1061   10     0     -54      0     54  0.10245656E+01  0.00000000E+00 0.1889E-12      5
 1062   10     0     -53      0     53  0.10450678E+01  0.00000000E+00 0.4345E-13      6
 1063   10     0     -52      0     52  0.10617373E+01  0.00000000E+00 0.2918E-12      6
 1064   10     0     -51      0     51  0.10781056E+01  0.00000000E+00 0.1031E-12      6
 1065   10     0     -50      0     50  0.11004160E+01  0.00000000E+00 0.2478E-12      5
 1066   10     0     -49      0     49  0.11244465E+01  0.00000000E+00 0.2441E-12      6
 1067   10     0     -48      0     48  0.11450327E+01  0.00000000E+00 0.1891E-12      6
 1068   10     0     -47      0     47  0.11628392E+01  0.00000000E+00 0.4144E-13      6
 1069   10     0     -46      0     46  0.11879315E+01  0.00000000E+00 0.2346E-12      5
 1070   10     0     -45      0     45  0.12162457E+01  0.00000000E+00 0.7362E-13      6
 1071   10     0     -44      0     44  0.12420991E+01  0.00000000E+00 0.1895E-12      6
 1072   10     0     -43      0     43  0.12620982E+01  0.00000000E+00 0.1922E-12      5
 1073   10     0     -42      0     42  0.12899859E+01  0.00000000E+00 0.8391E-13      6
 1074   10     0     -41      0     41  0.13233630E+01  0.00000000E+00 0.9276E-13      5
 1075   10     0     -40      0     40  0.13564190E+01  0.00000000E+00 0.4084E-13      5
 1076   10     0     -39      0     39  0.13817107E+01  0.00000000E+00 0.6303E-13      6
 1077   10     0     -38      0     38  0.14114392E+01  0.00000000E+00 0.4262E-13      6
 1078   10     0     -37      0     37  0.14509860E+01  0.00000000E+00 0.1764E-13      5
 1079   10     0     -36      0     36  0.14932154E+01  0.00000000E+00 0.1029E-12      6
 1080   10     0     -35      0     35  0.15293550E+01  0.00000000E+00 0.9591E-14      6
 1081   10     0     -34      0     34  0.15600684E+01  0.00000000E+00 0.1137E-12      6
 1082   10     0     -33      0     33  0.16052581E+01  0.00000000E+00 0.2015E-12      5
 1083   10     0     -32      0     32  0.16576098E+01  0.00000000E+00 0.5810E-13      5
  Time elapsed :      2.627 s

Mode Search
-----------

Mode parameters
   l : 11
   m : 0

Building frequency grid (REAL axis)
   added scan interval :  0.5233E+00 ->  0.2103E+01 (3000 points, INVERSE)

Building spatial grid
   Scaffold grid from model
   Split 15 subinterval(s) in iteration 1
   Split 0 subinterval(s) in iteration 2
   Final grid has 1 segment(s) and 7162 point(s):
      Segment 1 : x range 0.0000 -> 1.0011 (1 -> 7162)

Starting search (adiabatic)

Scanning frequencies
  Time elapsed :     1.741 s

Finding roots
  Time elapsed :      0.222 s

Processing modes
   id    l     m    n_pg    n_p    n_g       Re(omega)       Im(omega)        chi n_iter
 1104   11     0    -105      0    105  0.59003595E+00  0.00000000E+00 0.3288E-12      6
 1105   11     0    -104      0    104  0.59512988E+00  0.00000000E+00 0.2475E-12      6
 1106   11     0    -103      0    103  0.60022724E+00  0.00000000E+00 0.1563E-12      6
 1107   11     0    -102      0    102  0.60631139E+00  0.00000000E+00 0.4996E-12      5
 1108   11     0    -101      0    101  0.61272952E+00  0.00000000E+00 0.6126E-12      6
 1109   11     0    -100      0    100  0.61859512E+00  0.00000000E+00 0.1344E-12      6
 1110   11     0     -99      0     99  0.62386051E+00  0.00000000E+00 0.1747E-12      5
 1111   11     0     -98      0     98  0.63008818E+00  0.00000000E+00 0.2995E-12      5
 1112   11     0     -97      0     97  0.63704366E+00  0.00000000E+00 0.4064E-12      6
 1113   11     0     -96      0     96  0.64378048E+00  0.00000000E+00 0.2332E-12      5
 1114   11     0     -95      0     95  0.64956988E+00  0.00000000E+00 0.1352E-12      5
 1115   11     0     -94      0     94  0.65583764E+00  0.00000000E+00 0.7347E-12      5
 1116   11     0     -93      0     93  0.66324976E+00  0.00000000E+00 0.6352E-12      5
 1117   11     0     -92      0     92  0.67085792E+00  0.00000000E+00 0.4111E-12      4
 1118   11     0     -91      0     91  0.67759352E+00  0.00000000E+00 0.3409E-13      5
 1119   11     0     -90      0     90  0.68394630E+00  0.00000000E+00 0.1044E-12      6
 1120   11     0     -89      0     89  0.69168438E+00  0.00000000E+00 0.2383E-13      5
 1121   11     0     -88      0     88  0.70013276E+00  0.00000000E+00 0.1452E-12      6
 1122   11     0     -87      0     87  0.70810734E+00  0.00000000E+00 0.1877E-12      6
 1123   11     0     -86      0     86  0.71494666E+00  0.00000000E+00 0.4995E-14      5
 1124   11     0     -85      0     85  0.72285087E+00  0.00000000E+00 0.1557E-12      5
 1125   11     0     -84      0     84  0.73209013E+00  0.00000000E+00 0.3864E-13      5
 1126   11     0     -83      0     83  0.74137264E+00  0.00000000E+00 0.3484E-13      6
 1127   11     0     -82      0     82  0.74930414E+00  0.00000000E+00 0.8234E-13      5
 1128   11     0     -81      0     81  0.75728013E+00  0.00000000E+00 0.1961E-12      6
 1129   11     0     -80      0     80  0.76717009E+00  0.00000000E+00 0.3788E-13      5
 1130   11     0     -79      0     79  0.77769347E+00  0.00000000E+00 0.3390E-12      6
 1131   11     0     -78      0     78  0.78719209E+00  0.00000000E+00 0.1963E-14      6
 1132   11     0     -77      0     77  0.79550894E+00  0.00000000E+00 0.1957E-12      5
 1133   11     0     -76      0     76  0.80584745E+00  0.00000000E+00 0.6490E-12      5
 1134   11     0     -75      0     75  0.81755797E+00  0.00000000E+00 0.1960E-13      6
 1135   11     0     -74      0     74  0.82885140E+00  0.00000000E+00 0.2001E-12      6
 1136   11     0     -73      0     73  0.83820586E+00  0.00000000E+00 0.1671E-12      5
 1137   11     0     -72      0     72  0.84878636E+00  0.00000000E+00 0.4466E-12      5
 1138   11     0     -71      0     71  0.86164354E+00  0.00000000E+00 0.4152E-12      5
 1139   11     0     -70      0     70  0.87482098E+00  0.00000000E+00 0.7456E-14      6
 1140   11     0     -69      0     69  0.88602446E+00  0.00000000E+00 0.4685E-13      6
 1141   11     0     -68      0     68  0.89679103E+00  0.00000000E+00 0.3053E-12      6
 1142   11     0     -67      0     67  0.91067127E+00  0.00000000E+00 0.1131E-12      5
 1143   11     0     -66      0     66  0.92571771E+00  0.00000000E+00 0.5631E-13      6
 1144   11     0     -65      0     65  0.93928304E+00  0.00000000E+00 0.9160E-14      5
 1145   11     0     -64      0     64  0.95069000E+00  0.00000000E+00 0.1303E-12      6
 1146   11     0     -63      0     63  0.96543169E+00  0.00000000E+00 0.4602E-12      5
 1147   11     0     -62      0     62  0.98238718E+00  0.00000000E+00 0.3320E-13      6
 1148   11     0     -61      0     61  0.99861078E+00  0.00000000E+00 0.1455E-12      6
 1149   11     0     -60      0     60  0.10115211E+01  0.00000000E+00 0.2016E-13      5
 1150   11     0     -59      0     59  0.10270083E+01  0.00000000E+00 0.7472E-13      5
 1151   11     0     -58      0     58  0.10460315E+01  0.00000000E+00 0.3021E-13      5
 1152   11     0     -57      0     57  0.10651733E+01  0.00000000E+00 0.1360E-12      6
 1153   11     0     -56      0     56  0.10804526E+01  0.00000000E+00 0.1384E-12      5
 1154   11     0     -55      0     55  0.10966893E+01  0.00000000E+00 0.2462E-13      6
 1155   11     0     -54      0     54  0.11179803E+01  0.00000000E+00 0.6672E-12      5
 1156   11     0     -53      0     53  0.11402719E+01  0.00000000E+00 0.2006E-12      5
 1157   11     0     -52      0     52  0.11586385E+01  0.00000000E+00 0.1871E-12      5
 1158   11     0     -51      0     51  0.11760923E+01  0.00000000E+00 0.7508E-13      6
 1159   11     0     -50      0     50  0.12000307E+01  0.00000000E+00 0.3309E-12      5
 1160   11     0     -49      0     49  0.12260936E+01  0.00000000E+00 0.2214E-12      6
 1161   11     0     -48      0     48  0.12489194E+01  0.00000000E+00 0.1430E-12      6
 1162   11     0     -47      0     47  0.12679452E+01  0.00000000E+00 0.3247E-12      6
 1163   11     0     -46      0     46  0.12945966E+01  0.00000000E+00 0.2579E-12      6
 1164   11     0     -45      0     45  0.13251830E+01  0.00000000E+00 0.3092E-12      6
 1165   11     0     -44      0     44  0.13539057E+01  0.00000000E+00 0.4185E-13      6
 1166   11     0     -43      0     43  0.13756699E+01  0.00000000E+00 0.2771E-12      6
 1167   11     0     -42      0     42  0.14046616E+01  0.00000000E+00 0.2073E-12      5
 1168   11     0     -41      0     41  0.14404335E+01  0.00000000E+00 0.1870E-12      5
 1169   11     0     -40      0     40  0.14768457E+01  0.00000000E+00 0.7122E-13      6
 1170   11     0     -39      0     39  0.15056756E+01  0.00000000E+00 0.4931E-12      5
 1171   11     0     -38      0     38  0.15358107E+01  0.00000000E+00 0.1028E-12      5
 1172   11     0     -37      0     37  0.15775180E+01  0.00000000E+00 0.2649E-13      5
 1173   11     0     -36      0     36  0.16231646E+01  0.00000000E+00 0.3754E-14      6
 1174   11     0     -35      0     35  0.16647399E+01  0.00000000E+00 0.9460E-13      6
  Time elapsed :      2.848 s

Mode Search
-----------

Mode parameters
   l : 12
   m : 0

Building frequency grid (REAL axis)
   added scan interval :  0.5233E+00 ->  0.2103E+01 (3000 points, INVERSE)

Building spatial grid
   Scaffold grid from model
   Split 35 subinterval(s) in iteration 1
   Split 0 subinterval(s) in iteration 2
   Final grid has 1 segment(s) and 7182 point(s):
      Segment 1 : x range 0.0000 -> 1.0011 (1 -> 7182)

Starting search (adiabatic)

Scanning frequencies
  Time elapsed :     1.730 s

Finding roots
  Time elapsed :      0.249 s

Processing modes
   id    l     m    n_pg    n_p    n_g       Re(omega)       Im(omega)        chi n_iter
 1197   12     0    -114      0    114  0.59105740E+00  0.00000000E+00 0.4797E-12      6
 1198   12     0    -113      0    113  0.59612100E+00  0.00000000E+00 0.2183E-12      6
 1199   12     0    -112      0    112  0.60073093E+00  0.00000000E+00 0.9608E-12      5
 1200   12     0    -111      0    111  0.60609628E+00  0.00000000E+00 0.1544E-13      5
 1201   12     0    -110      0    110  0.61202084E+00  0.00000000E+00 0.3647E-12      6
 1202   12     0    -109      0    109  0.61770950E+00  0.00000000E+00 0.2862E-12      5
 1203   12     0    -108      0    108  0.62267676E+00  0.00000000E+00 0.2412E-12      5
 1204   12     0    -107      0    107  0.62811916E+00  0.00000000E+00 0.1863E-12      5
 1205   12     0    -106      0    106  0.63440573E+00  0.00000000E+00 0.1177E-12      5
 1206   12     0    -105      0    105  0.64074447E+00  0.00000000E+00 0.5566E-12      6
 1207   12     0    -104      0    104  0.64631561E+00  0.00000000E+00 0.2758E-12      6
 1208   12     0    -103      0    103  0.65179737E+00  0.00000000E+00 0.3024E-12      5
 1209   12     0    -102      0    102  0.65834988E+00  0.00000000E+00 0.1075E-12      5
 1210   12     0    -101      0    101  0.66531501E+00  0.00000000E+00 0.5467E-12      5
 1211   12     0    -100      0    100  0.67173695E+00  0.00000000E+00 0.4405E-12      5
 1212   12     0     -99      0     99  0.67743658E+00  0.00000000E+00 0.2424E-12      5
 1213   12     0     -98      0     98  0.68411343E+00  0.00000000E+00 0.4695E-12      5
 1214   12     0     -97      0     97  0.69163645E+00  0.00000000E+00 0.3697E-12      6
 1215   12     0     -96      0     96  0.69899104E+00  0.00000000E+00 0.2373E-12      6
 1216   12     0     -95      0     95  0.70531771E+00  0.00000000E+00 0.2875E-12      5
 1217   12     0     -94      0     94  0.71202006E+00  0.00000000E+00 0.1496E-12      5
 1218   12     0     -93      0     93  0.72000218E+00  0.00000000E+00 0.9168E-12      5
 1219   12     0     -92      0     92  0.72827208E+00  0.00000000E+00 0.7159E-12      6
 1220   12     0     -91      0     91  0.73566807E+00  0.00000000E+00 0.4024E-12      6
 1221   12     0     -90      0     90  0.74249678E+00  0.00000000E+00 0.3615E-12      6
 1222   12     0     -89      0     89  0.75078308E+00  0.00000000E+00 0.1865E-12      5
 1223   12     0     -88      0     88  0.75992748E+00  0.00000000E+00 0.7172E-13      5
 1224   12     0     -87      0     87  0.76866298E+00  0.00000000E+00 0.6576E-13      6
 1225   12     0     -86      0     86  0.77611310E+00  0.00000000E+00 0.7928E-12      5
 1226   12     0     -85      0     85  0.78453080E+00  0.00000000E+00 0.7188E-13      6
 1227   12     0     -84      0     84  0.79448314E+00  0.00000000E+00 0.7265E-13      6
 1228   12     0     -83      0     83  0.80459514E+00  0.00000000E+00 0.2541E-12      6
 1229   12     0     -82      0     82  0.81332232E+00  0.00000000E+00 0.4098E-12      6
 1230   12     0     -81      0     81  0.82182215E+00  0.00000000E+00 0.1533E-12      5
 1231   12     0     -80      0     80  0.83240964E+00  0.00000000E+00 0.3278E-12      5
 1232   12     0     -79      0     79  0.84381372E+00  0.00000000E+00 0.7514E-14      6
 1233   12     0     -78      0     78  0.85426417E+00  0.00000000E+00 0.2956E-12      6
 1234   12     0     -77      0     77  0.86323325E+00  0.00000000E+00 0.3989E-12      5
 1235   12     0     -76      0     76  0.87422249E+00  0.00000000E+00 0.3775E-12      6
 1236   12     0     -75      0     75  0.88685208E+00  0.00000000E+00 0.3846E-12      6
 1237   12     0     -74      0     74  0.89920123E+00  0.00000000E+00 0.5952E-14      6
 1238   12     0     -73      0     73  0.90944514E+00  0.00000000E+00 0.2771E-12      5
 1239   12     0     -72      0     72  0.92064028E+00  0.00000000E+00 0.2330E-12      5
 1240   12     0     -71      0     71  0.93443122E+00  0.00000000E+00 0.6196E-12      5
 1241   12     0     -70      0     70  0.94874073E+00  0.00000000E+00 0.1586E-12      6
 1242   12     0     -69      0     69  0.96108677E+00  0.00000000E+00 0.6667E-13      6
 1243   12     0     -68      0     68  0.97252452E+00  0.00000000E+00 0.5558E-13      5
 1244   12     0     -67      0     67  0.98731178E+00  0.00000000E+00 0.2704E-13      5
 1245   12     0     -66      0     66  0.10035572E+01  0.00000000E+00 0.4018E-12      6
 1246   12     0     -65      0     65  0.10184442E+01  0.00000000E+00 0.1407E-13      6
 1247   12     0     -64      0     64  0.10307104E+01  0.00000000E+00 0.1178E-12      6
 1248   12     0     -63      0     63  0.10463126E+01  0.00000000E+00 0.2046E-12      6
 1249   12     0     -62      0     62  0.10645400E+01  0.00000000E+00 0.1148E-12      6
 1250   12     0     -61      0     61  0.10822214E+01  0.00000000E+00 0.1452E-12      6
 1251   12     0     -60      0     60  0.10962756E+01  0.00000000E+00 0.2144E-12      6
 1252   12     0     -59      0     59  0.11126038E+01  0.00000000E+00 0.2046E-13      6
 1253   12     0     -58      0     58  0.11329745E+01  0.00000000E+00 0.4108E-12      5
 1254   12     0     -57      0     57  0.11536995E+01  0.00000000E+00 0.6324E-13      6
 1255   12     0     -56      0     56  0.11704164E+01  0.00000000E+00 0.3037E-12      5
 1256   12     0     -55      0     55  0.11875373E+01  0.00000000E+00 0.1549E-12      5
 1257   12     0     -54      0     54  0.12102516E+01  0.00000000E+00 0.4762E-13      5
 1258   12     0     -53      0     53  0.12342977E+01  0.00000000E+00 0.2004E-13      6
 1259   12     0     -52      0     52  0.12544830E+01  0.00000000E+00 0.4626E-12      5
 1260   12     0     -51      0     51  0.12728875E+01  0.00000000E+00 0.1109E-12      5
 1261   12     0     -50      0     50  0.12982543E+01  0.00000000E+00 0.1051E-12      5
 1262   12     0     -49      0     49  0.13262762E+01  0.00000000E+00 0.8059E-13      5
 1263   12     0     -48      0     48  0.13515079E+01  0.00000000E+00 0.1156E-12      6
 1264   12     0     -47      0     47  0.13717453E+01  0.00000000E+00 0.1241E-12      6
 1265   12     0     -46      0     46  0.13995753E+01  0.00000000E+00 0.5762E-13      6
 1266   12     0     -45      0     45  0.14322596E+01  0.00000000E+00 0.2505E-13      6
 1267   12     0     -44      0     44  0.14639049E+01  0.00000000E+00 0.6461E-13      6
 1268   12     0     -43      0     43  0.14878223E+01  0.00000000E+00 0.1262E-13      6
 1269   12     0     -42      0     42  0.15172785E+01  0.00000000E+00 0.2384E-13      6
 1270   12     0     -41      0     41  0.15551080E+01  0.00000000E+00 0.1141E-13      5
 1271   12     0     -40      0     40  0.15946919E+01  0.00000000E+00 0.2940E-12      6
 1272   12     0     -39      0     39  0.16277855E+01  0.00000000E+00 0.4936E-13      5
 1273   12     0     -38      0     38  0.16580004E+01  0.00000000E+00 0.1882E-12      6
  Time elapsed :      3.105 s

Mode Search
-----------

Mode parameters
   l : 13
   m : 0

Building frequency grid (REAL axis)
   added scan interval :  0.5233E+00 ->  0.2103E+01 (3000 points, INVERSE)

Building spatial grid
   Scaffold grid from model
   Split 62 subinterval(s) in iteration 1
   Split 10 subinterval(s) in iteration 2
   Split 0 subinterval(s) in iteration 3
   Final grid has 1 segment(s) and 7219 point(s):
      Segment 1 : x range 0.0000 -> 1.0011 (1 -> 7219)

Starting search (adiabatic)

Scanning frequencies
  Time elapsed :     1.661 s

Finding roots
  Time elapsed :      0.257 s

Processing modes
   id    l     m    n_pg    n_p    n_g       Re(omega)       Im(omega)        chi n_iter
 1299   13     0    -123      0    123  0.59171187E+00  0.00000000E+00 0.6194E-12      6
 1300   13     0    -122      0    122  0.59671030E+00  0.00000000E+00 0.1655E-12      5
 1301   13     0    -121      0    121  0.60113389E+00  0.00000000E+00 0.6109E-12      5
 1302   13     0    -120      0    120  0.60576406E+00  0.00000000E+00 0.1335E-12      5
 1303   13     0    -119      0    119  0.61111755E+00  0.00000000E+00 0.2865E-12      6
 1304   13     0    -118      0    118  0.61659309E+00  0.00000000E+00 0.2892E-12      6
 1305   13     0    -117      0    117  0.62150222E+00  0.00000000E+00 0.3426E-12      6
 1306   13     0    -116      0    116  0.62624835E+00  0.00000000E+00 0.2731E-12      5
 1307   13     0    -115      0    115  0.63182407E+00  0.00000000E+00 0.1395E-11      5
 1308   13     0    -114      0    114  0.63776275E+00  0.00000000E+00 0.1877E-12      6
 1309   13     0    -113      0    113  0.64326039E+00  0.00000000E+00 0.3296E-12      6
 1310   13     0    -112      0    112  0.64822141E+00  0.00000000E+00 0.3454E-13      5
 1311   13     0    -111      0    111  0.65395518E+00  0.00000000E+00 0.2537E-12      5
 1312   13     0    -110      0    110  0.66033003E+00  0.00000000E+00 0.2909E-12      6
 1313   13     0    -109      0    109  0.66649796E+00  0.00000000E+00 0.2123E-12      6
 1314   13     0    -108      0    108  0.67187571E+00  0.00000000E+00 0.2233E-13      5
 1315   13     0    -107      0    107  0.67767939E+00  0.00000000E+00 0.7061E-12      5
 1316   13     0    -106      0    106  0.68442331E+00  0.00000000E+00 0.2391E-12      6
 1317   13     0    -105      0    105  0.69127693E+00  0.00000000E+00 0.1069E-12      5
 1318   13     0    -104      0    104  0.69733898E+00  0.00000000E+00 0.1569E-12      6
 1319   13     0    -103      0    103  0.70319341E+00  0.00000000E+00 0.4659E-12      5
 1320   13     0    -102      0    102  0.71019331E+00  0.00000000E+00 0.8100E-13      5
 1321   13     0    -101      0    101  0.71769913E+00  0.00000000E+00 0.1870E-12      6
 1322   13     0    -100      0    100  0.72468957E+00  0.00000000E+00 0.2358E-13      6
 1323   13     0     -99      0     99  0.73082819E+00  0.00000000E+00 0.1049E-11      5
 1324   13     0     -98      0     98  0.73792539E+00  0.00000000E+00 0.2332E-12      5
 1325   13     0     -97      0     97  0.74600096E+00  0.00000000E+00 0.5792E-14      6
 1326   13     0     -96      0     96  0.75397705E+00  0.00000000E+00 0.7277E-14      6
 1327   13     0     -95      0     95  0.76086135E+00  0.00000000E+00 0.4426E-12      5
 1328   13     0     -94      0     94  0.76797256E+00  0.00000000E+00 0.6057E-12      5
 1329   13     0     -93      0     93  0.77649762E+00  0.00000000E+00 0.4920E-12      5
 1330   13     0     -92      0     92  0.78542273E+00  0.00000000E+00 0.3643E-12      6
 1331   13     0     -91      0     91  0.79350071E+00  0.00000000E+00 0.2124E-12      6
 1332   13     0     -90      0     90  0.80080300E+00  0.00000000E+00 0.1242E-12      6
 1333   13     0     -89      0     89  0.80959647E+00  0.00000000E+00 0.7628E-12      5
 1334   13     0     -88      0     88  0.81941893E+00  0.00000000E+00 0.1080E-12      6
 1335   13     0     -87      0     87  0.82892457E+00  0.00000000E+00 0.8522E-14      6
 1336   13     0     -86      0     86  0.83701326E+00  0.00000000E+00 0.1619E-12      5
 1337   13     0     -85      0     85  0.84589904E+00  0.00000000E+00 0.5179E-12      6
 1338   13     0     -84      0     84  0.85652992E+00  0.00000000E+00 0.2387E-12      5
 1339   13     0     -83      0     83  0.86746479E+00  0.00000000E+00 0.2735E-12      6
 1340   13     0     -82      0     82  0.87702555E+00  0.00000000E+00 0.3652E-12      5
 1341   13     0     -81      0     81  0.88602818E+00  0.00000000E+00 0.1562E-12      6
 1342   13     0     -80      0     80  0.89725612E+00  0.00000000E+00 0.1717E-12      5
 1343   13     0     -79      0     79  0.90951914E+00  0.00000000E+00 0.6696E-13      6
 1344   13     0     -78      0     78  0.92094386E+00  0.00000000E+00 0.1623E-12      6
 1345   13     0     -77      0     77  0.93058966E+00  0.00000000E+00 0.7555E-13      6
 1346   13     0     -76      0     76  0.94215424E+00  0.00000000E+00 0.5149E-13      5
 1347   13     0     -75      0     75  0.95566276E+00  0.00000000E+00 0.4470E-13      5
 1348   13     0     -74      0     74  0.96906610E+00  0.00000000E+00 0.3552E-12      6
 1349   13     0     -73      0     73  0.98025413E+00  0.00000000E+00 0.5928E-13      5
 1350   13     0     -72      0     72  0.99199801E+00  0.00000000E+00 0.5699E-13      6
 1351   13     0     -71      0     71  0.10066571E+01  0.00000000E+00 0.2391E-12      5
 1352   13     0     -70      0     70  0.10220752E+01  0.00000000E+00 0.1660E-13      6
 1353   13     0     -69      0     69  0.10356101E+01  0.00000000E+00 0.3521E-13      6
 1354   13     0     -68      0     68  0.10476980E+01  0.00000000E+00 0.5321E-13      6
 1355   13     0     -67      0     67  0.10632938E+01  0.00000000E+00 0.3770E-12      5
 1356   13     0     -66      0     66  0.10806930E+01  0.00000000E+00 0.1592E-12      5
 1357   13     0     -65      0     65  0.10969189E+01  0.00000000E+00 0.2980E-12      6
 1358   13     0     -64      0     64  0.11100741E+01  0.00000000E+00 0.1736E-13      6
 1359   13     0     -63      0     63  0.11264148E+01  0.00000000E+00 0.2962E-13      6
 1360   13     0     -62      0     62  0.11458481E+01  0.00000000E+00 0.8160E-13      5
 1361   13     0     -61      0     61  0.11649796E+01  0.00000000E+00 0.1556E-12      6
 1362   13     0     -60      0     60  0.11802418E+01  0.00000000E+00 0.6428E-13      5
 1363   13     0     -59      0     59  0.11972839E+01  0.00000000E+00 0.4083E-13      6
 1364   13     0     -58      0     58  0.12189076E+01  0.00000000E+00 0.4278E-12      5
 1365   13     0     -57      0     57  0.12411893E+01  0.00000000E+00 0.1380E-12      5
 1366   13     0     -56      0     56  0.12594361E+01  0.00000000E+00 0.1505E-12      6
 1367   13     0     -55      0     55  0.12773165E+01  0.00000000E+00 0.2592E-12      6
 1368   13     0     -54      0     54  0.13013108E+01  0.00000000E+00 0.8519E-13      5
 1369   13     0     -53      0     53  0.13270629E+01  0.00000000E+00 0.1084E-12      5
 1370   13     0     -52      0     52  0.13492156E+01  0.00000000E+00 0.2182E-14      6
 1371   13     0     -51      0     51  0.13684734E+01  0.00000000E+00 0.5675E-13      6
 1372   13     0     -50      0     50  0.13950106E+01  0.00000000E+00 0.1740E-12      6
 1373   13     0     -49      0     49  0.14248881E+01  0.00000000E+00 0.1092E-12      5
 1374   13     0     -48      0     48  0.14526590E+01  0.00000000E+00 0.1540E-12      6
 1375   13     0     -47      0     47  0.14742681E+01  0.00000000E+00 0.1269E-12      6
 1376   13     0     -46      0     46  0.15027933E+01  0.00000000E+00 0.9857E-14      6
 1377   13     0     -45      0     45  0.15373311E+01  0.00000000E+00 0.3994E-12      5
 1378   13     0     -44      0     44  0.15718194E+01  0.00000000E+00 0.1938E-12      6
 1379   13     0     -43      0     43  0.15985406E+01  0.00000000E+00 0.7744E-13      6
 1380   13     0     -42      0     42  0.16278385E+01  0.00000000E+00 0.1133E-12      6
 1381   13     0     -41      0     41  0.16672592E+01  0.00000000E+00 0.1612E-12      6
  Time elapsed :      3.387 s

Mode Search
-----------

Mode parameters
   l : 14
   m : 0

Building frequency grid (REAL axis)
   added scan interval :  0.5233E+00 ->  0.2103E+01 (3000 points, INVERSE)

Building spatial grid
   Scaffold grid from model
   Split 90 subinterval(s) in iteration 1
   Split 20 subinterval(s) in iteration 2
   Split 0 subinterval(s) in iteration 3
   Final grid has 1 segment(s) and 7257 point(s):
      Segment 1 : x range 0.0000 -> 1.0011 (1 -> 7257)

Starting search (adiabatic)

Scanning frequencies
  Time elapsed :     1.688 s

Finding roots
  Time elapsed :      0.282 s

Processing modes
   id    l     m    n_pg    n_p    n_g       Re(omega)       Im(omega)        chi n_iter
 1408   14     0    -132      0    132  0.59219269E+00  0.00000000E+00 0.5566E-13      6
 1409   14     0    -131      0    131  0.59699699E+00  0.00000000E+00 0.2993E-12      6
 1410   14     0    -130      0    130  0.60143907E+00  0.00000000E+00 0.1067E-11      6
 1411   14     0    -129      0    129  0.60558520E+00  0.00000000E+00 0.2339E-14      5
 1412   14     0    -128      0    128  0.61030914E+00  0.00000000E+00 0.1738E-12      5
 1413   14     0    -127      0    127  0.61543246E+00  0.00000000E+00 0.2037E-12      6
 1414   14     0    -126      0    126  0.62031315E+00  0.00000000E+00 0.2800E-12      6
 1415   14     0    -125      0    125  0.62470209E+00  0.00000000E+00 0.2410E-12      5
 1416   14     0    -124      0    124  0.62954882E+00  0.00000000E+00 0.5179E-12      5
 1417   14     0    -123      0    123  0.63498957E+00  0.00000000E+00 0.1576E-12      5
 1418   14     0    -122      0    122  0.64036828E+00  0.00000000E+00 0.2103E-12      6
 1419   14     0    -121      0    121  0.64513342E+00  0.00000000E+00 0.7525E-12      5
 1420   14     0    -120      0    120  0.65005968E+00  0.00000000E+00 0.9373E-12      5
 1421   14     0    -119      0    119  0.65577330E+00  0.00000000E+00 0.3738E-12      6
 1422   14     0    -118      0    118  0.66165544E+00  0.00000000E+00 0.1020E-12      6
 1423   14     0    -117      0    117  0.66695734E+00  0.00000000E+00 0.3061E-12      6
 1424   14     0    -116      0    116  0.67201620E+00  0.00000000E+00 0.8654E-12      5
 1425   14     0    -115      0    115  0.67795042E+00  0.00000000E+00 0.8978E-12      5
 1426   14     0    -114      0    114  0.68431675E+00  0.00000000E+00 0.2273E-13      6
 1427   14     0    -113      0    113  0.69025661E+00  0.00000000E+00 0.5055E-13      6
 1428   14     0    -112      0    112  0.69557011E+00  0.00000000E+00 0.9781E-13      5
 1429   14     0    -111      0    111  0.70165429E+00  0.00000000E+00 0.3988E-13      5
 1430   14     0    -110      0    110  0.70847068E+00  0.00000000E+00 0.9183E-13      6
 1431   14     0    -109      0    109  0.71512237E+00  0.00000000E+00 0.1452E-12      6
 1432   14     0    -108      0    108  0.72092128E+00  0.00000000E+00 0.5475E-12      5
 1433   14     0    -107      0    107  0.72706797E+00  0.00000000E+00 0.6007E-12      5
 1434   14     0    -106      0    106  0.73425365E+00  0.00000000E+00 0.4960E-12      5
 1435   14     0    -105      0    105  0.74162066E+00  0.00000000E+00 0.1998E-13      6
 1436   14     0    -104      0    104  0.74818925E+00  0.00000000E+00 0.2042E-12      5
 1437   14     0    -103      0    103  0.75440771E+00  0.00000000E+00 0.2915E-12      5
 1438   14     0    -102      0    102  0.76183034E+00  0.00000000E+00 0.7440E-13      5
 1439   14     0    -101      0    101  0.76986798E+00  0.00000000E+00 0.2010E-12      6
 1440   14     0    -100      0    100  0.77743796E+00  0.00000000E+00 0.5255E-12      5
 1441   14     0     -99      0     99  0.78402658E+00  0.00000000E+00 0.7896E-12      5
 1442   14     0     -98      0     98  0.79151287E+00  0.00000000E+00 0.5326E-12      5
 1443   14     0     -97      0     97  0.80012228E+00  0.00000000E+00 0.5961E-12      5
 1444   14     0     -96      0     96  0.80872072E+00  0.00000000E+00 0.1816E-13      6
 1445   14     0     -95      0     95  0.81618737E+00  0.00000000E+00 0.1780E-12      6
 1446   14     0     -94      0     94  0.82368464E+00  0.00000000E+00 0.2427E-12      5
 1447   14     0     -93      0     93  0.83272012E+00  0.00000000E+00 0.2514E-12      5
 1448   14     0     -92      0     92  0.84229033E+00  0.00000000E+00 0.3108E-12      6
 1449   14     0     -91      0     91  0.85107123E+00  0.00000000E+00 0.4266E-12      6
 1450   14     0     -90      0     90  0.85885491E+00  0.00000000E+00 0.3171E-12      6
 1451   14     0     -89      0     89  0.86810883E+00  0.00000000E+00 0.1499E-12      6
 1452   14     0     -88      0     88  0.87858611E+00  0.00000000E+00 0.2982E-12      6
 1453   14     0     -87      0     87  0.88886631E+00  0.00000000E+00 0.1139E-12      6
 1454   14     0     -86      0     86  0.89763121E+00  0.00000000E+00 0.5039E-13      5
 1455   14     0     -85      0     85  0.90694154E+00  0.00000000E+00 0.4102E-14      6
 1456   14     0     -84      0     84  0.91820833E+00  0.00000000E+00 0.4067E-13      5
 1457   14     0     -83      0     83  0.92995332E+00  0.00000000E+00 0.2049E-12      6
 1458   14     0     -82      0     82  0.94038569E+00  0.00000000E+00 0.1729E-12      6
 1459   14     0     -81      0     81  0.94988517E+00  0.00000000E+00 0.9954E-13      6
 1460   14     0     -80      0     80  0.96168661E+00  0.00000000E+00 0.2438E-12      5
 1461   14     0     -79      0     79  0.97477975E+00  0.00000000E+00 0.8605E-14      5
 1462   14     0     -78      0     78  0.98719363E+00  0.00000000E+00 0.4417E-12      5
 1463   14     0     -77      0     77  0.99756011E+00  0.00000000E+00 0.5714E-13      5
 1464   14     0     -76      0     76  0.10096197E+01  0.00000000E+00 0.5318E-14      5
 1465   14     0     -75      0     75  0.10239573E+01  0.00000000E+00 0.3547E-13      5
 1466   14     0     -74      0     74  0.10384042E+01  0.00000000E+00 0.4301E-13      6
 1467   14     0     -73      0     73  0.10506003E+01  0.00000000E+00 0.2646E-12      6
 1468   14     0     -72      0     72  0.10628380E+01  0.00000000E+00 0.6109E-13      6
 1469   14     0     -71      0     71  0.10782859E+01  0.00000000E+00 0.2586E-12      5
 1470   14     0     -70      0     70  0.10947800E+01  0.00000000E+00 0.1489E-12      5
 1471   14     0     -69      0     69  0.11095442E+01  0.00000000E+00 0.1257E-12      6
 1472   14     0     -68      0     68  0.11222870E+01  0.00000000E+00 0.3008E-12      6
 1473   14     0     -67      0     67  0.11385780E+01  0.00000000E+00 0.5614E-13      6
 1474   14     0     -66      0     66  0.11570755E+01  0.00000000E+00 0.1355E-13      6
 1475   14     0     -65      0     65  0.11746458E+01  0.00000000E+00 0.1111E-12      6
 1476   14     0     -64      0     64  0.11887481E+01  0.00000000E+00 0.1460E-13      6
 1477   14     0     -63      0     63  0.12056967E+01  0.00000000E+00 0.1098E-12      6
 1478   14     0     -62      0     62  0.12262576E+01  0.00000000E+00 0.1207E-12      6
 1479   14     0     -61      0     61  0.12468207E+01  0.00000000E+00 0.1963E-12      6
 1480   14     0     -60      0     60  0.12633797E+01  0.00000000E+00 0.1015E-12      5
 1481   14     0     -59      0     59  0.12810099E+01  0.00000000E+00 0.2477E-12      6
 1482   14     0     -58      0     58  0.13037730E+01  0.00000000E+00 0.6629E-13      5
 1483   14     0     -57      0     57  0.13275747E+01  0.00000000E+00 0.4872E-13      6
 1484   14     0     -56      0     56  0.13474701E+01  0.00000000E+00 0.2139E-12      6
 1485   14     0     -55      0     55  0.13660022E+01  0.00000000E+00 0.1020E-12      6
 1486   14     0     -54      0     54  0.13910938E+01  0.00000000E+00 0.2107E-12      6
 1487   14     0     -53      0     53  0.14184811E+01  0.00000000E+00 0.1391E-12      6
 1488   14     0     -52      0     52  0.14427554E+01  0.00000000E+00 0.6830E-13      6
 1489   14     0     -51      0     51  0.14628617E+01  0.00000000E+00 0.8780E-13      6
 1490   14     0     -50      0     50  0.14902360E+01  0.00000000E+00 0.1759E-12      6
 1491   14     0     -49      0     49  0.15218236E+01  0.00000000E+00 0.1109E-12      6
 1492   14     0     -48      0     48  0.15521809E+01  0.00000000E+00 0.2041E-12      6
 1493   14     0     -47      0     47  0.15755537E+01  0.00000000E+00 0.1274E-13      6
 1494   14     0     -46      0     46  0.16042060E+01  0.00000000E+00 0.1343E-12      5
 1495   14     0     -45      0     45  0.16402597E+01  0.00000000E+00 0.2031E-12      5
 1496   14     0     -44      0     44  0.16773702E+01  0.00000000E+00 0.1634E-12      6
  Time elapsed :      3.627 s

Mode Search
-----------

Mode parameters
   l : 15
   m : 0

Building frequency grid (REAL axis)
   added scan interval :  0.5233E+00 ->  0.2103E+01 (3000 points, INVERSE)

Building spatial grid
   Scaffold grid from model
   Split 149 subinterval(s) in iteration 1
   Split 23 subinterval(s) in iteration 2
   Split 0 subinterval(s) in iteration 3
   Final grid has 1 segment(s) and 7319 point(s):
      Segment 1 : x range 0.0000 -> 1.0011 (1 -> 7319)

Starting search (adiabatic)

Scanning frequencies
  Time elapsed :     1.795 s

Finding roots
  Time elapsed :      0.300 s

Processing modes
   id    l     m    n_pg    n_p    n_g       Re(omega)       Im(omega)        chi n_iter
 1525   15     0    -142      0    142  0.58863894E+00  0.00000000E+00 0.1855E-12      5
 1526   15     0    -141      0    141  0.59268991E+00  0.00000000E+00 0.4520E-12      5
 1527   15     0    -140      0    140  0.59715589E+00  0.00000000E+00 0.9772E-13      6
 1528   15     0    -139      0    139  0.60154089E+00  0.00000000E+00 0.1278E-12      6
 1529   15     0    -138      0    138  0.60550276E+00  0.00000000E+00 0.4514E-12      5
 1530   15     0    -137      0    137  0.60964943E+00  0.00000000E+00 0.4032E-13      5
 1531   15     0    -136      0    136  0.61434158E+00  0.00000000E+00 0.6314E-12      6
 1532   15     0    -135      0    135  0.61910968E+00  0.00000000E+00 0.3630E-12      6
 1533   15     0    -134      0    134  0.62342594E+00  0.00000000E+00 0.6951E-14      5
 1534   15     0    -133      0    133  0.62765017E+00  0.00000000E+00 0.1180E-11      5
 1535   15     0    -132      0    132  0.63251461E+00  0.00000000E+00 0.4910E-12      5
 1536   15     0    -131      0    131  0.63764442E+00  0.00000000E+00 0.3040E-12      6
 1537   15     0    -130      0    130  0.64241233E+00  0.00000000E+00 0.9135E-12      5
 1538   15     0    -129      0    129  0.64682722E+00  0.00000000E+00 0.2034E-12      5
 1539   15     0    -128      0    128  0.65183308E+00  0.00000000E+00 0.5556E-13      5
 1540   15     0    -127      0    127  0.65729387E+00  0.00000000E+00 0.6706E-13      6
 1541   15     0    -126      0    126  0.66252919E+00  0.00000000E+00 0.2661E-12      6
 1542   15     0    -125      0    125  0.66721996E+00  0.00000000E+00 0.7927E-13      5
 1543   15     0    -124      0    124  0.67234909E+00  0.00000000E+00 0.2806E-12      5
 1544   15     0    -123      0    123  0.67813686E+00  0.00000000E+00 0.5623E-12      6
 1545   15     0    -122      0    122  0.68389774E+00  0.00000000E+00 0.1905E-12      6
 1546   15     0    -121      0    121  0.68901179E+00  0.00000000E+00 0.1903E-12      5
 1547   15     0    -120      0    120  0.69422394E+00  0.00000000E+00 0.5171E-12      5
 1548   15     0    -119      0    119  0.70028635E+00  0.00000000E+00 0.2643E-14      5
 1549   15     0    -118      0    118  0.70657361E+00  0.00000000E+00 0.1901E-12      6
 1550   15     0    -117      0    117  0.71227782E+00  0.00000000E+00 0.7401E-12      5
 1551   15     0    -116      0    116  0.71764504E+00  0.00000000E+00 0.2612E-12      5
 1552   15     0    -115      0    115  0.72392170E+00  0.00000000E+00 0.2026E-12      5
 1553   15     0    -114      0    114  0.73071014E+00  0.00000000E+00 0.1915E-12      5
 1554   15     0    -113      0    113  0.73710022E+00  0.00000000E+00 0.8677E-13      6
 1555   15     0    -112      0    112  0.74277077E+00  0.00000000E+00 0.6162E-13      5
 1556   15     0    -111      0    111  0.74918557E+00  0.00000000E+00 0.9236E-12      5
 1557   15     0    -110      0    110  0.75643261E+00  0.00000000E+00 0.2423E-12      6
 1558   15     0    -109      0    109  0.76357151E+00  0.00000000E+00 0.5193E-13      6
 1559   15     0    -108      0    108  0.76980573E+00  0.00000000E+00 0.7107E-13      5
 1560   15     0    -107      0    107  0.77627733E+00  0.00000000E+00 0.1842E-12      5
 1561   15     0    -106      0    106  0.78388587E+00  0.00000000E+00 0.2454E-12      5
 1562   15     0    -105      0    105  0.79176267E+00  0.00000000E+00 0.5094E-12      6
 1563   15     0    -104      0    104  0.79885458E+00  0.00000000E+00 0.2153E-13      5
 1564   15     0    -103      0    103  0.80543314E+00  0.00000000E+00 0.4086E-12      6
 1565   15     0    -102      0    102  0.81325004E+00  0.00000000E+00 0.3122E-12      5
 1566   15     0    -101      0    101  0.82180769E+00  0.00000000E+00 0.2253E-12      5
 1567   15     0    -100      0    100  0.82996640E+00  0.00000000E+00 0.2131E-12      5
 1568   15     0     -99      0     99  0.83702299E+00  0.00000000E+00 0.6776E-13      5
 1569   15     0     -98      0     98  0.84486538E+00  0.00000000E+00 0.6983E-13      6
 1570   15     0     -97      0     97  0.85398533E+00  0.00000000E+00 0.1112E-13      6
 1571   15     0     -96      0     96  0.86320352E+00  0.00000000E+00 0.3057E-12      5
 1572   15     0     -95      0     95  0.87128118E+00  0.00000000E+00 0.2210E-13      6
 1573   15     0     -94      0     94  0.87914760E+00  0.00000000E+00 0.5591E-13      6
 1574   15     0     -93      0     93  0.88865443E+00  0.00000000E+00 0.2260E-12      5
 1575   15     0     -92      0     92  0.89885497E+00  0.00000000E+00 0.2608E-12      5
 1576   15     0     -91      0     91  0.90835661E+00  0.00000000E+00 0.1530E-12      6
 1577   15     0     -90      0     90  0.91664244E+00  0.00000000E+00 0.6302E-13      5
 1578   15     0     -89      0     89  0.92630590E+00  0.00000000E+00 0.4668E-12      5
 1579   15     0     -88      0     88  0.93740859E+00  0.00000000E+00 0.7313E-13      6
 1580   15     0     -87      0     87  0.94846173E+00  0.00000000E+00 0.1323E-12      6
 1581   15     0     -86      0     86  0.95794850E+00  0.00000000E+00 0.5658E-12      5
 1582   15     0     -85      0     85  0.96764615E+00  0.00000000E+00 0.9966E-14      6
 1583   15     0     -84      0     84  0.97949681E+00  0.00000000E+00 0.5991E-13      5
 1584   15     0     -83      0     83  0.99203252E+00  0.00000000E+00 0.2761E-12      6
 1585   15     0     -82      0     82  0.10033712E+01  0.00000000E+00 0.3212E-13      5
 1586   15     0     -81      0     81  0.10133822E+01  0.00000000E+00 0.2413E-12      6
 1587   15     0     -80      0     80  0.10256799E+01  0.00000000E+00 0.2229E-12      6
 1588   15     0     -79      0     79  0.10395659E+01  0.00000000E+00 0.1730E-12      6
 1589   15     0     -78      0     78  0.10529734E+01  0.00000000E+00 0.1937E-12      6
 1590   15     0     -77      0     77  0.10641245E+01  0.00000000E+00 0.2115E-12      5
 1591   15     0     -76      0     76  0.10765992E+01  0.00000000E+00 0.2215E-12      6
 1592   15     0     -75      0     75  0.10917043E+01  0.00000000E+00 0.2102E-12      6
 1593   15     0     -74      0     74  0.11071738E+01  0.00000000E+00 0.3544E-12      6
 1594   15     0     -73      0     73  0.11204452E+01  0.00000000E+00 0.1225E-13      6
 1595   15     0     -72      0     72  0.11331425E+01  0.00000000E+00 0.2298E-14      6
 1596   15     0     -71      0     71  0.11492845E+01  0.00000000E+00 0.4824E-12      5
 1597   15     0     -70      0     70  0.11668115E+01  0.00000000E+00 0.6028E-13      6
 1598   15     0     -69      0     69  0.11828339E+01  0.00000000E+00 0.2330E-12      5
 1599   15     0     -68      0     68  0.11962690E+01  0.00000000E+00 0.2060E-13      6
 1600   15     0     -67      0     67  0.12131280E+01  0.00000000E+00 0.2550E-13      6
 1601   15     0     -66      0     66  0.12326564E+01  0.00000000E+00 0.5495E-13      6
 1602   15     0     -65      0     65  0.12515624E+01  0.00000000E+00 0.3659E-13      5
 1603   15     0     -64      0     64  0.12666994E+01  0.00000000E+00 0.1554E-12      5
 1604   15     0     -63      0     63  0.12841229E+01  0.00000000E+00 0.1540E-12      6
 1605   15     0     -62      0     62  0.13057177E+01  0.00000000E+00 0.4259E-12      5
 1606   15     0     -61      0     61  0.13276816E+01  0.00000000E+00 0.7492E-13      6
 1607   15     0     -60      0     60  0.13456499E+01  0.00000000E+00 0.4461E-12      5
 1608   15     0     -59      0     59  0.13637551E+01  0.00000000E+00 0.3985E-13      6
 1609   15     0     -58      0     58  0.13875177E+01  0.00000000E+00 0.2501E-12      5
 1610   15     0     -57      0     57  0.14127875E+01  0.00000000E+00 0.3475E-12      6
 1611   15     0     -56      0     56  0.14344681E+01  0.00000000E+00 0.1220E-12      6
 1612   15     0     -55      0     55  0.14535908E+01  0.00000000E+00 0.4229E-13      5
 1613   15     0     -54      0     54  0.14795429E+01  0.00000000E+00 0.6475E-13      6
 1614   15     0     -53      0     53  0.15084628E+01  0.00000000E+00 0.4699E-13      6
 1615   15     0     -52      0     52  0.15349803E+01  0.00000000E+00 0.1629E-13      6
 1616   15     0     -51      0     51  0.15560942E+01  0.00000000E+00 0.8486E-13      6
 1617   15     0     -50      0     50  0.15838877E+01  0.00000000E+00 0.1595E-12      6
 1618   15     0     -49      0     49  0.16169827E+01  0.00000000E+00 0.7068E-13      6
 1619   15     0     -48      0     48  0.16498435E+01  0.00000000E+00 0.7984E-14      5
 1620   15     0     -47      0     47  0.16755958E+01  0.00000000E+00 0.1142E-12      6
  Time elapsed :      4.001 s

gyre [9.1.1]
------------

OpenMP Threads   : 16
Input filename   : gyre_nad_wide.in

Model Init
----------

Reading from MESA file
   File name ../mesa/LOGS/profile255.data.GYRE
   File version 1.01
   Read 7147 points
   No need to add central point

Mode Search
-----------

Mode parameters
   l : 0
   m : 0

Building frequency grid (REAL axis)
   added scan interval :  0.2782E+00 ->  0.8711E+01 (1000 points, INVERSE)
   added scan interval :  0.8711E+01 ->  0.3315E+02 (1000 points, LINEAR)

Building spatial grid
   Scaffold grid from model
   Split 0 subinterval(s) in iteration 1
   Final grid has 1 segment(s) and 7147 point(s):
      Segment 1 : x range 0.0000 -> 1.0011 (1 -> 7147)

Starting search (adiabatic)

Scanning frequencies
  Time elapsed :     1.198 s

Finding roots
  Time elapsed :      0.074 s

Processing modes
   id    l     m    n_pg    n_p    n_g       Re(omega)       Im(omega)        chi n_iter
    1    0     0       1      1      0  0.35491572E+01  0.00000000E+00 0.4012E-13      9
    2    0     0       2      2      0  0.45815480E+01  0.00000000E+00 0.1841E-13      7
    3    0     0       3      3      0  0.56903546E+01  0.00000000E+00 0.7546E-14      8
    4    0     0       4      4      0  0.68153539E+01  0.00000000E+00 0.1144E-13      7
    5    0     0       5      5      0  0.79418277E+01  0.00000000E+00 0.2808E-13      6
    6    0     0       6      6      0  0.90513919E+01  0.00000000E+00 0.1150E-12      5
    7    0     0       7      7      0  0.10164528E+02  0.00000000E+00 0.2689E-13      5
    8    0     0       8      8      0  0.11309226E+02  0.00000000E+00 0.5582E-14      6
    9    0     0       9      9      0  0.12491528E+02  0.00000000E+00 0.9641E-13      5
   10    0     0      10     10      0  0.13703560E+02  0.00000000E+00 0.3351E-13      6
   11    0     0      11     11      0  0.14940754E+02  0.00000000E+00 0.1814E-12      6
   12    0     0      12     12      0  0.16198584E+02  0.00000000E+00 0.1520E-13      5
   13    0     0      13     13      0  0.17466529E+02  0.00000000E+00 0.2662E-12      5
   14    0     0      14     14      0  0.18736328E+02  0.00000000E+00 0.3623E-12      7
   15    0     0      15     15      0  0.20002673E+02  0.00000000E+00 0.3172E-12      6
   16    0     0      16     16      0  0.21264289E+02  0.00000000E+00 0.5688E-12      6
   17    0     0      17     17      0  0.22521627E+02  0.00000000E+00 0.9953E-13      5
   18    0     0      18     18      0  0.23777468E+02  0.00000000E+00 0.2413E-12      5
   19    0     0      19     19      0  0.25037593E+02  0.00000000E+00 0.4352E-13      6
   20    0     0      20     20      0  0.26307429E+02  0.00000000E+00 0.2526E-12      5
  Time elapsed :      0.044 s

Starting search (non-adiabatic)

Finding roots
  Time elapsed :     24.576 s

Processing modes
   id    l     m    n_pg    n_p    n_g       Re(omega)       Im(omega)        chi n_iter
    1    0     0       1      1      0  0.35491643E+01  0.42155970E-06 0.1374E-07     10
    2    0     0       2      2      0  0.45815826E+01  0.99156505E-05 0.1404E-08      6
    3    0     0       3      3      0  0.56904351E+01  0.73623305E-04 0.3620E-09      5
    4    0     0       4      4      0  0.68153688E+01  0.33242561E-03 0.3307E-09      6
    5    0     0       5      5      0  0.79411159E+01  0.11258176E-02 0.2207E-09      8
    6    0     0       6      6      0  0.90477248E+01  0.28726131E-02 0.2612E-10      9
    7    0     0       7      7      0  0.10153943E+02  0.45952355E-02 0.2432E-10     11
    8    0     0       8      8      0  0.11288387E+02  0.36765051E-02 0.6786E-11     10
    9    0     0       9      9      0  0.12459024E+02 -0.15297461E-02 0.3357E-11     10
   10    0     0      10     10      0  0.13660143E+02 -0.10851424E-01 0.5090E-12     10
   11    0     0      11     11      0  0.14888344E+02 -0.22815719E-01 0.3141E-11      9
   12    0     0      12     12      0  0.16138259E+02 -0.36234467E-01 0.2564E-11      9
   13    0     0      13     13      0  0.17398144E+02 -0.50410790E-01 0.6848E-12      8
   14    0     0      14     14      0  0.18659466E+02 -0.64140747E-01 0.4343E-11      7
   15    0     0      15     15      0  0.19917470E+02 -0.75645184E-01 0.1687E-12     11
   16    0     0      16     16      0  0.21171374E+02 -0.83931532E-01 0.7131E-11     10
   17    0     0      17     17      0  0.22421617E+02 -0.89561106E-01 0.1580E-11      8
   18    0     0      18     18      0  0.23670148E+02 -0.94653927E-01 0.2767E-11     11
   19    0     0      19     19      0  0.24920406E+02 -0.10258606E+00 0.3974E-11      8
   20    0     0      20     20      0  0.26174618E+02 -0.11626340E+00 0.2602E-11     13
  Time elapsed :      1.429 s

Mode Search
-----------

Mode parameters
   l : 1
   m : 0

Building frequency grid (REAL axis)
   added scan interval :  0.2782E+00 ->  0.8711E+01 (1000 points, INVERSE)
   added scan interval :  0.8711E+01 ->  0.3315E+02 (1000 points, LINEAR)

Building spatial grid
   Scaffold grid from model
   Split 0 subinterval(s) in iteration 1
   Final grid has 1 segment(s) and 7147 point(s):
      Segment 1 : x range 0.0000 -> 1.0011 (1 -> 7147)

Starting search (adiabatic)

Scanning frequencies
  Time elapsed :    23.849 s

Finding roots
  Time elapsed :      3.482 s

Processing modes
   id    l     m    n_pg    n_p    n_g       Re(omega)       Im(omega)        chi n_iter
   32    1     0     -20      0     20  0.36610166E+00  0.00000000E+00 0.8718E-13      5
   33    1     0     -19      0     19  0.38762010E+00  0.00000000E+00 0.1373E-12      6
   34    1     0     -18      0     18  0.40529208E+00  0.00000000E+00 0.1292E-12      5
   35    1     0     -17      0     17  0.42196575E+00  0.00000000E+00 0.7214E-14      6
   36    1     0     -16      0     16  0.45003149E+00  0.00000000E+00 0.1168E-12      5
   37    1     0     -15      0     15  0.48416294E+00  0.00000000E+00 0.5881E-13      5
   38    1     0     -14      0     14  0.52024169E+00  0.00000000E+00 0.8005E-13      5
   39    1     0     -13      0     13  0.54588779E+00  0.00000000E+00 0.3570E-13      5
   40    1     0     -12      0     12  0.58513506E+00  0.00000000E+00 0.2546E-13      8
   41    1     0     -11      0     11  0.64421328E+00  0.00000000E+00 0.1383E-12      6
   42    1     0     -10      0     10  0.71742238E+00  0.00000000E+00 0.1697E-12      6
   43    1     0      -9      0      9  0.78697027E+00  0.00000000E+00 0.6353E-15      5
   44    1     0      -8      0      8  0.84873920E+00  0.00000000E+00 0.1096E-12      6
   45    1     0      -7      0      7  0.97388853E+00  0.00000000E+00 0.9166E-13      7
   46    1     0      -6      0      6  0.11572341E+01  0.00000000E+00 0.3595E-13     10
   47    1     0      -5      0      5  0.14034530E+01  0.00000000E+00 0.1028E-12      7
   48    1     0      -4      0      4  0.16204867E+01  0.00000000E+00 0.1182E-13      7
   49    1     0      -3      0      3  0.19567860E+01  0.00000000E+00 0.5674E-13      6
   50    1     0      -2      0      2  0.27681766E+01  0.00000000E+00 0.2198E-12     10
   51    1     0      -1      0      1  0.36363019E+01  0.00000000E+00 0.5712E-13      5
   52    1     0       1      1      1  0.46904236E+01  0.00000000E+00 0.3259E-14      7
   53    1     0       2      2      1  0.54765486E+01  0.00000000E+00 0.1637E-12     15
   54    1     0       3      3      1  0.59819895E+01  0.00000000E+00 0.1087E-13      6
   55    1     0       4      3      0  0.71254864E+01  0.00000000E+00 0.3609E-14      6
   56    1     0       5      4      0  0.83177006E+01  0.00000000E+00 0.1098E-14      6
   57    1     0       6      5      0  0.94765324E+01  0.00000000E+00 0.1414E-12      6
   58    1     0       7      6      0  0.10630896E+02  0.00000000E+00 0.9740E-13      8
   59    1     0       8      7      0  0.11812341E+02  0.00000000E+00 0.3900E-12      6
   60    1     0       9      8      0  0.13019944E+02  0.00000000E+00 0.2234E-12     10
   61    1     0      10      9      0  0.14249943E+02  0.00000000E+00 0.1144E-12      6
   62    1     0      11     10      0  0.15500385E+02  0.00000000E+00 0.8882E-13      8
   63    1     0      12     11      0  0.16765025E+02  0.00000000E+00 0.5288E-12      5
   64    1     0      13     12      0  0.18034793E+02  0.00000000E+00 0.1823E-12      5
   65    1     0      14     13      0  0.19303283E+02  0.00000000E+00 0.9135E-13      5
   66    1     0      15     14      0  0.20567915E+02  0.00000000E+00 0.6500E-12      5
   67    1     0      16     15      0  0.21828027E+02  0.00000000E+00 0.1067E-12      7
   68    1     0      17     16      0  0.23085227E+02  0.00000000E+00 0.1085E-14      5
   69    1     0      18     17      0  0.24344563E+02  0.00000000E+00 0.1119E-12      5
   70    1     0      19     18      0  0.25611416E+02  0.00000000E+00 0.3796E-13      7
   71    1     0      20     19      0  0.26889950E+02  0.00000000E+00 0.1949E-12      5
  Time elapsed :      0.887 s

Starting search (non-adiabatic)

Finding roots
  Time elapsed :     42.134 s

Processing modes
   id    l     m    n_pg    n_p    n_g       Re(omega)       Im(omega)        chi n_iter
   32    1     0     -20      0     20  0.36610166E+00 -0.43352122E-07 0.1539E-07      5
   33    1     0     -19      0     19  0.38762010E+00 -0.31698316E-07 0.1751E-07      7
   34    1     0     -18      0     18  0.40529208E+00 -0.20410958E-07 0.3505E-07      4
   35    1     0     -17      0     17  0.42196575E+00 -0.21887146E-07 0.1764E-07      4
   36    1     0     -16      0     16  0.45003149E+00 -0.19204043E-07 0.1709E-07      6
   37    1     0     -15      0     15  0.48416294E+00 -0.15274789E-07 0.3893E-07      4
   38    1     0     -14      0     14  0.52024169E+00 -0.11315796E-07 0.7369E-07      6
   39    1     0     -13      0     13  0.54588779E+00 -0.91060727E-08 0.1967E-06      4
   40    1     0     -12      0     12  0.58513506E+00 -0.88106835E-08 0.1328E-06      4
   41    1     0     -11      0     11  0.64421328E+00 -0.69665648E-08 0.5128E-07      5
   42    1     0     -10      0     10  0.71742238E+00 -0.52401265E-08 0.1312E-06      4
   43    1     0      -9      0      9  0.78697027E+00 -0.38187447E-08 0.2012E-06      5
   44    1     0      -8      0      8  0.84873920E+00 -0.34216891E-08 0.2504E-07      4
   45    1     0      -7      0      7  0.97388853E+00 -0.26074824E-08 0.1771E-06      5
   46    1     0      -6      0      6  0.11572341E+01 -0.17996421E-08 0.7328E-07      5
   47    1     0      -5      0      5  0.14034530E+01 -0.12038539E-08 0.2705E-06      5
   48    1     0      -4      0      4  0.16204867E+01 -0.88376567E-09 0.4130E-06      6
   49    1     0      -3      0      3  0.19567860E+01 -0.74656445E-09 0.7040E-06      5
   50    1     0      -2      0      2  0.27681766E+01 -0.60002092E-09 0.1955E-05      6
   51    1     0      -1      0      1  0.36363054E+01  0.62747282E-06 0.1649E-08      6
   52    1     0       1      1      1  0.46904467E+01  0.12314788E-04 0.1577E-08      7
   53    1     0       2      2      1  0.54765601E+01  0.13544161E-04 0.9173E-08      7
   54    1     0       3      3      1  0.59820311E+01  0.10193691E-03 0.2542E-09      6
   55    1     0       4      3      0  0.71253332E+01  0.50167399E-03 0.1077E-09      7
   56    1     0       5      4      0  0.83161741E+01  0.16995219E-02 0.1156E-09      8
   57    1     0       6      5      0  0.94703967E+01  0.37950888E-02 0.7464E-11      7
   58    1     0       7      6      0  0.10615963E+02  0.47738068E-02 0.2128E-10     10
   59    1     0       8      7      0  0.11786100E+02  0.20279743E-02 0.1610E-10     12
   60    1     0       9      8      0  0.12982069E+02 -0.52173132E-02 0.2341E-10      7
   61    1     0      10      9      0  0.14202003E+02 -0.15989112E-01 0.1857E-10      9
   62    1     0      11     10      0  0.15444207E+02 -0.28700918E-01 0.8657E-11     10
   63    1     0      12     11      0  0.16701001E+02 -0.42552664E-01 0.2440E-10      8
   64    1     0      13     12      0  0.17962537E+02 -0.56699098E-01 0.7994E-11      9
   65    1     0      14     13      0  0.19222499E+02 -0.69659474E-01 0.4751E-11      7
   66    1     0      15     14      0  0.20479007E+02 -0.79785890E-01 0.5492E-11     10
   67    1     0      16     15      0  0.21731698E+02 -0.86736145E-01 0.1145E-10      9
   68    1     0      17     16      0  0.22981793E+02 -0.91844046E-01 0.1789E-10     10
   69    1     0      18     17      0  0.24232912E+02 -0.97882451E-01 0.5183E-11      7
   70    1     0      19     18      0  0.25487651E+02 -0.10818736E+00 0.9575E-11      9
   71    1     0      20     19      0  0.26746446E+02 -0.12522003E+00 0.2066E-10     10
  Time elapsed :      2.468 s

Mode Search
-----------

Mode parameters
   l : 2
   m : 0

Building frequency grid (REAL axis)
   added scan interval :  0.2782E+00 ->  0.8711E+01 (1000 points, INVERSE)
   added scan interval :  0.8711E+01 ->  0.3315E+02 (1000 points, LINEAR)

Building spatial grid
   Scaffold grid from model
   Split 0 subinterval(s) in iteration 1
   Final grid has 1 segment(s) and 7147 point(s):
      Segment 1 : x range 0.0000 -> 1.0011 (1 -> 7147)

Starting search (adiabatic)

Scanning frequencies
  Time elapsed :    23.444 s

Finding roots
  Time elapsed :      4.347 s

Processing modes
   id    l     m    n_pg    n_p    n_g       Re(omega)       Im(omega)        chi n_iter
  103    2     0     -20      0     20  0.63136035E+00  0.00000000E+00 0.5576E-13      6
  104    2     0     -19      0     19  0.66830545E+00  0.00000000E+00 0.4194E-13      6
  105    2     0     -18      0     18  0.69923120E+00  0.00000000E+00 0.7192E-13      6
  106    2     0     -17      0     17  0.72719383E+00  0.00000000E+00 0.1135E-12      6
  107    2     0     -16      0     16  0.77469578E+00  0.00000000E+00 0.9631E-13      6
  108    2     0     -15      0     15  0.83277719E+00  0.00000000E+00 0.3412E-13      6
  109    2     0     -14      0     14  0.89495609E+00  0.00000000E+00 0.1083E-12      6
  110    2     0     -13      0     13  0.93969413E+00  0.00000000E+00 0.1018E-12      6
  111    2     0     -12      0     12  0.10041074E+01  0.00000000E+00 0.8144E-13      6
  112    2     0     -11      0     11  0.11034567E+01  0.00000000E+00 0.4638E-13      7
  113    2     0     -10      0     10  0.12271983E+01  0.00000000E+00 0.1015E-13      6
  114    2     0      -9      0      9  0.13492090E+01  0.00000000E+00 0.8454E-13      6
  115    2     0      -8      0      8  0.14491504E+01  0.00000000E+00 0.1832E-13      6
  116    2     0      -7      0      7  0.16527055E+01  0.00000000E+00 0.7997E-13      7
  117    2     0      -6      0      6  0.19513212E+01  0.00000000E+00 0.5138E-13      9
  118    2     0      -5      0      5  0.23481601E+01  0.00000000E+00 0.2213E-13      6
  119    2     0      -4      0      4  0.27093344E+01  0.00000000E+00 0.2168E-13      6
  120    2     0      -3      0      3  0.31043811E+01  0.00000000E+00 0.1078E-12      8
  121    2     0      -2      0      2  0.36249539E+01  0.00000000E+00 0.2517E-13      7
  122    2     0      -1      1      2  0.42172641E+01  0.00000000E+00 0.1047E-14      7
  123    2     0       0      1      1  0.49379899E+01  0.00000000E+00 0.4654E-13      6
  124    2     0       1      2      1  0.56907784E+01  0.00000000E+00 0.3519E-13      6
  125    2     0       2      3      1  0.66115760E+01  0.00000000E+00 0.8918E-14      7
  126    2     0       3      4      1  0.77070717E+01  0.00000000E+00 0.1814E-13      7
  127    2     0       4      5      1  0.88287579E+01  0.00000000E+00 0.1384E-13      6
  128    2     0       5      5      0  0.93368743E+01  0.00000000E+00 0.6162E-12      7
  129    2     0       6      6      0  0.10035081E+02  0.00000000E+00 0.4398E-13      7
  130    2     0       7      7      0  0.11185241E+02  0.00000000E+00 0.5241E-13      6
  131    2     0       8      8      0  0.12377945E+02  0.00000000E+00 0.1840E-12      7
  132    2     0       9      9      0  0.13597254E+02  0.00000000E+00 0.4389E-13      5
  133    2     0      10     10      0  0.14838686E+02  0.00000000E+00 0.4396E-12      5
  134    2     0      11     11      0  0.16098912E+02  0.00000000E+00 0.2146E-12      5
  135    2     0      12     12      0  0.17368336E+02  0.00000000E+00 0.2055E-12      5
  136    2     0      13     13      0  0.18639095E+02  0.00000000E+00 0.1128E-12      5
  137    2     0      14     14      0  0.19906053E+02  0.00000000E+00 0.2817E-12      5
  138    2     0      15     15      0  0.21168195E+02  0.00000000E+00 0.9915E-13      5
  139    2     0      16     16      0  0.22425970E+02  0.00000000E+00 0.8340E-12      5
  140    2     0      17     17      0  0.23682040E+02  0.00000000E+00 0.1757E-12      5
  141    2     0      18     18      0  0.24942398E+02  0.00000000E+00 0.3241E-12      5
  142    2     0      19     19      0  0.26212592E+02  0.00000000E+00 0.2989E-12      5
  143    2     0      20     20      0  0.27494635E+02  0.00000000E+00 0.2013E-13      5
  Time elapsed :      1.202 s

Starting search (non-adiabatic)

Finding roots
  Time elapsed :     46.362 s

Processing modes
   id    l     m    n_pg    n_p    n_g       Re(omega)       Im(omega)        chi n_iter
  103    2     0     -20      0     20  0.63136036E+00 -0.46249878E-07 0.3149E-07      6
  104    2     0     -19      0     19  0.66830545E+00 -0.33806589E-07 0.1358E-07      5
  105    2     0     -18      0     18  0.69923120E+00 -0.21508710E-07 0.2844E-07      5
  106    2     0     -17      0     17  0.72719383E+00 -0.22878997E-07 0.2444E-07      5
  107    2     0     -16      0     16  0.77469578E+00 -0.20326290E-07 0.3358E-07      6
  108    2     0     -15      0     15  0.83277719E+00 -0.16198400E-07 0.7263E-07      5
  109    2     0     -14      0     14  0.89495609E+00 -0.12056994E-07 0.3728E-07      5
  110    2     0     -13      0     13  0.93969413E+00 -0.94096261E-08 0.5127E-07      4
  111    2     0     -12      0     12  0.10041074E+01 -0.92783941E-08 0.6389E-07      5
  112    2     0     -11      0     11  0.11034567E+01 -0.73920501E-08 0.8650E-07      6
  113    2     0     -10      0     10  0.12271983E+01 -0.55968632E-08 0.1518E-06      6
  114    2     0      -9      0      9  0.13492090E+01 -0.40551919E-08 0.5808E-07      4
  115    2     0      -8      0      8  0.14491504E+01 -0.36455503E-08 0.3989E-07      5
  116    2     0      -7      0      7  0.16527055E+01 -0.28995012E-08 0.1222E-06      8
  117    2     0      -6      0      6  0.19513212E+01 -0.21442575E-08 0.2271E-06      4
  118    2     0      -5      0      5  0.23481601E+01 -0.17125056E-08 0.2209E-06      5
  119    2     0      -4      0      4  0.27093344E+01 -0.11946863E-08 0.3301E-06      4
  120    2     0      -3      0      3  0.31043812E+01  0.69663395E-08 0.9844E-07      9
  121    2     0      -2      0      2  0.36249560E+01  0.37325924E-06 0.2418E-07      8
  122    2     0      -1      1      2  0.42172712E+01  0.24497072E-05 0.5868E-07      9
  123    2     0       0      1      1  0.49380104E+01  0.13830819E-04 0.1905E-08      5
  124    2     0       1      2      1  0.56908122E+01  0.52078573E-04 0.1067E-08      8
  125    2     0       2      3      1  0.66115717E+01  0.23662351E-03 0.1623E-08      8
  126    2     0       3      4      1  0.77065393E+01  0.89227389E-03 0.8169E-09     11
  127    2     0       4      5      1  0.88259734E+01  0.23692207E-02 0.1893E-09      7
  128    2     0       5      5      0  0.93362076E+01  0.44136160E-03 0.9733E-09      9
  129    2     0       6      6      0  0.10025481E+02  0.44361962E-02 0.1585E-09      8
  130    2     0       7      7      0  0.11165243E+02  0.40151215E-02 0.3740E-10      7
  131    2     0       8      8      0  0.12346132E+02 -0.84576087E-03 0.4484E-10     10
  132    2     0       9      9      0  0.13554328E+02 -0.99678137E-02 0.4022E-10     12
  133    2     0      10     10      0  0.14786627E+02 -0.21851200E-01 0.1553E-10      8
  134    2     0      11     11      0  0.16038960E+02 -0.35206366E-01 0.2171E-10     10
  135    2     0      12     12      0  0.17300397E+02 -0.49358196E-01 0.1123E-10      8
  136    2     0      13     13      0  0.18562735E+02 -0.63166844E-01 0.3024E-11      8
  137    2     0      14     14      0  0.19821329E+02 -0.74887184E-01 0.8970E-11     11
  138    2     0      15     15      0  0.21075699E+02 -0.83423599E-01 0.2008E-11      8
  139    2     0      16     16      0  0.22326341E+02 -0.89204545E-01 0.3857E-11      8
  140    2     0      17     17      0  0.23575148E+02 -0.94250151E-01 0.3953E-11      8
  141    2     0      18     18      0  0.24825877E+02 -0.10189691E+00 0.2076E-11      9
  142    2     0      19     19      0  0.26080940E+02 -0.11512210E+00 0.5509E-12     10
  143    2     0      20     20      0  0.27338253E+02 -0.13547956E+00 0.1539E-11     10
  Time elapsed :      2.591 s

Mode Search
-----------

Mode parameters
   l : 3
   m : 0

Building frequency grid (REAL axis)
   added scan interval :  0.2782E+00 ->  0.8711E+01 (1000 points, INVERSE)
   added scan interval :  0.8711E+01 ->  0.3315E+02 (1000 points, LINEAR)

Building spatial grid
   Scaffold grid from model
   Split 0 subinterval(s) in iteration 1
   Final grid has 1 segment(s) and 7147 point(s):
      Segment 1 : x range 0.0000 -> 1.0011 (1 -> 7147)

Starting search (adiabatic)

Scanning frequencies
  Time elapsed :    22.947 s

Finding roots
  Time elapsed :      5.453 s

Processing modes
   id    l     m    n_pg    n_p    n_g       Re(omega)       Im(omega)        chi n_iter
  195    3     0     -20      0     20  0.88717920E+00  0.00000000E+00 0.8566E-13      6
  196    3     0     -19      0     19  0.93878730E+00  0.00000000E+00 0.6638E-13      6
  197    3     0     -18      0     18  0.98361342E+00  0.00000000E+00 0.1522E-13      6
  198    3     0     -17      0     17  0.10211108E+01  0.00000000E+00 0.4020E-13      6
  199    3     0     -16      0     16  0.10856536E+01  0.00000000E+00 0.2550E-13      6
  200    3     0     -15      0     15  0.11655821E+01  0.00000000E+00 0.6765E-13      6
  201    3     0     -14      0     14  0.12528061E+01  0.00000000E+00 0.1370E-13      6
  202    3     0     -13      0     13  0.13179452E+01  0.00000000E+00 0.3455E-13      6
  203    3     0     -12      0     12  0.14009933E+01  0.00000000E+00 0.1018E-13      6
  204    3     0     -11      0     11  0.15351467E+01  0.00000000E+00 0.4689E-13      6
  205    3     0     -10      0     10  0.17038212E+01  0.00000000E+00 0.1048E-12      6
  206    3     0      -9      0      9  0.18800110E+01  0.00000000E+00 0.2090E-13      6
  207    3     0      -8      0      8  0.20101552E+01  0.00000000E+00 0.4303E-13      6
  208    3     0      -7      0      7  0.22693533E+01  0.00000000E+00 0.2898E-13      7
  209    3     0      -6      0      6  0.26528365E+01  0.00000000E+00 0.4502E-13      6
  210    3     0      -5      0      5  0.31221280E+01  0.00000000E+00 0.2092E-14      6
  211    3     0      -4      0      4  0.34697610E+01  0.00000000E+00 0.5367E-13      7
  212    3     0      -3      0      3  0.37880312E+01  0.00000000E+00 0.1535E-13      6
  213    3     0      -2      1      3  0.42515245E+01  0.00000000E+00 0.2707E-13      7
  214    3     0      -1      1      2  0.46431102E+01  0.00000000E+00 0.2378E-13      7
  215    3     0       0      2      2  0.55563871E+01  0.00000000E+00 0.8228E-14      8
  216    3     0       1      2      1  0.60756665E+01  0.00000000E+00 0.6295E-14      7
  217    3     0       2      3      1  0.69231187E+01  0.00000000E+00 0.2387E-14      8
  218    3     0       3      4      1  0.80937998E+01  0.00000000E+00 0.1303E-13      7
  219    3     0       4      5      1  0.92585483E+01  0.00000000E+00 0.5428E-13     10
  220    3     0       5      6      1  0.10416758E+02  0.00000000E+00 0.2118E-12      7
  221    3     0       6      6      0  0.11222066E+02  0.00000000E+00 0.1143E-12      6
  222    3     0       7      7      0  0.11618048E+02  0.00000000E+00 0.1175E-13      7
  223    3     0       8      8      0  0.12823764E+02  0.00000000E+00 0.1105E-12      5
  224    3     0       9      9      0  0.14057995E+02  0.00000000E+00 0.3391E-12      6
  225    3     0      10     10      0  0.15312659E+02  0.00000000E+00 0.3766E-13      5
  226    3     0      11     11      0  0.16582331E+02  0.00000000E+00 0.7055E-12      5
  227    3     0      12     12      0  0.17857420E+02  0.00000000E+00 0.3933E-13      5
  228    3     0      13     13      0  0.19131190E+02  0.00000000E+00 0.1907E-12      6
  229    3     0      14     14      0  0.20400406E+02  0.00000000E+00 0.1785E-12      5
  230    3     0      15     15      0  0.21664426E+02  0.00000000E+00 0.1012E-11      5
  231    3     0      16     16      0  0.22924748E+02  0.00000000E+00 0.3371E-12      5
  232    3     0      17     17      0  0.24185883E+02  0.00000000E+00 0.1223E-12      5
  233    3     0      18     18      0  0.25453410E+02  0.00000000E+00 0.2583E-12      5
  234    3     0      19     19      0  0.26732125E+02  0.00000000E+00 0.1046E-12      5
  235    3     0      20     20      0  0.28022536E+02  0.00000000E+00 0.1247E-12      5
  Time elapsed :      1.195 s

Starting search (non-adiabatic)

Finding roots
  Time elapsed :     46.023 s

Processing modes
   id    l     m    n_pg    n_p    n_g       Re(omega)       Im(omega)        chi n_iter
  195    3     0     -20      0     20  0.88717921E+00 -0.48241954E-07 0.9961E-08      7
  196    3     0     -19      0     19  0.93878731E+00 -0.35830297E-07 0.6768E-07      6
  197    3     0     -18      0     18  0.98361342E+00 -0.22759315E-07 0.3661E-07      5
  198    3     0     -17      0     17  0.10211108E+01 -0.23657750E-07 0.1677E-07      5
  199    3     0     -16      0     16  0.10856536E+01 -0.21766219E-07 0.3606E-07      6
  200    3     0     -15      0     15  0.11655821E+01 -0.17506093E-07 0.9368E-07      4
  201    3     0     -14      0     14  0.12528061E+01 -0.13157953E-07 0.9610E-07      6
  202    3     0     -13      0     13  0.13179452E+01 -0.97209276E-08 0.2682E-06      5
  203    3     0     -12      0     12  0.14009933E+01 -0.98745009E-08 0.1884E-06      5
  204    3     0     -11      0     11  0.15351467E+01 -0.79745676E-08 0.1156E-06      3
  205    3     0     -10      0     10  0.17038212E+01 -0.60733128E-08 0.2355E-07      5
  206    3     0      -9      0      9  0.18800110E+01 -0.43671228E-08 0.2159E-06      6
  207    3     0      -8      0      8  0.20101552E+01 -0.38361076E-08 0.1343E-06      4
  208    3     0      -7      0      7  0.22693533E+01 -0.32143745E-08 0.1313E-06      5
  209    3     0      -6      0      6  0.26528365E+01 -0.21463929E-08 0.3270E-06      8
  210    3     0      -5      0      5  0.31221282E+01  0.12800159E-07 0.7252E-07      7
  211    3     0      -4      0      4  0.34697619E+01  0.14763446E-06 0.8086E-08      7
  212    3     0      -3      0      3  0.37880319E+01  0.16844123E-06 0.1633E-07      5
  213    3     0      -2      1      3  0.42515302E+01  0.20864945E-05 0.5836E-08      8
  214    3     0      -1      1      2  0.46431229E+01  0.65450390E-05 0.8831E-08      7
  215    3     0       0      2      2  0.55564237E+01  0.47216982E-04 0.1367E-08      8
  216    3     0       1      2      1  0.60756821E+01  0.46096661E-04 0.4869E-08      6
  217    3     0       2      3      1  0.69230453E+01  0.37379713E-03 0.9276E-09      7
  218    3     0       3      4      1  0.80927250E+01  0.13671064E-02 0.3506E-10      7
  219    3     0       4      5      1  0.92536160E+01  0.33942154E-02 0.1387E-09      9
  220    3     0       5      6      1  0.10403681E+02  0.48229983E-02 0.2527E-10      8
  221    3     0       6      6      0  0.11221280E+02  0.15544754E-03 0.4202E-10      8
  222    3     0       7      7      0  0.11594203E+02  0.27262392E-02 0.8077E-11     12
  223    3     0       8      8      0  0.12787491E+02 -0.37834071E-02 0.3635E-11      8
  224    3     0       9      9      0  0.14011198E+02 -0.14232560E-01 0.2076E-10      8
  225    3     0      10     10      0  0.15257349E+02 -0.26853501E-01 0.2083E-11     10
  226    3     0      11     11      0  0.16519152E+02 -0.40695422E-01 0.8655E-11     12
  227    3     0      12     12      0  0.17786051E+02 -0.54970554E-01 0.4746E-11      9
  228    3     0      13     13      0  0.19051272E+02 -0.68275083E-01 0.1571E-11     11
  229    3     0      14     14      0  0.20312279E+02 -0.78864106E-01 0.5023E-11      8
  230    3     0      15     15      0  0.21568785E+02 -0.86202343E-01 0.1260E-11      9
  231    3     0      16     16      0  0.22822008E+02 -0.91420057E-01 0.2385E-11     11
  232    3     0      17     17      0  0.24075227E+02 -0.97120608E-01 0.5613E-11     11
  233    3     0      18     18      0  0.25331306E+02 -0.10672901E+00 0.2564E-11      9
  234    3     0      19     19      0  0.26591430E+02 -0.12287763E+00 0.5961E-12      9
  235    3     0      20     20      0  0.27851626E+02 -0.14609358E+00 0.2979E-12      8
  Time elapsed :      2.638 s

Mode Search
-----------

Mode parameters
   l : 4
   m : 0

Building frequency grid (REAL axis)
   added scan interval :  0.2782E+00 ->  0.8711E+01 (1000 points, INVERSE)
   added scan interval :  0.8711E+01 ->  0.3315E+02 (1000 points, LINEAR)

Building spatial grid
   Scaffold grid from model
   Split 0 subinterval(s) in iteration 1
   Final grid has 1 segment(s) and 7147 point(s):
      Segment 1 : x range 0.0000 -> 1.0011 (1 -> 7147)

Starting search (adiabatic)

Scanning frequencies
  Time elapsed :    22.901 s

Finding roots
  Time elapsed :      6.758 s

Processing modes
   id    l     m    n_pg    n_p    n_g       Re(omega)       Im(omega)        chi n_iter
  305    4     0     -20      0     20  0.11357108E+01  0.00000000E+00 0.2502E-13      6
  306    4     0     -19      0     19  0.12011792E+01  0.00000000E+00 0.1228E-13      6
  307    4     0     -18      0     18  0.12610713E+01  0.00000000E+00 0.7635E-13      6
  308    4     0     -17      0     17  0.13065748E+01  0.00000000E+00 0.1169E-13      7
  309    4     0     -16      0     16  0.13848399E+01  0.00000000E+00 0.7219E-13      6
  310    4     0     -15      0     15  0.14841416E+01  0.00000000E+00 0.1380E-13      6
  311    4     0     -14      0     14  0.15948542E+01  0.00000000E+00 0.2191E-13      6
  312    4     0     -13      0     13  0.16840706E+01  0.00000000E+00 0.6029E-13      6
  313    4     0     -12      0     12  0.17779360E+01  0.00000000E+00 0.1604E-13      7
  314    4     0     -11      0     11  0.19400302E+01  0.00000000E+00 0.4805E-13      6
  315    4     0     -10      0     10  0.21470860E+01  0.00000000E+00 0.8473E-13      6
  316    4     0      -9      0      9  0.23773203E+01  0.00000000E+00 0.2821E-13      7
  317    4     0      -8      0      8  0.25383299E+01  0.00000000E+00 0.5846E-13      6
  318    4     0      -7      0      7  0.28217657E+01  0.00000000E+00 0.2769E-13      6
  319    4     0      -6      0      6  0.32330041E+01  0.00000000E+00 0.2283E-13      8
  320    4     0      -5      0      5  0.34885758E+01  0.00000000E+00 0.1205E-13      7
  321    4     0      -4      0      4  0.39634723E+01  0.00000000E+00 0.5551E-14      7
  322    4     0      -3      1      4  0.45406196E+01  0.00000000E+00 0.2225E-13      8
  323    4     0      -2      1      3  0.47086110E+01  0.00000000E+00 0.6228E-14      6
  324    4     0      -1      1      2  0.51677120E+01  0.00000000E+00 0.2367E-13      7
  325    4     0       0      2      2  0.58506657E+01  0.00000000E+00 0.1538E-13      7
  326    4     0       1      2      1  0.65399440E+01  0.00000000E+00 0.2530E-13      8
  327    4     0       2      3      1  0.71296720E+01  0.00000000E+00 0.2035E-13      8
  328    4     0       3      4      1  0.83559242E+01  0.00000000E+00 0.4211E-14      6
  329    4     0       4      5      1  0.95489756E+01  0.00000000E+00 0.5491E-13      9
  330    4     0       5      6      1  0.10735790E+02  0.00000000E+00 0.1641E-12      6
  331    4     0       6      7      1  0.11947691E+02  0.00000000E+00 0.6515E-13     10
  332    4     0       7      7      0  0.12659972E+02  0.00000000E+00 0.7577E-12      6
  333    4     0       8      8      0  0.13183783E+02  0.00000000E+00 0.4135E-12      6
  334    4     0       9      9      0  0.14437156E+02  0.00000000E+00 0.6315E-13      5
  335    4     0      10     10      0  0.15708370E+02  0.00000000E+00 0.1298E-12      6
  336    4     0      11     11      0  0.16989733E+02  0.00000000E+00 0.1911E-12      5
  337    4     0      12     12      0  0.18272678E+02  0.00000000E+00 0.3073E-12      5
  338    4     0      13     13      0  0.19551447E+02  0.00000000E+00 0.5602E-13      7
  339    4     0      14     14      0  0.20824559E+02  0.00000000E+00 0.1936E-12      5
  340    4     0      15     15      0  0.22092009E+02  0.00000000E+00 0.2019E-13      6
  341    4     0      16     16      0  0.23356081E+02  0.00000000E+00 0.6932E-13      5
  342    4     0      17     17      0  0.24622809E+02  0.00000000E+00 0.2141E-12      5
  343    4     0      18     18      0  0.25897834E+02  0.00000000E+00 0.5700E-12      5
  344    4     0      19     19      0  0.27184452E+02  0.00000000E+00 0.8494E-13      5
  345    4     0      20     20      0  0.28481812E+02  0.00000000E+00 0.3049E-12      5
  Time elapsed :      1.558 s

Starting search (non-adiabatic)

Finding roots
  Time elapsed :     44.508 s

Processing modes
   id    l     m    n_pg    n_p    n_g       Re(omega)       Im(omega)        chi n_iter
  305    4     0     -20      0     20  0.11357108E+01 -0.50659285E-07 0.2718E-07      5
  306    4     0     -19      0     19  0.12011792E+01 -0.38580247E-07 0.2499E-07      6
  307    4     0     -18      0     18  0.12610713E+01 -0.24899304E-07 0.7631E-07      5
  308    4     0     -17      0     17  0.13065748E+01 -0.24352785E-07 0.6449E-07      5
  309    4     0     -16      0     16  0.13848399E+01 -0.23717333E-07 0.9699E-07      4
  310    4     0     -15      0     15  0.14841416E+01 -0.19269142E-07 0.6439E-07      5
  311    4     0     -14      0     14  0.15948542E+01 -0.14627693E-07 0.2569E-07      4
  312    4     0     -13      0     13  0.16840706E+01 -0.10145589E-07 0.6180E-07      5
  313    4     0     -12      0     12  0.17779360E+01 -0.10420398E-07 0.1082E-06      5
  314    4     0     -11      0     11  0.19400302E+01 -0.86015462E-08 0.1077E-06      4
  315    4     0     -10      0     10  0.21470860E+01 -0.65563957E-08 0.1500E-06      7
  316    4     0      -9      0      9  0.23773203E+01 -0.46922073E-08 0.1075E-06      6
  317    4     0      -8      0      8  0.25383299E+01 -0.37777135E-08 0.2827E-06      6
  318    4     0      -7      0      7  0.28217657E+01 -0.22433027E-08 0.2199E-06      6
  319    4     0      -6      0      6  0.32330044E+01  0.32294008E-07 0.1437E-06      7
  320    4     0      -5      0      5  0.34885771E+01  0.22500055E-06 0.4923E-07      5
  321    4     0      -4      0      4  0.39634730E+01  0.21036651E-06 0.5679E-08      8
  322    4     0      -3      1      4  0.45406318E+01  0.58068499E-05 0.3778E-08      7
  323    4     0      -2      1      3  0.47086195E+01  0.46821244E-05 0.2961E-08      6
  324    4     0      -1      1      2  0.51677148E+01  0.23781918E-05 0.4763E-08      6
  325    4     0       0      2      2  0.58507148E+01  0.95443697E-04 0.1180E-08      6
  326    4     0       1      2      1  0.65399445E+01  0.19893003E-04 0.1232E-08      8
  327    4     0       2      3      1  0.71295180E+01  0.50245021E-03 0.3638E-09      7
  328    4     0       3      4      1  0.83542748E+01  0.17951514E-02 0.3886E-10      8
  329    4     0       4      5      1  0.95422473E+01  0.40102433E-02 0.1478E-10      8
  330    4     0       5      6      1  0.10719556E+02  0.48106942E-02 0.2196E-10      6
  331    4     0       6      7      1  0.11919566E+02  0.14664751E-02 0.8180E-11      8
  332    4     0       7      7      0  0.12659875E+02 -0.82583018E-05 0.2128E-09      5
  333    4     0       8      8      0  0.13143798E+02 -0.65829973E-02 0.5317E-11     11
  334    4     0       9      9      0  0.14387128E+02 -0.18062540E-01 0.1851E-11     10
  335    4     0      10     10      0  0.15650149E+02 -0.31306960E-01 0.2168E-11      8
  336    4     0      11     11      0  0.16923556E+02 -0.45552007E-01 0.6417E-12      9
  337    4     0      12     12      0  0.18198130E+02 -0.59819693E-01 0.1106E-11      9
  338    4     0      13     13      0  0.19468360E+02 -0.72470975E-01 0.1781E-11      7
  339    4     0      14     14      0  0.20733448E+02 -0.82012358E-01 0.3250E-11      8
  340    4     0      15     15      0  0.21993592E+02 -0.88433105E-01 0.1556E-11     10
  341    4     0      16     16      0  0.23250505E+02 -0.93437620E-01 0.1693E-11      9
  342    4     0      17     17      0  0.24508389E+02 -0.10016258E+00 0.5836E-11     14
  343    4     0      18     18      0  0.25769891E+02 -0.11185858E+00 0.2387E-11     10
  344    4     0      19     19      0  0.27034317E+02 -0.13064305E+00 0.1805E-11     12
  345    4     0      20     20      0  0.28295985E+02 -0.15589375E+00 0.7739E-12      9
  Time elapsed :      2.565 s

Mode Search
-----------

Mode parameters
   l : 5
   m : 0

Building frequency grid (REAL axis)
   added scan interval :  0.2782E+00 ->  0.8711E+01 (1000 points, INVERSE)
   added scan interval :  0.8711E+01 ->  0.3315E+02 (1000 points, LINEAR)

Building spatial grid
   Scaffold grid from model
   Split 0 subinterval(s) in iteration 1
   Final grid has 1 segment(s) and 7147 point(s):
      Segment 1 : x range 0.0000 -> 1.0011 (1 -> 7147)

Starting search (adiabatic)

Scanning frequencies
  Time elapsed :    22.552 s

Finding roots
  Time elapsed :      7.923 s

Processing modes
   id    l     m    n_pg    n_p    n_g       Re(omega)       Im(omega)        chi n_iter
  435    5     0     -20      0     20  0.13764883E+01  0.00000000E+00 0.1373E-13      6
  436    5     0     -19      0     19  0.14547110E+01  0.00000000E+00 0.6831E-13      6
  437    5     0     -18      0     18  0.15306135E+01  0.00000000E+00 0.5990E-13      7
  438    5     0     -17      0     17  0.15840352E+01  0.00000000E+00 0.1605E-13      7
  439    5     0     -16      0     16  0.16711109E+01  0.00000000E+00 0.4053E-13      6
  440    5     0     -15      0     15  0.17866181E+01  0.00000000E+00 0.3186E-13      6
  441    5     0     -14      0     14  0.19181813E+01  0.00000000E+00 0.3365E-13      7
  442    5     0     -13      0     13  0.20366071E+01  0.00000000E+00 0.1059E-13      6
  443    5     0     -12      0     12  0.21352173E+01  0.00000000E+00 0.3431E-13      7
  444    5     0     -11      0     11  0.23158402E+01  0.00000000E+00 0.1953E-13      6
  445    5     0     -10      0     10  0.25536714E+01  0.00000000E+00 0.1783E-13      6
  446    5     0      -9      0      9  0.28311459E+01  0.00000000E+00 0.3470E-14      8
  447    5     0      -8      0      8  0.30389968E+01  0.00000000E+00 0.6940E-14      7
  448    5     0      -7      0      7  0.33025413E+01  0.00000000E+00 0.4041E-13      6
  449    5     0      -6      0      6  0.35099114E+01  0.00000000E+00 0.1505E-13      8
  450    5     0      -5      0      5  0.38462370E+01  0.00000000E+00 0.1672E-13      7
  451    5     0      -4      1      5  0.44906768E+01  0.00000000E+00 0.1674E-14      7
  452    5     0      -3      1      4  0.47647228E+01  0.00000000E+00 0.2064E-13      8
  453    5     0      -2      1      3  0.53494383E+01  0.00000000E+00 0.7128E-14      8
  454    5     0      -1      2      3  0.58136641E+01  0.00000000E+00 0.1128E-13      7
  455    5     0       0      2      2  0.60516767E+01  0.00000000E+00 0.3984E-13     10
  456    5     0       1      2      1  0.68702523E+01  0.00000000E+00 0.6362E-15      6
  457    5     0       2      3      1  0.73403482E+01  0.00000000E+00 0.1190E-13      8
  458    5     0       3      4      1  0.85993426E+01  0.00000000E+00 0.2178E-13      7
  459    5     0       4      5      1  0.98115669E+01  0.00000000E+00 0.8534E-13      5
  460    5     0       5      6      1  0.11021276E+02  0.00000000E+00 0.1666E-12      6
  461    5     0       6      7      1  0.12255446E+02  0.00000000E+00 0.2669E-12      8
  462    5     0       7      8      1  0.13509236E+02  0.00000000E+00 0.4499E-12      6
  463    5     0       8      8      0  0.13812989E+02  0.00000000E+00 0.3099E-12     10
  464    5     0       9      9      0  0.14780441E+02  0.00000000E+00 0.1612E-12      6
  465    5     0      10     10      0  0.16066616E+02  0.00000000E+00 0.1248E-12      6
  466    5     0      11     11      0  0.17358851E+02  0.00000000E+00 0.3785E-12      5
  467    5     0      12     12      0  0.18649533E+02  0.00000000E+00 0.8680E-13      7
  468    5     0      13     13      0  0.19933960E+02  0.00000000E+00 0.3241E-12      5
  469    5     0      14     14      0  0.21211622E+02  0.00000000E+00 0.1885E-12      7
  470    5     0      15     15      0  0.22483434E+02  0.00000000E+00 0.4558E-13      5
  471    5     0      16     16      0  0.23752681E+02  0.00000000E+00 0.2645E-12      5
  472    5     0      17     17      0  0.25025822E+02  0.00000000E+00 0.3280E-12      5
  473    5     0      18     18      0  0.26308651E+02  0.00000000E+00 0.2652E-12      5
  474    5     0      19     19      0  0.27603060E+02  0.00000000E+00 0.4817E-13      5
  475    5     0      20     20      0  0.28907008E+02  0.00000000E+00 0.2144E-12      5
  Time elapsed :      1.969 s

Starting search (non-adiabatic)

Finding roots
  Time elapsed :     45.591 s

Processing modes
   id    l     m    n_pg    n_p    n_g       Re(omega)       Im(omega)        chi n_iter
  435    5     0     -20      0     20  0.13764883E+01 -0.54170242E-07 0.2085E-07      4
  436    5     0     -19      0     19  0.14547110E+01 -0.42416778E-07 0.3235E-07      8
  437    5     0     -18      0     18  0.15306135E+01 -0.28542716E-07 0.1158E-06      5
  438    5     0     -17      0     17  0.15840352E+01 -0.24725340E-07 0.4478E-07      4
  439    5     0     -16      0     16  0.16711109E+01 -0.26048887E-07 0.1313E-06      4
  440    5     0     -15      0     15  0.17866181E+01 -0.21315408E-07 0.6239E-08      4
  441    5     0     -14      0     14  0.19181813E+01 -0.16217088E-07 0.3894E-07      3
  442    5     0     -13      0     13  0.20366071E+01 -0.10835465E-07 0.2036E-06      5
  443    5     0     -12      0     12  0.21352173E+01 -0.10574330E-07 0.2012E-06      3
  444    5     0     -11      0     11  0.23158402E+01 -0.90896916E-08 0.4032E-06      6
  445    5     0     -10      0     10  0.25536714E+01 -0.68123577E-08 0.9500E-07      5
  446    5     0      -9      0      9  0.28311459E+01 -0.43415869E-08 0.1064E-06      4
  447    5     0      -8      0      8  0.30389968E+01 -0.22758534E-08 0.1199E-06      7
  448    5     0      -7      0      7  0.33025415E+01  0.28710763E-07 0.2565E-07      4
  449    5     0      -6      0      6  0.35099131E+01  0.36186591E-06 0.2243E-07      6
  450    5     0      -5      0      5  0.38462374E+01  0.84385579E-07 0.4628E-07      6
  451    5     0      -4      1      5  0.44906782E+01  0.67003243E-06 0.1221E-07      7
  452    5     0      -3      1      4  0.47647479E+01  0.14693760E-04 0.7868E-09      9
  453    5     0      -2      1      3  0.53494392E+01  0.90381304E-06 0.1260E-07      7
  454    5     0      -1      2      3  0.58136656E+01  0.27727032E-05 0.5968E-08      6
  455    5     0       0      2      2  0.60517243E+01  0.13248717E-03 0.1233E-09      6
  456    5     0       1      2      1  0.68702512E+01  0.70456705E-05 0.8214E-08      5
  457    5     0       2      3      1  0.73400729E+01  0.66354005E-03 0.9600E-10      7
  458    5     0       3      4      1  0.85969897E+01  0.22442872E-02 0.2902E-10      6
  459    5     0       4      5      1  0.98029364E+01  0.44960084E-02 0.4327E-11     10
  460    5     0       5      6      1  0.11002100E+02  0.45066269E-02 0.9214E-11     10
  461    5     0       6      7      1  0.12223864E+02 -0.12961683E-03 0.8724E-11      7
  462    5     0       7      8      1  0.13465934E+02 -0.94185240E-02 0.2275E-11      9
  463    5     0       8      8      0  0.13812974E+02 -0.37378777E-05 0.9464E-09      6
  464    5     0       9      9      0  0.14727591E+02 -0.21711370E-01 0.4931E-11      8
  465    5     0      10     10      0  0.16005699E+02 -0.35498122E-01 0.6023E-11     10
  466    5     0      11     11      0  0.17289829E+02 -0.50052488E-01 0.1207E-11      8
  467    5     0      12     12      0  0.18571974E+02 -0.64186939E-01 0.2023E-11      8
  468    5     0      13     13      0  0.19847936E+02 -0.76092771E-01 0.5550E-11     10
  469    5     0      14     14      0  0.21117766E+02 -0.84659975E-01 0.2419E-11     11
  470    5     0      15     15      0  0.22382392E+02 -0.90415192E-01 0.6294E-12     10
  471    5     0      16     16      0  0.23644243E+02 -0.95546587E-01 0.1039E-11      8
  472    5     0      17     17      0  0.24907392E+02 -0.10354443E+00 0.2548E-11     12
  473    5     0      18     18      0  0.26174323E+02 -0.11743489E+00 0.1226E-11      9
  474    5     0      19     19      0  0.27442637E+02 -0.13864745E+00 0.1439E-11      9
  Time elapsed :      2.602 s

Mode Search
-----------

Mode parameters
   l : 6
   m : 0

Building frequency grid (REAL axis)
   added scan interval :  0.2782E+00 ->  0.8711E+01 (1000 points, INVERSE)
   added scan interval :  0.8711E+01 ->  0.3315E+02 (1000 points, LINEAR)

Building spatial grid
   Scaffold grid from model
   Split 0 subinterval(s) in iteration 1
   Final grid has 1 segment(s) and 7147 point(s):
      Segment 1 : x range 0.0000 -> 1.0011 (1 -> 7147)

Starting search (adiabatic)

Scanning frequencies
  Time elapsed :    22.328 s

Finding roots
  Time elapsed :      8.915 s

Processing modes
   id    l     m    n_pg    n_p    n_g       Re(omega)       Im(omega)        chi n_iter
  585    6     0     -20      0     20  0.16085899E+01  0.00000000E+00 0.1712E-13      6
  586    6     0     -19      0     19  0.16980301E+01  0.00000000E+00 0.2760E-13      6
  587    6     0     -18      0     18  0.17896427E+01  0.00000000E+00 0.6245E-13      7
  588    6     0     -17      0     17  0.18539918E+01  0.00000000E+00 0.1468E-13      6
  589    6     0     -16      0     16  0.19430806E+01  0.00000000E+00 0.3291E-13      7
  590    6     0     -15      0     15  0.20708143E+01  0.00000000E+00 0.3883E-14      6
  591    6     0     -14      0     14  0.22198372E+01  0.00000000E+00 0.1267E-13      6
  592    6     0     -13      0     13  0.23703002E+01  0.00000000E+00 0.2171E-13      7
  593    6     0     -12      0     12  0.24765457E+01  0.00000000E+00 0.5069E-14      6
  594    6     0     -11      0     11  0.26619517E+01  0.00000000E+00 0.1923E-13      6
  595    6     0     -10      0     10  0.29223079E+01  0.00000000E+00 0.4594E-13      6
  596    6     0      -9      0      9  0.32342303E+01  0.00000000E+00 0.2132E-13      7
  597    6     0      -8      0      8  0.35020385E+01  0.00000000E+00 0.1478E-13      7
  598    6     0      -7      0      7  0.35831859E+01  0.00000000E+00 0.9842E-13      8
  599    6     0      -6      0      6  0.37783936E+01  0.00000000E+00 0.3199E-13      7
  600    6     0      -5      0      5  0.42660586E+01  0.00000000E+00 0.7896E-13      6
  601    6     0      -4      1      5  0.48831189E+01  0.00000000E+00 0.1479E-13     10
  602    6     0      -3      1      4  0.49601937E+01  0.00000000E+00 0.1130E-13      8
  603    6     0      -2      1      3  0.58001493E+01  0.00000000E+00 0.2842E-13      7
  604    6     0      -1      2      3  0.62415787E+01  0.00000000E+00 0.1161E-13      8
  605    6     0       0      2      2  0.65276972E+01  0.00000000E+00 0.4493E-14      8
  606    6     0       1      2      1  0.70891763E+01  0.00000000E+00 0.6166E-14      7
  607    6     0       2      3      1  0.75596932E+01  0.00000000E+00 0.8144E-14      9
  608    6     0       3      4      1  0.88351303E+01  0.00000000E+00 0.4312E-13      6
  609    6     0       4      5      1  0.10062480E+02  0.00000000E+00 0.3125E-13      5
  610    6     0       5      6      1  0.11293141E+02  0.00000000E+00 0.2170E-13      9
  611    6     0       6      7      1  0.12546493E+02  0.00000000E+00 0.5776E-14      7
  612    6     0       7      8      1  0.13817508E+02  0.00000000E+00 0.2925E-12      6
  613    6     0       8      8      0  0.14778536E+02  0.00000000E+00 0.2197E-12      6
  614    6     0       9      9      0  0.15104371E+02  0.00000000E+00 0.7342E-13      6
  615    6     0      10     10      0  0.16403642E+02  0.00000000E+00 0.6048E-13      6
  616    6     0      11     11      0  0.17705520E+02  0.00000000E+00 0.1800E-12      5
  617    6     0      12     12      0  0.19003154E+02  0.00000000E+00 0.8997E-13      5
  618    6     0      13     13      0  0.20293162E+02  0.00000000E+00 0.5916E-14      5
  619    6     0      14     14      0  0.21575478E+02  0.00000000E+00 0.1629E-12      5
  620    6     0      15     15      0  0.22851917E+02  0.00000000E+00 0.1823E-12      5
  621    6     0      16     16      0  0.24127165E+02  0.00000000E+00 0.1836E-12      5
  622    6     0      17     17      0  0.25407492E+02  0.00000000E+00 0.3745E-12      5
  623    6     0      18     18      0  0.26698238E+02  0.00000000E+00 0.3120E-13      5
  624    6     0      19     19      0  0.28000142E+02  0.00000000E+00 0.3335E-13      5
  625    6     0      20     20      0  0.29310434E+02  0.00000000E+00 0.1081E-13      5
  Time elapsed :      2.378 s

Starting search (non-adiabatic)

Finding roots
  Time elapsed :     44.269 s

Processing modes
   id    l     m    n_pg    n_p    n_g       Re(omega)       Im(omega)        chi n_iter
  585    6     0     -20      0     20  0.16085899E+01 -0.58810435E-07 0.2159E-07      4
  586    6     0     -19      0     19  0.16980301E+01 -0.47303776E-07 0.7079E-07      6
  587    6     0     -18      0     18  0.17896427E+01 -0.33855891E-07 0.4532E-07      4
  588    6     0     -17      0     17  0.18539918E+01 -0.24717055E-07 0.8893E-07      6
  589    6     0     -16      0     16  0.19430806E+01 -0.28172925E-07 0.1127E-06      5
  590    6     0     -15      0     15  0.20708143E+01 -0.23168933E-07 0.1187E-06      4
  591    6     0     -14      0     14  0.22198372E+01 -0.17470573E-07 0.7000E-07      4
  592    6     0     -13      0     13  0.23703002E+01 -0.11872325E-07 0.3087E-06      5
  593    6     0     -12      0     12  0.24765457E+01 -0.10096141E-07 0.1387E-07      7
  594    6     0     -11      0     11  0.26619517E+01 -0.92837585E-08 0.2554E-06      5
  595    6     0     -10      0     10  0.29223079E+01 -0.64823586E-08 0.1884E-06      5
  596    6     0      -9      0      9  0.32342303E+01  0.75449347E-09 0.9789E-07      4
  597    6     0      -8      0      8  0.35020389E+01  0.10516068E-06 0.6086E-07      6
  598    6     0      -7      0      7  0.35831879E+01  0.51296760E-06 0.1188E-07      6
  599    6     0      -6      0      6  0.37783938E+01  0.54611915E-07 0.5504E-07      6
  600    6     0      -5      0      5  0.42660587E+01  0.44763973E-07 0.3917E-07      5
  601    6     0      -4      1      5  0.48831405E+01  0.14177822E-04 0.3188E-08      5
  602    6     0      -3      1      4  0.49602042E+01  0.73673761E-05 0.1971E-08      7
  603    6     0      -2      1      3  0.58001497E+01  0.65029541E-06 0.1302E-07      5
  604    6     0      -1      2      3  0.62416190E+01  0.17961824E-03 0.5337E-10      8
  605    6     0       0      2      2  0.65276972E+01  0.48950175E-06 0.1583E-07      7
  606    6     0       1      2      1  0.70891758E+01  0.14348961E-05 0.9448E-08      5
  607    6     0       2      3      1  0.75592439E+01  0.85690072E-03 0.7592E-10     10
  608    6     0       3      4      1  0.88319158E+01  0.27175331E-02 0.1137E-10      6
  609    6     0       4      5      1  0.10051804E+02  0.48550591E-02 0.1709E-10      7
  610    6     0       5      6      1  0.11271045E+02  0.39593135E-02 0.5576E-11      9
  611    6     0       6      7      1  0.12511674E+02 -0.19369853E-02 0.1743E-11      9
  612    6     0       7      8      1  0.13771220E+02 -0.12318662E-01 0.6297E-11      7
  613    6     0       8      8      0  0.14778535E+02 -0.57127269E-06 0.9187E-08      5
  614    6     0       9      9      0  0.15048946E+02 -0.25285751E-01 0.3629E-11      7
  615    6     0      10     10      0  0.16340155E+02 -0.39548719E-01 0.4935E-11      8
  616    6     0      11     11      0  0.17633755E+02 -0.54310519E-01 0.2055E-11      9
  617    6     0      12     12      0  0.18922728E+02 -0.68170114E-01 0.1063E-11     10
  618    6     0      13     13      0  0.20204379E+02 -0.79274874E-01 0.2771E-11     11
  619    6     0      14     14      0  0.21479055E+02 -0.86945789E-01 0.1390E-11      7
  620    6     0      15     15      0  0.22748348E+02 -0.92255059E-01 0.1287E-11      8
  621    6     0      16     16      0  0.24015728E+02 -0.97856689E-01 0.1604E-11     10
  622    6     0      17     17      0  0.25284676E+02 -0.10734361E+00 0.3438E-12      8
  623    6     0      18     18      0  0.26556858E+02 -0.12347128E+00 0.1086E-11     11
  624    6     0      19     19      0  0.27828423E+02 -0.14685139E+00 0.9146E-12     11
  625    6     0      20     20      0  0.29091338E+02 -0.17393135E+00 0.1025E-11      9
  Time elapsed :      2.575 s

Mode Search
-----------

Mode parameters
   l : 2
   m : 0

Building frequency grid (REAL axis)
   added scan interval :  0.5233E+00 ->  0.2103E+01 (3000 points, INVERSE)

Building spatial grid
   Scaffold grid from model
   Split 0 subinterval(s) in iteration 1
   Final grid has 1 segment(s) and 7147 point(s):
      Segment 1 : x range 0.0000 -> 1.0011 (1 -> 7147)

Starting search (adiabatic)

Scanning frequencies
  Time elapsed :    35.041 s

Finding roots
  Time elapsed :      1.786 s

Processing modes
   id    l     m    n_pg    n_p    n_g       Re(omega)       Im(omega)        chi n_iter
  630    2     0     -22      0     22  0.57406852E+00  0.00000000E+00 0.5717E-12      5
  631    2     0     -21      0     21  0.59821719E+00  0.00000000E+00 0.2903E-12      5
  Time elapsed :      0.489 s

Starting search (non-adiabatic)

Finding roots
  Time elapsed :      2.249 s

Processing modes
   id    l     m    n_pg    n_p    n_g       Re(omega)       Im(omega)        chi n_iter
  630    2     0     -22      0     22  0.57406853E+00 -0.53615184E-07 0.3320E-08      6
  631    2     0     -21      0     21  0.59821720E+00 -0.58797920E-07 0.8591E-08      5
  Time elapsed :      0.607 s

Mode Search
-----------

Mode parameters
   l : 3
   m : 0

Building frequency grid (REAL axis)
   added scan interval :  0.5233E+00 ->  0.2103E+01 (3000 points, INVERSE)

Building spatial grid
   Scaffold grid from model
   Split 0 subinterval(s) in iteration 1
   Final grid has 1 segment(s) and 7147 point(s):
      Segment 1 : x range 0.0000 -> 1.0011 (1 -> 7147)

Starting search (adiabatic)

Scanning frequencies
  Time elapsed :    33.853 s

Finding roots
  Time elapsed :      1.571 s

Processing modes
   id    l     m    n_pg    n_p    n_g       Re(omega)       Im(omega)        chi n_iter
  650    3     0     -31      0     31  0.58595620E+00  0.00000000E+00 0.3424E-12      5
  651    3     0     -30      0     30  0.60182439E+00  0.00000000E+00 0.6351E-12      5
  652    3     0     -29      0     29  0.62452143E+00  0.00000000E+00 0.2266E-13      5
  653    3     0     -28      0     28  0.64933845E+00  0.00000000E+00 0.1379E-12      5
  654    3     0     -27      0     27  0.67044337E+00  0.00000000E+00 0.7263E-12      5
  655    3     0     -26      0     26  0.68860989E+00  0.00000000E+00 0.1297E-11      5
  656    3     0     -25      0     25  0.71692799E+00  0.00000000E+00 0.3489E-12      5
  657    3     0     -24      0     24  0.75031799E+00  0.00000000E+00 0.5374E-12      5
  658    3     0     -23      0     23  0.78405792E+00  0.00000000E+00 0.2936E-13      5
  659    3     0     -22      0     22  0.80845634E+00  0.00000000E+00 0.1179E-12      5
  660    3     0     -21      0     21  0.84125150E+00  0.00000000E+00 0.2146E-12      5
  Time elapsed :      0.513 s

Starting search (non-adiabatic)

Finding roots
  Time elapsed :      9.762 s

Processing modes
   id    l     m    n_pg    n_p    n_g       Re(omega)       Im(omega)        chi n_iter
  650    3     0     -31      0     31  0.58595631E+00 -0.34497768E-06 0.1573E-08      4
  651    3     0     -30      0     30  0.60182454E+00 -0.44556318E-06 0.2472E-08      5
  652    3     0     -29      0     29  0.62452157E+00 -0.38470920E-06 0.1043E-08      6
  653    3     0     -28      0     28  0.64933855E+00 -0.28198861E-06 0.1374E-08      6
  654    3     0     -27      0     27  0.67044343E+00 -0.15672409E-06 0.6682E-08      6
  655    3     0     -26      0     26  0.68860996E+00 -0.17138175E-06 0.2730E-08      7
  656    3     0     -25      0     25  0.71692805E+00 -0.16176358E-06 0.1308E-07      5
  657    3     0     -24      0     24  0.75031803E+00 -0.12256739E-06 0.9219E-08      5
  658    3     0     -23      0     23  0.78405795E+00 -0.79225416E-07 0.8408E-08      5
  659    3     0     -22      0     22  0.80845635E+00 -0.53615246E-07 0.1274E-07      5
  660    3     0     -21      0     21  0.84125152E+00 -0.60271420E-07 0.4702E-07      4
  Time elapsed :      0.775 s

Mode Search
-----------

Mode parameters
   l : 4
   m : 0

Building frequency grid (REAL axis)
   added scan interval :  0.5233E+00 ->  0.2103E+01 (3000 points, INVERSE)

Building spatial grid
   Scaffold grid from model
   Split 0 subinterval(s) in iteration 1
   Final grid has 1 segment(s) and 7147 point(s):
      Segment 1 : x range 0.0000 -> 1.0011 (1 -> 7147)

Starting search (adiabatic)

Scanning frequencies
  Time elapsed :    34.162 s

Finding roots
  Time elapsed :      2.253 s

Processing modes
   id    l     m    n_pg    n_p    n_g       Re(omega)       Im(omega)        chi n_iter
  678    4     0     -41      0     41  0.57985614E+00  0.00000000E+00 0.1183E-11      5
  679    4     0     -40      0     40  0.59388650E+00  0.00000000E+00 0.7740E-12      5
  680    4     0     -39      0     39  0.60468338E+00  0.00000000E+00 0.6353E-12      5
  681    4     0     -38      0     38  0.62018115E+00  0.00000000E+00 0.4190E-12      5
  682    4     0     -37      0     37  0.63886136E+00  0.00000000E+00 0.5579E-12      5
  683    4     0     -36      0     36  0.65713120E+00  0.00000000E+00 0.1284E-12      5
  684    4     0     -35      0     35  0.67059352E+00  0.00000000E+00 0.6575E-12      5
  685    4     0     -34      0     34  0.68841000E+00  0.00000000E+00 0.1191E-11      5
  686    4     0     -33      0     33  0.71156813E+00  0.00000000E+00 0.5874E-12      5
  687    4     0     -32      0     32  0.73555128E+00  0.00000000E+00 0.2128E-12      5
  688    4     0     -31      0     31  0.75371974E+00  0.00000000E+00 0.9117E-12      5
  689    4     0     -30      0     30  0.77376966E+00  0.00000000E+00 0.5253E-12      5
  690    4     0     -29      0     29  0.80264028E+00  0.00000000E+00 0.6225E-12      5
  691    4     0     -28      0     28  0.83439058E+00  0.00000000E+00 0.8967E-12      5
  692    4     0     -27      0     27  0.86202789E+00  0.00000000E+00 0.2185E-12      5
  693    4     0     -26      0     26  0.88479334E+00  0.00000000E+00 0.3628E-12      5
  694    4     0     -25      0     25  0.92026180E+00  0.00000000E+00 0.1891E-12      5
  695    4     0     -24      0     24  0.96263110E+00  0.00000000E+00 0.1394E-12      5
  696    4     0     -23      0     23  0.10062150E+01  0.00000000E+00 0.1600E-12      5
  697    4     0     -22      0     22  0.10383932E+01  0.00000000E+00 0.5526E-12      5
  698    4     0     -21      0     21  0.10781396E+01  0.00000000E+00 0.5014E-12      6
  Time elapsed :      0.717 s

Starting search (non-adiabatic)

Finding roots
  Time elapsed :     17.249 s

Processing modes
   id    l     m    n_pg    n_p    n_g       Re(omega)       Im(omega)        chi n_iter
  678    4     0     -41      0     41  0.57985738E+00 -0.27355278E-05 0.3831E-10      6
  679    4     0     -40      0     40  0.59388733E+00 -0.18108348E-05 0.2534E-09      5
  680    4     0     -39      0     39  0.60468416E+00 -0.16987282E-05 0.2953E-09      4
  681    4     0     -38      0     38  0.62018207E+00 -0.19893128E-05 0.2308E-09      6
  682    4     0     -37      0     37  0.63886214E+00 -0.16705477E-05 0.1391E-09      6
  683    4     0     -36      0     36  0.65713172E+00 -0.10995224E-05 0.6124E-09      5
  684    4     0     -35      0     35  0.67059388E+00 -0.78205763E-06 0.3286E-09      4
  685    4     0     -34      0     34  0.68841047E+00 -0.96619068E-06 0.3028E-09      6
  686    4     0     -33      0     33  0.71156853E+00 -0.81710350E-06 0.1183E-08      5
  687    4     0     -32      0     32  0.73555157E+00 -0.57601405E-06 0.2808E-08      6
  688    4     0     -31      0     31  0.75371991E+00 -0.33260687E-06 0.5266E-09      5
  689    4     0     -30      0     30  0.77376988E+00 -0.42718873E-06 0.2400E-08      5
  690    4     0     -29      0     29  0.80264049E+00 -0.37320422E-06 0.7137E-09      5
  691    4     0     -28      0     28  0.83439074E+00 -0.27767907E-06 0.2132E-08      5
  692    4     0     -27      0     27  0.86202797E+00 -0.15743784E-06 0.7188E-08      4
  693    4     0     -26      0     26  0.88479342E+00 -0.16395673E-06 0.1163E-07      6
  694    4     0     -25      0     25  0.92026188E+00 -0.16020754E-06 0.1133E-08      5
  695    4     0     -24      0     24  0.96263116E+00 -0.12344733E-06 0.9302E-08      5
  696    4     0     -23      0     23  0.10062150E+01 -0.82755935E-07 0.3785E-08      5
  697    4     0     -22      0     22  0.10383932E+01 -0.52890260E-07 0.6975E-07      5
  698    4     0     -21      0     21  0.10781396E+01 -0.61281027E-07 0.2019E-07      5
  Time elapsed :      1.511 s

Mode Search
-----------

Mode parameters
   l : 5
   m : 0

Building frequency grid (REAL axis)
   added scan interval :  0.5233E+00 ->  0.2103E+01 (3000 points, INVERSE)

Building spatial grid
   Scaffold grid from model
   Split 0 subinterval(s) in iteration 1
   Final grid has 1 segment(s) and 7147 point(s):
      Segment 1 : x range 0.0000 -> 1.0011 (1 -> 7147)

Starting search (adiabatic)

Scanning frequencies
  Time elapsed :    34.038 s

Finding roots
  Time elapsed :      2.457 s

Processing modes
   id    l     m    n_pg    n_p    n_g       Re(omega)       Im(omega)        chi n_iter
  715    5     0     -50      0     50  0.58448319E+00  0.00000000E+00 0.2929E-12      5
  716    5     0     -49      0     49  0.59764113E+00  0.00000000E+00 0.7873E-12      5
  717    5     0     -48      0     48  0.60864802E+00  0.00000000E+00 0.4808E-12      5
  718    5     0     -47      0     47  0.61863476E+00  0.00000000E+00 0.3938E-12      5
  719    5     0     -46      0     46  0.63271267E+00  0.00000000E+00 0.3294E-12      5
  720    5     0     -45      0     45  0.64830778E+00  0.00000000E+00 0.4649E-12      5
  721    5     0     -44      0     44  0.66192070E+00  0.00000000E+00 0.6492E-12      5
  722    5     0     -43      0     43  0.67305238E+00  0.00000000E+00 0.7052E-12      5
  723    5     0     -42      0     42  0.68927162E+00  0.00000000E+00 0.1473E-12      5
  724    5     0     -41      0     41  0.70788092E+00  0.00000000E+00 0.8691E-13      5
  725    5     0     -40      0     40  0.72483953E+00  0.00000000E+00 0.2506E-12      5
  726    5     0     -39      0     39  0.73798455E+00  0.00000000E+00 0.4165E-12      6
  727    5     0     -38      0     38  0.75684321E+00  0.00000000E+00 0.2326E-13      5
  728    5     0     -37      0     37  0.77951312E+00  0.00000000E+00 0.1561E-12      5
  729    5     0     -36      0     36  0.80176563E+00  0.00000000E+00 0.2876E-12      6
  730    5     0     -35      0     35  0.81821404E+00  0.00000000E+00 0.5558E-13      5
  731    5     0     -34      0     34  0.83961435E+00  0.00000000E+00 0.3522E-12      5
  732    5     0     -33      0     33  0.86759702E+00  0.00000000E+00 0.6540E-12      5
  733    5     0     -32      0     32  0.89679554E+00  0.00000000E+00 0.5599E-12      6
  734    5     0     -31      0     31  0.91936554E+00  0.00000000E+00 0.9561E-13      5
  735    5     0     -30      0     30  0.94301466E+00  0.00000000E+00 0.6003E-12      5
  736    5     0     -29      0     29  0.97761533E+00  0.00000000E+00 0.3794E-12      5
  737    5     0     -28      0     28  0.10160580E+01  0.00000000E+00 0.3908E-12      5
  738    5     0     -27      0     27  0.10506516E+01  0.00000000E+00 0.3256E-12      5
  739    5     0     -26      0     26  0.10776194E+01  0.00000000E+00 0.1944E-12      6
  740    5     0     -25      0     25  0.11191542E+01  0.00000000E+00 0.3375E-12      6
  741    5     0     -24      0     24  0.11698718E+01  0.00000000E+00 0.8913E-12      5
  742    5     0     -23      0     23  0.12231345E+01  0.00000000E+00 0.2884E-12      5
  743    5     0     -22      0     22  0.12641974E+01  0.00000000E+00 0.5071E-13      5
  744    5     0     -21      0     21  0.13088254E+01  0.00000000E+00 0.3494E-12      5
  Time elapsed :      0.635 s

Starting search (non-adiabatic)

Finding roots
  Time elapsed :     25.589 s

Processing modes
   id    l     m    n_pg    n_p    n_g       Re(omega)       Im(omega)        chi n_iter
  716    5     0     -50      0     50  0.59763902E+00 -0.76599083E-05 0.1238E-09      4
  717    5     0     -49      0     49  0.60864692E+00 -0.44192124E-05 0.2155E-09      6
  718    5     0     -48      0     48  0.61863382E+00 -0.47988234E-05 0.1711E-09      6
  719    5     0     -47      0     47  0.63271240E+00 -0.45706938E-05 0.1466E-09      4
  720    5     0     -45      1     46  0.64830832E+00 -0.36119719E-05 0.1127E-09      6
  721    5     0     -44      1     45  0.66192140E+00 -0.22285644E-05 0.3110E-09      5
  722    5     0     -43      0     43  0.67305339E+00 -0.24403883E-05 0.1532E-09      6
  723    5     0     -42      0     42  0.68927308E+00 -0.28496233E-05 0.4833E-09      5
  724    5     0     -41      0     41  0.70788236E+00 -0.25435065E-05 0.1146E-09      6
  725    5     0     -40      0     40  0.72484051E+00 -0.16708797E-05 0.6797E-09      6
  726    5     0     -39      0     39  0.73798550E+00 -0.15816984E-05 0.6738E-09      4
  727    5     0     -38      0     38  0.75684433E+00 -0.18360307E-05 0.2366E-09      5
  728    5     0     -37      0     37  0.77951408E+00 -0.15438358E-05 0.3613E-09      5
  729    5     0     -36      0     36  0.80176627E+00 -0.10287283E-05 0.9739E-09      5
  730    5     0     -35      0     35  0.81821449E+00 -0.72127233E-06 0.1955E-08      6
  731    5     0     -34      0     34  0.83961493E+00 -0.89693438E-06 0.4945E-09      5
  732    5     0     -33      0     33  0.86759752E+00 -0.76648985E-06 0.9637E-09      5
  733    5     0     -32      0     32  0.89679590E+00 -0.55106098E-06 0.1367E-08      4
  734    5     0     -31      0     31  0.91936574E+00 -0.31364918E-06 0.4233E-08      6
  735    5     0     -30      0     30  0.94301493E+00 -0.39805566E-06 0.2651E-08      5
  736    5     0     -29      0     29  0.97761557E+00 -0.35647391E-06 0.6813E-08      6
  737    5     0     -28      0     28  0.10160581E+01 -0.27147292E-06 0.8504E-08      8
  738    5     0     -27      0     27  0.10506517E+01 -0.15999379E-06 0.3567E-08      4
  739    5     0     -26      0     26  0.10776195E+01 -0.15350991E-06 0.1280E-08      4
  740    5     0     -25      0     25  0.11191543E+01 -0.15855156E-06 0.5736E-08      5
  741    5     0     -24      0     24  0.11698719E+01 -0.12531449E-06 0.6636E-08      7
  742    5     0     -23      0     23  0.12231345E+01 -0.87903499E-07 0.3749E-08      5
  743    5     0     -22      0     22  0.12641974E+01 -0.53206321E-07 0.1225E-07      4
  744    5     0     -21      0     21  0.13088254E+01 -0.62541586E-07 0.3788E-07      7
  Time elapsed :      1.797 s

Mode Search
-----------

Mode parameters
   l : 6
   m : 0

Building frequency grid (REAL axis)
   added scan interval :  0.5233E+00 ->  0.2103E+01 (3000 points, INVERSE)

Building spatial grid
   Scaffold grid from model
   Split 0 subinterval(s) in iteration 1
   Final grid has 1 segment(s) and 7147 point(s):
      Segment 1 : x range 0.0000 -> 1.0011 (1 -> 7147)

Starting search (adiabatic)

Scanning frequencies
  Time elapsed :    33.576 s

Finding roots
  Time elapsed :      3.106 s

Processing modes
   id    l     m    n_pg    n_p    n_g       Re(omega)       Im(omega)        chi n_iter
  760    6     0     -59      0     59  0.58709346E+00  0.00000000E+00 0.2901E-13      5
  761    6     0     -58      0     58  0.59838190E+00  0.00000000E+00 0.2636E-12      5
  762    6     0     -57      0     57  0.60937957E+00  0.00000000E+00 0.9681E-13      5
  763    6     0     -56      0     56  0.61806019E+00  0.00000000E+00 0.3837E-14      5
  764    6     0     -55      0     55  0.62817388E+00  0.00000000E+00 0.4595E-14      6
  765    6     0     -54      0     54  0.64094369E+00  0.00000000E+00 0.4910E-12      5
  766    6     0     -53      0     53  0.65400604E+00  0.00000000E+00 0.3410E-12      6
  767    6     0     -52      0     52  0.66447014E+00  0.00000000E+00 0.7252E-13      5
  768    6     0     -51      0     51  0.67525249E+00  0.00000000E+00 0.3214E-12      6
  769    6     0     -50      0     50  0.68976413E+00  0.00000000E+00 0.6834E-12      5
  770    6     0     -49      0     49  0.70518792E+00  0.00000000E+00 0.1492E-13      6
  771    6     0     -48      0     48  0.71802706E+00  0.00000000E+00 0.8683E-12      5
  772    6     0     -47      0     47  0.72978462E+00  0.00000000E+00 0.9419E-12      6
  773    6     0     -46      0     46  0.74633683E+00  0.00000000E+00 0.4620E-13      5
  774    6     0     -45      0     45  0.76460711E+00  0.00000000E+00 0.2079E-12      5
  775    6     0     -44      0     44  0.78046920E+00  0.00000000E+00 0.1547E-12      5
  776    6     0     -43      0     43  0.79356543E+00  0.00000000E+00 0.7993E-13      6
  777    6     0     -42      0     42  0.81263219E+00  0.00000000E+00 0.3599E-12      5
  778    6     0     -41      0     41  0.83443610E+00  0.00000000E+00 0.1980E-12      5
  779    6     0     -40      0     40  0.85437951E+00  0.00000000E+00 0.1024E-12      5
  780    6     0     -39      0     39  0.86981181E+00  0.00000000E+00 0.3514E-12      6
  781    6     0     -38      0     38  0.89177353E+00  0.00000000E+00 0.9066E-13      6
  782    6     0     -37      0     37  0.91829359E+00  0.00000000E+00 0.5655E-12      5
  783    6     0     -36      0     36  0.94458352E+00  0.00000000E+00 0.3779E-12      6
  784    6     0     -35      0     35  0.96413473E+00  0.00000000E+00 0.1772E-12      6
  785    6     0     -34      0     34  0.98862726E+00  0.00000000E+00 0.1460E-12      5
  786    6     0     -33      0     33  0.10211452E+01  0.00000000E+00 0.5555E-14      5
  787    6     0     -32      0     32  0.10554837E+01  0.00000000E+00 0.1268E-12      5
  788    6     0     -31      0     31  0.10829021E+01  0.00000000E+00 0.3272E-12      5
  789    6     0     -30      0     30  0.11094662E+01  0.00000000E+00 0.1356E-12      6
  790    6     0     -29      0     29  0.11491870E+01  0.00000000E+00 0.1798E-12      5
  791    6     0     -28      0     28  0.11939863E+01  0.00000000E+00 0.5161E-12      5
  792    6     0     -27      0     27  0.12359379E+01  0.00000000E+00 0.1892E-12      5
  793    6     0     -26      0     26  0.12671039E+01  0.00000000E+00 0.6801E-13      6
  794    6     0     -25      0     25  0.13131925E+01  0.00000000E+00 0.3375E-12      6
  795    6     0     -24      0     24  0.13714368E+01  0.00000000E+00 0.2136E-12      5
  796    6     0     -23      0     23  0.14339288E+01  0.00000000E+00 0.1478E-12      6
  797    6     0     -22      0     22  0.14855010E+01  0.00000000E+00 0.1076E-12      5
  798    6     0     -21      0     21  0.15330632E+01  0.00000000E+00 0.1628E-12      6
  Time elapsed :      0.806 s

Starting search (non-adiabatic)

Finding roots
  Time elapsed :     32.408 s

Processing modes
   id    l     m    n_pg    n_p    n_g       Re(omega)       Im(omega)        chi n_iter
  761    6     0     -59      0     59  0.59837703E+00 -0.27996776E-04 0.7492E-11      5
  762    6     0     -58      0     58  0.60937597E+00 -0.20888106E-04 0.2067E-10      5
  763    6     0     -57      0     57  0.61805750E+00 -0.15536818E-04 0.1547E-10      6
  764    6     0     -56      0     56  0.62817052E+00 -0.19153103E-04 0.2164E-10      4
  765    6     0     -55      0     55  0.64094047E+00 -0.17918083E-04 0.5545E-10      7
  766    6     0     -54      0     54  0.65400347E+00 -0.13800499E-04 0.1100E-10      5
  767    6     0     -53      0     53  0.66446844E+00 -0.88706250E-05 0.6376E-10      6
  768    6     0     -52      0     52  0.67525036E+00 -0.10792360E-04 0.2539E-10      5
  769    6     0     -51      0     51  0.68976212E+00 -0.10173769E-04 0.3546E-10      6
  770    6     0     -50      0     50  0.70518653E+00 -0.77064098E-05 0.9366E-10      5
  771    6     0     -49      0     49  0.71802642E+00 -0.44794282E-05 0.3010E-09      5
  772    6     0     -48      0     48  0.72978420E+00 -0.49569349E-05 0.1465E-09      6
  773    6     0     -47      0     47  0.74633702E+00 -0.47415428E-05 0.1306E-09      5
  774    6     0     -45      1     46  0.76460791E+00 -0.37109191E-05 0.1581E-09      4
  775    6     0     -44      1     45  0.78047001E+00 -0.22356060E-05 0.2981E-09      5
  776    6     0     -43      0     43  0.79356657E+00 -0.24301805E-05 0.2460E-09      5
  777    6     0     -42      0     42  0.81263378E+00 -0.27419749E-05 0.4937E-09      4
  778    6     0     -41      0     41  0.83443767E+00 -0.23964088E-05 0.5966E-09      5
  779    6     0     -40      0     40  0.85438059E+00 -0.15690359E-05 0.1308E-08      5
  780    6     0     -39      0     39  0.86981284E+00 -0.14521007E-05 0.4530E-09      4
  781    6     0     -38      0     38  0.89177477E+00 -0.16835588E-05 0.3591E-09      5
  782    6     0     -37      0     37  0.91829466E+00 -0.14191995E-05 0.3643E-09      5
  783    6     0     -36      0     36  0.94458425E+00 -0.96609661E-06 0.4476E-09      6
  784    6     0     -35      0     35  0.96413522E+00 -0.65237154E-06 0.2003E-08      5
  785    6     0     -34      0     34  0.98862790E+00 -0.82185347E-06 0.8817E-09      6
  786    6     0     -33      0     33  0.10211458E+01 -0.71469651E-06 0.4053E-09      5
  787    6     0     -32      0     32  0.10554841E+01 -0.52779105E-06 0.2191E-08      6
  788    6     0     -31      0     31  0.10829024E+01 -0.29729277E-06 0.5742E-08      7
  789    6     0     -30      0     30  0.11094665E+01 -0.36612635E-06 0.8610E-09      4
  790    6     0     -29      0     29  0.11491872E+01 -0.34159480E-06 0.2597E-08      6
  791    6     0     -28      0     28  0.11939865E+01 -0.26820175E-06 0.4950E-08      5
  792    6     0     -27      0     27  0.12359380E+01 -0.16800281E-06 0.3708E-08      5
  793    6     0     -26      0     26  0.12671040E+01 -0.14298255E-06 0.2382E-08      6
  794    6     0     -25      0     25  0.13131926E+01 -0.15901203E-06 0.7096E-08      6
  795    6     0     -24      0     24  0.13714368E+01 -0.12979203E-06 0.1721E-07      4
  796    6     0     -23      0     23  0.14339289E+01 -0.95307660E-07 0.4499E-08      6
  797    6     0     -22      0     22  0.14855011E+01 -0.56200704E-07 0.4502E-07      4
  798    6     0     -21      0     21  0.15330632E+01 -0.63575239E-07 0.6080E-07      5
  Time elapsed :      2.424 s

Mode Search
-----------

Mode parameters
   l : 7
   m : 0

Building frequency grid (REAL axis)
   added scan interval :  0.5233E+00 ->  0.2103E+01 (3000 points, INVERSE)

Building spatial grid
   Scaffold grid from model
   Split 11 subinterval(s) in iteration 1
   Split 0 subinterval(s) in iteration 2
   Final grid has 1 segment(s) and 7158 point(s):
      Segment 1 : x range 0.0000 -> 1.0011 (1 -> 7158)

Starting search (adiabatic)

Scanning frequencies
  Time elapsed :    33.733 s

Finding roots
  Time elapsed :      3.267 s

Processing modes
   id    l     m    n_pg    n_p    n_g       Re(omega)       Im(omega)        chi n_iter
  813    7     0     -68      0     68  0.58882157E+00  0.00000000E+00 0.4898E-12      5
  814    7     0     -67      0     67  0.59835528E+00  0.00000000E+00 0.3710E-12      5
  815    7     0     -66      0     66  0.60831894E+00  0.00000000E+00 0.2852E-12      5
  816    7     0     -65      0     65  0.61688748E+00  0.00000000E+00 0.8333E-12      5
  817    7     0     -64      0     64  0.62474516E+00  0.00000000E+00 0.6414E-12      5
  818    7     0     -63      0     63  0.63506839E+00  0.00000000E+00 0.6518E-12      5
  819    7     0     -62      0     62  0.64646039E+00  0.00000000E+00 0.1272E-11      5
  820    7     0     -61      0     61  0.65691777E+00  0.00000000E+00 0.4042E-12      5
  821    7     0     -60      0     60  0.66548768E+00  0.00000000E+00 0.4668E-12      5
  822    7     0     -59      0     59  0.67648554E+00  0.00000000E+00 0.6851E-13      5
  823    7     0     -58      0     58  0.68942358E+00  0.00000000E+00 0.2455E-12      5
  824    7     0     -57      0     57  0.70207302E+00  0.00000000E+00 0.3440E-12      6
  825    7     0     -56      0     56  0.71205107E+00  0.00000000E+00 0.3767E-12      5
  826    7     0     -55      0     55  0.72357945E+00  0.00000000E+00 0.2400E-13      5
  827    7     0     -54      0     54  0.73819486E+00  0.00000000E+00 0.3525E-12      5
  828    7     0     -53      0     53  0.75316124E+00  0.00000000E+00 0.8603E-13      6
  829    7     0     -52      0     52  0.76514570E+00  0.00000000E+00 0.3032E-12      5
  830    7     0     -51      0     51  0.77747531E+00  0.00000000E+00 0.3321E-12      5
  831    7     0     -50      0     50  0.79407964E+00  0.00000000E+00 0.2169E-12      5
  832    7     0     -49      0     49  0.81172042E+00  0.00000000E+00 0.3842E-12      6
  833    7     0     -48      0     48  0.82639494E+00  0.00000000E+00 0.1345E-12      5
  834    7     0     -47      0     47  0.83984435E+00  0.00000000E+00 0.4445E-15      6
  835    7     0     -46      0     46  0.85876963E+00  0.00000000E+00 0.2611E-12      5
  836    7     0     -45      0     45  0.87965262E+00  0.00000000E+00 0.2849E-12      5
  837    7     0     -44      0     44  0.89781368E+00  0.00000000E+00 0.6582E-13      6
  838    7     0     -43      0     43  0.91278256E+00  0.00000000E+00 0.1973E-12      6
  839    7     0     -42      0     42  0.93451430E+00  0.00000000E+00 0.6530E-12      5
  840    7     0     -41      0     41  0.95941772E+00  0.00000000E+00 0.3793E-12      5
  841    7     0     -40      0     40  0.98246021E+00  0.00000000E+00 0.5021E-13      6
  842    7     0     -39      0     39  0.10001324E+01  0.00000000E+00 0.1310E-12      6
  843    7     0     -38      0     38  0.10248413E+01  0.00000000E+00 0.6694E-13      6
  844    7     0     -37      0     37  0.10550382E+01  0.00000000E+00 0.1712E-12      5
  845    7     0     -36      0     36  0.10854184E+01  0.00000000E+00 0.8406E-12      6
  846    7     0     -35      0     35  0.11083275E+01  0.00000000E+00 0.1496E-12      6
  847    7     0     -34      0     34  0.11352882E+01  0.00000000E+00 0.3717E-12      5
  848    7     0     -33      0     33  0.11719601E+01  0.00000000E+00 0.3712E-12      5
  849    7     0     -32      0     32  0.12112956E+01  0.00000000E+00 0.1080E-12      6
  850    7     0     -31      0     31  0.12441530E+01  0.00000000E+00 0.1336E-12      5
  851    7     0     -30      0     30  0.12730114E+01  0.00000000E+00 0.1035E-12      6
  852    7     0     -29      0     29  0.13169957E+01  0.00000000E+00 0.2210E-12      5
  853    7     0     -28      0     28  0.13676786E+01  0.00000000E+00 0.1736E-12      5
  854    7     0     -27      0     27  0.14171417E+01  0.00000000E+00 0.3899E-14      5
  855    7     0     -26      0     26  0.14532809E+01  0.00000000E+00 0.1751E-12      6
  856    7     0     -25      0     25  0.15019351E+01  0.00000000E+00 0.1749E-12      6
  857    7     0     -24      0     24  0.15666183E+01  0.00000000E+00 0.2709E-12      5
  858    7     0     -23      0     23  0.16375481E+01  0.00000000E+00 0.4939E-13      6
  Time elapsed :      0.786 s

Starting search (non-adiabatic)

Finding roots
  Time elapsed :     39.214 s

Processing modes
   id    l     m    n_pg    n_p    n_g       Re(omega)       Im(omega)        chi n_iter
  814    7     0     -68      0     68  0.59834216E+00 -0.68078592E-04 0.1638E-10      6
  815    7     0     -67      0     67  0.60830874E+00 -0.57270704E-04 0.9573E-11      6
  816    7     0     -66      0     66  0.61688087E+00 -0.39591442E-04 0.2560E-11      5
  817    7     0     -65      0     65  0.62473819E+00 -0.43660612E-04 0.1291E-11      6
  818    7     0     -64      0     64  0.63506139E+00 -0.47122889E-04 0.9372E-11      6
  819    7     0     -63      0     63  0.64645461E+00 -0.41635758E-04 0.9472E-11      6
  820    7     0     -62      0     62  0.65691389E+00 -0.29513329E-04 0.3609E-11      5
  821    7     0     -61      0     61  0.66548424E+00 -0.26954448E-04 0.9114E-11      5
  822    7     0     -60      0     60  0.67648168E+00 -0.31457955E-04 0.2891E-10      5
  823    7     0     -59      0     59  0.68942018E+00 -0.28578738E-04 0.1206E-10      8
  824    7     0     -58      0     58  0.70207051E+00 -0.21336932E-04 0.5318E-10      5
  825    7     0     -57      0     57  0.71204922E+00 -0.15654112E-04 0.3880E-10      5
  826    7     0     -56      0     56  0.72357714E+00 -0.19293767E-04 0.2465E-10      6
  827    7     0     -55      0     55  0.73819265E+00 -0.18035085E-04 0.4468E-10      5
  828    7     0     -54      0     54  0.75315950E+00 -0.13854621E-04 0.2425E-10      5
  829    7     0     -53      0     53  0.76514457E+00 -0.88716533E-05 0.6746E-10      5
  830    7     0     -52      0     52  0.77747394E+00 -0.10790241E-04 0.9563E-10      5
  831    7     0     -51      0     51  0.79407843E+00 -0.10181536E-04 0.1036E-09      4
  832    7     0     -50      0     50  0.81171971E+00 -0.77423558E-05 0.1047E-09      4
  833    7     0     -49      0     49  0.82639472E+00 -0.45290380E-05 0.2458E-10      6
  834    7     0     -48      0     48  0.83984440E+00 -0.50483551E-05 0.1860E-09      5
  835    7     0     -47      0     47  0.85877024E+00 -0.48564288E-05 0.5803E-10      4
  836    7     0     -46      0     46  0.87965369E+00 -0.37886840E-05 0.2184E-09      6
  837    7     0     -44      1     45  0.89781461E+00 -0.22614412E-05 0.1279E-09      7
  838    7     0     -43      0     43  0.91278380E+00 -0.24088514E-05 0.1904E-09      8
  839    7     0     -42      0     42  0.93451598E+00 -0.26670962E-05 0.4866E-09      5
  840    7     0     -41      0     41  0.95941938E+00 -0.22938725E-05 0.2682E-09      6
  841    7     0     -40      0     40  0.98246137E+00 -0.15082508E-05 0.1630E-09      6
  842    7     0     -39      0     39  0.10001335E+01 -0.13250480E-05 0.7782E-09      4
  843    7     0     -38      0     38  0.10248426E+01 -0.15487069E-05 0.5026E-09      4
  844    7     0     -37      0     37  0.10550393E+01 -0.13123952E-05 0.1325E-08      4
  845    7     0     -36      0     36  0.10854192E+01 -0.91987243E-06 0.1148E-08      5
  846    7     0     -35      0     35  0.11083280E+01 -0.58985319E-06 0.1515E-08      5
  847    7     0     -34      0     34  0.11352889E+01 -0.75182624E-06 0.1239E-08      5
  848    7     0     -33      0     33  0.11719607E+01 -0.67097172E-06 0.2210E-08      5
  849    7     0     -32      0     32  0.12112961E+01 -0.51129388E-06 0.1379E-08      6
  850    7     0     -31      0     31  0.12441532E+01 -0.29087397E-06 0.3615E-08      6
  851    7     0     -30      0     30  0.12730117E+01 -0.33531027E-06 0.1017E-08      7
  852    7     0     -29      0     29  0.13169960E+01 -0.33264146E-06 0.3646E-08      6
  853    7     0     -28      0     28  0.13676789E+01 -0.27079310E-06 0.2571E-08      5
  854    7     0     -27      0     27  0.14171418E+01 -0.18338337E-06 0.8592E-08      4
  855    7     0     -26      0     26  0.14532810E+01 -0.13466211E-06 0.2606E-08      5
  856    7     0     -25      0     25  0.15019352E+01 -0.16179577E-06 0.8191E-08      5
  857    7     0     -24      0     24  0.15666184E+01 -0.13721145E-06 0.6149E-08      4
  858    7     0     -23      0     23  0.16375482E+01 -0.10477647E-06 0.2339E-07      7
  Time elapsed :      2.680 s

Mode Search
-----------

Mode parameters
   l : 8
   m : 0

Building frequency grid (REAL axis)
   added scan interval :  0.5233E+00 ->  0.2103E+01 (3000 points, INVERSE)

Building spatial grid
   Scaffold grid from model
   Split 13 subinterval(s) in iteration 1
   Split 0 subinterval(s) in iteration 2
   Final grid has 1 segment(s) and 7160 point(s):
      Segment 1 : x range 0.0000 -> 1.0011 (1 -> 7160)

Starting search (adiabatic)

Scanning frequencies
  Time elapsed :    33.668 s

Finding roots
  Time elapsed :      3.875 s

Processing modes
   id    l     m    n_pg    n_p    n_g       Re(omega)       Im(omega)        chi n_iter
  874    8     0     -77      0     77  0.59030383E+00  0.00000000E+00 0.1235E-12      5
  875    8     0     -76      0     76  0.59831679E+00  0.00000000E+00 0.5193E-12      5
  876    8     0     -75      0     75  0.60710397E+00  0.00000000E+00 0.3351E-12      5
  877    8     0     -74      0     74  0.61529141E+00  0.00000000E+00 0.4771E-12      6
  878    8     0     -73      0     73  0.62218059E+00  0.00000000E+00 0.5840E-12      6
  879    8     0     -72      0     72  0.63050573E+00  0.00000000E+00 0.5344E-12      5
  880    8     0     -71      0     71  0.64027353E+00  0.00000000E+00 0.1254E-12      5
  881    8     0     -70      0     70  0.64999167E+00  0.00000000E+00 0.3146E-12      5
  882    8     0     -69      0     69  0.65803618E+00  0.00000000E+00 0.2535E-12      5
  883    8     0     -68      0     68  0.66651133E+00  0.00000000E+00 0.4934E-13      6
  884    8     0     -67      0     67  0.67721481E+00  0.00000000E+00 0.4092E-12      5
  885    8     0     -66      0     66  0.68847879E+00  0.00000000E+00 0.3017E-12      6
  886    8     0     -65      0     65  0.69825253E+00  0.00000000E+00 0.2583E-12      5
  887    8     0     -64      0     64  0.70704191E+00  0.00000000E+00 0.1154E-12      6
  888    8     0     -63      0     63  0.71858857E+00  0.00000000E+00 0.1238E-12      5
  889    8     0     -62      0     62  0.73142696E+00  0.00000000E+00 0.1101E-12      5
  890    8     0     -61      0     61  0.74330859E+00  0.00000000E+00 0.2108E-12      6
  891    8     0     -60      0     60  0.75296213E+00  0.00000000E+00 0.1569E-12      6
  892    8     0     -59      0     59  0.76522763E+00  0.00000000E+00 0.2175E-12      5
  893    8     0     -58      0     58  0.77977116E+00  0.00000000E+00 0.6452E-13      5
  894    8     0     -57      0     57  0.79406211E+00  0.00000000E+00 0.2583E-12      6
  895    8     0     -56      0     56  0.80533757E+00  0.00000000E+00 0.1097E-12      5
  896    8     0     -55      0     55  0.81819746E+00  0.00000000E+00 0.4939E-12      5
  897    8     0     -54      0     54  0.83459767E+00  0.00000000E+00 0.1019E-12      5
  898    8     0     -53      0     53  0.85143744E+00  0.00000000E+00 0.2587E-12      6
  899    8     0     -52      0     52  0.86494910E+00  0.00000000E+00 0.3189E-12      5
  900    8     0     -51      0     51  0.87873835E+00  0.00000000E+00 0.2154E-13      6
  901    8     0     -50      0     50  0.89735206E+00  0.00000000E+00 0.3531E-13      5
  902    8     0     -49      0     49  0.91716513E+00  0.00000000E+00 0.1709E-12      6
  903    8     0     -48      0     48  0.93371576E+00  0.00000000E+00 0.7550E-12      5
  904    8     0     -47      0     47  0.94874924E+00  0.00000000E+00 0.1815E-12      6
  905    8     0     -46      0     46  0.96991598E+00  0.00000000E+00 0.3212E-12      5
  906    8     0     -45      0     45  0.99335035E+00  0.00000000E+00 0.1672E-12      5
  907    8     0     -44      0     44  0.10139187E+01  0.00000000E+00 0.1756E-12      6
  908    8     0     -43      0     43  0.10306437E+01  0.00000000E+00 0.1880E-12      6
  909    8     0     -42      0     42  0.10547911E+01  0.00000000E+00 0.5899E-12      6
  910    8     0     -41      0     41  0.10826797E+01  0.00000000E+00 0.3830E-12      5
  911    8     0     -40      0     40  0.11089619E+01  0.00000000E+00 0.2711E-12      6
  912    8     0     -39      0     39  0.11289055E+01  0.00000000E+00 0.3975E-12      6
  913    8     0     -38      0     38  0.11558948E+01  0.00000000E+00 0.2591E-12      5
  914    8     0     -37      0     37  0.11895441E+01  0.00000000E+00 0.1794E-12      5
  915    8     0     -36      0     36  0.12240141E+01  0.00000000E+00 0.4681E-12      6
  916    8     0     -35      0     35  0.12507208E+01  0.00000000E+00 0.2115E-12      5
  917    8     0     -34      0     34  0.12794467E+01  0.00000000E+00 0.5347E-12      6
  918    8     0     -33      0     33  0.13197597E+01  0.00000000E+00 0.3543E-12      5
  919    8     0     -32      0     32  0.13638470E+01  0.00000000E+00 0.8053E-13      6
  920    8     0     -31      0     31  0.14027436E+01  0.00000000E+00 0.2084E-13      5
  921    8     0     -30      0     30  0.14336497E+01  0.00000000E+00 0.7922E-13      6
  922    8     0     -29      0     29  0.14806769E+01  0.00000000E+00 0.3456E-13      6
  923    8     0     -28      0     28  0.15365932E+01  0.00000000E+00 0.3588E-12      5
  924    8     0     -27      0     27  0.15932667E+01  0.00000000E+00 0.3083E-13      5
  925    8     0     -26      0     26  0.16361129E+01  0.00000000E+00 0.1457E-12      6
  Time elapsed :      1.241 s

Starting search (non-adiabatic)

Finding roots
  Time elapsed :     47.472 s

Processing modes
   id    l     m    n_pg    n_p    n_g       Re(omega)       Im(omega)        chi n_iter
  875    8     0     -77      0     77  0.59826832E+00 -0.16864741E-03 0.4471E-11      6
  876    8     0     -76      0     76  0.60706465E+00 -0.14920958E-03 0.5022E-11      6
  877    8     0     -75      0     75  0.61526463E+00 -0.11027508E-03 0.1318E-11      5
  878    8     0     -74      0     74  0.62215811E+00 -0.97004198E-04 0.2055E-11      5
  879    8     0     -73      0     73  0.63048207E+00 -0.11104267E-03 0.5095E-11      5
  880    8     0     -72      0     72  0.64025355E+00 -0.10329723E-03 0.1014E-10      5
  881    8     0     -71      0     71  0.64997732E+00 -0.81776380E-04 0.2975E-11      5
  882    8     0     -70      0     70  0.65802635E+00 -0.59900993E-04 0.5156E-11      5
  883    8     0     -69      0     69  0.66650063E+00 -0.70458656E-04 0.1039E-10      6
  884    8     0     -68      0     68  0.67720520E+00 -0.70279827E-04 0.1063E-10      6
  885    8     0     -67      0     67  0.68847150E+00 -0.59437466E-04 0.1238E-10      7
  886    8     0     -66      0     66  0.69824793E+00 -0.41030600E-04 0.2139E-10      6
  887    8     0     -65      0     65  0.70703727E+00 -0.44196192E-04 0.1504E-10      6
  888    8     0     -64      0     64  0.71858400E+00 -0.48161164E-04 0.3745E-11      6
  889    8     0     -63      0     63  0.73142330E+00 -0.42679658E-04 0.8475E-11      6
  890    8     0     -62      0     62  0.74330619E+00 -0.30414594E-04 0.2405E-10      5
  891    8     0     -61      0     61  0.75296010E+00 -0.26990549E-04 0.3987E-10      7
  892    8     0     -60      0     60  0.76522539E+00 -0.31725528E-04 0.2233E-10      7
  893    8     0     -59      0     59  0.77976922E+00 -0.28875506E-04 0.1798E-10      5
  894    8     0     -58      0     58  0.79406070E+00 -0.21628959E-04 0.3361E-10      6
  895    8     0     -57      0     57  0.80533655E+00 -0.15594797E-04 0.5679E-10      5
  896    8     0     -56      0     56  0.81819620E+00 -0.19228603E-04 0.8721E-10      5
  897    8     0     -55      0     55  0.83459648E+00 -0.18010699E-04 0.2912E-10      5
  898    8     0     -54      0     54  0.85143652E+00 -0.13850222E-04 0.6948E-10      6
  899    8     0     -53      0     53  0.86494853E+00 -0.88239198E-05 0.1685E-09      6
  900    8     0     -52      0     52  0.87873771E+00 -0.10708565E-04 0.3689E-10      4
  901    8     0     -51      0     51  0.89735161E+00 -0.10155659E-04 0.1688E-09      4
  902    8     0     -50      0     50  0.91716505E+00 -0.77758481E-05 0.6311E-10      5
  903    8     0     -49      0     49  0.93371593E+00 -0.45735796E-05 0.2948E-09      4
  904    8     0     -48      0     48  0.94874971E+00 -0.50752083E-05 0.9941E-10      4
  905    8     0     -47      0     47  0.96991697E+00 -0.49303785E-05 0.2262E-09      4
  906    8     0     -46      0     46  0.99335166E+00 -0.38575643E-05 0.3115E-09      5
  907    8     0     -44      1     45  0.10139198E+01 -0.23087019E-05 0.1245E-09      5
  908    8     0     -43      0     43  0.10306450E+01 -0.23701925E-05 0.7264E-09      6
  909    8     0     -42      0     42  0.10547929E+01 -0.26169649E-05 0.3373E-09      5
  910    8     0     -41      0     41  0.10826814E+01 -0.22294577E-05 0.1509E-09      5
  911    8     0     -40      0     40  0.11089631E+01 -0.14864030E-05 0.5524E-09      4
  912    8     0     -39      0     39  0.11289066E+01 -0.12073751E-05 0.9468E-09      5
  913    8     0     -38      0     38  0.11558961E+01 -0.14361475E-05 0.6169E-09      4
  914    8     0     -37      0     37  0.11895452E+01 -0.12295131E-05 0.6325E-09      5
  915    8     0     -36      0     36  0.12240150E+01 -0.89244253E-06 0.1455E-08      6
  916    8     0     -35      0     35  0.12507213E+01 -0.54419589E-06 0.3234E-08      6
  917    8     0     -34      0     34  0.12794474E+01 -0.69061061E-06 0.9492E-09      5
  918    8     0     -33      0     33  0.13197603E+01 -0.63963958E-06 0.2434E-08      4
  919    8     0     -32      0     32  0.13638475E+01 -0.50413337E-06 0.2821E-08      5
  920    8     0     -31      0     31  0.14027439E+01 -0.29988256E-06 0.1421E-08      5
  921    8     0     -30      0     30  0.14336500E+01 -0.30653722E-06 0.3423E-08      6
  922    8     0     -29      0     29  0.14806772E+01 -0.33119043E-06 0.4399E-08      7
  923    8     0     -28      0     28  0.15365934E+01 -0.28064567E-06 0.3417E-08      5
  924    8     0     -27      0     27  0.15932669E+01 -0.20581925E-06 0.4253E-08      5
  925    8     0     -26      0     26  0.16361130E+01 -0.13190024E-06 0.2181E-07      6
  Time elapsed :      3.224 s

Mode Search
-----------

Mode parameters
   l : 9
   m : 0

Building frequency grid (REAL axis)
   added scan interval :  0.5233E+00 ->  0.2103E+01 (3000 points, INVERSE)

Building spatial grid
   Scaffold grid from model
   Split 14 subinterval(s) in iteration 1
   Split 0 subinterval(s) in iteration 2
   Final grid has 1 segment(s) and 7161 point(s):
      Segment 1 : x range 0.0000 -> 1.0011 (1 -> 7161)

Starting search (adiabatic)

Scanning frequencies
  Time elapsed :    33.534 s

Finding roots
  Time elapsed :      4.201 s

Processing modes
   id    l     m    n_pg    n_p    n_g       Re(omega)       Im(omega)        chi n_iter
  942    9     0     -87      0     87  0.58621130E+00  0.00000000E+00 0.1053E-12      6
  943    9     0     -86      0     86  0.59187572E+00  0.00000000E+00 0.2453E-12      6
  944    9     0     -85      0     85  0.59862203E+00  0.00000000E+00 0.3707E-12      5
  945    9     0     -84      0     84  0.60635604E+00  0.00000000E+00 0.8916E-12      5
  946    9     0     -83      0     83  0.61397980E+00  0.00000000E+00 0.1928E-12      6
  947    9     0     -82      0     82  0.62042012E+00  0.00000000E+00 0.1304E-12      5
  948    9     0     -81      0     81  0.62725022E+00  0.00000000E+00 0.7152E-13      6
  949    9     0     -80      0     80  0.63560867E+00  0.00000000E+00 0.7981E-12      5
  950    9     0     -79      0     79  0.64432906E+00  0.00000000E+00 0.2630E-13      6
  951    9     0     -78      0     78  0.65201012E+00  0.00000000E+00 0.4562E-12      5
  952    9     0     -77      0     77  0.65903012E+00  0.00000000E+00 0.4078E-12      5
  953    9     0     -76      0     76  0.66786950E+00  0.00000000E+00 0.9855E-13      5
  954    9     0     -75      0     75  0.67765194E+00  0.00000000E+00 0.2508E-12      5
  955    9     0     -74      0     74  0.68686110E+00  0.00000000E+00 0.3953E-12      6
  956    9     0     -73      0     73  0.69455294E+00  0.00000000E+00 0.1577E-13      6
  957    9     0     -72      0     72  0.70369317E+00  0.00000000E+00 0.1630E-14      6
  958    9     0     -71      0     71  0.71452876E+00  0.00000000E+00 0.4200E-12      5
  959    9     0     -70      0     70  0.72540464E+00  0.00000000E+00 0.5587E-12      5
  960    9     0     -69      0     69  0.73446476E+00  0.00000000E+00 0.7799E-13      5
  961    9     0     -68      0     68  0.74375680E+00  0.00000000E+00 0.4681E-12      6
  962    9     0     -67      0     67  0.75558103E+00  0.00000000E+00 0.9797E-15      5
  963    9     0     -66      0     66  0.76812931E+00  0.00000000E+00 0.2820E-12      6
  964    9     0     -65      0     65  0.77913783E+00  0.00000000E+00 0.2052E-12      5
  965    9     0     -64      0     64  0.78882338E+00  0.00000000E+00 0.4817E-14      6
  966    9     0     -63      0     63  0.80152174E+00  0.00000000E+00 0.7806E-12      5
  967    9     0     -62      0     62  0.81577363E+00  0.00000000E+00 0.6075E-12      5
  968    9     0     -61      0     61  0.82909322E+00  0.00000000E+00 0.4373E-12      6
  969    9     0     -60      0     60  0.83982356E+00  0.00000000E+00 0.2452E-12      6
  970    9     0     -59      0     59  0.85326682E+00  0.00000000E+00 0.1866E-12      5
  971    9     0     -58      0     58  0.86936480E+00  0.00000000E+00 0.1872E-12      5
  972    9     0     -57      0     57  0.88528643E+00  0.00000000E+00 0.2989E-12      6
  973    9     0     -56      0     56  0.89786906E+00  0.00000000E+00 0.3483E-12      6
  974    9     0     -55      0     55  0.91196470E+00  0.00000000E+00 0.9444E-14      6
  975    9     0     -54      0     54  0.93007975E+00  0.00000000E+00 0.1940E-12      5
  976    9     0     -53      0     53  0.94876446E+00  0.00000000E+00 0.1701E-13      6
  977    9     0     -52      0     52  0.96383124E+00  0.00000000E+00 0.5737E-13      5
  978    9     0     -51      0     51  0.97897222E+00  0.00000000E+00 0.1007E-12      6
  979    9     0     -50      0     50  0.99949417E+00  0.00000000E+00 0.1717E-12      5
  980    9     0     -49      0     49  0.10214374E+01  0.00000000E+00 0.2773E-12      5
  981    9     0     -48      0     48  0.10399466E+01  0.00000000E+00 0.1573E-12      6
  982    9     0     -47      0     47  0.10564341E+01  0.00000000E+00 0.2758E-13      6
  983    9     0     -46      0     46  0.10796719E+01  0.00000000E+00 0.7108E-13      6
  984    9     0     -45      0     45  0.11055893E+01  0.00000000E+00 0.6704E-13      6
  985    9     0     -44      0     44  0.11287177E+01  0.00000000E+00 0.2244E-12      6
  986    9     0     -43      0     43  0.11470952E+01  0.00000000E+00 0.1757E-13      5
  987    9     0     -42      0     42  0.11733265E+01  0.00000000E+00 0.3528E-12      6
  988    9     0     -41      0     41  0.12040540E+01  0.00000000E+00 0.3683E-13      5
  989    9     0     -40      0     40  0.12336981E+01  0.00000000E+00 0.2606E-12      6
  990    9     0     -39      0     39  0.12561074E+01  0.00000000E+00 0.4189E-12      5
  991    9     0     -38      0     38  0.12847952E+01  0.00000000E+00 0.1543E-12      6
  992    9     0     -37      0     37  0.13215970E+01  0.00000000E+00 0.3814E-13      5
  993    9     0     -36      0     36  0.13600580E+01  0.00000000E+00 0.1061E-12      6
  994    9     0     -35      0     35  0.13911684E+01  0.00000000E+00 0.3251E-12      5
  995    9     0     -34      0     34  0.14210244E+01  0.00000000E+00 0.1695E-12      6
  996    9     0     -33      0     33  0.14642711E+01  0.00000000E+00 0.3668E-12      6
  997    9     0     -32      0     32  0.15127424E+01  0.00000000E+00 0.1686E-12      5
  998    9     0     -31      0     31  0.15580316E+01  0.00000000E+00 0.2426E-14      6
  999    9     0     -30      0     30  0.15915490E+01  0.00000000E+00 0.2455E-12      6
 1000    9     0     -29      0     29  0.16399177E+01  0.00000000E+00 0.1924E-12      6
  Time elapsed :      1.430 s

Starting search (non-adiabatic)

Finding roots
  Time elapsed :     52.624 s

Processing modes
   id    l     m    n_pg    n_p    n_g       Re(omega)       Im(omega)        chi n_iter
  943    9     0     -87      0     87  0.59170831E+00 -0.36112145E-03 0.6846E-12      7
  944    9     0     -86      0     86  0.59844631E+00 -0.40460683E-03 0.5577E-12      6
  945    9     0     -85      0     85  0.60620337E+00 -0.37857641E-03 0.3119E-12      7
  946    9     0     -84      0     84  0.61386631E+00 -0.30360715E-03 0.8632E-12      6
  947    9     0     -83      0     83  0.62033612E+00 -0.23304895E-03 0.3826E-12      5
  948    9     0     -82      0     82  0.62715973E+00 -0.26546828E-03 0.4034E-12      5
  949    9     0     -81      0     81  0.63552656E+00 -0.26311255E-03 0.1030E-11      5
  950    9     0     -80      0     80  0.64426545E+00 -0.22286120E-03 0.1895E-11      6
  951    9     0     -79      0     79  0.65196768E+00 -0.15995158E-03 0.5151E-11      6
  952    9     0     -78      0     78  0.65898848E+00 -0.16466347E-03 0.1971E-11      6
  953    9     0     -77      0     77  0.66782920E+00 -0.17602608E-03 0.1839E-11      6
  954    9     0     -76      0     76  0.67761971E+00 -0.15639553E-03 0.3622E-11      5
  955    9     0     -75      0     75  0.68683944E+00 -0.11643734E-03 0.1569E-11      6
  956    9     0     -74      0     74  0.69453561E+00 -0.99099622E-04 0.3461E-11      5
  957    9     0     -73      0     73  0.70367521E+00 -0.11403547E-03 0.2078E-11      6
  958    9     0     -72      0     72  0.71451397E+00 -0.10668034E-03 0.7738E-11      5
  959    9     0     -71      0     71  0.72539430E+00 -0.85165767E-04 0.2201E-11      5
  960    9     0     -70      0     70  0.73445803E+00 -0.61257014E-04 0.1160E-10      6
  961    9     0     -69      0     69  0.74374977E+00 -0.71232153E-04 0.6892E-11      6
  962    9     0     -68      0     68  0.75557499E+00 -0.71778256E-04 0.4065E-11      8
  963    9     0     -67      0     67  0.76812498E+00 -0.61124551E-04 0.1122E-10      5
  964    9     0     -66      0     66  0.77913527E+00 -0.42248429E-04 0.2305E-10      7
  965    9     0     -65      0     65  0.78882100E+00 -0.44159282E-04 0.8052E-11      5
  966    9     0     -64      0     64  0.80151957E+00 -0.48724023E-04 0.1915E-10      6
  967    9     0     -63      0     63  0.81577208E+00 -0.43368061E-04 0.4228E-11      5
  968    9     0     -62      0     62  0.82909232E+00 -0.31151036E-04 0.1414E-10      9
  969    9     0     -61      0     61  0.83982288E+00 -0.26713737E-04 0.5999E-10      5
  970    9     0     -60      0     60  0.85326616E+00 -0.31677196E-04 0.1700E-10      5
  971    9     0     -59      0     59  0.86936430E+00 -0.28941496E-04 0.3910E-10      6
  972    9     0     -58      0     58  0.88528610E+00 -0.21805222E-04 0.3668E-10      5
  973    9     0     -57      0     57  0.89786884E+00 -0.15406165E-04 0.1275E-09      6
  974    9     0     -56      0     56  0.91196444E+00 -0.18999765E-04 0.3132E-10      5
  975    9     0     -55      0     55  0.93007953E+00 -0.17886765E-04 0.2709E-10      5
  976    9     0     -54      0     54  0.94876434E+00 -0.13820415E-04 0.1197E-09      5
  977    9     0     -53      0     53  0.96383120E+00 -0.87508592E-05 0.9593E-10      6
  978    9     0     -52      0     52  0.97897227E+00 -0.10560008E-04 0.1133E-09      5
  979    9     0     -51      0     51  0.99949442E+00 -0.10106685E-04 0.4758E-10      4
  980    9     0     -50      0     50  0.10214379E+01 -0.78143501E-05 0.1036E-09      5
  981    9     0     -49      0     49  0.10399471E+01 -0.46239891E-05 0.2638E-09      6
  982    9     0     -48      0     48  0.10564349E+01 -0.50396777E-05 0.1138E-09      5
  983    9     0     -47      0     47  0.10796733E+01 -0.49752695E-05 0.2214E-09      4
  984    9     0     -46      0     46  0.11055908E+01 -0.39266863E-05 0.1035E-09      4
  985    9     0     -44      1     45  0.11287189E+01 -0.23849944E-05 0.3502E-09      4
  986    9     0     -43      0     43  0.11470966E+01 -0.23110053E-05 0.1184E-08      4
  987    9     0     -42      0     42  0.11733283E+01 -0.25847040E-05 0.1591E-09      5
  988    9     0     -41      0     41  0.12040558E+01 -0.21953565E-05 0.4209E-09      5
  989    9     0     -40      0     40  0.12336994E+01 -0.14987365E-05 0.2047E-08      5
  990    9     0     -39      0     39  0.12561084E+01 -0.11040436E-05 0.7984E-09      5
  991    9     0     -38      0     38  0.12847965E+01 -0.13436428E-05 0.1123E-08      5
  992    9     0     -37      0     37  0.13215981E+01 -0.11712956E-05 0.5000E-09      4
  993    9     0     -36      0     36  0.13600589E+01 -0.88300418E-06 0.7883E-09      4
  994    9     0     -35      0     35  0.13911689E+01 -0.52369996E-06 0.2872E-09      4
  995    9     0     -34      0     34  0.14210250E+01 -0.63655900E-06 0.1478E-08      6
  996    9     0     -33      0     33  0.14642717E+01 -0.62153110E-06 0.3006E-09      6
  997    9     0     -32      0     32  0.15127429E+01 -0.50734024E-06 0.1455E-08      5
  998    9     0     -31      0     31  0.15580319E+01 -0.32730998E-06 0.9164E-09      5
  999    9     0     -30      0     30  0.15915492E+01 -0.28062877E-06 0.1232E-08      6
 1000    9     0     -29      0     29  0.16399179E+01 -0.33661644E-06 0.1337E-07      7
  Time elapsed :      3.516 s

Mode Search
-----------

Mode parameters
   l : 10
   m : 0

Building frequency grid (REAL axis)
   added scan interval :  0.5233E+00 ->  0.2103E+01 (3000 points, INVERSE)

Building spatial grid
   Scaffold grid from model
   Split 15 subinterval(s) in iteration 1
   Split 0 subinterval(s) in iteration 2
   Final grid has 1 segment(s) and 7162 point(s):
      Segment 1 : x range 0.0000 -> 1.0011 (1 -> 7162)

Starting search (adiabatic)

Scanning frequencies
  Time elapsed :    33.599 s

Finding roots
  Time elapsed :      4.576 s

Processing modes
   id    l     m    n_pg    n_p    n_g       Re(omega)       Im(omega)        chi n_iter
 1019   10     0     -96      0     96  0.58836430E+00  0.00000000E+00 0.3017E-12      6
 1020   10     0     -95      0     95  0.59363475E+00  0.00000000E+00 0.5909E-12      5
 1021   10     0     -94      0     94  0.59943976E+00  0.00000000E+00 0.3679E-12      5
 1022   10     0     -93      0     93  0.60625764E+00  0.00000000E+00 0.4046E-13      5
 1023   10     0     -92      0     92  0.61320055E+00  0.00000000E+00 0.4061E-12      5
 1024   10     0     -91      0     91  0.61929910E+00  0.00000000E+00 0.2192E-12      5
 1025   10     0     -90      0     90  0.62516604E+00  0.00000000E+00 0.3049E-13      6
 1026   10     0     -89      0     89  0.63231854E+00  0.00000000E+00 0.3661E-12      5
 1027   10     0     -88      0     88  0.64005698E+00  0.00000000E+00 0.1557E-13      5
 1028   10     0     -87      0     87  0.64728584E+00  0.00000000E+00 0.1189E-12      6
 1029   10     0     -86      0     86  0.65353383E+00  0.00000000E+00 0.3684E-12      6
 1030   10     0     -85      0     85  0.66087730E+00  0.00000000E+00 0.2104E-12      5
 1031   10     0     -84      0     84  0.66937425E+00  0.00000000E+00 0.1442E-12      5
 1032   10     0     -83      0     83  0.67782697E+00  0.00000000E+00 0.9552E-14      5
 1033   10     0     -82      0     82  0.68500063E+00  0.00000000E+00 0.2076E-12      5
 1034   10     0     -81      0     81  0.69241987E+00  0.00000000E+00 0.9009E-13      5
 1035   10     0     -80      0     80  0.70156218E+00  0.00000000E+00 0.3692E-12      5
 1036   10     0     -79      0     79  0.71118939E+00  0.00000000E+00 0.1430E-12      6
 1037   10     0     -78      0     78  0.71976765E+00  0.00000000E+00 0.1312E-12      6
 1038   10     0     -77      0     77  0.72743985E+00  0.00000000E+00 0.3586E-12      6
 1039   10     0     -76      0     76  0.73705579E+00  0.00000000E+00 0.4988E-12      5
 1040   10     0     -75      0     75  0.74781388E+00  0.00000000E+00 0.3200E-12      5
 1041   10     0     -74      0     74  0.75806021E+00  0.00000000E+00 0.2087E-12      6
 1042   10     0     -73      0     73  0.76657124E+00  0.00000000E+00 0.4179E-12      5
 1043   10     0     -72      0     72  0.77646380E+00  0.00000000E+00 0.4585E-12      6
 1044   10     0     -71      0     71  0.78833102E+00  0.00000000E+00 0.2376E-12      5
 1045   10     0     -70      0     70  0.80036199E+00  0.00000000E+00 0.4040E-12      5
 1046   10     0     -69      0     69  0.81047459E+00  0.00000000E+00 0.4447E-12      5
 1047   10     0     -68      0     68  0.82052821E+00  0.00000000E+00 0.3313E-14      6
 1048   10     0     -67      0     67  0.83341403E+00  0.00000000E+00 0.5762E-12      5
 1049   10     0     -66      0     66  0.84722520E+00  0.00000000E+00 0.1756E-12      6
 1050   10     0     -65      0     65  0.85949977E+00  0.00000000E+00 0.1230E-13      6
 1051   10     0     -64      0     64  0.87005407E+00  0.00000000E+00 0.8031E-13      5
 1052   10     0     -63      0     63  0.88381991E+00  0.00000000E+00 0.1096E-12      6
 1053   10     0     -62      0     62  0.89944595E+00  0.00000000E+00 0.1667E-12      6
 1054   10     0     -61      0     61  0.91421515E+00  0.00000000E+00 0.5471E-13      5
 1055   10     0     -60      0     60  0.92602750E+00  0.00000000E+00 0.1384E-12      6
 1056   10     0     -59      0     59  0.94054667E+00  0.00000000E+00 0.4813E-13      5
 1057   10     0     -58      0     58  0.95814003E+00  0.00000000E+00 0.8955E-13      5
 1058   10     0     -57      0     57  0.97567978E+00  0.00000000E+00 0.9930E-13      5
 1059   10     0     -56      0     56  0.98959309E+00  0.00000000E+00 0.4176E-14      5
 1060   10     0     -55      0     55  0.10048168E+01  0.00000000E+00 0.1058E-12      6
 1061   10     0     -54      0     54  0.10245656E+01  0.00000000E+00 0.2207E-12      5
 1062   10     0     -53      0     53  0.10450681E+01  0.00000000E+00 0.1870E-12      6
 1063   10     0     -52      0     52  0.10617450E+01  0.00000000E+00 0.7004E-13      5
 1064   10     0     -51      0     51  0.10781110E+01  0.00000000E+00 0.1679E-12      6
 1065   10     0     -50      0     50  0.11004166E+01  0.00000000E+00 0.4143E-13      5
 1066   10     0     -49      0     49  0.11244457E+01  0.00000000E+00 0.1299E-12      6
 1067   10     0     -48      0     48  0.11450376E+01  0.00000000E+00 0.2955E-12      6
 1068   10     0     -47      0     47  0.11628458E+01  0.00000000E+00 0.5817E-13      6
 1069   10     0     -46      0     46  0.11879329E+01  0.00000000E+00 0.7711E-13      6
 1070   10     0     -45      0     45  0.12162451E+01  0.00000000E+00 0.1753E-12      6
 1071   10     0     -44      0     44  0.12421027E+01  0.00000000E+00 0.2703E-12      6
 1072   10     0     -43      0     43  0.12621071E+01  0.00000000E+00 0.1093E-14      5
 1073   10     0     -42      0     42  0.12899889E+01  0.00000000E+00 0.2312E-12      6
 1074   10     0     -41      0     41  0.13233634E+01  0.00000000E+00 0.2234E-12      5
 1075   10     0     -40      0     40  0.13564217E+01  0.00000000E+00 0.2793E-12      5
 1076   10     0     -39      0     39  0.13817220E+01  0.00000000E+00 0.4417E-13      6
 1077   10     0     -38      0     38  0.14114442E+01  0.00000000E+00 0.1972E-13      6
 1078   10     0     -37      0     37  0.14509866E+01  0.00000000E+00 0.5037E-12      5
 1079   10     0     -36      0     36  0.14932155E+01  0.00000000E+00 0.1102E-12      6
 1080   10     0     -35      0     35  0.15293644E+01  0.00000000E+00 0.9695E-13      6
 1081   10     0     -34      0     34  0.15600784E+01  0.00000000E+00 0.6778E-13      6
 1082   10     0     -33      0     33  0.16052606E+01  0.00000000E+00 0.7840E-13      5
 1083   10     0     -32      0     32  0.16576096E+01  0.00000000E+00 0.7750E-13      5
  Time elapsed :      1.642 s

Starting search (non-adiabatic)

Finding roots
  Time elapsed :     57.118 s

Processing modes
   id    l     m    n_pg    n_p    n_g       Re(omega)       Im(omega)        chi n_iter
 1020   10     0     -96      0     96  0.59327555E+00 -0.71412922E-03 0.3196E-12      6
 1021   10     0     -95      0     95  0.59902136E+00 -0.82742550E-03 0.1655E-11      7
 1022   10     0     -94      0     94  0.60584702E+00 -0.83819287E-03 0.6191E-12      6
 1023   10     0     -93      0     93  0.61285409E+00 -0.73126642E-03 0.9163E-12      6
 1024   10     0     -92      0     92  0.61903580E+00 -0.55959172E-03 0.9235E-12      6
 1025   10     0     -91      0     91  0.62488371E+00 -0.59019270E-03 0.6824E-12      6
 1026   10     0     -90      0     90  0.63203597E+00 -0.62644887E-03 0.1863E-11      7
 1027   10     0     -89      0     89  0.63981707E+00 -0.56411725E-03 0.8573E-12      6
 1028   10     0     -88      0     88  0.64711279E+00 -0.43184733E-03 0.2266E-12      6
 1029   10     0     -87      0     87  0.65338164E+00 -0.38119335E-03 0.5271E-12      6
 1030   10     0     -86      0     86  0.66071774E+00 -0.42847710E-03 0.2188E-11      6
 1031   10     0     -85      0     85  0.66923622E+00 -0.40286664E-03 0.4236E-11      6
 1032   10     0     -84      0     84  0.67772465E+00 -0.32551080E-03 0.1625E-11      6
 1033   10     0     -83      0     83  0.68492707E+00 -0.24523020E-03 0.2298E-11      6
 1034   10     0     -82      0     82  0.69234194E+00 -0.27595834E-03 0.4122E-11      6
 1035   10     0     -81      0     81  0.70149192E+00 -0.27573427E-03 0.1816E-11      5
 1036   10     0     -80      0     80  0.71113556E+00 -0.23493993E-03 0.7832E-12      7
 1037   10     0     -79      0     79  0.71973244E+00 -0.16856399E-03 0.2293E-11      5
 1038   10     0     -78      0     78  0.72740673E+00 -0.16796145E-03 0.1498E-11      5
 1039   10     0     -77      0     77  0.73702410E+00 -0.18158151E-03 0.1017E-11      7
 1040   10     0     -76      0     76  0.74778915E+00 -0.16225403E-03 0.1087E-11      8
 1041   10     0     -75      0     75  0.75804402E+00 -0.12199083E-03 0.1400E-11      6
 1042   10     0     -74      0     74  0.76655906E+00 -0.10011723E-03 0.5364E-11      5
 1043   10     0     -73      0     73  0.77645160E+00 -0.11570906E-03 0.4764E-11      5
 1044   10     0     -72      0     72  0.78832151E+00 -0.10909215E-03 0.3067E-11      5
 1045   10     0     -71      0     71  0.80035578E+00 -0.87961791E-04 0.5013E-11      6
 1046   10     0     -70      0     70  0.81047091E+00 -0.62242964E-04 0.1426E-10      7
 1047   10     0     -69      0     69  0.82052475E+00 -0.71150329E-04 0.9471E-11      5
 1048   10     0     -68      0     68  0.83341151E+00 -0.72650866E-04 0.1966E-10      6
 1049   10     0     -67      0     67  0.84722384E+00 -0.62382865E-04 0.8753E-11      5
 1050   10     0     -66      0     66  0.85949925E+00 -0.43325367E-04 0.2631E-10      6
 1051   10     0     -65      0     65  0.87005383E+00 -0.43627485E-04 0.1112E-10      6
 1052   10     0     -64      0     64  0.88382008E+00 -0.48868824E-04 0.3717E-10      5
 1053   10     0     -63      0     63  0.89944647E+00 -0.43748944E-04 0.2035E-10      5
 1054   10     0     -62      0     62  0.91421574E+00 -0.31758430E-04 0.1045E-10      5
 1055   10     0     -61      0     61  0.92602807E+00 -0.26194318E-04 0.9024E-10      6
 1056   10     0     -60      0     60  0.94054750E+00 -0.31360247E-04 0.5834E-11      5
 1057   10     0     -59      0     59  0.95814090E+00 -0.28823301E-04 0.6602E-11      5
 1058   10     0     -58      0     58  0.97568050E+00 -0.21899531E-04 0.7906E-10      6
 1059   10     0     -57      0     57  0.98959361E+00 -0.15133776E-04 0.5082E-10      6
 1060   10     0     -56      0     56  0.10048175E+01 -0.18639514E-04 0.1008E-09      4
 1061   10     0     -55      0     55  0.10245663E+01 -0.17696101E-04 0.4241E-10      4
 1062   10     0     -54      0     54  0.10450688E+01 -0.13789975E-04 0.1122E-09      4
 1063   10     0     -53      0     53  0.10617455E+01 -0.86765900E-05 0.2243E-09      6
 1064   10     0     -52      0     52  0.10781117E+01 -0.10349987E-04 0.7815E-10      5
 1065   10     0     -51      0     51  0.11004175E+01 -0.10041678E-04 0.8208E-10      5
 1066   10     0     -50      0     50  0.11244468E+01 -0.78623649E-05 0.1017E-09      5
 1067   10     0     -49      0     49  0.11450385E+01 -0.46963257E-05 0.2292E-09      6
 1068   10     0     -48      0     48  0.11628469E+01 -0.49427274E-05 0.2010E-09      4
 1069   10     0     -47      0     47  0.11879345E+01 -0.49997379E-05 0.4766E-09      4
 1070   10     0     -46      0     46  0.12162468E+01 -0.40019203E-05 0.3038E-09      7
 1071   10     0     -44      1     45  0.12421040E+01 -0.25002066E-05 0.4169E-09      5
 1072   10     0     -43      0     43  0.12621085E+01 -0.22307038E-05 0.2478E-09      4
 1073   10     0     -42      0     42  0.12899907E+01 -0.25628081E-05 0.2567E-09      5
 1074   10     0     -41      0     41  0.13233652E+01 -0.21835415E-05 0.6929E-09      5
 1075   10     0     -40      0     40  0.13564230E+01 -0.15373962E-05 0.4329E-09      5
 1076   10     0     -39      0     39  0.13817229E+01 -0.10230057E-05 0.2643E-08      5
 1077   10     0     -38      0     38  0.14114454E+01 -0.12647698E-05 0.6030E-09      4
 1078   10     0     -37      0     37  0.14509878E+01 -0.11357210E-05 0.3390E-09      4
 1079   10     0     -36      0     36  0.14932163E+01 -0.88941099E-06 0.1035E-08      6
 1080   10     0     -35      0     35  0.15293649E+01 -0.53542539E-06 0.2386E-09      5
 1081   10     0     -34      0     34  0.15600790E+01 -0.58478403E-06 0.3708E-08      5
 1082   10     0     -33      0     33  0.16052612E+01 -0.61499660E-06 0.1497E-08      4
 1083   10     0     -32      0     32  0.16576101E+01 -0.52109582E-06 0.2919E-08      5
  Time elapsed :      4.180 s

Mode Search
-----------

Mode parameters
   l : 11
   m : 0

Building frequency grid (REAL axis)
   added scan interval :  0.5233E+00 ->  0.2103E+01 (3000 points, INVERSE)

Building spatial grid
   Scaffold grid from model
   Split 15 subinterval(s) in iteration 1
   Split 0 subinterval(s) in iteration 2
   Final grid has 1 segment(s) and 7162 point(s):
      Segment 1 : x range 0.0000 -> 1.0011 (1 -> 7162)

Starting search (adiabatic)

Scanning frequencies
  Time elapsed :    33.754 s

Finding roots
  Time elapsed :      4.881 s

Processing modes
   id    l     m    n_pg    n_p    n_g       Re(omega)       Im(omega)        chi n_iter
 1104   11     0    -105      0    105  0.59003797E+00  0.00000000E+00 0.1710E-12      6
 1105   11     0    -104      0    104  0.59513562E+00  0.00000000E+00 0.4282E-12      5
 1106   11     0    -103      0    103  0.60023166E+00  0.00000000E+00 0.1835E-12      6
 1107   11     0    -102      0    102  0.60631297E+00  0.00000000E+00 0.6962E-13      5
 1108   11     0    -101      0    101  0.61273072E+00  0.00000000E+00 0.4535E-12      6
 1109   11     0    -100      0    100  0.61859961E+00  0.00000000E+00 0.4892E-12      5
 1110   11     0     -99      0     99  0.62386642E+00  0.00000000E+00 0.4715E-12      6
 1111   11     0     -98      0     98  0.63009069E+00  0.00000000E+00 0.1033E-12      6
 1112   11     0     -97      0     97  0.63704452E+00  0.00000000E+00 0.9104E-12      5
 1113   11     0     -96      0     96  0.64378261E+00  0.00000000E+00 0.1941E-12      5
 1114   11     0     -95      0     95  0.64957538E+00  0.00000000E+00 0.2112E-12      5
 1115   11     0     -94      0     94  0.65584131E+00  0.00000000E+00 0.3471E-12      6
 1116   11     0     -93      0     93  0.66325115E+00  0.00000000E+00 0.2634E-12      5
 1117   11     0     -92      0     92  0.67085914E+00  0.00000000E+00 0.5139E-13      5
 1118   11     0     -91      0     91  0.67759750E+00  0.00000000E+00 0.3468E-12      5
 1119   11     0     -90      0     90  0.68395045E+00  0.00000000E+00 0.3098E-12      6
 1120   11     0     -89      0     89  0.69168628E+00  0.00000000E+00 0.6742E-12      5
 1121   11     0     -88      0     88  0.70013426E+00  0.00000000E+00 0.4127E-12      5
 1122   11     0     -87      0     87  0.70811164E+00  0.00000000E+00 0.1941E-12      5
 1123   11     0     -86      0     86  0.71495293E+00  0.00000000E+00 0.1175E-12      5
 1124   11     0     -85      0     85  0.72285340E+00  0.00000000E+00 0.9125E-13      5
 1125   11     0     -84      0     84  0.73209093E+00  0.00000000E+00 0.9105E-12      5
 1126   11     0     -83      0     83  0.74137466E+00  0.00000000E+00 0.9779E-13      6
 1127   11     0     -82      0     82  0.74931030E+00  0.00000000E+00 0.3335E-12      5
 1128   11     0     -81      0     81  0.75728398E+00  0.00000000E+00 0.4572E-12      6
 1129   11     0     -80      0     80  0.76717089E+00  0.00000000E+00 0.1966E-12      5
 1130   11     0     -79      0     79  0.77769419E+00  0.00000000E+00 0.2118E-12      5
 1131   11     0     -78      0     78  0.78719761E+00  0.00000000E+00 0.9534E-13      6
 1132   11     0     -77      0     77  0.79551587E+00  0.00000000E+00 0.2818E-12      5
 1133   11     0     -76      0     76  0.80584966E+00  0.00000000E+00 0.3348E-12      6
 1134   11     0     -75      0     75  0.81755829E+00  0.00000000E+00 0.1067E-12      5
 1135   11     0     -74      0     74  0.82885373E+00  0.00000000E+00 0.1819E-12      6
 1136   11     0     -73      0     73  0.83821277E+00  0.00000000E+00 0.4118E-12      5
 1137   11     0     -72      0     72  0.84878981E+00  0.00000000E+00 0.2652E-12      5
 1138   11     0     -71      0     71  0.86164439E+00  0.00000000E+00 0.1794E-12      5
 1139   11     0     -70      0     70  0.87482223E+00  0.00000000E+00 0.4401E-12      5
 1140   11     0     -69      0     69  0.88603058E+00  0.00000000E+00 0.4816E-12      5
 1141   11     0     -68      0     68  0.89679542E+00  0.00000000E+00 0.1786E-12      6
 1142   11     0     -67      0     67  0.91067196E+00  0.00000000E+00 0.1024E-12      5
 1143   11     0     -66      0     66  0.92571786E+00  0.00000000E+00 0.2127E-13      6
 1144   11     0     -65      0     65  0.93928852E+00  0.00000000E+00 0.7772E-13      5
 1145   11     0     -64      0     64  0.95069779E+00  0.00000000E+00 0.9405E-13      6
 1146   11     0     -63      0     63  0.96543384E+00  0.00000000E+00 0.7541E-13      6
 1147   11     0     -62      0     62  0.98238709E+00  0.00000000E+00 0.1958E-12      6
 1148   11     0     -61      0     61  0.99861314E+00  0.00000000E+00 0.3885E-14      6
 1149   11     0     -60      0     60  0.10115288E+01  0.00000000E+00 0.1100E-12      5
 1150   11     0     -59      0     59  0.10270111E+01  0.00000000E+00 0.2020E-12      5
 1151   11     0     -58      0     58  0.10460314E+01  0.00000000E+00 0.2259E-12      5
 1152   11     0     -57      0     57  0.10651738E+01  0.00000000E+00 0.1185E-12      6
 1153   11     0     -56      0     56  0.10804598E+01  0.00000000E+00 0.7447E-13      5
 1154   11     0     -55      0     55  0.10966934E+01  0.00000000E+00 0.3076E-12      6
 1155   11     0     -54      0     54  0.11179805E+01  0.00000000E+00 0.5122E-13      5
 1156   11     0     -53      0     53  0.11402722E+01  0.00000000E+00 0.3278E-12      5
 1157   11     0     -52      0     52  0.11586466E+01  0.00000000E+00 0.3550E-12      5
 1158   11     0     -51      0     51  0.11760986E+01  0.00000000E+00 0.5202E-15      6
 1159   11     0     -50      0     50  0.12000315E+01  0.00000000E+00 0.8274E-13      6
 1160   11     0     -49      0     49  0.12260928E+01  0.00000000E+00 0.4074E-12      6
 1161   11     0     -48      0     48  0.12489243E+01  0.00000000E+00 0.2507E-14      6
 1162   11     0     -47      0     47  0.12679531E+01  0.00000000E+00 0.1834E-13      6
 1163   11     0     -46      0     46  0.12945985E+01  0.00000000E+00 0.5148E-12      6
 1164   11     0     -45      0     45  0.13251826E+01  0.00000000E+00 0.1614E-12      6
 1165   11     0     -44      0     44  0.13539088E+01  0.00000000E+00 0.1208E-12      6
 1166   11     0     -43      0     43  0.13756804E+01  0.00000000E+00 0.1842E-13      6
 1167   11     0     -42      0     42  0.14046655E+01  0.00000000E+00 0.2312E-13      5
 1168   11     0     -41      0     41  0.14404342E+01  0.00000000E+00 0.1805E-12      5
 1169   11     0     -40      0     40  0.14768477E+01  0.00000000E+00 0.1197E-12      6
 1170   11     0     -39      0     39  0.15056875E+01  0.00000000E+00 0.3381E-12      5
 1171   11     0     -38      0     38  0.15358175E+01  0.00000000E+00 0.5114E-13      5
 1172   11     0     -37      0     37  0.15775191E+01  0.00000000E+00 0.1332E-12      5
 1173   11     0     -36      0     36  0.16231643E+01  0.00000000E+00 0.1223E-12      5
 1174   11     0     -35      0     35  0.16647472E+01  0.00000000E+00 0.7358E-13      6
  Time elapsed :      1.576 s

Starting search (non-adiabatic)

Finding roots
  Time elapsed :     67.238 s

Processing modes
   id    l     m    n_pg    n_p    n_g       Re(omega)       Im(omega)        chi n_iter
 1105   11     0    -105      0    105  0.59484041E+00 -0.92228370E-03 0.3222E-12      7
 1106   11     0    -104      0    104  0.59985059E+00 -0.10620152E-02 0.3494E-12      6
 1107   11     0    -103      0    103  0.60588646E+00 -0.11950651E-02 0.1126E-11      9
 1108   11     0    -102      0    102  0.61231503E+00 -0.11572682E-02 0.9101E-12      6
 1109   11     0    -101      0    101  0.61825160E+00 -0.95568417E-03 0.5009E-12      8
 1110   11     0    -100      0    100  0.62347498E+00 -0.93845648E-03 0.1039E-12      8
 1111   11     0     -99      0     99  0.62963606E+00 -0.10931875E-02 0.1041E-11      7
 1112   11     0     -98      0     98  0.63659729E+00 -0.10818791E-02 0.1034E-11      7
 1113   11     0     -97      0     97  0.64340861E+00 -0.91862641E-03 0.1498E-11      6
 1114   11     0     -96      0     96  0.64924171E+00 -0.76464489E-03 0.1052E-11      8
 1115   11     0     -95      0     95  0.65545117E+00 -0.88216456E-03 0.2604E-12      7
 1116   11     0     -94      0     94  0.66286635E+00 -0.90013572E-03 0.5430E-12      9
 1117   11     0     -93      0     93  0.67053278E+00 -0.79062634E-03 0.4119E-12      6
 1118   11     0     -92      0     92  0.67735166E+00 -0.60344131E-03 0.1672E-11      6
 1119   11     0     -91      0     91  0.68369116E+00 -0.62234998E-03 0.7627E-12      6
 1120   11     0     -90      0     90  0.69142603E+00 -0.66576116E-03 0.1054E-11      7
 1121   11     0     -89      0     89  0.69991357E+00 -0.60258614E-03 0.5017E-12      8
 1122   11     0     -88      0     88  0.70795277E+00 -0.46459911E-03 0.6042E-12      5
 1123   11     0     -87      0     87  0.71481792E+00 -0.39771484E-03 0.2177E-11      5
 1124   11     0     -86      0     86  0.72271220E+00 -0.44822804E-03 0.2092E-11      6
 1125   11     0     -85      0     85  0.73196948E+00 -0.42426257E-03 0.1383E-11      5
 1126   11     0     -84      0     84  0.74128509E+00 -0.34586284E-03 0.2980E-11      5
 1127   11     0     -83      0     83  0.74924795E+00 -0.25610007E-03 0.5448E-12      5
 1128   11     0     -82      0     82  0.75721946E+00 -0.28318536E-03 0.1524E-11      5
 1129   11     0     -81      0     81  0.76711335E+00 -0.28596980E-03 0.3370E-12      6
 1130   11     0     -80      0     80  0.77765091E+00 -0.24539393E-03 0.2535E-11      5
 1131   11     0     -79      0     79  0.78717005E+00 -0.17663953E-03 0.2711E-11      6
 1132   11     0     -78      0     78  0.79549135E+00 -0.16924090E-03 0.2090E-11      6
 1133   11     0     -77      0     77  0.80582680E+00 -0.18535786E-03 0.3082E-11      6
 1134   11     0     -76      0     76  0.81754128E+00 -0.16683111E-03 0.7665E-11      5
 1135   11     0     -75      0     75  0.82884323E+00 -0.12695942E-03 0.1147E-10      6
 1136   11     0     -74      0     74  0.83820560E+00 -0.10030126E-03 0.9565E-11      6
 1137   11     0     -73      0     73  0.84878328E+00 -0.11612194E-03 0.5972E-11      5
 1138   11     0     -72      0     72  0.86164011E+00 -0.11060517E-03 0.5008E-11      6
 1139   11     0     -71      0     71  0.87482020E+00 -0.90189230E-04 0.1762E-10      6
 1140   11     0     -70      0     70  0.88602990E+00 -0.63023592E-04 0.5474E-11      6
 1141   11     0     -69      0     69  0.89679533E+00 -0.70294268E-04 0.9253E-11      7
 1142   11     0     -68      0     68  0.91067284E+00 -0.72968695E-04 0.1061E-10      6
 1143   11     0     -67      0     67  0.92571941E+00 -0.63257540E-04 0.6164E-11      5
 1144   11     0     -66      0     66  0.93929004E+00 -0.44327031E-04 0.2894E-10      6
 1145   11     0     -65      0     65  0.95069950E+00 -0.42684904E-04 0.5426E-10      6
 1146   11     0     -64      0     64  0.96543621E+00 -0.48643687E-04 0.2546E-10      5
 1147   11     0     -63      0     63  0.98238959E+00 -0.43863420E-04 0.2371E-10      6
 1148   11     0     -62      0     62  0.99861519E+00 -0.32262117E-04 0.1184E-10      6
 1149   11     0     -61      0     61  0.10115305E+01 -0.25504641E-04 0.9247E-10      7
 1150   11     0     -60      0     60  0.10270133E+01 -0.30813321E-04 0.4310E-10      6
 1151   11     0     -59      0     59  0.10460335E+01 -0.28560262E-04 0.5217E-10      9
 1152   11     0     -58      0     58  0.10651755E+01 -0.21939288E-04 0.3724E-10      6
 1153   11     0     -57      0     57  0.10804610E+01 -0.14822743E-04 0.4925E-10      4
 1154   11     0     -56      0     56  0.10966949E+01 -0.18170428E-04 0.1049E-09      5
 1155   11     0     -55      0     55  0.11179821E+01 -0.17463797E-04 0.4483E-10      5
 1156   11     0     -54      0     54  0.11402735E+01 -0.13775991E-04 0.8901E-10      4
 1157   11     0     -53      0     53  0.11586475E+01 -0.86287355E-05 0.1703E-09      6
 1158   11     0     -52      0     52  0.11760998E+01 -0.10077269E-04 0.1174E-09      7
 1159   11     0     -51      0     51  0.12000330E+01 -0.99638891E-05 0.8804E-10      5
 1160   11     0     -50      0     50  0.12260943E+01 -0.79202601E-05 0.5577E-10      5
 1161   11     0     -49      0     49  0.12489254E+01 -0.48109509E-05 0.2017E-09      5
 1162   11     0     -48      0     48  0.12679544E+01 -0.47853466E-05 0.1458E-09      6
 1163   11     0     -47      0     47  0.12946003E+01 -0.50091956E-05 0.1180E-09      4
 1164   11     0     -46      0     46  0.13251845E+01 -0.40864249E-05 0.6296E-09      6
 1165   11     0     -45      0     45  0.13539103E+01 -0.26615932E-05 0.7859E-09      5
 1166   11     0     -43      0     43  0.13756817E+01 -0.21343224E-05 0.2335E-09      5
 1167   11     0     -42      0     42  0.14046673E+01 -0.25409933E-05 0.1362E-09      4
 1168   11     0     -41      0     41  0.14404359E+01 -0.21857896E-05 0.7314E-09      5
 1169   11     0     -40      0     40  0.14768491E+01 -0.15916627E-05 0.4453E-09      4
 1170   11     0     -39      0     39  0.15056884E+01 -0.97747329E-06 0.8398E-09      5
 1171   11     0     -38      0     38  0.15358186E+01 -0.11900384E-05 0.5192E-09      5
 1172   11     0     -37      0     37  0.15775202E+01 -0.11191435E-05 0.6629E-09      4
 1173   11     0     -36      0     36  0.16231652E+01 -0.90910342E-06 0.1407E-08      5
 1174   11     0     -35      0     35  0.16647477E+01 -0.58287042E-06 0.8302E-09      6
  Time elapsed :      4.266 s

Mode Search
-----------

Mode parameters
   l : 12
   m : 0

Building frequency grid (REAL axis)
   added scan interval :  0.5233E+00 ->  0.2103E+01 (3000 points, INVERSE)

Building spatial grid
   Scaffold grid from model
   Split 35 subinterval(s) in iteration 1
   Split 0 subinterval(s) in iteration 2
   Final grid has 1 segment(s) and 7182 point(s):
      Segment 1 : x range 0.0000 -> 1.0011 (1 -> 7182)

Starting search (adiabatic)

Scanning frequencies
  Time elapsed :    33.758 s

Finding roots
  Time elapsed :      5.626 s

Processing modes
   id    l     m    n_pg    n_p    n_g       Re(omega)       Im(omega)        chi n_iter
 1197   12     0    -114      0    114  0.59105878E+00  0.00000000E+00 0.1884E-12      6
 1198   12     0    -113      0    113  0.59612604E+00  0.00000000E+00 0.6745E-12      6
 1199   12     0    -112      0    112  0.60073678E+00  0.00000000E+00 0.5350E-12      6
 1200   12     0    -111      0    111  0.60609841E+00  0.00000000E+00 0.2389E-12      6
 1201   12     0    -110      0    110  0.61202149E+00  0.00000000E+00 0.4569E-12      5
 1202   12     0    -109      0    109  0.61771211E+00  0.00000000E+00 0.1405E-13      5
 1203   12     0    -108      0    108  0.62268235E+00  0.00000000E+00 0.2523E-13      5
 1204   12     0    -107      0    107  0.62812213E+00  0.00000000E+00 0.7966E-12      5
 1205   12     0    -106      0    106  0.63440654E+00  0.00000000E+00 0.5553E-13      5
 1206   12     0    -105      0    105  0.64074609E+00  0.00000000E+00 0.2304E-12      6
 1207   12     0    -104      0    104  0.64632138E+00  0.00000000E+00 0.6981E-14      5
 1208   12     0    -103      0    103  0.65180195E+00  0.00000000E+00 0.1643E-13      5
 1209   12     0    -102      0    102  0.65835115E+00  0.00000000E+00 0.4235E-13      5
 1210   12     0    -101      0    101  0.66531561E+00  0.00000000E+00 0.5665E-13      5
 1211   12     0    -100      0    100  0.67174105E+00  0.00000000E+00 0.5428E-12      5
 1212   12     0     -99      0     99  0.67744299E+00  0.00000000E+00 0.4971E-12      6
 1213   12     0     -98      0     98  0.68411603E+00  0.00000000E+00 0.4897E-12      6
 1214   12     0     -97      0     97  0.69163680E+00  0.00000000E+00 0.4524E-12      5
 1215   12     0     -96      0     96  0.69899224E+00  0.00000000E+00 0.2617E-15      6
 1216   12     0     -95      0     95  0.70532315E+00  0.00000000E+00 0.7901E-13      5
 1217   12     0     -94      0     94  0.71202423E+00  0.00000000E+00 0.6297E-12      5
 1218   12     0     -93      0     93  0.72000347E+00  0.00000000E+00 0.1176E-12      5
 1219   12     0     -92      0     92  0.72827245E+00  0.00000000E+00 0.3429E-12      6
 1220   12     0     -91      0     91  0.73567097E+00  0.00000000E+00 0.5093E-12      6
 1221   12     0     -90      0     90  0.74250123E+00  0.00000000E+00 0.7157E-12      6
 1222   12     0     -89      0     89  0.75078526E+00  0.00000000E+00 0.2269E-12      6
 1223   12     0     -88      0     88  0.75992861E+00  0.00000000E+00 0.5014E-13      5
 1224   12     0     -87      0     87  0.76866594E+00  0.00000000E+00 0.1901E-12      6
 1225   12     0     -86      0     86  0.77611888E+00  0.00000000E+00 0.1863E-12      6
 1226   12     0     -85      0     85  0.78453372E+00  0.00000000E+00 0.1608E-13      6
 1227   12     0     -84      0     84  0.79448399E+00  0.00000000E+00 0.1179E-12      5
 1228   12     0     -83      0     83  0.80459627E+00  0.00000000E+00 0.1310E-12      6
 1229   12     0     -82      0     82  0.81332702E+00  0.00000000E+00 0.3585E-12      5
 1230   12     0     -81      0     81  0.82182600E+00  0.00000000E+00 0.3216E-12      6
 1231   12     0     -80      0     80  0.83241064E+00  0.00000000E+00 0.9325E-13      6
 1232   12     0     -79      0     79  0.84381415E+00  0.00000000E+00 0.4787E-12      6
 1233   12     0     -78      0     78  0.85426823E+00  0.00000000E+00 0.1919E-12      6
 1234   12     0     -77      0     77  0.86323969E+00  0.00000000E+00 0.3091E-12      5
 1235   12     0     -76      0     76  0.87422490E+00  0.00000000E+00 0.1327E-12      6
 1236   12     0     -75      0     75  0.88685241E+00  0.00000000E+00 0.7764E-12      5
 1237   12     0     -74      0     74  0.89920260E+00  0.00000000E+00 0.1363E-12      6
 1238   12     0     -73      0     73  0.90945077E+00  0.00000000E+00 0.2099E-12      5
 1239   12     0     -72      0     72  0.92064368E+00  0.00000000E+00 0.4602E-13      5
 1240   12     0     -71      0     71  0.93443219E+00  0.00000000E+00 0.1810E-12      5
 1241   12     0     -70      0     70  0.94874162E+00  0.00000000E+00 0.1880E-12      6
 1242   12     0     -69      0     69  0.96109140E+00  0.00000000E+00 0.3096E-13      6
 1243   12     0     -68      0     68  0.97252835E+00  0.00000000E+00 0.2540E-12      5
 1244   12     0     -67      0     67  0.98731245E+00  0.00000000E+00 0.3582E-13      5
 1245   12     0     -66      0     66  0.10035573E+01  0.00000000E+00 0.3137E-12      6
 1246   12     0     -65      0     65  0.10184486E+01  0.00000000E+00 0.1583E-13      5
 1247   12     0     -64      0     64  0.10307174E+01  0.00000000E+00 0.1925E-12      6
 1248   12     0     -63      0     63  0.10463145E+01  0.00000000E+00 0.4397E-12      6
 1249   12     0     -62      0     62  0.10645399E+01  0.00000000E+00 0.2390E-12      6
 1250   12     0     -61      0     61  0.10822233E+01  0.00000000E+00 0.1165E-12      6
 1251   12     0     -60      0     60  0.10962821E+01  0.00000000E+00 0.3722E-12      6
 1252   12     0     -59      0     59  0.11126061E+01  0.00000000E+00 0.4679E-12      6
 1253   12     0     -58      0     58  0.11329743E+01  0.00000000E+00 0.2029E-12      5
 1254   12     0     -57      0     57  0.11537001E+01  0.00000000E+00 0.2282E-12      6
 1255   12     0     -56      0     56  0.11704230E+01  0.00000000E+00 0.9519E-13      5
 1256   12     0     -55      0     55  0.11875407E+01  0.00000000E+00 0.3448E-12      5
 1257   12     0     -54      0     54  0.12102514E+01  0.00000000E+00 0.1476E-12      5
 1258   12     0     -53      0     53  0.12342982E+01  0.00000000E+00 0.1838E-12      6
 1259   12     0     -52      0     52  0.12544918E+01  0.00000000E+00 0.2223E-12      5
 1260   12     0     -51      0     51  0.12728938E+01  0.00000000E+00 0.9777E-14      5
 1261   12     0     -50      0     50  0.12982545E+01  0.00000000E+00 0.1577E-12      5
 1262   12     0     -49      0     49  0.13262751E+01  0.00000000E+00 0.5421E-13      5
 1263   12     0     -48      0     48  0.13515135E+01  0.00000000E+00 0.2918E-12      6
 1264   12     0     -47      0     47  0.13717546E+01  0.00000000E+00 0.1836E-12      6
 1265   12     0     -46      0     46  0.13995770E+01  0.00000000E+00 0.2121E-12      6
 1266   12     0     -45      0     45  0.14322584E+01  0.00000000E+00 0.4304E-12      6
 1267   12     0     -44      0     44  0.14639073E+01  0.00000000E+00 0.4116E-13      6
 1268   12     0     -43      0     43  0.14878354E+01  0.00000000E+00 0.1352E-12      6
 1269   12     0     -42      0     42  0.15172835E+01  0.00000000E+00 0.6517E-13      6
 1270   12     0     -41      0     41  0.15551082E+01  0.00000000E+00 0.2356E-12      5
 1271   12     0     -40      0     40  0.15946922E+01  0.00000000E+00 0.2896E-12      6
 1272   12     0     -39      0     39  0.16277973E+01  0.00000000E+00 0.1603E-12      5
 1273   12     0     -38      0     38  0.16580105E+01  0.00000000E+00 0.7928E-13      6
  Time elapsed :      1.780 s

Starting search (non-adiabatic)

Finding roots
  Time elapsed :     75.196 s

Processing modes
   id    l     m    n_pg    n_p    n_g       Re(omega)       Im(omega)        chi n_iter
 1197   12     0    -114      0    114  0.59080755E+00 -0.97257343E-03 0.5666E-12      9
 1198   12     0    -113      0    113  0.59592096E+00 -0.84252641E-03 0.1823E-11      7
 1199   12     0    -112      0    112  0.60049994E+00 -0.86847906E-03 0.4166E-12      7
 1200   12     0    -111      0    111  0.60582930E+00 -0.10431209E-02 0.6967E-12      6
 1201   12     0    -110      0    110  0.61175855E+00 -0.10896462E-02 0.1034E-11      7
 1202   12     0    -109      0    109  0.61749091E+00 -0.98411752E-03 0.5657E-12      6
 1203   12     0    -109      0    109  0.62245076E+00 -0.90826739E-03 0.1494E-11      7
 1204   12     0    -108      0    108  0.62783211E+00 -0.11080420E-02 0.4249E-12      8
 1205   12     0    -107      0    107  0.63409979E+00 -0.12097197E-02 0.6033E-12      6
 1206   12     0    -106      0    106  0.64046269E+00 -0.11472312E-02 0.3442E-12      6
 1207   12     0    -105      0    105  0.64606391E+00 -0.97053680E-03 0.8338E-12      7
 1208   12     0    -104      0    104  0.65146580E+00 -0.11062347E-02 0.7482E-12      8
 1209   12     0    -103      0    103  0.65797226E+00 -0.12560408E-02 0.4319E-13      6
 1210   12     0    -102      0    102  0.66494298E+00 -0.12268091E-02 0.3029E-12      8
 1211   12     0    -101      0    101  0.67142770E+00 -0.10216009E-02 0.9592E-12      7
 1212   12     0    -100      0    100  0.67709182E+00 -0.98489414E-03 0.1509E-11      7
 1213   12     0     -99      0     99  0.68370342E+00 -0.11547509E-02 0.3475E-12      7
 1214   12     0     -98      0     98  0.69122745E+00 -0.11527140E-02 0.1198E-11      9
 1215   12     0     -97      0     97  0.69864635E+00 -0.98918223E-03 0.6022E-12     10
 1216   12     0     -96      0     96  0.70501904E+00 -0.81182960E-03 0.9258E-12      7
 1217   12     0     -95      0     95  0.71166730E+00 -0.92973734E-03 0.1155E-11      8
 1218   12     0     -94      0     94  0.71964938E+00 -0.95715110E-03 0.8213E-12      8
 1219   12     0     -93      0     93  0.72797047E+00 -0.84726185E-03 0.8712E-12      8
 1220   12     0     -92      0     92  0.73544536E+00 -0.64647211E-03 0.1341E-11      7
 1221   12     0     -91      0     91  0.74226817E+00 -0.64858787E-03 0.3041E-12      7
 1222   12     0     -90      0     90  0.75055060E+00 -0.70014159E-03 0.1640E-11      6
 1223   12     0     -89      0     89  0.75973007E+00 -0.63770367E-03 0.1763E-11      6
 1224   12     0     -88      0     88  0.76852334E+00 -0.49625212E-03 0.1952E-11      5
 1225   12     0     -87      0     87  0.77600234E+00 -0.41120028E-03 0.1794E-11      6
 1226   12     0     -86      0     86  0.78441248E+00 -0.46369160E-03 0.3121E-11      7
 1227   12     0     -85      0     85  0.79438061E+00 -0.44268055E-03 0.1069E-11      6
 1228   12     0     -84      0     84  0.80452078E+00 -0.36449746E-03 0.2221E-11      6
 1229   12     0     -83      0     83  0.81327636E+00 -0.26613617E-03 0.1181E-11      5
 1230   12     0     -82      0     82  0.82177530E+00 -0.28719181E-03 0.1071E-11      5
 1231   12     0     -81      0     81  0.83236631E+00 -0.29382834E-03 0.2085E-11      7
 1232   12     0     -80      0     80  0.84378194E+00 -0.25418809E-03 0.1669E-11      5
 1233   12     0     -79      0     79  0.85424866E+00 -0.18430680E-03 0.8577E-12      5
 1234   12     0     -78      0     78  0.86322359E+00 -0.16877526E-03 0.1877E-11      5
 1235   12     0     -77      0     77  0.87421085E+00 -0.18740613E-03 0.4634E-11      7
 1236   12     0     -76      0     76  0.88684319E+00 -0.17017245E-03 0.3494E-11      7
 1237   12     0     -75      0     75  0.89919796E+00 -0.13131715E-03 0.8663E-11      6
 1238   12     0     -74      0     74  0.90944839E+00 -0.99938879E-04 0.5777E-11      6
 1239   12     0     -73      0     73  0.92064256E+00 -0.11534277E-03 0.4854E-11      5
 1240   12     0     -72      0     72  0.93443301E+00 -0.11129249E-03 0.4236E-11      5
 1241   12     0     -71      0     71  0.94874374E+00 -0.91865203E-04 0.2428E-10      5
 1242   12     0     -70      0     70  0.96109362E+00 -0.63746515E-04 0.2077E-10      7
 1243   12     0     -69      0     69  0.97253136E+00 -0.68761901E-04 0.2312E-10      6
 1244   12     0     -68      0     68  0.98731656E+00 -0.72798254E-04 0.2356E-10      6
 1245   12     0     -67      0     67  0.10035616E+01 -0.63788896E-04 0.1175E-10      5
 1246   12     0     -66      0     66  0.10184521E+01 -0.45292648E-04 0.2779E-10      6
 1247   12     0     -65      0     65  0.10307209E+01 -0.41427140E-04 0.2199E-10      5
 1248   12     0     -64      0     64  0.10463190E+01 -0.48089353E-04 0.7832E-11      5
 1249   12     0     -63      0     63  0.10645442E+01 -0.43747335E-04 0.2262E-11      6
 1250   12     0     -62      0     62  0.10822268E+01 -0.32675465E-04 0.2345E-10      5
 1251   12     0     -61      0     61  0.10962848E+01 -0.24718112E-04 0.3958E-10      5
 1252   12     0     -60      0     60  0.11126096E+01 -0.30067874E-04 0.5030E-10      5
 1253   12     0     -59      0     59  0.11329776E+01 -0.28185908E-04 0.5100E-11      5
 1254   12     0     -58      0     58  0.11537028E+01 -0.21945938E-04 0.1050E-09      4
 1255   12     0     -57      0     57  0.11704249E+01 -0.14518201E-04 0.1663E-09      6
 1256   12     0     -56      0     56  0.11875430E+01 -0.17606396E-04 0.6478E-10      4
 1257   12     0     -55      0     55  0.12102538E+01 -0.17208652E-04 0.1202E-09      5
 1258   12     0     -54      0     54  0.12343002E+01 -0.13788295E-04 0.1387E-09      6
 1259   12     0     -53      0     53  0.12544931E+01 -0.86396410E-05 0.1764E-09      6
 1260   12     0     -52      0     52  0.12728955E+01 -0.97346391E-05 0.1332E-09      6
 1261   12     0     -51      0     51  0.12982565E+01 -0.98725030E-05 0.7304E-10      5
 1262   12     0     -50      0     50  0.13262770E+01 -0.79849559E-05 0.1985E-09      4
 1263   12     0     -49      0     49  0.13515149E+01 -0.49891371E-05 0.2994E-09      6
 1264   12     0     -48      0     48  0.13717561E+01 -0.45728258E-05 0.2547E-09      5
 1265   12     0     -47      0     47  0.13995790E+01 -0.50053672E-05 0.9779E-10      5
 1266   12     0     -46      0     46  0.14322605E+01 -0.41810746E-05 0.1086E-09      4
 1267   12     0     -45      0     45  0.14639090E+01 -0.28666532E-05 0.3169E-10      5
 1268   12     0     -43      0     43  0.14878367E+01 -0.20384635E-05 0.1048E-08      5
 1269   12     0     -42      0     42  0.15172852E+01 -0.25038092E-05 0.5113E-09      6
 1270   12     0     -41      0     41  0.15551099E+01 -0.21935897E-05 0.9282E-09      6
 1271   12     0     -40      0     40  0.15946936E+01 -0.16507621E-05 0.5556E-09      6
 1272   12     0     -39      0     39  0.16277981E+01 -0.98413456E-06 0.7995E-09      6
 1273   12     0     -38      0     38  0.16580115E+01 -0.11082167E-05 0.1714E-08      5
  Time elapsed :      4.494 s

Mode Search
-----------

Mode parameters
   l : 13
   m : 0

Building frequency grid (REAL axis)
   added scan interval :  0.5233E+00 ->  0.2103E+01 (3000 points, INVERSE)

Building spatial grid
   Scaffold grid from model
   Split 62 subinterval(s) in iteration 1
   Split 10 subinterval(s) in iteration 2
   Split 0 subinterval(s) in iteration 3
   Final grid has 1 segment(s) and 7219 point(s):
      Segment 1 : x range 0.0000 -> 1.0011 (1 -> 7219)

Starting search (adiabatic)

Scanning frequencies
  Time elapsed :    34.062 s

Finding roots
  Time elapsed :      5.950 s

Processing modes
   id    l     m    n_pg    n_p    n_g       Re(omega)       Im(omega)        chi n_iter
 1299   13     0    -123      0    123  0.59171310E+00  0.00000000E+00 0.4326E-12      5
 1300   13     0    -122      0    122  0.59671201E+00  0.00000000E+00 0.1112E-12      5
 1301   13     0    -121      0    121  0.60113837E+00  0.00000000E+00 0.1466E-12      5
 1302   13     0    -120      0    120  0.60576777E+00  0.00000000E+00 0.7014E-13      6
 1303   13     0    -119      0    119  0.61111908E+00  0.00000000E+00 0.2004E-12      5
 1304   13     0    -118      0    118  0.61659375E+00  0.00000000E+00 0.6515E-12      5
 1305   13     0    -117      0    117  0.62150459E+00  0.00000000E+00 0.4253E-12      5
 1306   13     0    -116      0    116  0.62625178E+00  0.00000000E+00 0.2152E-12      6
 1307   13     0    -115      0    115  0.63182627E+00  0.00000000E+00 0.9763E-12      5
 1308   13     0    -114      0    114  0.63776433E+00  0.00000000E+00 0.1847E-12      6
 1309   13     0    -113      0    113  0.64326314E+00  0.00000000E+00 0.4853E-12      6
 1310   13     0    -112      0    112  0.64822501E+00  0.00000000E+00 0.7882E-13      6
 1311   13     0    -111      0    111  0.65395723E+00  0.00000000E+00 0.7317E-12      6
 1312   13     0    -110      0    110  0.66033120E+00  0.00000000E+00 0.5454E-12      5
 1313   13     0    -109      0    109  0.66649982E+00  0.00000000E+00 0.4752E-12      6
 1314   13     0    -108      0    108  0.67187911E+00  0.00000000E+00 0.4458E-12      5
 1315   13     0    -107      0    107  0.67768166E+00  0.00000000E+00 0.5141E-12      6
 1316   13     0    -106      0    106  0.68442441E+00  0.00000000E+00 0.8562E-13      5
 1317   13     0    -105      0    105  0.69127837E+00  0.00000000E+00 0.2411E-12      5
 1318   13     0    -104      0    104  0.69734267E+00  0.00000000E+00 0.9973E-12      5
 1319   13     0    -103      0    103  0.70319669E+00  0.00000000E+00 0.1687E-12      6
 1320   13     0    -102      0    102  0.71019478E+00  0.00000000E+00 0.1130E-12      6
 1321   13     0    -101      0    101  0.71770027E+00  0.00000000E+00 0.3287E-12      6
 1322   13     0    -100      0    100  0.72469238E+00  0.00000000E+00 0.1697E-13      6
 1323   13     0     -99      0     99  0.73083197E+00  0.00000000E+00 0.5574E-13      6
 1324   13     0     -98      0     98  0.73792720E+00  0.00000000E+00 0.2172E-12      5
 1325   13     0     -97      0     97  0.74600197E+00  0.00000000E+00 0.6940E-12      5
 1326   13     0     -96      0     96  0.75397901E+00  0.00000000E+00 0.2349E-12      6
 1327   13     0     -95      0     95  0.76086507E+00  0.00000000E+00 0.4209E-12      5
 1328   13     0     -94      0     94  0.76797466E+00  0.00000000E+00 0.9037E-14      6
 1329   13     0     -93      0     93  0.77649835E+00  0.00000000E+00 0.5001E-13      5
 1330   13     0     -92      0     92  0.78542400E+00  0.00000000E+00 0.5129E-12      6
 1331   13     0     -91      0     91  0.79350452E+00  0.00000000E+00 0.2231E-13      6
 1332   13     0     -90      0     90  0.80080625E+00  0.00000000E+00 0.2452E-12      6
 1333   13     0     -89      0     89  0.80959728E+00  0.00000000E+00 0.1974E-12      6
 1334   13     0     -88      0     88  0.81941971E+00  0.00000000E+00 0.6368E-13      6
 1335   13     0     -87      0     87  0.82892839E+00  0.00000000E+00 0.2178E-12      6
 1336   13     0     -86      0     86  0.83701963E+00  0.00000000E+00 0.2295E-12      6
 1337   13     0     -85      0     85  0.84590112E+00  0.00000000E+00 0.3419E-12      6
 1338   13     0     -84      0     84  0.85652997E+00  0.00000000E+00 0.9102E-13      5
 1339   13     0     -83      0     83  0.86746580E+00  0.00000000E+00 0.2519E-13      6
 1340   13     0     -82      0     82  0.87703068E+00  0.00000000E+00 0.1127E-13      5
 1341   13     0     -81      0     81  0.88603162E+00  0.00000000E+00 0.2320E-13      6
 1342   13     0     -80      0     80  0.89725628E+00  0.00000000E+00 0.5011E-12      5
 1343   13     0     -79      0     79  0.90951922E+00  0.00000000E+00 0.2034E-12      6
 1344   13     0     -78      0     78  0.92094837E+00  0.00000000E+00 0.4450E-13      6
 1345   13     0     -77      0     77  0.93059633E+00  0.00000000E+00 0.1296E-12      6
 1346   13     0     -76      0     76  0.94215572E+00  0.00000000E+00 0.6429E-13      6
 1347   13     0     -75      0     75  0.95566229E+00  0.00000000E+00 0.4261E-13      5
 1348   13     0     -74      0     74  0.96906783E+00  0.00000000E+00 0.3874E-12      6
 1349   13     0     -73      0     73  0.98026115E+00  0.00000000E+00 0.1057E-12      4
 1350   13     0     -72      0     72  0.99200100E+00  0.00000000E+00 0.2800E-13      6
 1351   13     0     -71      0     71  0.10066568E+01  0.00000000E+00 0.2591E-12      5
 1352   13     0     -70      0     70  0.10220755E+01  0.00000000E+00 0.2811E-12      6
 1353   13     0     -69      0     69  0.10356165E+01  0.00000000E+00 0.4843E-12      5
 1354   13     0     -68      0     68  0.10477031E+01  0.00000000E+00 0.2791E-12      6
 1355   13     0     -67      0     67  0.10632934E+01  0.00000000E+00 0.1082E-12      6
 1356   13     0     -66      0     66  0.10806916E+01  0.00000000E+00 0.2830E-12      5
 1357   13     0     -65      0     65  0.10969235E+01  0.00000000E+00 0.2822E-12      6
 1358   13     0     -64      0     64  0.11100840E+01  0.00000000E+00 0.1738E-12      6
 1359   13     0     -63      0     63  0.11264168E+01  0.00000000E+00 0.4561E-12      6
 1360   13     0     -62      0     62  0.11458464E+01  0.00000000E+00 0.1695E-14      5
 1361   13     0     -61      0     61  0.11649798E+01  0.00000000E+00 0.6772E-13      5
 1362   13     0     -60      0     60  0.11802501E+01  0.00000000E+00 0.2755E-12      5
 1363   13     0     -59      0     59  0.11972873E+01  0.00000000E+00 0.4905E-14      6
 1364   13     0     -58      0     58  0.12189065E+01  0.00000000E+00 0.1788E-12      5
 1365   13     0     -57      0     57  0.12411876E+01  0.00000000E+00 0.2607E-12      5
 1366   13     0     -56      0     56  0.12594427E+01  0.00000000E+00 0.3952E-12      5
 1367   13     0     -55      0     55  0.12773216E+01  0.00000000E+00 0.2666E-12      6
 1368   13     0     -54      0     54  0.13013105E+01  0.00000000E+00 0.7260E-14      5
 1369   13     0     -53      0     53  0.13270615E+01  0.00000000E+00 0.2536E-13      5
 1370   13     0     -52      0     52  0.13492225E+01  0.00000000E+00 0.3734E-13      6
 1371   13     0     -51      0     51  0.13684817E+01  0.00000000E+00 0.1075E-12      6
 1372   13     0     -50      0     50  0.13950111E+01  0.00000000E+00 0.1042E-13      6
 1373   13     0     -49      0     49  0.14248856E+01  0.00000000E+00 0.2529E-13      5
 1374   13     0     -48      0     48  0.14526612E+01  0.00000000E+00 0.2439E-12      6
 1375   13     0     -47      0     47  0.14742792E+01  0.00000000E+00 0.7750E-13      6
 1376   13     0     -46      0     46  0.15027963E+01  0.00000000E+00 0.1119E-12      6
 1377   13     0     -45      0     45  0.15373293E+01  0.00000000E+00 0.2816E-12      5
 1378   13     0     -44      0     44  0.15718179E+01  0.00000000E+00 0.1466E-12      6
 1379   13     0     -43      0     43  0.15985526E+01  0.00000000E+00 0.1797E-12      6
 1380   13     0     -42      0     42  0.16278464E+01  0.00000000E+00 0.2201E-12      6
 1381   13     0     -41      0     41  0.16672601E+01  0.00000000E+00 0.5890E-13      6
  Time elapsed :      1.540 s

Starting search (non-adiabatic)

Finding roots
  Time elapsed :     82.059 s

Processing modes
   id    l     m    n_pg    n_p    n_g       Re(omega)       Im(omega)        chi n_iter
 1299   13     0    -123      0    123  0.59142539E+00 -0.88951399E-03 0.1161E-12      7
 1300   13     0    -122      0    122  0.59646908E+00 -0.81996683E-03 0.6485E-12      7
 1301   13     0    -121      0    121  0.60091560E+00 -0.73415304E-03 0.5326E-12      7
 1302   13     0    -120      0    120  0.60550695E+00 -0.85975238E-03 0.1967E-12      7
 1303   13     0    -119      0    119  0.61085571E+00 -0.94702836E-03 0.4675E-12      6
 1304   13     0    -118      0    118  0.61636304E+00 -0.91063854E-03 0.5478E-13      7
 1305   13     0    -117      0    117  0.62131031E+00 -0.78552743E-03 0.2759E-12      6
 1306   13     0    -116      0    116  0.62602154E+00 -0.87316295E-03 0.4414E-12      7
 1307   13     0    -115      0    115  0.63158324E+00 -0.10071161E-02 0.1977E-12      7
 1308   13     0    -114      0    114  0.63754257E+00 -0.10107501E-02 0.4752E-12      8
 1309   13     0    -113      0    113  0.64308474E+00 -0.87873461E-03 0.6950E-12      7
 1310   13     0    -112      0    112  0.64801974E+00 -0.89315446E-03 0.2570E-12      7
 1311   13     0    -111      0    111  0.65372462E+00 -0.10763315E-02 0.5465E-12      7
 1312   13     0    -110      0    110  0.66010589E+00 -0.11306743E-02 0.8370E-12      8
 1313   13     0    -110      0    110  0.66631223E+00 -0.10286063E-02 0.1016E-11      7
 1314   13     0    -109      0    109  0.67168407E+00 -0.93825659E-03 0.2087E-12      7
 1315   13     0    -108      0    108  0.67743487E+00 -0.11422051E-02 0.9937E-12      9
 1316   13     0    -107      0    107  0.68416394E+00 -0.12565163E-02 0.2724E-12      8
 1317   13     0    -106      0    106  0.69103721E+00 -0.12019238E-02 0.1025E-11      6
 1318   13     0    -105      0    105  0.69712519E+00 -0.10157903E-02 0.9592E-12      6
 1319   13     0    -104      0    104  0.70290790E+00 -0.11422797E-02 0.4850E-12      7
 1320   13     0    -103      0    103  0.70986677E+00 -0.13097656E-02 0.2956E-12      8
 1321   13     0    -102      0    102  0.71737460E+00 -0.12910980E-02 0.1576E-11     10
 1322   13     0    -101      0    101  0.72441721E+00 -0.10853924E-02 0.1147E-11      7
 1323   13     0    -100      0    100  0.73052452E+00 -0.10243741E-02 0.1368E-11      7
 1324   13     0     -99      0     99  0.73756081E+00 -0.12087024E-02 0.2120E-11      7
 1325   13     0     -98      0     98  0.74563514E+00 -0.12184499E-02 0.1512E-11      9
 1326   13     0     -97      0     97  0.75366548E+00 -0.10578033E-02 0.2145E-12      7
 1327   13     0     -96      0     96  0.76059375E+00 -0.85596924E-03 0.9783E-12      8
 1328   13     0     -95      0     95  0.76765472E+00 -0.96987470E-03 0.2376E-11     10
 1329   13     0     -94      0     94  0.77617892E+00 -0.10092012E-02 0.3773E-12      7
 1330   13     0     -93      0     93  0.78515009E+00 -0.90107554E-03 0.1785E-11      7
 1331   13     0     -92      0     92  0.79330154E+00 -0.68890789E-03 0.1272E-11      7
 1332   13     0     -91      0     91  0.80060179E+00 -0.66869056E-03 0.1250E-11      7
 1333   13     0     -90      0     90  0.80939073E+00 -0.72938399E-03 0.4886E-12      7
 1334   13     0     -89      0     89  0.81924568E+00 -0.66944878E-03 0.4504E-12      6
 1335   13     0     -88      0     88  0.82880392E+00 -0.52683588E-03 0.1856E-11      6
 1336   13     0     -87      0     87  0.83692231E+00 -0.42206728E-03 0.3038E-11      6
 1337   13     0     -86      0     86  0.84580087E+00 -0.47465055E-03 0.4662E-11      5
 1338   13     0     -85      0     85  0.85644568E+00 -0.45813305E-03 0.1578E-11      6
 1339   13     0     -84      0     84  0.86740544E+00 -0.38138254E-03 0.1569E-11      6
 1340   13     0     -83      0     83  0.87699199E+00 -0.27579744E-03 0.1061E-11      5
 1341   13     0     -82      0     82  0.88599474E+00 -0.28796088E-03 0.3282E-11      7
 1342   13     0     -81      0     81  0.89722536E+00 -0.29932274E-03 0.6054E-11      6
 1343   13     0     -80      0     80  0.90949838E+00 -0.26135842E-03 0.2980E-11      6
 1344   13     0     -79      0     79  0.92093704E+00 -0.19169053E-03 0.3789E-11      5
 1345   13     0     -78      0     78  0.93058826E+00 -0.16684171E-03 0.3336E-11      6
 1346   13     0     -77      0     77  0.94215024E+00 -0.18774146E-03 0.2613E-11      5
 1347   13     0     -76      0     76  0.95566075E+00 -0.17234156E-03 0.2060E-11      7
 1348   13     0     -75      0     75  0.96906913E+00 -0.13506541E-03 0.3851E-11      6
 1349   13     0     -74      0     74  0.98026329E+00 -0.99316870E-04 0.1048E-11      6
 1350   13     0     -73      0     73  0.99200492E+00 -0.11340345E-03 0.3341E-11      6
 1351   13     0     -72      0     72  0.10066625E+01 -0.11122228E-03 0.2005E-11      6
 1352   13     0     -71      0     71  0.10220816E+01 -0.93032053E-04 0.6257E-11      6
 1353   13     0     -70      0     70  0.10356215E+01 -0.64558810E-04 0.1824E-10      5
 1354   13     0     -69      0     69  0.10477088E+01 -0.66632071E-04 0.1509E-10      6
 1355   13     0     -68      0     68  0.10633006E+01 -0.72185414E-04 0.6487E-11      6
 1356   13     0     -67      0     67  0.10806987E+01 -0.64016803E-04 0.9347E-11      6
 1357   13     0     -66      0     66  0.10969290E+01 -0.46262987E-04 0.2194E-10      6
 1358   13     0     -65      0     65  0.11100890E+01 -0.39948160E-04 0.1468E-10      6
 1359   13     0     -64      0     64  0.11264231E+01 -0.47222912E-04 0.1194E-10      5
 1360   13     0     -63      0     63  0.11458526E+01 -0.43427418E-04 0.2669E-10      6
 1361   13     0     -62      0     62  0.11649846E+01 -0.33012862E-04 0.4486E-10      6
 1362   13     0     -61      0     61  0.11802537E+01 -0.23916717E-04 0.1038E-09      5
 1363   13     0     -60      0     60  0.11972918E+01 -0.29137108E-04 0.5606E-10      6
 1364   13     0     -59      0     59  0.12189109E+01 -0.27723054E-04 0.4018E-10      6
 1365   13     0     -58      0     58  0.12411913E+01 -0.21934475E-04 0.1877E-10      6
 1366   13     0     -57      0     57  0.12594451E+01 -0.14277658E-04 0.3431E-09      8
 1367   13     0     -56      0     56  0.12773246E+01 -0.16949673E-04 0.7993E-10      5
 1368   13     0     -55      0     55  0.13013135E+01 -0.16940138E-04 0.4101E-10      6
 1369   13     0     -54      0     54  0.13270642E+01 -0.13826687E-04 0.8074E-10      6
 1370   13     0     -53      0     53  0.13492243E+01 -0.87493779E-05 0.2164E-09      5
 1371   13     0     -52      0     52  0.13684837E+01 -0.93127606E-05 0.1831E-09      5
 1372   13     0     -51      0     51  0.13950135E+01 -0.97609192E-05 0.1445E-09      5
 1373   13     0     -50      0     50  0.14248879E+01 -0.80503694E-05 0.1213E-09      5
 1374   13     0     -49      0     49  0.14526630E+01 -0.52447568E-05 0.2998E-09      6
 1375   13     0     -48      0     48  0.14742808E+01 -0.43260646E-05 0.4096E-09      4
 1376   13     0     -47      0     47  0.15027985E+01 -0.49843774E-05 0.1178E-09      4
 1377   13     0     -46      0     46  0.15373315E+01 -0.42833728E-05 0.2895E-09      5
 1378   13     0     -45      0     45  0.15718197E+01 -0.30965021E-05 0.1078E-09      5
 1379   13     0     -43      1     44  0.15985538E+01 -0.19769793E-05 0.4276E-09      4
 1380   13     0     -42      0     42  0.16278481E+01 -0.24291840E-05 0.2923E-09      4
 1381   13     0     -41      0     41  0.16672617E+01 -0.21983107E-05 0.8110E-09      5
  Time elapsed :      5.075 s

Mode Search
-----------

Mode parameters
   l : 14
   m : 0

Building frequency grid (REAL axis)
   added scan interval :  0.5233E+00 ->  0.2103E+01 (3000 points, INVERSE)

Building spatial grid
   Scaffold grid from model
   Split 90 subinterval(s) in iteration 1
   Split 20 subinterval(s) in iteration 2
   Split 0 subinterval(s) in iteration 3
   Final grid has 1 segment(s) and 7257 point(s):
      Segment 1 : x range 0.0000 -> 1.0011 (1 -> 7257)

Starting search (adiabatic)

Scanning frequencies
  Time elapsed :    34.219 s

Finding roots
  Time elapsed :      6.497 s

Processing modes
   id    l     m    n_pg    n_p    n_g       Re(omega)       Im(omega)        chi n_iter
 1408   14     0    -132      0    132  0.59219437E+00  0.00000000E+00 0.4290E-13      5
 1409   14     0    -131      0    131  0.59699845E+00  0.00000000E+00 0.1032E-12      6
 1410   14     0    -130      0    130  0.60144185E+00  0.00000000E+00 0.5299E-13      6
 1411   14     0    -129      0    129  0.60558885E+00  0.00000000E+00 0.2206E-12      6
 1412   14     0    -128      0    128  0.61031193E+00  0.00000000E+00 0.5433E-12      5
 1413   14     0    -127      0    127  0.61543477E+00  0.00000000E+00 0.5401E-12      6
 1414   14     0    -126      0    126  0.62031568E+00  0.00000000E+00 0.4601E-13      6
 1415   14     0    -125      0    125  0.62470437E+00  0.00000000E+00 0.2691E-12      5
 1416   14     0    -124      0    124  0.62955042E+00  0.00000000E+00 0.7204E-12      6
 1417   14     0    -123      0    123  0.63499143E+00  0.00000000E+00 0.2110E-12      5
 1418   14     0    -122      0    122  0.64037181E+00  0.00000000E+00 0.2317E-13      6
 1419   14     0    -121      0    121  0.64513818E+00  0.00000000E+00 0.2639E-12      5
 1420   14     0    -120      0    120  0.65006215E+00  0.00000000E+00 0.2610E-12      6
 1421   14     0    -119      0    119  0.65577437E+00  0.00000000E+00 0.1966E-12      5
 1422   14     0    -118      0    118  0.66165688E+00  0.00000000E+00 0.8759E-13      6
 1423   14     0    -117      0    117  0.66696044E+00  0.00000000E+00 0.9422E-12      5
 1424   14     0    -116      0    116  0.67201893E+00  0.00000000E+00 0.2187E-12      6
 1425   14     0    -115      0    115  0.67795218E+00  0.00000000E+00 0.8611E-12      5
 1426   14     0    -114      0    114  0.68431907E+00  0.00000000E+00 0.2530E-12      6
 1427   14     0    -113      0    113  0.69026084E+00  0.00000000E+00 0.1903E-12      6
 1428   14     0    -112      0    112  0.69557335E+00  0.00000000E+00 0.2941E-12      6
 1429   14     0    -111      0    111  0.70165514E+00  0.00000000E+00 0.1686E-14      6
 1430   14     0    -110      0    110  0.70847162E+00  0.00000000E+00 0.3408E-12      6
 1431   14     0    -109      0    109  0.71512582E+00  0.00000000E+00 0.1198E-13      6
 1432   14     0    -108      0    108  0.72092647E+00  0.00000000E+00 0.2288E-12      5
 1433   14     0    -107      0    107  0.72706992E+00  0.00000000E+00 0.2794E-12      6
 1434   14     0    -106      0    106  0.73425406E+00  0.00000000E+00 0.1936E-13      5
 1435   14     0    -105      0    105  0.74162228E+00  0.00000000E+00 0.1219E-12      6
 1436   14     0    -104      0    104  0.74819410E+00  0.00000000E+00 0.4748E-14      5
 1437   14     0    -103      0    103  0.75441113E+00  0.00000000E+00 0.3495E-13      5
 1438   14     0    -102      0    102  0.76183135E+00  0.00000000E+00 0.1073E-13      5
 1439   14     0    -101      0    101  0.76986941E+00  0.00000000E+00 0.6883E-12      6
 1440   14     0    -100      0    100  0.77744261E+00  0.00000000E+00 0.2215E-12      5
 1441   14     0     -99      0     99  0.78403144E+00  0.00000000E+00 0.3137E-13      6
 1442   14     0     -98      0     98  0.79151368E+00  0.00000000E+00 0.3079E-13      6
 1443   14     0     -97      0     97  0.80012232E+00  0.00000000E+00 0.3867E-12      5
 1444   14     0     -96      0     96  0.80872357E+00  0.00000000E+00 0.1643E-12      5
 1445   14     0     -95      0     95  0.81619470E+00  0.00000000E+00 0.5028E-12      5
 1446   14     0     -94      0     94  0.82368805E+00  0.00000000E+00 0.1135E-12      6
 1447   14     0     -93      0     93  0.83271999E+00  0.00000000E+00 0.2949E-13      5
 1448   14     0     -92      0     92  0.84229053E+00  0.00000000E+00 0.1897E-12      6
 1449   14     0     -91      0     91  0.85107590E+00  0.00000000E+00 0.5354E-13      6
 1450   14     0     -90      0     90  0.85886038E+00  0.00000000E+00 0.1291E-12      6
 1451   14     0     -89      0     89  0.86810995E+00  0.00000000E+00 0.4323E-12      6
 1452   14     0     -88      0     88  0.87858634E+00  0.00000000E+00 0.5135E-12      5
 1453   14     0     -87      0     87  0.88887020E+00  0.00000000E+00 0.9476E-13      6
 1454   14     0     -86      0     86  0.89763981E+00  0.00000000E+00 0.9324E-13      5
 1455   14     0     -85      0     85  0.90694442E+00  0.00000000E+00 0.3978E-12      6
 1456   14     0     -84      0     84  0.91820764E+00  0.00000000E+00 0.1406E-12      5
 1457   14     0     -83      0     83  0.92995356E+00  0.00000000E+00 0.1141E-12      6
 1458   14     0     -82      0     82  0.94039273E+00  0.00000000E+00 0.6669E-13      6
 1459   14     0     -81      0     81  0.94989151E+00  0.00000000E+00 0.1942E-12      6
 1460   14     0     -80      0     80  0.96168699E+00  0.00000000E+00 0.2123E-12      5
 1461   14     0     -79      0     79  0.97477872E+00  0.00000000E+00 0.5040E-13      5
 1462   14     0     -78      0     78  0.98719737E+00  0.00000000E+00 0.1432E-13      5
 1463   14     0     -77      0     77  0.99756926E+00  0.00000000E+00 0.3758E-13      5
 1464   14     0     -76      0     76  0.10096224E+01  0.00000000E+00 0.1237E-12      5
 1465   14     0     -75      0     75  0.10239564E+01  0.00000000E+00 0.1245E-12      5
 1466   14     0     -74      0     74  0.10384051E+01  0.00000000E+00 0.3129E-12      6
 1467   14     0     -73      0     73  0.10506093E+01  0.00000000E+00 0.7618E-13      5
 1468   14     0     -72      0     72  0.10628432E+01  0.00000000E+00 0.1158E-12      6
 1469   14     0     -71      0     71  0.10782855E+01  0.00000000E+00 0.2556E-12      5
 1470   14     0     -70      0     70  0.10947785E+01  0.00000000E+00 0.3409E-12      5
 1471   14     0     -69      0     69  0.11095502E+01  0.00000000E+00 0.7755E-13      6
 1472   14     0     -68      0     68  0.11222958E+01  0.00000000E+00 0.1054E-12      6
 1473   14     0     -67      0     67  0.11385791E+01  0.00000000E+00 0.1285E-12      6
 1474   14     0     -66      0     66  0.11570732E+01  0.00000000E+00 0.6574E-13      6
 1475   14     0     -65      0     65  0.11746474E+01  0.00000000E+00 0.2342E-13      6
 1476   14     0     -64      0     64  0.11887586E+01  0.00000000E+00 0.1716E-12      6
 1477   14     0     -63      0     63  0.12057005E+01  0.00000000E+00 0.2571E-12      6
 1478   14     0     -62      0     62  0.12262564E+01  0.00000000E+00 0.5107E-12      5
 1479   14     0     -61      0     61  0.12468199E+01  0.00000000E+00 0.1940E-14      6
 1480   14     0     -60      0     60  0.12633881E+01  0.00000000E+00 0.3448E-12      5
 1481   14     0     -59      0     59  0.12810146E+01  0.00000000E+00 0.3347E-12      6
 1482   14     0     -58      0     58  0.13037719E+01  0.00000000E+00 0.4871E-13      5
 1483   14     0     -57      0     57  0.13275720E+01  0.00000000E+00 0.4374E-13      6
 1484   14     0     -56      0     56  0.13474774E+01  0.00000000E+00 0.2159E-12      5
 1485   14     0     -55      0     55  0.13660107E+01  0.00000000E+00 0.7613E-13      6
 1486   14     0     -54      0     54  0.13910945E+01  0.00000000E+00 0.3660E-12      6
 1487   14     0     -53      0     53  0.14184783E+01  0.00000000E+00 0.1270E-12      6
 1488   14     0     -52      0     52  0.14427586E+01  0.00000000E+00 0.1651E-12      6
 1489   14     0     -51      0     51  0.14628722E+01  0.00000000E+00 0.1387E-12      6
 1490   14     0     -50      0     50  0.14902388E+01  0.00000000E+00 0.2055E-12      6
 1491   14     0     -49      0     49  0.15218217E+01  0.00000000E+00 0.1704E-13      6
 1492   14     0     -48      0     48  0.15521797E+01  0.00000000E+00 0.2190E-12      6
 1493   14     0     -47      0     47  0.15755635E+01  0.00000000E+00 0.8541E-13      6
 1494   14     0     -46      0     46  0.16042110E+01  0.00000000E+00 0.6837E-13      5
 1495   14     0     -45      0     45  0.16402591E+01  0.00000000E+00 0.9239E-14      5
 1496   14     0     -44      0     44  0.16773679E+01  0.00000000E+00 0.1149E-12      6
  Time elapsed :      2.012 s

Starting search (non-adiabatic)

Finding roots
  Time elapsed :     88.214 s

Processing modes
   id    l     m    n_pg    n_p    n_g       Re(omega)       Im(omega)        chi n_iter
 1408   14     0    -132      0    132  0.59181955E+00 -0.85516660E-03 0.3638E-12      6
 1409   14     0    -131      0    131  0.59665784E+00 -0.83856835E-03 0.2994E-12      6
 1410   14     0    -130      0    130  0.60116018E+00 -0.73094103E-03 0.3209E-12      6
 1411   14     0    -129      0    129  0.60529129E+00 -0.74582361E-03 0.8349E-12      7
 1412   14     0    -128      0    128  0.60999099E+00 -0.85917046E-03 0.9893E-12      6
 1413   14     0    -127      0    127  0.61513438E+00 -0.87432052E-03 0.1497E-11      6
 1414   14     0    -126      0    126  0.62006830E+00 -0.77918590E-03 0.8812E-12      7
 1415   14     0    -125      0    125  0.62445887E+00 -0.74279723E-03 0.1233E-11      6
 1416   14     0    -124      0    124  0.62927480E+00 -0.87329520E-03 0.9391E-12      7
 1417   14     0    -123      0    123  0.63472483E+00 -0.92427583E-03 0.8280E-12      7
 1418   14     0    -122      0    122  0.64014787E+00 -0.85574587E-03 0.6120E-12      7
 1419   14     0    -121      0    121  0.64493616E+00 -0.75988520E-03 0.6603E-12      6
 1420   14     0    -120      0    120  0.64982583E+00 -0.88451988E-03 0.2779E-12      8
 1421   14     0    -119      0    119  0.65553712E+00 -0.97910013E-03 0.5707E-12      6
 1422   14     0    -118      0    118  0.66145056E+00 -0.94636868E-03 0.9390E-12      6
 1423   14     0    -117      0    117  0.66678994E+00 -0.81491974E-03 0.2487E-12      8
 1424   14     0    -116      0    116  0.67181736E+00 -0.89355953E-03 0.8591E-12      8
 1425   14     0    -115      0    115  0.67774087E+00 -0.10364959E-02 0.3826E-12      8
 1426   14     0    -114      0    114  0.68412844E+00 -0.10464415E-02 0.8995E-12      8
 1427   14     0    -114      0    114  0.69011063E+00 -0.91423097E-03 0.1158E-11      6
 1428   14     0    -113      0    113  0.69540119E+00 -0.91251177E-03 0.1824E-11      7
 1429   14     0    -112      0    112  0.70146043E+00 -0.11039446E-02 0.5442E-12      9
 1430   14     0    -110      0    110  0.70828552E+00 -0.11679632E-02 0.1266E-11      6
 1431   14     0    -110      0    110  0.71497335E+00 -0.10721620E-02 0.5661E-12      8
 1432   14     0    -109      0    109  0.72076943E+00 -0.96463246E-03 0.7873E-12      6
 1433   14     0    -108      0    108  0.72686761E+00 -0.11689091E-02 0.2119E-12      7
 1434   14     0    -107      0    107  0.73404153E+00 -0.12977315E-02 0.8025E-12      7
 1435   14     0    -106      0    106  0.74142530E+00 -0.12536708E-02 0.1131E-11      7
 1436   14     0    -105      0    105  0.74801829E+00 -0.10597800E-02 0.7175E-12      8
 1437   14     0    -104      0    104  0.75417145E+00 -0.11694592E-02 0.1656E-11      7
 1438   14     0    -103      0    103  0.76155660E+00 -0.13558592E-02 0.1201E-11      7
 1439   14     0    -102      0    102  0.76959374E+00 -0.13504371E-02 0.1008E-11      8
 1440   14     0    -101      0    101  0.77720824E+00 -0.11487731E-02 0.1136E-11      9
 1441   14     0    -100      0    100  0.78377040E+00 -0.10572740E-02 0.4902E-12      9
 1442   14     0     -99      0     99  0.79119680E+00 -0.12538958E-02 0.5348E-12      7
 1443   14     0     -98      0     98  0.79980185E+00 -0.12786768E-02 0.5516E-12      8
 1444   14     0     -97      0     97  0.80844590E+00 -0.11249499E-02 0.8500E-12      6
 1445   14     0     -96      0     96  0.81595838E+00 -0.89922400E-03 0.6878E-12      7
 1446   14     0     -95      0     95  0.82340814E+00 -0.10014399E-02 0.1387E-12      8
 1447   14     0     -94      0     94  0.83243852E+00 -0.10553955E-02 0.7060E-12      7
 1448   14     0     -93      0     93  0.84204794E+00 -0.95146112E-03 0.4137E-12      6
 1449   14     0     -92      0     92  0.85089731E+00 -0.73185032E-03 0.1156E-11      6
 1450   14     0     -91      0     91  0.85868603E+00 -0.68326572E-03 0.1908E-12      6
 1451   14     0     -90      0     90  0.86793343E+00 -0.75285538E-03 0.7599E-12      6
 1452   14     0     -89      0     89  0.87843872E+00 -0.69739007E-03 0.2642E-11      6
 1453   14     0     -88      0     88  0.88876548E+00 -0.55609717E-03 0.6887E-12      7
 1454   14     0     -87      0     87  0.89756194E+00 -0.43157135E-03 0.2387E-11      7
 1455   14     0     -86      0     86  0.90686563E+00 -0.48091710E-03 0.1198E-11      6
 1456   14     0     -85      0     85  0.91814310E+00 -0.47046685E-03 0.4591E-12      6
 1457   14     0     -84      0     84  0.92990913E+00 -0.39627115E-03 0.1941E-11      7
 1458   14     0     -83      0     83  0.94036618E+00 -0.28568287E-03 0.3007E-11      7
 1459   14     0     -82      0     82  0.94986807E+00 -0.28573485E-03 0.3722E-11      5
 1460   14     0     -81      0     81  0.96166938E+00 -0.30239060E-03 0.5792E-12      5
 1461   14     0     -80      0     80  0.97476934E+00 -0.26683658E-03 0.6396E-11      5
 1462   14     0     -79      0     79  0.98719449E+00 -0.19876495E-03 0.3455E-11      6
 1463   14     0     -78      0     78  0.99756869E+00 -0.16400161E-03 0.8061E-12      5
 1464   14     0     -77      0     77  0.10096251E+01 -0.18636587E-03 0.6079E-12      5
 1465   14     0     -76      0     76  0.10239624E+01 -0.17334922E-03 0.6775E-11      6
 1466   14     0     -75      0     75  0.10384123E+01 -0.13809858E-03 0.1818E-10      5
 1467   14     0     -74      0     74  0.10506157E+01 -0.98799226E-04 0.1352E-10      6
 1468   14     0     -73      0     73  0.10628517E+01 -0.11039185E-03 0.4573E-11      5
 1469   14     0     -72      0     72  0.10782957E+01 -0.11044429E-03 0.1033E-10      6
 1470   14     0     -71      0     71  0.10947886E+01 -0.93688309E-04 0.1904E-10      6
 1471   14     0     -70      0     70  0.11095581E+01 -0.65546598E-04 0.2237E-10      5
 1472   14     0     -69      0     69  0.11223040E+01 -0.64072310E-04 0.2287E-10      6
 1473   14     0     -68      0     68  0.11385890E+01 -0.71171278E-04 0.1467E-10      6
 1474   14     0     -67      0     67  0.11570828E+01 -0.63960085E-04 0.1491E-10      5
 1475   14     0     -66      0     66  0.11746550E+01 -0.47201986E-04 0.1858E-10      8
 1476   14     0     -65      0     65  0.11887649E+01 -0.38390043E-04 0.4520E-10      6
 1477   14     0     -64      0     64  0.12057084E+01 -0.46070582E-04 0.1657E-10      5
 1478   14     0     -63      0     63  0.12262641E+01 -0.42928154E-04 0.2779E-10      6
 1479   14     0     -62      0     62  0.12468261E+01 -0.33262206E-04 0.4770E-10      5
 1480   14     0     -61      0     61  0.12633925E+01 -0.23177718E-04 0.5294E-10      6
 1481   14     0     -60      0     60  0.12810200E+01 -0.28039735E-04 0.2290E-10      6
 1482   14     0     -59      0     59  0.13037773E+01 -0.27194635E-04 0.3422E-10      5
 1483   14     0     -58      0     58  0.13275765E+01 -0.21914002E-04 0.5231E-10      4
 1484   14     0     -57      0     57  0.13474803E+01 -0.14152903E-04 0.8870E-10      5
 1485   14     0     -56      0     56  0.13660142E+01 -0.16199813E-04 0.1270E-09      6
 1486   14     0     -55      0     55  0.13910982E+01 -0.16663985E-04 0.2684E-11      4
 1487   14     0     -54      0     54  0.14184815E+01 -0.13885560E-04 0.9174E-11      5
 1488   14     0     -53      0     53  0.14427608E+01 -0.89901490E-05 0.1438E-09      4
 1489   14     0     -52      0     52  0.14628745E+01 -0.88085043E-05 0.4331E-09      5
 1490   14     0     -51      0     51  0.14902416E+01 -0.96191261E-05 0.4690E-09      4
 1491   14     0     -50      0     50  0.15218243E+01 -0.81128270E-05 0.1107E-09      5
 1492   14     0     -49      0     49  0.15521818E+01 -0.55734075E-05 0.6193E-10      5
 1493   14     0     -48      0     48  0.15755651E+01 -0.40906159E-05 0.2386E-09      6
 1494   14     0     -47      0     47  0.16042133E+01 -0.49335901E-05 0.2424E-09      4
 1495   14     0     -46      0     46  0.16402614E+01 -0.43861903E-05 0.2360E-09      4
 1496   14     0     -45      0     45  0.16773698E+01 -0.33200640E-05 0.7063E-09      4
  Time elapsed :      5.372 s

Mode Search
-----------

Mode parameters
   l : 15
   m : 0

Building frequency grid (REAL axis)
   added scan interval :  0.5233E+00 ->  0.2103E+01 (3000 points, INVERSE)

Building spatial grid
   Scaffold grid from model
   Split 149 subinterval(s) in iteration 1
   Split 23 subinterval(s) in iteration 2
   Split 0 subinterval(s) in iteration 3
   Final grid has 1 segment(s) and 7319 point(s):
      Segment 1 : x range 0.0000 -> 1.0011 (1 -> 7319)

Starting search (adiabatic)

Scanning frequencies
  Time elapsed :    34.537 s

Finding roots
  Time elapsed :      6.975 s

Processing modes
   id    l     m    n_pg    n_p    n_g       Re(omega)       Im(omega)        chi n_iter
 1525   15     0    -142      0    142  0.58864045E+00  0.00000000E+00 0.7653E-13      5
 1526   15     0    -141      0    141  0.59269048E+00  0.00000000E+00 0.2951E-12      6
 1527   15     0    -140      0    140  0.59715737E+00  0.00000000E+00 0.9626E-12      5
 1528   15     0    -139      0    139  0.60154458E+00  0.00000000E+00 0.3241E-12      5
 1529   15     0    -138      0    138  0.60550704E+00  0.00000000E+00 0.1761E-12      5
 1530   15     0    -137      0    137  0.60965132E+00  0.00000000E+00 0.1973E-12      6
 1531   15     0    -136      0    136  0.61434283E+00  0.00000000E+00 0.3749E-12      5
 1532   15     0    -135      0    135  0.61911212E+00  0.00000000E+00 0.8778E-13      6
 1533   15     0    -134      0    134  0.62342901E+00  0.00000000E+00 0.2764E-12      5
 1534   15     0    -133      0    133  0.62765096E+00  0.00000000E+00 0.6090E-12      6
 1535   15     0    -132      0    132  0.63251473E+00  0.00000000E+00 0.4905E-12      5
 1536   15     0    -131      0    131  0.63764628E+00  0.00000000E+00 0.7587E-13      6
 1537   15     0    -130      0    130  0.64241713E+00  0.00000000E+00 0.7827E-12      5
 1538   15     0    -129      0    129  0.64683048E+00  0.00000000E+00 0.2192E-12      6
 1539   15     0    -128      0    128  0.65183358E+00  0.00000000E+00 0.3386E-12      5
 1540   15     0    -127      0    127  0.65729462E+00  0.00000000E+00 0.9146E-13      5
 1541   15     0    -126      0    126  0.66253247E+00  0.00000000E+00 0.1674E-12      6
 1542   15     0    -125      0    125  0.66722347E+00  0.00000000E+00 0.1296E-12      5
 1543   15     0    -124      0    124  0.67234979E+00  0.00000000E+00 0.3230E-12      5
 1544   15     0    -123      0    123  0.67813742E+00  0.00000000E+00 0.8255E-12      5
 1545   15     0    -122      0    122  0.68390129E+00  0.00000000E+00 0.4205E-12      6
 1546   15     0    -121      0    121  0.68901772E+00  0.00000000E+00 0.5321E-12      5
 1547   15     0    -120      0    120  0.69422563E+00  0.00000000E+00 0.9928E-13      6
 1548   15     0    -119      0    119  0.70028567E+00  0.00000000E+00 0.3277E-12      5
 1549   15     0    -118      0    118  0.70657425E+00  0.00000000E+00 0.2658E-13      6
 1550   15     0    -117      0    117  0.71228227E+00  0.00000000E+00 0.3918E-12      5
 1551   15     0    -116      0    116  0.71764814E+00  0.00000000E+00 0.2361E-12      5
 1552   15     0    -115      0    115  0.72392186E+00  0.00000000E+00 0.1874E-13      5
 1553   15     0    -114      0    114  0.73071088E+00  0.00000000E+00 0.2441E-12      5
 1554   15     0    -113      0    113  0.73710531E+00  0.00000000E+00 0.1656E-12      6
 1555   15     0    -112      0    112  0.74277628E+00  0.00000000E+00 0.8964E-13      6
 1556   15     0    -111      0    111  0.74918597E+00  0.00000000E+00 0.1495E-14      6
 1557   15     0    -110      0    110  0.75643160E+00  0.00000000E+00 0.6759E-12      5
 1558   15     0    -109      0    109  0.76357343E+00  0.00000000E+00 0.2057E-12      6
 1559   15     0    -108      0    108  0.76981210E+00  0.00000000E+00 0.1698E-12      5
 1560   15     0    -107      0    107  0.77627997E+00  0.00000000E+00 0.6011E-13      5
 1561   15     0    -106      0    106  0.78388538E+00  0.00000000E+00 0.1270E-12      5
 1562   15     0    -105      0    105  0.79176323E+00  0.00000000E+00 0.8543E-13      6
 1563   15     0    -104      0    104  0.79886038E+00  0.00000000E+00 0.3760E-13      5
 1564   15     0    -103      0    103  0.80543771E+00  0.00000000E+00 0.1223E-12      6
 1565   15     0    -102      0    102  0.81324980E+00  0.00000000E+00 0.4059E-13      6
 1566   15     0    -101      0    101  0.82180670E+00  0.00000000E+00 0.4309E-13      5
 1567   15     0    -100      0    100  0.82996992E+00  0.00000000E+00 0.1581E-12      5
 1568   15     0     -99      0     99  0.83703096E+00  0.00000000E+00 0.4767E-13      6
 1569   15     0     -98      0     98  0.84486785E+00  0.00000000E+00 0.3494E-13      6
 1570   15     0     -97      0     97  0.85398451E+00  0.00000000E+00 0.2639E-12      5
 1571   15     0     -96      0     96  0.86320393E+00  0.00000000E+00 0.2808E-12      5
 1572   15     0     -95      0     95  0.87128750E+00  0.00000000E+00 0.3585E-12      5
 1573   15     0     -94      0     94  0.87915188E+00  0.00000000E+00 0.1319E-12      6
 1574   15     0     -93      0     93  0.88865381E+00  0.00000000E+00 0.6353E-13      6
 1575   15     0     -92      0     92  0.89885360E+00  0.00000000E+00 0.2357E-12      5
 1576   15     0     -91      0     91  0.90836074E+00  0.00000000E+00 0.2981E-13      6
 1577   15     0     -90      0     90  0.91665080E+00  0.00000000E+00 0.1589E-12      6
 1578   15     0     -89      0     89  0.92630801E+00  0.00000000E+00 0.1389E-12      5
 1579   15     0     -88      0     88  0.93740716E+00  0.00000000E+00 0.1258E-12      5
 1580   15     0     -87      0     87  0.94846180E+00  0.00000000E+00 0.3704E-13      6
 1581   15     0     -86      0     86  0.95795594E+00  0.00000000E+00 0.2974E-12      5
 1582   15     0     -85      0     85  0.96765088E+00  0.00000000E+00 0.1172E-12      6
 1583   15     0     -84      0     84  0.97949634E+00  0.00000000E+00 0.6373E-13      6
 1584   15     0     -83      0     83  0.99203098E+00  0.00000000E+00 0.9019E-13      6
 1585   15     0     -82      0     82  0.10033761E+01  0.00000000E+00 0.4347E-12      5
 1586   15     0     -81      0     81  0.10133904E+01  0.00000000E+00 0.1558E-12      6
 1587   15     0     -80      0     80  0.10256812E+01  0.00000000E+00 0.1506E-12      6
 1588   15     0     -79      0     79  0.10395636E+01  0.00000000E+00 0.3952E-12      6
 1589   15     0     -78      0     78  0.10529736E+01  0.00000000E+00 0.1765E-12      6
 1590   15     0     -77      0     77  0.10641334E+01  0.00000000E+00 0.1381E-12      5
 1591   15     0     -76      0     76  0.10766037E+01  0.00000000E+00 0.1906E-12      6
 1592   15     0     -75      0     75  0.10917035E+01  0.00000000E+00 0.6681E-12      5
 1593   15     0     -74      0     74  0.11071722E+01  0.00000000E+00 0.1231E-12      6
 1594   15     0     -73      0     73  0.11204516E+01  0.00000000E+00 0.1908E-12      6
 1595   15     0     -72      0     72  0.11331493E+01  0.00000000E+00 0.5140E-13      6
 1596   15     0     -71      0     71  0.11492846E+01  0.00000000E+00 0.3646E-14      6
 1597   15     0     -70      0     70  0.11668081E+01  0.00000000E+00 0.1105E-12      6
 1598   15     0     -69      0     69  0.11828345E+01  0.00000000E+00 0.8462E-13      5
 1599   15     0     -68      0     68  0.11962776E+01  0.00000000E+00 0.1018E-12      6
 1600   15     0     -67      0     67  0.12131308E+01  0.00000000E+00 0.3758E-13      6
 1601   15     0     -66      0     66  0.12326544E+01  0.00000000E+00 0.1995E-12      6
 1602   15     0     -65      0     65  0.12515610E+01  0.00000000E+00 0.7633E-13      5
 1603   15     0     -64      0     64  0.12667075E+01  0.00000000E+00 0.2049E-13      5
 1604   15     0     -63      0     63  0.12841274E+01  0.00000000E+00 0.2338E-14      6
 1605   15     0     -62      0     62  0.13057163E+01  0.00000000E+00 0.9621E-13      5
 1606   15     0     -61      0     61  0.13276781E+01  0.00000000E+00 0.1340E-12      6
 1607   15     0     -60      0     60  0.13456553E+01  0.00000000E+00 0.1421E-12      5
 1608   15     0     -59      0     59  0.13637619E+01  0.00000000E+00 0.2124E-12      6
 1609   15     0     -58      0     58  0.13875178E+01  0.00000000E+00 0.5868E-13      6
 1610   15     0     -57      0     57  0.14127831E+01  0.00000000E+00 0.1688E-12      6
 1611   15     0     -56      0     56  0.14344680E+01  0.00000000E+00 0.2489E-13      6
 1612   15     0     -55      0     55  0.14535981E+01  0.00000000E+00 0.3005E-13      6
 1613   15     0     -54      0     54  0.14795449E+01  0.00000000E+00 0.1523E-12      6
 1614   15     0     -53      0     53  0.15084605E+01  0.00000000E+00 0.3382E-12      6
 1615   15     0     -52      0     52  0.15349802E+01  0.00000000E+00 0.7732E-13      6
 1616   15     0     -51      0     51  0.15561041E+01  0.00000000E+00 0.1077E-12      6
 1617   15     0     -50      0     50  0.15838916E+01  0.00000000E+00 0.1279E-13      6
 1618   15     0     -49      0     49  0.16169808E+01  0.00000000E+00 0.2811E-12      5
 1619   15     0     -48      0     48  0.16498379E+01  0.00000000E+00 0.1720E-12      5
 1620   15     0     -47      0     47  0.16755991E+01  0.00000000E+00 0.1884E-12      6
  Time elapsed :      1.912 s

Starting search (non-adiabatic)

Finding roots
  Time elapsed :    138.616 s

Processing modes
   id    l     m    n_pg    n_p    n_g       Re(omega)       Im(omega)        chi n_iter
 1525   15     0    -142      0    142  0.58819959E+00 -0.76046942E-03 0.8405E-12      7
 1526   15     0    -141      0    141  0.59220405E+00 -0.86379741E-03 0.5378E-12      8
 1527   15     0    -140      0    140  0.59668220E+00 -0.89790270E-03 0.7854E-12      6
 1528   15     0    -139      0    139  0.60113426E+00 -0.82439705E-03 0.6002E-12      7
 1529   15     0    -138      0    138  0.60513383E+00 -0.74149098E-03 0.3420E-12      6
 1530   15     0    -137      0    137  0.60923500E+00 -0.83332429E-03 0.4881E-12      7
 1531   15     0    -136      0    136  0.61392410E+00 -0.89618975E-03 0.4404E-12      8
 1532   15     0    -135      0    135  0.61874223E+00 -0.85009155E-03 0.4658E-12      7
 1533   15     0    -134      0    134  0.62311621E+00 -0.73631470E-03 0.5369E-12      8
 1534   15     0    -133      0    133  0.62730612E+00 -0.79450645E-03 0.8910E-12      6
 1535   15     0    -132      0    132  0.63215563E+00 -0.89019855E-03 0.1249E-11      6
 1536   15     0    -131      0    131  0.63732014E+00 -0.87648742E-03 0.5699E-12      6
 1537   15     0    -130      0    130  0.64214940E+00 -0.76476117E-03 0.7389E-12      7
 1538   15     0    -129      0    129  0.64655101E+00 -0.76997836E-03 0.5592E-12      7
 1539   15     0    -128      0    128  0.65153191E+00 -0.88930814E-03 0.7565E-12      6
 1540   15     0    -127      0    127  0.65701283E+00 -0.90917849E-03 0.2633E-12      6
 1541   15     0    -126      0    126  0.66230161E+00 -0.81380571E-03 0.7730E-12      7
 1542   15     0    -125      0    125  0.66699813E+00 -0.76562627E-03 0.1097E-11      7
 1543   15     0    -124      0    124  0.67209690E+00 -0.89870860E-03 0.6676E-12      6
 1544   15     0    -123      0    123  0.67789390E+00 -0.95603344E-03 0.5610E-12      7
 1545   15     0    -122      0    122  0.68369790E+00 -0.89040759E-03 0.5486E-12      6
 1546   15     0    -121      0    121  0.68883786E+00 -0.78418508E-03 0.9669E-12      7
 1547   15     0    -120      0    120  0.69401548E+00 -0.90462738E-03 0.9252E-12      7
 1548   15     0    -119      0    119  0.70007625E+00 -0.10074048E-02 0.6713E-12      7
 1549   15     0    -118      0    118  0.70639391E+00 -0.98000129E-03 0.1407E-11      8
 1550   15     0    -117      0    117  0.71213674E+00 -0.84372182E-03 0.1317E-11      6
 1551   15     0    -116      0    116  0.71747651E+00 -0.90909058E-03 0.4066E-12      8
 1552   15     0    -115      0    115  0.72374363E+00 -0.10611802E-02 0.1190E-11      8
 1553   15     0    -115      0    115  0.73055286E+00 -0.10790276E-02 0.1701E-11      7
 1554   15     0    -114      0    114  0.73698444E+00 -0.94947557E-03 0.1341E-11      6
 1555   15     0    -113      0    113  0.74263817E+00 -0.92797549E-03 0.1219E-11      8
 1556   15     0    -112      0    112  0.74903013E+00 -0.11257188E-02 0.6217E-12      7
 1557   15     0    -111      0    111  0.75628605E+00 -0.12009261E-02 0.7459E-12      7
 1558   15     0    -110      0    110  0.76345752E+00 -0.11141162E-02 0.1181E-11      6
 1559   15     0    -109      0    109  0.76969380E+00 -0.98937466E-03 0.2646E-12      7
 1560   15     0    -108      0    108  0.77612272E+00 -0.11886806E-02 0.5763E-12      8
 1561   15     0    -107      0    107  0.78372195E+00 -0.13332344E-02 0.6946E-12      6
 1562   15     0    -106      0    106  0.79161223E+00 -0.13018861E-02 0.4077E-12      7
 1563   15     0    -105      0    105  0.79872742E+00 -0.11036586E-02 0.1411E-11      8
 1564   15     0    -104      0    104  0.80524801E+00 -0.11887990E-02 0.1787E-11      7
 1565   15     0    -103      0    103  0.81302988E+00 -0.13941731E-02 0.5823E-12      7
 1566   15     0    -102      0    102  0.82158359E+00 -0.14042757E-02 0.1416E-12      7
 1567   15     0    -101      0    101  0.82977863E+00 -0.12116633E-02 0.1382E-11      9
 1568   15     0    -100      0    100  0.83681781E+00 -0.10862480E-02 0.1579E-11      7
 1569   15     0     -99      0     99  0.84460268E+00 -0.12902267E-02 0.2658E-12      8
 1570   15     0     -98      0     98  0.85371352E+00 -0.13328967E-02 0.1876E-11      7
 1571   15     0     -97      0     97  0.86296558E+00 -0.11892984E-02 0.1016E-11      8
 1572   15     0     -96      0     96  0.87108761E+00 -0.94303089E-03 0.1475E-11      7
 1573   15     0     -95      0     95  0.87891383E+00 -0.10252039E-02 0.1571E-11      7
 1574   15     0     -94      0     94  0.88841275E+00 -0.10956259E-02 0.6364E-12      7
 1575   15     0     -93      0     93  0.89864511E+00 -0.99796046E-03 0.2200E-11      6
 1576   15     0     -92      0     92  0.90820823E+00 -0.77512320E-03 0.5266E-12      6
 1577   15     0     -91      0     91  0.91650722E+00 -0.69333515E-03 0.1252E-11      7
 1578   15     0     -90      0     90  0.92616269E+00 -0.77033355E-03 0.3697E-12      8
 1579   15     0     -89      0     89  0.93728735E+00 -0.72134616E-03 0.2637E-11      7
 1580   15     0     -88      0     88  0.94837830E+00 -0.58351749E-03 0.6755E-12      6
 1581   15     0     -87      0     87  0.95789739E+00 -0.44091425E-03 0.1070E-11      5
 1582   15     0     -86      0     86  0.96759348E+00 -0.48259120E-03 0.7519E-12      5
 1583   15     0     -85      0     85  0.97945181E+00 -0.47964578E-03 0.3700E-11      5
 1584   15     0     -84      0     84  0.99200305E+00 -0.40891774E-03 0.2762E-11      8
 1585   15     0     -83      0     83  0.10033619E+01 -0.29596073E-03 0.1175E-11      6
 1586   15     0     -82      0     82  0.10133797E+01 -0.28106958E-03 0.3812E-12      5
 1587   15     0     -81      0     81  0.10256766E+01 -0.30307454E-03 0.2067E-11      6
 1588   15     0     -80      0     80  0.10395656E+01 -0.27063617E-03 0.4929E-11      5
 1589   15     0     -79      0     79  0.10529793E+01 -0.20531052E-03 0.3003E-11      8
 1590   15     0     -78      0     78  0.10641398E+01 -0.16084145E-03 0.6447E-11      6
 1591   15     0     -77      0     77  0.10766140E+01 -0.18333699E-03 0.1625E-11      6
 1592   15     0     -76      0     76  0.10917165E+01 -0.17325104E-03 0.8905E-11      5
 1593   15     0     -75      0     75  0.11071852E+01 -0.14032678E-03 0.6135E-11      6
 1594   15     0     -74      0     74  0.11204620E+01 -0.98621987E-04 0.9706E-12      5
 1595   15     0     -73      0     73  0.11331618E+01 -0.10645114E-03 0.6309E-11      5
 1596   15     0     -72      0     72  0.11492991E+01 -0.10903287E-03 0.8154E-11      5
 1597   15     0     -71      0     71  0.11668218E+01 -0.93873306E-04 0.4316E-11      6
 1598   15     0     -70      0     70  0.11828451E+01 -0.66705548E-04 0.5953E-11      5
 1599   15     0     -69      0     69  0.11962878E+01 -0.61262484E-04 0.1370E-10      5
 1600   15     0     -68      0     68  0.12131432E+01 -0.69796707E-04 0.3532E-10      6
 1601   15     0     -67      0     67  0.12326664E+01 -0.63653920E-04 0.2252E-10      6
 1602   15     0     -66      0     66  0.12515705E+01 -0.48081067E-04 0.3123E-10      7
 1603   15     0     -65      0     65  0.12667150E+01 -0.36866570E-04 0.1366E-10      6
 1604   15     0     -64      0     64  0.12841367E+01 -0.44637251E-04 0.2783E-10      5
 1605   15     0     -63      0     63  0.13057254E+01 -0.42269457E-04 0.1579E-10      5
 1606   15     0     -62      0     62  0.13276855E+01 -0.33420485E-04 0.2009E-10      5
 1607   15     0     -61      0     61  0.13456604E+01 -0.22587832E-04 0.8179E-10      8
 1608   15     0     -60      0     60  0.13637680E+01 -0.26778862E-04 0.4353E-10      5
 1609   15     0     -59      0     59  0.13875241E+01 -0.26613603E-04 0.4143E-10      5
 1610   15     0     -58      0     58  0.14127884E+01 -0.21885257E-04 0.4473E-10      5
 1611   15     0     -57      0     57  0.14344714E+01 -0.14200862E-04 0.4962E-10      5
 1612   15     0     -56      0     56  0.14536019E+01 -0.15358923E-04 0.9326E-10      5
 1613   15     0     -55      0     55  0.14795492E+01 -0.16377826E-04 0.8599E-10      5
 1614   15     0     -54      0     54  0.15084643E+01 -0.13953396E-04 0.1807E-09      6
 1615   15     0     -53      0     53  0.15349829E+01 -0.93770807E-05 0.3150E-09      4
 1616   15     0     -52      0     52  0.15561065E+01 -0.82409925E-05 0.2568E-10      5
 1617   15     0     -51      0     51  0.15838946E+01 -0.94315688E-05 0.4639E-09      4
 1618   15     0     -50      0     50  0.16169837E+01 -0.81719067E-05 0.4003E-09      4
 1619   15     0     -49      0     49  0.16498402E+01 -0.59506941E-05 0.1830E-09      4
 1620   15     0     -48      0     48  0.16756008E+01 -0.39451226E-05 0.2689E-09      4
  Time elapsed :      5.590 s

=== adiabatic (summary_ad_wide.h5, windows from gyre_ad_wide.in) ===
1006 modes total, 16 l values requested

  l  count     n_pg range       freq range (c/d)   gaps
--------------------------------------------------------
  0     20      1 ..   20     10.715 ..   79.426      0
  1     40    -20 ..   20      1.105 ..   81.185      0
  2     43    -22 ..   20      1.733 ..   83.011      0
  3     52    -31 ..   20      1.769 ..   84.605      0
  4     62    -41 ..   20      1.751 ..   85.991      0
  5     71    -50 ..   20      1.765 ..   87.275      0
  6     80    -59 ..   20      1.773 ..   88.493      0
  7     46    -68 ..  -23      1.778 ..    4.944      0
  8     52    -77 ..  -26      1.782 ..    4.940      0
  9     59    -87 ..  -29      1.770 ..    4.951      0
 10     65    -96 ..  -32      1.776 ..    5.005      0
 11     71   -105 ..  -35      1.781 ..    5.026      0
 12     77   -114 ..  -38      1.784 ..    5.006      0
 13     83   -123 ..  -41      1.786 ..    5.034      0
 14     89   -132 ..  -44      1.788 ..    5.064      0
 15     96   -142 ..  -47      1.777 ..    5.059      0

1006 detail files, 7319 grid points in detail.l15.n-62.h5
dlnrho/dlnr from (As, V_2, Gamma_1) vs numerical
  median rel err 3.38e-07, 95th pct 1.00e-03

=== nonadiabatic (summary_nad_wide.h5) ===

82 driven modes (gamma < 0) of 998
  driven n_pg range -9 .. 8,  freq 9.37 .. 35.99 c/d
  mostly p-modes, as expected for the kappa mechanism
  damping rates (dimensionless): 6.000e-10 .. 1.739e-01
  gamma covers 998 of 1006 adiabatic modes (5 duplicate n_pg labels in the nad summary, harmless)
    no gamma: l =  5  n_pg =    20  87.2749 c/d
    no gamma: l =  5  n_pg =   -50  1.7647 c/d
    no gamma: l =  6  n_pg =   -59  1.7725 c/d
    no gamma: l =  7  n_pg =   -68  1.7777 c/d
    no gamma: l =  8  n_pg =   -77  1.7822 c/d
    no gamma: l =  9  n_pg =   -87  1.7699 c/d
    no gamma: l = 10  n_pg =   -96  1.7764 c/d
    no gamma: l = 11  n_pg =  -105  1.7814 c/d
  pass require_gamma=True to build_mode_list to drop these

OK
nas-1-16:/users/home2/txr7972   24T   17T  6.0T  74% /net/nas-1-16/users/home2/txr7972

--- [dsct_M2.0_T7696] GYRE wide net pass 2 (l = 16-25)
gyre [9.1.1]
------------

OpenMP Threads   : 16
Input filename   : gyre_ad_wide_hi.in

Model Init
----------

Reading from MESA file
   File name ../mesa/LOGS/profile255.data.GYRE
   File version 1.01
   Read 7147 points
   No need to add central point

Mode Search
-----------

Mode parameters
   l : 16
   m : 0

Building frequency grid (REAL axis)
   added scan interval :  0.5233E+00 ->  0.2103E+01 (3000 points, INVERSE)

Building spatial grid
   Scaffold grid from model
   Split 235 subinterval(s) in iteration 1
   Split 25 subinterval(s) in iteration 2
   Split 0 subinterval(s) in iteration 3
   Final grid has 1 segment(s) and 7407 point(s):
      Segment 1 : x range 0.0000 -> 1.0011 (1 -> 7407)

Starting search (adiabatic)

Scanning frequencies
  Time elapsed :     1.752 s

Finding roots
  Time elapsed :      0.328 s

Processing modes
   id    l     m    n_pg    n_p    n_g       Re(omega)       Im(omega)        chi n_iter
   20   16     0    -151      0    151  0.58957268E+00  0.00000000E+00 0.2447E-12      6
   21   16     0    -150      0    150  0.59318160E+00  0.00000000E+00 0.3210E-12      5
   22   16     0    -149      0    149  0.59728318E+00  0.00000000E+00 0.1439E-12      6
   23   16     0    -148      0    148  0.60153945E+00  0.00000000E+00 0.2405E-12      5
   24   16     0    -147      0    147  0.60548078E+00  0.00000000E+00 0.2901E-13      6
   25   16     0    -146      0    146  0.60920828E+00  0.00000000E+00 0.6940E-13      5
   26   16     0    -145      0    145  0.61340689E+00  0.00000000E+00 0.1682E-12      5
   27   16     0    -144      0    144  0.61791912E+00  0.00000000E+00 0.4764E-12      6
   28   16     0    -143      0    143  0.62223368E+00  0.00000000E+00 0.2088E-12      6
   29   16     0    -142      0    142  0.62617235E+00  0.00000000E+00 0.2148E-12      5
   30   16     0    -141      0    141  0.63044811E+00  0.00000000E+00 0.5143E-12      5
   31   16     0    -140      0    140  0.63518373E+00  0.00000000E+00 0.1621E-12      5
   32   16     0    -139      0    139  0.63986097E+00  0.00000000E+00 0.8179E-13      6
   33   16     0    -138      0    138  0.64408705E+00  0.00000000E+00 0.4383E-12      6
   34   16     0    -137      0    137  0.64846384E+00  0.00000000E+00 0.1461E-11      5
   35   16     0    -136      0    136  0.65342989E+00  0.00000000E+00 0.1321E-12      5
   36   16     0    -135      0    135  0.65850699E+00  0.00000000E+00 0.5884E-12      6
   37   16     0    -134      0    134  0.66312129E+00  0.00000000E+00 0.8882E-13      6
   38   16     0    -133      0    133  0.66758690E+00  0.00000000E+00 0.9223E-12      5
   39   16     0    -132      0    132  0.67272470E+00  0.00000000E+00 0.1371E-12      5
   40   16     0    -131      0    131  0.67817756E+00  0.00000000E+00 0.4110E-12      6
   41   16     0    -130      0    130  0.68327646E+00  0.00000000E+00 0.5513E-12      6
   42   16     0    -129      0    129  0.68796002E+00  0.00000000E+00 0.6147E-12      5
   43   16     0    -128      0    128  0.69323662E+00  0.00000000E+00 0.2166E-12      5
   44   16     0    -127      0    127  0.69902970E+00  0.00000000E+00 0.2094E-13      6
   45   16     0    -126      0    126  0.70462341E+00  0.00000000E+00 0.1381E-12      6
   46   16     0    -125      0    125  0.70962066E+00  0.00000000E+00 0.1225E-12      5
   47   16     0    -124      0    124  0.71502033E+00  0.00000000E+00 0.8042E-12      5
   48   16     0    -123      0    123  0.72114652E+00  0.00000000E+00 0.2946E-12      6
   49   16     0    -122      0    122  0.72729056E+00  0.00000000E+00 0.2591E-12      6
   50   16     0    -121      0    121  0.73276247E+00  0.00000000E+00 0.1517E-12      5
   51   16     0    -120      0    120  0.73825110E+00  0.00000000E+00 0.1282E-12      6
   52   16     0    -119      0    119  0.74464910E+00  0.00000000E+00 0.7935E-13      6
   53   16     0    -118      0    118  0.75133883E+00  0.00000000E+00 0.4029E-12      6
   54   16     0    -117      0    117  0.75745550E+00  0.00000000E+00 0.9010E-13      5
   55   16     0    -116      0    116  0.76312915E+00  0.00000000E+00 0.2844E-12      6
   56   16     0    -115      0    115  0.76972999E+00  0.00000000E+00 0.1993E-13      5
   57   16     0    -114      0    114  0.77693325E+00  0.00000000E+00 0.3316E-12      6
   58   16     0    -113      0    113  0.78378117E+00  0.00000000E+00 0.8913E-13      6
   59   16     0    -112      0    112  0.78981746E+00  0.00000000E+00 0.1047E-12      5
   60   16     0    -111      0    111  0.79654149E+00  0.00000000E+00 0.5673E-13      5
   61   16     0    -110      0    110  0.80420549E+00  0.00000000E+00 0.7230E-13      6
   62   16     0    -109      0    109  0.81183298E+00  0.00000000E+00 0.4721E-12      6
   63   16     0    -108      0    108  0.81851990E+00  0.00000000E+00 0.5441E-12      5
   64   16     0    -107      0    107  0.82530033E+00  0.00000000E+00 0.2230E-12      6
   65   16     0    -106      0    106  0.83330935E+00  0.00000000E+00 0.2767E-12      5
   66   16     0    -105      0    105  0.84168981E+00  0.00000000E+00 0.1028E-12      6
   67   16     0    -104      0    104  0.84932195E+00  0.00000000E+00 0.2449E-12      6
   68   16     0    -103      0    103  0.85626305E+00  0.00000000E+00 0.2400E-12      6
   69   16     0    -102      0    102  0.86444177E+00  0.00000000E+00 0.8117E-12      5
   70   16     0    -101      0    101  0.87350398E+00  0.00000000E+00 0.5646E-13      6
   71   16     0    -100      0    100  0.88225756E+00  0.00000000E+00 0.1740E-12      6
   72   16     0     -99      0     99  0.88980809E+00  0.00000000E+00 0.2514E-13      5
   73   16     0     -98      0     98  0.89797397E+00  0.00000000E+00 0.2424E-12      6
   74   16     0     -97      0     97  0.90757560E+00  0.00000000E+00 0.1857E-12      6
   75   16     0     -96      0     96  0.91740636E+00  0.00000000E+00 0.3379E-12      5
   76   16     0     -95      0     95  0.92612497E+00  0.00000000E+00 0.4265E-14      6
   77   16     0     -94      0     94  0.93435353E+00  0.00000000E+00 0.1664E-12      6
   78   16     0     -93      0     93  0.94428596E+00  0.00000000E+00 0.2450E-12      5
   79   16     0     -92      0     92  0.95509703E+00  0.00000000E+00 0.1200E-12      6
   80   16     0     -91      0     91  0.96533225E+00  0.00000000E+00 0.2076E-13      5
   81   16     0     -90      0     90  0.97415545E+00  0.00000000E+00 0.5145E-13      6
   82   16     0     -89      0     89  0.98417522E+00  0.00000000E+00 0.1670E-12      6
   83   16     0     -88      0     88  0.99586623E+00  0.00000000E+00 0.7150E-13      6
   84   16     0     -87      0     87  0.10076833E+01  0.00000000E+00 0.3388E-12      5
   85   16     0     -86      0     86  0.10179425E+01  0.00000000E+00 0.3317E-12      5
   86   16     0     -85      0     85  0.10280035E+01  0.00000000E+00 0.1315E-12      5
   87   16     0     -84      0     84  0.10403752E+01  0.00000000E+00 0.7580E-13      5
   88   16     0     -83      0     83  0.10536746E+01  0.00000000E+00 0.6862E-13      6
   89   16     0     -82      0     82  0.10659459E+01  0.00000000E+00 0.1251E-12      6
   90   16     0     -81      0     81  0.10765087E+01  0.00000000E+00 0.3336E-12      6
   91   16     0     -80      0     80  0.10892173E+01  0.00000000E+00 0.4016E-12      6
   92   16     0     -79      0     79  0.11038488E+01  0.00000000E+00 0.1133E-12      6
   93   16     0     -78      0     78  0.11182421E+01  0.00000000E+00 0.7821E-13      5
   94   16     0     -77      0     77  0.11302581E+01  0.00000000E+00 0.2010E-12      5
   95   16     0     -76      0     76  0.11430769E+01  0.00000000E+00 0.2284E-12      6
   96   16     0     -75      0     75  0.11588740E+01  0.00000000E+00 0.1172E-12      5
   97   16     0     -74      0     74  0.11753342E+01  0.00000000E+00 0.8998E-13      6
   98   16     0     -73      0     73  0.11897437E+01  0.00000000E+00 0.9103E-13      6
   99   16     0     -72      0     72  0.12028975E+01  0.00000000E+00 0.2951E-12      6
  100   16     0     -71      0     71  0.12196222E+01  0.00000000E+00 0.2868E-12      6
  101   16     0     -70      0     70  0.12381278E+01  0.00000000E+00 0.1663E-12      6
  102   16     0     -69      0     69  0.12554199E+01  0.00000000E+00 0.9588E-13      6
  103   16     0     -68      0     68  0.12696211E+01  0.00000000E+00 0.1296E-12      6
  104   16     0     -67      0     67  0.12869118E+01  0.00000000E+00 0.1448E-12      5
  105   16     0     -66      0     66  0.13073901E+01  0.00000000E+00 0.4008E-13      6
  106   16     0     -65      0     65  0.13276072E+01  0.00000000E+00 0.1138E-14      6
  107   16     0     -64      0     64  0.13438938E+01  0.00000000E+00 0.4482E-12      5
  108   16     0     -63      0     63  0.13616664E+01  0.00000000E+00 0.6365E-13      5
  109   16     0     -62      0     62  0.13841816E+01  0.00000000E+00 0.9934E-14      5
  110   16     0     -61      0     61  0.14075013E+01  0.00000000E+00 0.3928E-13      5
  111   16     0     -60      0     60  0.14270087E+01  0.00000000E+00 0.9064E-14      6
  112   16     0     -59      0     59  0.14455091E+01  0.00000000E+00 0.1647E-12      5
  113   16     0     -58      0     58  0.14700947E+01  0.00000000E+00 0.2273E-12      5
  114   16     0     -57      0     57  0.14967592E+01  0.00000000E+00 0.2256E-12      6
  115   16     0     -56      0     56  0.15203571E+01  0.00000000E+00 0.4804E-13      6
  116   16     0     -55      0     55  0.15401026E+01  0.00000000E+00 0.2641E-13      6
  117   16     0     -54      0     54  0.15666105E+01  0.00000000E+00 0.4747E-13      6
  118   16     0     -53      0     53  0.15969205E+01  0.00000000E+00 0.1528E-13      5
  119   16     0     -52      0     52  0.16257226E+01  0.00000000E+00 0.1081E-13      6
  120   16     0     -51      0     51  0.16482276E+01  0.00000000E+00 0.4651E-13      6
  121   16     0     -50      0     50  0.16759551E+01  0.00000000E+00 0.7847E-13      6
  Time elapsed :      4.308 s

Mode Search
-----------

Mode parameters
   l : 17
   m : 0

Building frequency grid (REAL axis)
   added scan interval :  0.5233E+00 ->  0.2103E+01 (3000 points, INVERSE)

Building spatial grid
   Scaffold grid from model
   Split 241 subinterval(s) in iteration 1
   Split 26 subinterval(s) in iteration 2
   Split 0 subinterval(s) in iteration 3
   Final grid has 1 segment(s) and 7414 point(s):
      Segment 1 : x range 0.0000 -> 1.0011 (1 -> 7414)

Starting search (adiabatic)

Scanning frequencies
  Time elapsed :     1.705 s

Finding roots
  Time elapsed :      0.341 s

Processing modes
   id    l     m    n_pg    n_p    n_g       Re(omega)       Im(omega)        chi n_iter
  153   17     0    -160      0    160  0.59037841E+00  0.00000000E+00 0.4336E-12      6
  154   17     0    -159      0    159  0.59375133E+00  0.00000000E+00 0.2500E-13      5
  155   17     0    -158      0    158  0.59747809E+00  0.00000000E+00 0.6364E-12      6
  156   17     0    -157      0    157  0.60148154E+00  0.00000000E+00 0.1568E-12      6
  157   17     0    -156      0    156  0.60534444E+00  0.00000000E+00 0.8347E-13      6
  158   17     0    -155      0    155  0.60887572E+00  0.00000000E+00 0.7397E-13      5
  159   17     0    -154      0    154  0.61265222E+00  0.00000000E+00 0.1414E-13      5
  160   17     0    -153      0    153  0.61685431E+00  0.00000000E+00 0.5916E-12      6
  161   17     0    -152      0    152  0.62106826E+00  0.00000000E+00 0.1373E-12      6
  162   17     0    -151      0    151  0.62489132E+00  0.00000000E+00 0.9342E-13      6
  163   17     0    -150      0    150  0.62869146E+00  0.00000000E+00 0.2824E-12      5
  164   17     0    -149      0    149  0.63301340E+00  0.00000000E+00 0.8362E-12      5
  165   17     0    -148      0    148  0.63752496E+00  0.00000000E+00 0.8752E-13      6
  166   17     0    -147      0    147  0.64172281E+00  0.00000000E+00 0.2339E-12      6
  167   17     0    -146      0    146  0.64566015E+00  0.00000000E+00 0.3443E-12      5
  168   17     0    -145      0    145  0.65007641E+00  0.00000000E+00 0.6311E-13      5
  169   17     0    -144      0    144  0.65484986E+00  0.00000000E+00 0.2104E-12      6
  170   17     0    -143      0    143  0.65944095E+00  0.00000000E+00 0.8693E-12      5
  171   17     0    -142      0    142  0.66361687E+00  0.00000000E+00 0.5404E-13      5
  172   17     0    -141      0    141  0.66811029E+00  0.00000000E+00 0.1023E-12      5
  173   17     0    -140      0    140  0.67311042E+00  0.00000000E+00 0.7473E-13      6
  174   17     0    -139      0    139  0.67808058E+00  0.00000000E+00 0.2444E-12      6
  175   17     0    -138      0    138  0.68257506E+00  0.00000000E+00 0.7456E-12      6
  176   17     0    -137      0    137  0.68717593E+00  0.00000000E+00 0.6298E-13      5
  177   17     0    -136      0    136  0.69240861E+00  0.00000000E+00 0.2566E-12      5
  178   17     0    -135      0    135  0.69779358E+00  0.00000000E+00 0.4578E-12      6
  179   17     0    -134      0    134  0.70271147E+00  0.00000000E+00 0.4436E-13      6
  180   17     0    -133      0    133  0.70741552E+00  0.00000000E+00 0.4138E-12      5
  181   17     0    -132      0    132  0.71281673E+00  0.00000000E+00 0.2128E-12      5
  182   17     0    -131      0    131  0.71858916E+00  0.00000000E+00 0.1483E-12      6
  183   17     0    -130      0    130  0.72402383E+00  0.00000000E+00 0.1343E-12      6
  184   17     0    -129      0    129  0.72897775E+00  0.00000000E+00 0.2148E-13      5
  185   17     0    -128      0    128  0.73451341E+00  0.00000000E+00 0.4455E-12      5
  186   17     0    -127      0    127  0.74063245E+00  0.00000000E+00 0.1175E-12      6
  187   17     0    -126      0    126  0.74658754E+00  0.00000000E+00 0.2830E-12      6
  188   17     0    -125      0    125  0.75189772E+00  0.00000000E+00 0.4429E-12      5
  189   17     0    -124      0    124  0.75755616E+00  0.00000000E+00 0.8190E-13      5
  190   17     0    -123      0    123  0.76401069E+00  0.00000000E+00 0.7909E-13      6
  191   17     0    -122      0    122  0.77053765E+00  0.00000000E+00 0.3470E-12      6
  192   17     0    -121      0    121  0.77637762E+00  0.00000000E+00 0.2187E-12      6
  193   17     0    -120      0    120  0.78213508E+00  0.00000000E+00 0.3174E-12      5
  194   17     0    -119      0    119  0.78885360E+00  0.00000000E+00 0.1169E-12      5
  195   17     0    -118      0    118  0.79594155E+00  0.00000000E+00 0.4515E-14      6
  196   17     0    -117      0    117  0.80248083E+00  0.00000000E+00 0.1865E-12      6
  197   17     0    -116      0    116  0.80846254E+00  0.00000000E+00 0.2315E-13      5
  198   17     0    -115      0    115  0.81536735E+00  0.00000000E+00 0.7112E-13      5
  199   17     0    -114      0    114  0.82297584E+00  0.00000000E+00 0.7349E-13      6
  200   17     0    -113      0    113  0.83028748E+00  0.00000000E+00 0.5066E-13      5
  201   17     0    -112      0    112  0.83670266E+00  0.00000000E+00 0.3426E-12      5
  202   17     0    -111      0    111  0.84371445E+00  0.00000000E+00 0.6543E-13      5
  203   17     0    -110      0    110  0.85177879E+00  0.00000000E+00 0.3116E-12      6
  204   17     0    -109      0    109  0.85989383E+00  0.00000000E+00 0.1252E-12      6
  205   17     0    -108      0    108  0.86705339E+00  0.00000000E+00 0.1005E-12      6
  206   17     0    -107      0    107  0.87413028E+00  0.00000000E+00 0.1599E-12      6
  207   17     0    -106      0    106  0.88251335E+00  0.00000000E+00 0.3919E-13      5
  208   17     0    -105      0    105  0.89138815E+00  0.00000000E+00 0.1040E-12      6
  209   17     0    -104      0    104  0.89957587E+00  0.00000000E+00 0.1327E-12      6
  210   17     0    -103      0    103  0.90689067E+00  0.00000000E+00 0.1012E-13      6
  211   17     0    -102      0    102  0.91539570E+00  0.00000000E+00 0.8247E-13      5
  212   17     0    -101      0    101  0.92494279E+00  0.00000000E+00 0.3660E-12      6
  213   17     0    -100      0    100  0.93429292E+00  0.00000000E+00 0.1867E-12      6
  214   17     0     -99      0     99  0.94237011E+00  0.00000000E+00 0.7043E-12      5
  215   17     0     -98      0     98  0.95083041E+00  0.00000000E+00 0.1297E-12      5
  216   17     0     -97      0     97  0.96087865E+00  0.00000000E+00 0.1455E-12      5
  217   17     0     -96      0     96  0.97130974E+00  0.00000000E+00 0.2673E-12      6
  218   17     0     -95      0     95  0.98069800E+00  0.00000000E+00 0.3885E-12      5
  219   17     0     -94      0     94  0.98929583E+00  0.00000000E+00 0.1563E-12      6
  220   17     0     -93      0     93  0.99960144E+00  0.00000000E+00 0.5122E-12      5
  221   17     0     -92      0     92  0.10109971E+01  0.00000000E+00 0.8277E-13      6
  222   17     0     -91      0     91  0.10219711E+01  0.00000000E+00 0.9071E-13      5
  223   17     0     -90      0     90  0.10313811E+01  0.00000000E+00 0.2533E-12      5
  224   17     0     -89      0     89  0.10417064E+01  0.00000000E+00 0.3559E-13      6
  225   17     0     -88      0     88  0.10539398E+01  0.00000000E+00 0.1985E-13      5
  226   17     0     -87      0     87  0.10665038E+01  0.00000000E+00 0.2802E-12      6
  227   17     0     -86      0     86  0.10775855E+01  0.00000000E+00 0.2431E-12      6
  228   17     0     -85      0     85  0.10880065E+01  0.00000000E+00 0.2081E-12      6
  229   17     0     -84      0     84  0.11008251E+01  0.00000000E+00 0.7581E-13      6
  230   17     0     -83      0     83  0.11148526E+01  0.00000000E+00 0.2875E-13      6
  231   17     0     -82      0     82  0.11280701E+01  0.00000000E+00 0.3165E-12      6
  232   17     0     -81      0     81  0.11392524E+01  0.00000000E+00 0.1980E-12      6
  233   17     0     -80      0     80  0.11522832E+01  0.00000000E+00 0.3428E-12      6
  234   17     0     -79      0     79  0.11676012E+01  0.00000000E+00 0.4277E-13      5
  235   17     0     -78      0     78  0.11829587E+01  0.00000000E+00 0.2120E-12      6
  236   17     0     -77      0     77  0.11959289E+01  0.00000000E+00 0.4534E-13      6
  237   17     0     -76      0     76  0.12090413E+01  0.00000000E+00 0.8192E-13      6
  238   17     0     -75      0     75  0.12254387E+01  0.00000000E+00 0.1452E-12      5
  239   17     0     -74      0     74  0.12428464E+01  0.00000000E+00 0.8397E-13      6
  240   17     0     -73      0     73  0.12584431E+01  0.00000000E+00 0.6732E-13      6
  241   17     0     -72      0     72  0.12720918E+01  0.00000000E+00 0.1270E-12      5
  242   17     0     -71      0     71  0.12892717E+01  0.00000000E+00 0.5648E-13      5
  243   17     0     -70      0     70  0.13086887E+01  0.00000000E+00 0.1251E-12      6
  244   17     0     -69      0     69  0.13272413E+01  0.00000000E+00 0.1190E-12      6
  245   17     0     -68      0     68  0.13423181E+01  0.00000000E+00 0.1035E-12      5
  246   17     0     -67      0     67  0.13599029E+01  0.00000000E+00 0.1333E-12      5
  247   17     0     -66      0     66  0.13812339E+01  0.00000000E+00 0.8798E-13      6
  248   17     0     -65      0     65  0.14027203E+01  0.00000000E+00 0.1549E-12      6
  249   17     0     -64      0     64  0.14202925E+01  0.00000000E+00 0.3430E-12      5
  250   17     0     -63      0     63  0.14383119E+01  0.00000000E+00 0.8246E-13      6
  251   17     0     -62      0     62  0.14616079E+01  0.00000000E+00 0.3238E-13      5
  252   17     0     -61      0     61  0.14862210E+01  0.00000000E+00 0.1077E-12      6
  253   17     0     -60      0     60  0.15074010E+01  0.00000000E+00 0.8827E-13      6
  254   17     0     -59      0     59  0.15262809E+01  0.00000000E+00 0.1104E-12      6
  255   17     0     -58      0     58  0.15514651E+01  0.00000000E+00 0.3171E-13      6
  256   17     0     -57      0     57  0.15794215E+01  0.00000000E+00 0.5546E-13      6
  257   17     0     -56      0     56  0.16050296E+01  0.00000000E+00 0.1262E-12      6
  258   17     0     -55      0     55  0.16255811E+01  0.00000000E+00 0.1332E-12      6
  259   17     0     -54      0     54  0.16522659E+01  0.00000000E+00 0.1431E-12      6
  260   17     0     -53      0     53  0.16837737E+01  0.00000000E+00 0.1122E-12      6
  Time elapsed :      4.577 s

Mode Search
-----------

Mode parameters
   l : 18
   m : 0

Building frequency grid (REAL axis)
   added scan interval :  0.5233E+00 ->  0.2103E+01 (3000 points, INVERSE)

Building spatial grid
   Scaffold grid from model
   Split 246 subinterval(s) in iteration 1
   Split 28 subinterval(s) in iteration 2
   Split 0 subinterval(s) in iteration 3
   Final grid has 1 segment(s) and 7421 point(s):
      Segment 1 : x range 0.0000 -> 1.0011 (1 -> 7421)

Starting search (adiabatic)

Scanning frequencies
  Time elapsed :     1.891 s

Finding roots
  Time elapsed :      0.412 s

Processing modes
   id    l     m    n_pg    n_p    n_g       Re(omega)       Im(omega)        chi n_iter
  295   18     0    -169      0    169  0.59103082E+00  0.00000000E+00 0.1743E-12      6
  296   18     0    -168      0    168  0.59430908E+00  0.00000000E+00 0.1068E-13      6
  297   18     0    -167      0    167  0.59769643E+00  0.00000000E+00 0.7064E-13      5
  298   18     0    -166      0    166  0.60140750E+00  0.00000000E+00 0.3773E-12      6
  299   18     0    -165      0    165  0.60515669E+00  0.00000000E+00 0.9354E-14      6
  300   18     0    -164      0    164  0.60863718E+00  0.00000000E+00 0.2727E-13      6
  301   18     0    -163      0    163  0.61209715E+00  0.00000000E+00 0.2487E-12      5
  302   18     0    -162      0    162  0.61594033E+00  0.00000000E+00 0.1828E-12      6
  303   18     0    -161      0    161  0.61994526E+00  0.00000000E+00 0.5192E-12      6
  304   18     0    -160      0    160  0.62371884E+00  0.00000000E+00 0.5658E-12      6
  305   18     0    -159      0    159  0.62727376E+00  0.00000000E+00 0.7011E-12      5
  306   18     0    -158      0    158  0.63118286E+00  0.00000000E+00 0.9216E-13      5
  307   18     0    -157      0    157  0.63540349E+00  0.00000000E+00 0.2245E-13      6
  308   18     0    -156      0    156  0.63949978E+00  0.00000000E+00 0.2651E-12      6
  309   18     0    -155      0    155  0.64323599E+00  0.00000000E+00 0.1359E-12      5
  310   18     0    -154      0    154  0.64719385E+00  0.00000000E+00 0.8836E-13      5
  311   18     0    -153      0    153  0.65161425E+00  0.00000000E+00 0.2395E-12      5
  312   18     0    -152      0    152  0.65607428E+00  0.00000000E+00 0.7092E-13      6
  313   18     0    -151      0    151  0.66013253E+00  0.00000000E+00 0.5618E-13      6
  314   18     0    -150      0    150  0.66412058E+00  0.00000000E+00 0.3103E-12      5
  315   18     0    -149      0    149  0.66865608E+00  0.00000000E+00 0.9737E-12      5
  316   18     0    -148      0    148  0.67342104E+00  0.00000000E+00 0.2586E-12      6
  317   18     0    -147      0    147  0.67787917E+00  0.00000000E+00 0.2722E-12      6
  318   18     0    -146      0    146  0.68202653E+00  0.00000000E+00 0.1498E-13      4
  319   18     0    -145      0    145  0.68665245E+00  0.00000000E+00 0.2500E-13      5
  320   18     0    -144      0    144  0.69168318E+00  0.00000000E+00 0.1125E-12      6
  321   18     0    -143      0    143  0.69655307E+00  0.00000000E+00 0.1502E-12      6
  322   18     0    -142      0    142  0.70096956E+00  0.00000000E+00 0.2783E-13      5
  323   18     0    -141      0    141  0.70567296E+00  0.00000000E+00 0.1580E-12      5
  324   18     0    -140      0    140  0.71093147E+00  0.00000000E+00 0.4595E-12      6
  325   18     0    -139      0    139  0.71619503E+00  0.00000000E+00 0.2441E-12      6
  326   18     0    -138      0    138  0.72096333E+00  0.00000000E+00 0.4724E-13      6
  327   18     0    -137      0    137  0.72578236E+00  0.00000000E+00 0.8940E-12      5
  328   18     0    -136      0    136  0.73127304E+00  0.00000000E+00 0.2035E-12      6
  329   18     0    -135      0    135  0.73696409E+00  0.00000000E+00 0.1329E-12      6
  330   18     0    -134      0    134  0.74219185E+00  0.00000000E+00 0.2284E-13      6
  331   18     0    -133      0    133  0.74713252E+00  0.00000000E+00 0.4066E-12      5
  332   18     0    -132      0    132  0.75278578E+00  0.00000000E+00 0.8081E-13      5
  333   18     0    -131      0    131  0.75887330E+00  0.00000000E+00 0.2065E-12      6
  334   18     0    -130      0    130  0.76464870E+00  0.00000000E+00 0.1444E-12      5
  335   18     0    -129      0    129  0.76987671E+00  0.00000000E+00 0.4236E-12      5
  336   18     0    -128      0    128  0.77565860E+00  0.00000000E+00 0.2166E-12      5
  337   18     0    -127      0    127  0.78209578E+00  0.00000000E+00 0.3202E-12      5
  338   18     0    -126      0    126  0.78841466E+00  0.00000000E+00 0.4204E-12      6
  339   18     0    -125      0    125  0.79404647E+00  0.00000000E+00 0.6394E-12      5
  340   18     0    -124      0    124  0.79995187E+00  0.00000000E+00 0.4578E-12      6
  341   18     0    -123      0    123  0.80672263E+00  0.00000000E+00 0.2773E-13      6
  342   18     0    -122      0    122  0.81363114E+00  0.00000000E+00 0.1409E-12      6
  343   18     0    -121      0    121  0.81985090E+00  0.00000000E+00 0.1904E-12      5
  344   18     0    -120      0    120  0.82587156E+00  0.00000000E+00 0.1710E-12      6
  345   18     0    -119      0    119  0.83289295E+00  0.00000000E+00 0.2502E-12      5
  346   18     0    -118      0    118  0.84037302E+00  0.00000000E+00 0.3677E-12      6
  347   18     0    -117      0    117  0.84734483E+00  0.00000000E+00 0.7012E-13      6
  348   18     0    -116      0    116  0.85364070E+00  0.00000000E+00 0.5015E-12      5
  349   18     0    -115      0    115  0.86082717E+00  0.00000000E+00 0.1333E-12      5
  350   18     0    -114      0    114  0.86882870E+00  0.00000000E+00 0.8141E-13      6
  351   18     0    -113      0    113  0.87660819E+00  0.00000000E+00 0.1729E-12      5
  352   18     0    -112      0    112  0.88342016E+00  0.00000000E+00 0.2362E-12      5
  353   18     0    -111      0    111  0.89069852E+00  0.00000000E+00 0.2198E-13      6
  354   18     0    -110      0    110  0.89914283E+00  0.00000000E+00 0.2532E-13      6
  355   18     0    -109      0    109  0.90774152E+00  0.00000000E+00 0.1149E-12      6
  356   18     0    -108      0    108  0.91539555E+00  0.00000000E+00 0.7954E-13      5
  357   18     0    -107      0    107  0.92276225E+00  0.00000000E+00 0.8690E-13      6
  358   18     0    -106      0    106  0.93148842E+00  0.00000000E+00 0.2187E-12      5
  359   18     0    -105      0    105  0.94084465E+00  0.00000000E+00 0.7118E-13      6
  360   18     0    -104      0    104  0.94960064E+00  0.00000000E+00 0.1376E-12      6
  361   18     0    -103      0    103  0.95731021E+00  0.00000000E+00 0.1402E-12      5
  362   18     0    -102      0    102  0.96610367E+00  0.00000000E+00 0.8665E-13      5
  363   18     0    -101      0    101  0.97611089E+00  0.00000000E+00 0.1959E-12      5
  364   18     0    -100      0    100  0.98605426E+00  0.00000000E+00 0.1296E-12      6
  365   18     0     -99      0     99  0.99469632E+00  0.00000000E+00 0.1852E-12      5
  366   18     0     -98      0     98  0.10034291E+01  0.00000000E+00 0.2647E-12      6
  367   18     0     -97      0     97  0.10138815E+01  0.00000000E+00 0.1626E-12      5
  368   18     0     -96      0     96  0.10248951E+01  0.00000000E+00 0.2247E-12      6
  369   18     0     -95      0     95  0.10349772E+01  0.00000000E+00 0.1663E-13      6
  370   18     0     -94      0     94  0.10439691E+01  0.00000000E+00 0.3924E-12      5
  371   18     0     -93      0     93  0.10545897E+01  0.00000000E+00 0.1717E-12      6
  372   18     0     -92      0     92  0.10665370E+01  0.00000000E+00 0.1033E-12      6
  373   18     0     -91      0     91  0.10782462E+01  0.00000000E+00 0.1321E-12      6
  374   18     0     -90      0     90  0.10883039E+01  0.00000000E+00 0.2456E-12      5
  375   18     0     -89      0     89  0.10988925E+01  0.00000000E+00 0.4512E-13      6
  376   18     0     -88      0     88  0.11116118E+01  0.00000000E+00 0.1270E-12      5
  377   18     0     -87      0     87  0.11248972E+01  0.00000000E+00 0.1833E-13      5
  378   18     0     -86      0     86  0.11368446E+01  0.00000000E+00 0.2465E-13      6
  379   18     0     -85      0     85  0.11476504E+01  0.00000000E+00 0.3488E-12      6
  380   18     0     -84      0     84  0.11608308E+01  0.00000000E+00 0.1629E-12      6
  381   18     0     -83      0     83  0.11755413E+01  0.00000000E+00 0.4682E-13      5
  382   18     0     -82      0     82  0.11897028E+01  0.00000000E+00 0.1497E-12      6
  383   18     0     -81      0     81  0.12015974E+01  0.00000000E+00 0.2683E-12      6
  384   18     0     -80      0     80  0.12148666E+01  0.00000000E+00 0.1310E-13      6
  385   18     0     -79      0     79  0.12307979E+01  0.00000000E+00 0.3563E-12      5
  386   18     0     -78      0     78  0.12470845E+01  0.00000000E+00 0.9542E-13      5
  387   18     0     -77      0     77  0.12610963E+01  0.00000000E+00 0.5586E-13      6
  388   18     0     -76      0     76  0.12744866E+01  0.00000000E+00 0.1446E-12      6
  389   18     0     -75      0     75  0.12913743E+01  0.00000000E+00 0.2636E-13      6
  390   18     0     -74      0     74  0.13096749E+01  0.00000000E+00 0.8067E-13      6
  391   18     0     -73      0     73  0.13264859E+01  0.00000000E+00 0.1279E-12      6
  392   18     0     -72      0     72  0.13407145E+01  0.00000000E+00 0.1077E-12      5
  393   18     0     -71      0     71  0.13582102E+01  0.00000000E+00 0.4923E-13      6
  394   18     0     -70      0     70  0.13784568E+01  0.00000000E+00 0.1166E-12      6
  395   18     0     -69      0     69  0.13982379E+01  0.00000000E+00 0.1136E-12      6
  396   18     0     -68      0     68  0.14143295E+01  0.00000000E+00 0.7984E-13      5
  397   18     0     -67      0     67  0.14320833E+01  0.00000000E+00 0.3953E-13      6
  398   18     0     -66      0     66  0.14541493E+01  0.00000000E+00 0.6541E-13      6
  399   18     0     -65      0     65  0.14768468E+01  0.00000000E+00 0.7570E-13      6
  400   18     0     -64      0     64  0.14958487E+01  0.00000000E+00 0.1626E-12      6
  401   18     0     -63      0     63  0.15140595E+01  0.00000000E+00 0.1882E-13      6
  402   18     0     -62      0     62  0.15379619E+01  0.00000000E+00 0.1393E-12      5
  403   18     0     -61      0     61  0.15637858E+01  0.00000000E+00 0.1487E-12      6
  404   18     0     -60      0     60  0.15867518E+01  0.00000000E+00 0.9583E-13      6
  405   18     0     -59      0     59  0.16061013E+01  0.00000000E+00 0.1861E-12      6
  406   18     0     -58      0     58  0.16316003E+01  0.00000000E+00 0.5066E-14      6
  407   18     0     -57      0     57  0.16607080E+01  0.00000000E+00 0.1533E-12      6
  408   18     0     -56      0     56  0.16883386E+01  0.00000000E+00 0.1261E-12      6
  Time elapsed :      4.881 s

Mode Search
-----------

Mode parameters
   l : 19
   m : 0

Building frequency grid (REAL axis)
   added scan interval :  0.5233E+00 ->  0.2103E+01 (3000 points, INVERSE)

Building spatial grid
   Scaffold grid from model
   Split 250 subinterval(s) in iteration 1
   Split 28 subinterval(s) in iteration 2
   Split 0 subinterval(s) in iteration 3
   Final grid has 1 segment(s) and 7425 point(s):
      Segment 1 : x range 0.0000 -> 1.0011 (1 -> 7425)

Starting search (adiabatic)

Scanning frequencies
  Time elapsed :     1.770 s

Finding roots
  Time elapsed :      0.378 s

Processing modes
   id    l     m    n_pg    n_p    n_g       Re(omega)       Im(omega)        chi n_iter
  444   19     0    -178      0    178  0.59153525E+00  0.00000000E+00 0.3338E-12      6
  445   19     0    -177      0    177  0.59478954E+00  0.00000000E+00 0.3559E-12      6
  446   19     0    -176      0    176  0.59792647E+00  0.00000000E+00 0.3159E-12      5
  447   19     0    -175      0    175  0.60132152E+00  0.00000000E+00 0.5717E-12      5
  448   19     0    -174      0    174  0.60490625E+00  0.00000000E+00 0.5168E-12      6
  449   19     0    -173      0    173  0.60836893E+00  0.00000000E+00 0.8857E-13      6
  450   19     0    -172      0    172  0.61164070E+00  0.00000000E+00 0.7958E-12      6
  451   19     0    -171      0    171  0.61512227E+00  0.00000000E+00 0.1089E-12      5
  452   19     0    -170      0    170  0.61887817E+00  0.00000000E+00 0.2876E-12      6
  453   19     0    -169      0    169  0.62259461E+00  0.00000000E+00 0.5311E-12      6
  454   19     0    -168      0    168  0.62605466E+00  0.00000000E+00 0.7848E-12      5
  455   19     0    -167      0    167  0.62960122E+00  0.00000000E+00 0.1279E-12      5
  456   19     0    -166      0    166  0.63349376E+00  0.00000000E+00 0.7556E-14      6
  457   19     0    -165      0    165  0.63744824E+00  0.00000000E+00 0.2501E-13      6
  458   19     0    -164      0    164  0.64112867E+00  0.00000000E+00 0.5659E-13      6
  459   19     0    -163      0    163  0.64475498E+00  0.00000000E+00 0.2977E-12      5
  460   19     0    -162      0    162  0.64877881E+00  0.00000000E+00 0.6573E-13      5
  461   19     0    -161      0    161  0.65299546E+00  0.00000000E+00 0.2760E-12      6
  462   19     0    -160      0    160  0.65698872E+00  0.00000000E+00 0.1811E-13      6
  463   19     0    -159      0    159  0.66072635E+00  0.00000000E+00 0.2884E-12      5
  464   19     0    -158      0    158  0.66481183E+00  0.00000000E+00 0.4067E-12      5
  465   19     0    -157      0    157  0.66924615E+00  0.00000000E+00 0.4070E-12      6
  466   19     0    -156      0    156  0.67357723E+00  0.00000000E+00 0.1287E-12      6
  467   19     0    -155      0    155  0.67752171E+00  0.00000000E+00 0.8639E-13      6
  468   19     0    -154      0    154  0.68165545E+00  0.00000000E+00 0.6105E-12      5
  469   19     0    -153      0    153  0.68628867E+00  0.00000000E+00 0.2862E-12      5
  470   19     0    -152      0    152  0.69099426E+00  0.00000000E+00 0.2828E-12      6
  471   19     0    -151      0    151  0.69529235E+00  0.00000000E+00 0.1896E-12      6
  472   19     0    -150      0    150  0.69946579E+00  0.00000000E+00 0.6306E-12      5
  473   19     0    -149      0    149  0.70420723E+00  0.00000000E+00 0.5146E-12      6
  474   19     0    -148      0    148  0.70922301E+00  0.00000000E+00 0.2022E-13      6
  475   19     0    -147      0    147  0.71394520E+00  0.00000000E+00 0.8620E-13      5
  476   19     0    -146      0    146  0.71830397E+00  0.00000000E+00 0.2031E-12      5
  477   19     0    -145      0    145  0.72313098E+00  0.00000000E+00 0.8334E-13      5
  478   19     0    -144      0    144  0.72841419E+00  0.00000000E+00 0.7286E-12      5
  479   19     0    -143      0    143  0.73356478E+00  0.00000000E+00 0.3786E-12      6
  480   19     0    -142      0    142  0.73822641E+00  0.00000000E+00 0.7179E-13      6
  481   19     0    -141      0    141  0.74313211E+00  0.00000000E+00 0.1093E-12      5
  482   19     0    -140      0    140  0.74864181E+00  0.00000000E+00 0.4131E-12      6
  483   19     0    -139      0    139  0.75419859E+00  0.00000000E+00 0.5654E-13      6
  484   19     0    -138      0    138  0.75924702E+00  0.00000000E+00 0.8232E-14      6
  485   19     0    -137      0    137  0.76427915E+00  0.00000000E+00 0.6798E-13      5
  486   19     0    -136      0    136  0.77001798E+00  0.00000000E+00 0.1328E-12      5
  487   19     0    -135      0    135  0.77601240E+00  0.00000000E+00 0.1914E-12      5
  488   19     0    -134      0    134  0.78155657E+00  0.00000000E+00 0.9029E-13      6
  489   19     0    -133      0    133  0.78673394E+00  0.00000000E+00 0.1838E-12      5
  490   19     0    -132      0    132  0.79262662E+00  0.00000000E+00 0.2928E-12      5
  491   19     0    -131      0    131  0.79902348E+00  0.00000000E+00 0.1075E-12      6
  492   19     0    -130      0    130  0.80514410E+00  0.00000000E+00 0.2003E-13      6
  493   19     0    -129      0    129  0.81065239E+00  0.00000000E+00 0.4637E-13      5
  494   19     0    -128      0    128  0.81666711E+00  0.00000000E+00 0.3832E-13      5
  495   19     0    -127      0    127  0.82341288E+00  0.00000000E+00 0.1251E-12      5
  496   19     0    -126      0    126  0.83009687E+00  0.00000000E+00 0.4040E-12      6
  497   19     0    -125      0    125  0.83606118E+00  0.00000000E+00 0.2821E-12      6
  498   19     0    -124      0    124  0.84220267E+00  0.00000000E+00 0.1124E-12      6
  499   19     0    -123      0    123  0.84927536E+00  0.00000000E+00 0.2176E-12      6
  500   19     0    -122      0    122  0.85656239E+00  0.00000000E+00 0.6307E-13      6
  501   19     0    -121      0    121  0.86317444E+00  0.00000000E+00 0.2519E-12      6
  502   19     0    -120      0    120  0.86945613E+00  0.00000000E+00 0.2998E-12      6
  503   19     0    -119      0    119  0.87676030E+00  0.00000000E+00 0.9797E-13      5
  504   19     0    -118      0    118  0.88462413E+00  0.00000000E+00 0.1656E-12      6
  505   19     0    -117      0    117  0.89203720E+00  0.00000000E+00 0.1219E-12      6
  506   19     0    -116      0    116  0.89865868E+00  0.00000000E+00 0.4937E-12      5
  507   19     0    -115      0    115  0.90610315E+00  0.00000000E+00 0.1316E-12      6
  508   19     0    -114      0    114  0.91448241E+00  0.00000000E+00 0.1037E-12      6
  509   19     0    -113      0    113  0.92273118E+00  0.00000000E+00 0.9512E-13      6
  510   19     0    -112      0    112  0.92996230E+00  0.00000000E+00 0.5075E-13      6
  511   19     0    -111      0    111  0.93748842E+00  0.00000000E+00 0.8880E-13      6
  512   19     0    -110      0    110  0.94628811E+00  0.00000000E+00 0.2918E-12      6
  513   19     0    -109      0    109  0.95536309E+00  0.00000000E+00 0.2329E-12      6
  514   19     0    -108      0    108  0.96353356E+00  0.00000000E+00 0.1397E-12      5
  515   19     0    -107      0    107  0.97119188E+00  0.00000000E+00 0.3697E-12      5
  516   19     0    -106      0    106  0.98022576E+00  0.00000000E+00 0.3072E-13      5
  517   19     0    -105      0    105  0.99004631E+00  0.00000000E+00 0.3891E-12      5
  518   19     0    -104      0    104  0.99937878E+00  0.00000000E+00 0.7807E-13      6
  519   19     0    -103      0    103  0.10075148E+01  0.00000000E+00 0.2766E-12      5
  520   19     0    -102      0    102  0.10165589E+01  0.00000000E+00 0.2582E-12      5
  521   19     0    -101      0    101  0.10269955E+01  0.00000000E+00 0.8568E-13      5
  522   19     0    -100      0    100  0.10375230E+01  0.00000000E+00 0.2982E-12      6
  523   19     0     -99      0     99  0.10467703E+01  0.00000000E+00 0.6455E-13      6
  524   19     0     -98      0     98  0.10557661E+01  0.00000000E+00 0.3384E-12      6
  525   19     0     -97      0     97  0.10665722E+01  0.00000000E+00 0.2422E-12      5
  526   19     0     -96      0     96  0.10781442E+01  0.00000000E+00 0.4595E-12      6
  527   19     0     -95      0     95  0.10889364E+01  0.00000000E+00 0.2479E-12      6
  528   19     0     -94      0     94  0.10983670E+01  0.00000000E+00 0.1681E-12      6
  529   19     0     -93      0     93  0.11092419E+01  0.00000000E+00 0.8532E-13      6
  530   19     0     -92      0     92  0.11216995E+01  0.00000000E+00 0.1236E-12      6
  531   19     0     -91      0     91  0.11341304E+01  0.00000000E+00 0.1326E-12      6
  532   19     0     -90      0     90  0.11449029E+01  0.00000000E+00 0.8613E-13      6
  533   19     0     -89      0     89  0.11557298E+01  0.00000000E+00 0.1563E-12      6
  534   19     0     -88      0     88  0.11688663E+01  0.00000000E+00 0.4521E-13      5
  535   19     0     -87      0     87  0.11828387E+01  0.00000000E+00 0.9018E-13      5
  536   19     0     -86      0     86  0.11956816E+01  0.00000000E+00 0.1510E-12      5
  537   19     0     -85      0     85  0.12069308E+01  0.00000000E+00 0.2008E-12      6
  538   19     0     -84      0     84  0.12203799E+01  0.00000000E+00 0.1473E-12      6
  539   19     0     -83      0     83  0.12357173E+01  0.00000000E+00 0.2887E-12      6
  540   19     0     -82      0     82  0.12508031E+01  0.00000000E+00 0.6337E-13      5
  541   19     0     -81      0     81  0.12635193E+01  0.00000000E+00 0.2392E-13      5
  542   19     0     -80      0     80  0.12769616E+01  0.00000000E+00 0.7691E-13      6
  543   19     0     -79      0     79  0.12934162E+01  0.00000000E+00 0.1025E-12      5
  544   19     0     -78      0     78  0.13105839E+01  0.00000000E+00 0.3052E-13      6
  545   19     0     -77      0     77  0.13257096E+01  0.00000000E+00 0.1460E-12      6
  546   19     0     -76      0     76  0.13394109E+01  0.00000000E+00 0.6716E-13      6
  547   19     0     -75      0     75  0.13566606E+01  0.00000000E+00 0.7075E-13      6
  548   19     0     -74      0     74  0.13757869E+01  0.00000000E+00 0.1692E-12      6
  549   19     0     -73      0     73  0.13938115E+01  0.00000000E+00 0.7062E-13      6
  550   19     0     -72      0     72  0.14087514E+01  0.00000000E+00 0.5443E-13      6
  551   19     0     -71      0     71  0.14264206E+01  0.00000000E+00 0.1806E-12      6
  552   19     0     -70      0     70  0.14473974E+01  0.00000000E+00 0.4857E-13      5
  553   19     0     -69      0     69  0.14683530E+01  0.00000000E+00 0.7920E-13      6
  554   19     0     -68      0     68  0.14856154E+01  0.00000000E+00 0.3126E-13      5
  555   19     0     -67      0     67  0.15034457E+01  0.00000000E+00 0.3298E-13      6
  556   19     0     -66      0     66  0.15261034E+01  0.00000000E+00 0.1022E-12      5
  557   19     0     -65      0     65  0.15499363E+01  0.00000000E+00 0.1223E-12      6
  558   19     0     -64      0     64  0.15705018E+01  0.00000000E+00 0.1117E-12      5
  559   19     0     -63      0     63  0.15889275E+01  0.00000000E+00 0.2085E-13      6
  560   19     0     -62      0     62  0.16132178E+01  0.00000000E+00 0.4883E-13      6
  561   19     0     -61      0     61  0.16401446E+01  0.00000000E+00 0.7262E-13      6
  562   19     0     -60      0     60  0.16649583E+01  0.00000000E+00 0.2066E-12      6
  563   19     0     -59      0     59  0.16850172E+01  0.00000000E+00 0.1565E-12      6
  Time elapsed :      5.022 s

Mode Search
-----------

Mode parameters
   l : 20
   m : 0

Building frequency grid (REAL axis)
   added scan interval :  0.5233E+00 ->  0.2103E+01 (3000 points, INVERSE)

Building spatial grid
   Scaffold grid from model
   Split 253 subinterval(s) in iteration 1
   Split 29 subinterval(s) in iteration 2
   Split 0 subinterval(s) in iteration 3
   Final grid has 1 segment(s) and 7429 point(s):
      Segment 1 : x range 0.0000 -> 1.0011 (1 -> 7429)

Starting search (adiabatic)

Scanning frequencies
  Time elapsed :     1.773 s

Finding roots
  Time elapsed :      0.416 s

Processing modes
   id    l     m    n_pg    n_p    n_g       Re(omega)       Im(omega)        chi n_iter
  600   20     0    -188      0    188  0.58860685E+00  0.00000000E+00 0.5059E-12      5
  601   20     0    -187      0    187  0.59191851E+00  0.00000000E+00 0.4115E-12      6
  602   20     0    -186      0    186  0.59514533E+00  0.00000000E+00 0.2689E-12      6
  603   20     0    -185      0    185  0.59812875E+00  0.00000000E+00 0.9965E-13      6
  604   20     0    -184      0    184  0.60122818E+00  0.00000000E+00 0.6599E-12      5
  605   20     0    -183      0    183  0.60462614E+00  0.00000000E+00 0.1242E-12      6
  606   20     0    -182      0    182  0.60804999E+00  0.00000000E+00 0.1025E-13      6
  607   20     0    -181      0    181  0.61123901E+00  0.00000000E+00 0.4989E-12      6
  608   20     0    -180      0    180  0.61440662E+00  0.00000000E+00 0.2757E-12      5
  609   20     0    -179      0    179  0.61788725E+00  0.00000000E+00 0.4767E-12      5
  610   20     0    -178      0    178  0.62149698E+00  0.00000000E+00 0.9867E-14      6
  611   20     0    -177      0    177  0.62492849E+00  0.00000000E+00 0.2948E-13      6
  612   20     0    -176      0    176  0.62821669E+00  0.00000000E+00 0.5396E-12      6
  613   20     0    -175      0    175  0.63176255E+00  0.00000000E+00 0.3701E-12      6
  614   20     0    -174      0    174  0.63552357E+00  0.00000000E+00 0.1165E-12      6
  615   20     0    -173      0    173  0.63917380E+00  0.00000000E+00 0.3131E-12      6
  616   20     0    -172      0    172  0.64261109E+00  0.00000000E+00 0.6839E-12      5
  617   20     0    -171      0    171  0.64624538E+00  0.00000000E+00 0.6343E-13      5
  618   20     0    -170      0    170  0.65017964E+00  0.00000000E+00 0.7611E-13      5
  619   20     0    -169      0    169  0.65409371E+00  0.00000000E+00 0.3169E-12      6
  620   20     0    -168      0    168  0.65773801E+00  0.00000000E+00 0.1252E-12      6
  621   20     0    -167      0    167  0.66144080E+00  0.00000000E+00 0.1940E-12      5
  622   20     0    -166      0    166  0.66551035E+00  0.00000000E+00 0.3023E-12      5
  623   20     0    -165      0    165  0.66966931E+00  0.00000000E+00 0.2532E-12      6
  624   20     0    -164      0    164  0.67355270E+00  0.00000000E+00 0.4443E-12      6
  625   20     0    -163      0    163  0.67734400E+00  0.00000000E+00 0.6561E-13      5
  626   20     0    -162      0    162  0.68154286E+00  0.00000000E+00 0.7175E-12      5
  627   20     0    -161      0    161  0.68596887E+00  0.00000000E+00 0.1021E-12      6
  628   20     0    -160      0    160  0.69018430E+00  0.00000000E+00 0.2382E-12      6
  629   20     0    -159      0    159  0.69410626E+00  0.00000000E+00 0.9343E-12      5
  630   20     0    -158      0    158  0.69836190E+00  0.00000000E+00 0.1152E-12      5
  631   20     0    -157      0    157  0.70300573E+00  0.00000000E+00 0.2686E-14      6
  632   20     0    -156      0    156  0.70757260E+00  0.00000000E+00 0.4950E-12      6
  633   20     0    -155      0    155  0.71172952E+00  0.00000000E+00 0.3411E-12      5
  634   20     0    -154      0    154  0.71603395E+00  0.00000000E+00 0.8895E-12      5
  635   20     0    -153      0    153  0.72087370E+00  0.00000000E+00 0.2927E-12      5
  636   20     0    -152      0    152  0.72582372E+00  0.00000000E+00 0.5160E-13      6
  637   20     0    -151      0    151  0.73036663E+00  0.00000000E+00 0.2262E-12      6
  638   20     0    -150      0    150  0.73472400E+00  0.00000000E+00 0.3055E-12      5
  639   20     0    -149      0    149  0.73966294E+00  0.00000000E+00 0.4326E-12      5
  640   20     0    -148      0    148  0.74492617E+00  0.00000000E+00 0.3538E-12      6
  641   20     0    -147      0    147  0.74991598E+00  0.00000000E+00 0.1740E-13      6
  642   20     0    -146      0    146  0.75448904E+00  0.00000000E+00 0.2948E-12      5
  643   20     0    -145      0    145  0.75950813E+00  0.00000000E+00 0.4194E-12      5
  644   20     0    -144      0    144  0.76503802E+00  0.00000000E+00 0.2884E-12      6
  645   20     0    -143      0    143  0.77047064E+00  0.00000000E+00 0.1109E-12      6
  646   20     0    -142      0    142  0.77538327E+00  0.00000000E+00 0.7600E-12      5
  647   20     0    -141      0    141  0.78048394E+00  0.00000000E+00 0.9993E-12      5
  648   20     0    -140      0    140  0.78623644E+00  0.00000000E+00 0.9813E-13      5
  649   20     0    -139      0    139  0.79208540E+00  0.00000000E+00 0.2043E-12      6
  650   20     0    -138      0    138  0.79742107E+00  0.00000000E+00 0.1266E-12      6
  651   20     0    -137      0    137  0.80266254E+00  0.00000000E+00 0.1992E-12      6
  652   20     0    -136      0    136  0.80863840E+00  0.00000000E+00 0.1998E-12      6
  653   20     0    -135      0    135  0.81493234E+00  0.00000000E+00 0.3466E-13      6
  654   20     0    -134      0    134  0.82079940E+00  0.00000000E+00 0.6345E-14      6
  655   20     0    -133      0    133  0.82621591E+00  0.00000000E+00 0.7243E-12      5
  656   20     0    -132      0    132  0.83233429E+00  0.00000000E+00 0.2139E-12      5
  657   20     0    -131      0    131  0.83903325E+00  0.00000000E+00 0.1520E-12      6
  658   20     0    -130      0    130  0.84550269E+00  0.00000000E+00 0.1717E-12      6
  659   20     0    -129      0    129  0.85130014E+00  0.00000000E+00 0.4327E-12      5
  660   20     0    -128      0    128  0.85753429E+00  0.00000000E+00 0.1420E-12      5
  661   20     0    -127      0    127  0.86457712E+00  0.00000000E+00 0.1073E-12      6
  662   20     0    -126      0    126  0.87162601E+00  0.00000000E+00 0.1108E-12      6
  663   20     0    -125      0    125  0.87793566E+00  0.00000000E+00 0.1964E-12      6
  664   20     0    -124      0    124  0.88430429E+00  0.00000000E+00 0.1535E-12      6
  665   20     0    -123      0    123  0.89166219E+00  0.00000000E+00 0.6121E-13      6
  666   20     0    -122      0    122  0.89932269E+00  0.00000000E+00 0.9572E-13      6
  667   20     0    -121      0    121  0.90633960E+00  0.00000000E+00 0.1036E-12      6
  668   20     0    -120      0    120  0.91288484E+00  0.00000000E+00 0.1863E-13      6
  669   20     0    -119      0    119  0.92044930E+00  0.00000000E+00 0.1395E-12      5
  670   20     0    -118      0    118  0.92868588E+00  0.00000000E+00 0.1741E-12      6
  671   20     0    -117      0    117  0.93654687E+00  0.00000000E+00 0.2947E-13      6
  672   20     0    -116      0    116  0.94351131E+00  0.00000000E+00 0.4108E-13      5
  673   20     0    -115      0    115  0.95118984E+00  0.00000000E+00 0.4643E-12      5
  674   20     0    -114      0    114  0.95992788E+00  0.00000000E+00 0.6634E-13      6
  675   20     0    -113      0    113  0.96864399E+00  0.00000000E+00 0.4269E-14      6
  676   20     0    -112      0    112  0.97632015E+00  0.00000000E+00 0.1443E-12      6
  677   20     0    -111      0    111  0.98407998E+00  0.00000000E+00 0.3076E-13      6
  678   20     0    -110      0    110  0.99320574E+00  0.00000000E+00 0.5101E-12      5
  679   20     0    -109      0    109  0.10027457E+01  0.00000000E+00 0.9792E-13      6
  680   20     0    -108      0    108  0.10114527E+01  0.00000000E+00 0.2012E-12      6
  681   20     0    -107      0    107  0.10194154E+01  0.00000000E+00 0.9457E-13      6
  682   20     0    -106      0    106  0.10287177E+01  0.00000000E+00 0.2969E-12      5
  683   20     0    -105      0    105  0.10389806E+01  0.00000000E+00 0.4547E-12      6
  684   20     0    -104      0    104  0.10488918E+01  0.00000000E+00 0.2655E-13      6
  685   20     0    -103      0    103  0.10574960E+01  0.00000000E+00 0.1090E-12      5
  686   20     0    -102      0    102  0.10667564E+01  0.00000000E+00 0.1335E-12      6
  687   20     0    -101      0    101  0.10775849E+01  0.00000000E+00 0.2421E-13      6
  688   20     0    -100      0    100  0.10886808E+01  0.00000000E+00 0.1385E-12      6
  689   20     0     -99      0     99  0.10985719E+01  0.00000000E+00 0.9415E-14      6
  690   20     0     -98      0     98  0.11078392E+01  0.00000000E+00 0.5142E-12      6
  691   20     0     -97      0     97  0.11189405E+01  0.00000000E+00 0.1090E-12      5
  692   20     0     -96      0     96  0.11310398E+01  0.00000000E+00 0.1934E-12      6
  693   20     0     -95      0     95  0.11425474E+01  0.00000000E+00 0.1099E-12      6
  694   20     0     -94      0     94  0.11524812E+01  0.00000000E+00 0.5862E-13      6
  695   20     0     -93      0     93  0.11635523E+01  0.00000000E+00 0.1459E-12      6
  696   20     0     -92      0     92  0.11764690E+01  0.00000000E+00 0.2752E-12      6
  697   20     0     -91      0     91  0.11895978E+01  0.00000000E+00 0.1634E-12      6
  698   20     0     -90      0     90  0.12011501E+01  0.00000000E+00 0.9276E-13      5
  699   20     0     -89      0     89  0.12122177E+01  0.00000000E+00 0.1663E-12      6
  700   20     0     -88      0     88  0.12256901E+01  0.00000000E+00 0.2427E-13      5
  701   20     0     -87      0     87  0.12403054E+01  0.00000000E+00 0.5365E-13      6
  702   20     0     -86      0     86  0.12540543E+01  0.00000000E+00 0.8861E-13      6
  703   20     0     -85      0     85  0.12658401E+01  0.00000000E+00 0.5630E-13      6
  704   20     0     -84      0     84  0.12794645E+01  0.00000000E+00 0.2719E-12      6
  705   20     0     -83      0     83  0.12953594E+01  0.00000000E+00 0.2757E-12      6
  706   20     0     -82      0     82  0.13113329E+01  0.00000000E+00 0.2735E-13      6
  707   20     0     -81      0     81  0.13249828E+01  0.00000000E+00 0.1512E-12      6
  708   20     0     -80      0     80  0.13385678E+01  0.00000000E+00 0.3421E-12      6
  709   20     0     -79      0     79  0.13554363E+01  0.00000000E+00 0.2113E-13      5
  710   20     0     -78      0     78  0.13734247E+01  0.00000000E+00 0.1956E-12      6
  711   20     0     -77      0     77  0.13897097E+01  0.00000000E+00 0.1003E-12      5
  712   20     0     -76      0     76  0.14038139E+01  0.00000000E+00 0.1621E-12      6
  713   20     0     -75      0     75  0.14212826E+01  0.00000000E+00 0.3729E-12      6
  714   20     0     -74      0     74  0.14411530E+01  0.00000000E+00 0.1549E-12      6
  715   20     0     -73      0     73  0.14603606E+01  0.00000000E+00 0.2513E-13      6
  716   20     0     -72      0     72  0.14761789E+01  0.00000000E+00 0.5726E-13      5
  717   20     0     -71      0     71  0.14938936E+01  0.00000000E+00 0.8198E-13      6
  718   20     0     -70      0     70  0.15154792E+01  0.00000000E+00 0.2528E-12      6
  719   20     0     -69      0     69  0.15375351E+01  0.00000000E+00 0.8362E-13      6
  720   20     0     -68      0     68  0.15561221E+01  0.00000000E+00 0.9018E-13      6
  721   20     0     -67      0     67  0.15739970E+01  0.00000000E+00 0.2675E-13      5
  722   20     0     -66      0     66  0.15970702E+01  0.00000000E+00 0.1786E-12      5
  723   20     0     -65      0     65  0.16219447E+01  0.00000000E+00 0.1925E-12      6
  724   20     0     -64      0     64  0.16441711E+01  0.00000000E+00 0.9472E-13      6
  725   20     0     -63      0     63  0.16629524E+01  0.00000000E+00 0.2402E-13      5
  726   20     0     -62      0     62  0.16873618E+01  0.00000000E+00 0.5852E-13      6
  Time elapsed :      5.375 s

Mode Search
-----------

Mode parameters
   l : 21
   m : 0

Building frequency grid (REAL axis)
   added scan interval :  0.5233E+00 ->  0.2103E+01 (3000 points, INVERSE)

Building spatial grid
   Scaffold grid from model
   Split 255 subinterval(s) in iteration 1
   Split 30 subinterval(s) in iteration 2
   Split 0 subinterval(s) in iteration 3
   Final grid has 1 segment(s) and 7432 point(s):
      Segment 1 : x range 0.0000 -> 1.0011 (1 -> 7432)

Starting search (adiabatic)

Scanning frequencies
  Time elapsed :     1.707 s

Finding roots
  Time elapsed :      0.427 s

Processing modes
   id    l     m    n_pg    n_p    n_g       Re(omega)       Im(omega)        chi n_iter
  765   21     0    -197      0    197  0.58914081E+00  0.00000000E+00 0.2260E-12      5
  766   21     0    -196      0    196  0.59224419E+00  0.00000000E+00 0.3023E-13      6
  767   21     0    -195      0    195  0.59535335E+00  0.00000000E+00 0.1207E-12      5
  768   21     0    -194      0    194  0.59825718E+00  0.00000000E+00 0.1581E-12      5
  769   21     0    -193      0    193  0.60116701E+00  0.00000000E+00 0.2219E-12      5
  770   21     0    -192      0    192  0.60436476E+00  0.00000000E+00 0.1649E-12      6
  771   21     0    -191      0    191  0.60767580E+00  0.00000000E+00 0.1095E-12      6
  772   21     0    -190      0    190  0.61079987E+00  0.00000000E+00 0.1734E-12      6
  773   21     0    -189      0    189  0.61374944E+00  0.00000000E+00 0.3665E-12      5
  774   21     0    -188      0    188  0.61696659E+00  0.00000000E+00 0.8751E-13      5
  775   21     0    -187      0    187  0.62043146E+00  0.00000000E+00 0.1331E-12      6
  776   21     0    -186      0    186  0.62382468E+00  0.00000000E+00 0.1165E-12      6
  777   21     0    -185      0    185  0.62695816E+00  0.00000000E+00 0.5323E-12      5
  778   21     0    -184      0    184  0.63018630E+00  0.00000000E+00 0.2149E-12      5
  779   21     0    -183      0    183  0.63373395E+00  0.00000000E+00 0.2490E-12      6
  780   21     0    -182      0    182  0.63732841E+00  0.00000000E+00 0.3778E-12      6
  781   21     0    -181      0    181  0.64068341E+00  0.00000000E+00 0.4997E-12      6
  782   21     0    -180      0    180  0.64398831E+00  0.00000000E+00 0.3919E-12      5
  783   21     0    -179      0    179  0.64761661E+00  0.00000000E+00 0.2911E-12      6
  784   21     0    -178      0    178  0.65139954E+00  0.00000000E+00 0.4006E-12      5
  785   21     0    -177      0    177  0.65501018E+00  0.00000000E+00 0.3683E-12      6
  786   21     0    -176      0    176  0.65845012E+00  0.00000000E+00 0.3961E-12      6
  787   21     0    -175      0    175  0.66214266E+00  0.00000000E+00 0.4022E-15      5
  788   21     0    -174      0    174  0.66607747E+00  0.00000000E+00 0.6600E-13      6
  789   21     0    -173      0    173  0.66991640E+00  0.00000000E+00 0.1420E-12      6
  790   21     0    -172      0    172  0.67352100E+00  0.00000000E+00 0.5057E-12      6
  791   21     0    -171      0    171  0.67730418E+00  0.00000000E+00 0.8638E-12      5
  792   21     0    -170      0    170  0.68141315E+00  0.00000000E+00 0.3408E-12      6
  793   21     0    -169      0    169  0.68552487E+00  0.00000000E+00 0.2314E-12      6
  794   21     0    -168      0    168  0.68935632E+00  0.00000000E+00 0.7914E-13      6
  795   21     0    -167      0    167  0.69321272E+00  0.00000000E+00 0.5981E-12      5
  796   21     0    -166      0    166  0.69745432E+00  0.00000000E+00 0.3790E-12      6
  797   21     0    -165      0    165  0.70181642E+00  0.00000000E+00 0.5253E-12      6
  798   21     0    -164      0    164  0.70590594E+00  0.00000000E+00 0.4430E-13      6
  799   21     0    -163      0    163  0.70986165E+00  0.00000000E+00 0.3100E-12      5
  800   21     0    -162      0    162  0.71422944E+00  0.00000000E+00 0.3814E-12      5
  801   21     0    -161      0    161  0.71886187E+00  0.00000000E+00 0.2920E-12      5
  802   21     0    -160      0    160  0.72330170E+00  0.00000000E+00 0.2657E-13      6
  803   21     0    -159      0    159  0.72741063E+00  0.00000000E+00 0.6496E-12      5
  804   21     0    -158      0    158  0.73183009E+00  0.00000000E+00 0.3770E-12      5
  805   21     0    -157      0    157  0.73667850E+00  0.00000000E+00 0.8041E-13      6
  806   21     0    -156      0    156  0.74148159E+00  0.00000000E+00 0.2924E-12      6
  807   21     0    -155      0    155  0.74585595E+00  0.00000000E+00 0.4281E-12      6
  808   21     0    -154      0    154  0.75032643E+00  0.00000000E+00 0.2279E-12      5
  809   21     0    -153      0    153  0.75536553E+00  0.00000000E+00 0.4202E-12      6
  810   21     0    -152      0    152  0.76055813E+00  0.00000000E+00 0.1422E-12      6
  811   21     0    -151      0    151  0.76535102E+00  0.00000000E+00 0.1015E-12      6
  812   21     0    -150      0    150  0.76989224E+00  0.00000000E+00 0.2073E-12      5
  813   21     0    -149      0    149  0.77501943E+00  0.00000000E+00 0.5040E-12      5
  814   21     0    -148      0    148  0.78052583E+00  0.00000000E+00 0.3871E-12      6
  815   21     0    -147      0    147  0.78578643E+00  0.00000000E+00 0.1220E-12      6
  816   21     0    -146      0    146  0.79057826E+00  0.00000000E+00 0.2178E-12      5
  817   21     0    -145      0    145  0.79578020E+00  0.00000000E+00 0.1180E-12      5
  818   21     0    -144      0    144  0.80154986E+00  0.00000000E+00 0.2601E-12      6
  819   21     0    -143      0    143  0.80726506E+00  0.00000000E+00 0.1068E-12      6
  820   21     0    -142      0    142  0.81243580E+00  0.00000000E+00 0.2407E-12      6
  821   21     0    -141      0    141  0.81772488E+00  0.00000000E+00 0.5757E-12      5
  822   21     0    -140      0    140  0.82371050E+00  0.00000000E+00 0.4389E-12      5
  823   21     0    -139      0    139  0.82984957E+00  0.00000000E+00 0.2630E-12      6
  824   21     0    -138      0    138  0.83548010E+00  0.00000000E+00 0.3973E-13      6
  825   21     0    -137      0    137  0.84092904E+00  0.00000000E+00 0.5538E-12      5
  826   21     0    -136      0    136  0.84712949E+00  0.00000000E+00 0.1359E-12      5
  827   21     0    -135      0    135  0.85371777E+00  0.00000000E+00 0.1118E-12      5
  828   21     0    -134      0    134  0.85991375E+00  0.00000000E+00 0.4429E-13      6
  829   21     0    -133      0    133  0.86557471E+00  0.00000000E+00 0.3461E-12      5
  830   21     0    -132      0    132  0.87190420E+00  0.00000000E+00 0.5627E-13      5
  831   21     0    -131      0    131  0.87889624E+00  0.00000000E+00 0.1777E-12      6
  832   21     0    -130      0    130  0.88571687E+00  0.00000000E+00 0.5363E-13      6
  833   21     0    -129      0    129  0.89181512E+00  0.00000000E+00 0.1742E-12      6
  834   21     0    -128      0    128  0.89825597E+00  0.00000000E+00 0.2388E-12      6
  835   21     0    -127      0    127  0.90558205E+00  0.00000000E+00 0.4266E-13      6
  836   21     0    -126      0    126  0.91299379E+00  0.00000000E+00 0.3515E-13      5
  837   21     0    -125      0    125  0.91966313E+00  0.00000000E+00 0.1042E-13      6
  838   21     0    -124      0    124  0.92625303E+00  0.00000000E+00 0.4726E-13      6
  839   21     0    -123      0    123  0.93387682E+00  0.00000000E+00 0.3041E-12      5
  840   21     0    -122      0    122  0.94190338E+00  0.00000000E+00 0.2671E-12      6
  841   21     0    -121      0    121  0.94933690E+00  0.00000000E+00 0.1387E-12      6
  842   21     0    -120      0    120  0.95615402E+00  0.00000000E+00 0.5810E-13      5
  843   21     0    -119      0    119  0.96395431E+00  0.00000000E+00 0.1706E-13      5
  844   21     0    -118      0    118  0.97254955E+00  0.00000000E+00 0.8092E-13      6
  845   21     0    -117      0    117  0.98086217E+00  0.00000000E+00 0.1303E-12      6
  846   21     0    -116      0    116  0.98819280E+00  0.00000000E+00 0.6577E-13      5
  847   21     0    -115      0    115  0.99608282E+00  0.00000000E+00 0.1434E-12      5
  848   21     0    -114      0    114  0.10051565E+01  0.00000000E+00 0.2885E-12      6
  849   21     0    -113      0    113  0.10143341E+01  0.00000000E+00 0.5894E-12      6
  850   21     0    -112      0    112  0.10224830E+01  0.00000000E+00 0.1335E-12      5
  851   21     0    -111      0    111  0.10304702E+01  0.00000000E+00 0.3857E-13      6
  852   21     0    -110      0    110  0.10398877E+01  0.00000000E+00 0.5445E-13      5
  853   21     0    -109      0    109  0.10498769E+01  0.00000000E+00 0.1621E-12      6
  854   21     0    -108      0    108  0.10591364E+01  0.00000000E+00 0.1010E-12      6
  855   21     0    -107      0    107  0.10674292E+01  0.00000000E+00 0.9471E-13      5
  856   21     0    -106      0    106  0.10769580E+01  0.00000000E+00 0.4892E-14      6
  857   21     0    -105      0    105  0.10876359E+01  0.00000000E+00 0.1108E-12      6
  858   21     0    -104      0    104  0.10981211E+01  0.00000000E+00 0.1894E-12      6
  859   21     0    -103      0    103  0.11072422E+01  0.00000000E+00 0.2033E-12      6
  860   21     0    -102      0    102  0.11166937E+01  0.00000000E+00 0.3888E-12      6
  861   21     0    -101      0    101  0.11278683E+01  0.00000000E+00 0.1454E-12      5
  862   21     0    -100      0    100  0.11395105E+01  0.00000000E+00 0.1676E-12      6
  863   21     0     -99      0     99  0.11500767E+01  0.00000000E+00 0.6030E-13      6
  864   21     0     -98      0     98  0.11596468E+01  0.00000000E+00 0.5991E-13      6
  865   21     0     -97      0     97  0.11709783E+01  0.00000000E+00 0.2765E-12      5
  866   21     0     -96      0     96  0.11835661E+01  0.00000000E+00 0.1062E-13      6
  867   21     0     -95      0     95  0.11957814E+01  0.00000000E+00 0.1279E-13      6
  868   21     0     -94      0     94  0.12062978E+01  0.00000000E+00 0.1161E-12      5
  869   21     0     -93      0     93  0.12175188E+01  0.00000000E+00 0.1068E-12      6
  870   21     0     -92      0     92  0.12308317E+01  0.00000000E+00 0.2412E-12      5
  871   21     0     -91      0     91  0.12446247E+01  0.00000000E+00 0.7498E-13      6
  872   21     0     -90      0     90  0.12570099E+01  0.00000000E+00 0.3804E-13      6
  873   21     0     -89      0     89  0.12683574E+01  0.00000000E+00 0.5746E-13      6
  874   21     0     -88      0     88  0.12820729E+01  0.00000000E+00 0.9182E-13      6
  875   21     0     -87      0     87  0.12972765E+01  0.00000000E+00 0.2770E-12      6
  876   21     0     -86      0     86  0.13119199E+01  0.00000000E+00 0.1141E-12      6
  877   21     0     -85      0     85  0.13243632E+01  0.00000000E+00 0.7591E-13      6
  878   21     0     -84      0     84  0.13380818E+01  0.00000000E+00 0.1412E-12      5
  879   21     0     -83      0     83  0.13544491E+01  0.00000000E+00 0.4401E-13      5
  880   21     0     -82      0     82  0.13712585E+01  0.00000000E+00 0.8441E-13      6
  881   21     0     -81      0     81  0.13859391E+01  0.00000000E+00 0.8761E-13      6
  882   21     0     -80      0     80  0.13996901E+01  0.00000000E+00 0.8863E-14      6
  883   21     0     -79      0     79  0.14168430E+01  0.00000000E+00 0.1762E-12      6
  884   21     0     -78      0     78  0.14355794E+01  0.00000000E+00 0.1519E-12      5
  885   21     0     -77      0     77  0.14530329E+01  0.00000000E+00 0.7529E-13      6
  886   21     0     -76      0     76  0.14676916E+01  0.00000000E+00 0.1429E-12      6
  887   21     0     -75      0     75  0.14852319E+01  0.00000000E+00 0.6930E-13      6
  888   21     0     -74      0     74  0.15057476E+01  0.00000000E+00 0.8798E-13      6
  889   21     0     -73      0     73  0.15260788E+01  0.00000000E+00 0.8213E-13      6
  890   21     0     -72      0     72  0.15429589E+01  0.00000000E+00 0.1307E-12      5
  891   21     0     -71      0     71  0.15606291E+01  0.00000000E+00 0.3301E-13      6
  892   21     0     -70      0     70  0.15826753E+01  0.00000000E+00 0.3293E-14      5
  893   21     0     -69      0     69  0.16057394E+01  0.00000000E+00 0.9212E-13      6
  894   21     0     -68      0     68  0.16257787E+01  0.00000000E+00 0.3331E-13      6
  895   21     0     -67      0     67  0.16437599E+01  0.00000000E+00 0.5012E-13      6
  896   21     0     -66      0     66  0.16670335E+01  0.00000000E+00 0.2682E-12      5
  897   21     0     -65      0     65  0.16928345E+01  0.00000000E+00 0.6817E-13      6
  Time elapsed :      5.558 s

Mode Search
-----------

Mode parameters
   l : 22
   m : 0

Building frequency grid (REAL axis)
   added scan interval :  0.5233E+00 ->  0.2103E+01 (3000 points, INVERSE)

Building spatial grid
   Scaffold grid from model
   Split 257 subinterval(s) in iteration 1
   Split 30 subinterval(s) in iteration 2
   Split 0 subinterval(s) in iteration 3
   Final grid has 1 segment(s) and 7434 point(s):
      Segment 1 : x range 0.0000 -> 1.0011 (1 -> 7434)

Starting search (adiabatic)

Scanning frequencies
  Time elapsed :     1.733 s

Finding roots
  Time elapsed :      0.443 s

Processing modes
   id    l     m    n_pg    n_p    n_g       Re(omega)       Im(omega)        chi n_iter
  938   22     0    -206      0    206  0.58965034E+00  0.00000000E+00 0.7037E-12      5
  939   22     0    -205      0    205  0.59250153E+00  0.00000000E+00 0.2869E-12      5
  940   22     0    -204      0    204  0.59548470E+00  0.00000000E+00 0.2120E-12      6
  941   22     0    -203      0    203  0.59839589E+00  0.00000000E+00 0.1558E-12      6
  942   22     0    -202      0    202  0.60119548E+00  0.00000000E+00 0.2665E-12      5
  943   22     0    -201      0    201  0.60412921E+00  0.00000000E+00 0.1680E-12      5
  944   22     0    -200      0    200  0.60723778E+00  0.00000000E+00 0.3129E-12      6
  945   22     0    -199      0    199  0.61030567E+00  0.00000000E+00 0.1903E-12      5
  946   22     0    -198      0    198  0.61321140E+00  0.00000000E+00 0.1549E-12      6
  947   22     0    -197      0    197  0.61621027E+00  0.00000000E+00 0.3201E-12      5
  948   22     0    -196      0    196  0.61944566E+00  0.00000000E+00 0.2852E-12      6
  949   22     0    -195      0    195  0.62270280E+00  0.00000000E+00 0.3760E-12      6
  950   22     0    -194      0    194  0.62574996E+00  0.00000000E+00 0.1929E-12      6
  951   22     0    -193      0    193  0.62877976E+00  0.00000000E+00 0.3818E-13      6
  952   22     0    -192      0    192  0.63210731E+00  0.00000000E+00 0.3827E-12      5
  953   22     0    -191      0    191  0.63556998E+00  0.00000000E+00 0.2706E-12      6
  954   22     0    -190      0    190  0.63885215E+00  0.00000000E+00 0.3406E-12      5
  955   22     0    -189      0    189  0.64193322E+00  0.00000000E+00 0.1919E-12      5
  956   22     0    -188      0    188  0.64527492E+00  0.00000000E+00 0.4143E-12      6
  957   22     0    -187      0    187  0.64889062E+00  0.00000000E+00 0.3702E-12      6
  958   22     0    -186      0    186  0.65245096E+00  0.00000000E+00 0.1619E-12      6
  959   22     0    -185      0    185  0.65573697E+00  0.00000000E+00 0.2368E-12      6
  960   22     0    -184      0    184  0.65909114E+00  0.00000000E+00 0.1025E-11      5
  961   22     0    -183      0    183  0.66278483E+00  0.00000000E+00 0.3902E-12      5
  962   22     0    -182      0    182  0.66654936E+00  0.00000000E+00 0.2595E-12      6
  963   22     0    -181      0    181  0.67007291E+00  0.00000000E+00 0.2635E-13      6
  964   22     0    -180      0    180  0.67351426E+00  0.00000000E+00 0.3133E-12      5
  965   22     0    -179      0    179  0.67728588E+00  0.00000000E+00 0.1075E-12      6
  966   22     0    -178      0    178  0.68124026E+00  0.00000000E+00 0.2473E-12      6
  967   22     0    -177      0    177  0.68503189E+00  0.00000000E+00 0.2680E-12      6
  968   22     0    -176      0    176  0.68862464E+00  0.00000000E+00 0.2552E-12      6
  969   22     0    -175      0    175  0.69245954E+00  0.00000000E+00 0.5264E-12      5
  970   22     0    -174      0    174  0.69656518E+00  0.00000000E+00 0.1175E-12      6
  971   22     0    -173      0    173  0.70059373E+00  0.00000000E+00 0.1622E-12      6
  972   22     0    -172      0    172  0.70436801E+00  0.00000000E+00 0.3405E-12      6
  973   22     0    -171      0    171  0.70829635E+00  0.00000000E+00 0.1040E-11      5
  974   22     0    -170      0    170  0.71257583E+00  0.00000000E+00 0.5875E-12      6
  975   22     0    -169      0    169  0.71688482E+00  0.00000000E+00 0.9895E-14      6
  976   22     0    -168      0    168  0.72090668E+00  0.00000000E+00 0.4767E-13      6
  977   22     0    -167      0    167  0.72491465E+00  0.00000000E+00 0.6919E-12      5
  978   22     0    -166      0    166  0.72932275E+00  0.00000000E+00 0.2486E-12      6
  979   22     0    -165      0    165  0.73388608E+00  0.00000000E+00 0.6378E-12      6
  980   22     0    -164      0    164  0.73818493E+00  0.00000000E+00 0.6317E-12      5
  981   22     0    -163      0    163  0.74230545E+00  0.00000000E+00 0.2503E-13      5
  982   22     0    -162      0    162  0.74683563E+00  0.00000000E+00 0.1950E-12      5
  983   22     0    -161      0    161  0.75167081E+00  0.00000000E+00 0.2621E-12      6
  984   22     0    -160      0    160  0.75633693E+00  0.00000000E+00 0.4093E-12      5
  985   22     0    -159      0    159  0.76063656E+00  0.00000000E+00 0.5172E-12      6
  986   22     0    -158      0    158  0.76521354E+00  0.00000000E+00 0.1142E-12      5
  987   22     0    -157      0    157  0.77026074E+00  0.00000000E+00 0.1842E-12      6
  988   22     0    -156      0    156  0.77529987E+00  0.00000000E+00 0.2588E-12      6
  989   22     0    -155      0    155  0.77989737E+00  0.00000000E+00 0.1243E-12      6
  990   22     0    -154      0    154  0.78453012E+00  0.00000000E+00 0.6234E-13      5
  991   22     0    -153      0    153  0.78976047E+00  0.00000000E+00 0.4164E-12      5
  992   22     0    -152      0    152  0.79519297E+00  0.00000000E+00 0.2030E-12      6
  993   22     0    -151      0    151  0.80024093E+00  0.00000000E+00 0.5062E-13      6
  994   22     0    -150      0    150  0.80496763E+00  0.00000000E+00 0.1071E-12      5
  995   22     0    -149      0    149  0.81027309E+00  0.00000000E+00 0.9904E-13      5
  996   22     0    -148      0    148  0.81601734E+00  0.00000000E+00 0.4257E-13      5
  997   22     0    -147      0    147  0.82155128E+00  0.00000000E+00 0.1900E-12      6
  998   22     0    -146      0    146  0.82656812E+00  0.00000000E+00 0.7691E-12      5
  999   22     0    -145      0    145  0.83194376E+00  0.00000000E+00 0.8863E-13      5
 1000   22     0    -144      0    144  0.83794500E+00  0.00000000E+00 0.2625E-12      5
 1001   22     0    -143      0    143  0.84394240E+00  0.00000000E+00 0.1095E-13      6
 1002   22     0    -142      0    142  0.84937947E+00  0.00000000E+00 0.2156E-12      6
 1003   22     0    -141      0    141  0.85485167E+00  0.00000000E+00 0.8039E-12      5
 1004   22     0    -140      0    140  0.86105931E+00  0.00000000E+00 0.1289E-12      5
 1005   22     0    -139      0    139  0.86748517E+00  0.00000000E+00 0.8351E-13      6
 1006   22     0    -138      0    138  0.87341840E+00  0.00000000E+00 0.2875E-12      6
 1007   22     0    -137      0    137  0.87907539E+00  0.00000000E+00 0.3943E-13      6
 1008   22     0    -136      0    136  0.88548673E+00  0.00000000E+00 0.1598E-12      5
 1009   22     0    -135      0    135  0.89236265E+00  0.00000000E+00 0.5846E-12      5
 1010   22     0    -134      0    134  0.89889271E+00  0.00000000E+00 0.2151E-12      6
 1011   22     0    -133      0    133  0.90480663E+00  0.00000000E+00 0.1331E-12      5
 1012   22     0    -132      0    132  0.91133218E+00  0.00000000E+00 0.3676E-12      5
 1013   22     0    -131      0    131  0.91860627E+00  0.00000000E+00 0.4069E-12      5
 1014   22     0    -130      0    130  0.92577881E+00  0.00000000E+00 0.6363E-13      6
 1015   22     0    -129      0    129  0.93219208E+00  0.00000000E+00 0.2854E-12      5
 1016   22     0    -128      0    128  0.93882856E+00  0.00000000E+00 0.1828E-12      5
 1017   22     0    -127      0    127  0.94642155E+00  0.00000000E+00 0.4851E-13      6
 1018   22     0    -126      0    126  0.95419188E+00  0.00000000E+00 0.3423E-13      6
 1019   22     0    -125      0    125  0.96123598E+00  0.00000000E+00 0.1937E-12      6
 1020   22     0    -124      0    124  0.96804574E+00  0.00000000E+00 0.9638E-13      5
 1021   22     0    -123      0    123  0.97591344E+00  0.00000000E+00 0.2238E-12      5
 1022   22     0    -122      0    122  0.98429597E+00  0.00000000E+00 0.1003E-12      6
 1023   22     0    -121      0    121  0.99215593E+00  0.00000000E+00 0.6658E-13      6
 1024   22     0    -120      0    120  0.99926007E+00  0.00000000E+00 0.7549E-12      5
 1025   22     0    -119      0    119  0.10072705E+01  0.00000000E+00 0.2020E-12      5
 1026   22     0    -118      0    118  0.10162068E+01  0.00000000E+00 0.2934E-12      6
 1027   22     0    -117      0    117  0.10249710E+01  0.00000000E+00 0.2326E-12      5
 1028   22     0    -116      0    116  0.10326962E+01  0.00000000E+00 0.4234E-12      6
 1029   22     0    -115      0    115  0.10407789E+01  0.00000000E+00 0.4074E-13      5
 1030   22     0    -114      0    114  0.10501603E+01  0.00000000E+00 0.8258E-13      6
 1031   22     0    -113      0    113  0.10597890E+01  0.00000000E+00 0.1303E-12      6
 1032   22     0    -112      0    112  0.10684379E+01  0.00000000E+00 0.9787E-13      6
 1033   22     0    -111      0    111  0.10766570E+01  0.00000000E+00 0.3304E-12      6
 1034   22     0    -110      0    110  0.10863270E+01  0.00000000E+00 0.5142E-13      5
 1035   22     0    -109      0    109  0.10967448E+01  0.00000000E+00 0.3939E-12      6
 1036   22     0    -108      0    108  0.11065663E+01  0.00000000E+00 0.3283E-12      6
 1037   22     0    -107      0    107  0.11152286E+01  0.00000000E+00 0.1652E-12      5
 1038   22     0    -106      0    106  0.11249425E+01  0.00000000E+00 0.5290E-13      5
 1039   22     0    -105      0    105  0.11360012E+01  0.00000000E+00 0.1369E-12      6
 1040   22     0    -104      0    104  0.11470481E+01  0.00000000E+00 0.3531E-13      6
 1041   22     0    -103      0    103  0.11567379E+01  0.00000000E+00 0.1934E-12      6
 1042   22     0    -102      0    102  0.11663702E+01  0.00000000E+00 0.6572E-13      6
 1043   22     0    -101      0    101  0.11778368E+01  0.00000000E+00 0.4800E-12      5
 1044   22     0    -100      0    100  0.11899960E+01  0.00000000E+00 0.2254E-12      6
 1045   22     0     -99      0     99  0.12012566E+01  0.00000000E+00 0.2217E-12      6
 1046   22     0     -98      0     98  0.12111866E+01  0.00000000E+00 0.6715E-13      6
 1047   22     0     -97      0     97  0.12226805E+01  0.00000000E+00 0.8331E-13      6
 1048   22     0     -96      0     96  0.12357087E+01  0.00000000E+00 0.1750E-12      6
 1049   22     0     -95      0     95  0.12486109E+01  0.00000000E+00 0.1076E-12      6
 1050   22     0     -94      0     94  0.12597958E+01  0.00000000E+00 0.2582E-12      5
 1051   22     0     -93      0     93  0.12711434E+01  0.00000000E+00 0.9774E-13      6
 1052   22     0     -92      0     92  0.12847763E+01  0.00000000E+00 0.3804E-13      5
 1053   22     0     -91      0     91  0.12991899E+01  0.00000000E+00 0.6911E-13      6
 1054   22     0     -90      0     90  0.13124403E+01  0.00000000E+00 0.1277E-12      6
 1055   22     0     -89      0     89  0.13241496E+01  0.00000000E+00 0.6143E-13      6
 1056   22     0     -88      0     88  0.13380084E+01  0.00000000E+00 0.1448E-12      6
 1057   22     0     -87      0     87  0.13537338E+01  0.00000000E+00 0.1930E-12      5
 1058   22     0     -86      0     86  0.13692381E+01  0.00000000E+00 0.5581E-13      6
 1059   22     0     -85      0     85  0.13824731E+01  0.00000000E+00 0.9789E-13      5
 1060   22     0     -84      0     84  0.13962358E+01  0.00000000E+00 0.4709E-13      5
 1061   22     0     -83      0     83  0.14129714E+01  0.00000000E+00 0.1030E-12      5
 1062   22     0     -82      0     82  0.14305510E+01  0.00000000E+00 0.8109E-13      6
 1063   22     0     -81      0     81  0.14463273E+01  0.00000000E+00 0.1073E-12      6
 1064   22     0     -80      0     80  0.14603357E+01  0.00000000E+00 0.4344E-13      6
 1065   22     0     -79      0     79  0.14776264E+01  0.00000000E+00 0.1222E-12      6
 1066   22     0     -78      0     78  0.14970248E+01  0.00000000E+00 0.1091E-12      6
 1067   22     0     -77      0     77  0.15156177E+01  0.00000000E+00 0.1969E-12      6
 1068   22     0     -76      0     76  0.15310290E+01  0.00000000E+00 0.9753E-14      6
 1069   22     0     -75      0     75  0.15485083E+01  0.00000000E+00 0.4615E-13      6
 1070   22     0     -74      0     74  0.15695483E+01  0.00000000E+00 0.5409E-13      6
 1071   22     0     -73      0     73  0.15909193E+01  0.00000000E+00 0.3295E-13      6
 1072   22     0     -72      0     72  0.16090336E+01  0.00000000E+00 0.5819E-13      6
 1073   22     0     -71      0     71  0.16266393E+01  0.00000000E+00 0.9928E-13      6
 1074   22     0     -70      0     70  0.16489651E+01  0.00000000E+00 0.1182E-12      6
 1075   22     0     -69      0     69  0.16729287E+01  0.00000000E+00 0.2317E-13      6
 1076   22     0     -68      0     68  0.16944965E+01  0.00000000E+00 0.6159E-13      6
  Time elapsed :      5.767 s

Mode Search
-----------

Mode parameters
   l : 23
   m : 0

Building frequency grid (REAL axis)
   added scan interval :  0.5233E+00 ->  0.2103E+01 (3000 points, INVERSE)

Building spatial grid
   Scaffold grid from model
   Split 260 subinterval(s) in iteration 1
   Split 30 subinterval(s) in iteration 2
   Split 0 subinterval(s) in iteration 3
   Final grid has 1 segment(s) and 7437 point(s):
      Segment 1 : x range 0.0000 -> 1.0011 (1 -> 7437)

Starting search (adiabatic)

Scanning frequencies
  Time elapsed :     1.813 s

Finding roots
  Time elapsed :      0.490 s

Processing modes
   id    l     m    n_pg    n_p    n_g       Re(omega)       Im(omega)        chi n_iter
 1119   23     0    -215      0    215  0.59007143E+00  0.00000000E+00 0.3832E-12      6
 1120   23     0    -214      0    214  0.59273994E+00  0.00000000E+00 0.1827E-12      6
 1121   23     0    -213      0    213  0.59561575E+00  0.00000000E+00 0.5064E-12      6
 1122   23     0    -212      0    212  0.59851390E+00  0.00000000E+00 0.1202E-12      6
 1123   23     0    -211      0    211  0.60124189E+00  0.00000000E+00 0.4064E-12      6
 1124   23     0    -210      0    210  0.60392095E+00  0.00000000E+00 0.4645E-12      6
 1125   23     0    -209      0    209  0.60681478E+00  0.00000000E+00 0.1070E-12      6
 1126   23     0    -208      0    208  0.60982443E+00  0.00000000E+00 0.6573E-12      6
 1127   23     0    -207      0    207  0.61273348E+00  0.00000000E+00 0.1454E-12      6
 1128   23     0    -206      0    206  0.61554579E+00  0.00000000E+00 0.1766E-13      6
 1129   23     0    -205      0    205  0.61850874E+00  0.00000000E+00 0.1883E-12      6
 1130   23     0    -204      0    204  0.62161898E+00  0.00000000E+00 0.3313E-12      6
 1131   23     0    -203      0    203  0.62466516E+00  0.00000000E+00 0.4849E-13      6
 1132   23     0    -202      0    202  0.62758698E+00  0.00000000E+00 0.2350E-12      6
 1133   23     0    -201      0    201  0.63063472E+00  0.00000000E+00 0.4522E-12      6
 1134   23     0    -200      0    200  0.63387244E+00  0.00000000E+00 0.4067E-12      6
 1135   23     0    -199      0    199  0.63708206E+00  0.00000000E+00 0.3545E-12      6
 1136   23     0    -198      0    198  0.64011965E+00  0.00000000E+00 0.2486E-12      6
 1137   23     0    -197      0    197  0.64323401E+00  0.00000000E+00 0.1812E-12      6
 1138   23     0    -196      0    196  0.64659880E+00  0.00000000E+00 0.1326E-12      6
 1139   23     0    -195      0    195  0.65000356E+00  0.00000000E+00 0.4261E-13      6
 1140   23     0    -194      0    194  0.65319609E+00  0.00000000E+00 0.2602E-12      6
 1141   23     0    -193      0    193  0.65634502E+00  0.00000000E+00 0.2602E-12      5
 1142   23     0    -192      0    192  0.65979885E+00  0.00000000E+00 0.4002E-13      6
 1143   23     0    -191      0    191  0.66341170E+00  0.00000000E+00 0.2364E-12      5
 1144   23     0    -190      0    190  0.66685373E+00  0.00000000E+00 0.2472E-12      6
 1145   23     0    -189      0    189  0.67006771E+00  0.00000000E+00 0.6219E-13      6
 1146   23     0    -188      0    188  0.67353007E+00  0.00000000E+00 0.1039E-12      5
 1147   23     0    -187      0    187  0.67729376E+00  0.00000000E+00 0.7579E-14      6
 1148   23     0    -186      0    186  0.68102167E+00  0.00000000E+00 0.5267E-12      6
 1149   23     0    -185      0    185  0.68446309E+00  0.00000000E+00 0.3003E-12      6
 1150   23     0    -184      0    184  0.68794096E+00  0.00000000E+00 0.8364E-12      5
 1151   23     0    -183      0    183  0.69177656E+00  0.00000000E+00 0.7422E-13      6
 1152   23     0    -182      0    182  0.69571022E+00  0.00000000E+00 0.3936E-13      6
 1153   23     0    -181      0    181  0.69940502E+00  0.00000000E+00 0.9372E-13      6
 1154   23     0    -180      0    180  0.70298261E+00  0.00000000E+00 0.3006E-12      6
 1155   23     0    -179      0    179  0.70689285E+00  0.00000000E+00 0.2673E-13      6
 1156   23     0    -178      0    178  0.71101643E+00  0.00000000E+00 0.9773E-13      6
 1157   23     0    -177      0    177  0.71499075E+00  0.00000000E+00 0.2604E-12      6
 1158   23     0    -176      0    176  0.71873809E+00  0.00000000E+00 0.2158E-12      6
 1159   23     0    -175      0    175  0.72271101E+00  0.00000000E+00 0.1499E-12      6
 1160   23     0    -174      0    174  0.72698394E+00  0.00000000E+00 0.1301E-12      6
 1161   23     0    -173      0    173  0.73120265E+00  0.00000000E+00 0.2159E-12      5
 1162   23     0    -172      0    172  0.73514959E+00  0.00000000E+00 0.6120E-12      6
 1163   23     0    -171      0    171  0.73921966E+00  0.00000000E+00 0.1574E-12      5
 1164   23     0    -170      0    170  0.74366487E+00  0.00000000E+00 0.8899E-13      6
 1165   23     0    -169      0    169  0.74817020E+00  0.00000000E+00 0.2941E-12      6
 1166   23     0    -168      0    168  0.75238602E+00  0.00000000E+00 0.5920E-13      6
 1167   23     0    -167      0    167  0.75654428E+00  0.00000000E+00 0.4353E-12      5
 1168   23     0    -166      0    166  0.76111281E+00  0.00000000E+00 0.4355E-13      6
 1169   23     0    -165      0    165  0.76587479E+00  0.00000000E+00 0.1733E-12      6
 1170   23     0    -164      0    164  0.77038605E+00  0.00000000E+00 0.2271E-12      6
 1171   23     0    -163      0    163  0.77467287E+00  0.00000000E+00 0.4764E-14      5
 1172   23     0    -162      0    162  0.77935861E+00  0.00000000E+00 0.3962E-12      6
 1173   23     0    -161      0    161  0.78439211E+00  0.00000000E+00 0.8967E-13      6
 1174   23     0    -160      0    160  0.78928586E+00  0.00000000E+00 0.5859E-13      6
 1175   23     0    -159      0    159  0.79378103E+00  0.00000000E+00 0.1666E-12      6
 1176   23     0    -158      0    158  0.79850956E+00  0.00000000E+00 0.1116E-12      5
 1177   23     0    -157      0    157  0.80374886E+00  0.00000000E+00 0.1128E-13      6
 1178   23     0    -156      0    156  0.80902302E+00  0.00000000E+00 0.1244E-12      6
 1179   23     0    -155      0    155  0.81384991E+00  0.00000000E+00 0.1955E-13      6
 1180   23     0    -154      0    154  0.81864239E+00  0.00000000E+00 0.2960E-12      5
 1181   23     0    -153      0    153  0.82405497E+00  0.00000000E+00 0.1819E-14      5
 1182   23     0    -152      0    152  0.82972374E+00  0.00000000E+00 0.2162E-12      6
 1183   23     0    -151      0    151  0.83503153E+00  0.00000000E+00 0.1729E-12      6
 1184   23     0    -150      0    150  0.83994732E+00  0.00000000E+00 0.3743E-13      5
 1185   23     0    -149      0    149  0.84542053E+00  0.00000000E+00 0.1209E-12      5
 1186   23     0    -148      0    148  0.85139613E+00  0.00000000E+00 0.1664E-12      6
 1187   23     0    -147      0    147  0.85720509E+00  0.00000000E+00 0.1365E-12      5
 1188   23     0    -146      0    146  0.86245493E+00  0.00000000E+00 0.2478E-12      5
 1189   23     0    -145      0    145  0.86799567E+00  0.00000000E+00 0.1915E-12      5
 1190   23     0    -144      0    144  0.87421888E+00  0.00000000E+00 0.8182E-13      6
 1191   23     0    -143      0    143  0.88049695E+00  0.00000000E+00 0.4048E-12      6
 1192   23     0    -142      0    142  0.88620941E+00  0.00000000E+00 0.9881E-13      6
 1193   23     0    -141      0    141  0.89186133E+00  0.00000000E+00 0.1564E-12      6
 1194   23     0    -140      0    140  0.89827842E+00  0.00000000E+00 0.3587E-12      6
 1195   23     0    -139      0    139  0.90498635E+00  0.00000000E+00 0.1059E-12      6
 1196   23     0    -138      0    138  0.91122988E+00  0.00000000E+00 0.2463E-13      6
 1197   23     0    -137      0    137  0.91709852E+00  0.00000000E+00 0.1069E-12      5
 1198   23     0    -136      0    136  0.92370597E+00  0.00000000E+00 0.2776E-12      5
 1199   23     0    -135      0    135  0.93086105E+00  0.00000000E+00 0.1568E-12      6
 1200   23     0    -134      0    134  0.93772900E+00  0.00000000E+00 0.2393E-12      6
 1201   23     0    -133      0    133  0.94390782E+00  0.00000000E+00 0.9997E-13      5
 1202   23     0    -132      0    132  0.95061459E+00  0.00000000E+00 0.1053E-12      6
 1203   23     0    -131      0    131  0.95815739E+00  0.00000000E+00 0.1211E-12      6
 1204   23     0    -130      0    130  0.96568049E+00  0.00000000E+00 0.1186E-12      6
 1205   23     0    -129      0    129  0.97242513E+00  0.00000000E+00 0.2269E-12      6
 1206   23     0    -128      0    128  0.97924910E+00  0.00000000E+00 0.1270E-12      6
 1207   23     0    -127      0    127  0.98708990E+00  0.00000000E+00 0.1230E-12      6
 1208   23     0    -126      0    126  0.99521199E+00  0.00000000E+00 0.1772E-12      5
 1209   23     0    -125      0    125  0.10026456E+01  0.00000000E+00 0.1632E-12      6
 1210   23     0    -124      0    124  0.10096797E+01  0.00000000E+00 0.6600E-13      5
 1211   23     0    -123      0    123  0.10177669E+01  0.00000000E+00 0.5210E-12      5
 1212   23     0    -122      0    122  0.10264923E+01  0.00000000E+00 0.4689E-13      5
 1213   23     0    -121      0    121  0.10347855E+01  0.00000000E+00 0.1053E-12      6
 1214   23     0    -120      0    120  0.10421990E+01  0.00000000E+00 0.5189E-12      5
 1215   23     0    -119      0    119  0.10503941E+01  0.00000000E+00 0.2744E-12      6
 1216   23     0    -118      0    118  0.10596497E+01  0.00000000E+00 0.5858E-13      6
 1217   23     0    -117      0    117  0.10688611E+01  0.00000000E+00 0.1301E-12      6
 1218   23     0    -116      0    116  0.10770127E+01  0.00000000E+00 0.3258E-13      6
 1219   23     0    -115      0    115  0.10852761E+01  0.00000000E+00 0.2264E-12      6
 1220   23     0    -114      0    114  0.10949322E+01  0.00000000E+00 0.1481E-12      6
 1221   23     0    -113      0    113  0.11049970E+01  0.00000000E+00 0.3745E-12      6
 1222   23     0    -112      0    112  0.11141696E+01  0.00000000E+00 0.2381E-12      6
 1223   23     0    -111      0    111  0.11226392E+01  0.00000000E+00 0.6254E-13      6
 1224   23     0    -110      0    110  0.11325180E+01  0.00000000E+00 0.1452E-12      5
 1225   23     0    -109      0    109  0.11433384E+01  0.00000000E+00 0.1528E-12      5
 1226   23     0    -108      0    108  0.11537235E+01  0.00000000E+00 0.1510E-12      6
 1227   23     0    -107      0    107  0.11628068E+01  0.00000000E+00 0.4906E-13      5
 1228   23     0    -106      0    106  0.11726690E+01  0.00000000E+00 0.2227E-12      6
 1229   23     0    -105      0    105  0.11840672E+01  0.00000000E+00 0.3713E-13      6
 1230   23     0    -104      0    104  0.11956557E+01  0.00000000E+00 0.1581E-12      6
 1231   23     0    -103      0    103  0.12059626E+01  0.00000000E+00 0.2994E-13      6
 1232   23     0    -102      0    102  0.12157875E+01  0.00000000E+00 0.1805E-12      6
 1233   23     0    -101      0    101  0.12274833E+01  0.00000000E+00 0.8995E-13      5
 1234   23     0    -100      0    100  0.12401226E+01  0.00000000E+00 0.2658E-12      6
 1235   23     0     -99      0     99  0.12520815E+01  0.00000000E+00 0.1957E-13      6
 1236   23     0     -98      0     98  0.12624525E+01  0.00000000E+00 0.9662E-14      6
 1237   23     0     -97      0     97  0.12740454E+01  0.00000000E+00 0.5761E-13      6
 1238   23     0     -96      0     96  0.12874552E+01  0.00000000E+00 0.2689E-12      6
 1239   23     0     -95      0     95  0.13010111E+01  0.00000000E+00 0.8447E-13      6
 1240   23     0     -94      0     94  0.13129442E+01  0.00000000E+00 0.2203E-12      5
 1241   23     0     -93      0     93  0.13244316E+01  0.00000000E+00 0.3617E-13      6
 1242   23     0     -92      0     92  0.13382946E+01  0.00000000E+00 0.4718E-14      5
 1243   23     0     -91      0     91  0.13532751E+01  0.00000000E+00 0.4390E-13      6
 1244   23     0     -90      0     90  0.13673961E+01  0.00000000E+00 0.1215E-12      6
 1245   23     0     -89      0     89  0.13795888E+01  0.00000000E+00 0.2880E-12      5
 1246   23     0     -88      0     88  0.13934959E+01  0.00000000E+00 0.8503E-13      5
 1247   23     0     -87      0     87  0.14096618E+01  0.00000000E+00 0.1833E-13      6
 1248   23     0     -86      0     86  0.14259744E+01  0.00000000E+00 0.8503E-13      6
 1249   23     0     -85      0     85  0.14401266E+01  0.00000000E+00 0.1679E-13      6
 1250   23     0     -84      0     84  0.14539361E+01  0.00000000E+00 0.1764E-12      6
 1251   23     0     -83      0     83  0.14709150E+01  0.00000000E+00 0.1333E-13      5
 1252   23     0     -82      0     82  0.14891867E+01  0.00000000E+00 0.1043E-12      6
 1253   23     0     -81      0     81  0.15060793E+01  0.00000000E+00 0.1197E-12      6
 1254   23     0     -80      0     80  0.15205077E+01  0.00000000E+00 0.1899E-13      6
 1255   23     0     -79      0     79  0.15377839E+01  0.00000000E+00 0.9627E-13      6
 1256   23     0     -78      0     78  0.15577422E+01  0.00000000E+00 0.1977E-12      6
 1257   23     0     -77      0     77  0.15774104E+01  0.00000000E+00 0.8986E-13      6
 1258   23     0     -76      0     76  0.15937917E+01  0.00000000E+00 0.5762E-13      5
 1259   23     0     -75      0     75  0.16111218E+01  0.00000000E+00 0.2007E-12      6
 1260   23     0     -74      0     74  0.16325369E+01  0.00000000E+00 0.3023E-13      5
 1261   23     0     -73      0     73  0.16548435E+01  0.00000000E+00 0.2576E-13      6
 1262   23     0     -72      0     72  0.16743233E+01  0.00000000E+00 0.4536E-13      6
 1263   23     0     -71      0     71  0.16919485E+01  0.00000000E+00 0.6744E-13      6
  Time elapsed :      6.089 s

Mode Search
-----------

Mode parameters
   l : 24
   m : 0

Building frequency grid (REAL axis)
   added scan interval :  0.5233E+00 ->  0.2103E+01 (3000 points, INVERSE)

Building spatial grid
   Scaffold grid from model
   Split 262 subinterval(s) in iteration 1
   Split 53 subinterval(s) in iteration 2
   Split 0 subinterval(s) in iteration 3
   Final grid has 1 segment(s) and 7462 point(s):
      Segment 1 : x range 0.0000 -> 1.0011 (1 -> 7462)

Starting search (adiabatic)

Scanning frequencies
  Time elapsed :     1.784 s

Finding roots
  Time elapsed :      0.516 s

Processing modes
   id    l     m    n_pg    n_p    n_g       Re(omega)       Im(omega)        chi n_iter
 1308   24     0    -224      0    224  0.59054811E+00  0.00000000E+00 0.1638E-12      6
 1309   24     0    -223      0    223  0.59305410E+00  0.00000000E+00 0.6056E-13      6
 1310   24     0    -222      0    222  0.59571888E+00  0.00000000E+00 0.4090E-12      6
 1311   24     0    -221      0    221  0.59849339E+00  0.00000000E+00 0.3916E-12      6
 1312   24     0    -220      0    220  0.60119154E+00  0.00000000E+00 0.2480E-12      6
 1313   24     0    -219      0    219  0.60378789E+00  0.00000000E+00 0.1480E-12      5
 1314   24     0    -218      0    218  0.60650652E+00  0.00000000E+00 0.3678E-12      6
 1315   24     0    -217      0    217  0.60937829E+00  0.00000000E+00 0.4073E-12      6
 1316   24     0    -216      0    216  0.61220665E+00  0.00000000E+00 0.7048E-13      6
 1317   24     0    -215      0    215  0.61488578E+00  0.00000000E+00 0.4182E-12      6
 1318   24     0    -214      0    214  0.61765313E+00  0.00000000E+00 0.1798E-13      6
 1319   24     0    -213      0    213  0.62064016E+00  0.00000000E+00 0.2185E-12      5
 1320   24     0    -212      0    212  0.62366336E+00  0.00000000E+00 0.3274E-13      6
 1321   24     0    -211      0    211  0.62651465E+00  0.00000000E+00 0.1845E-12      6
 1322   24     0    -210      0    210  0.62929754E+00  0.00000000E+00 0.3565E-12      6
 1323   24     0    -209      0    209  0.63229877E+00  0.00000000E+00 0.6300E-12      5
 1324   24     0    -208      0    208  0.63543355E+00  0.00000000E+00 0.3502E-12      6
 1325   24     0    -207      0    207  0.63847317E+00  0.00000000E+00 0.1281E-12      5
 1326   24     0    -206      0    206  0.64140058E+00  0.00000000E+00 0.2576E-12      5
 1327   24     0    -205      0    205  0.64447304E+00  0.00000000E+00 0.3844E-12      6
 1328   24     0    -204      0    204  0.64770877E+00  0.00000000E+00 0.6739E-13      6
 1329   24     0    -203      0    203  0.65089053E+00  0.00000000E+00 0.1099E-13      6
 1330   24     0    -202      0    202  0.65393554E+00  0.00000000E+00 0.6235E-12      6
 1331   24     0    -201      0    201  0.65709517E+00  0.00000000E+00 0.2072E-12      6
 1332   24     0    -200      0    200  0.66045989E+00  0.00000000E+00 0.5701E-12      5
 1333   24     0    -199      0    199  0.66381139E+00  0.00000000E+00 0.5012E-13      6
 1334   24     0    -198      0    198  0.66698251E+00  0.00000000E+00 0.7638E-13      6
 1335   24     0    -197      0    197  0.67021064E+00  0.00000000E+00 0.8661E-13      5
 1336   24     0    -196      0    196  0.67370189E+00  0.00000000E+00 0.2454E-12      6
 1337   24     0    -195      0    195  0.67725362E+00  0.00000000E+00 0.3799E-12      6
 1338   24     0    -194      0    194  0.68059374E+00  0.00000000E+00 0.4124E-12      6
 1339   24     0    -193      0    193  0.68386139E+00  0.00000000E+00 0.1096E-12      6
 1340   24     0    -192      0    192  0.68743766E+00  0.00000000E+00 0.7993E-13      6
 1341   24     0    -191      0    191  0.69119887E+00  0.00000000E+00 0.7045E-13      6
 1342   24     0    -190      0    190  0.69480240E+00  0.00000000E+00 0.1249E-12      6
 1343   24     0    -189      0    189  0.69815136E+00  0.00000000E+00 0.1854E-12      6
 1344   24     0    -188      0    188  0.70173040E+00  0.00000000E+00 0.1437E-15      5
 1345   24     0    -187      0    187  0.70563879E+00  0.00000000E+00 0.3490E-12      6
 1346   24     0    -186      0    186  0.70953436E+00  0.00000000E+00 0.1157E-12      6
 1347   24     0    -185      0    185  0.71313448E+00  0.00000000E+00 0.6622E-13      6
 1348   24     0    -184      0    184  0.71673419E+00  0.00000000E+00 0.1077E-11      5
 1349   24     0    -183      0    183  0.72070705E+00  0.00000000E+00 0.3979E-12      6
 1350   24     0    -182      0    182  0.72480845E+00  0.00000000E+00 0.1886E-12      6
 1351   24     0    -181      0    181  0.72867726E+00  0.00000000E+00 0.1946E-12      6
 1352   24     0    -180      0    180  0.73239162E+00  0.00000000E+00 0.4177E-12      6
 1353   24     0    -179      0    179  0.73643546E+00  0.00000000E+00 0.5486E-13      6
 1354   24     0    -178      0    178  0.74072543E+00  0.00000000E+00 0.4302E-12      6
 1355   24     0    -177      0    177  0.74488393E+00  0.00000000E+00 0.7368E-13      6
 1356   24     0    -176      0    176  0.74878840E+00  0.00000000E+00 0.9419E-13      6
 1357   24     0    -175      0    175  0.75289502E+00  0.00000000E+00 0.2680E-12      6
 1358   24     0    -174      0    174  0.75733110E+00  0.00000000E+00 0.3725E-12      6
 1359   24     0    -173      0    173  0.76174011E+00  0.00000000E+00 0.3171E-12      6
 1360   24     0    -172      0    172  0.76586321E+00  0.00000000E+00 0.1667E-12      6
 1361   24     0    -171      0    171  0.77007206E+00  0.00000000E+00 0.7708E-12      5
 1362   24     0    -170      0    170  0.77467757E+00  0.00000000E+00 0.2977E-12      6
 1363   24     0    -169      0    169  0.77937774E+00  0.00000000E+00 0.6219E-13      6
 1364   24     0    -168      0    168  0.78379125E+00  0.00000000E+00 0.1786E-12      6
 1365   24     0    -167      0    167  0.78809946E+00  0.00000000E+00 0.6703E-12      5
 1366   24     0    -166      0    166  0.79282181E+00  0.00000000E+00 0.2426E-12      5
 1367   24     0    -165      0    165  0.79777913E+00  0.00000000E+00 0.1495E-13      6
 1368   24     0    -164      0    164  0.80250562E+00  0.00000000E+00 0.1439E-12      6
 1369   24     0    -163      0    163  0.80696150E+00  0.00000000E+00 0.1384E-13      5
 1370   24     0    -162      0    162  0.81179575E+00  0.00000000E+00 0.1795E-13      5
 1371   24     0    -161      0    161  0.81702227E+00  0.00000000E+00 0.2388E-13      6
 1372   24     0    -160      0    160  0.82214435E+00  0.00000000E+00 0.3689E-13      6
 1373   24     0    -159      0    159  0.82684097E+00  0.00000000E+00 0.3417E-12      6
 1374   24     0    -158      0    158  0.83171568E+00  0.00000000E+00 0.4512E-14      5
 1375   24     0    -157      0    157  0.83713938E+00  0.00000000E+00 0.4929E-12      6
 1376   24     0    -156      0    156  0.84264670E+00  0.00000000E+00 0.2780E-13      6
 1377   24     0    -155      0    155  0.84770956E+00  0.00000000E+00 0.1397E-12      6
 1378   24     0    -154      0    154  0.85266087E+00  0.00000000E+00 0.6200E-13      5
 1379   24     0    -153      0    153  0.85824568E+00  0.00000000E+00 0.1154E-12      5
 1380   24     0    -152      0    152  0.86414602E+00  0.00000000E+00 0.4137E-13      6
 1381   24     0    -151      0    151  0.86971782E+00  0.00000000E+00 0.2836E-13      6
 1382   24     0    -150      0    150  0.87482855E+00  0.00000000E+00 0.1236E-12      5
 1383   24     0    -149      0    149  0.88045869E+00  0.00000000E+00 0.3676E-12      5
 1384   24     0    -148      0    148  0.88665777E+00  0.00000000E+00 0.6907E-13      5
 1385   24     0    -147      0    147  0.89274234E+00  0.00000000E+00 0.3747E-13      6
 1386   24     0    -146      0    146  0.89823486E+00  0.00000000E+00 0.2437E-14      6
 1387   24     0    -145      0    145  0.90393315E+00  0.00000000E+00 0.2342E-13      5
 1388   24     0    -144      0    144  0.91036716E+00  0.00000000E+00 0.8718E-13      6
 1389   24     0    -143      0    143  0.91692301E+00  0.00000000E+00 0.5104E-13      6
 1390   24     0    -142      0    142  0.92292040E+00  0.00000000E+00 0.2464E-12      6
 1391   24     0    -141      0    141  0.92875123E+00  0.00000000E+00 0.6643E-15      5
 1392   24     0    -140      0    140  0.93536373E+00  0.00000000E+00 0.9950E-13      5
 1393   24     0    -139      0    139  0.94234736E+00  0.00000000E+00 0.1335E-13      6
 1394   24     0    -138      0    138  0.94890803E+00  0.00000000E+00 0.8796E-13      6
 1395   24     0    -137      0    137  0.95499548E+00  0.00000000E+00 0.7228E-12      5
 1396   24     0    -136      0    136  0.96178354E+00  0.00000000E+00 0.1618E-12      5
 1397   24     0    -135      0    135  0.96920728E+00  0.00000000E+00 0.3959E-12      6
 1398   24     0    -134      0    134  0.97641508E+00  0.00000000E+00 0.2388E-12      6
 1399   24     0    -133      0    133  0.98287407E+00  0.00000000E+00 0.7005E-12      5
 1400   24     0    -132      0    132  0.98974841E+00  0.00000000E+00 0.1344E-13      6
 1401   24     0    -131      0    131  0.99754399E+00  0.00000000E+00 0.3468E-12      5
 1402   24     0    -130      0    130  0.10054139E+01  0.00000000E+00 0.2645E-12      6
 1403   24     0    -129      0    129  0.10125075E+01  0.00000000E+00 0.3127E-13      6
 1404   24     0    -128      0    128  0.10195153E+01  0.00000000E+00 0.3493E-12      5
 1405   24     0    -127      0    127  0.10275819E+01  0.00000000E+00 0.1904E-12      6
 1406   24     0    -126      0    126  0.10360460E+01  0.00000000E+00 0.4538E-13      6
 1407   24     0    -125      0    125  0.10438824E+01  0.00000000E+00 0.1252E-12      6
 1408   24     0    -124      0    124  0.10511526E+01  0.00000000E+00 0.1214E-12      6
 1409   24     0    -123      0    123  0.10594330E+01  0.00000000E+00 0.1322E-12      5
 1410   24     0    -122      0    122  0.10684845E+01  0.00000000E+00 0.1536E-12      5
 1411   24     0    -121      0    121  0.10772137E+01  0.00000000E+00 0.1130E-12      6
 1412   24     0    -120      0    120  0.10849658E+01  0.00000000E+00 0.2496E-12      5
 1413   24     0    -119      0    119  0.10933227E+01  0.00000000E+00 0.1830E-12      6
 1414   24     0    -118      0    118  0.11028711E+01  0.00000000E+00 0.2377E-12      5
 1415   24     0    -117      0    117  0.11125204E+01  0.00000000E+00 0.3614E-12      6
 1416   24     0    -116      0    116  0.11211313E+01  0.00000000E+00 0.2536E-12      6
 1417   24     0    -115      0    115  0.11295738E+01  0.00000000E+00 0.4715E-13      6
 1418   24     0    -114      0    114  0.11394662E+01  0.00000000E+00 0.1009E-12      5
 1419   24     0    -113      0    113  0.11499467E+01  0.00000000E+00 0.3877E-13      6
 1420   24     0    -112      0    112  0.11596604E+01  0.00000000E+00 0.1831E-12      6
 1421   24     0    -111      0    111  0.11684149E+01  0.00000000E+00 0.1151E-12      5
 1422   24     0    -110      0    110  0.11784571E+01  0.00000000E+00 0.2377E-12      6
 1423   24     0    -109      0    109  0.11896477E+01  0.00000000E+00 0.1942E-12      6
 1424   24     0    -108      0    108  0.12005886E+01  0.00000000E+00 0.1166E-12      6
 1425   24     0    -107      0    107  0.12101529E+01  0.00000000E+00 0.1509E-12      5
 1426   24     0    -106      0    106  0.12201381E+01  0.00000000E+00 0.8955E-13      5
 1427   24     0    -105      0    105  0.12318258E+01  0.00000000E+00 0.2206E-12      6
 1428   24     0    -104      0    104  0.12439280E+01  0.00000000E+00 0.6723E-13      6
 1429   24     0    -103      0    103  0.12548904E+01  0.00000000E+00 0.1237E-12      6
 1430   24     0    -102      0    102  0.12649479E+01  0.00000000E+00 0.4360E-13      6
 1431   24     0    -101      0    101  0.12768035E+01  0.00000000E+00 0.5100E-13      5
 1432   24     0    -100      0    100  0.12898777E+01  0.00000000E+00 0.3611E-13      6
 1433   24     0     -99      0     99  0.13025216E+01  0.00000000E+00 0.2999E-12      6
 1434   24     0     -98      0     98  0.13134316E+01  0.00000000E+00 0.4817E-12      5
 1435   24     0     -97      0     97  0.13250758E+01  0.00000000E+00 0.1089E-12      6
 1436   24     0     -96      0     96  0.13387957E+01  0.00000000E+00 0.2298E-12      5
 1437   24     0     -95      0     95  0.13529608E+01  0.00000000E+00 0.1105E-12      6
 1438   24     0     -94      0     94  0.13657028E+01  0.00000000E+00 0.2463E-13      6
 1439   24     0     -93      0     93  0.13773907E+01  0.00000000E+00 0.1259E-12      6
 1440   24     0     -92      0     92  0.13913825E+01  0.00000000E+00 0.5494E-13      6
 1441   24     0     -91      0     91  0.14068650E+01  0.00000000E+00 0.9002E-13      6
 1442   24     0     -90      0     90  0.14218331E+01  0.00000000E+00 0.3320E-13      6
 1443   24     0     -89      0     89  0.14346579E+01  0.00000000E+00 0.3232E-14      5
 1444   24     0     -88      0     88  0.14485407E+01  0.00000000E+00 0.1588E-12      5
 1445   24     0     -87      0     87  0.14650485E+01  0.00000000E+00 0.1673E-12      5
 1446   24     0     -86      0     86  0.14821008E+01  0.00000000E+00 0.1047E-12      6
 1447   24     0     -85      0     85  0.14972648E+01  0.00000000E+00 0.1129E-12      5
 1448   24     0     -84      0     84  0.15111963E+01  0.00000000E+00 0.8482E-13      6
 1449   24     0     -83      0     83  0.15282742E+01  0.00000000E+00 0.3037E-13      6
 1450   24     0     -82      0     82  0.15471466E+01  0.00000000E+00 0.8579E-13      6
 1451   24     0     -81      0     81  0.15651279E+01  0.00000000E+00 0.1130E-12      6
 1452   24     0     -80      0     80  0.15801964E+01  0.00000000E+00 0.9053E-13      6
 1453   24     0     -79      0     79  0.15973227E+01  0.00000000E+00 0.2008E-12      6
 1454   24     0     -78      0     78  0.16177178E+01  0.00000000E+00 0.8701E-15      5
 1455   24     0     -77      0     77  0.16383697E+01  0.00000000E+00 0.5794E-13      6
 1456   24     0     -76      0     76  0.16559201E+01  0.00000000E+00 0.1026E-12      6
 1457   24     0     -75      0     75  0.16730932E+01  0.00000000E+00 0.2628E-13      6
 1458   24     0     -74      0     74  0.16947001E+01  0.00000000E+00 0.1560E-13      6
  Time elapsed :      6.378 s

Mode Search
-----------

Mode parameters
   l : 25
   m : 0

Building frequency grid (REAL axis)
   added scan interval :  0.5233E+00 ->  0.2103E+01 (3000 points, INVERSE)

Building spatial grid
   Scaffold grid from model
   Split 264 subinterval(s) in iteration 1
   Split 83 subinterval(s) in iteration 2
   Split 9 subinterval(s) in iteration 3
   Split 0 subinterval(s) in iteration 4
   Final grid has 1 segment(s) and 7503 point(s):
      Segment 1 : x range 0.0000 -> 1.0011 (1 -> 7503)

Starting search (adiabatic)

Scanning frequencies
  Time elapsed :     1.834 s

Finding roots
  Time elapsed :      0.536 s

Processing modes
   id    l     m    n_pg    n_p    n_g       Re(omega)       Im(omega)        chi n_iter
 1505   25     0    -233      0    233  0.59091986E+00  0.00000000E+00 0.2788E-13      6
 1506   25     0    -232      0    232  0.59333755E+00  0.00000000E+00 0.1664E-12      6
 1507   25     0    -231      0    231  0.59584607E+00  0.00000000E+00 0.2477E-12      5
 1508   25     0    -230      0    230  0.59850507E+00  0.00000000E+00 0.4853E-12      6
 1509   25     0    -229      0    229  0.60116344E+00  0.00000000E+00 0.2511E-12      6
 1510   25     0    -228      0    228  0.60368986E+00  0.00000000E+00 0.6802E-12      6
 1511   25     0    -227      0    227  0.60621900E+00  0.00000000E+00 0.3835E-12      5
 1512   25     0    -226      0    226  0.60892533E+00  0.00000000E+00 0.3133E-12      6
 1513   25     0    -225      0    225  0.61170035E+00  0.00000000E+00 0.3038E-12      6
 1514   25     0    -224      0    224  0.61436656E+00  0.00000000E+00 0.5079E-13      6
 1515   25     0    -223      0    223  0.61696845E+00  0.00000000E+00 0.1623E-12      5
 1516   25     0    -222      0    222  0.61972871E+00  0.00000000E+00 0.3430E-12      5
 1517   25     0    -221      0    221  0.62261252E+00  0.00000000E+00 0.6424E-12      6
 1518   25     0    -220      0    220  0.62542638E+00  0.00000000E+00 0.5678E-13      6
 1519   25     0    -219      0    219  0.62812644E+00  0.00000000E+00 0.1935E-12      6
 1520   25     0    -218      0    218  0.63094127E+00  0.00000000E+00 0.1788E-12      5
 1521   25     0    -217      0    217  0.63392254E+00  0.00000000E+00 0.9490E-13      6
 1522   25     0    -216      0    216  0.63687165E+00  0.00000000E+00 0.1203E-12      6
 1523   25     0    -215      0    215  0.63966290E+00  0.00000000E+00 0.2522E-12      6
 1524   25     0    -214      0    214  0.64252763E+00  0.00000000E+00 0.2765E-12      6
 1525   25     0    -213      0    213  0.64562369E+00  0.00000000E+00 0.1924E-12      6
 1526   25     0    -212      0    212  0.64877146E+00  0.00000000E+00 0.5130E-12      5
 1527   25     0    -211      0    211  0.65174756E+00  0.00000000E+00 0.2156E-12      6
 1528   25     0    -210      0    210  0.65463416E+00  0.00000000E+00 0.2182E-12      5
 1529   25     0    -209      0    209  0.65774016E+00  0.00000000E+00 0.7194E-13      6
 1530   25     0    -208      0    208  0.66099881E+00  0.00000000E+00 0.6049E-13      6
 1531   25     0    -207      0    207  0.66416991E+00  0.00000000E+00 0.9569E-13      6
 1532   25     0    -206      0    206  0.66721318E+00  0.00000000E+00 0.5680E-13      5
 1533   25     0    -205      0    205  0.67039292E+00  0.00000000E+00 0.4494E-12      6
 1534   25     0    -204      0    204  0.67375228E+00  0.00000000E+00 0.3215E-12      6
 1535   25     0    -203      0    203  0.67707004E+00  0.00000000E+00 0.1002E-12      6
 1536   25     0    -202      0    202  0.68023945E+00  0.00000000E+00 0.2564E-12      5
 1537   25     0    -201      0    201  0.68350902E+00  0.00000000E+00 0.1392E-12      6
 1538   25     0    -200      0    200  0.68699830E+00  0.00000000E+00 0.2055E-12      6
 1539   25     0    -199      0    199  0.69049158E+00  0.00000000E+00 0.4140E-12      6
 1540   25     0    -198      0    198  0.69379809E+00  0.00000000E+00 0.6884E-13      5
 1541   25     0    -197      0    197  0.69713859E+00  0.00000000E+00 0.1193E-12      6
 1542   25     0    -196      0    196  0.70075307E+00  0.00000000E+00 0.2553E-12      6
 1543   25     0    -195      0    195  0.70445079E+00  0.00000000E+00 0.4362E-13      6
 1544   25     0    -194      0    194  0.70794073E+00  0.00000000E+00 0.2868E-13      6
 1545   25     0    -193      0    193  0.71132727E+00  0.00000000E+00 0.3786E-13      5
 1546   25     0    -192      0    192  0.71502194E+00  0.00000000E+00 0.8532E-13      6
 1547   25     0    -191      0    191  0.71892925E+00  0.00000000E+00 0.7530E-14      6
 1548   25     0    -190      0    190  0.72269565E+00  0.00000000E+00 0.5027E-12      6
 1549   25     0    -189      0    189  0.72618233E+00  0.00000000E+00 0.3491E-12      6
 1550   25     0    -188      0    188  0.72987419E+00  0.00000000E+00 0.9309E-13      5
 1551   25     0    -187      0    187  0.73392345E+00  0.00000000E+00 0.1929E-12      6
 1552   25     0    -186      0    186  0.73798637E+00  0.00000000E+00 0.1092E-12      6
 1553   25     0    -185      0    185  0.74174878E+00  0.00000000E+00 0.5246E-12      6
 1554   25     0    -184      0    184  0.74546912E+00  0.00000000E+00 0.2254E-12      5
 1555   25     0    -183      0    183  0.74957414E+00  0.00000000E+00 0.3566E-12      5
 1556   25     0    -182      0    182  0.75384133E+00  0.00000000E+00 0.9089E-13      6
 1557   25     0    -181      0    181  0.75788682E+00  0.00000000E+00 0.9311E-13      6
 1558   25     0    -180      0    180  0.76173939E+00  0.00000000E+00 0.8796E-13      6
 1559   25     0    -179      0    179  0.76591159E+00  0.00000000E+00 0.2202E-12      6
 1560   25     0    -178      0    178  0.77036454E+00  0.00000000E+00 0.4773E-12      6
 1561   25     0    -177      0    177  0.77470834E+00  0.00000000E+00 0.2285E-12      6
 1562   25     0    -176      0    176  0.77877323E+00  0.00000000E+00 0.1772E-12      6
 1563   25     0    -175      0    175  0.78300950E+00  0.00000000E+00 0.1229E-12      5
 1564   25     0    -174      0    174  0.78760393E+00  0.00000000E+00 0.4637E-12      6
 1565   25     0    -173      0    173  0.79220279E+00  0.00000000E+00 0.3805E-12      5
 1566   25     0    -172      0    172  0.79650606E+00  0.00000000E+00 0.2496E-12      6
 1567   25     0    -171      0    171  0.80085142E+00  0.00000000E+00 0.2632E-12      5
 1568   25     0    -170      0    170  0.80561123E+00  0.00000000E+00 0.4627E-12      5
 1569   25     0    -169      0    169  0.81050400E+00  0.00000000E+00 0.1340E-12      6
 1570   25     0    -168      0    168  0.81511890E+00  0.00000000E+00 0.9751E-13      6
 1571   25     0    -167      0    167  0.81957795E+00  0.00000000E+00 0.5744E-12      5
 1572   25     0    -166      0    166  0.82444712E+00  0.00000000E+00 0.1286E-12      6
 1573   25     0    -165      0    165  0.82959559E+00  0.00000000E+00 0.7913E-13      6
 1574   25     0    -164      0    164  0.83453963E+00  0.00000000E+00 0.8445E-13      6
 1575   25     0    -163      0    163  0.83916870E+00  0.00000000E+00 0.2221E-12      6
 1576   25     0    -162      0    162  0.84414452E+00  0.00000000E+00 0.2923E-12      5
 1577   25     0    -161      0    161  0.84955781E+00  0.00000000E+00 0.7052E-13      6
 1578   25     0    -160      0    160  0.85490804E+00  0.00000000E+00 0.2170E-12      6
 1579   25     0    -159      0    159  0.85981293E+00  0.00000000E+00 0.3945E-13      6
 1580   25     0    -158      0    158  0.86482953E+00  0.00000000E+00 0.1243E-12      5
 1581   25     0    -157      0    157  0.87042893E+00  0.00000000E+00 0.4231E-12      5
 1582   25     0    -156      0    156  0.87616646E+00  0.00000000E+00 0.1113E-12      6
 1583   25     0    -155      0    155  0.88147185E+00  0.00000000E+00 0.1634E-12      6
 1584   25     0    -154      0    154  0.88658315E+00  0.00000000E+00 0.5448E-12      5
 1585   25     0    -153      0    153  0.89232943E+00  0.00000000E+00 0.6953E-13      5
 1586   25     0    -152      0    152  0.89845544E+00  0.00000000E+00 0.1338E-12      6
 1587   25     0    -151      0    151  0.90429447E+00  0.00000000E+00 0.1737E-13      6
 1588   25     0    -150      0    150  0.90960831E+00  0.00000000E+00 0.7859E-12      5
 1589   25     0    -149      0    149  0.91538470E+00  0.00000000E+00 0.1114E-12      5
 1590   25     0    -148      0    148  0.92179795E+00  0.00000000E+00 0.1650E-12      6
 1591   25     0    -147      0    147  0.92815738E+00  0.00000000E+00 0.3895E-13      6
 1592   25     0    -146      0    146  0.93390358E+00  0.00000000E+00 0.6119E-13      6
 1593   25     0    -145      0    145  0.93975370E+00  0.00000000E+00 0.3352E-13      5
 1594   25     0    -144      0    144  0.94638572E+00  0.00000000E+00 0.1546E-12      6
 1595   25     0    -143      0    143  0.95321490E+00  0.00000000E+00 0.2127E-12      6
 1596   25     0    -142      0    142  0.95950668E+00  0.00000000E+00 0.1053E-12      6
 1597   25     0    -141      0    141  0.96551887E+00  0.00000000E+00 0.1053E-12      6
 1598   25     0    -140      0    140  0.97231144E+00  0.00000000E+00 0.9947E-13      6
 1599   25     0    -139      0    139  0.97956257E+00  0.00000000E+00 0.8240E-13      6
 1600   25     0    -138      0    138  0.98644590E+00  0.00000000E+00 0.3174E-13      6
 1601   25     0    -137      0    137  0.99276320E+00  0.00000000E+00 0.1400E-12      5
 1602   25     0    -136      0    136  0.99971620E+00  0.00000000E+00 0.7556E-12      5
 1603   25     0    -135      0    135  0.10073958E+01  0.00000000E+00 0.2146E-12      6
 1604   25     0    -134      0    134  0.10149432E+01  0.00000000E+00 0.1824E-13      6
 1605   25     0    -133      0    133  0.10217005E+01  0.00000000E+00 0.4827E-13      6
 1606   25     0    -132      0    132  0.10287313E+01  0.00000000E+00 0.4310E-14      6
 1607   25     0    -131      0    131  0.10367608E+01  0.00000000E+00 0.1378E-12      6
 1608   25     0    -130      0    130  0.10449710E+01  0.00000000E+00 0.1469E-12      5
 1609   25     0    -129      0    129  0.10524314E+01  0.00000000E+00 0.7681E-13      6
 1610   25     0    -128      0    128  0.10596254E+01  0.00000000E+00 0.1527E-12      6
 1611   25     0    -127      0    127  0.10678930E+01  0.00000000E+00 0.1333E-12      5
 1612   25     0    -126      0    126  0.10766862E+01  0.00000000E+00 0.2522E-14      6
 1613   25     0    -125      0    125  0.10849356E+01  0.00000000E+00 0.1564E-12      6
 1614   25     0    -124      0    124  0.10924617E+01  0.00000000E+00 0.1262E-12      5
 1615   25     0    -123      0    123  0.11009083E+01  0.00000000E+00 0.3079E-12      5
 1616   25     0    -122      0    122  0.11102654E+01  0.00000000E+00 0.2172E-12      6
 1617   25     0    -121      0    121  0.11194285E+01  0.00000000E+00 0.1811E-12      5
 1618   25     0    -120      0    120  0.11275538E+01  0.00000000E+00 0.1923E-12      6
 1619   25     0    -119      0    119  0.11360549E+01  0.00000000E+00 0.3154E-12      6
 1620   25     0    -118      0    118  0.11458648E+01  0.00000000E+00 0.1477E-12      5
 1621   25     0    -117      0    117  0.11559374E+01  0.00000000E+00 0.5816E-16      6
 1622   25     0    -116      0    116  0.11650379E+01  0.00000000E+00 0.2145E-12      5
 1623   25     0    -115      0    115  0.11736723E+01  0.00000000E+00 0.1356E-12      6
 1624   25     0    -114      0    114  0.11837576E+01  0.00000000E+00 0.2340E-12      5
 1625   25     0    -113      0    113  0.11946279E+01  0.00000000E+00 0.3074E-13      6
 1626   25     0    -112      0    112  0.12048910E+01  0.00000000E+00 0.6371E-13      6
 1627   25     0    -111      0    111  0.12139810E+01  0.00000000E+00 0.4963E-13      5
 1628   25     0    -110      0    110  0.12241426E+01  0.00000000E+00 0.3172E-12      6
 1629   25     0    -109      0    109  0.12356640E+01  0.00000000E+00 0.5202E-13      6
 1630   25     0    -108      0    108  0.12471435E+01  0.00000000E+00 0.6026E-13      6
 1631   25     0    -107      0    107  0.12572509E+01  0.00000000E+00 0.2886E-12      6
 1632   25     0    -106      0    106  0.12673526E+01  0.00000000E+00 0.6698E-13      6
 1633   25     0    -105      0    105  0.12792709E+01  0.00000000E+00 0.1374E-12      5
 1634   25     0    -104      0    104  0.12918515E+01  0.00000000E+00 0.1320E-12      6
 1635   25     0    -103      0    103  0.13034916E+01  0.00000000E+00 0.2998E-12      6
 1636   25     0    -102      0    102  0.13138520E+01  0.00000000E+00 0.6411E-13      5
 1637   25     0    -101      0    101  0.13257959E+01  0.00000000E+00 0.1538E-12      6
 1638   25     0    -100      0    100  0.13392502E+01  0.00000000E+00 0.1784E-13      6
 1639   25     0     -99      0     99  0.13525491E+01  0.00000000E+00 0.6261E-13      6
 1640   25     0     -98      0     98  0.13641001E+01  0.00000000E+00 0.1609E-12      6
 1641   25     0     -97      0     97  0.13757787E+01  0.00000000E+00 0.1579E-12      6
 1642   25     0     -96      0     96  0.13897232E+01  0.00000000E+00 0.1329E-12      5
 1643   25     0     -95      0     95  0.14044428E+01  0.00000000E+00 0.1304E-12      6
 1644   25     0     -94      0     94  0.14180243E+01  0.00000000E+00 0.1371E-12      5
 1645   25     0     -93      0     93  0.14300247E+01  0.00000000E+00 0.2807E-13      6
 1646   25     0     -92      0     92  0.14440408E+01  0.00000000E+00 0.2326E-13      6
 1647   25     0     -91      0     91  0.14599473E+01  0.00000000E+00 0.2978E-12      6
 1648   25     0     -90      0     90  0.14757130E+01  0.00000000E+00 0.1608E-12      6
 1649   25     0     -89      0     89  0.14893223E+01  0.00000000E+00 0.2051E-12      6
 1650   25     0     -88      0     88  0.15031551E+01  0.00000000E+00 0.1197E-12      6
 1651   25     0     -87      0     87  0.15198859E+01  0.00000000E+00 0.7728E-13      5
 1652   25     0     -86      0     86  0.15375968E+01  0.00000000E+00 0.2162E-12      6
 1653   25     0     -85      0     85  0.15538172E+01  0.00000000E+00 0.1001E-12      6
 1654   25     0     -84      0     84  0.15680271E+01  0.00000000E+00 0.6636E-13      6
 1655   25     0     -83      0     83  0.15850499E+01  0.00000000E+00 0.2483E-13      6
 1656   25     0     -82      0     82  0.16044165E+01  0.00000000E+00 0.1947E-13      6
 1657   25     0     -81      0     81  0.16234163E+01  0.00000000E+00 0.3345E-13      6
 1658   25     0     -80      0     80  0.16393680E+01  0.00000000E+00 0.3741E-13      5
 1659   25     0     -79      0     79  0.16562615E+01  0.00000000E+00 0.4080E-13      6
 1660   25     0     -78      0     78  0.16769432E+01  0.00000000E+00 0.3304E-12      5
 1661   25     0     -77      0     77  0.16984666E+01  0.00000000E+00 0.2420E-13      6
  Time elapsed :      6.586 s

gyre [9.1.1]
------------

OpenMP Threads   : 16
Input filename   : gyre_nad_wide_hi.in

Model Init
----------

Reading from MESA file
   File name ../mesa/LOGS/profile255.data.GYRE
   File version 1.01
   Read 7147 points
   No need to add central point

Mode Search
-----------

Mode parameters
   l : 16
   m : 0

Building frequency grid (REAL axis)
   added scan interval :  0.5233E+00 ->  0.2103E+01 (3000 points, INVERSE)

Building spatial grid
   Scaffold grid from model
   Split 235 subinterval(s) in iteration 1
   Split 25 subinterval(s) in iteration 2
   Split 0 subinterval(s) in iteration 3
   Final grid has 1 segment(s) and 7407 point(s):
      Segment 1 : x range 0.0000 -> 1.0011 (1 -> 7407)

Starting search (adiabatic)

Scanning frequencies
  Time elapsed :    35.040 s

Finding roots
  Time elapsed :      7.558 s

Processing modes
   id    l     m    n_pg    n_p    n_g       Re(omega)       Im(omega)        chi n_iter
   20   16     0    -151      0    151  0.58957505E+00  0.00000000E+00 0.3298E-12      5
   21   16     0    -150      0    150  0.59318211E+00  0.00000000E+00 0.1638E-12      6
   22   16     0    -149      0    149  0.59728331E+00  0.00000000E+00 0.1040E-12      5
   23   16     0    -148      0    148  0.60154098E+00  0.00000000E+00 0.3785E-12      5
   24   16     0    -147      0    147  0.60548388E+00  0.00000000E+00 0.1720E-12      5
   25   16     0    -146      0    146  0.60920968E+00  0.00000000E+00 0.1377E-12      5
   26   16     0    -145      0    145  0.61340688E+00  0.00000000E+00 0.2445E-12      5
   27   16     0    -144      0    144  0.61792009E+00  0.00000000E+00 0.6254E-12      5
   28   16     0    -143      0    143  0.62223698E+00  0.00000000E+00 0.3400E-12      6
   29   16     0    -142      0    142  0.62617504E+00  0.00000000E+00 0.1224E-12      5
   30   16     0    -141      0    141  0.63044830E+00  0.00000000E+00 0.5205E-12      6
   31   16     0    -140      0    140  0.63518411E+00  0.00000000E+00 0.1292E-12      5
   32   16     0    -139      0    139  0.63986393E+00  0.00000000E+00 0.4101E-12      5
   33   16     0    -138      0    138  0.64409105E+00  0.00000000E+00 0.3117E-12      5
   34   16     0    -137      0    137  0.64846456E+00  0.00000000E+00 0.2079E-12      6
   35   16     0    -136      0    136  0.65342955E+00  0.00000000E+00 0.1847E-12      5
   36   16     0    -135      0    135  0.65850870E+00  0.00000000E+00 0.1118E-12      6
   37   16     0    -134      0    134  0.66312575E+00  0.00000000E+00 0.1034E-11      5
   38   16     0    -133      0    133  0.66758863E+00  0.00000000E+00 0.1556E-12      6
   39   16     0    -132      0    132  0.67272395E+00  0.00000000E+00 0.6098E-12      5
   40   16     0    -131      0    131  0.67817787E+00  0.00000000E+00 0.2695E-12      6
   41   16     0    -130      0    130  0.68328033E+00  0.00000000E+00 0.4940E-12      6
   42   16     0    -129      0    129  0.68796308E+00  0.00000000E+00 0.4868E-13      6
   43   16     0    -128      0    128  0.69323610E+00  0.00000000E+00 0.1244E-12      6
   44   16     0    -127      0    127  0.69902897E+00  0.00000000E+00 0.1596E-12      6
   45   16     0    -126      0    126  0.70462608E+00  0.00000000E+00 0.1696E-12      6
   46   16     0    -125      0    125  0.70962503E+00  0.00000000E+00 0.2808E-12      5
   47   16     0    -124      0    124  0.71502067E+00  0.00000000E+00 0.2719E-12      6
   48   16     0    -123      0    123  0.72114527E+00  0.00000000E+00 0.3990E-12      5
   49   16     0    -122      0    122  0.72729181E+00  0.00000000E+00 0.3027E-12      6
   50   16     0    -121      0    121  0.73276790E+00  0.00000000E+00 0.1773E-12      5
   51   16     0    -120      0    120  0.73825330E+00  0.00000000E+00 0.1221E-12      6
   52   16     0    -119      0    119  0.74464801E+00  0.00000000E+00 0.9107E-12      5
   53   16     0    -118      0    118  0.75133871E+00  0.00000000E+00 0.9179E-13      6
   54   16     0    -117      0    117  0.75746063E+00  0.00000000E+00 0.2770E-13      5
   55   16     0    -116      0    116  0.76313380E+00  0.00000000E+00 0.3415E-12      6
   56   16     0    -115      0    115  0.76972991E+00  0.00000000E+00 0.2458E-12      5
   57   16     0    -114      0    114  0.77693232E+00  0.00000000E+00 0.1341E-12      6
   58   16     0    -113      0    113  0.78378465E+00  0.00000000E+00 0.1780E-12      6
   59   16     0    -112      0    112  0.78982419E+00  0.00000000E+00 0.1707E-12      5
   60   16     0    -111      0    111  0.79654298E+00  0.00000000E+00 0.2666E-12      6
   61   16     0    -110      0    110  0.80420421E+00  0.00000000E+00 0.7589E-12      5
   62   16     0    -109      0    109  0.81183393E+00  0.00000000E+00 0.3095E-13      6
   63   16     0    -108      0    108  0.81852684E+00  0.00000000E+00 0.3104E-12      5
   64   16     0    -107      0    107  0.82530409E+00  0.00000000E+00 0.1712E-12      6
   65   16     0    -106      0    106  0.83330843E+00  0.00000000E+00 0.1132E-12      5
   66   16     0    -105      0    105  0.84168866E+00  0.00000000E+00 0.3870E-12      5
   67   16     0    -104      0    104  0.84932654E+00  0.00000000E+00 0.4639E-13      6
   68   16     0    -103      0    103  0.85626920E+00  0.00000000E+00 0.1077E-12      6
   69   16     0    -102      0    102  0.86444226E+00  0.00000000E+00 0.3386E-13      6
   70   16     0    -101      0    101  0.87350204E+00  0.00000000E+00 0.4298E-12      6
   71   16     0    -100      0    100  0.88225847E+00  0.00000000E+00 0.2347E-12      6
   72   16     0     -99      0     99  0.88981505E+00  0.00000000E+00 0.1486E-12      6
   73   16     0     -98      0     98  0.89797683E+00  0.00000000E+00 0.9282E-13      6
   74   16     0     -97      0     97  0.90757417E+00  0.00000000E+00 0.7919E-13      5
   75   16     0     -96      0     96  0.91740477E+00  0.00000000E+00 0.3747E-13      5
   76   16     0     -95      0     95  0.92612994E+00  0.00000000E+00 0.8851E-13      6
   77   16     0     -94      0     94  0.93435945E+00  0.00000000E+00 0.1499E-12      6
   78   16     0     -93      0     93  0.94428618E+00  0.00000000E+00 0.6127E-13      6
   79   16     0     -92      0     92  0.95509479E+00  0.00000000E+00 0.1483E-12      5
   80   16     0     -91      0     91  0.96533355E+00  0.00000000E+00 0.5802E-13      5
   81   16     0     -90      0     90  0.97416338E+00  0.00000000E+00 0.2275E-12      6
   82   16     0     -89      0     89  0.98417838E+00  0.00000000E+00 0.1307E-13      6
   83   16     0     -88      0     88  0.99586487E+00  0.00000000E+00 0.2261E-12      5
   84   16     0     -87      0     87  0.10076820E+01  0.00000000E+00 0.1676E-13      5
   85   16     0     -86      0     86  0.10179492E+01  0.00000000E+00 0.1344E-13      5
   86   16     0     -85      0     85  0.10280103E+01  0.00000000E+00 0.5108E-13      5
   87   16     0     -84      0     84  0.10403758E+01  0.00000000E+00 0.6236E-13      5
   88   16     0     -83      0     83  0.10536724E+01  0.00000000E+00 0.3307E-13      6
   89   16     0     -82      0     82  0.10659483E+01  0.00000000E+00 0.2001E-13      6
   90   16     0     -81      0     81  0.10765177E+01  0.00000000E+00 0.2556E-13      6
   91   16     0     -80      0     80  0.10892203E+01  0.00000000E+00 0.3439E-12      6
   92   16     0     -79      0     79  0.11038471E+01  0.00000000E+00 0.1122E-12      6
   93   16     0     -78      0     78  0.11182407E+01  0.00000000E+00 0.8962E-14      5
   94   16     0     -77      0     77  0.11302658E+01  0.00000000E+00 0.2515E-12      5
   95   16     0     -76      0     76  0.11430826E+01  0.00000000E+00 0.9654E-13      6
   96   16     0     -75      0     75  0.11588736E+01  0.00000000E+00 0.4181E-12      5
   97   16     0     -74      0     74  0.11753310E+01  0.00000000E+00 0.3332E-12      6
   98   16     0     -73      0     73  0.11897464E+01  0.00000000E+00 0.4578E-13      6
   99   16     0     -72      0     72  0.12029051E+01  0.00000000E+00 0.3493E-12      6
  100   16     0     -71      0     71  0.12196236E+01  0.00000000E+00 0.1817E-12      6
  101   16     0     -70      0     70  0.12381245E+01  0.00000000E+00 0.1598E-12      6
  102   16     0     -69      0     69  0.12554178E+01  0.00000000E+00 0.4196E-13      6
  103   16     0     -68      0     68  0.12696281E+01  0.00000000E+00 0.1741E-12      6
  104   16     0     -67      0     67  0.12869152E+01  0.00000000E+00 0.6920E-13      6
  105   16     0     -66      0     66  0.13073881E+01  0.00000000E+00 0.4402E-13      6
  106   16     0     -65      0     65  0.13276031E+01  0.00000000E+00 0.1511E-13      6
  107   16     0     -64      0     64  0.13438989E+01  0.00000000E+00 0.1688E-12      6
  108   16     0     -63      0     63  0.13616718E+01  0.00000000E+00 0.2130E-12      5
  109   16     0     -62      0     62  0.13841811E+01  0.00000000E+00 0.4648E-13      5
  110   16     0     -61      0     61  0.14074971E+01  0.00000000E+00 0.1822E-12      5
  111   16     0     -60      0     60  0.14270108E+01  0.00000000E+00 0.1502E-12      6
  112   16     0     -59      0     59  0.14455165E+01  0.00000000E+00 0.7719E-13      5
  113   16     0     -58      0     58  0.14700962E+01  0.00000000E+00 0.6497E-13      6
  114   16     0     -57      0     57  0.14967558E+01  0.00000000E+00 0.6708E-13      6
  115   16     0     -56      0     56  0.15203562E+01  0.00000000E+00 0.1067E-12      6
  116   16     0     -55      0     55  0.15401110E+01  0.00000000E+00 0.7328E-13      6
  117   16     0     -54      0     54  0.15666139E+01  0.00000000E+00 0.2625E-13      6
  118   16     0     -53      0     53  0.15969186E+01  0.00000000E+00 0.3189E-13      5
  119   16     0     -52      0     52  0.16257187E+01  0.00000000E+00 0.7498E-13      6
  120   16     0     -51      0     51  0.16482341E+01  0.00000000E+00 0.9478E-13      6
  121   16     0     -50      0     50  0.16759603E+01  0.00000000E+00 0.4079E-13      6
  Time elapsed :      2.140 s

Starting search (non-adiabatic)

Finding roots
  Time elapsed :    107.414 s

Processing modes
   id    l     m    n_pg    n_p    n_g       Re(omega)       Im(omega)        chi n_iter
   20   16     0    -151      0    151  0.58901671E+00 -0.82894403E-03 0.3861E-12      8
   21   16     0    -150      0    150  0.59256843E+00 -0.88763981E-03 0.8198E-12      7
   22   16     0    -149      0    149  0.59664506E+00 -0.97638934E-03 0.5538E-12      7
   23   16     0    -148      0    148  0.60095476E+00 -0.95131854E-03 0.1402E-11      7
   24   16     0    -147      0    147  0.60498908E+00 -0.83155518E-03 0.5398E-12      8
   25   16     0    -146      0    146  0.60869579E+00 -0.83171609E-03 0.7361E-12      8
   26   16     0    -145      0    145  0.61285286E+00 -0.93941384E-03 0.7899E-12      7
   27   16     0    -144      0    144  0.61739392E+00 -0.94848265E-03 0.3429E-12      7
   28   16     0    -143      0    143  0.62179004E+00 -0.85005788E-03 0.6473E-12      7
   29   16     0    -142      0    142  0.62574508E+00 -0.79474778E-03 0.2443E-12      9
   30   16     0    -141      0    141  0.62997354E+00 -0.90084276E-03 0.1029E-12      6
   31   16     0    -140      0    140  0.63471951E+00 -0.94023878E-03 0.4543E-12      6
   32   16     0    -139      0    139  0.63946234E+00 -0.86682444E-03 0.5683E-12      7
   33   16     0    -138      0    138  0.64373022E+00 -0.77411083E-03 0.6223E-12      6
   34   16     0    -137      0    137  0.64806320E+00 -0.86427545E-03 0.4376E-12      7
   35   16     0    -136      0    136  0.65302536E+00 -0.93333460E-03 0.5410E-12      6
   36   16     0    -135      0    135  0.65815130E+00 -0.88944680E-03 0.4476E-12      7
   37   16     0    -134      0    134  0.66282648E+00 -0.76894459E-03 0.2359E-12      8
   38   16     0    -133      0    133  0.66726162E+00 -0.81941766E-03 0.9105E-12      6
   39   16     0    -132      0    132  0.67238305E+00 -0.92186493E-03 0.9694E-12      7
   40   16     0    -131      0    131  0.67786844E+00 -0.91210384E-03 0.9471E-12      8
   41   16     0    -130      0    130  0.68302799E+00 -0.79796704E-03 0.1218E-11      6
   42   16     0    -129      0    129  0.68770340E+00 -0.79177176E-03 0.7134E-12      6
   43   16     0    -128      0    128  0.69295570E+00 -0.91605702E-03 0.2986E-13      7
   44   16     0    -127      0    127  0.69876775E+00 -0.94143847E-03 0.7220E-12      7
   45   16     0    -126      0    126  0.70441327E+00 -0.84735261E-03 0.1755E-11      6
   46   16     0    -125      0    125  0.70942121E+00 -0.78646037E-03 0.1261E-11      6
   47   16     0    -124      0    124  0.71479211E+00 -0.92027284E-03 0.1079E-11      6
   48   16     0    -123      0    123  0.72092652E+00 -0.98464598E-03 0.1531E-11      7
   49   16     0    -122      0    122  0.72711050E+00 -0.92333179E-03 0.6644E-12      6
   50   16     0    -121      0    121  0.73261120E+00 -0.80756326E-03 0.2261E-11      7
   51   16     0    -120      0    120  0.73807049E+00 -0.92063298E-03 0.1086E-11      6
   52   16     0    -119      0    119  0.74446775E+00 -0.10319423E-02 0.1679E-11      7
   53   16     0    -118      0    118  0.75118582E+00 -0.10110746E-02 0.1612E-11      6
   54   16     0    -117      0    117  0.75734104E+00 -0.87194508E-03 0.8455E-12      6
   55   16     0    -116      0    116  0.76299288E+00 -0.92051726E-03 0.1373E-11      7
   56   16     0    -115      0    115  0.76958568E+00 -0.10813149E-02 0.9029E-12      7
   57   16     0    -115      0    115  0.77680820E+00 -0.11082038E-02 0.6892E-12      7
   58   16     0    -114      0    114  0.78369425E+00 -0.98377803E-03 0.4171E-12      8
   59   16     0    -113      0    113  0.78972054E+00 -0.94067696E-03 0.6063E-12      7
   60   16     0    -112      0    112  0.79642643E+00 -0.11422366E-02 0.1225E-11      7
   61   16     0    -111      0    111  0.80410014E+00 -0.12298422E-02 0.1059E-11      8
   62   16     0    -110      0    110  0.81175594E+00 -0.11541267E-02 0.6028E-12      6
   63   16     0    -109      0    109  0.81844778E+00 -0.10130230E-02 0.5853E-12      7
   64   16     0    -108      0    108  0.82519186E+00 -0.12018777E-02 0.6695E-12      8
   65   16     0    -107      0    107  0.83319475E+00 -0.13632368E-02 0.1431E-11      8
   66   16     0    -106      0    106  0.84158517E+00 -0.13462742E-02 0.5059E-12      8
   67   16     0    -105      0    105  0.84923740E+00 -0.11479376E-02 0.1847E-11      6
   68   16     0    -104      0    104  0.85612956E+00 -0.12017120E-02 0.1255E-11      6
   69   16     0    -103      0    103  0.86427789E+00 -0.14250655E-02 0.3142E-12      7
   70   16     0    -102      0    102  0.87333348E+00 -0.14526613E-02 0.3279E-12      9
   71   16     0    -101      0    101  0.88211262E+00 -0.12730359E-02 0.1257E-11      7
   72   16     0    -100      0    100  0.88965056E+00 -0.11126246E-02 0.5330E-12      7
   73   16     0     -99      0     99  0.89776443E+00 -0.13181623E-02 0.9497E-12      7
   74   16     0     -98      0     98  0.90735487E+00 -0.13815122E-02 0.1028E-11      8
   75   16     0     -97      0     97  0.91720871E+00 -0.12508637E-02 0.9444E-12      8
   76   16     0     -96      0     96  0.92596762E+00 -0.98848097E-03 0.6619E-12      7
   77   16     0     -95      0     95  0.93416425E+00 -0.10411221E-02 0.1761E-11      7
   78   16     0     -94      0     94  0.94408721E+00 -0.11295564E-02 0.1337E-11      7
   79   16     0     -93      0     93  0.95492267E+00 -0.10402076E-02 0.1602E-11      6
   80   16     0     -92      0     92  0.96520873E+00 -0.81827685E-03 0.8408E-12      7
   81   16     0     -91      0     91  0.97405056E+00 -0.70030263E-03 0.6535E-12      7
   82   16     0     -90      0     90  0.98406476E+00 -0.78175178E-03 0.9561E-12      6
   83   16     0     -89      0     89  0.99577375E+00 -0.74137980E-03 0.1379E-11      6
   84   16     0     -88      0     88  0.10076209E+01 -0.60880085E-03 0.2564E-11      7
   85   16     0     -87      0     87  0.10179098E+01 -0.45086245E-03 0.9512E-12      6
   86   16     0     -86      0     86  0.10279737E+01 -0.47968690E-03 0.3986E-11      5
   87   16     0     -85      0     85  0.10403512E+01 -0.48567782E-03 0.1150E-11      5
   88   16     0     -84      0     84  0.10536612E+01 -0.41927865E-03 0.3238E-11      5
   89   16     0     -83      0     83  0.10659466E+01 -0.30663698E-03 0.3014E-12      6
   90   16     0     -82      0     82  0.10765189E+01 -0.27454416E-03 0.6586E-11      5
   91   16     0     -81      0     81  0.10892280E+01 -0.30137422E-03 0.1853E-11      5
   92   16     0     -80      0     80  0.11038602E+01 -0.27282840E-03 0.1930E-11      5
   93   16     0     -79      0     79  0.11182551E+01 -0.21113602E-03 0.5343E-11      5
   94   16     0     -78      0     78  0.11302786E+01 -0.15787112E-03 0.7911E-12      5
   95   16     0     -77      0     77  0.11430997E+01 -0.17867066E-03 0.2317E-12      6
   96   16     0     -76      0     76  0.11588933E+01 -0.17210850E-03 0.8482E-11      5
   97   16     0     -75      0     75  0.11753497E+01 -0.14173548E-03 0.2602E-11      5
   98   16     0     -74      0     74  0.11897608E+01 -0.98940281E-04 0.2123E-10      7
   99   16     0     -73      0     73  0.12029209E+01 -0.10172508E-03 0.1178E-10      5
  100   16     0     -72      0     72  0.12196419E+01 -0.10704880E-03 0.5590E-11      6
  101   16     0     -71      0     71  0.12381418E+01 -0.93653257E-04 0.3040E-10      6
  102   16     0     -70      0     70  0.12554311E+01 -0.68019234E-04 0.2520E-10      5
  103   16     0     -69      0     69  0.12696399E+01 -0.58368639E-04 0.3266E-10      7
  104   16     0     -68      0     68  0.12869297E+01 -0.68067178E-04 0.8165E-11      5
  105   16     0     -67      0     67  0.13074022E+01 -0.63118882E-04 0.9327E-11      5
  106   16     0     -66      0     66  0.13276145E+01 -0.48860585E-04 0.2006E-10      8
  107   16     0     -65      0     65  0.13439073E+01 -0.35511532E-04 0.7652E-10      5
  108   16     0     -64      0     64  0.13616823E+01 -0.42915335E-04 0.2728E-10      6
  109   16     0     -63      0     63  0.13841915E+01 -0.41466853E-04 0.3231E-10      6
  110   16     0     -62      0     62  0.14075057E+01 -0.33483848E-04 0.2310E-10      5
  111   16     0     -61      0     61  0.14270166E+01 -0.22222433E-04 0.3032E-10      5
  112   16     0     -60      0     60  0.14455232E+01 -0.25352841E-04 0.4790E-10      7
  113   16     0     -59      0     59  0.14701033E+01 -0.25990236E-04 0.1101E-10      5
  114   16     0     -58      0     58  0.14967619E+01 -0.21855509E-04 0.1290E-09      7
  115   16     0     -57      0     57  0.15203602E+01 -0.14478673E-04 0.1353E-09      6
  116   16     0     -56      0     56  0.15401151E+01 -0.14424729E-04 0.6935E-10      5
  117   16     0     -55      0     55  0.15666186E+01 -0.16063959E-04 0.8333E-10      6
  118   16     0     -54      0     54  0.15969228E+01 -0.14012798E-04 0.3460E-09      4
  119   16     0     -53      0     53  0.16257218E+01 -0.98885377E-05 0.1293E-09      4
  120   16     0     -52      0     52  0.16482366E+01 -0.76803185E-05 0.2825E-09      4
  121   16     0     -51      0     51  0.16759636E+01 -0.91758021E-05 0.7346E-10      5
  Time elapsed :      6.387 s

Mode Search
-----------

Mode parameters
   l : 17
   m : 0

Building frequency grid (REAL axis)
   added scan interval :  0.5233E+00 ->  0.2103E+01 (3000 points, INVERSE)

Building spatial grid
   Scaffold grid from model
   Split 241 subinterval(s) in iteration 1
   Split 26 subinterval(s) in iteration 2
   Split 0 subinterval(s) in iteration 3
   Final grid has 1 segment(s) and 7414 point(s):
      Segment 1 : x range 0.0000 -> 1.0011 (1 -> 7414)

Starting search (adiabatic)

Scanning frequencies
  Time elapsed :    35.144 s

Finding roots
  Time elapsed :      7.879 s

Processing modes
   id    l     m    n_pg    n_p    n_g       Re(omega)       Im(omega)        chi n_iter
  153   17     0    -160      0    160  0.59038257E+00  0.00000000E+00 0.5691E-12      6
  154   17     0    -159      0    159  0.59375396E+00  0.00000000E+00 0.2790E-12      6
  155   17     0    -158      0    158  0.59747797E+00  0.00000000E+00 0.4378E-13      6
  156   17     0    -157      0    157  0.60148184E+00  0.00000000E+00 0.4778E-12      5
  157   17     0    -156      0    156  0.60534786E+00  0.00000000E+00 0.3711E-12      5
  158   17     0    -155      0    155  0.60887979E+00  0.00000000E+00 0.1963E-12      5
  159   17     0    -154      0    154  0.61265289E+00  0.00000000E+00 0.3369E-12      5
  160   17     0    -153      0    153  0.61685399E+00  0.00000000E+00 0.3465E-12      5
  161   17     0    -152      0    152  0.62107006E+00  0.00000000E+00 0.5494E-12      6
  162   17     0    -151      0    151  0.62489555E+00  0.00000000E+00 0.6504E-14      5
  163   17     0    -150      0    150  0.62869290E+00  0.00000000E+00 0.2268E-12      6
  164   17     0    -149      0    149  0.63301277E+00  0.00000000E+00 0.5508E-12      5
  165   17     0    -148      0    148  0.63752552E+00  0.00000000E+00 0.1686E-13      6
  166   17     0    -147      0    147  0.64172644E+00  0.00000000E+00 0.7267E-13      6
  167   17     0    -146      0    146  0.64566249E+00  0.00000000E+00 0.3561E-12      6
  168   17     0    -145      0    145  0.65007568E+00  0.00000000E+00 0.7024E-13      6
  169   17     0    -144      0    144  0.65484925E+00  0.00000000E+00 0.5675E-12      5
  170   17     0    -143      0    143  0.65944341E+00  0.00000000E+00 0.3886E-12      5
  171   17     0    -142      0    142  0.66362018E+00  0.00000000E+00 0.1547E-12      5
  172   17     0    -141      0    141  0.66811009E+00  0.00000000E+00 0.2405E-12      6
  173   17     0    -140      0    140  0.67310917E+00  0.00000000E+00 0.4389E-12      5
  174   17     0    -139      0    139  0.67808195E+00  0.00000000E+00 0.2877E-12      6
  175   17     0    -138      0    138  0.68257937E+00  0.00000000E+00 0.3252E-12      5
  176   17     0    -137      0    137  0.68717701E+00  0.00000000E+00 0.1239E-14      5
  177   17     0    -136      0    136  0.69240725E+00  0.00000000E+00 0.3263E-12      5
  178   17     0    -135      0    135  0.69779375E+00  0.00000000E+00 0.3971E-15      6
  179   17     0    -134      0    134  0.70271607E+00  0.00000000E+00 0.4178E-12      5
  180   17     0    -133      0    133  0.70741860E+00  0.00000000E+00 0.7286E-13      5
  181   17     0    -132      0    132  0.71281592E+00  0.00000000E+00 0.3259E-12      5
  182   17     0    -131      0    131  0.71858844E+00  0.00000000E+00 0.4825E-12      5
  183   17     0    -130      0    130  0.72402774E+00  0.00000000E+00 0.2459E-12      6
  184   17     0    -129      0    129  0.72898304E+00  0.00000000E+00 0.1029E-12      6
  185   17     0    -128      0    128  0.73451395E+00  0.00000000E+00 0.2953E-12      5
  186   17     0    -127      0    127  0.74063128E+00  0.00000000E+00 0.4876E-14      6
  187   17     0    -126      0    126  0.74658985E+00  0.00000000E+00 0.2574E-12      6
  188   17     0    -125      0    125  0.75190421E+00  0.00000000E+00 0.2976E-12      5
  189   17     0    -124      0    124  0.75755829E+00  0.00000000E+00 0.2922E-12      6
  190   17     0    -123      0    123  0.76400941E+00  0.00000000E+00 0.9385E-13      5
  191   17     0    -122      0    122  0.77053792E+00  0.00000000E+00 0.6774E-13      6
  192   17     0    -121      0    121  0.77638369E+00  0.00000000E+00 0.5609E-12      5
  193   17     0    -120      0    120  0.78213909E+00  0.00000000E+00 0.2227E-12      6
  194   17     0    -119      0    119  0.78885270E+00  0.00000000E+00 0.1958E-13      5
  195   17     0    -118      0    118  0.79594002E+00  0.00000000E+00 0.1702E-12      6
  196   17     0    -117      0    117  0.80248449E+00  0.00000000E+00 0.1036E-12      6
  197   17     0    -116      0    116  0.80846811E+00  0.00000000E+00 0.1720E-12      6
  198   17     0    -115      0    115  0.81536764E+00  0.00000000E+00 0.2587E-12      5
  199   17     0    -114      0    114  0.82297356E+00  0.00000000E+00 0.1034E-12      6
  200   17     0    -113      0    113  0.83028814E+00  0.00000000E+00 0.4147E-13      5
  201   17     0    -112      0    112  0.83670870E+00  0.00000000E+00 0.1397E-13      6
  202   17     0    -111      0    111  0.84371650E+00  0.00000000E+00 0.2598E-12      5
  203   17     0    -110      0    110  0.85177676E+00  0.00000000E+00 0.1892E-12      5
  204   17     0    -109      0    109  0.85989214E+00  0.00000000E+00 0.2538E-13      6
  205   17     0    -108      0    108  0.86705822E+00  0.00000000E+00 0.1103E-12      5
  206   17     0    -107      0    107  0.87413477E+00  0.00000000E+00 0.1489E-12      6
  207   17     0    -106      0    106  0.88251262E+00  0.00000000E+00 0.3075E-13      5
  208   17     0    -105      0    105  0.89138557E+00  0.00000000E+00 0.3305E-12      6
  209   17     0    -104      0    104  0.89957801E+00  0.00000000E+00 0.1326E-12      6
  210   17     0    -103      0    103  0.90689752E+00  0.00000000E+00 0.2089E-12      6
  211   17     0    -102      0    102  0.91539746E+00  0.00000000E+00 0.1064E-12      5
  212   17     0    -101      0    101  0.92494079E+00  0.00000000E+00 0.2903E-13      6
  213   17     0    -100      0    100  0.93429215E+00  0.00000000E+00 0.5700E-14      6
  214   17     0     -99      0     99  0.94237706E+00  0.00000000E+00 0.1774E-12      5
  215   17     0     -98      0     98  0.95083541E+00  0.00000000E+00 0.5015E-12      5
  216   17     0     -97      0     97  0.96087834E+00  0.00000000E+00 0.1130E-12      5
  217   17     0     -96      0     96  0.97130764E+00  0.00000000E+00 0.2540E-12      6
  218   17     0     -95      0     95  0.98070181E+00  0.00000000E+00 0.3274E-13      5
  219   17     0     -94      0     94  0.98930366E+00  0.00000000E+00 0.3332E-12      6
  220   17     0     -93      0     93  0.99960353E+00  0.00000000E+00 0.9781E-13      6
  221   17     0     -92      0     92  0.10109953E+01  0.00000000E+00 0.5508E-13      5
  222   17     0     -91      0     91  0.10219708E+01  0.00000000E+00 0.1131E-12      5
  223   17     0     -90      0     90  0.10313888E+01  0.00000000E+00 0.7175E-13      6
  224   17     0     -89      0     89  0.10417114E+01  0.00000000E+00 0.7367E-13      6
  225   17     0     -88      0     88  0.10539393E+01  0.00000000E+00 0.1128E-12      5
  226   17     0     -87      0     87  0.10665012E+01  0.00000000E+00 0.2720E-13      6
  227   17     0     -86      0     86  0.10775892E+01  0.00000000E+00 0.2381E-12      6
  228   17     0     -85      0     85  0.10880137E+01  0.00000000E+00 0.9306E-13      6
  229   17     0     -84      0     84  0.11008266E+01  0.00000000E+00 0.1511E-12      6
  230   17     0     -83      0     83  0.11148498E+01  0.00000000E+00 0.2595E-12      6
  231   17     0     -82      0     82  0.11280685E+01  0.00000000E+00 0.7923E-13      6
  232   17     0     -81      0     81  0.11392590E+01  0.00000000E+00 0.2738E-12      6
  233   17     0     -80      0     80  0.11522868E+01  0.00000000E+00 0.3784E-12      6
  234   17     0     -79      0     79  0.11675996E+01  0.00000000E+00 0.3684E-14      5
  235   17     0     -78      0     78  0.11829546E+01  0.00000000E+00 0.1027E-13      6
  236   17     0     -77      0     77  0.11959317E+01  0.00000000E+00 0.4302E-12      5
  237   17     0     -76      0     76  0.12090469E+01  0.00000000E+00 0.2291E-12      6
  238   17     0     -75      0     75  0.12254389E+01  0.00000000E+00 0.5982E-13      6
  239   17     0     -74      0     74  0.12428424E+01  0.00000000E+00 0.2445E-12      6
  240   17     0     -73      0     73  0.12584414E+01  0.00000000E+00 0.1602E-12      6
  241   17     0     -72      0     72  0.12720982E+01  0.00000000E+00 0.7066E-13      5
  242   17     0     -71      0     71  0.12892741E+01  0.00000000E+00 0.3198E-13      6
  243   17     0     -70      0     70  0.13086861E+01  0.00000000E+00 0.2518E-12      5
  244   17     0     -69      0     69  0.13272373E+01  0.00000000E+00 0.2649E-12      6
  245   17     0     -68      0     68  0.13423235E+01  0.00000000E+00 0.1810E-12      6
  246   17     0     -67      0     67  0.13599077E+01  0.00000000E+00 0.2974E-12      5
  247   17     0     -66      0     66  0.13812333E+01  0.00000000E+00 0.5725E-13      5
  248   17     0     -65      0     65  0.14027164E+01  0.00000000E+00 0.1756E-12      6
  249   17     0     -64      0     64  0.14202959E+01  0.00000000E+00 0.1575E-12      5
  250   17     0     -63      0     63  0.14383186E+01  0.00000000E+00 0.1875E-12      6
  251   17     0     -62      0     62  0.14616089E+01  0.00000000E+00 0.3892E-13      5
  252   17     0     -61      0     61  0.14862174E+01  0.00000000E+00 0.8875E-13      6
  253   17     0     -60      0     60  0.15074002E+01  0.00000000E+00 0.1481E-12      6
  254   17     0     -59      0     59  0.15262879E+01  0.00000000E+00 0.1466E-12      6
  255   17     0     -58      0     58  0.15514674E+01  0.00000000E+00 0.1658E-12      6
  256   17     0     -57      0     57  0.15794185E+01  0.00000000E+00 0.5736E-13      6
  257   17     0     -56      0     56  0.16050247E+01  0.00000000E+00 0.3427E-13      6
  258   17     0     -55      0     55  0.16255862E+01  0.00000000E+00 0.1236E-12      6
  259   17     0     -54      0     54  0.16522695E+01  0.00000000E+00 0.1594E-13      6
  260   17     0     -53      0     53  0.16837723E+01  0.00000000E+00 0.1363E-12      6
  Time elapsed :      2.261 s

Starting search (non-adiabatic)

Finding roots
  Time elapsed :    115.027 s

Processing modes
   id    l     m    n_pg    n_p    n_g       Re(omega)       Im(omega)        chi n_iter
  153   17     0    -160      0    160  0.58965068E+00 -0.10272645E-02 0.3293E-12      7
  154   17     0    -159      0    159  0.59300564E+00 -0.98860943E-03 0.7457E-12      7
  155   17     0    -158      0    158  0.59666292E+00 -0.10973741E-02 0.2645E-12      8
  156   17     0    -157      0    157  0.60069041E+00 -0.11152066E-02 0.9147E-12      6
  157   17     0    -156      0    156  0.60466049E+00 -0.10108061E-02 0.2828E-12      9
  158   17     0    -155      0    155  0.60823360E+00 -0.91444072E-03 0.1973E-12      8
  159   17     0    -154      0    154  0.61193450E+00 -0.10159432E-02 0.3553E-12      6
  160   17     0    -153      0    153  0.61613374E+00 -0.10736872E-02 0.2737E-12      7
  161   17     0    -152      0    152  0.62042854E+00 -0.10099274E-02 0.7376E-12      7
  162   17     0    -151      0    151  0.62434260E+00 -0.87590922E-03 0.3170E-12      8
  163   17     0    -150      0    150  0.62808873E+00 -0.92811520E-03 0.6832E-12      8
  164   17     0    -149      0    149  0.63238212E+00 -0.10246530E-02 0.8260E-12      8
  165   17     0    -148      0    148  0.63694457E+00 -0.10026144E-02 0.2427E-12      7
  166   17     0    -147      0    147  0.64123751E+00 -0.87787186E-03 0.4641E-12      7
  167   17     0    -146      0    146  0.64516046E+00 -0.86702077E-03 0.7255E-12      7
  168   17     0    -145      0    145  0.64953283E+00 -0.98050367E-03 0.3194E-12      7
  169   17     0    -144      0    144  0.65433242E+00 -0.99426796E-03 0.5307E-12      7
  170   17     0    -143      0    143  0.65900428E+00 -0.89453162E-03 0.2033E-12      6
  171   17     0    -142      0    142  0.66320337E+00 -0.82749942E-03 0.7434E-12      7
  172   17     0    -141      0    141  0.66764973E+00 -0.93496060E-03 0.9592E-12      7
  173   17     0    -140      0    140  0.67265774E+00 -0.98028431E-03 0.1398E-11      6
  174   17     0    -139      0    139  0.67769116E+00 -0.90817748E-03 0.5481E-12      7
  175   17     0    -138      0    138  0.68223268E+00 -0.80577166E-03 0.2954E-12      6
  176   17     0    -137      0    137  0.68679300E+00 -0.89201625E-03 0.4161E-12      8
  177   17     0    -136      0    136  0.69202000E+00 -0.96763091E-03 0.5133E-12      7
  178   17     0    -135      0    135  0.69745098E+00 -0.92695619E-03 0.9400E-12      7
  179   17     0    -134      0    134  0.70243181E+00 -0.80083904E-03 0.2655E-12      6
  180   17     0    -133      0    133  0.70711128E+00 -0.84139092E-03 0.8750E-12      6
  181   17     0    -132      0    132  0.71249522E+00 -0.95047174E-03 0.3550E-12      7
  182   17     0    -131      0    131  0.71829759E+00 -0.94565312E-03 0.3114E-12      6
  183   17     0    -130      0    130  0.72379215E+00 -0.83061403E-03 0.1288E-12      6
  184   17     0    -129      0    129  0.72874463E+00 -0.81100486E-03 0.8482E-12      7
  185   17     0    -128      0    128  0.73425646E+00 -0.93923520E-03 0.2813E-12      7
  186   17     0    -127      0    127  0.74039230E+00 -0.97108313E-03 0.4408E-12      6
  187   17     0    -126      0    126  0.74639646E+00 -0.87986091E-03 0.4777E-12     10
  188   17     0    -125      0    125  0.75172296E+00 -0.80560235E-03 0.5398E-12      8
  189   17     0    -124      0    124  0.75735528E+00 -0.93796948E-03 0.1886E-11      6
  190   17     0    -123      0    123  0.76381676E+00 -0.10101979E-02 0.1252E-11      6
  191   17     0    -122      0    122  0.77038003E+00 -0.95456646E-03 0.6305E-12      8
  192   17     0    -121      0    121  0.77625103E+00 -0.83001413E-03 0.8810E-12      6
  193   17     0    -120      0    120  0.78198441E+00 -0.93231083E-03 0.3914E-12      6
  194   17     0    -119      0    119  0.78870259E+00 -0.10526222E-02 0.1366E-11      6
  195   17     0    -118      0    118  0.79581582E+00 -0.10394452E-02 0.8633E-12      7
  196   17     0    -117      0    117  0.80239166E+00 -0.89972610E-03 0.8970E-12      8
  197   17     0    -116      0    116  0.80835825E+00 -0.92833735E-03 0.1802E-11      6
  198   17     0    -115      0    115  0.81525790E+00 -0.10969925E-02 0.1596E-11      7
  199   17     0    -115      0    115  0.82288428E+00 -0.11340578E-02 0.3848E-12      7
  200   17     0    -114      0    114  0.83022926E+00 -0.10171206E-02 0.5997E-12      6
  201   17     0    -113      0    113  0.83663969E+00 -0.95114780E-03 0.3258E-12      6
  202   17     0    -112      0    112  0.84363920E+00 -0.11534355E-02 0.1183E-12      7
  203   17     0    -110      0    110  0.85171476E+00 -0.12546945E-02 0.7723E-12      7
  204   17     0    -110      0    110  0.85985327E+00 -0.11920178E-02 0.3479E-12      8
  205   17     0    -109      0    109  0.86701870E+00 -0.10369056E-02 0.9240E-12      8
  206   17     0    -108      0    108  0.87406704E+00 -0.12088891E-02 0.3251E-12      7
  207   17     0    -107      0    107  0.88244883E+00 -0.13878240E-02 0.5597E-12      7
  208   17     0    -106      0    106  0.89133081E+00 -0.13867892E-02 0.2195E-12      9
  209   17     0    -105      0    105  0.89953361E+00 -0.11930383E-02 0.8181E-12      7
  210   17     0    -104      0    104  0.90680759E+00 -0.12092008E-02 0.4854E-12      7
  211   17     0    -103      0    103  0.91528863E+00 -0.14485181E-02 0.1609E-11      8
  212   17     0    -102      0    102  0.92482814E+00 -0.14957883E-02 0.1355E-11      8
  213   17     0    -101      0    101  0.93419382E+00 -0.13332842E-02 0.8491E-12      7
  214   17     0    -100      0    100  0.94226162E+00 -0.11386380E-02 0.1513E-11      6
  215   17     0     -99      0     99  0.95067605E+00 -0.13372013E-02 0.1856E-12      7
  216   17     0     -98      0     98  0.96071225E+00 -0.14242634E-02 0.1167E-11      6
  217   17     0     -97      0     97  0.97115645E+00 -0.13091708E-02 0.7994E-12      7
  218   17     0     -96      0     96  0.98057800E+00 -0.10367476E-02 0.1228E-11      8
  219   17     0     -95      0     95  0.98915152E+00 -0.10498194E-02 0.6706E-12      6
  220   17     0     -94      0     94  0.99944757E+00 -0.11567924E-02 0.7739E-12      8
  221   17     0     -93      0     93  0.10108613E+01 -0.10780096E-02 0.1068E-11      6
  222   17     0     -92      0     92  0.10218752E+01 -0.86109882E-03 0.1476E-11      7
  223   17     0     -91      0     91  0.10313063E+01 -0.70574930E-03 0.6172E-12      7
  224   17     0     -90      0     90  0.10416293E+01 -0.78664207E-03 0.2517E-11      6
  225   17     0     -89      0     89  0.10538773E+01 -0.75730320E-03 0.3008E-12      6
  226   17     0     -88      0     88  0.10664636E+01 -0.63148589E-03 0.2757E-11      7
  227   17     0     -87      0     87  0.10775687E+01 -0.46243468E-03 0.3367E-12      5
  228   17     0     -86      0     86  0.10879970E+01 -0.47256424E-03 0.1293E-11      6
  229   17     0     -85      0     85  0.11008214E+01 -0.48848665E-03 0.2399E-11      5
  230   17     0     -84      0     84  0.11148554E+01 -0.42725872E-03 0.2292E-11      5
  231   17     0     -83      0     83  0.11280795E+01 -0.31749222E-03 0.1650E-11      5
  232   17     0     -82      0     82  0.11392709E+01 -0.26706339E-03 0.5303E-11      6
  233   17     0     -81      0     81  0.11523060E+01 -0.29724760E-03 0.2733E-11      5
  234   17     0     -80      0     80  0.11676233E+01 -0.27343288E-03 0.6011E-11      6
  235   17     0     -79      0     79  0.11829777E+01 -0.21598647E-03 0.5900E-11      5
  236   17     0     -78      0     78  0.11959505E+01 -0.15569957E-03 0.4357E-11      5
  237   17     0     -77      0     77  0.12090699E+01 -0.17243032E-03 0.1047E-10      5
  238   17     0     -76      0     76  0.12254647E+01 -0.16995338E-03 0.4654E-11      6
  239   17     0     -75      0     75  0.12428665E+01 -0.14230633E-03 0.8329E-11      6
  240   17     0     -74      0     74  0.12584597E+01 -0.99825254E-04 0.2291E-10      6
  241   17     0     -73      0     73  0.12721168E+01 -0.96453238E-04 0.4896E-11      6
  242   17     0     -72      0     72  0.12892957E+01 -0.10453178E-03 0.1089E-10      6
  243   17     0     -71      0     71  0.13087066E+01 -0.93073326E-04 0.1902E-10      7
  244   17     0     -70      0     70  0.13272534E+01 -0.69420726E-04 0.1959E-10      7
  245   17     0     -69      0     69  0.13423368E+01 -0.55634755E-04 0.4554E-11      6
  246   17     0     -68      0     68  0.13599241E+01 -0.65969348E-04 0.2022E-10      6
  247   17     0     -67      0     67  0.13812494E+01 -0.62361220E-04 0.5091E-10      5
  248   17     0     -66      0     66  0.14027296E+01 -0.49483465E-04 0.5666E-10      6
  249   17     0     -65      0     65  0.14203052E+01 -0.34458773E-04 0.3229E-10      6
  250   17     0     -64      0     64  0.14383299E+01 -0.40891160E-04 0.7204E-10      6
  251   17     0     -63      0     63  0.14616204E+01 -0.40527422E-04 0.3422E-10      5
  252   17     0     -62      0     62  0.14862271E+01 -0.33444244E-04 0.4496E-10      6
  253   17     0     -61      0     61  0.15074067E+01 -0.22161416E-04 0.4189E-10      6
  254   17     0     -60      0     60  0.15262949E+01 -0.23769057E-04 0.4149E-10      5
  255   17     0     -59      0     59  0.15514751E+01 -0.25323670E-04 0.1499E-10      5
  256   17     0     -58      0     58  0.15794253E+01 -0.21819151E-04 0.6966E-10      4
  257   17     0     -57      0     57  0.16050294E+01 -0.15007931E-04 0.9229E-10      4
  258   17     0     -56      0     56  0.16255904E+01 -0.13445428E-04 0.7177E-10      4
  259   17     0     -55      0     55  0.16522746E+01 -0.15691731E-04 0.1420E-09      5
  260   17     0     -54      0     54  0.16837770E+01 -0.14045016E-04 0.6141E-10      6
  Time elapsed :      6.487 s

Mode Search
-----------

Mode parameters
   l : 18
   m : 0

Building frequency grid (REAL axis)
   added scan interval :  0.5233E+00 ->  0.2103E+01 (3000 points, INVERSE)

Building spatial grid
   Scaffold grid from model
   Split 246 subinterval(s) in iteration 1
   Split 28 subinterval(s) in iteration 2
   Split 0 subinterval(s) in iteration 3
   Final grid has 1 segment(s) and 7421 point(s):
      Segment 1 : x range 0.0000 -> 1.0011 (1 -> 7421)

Starting search (adiabatic)

Scanning frequencies
  Time elapsed :    35.337 s

Finding roots
  Time elapsed :      8.421 s

Processing modes
   id    l     m    n_pg    n_p    n_g       Re(omega)       Im(omega)        chi n_iter
  295   18     0    -169      0    169  0.59103434E+00  0.00000000E+00 0.2196E-13      6
  296   18     0    -168      0    168  0.59431375E+00  0.00000000E+00 0.2985E-12      5
  297   18     0    -167      0    167  0.59769728E+00  0.00000000E+00 0.9332E-13      5
  298   18     0    -166      0    166  0.60140681E+00  0.00000000E+00 0.6731E-12      5
  299   18     0    -165      0    165  0.60515854E+00  0.00000000E+00 0.1578E-12      6
  300   18     0    -164      0    164  0.60864237E+00  0.00000000E+00 0.1465E-12      5
  301   18     0    -163      0    163  0.61209946E+00  0.00000000E+00 0.1558E-12      5
  302   18     0    -162      0    162  0.61593940E+00  0.00000000E+00 0.2910E-12      5
  303   18     0    -161      0    161  0.61994507E+00  0.00000000E+00 0.1244E-12      6
  304   18     0    -160      0    160  0.62372265E+00  0.00000000E+00 0.4003E-13      6
  305   18     0    -159      0    159  0.62727742E+00  0.00000000E+00 0.1312E-12      6
  306   18     0    -158      0    158  0.63118242E+00  0.00000000E+00 0.4666E-12      5
  307   18     0    -157      0    157  0.63540202E+00  0.00000000E+00 0.1084E-11      5
  308   18     0    -156      0    156  0.63950150E+00  0.00000000E+00 0.9584E-13      6
  309   18     0    -155      0    155  0.64324037E+00  0.00000000E+00 0.1025E-11      5
  310   18     0    -154      0    154  0.64719462E+00  0.00000000E+00 0.9805E-13      5
  311   18     0    -153      0    153  0.65161252E+00  0.00000000E+00 0.1190E-12      5
  312   18     0    -152      0    152  0.65607395E+00  0.00000000E+00 0.1770E-12      6
  313   18     0    -151      0    151  0.66013626E+00  0.00000000E+00 0.1134E-11      5
  314   18     0    -150      0    150  0.66412272E+00  0.00000000E+00 0.2617E-12      6
  315   18     0    -149      0    149  0.66865485E+00  0.00000000E+00 0.1015E-11      5
  316   18     0    -148      0    148  0.67341988E+00  0.00000000E+00 0.2334E-12      5
  317   18     0    -147      0    147  0.67788203E+00  0.00000000E+00 0.1791E-12      6
  318   18     0    -146      0    146  0.68203026E+00  0.00000000E+00 0.9065E-13      5
  319   18     0    -145      0    145  0.68665223E+00  0.00000000E+00 0.2822E-12      6
  320   18     0    -144      0    144  0.69168166E+00  0.00000000E+00 0.2399E-12      5
  321   18     0    -143      0    143  0.69655477E+00  0.00000000E+00 0.1249E-12      6
  322   18     0    -142      0    142  0.70097463E+00  0.00000000E+00 0.6875E-12      5
  323   18     0    -141      0    141  0.70567442E+00  0.00000000E+00 0.2738E-13      6
  324   18     0    -140      0    140  0.71093019E+00  0.00000000E+00 0.5766E-12      5
  325   18     0    -139      0    139  0.71619569E+00  0.00000000E+00 0.1793E-12      6
  326   18     0    -138      0    138  0.72096900E+00  0.00000000E+00 0.1422E-12      5
  327   18     0    -137      0    137  0.72578576E+00  0.00000000E+00 0.2366E-12      6
  328   18     0    -136      0    136  0.73127233E+00  0.00000000E+00 0.3424E-12      5
  329   18     0    -135      0    135  0.73696350E+00  0.00000000E+00 0.1440E-12      6
  330   18     0    -134      0    134  0.74219649E+00  0.00000000E+00 0.6283E-12      6
  331   18     0    -133      0    133  0.74713766E+00  0.00000000E+00 0.4199E-13      5
  332   18     0    -132      0    132  0.75278589E+00  0.00000000E+00 0.1668E-12      5
  333   18     0    -131      0    131  0.75887172E+00  0.00000000E+00 0.6949E-13      6
  334   18     0    -130      0    130  0.76465105E+00  0.00000000E+00 0.3300E-12      5
  335   18     0    -129      0    129  0.76988272E+00  0.00000000E+00 0.4330E-15      6
  336   18     0    -128      0    128  0.77566005E+00  0.00000000E+00 0.5088E-14      6
  337   18     0    -127      0    127  0.78209380E+00  0.00000000E+00 0.2502E-12      5
  338   18     0    -126      0    126  0.78841442E+00  0.00000000E+00 0.2045E-12      6
  339   18     0    -125      0    125  0.79405181E+00  0.00000000E+00 0.2126E-12      5
  340   18     0    -124      0    124  0.79995466E+00  0.00000000E+00 0.4667E-12      6
  341   18     0    -123      0    123  0.80672094E+00  0.00000000E+00 0.1397E-12      5
  342   18     0    -122      0    122  0.81362899E+00  0.00000000E+00 0.3448E-12      6
  343   18     0    -121      0    121  0.81985433E+00  0.00000000E+00 0.3092E-13      5
  344   18     0    -120      0    120  0.82587585E+00  0.00000000E+00 0.4527E-12      6
  345   18     0    -119      0    119  0.83289225E+00  0.00000000E+00 0.1285E-12      5
  346   18     0    -118      0    118  0.84037001E+00  0.00000000E+00 0.7669E-13      6
  347   18     0    -117      0    117  0.84734562E+00  0.00000000E+00 0.4012E-12      6
  348   18     0    -116      0    116  0.85364620E+00  0.00000000E+00 0.2537E-13      6
  349   18     0    -115      0    115  0.86082847E+00  0.00000000E+00 0.6137E-13      6
  350   18     0    -114      0    114  0.86882616E+00  0.00000000E+00 0.1130E-12      6
  351   18     0    -113      0    113  0.87660679E+00  0.00000000E+00 0.2509E-13      5
  352   18     0    -112      0    112  0.88342571E+00  0.00000000E+00 0.1921E-12      5
  353   18     0    -111      0    111  0.89070230E+00  0.00000000E+00 0.2854E-12      6
  354   18     0    -110      0    110  0.89914173E+00  0.00000000E+00 0.2593E-12      5
  355   18     0    -109      0    109  0.90773906E+00  0.00000000E+00 0.1149E-12      6
  356   18     0    -108      0    108  0.91539934E+00  0.00000000E+00 0.9503E-13      5
  357   18     0    -107      0    107  0.92276858E+00  0.00000000E+00 0.2430E-12      6
  358   18     0    -106      0    106  0.93148943E+00  0.00000000E+00 0.2337E-12      6
  359   18     0    -105      0    105  0.94084238E+00  0.00000000E+00 0.7122E-13      6
  360   18     0    -104      0    104  0.94960141E+00  0.00000000E+00 0.6870E-13      6
  361   18     0    -103      0    103  0.95731787E+00  0.00000000E+00 0.2314E-12      5
  362   18     0    -102      0    102  0.96610745E+00  0.00000000E+00 0.2007E-13      6
  363   18     0    -101      0    101  0.97610983E+00  0.00000000E+00 0.8962E-13      5
  364   18     0    -100      0    100  0.98605233E+00  0.00000000E+00 0.1106E-12      6
  365   18     0     -99      0     99  0.99470175E+00  0.00000000E+00 0.5563E-13      5
  366   18     0     -98      0     98  0.10034355E+01  0.00000000E+00 0.4362E-13      6
  367   18     0     -97      0     97  0.10138824E+01  0.00000000E+00 0.2308E-12      5
  368   18     0     -96      0     96  0.10248925E+01  0.00000000E+00 0.5826E-13      6
  369   18     0     -95      0     95  0.10349778E+01  0.00000000E+00 0.1813E-13      6
  370   18     0     -94      0     94  0.10439761E+01  0.00000000E+00 0.2338E-12      6
  371   18     0     -93      0     93  0.10545929E+01  0.00000000E+00 0.3893E-13      6
  372   18     0     -92      0     92  0.10665354E+01  0.00000000E+00 0.3910E-12      6
  373   18     0     -91      0     91  0.10782431E+01  0.00000000E+00 0.1282E-12      6
  374   18     0     -90      0     90  0.10883079E+01  0.00000000E+00 0.1818E-12      6
  375   18     0     -89      0     89  0.10988976E+01  0.00000000E+00 0.2377E-13      6
  376   18     0     -88      0     88  0.11116118E+01  0.00000000E+00 0.1929E-12      5
  377   18     0     -87      0     87  0.11248934E+01  0.00000000E+00 0.5879E-13      5
  378   18     0     -86      0     86  0.11368435E+01  0.00000000E+00 0.1222E-12      6
  379   18     0     -85      0     85  0.11476560E+01  0.00000000E+00 0.1564E-12      6
  380   18     0     -84      0     84  0.11608329E+01  0.00000000E+00 0.1100E-12      6
  381   18     0     -83      0     83  0.11755386E+01  0.00000000E+00 0.1239E-12      5
  382   18     0     -82      0     82  0.11896981E+01  0.00000000E+00 0.4067E-13      6
  383   18     0     -81      0     81  0.12016004E+01  0.00000000E+00 0.1866E-12      6
  384   18     0     -80      0     80  0.12148707E+01  0.00000000E+00 0.1952E-12      6
  385   18     0     -79      0     79  0.12307973E+01  0.00000000E+00 0.1399E-12      5
  386   18     0     -78      0     78  0.12470799E+01  0.00000000E+00 0.2639E-13      5
  387   18     0     -77      0     77  0.12610957E+01  0.00000000E+00 0.1787E-12      6
  388   18     0     -76      0     76  0.12744922E+01  0.00000000E+00 0.1308E-12      6
  389   18     0     -75      0     75  0.12913760E+01  0.00000000E+00 0.5465E-13      6
  390   18     0     -74      0     74  0.13096719E+01  0.00000000E+00 0.2215E-12      5
  391   18     0     -73      0     73  0.13264826E+01  0.00000000E+00 0.5482E-13      6
  392   18     0     -72      0     72  0.13407202E+01  0.00000000E+00 0.2383E-12      5
  393   18     0     -71      0     71  0.13582141E+01  0.00000000E+00 0.3084E-12      6
  394   18     0     -70      0     70  0.13784558E+01  0.00000000E+00 0.1934E-12      6
  395   18     0     -69      0     69  0.13982338E+01  0.00000000E+00 0.1537E-12      6
  396   18     0     -68      0     68  0.14143332E+01  0.00000000E+00 0.1650E-14      6
  397   18     0     -67      0     67  0.14320890E+01  0.00000000E+00 0.1842E-12      6
  398   18     0     -66      0     66  0.14541501E+01  0.00000000E+00 0.1629E-12      5
  399   18     0     -65      0     65  0.14768430E+01  0.00000000E+00 0.1213E-12      6
  400   18     0     -64      0     64  0.14958486E+01  0.00000000E+00 0.1267E-12      6
  401   18     0     -63      0     63  0.15140656E+01  0.00000000E+00 0.1614E-12      6
  402   18     0     -62      0     62  0.15379638E+01  0.00000000E+00 0.1567E-12      5
  403   18     0     -61      0     61  0.15637825E+01  0.00000000E+00 0.1911E-12      6
  404   18     0     -60      0     60  0.15867466E+01  0.00000000E+00 0.1127E-12      6
  405   18     0     -59      0     59  0.16061052E+01  0.00000000E+00 0.7131E-13      6
  406   18     0     -58      0     58  0.16316028E+01  0.00000000E+00 0.1421E-12      6
  407   18     0     -57      0     57  0.16607057E+01  0.00000000E+00 0.8315E-13      6
  408   18     0     -56      0     56  0.16883312E+01  0.00000000E+00 0.2699E-13      6
  Time elapsed :      2.085 s

Starting search (non-adiabatic)

Finding roots
  Time elapsed :    123.152 s

Processing modes
   id    l     m    n_pg    n_p    n_g       Re(omega)       Im(omega)        chi n_iter
  295   18     0    -169      0    169  0.59017395E+00 -0.12927309E-02 0.4235E-12      9
  296   18     0    -168      0    168  0.59350219E+00 -0.11683483E-02 0.4718E-12      8
  297   18     0    -167      0    167  0.59680116E+00 -0.12340287E-02 0.3122E-12      9
  298   18     0    -166      0    166  0.60048384E+00 -0.13112345E-02 0.4174E-12      9
  299   18     0    -165      0    165  0.60430388E+00 -0.12585153E-02 0.1104E-11      8
  300   18     0    -164      0    164  0.60787448E+00 -0.11181278E-02 0.6622E-12      8
  301   18     0    -163      0    163  0.61126687E+00 -0.11408022E-02 0.7930E-12      9
  302   18     0    -162      0    162  0.61505654E+00 -0.12435187E-02 0.7800E-12      7
  303   18     0    -161      0    161  0.61910689E+00 -0.12271522E-02 0.2141E-12      8
  304   18     0    -160      0    160  0.62299291E+00 -0.10922313E-02 0.7026E-12      7
  305   18     0    -159      0    159  0.62653795E+00 -0.10407364E-02 0.5100E-12      7
  306   18     0    -158      0    158  0.63037463E+00 -0.11537529E-02 0.2888E-12      7
  307   18     0    -157      0    157  0.63461484E+00 -0.11769877E-02 0.7806E-12      7
  308   18     0    -156      0    156  0.63881589E+00 -0.10713479E-02 0.9001E-12      9
  309   18     0    -155      0    155  0.64260262E+00 -0.96229158E-03 0.2007E-12      7
  310   18     0    -154      0    154  0.64648605E+00 -0.10626204E-02 0.3314E-12      8
  311   18     0    -153      0    153  0.65089976E+00 -0.11273895E-02 0.9933E-12      6
  312   18     0    -152      0    152  0.65543686E+00 -0.10652428E-02 0.5383E-12      7
  313   18     0    -151      0    151  0.65959094E+00 -0.92260247E-03 0.5384E-12      6
  314   18     0    -150      0    150  0.66353125E+00 -0.96614779E-03 0.1651E-12      7
  315   18     0    -149      0    149  0.66803512E+00 -0.10703640E-02 0.7393E-12      6
  316   18     0    -148      0    148  0.67284714E+00 -0.10522665E-02 0.4559E-12      6
  317   18     0    -147      0    147  0.67740095E+00 -0.92388558E-03 0.2320E-12      7
  318   18     0    -146      0    146  0.68154259E+00 -0.90037939E-03 0.5358E-12      6
  319   18     0    -145      0    145  0.68612341E+00 -0.10187257E-02 0.5017E-12      7
  320   18     0    -144      0    144  0.69117683E+00 -0.10380195E-02 0.4936E-12      8
  321   18     0    -143      0    143  0.69612538E+00 -0.93829102E-03 0.7405E-12      7
  322   18     0    -142      0    142  0.70057294E+00 -0.85885751E-03 0.1170E-11      6
  323   18     0    -141      0    141  0.70523093E+00 -0.96590366E-03 0.7248E-12      9
  324   18     0    -140      0    140  0.71049431E+00 -0.10178505E-02 0.2922E-12      7
  325   18     0    -139      0    139  0.71581764E+00 -0.94825566E-03 0.3627E-12      7
  326   18     0    -138      0    138  0.72063803E+00 -0.83643859E-03 0.1127E-11      7
  327   18     0    -137      0    137  0.72542118E+00 -0.91643635E-03 0.5365E-12      7
  328   18     0    -136      0    136  0.73090410E+00 -0.99900145E-03 0.3293E-12      6
  329   18     0    -135      0    135  0.73663724E+00 -0.96258073E-03 0.2222E-12      7
  330   18     0    -134      0    134  0.74192856E+00 -0.83201311E-03 0.8969E-12      7
  331   18     0    -133      0    133  0.74685164E+00 -0.86031276E-03 0.8365E-12      8
  332   18     0    -132      0    132  0.75248710E+00 -0.97583063E-03 0.1732E-12      7
  333   18     0    -131      0    131  0.75860117E+00 -0.97687817E-03 0.5880E-12      6
  334   18     0    -130      0    130  0.76443350E+00 -0.86236863E-03 0.5198E-12      6
  335   18     0    -129      0    129  0.76966670E+00 -0.82798540E-03 0.1102E-11      7
  336   18     0    -128      0    128  0.77542676E+00 -0.95893013E-03 0.3922E-12      7
  337   18     0    -127      0    127  0.78187847E+00 -0.99803668E-03 0.6136E-12      8
  338   18     0    -126      0    126  0.78824173E+00 -0.91101256E-03 0.1940E-13      6
  339   18     0    -125      0    125  0.79389390E+00 -0.82336100E-03 0.5822E-12      6
  340   18     0    -124      0    124  0.79977803E+00 -0.95194327E-03 0.2192E-12      7
  341   18     0    -123      0    123  0.80655543E+00 -0.10326423E-02 0.1942E-12      8
  342   18     0    -122      0    122  0.81349573E+00 -0.98380594E-03 0.2020E-12      8
  343   18     0    -121      0    121  0.81974633E+00 -0.85193709E-03 0.7021E-12      7
  344   18     0    -120      0    120  0.82574972E+00 -0.94010455E-03 0.1377E-11      6
  345   18     0    -119      0    119  0.83277290E+00 -0.10695514E-02 0.8663E-12      7
  346   18     0    -118      0    118  0.84027550E+00 -0.10651314E-02 0.1052E-11      6
  347   18     0    -117      0    117  0.84728027E+00 -0.92726014E-03 0.9681E-12      6
  348   18     0    -116      0    116  0.85356748E+00 -0.93297826E-03 0.1050E-11      6
  349   18     0    -115      0    115  0.86075333E+00 -0.11081759E-02 0.9972E-12      9
  350   18     0    -115      0    115  0.86877239E+00 -0.11566499E-02 0.1350E-11      6
  351   18     0    -114      0    114  0.87658035E+00 -0.10496737E-02 0.1231E-11      7
  352   18     0    -113      0    113  0.88339134E+00 -0.96034169E-03 0.1137E-11      8
  353   18     0    -111      0    111  0.89066378E+00 -0.11592204E-02 0.8493E-12      6
  354   18     0    -110      0    110  0.89912201E+00 -0.12755645E-02 0.4155E-12      7
  355   18     0    -110      0    110  0.90774033E+00 -0.12278281E-02 0.6511E-12      8
  356   18     0    -109      0    109  0.91539968E+00 -0.10619839E-02 0.2196E-12      7
  357   18     0    -108      0    108  0.92274443E+00 -0.12097488E-02 0.1570E-11      6
  358   18     0    -107      0    107  0.93147520E+00 -0.14069006E-02 0.1394E-11      7
  359   18     0    -106      0    106  0.94083724E+00 -0.14233884E-02 0.6369E-12      8
  360   18     0    -105      0    105  0.94960265E+00 -0.12393511E-02 0.8514E-12      7
  361   18     0    -104      0    104  0.95727699E+00 -0.12126177E-02 0.1169E-11      7
  362   18     0    -103      0    103  0.96605347E+00 -0.14642964E-02 0.4039E-12      8
  363   18     0    -102      0    102  0.97605395E+00 -0.15335890E-02 0.2357E-11      6
  364   18     0    -101      0    101  0.98600349E+00 -0.13917641E-02 0.1305E-11      6
  365   18     0    -100      0    100  0.99463554E+00 -0.11665974E-02 0.2154E-11      6
  366   18     0     -99      0     99  0.10033286E+01 -0.13474650E-02 0.5407E-12      8
  367   18     0     -98      0     98  0.10137703E+01 -0.14610536E-02 0.7133E-12      8
  368   18     0     -97      0     97  0.10247883E+01 -0.13637565E-02 0.1879E-11      7
  369   18     0     -96      0     96  0.10348934E+01 -0.10885105E-02 0.8841E-12      8
  370   18     0     -95      0     95  0.10438665E+01 -0.10527090E-02 0.7717E-12      7
  371   18     0     -94      0     94  0.10544801E+01 -0.11768954E-02 0.1077E-12      7
  372   18     0     -93      0     93  0.10664406E+01 -0.11110541E-02 0.2483E-11      8
  373   18     0     -92      0     92  0.10781782E+01 -0.90270508E-03 0.6547E-12      6
  374   18     0     -91      0     91  0.10882550E+01 -0.71186481E-03 0.9013E-12      6
  375   18     0     -90      0     90  0.10988463E+01 -0.78490165E-03 0.2063E-11      7
  376   18     0     -89      0     89  0.11115789E+01 -0.76906539E-03 0.2048E-11      7
  377   18     0     -88      0     88  0.11248798E+01 -0.65126515E-03 0.3253E-12      7
  378   18     0     -87      0     87  0.11368419E+01 -0.47623326E-03 0.5416E-12      5
  379   18     0     -86      0     86  0.11476578E+01 -0.46185165E-03 0.4416E-11      6
  380   18     0     -85      0     85  0.11608464E+01 -0.48795371E-03 0.1545E-11      6
  381   18     0     -84      0     84  0.11755608E+01 -0.43282921E-03 0.7571E-11      5
  382   18     0     -83      0     83  0.11897221E+01 -0.32811051E-03 0.4244E-11      7
  383   18     0     -82      0     82  0.12016222E+01 -0.25969938E-03 0.4930E-11      6
  384   18     0     -81      0     81  0.12149003E+01 -0.29062342E-03 0.7366E-11      5
  385   18     0     -80      0     80  0.12308310E+01 -0.27248686E-03 0.2316E-11      5
  386   18     0     -79      0     79  0.12471115E+01 -0.21966692E-03 0.8054E-11      5
  387   18     0     -78      0     78  0.12611202E+01 -0.15473976E-03 0.5830E-11      6
  388   18     0     -77      0     77  0.12745202E+01 -0.16470435E-03 0.7618E-11      5
  389   18     0     -76      0     76  0.12914073E+01 -0.16680477E-03 0.4575E-11      6
  390   18     0     -75      0     75  0.13097010E+01 -0.14206575E-03 0.5627E-11      5
  391   18     0     -74      0     74  0.13265047E+01 -0.10122666E-03 0.6440E-11      6
  392   18     0     -73      0     73  0.13407409E+01 -0.90958937E-04 0.1899E-10      6
  393   18     0     -72      0     72  0.13582386E+01 -0.10150400E-03 0.3732E-10      5
  394   18     0     -71      0     71  0.13784793E+01 -0.92181541E-04 0.1771E-10      6
  395   18     0     -70      0     70  0.13982527E+01 -0.70795099E-04 0.1517E-10      6
  396   18     0     -69      0     69  0.14143477E+01 -0.53303317E-04 0.1735E-10      6
  397   18     0     -68      0     68  0.14321069E+01 -0.63472523E-04 0.1836E-10      5
  398   18     0     -67      0     67  0.14541679E+01 -0.61377007E-04 0.1550E-10      5
  399   18     0     -66      0     66  0.14768580E+01 -0.49891308E-04 0.3781E-10      5
  400   18     0     -65      0     65  0.14958589E+01 -0.33834804E-04 0.4600E-10      4
  401   18     0     -64      0     64  0.15140775E+01 -0.38561027E-04 0.5886E-10      5
  402   18     0     -63      0     63  0.15379762E+01 -0.39453456E-04 0.3165E-10      7
  403   18     0     -62      0     62  0.15637932E+01 -0.33296825E-04 0.3313E-10      6
  404   18     0     -61      0     61  0.15867539E+01 -0.22455151E-04 0.3551E-10      6
  405   18     0     -60      0     60  0.16061124E+01 -0.22069517E-04 0.5510E-10      6
  406   18     0     -59      0     59  0.16316110E+01 -0.24605066E-04 0.1956E-10      5
  407   18     0     -58      0     58  0.16607130E+01 -0.21774833E-04 0.6506E-10      5
  408   18     0     -57      0     57  0.16883365E+01 -0.15753966E-04 0.1670E-09      6
  Time elapsed :      7.175 s

Mode Search
-----------

Mode parameters
   l : 19
   m : 0

Building frequency grid (REAL axis)
   added scan interval :  0.5233E+00 ->  0.2103E+01 (3000 points, INVERSE)

Building spatial grid
   Scaffold grid from model
   Split 250 subinterval(s) in iteration 1
   Split 28 subinterval(s) in iteration 2
   Split 0 subinterval(s) in iteration 3
   Final grid has 1 segment(s) and 7425 point(s):
      Segment 1 : x range 0.0000 -> 1.0011 (1 -> 7425)

Starting search (adiabatic)

Scanning frequencies
  Time elapsed :    35.527 s

Finding roots
  Time elapsed :      8.845 s

Processing modes
   id    l     m    n_pg    n_p    n_g       Re(omega)       Im(omega)        chi n_iter
  444   19     0    -178      0    178  0.59153616E+00  0.00000000E+00 0.2026E-12      6
  445   19     0    -177      0    177  0.59479348E+00  0.00000000E+00 0.8563E-13      5
  446   19     0    -176      0    176  0.59792933E+00  0.00000000E+00 0.2293E-12      5
  447   19     0    -175      0    175  0.60132122E+00  0.00000000E+00 0.2180E-12      5
  448   19     0    -174      0    174  0.60490604E+00  0.00000000E+00 0.1866E-12      6
  449   19     0    -173      0    173  0.60837208E+00  0.00000000E+00 0.4927E-12      5
  450   19     0    -172      0    172  0.61164455E+00  0.00000000E+00 0.2087E-12      6
  451   19     0    -171      0    171  0.61512234E+00  0.00000000E+00 0.1724E-12      5
  452   19     0    -170      0    170  0.61887675E+00  0.00000000E+00 0.8318E-12      5
  453   19     0    -169      0    169  0.62259586E+00  0.00000000E+00 0.1968E-12      6
  454   19     0    -168      0    168  0.62605889E+00  0.00000000E+00 0.1197E-12      5
  455   19     0    -167      0    167  0.62960242E+00  0.00000000E+00 0.2308E-12      5
  456   19     0    -166      0    166  0.63349191E+00  0.00000000E+00 0.6273E-13      5
  457   19     0    -165      0    165  0.63744755E+00  0.00000000E+00 0.1827E-12      6
  458   19     0    -164      0    164  0.64113244E+00  0.00000000E+00 0.1400E-11      5
  459   19     0    -163      0    163  0.64475787E+00  0.00000000E+00 0.3079E-13      5
  460   19     0    -162      0    162  0.64877766E+00  0.00000000E+00 0.1503E-12      5
  461   19     0    -161      0    161  0.65299343E+00  0.00000000E+00 0.2229E-12      6
  462   19     0    -160      0    160  0.65699068E+00  0.00000000E+00 0.2179E-12      6
  463   19     0    -159      0    159  0.66073071E+00  0.00000000E+00 0.3719E-12      6
  464   19     0    -158      0    158  0.66481223E+00  0.00000000E+00 0.3005E-12      6
  465   19     0    -157      0    157  0.66924397E+00  0.00000000E+00 0.2288E-12      6
  466   19     0    -156      0    156  0.67357746E+00  0.00000000E+00 0.3607E-13      6
  467   19     0    -155      0    155  0.67752683E+00  0.00000000E+00 0.1161E-11      5
  468   19     0    -154      0    154  0.68165806E+00  0.00000000E+00 0.1059E-12      6
  469   19     0    -153      0    153  0.68628738E+00  0.00000000E+00 0.2681E-12      5
  470   19     0    -152      0    152  0.69099307E+00  0.00000000E+00 0.8539E-14      6
  471   19     0    -151      0    151  0.69529640E+00  0.00000000E+00 0.3902E-12      6
  472   19     0    -150      0    150  0.69947036E+00  0.00000000E+00 0.1700E-12      6
  473   19     0    -149      0    149  0.70420739E+00  0.00000000E+00 0.7602E-13      6
  474   19     0    -148      0    148  0.70922158E+00  0.00000000E+00 0.1562E-12      6
  475   19     0    -147      0    147  0.71394764E+00  0.00000000E+00 0.1740E-13      5
  476   19     0    -146      0    146  0.71830969E+00  0.00000000E+00 0.4927E-14      6
  477   19     0    -145      0    145  0.72313261E+00  0.00000000E+00 0.8183E-13      6
  478   19     0    -144      0    144  0.72841277E+00  0.00000000E+00 0.3715E-12      5
  479   19     0    -143      0    143  0.73356527E+00  0.00000000E+00 0.1705E-12      6
  480   19     0    -142      0    142  0.73823194E+00  0.00000000E+00 0.2014E-12      5
  481   19     0    -141      0    141  0.74313521E+00  0.00000000E+00 0.5829E-12      5
  482   19     0    -140      0    140  0.74864076E+00  0.00000000E+00 0.4827E-12      5
  483   19     0    -139      0    139  0.75419748E+00  0.00000000E+00 0.3530E-13      6
  484   19     0    -138      0    138  0.75925114E+00  0.00000000E+00 0.3765E-12      5
  485   19     0    -137      0    137  0.76428329E+00  0.00000000E+00 0.4535E-12      6
  486   19     0    -136      0    136  0.77001756E+00  0.00000000E+00 0.1449E-12      5
  487   19     0    -135      0    135  0.77601006E+00  0.00000000E+00 0.3265E-13      5
  488   19     0    -134      0    134  0.78155800E+00  0.00000000E+00 0.2550E-12      5
  489   19     0    -133      0    133  0.78673844E+00  0.00000000E+00 0.4794E-12      6
  490   19     0    -132      0    132  0.79262702E+00  0.00000000E+00 0.2359E-12      6
  491   19     0    -131      0    131  0.79902069E+00  0.00000000E+00 0.2635E-12      6
  492   19     0    -130      0    130  0.80514302E+00  0.00000000E+00 0.1557E-12      6
  493   19     0    -129      0    129  0.81065659E+00  0.00000000E+00 0.1637E-12      5
  494   19     0    -128      0    128  0.81666899E+00  0.00000000E+00 0.3698E-12      5
  495   19     0    -127      0    127  0.82341057E+00  0.00000000E+00 0.1498E-12      5
  496   19     0    -126      0    126  0.83009413E+00  0.00000000E+00 0.3748E-12      6
  497   19     0    -125      0    125  0.83606426E+00  0.00000000E+00 0.1422E-12      5
  498   19     0    -124      0    124  0.84220617E+00  0.00000000E+00 0.7593E-13      6
  499   19     0    -123      0    123  0.84927440E+00  0.00000000E+00 0.1326E-12      5
  500   19     0    -122      0    122  0.85655932E+00  0.00000000E+00 0.5513E-13      6
  501   19     0    -121      0    121  0.86317590E+00  0.00000000E+00 0.3142E-12      5
  502   19     0    -120      0    120  0.86946128E+00  0.00000000E+00 0.1177E-12      6
  503   19     0    -119      0    119  0.87676118E+00  0.00000000E+00 0.8363E-13      6
  504   19     0    -118      0    118  0.88462156E+00  0.00000000E+00 0.1750E-12      6
  505   19     0    -117      0    117  0.89203674E+00  0.00000000E+00 0.1068E-12      6
  506   19     0    -116      0    116  0.89866470E+00  0.00000000E+00 0.2083E-12      6
  507   19     0    -115      0    115  0.90610651E+00  0.00000000E+00 0.2275E-13      6
  508   19     0    -114      0    114  0.91448118E+00  0.00000000E+00 0.7757E-13      6
  509   19     0    -113      0    113  0.92272926E+00  0.00000000E+00 0.1342E-12      6
  510   19     0    -112      0    112  0.92996732E+00  0.00000000E+00 0.1029E-12      5
  511   19     0    -111      0    111  0.93749403E+00  0.00000000E+00 0.2627E-13      6
  512   19     0    -110      0    110  0.94628867E+00  0.00000000E+00 0.2022E-12      5
  513   19     0    -109      0    109  0.95536068E+00  0.00000000E+00 0.3994E-12      6
  514   19     0    -108      0    108  0.96353543E+00  0.00000000E+00 0.1212E-12      5
  515   19     0    -107      0    107  0.97119864E+00  0.00000000E+00 0.2604E-12      6
  516   19     0    -106      0    106  0.98022825E+00  0.00000000E+00 0.2992E-13      5
  517   19     0    -105      0    105  0.99004451E+00  0.00000000E+00 0.1144E-14      5
  518   19     0    -104      0    104  0.99937716E+00  0.00000000E+00 0.2738E-14      6
  519   19     0    -103      0    103  0.10075204E+01  0.00000000E+00 0.1098E-12      6
  520   19     0    -102      0    102  0.10165633E+01  0.00000000E+00 0.1953E-12      6
  521   19     0    -101      0    101  0.10269951E+01  0.00000000E+00 0.6674E-13      5
  522   19     0    -100      0    100  0.10375194E+01  0.00000000E+00 0.5250E-12      6
  523   19     0     -99      0     99  0.10467714E+01  0.00000000E+00 0.8317E-13      6
  524   19     0     -98      0     98  0.10557715E+01  0.00000000E+00 0.1765E-12      6
  525   19     0     -97      0     97  0.10665736E+01  0.00000000E+00 0.1497E-12      6
  526   19     0     -96      0     96  0.10781411E+01  0.00000000E+00 0.4473E-12      6
  527   19     0     -95      0     95  0.10889328E+01  0.00000000E+00 0.1377E-12      6
  528   19     0     -94      0     94  0.10983706E+01  0.00000000E+00 0.1450E-13      6
  529   19     0     -93      0     93  0.11092452E+01  0.00000000E+00 0.1705E-12      6
  530   19     0     -92      0     92  0.11216983E+01  0.00000000E+00 0.6860E-13      5
  531   19     0     -91      0     91  0.11341255E+01  0.00000000E+00 0.1011E-13      6
  532   19     0     -90      0     90  0.11449021E+01  0.00000000E+00 0.1179E-12      5
  533   19     0     -89      0     89  0.11557340E+01  0.00000000E+00 0.1733E-12      6
  534   19     0     -88      0     88  0.11688672E+01  0.00000000E+00 0.1901E-12      5
  535   19     0     -87      0     87  0.11828352E+01  0.00000000E+00 0.2042E-12      5
  536   19     0     -86      0     86  0.11956774E+01  0.00000000E+00 0.1367E-12      5
  537   19     0     -85      0     85  0.12069343E+01  0.00000000E+00 0.1458E-13      6
  538   19     0     -84      0     84  0.12203829E+01  0.00000000E+00 0.4422E-13      6
  539   19     0     -83      0     83  0.12357159E+01  0.00000000E+00 0.5692E-13      6
  540   19     0     -82      0     82  0.12507982E+01  0.00000000E+00 0.1012E-12      5
  541   19     0     -81      0     81  0.12635199E+01  0.00000000E+00 0.1080E-13      5
  542   19     0     -80      0     80  0.12769664E+01  0.00000000E+00 0.5987E-13      6
  543   19     0     -79      0     79  0.12934173E+01  0.00000000E+00 0.1445E-12      5
  544   19     0     -78      0     78  0.13105806E+01  0.00000000E+00 0.2491E-13      6
  545   19     0     -77      0     77  0.13257076E+01  0.00000000E+00 0.2019E-12      6
  546   19     0     -76      0     76  0.13394165E+01  0.00000000E+00 0.2002E-12      6
  547   19     0     -75      0     75  0.13566639E+01  0.00000000E+00 0.8886E-13      6
  548   19     0     -74      0     74  0.13757856E+01  0.00000000E+00 0.1943E-12      6
  549   19     0     -73      0     73  0.13938079E+01  0.00000000E+00 0.2222E-12      6
  550   19     0     -72      0     72  0.14087554E+01  0.00000000E+00 0.6641E-13      6
  551   19     0     -71      0     71  0.14264254E+01  0.00000000E+00 0.8591E-13      6
  552   19     0     -70      0     70  0.14473978E+01  0.00000000E+00 0.4823E-13      5
  553   19     0     -69      0     69  0.14683491E+01  0.00000000E+00 0.4834E-13      6
  554   19     0     -68      0     68  0.14856154E+01  0.00000000E+00 0.1553E-12      5
  555   19     0     -67      0     67  0.15034507E+01  0.00000000E+00 0.2795E-12      6
  556   19     0     -66      0     66  0.15261048E+01  0.00000000E+00 0.3013E-13      6
  557   19     0     -65      0     65  0.15499326E+01  0.00000000E+00 0.1115E-13      6
  558   19     0     -64      0     64  0.15704968E+01  0.00000000E+00 0.1057E-12      5
  559   19     0     -63      0     63  0.15889307E+01  0.00000000E+00 0.1062E-14      6
  560   19     0     -62      0     62  0.16132197E+01  0.00000000E+00 0.1219E-12      6
  561   19     0     -61      0     61  0.16401417E+01  0.00000000E+00 0.3372E-13      6
  562   19     0     -60      0     60  0.16649500E+01  0.00000000E+00 0.1181E-12      6
  563   19     0     -59      0     59  0.16850162E+01  0.00000000E+00 0.3779E-13      6
  Time elapsed :      2.616 s

Starting search (non-adiabatic)

Finding roots
  Time elapsed :    163.034 s

Processing modes
   id    l     m    n_pg    n_p    n_g       Re(omega)       Im(omega)        chi n_iter
  444   19     0    -178      0    178  0.59070125E+00 -0.16007407E-02 0.6942E-12     10
  445   19     0    -177      0    177  0.59402431E+00 -0.14480311E-02 0.5508E-12      8
  446   19     0    -176      0    176  0.59709608E+00 -0.13976070E-02 0.6511E-12      7
  447   19     0    -175      0    175  0.60040475E+00 -0.15134473E-02 0.1332E-11      8
  448   19     0    -174      0    174  0.60400267E+00 -0.15278284E-02 0.1002E-11      9
  449   19     0    -173      0    173  0.60755129E+00 -0.14036057E-02 0.1129E-11      9
  450   19     0    -172      0    172  0.61081607E+00 -0.13059001E-02 0.4731E-12     10
  451   19     0    -171      0    171  0.61420348E+00 -0.14071311E-02 0.3642E-12      8
  452   19     0    -170      0    170  0.61795213E+00 -0.14585122E-02 0.4040E-12      9
  453   19     0    -169      0    169  0.62175008E+00 -0.13724083E-02 0.1282E-11      7
  454   19     0    -168      0    168  0.62526397E+00 -0.12377754E-02 0.6218E-12     10
  455   19     0    -167      0    167  0.62872387E+00 -0.12989812E-02 0.1002E-12      9
  456   19     0    -166      0    166  0.63258282E+00 -0.13835843E-02 0.6977E-12      9
  457   19     0    -165      0    165  0.63660181E+00 -0.13332004E-02 0.1070E-11      7
  458   19     0    -164      0    164  0.64037433E+00 -0.11851702E-02 0.6364E-12      8
  459   19     0    -163      0    163  0.64393923E+00 -0.11981354E-02 0.2070E-12      7
  460   19     0    -161      0    161  0.65216225E+00 -0.12951925E-02 0.5835E-12     11
  461   19     0    -160      0    160  0.65626636E+00 -0.11564839E-02 0.5405E-12      9
  462   19     0    -159      0    159  0.66000365E+00 -0.10912599E-02 0.6762E-13      8
  463   19     0    -158      0    158  0.66401580E+00 -0.12072479E-02 0.3047E-12      8
  464   19     0    -157      0    157  0.66846490E+00 -0.12366015E-02 0.3474E-12      9
  465   19     0    -156      0    156  0.67289660E+00 -0.11309789E-02 0.6403E-12      8
  466   19     0    -155      0    155  0.67690032E+00 -0.10091677E-02 0.1770E-12      9
  467   19     0    -154      0    154  0.68096292E+00 -0.11062398E-02 0.9336E-12      9
  468   19     0    -153      0    153  0.68558556E+00 -0.11785916E-02 0.6063E-12      7
  469   19     0    -152      0    152  0.69036333E+00 -0.11191888E-02 0.4589E-12     10
  470   19     0    -151      0    151  0.69476087E+00 -0.96887088E-03 0.4576E-12     10
  471   19     0    -150      0    150  0.69889461E+00 -0.10013549E-02 0.4431E-12      8
  472   19     0    -149      0    149  0.70360158E+00 -0.11132593E-02 0.4504E-12      9
  473   19     0    -148      0    148  0.70865974E+00 -0.11001145E-02 0.4816E-12      9
  474   19     0    -147      0    147  0.71347635E+00 -0.96933720E-03 0.2671E-12      8
  475   19     0    -146      0    146  0.71783869E+00 -0.93160542E-03 0.1146E-11      9
  476   19     0    -145      0    145  0.72262036E+00 -0.10538809E-02 0.6800E-12      8
  477   19     0    -144      0    144  0.72792234E+00 -0.10795392E-02 0.1761E-11      9
  478   19     0    -143      0    143  0.73314757E+00 -0.98093486E-03 0.5720E-12      9
  479   19     0    -142      0    142  0.73784705E+00 -0.88876643E-03 0.7798E-12      8
  480   19     0    -141      0    141  0.74271065E+00 -0.99367861E-03 0.6831E-12      9
  481   19     0    -140      0    140  0.74822251E+00 -0.10528197E-02 0.6622E-12     10
  482   19     0    -139      0    139  0.75383406E+00 -0.98667235E-03 0.4755E-12     10
  483   19     0    -138      0    138  0.75893719E+00 -0.86606145E-03 0.7246E-12      8
  484   19     0    -137      0    137  0.76393978E+00 -0.93776303E-03 0.2722E-12      9
  485   19     0    -136      0    136  0.76967009E+00 -0.10274649E-02 0.2108E-12      8
  486   19     0    -135      0    135  0.77570207E+00 -0.99611516E-03 0.3261E-12      9
  487   19     0    -134      0    134  0.78130757E+00 -0.86237440E-03 0.2312E-12      9
  488   19     0    -133      0    133  0.78647493E+00 -0.87652598E-03 0.3047E-12      8
  489   19     0    -132      0    132  0.79235148E+00 -0.99803872E-03 0.4786E-12      9
  490   19     0    -131      0    131  0.79877189E+00 -0.10057855E-02 0.2931E-12      8
  491   19     0    -130      0    130  0.80494462E+00 -0.89324024E-03 0.8576E-12      9
  492   19     0    -129      0    129  0.81046376E+00 -0.84303121E-03 0.7564E-12      8
  493   19     0    -128      0    128  0.81646083E+00 -0.97515471E-03 0.8599E-12      9
  494   19     0    -127      0    127  0.82322000E+00 -0.10223679E-02 0.6187E-12     10
  495   19     0    -126      0    126  0.82994324E+00 -0.94093546E-03 0.8893E-12      8
  496   19     0    -125      0    125  0.83593027E+00 -0.84008330E-03 0.2858E-12      8
  497   19     0    -124      0    124  0.84205646E+00 -0.96206857E-03 0.1182E-11      9
  498   19     0    -123      0    123  0.84913678E+00 -0.10519705E-02 0.7584E-12      8
  499   19     0    -122      0    122  0.85645168E+00 -0.10111461E-02 0.8080E-13     10
  500   19     0    -121      0    121  0.86309307E+00 -0.87373467E-03 0.6664E-13      9
  501   19     0    -120      0    120  0.86936384E+00 -0.94393926E-03 0.1699E-11      9
  502   19     0    -119      0    119  0.87667291E+00 -0.10825888E-02 0.1386E-11      9
  503   19     0    -117      0    117  0.89199952E+00 -0.95474495E-03 0.4763E-12     12
  504   19     0    -118      0    118  0.88455750E+00 -0.10881200E-02 0.1324E-11      9
  505   19     0    -116      0    116  0.89861700E+00 -0.93488702E-03 0.8775E-12      9
  506   19     0    -115      0    115  0.90606573E+00 -0.11146721E-02 0.1443E-11     12
  507   19     0    -114      0    114  0.91446328E+00 -0.11758963E-02 0.1628E-11      9
  508   19     0    -113      0    113  0.92273610E+00 -0.10812280E-02 0.7551E-12      9
  509   19     0    -112      0    112  0.92996751E+00 -0.96931669E-03 0.3658E-12      9
  510   19     0    -111      0    111  0.93749344E+00 -0.11595549E-02 0.5834E-12     10
  511   19     0    -112      0    112  0.94631111E+00 -0.12923677E-02 0.8446E-12     10
  512   19     0    -110      0    110  0.95540294E+00 -0.12611480E-02 0.4967E-12      9
  513   19     0    -109      0    109  0.96357596E+00 -0.10891636E-02 0.3763E-12      9
  514   19     0    -108      0    108  0.97121682E+00 -0.12051247E-02 0.1377E-11      8
  515   19     0    -107      0    107  0.98026278E+00 -0.14203605E-02 0.8288E-12      9
  516   19     0    -106      0    106  0.99008956E+00 -0.14558074E-02 0.4356E-12      8
  517   19     0    -105      0    105  0.99942501E+00 -0.12866210E-02 0.7861E-12      8
  518   19     0    -104      0    104  0.10075278E+01 -0.12141843E-02 0.9297E-12     10
  519   19     0    -103      0    103  0.10165629E+01 -0.14723286E-02 0.5891E-12      9
  520   19     0    -102      0    102  0.10269963E+01 -0.15660582E-02 0.5226E-12      9
  521   19     0    -101      0    101  0.10375219E+01 -0.14478608E-02 0.1175E-11     11
  522   19     0    -100      0    100  0.10467546E+01 -0.11989733E-02 0.6338E-12     10
  523   19     0     -99      0     99  0.10557159E+01 -0.13493541E-02 0.5592E-12      9
  524   19     0     -98      0     98  0.10665157E+01 -0.14917145E-02 0.7380E-12      9
  525   19     0     -97      0     97  0.10780857E+01 -0.14143020E-02 0.2524E-12      9
  526   19     0     -96      0     96  0.10888887E+01 -0.11439257E-02 0.4086E-12      9
  527   19     0     -95      0     95  0.10983027E+01 -0.10518546E-02 0.3018E-12      8
  528   19     0     -94      0     94  0.11091751E+01 -0.11892616E-02 0.3059E-11      8
  529   19     0     -93      0     93  0.11216433E+01 -0.11391201E-02 0.5855E-12     10
  530   19     0     -92      0     92  0.11340925E+01 -0.94225582E-03 0.4627E-12      9
  531   19     0     -91      0     91  0.11448780E+01 -0.72080107E-03 0.1342E-11      9
  532   19     0     -90      0     90  0.11557121E+01 -0.77641381E-03 0.1004E-11      8
  533   19     0     -89      0     89  0.11688628E+01 -0.77652949E-03 0.1977E-11      9
  534   19     0     -88      0     88  0.11828459E+01 -0.66790824E-03 0.4283E-12      9
  535   19     0     -87      0     87  0.11956947E+01 -0.49236706E-03 0.1301E-11     11
  536   19     0     -86      0     86  0.12069531E+01 -0.44858709E-03 0.1107E-11      8
  537   19     0     -85      0     85  0.12204140E+01 -0.48386787E-03 0.6068E-13      8
  538   19     0     -84      0     84  0.12357541E+01 -0.43596475E-03 0.3746E-11      9
  539   19     0     -83      0     83  0.12508351E+01 -0.33789784E-03 0.2050E-11     11
  540   19     0     -82      0     82  0.12635508E+01 -0.25362968E-03 0.2343E-11      8
  541   19     0     -81      0     81  0.12770052E+01 -0.28144196E-03 0.2862E-11      8
  542   19     0     -80      0     80  0.12934602E+01 -0.26999324E-03 0.7735E-11      9
  543   19     0     -79      0     79  0.13106203E+01 -0.22199636E-03 0.8924E-11      8
  544   19     0     -78      0     78  0.13257377E+01 -0.15520829E-03 0.6422E-11      8
  545   19     0     -77      0     77  0.13394484E+01 -0.15575756E-03 0.1993E-10      8
  546   19     0     -76      0     76  0.13567001E+01 -0.16267418E-03 0.1664E-10     10
  547   19     0     -75      0     75  0.13758193E+01 -0.14106202E-03 0.4715E-11      9
  548   19     0     -74      0     74  0.13938339E+01 -0.10296120E-03 0.4121E-11     11
  549   19     0     -73      0     73  0.14087778E+01 -0.85686500E-04 0.1544E-10      8
  550   19     0     -72      0     72  0.14264523E+01 -0.97974634E-04 0.3369E-10      8
  551   19     0     -71      0     71  0.14474240E+01 -0.91016393E-04 0.1843E-10     10
  552   19     0     -70      0     70  0.14683705E+01 -0.72015462E-04 0.3570E-11     10
  553   19     0     -69      0     69  0.14856311E+01 -0.51612003E-04 0.1253E-10      9
  554   19     0     -68      0     68  0.15034696E+01 -0.60536446E-04 0.2649E-10      8
  555   19     0     -67      0     67  0.15261241E+01 -0.60151900E-04 0.7697E-11      9
  556   19     0     -66      0     66  0.15499491E+01 -0.50041066E-04 0.5918E-11      9
  557   19     0     -65      0     65  0.15705080E+01 -0.33729191E-04 0.1759E-10      9
  558   19     0     -64      0     64  0.15889428E+01 -0.35945620E-04 0.2246E-10     10
  559   19     0     -63      0     63  0.16132329E+01 -0.38238796E-04 0.4002E-10      8
  560   19     0     -62      0     62  0.16401533E+01 -0.33044884E-04 0.4012E-10      9
  561   19     0     -61      0     61  0.16649581E+01 -0.23098241E-04 0.3504E-10     10
  562   19     0     -60      0     60  0.16850234E+01 -0.20361865E-04 0.1987E-10      9
  563   19     0     -59      0     59  0.17104989E+01 -0.23807448E-04 0.8143E-10     10
  Time elapsed :      7.274 s

Mode Search
-----------

Mode parameters
   l : 20
   m : 0

Building frequency grid (REAL axis)
   added scan interval :  0.5233E+00 ->  0.2103E+01 (3000 points, INVERSE)

Building spatial grid
   Scaffold grid from model
   Split 253 subinterval(s) in iteration 1
   Split 29 subinterval(s) in iteration 2
   Split 0 subinterval(s) in iteration 3
   Final grid has 1 segment(s) and 7429 point(s):
      Segment 1 : x range 0.0000 -> 1.0011 (1 -> 7429)

Starting search (adiabatic)

Scanning frequencies
  Time elapsed :    35.254 s

Finding roots
  Time elapsed :      9.131 s

Processing modes
   id    l     m    n_pg    n_p    n_g       Re(omega)       Im(omega)        chi n_iter
  600   20     0    -188      0    188  0.58860814E+00  0.00000000E+00 0.3017E-12      6
  601   20     0    -187      0    187  0.59191760E+00  0.00000000E+00 0.3071E-12      5
  602   20     0    -186      0    186  0.59514644E+00  0.00000000E+00 0.4648E-12      6
  603   20     0    -185      0    185  0.59813319E+00  0.00000000E+00 0.3530E-12      5
  604   20     0    -184      0    184  0.60123030E+00  0.00000000E+00 0.2141E-12      6
  605   20     0    -183      0    183  0.60462536E+00  0.00000000E+00 0.2219E-12      5
  606   20     0    -182      0    182  0.60804982E+00  0.00000000E+00 0.3432E-12      6
  607   20     0    -181      0    181  0.61124236E+00  0.00000000E+00 0.7176E-12      5
  608   20     0    -180      0    180  0.61440937E+00  0.00000000E+00 0.3824E-12      5
  609   20     0    -179      0    179  0.61788676E+00  0.00000000E+00 0.7427E-13      5
  610   20     0    -178      0    178  0.62149577E+00  0.00000000E+00 0.1415E-12      6
  611   20     0    -177      0    177  0.62493022E+00  0.00000000E+00 0.5998E-12      5
  612   20     0    -176      0    176  0.62821963E+00  0.00000000E+00 0.5106E-12      6
  613   20     0    -175      0    175  0.63176249E+00  0.00000000E+00 0.9068E-12      5
  614   20     0    -174      0    174  0.63552190E+00  0.00000000E+00 0.1591E-12      5
  615   20     0    -173      0    173  0.63917452E+00  0.00000000E+00 0.1351E-12      6
  616   20     0    -172      0    172  0.64261458E+00  0.00000000E+00 0.3309E-12      5
  617   20     0    -171      0    171  0.64624629E+00  0.00000000E+00 0.1913E-12      6
  618   20     0    -170      0    170  0.65017782E+00  0.00000000E+00 0.4376E-13      5
  619   20     0    -169      0    169  0.65409304E+00  0.00000000E+00 0.6713E-13      6
  620   20     0    -168      0    168  0.65774148E+00  0.00000000E+00 0.1020E-12      5
  621   20     0    -167      0    167  0.66144331E+00  0.00000000E+00 0.3419E-12      6
  622   20     0    -166      0    166  0.66550921E+00  0.00000000E+00 0.1833E-12      5
  623   20     0    -165      0    165  0.66966764E+00  0.00000000E+00 0.4328E-12      6
  624   20     0    -164      0    164  0.67355553E+00  0.00000000E+00 0.3644E-14      5
  625   20     0    -163      0    163  0.67734838E+00  0.00000000E+00 0.1843E-13      5
  626   20     0    -162      0    162  0.68154330E+00  0.00000000E+00 0.3948E-12      5
  627   20     0    -161      0    161  0.68596690E+00  0.00000000E+00 0.1858E-12      6
  628   20     0    -160      0    160  0.69018526E+00  0.00000000E+00 0.1693E-12      6
  629   20     0    -159      0    159  0.69411165E+00  0.00000000E+00 0.2477E-13      6
  630   20     0    -158      0    158  0.69836435E+00  0.00000000E+00 0.2638E-12      6
  631   20     0    -157      0    157  0.70300439E+00  0.00000000E+00 0.2649E-12      5
  632   20     0    -156      0    156  0.70757199E+00  0.00000000E+00 0.2110E-12      6
  633   20     0    -155      0    155  0.71173464E+00  0.00000000E+00 0.1519E-13      5
  634   20     0    -154      0    154  0.71603845E+00  0.00000000E+00 0.3635E-12      6
  635   20     0    -153      0    153  0.72087362E+00  0.00000000E+00 0.2249E-12      5
  636   20     0    -152      0    152  0.72582191E+00  0.00000000E+00 0.1203E-13      6
  637   20     0    -151      0    151  0.73036926E+00  0.00000000E+00 0.3151E-13      6
  638   20     0    -150      0    150  0.73472948E+00  0.00000000E+00 0.4019E-12      6
  639   20     0    -149      0    149  0.73966433E+00  0.00000000E+00 0.8721E-13      6
  640   20     0    -148      0    148  0.74492434E+00  0.00000000E+00 0.4966E-12      6
  641   20     0    -147      0    147  0.74991604E+00  0.00000000E+00 0.4978E-12      6
  642   20     0    -146      0    146  0.75449393E+00  0.00000000E+00 0.4696E-14      6
  643   20     0    -145      0    145  0.75951062E+00  0.00000000E+00 0.1226E-12      6
  644   20     0    -144      0    144  0.76503648E+00  0.00000000E+00 0.2777E-12      6
  645   20     0    -143      0    143  0.77046865E+00  0.00000000E+00 0.6905E-13      6
  646   20     0    -142      0    142  0.77538629E+00  0.00000000E+00 0.2019E-12      5
  647   20     0    -141      0    141  0.78048719E+00  0.00000000E+00 0.1610E-12      6
  648   20     0    -140      0    140  0.78623556E+00  0.00000000E+00 0.1090E-12      5
  649   20     0    -139      0    139  0.79208239E+00  0.00000000E+00 0.2342E-12      6
  650   20     0    -138      0    138  0.79742188E+00  0.00000000E+00 0.3780E-12      5
  651   20     0    -137      0    137  0.80266616E+00  0.00000000E+00 0.1271E-12      6
  652   20     0    -136      0    136  0.80863855E+00  0.00000000E+00 0.2582E-12      6
  653   20     0    -135      0    135  0.81492922E+00  0.00000000E+00 0.9194E-13      6
  654   20     0    -134      0    134  0.82079782E+00  0.00000000E+00 0.3361E-12      5
  655   20     0    -133      0    133  0.82621926E+00  0.00000000E+00 0.2284E-13      6
  656   20     0    -132      0    132  0.83233560E+00  0.00000000E+00 0.9075E-13      6
  657   20     0    -131      0    131  0.83903081E+00  0.00000000E+00 0.2550E-12      6
  658   20     0    -130      0    130  0.84549985E+00  0.00000000E+00 0.3281E-12      6
  659   20     0    -129      0    129  0.85130292E+00  0.00000000E+00 0.1306E-12      5
  660   20     0    -128      0    128  0.85753727E+00  0.00000000E+00 0.1060E-12      5
  661   20     0    -127      0    127  0.86457604E+00  0.00000000E+00 0.4013E-13      5
  662   20     0    -126      0    126  0.87162289E+00  0.00000000E+00 0.7763E-13      6
  663   20     0    -125      0    125  0.87793737E+00  0.00000000E+00 0.2154E-12      5
  664   20     0    -124      0    124  0.88430881E+00  0.00000000E+00 0.9348E-13      6
  665   20     0    -123      0    123  0.89166298E+00  0.00000000E+00 0.2148E-12      5
  666   20     0    -122      0    122  0.89932030E+00  0.00000000E+00 0.1571E-12      6
  667   20     0    -121      0    121  0.90633979E+00  0.00000000E+00 0.1714E-12      6
  668   20     0    -120      0    120  0.91289028E+00  0.00000000E+00 0.5779E-13      6
  669   20     0    -119      0    119  0.92045191E+00  0.00000000E+00 0.1023E-12      6
  670   20     0    -118      0    118  0.92868452E+00  0.00000000E+00 0.2279E-13      6
  671   20     0    -117      0    117  0.93654540E+00  0.00000000E+00 0.3672E-12      6
  672   20     0    -116      0    116  0.94351624E+00  0.00000000E+00 0.1130E-12      5
  673   20     0    -115      0    115  0.95119433E+00  0.00000000E+00 0.9392E-13      6
  674   20     0    -114      0    114  0.95992790E+00  0.00000000E+00 0.1538E-12      5
  675   20     0    -113      0    113  0.96864149E+00  0.00000000E+00 0.1351E-14      6
  676   20     0    -112      0    112  0.97632256E+00  0.00000000E+00 0.1155E-12      5
  677   20     0    -111      0    111  0.98408551E+00  0.00000000E+00 0.2503E-12      6
  678   20     0    -110      0    110  0.99320732E+00  0.00000000E+00 0.1184E-12      5
  679   20     0    -109      0    109  0.10027433E+01  0.00000000E+00 0.4308E-13      6
  680   20     0    -108      0    108  0.10114513E+01  0.00000000E+00 0.2017E-12      6
  681   20     0    -107      0    107  0.10194201E+01  0.00000000E+00 0.3763E-12      6
  682   20     0    -106      0    106  0.10287206E+01  0.00000000E+00 0.1037E-12      6
  683   20     0    -105      0    105  0.10389793E+01  0.00000000E+00 0.3752E-12      6
  684   20     0    -104      0    104  0.10488880E+01  0.00000000E+00 0.4790E-13      6
  685   20     0    -103      0    103  0.10574975E+01  0.00000000E+00 0.1131E-12      6
  686   20     0    -102      0    102  0.10667603E+01  0.00000000E+00 0.9513E-13      6
  687   20     0    -101      0    101  0.10775850E+01  0.00000000E+00 0.1272E-13      5
  688   20     0    -100      0    100  0.10886768E+01  0.00000000E+00 0.1261E-12      6
  689   20     0     -99      0     99  0.10985689E+01  0.00000000E+00 0.9340E-13      6
  690   20     0     -98      0     98  0.11078425E+01  0.00000000E+00 0.8923E-13      6
  691   20     0     -97      0     97  0.11189424E+01  0.00000000E+00 0.2866E-13      6
  692   20     0     -96      0     96  0.11310374E+01  0.00000000E+00 0.1332E-12      6
  693   20     0     -95      0     95  0.11425419E+01  0.00000000E+00 0.1848E-12      6
  694   20     0     -94      0     94  0.11524813E+01  0.00000000E+00 0.2431E-12      6
  695   20     0     -93      0     93  0.11635555E+01  0.00000000E+00 0.8189E-13      6
  696   20     0     -92      0     92  0.11764689E+01  0.00000000E+00 0.3008E-12      5
  697   20     0     -91      0     91  0.11895934E+01  0.00000000E+00 0.1957E-12      5
  698   20     0     -90      0     90  0.12011465E+01  0.00000000E+00 0.2151E-12      5
  699   20     0     -89      0     89  0.12122208E+01  0.00000000E+00 0.1201E-12      6
  700   20     0     -88      0     88  0.12256921E+01  0.00000000E+00 0.3060E-13      6
  701   20     0     -87      0     87  0.12403034E+01  0.00000000E+00 0.4809E-13      6
  702   20     0     -86      0     86  0.12540496E+01  0.00000000E+00 0.4629E-13      6
  703   20     0     -85      0     85  0.12658417E+01  0.00000000E+00 0.5614E-13      6
  704   20     0     -84      0     84  0.12794682E+01  0.00000000E+00 0.1575E-12      6
  705   20     0     -83      0     83  0.12953597E+01  0.00000000E+00 0.2028E-12      5
  706   20     0     -82      0     82  0.13113293E+01  0.00000000E+00 0.1972E-13      6
  707   20     0     -81      0     81  0.13249817E+01  0.00000000E+00 0.3030E-12      5
  708   20     0     -80      0     80  0.13385726E+01  0.00000000E+00 0.7807E-13      6
  709   20     0     -79      0     79  0.13554388E+01  0.00000000E+00 0.5474E-13      5
  710   20     0     -78      0     78  0.13734231E+01  0.00000000E+00 0.9124E-14      6
  711   20     0     -77      0     77  0.13897067E+01  0.00000000E+00 0.2625E-12      5
  712   20     0     -76      0     76  0.14038180E+01  0.00000000E+00 0.1231E-12      6
  713   20     0     -75      0     75  0.14212867E+01  0.00000000E+00 0.1958E-12      6
  714   20     0     -74      0     74  0.14411532E+01  0.00000000E+00 0.8390E-13      6
  715   20     0     -73      0     73  0.14603568E+01  0.00000000E+00 0.1109E-12      6
  716   20     0     -72      0     72  0.14761796E+01  0.00000000E+00 0.1731E-12      5
  717   20     0     -71      0     71  0.14938977E+01  0.00000000E+00 0.6375E-13      6
  718   20     0     -70      0     70  0.15154804E+01  0.00000000E+00 0.6828E-13      5
  719   20     0     -69      0     69  0.15375314E+01  0.00000000E+00 0.3267E-13      6
  720   20     0     -68      0     68  0.15561177E+01  0.00000000E+00 0.5301E-13      5
  721   20     0     -67      0     67  0.15739996E+01  0.00000000E+00 0.4254E-13      5
  722   20     0     -66      0     66  0.15970717E+01  0.00000000E+00 0.2434E-13      6
  723   20     0     -65      0     65  0.16219416E+01  0.00000000E+00 0.4508E-13      6
  724   20     0     -64      0     64  0.16441631E+01  0.00000000E+00 0.8287E-13      6
  725   20     0     -63      0     63  0.16629517E+01  0.00000000E+00 0.7795E-13      5
  726   20     0     -62      0     62  0.16873635E+01  0.00000000E+00 0.9181E-13      6
  Time elapsed :      2.382 s

Starting search (non-adiabatic)

Finding roots
  Time elapsed :    172.598 s

Processing modes
   id    l     m    n_pg    n_p    n_g       Re(omega)       Im(omega)        chi n_iter
  600   20     0    -188      0    188  0.58806252E+00 -0.15892729E-02 0.9231E-12      9
  601   20     0    -187      0    187  0.59137745E+00 -0.16578651E-02 0.3125E-12      8
  602   20     0    -186      0    186  0.59465666E+00 -0.15662004E-02 0.4109E-12     10
  603   20     0    -185      0    185  0.59761310E+00 -0.14477951E-02 0.5876E-12     13
  604   20     0    -184      0    184  0.60059462E+00 -0.15916166E-02 0.1730E-12     10
  605   20     0    -183      0    183  0.60395871E+00 -0.17108470E-02 0.5293E-12      9
  606   20     0    -182      0    182  0.60741641E+00 -0.16612584E-02 0.1349E-11      8
  607   20     0    -181      0    181  0.61062862E+00 -0.15021466E-02 0.6091E-12      9
  608   20     0    -180      0    180  0.61367591E+00 -0.15483771E-02 0.7862E-12      9
  609   20     0    -179      0    179  0.61708738E+00 -0.16850172E-02 0.3474E-12      8
  610   20     0    -178      0    178  0.62071407E+00 -0.16708435E-02 0.7168E-12      8
  611   20     0    -177      0    177  0.62420678E+00 -0.15185134E-02 0.7609E-12      8
  612   20     0    -176      0    176  0.62743245E+00 -0.14613066E-02 0.2315E-12      8
  613   20     0    -175      0    175  0.63088945E+00 -0.15830330E-02 0.5753E-12     10
  614   20     0    -172      0    172  0.64181789E+00 -0.13727553E-02 0.1303E-11     12
  615   20     0    -173      0    173  0.63838420E+00 -0.14802541E-02 0.8799E-12      9
  616   20     0    -171      0    171  0.64535806E+00 -0.14746771E-02 0.1208E-11      9
  617   20     0    -170      0    170  0.64927937E+00 -0.15335073E-02 0.4054E-12      9
  618   20     0    -169      0    169  0.65326727E+00 -0.14488930E-02 0.2484E-12     11
  619   20     0    -168      0    168  0.65696787E+00 -0.13048498E-02 0.4599E-12     10
  620   20     0    -167      0    167  0.66058748E+00 -0.13601628E-02 0.2710E-12      9
  621   20     0    -166      0    166  0.66461907E+00 -0.14524608E-02 0.1657E-12     10
  622   20     0    -165      0    165  0.66883536E+00 -0.14055831E-02 0.3719E-12      9
  623   20     0    -164      0    164  0.67281098E+00 -0.12508672E-02 0.3436E-12     10
  624   20     0    -163      0    163  0.67654799E+00 -0.12524391E-02 0.2758E-12      8
  625   20     0    -162      0    162  0.68068691E+00 -0.13682232E-02 0.4411E-12      9
  626   20     0    -161      0    161  0.68514666E+00 -0.13610168E-02 0.1912E-12      8
  627   20     0    -160      0    160  0.68946952E+00 -0.12196669E-02 0.8256E-13     10
  628   20     0    -159      0    159  0.69340045E+00 -0.11395721E-02 0.8838E-13      8
  629   20     0    -158      0    158  0.69758302E+00 -0.12574292E-02 0.2351E-12      8
  630   20     0    -157      0    157  0.70223696E+00 -0.12938028E-02 0.9261E-12     10
  631   20     0    -156      0    156  0.70689881E+00 -0.11893183E-02 0.2836E-12      8
  632   20     0    -155      0    155  0.71112199E+00 -0.10546897E-02 0.2780E-12      8
  633   20     0    -154      0    154  0.71535992E+00 -0.11465942E-02 0.1152E-11     10
  634   20     0    -153      0    153  0.72018584E+00 -0.12271281E-02 0.4440E-12      8
  635   20     0    -152      0    152  0.72520231E+00 -0.11714301E-02 0.6974E-12      8
  636   20     0    -151      0    151  0.72984555E+00 -0.10143595E-02 0.2944E-12      8
  637   20     0    -150      0    150  0.73417197E+00 -0.10338050E-02 0.4779E-12      9
  638   20     0    -149      0    149  0.73907506E+00 -0.11533208E-02 0.7789E-12     10
  639   20     0    -148      0    148  0.74437591E+00 -0.11459861E-02 0.9021E-12      8
  640   20     0    -147      0    147  0.74945640E+00 -0.10139223E-02 0.7626E-12      8
  641   20     0    -146      0    146  0.75404147E+00 -0.96085082E-03 0.4028E-12      8
  642   20     0    -145      0    145  0.75901707E+00 -0.10860246E-02 0.5544E-12      9
  643   20     0    -144      0    144  0.76456258E+00 -0.11188035E-02 0.1405E-11      9
  644   20     0    -143      0    143  0.77006440E+00 -0.10223489E-02 0.2287E-12      8
  645   20     0    -142      0    142  0.77501960E+00 -0.91735005E-03 0.7292E-12      9
  646   20     0    -141      0    141  0.78008332E+00 -0.10182948E-02 0.7087E-12      8
  647   20     0    -140      0    140  0.78583671E+00 -0.10852147E-02 0.5627E-12      8
  648   20     0    -139      0    139  0.79173526E+00 -0.10234966E-02 0.2689E-12     10
  649   20     0    -138      0    138  0.79712609E+00 -0.89480650E-03 0.6014E-13      9
  650   20     0    -137      0    137  0.80234510E+00 -0.95589807E-03 0.1290E-11      9
  651   20     0    -136      0    136  0.80831329E+00 -0.10529703E-02 0.7313E-12     10
  652   20     0    -135      0    135  0.81464097E+00 -0.10276823E-02 0.1272E-11      8
  653   20     0    -134      0    134  0.82056586E+00 -0.89218790E-03 0.1788E-12     10
  654   20     0    -133      0    133  0.82597926E+00 -0.88994691E-03 0.9046E-12      9
  655   20     0    -132      0    132  0.83208441E+00 -0.10169132E-02 0.1382E-11      9
  656   20     0    -131      0    131  0.83880495E+00 -0.10324263E-02 0.8677E-12      8
  657   20     0    -130      0    130  0.84532156E+00 -0.92344166E-03 0.1146E-11     10
  658   20     0    -129      0    129  0.85113393E+00 -0.85628961E-03 0.2290E-12      9
  659   20     0    -128      0    128  0.85735493E+00 -0.98763251E-03 0.1028E-11      9
  660   20     0    -127      0    127  0.86441110E+00 -0.10440074E-02 0.3478E-12      9
  661   20     0    -126      0    126  0.87149474E+00 -0.96964763E-03 0.4477E-12      8
  662   20     0    -125      0    125  0.87782773E+00 -0.85615971E-03 0.2809E-12      8
  663   20     0    -124      0    124  0.88418627E+00 -0.96816839E-03 0.4525E-12     10
  664   20     0    -123      0    123  0.89155371E+00 -0.10680337E-02 0.6733E-12     10
  665   20     0    -122      0    122  0.89923911E+00 -0.10364051E-02 0.1075E-11     10
  666   20     0    -121      0    121  0.90628255E+00 -0.89573334E-03 0.2984E-12      9
  667   20     0    -120      0    120  0.91282143E+00 -0.94407206E-03 0.5439E-12      8
  668   20     0    -119      0    119  0.92039471E+00 -0.10915884E-02 0.1627E-11      9
  669   20     0    -118      0    118  0.92865146E+00 -0.11082185E-02 0.1270E-11     10
  670   20     0    -117      0    117  0.93653689E+00 -0.98209448E-03 0.5784E-12      8
  671   20     0    -116      0    116  0.94349925E+00 -0.93500749E-03 0.9585E-12      8
  672   20     0    -115      0    115  0.95118730E+00 -0.11164094E-02 0.1194E-11      9
  673   20     0    -114      0    114  0.95994599E+00 -0.11916830E-02 0.7965E-12      8
  674   20     0    -113      0    113  0.96868237E+00 -0.11114112E-02 0.7442E-12      9
  675   20     0    -112      0    112  0.97635722E+00 -0.97939225E-03 0.7964E-12      9
  676   20     0    -111      0    111  0.98412164E+00 -0.11545918E-02 0.4681E-12     11
  677   20     0    -112      0    112  0.99327145E+00 -0.13050272E-02 0.7562E-12      8
  678   20     0    -110      0    110  0.10028272E+01 -0.12916579E-02 0.5448E-12     10
  679   20     0    -109      0    109  0.10115325E+01 -0.11192258E-02 0.1458E-11      9
  680   20     0    -108      0    108  0.10194792E+01 -0.11959781E-02 0.1512E-11     10
  681   20     0    -107      0    107  0.10288027E+01 -0.14279985E-02 0.3028E-12      9
  682   20     0    -106      0    106  0.10390748E+01 -0.14839156E-02 0.5903E-12     11
  683   20     0    -105      0    105  0.10489835E+01 -0.13344777E-02 0.3803E-12      9
  684   20     0    -104      0    104  0.10575526E+01 -0.12164140E-02 0.9264E-12      8
  685   20     0    -103      0    103  0.10668115E+01 -0.14723343E-02 0.1683E-11      9
  686   20     0    -102      0    102  0.10776433E+01 -0.15931639E-02 0.1266E-11     10
  687   20     0    -101      0    101  0.10887322E+01 -0.15011234E-02 0.4612E-12      9
  688   20     0    -100      0    100  0.10986019E+01 -0.12380049E-02 0.8195E-12      9
  689   20     0     -99      0     99  0.11078363E+01 -0.13435034E-02 0.7730E-12      9
  690   20     0     -98      0     98  0.11189380E+01 -0.15158294E-02 0.1712E-11      9
  691   20     0     -97      0     97  0.11310319E+01 -0.14605092E-02 0.1215E-11      8
  692   20     0     -96      0     96  0.11425392E+01 -0.12024447E-02 0.1067E-11      9
  693   20     0     -95      0     95  0.11524541E+01 -0.10501296E-02 0.1039E-11      8
  694   20     0     -94      0     94  0.11635268E+01 -0.11930805E-02 0.1300E-11      8
  695   20     0     -93      0     93  0.11764538E+01 -0.11619178E-02 0.8436E-12      9
  696   20     0     -92      0     92  0.11895934E+01 -0.97880874E-03 0.8740E-12      9
  697   20     0     -91      0     91  0.12011507E+01 -0.73453206E-03 0.8479E-12     10
  698   20     0     -90      0     90  0.12122266E+01 -0.76144083E-03 0.2279E-11      9
  699   20     0     -89      0     89  0.12257153E+01 -0.77946710E-03 0.2225E-11     11
  700   20     0     -88      0     88  0.12403384E+01 -0.68121036E-03 0.2916E-11     10
  701   20     0     -87      0     87  0.12540862E+01 -0.51029693E-03 0.1527E-11      9
  702   20     0     -86      0     86  0.12658759E+01 -0.43443831E-03 0.2547E-11      9
  703   20     0     -85      0     85  0.12795154E+01 -0.47597260E-03 0.7221E-12      8
  704   20     0     -84      0     84  0.12954131E+01 -0.43664241E-03 0.1172E-11      9
  705   20     0     -83      0     83  0.13113792E+01 -0.34620865E-03 0.3002E-11      9
  706   20     0     -82      0     82  0.13250213E+01 -0.24994684E-03 0.3714E-11      8
  707   20     0     -81      0     81  0.13386190E+01 -0.26975708E-03 0.5552E-11      8
  708   20     0     -80      0     80  0.13554902E+01 -0.26592759E-03 0.4349E-11      9
  709   20     0     -79      0     79  0.13734705E+01 -0.22286322E-03 0.3258E-11      9
  710   20     0     -78      0     78  0.13897426E+01 -0.15700635E-03 0.1256E-11      8
  711   20     0     -77      0     77  0.14038529E+01 -0.14609346E-03 0.7574E-11      9
  712   20     0     -76      0     76  0.14213269E+01 -0.15756684E-03 0.9169E-11      9
  713   20     0     -75      0     75  0.14411910E+01 -0.13937526E-03 0.7100E-11      8
  714   20     0     -74      0     74  0.14603867E+01 -0.10477184E-03 0.3486E-11     10
  715   20     0     -73      0     73  0.14762035E+01 -0.81134860E-04 0.1732E-10      9
  716   20     0     -72      0     72  0.14939264E+01 -0.93930634E-04 0.2168E-10      9
  717   20     0     -71      0     71  0.15155088E+01 -0.89598945E-04 0.5723E-11      9
  718   20     0     -70      0     70  0.15375554E+01 -0.72968351E-04 0.1680E-10     11
  719   20     0     -69      0     69  0.15561347E+01 -0.50746607E-04 0.1713E-10      9
  720   20     0     -68      0     68  0.15740191E+01 -0.57127000E-04 0.1590E-10      9
  721   20     0     -67      0     67  0.15970922E+01 -0.58658279E-04 0.3313E-10     10
  722   20     0     -66      0     66  0.16219595E+01 -0.49907059E-04 0.2982E-10     10
  723   20     0     -65      0     65  0.16441755E+01 -0.34163976E-04 0.5375E-10     12
  724   20     0     -64      0     64  0.16629639E+01 -0.33131566E-04 0.1077E-09     10
  725   20     0     -63      0     63  0.16873771E+01 -0.36864914E-04 0.4277E-10     10
  726   20     0     -62      0     62  0.17152618E+01 -0.32699049E-04 0.9399E-10      9
  Time elapsed :      7.612 s

Mode Search
-----------

Mode parameters
   l : 21
   m : 0

Building frequency grid (REAL axis)
   added scan interval :  0.5233E+00 ->  0.2103E+01 (3000 points, INVERSE)

Building spatial grid
   Scaffold grid from model
   Split 255 subinterval(s) in iteration 1
   Split 30 subinterval(s) in iteration 2
   Split 0 subinterval(s) in iteration 3
   Final grid has 1 segment(s) and 7432 point(s):
      Segment 1 : x range 0.0000 -> 1.0011 (1 -> 7432)

Starting search (adiabatic)

Scanning frequencies
  Time elapsed :    35.344 s

Finding roots
  Time elapsed :      9.592 s

Processing modes
   id    l     m    n_pg    n_p    n_g       Re(omega)       Im(omega)        chi n_iter
  765   21     0    -197      0    197  0.58914308E+00  0.00000000E+00 0.4832E-12      5
  766   21     0    -196      0    196  0.59224320E+00  0.00000000E+00 0.7377E-12      5
  767   21     0    -195      0    195  0.59535371E+00  0.00000000E+00 0.2121E-12      5
  768   21     0    -194      0    194  0.59826215E+00  0.00000000E+00 0.1540E-12      5
  769   21     0    -193      0    193  0.60117082E+00  0.00000000E+00 0.3618E-13      5
  770   21     0    -192      0    192  0.60436429E+00  0.00000000E+00 0.8025E-13      5
  771   21     0    -191      0    191  0.60767423E+00  0.00000000E+00 0.1700E-12      6
  772   21     0    -190      0    190  0.61080215E+00  0.00000000E+00 0.7374E-13      6
  773   21     0    -189      0    189  0.61375390E+00  0.00000000E+00 0.3134E-12      6
  774   21     0    -188      0    188  0.61696734E+00  0.00000000E+00 0.4596E-13      5
  775   21     0    -187      0    187  0.62042974E+00  0.00000000E+00 0.1800E-12      5
  776   21     0    -186      0    186  0.62382459E+00  0.00000000E+00 0.1284E-12      6
  777   21     0    -185      0    185  0.62696158E+00  0.00000000E+00 0.6189E-12      5
  778   21     0    -184      0    184  0.63018787E+00  0.00000000E+00 0.2338E-12      5
  779   21     0    -183      0    183  0.63373257E+00  0.00000000E+00 0.2791E-12      5
  780   21     0    -182      0    182  0.63732737E+00  0.00000000E+00 0.2093E-12      6
  781   21     0    -181      0    181  0.64068596E+00  0.00000000E+00 0.5331E-12      5
  782   21     0    -180      0    180  0.64399081E+00  0.00000000E+00 0.5367E-12      5
  783   21     0    -179      0    179  0.64761591E+00  0.00000000E+00 0.1682E-14      5
  784   21     0    -178      0    178  0.65139798E+00  0.00000000E+00 0.6618E-13      5
  785   21     0    -177      0    177  0.65501164E+00  0.00000000E+00 0.2242E-13      6
  786   21     0    -176      0    176  0.65845335E+00  0.00000000E+00 0.2206E-12      6
  787   21     0    -175      0    175  0.66214295E+00  0.00000000E+00 0.4680E-12      5
  788   21     0    -174      0    174  0.66607598E+00  0.00000000E+00 0.4746E-12      6
  789   21     0    -173      0    173  0.66991737E+00  0.00000000E+00 0.2315E-12      6
  790   21     0    -172      0    172  0.67352530E+00  0.00000000E+00 0.4411E-12      5
  791   21     0    -171      0    171  0.67730597E+00  0.00000000E+00 0.2360E-12      6
  792   21     0    -170      0    170  0.68141193E+00  0.00000000E+00 0.1147E-12      5
  793   21     0    -169      0    169  0.68552476E+00  0.00000000E+00 0.4435E-12      6
  794   21     0    -168      0    168  0.68936080E+00  0.00000000E+00 0.1885E-14      5
  795   21     0    -167      0    167  0.69321648E+00  0.00000000E+00 0.3148E-12      6
  796   21     0    -166      0    166  0.69745402E+00  0.00000000E+00 0.9542E-13      5
  797   21     0    -165      0    165  0.70181535E+00  0.00000000E+00 0.2484E-12      6
  798   21     0    -164      0    164  0.70590957E+00  0.00000000E+00 0.2209E-12      6
  799   21     0    -163      0    163  0.70986726E+00  0.00000000E+00 0.2551E-12      5
  800   21     0    -162      0    162  0.71423073E+00  0.00000000E+00 0.4613E-12      5
  801   21     0    -161      0    161  0.71886030E+00  0.00000000E+00 0.2463E-12      5
  802   21     0    -160      0    160  0.72330284E+00  0.00000000E+00 0.8449E-13      6
  803   21     0    -159      0    159  0.72741664E+00  0.00000000E+00 0.4532E-12      5
  804   21     0    -158      0    158  0.73183315E+00  0.00000000E+00 0.3170E-12      6
  805   21     0    -157      0    157  0.73667731E+00  0.00000000E+00 0.3659E-12      5
  806   21     0    -156      0    156  0.74148059E+00  0.00000000E+00 0.1205E-12      6
  807   21     0    -155      0    155  0.74586068E+00  0.00000000E+00 0.1954E-12      5
  808   21     0    -154      0    154  0.75033104E+00  0.00000000E+00 0.3283E-12      6
  809   21     0    -153      0    153  0.75536532E+00  0.00000000E+00 0.2999E-12      5
  810   21     0    -152      0    152  0.76055559E+00  0.00000000E+00 0.2256E-12      6
  811   21     0    -151      0    151  0.76535232E+00  0.00000000E+00 0.4525E-12      6
  812   21     0    -150      0    150  0.76989711E+00  0.00000000E+00 0.4422E-12      6
  813   21     0    -149      0    149  0.77502048E+00  0.00000000E+00 0.6692E-12      6
  814   21     0    -148      0    148  0.78052323E+00  0.00000000E+00 0.1004E-12      6
  815   21     0    -147      0    147  0.78578492E+00  0.00000000E+00 0.6349E-12      6
  816   21     0    -146      0    146  0.79058196E+00  0.00000000E+00 0.1835E-12      6
  817   21     0    -145      0    145  0.79578227E+00  0.00000000E+00 0.3801E-12      5
  818   21     0    -144      0    144  0.80154777E+00  0.00000000E+00 0.3092E-12      5
  819   21     0    -143      0    143  0.80726191E+00  0.00000000E+00 0.2412E-12      6
  820   21     0    -142      0    142  0.81243759E+00  0.00000000E+00 0.4263E-12      5
  821   21     0    -141      0    141  0.81772788E+00  0.00000000E+00 0.1769E-12      6
  822   21     0    -140      0    140  0.82370946E+00  0.00000000E+00 0.2508E-12      5
  823   21     0    -139      0    139  0.82984607E+00  0.00000000E+00 0.2151E-12      6
  824   21     0    -138      0    138  0.83548022E+00  0.00000000E+00 0.1154E-12      6
  825   21     0    -137      0    137  0.84093288E+00  0.00000000E+00 0.1665E-12      6
  826   21     0    -136      0    136  0.84713008E+00  0.00000000E+00 0.3484E-13      5
  827   21     0    -135      0    135  0.85371489E+00  0.00000000E+00 0.1434E-12      5
  828   21     0    -134      0    134  0.85991220E+00  0.00000000E+00 0.6348E-14      6
  829   21     0    -133      0    133  0.86557877E+00  0.00000000E+00 0.3025E-13      6
  830   21     0    -132      0    132  0.87190646E+00  0.00000000E+00 0.4735E-13      6
  831   21     0    -131      0    131  0.87889454E+00  0.00000000E+00 0.1528E-12      5
  832   21     0    -130      0    130  0.88571459E+00  0.00000000E+00 0.1177E-12      6
  833   21     0    -129      0    129  0.89181883E+00  0.00000000E+00 0.3646E-12      6
  834   21     0    -128      0    128  0.89826021E+00  0.00000000E+00 0.1020E-12      6
  835   21     0    -127      0    127  0.90558192E+00  0.00000000E+00 0.5607E-15      5
  836   21     0    -126      0    126  0.91299137E+00  0.00000000E+00 0.1189E-12      5
  837   21     0    -125      0    125  0.91966548E+00  0.00000000E+00 0.3637E-12      6
  838   21     0    -124      0    124  0.92625872E+00  0.00000000E+00 0.9995E-13      6
  839   21     0    -123      0    123  0.93387851E+00  0.00000000E+00 0.1409E-13      5
  840   21     0    -122      0    122  0.94190148E+00  0.00000000E+00 0.1445E-12      6
  841   21     0    -121      0    121  0.94933698E+00  0.00000000E+00 0.4936E-13      6
  842   21     0    -120      0    120  0.95615991E+00  0.00000000E+00 0.1902E-12      6
  843   21     0    -119      0    119  0.96395757E+00  0.00000000E+00 0.8532E-13      5
  844   21     0    -118      0    118  0.97254842E+00  0.00000000E+00 0.2568E-12      5
  845   21     0    -117      0    117  0.98086002E+00  0.00000000E+00 0.2139E-13      6
  846   21     0    -116      0    116  0.98819690E+00  0.00000000E+00 0.2647E-13      5
  847   21     0    -115      0    115  0.99608746E+00  0.00000000E+00 0.5998E-13      6
  848   21     0    -114      0    114  0.10051565E+01  0.00000000E+00 0.1347E-12      5
  849   21     0    -113      0    113  0.10143307E+01  0.00000000E+00 0.3922E-12      6
  850   21     0    -112      0    112  0.10224835E+01  0.00000000E+00 0.5770E-13      5
  851   21     0    -111      0    111  0.10304751E+01  0.00000000E+00 0.2134E-12      6
  852   21     0    -110      0    110  0.10398892E+01  0.00000000E+00 0.3971E-12      5
  853   21     0    -109      0    109  0.10498739E+01  0.00000000E+00 0.3019E-12      6
  854   21     0    -108      0    108  0.10591329E+01  0.00000000E+00 0.3245E-13      6
  855   21     0    -107      0    107  0.10674324E+01  0.00000000E+00 0.1110E-12      5
  856   21     0    -106      0    106  0.10769608E+01  0.00000000E+00 0.3406E-12      6
  857   21     0    -105      0    105  0.10876344E+01  0.00000000E+00 0.2874E-13      6
  858   21     0    -104      0    104  0.10981161E+01  0.00000000E+00 0.5199E-13      6
  859   21     0    -103      0    103  0.11072416E+01  0.00000000E+00 0.2016E-12      5
  860   21     0    -102      0    102  0.11166973E+01  0.00000000E+00 0.1467E-12      6
  861   21     0    -101      0    101  0.11278686E+01  0.00000000E+00 0.1842E-12      5
  862   21     0    -100      0    100  0.11395064E+01  0.00000000E+00 0.1498E-12      6
  863   21     0     -99      0     99  0.11500723E+01  0.00000000E+00 0.1634E-12      6
  864   21     0     -98      0     98  0.11596495E+01  0.00000000E+00 0.1110E-13      6
  865   21     0     -97      0     97  0.11709807E+01  0.00000000E+00 0.1395E-12      6
  866   21     0     -96      0     96  0.11835642E+01  0.00000000E+00 0.2038E-13      6
  867   21     0     -95      0     95  0.11957760E+01  0.00000000E+00 0.7974E-13      6
  868   21     0     -94      0     94  0.12062973E+01  0.00000000E+00 0.1302E-13      6
  869   21     0     -93      0     93  0.12175227E+01  0.00000000E+00 0.2079E-13      6
  870   21     0     -92      0     92  0.12308325E+01  0.00000000E+00 0.4166E-13      5
  871   21     0     -91      0     91  0.12446212E+01  0.00000000E+00 0.1364E-12      6
  872   21     0     -90      0     90  0.12570063E+01  0.00000000E+00 0.1128E-12      6
  873   21     0     -89      0     89  0.12683613E+01  0.00000000E+00 0.7390E-13      6
  874   21     0     -88      0     88  0.12820761E+01  0.00000000E+00 0.1661E-12      6
  875   21     0     -87      0     87  0.12972757E+01  0.00000000E+00 0.3055E-12      5
  876   21     0     -86      0     86  0.13119160E+01  0.00000000E+00 0.8542E-13      6
  877   21     0     -85      0     85  0.13243651E+01  0.00000000E+00 0.1802E-12      6
  878   21     0     -84      0     84  0.13380867E+01  0.00000000E+00 0.7903E-13      5
  879   21     0     -83      0     83  0.13544506E+01  0.00000000E+00 0.4032E-13      5
  880   21     0     -82      0     82  0.13712559E+01  0.00000000E+00 0.1828E-13      6
  881   21     0     -81      0     81  0.13859377E+01  0.00000000E+00 0.3398E-12      5
  882   21     0     -80      0     80  0.13996954E+01  0.00000000E+00 0.1854E-12      6
  883   21     0     -79      0     79  0.14168463E+01  0.00000000E+00 0.4958E-13      6
  884   21     0     -78      0     78  0.14355784E+01  0.00000000E+00 0.1783E-12      5
  885   21     0     -77      0     77  0.14530294E+01  0.00000000E+00 0.1428E-12      6
  886   21     0     -76      0     76  0.14676948E+01  0.00000000E+00 0.5324E-13      6
  887   21     0     -75      0     75  0.14852363E+01  0.00000000E+00 0.5081E-13      6
  888   21     0     -74      0     74  0.15057480E+01  0.00000000E+00 0.7236E-13      5
  889   21     0     -73      0     73  0.15260743E+01  0.00000000E+00 0.1308E-12      6
  890   21     0     -72      0     72  0.15429567E+01  0.00000000E+00 0.3631E-12      5
  891   21     0     -71      0     71  0.15606326E+01  0.00000000E+00 0.4732E-13      6
  892   21     0     -70      0     70  0.15826765E+01  0.00000000E+00 0.4146E-12      5
  893   21     0     -69      0     69  0.16057354E+01  0.00000000E+00 0.2634E-14      6
  894   21     0     -68      0     68  0.16257713E+01  0.00000000E+00 0.4377E-13      6
  895   21     0     -67      0     67  0.16437605E+01  0.00000000E+00 0.1305E-12      6
  896   21     0     -66      0     66  0.16670349E+01  0.00000000E+00 0.6558E-13      6
  897   21     0     -65      0     65  0.16928316E+01  0.00000000E+00 0.8528E-14      6
  Time elapsed :      2.910 s

Starting search (non-adiabatic)

Finding roots
  Time elapsed :    188.277 s

Processing modes
   id    l     m    n_pg    n_p    n_g       Re(omega)       Im(omega)        chi n_iter
  765   21     0    -197      0    197  0.58874329E+00 -0.13662581E-02 0.1581E-12     10
  766   21     0    -196      0    196  0.59184482E+00 -0.14559692E-02 0.4891E-12      9
  767   21     0    -195      0    195  0.59499626E+00 -0.14177570E-02 0.8979E-13      8
  768   21     0    -194      0    194  0.59791271E+00 -0.13104072E-02 0.6600E-12      9
  769   21     0    -193      0    193  0.60074565E+00 -0.13997969E-02 0.6866E-12      8
  770   21     0    -192      0    192  0.60392021E+00 -0.15414097E-02 0.1358E-12     10
  771   21     0    -191      0    191  0.60726210E+00 -0.15497731E-02 0.1697E-12     10
  772   21     0    -190      0    190  0.61043864E+00 -0.14176597E-02 0.2222E-12      7
  773   21     0    -189      0    189  0.61331563E+00 -0.14044032E-02 0.3980E-12      9
  774   21     0    -188      0    188  0.61646836E+00 -0.15949539E-02 0.3556E-12      9
  775   21     0    -187      0    187  0.61993764E+00 -0.16715686E-02 0.1457E-12      9
  776   21     0    -186      0    186  0.62338095E+00 -0.15868112E-02 0.9960E-12      8
  777   21     0    -185      0    185  0.62649415E+00 -0.14657083E-02 0.1589E-11      9
  778   21     0    -184      0    184  0.62961150E+00 -0.16085756E-02 0.1113E-11      9
  779   21     0    -181      0    181  0.64012913E+00 -0.15426281E-02 0.6456E-12     15
  780   21     0    -182      0    182  0.63675149E+00 -0.16999052E-02 0.9379E-12      9
  781   21     0    -180      0    180  0.64331876E+00 -0.15857880E-02 0.9021E-12      9
  782   21     0    -179      0    179  0.64687711E+00 -0.17343218E-02 0.7186E-12     10
  783   21     0    -178      0    178  0.65067104E+00 -0.17306933E-02 0.1411E-11     10
  784   21     0    -177      0    177  0.65433703E+00 -0.15804215E-02 0.8375E-12      9
  785   21     0    -176      0    176  0.65771669E+00 -0.15150167E-02 0.3229E-12      8
  786   21     0    -175      0    175  0.66131773E+00 -0.16432090E-02 0.6688E-12     10
  787   21     0    -174      0    174  0.66525192E+00 -0.16743534E-02 0.1587E-12     10
  788   21     0    -173      0    173  0.66916210E+00 -0.15519169E-02 0.8263E-12     10
  789   21     0    -172      0    172  0.67276588E+00 -0.14334730E-02 0.2913E-12      9
  790   21     0    -171      0    171  0.67645355E+00 -0.15353816E-02 0.7641E-12     11
  791   21     0    -170      0    170  0.68054432E+00 -0.16036963E-02 0.5669E-12      9
  792   21     0    -169      0    169  0.68472320E+00 -0.15225363E-02 0.4238E-12      8
  793   21     0    -168      0    168  0.68861318E+00 -0.13687600E-02 0.3768E-12      8
  794   21     0    -167      0    167  0.69238824E+00 -0.14159912E-02 0.3999E-12      9
  795   21     0    -166      0    166  0.69658704E+00 -0.15174035E-02 0.5568E-12      9
  796   21     0    -165      0    165  0.70100012E+00 -0.14759365E-02 0.2627E-12     10
  797   21     0    -164      0    164  0.70518207E+00 -0.13151524E-02 0.2371E-12     10
  798   21     0    -163      0    163  0.70908942E+00 -0.13025054E-02 0.4454E-12     11
  799   21     0    -162      0    162  0.71339347E+00 -0.14251294E-02 0.4479E-12     10
  800   21     0    -161      0    161  0.71805422E+00 -0.14247257E-02 0.4438E-12      9
  801   21     0    -160      0    160  0.72259836E+00 -0.12820728E-02 0.2621E-12     10
  802   21     0    -159      0    159  0.72672479E+00 -0.11850440E-02 0.3762E-12      7
  803   21     0    -158      0    158  0.73107033E+00 -0.13036107E-02 0.5324E-12      8
  804   21     0    -157      0    157  0.73592443E+00 -0.13485710E-02 0.2105E-12      9
  805   21     0    -156      0    156  0.74081745E+00 -0.12467511E-02 0.3111E-12      8
  806   21     0    -155      0    155  0.74526441E+00 -0.10987976E-02 0.2994E-12      9
  807   21     0    -154      0    154  0.74967219E+00 -0.11829816E-02 0.5064E-12     12
  808   21     0    -153      0    153  0.75469424E+00 -0.12728483E-02 0.3903E-12      9
  809   21     0    -152      0    152  0.75994839E+00 -0.12223194E-02 0.3533E-12      8
  810   21     0    -151      0    151  0.76484218E+00 -0.10594656E-02 0.3614E-13      8
  811   21     0    -150      0    150  0.76936039E+00 -0.10628903E-02 0.7125E-12      8
  812   21     0    -149      0    149  0.77445003E+00 -0.11902035E-02 0.2461E-12      9
  813   21     0    -148      0    148  0.77999019E+00 -0.11901279E-02 0.2141E-12     10
  814   21     0    -147      0    147  0.78533835E+00 -0.10582492E-02 0.9021E-12      8
  815   21     0    -146      0    146  0.79014991E+00 -0.98780845E-03 0.9077E-12     10
  816   21     0    -145      0    145  0.79530940E+00 -0.11145647E-02 0.1735E-12     10
  817   21     0    -144      0    144  0.80109213E+00 -0.11558576E-02 0.7019E-12      9
  818   21     0    -143      0    143  0.80687245E+00 -0.10631071E-02 0.3498E-12     10
  819   21     0    -142      0    142  0.81209041E+00 -0.94474691E-03 0.7868E-12     10
  820   21     0    -141      0    141  0.81734635E+00 -0.10390295E-02 0.3507E-12      9
  821   21     0    -140      0    140  0.82333152E+00 -0.11148493E-02 0.5448E-12      9
  822   21     0    -139      0    139  0.82951650E+00 -0.10590918E-02 0.8754E-13     10
  823   21     0    -138      0    138  0.83520350E+00 -0.92315035E-03 0.7167E-12      9
  824   21     0    -137      0    137  0.84063559E+00 -0.97025865E-03 0.7628E-12      9
  825   21     0    -136      0    136  0.84682824E+00 -0.10751485E-02 0.6225E-12     10
  826   21     0    -135      0    135  0.85344755E+00 -0.10573869E-02 0.6229E-12     11
  827   21     0    -134      0    134  0.85969948E+00 -0.92201167E-03 0.7778E-12      9
  828   21     0    -133      0    133  0.86536316E+00 -0.90045556E-03 0.1397E-12     10
  829   21     0    -132      0    132  0.87168049E+00 -0.10319909E-02 0.1114E-11      8
  830   21     0    -131      0    131  0.87869257E+00 -0.10567267E-02 0.4796E-12     11
  831   21     0    -130      0    130  0.88555720E+00 -0.95330248E-03 0.2213E-12      9
  832   21     0    -129      0    129  0.89167416E+00 -0.86821040E-03 0.4475E-12      9
  833   21     0    -128      0    128  0.89810414E+00 -0.99590373E-03 0.1050E-11      8
  834   21     0    -127      0    127  0.90544325E+00 -0.10627511E-02 0.1633E-11      8
  835   21     0    -126      0    126  0.91288673E+00 -0.99721989E-03 0.1110E-11      9
  836   21     0    -125      0    125  0.91958046E+00 -0.87238182E-03 0.1039E-12      9
  837   21     0    -124      0    124  0.92616339E+00 -0.97000001E-03 0.6147E-12     10
  838   21     0    -123      0    123  0.93379782E+00 -0.10805377E-02 0.7744E-12      8
  839   21     0    -122      0    122  0.94184737E+00 -0.10594725E-02 0.1206E-11      9
  840   21     0    -121      0    121  0.94930563E+00 -0.91858596E-03 0.3065E-12      9
  841   21     0    -120      0    120  0.95611933E+00 -0.94083819E-03 0.1043E-11      9
  842   21     0    -119      0    119  0.96393111E+00 -0.10961897E-02 0.1713E-11      9
  843   21     0    -118      0    118  0.97254665E+00 -0.11252888E-02 0.1026E-11     10
  844   21     0    -117      0    117  0.98088073E+00 -0.10095049E-02 0.3861E-12      8
  845   21     0    -116      0    116  0.98821030E+00 -0.93449294E-03 0.1012E-11      8
  846   21     0    -115      0    115  0.99611322E+00 -0.11129971E-02 0.4685E-12     10
  847   21     0    -114      0    114  0.10052104E+01 -0.12038255E-02 0.4784E-12      8
  848   21     0    -113      0    113  0.10144063E+01 -0.11401050E-02 0.6041E-12      9
  849   21     0    -112      0    112  0.10225527E+01 -0.99213684E-03 0.5838E-12     10
  850   21     0    -111      0    111  0.10305465E+01 -0.11442286E-02 0.1236E-11     10
  851   21     0    -110      1    111  0.10399941E+01 -0.13132010E-02 0.5596E-12     10
  852   21     0    -110      0    110  0.10499998E+01 -0.13191196E-02 0.1315E-11      8
  853   21     0    -109      0    109  0.10592553E+01 -0.11529649E-02 0.1416E-12      9
  854   21     0    -108      0    108  0.10675311E+01 -0.11835323E-02 0.1493E-11      8
  855   21     0    -107      0    107  0.10770886E+01 -0.14291860E-02 0.2095E-11      9
  856   21     0    -106      0    106  0.10877801E+01 -0.15074455E-02 0.1028E-11      9
  857   21     0    -105      0    105  0.10982602E+01 -0.13823699E-02 0.1118E-13      9
  858   21     0    -104      0    104  0.11073442E+01 -0.12224202E-02 0.4055E-12      9
  859   21     0    -103      0    103  0.11167975E+01 -0.14637832E-02 0.2788E-12     10
  860   21     0    -102      0    102  0.11279832E+01 -0.16145878E-02 0.1631E-11      9
  861   21     0    -101      0    101  0.11396162E+01 -0.15510080E-02 0.7340E-12      9
  862   21     0    -100      0    100  0.11501560E+01 -0.12856277E-02 0.4478E-12     10
  863   21     0     -99      0     99  0.11596910E+01 -0.13314129E-02 0.2012E-12     10
  864   21     0     -98      0     98  0.11710285E+01 -0.15325696E-02 0.3261E-11      9
  865   21     0     -97      0     97  0.11836092E+01 -0.15019163E-02 0.1831E-11      9
  866   21     0     -96      0     96  0.11958158E+01 -0.12627654E-02 0.6123E-13      9
  867   21     0     -95      0     95  0.12063098E+01 -0.10515417E-02 0.3349E-12      9
  868   21     0     -94      0     94  0.12175334E+01 -0.11874362E-02 0.2199E-11      9
  869   21     0     -93      0     93  0.12308568E+01 -0.11790104E-02 0.1331E-11      9
  870   21     0     -92      0     92  0.12446550E+01 -0.10114608E-02 0.6406E-12     10
  871   21     0     -91      0     91  0.12570387E+01 -0.75453497E-03 0.6862E-12      8
  872   21     0     -89      0     89  0.12821255E+01 -0.77748400E-03 0.1836E-11     15
  873   21     0     -90      0     90  0.12683925E+01 -0.74100129E-03 0.1194E-11      6
  874   21     0     -88      0     88  0.12973345E+01 -0.69100276E-03 0.8424E-12      9
  875   21     0     -87      0     87  0.13119722E+01 -0.52893573E-03 0.2177E-12     10
  876   21     0     -86      0     86  0.13244134E+01 -0.42162899E-03 0.1204E-11      9
  877   21     0     -85      0     85  0.13381482E+01 -0.46395516E-03 0.2389E-11      8
  878   21     0     -84      0     84  0.13545183E+01 -0.43481740E-03 0.6417E-11     11
  879   21     0     -83      0     83  0.13713184E+01 -0.35252931E-03 0.3464E-11      9
  880   21     0     -82      0     82  0.13859859E+01 -0.24939973E-03 0.2264E-11      9
  881   21     0     -81      0     81  0.13997480E+01 -0.25582101E-03 0.4529E-11      8
  882   21     0     -80      0     80  0.14169050E+01 -0.26020392E-03 0.1895E-11     12
  883   21     0     -79      0     79  0.14356328E+01 -0.22223233E-03 0.1205E-11      9
  884   21     0     -78      0     78  0.14530711E+01 -0.15972789E-03 0.2640E-11      9
  885   21     0     -77      0     77  0.14677318E+01 -0.13646772E-03 0.1415E-10      8
  886   21     0     -76      0     76  0.14852797E+01 -0.15146350E-03 0.1839E-10      9
  887   21     0     -75      0     75  0.15057895E+01 -0.13709771E-03 0.1071E-10      8
  888   21     0     -74      0     74  0.15261079E+01 -0.10640704E-03 0.8637E-11     11
  889   21     0     -73      0     73  0.15429820E+01 -0.77788029E-04 0.7563E-11      9
  890   21     0     -72      0     72  0.15606626E+01 -0.89333098E-04 0.5217E-11      8
  891   21     0     -71      0     71  0.15827070E+01 -0.87915179E-04 0.7291E-12     11
  892   21     0     -70      0     70  0.16057617E+01 -0.73558374E-04 0.3011E-10      9
  893   21     0     -69      0     69  0.16257898E+01 -0.50805226E-04 0.5917E-11      9
  894   21     0     -68      0     68  0.16437802E+01 -0.53264130E-04 0.6840E-11      9
  895   21     0     -67      0     67  0.16670564E+01 -0.56851318E-04 0.1369E-10      8
  896   21     0     -66      0     66  0.16928506E+01 -0.49478575E-04 0.2096E-10     10
  897   21     0     -65      0     65  0.17167599E+01 -0.35052938E-04 0.1649E-10      9
  Time elapsed :      8.271 s

Mode Search
-----------

Mode parameters
   l : 22
   m : 0

Building frequency grid (REAL axis)
   added scan interval :  0.5233E+00 ->  0.2103E+01 (3000 points, INVERSE)

Building spatial grid
   Scaffold grid from model
   Split 257 subinterval(s) in iteration 1
   Split 30 subinterval(s) in iteration 2
   Split 0 subinterval(s) in iteration 3
   Final grid has 1 segment(s) and 7434 point(s):
      Segment 1 : x range 0.0000 -> 1.0011 (1 -> 7434)

Starting search (adiabatic)

Scanning frequencies
  Time elapsed :    35.424 s

Finding roots
  Time elapsed :     10.185 s

Processing modes
   id    l     m    n_pg    n_p    n_g       Re(omega)       Im(omega)        chi n_iter
  938   22     0    -206      0    206  0.58965480E+00  0.00000000E+00 0.1818E-12      5
  939   22     0    -205      0    205  0.59250290E+00  0.00000000E+00 0.5334E-13      5
  940   22     0    -204      0    204  0.59548452E+00  0.00000000E+00 0.5060E-12      5
  941   22     0    -203      0    203  0.59839838E+00  0.00000000E+00 0.2601E-12      5
  942   22     0    -202      0    202  0.60120043E+00  0.00000000E+00 0.4641E-12      5
  943   22     0    -201      0    201  0.60413137E+00  0.00000000E+00 0.1731E-12      5
  944   22     0    -200      0    200  0.60723710E+00  0.00000000E+00 0.3665E-12      5
  945   22     0    -199      0    199  0.61030642E+00  0.00000000E+00 0.9933E-13      5
  946   22     0    -198      0    198  0.61321608E+00  0.00000000E+00 0.2493E-13      5
  947   22     0    -197      0    197  0.61621346E+00  0.00000000E+00 0.1219E-12      5
  948   22     0    -196      0    196  0.61944495E+00  0.00000000E+00 0.3168E-12      5
  949   22     0    -195      0    195  0.62270140E+00  0.00000000E+00 0.2816E-12      6
  950   22     0    -194      0    194  0.62575294E+00  0.00000000E+00 0.1349E-11      5
  951   22     0    -193      0    193  0.62878403E+00  0.00000000E+00 0.6770E-12      6
  952   22     0    -192      0    192  0.63210759E+00  0.00000000E+00 0.3316E-12      5
  953   22     0    -191      0    191  0.63556747E+00  0.00000000E+00 0.4935E-12      5
  954   22     0    -190      0    190  0.63885208E+00  0.00000000E+00 0.7729E-13      5
  955   22     0    -189      0    189  0.64193741E+00  0.00000000E+00 0.1893E-12      6
  956   22     0    -188      0    188  0.64527678E+00  0.00000000E+00 0.4823E-12      6
  957   22     0    -187      0    187  0.64888883E+00  0.00000000E+00 0.2108E-12      6
  958   22     0    -186      0    186  0.65244898E+00  0.00000000E+00 0.9044E-14      6
  959   22     0    -185      0    185  0.65573928E+00  0.00000000E+00 0.1296E-12      5
  960   22     0    -184      0    184  0.65909389E+00  0.00000000E+00 0.1417E-12      6
  961   22     0    -183      0    183  0.66278422E+00  0.00000000E+00 0.6014E-13      5
  962   22     0    -182      0    182  0.66654727E+00  0.00000000E+00 0.8736E-13      6
  963   22     0    -181      0    181  0.67007402E+00  0.00000000E+00 0.1209E-12      6
  964   22     0    -180      0    180  0.67351769E+00  0.00000000E+00 0.3255E-12      6
  965   22     0    -179      0    179  0.67728658E+00  0.00000000E+00 0.2373E-12      5
  966   22     0    -178      0    178  0.68123856E+00  0.00000000E+00 0.1557E-12      6
  967   22     0    -177      0    177  0.68503189E+00  0.00000000E+00 0.1266E-12      6
  968   22     0    -176      0    176  0.68862815E+00  0.00000000E+00 0.2215E-12      6
  969   22     0    -175      0    175  0.69246154E+00  0.00000000E+00 0.4119E-12      5
  970   22     0    -174      0    174  0.69656437E+00  0.00000000E+00 0.5158E-13      5
  971   22     0    -173      0    173  0.70059355E+00  0.00000000E+00 0.3552E-13      6
  972   22     0    -172      0    172  0.70437182E+00  0.00000000E+00 0.5369E-13      5
  973   22     0    -171      0    171  0.70829966E+00  0.00000000E+00 0.3649E-12      6
  974   22     0    -170      0    170  0.71257585E+00  0.00000000E+00 0.1419E-12      5
  975   22     0    -169      0    169  0.71688406E+00  0.00000000E+00 0.3843E-13      5
  976   22     0    -168      0    168  0.72090979E+00  0.00000000E+00 0.2461E-13      5
  977   22     0    -167      0    167  0.72491919E+00  0.00000000E+00 0.4051E-12      6
  978   22     0    -166      0    166  0.72932385E+00  0.00000000E+00 0.4034E-12      5
  979   22     0    -165      0    165  0.73388490E+00  0.00000000E+00 0.2878E-12      6
  980   22     0    -164      0    164  0.73818665E+00  0.00000000E+00 0.2573E-12      5
  981   22     0    -163      0    163  0.74231076E+00  0.00000000E+00 0.2775E-12      6
  982   22     0    -162      0    162  0.74683813E+00  0.00000000E+00 0.1130E-12      5
  983   22     0    -161      0    161  0.75166963E+00  0.00000000E+00 0.2153E-12      5
  984   22     0    -160      0    160  0.75633615E+00  0.00000000E+00 0.9584E-13      5
  985   22     0    -159      0    159  0.76064084E+00  0.00000000E+00 0.7103E-13      6
  986   22     0    -158      0    158  0.76521724E+00  0.00000000E+00 0.4429E-13      5
  987   22     0    -157      0    157  0.77026027E+00  0.00000000E+00 0.1925E-12      5
  988   22     0    -156      0    156  0.77529754E+00  0.00000000E+00 0.2775E-13      6
  989   22     0    -155      0    155  0.77989936E+00  0.00000000E+00 0.6182E-12      5
  990   22     0    -154      0    154  0.78453448E+00  0.00000000E+00 0.1558E-12      6
  991   22     0    -153      0    153  0.78976108E+00  0.00000000E+00 0.1317E-13      5
  992   22     0    -152      0    152  0.79519001E+00  0.00000000E+00 0.3167E-12      5
  993   22     0    -151      0    151  0.80023938E+00  0.00000000E+00 0.4280E-14      6
  994   22     0    -150      0    150  0.80497115E+00  0.00000000E+00 0.2036E-14      6
  995   22     0    -149      0    149  0.81027489E+00  0.00000000E+00 0.1049E-12      6
  996   22     0    -148      0    148  0.81601505E+00  0.00000000E+00 0.5605E-14      5
  997   22     0    -147      0    147  0.82154775E+00  0.00000000E+00 0.2278E-13      6
  998   22     0    -146      0    146  0.82656965E+00  0.00000000E+00 0.2842E-13      6
  999   22     0    -145      0    145  0.83194632E+00  0.00000000E+00 0.4291E-13      5
 1000   22     0    -144      0    144  0.83794386E+00  0.00000000E+00 0.1249E-12      5
 1001   22     0    -143      0    143  0.84393851E+00  0.00000000E+00 0.3067E-13      6
 1002   22     0    -142      0    142  0.84937897E+00  0.00000000E+00 0.1489E-12      5
 1003   22     0    -141      0    141  0.85485470E+00  0.00000000E+00 0.3781E-12      6
 1004   22     0    -140      0    140  0.86105957E+00  0.00000000E+00 0.4311E-13      5
 1005   22     0    -139      0    139  0.86748204E+00  0.00000000E+00 0.1202E-12      5
 1006   22     0    -138      0    138  0.87341674E+00  0.00000000E+00 0.2177E-12      6
 1007   22     0    -137      0    137  0.87907876E+00  0.00000000E+00 0.5096E-13      6
 1008   22     0    -136      0    136  0.88548870E+00  0.00000000E+00 0.5949E-12      5
 1009   22     0    -135      0    135  0.89236092E+00  0.00000000E+00 0.6245E-13      5
 1010   22     0    -134      0    134  0.89889021E+00  0.00000000E+00 0.2084E-12      5
 1011   22     0    -133      0    133  0.90480958E+00  0.00000000E+00 0.2531E-12      6
 1012   22     0    -132      0    132  0.91133555E+00  0.00000000E+00 0.1099E-12      6
 1013   22     0    -131      0    131  0.91860608E+00  0.00000000E+00 0.1982E-12      5
 1014   22     0    -130      0    130  0.92577640E+00  0.00000000E+00 0.8835E-13      6
 1015   22     0    -129      0    129  0.93219403E+00  0.00000000E+00 0.1008E-13      5
 1016   22     0    -128      0    128  0.93883313E+00  0.00000000E+00 0.4006E-13      5
 1017   22     0    -127      0    127  0.94642285E+00  0.00000000E+00 0.5689E-13      5
 1018   22     0    -126      0    126  0.95418994E+00  0.00000000E+00 0.5980E-13      6
 1019   22     0    -125      0    125  0.96123626E+00  0.00000000E+00 0.9190E-13      5
 1020   22     0    -124      0    124  0.96805064E+00  0.00000000E+00 0.2524E-12      6
 1021   22     0    -123      0    123  0.97591616E+00  0.00000000E+00 0.8413E-13      6
 1022   22     0    -122      0    122  0.98429490E+00  0.00000000E+00 0.2584E-12      6
 1023   22     0    -121      0    121  0.99215419E+00  0.00000000E+00 0.2164E-12      6
 1024   22     0    -120      0    120  0.99926374E+00  0.00000000E+00 0.2655E-12      6
 1025   22     0    -119      0    119  0.10072741E+01  0.00000000E+00 0.1972E-12      6
 1026   22     0    -118      0    118  0.10162066E+01  0.00000000E+00 0.3197E-12      6
 1027   22     0    -117      0    117  0.10249679E+01  0.00000000E+00 0.9465E-13      5
 1028   22     0    -116      0    116  0.10326970E+01  0.00000000E+00 0.1012E-13      5
 1029   22     0    -115      0    115  0.10407827E+01  0.00000000E+00 0.3536E-13      5
 1030   22     0    -114      0    114  0.10501611E+01  0.00000000E+00 0.5291E-13      5
 1031   22     0    -113      0    113  0.10597858E+01  0.00000000E+00 0.5751E-13      6
 1032   22     0    -112      0    112  0.10684353E+01  0.00000000E+00 0.4874E-12      5
 1033   22     0    -111      0    111  0.10766600E+01  0.00000000E+00 0.2736E-12      6
 1034   22     0    -110      0    110  0.10863288E+01  0.00000000E+00 0.6073E-13      5
 1035   22     0    -109      0    109  0.10967426E+01  0.00000000E+00 0.3203E-13      6
 1036   22     0    -108      0    108  0.11065613E+01  0.00000000E+00 0.1098E-12      6
 1037   22     0    -107      0    107  0.11152287E+01  0.00000000E+00 0.3677E-12      5
 1038   22     0    -106      0    106  0.11249451E+01  0.00000000E+00 0.1913E-12      6
 1039   22     0    -105      0    105  0.11360008E+01  0.00000000E+00 0.3000E-13      6
 1040   22     0    -104      0    104  0.11470435E+01  0.00000000E+00 0.6524E-13      6
 1041   22     0    -103      0    103  0.11567345E+01  0.00000000E+00 0.1618E-12      5
 1042   22     0    -102      0    102  0.11663725E+01  0.00000000E+00 0.2694E-13      6
 1043   22     0    -101      0    101  0.11778380E+01  0.00000000E+00 0.1902E-12      6
 1044   22     0    -100      0    100  0.11899933E+01  0.00000000E+00 0.9041E-13      6
 1045   22     0     -99      0     99  0.12012512E+01  0.00000000E+00 0.1803E-12      6
 1046   22     0     -98      0     98  0.12111870E+01  0.00000000E+00 0.1445E-12      6
 1047   22     0     -97      0     97  0.12226831E+01  0.00000000E+00 0.1025E-12      6
 1048   22     0     -96      0     96  0.12357083E+01  0.00000000E+00 0.2772E-12      6
 1049   22     0     -95      0     95  0.12486066E+01  0.00000000E+00 0.2074E-13      6
 1050   22     0     -94      0     94  0.12597932E+01  0.00000000E+00 0.1557E-12      5
 1051   22     0     -93      0     93  0.12711466E+01  0.00000000E+00 0.1701E-12      6
 1052   22     0     -92      0     92  0.12847783E+01  0.00000000E+00 0.1279E-12      6
 1053   22     0     -91      0     91  0.12991882E+01  0.00000000E+00 0.4000E-14      6
 1054   22     0     -90      0     90  0.13124364E+01  0.00000000E+00 0.4568E-14      6
 1055   22     0     -89      0     89  0.13241517E+01  0.00000000E+00 0.3534E-13      6
 1056   22     0     -88      0     88  0.13380121E+01  0.00000000E+00 0.1040E-12      6
 1057   22     0     -87      0     87  0.13537346E+01  0.00000000E+00 0.6856E-13      5
 1058   22     0     -86      0     86  0.13692354E+01  0.00000000E+00 0.1308E-12      6
 1059   22     0     -85      0     85  0.13824728E+01  0.00000000E+00 0.2624E-13      5
 1060   22     0     -84      0     84  0.13962401E+01  0.00000000E+00 0.6682E-13      5
 1061   22     0     -83      0     83  0.14129739E+01  0.00000000E+00 0.7503E-13      6
 1062   22     0     -82      0     82  0.14305499E+01  0.00000000E+00 0.1466E-12      6
 1063   22     0     -81      0     81  0.14463246E+01  0.00000000E+00 0.1764E-12      6
 1064   22     0     -80      0     80  0.14603388E+01  0.00000000E+00 0.1704E-12      6
 1065   22     0     -79      0     79  0.14776298E+01  0.00000000E+00 0.3709E-13      6
 1066   22     0     -78      0     78  0.14970249E+01  0.00000000E+00 0.4700E-13      6
 1067   22     0     -77      0     77  0.15156141E+01  0.00000000E+00 0.1870E-12      6
 1068   22     0     -76      0     76  0.15310288E+01  0.00000000E+00 0.1085E-12      6
 1069   22     0     -75      0     75  0.15485117E+01  0.00000000E+00 0.9351E-14      6
 1070   22     0     -74      0     74  0.15695493E+01  0.00000000E+00 0.2482E-13      5
 1071   22     0     -73      0     73  0.15909155E+01  0.00000000E+00 0.6104E-13      6
 1072   22     0     -72      0     72  0.16090280E+01  0.00000000E+00 0.2584E-13      5
 1073   22     0     -71      0     71  0.16266404E+01  0.00000000E+00 0.2450E-13      6
 1074   22     0     -70      0     70  0.16489663E+01  0.00000000E+00 0.9916E-13      6
 1075   22     0     -69      0     69  0.16729258E+01  0.00000000E+00 0.1855E-12      6
 1076   22     0     -68      0     68  0.16944877E+01  0.00000000E+00 0.9016E-13      6
  Time elapsed :      3.222 s

Starting search (non-adiabatic)

Finding roots
  Time elapsed :    194.766 s

Processing modes
   id    l     m    n_pg    n_p    n_g       Re(omega)       Im(omega)        chi n_iter
  938   22     0    -206      0    206  0.58929906E+00 -0.11386025E-02 0.5638E-12      9
  939   22     0    -205      0    205  0.59212830E+00 -0.12350180E-02 0.1939E-12      7
  940   22     0    -204      0    204  0.59513112E+00 -0.12701433E-02 0.2460E-12     10
  941   22     0    -203      0    203  0.59807871E+00 -0.12159658E-02 0.1010E-12      8
  942   22     0    -202      0    202  0.60086058E+00 -0.12009580E-02 0.8711E-12      8
  943   22     0    -201      0    201  0.60376105E+00 -0.13052767E-02 0.3284E-12      9
  944   22     0    -200      0    200  0.60687954E+00 -0.13638117E-02 0.5101E-12      8
  945   22     0    -199      0    199  0.60998594E+00 -0.13132681E-02 0.5019E-12      8
  946   22     0    -198      0    198  0.61288249E+00 -0.12598769E-02 0.9153E-12      9
  947   22     0    -197      0    197  0.61583137E+00 -0.13676992E-02 0.1102E-12      7
  948   22     0    -196      0    196  0.61906416E+00 -0.14606171E-02 0.8082E-12      8
  949   22     0    -195      0    195  0.62236027E+00 -0.14274480E-02 0.9118E-12      8
  950   22     0    -194      0    194  0.62542442E+00 -0.13195154E-02 0.4434E-12      9
  951   22     0    -193      0    193  0.62838600E+00 -0.13996956E-02 0.4509E-12      8
  952   22     0    -192      0    192  0.63169171E+00 -0.15440405E-02 0.1397E-12     13
  953   22     0    -191      0    191  0.63518263E+00 -0.15584150E-02 0.1325E-11      9
  954   22     0    -190      0    190  0.63851590E+00 -0.14311123E-02 0.1460E-11      8
  955   22     0    -189      0    189  0.64153599E+00 -0.14082969E-02 0.6489E-14      7
  956   22     0    -188      0    188  0.64481781E+00 -0.15983529E-02 0.3802E-12      8
  957   22     0    -187      0    187  0.64843770E+00 -0.16824747E-02 0.1403E-12      9
  958   22     0    -186      0    186  0.65204431E+00 -0.16051014E-02 0.7303E-12      8
  959   22     0    -185      0    185  0.65531761E+00 -0.14812223E-02 0.1569E-11      8
  960   22     0    -184      0    184  0.65857014E+00 -0.16190498E-02 0.9054E-12      9
  961   22     0    -182      0    182  0.66602319E+00 -0.17305607E-02 0.3766E-12     13
  962   22     0    -181      0    181  0.66956932E+00 -0.15765056E-02 0.5801E-12      8
  963   22     0    -180      0    180  0.67290431E+00 -0.16137926E-02 0.7758E-12      9
  964   22     0    -179      0    179  0.67660681E+00 -0.17722263E-02 0.5099E-12     10
  965   22     0    -178      0    178  0.68056611E+00 -0.17800023E-02 0.4090E-12     10
  966   22     0    -177      0    177  0.68440624E+00 -0.16343851E-02 0.4335E-13     10
  967   22     0    -176      0    176  0.68794353E+00 -0.15611437E-02 0.5202E-12      9
  968   22     0    -175      0    175  0.69168699E+00 -0.16939634E-02 0.1038E-11      9
  969   22     0    -174      0    174  0.69578569E+00 -0.17355452E-02 0.1576E-12      9
  970   22     0    -173      0    173  0.69987647E+00 -0.16173080E-02 0.3552E-12     10
  971   22     0    -172      0    172  0.70365262E+00 -0.14895421E-02 0.5073E-12     10
  972   22     0    -171      0    171  0.70748709E+00 -0.15896900E-02 0.9145E-13      9
  973   22     0    -170      0    170  0.71174344E+00 -0.16677560E-02 0.1203E-11      9
  974   22     0    -169      0    169  0.71611068E+00 -0.15915630E-02 0.3198E-12      9
  975   22     0    -168      0    168  0.72019097E+00 -0.14300270E-02 0.4458E-12     10
  976   22     0    -167      0    167  0.72412219E+00 -0.14676417E-02 0.5493E-12      7
  977   22     0    -166      0    166  0.72848403E+00 -0.15777183E-02 0.7008E-12     10
  978   22     0    -165      0    165  0.73309056E+00 -0.15426639E-02 0.3929E-12      8
  979   22     0    -164      0    164  0.73747872E+00 -0.13776695E-02 0.4026E-12      9
  980   22     0    -163      0    163  0.74155838E+00 -0.13498124E-02 0.3325E-12      8
  981   22     0    -162      0    162  0.74602343E+00 -0.14780878E-02 0.3997E-12      9
  982   22     0    -161      0    161  0.75088116E+00 -0.14851731E-02 0.8316E-12     11
  983   22     0    -160      0    160  0.75564540E+00 -0.13427219E-02 0.2188E-12      8
  984   22     0    -159      0    159  0.75997048E+00 -0.12289496E-02 0.3636E-12      9
  985   22     0    -158      0    158  0.76447584E+00 -0.13461570E-02 0.5970E-12     10
  986   22     0    -157      0    157  0.76952497E+00 -0.14001858E-02 0.6810E-12     10
  987   22     0    -156      0    156  0.77464698E+00 -0.13022038E-02 0.4747E-12      8
  988   22     0    -155      0    155  0.77932098E+00 -0.11421734E-02 0.1036E-12     10
  989   22     0    -154      0    154  0.78389774E+00 -0.12160993E-02 0.5201E-12     10
  990   22     0    -153      0    153  0.78910930E+00 -0.13153530E-02 0.3059E-12      8
  991   22     0    -152      0    152  0.79459763E+00 -0.12709628E-02 0.2517E-12      9
  992   22     0    -150      0    150  0.80445701E+00 -0.10896052E-02 0.6689E-12     10
  993   22     0    -151      0    151  0.79974410E+00 -0.11041416E-02 0.1125E-12      8
  994   22     0    -149      0    149  0.80972538E+00 -0.12237488E-02 0.6904E-12     10
  995   22     0    -148      0    148  0.81549951E+00 -0.12318286E-02 0.2348E-12      9
  996   22     0    -147      0    147  0.82111563E+00 -0.11017335E-02 0.6794E-12      8
  997   22     0    -146      0    146  0.82615919E+00 -0.10134762E-02 0.3237E-12      9
  998   22     0    -145      0    145  0.83149580E+00 -0.11396412E-02 0.1177E-11     10
  999   22     0    -144      0    144  0.83750822E+00 -0.11901771E-02 0.2050E-12      9
 1000   22     0    -143      0    143  0.84356530E+00 -0.11023638E-02 0.6873E-13      8
 1001   22     0    -142      0    142  0.84905204E+00 -0.97158755E-03 0.5858E-12      8
 1002   22     0    -141      0    141  0.85449678E+00 -0.10563995E-02 0.2241E-12      8
 1003   22     0    -140      0    140  0.86070393E+00 -0.11414158E-02 0.1667E-12      8
 1004   22     0    -139      0    139  0.86717146E+00 -0.10926014E-02 0.2221E-12      9
 1005   22     0    -138      0    138  0.87315972E+00 -0.95115963E-03 0.1016E-11      8
 1006   22     0    -137      0    137  0.87880609E+00 -0.98171962E-03 0.5677E-12      9
 1007   22     0    -136      0    136  0.88521131E+00 -0.10939559E-02 0.1572E-11     10
 1008   22     0    -135      0    135  0.89211572E+00 -0.10845750E-02 0.4941E-12      9
 1009   22     0    -134      0    134  0.89869742E+00 -0.95131253E-03 0.3587E-12      9
 1010   22     0    -133      0    133  0.90461878E+00 -0.90919027E-03 0.6715E-12     10
 1011   22     0    -132      0    132  0.91113537E+00 -0.10434940E-02 0.1570E-11      8
 1012   22     0    -131      0    131  0.91842887E+00 -0.10782918E-02 0.9978E-12      8
 1013   22     0    -130      0    130  0.92564069E+00 -0.98198307E-03 0.1070E-11      8
 1014   22     0    -129      0    129  0.93207379E+00 -0.87977651E-03 0.1576E-12      9
 1015   22     0    -128      0    128  0.93870345E+00 -0.10004749E-02 0.1804E-11      8
 1016   22     0    -127      0    127  0.94631090E+00 -0.10784314E-02 0.1538E-11     10
 1017   22     0    -126      0    126  0.95410959E+00 -0.10228463E-02 0.1460E-11      9
 1018   22     0    -125      0    125  0.96117594E+00 -0.88922102E-03 0.7270E-12     10
 1019   22     0    -124      0    124  0.96798224E+00 -0.96839674E-03 0.5707E-12     11
 1020   22     0    -123      0    123  0.97586400E+00 -0.10894776E-02 0.1728E-11     11
 1021   22     0    -122      0    122  0.98426840E+00 -0.10797734E-02 0.4307E-12      8
 1022   22     0    -121      0    121  0.99214899E+00 -0.94195047E-03 0.2191E-12     10
 1023   22     0    -120      0    120  0.99925095E+00 -0.93554516E-03 0.7384E-12      9
 1024   22     0    -119      0    119  0.10072778E+01 -0.10965314E-02 0.1520E-11      8
 1025   22     0    -118      0    118  0.10162362E+01 -0.11390581E-02 0.1562E-11      9
 1026   22     0    -117      0    117  0.10250183E+01 -0.10360805E-02 0.8981E-12     10
 1027   22     0    -116      0    116  0.10327404E+01 -0.93487110E-03 0.4839E-12      8
 1028   22     0    -115      0    115  0.10408401E+01 -0.11047867E-02 0.2646E-12      8
 1029   22     0    -114      0    114  0.10502503E+01 -0.12122475E-02 0.8260E-12     10
 1030   22     0    -113      0    113  0.10598966E+01 -0.11664484E-02 0.4237E-12     10
 1031   22     0    -112      0    112  0.10685393E+01 -0.10084591E-02 0.1754E-11      9
 1032   22     0    -111      0    111  0.10767649E+01 -0.11294367E-02 0.1025E-11      9
 1033   22     0    -110      1    111  0.10864735E+01 -0.13168406E-02 0.8492E-12     10
 1034   22     0    -110      0    110  0.10969107E+01 -0.13429741E-02 0.1117E-11      9
 1035   22     0    -109      0    109  0.11067255E+01 -0.11895525E-02 0.5858E-12      8
 1036   22     0    -108      0    108  0.11153658E+01 -0.11702242E-02 0.2432E-11      8
 1037   22     0    -106      0    106  0.11361962E+01 -0.15261651E-02 0.1651E-11     13
 1038   22     0    -107      0    107  0.11251164E+01 -0.14238522E-02 0.1992E-11      8
 1039   22     0    -105      0    105  0.11472371E+01 -0.14285135E-02 0.9763E-12      8
 1040   22     0    -104      0    104  0.11568849E+01 -0.12351455E-02 0.1102E-11      8
 1041   22     0    -103      0    103  0.11665191E+01 -0.14473092E-02 0.7958E-12     10
 1042   22     0    -102      0    102  0.11780077E+01 -0.16302723E-02 0.2684E-11     10
 1043   22     0    -101      0    101  0.11901584E+01 -0.15967033E-02 0.2033E-11     10
 1044   22     0    -100      0    100  0.12013867E+01 -0.13415492E-02 0.1081E-12     10
 1045   22     0     -98      0     98  0.12227811E+01 -0.15414471E-02 0.1915E-11     12
 1046   22     0     -99      0     99  0.12112744E+01 -0.13165774E-02 0.7051E-12      6
 1047   22     0     -97      0     97  0.12358039E+01 -0.15381262E-02 0.1467E-11      9
 1048   22     0     -96      0     96  0.12486902E+01 -0.13222708E-02 0.1842E-12     10
 1049   22     0     -95      0     95  0.12598448E+01 -0.10602455E-02 0.7270E-12      9
 1050   22     0     -94      0     94  0.12711941E+01 -0.11722984E-02 0.1261E-11     10
 1051   22     0     -93      0     93  0.12848408E+01 -0.11901332E-02 0.1505E-11      9
 1052   22     0     -92      0     92  0.12992561E+01 -0.10393895E-02 0.9137E-12      8
 1053   22     0     -91      0     91  0.13124971E+01 -0.78053531E-03 0.1747E-11      9
 1054   22     0     -90      0     90  0.13242060E+01 -0.71751381E-03 0.2294E-11      9
 1055   22     0     -89      0     89  0.13380859E+01 -0.77030510E-03 0.4750E-12     10
 1056   22     0     -88      0     88  0.13538165E+01 -0.69720537E-03 0.4204E-11      9
 1057   22     0     -87      0     87  0.13693112E+01 -0.54660345E-03 0.9727E-12      9
 1058   22     0     -86      0     86  0.13825344E+01 -0.41245129E-03 0.1072E-11      9
 1059   22     0     -85      0     85  0.13963138E+01 -0.44778190E-03 0.1475E-11     10
 1060   22     0     -84      0     84  0.14130546E+01 -0.43049248E-03 0.7464E-11      9
 1061   22     0     -83      0     83  0.14306244E+01 -0.35650152E-03 0.2292E-11      8
 1062   22     0     -82      0     82  0.14463817E+01 -0.25195197E-03 0.1053E-11     10
 1063   22     0     -81      0     81  0.14603958E+01 -0.24036509E-03 0.7278E-11      8
 1064   22     0     -80      0     80  0.14776947E+01 -0.25274378E-03 0.6326E-11      8
 1065   22     0     -79      0     79  0.14970856E+01 -0.22014068E-03 0.9964E-11      9
 1066   22     0     -78      0     78  0.15156617E+01 -0.16266671E-03 0.2937E-11     10
 1067   22     0     -77      0     77  0.15310674E+01 -0.12782923E-03 0.1435E-10      8
 1068   22     0     -76      0     76  0.15485574E+01 -0.14438064E-03 0.5832E-11      9
 1069   22     0     -75      0     75  0.15695939E+01 -0.13433801E-03 0.6044E-11      9
 1070   22     0     -74      0     74  0.15909527E+01 -0.10766074E-03 0.5073E-11     11
 1071   22     0     -73      0     73  0.16090549E+01 -0.75990765E-04 0.1511E-10      8
 1072   22     0     -72      0     72  0.16266710E+01 -0.84176469E-04 0.2697E-10      8
 1073   22     0     -71      0     71  0.16489985E+01 -0.85923163E-04 0.8602E-11      9
 1074   22     0     -70      0     70  0.16729541E+01 -0.73712245E-04 0.2611E-10     11
 1075   22     0     -69      0     69  0.16945079E+01 -0.51708544E-04 0.2315E-10     10
 1076   22     0     -68      0     68  0.17127871E+01 -0.49109245E-04 0.2582E-10     10
  Time elapsed :      8.623 s

Mode Search
-----------

Mode parameters
   l : 23
   m : 0

Building frequency grid (REAL axis)
   added scan interval :  0.5233E+00 ->  0.2103E+01 (3000 points, INVERSE)

Building spatial grid
   Scaffold grid from model
   Split 260 subinterval(s) in iteration 1
   Split 30 subinterval(s) in iteration 2
   Split 0 subinterval(s) in iteration 3
   Final grid has 1 segment(s) and 7437 point(s):
      Segment 1 : x range 0.0000 -> 1.0011 (1 -> 7437)

Starting search (adiabatic)

Scanning frequencies
  Time elapsed :    35.471 s

Finding roots
  Time elapsed :     10.521 s

Processing modes
   id    l     m    n_pg    n_p    n_g       Re(omega)       Im(omega)        chi n_iter
 1119   23     0    -215      0    215  0.59007721E+00  0.00000000E+00 0.2672E-12      6
 1120   23     0    -214      0    214  0.59274340E+00  0.00000000E+00 0.7455E-13      6
 1121   23     0    -213      0    213  0.59561572E+00  0.00000000E+00 0.3324E-12      5
 1122   23     0    -212      0    212  0.59851380E+00  0.00000000E+00 0.1570E-12      6
 1123   23     0    -211      0    211  0.60124541E+00  0.00000000E+00 0.1156E-12      5
 1124   23     0    -210      0    210  0.60392486E+00  0.00000000E+00 0.8774E-14      6
 1125   23     0    -209      0    209  0.60681552E+00  0.00000000E+00 0.8473E-12      5
 1126   23     0    -208      0    208  0.60982425E+00  0.00000000E+00 0.2121E-12      6
 1127   23     0    -207      0    207  0.61273602E+00  0.00000000E+00 0.3370E-12      6
 1128   23     0    -206      0    206  0.61554959E+00  0.00000000E+00 0.2336E-12      5
 1129   23     0    -205      0    205  0.61850951E+00  0.00000000E+00 0.2422E-12      6
 1130   23     0    -204      0    204  0.62161792E+00  0.00000000E+00 0.1895E-12      5
 1131   23     0    -203      0    203  0.62466645E+00  0.00000000E+00 0.5112E-12      6
 1132   23     0    -202      0    202  0.62759101E+00  0.00000000E+00 0.3653E-12      5
 1133   23     0    -201      0    201  0.63063627E+00  0.00000000E+00 0.2476E-13      6
 1134   23     0    -200      0    200  0.63387097E+00  0.00000000E+00 0.4700E-12      5
 1135   23     0    -199      0    199  0.63708165E+00  0.00000000E+00 0.9250E-12      5
 1136   23     0    -198      0    198  0.64012338E+00  0.00000000E+00 0.5718E-12      5
 1137   23     0    -197      0    197  0.64323682E+00  0.00000000E+00 0.8704E-13      6
 1138   23     0    -196      0    196  0.64659770E+00  0.00000000E+00 0.2917E-12      5
 1139   23     0    -195      0    195  0.65000145E+00  0.00000000E+00 0.2202E-12      5
 1140   23     0    -194      0    194  0.65319837E+00  0.00000000E+00 0.3566E-13      5
 1141   23     0    -193      0    193  0.65634927E+00  0.00000000E+00 0.1752E-12      6
 1142   23     0    -192      0    192  0.65979925E+00  0.00000000E+00 0.8626E-12      5
 1143   23     0    -191      0    191  0.66340912E+00  0.00000000E+00 0.2384E-12      5
 1144   23     0    -190      0    190  0.66685350E+00  0.00000000E+00 0.9981E-13      6
 1145   23     0    -189      0    189  0.67007233E+00  0.00000000E+00 0.1955E-12      6
 1146   23     0    -188      0    188  0.67353259E+00  0.00000000E+00 0.1638E-12      6
 1147   23     0    -187      0    187  0.67729244E+00  0.00000000E+00 0.1887E-12      5
 1148   23     0    -186      0    186  0.68102005E+00  0.00000000E+00 0.2580E-12      6
 1149   23     0    -185      0    185  0.68446613E+00  0.00000000E+00 0.2374E-12      5
 1150   23     0    -184      0    184  0.68794482E+00  0.00000000E+00 0.3219E-12      6
 1151   23     0    -183      0    183  0.69177683E+00  0.00000000E+00 0.1779E-12      5
 1152   23     0    -182      0    182  0.69570883E+00  0.00000000E+00 0.2202E-12      6
 1153   23     0    -181      0    181  0.69940699E+00  0.00000000E+00 0.6479E-12      5
 1154   23     0    -180      0    180  0.70298728E+00  0.00000000E+00 0.2046E-12      6
 1155   23     0    -179      0    179  0.70689458E+00  0.00000000E+00 0.4093E-12      6
 1156   23     0    -178      0    178  0.71101545E+00  0.00000000E+00 0.2721E-12      5
 1157   23     0    -177      0    177  0.71499141E+00  0.00000000E+00 0.5793E-12      6
 1158   23     0    -176      0    176  0.71874258E+00  0.00000000E+00 0.2840E-12      6
 1159   23     0    -175      0    175  0.72271396E+00  0.00000000E+00 0.6766E-12      6
 1160   23     0    -174      0    174  0.72698370E+00  0.00000000E+00 0.2816E-12      6
 1161   23     0    -173      0    173  0.73120272E+00  0.00000000E+00 0.2523E-12      5
 1162   23     0    -172      0    172  0.73515375E+00  0.00000000E+00 0.1563E-12      5
 1163   23     0    -171      0    171  0.73922354E+00  0.00000000E+00 0.3247E-13      5
 1164   23     0    -170      0    170  0.74366516E+00  0.00000000E+00 0.2456E-13      5
 1165   23     0    -169      0    169  0.74816922E+00  0.00000000E+00 0.8911E-13      6
 1166   23     0    -168      0    168  0.75238862E+00  0.00000000E+00 0.4140E-12      5
 1167   23     0    -167      0    167  0.75654876E+00  0.00000000E+00 0.3690E-12      6
 1168   23     0    -166      0    166  0.76111383E+00  0.00000000E+00 0.2858E-12      5
 1169   23     0    -165      0    165  0.76587304E+00  0.00000000E+00 0.5831E-13      6
 1170   23     0    -164      0    164  0.77038656E+00  0.00000000E+00 0.2689E-12      6
 1171   23     0    -163      0    163  0.77467743E+00  0.00000000E+00 0.4226E-12      6
 1172   23     0    -162      0    162  0.77936077E+00  0.00000000E+00 0.1790E-12      6
 1173   23     0    -161      0    161  0.78439028E+00  0.00000000E+00 0.7217E-13      5
 1174   23     0    -160      0    160  0.78928363E+00  0.00000000E+00 0.4543E-13      6
 1175   23     0    -159      0    159  0.79378385E+00  0.00000000E+00 0.5196E-12      5
 1176   23     0    -158      0    158  0.79851270E+00  0.00000000E+00 0.2074E-12      6
 1177   23     0    -157      0    157  0.80374789E+00  0.00000000E+00 0.7855E-13      5
 1178   23     0    -156      0    156  0.80901960E+00  0.00000000E+00 0.2475E-12      6
 1179   23     0    -155      0    155  0.81385028E+00  0.00000000E+00 0.2638E-12      5
 1180   23     0    -154      0    154  0.81864615E+00  0.00000000E+00 0.1839E-12      6
 1181   23     0    -153      0    153  0.82405538E+00  0.00000000E+00 0.6229E-13      5
 1182   23     0    -152      0    152  0.82972032E+00  0.00000000E+00 0.5553E-12      6
 1183   23     0    -151      0    151  0.83502892E+00  0.00000000E+00 0.5476E-13      6
 1184   23     0    -150      0    150  0.83995038E+00  0.00000000E+00 0.9436E-13      5
 1185   23     0    -149      0    149  0.84542255E+00  0.00000000E+00 0.8931E-13      5
 1186   23     0    -148      0    148  0.85139398E+00  0.00000000E+00 0.2600E-12      6
 1187   23     0    -147      0    147  0.85720137E+00  0.00000000E+00 0.1340E-12      5
 1188   23     0    -146      0    146  0.86245645E+00  0.00000000E+00 0.3163E-12      5
 1189   23     0    -145      0    145  0.86799891E+00  0.00000000E+00 0.3706E-12      6
 1190   23     0    -144      0    144  0.87421843E+00  0.00000000E+00 0.5768E-12      5
 1191   23     0    -143      0    143  0.88049360E+00  0.00000000E+00 0.1806E-12      6
 1192   23     0    -142      0    142  0.88620942E+00  0.00000000E+00 0.4196E-14      5
 1193   23     0    -141      0    141  0.89186540E+00  0.00000000E+00 0.2768E-12      6
 1194   23     0    -140      0    140  0.89827972E+00  0.00000000E+00 0.2954E-12      6
 1195   23     0    -139      0    139  0.90498413E+00  0.00000000E+00 0.7201E-13      6
 1196   23     0    -138      0    138  0.91122897E+00  0.00000000E+00 0.3951E-13      6
 1197   23     0    -137      0    137  0.91710300E+00  0.00000000E+00 0.8286E-13      6
 1198   23     0    -136      0    136  0.92370907E+00  0.00000000E+00 0.6096E-13      6
 1199   23     0    -135      0    135  0.93086019E+00  0.00000000E+00 0.4335E-12      5
 1200   23     0    -134      0    134  0.93772705E+00  0.00000000E+00 0.5063E-13      6
 1201   23     0    -133      0    133  0.94391139E+00  0.00000000E+00 0.4080E-12      5
 1202   23     0    -132      0    132  0.95061889E+00  0.00000000E+00 0.1866E-12      6
 1203   23     0    -131      0    131  0.95815787E+00  0.00000000E+00 0.9319E-13      5
 1204   23     0    -130      0    130  0.96567824E+00  0.00000000E+00 0.2426E-13      6
 1205   23     0    -129      0    129  0.97242672E+00  0.00000000E+00 0.9771E-13      5
 1206   23     0    -128      0    128  0.97925394E+00  0.00000000E+00 0.1226E-12      6
 1207   23     0    -127      0    127  0.98709152E+00  0.00000000E+00 0.2476E-12      5
 1208   23     0    -126      0    126  0.99520987E+00  0.00000000E+00 0.9813E-13      5
 1209   23     0    -125      0    125  0.10026447E+01  0.00000000E+00 0.2303E-12      6
 1210   23     0    -124      0    124  0.10096840E+01  0.00000000E+00 0.2860E-12      6
 1211   23     0    -123      0    123  0.10177696E+01  0.00000000E+00 0.5821E-12      6
 1212   23     0    -122      0    122  0.10264908E+01  0.00000000E+00 0.2986E-12      5
 1213   23     0    -121      0    121  0.10347822E+01  0.00000000E+00 0.1036E-12      6
 1214   23     0    -120      0    120  0.10422009E+01  0.00000000E+00 0.4494E-12      6
 1215   23     0    -119      0    119  0.10503973E+01  0.00000000E+00 0.1719E-12      6
 1216   23     0    -118      0    118  0.10596492E+01  0.00000000E+00 0.1138E-12      5
 1217   23     0    -117      0    117  0.10688569E+01  0.00000000E+00 0.7682E-13      6
 1218   23     0    -116      0    116  0.10770113E+01  0.00000000E+00 0.2560E-12      5
 1219   23     0    -115      0    115  0.10852791E+01  0.00000000E+00 0.2128E-12      6
 1220   23     0    -114      0    114  0.10949329E+01  0.00000000E+00 0.9377E-13      5
 1221   23     0    -113      0    113  0.11049934E+01  0.00000000E+00 0.5796E-13      6
 1222   23     0    -112      0    112  0.11141652E+01  0.00000000E+00 0.2621E-12      6
 1223   23     0    -111      0    111  0.11226410E+01  0.00000000E+00 0.1654E-13      6
 1224   23     0    -110      0    110  0.11325200E+01  0.00000000E+00 0.1373E-12      6
 1225   23     0    -109      0    109  0.11433364E+01  0.00000000E+00 0.6002E-13      5
 1226   23     0    -108      0    108  0.11537179E+01  0.00000000E+00 0.1856E-12      6
 1227   23     0    -107      0    107  0.11628057E+01  0.00000000E+00 0.4853E-12      6
 1228   23     0    -106      0    106  0.11726719E+01  0.00000000E+00 0.8759E-13      6
 1229   23     0    -105      0    105  0.11840674E+01  0.00000000E+00 0.6849E-13      5
 1230   23     0    -104      0    104  0.11956516E+01  0.00000000E+00 0.1813E-12      5
 1231   23     0    -103      0    103  0.12059587E+01  0.00000000E+00 0.3771E-12      5
 1232   23     0    -102      0    102  0.12157901E+01  0.00000000E+00 0.4836E-13      6
 1233   23     0    -101      0    101  0.12274855E+01  0.00000000E+00 0.1380E-12      6
 1234   23     0    -100      0    100  0.12401210E+01  0.00000000E+00 0.1476E-12      6
 1235   23     0     -99      0     99  0.12520770E+01  0.00000000E+00 0.1063E-13      6
 1236   23     0     -98      0     98  0.12624531E+01  0.00000000E+00 0.2262E-12      6
 1237   23     0     -97      0     97  0.12740491E+01  0.00000000E+00 0.1100E-12      6
 1238   23     0     -96      0     96  0.12874561E+01  0.00000000E+00 0.2317E-12      5
 1239   23     0     -95      0     95  0.13010082E+01  0.00000000E+00 0.3432E-12      6
 1240   23     0     -94      0     94  0.13129420E+01  0.00000000E+00 0.2230E-12      5
 1241   23     0     -93      0     93  0.13244357E+01  0.00000000E+00 0.1095E-12      6
 1242   23     0     -92      0     92  0.13382977E+01  0.00000000E+00 0.2595E-13      6
 1243   23     0     -91      0     91  0.13532746E+01  0.00000000E+00 0.1864E-12      6
 1244   23     0     -90      0     90  0.13673929E+01  0.00000000E+00 0.2268E-12      6
 1245   23     0     -89      0     89  0.13795909E+01  0.00000000E+00 0.5514E-13      5
 1246   23     0     -88      0     88  0.13935004E+01  0.00000000E+00 0.9718E-13      6
 1247   23     0     -87      0     87  0.14096635E+01  0.00000000E+00 0.8440E-13      5
 1248   23     0     -86      0     86  0.14259723E+01  0.00000000E+00 0.1516E-12      6
 1249   23     0     -85      0     85  0.14401254E+01  0.00000000E+00 0.2983E-12      5
 1250   23     0     -84      0     84  0.14539404E+01  0.00000000E+00 0.1467E-12      6
 1251   23     0     -83      0     83  0.14709181E+01  0.00000000E+00 0.1412E-12      5
 1252   23     0     -82      0     82  0.14891860E+01  0.00000000E+00 0.1876E-12      6
 1253   23     0     -81      0     81  0.15060754E+01  0.00000000E+00 0.2450E-12      6
 1254   23     0     -80      0     80  0.15205091E+01  0.00000000E+00 0.7455E-13      6
 1255   23     0     -79      0     79  0.15377872E+01  0.00000000E+00 0.1260E-12      6
 1256   23     0     -78      0     78  0.15577424E+01  0.00000000E+00 0.1867E-12      5
 1257   23     0     -77      0     77  0.15774060E+01  0.00000000E+00 0.1699E-12      6
 1258   23     0     -76      0     76  0.15937881E+01  0.00000000E+00 0.8987E-13      6
 1259   23     0     -75      0     75  0.16111240E+01  0.00000000E+00 0.2228E-12      6
 1260   23     0     -74      0     74  0.16325377E+01  0.00000000E+00 0.1787E-12      6
 1261   23     0     -73      0     73  0.16548396E+01  0.00000000E+00 0.1019E-13      6
 1262   23     0     -72      0     72  0.16743149E+01  0.00000000E+00 0.9409E-13      6
 1263   23     0     -71      0     71  0.16919475E+01  0.00000000E+00 0.1689E-12      6
  Time elapsed :      2.651 s

Starting search (non-adiabatic)

Finding roots
  Time elapsed :    248.965 s

Processing modes
   id    l     m    n_pg    n_p    n_g       Re(omega)       Im(omega)        chi n_iter
 1119   23     0    -215      1    216  0.58968442E+00 -0.10078819E-02 0.7404E-12      8
 1120   23     0    -214      1    215  0.59231521E+00 -0.10913273E-02 0.8829E-13      8
 1121   23     0    -213      0    213  0.59519234E+00 -0.11620265E-02 0.1359E-12      8
 1122   23     0    -212      0    212  0.59813201E+00 -0.11401184E-02 0.6448E-12      9
 1123   23     0    -211      0    211  0.60089758E+00 -0.10581179E-02 0.4927E-12      9
 1124   23     0    -210      0    210  0.60354311E+00 -0.10921600E-02 0.5524E-12      8
 1125   23     0    -209      0    209  0.60642225E+00 -0.11942220E-02 0.4750E-12      8
 1126   23     0    -208      0    208  0.60945939E+00 -0.12117929E-02 0.1054E-12      8
 1127   23     0    -207      0    207  0.61240598E+00 -0.11502375E-02 0.3378E-12      9
 1128   23     0    -206      0    206  0.61520050E+00 -0.11481106E-02 0.2310E-12      7
 1129   23     0    -205      0    205  0.61814067E+00 -0.12442732E-02 0.2918E-12      9
 1130   23     0    -204      0    204  0.62126899E+00 -0.12837382E-02 0.3896E-12      9
 1131   23     0    -203      0    203  0.62435209E+00 -0.12314162E-02 0.2754E-12      7
 1132   23     0    -202      0    202  0.62726093E+00 -0.12093921E-02 0.8386E-13      8
 1133   23     0    -201      0    201  0.63027582E+00 -0.13110924E-02 0.2706E-12      7
 1134   23     0    -200      0    200  0.63352217E+00 -0.13740523E-02 0.5956E-12      8
 1135   23     0    -199      0    199  0.63676981E+00 -0.13273490E-02 0.3657E-12      8
 1136   23     0    -198      0    198  0.63980406E+00 -0.12679122E-02 0.2690E-12      7
 1137   23     0    -197      0    197  0.64287089E+00 -0.13696349E-02 0.9192E-12      8
 1138   23     0    -196      0    196  0.64623244E+00 -0.14671105E-02 0.2876E-12      8
 1139   23     0    -195      0    195  0.64967460E+00 -0.14398785E-02 0.5636E-12      8
 1140   23     0    -194      0    194  0.65288903E+00 -0.13301651E-02 0.7413E-12      8
 1141   23     0    -193      0    193  0.65597567E+00 -0.13992387E-02 0.2160E-12      9
 1142   23     0    -192      0    192  0.65940793E+00 -0.15474295E-02 0.3975E-12      9
 1143   23     0    -190      0    190  0.66654131E+00 -0.14465857E-02 0.3990E-12     11
 1144   23     0    -189      0    189  0.66970406E+00 -0.14109638E-02 0.3096E-12     10
 1145   23     0    -188      0    188  0.67310833E+00 -0.16002621E-02 0.4952E-12     11
 1146   23     0    -187      0    187  0.67687648E+00 -0.16931838E-02 0.3146E-12     11
 1147   23     0    -186      0    186  0.68064886E+00 -0.16238618E-02 0.6479E-12     10
 1148   23     0    -185      0    185  0.68408553E+00 -0.14946752E-02 0.3367E-12      9
 1149   23     0    -184      0    184  0.68746772E+00 -0.16242592E-02 0.5915E-12      9
 1150   23     0    -183      0    183  0.69127384E+00 -0.17755661E-02 0.5030E-12     10
 1151   23     0    -182      0    182  0.69523059E+00 -0.17575186E-02 0.5732E-12      9
 1152   23     0    -181      0    181  0.69895023E+00 -0.16058859E-02 0.4053E-12      8
 1153   23     0    -180      0    180  0.70242912E+00 -0.16329020E-02 0.9034E-12      9
 1154   23     0    -179      0    179  0.70627024E+00 -0.18011233E-02 0.4352E-12      9
 1155   23     0    -178      0    178  0.71039488E+00 -0.18220094E-02 0.4086E-12      9
 1156   23     0    -177      0    177  0.71441359E+00 -0.16824960E-02 0.8291E-12      7
 1157   23     0    -176      0    176  0.71811076E+00 -0.15988167E-02 0.1640E-12     10
 1158   23     0    -175      0    175  0.72199089E+00 -0.17352236E-02 0.9278E-12      9
 1159   23     0    -174      0    174  0.72625151E+00 -0.17895576E-02 0.5217E-12      9
 1160   23     0    -173      0    173  0.73052533E+00 -0.16779849E-02 0.1351E-11     10
 1161   23     0    -172      0    172  0.73447755E+00 -0.15400977E-02 0.4631E-12      9
 1162   23     0    -171      0    171  0.73845384E+00 -0.16362804E-02 0.2991E-12      9
 1163   23     0    -170      0    170  0.74287069E+00 -0.17259695E-02 0.3982E-12      9
 1164   23     0    -169      0    169  0.74742642E+00 -0.16571909E-02 0.2686E-12     10
 1165   23     0    -168      0    168  0.75170128E+00 -0.14886834E-02 0.2308E-12      9
 1166   23     0    -167      0    167  0.75578652E+00 -0.15134715E-02 0.3045E-12      8
 1167   23     0    -166      0    166  0.76030419E+00 -0.16329878E-02 0.1108E-12      9
 1168   23     0    -165      0    165  0.76510210E+00 -0.16065921E-02 0.5092E-12      9
 1169   23     0    -164      0    164  0.76970022E+00 -0.14391628E-02 0.1029E-11      8
 1170   23     0    -163      0    163  0.77395371E+00 -0.13930638E-02 0.6553E-12      8
 1171   23     0    -162      0    162  0.77857158E+00 -0.15262109E-02 0.8114E-12      9
 1172   23     0    -161      0    161  0.78362191E+00 -0.15427004E-02 0.5320E-12     11
 1173   23     0    -160      0    160  0.78860831E+00 -0.14025921E-02 0.2169E-12      9
 1174   23     0    -159      0    159  0.79313736E+00 -0.12708043E-02 0.4136E-12     12
 1175   23     0    -158      0    158  0.79779558E+00 -0.13839150E-02 0.3974E-12      9
 1176   23     0    -157      0    157  0.80303256E+00 -0.14485898E-02 0.6865E-12      9
 1177   23     0    -156      0    156  0.80838333E+00 -0.13564789E-02 0.2326E-12      9
 1178   23     0    -155      0    155  0.81329128E+00 -0.11851082E-02 0.2811E-12      9
 1179   23     0    -154      0    154  0.81803410E+00 -0.12448494E-02 0.1093E-11      9
 1180   23     0    -153      0    153  0.82342509E+00 -0.13542682E-02 0.6185E-12     10
 1181   23     0    -152      0    152  0.82914457E+00 -0.13178437E-02 0.2246E-12      9
 1182   23     0    -151      0    151  0.83454942E+00 -0.11491334E-02 0.9326E-12      9
 1183   23     0    -150      0    150  0.83946078E+00 -0.11132882E-02 0.2342E-12      7
 1184   23     0    -149      0    149  0.84489585E+00 -0.12533046E-02 0.6356E-12      8
 1185   23     0    -148      0    148  0.85089756E+00 -0.12712787E-02 0.5501E-12      9
 1186   23     0    -147      0    147  0.85678462E+00 -0.11451257E-02 0.2419E-12      7
 1187   23     0    -146      0    146  0.86206877E+00 -0.10378247E-02 0.1271E-12      8
 1188   23     0    -145      0    145  0.86757232E+00 -0.11604264E-02 0.1536E-11      9
 1189   23     0    -144      0    144  0.87380417E+00 -0.12216724E-02 0.9672E-12     10
 1190   23     0    -143      0    143  0.88013768E+00 -0.11406888E-02 0.7115E-12     10
 1191   23     0    -142      0    142  0.88590338E+00 -0.99836304E-03 0.4754E-12     10
 1192   23     0    -141      0    141  0.89153232E+00 -0.10696472E-02 0.4039E-12      8
 1193   23     0    -140      0    140  0.89794750E+00 -0.11645789E-02 0.1454E-11      9
 1194   23     0    -139      0    139  0.90469359E+00 -0.11243603E-02 0.1100E-11      8
 1195   23     0    -138      0    138  0.91099206E+00 -0.97955199E-03 0.7254E-12      8
 1196   23     0    -137      0    137  0.91685575E+00 -0.98989114E-03 0.7226E-12      8
 1197   23     0    -136      0    136  0.92345693E+00 -0.11088794E-02 0.1326E-11      8
 1198   23     0    -135      0    135  0.93063805E+00 -0.11093493E-02 0.1092E-11      8
 1199   23     0    -134      0    134  0.93755468E+00 -0.98074493E-03 0.4916E-12      9
 1200   23     0    -133      0    133  0.94374574E+00 -0.91637415E-03 0.1339E-11     10
 1201   23     0    -132      0    132  0.95044487E+00 -0.10508022E-02 0.1764E-11      9
 1202   23     0    -131      0    131  0.95800600E+00 -0.10970273E-02 0.1111E-11     10
 1203   23     0    -130      0    130  0.96556481E+00 -0.10098784E-02 0.6931E-12      9
 1204   23     0    -129      0    129  0.97233098E+00 -0.89172332E-03 0.5182E-12      9
 1205   23     0    -128      0    128  0.97915062E+00 -0.10007845E-02 0.7802E-12      9
 1206   23     0    -127      0    127  0.98700648E+00 -0.10907536E-02 0.9621E-12      9
 1207   23     0    -126      0    126  0.99515435E+00 -0.10466728E-02 0.8607E-12      9
 1208   23     0    -125      0    125  0.10026091E+01 -0.90753604E-03 0.1100E-11     10
 1209   23     0    -124      0    124  0.10096421E+01 -0.96321011E-03 0.1005E-11      9
 1210   23     0    -123      0    123  0.10177457E+01 -0.10943694E-02 0.6880E-12      9
 1211   23     0    -122      0    122  0.10264922E+01 -0.10972301E-02 0.4096E-12     10
 1212   23     0    -121      0    121  0.10348033E+01 -0.96626426E-03 0.1121E-12      9
 1213   23     0    -120      0    120  0.10422154E+01 -0.92896364E-03 0.1136E-11     10
 1214   23     0    -119      0    119  0.10504302E+01 -0.10920427E-02 0.1599E-11      8
 1215   23     0    -118      0    118  0.10597100E+01 -0.11493333E-02 0.1328E-11      9
 1216   23     0    -117      0    117  0.10689374E+01 -0.10617589E-02 0.1258E-11      9
 1217   23     0    -116      0    116  0.10770845E+01 -0.93767409E-03 0.8390E-12      8
 1218   23     0    -115      0    115  0.10853665E+01 -0.10913883E-02 0.1349E-11     10
 1219   23     0    -114      0    114  0.10950566E+01 -0.12166002E-02 0.1083E-11      9
 1220   23     0    -113      0    113  0.11051395E+01 -0.11902035E-02 0.1020E-11     10
 1221   23     0    -112      0    112  0.11143044E+01 -0.10295880E-02 0.1160E-11      8
 1222   23     0    -111      0    111  0.11227778E+01 -0.11108272E-02 0.9638E-12      8
 1223   23     0    -110      1    111  0.11327026E+01 -0.13152995E-02 0.9237E-12     10
 1224   23     0    -109      0    109  0.11435463E+01 -0.13628847E-02 0.5635E-12     10
 1225   23     0    -109      0    109  0.11539247E+01 -0.12286241E-02 0.6002E-13     11
 1226   23     0    -108      0    108  0.11629808E+01 -0.11587678E-02 0.1806E-11      9
 1227   23     0    -107      0    107  0.11728839E+01 -0.14111474E-02 0.1821E-11      9
 1228   23     0    -106      0    106  0.11843116E+01 -0.15396569E-02 0.1735E-11      9
 1229   23     0    -105      0    105  0.11958955E+01 -0.14719473E-02 0.3646E-12     12
 1230   23     0    -104      0    104  0.12061581E+01 -0.12576405E-02 0.8306E-12      8
 1231   23     0    -103      0    103  0.12159799E+01 -0.14233074E-02 0.5422E-12      9
 1232   23     0    -102      0    102  0.12277085E+01 -0.16395736E-02 0.8756E-12      9
 1233   23     0    -101      0    101  0.12403422E+01 -0.16378865E-02 0.9545E-12      9
 1234   23     0    -100      0    100  0.12522657E+01 -0.14051951E-02 0.7701E-12      9
 1235   23     0     -99      0     99  0.12625855E+01 -0.13034555E-02 0.1436E-11      8
 1236   23     0     -98      0     98  0.12741941E+01 -0.15410615E-02 0.1128E-11      8
 1237   23     0     -97      0     97  0.12876016E+01 -0.15685811E-02 0.3783E-12     10
 1238   23     0     -96      0     96  0.13011364E+01 -0.13790366E-02 0.5126E-12     10
 1239   23     0     -95      0     95  0.13130328E+01 -0.10801105E-02 0.4793E-12      9
 1240   23     0     -94      0     94  0.13245167E+01 -0.11477047E-02 0.1365E-11      8
 1241   23     0     -93      0     93  0.13383969E+01 -0.11945952E-02 0.1562E-11      9
 1242   23     0     -92      0     92  0.13533765E+01 -0.10622452E-02 0.1314E-11      8
 1243   23     0     -91      0     91  0.13674823E+01 -0.81142894E-03 0.1039E-11      8
 1244   23     0     -90      0     90  0.13796665E+01 -0.69427173E-03 0.1662E-11      8
 1245   23     0     -89      0     89  0.13935963E+01 -0.75721842E-03 0.3055E-11      9
 1246   23     0     -88      0     88  0.14097673E+01 -0.69967499E-03 0.8750E-12      8
 1247   23     0     -87      0     87  0.14260676E+01 -0.56196496E-03 0.1642E-11     10
 1248   23     0     -86      0     86  0.14402003E+01 -0.40881518E-03 0.1735E-11      9
 1249   23     0     -85      0     85  0.14540239E+01 -0.42751498E-03 0.6671E-11      9
 1250   23     0     -84      0     84  0.14710104E+01 -0.42352057E-03 0.1569E-11      8
 1251   23     0     -83      0     83  0.14892717E+01 -0.35800005E-03 0.2682E-11      9
 1252   23     0     -82      0     82  0.15061417E+01 -0.25695834E-03 0.4171E-11      9
 1253   23     0     -81      0     81  0.15205693E+01 -0.22455628E-03 0.9455E-12     10
 1254   23     0     -80      0     80  0.15378568E+01 -0.24335249E-03 0.1263E-11      8
 1255   23     0     -79      0     79  0.15578085E+01 -0.21665081E-03 0.2490E-11      9
 1256   23     0     -78      0     78  0.15774592E+01 -0.16516494E-03 0.5771E-11     10
 1257   23     0     -77      0     77  0.15938284E+01 -0.12114212E-03 0.5094E-11     10
 1258   23     0     -76      0     76  0.16111710E+01 -0.13631319E-03 0.1623E-10      8
 1259   23     0     -75      0     75  0.16325849E+01 -0.13116423E-03 0.1401E-10      9
 1260   23     0     -74      0     74  0.16548800E+01 -0.10842843E-03 0.7201E-11      9
 1261   23     0     -73      0     73  0.16743439E+01 -0.75913835E-04 0.2106E-10      8
 1262   23     0     -72      0     72  0.16919781E+01 -0.78518037E-04 0.5071E-10     10
 1263   23     0     -71      0     71  0.17143715E+01 -0.83516799E-04 0.1450E-10      8
  Time elapsed :      9.147 s

Mode Search
-----------

Mode parameters
   l : 24
   m : 0

Building frequency grid (REAL axis)
   added scan interval :  0.5233E+00 ->  0.2103E+01 (3000 points, INVERSE)

Building spatial grid
   Scaffold grid from model
   Split 262 subinterval(s) in iteration 1
   Split 53 subinterval(s) in iteration 2
   Split 0 subinterval(s) in iteration 3
   Final grid has 1 segment(s) and 7462 point(s):
      Segment 1 : x range 0.0000 -> 1.0011 (1 -> 7462)

Starting search (adiabatic)

Scanning frequencies
  Time elapsed :    35.593 s

Finding roots
  Time elapsed :     10.990 s

Processing modes
   id    l     m    n_pg    n_p    n_g       Re(omega)       Im(omega)        chi n_iter
 1308   24     0    -224      0    224  0.59055077E+00  0.00000000E+00 0.5628E-12      5
 1309   24     0    -223      0    223  0.59305864E+00  0.00000000E+00 0.3463E-12      6
 1310   24     0    -222      0    222  0.59572083E+00  0.00000000E+00 0.2551E-12      5
 1311   24     0    -221      0    221  0.59849310E+00  0.00000000E+00 0.7738E-13      6
 1312   24     0    -220      0    220  0.60119294E+00  0.00000000E+00 0.4451E-12      5
 1313   24     0    -219      0    219  0.60379221E+00  0.00000000E+00 0.2001E-12      5
 1314   24     0    -218      0    218  0.60650911E+00  0.00000000E+00 0.9812E-12      6
 1315   24     0    -217      0    217  0.60937785E+00  0.00000000E+00 0.2760E-12      5
 1316   24     0    -216      0    216  0.61220666E+00  0.00000000E+00 0.1046E-12      6
 1317   24     0    -215      0    215  0.61488970E+00  0.00000000E+00 0.9287E-12      5
 1318   24     0    -214      0    214  0.61765677E+00  0.00000000E+00 0.2069E-12      6
 1319   24     0    -213      0    213  0.62064016E+00  0.00000000E+00 0.1097E-12      5
 1320   24     0    -212      0    212  0.62366140E+00  0.00000000E+00 0.2824E-12      6
 1321   24     0    -211      0    211  0.62651545E+00  0.00000000E+00 0.1908E-12      6
 1322   24     0    -210      0    210  0.62930093E+00  0.00000000E+00 0.2570E-12      6
 1323   24     0    -209      0    209  0.63229979E+00  0.00000000E+00 0.8807E-13      5
 1324   24     0    -208      0    208  0.63543202E+00  0.00000000E+00 0.8138E-13      6
 1325   24     0    -207      0    207  0.63847278E+00  0.00000000E+00 0.3326E-12      5
 1326   24     0    -206      0    206  0.64140310E+00  0.00000000E+00 0.2266E-12      5
 1327   24     0    -205      0    205  0.64447433E+00  0.00000000E+00 0.3956E-12      6
 1328   24     0    -204      0    204  0.64770723E+00  0.00000000E+00 0.7153E-12      5
 1329   24     0    -203      0    203  0.65088919E+00  0.00000000E+00 0.7805E-12      6
 1330   24     0    -202      0    202  0.65393759E+00  0.00000000E+00 0.1119E-11      5
 1331   24     0    -201      0    201  0.65709723E+00  0.00000000E+00 0.1208E-12      6
 1332   24     0    -200      0    200  0.66045892E+00  0.00000000E+00 0.6600E-13      5
 1333   24     0    -199      0    199  0.66380925E+00  0.00000000E+00 0.3299E-12      5
 1334   24     0    -198      0    198  0.66698374E+00  0.00000000E+00 0.2215E-12      5
 1335   24     0    -197      0    197  0.67021353E+00  0.00000000E+00 0.4206E-13      5
 1336   24     0    -196      0    196  0.67370197E+00  0.00000000E+00 0.2961E-12      5
 1337   24     0    -195      0    195  0.67725116E+00  0.00000000E+00 0.7103E-12      6
 1338   24     0    -194      0    194  0.68059361E+00  0.00000000E+00 0.9629E-13      6
 1339   24     0    -193      0    193  0.68386498E+00  0.00000000E+00 0.1024E-13      6
 1340   24     0    -192      0    192  0.68743934E+00  0.00000000E+00 0.2094E-12      5
 1341   24     0    -191      0    191  0.69119705E+00  0.00000000E+00 0.3461E-12      6
 1342   24     0    -190      0    190  0.69480062E+00  0.00000000E+00 0.4877E-14      6
 1343   24     0    -189      0    189  0.69815453E+00  0.00000000E+00 0.6733E-13      6
 1344   24     0    -188      0    188  0.70173384E+00  0.00000000E+00 0.1410E-12      5
 1345   24     0    -187      0    187  0.70563866E+00  0.00000000E+00 0.1494E-12      5
 1346   24     0    -186      0    186  0.70953217E+00  0.00000000E+00 0.3236E-12      6
 1347   24     0    -185      0    185  0.71313552E+00  0.00000000E+00 0.1064E-12      5
 1348   24     0    -184      0    184  0.71673806E+00  0.00000000E+00 0.1265E-12      6
 1349   24     0    -183      0    183  0.72070849E+00  0.00000000E+00 0.6238E-12      5
 1350   24     0    -182      0    182  0.72480715E+00  0.00000000E+00 0.1147E-12      6
 1351   24     0    -181      0    181  0.72867731E+00  0.00000000E+00 0.1365E-12      6
 1352   24     0    -180      0    180  0.73239531E+00  0.00000000E+00 0.2521E-12      6
 1353   24     0    -179      0    179  0.73643788E+00  0.00000000E+00 0.1861E-12      6
 1354   24     0    -178      0    178  0.74072477E+00  0.00000000E+00 0.1399E-12      6
 1355   24     0    -177      0    177  0.74488295E+00  0.00000000E+00 0.5552E-12      6
 1356   24     0    -176      0    176  0.74879102E+00  0.00000000E+00 0.1301E-12      5
 1357   24     0    -175      0    175  0.75289801E+00  0.00000000E+00 0.3751E-12      6
 1358   24     0    -174      0    174  0.75733116E+00  0.00000000E+00 0.6757E-12      5
 1359   24     0    -173      0    173  0.76173872E+00  0.00000000E+00 0.2716E-12      6
 1360   24     0    -172      0    172  0.76586482E+00  0.00000000E+00 0.7763E-13      5
 1361   24     0    -171      0    171  0.77007529E+00  0.00000000E+00 0.1212E-12      6
 1362   24     0    -170      0    170  0.77467816E+00  0.00000000E+00 0.1091E-12      5
 1363   24     0    -169      0    169  0.77937572E+00  0.00000000E+00 0.1682E-12      6
 1364   24     0    -168      0    168  0.78379079E+00  0.00000000E+00 0.7219E-12      5
 1365   24     0    -167      0    167  0.78810234E+00  0.00000000E+00 0.2054E-12      6
 1366   24     0    -166      0    166  0.79282303E+00  0.00000000E+00 0.2607E-13      5
 1367   24     0    -165      0    165  0.79777695E+00  0.00000000E+00 0.3584E-13      6
 1368   24     0    -164      0    164  0.80250317E+00  0.00000000E+00 0.5147E-12      5
 1369   24     0    -163      0    163  0.80696344E+00  0.00000000E+00 0.7828E-13      6
 1370   24     0    -162      0    162  0.81179786E+00  0.00000000E+00 0.4229E-13      6
 1371   24     0    -161      0    161  0.81702075E+00  0.00000000E+00 0.2689E-13      5
 1372   24     0    -160      0    160  0.82214019E+00  0.00000000E+00 0.1921E-12      5
 1373   24     0    -159      0    159  0.82684030E+00  0.00000000E+00 0.7423E-12      5
 1374   24     0    -158      0    158  0.83171807E+00  0.00000000E+00 0.2461E-12      6
 1375   24     0    -157      0    157  0.83713922E+00  0.00000000E+00 0.1108E-12      5
 1376   24     0    -156      0    156  0.84264284E+00  0.00000000E+00 0.1357E-12      6
 1377   24     0    -155      0    155  0.84770664E+00  0.00000000E+00 0.2648E-12      5
 1378   24     0    -154      0    154  0.85266290E+00  0.00000000E+00 0.4365E-12      5
 1379   24     0    -153      0    153  0.85824685E+00  0.00000000E+00 0.2619E-12      5
 1380   24     0    -152      0    152  0.86414343E+00  0.00000000E+00 0.4033E-12      6
 1381   24     0    -151      0    151  0.86971339E+00  0.00000000E+00 0.2470E-12      5
 1382   24     0    -150      0    150  0.87482907E+00  0.00000000E+00 0.1122E-13      6
 1383   24     0    -149      0    149  0.88046093E+00  0.00000000E+00 0.7712E-13      6
 1384   24     0    -148      0    148  0.88665693E+00  0.00000000E+00 0.8615E-13      5
 1385   24     0    -147      0    147  0.89273841E+00  0.00000000E+00 0.5411E-12      5
 1386   24     0    -146      0    146  0.89823385E+00  0.00000000E+00 0.2928E-12      5
 1387   24     0    -145      0    145  0.90393579E+00  0.00000000E+00 0.2319E-12      5
 1388   24     0    -144      0    144  0.91036789E+00  0.00000000E+00 0.8163E-13      5
 1389   24     0    -143      0    143  0.91692049E+00  0.00000000E+00 0.1278E-13      6
 1390   24     0    -142      0    142  0.92291863E+00  0.00000000E+00 0.1613E-12      6
 1391   24     0    -141      0    141  0.92875389E+00  0.00000000E+00 0.1896E-13      6
 1392   24     0    -140      0    140  0.93536563E+00  0.00000000E+00 0.1365E-12      6
 1393   24     0    -139      0    139  0.94234616E+00  0.00000000E+00 0.3984E-13      6
 1394   24     0    -138      0    138  0.94890611E+00  0.00000000E+00 0.1673E-12      6
 1395   24     0    -137      0    137  0.95499802E+00  0.00000000E+00 0.9040E-13      6
 1396   24     0    -136      0    136  0.96178652E+00  0.00000000E+00 0.4026E-12      5
 1397   24     0    -135      0    135  0.96920710E+00  0.00000000E+00 0.3790E-13      6
 1398   24     0    -134      0    134  0.97641251E+00  0.00000000E+00 0.2372E-12      6
 1399   24     0    -133      0    133  0.98287521E+00  0.00000000E+00 0.1227E-12      6
 1400   24     0    -132      0    132  0.98975195E+00  0.00000000E+00 0.1155E-13      6
 1401   24     0    -131      0    131  0.99754482E+00  0.00000000E+00 0.1737E-12      5
 1402   24     0    -130      0    130  0.10054112E+01  0.00000000E+00 0.3547E-12      6
 1403   24     0    -129      0    129  0.10125062E+01  0.00000000E+00 0.1931E-12      5
 1404   24     0    -128      0    128  0.10195184E+01  0.00000000E+00 0.3739E-12      6
 1405   24     0    -127      0    127  0.10275836E+01  0.00000000E+00 0.1844E-12      5
 1406   24     0    -126      0    126  0.10360437E+01  0.00000000E+00 0.4252E-12      6
 1407   24     0    -125      0    125  0.10438785E+01  0.00000000E+00 0.2366E-12      5
 1408   24     0    -124      0    124  0.10511539E+01  0.00000000E+00 0.9936E-13      6
 1409   24     0    -123      0    123  0.10594353E+01  0.00000000E+00 0.1038E-12      6
 1410   24     0    -122      0    122  0.10684833E+01  0.00000000E+00 0.3278E-13      5
 1411   24     0    -121      0    121  0.10772084E+01  0.00000000E+00 0.3292E-12      6
 1412   24     0    -120      0    120  0.10849635E+01  0.00000000E+00 0.3168E-12      6
 1413   24     0    -119      0    119  0.10933247E+01  0.00000000E+00 0.1816E-12      6
 1414   24     0    -118      0    118  0.11028713E+01  0.00000000E+00 0.7008E-13      5
 1415   24     0    -117      0    117  0.11125159E+01  0.00000000E+00 0.2894E-12      6
 1416   24     0    -116      0    116  0.11211256E+01  0.00000000E+00 0.1311E-12      5
 1417   24     0    -115      0    115  0.11295741E+01  0.00000000E+00 0.7038E-13      6
 1418   24     0    -114      0    114  0.11394672E+01  0.00000000E+00 0.6870E-13      6
 1419   24     0    -113      0    113  0.11499441E+01  0.00000000E+00 0.6032E-13      6
 1420   24     0    -112      0    112  0.11596539E+01  0.00000000E+00 0.2443E-12      6
 1421   24     0    -111      0    111  0.11684127E+01  0.00000000E+00 0.7460E-13      6
 1422   24     0    -110      0    110  0.11784584E+01  0.00000000E+00 0.6648E-13      6
 1423   24     0    -109      0    109  0.11896470E+01  0.00000000E+00 0.1122E-12      6
 1424   24     0    -108      0    108  0.12005836E+01  0.00000000E+00 0.2431E-12      6
 1425   24     0    -107      0    107  0.12101483E+01  0.00000000E+00 0.1128E-12      5
 1426   24     0    -106      0    106  0.12201389E+01  0.00000000E+00 0.2131E-12      5
 1427   24     0    -105      0    105  0.12318266E+01  0.00000000E+00 0.4094E-12      5
 1428   24     0    -104      0    104  0.12439257E+01  0.00000000E+00 0.1467E-13      6
 1429   24     0    -103      0    103  0.12548856E+01  0.00000000E+00 0.3516E-12      6
 1430   24     0    -102      0    102  0.12649476E+01  0.00000000E+00 0.9319E-13      6
 1431   24     0    -101      0    101  0.12768051E+01  0.00000000E+00 0.2634E-12      5
 1432   24     0    -100      0    100  0.12898774E+01  0.00000000E+00 0.2468E-12      6
 1433   24     0     -99      0     99  0.13025182E+01  0.00000000E+00 0.2383E-13      6
 1434   24     0     -98      0     98  0.13134300E+01  0.00000000E+00 0.1285E-12      6
 1435   24     0     -97      0     97  0.13250780E+01  0.00000000E+00 0.2481E-12      6
 1436   24     0     -96      0     96  0.13387969E+01  0.00000000E+00 0.2994E-12      5
 1437   24     0     -95      0     95  0.13529592E+01  0.00000000E+00 0.4530E-13      6
 1438   24     0     -94      0     94  0.13657001E+01  0.00000000E+00 0.3317E-14      6
 1439   24     0     -93      0     93  0.13773928E+01  0.00000000E+00 0.3712E-13      6
 1440   24     0     -92      0     92  0.13913851E+01  0.00000000E+00 0.1323E-12      6
 1441   24     0     -91      0     91  0.14068651E+01  0.00000000E+00 0.1332E-12      6
 1442   24     0     -90      0     90  0.14218301E+01  0.00000000E+00 0.8679E-13      6
 1443   24     0     -89      0     89  0.14346577E+01  0.00000000E+00 0.1606E-12      5
 1444   24     0     -88      0     88  0.14485442E+01  0.00000000E+00 0.7533E-15      6
 1445   24     0     -87      0     87  0.14650503E+01  0.00000000E+00 0.4362E-12      5
 1446   24     0     -86      0     86  0.14820988E+01  0.00000000E+00 0.8532E-13      6
 1447   24     0     -85      0     85  0.14972609E+01  0.00000000E+00 0.4929E-13      5
 1448   24     0     -84      0     84  0.15111981E+01  0.00000000E+00 0.2028E-13      6
 1449   24     0     -83      0     83  0.15282769E+01  0.00000000E+00 0.1489E-13      6
 1450   24     0     -82      0     82  0.15471461E+01  0.00000000E+00 0.1664E-14      5
 1451   24     0     -81      0     81  0.15651221E+01  0.00000000E+00 0.3172E-12      6
 1452   24     0     -80      0     80  0.15801928E+01  0.00000000E+00 0.1506E-12      6
 1453   24     0     -79      0     79  0.15973245E+01  0.00000000E+00 0.7692E-13      6
 1454   24     0     -78      0     78  0.16177183E+01  0.00000000E+00 0.3445E-13      5
 1455   24     0     -77      0     77  0.16383650E+01  0.00000000E+00 0.1050E-12      6
 1456   24     0     -76      0     76  0.16559110E+01  0.00000000E+00 0.1710E-12      5
 1457   24     0     -75      0     75  0.16730919E+01  0.00000000E+00 0.1294E-12      6
 1458   24     0     -74      0     74  0.16947007E+01  0.00000000E+00 0.1723E-12      6
  Time elapsed :      3.183 s

Starting search (non-adiabatic)

Finding roots
  Time elapsed :    213.707 s

Processing modes
   id    l     m    n_pg    n_p    n_g       Re(omega)       Im(omega)        chi n_iter
 1308   24     0    -224      1    225  0.59008949E+00 -0.97392013E-03 0.1654E-12      8
 1309   24     0    -223      1    224  0.59258013E+00 -0.98047650E-03 0.5409E-12      7
 1310   24     0    -222      1    223  0.59522315E+00 -0.10561042E-02 0.2724E-12      7
 1311   24     0    -221      1    222  0.59801851E+00 -0.10765472E-02 0.6594E-12      7
 1312   24     0    -220      1    221  0.60076210E+00 -0.10245189E-02 0.3538E-12      9
 1313   24     0    -219      1    220  0.60335775E+00 -0.10029951E-02 0.5763E-12      8
 1314   24     0    -218      1    219  0.60604922E+00 -0.10780703E-02 0.4157E-12      8
 1315   24     0    -217      1    218  0.60893296E+00 -0.11188537E-02 0.6960E-12      8
 1316   24     0    -216      1    217  0.61180789E+00 -0.10725107E-02 0.3694E-12      9
 1317   24     0    -215      1    216  0.61449877E+00 -0.10237934E-02 0.2316E-12      9
 1318   24     0    -214      1    215  0.61723103E+00 -0.11036551E-02 0.6131E-12      9
 1319   24     0    -213      0    213  0.62021776E+00 -0.11774647E-02 0.4432E-12      9
 1320   24     0    -212      0    212  0.62327938E+00 -0.11588378E-02 0.1539E-12      8
 1321   24     0    -211      0    211  0.62616973E+00 -0.10757451E-02 0.7784E-12     10
 1322   24     0    -210      0    210  0.62892414E+00 -0.11028357E-02 0.4630E-12      8
 1323   24     0    -209      0    209  0.63191002E+00 -0.12065695E-02 0.7396E-12      9
 1324   24     0    -208      0    208  0.63506937E+00 -0.12281682E-02 0.4153E-12      8
 1325   24     0    -207      0    207  0.63814590E+00 -0.11676423E-02 0.3958E-12      7
 1326   24     0    -206      0    206  0.64106073E+00 -0.11591154E-02 0.5468E-12      7
 1327   24     0    -205      0    205  0.64411177E+00 -0.12539533E-02 0.3317E-12      7
 1328   24     0    -204      0    204  0.64736332E+00 -0.12973260E-02 0.5949E-12      7
 1329   24     0    -203      0    203  0.65058008E+00 -0.12474323E-02 0.7166E-12      8
 1330   24     0    -202      0    202  0.65361685E+00 -0.12195876E-02 0.2563E-12      9
 1331   24     0    -201      0    201  0.65674662E+00 -0.13179362E-02 0.3097E-12      8
 1332   24     0    -200      0    200  0.66011892E+00 -0.13847218E-02 0.2507E-12      9
 1333   24     0    -199      0    199  0.66350577E+00 -0.13419234E-02 0.9489E-12      7
 1334   24     0    -198      0    198  0.66667758E+00 -0.12776591E-02 0.5050E-12      9
 1335   24     0    -197      0    197  0.66986282E+00 -0.13729699E-02 0.7195E-12      8
 1336   24     0    -196      0    196  0.67335133E+00 -0.14743792E-02 0.5054E-12      9
 1337   24     0    -195      0    195  0.67693766E+00 -0.14528387E-02 0.8638E-12      9
 1338   24     0    -194      0    194  0.68030157E+00 -0.13421127E-02 0.7121E-12      8
 1339   24     0    -193      0    193  0.68351371E+00 -0.14001389E-02 0.4519E-12      8
 1340   24     0    -192      0    192  0.68707039E+00 -0.15514436E-02 0.8018E-13     10
 1341   24     0    -191      0    191  0.69085700E+00 -0.15801554E-02 0.3324E-12     10
 1342   24     0    -190      0    190  0.69450984E+00 -0.14626817E-02 0.1238E-11      9
 1343   24     0    -189      0    189  0.69781601E+00 -0.14147270E-02 0.4292E-12      9
 1344   24     0    -188      0    188  0.70134062E+00 -0.16019512E-02 0.1190E-11      9
 1345   24     0    -187      0    187  0.70525408E+00 -0.17032690E-02 0.1401E-12      7
 1346   24     0    -186      0    186  0.70919072E+00 -0.16418561E-02 0.1508E-11      9
 1347   24     0    -185      0    185  0.71279131E+00 -0.15079940E-02 0.1149E-11      8
 1348   24     0    -184      0    184  0.71630267E+00 -0.16275306E-02 0.7765E-12     10
 1349   24     0    -183      0    183  0.72024840E+00 -0.17881790E-02 0.4231E-12      8
 1350   24     0    -181      0    181  0.72826382E+00 -0.16320701E-02 0.7052E-12     13
 1351   24     0    -180      0    180  0.73188803E+00 -0.16473849E-02 0.7658E-12      9
 1352   24     0    -179      0    179  0.73586521E+00 -0.18234307E-02 0.7664E-12      9
 1353   24     0    -178      0    178  0.74015346E+00 -0.18571938E-02 0.1091E-11     10
 1354   24     0    -177      0    177  0.74435093E+00 -0.17247733E-02 0.7171E-12      9
 1355   24     0    -176      0    176  0.74821046E+00 -0.16309377E-02 0.5287E-12     10
 1356   24     0    -175      0    175  0.75222593E+00 -0.17690401E-02 0.4091E-12     10
 1357   24     0    -174      0    174  0.75664598E+00 -0.18363754E-02 0.9666E-12      8
 1358   24     0    -173      0    173  0.76110198E+00 -0.17328935E-02 0.8849E-12     13
 1359   24     0    -172      0    172  0.76523233E+00 -0.15863781E-02 0.3620E-12      9
 1360   24     0    -171      0    171  0.76935004E+00 -0.16768558E-02 0.5821E-12     10
 1361   24     0    -170      0    170  0.77392374E+00 -0.17782580E-02 0.1652E-11      9
 1362   24     0    -169      0    169  0.77866584E+00 -0.17181381E-02 0.1001E-11     10
 1363   24     0    -168      0    168  0.78313637E+00 -0.15446344E-02 0.1044E-11      9
 1364   24     0    -167      0    167  0.78737692E+00 -0.15551187E-02 0.4294E-12     10
 1365   24     0    -166      0    166  0.79204602E+00 -0.16834091E-02 0.6807E-12     10
 1366   24     0    -165      0    165  0.79703203E+00 -0.16666702E-02 0.1105E-11      9
 1367   24     0    -164      0    164  0.80184006E+00 -0.14986829E-02 0.3936E-12     10
 1368   24     0    -163      0    163  0.80627022E+00 -0.14336138E-02 0.4193E-12      8
 1369   24     0    -162      0    162  0.81103652E+00 -0.15700061E-02 0.5098E-12      8
 1370   24     0    -161      0    161  0.81627501E+00 -0.15966745E-02 0.6421E-12      8
 1371   24     0    -160      0    160  0.82148225E+00 -0.14603731E-02 0.2855E-12      9
 1372   24     0    -159      0    159  0.82621902E+00 -0.13113002E-02 0.7131E-12      9
 1373   24     0    -158      0    158  0.83102734E+00 -0.14177322E-02 0.1634E-12      8
 1374   24     0    -157      0    157  0.83644611E+00 -0.14935482E-02 0.2937E-12     10
 1375   24     0    -156      0    156  0.84202301E+00 -0.14084079E-02 0.2562E-12      9
 1376   24     0    -155      0    155  0.84716800E+00 -0.12274078E-02 0.5100E-12     10
 1377   24     0    -154      0    154  0.85207728E+00 -0.12703000E-02 0.8662E-12     10
 1378   24     0    -153      0    153  0.85763997E+00 -0.13897089E-02 0.8764E-12      9
 1379   24     0    -152      0    152  0.86358631E+00 -0.13622096E-02 0.3161E-13     10
 1380   24     0    -151      0    151  0.86925070E+00 -0.11935044E-02 0.1668E-12      9
 1381   24     0    -150      0    150  0.87436514E+00 -0.11350157E-02 0.1150E-11     10
 1382   24     0    -149      0    149  0.87995855E+00 -0.12792752E-02 0.5634E-12      9
 1383   24     0    -148      0    148  0.88618125E+00 -0.13080740E-02 0.2666E-12      8
 1384   24     0    -147      0    147  0.89233825E+00 -0.11872866E-02 0.5219E-12      9
 1385   24     0    -146      0    146  0.89786953E+00 -0.10614723E-02 0.2060E-12      9
 1386   24     0    -145      0    145  0.90353423E+00 -0.11776009E-02 0.2027E-12     10
 1387   24     0    -144      0    144  0.90997628E+00 -0.12502405E-02 0.9982E-12      8
 1388   24     0    -143      0    143  0.91658311E+00 -0.11771379E-02 0.7350E-12      9
 1389   24     0    -142      0    142  0.92263384E+00 -0.10250322E-02 0.4373E-12      8
 1390   24     0    -141      0    141  0.92844638E+00 -0.10796648E-02 0.5761E-12      9
 1391   24     0    -140      0    140  0.93505773E+00 -0.11844633E-02 0.1332E-11      8
 1392   24     0    -139      0    139  0.94207678E+00 -0.11537423E-02 0.1406E-11     10
 1393   24     0    -138      0    138  0.94868969E+00 -0.10077975E-02 0.9829E-12      8
 1394   24     0    -137      0    137  0.95477653E+00 -0.99577849E-03 0.5612E-12      8
 1395   24     0    -136      0    136  0.96156014E+00 -0.11202069E-02 0.8530E-12      9
 1396   24     0    -135      0    135  0.96900885E+00 -0.11314139E-02 0.7448E-12      8
 1397   24     0    -134      0    134  0.97626111E+00 -0.10095066E-02 0.1218E-11      8
 1398   24     0    -133      0    133  0.98273468E+00 -0.92301671E-03 0.7892E-12      8
 1399   24     0    -132      0    132  0.98960417E+00 -0.10543283E-02 0.1433E-11      8
 1400   24     0    -131      0    131  0.99741872E+00 -0.11128262E-02 0.1284E-11      9
 1401   24     0    -130      0    130  0.10053207E+01 -0.10362051E-02 0.3123E-12      9
 1402   24     0    -129      0    129  0.10124348E+01 -0.90466243E-03 0.6429E-12      9
 1403   24     0    -128      0    128  0.10194411E+01 -0.99749147E-03 0.2624E-11      7
 1404   24     0    -127      0    127  0.10275254E+01 -0.10997249E-02 0.2507E-11     11
 1405   24     0    -126      0    126  0.10360135E+01 -0.10681038E-02 0.7044E-12     11
 1406   24     0    -125      0    125  0.10438677E+01 -0.92722540E-03 0.6381E-12     10
 1407   24     0    -124      0    124  0.10511380E+01 -0.95550508E-03 0.5418E-12      8
 1408   24     0    -123      0    123  0.10594391E+01 -0.10952854E-02 0.1439E-11      9
 1409   24     0    -122      0    122  0.10685127E+01 -0.11114960E-02 0.2135E-11      9
 1410   24     0    -121      0    121  0.10772562E+01 -0.99059761E-03 0.3357E-12      9
 1411   24     0    -120      0    120  0.10850048E+01 -0.92261529E-03 0.2118E-11      9
 1412   24     0    -119      0    119  0.10933856E+01 -0.10829823E-02 0.7688E-12      8
 1413   24     0    -118      0    118  0.11029628E+01 -0.11560218E-02 0.4558E-12      9
 1414   24     0    -117      0    117  0.11126268E+01 -0.10854463E-02 0.1238E-11      9
 1415   24     0    -116      0    116  0.11212287E+01 -0.94398053E-03 0.4375E-12      9
 1416   24     0    -115      0    115  0.11296898E+01 -0.10735767E-02 0.1175E-11      8
 1417   24     0    -114      0    114  0.11396244E+01 -0.12169334E-02 0.1682E-11      9
 1418   24     0    -113      0    113  0.11501258E+01 -0.12107149E-02 0.7897E-12      9
 1419   24     0    -112      0    112  0.11598289E+01 -0.10550264E-02 0.4853E-12      8
 1420   24     0    -111      0    111  0.11685800E+01 -0.10903355E-02 0.1796E-11     10
 1421   24     0    -110      0    110  0.11786769E+01 -0.13085661E-02 0.7042E-13      9
 1422   24     0    -111      0    111  0.11898982E+01 -0.13785834E-02 0.2299E-11      9
 1423   24     0    -108      0    108  0.12008336E+01 -0.12680342E-02 0.8876E-12      9
 1424   24     0    -108      0    108  0.12103616E+01 -0.11521785E-02 0.3806E-12     10
 1425   24     0    -107      0    107  0.12203885E+01 -0.13912746E-02 0.1279E-11     10
 1426   24     0    -106      0    106  0.12321180E+01 -0.15478961E-02 0.5420E-12     10
 1427   24     0    -105      0    105  0.12442205E+01 -0.15112192E-02 0.2862E-12      9
 1428   24     0    -104      0    104  0.12551356E+01 -0.12907408E-02 0.1226E-11      9
 1429   24     0    -103      0    103  0.12651779E+01 -0.13941429E-02 0.1158E-11      9
 1430   24     0    -102      0    102  0.12770791E+01 -0.16423798E-02 0.1673E-11     11
 1431   24     0    -101      0    101  0.12901546E+01 -0.16743898E-02 0.2037E-12     10
 1432   24     0    -100      0    100  0.13027615E+01 -0.14734242E-02 0.7756E-12     10
 1433   24     0     -99      0     99  0.13136074E+01 -0.12978278E-02 0.5066E-12      9
 1434   24     0     -98      0     98  0.13252663E+01 -0.15307455E-02 0.3617E-12     10
 1435   24     0     -97      0     97  0.13389912E+01 -0.15929393E-02 0.2045E-11      9
 1436   24     0     -96      0     96  0.13531327E+01 -0.14309530E-02 0.8691E-12      9
 1437   24     0     -95      0     95  0.13658306E+01 -0.11127180E-02 0.5755E-12      9
 1438   24     0     -94      0     94  0.13775044E+01 -0.11157745E-02 0.1199E-11      9
 1439   24     0     -93      0     93  0.13915186E+01 -0.11919273E-02 0.7400E-12      9
 1440   24     0     -92      0     92  0.14070002E+01 -0.10798991E-02 0.8984E-12      8
 1441   24     0     -91      0     91  0.14219488E+01 -0.84442549E-03 0.1051E-11      8
 1442   24     0     -90      0     90  0.14347535E+01 -0.67557493E-03 0.7493E-12      9
 1443   24     0     -89      0     89  0.14486591E+01 -0.73780045E-03 0.4356E-11     10
 1444   24     0     -88      0     88  0.14651744E+01 -0.69831584E-03 0.2073E-11      9
 1445   24     0     -87      0     87  0.14822131E+01 -0.57388091E-03 0.1485E-11      8
 1446   24     0     -86      0     86  0.14973494E+01 -0.41143296E-03 0.6615E-12      9
 1447   24     0     -85      0     85  0.15112891E+01 -0.40406796E-03 0.6233E-11      8
 1448   24     0     -84      0     84  0.15283792E+01 -0.41376556E-03 0.5294E-11      9
 1449   24     0     -83      0     83  0.15472419E+01 -0.35701277E-03 0.3302E-11     10
 1450   24     0     -82      0     82  0.15651978E+01 -0.26298078E-03 0.8830E-12     10
 1451   24     0     -81      0     81  0.15802554E+01 -0.21006926E-03 0.1459E-11      9
 1452   24     0     -80      0     80  0.15973975E+01 -0.23190234E-03 0.1579E-11      9
 1453   24     0     -79      0     79  0.16177889E+01 -0.21188236E-03 0.2255E-11      9
 1454   24     0     -78      0     78  0.16384233E+01 -0.16670077E-03 0.7673E-11      8
 1455   24     0     -77      0     77  0.16559533E+01 -0.11710107E-03 0.1127E-10      8
 1456   24     0     -76      0     76  0.16731393E+01 -0.12738102E-03 0.2657E-10      9
 1457   24     0     -75      0     75  0.16947500E+01 -0.12762407E-03 0.3089E-10     10
 1458   24     0     -74      0     74  0.17178611E+01 -0.10866916E-03 0.2168E-10     11
  Time elapsed :      9.283 s

Mode Search
-----------

Mode parameters
   l : 25
   m : 0

Building frequency grid (REAL axis)
   added scan interval :  0.5233E+00 ->  0.2103E+01 (3000 points, INVERSE)

Building spatial grid
   Scaffold grid from model
   Split 264 subinterval(s) in iteration 1
   Split 83 subinterval(s) in iteration 2
   Split 9 subinterval(s) in iteration 3
   Split 0 subinterval(s) in iteration 4
   Final grid has 1 segment(s) and 7503 point(s):
      Segment 1 : x range 0.0000 -> 1.0011 (1 -> 7503)

Starting search (adiabatic)

Scanning frequencies
  Time elapsed :    35.868 s

Finding roots
  Time elapsed :     11.475 s

Processing modes
   id    l     m    n_pg    n_p    n_g       Re(omega)       Im(omega)        chi n_iter
 1505   25     0    -233      0    233  0.59092143E+00  0.00000000E+00 0.1888E-12      5
 1506   25     0    -232      0    232  0.59334252E+00  0.00000000E+00 0.3141E-12      5
 1507   25     0    -231      0    231  0.59584949E+00  0.00000000E+00 0.4947E-12      5
 1508   25     0    -230      0    230  0.59850503E+00  0.00000000E+00 0.4703E-12      5
 1509   25     0    -229      0    229  0.60116295E+00  0.00000000E+00 0.1086E-12      5
 1510   25     0    -228      0    228  0.60369306E+00  0.00000000E+00 0.9144E-12      5
 1511   25     0    -227      0    227  0.60622330E+00  0.00000000E+00 0.1727E-12      5
 1512   25     0    -226      0    226  0.60892652E+00  0.00000000E+00 0.3498E-12      5
 1513   25     0    -225      0    225  0.61169967E+00  0.00000000E+00 0.9221E-13      5
 1514   25     0    -224      0    224  0.61436816E+00  0.00000000E+00 0.4252E-12      5
 1515   25     0    -223      0    223  0.61697237E+00  0.00000000E+00 0.1374E-12      5
 1516   25     0    -222      0    222  0.61973054E+00  0.00000000E+00 0.2025E-12      5
 1517   25     0    -221      0    221  0.62261195E+00  0.00000000E+00 0.1284E-12      5
 1518   25     0    -220      0    220  0.62542681E+00  0.00000000E+00 0.4406E-13      5
 1519   25     0    -219      0    219  0.62812955E+00  0.00000000E+00 0.1502E-12      5
 1520   25     0    -218      0    218  0.63094313E+00  0.00000000E+00 0.2968E-13      5
 1521   25     0    -217      0    217  0.63392166E+00  0.00000000E+00 0.1728E-12      5
 1522   25     0    -216      0    216  0.63687103E+00  0.00000000E+00 0.2864E-12      6
 1523   25     0    -215      0    215  0.63966585E+00  0.00000000E+00 0.1360E-12      5
 1524   25     0    -214      0    214  0.64253038E+00  0.00000000E+00 0.3334E-12      6
 1525   25     0    -213      0    213  0.64562295E+00  0.00000000E+00 0.2858E-13      5
 1526   25     0    -212      0    212  0.64876888E+00  0.00000000E+00 0.8737E-13      5
 1527   25     0    -211      0    211  0.65174776E+00  0.00000000E+00 0.4031E-12      6
 1528   25     0    -210      0    210  0.65463705E+00  0.00000000E+00 0.2226E-12      6
 1529   25     0    -209      0    209  0.65774054E+00  0.00000000E+00 0.7605E-12      5
 1530   25     0    -208      0    208  0.66099653E+00  0.00000000E+00 0.2531E-12      6
 1531   25     0    -207      0    207  0.66416895E+00  0.00000000E+00 0.3708E-13      6
 1532   25     0    -206      0    206  0.66721566E+00  0.00000000E+00 0.2020E-12      5
 1533   25     0    -205      0    205  0.67039422E+00  0.00000000E+00 0.3251E-12      5
 1534   25     0    -204      0    204  0.67375032E+00  0.00000000E+00 0.1156E-11      5
 1535   25     0    -203      0    203  0.67706800E+00  0.00000000E+00 0.9690E-13      6
 1536   25     0    -202      0    202  0.68024136E+00  0.00000000E+00 0.6190E-13      5
 1537   25     0    -201      0    201  0.68351156E+00  0.00000000E+00 0.3196E-12      6
 1538   25     0    -200      0    200  0.68699763E+00  0.00000000E+00 0.2969E-12      5
 1539   25     0    -199      0    199  0.69048919E+00  0.00000000E+00 0.7846E-13      6
 1540   25     0    -198      0    198  0.69379894E+00  0.00000000E+00 0.1742E-12      5
 1541   25     0    -197      0    197  0.69714180E+00  0.00000000E+00 0.1259E-12      6
 1542   25     0    -196      0    196  0.70075377E+00  0.00000000E+00 0.6704E-13      5
 1543   25     0    -195      0    195  0.70444877E+00  0.00000000E+00 0.6506E-12      6
 1544   25     0    -194      0    194  0.70794059E+00  0.00000000E+00 0.5929E-12      5
 1545   25     0    -193      0    193  0.71133094E+00  0.00000000E+00 0.1775E-12      6
 1546   25     0    -192      0    192  0.71502397E+00  0.00000000E+00 0.2244E-12      6
 1547   25     0    -191      0    191  0.71892792E+00  0.00000000E+00 0.5682E-13      6
 1548   25     0    -190      0    190  0.72269435E+00  0.00000000E+00 0.4529E-13      6
 1549   25     0    -189      0    189  0.72618583E+00  0.00000000E+00 0.3304E-12      6
 1550   25     0    -188      0    188  0.72987784E+00  0.00000000E+00 0.1906E-13      6
 1551   25     0    -187      0    187  0.73392337E+00  0.00000000E+00 0.1854E-12      5
 1552   25     0    -186      0    186  0.73798430E+00  0.00000000E+00 0.1116E-12      6
 1553   25     0    -185      0    185  0.74175020E+00  0.00000000E+00 0.6549E-12      5
 1554   25     0    -184      0    184  0.74547344E+00  0.00000000E+00 0.2477E-12      6
 1555   25     0    -183      0    183  0.74957549E+00  0.00000000E+00 0.2263E-12      5
 1556   25     0    -182      0    182  0.75383949E+00  0.00000000E+00 0.3542E-12      6
 1557   25     0    -181      0    181  0.75788646E+00  0.00000000E+00 0.1970E-12      6
 1558   25     0    -180      0    180  0.76174349E+00  0.00000000E+00 0.4775E-13      6
 1559   25     0    -179      0    179  0.76591425E+00  0.00000000E+00 0.7100E-14      6
 1560   25     0    -178      0    178  0.77036323E+00  0.00000000E+00 0.1283E-12      6
 1561   25     0    -177      0    177  0.77470597E+00  0.00000000E+00 0.1781E-12      6
 1562   25     0    -176      0    176  0.77877518E+00  0.00000000E+00 0.1121E-11      5
 1563   25     0    -175      0    175  0.78301282E+00  0.00000000E+00 0.1344E-12      5
 1564   25     0    -174      0    174  0.78760383E+00  0.00000000E+00 0.7237E-13      5
 1565   25     0    -173      0    173  0.79219996E+00  0.00000000E+00 0.1238E-12      5
 1566   25     0    -172      0    172  0.79650580E+00  0.00000000E+00 0.9730E-13      5
 1567   25     0    -171      0    171  0.80085431E+00  0.00000000E+00 0.1821E-12      6
 1568   25     0    -170      0    170  0.80561204E+00  0.00000000E+00 0.8874E-13      5
 1569   25     0    -169      0    169  0.81050139E+00  0.00000000E+00 0.2515E-13      6
 1570   25     0    -168      0    168  0.81511644E+00  0.00000000E+00 0.2092E-12      6
 1571   25     0    -167      0    167  0.81957946E+00  0.00000000E+00 0.9486E-13      5
 1572   25     0    -166      0    166  0.82444826E+00  0.00000000E+00 0.1475E-12      5
 1573   25     0    -165      0    165  0.82959345E+00  0.00000000E+00 0.3424E-12      5
 1574   25     0    -164      0    164  0.83453612E+00  0.00000000E+00 0.1561E-13      6
 1575   25     0    -163      0    163  0.83916913E+00  0.00000000E+00 0.3329E-12      6
 1576   25     0    -162      0    162  0.84414620E+00  0.00000000E+00 0.2022E-13      6
 1577   25     0    -161      0    161  0.84955645E+00  0.00000000E+00 0.1107E-12      5
 1578   25     0    -160      0    160  0.85490373E+00  0.00000000E+00 0.1305E-12      6
 1579   25     0    -159      0    159  0.85981128E+00  0.00000000E+00 0.8691E-13      5
 1580   25     0    -158      0    158  0.86483150E+00  0.00000000E+00 0.4261E-12      6
 1581   25     0    -157      0    157  0.87042897E+00  0.00000000E+00 0.8133E-13      5
 1582   25     0    -156      0    156  0.87616290E+00  0.00000000E+00 0.1566E-12      6
 1583   25     0    -155      0    155  0.88146858E+00  0.00000000E+00 0.1112E-12      6
 1584   25     0    -154      0    154  0.88658494E+00  0.00000000E+00 0.1082E-12      6
 1585   25     0    -153      0    153  0.89233093E+00  0.00000000E+00 0.1991E-13      5
 1586   25     0    -152      0    152  0.89845341E+00  0.00000000E+00 0.4370E-12      5
 1587   25     0    -151      0    151  0.90429028E+00  0.00000000E+00 0.1512E-12      5
 1588   25     0    -150      0    150  0.90960868E+00  0.00000000E+00 0.1752E-12      6
 1589   25     0    -149      0    149  0.91538728E+00  0.00000000E+00 0.2677E-12      5
 1590   25     0    -148      0    148  0.92179773E+00  0.00000000E+00 0.4203E-12      5
 1591   25     0    -147      0    147  0.92815407E+00  0.00000000E+00 0.8582E-13      6
 1592   25     0    -146      0    146  0.93390259E+00  0.00000000E+00 0.2694E-12      5
 1593   25     0    -145      0    145  0.93975650E+00  0.00000000E+00 0.9695E-14      6
 1594   25     0    -144      0    144  0.94638690E+00  0.00000000E+00 0.1842E-13      5
 1595   25     0    -143      0    143  0.95321299E+00  0.00000000E+00 0.2725E-12      6
 1596   25     0    -142      0    142  0.95950513E+00  0.00000000E+00 0.7522E-13      5
 1597   25     0    -141      0    141  0.96552155E+00  0.00000000E+00 0.1562E-12      6
 1598   25     0    -140      0    140  0.97231350E+00  0.00000000E+00 0.2975E-13      6
 1599   25     0    -139      0    139  0.97956157E+00  0.00000000E+00 0.2926E-12      6
 1600   25     0    -138      0    138  0.98644397E+00  0.00000000E+00 0.1459E-12      6
 1601   25     0    -137      0    137  0.99276562E+00  0.00000000E+00 0.2237E-12      6
 1602   25     0    -136      0    136  0.99971923E+00  0.00000000E+00 0.2820E-12      6
 1603   25     0    -135      0    135  0.10073955E+01  0.00000000E+00 0.1239E-12      6
 1604   25     0    -134      0    134  0.10149400E+01  0.00000000E+00 0.1574E-12      6
 1605   25     0    -133      0    133  0.10217008E+01  0.00000000E+00 0.6225E-12      6
 1606   25     0    -132      0    132  0.10287347E+01  0.00000000E+00 0.2369E-12      6
 1607   25     0    -131      0    131  0.10367616E+01  0.00000000E+00 0.2490E-12      5
 1608   25     0    -130      0    130  0.10449677E+01  0.00000000E+00 0.2442E-12      5
 1609   25     0    -129      0    129  0.10524282E+01  0.00000000E+00 0.1202E-12      6
 1610   25     0    -128      0    128  0.10596275E+01  0.00000000E+00 0.1774E-12      6
 1611   25     0    -127      0    127  0.10678947E+01  0.00000000E+00 0.4160E-12      5
 1612   25     0    -126      0    126  0.10766838E+01  0.00000000E+00 0.1812E-12      6
 1613   25     0    -125      0    125  0.10849302E+01  0.00000000E+00 0.1163E-12      6
 1614   25     0    -124      0    124  0.10924611E+01  0.00000000E+00 0.3853E-13      6
 1615   25     0    -123      0    123  0.11009101E+01  0.00000000E+00 0.9795E-13      6
 1616   25     0    -122      0    122  0.11102644E+01  0.00000000E+00 0.3606E-12      6
 1617   25     0    -121      0    121  0.11194231E+01  0.00000000E+00 0.2380E-12      5
 1618   25     0    -120      0    120  0.11275499E+01  0.00000000E+00 0.3933E-12      6
 1619   25     0    -119      0    119  0.11360559E+01  0.00000000E+00 0.1418E-13      6
 1620   25     0    -118      0    118  0.11458648E+01  0.00000000E+00 0.3369E-13      5
 1621   25     0    -117      0    117  0.11559333E+01  0.00000000E+00 0.5156E-13      6
 1622   25     0    -116      0    116  0.11650322E+01  0.00000000E+00 0.2004E-12      5
 1623   25     0    -115      0    115  0.11736721E+01  0.00000000E+00 0.3861E-12      6
 1624   25     0    -114      0    114  0.11837582E+01  0.00000000E+00 0.2949E-12      6
 1625   25     0    -113      0    113  0.11946254E+01  0.00000000E+00 0.3458E-12      6
 1626   25     0    -112      0    112  0.12048850E+01  0.00000000E+00 0.1226E-12      6
 1627   25     0    -111      0    111  0.12139793E+01  0.00000000E+00 0.1488E-12      6
 1628   25     0    -110      0    110  0.12241444E+01  0.00000000E+00 0.2388E-12      6
 1629   25     0    -109      0    109  0.12356632E+01  0.00000000E+00 0.4563E-12      6
 1630   25     0    -108      0    108  0.12471383E+01  0.00000000E+00 0.6808E-13      6
 1631   25     0    -107      0    107  0.12572464E+01  0.00000000E+00 0.2406E-12      6
 1632   25     0    -106      0    106  0.12673547E+01  0.00000000E+00 0.2308E-12      6
 1633   25     0    -105      0    105  0.12792726E+01  0.00000000E+00 0.2207E-13      5
 1634   25     0    -104      0    104  0.12918491E+01  0.00000000E+00 0.8582E-13      6
 1635   25     0    -103      0    103  0.13034855E+01  0.00000000E+00 0.1877E-12      6
 1636   25     0    -102      0    102  0.13138516E+01  0.00000000E+00 0.2830E-14      6
 1637   25     0    -101      0    101  0.13257990E+01  0.00000000E+00 0.1287E-12      6
 1638   25     0    -100      0    100  0.13392510E+01  0.00000000E+00 0.2490E-13      6
 1639   25     0     -99      0     99  0.13525452E+01  0.00000000E+00 0.1163E-12      6
 1640   25     0     -98      0     98  0.13640960E+01  0.00000000E+00 0.4478E-12      5
 1641   25     0     -97      0     97  0.13757810E+01  0.00000000E+00 0.5703E-13      6
 1642   25     0     -96      0     96  0.13897258E+01  0.00000000E+00 0.1413E-14      5
 1643   25     0     -95      0     95  0.14044424E+01  0.00000000E+00 0.2928E-13      6
 1644   25     0     -94      0     94  0.14180201E+01  0.00000000E+00 0.2100E-13      5
 1645   25     0     -93      0     93  0.14300243E+01  0.00000000E+00 0.7039E-13      6
 1646   25     0     -92      0     92  0.14440435E+01  0.00000000E+00 0.3270E-12      6
 1647   25     0     -91      0     91  0.14599485E+01  0.00000000E+00 0.1923E-12      6
 1648   25     0     -90      0     90  0.14757107E+01  0.00000000E+00 0.1884E-12      6
 1649   25     0     -89      0     89  0.14893196E+01  0.00000000E+00 0.2741E-12      6
 1650   25     0     -88      0     88  0.15031571E+01  0.00000000E+00 0.6232E-13      6
 1651   25     0     -87      0     87  0.15198878E+01  0.00000000E+00 0.3818E-13      6
 1652   25     0     -86      0     86  0.15375956E+01  0.00000000E+00 0.2663E-12      6
 1653   25     0     -85      0     85  0.15538124E+01  0.00000000E+00 0.1883E-13      6
 1654   25     0     -84      0     84  0.15680265E+01  0.00000000E+00 0.1225E-12      6
 1655   25     0     -83      0     83  0.15850519E+01  0.00000000E+00 0.1028E-12      6
 1656   25     0     -82      0     82  0.16044161E+01  0.00000000E+00 0.9744E-13      6
 1657   25     0     -81      0     81  0.16234105E+01  0.00000000E+00 0.2396E-12      6
 1658   25     0     -80      0     80  0.16393614E+01  0.00000000E+00 0.3581E-13      5
 1659   25     0     -79      0     79  0.16562619E+01  0.00000000E+00 0.6439E-13      6
 1660   25     0     -78      0     78  0.16769437E+01  0.00000000E+00 0.1488E-12      6
 1661   25     0     -77      0     77  0.16984623E+01  0.00000000E+00 0.1023E-13      6
  Time elapsed :      2.775 s

Starting search (non-adiabatic)

Finding roots
  Time elapsed :    219.007 s

Processing modes
   id    l     m    n_pg    n_p    n_g       Re(omega)       Im(omega)        chi n_iter
 1505   25     0    -233      1    234  0.59035196E+00 -0.97285467E-03 0.7425E-12      8
 1506   25     0    -232      1    233  0.59278499E+00 -0.93927538E-03 0.1655E-12      7
 1507   25     0    -231      1    232  0.59526182E+00 -0.99341244E-03 0.5589E-12      7
 1508   25     0    -230      1    231  0.59792099E+00 -0.10400962E-02 0.2387E-12      8
 1509   25     0    -229      1    230  0.60062425E+00 -0.10155073E-02 0.2322E-12      7
 1510   25     0    -228      1    229  0.60319075E+00 -0.95494851E-03 0.3121E-12      8
 1511   25     0    -227      1    228  0.60569387E+00 -0.98462442E-03 0.5771E-12      9
 1512   25     0    -226      1    227  0.60838556E+00 -0.10537339E-02 0.3488E-12      8
 1513   25     0    -225      1    226  0.61119172E+00 -0.10546092E-02 0.5132E-12      7
 1514   25     0    -224      1    225  0.61390398E+00 -0.99504985E-03 0.1936E-12      7
 1515   25     0    -223      1    224  0.61649392E+00 -0.99593455E-03 0.9585E-12      7
 1516   25     0    -222      1    223  0.61923143E+00 -0.10725028E-02 0.2094E-12      8
 1517   25     0    -221      1    222  0.62213430E+00 -0.10967177E-02 0.5760E-12      9
 1518   25     0    -220      1    221  0.62499368E+00 -0.10455871E-02 0.2702E-12      7
 1519   25     0    -219      1    220  0.62769654E+00 -0.10181425E-02 0.1951E-12      7
 1520   25     0    -218      1    219  0.63048397E+00 -0.10920078E-02 0.2210E-12      7
 1521   25     0    -217      1    218  0.63347561E+00 -0.11370657E-02 0.5404E-12      7
 1522   25     0    -216      1    217  0.63647078E+00 -0.10935561E-02 0.1450E-12      8
 1523   25     0    -215      1    216  0.63927781E+00 -0.10392918E-02 0.1062E-11      9
 1524   25     0    -214      1    215  0.64210784E+00 -0.11149297E-02 0.5701E-12      7
 1525   25     0    -213      0    213  0.64520187E+00 -0.11930783E-02 0.4156E-12      8
 1526   25     0    -212      0    212  0.64838686E+00 -0.11787291E-02 0.7943E-12      9
 1527   25     0    -211      0    211  0.65140490E+00 -0.10940217E-02 0.6837E-12      7
 1528   25     0    -210      0    210  0.65426611E+00 -0.11123624E-02 0.1699E-12      7
 1529   25     0    -209      0    209  0.65735460E+00 -0.12186616E-02 0.3566E-12      8
 1530   25     0    -208      0    208  0.66063620E+00 -0.12456495E-02 0.6019E-12      9
 1531   25     0    -207      0    207  0.66384563E+00 -0.11863388E-02 0.1006E-11      9
 1532   25     0    -206      0    206  0.66688082E+00 -0.11696081E-02 0.7063E-12     10
 1533   25     0    -205      0    205  0.67003824E+00 -0.12630635E-02 0.4295E-12      9
 1534   25     0    -204      0    204  0.67341138E+00 -0.13118364E-02 0.7329E-12      8
 1535   25     0    -203      0    203  0.67676418E+00 -0.12651879E-02 0.6423E-12      7
 1536   25     0    -202      0    202  0.67993045E+00 -0.12300197E-02 0.2891E-12      8
 1537   25     0    -201      0    201  0.68317085E+00 -0.13241280E-02 0.2398E-12      8
 1538   25     0    -200      0    200  0.68666607E+00 -0.13960937E-02 0.3385E-12      7
 1539   25     0    -199      0    199  0.69019358E+00 -0.13584711E-02 0.7200E-12      9
 1540   25     0    -198      0    198  0.69350587E+00 -0.12884824E-02 0.4169E-12      8
 1541   25     0    -197      0    197  0.69680594E+00 -0.13755487E-02 0.4791E-12      7
 1542   25     0    -196      0    196  0.70041682E+00 -0.14819868E-02 0.5281E-12      8
 1543   25     0    -195      0    195  0.70414749E+00 -0.14677085E-02 0.7800E-12      8
 1544   25     0    -194      0    194  0.70766496E+00 -0.13561176E-02 0.3392E-12      8
 1545   25     0    -193      0    193  0.71100111E+00 -0.14001700E-02 0.3046E-12     10
 1546   25     0    -192      0    192  0.71467563E+00 -0.15550224E-02 0.7793E-12      8
 1547   25     0    -191      0    191  0.71860715E+00 -0.15925426E-02 0.6090E-12      7
 1548   25     0    -190      0    190  0.72242292E+00 -0.14814703E-02 0.2630E-12      7
 1549   25     0    -189      0    189  0.72587550E+00 -0.14184014E-02 0.1391E-12      8
 1550   25     0    -188      0    188  0.72951290E+00 -0.16018124E-02 0.5806E-12      9
 1551   25     0    -187      0    187  0.73356688E+00 -0.17132813E-02 0.6287E-12      8
 1552   25     0    -186      0    186  0.73766913E+00 -0.16615522E-02 0.3964E-12     10
 1553   25     0    -185      0    185  0.74143944E+00 -0.15225143E-02 0.2853E-12      8
 1554   25     0    -184      0    184  0.74507634E+00 -0.16274428E-02 0.6058E-12      8
 1555   25     0    -183      0    183  0.74915387E+00 -0.17979412E-02 0.4021E-12      8
 1556   25     0    -182      0    182  0.75343932E+00 -0.18029185E-02 0.1078E-11      7
 1557   25     0    -180      0    180  0.76128393E+00 -0.16573754E-02 0.9396E-12     10
 1558   25     0    -179      0    179  0.76538948E+00 -0.18393008E-02 0.3554E-12     10
 1559   25     0    -178      0    178  0.76983774E+00 -0.18873810E-02 0.2102E-12     10
 1560   25     0    -177      0    177  0.77421671E+00 -0.17642324E-02 0.5661E-12      8
 1561   25     0    -176      0    176  0.77824439E+00 -0.16587380E-02 0.7609E-12      9
 1562   25     0    -175      0    175  0.78239074E+00 -0.17949934E-02 0.3992E-12      9
 1563   25     0    -174      0    174  0.78696499E+00 -0.18765736E-02 0.2800E-12     10
 1564   25     0    -173      0    173  0.79160339E+00 -0.17837156E-02 0.5469E-12      9
 1565   25     0    -172      0    172  0.79591720E+00 -0.16294748E-02 0.2564E-12     10
 1566   25     0    -171      0    171  0.80017466E+00 -0.17107057E-02 0.1253E-11      9
 1567   25     0    -170      0    170  0.80489883E+00 -0.18244654E-02 0.9282E-12      9
 1568   25     0    -169      0    169  0.80982553E+00 -0.17752798E-02 0.3733E-12      8
 1569   25     0    -168      0    168  0.81449578E+00 -0.15988205E-02 0.7936E-12     10
 1570   25     0    -167      0    167  0.81889287E+00 -0.15917694E-02 0.1250E-12     10
 1571   25     0    -166      0    166  0.82370571E+00 -0.17283523E-02 0.1785E-12      9
 1572   25     0    -165      0    165  0.82887615E+00 -0.17234022E-02 0.7357E-12     10
 1573   25     0    -164      0    164  0.83389712E+00 -0.15573372E-02 0.4549E-12     10
 1574   25     0    -163      0    163  0.83850844E+00 -0.14708894E-02 0.5863E-12      8
 1575   25     0    -162      0    162  0.84341483E+00 -0.16083603E-02 0.5529E-12     10
 1576   25     0    -161      0    161  0.84883514E+00 -0.16471316E-02 0.4983E-12      8
 1577   25     0    -160      0    160  0.85426418E+00 -0.15171833E-02 0.6211E-12      9
 1578   25     0    -159      0    159  0.85921654E+00 -0.13507942E-02 0.3839E-12      7
 1579   25     0    -158      0    158  0.86416944E+00 -0.14462455E-02 0.1002E-11      9
 1580   25     0    -157      0    157  0.86975995E+00 -0.15345766E-02 0.2954E-12     10
 1581   25     0    -156      0    156  0.87556083E+00 -0.14587002E-02 0.7545E-12      8
 1582   25     0    -155      0    155  0.88095086E+00 -0.12702264E-02 0.2480E-12     10
 1583   25     0    -154      0    154  0.88602780E+00 -0.12915006E-02 0.6413E-12      8
 1584   25     0    -153      0    153  0.89174923E+00 -0.14207986E-02 0.2813E-12      9
 1585   25     0    -152      0    152  0.89791641E+00 -0.14042263E-02 0.4749E-12     10
 1586   25     0    -151      0    151  0.90384479E+00 -0.12384639E-02 0.3115E-12      8
 1587   25     0    -150      0    150  0.90917164E+00 -0.11548500E-02 0.2465E-12      9
 1588   25     0    -149      0    149  0.91491069E+00 -0.13005602E-02 0.1225E-12     10
 1589   25     0    -148      0    148  0.92134411E+00 -0.13419639E-02 0.9427E-13      8
 1590   25     0    -147      0    147  0.92777121E+00 -0.12289815E-02 0.3916E-12      9
 1591   25     0    -146      0    146  0.93356203E+00 -0.10853182E-02 0.4337E-12     10
 1592   25     0    -144      0    144  0.94601899E+00 -0.12753210E-02 0.1254E-12     13
 1593   25     0    -145      0    145  0.93938113E+00 -0.11901985E-02 0.1255E-12      6
 1594   25     0    -143      0    143  0.95289506E+00 -0.12120012E-02 0.3101E-12      9
 1595   25     0    -142      0    142  0.95924162E+00 -0.10527336E-02 0.6577E-12      9
 1596   25     0    -141      0    141  0.96524037E+00 -0.10860401E-02 0.6023E-12      7
 1597   25     0    -140      0    140  0.97203067E+00 -0.12003299E-02 0.1220E-11      8
 1598   25     0    -139      0    139  0.97931422E+00 -0.11806801E-02 0.7268E-12      8
 1599   25     0    -138      0    138  0.98624815E+00 -0.10367473E-02 0.2353E-13      8
 1600   25     0    -137      0    137  0.99257018E+00 -0.99974611E-03 0.6539E-12      9
 1601   25     0    -136      0    136  0.99951900E+00 -0.11272079E-02 0.1105E-11      8
 1602   25     0    -135      0    135  0.10072218E+01 -0.11504994E-02 0.1188E-11      9
 1603   25     0    -134      0    134  0.10148099E+01 -0.10379266E-02 0.6489E-12      8
 1604   25     0    -133      0    133  0.10215852E+01 -0.93013589E-03 0.4222E-12      9
 1605   25     0    -132      0    132  0.10286131E+01 -0.10535119E-02 0.1313E-11      8
 1606   25     0    -131      0    131  0.10366615E+01 -0.11253127E-02 0.5762E-12      9
 1607   25     0    -130      0    130  0.10449006E+01 -0.10609291E-02 0.9930E-12      8
 1608   25     0    -129      0    129  0.10523810E+01 -0.91957726E-03 0.7571E-12      9
 1609   25     0    -128      0    128  0.10595758E+01 -0.99050648E-03 0.9181E-12      8
 1610   25     0    -127      0    127  0.10678632E+01 -0.11049015E-02 0.2264E-11      8
 1611   25     0    -126      0    126  0.10766792E+01 -0.10870073E-02 0.1251E-11     10
 1612   25     0    -125      0    125  0.10849441E+01 -0.94875869E-03 0.1132E-11      8
 1613   25     0    -124      0    124  0.10924705E+01 -0.94584659E-03 0.2401E-12      9
 1614   25     0    -123      0    123  0.11009407E+01 -0.10916697E-02 0.1536E-11      8
 1615   25     0    -122      0    122  0.11103216E+01 -0.11224081E-02 0.9828E-12      8
 1616   25     0    -121      0    121  0.11194978E+01 -0.10149097E-02 0.1392E-12      8
 1617   25     0    -120      0    120  0.11276176E+01 -0.91786965E-03 0.4925E-12      8
 1618   25     0    -119      0    119  0.11361434E+01 -0.10687677E-02 0.5461E-12      9
 1619   25     0    -118      0    118  0.11459863E+01 -0.11588341E-02 0.3278E-12      9
 1620   25     0    -117      0    117  0.11560748E+01 -0.11069969E-02 0.6655E-12      9
 1621   25     0    -116      0    116  0.11651655E+01 -0.95530406E-03 0.5069E-12     10
 1622   25     0    -115      0    115  0.11738143E+01 -0.10513826E-02 0.1365E-11      8
 1623   25     0    -114      0    114  0.11839473E+01 -0.12125866E-02 0.7191E-12      8
 1624   25     0    -113      0    113  0.11948423E+01 -0.12277426E-02 0.1071E-11     10
 1625   25     0    -112      0    112  0.12050966E+01 -0.10851637E-02 0.6833E-12      9
 1626   25     0    -111      0    111  0.12141762E+01 -0.10700552E-02 0.7862E-12      9
 1627   25     0    -110      0    110  0.12243961E+01 -0.12954644E-02 0.1834E-11     11
 1628   25     0    -111      0    111  0.12359547E+01 -0.13894350E-02 0.1209E-11      9
 1629   25     0    -108      0    108  0.12474319E+01 -0.13065588E-02 0.1454E-11      9
 1630   25     0    -108      0    108  0.12574990E+01 -0.11543942E-02 0.7569E-12      9
 1631   25     0    -107      0    107  0.12676383E+01 -0.13637088E-02 0.3354E-11     10
 1632   25     0    -106      0    106  0.12796094E+01 -0.15499319E-02 0.3110E-12     10
 1633   25     0    -105      0    105  0.12921950E+01 -0.15452758E-02 0.1036E-11     11
 1634   25     0    -104      0    104  0.13037882E+01 -0.13352229E-02 0.5422E-12      9
 1635   25     0    -103      0    103  0.13141208E+01 -0.13636028E-02 0.6836E-12      8
 1636   25     0    -102      0    102  0.13261207E+01 -0.16374934E-02 0.2750E-11      8
 1637   25     0    -101      0    101  0.13395839E+01 -0.17056376E-02 0.1219E-11      9
 1638   25     0    -100      0    100  0.13528444E+01 -0.15429984E-02 0.3443E-12      9
 1639   25     0     -99      0     99  0.13643199E+01 -0.13065102E-02 0.4395E-12     10
 1640   25     0     -98      0     98  0.13760081E+01 -0.15096640E-02 0.7062E-12     10
 1641   25     0     -97      0     97  0.13899668E+01 -0.16101734E-02 0.6589E-12     10
 1642   25     0     -96      0     96  0.14046611E+01 -0.14764684E-02 0.7733E-12     10
 1643   25     0     -95      0     95  0.14181913E+01 -0.11576318E-02 0.2914E-11      8
 1644   25     0     -94      0     94  0.14301639E+01 -0.10807107E-02 0.9532E-12      9
 1645   25     0     -93      0     93  0.14442081E+01 -0.11811699E-02 0.1186E-11     10
 1646   25     0     -92      0     92  0.14601156E+01 -0.10922372E-02 0.2417E-11     10
 1647   25     0     -91      0     91  0.14758587E+01 -0.87656989E-03 0.9106E-12      9
 1648   25     0     -90      0     90  0.14894354E+01 -0.66563003E-03 0.1267E-11     10
 1649   25     0     -89      0     89  0.15032879E+01 -0.71168784E-03 0.2806E-11      9
 1650   25     0     -88      0     88  0.15200304E+01 -0.69283732E-03 0.3233E-11      8
 1651   25     0     -87      0     87  0.15377277E+01 -0.58179394E-03 0.2750E-11      9
 1652   25     0     -86      0     86  0.15539154E+01 -0.41967877E-03 0.1393E-11     10
 1653   25     0     -85      0     85  0.15681229E+01 -0.37919162E-03 0.3969E-11      8
 1654   25     0     -84      0     84  0.15851622E+01 -0.40088988E-03 0.2288E-11      8
 1655   25     0     -83      0     83  0.16045208E+01 -0.35356975E-03 0.1866E-11      8
 1656   25     0     -82      0     82  0.16234952E+01 -0.26847017E-03 0.1950E-11     10
 1657   25     0     -81      0     81  0.16394264E+01 -0.19862222E-03 0.8781E-11      9
 1658   25     0     -80      0     80  0.16563365E+01 -0.21826703E-03 0.4880E-11     10
 1659   25     0     -79      0     79  0.16770178E+01 -0.20594958E-03 0.1790E-11      9
 1660   25     0     -78      0     78  0.16985252E+01 -0.16709572E-03 0.1483E-10      8
 1661   25     0     -77      0     77  0.17173627E+01 -0.11600815E-03 0.2284E-10      9
  Time elapsed :      9.614 s

=== adiabatic (summary_ad_wide_hi.h5, windows from gyre_ad_wide_hi.in) ===
1296 modes total, 10 l values requested

  l  count     n_pg range       freq range (c/d)   gaps
--------------------------------------------------------
 16    102   -151 ..  -50      1.780 ..    5.060      0
 17    108   -160 ..  -53      1.782 ..    5.084      0
 18    114   -169 ..  -56      1.784 ..    5.097      0
 19    120   -178 ..  -59      1.786 ..    5.087      0
 20    127   -188 ..  -62      1.777 ..    5.094      0
 21    133   -197 ..  -65      1.779 ..    5.111      0
 22    139   -206 ..  -68      1.780 ..    5.116      0
 23    145   -215 ..  -71      1.782 ..    5.108      0
 24    151   -224 ..  -74      1.783 ..    5.117      0
 25    157   -233 ..  -77      1.784 ..    5.128      0

2302 detail files, 7429 grid points in detail.l20.n-96.h5
dlnrho/dlnr from (As, V_2, Gamma_1) vs numerical
  median rel err 3.45e-07, 95th pct 9.57e-04

=== nonadiabatic (summary_nad_wide_hi.h5) ===

0 driven modes (gamma < 0) of 1296
  damping rates (dimensionless): 7.680e-06 .. 1.887e-03
  gamma covers 1289 of 1296 adiabatic modes (14 duplicate n_pg labels in the nad summary, harmless)
    no gamma: l = 19  n_pg =  -162  1.9588 c/d
    no gamma: l = 20  n_pg =  -174  1.9188 c/d
    no gamma: l = 21  n_pg =  -183  1.9133 c/d
    no gamma: l = 22  n_pg =  -183  2.0011 c/d
    no gamma: l = 23  n_pg =  -191  2.0029 c/d
    no gamma: l = 24  n_pg =  -182  2.1883 c/d
    no gamma: l = 25  n_pg =  -181  2.2882 c/d
  pass require_gamma=True to build_mode_list to drop these

OK

--- [dsct_M2.0_T7696] four-mode search
2287 modes with gamma, 82 driven, cut 0.453 c/d
26023 direct triples, 1882035 four-mode candidates [50 s]
67302 distinct radial triplets to integrate
kappa done, 67302 triplets on 16 core(s) [881 s]

1882035 rows -> out/four_mode_dsct_M2.0_T7696.csv
 l_a  n_a  l_b  n_b  l_c  n_c  l_d  n_d comb      f_c      f_d  kappa_direct  kappa_param  E_c_over_E_th
   3   -1    3    1    6  -23    3  -25 diff 4.329269 2.164521      1.300303    -2.214289   5.281628e-08
   4   -2    6   -1    6  -21   10  -73 diff 4.628550 2.314386      0.639381    -0.611336   3.433843e-08
   4    0    4    2    8  -34    4  -37 diff 3.862844 1.928828      6.093346    -2.696042   2.060715e-08
   6   -8    2    0    6  -23    3  -25 diff 4.329269 2.164521      1.047766    -2.214289   1.573213e-08
   2    1    4    2    6  -23    3  -25 diff 4.329269 2.164521      2.387960    -2.214289   1.362440e-08
   5   -4    5   -1   10  -41    5  -44 diff 3.995451 1.998443      0.416911    -5.142799   7.149471e-09
   6   -1    6    2   10  -41    5  -44 diff 3.995451 1.998443      5.462580    -5.142799   6.232091e-09
   4   -2    6   -1   10  -35    6  -45 diff 4.617375 2.308477      2.895713    -1.348127   5.251044e-09
   5    3    5    4   10  -45    5  -48 diff 3.672046 1.837600     11.747724    -4.242627   4.931932e-09
   6    4    6    5   12  -53    7  -65 diff 3.726548 1.862471     12.226912    -1.567415   3.553441e-09
   5    3    5    4   10  -45    7  -66 diff 3.672046 1.836614     11.747724    -1.273442   2.912890e-09
   2   -3    4   -3    6  -23    3  -25 diff 4.329269 2.164521      0.487215    -2.214289   2.613269e-09
   6    4    6    5   12  -53    6  -56 diff 3.726548 1.866012     12.226912    -3.782326   1.827992e-09
   5   -4    5    0   10  -34    5  -37 diff 4.710104 2.353479      1.668156    -2.433892   1.664070e-09
   5    4    5    5   10  -45    5  -48 diff 3.672046 1.837600     10.794604    -4.242627   1.576390e-09

0 candidates above threshold (E_c > E_th) at q_parent = 1e-06; 16 if the detuning factor is dropped

full m for the top 200:
 l_c  n_c  l_d  n_d  kappa_m0  kappa_max        m_max  n_m  refine
   6  -23    3  -25 -2.214289  -3.365428   (-6, 3, 3)   49       1
   6  -21   10  -73 -0.611336   1.026513 (-2, -8, 10)  231       2
   8  -34    4  -37 -2.696042  -4.369361   (-8, 4, 4)   81       1
  10  -41    5  -44 -5.142799  -8.771993  (-10, 5, 5)  121       1
  10  -35    6  -45 -1.348127  -2.299479  (-10, 5, 5)  163       1
  10  -45    5  -48 -4.242627  -7.236584  (-10, 5, 5)  121       2
  12  -53    7  -65 -1.567415  -2.789510  (-12, 6, 6)  219       2
  10  -45    7  -66 -1.273442  -2.172090  (-10, 5, 5)  205       1
  12  -53    6  -56 -3.782326  -6.731361  (-12, 6, 6)  169       1
  10  -34    5  -37 -2.433892  -4.151452  (-10, 5, 5)  121       1
   8  -37    4  -40 -3.950190  -6.401905   (-8, 4, 4)   81       1
   8  -34   10  -88 -0.453371   0.773483 (-3, -7, 10)  285       2
   8  -34    8  -71 -0.384515  -0.623168   (-8, 4, 4)  205       2
  10  -42    5  -45 -4.199575  -7.163151  (-10, 5, 5)  121       1
  12  -51    9  -80 -1.647438  -2.931926  (-12, 6, 6)  319       1

total 1160 s

--- [dsct_M2.0_T7696] M6 network integration
1882035 candidates, 0 above threshold at q = 1e-06

system: (3,-1) + (3,+1) -> (6,-23) -> 2x(3,-25)  [diff]
  f = 14.0183, 18.3434, 4.3293, 2.1645 c/d
  kappa  direct +1.300   param -2.214
  Delta  direct +4.144e-03  param -2.266e-04 c/d
  E_c/E_th 5.282e-08 at q = 1e-6 (Gamma/gamma_d 5.332e-02 without detuning)

conservation check (undamped, resonant):
  energy               drift 1.73e-04
  N_P + N_Q            drift 4.13e-10
  N_Q - N_c - N_d/2    drift 1.79e-10

threshold parent amplitude 6.596e-05; driving at 1.979e-04

pumped system (P, Q frozen), t_end 7137.60 yr

integrated 7.138e+03 yr
  E_P/E_star  start 3.916e-08  end 3.916e-08  max 3.916e-08
  E_Q/E_star  start 3.916e-08  end 3.916e-08  max 3.916e-08
  E_c/E_star  start 3.916e-14  end 1.121e-08  max 1.163e-07
  E_d/E_star  start 3.916e-16  end 2.147e-15  max 2.454e-07

  daughter energy swing over the second half: 12.704
  bounded limit cycle
  q_c vs 2 mu q_P q_Q at 0.5x threshold (sub-threshold, slaved): median 5.924e-03
  E_d there: start 1.088e-17 -> end 2.040e-26 (decays, as it must below threshold)

-> out/m6_network_dsct_M2.0_T7696.csv

--- [dsct_M2.0_T7696] figures
model models/dsct_M2.0_T7696  tag dsct_M2.0_T7696  -> out/plots/dsct_M2.0_T7696
loading narrow model...
figures:
  fig_propagation
  fig_gamma
  fig_gamma_panels
  fig_kappa_cum
  fig_xi_kappa_p
  fig_xi_kappa_g
  fig_mu
  fig_eth
  fig_fourmode
  fig_m6
done -> out/plots/dsct_M2.0_T7696

=== dsct_M2.0_T7696 done Tue Aug 11 07:26:11 PM CDT 2026 ===
