=== dsct_M1.7_T7750  (M=1.7, log g=4.230, MW23 Teff=7750) ===
    host=compute-1-23.local.tier3-atlas.uta.edu  cores=16  started Tue Aug 11 01:45:59 PM CDT 2026
    workdir=/net/nas-1-16/users/home2/txr7972/Stellar
    MESA_DIR=/net/nas-1-16/users/home2/txr7972/soft/mesa-26.04.1
    GYRE_DIR=/net/nas-1-16/users/home2/txr7972/soft/gyre-9.1.1

--- [dsct_M1.7_T7750] MESA
gfortran -Wno-uninitialized -fno-range-check -fmax-errors=7 -fdiagnostics-color  -fprotect-parens -fno-sign-zero -fbacktrace -ggdb -finit-real=snan -fopenmp -fbounds-check -Wuninitialized -Warray-bounds -ggdb -ffree-form -ffree-line-length-none -x f95-cpp-input -std=f2008 -Wno-error=tabs -I/net/nas-1-16/users/home2/txr7972/soft/mesa-26.04.1/include -I../src -c ../src/run_star_extras.f90
gfortran -Wno-uninitialized -fno-range-check -fmax-errors=7 -fdiagnostics-color  -fprotect-parens -fno-sign-zero -fbacktrace -ggdb -finit-real=snan -fopenmp -fbounds-check -Wuninitialized -Warray-bounds -ggdb -ffree-form -ffree-line-length-none -x f95-cpp-input -std=f2008 -Wno-error=tabs -I/net/nas-1-16/users/home2/txr7972/soft/mesa-26.04.1/include -I../src -c /net/nas-1-16/users/home2/txr7972/soft/mesa-26.04.1/star/job/run_star.f90
gfortran -Wno-uninitialized -fno-range-check -fmax-errors=7 -fdiagnostics-color  -fprotect-parens -fno-sign-zero -fbacktrace -ggdb -finit-real=snan -fopenmp -fbounds-check -Wuninitialized -Warray-bounds -ggdb -ffree-form -ffree-line-length-none -x f95-cpp-input -std=f2008 -Wno-error=tabs -I/net/nas-1-16/users/home2/txr7972/soft/mesa-26.04.1/include -I../src -c ../src/run.f90
gfortran -fopenmp -o ../star  run_star_extras.o run_star.o run.o  -L/net/nas-1-16/users/home2/txr7972/soft/mesa-26.04.1/lib -lstar -lstar_data -lgyre_mesa -lgyre -lionization -latm -lcolors -lturb -lnet -leos -lkap -lrates -lneu -lchem -linterp_2d -linterp_1d -lnum -lauto_diff -lforum -lmtx -lconst -lmath -lutils `mesasdk_crmath_link` `mesasdk_lapack95_link` `mesasdk_lapack_link` `mesasdk_blas_link` `mesasdk_hdf5_link`  `mesasdk_pgplot_link` -lz 
DATE: 2026-08-11
TIME: 13:46:07
 reading user weak rate file /net/nas-1-16/users/home2/txr7972/soft/mesa-26.04.1/data/rates_data/rate_tables/S13_r_be7_wk_li7.h5
 version_number r26.4.1
 read inlist_project


 The terminal output contains the following information

      'step' is the number of steps since the start of the run,
      'lg_dt' is log10 timestep in years,
      'age_yr' is the simulated years since the start run,
      'lg_Tcntr' is log10 center temperature (K),
      'lg_Dcntr' is log10 center density (g/cm^3),
      'lg_Tmax' is log10 max temperature (K),
      'Teff' is the surface temperature (K),
      'lg_R' is log10 surface radius (Rsun),
      'lg_L' is log10 surface luminosity (Lsun),
      'lg_LH' is log10 total PP and CNO hydrogen burning power (Lsun),
      'lg_L3a' is log10 total triple-alpha helium burning power (Lsun),
      'lg_gsurf' is log10 surface gravity,
      'lg_Lnuc' is log10 nuclear power (Lsun),
      'lg_Lneu' is log10 total neutrino power (Lsun),
      'lg_Lphoto' is log10 total photodisintegration (Lsun),
      'Mass' is the total stellar baryonic mass (Msun),
      'lg_Mdot' is log10 magnitude of rate of change of mass (Msun/year),
      'lg_Dsurf' is log10 surface density (g/cm^3),
      'H_env' is the amount of mass where H is dominant,
      'He_core' is the largest mass where He is dominant.
      'CO_core' is the largest mass where CO is dominant.
      'H_cntr' is the center H1 mass fraction,
      'He_cntr' is the center He4 mass fraction,
      'C_cntr' is the center C12 mass fraction,
      'N_cntr' is the center N14 mass fraction,
      'O_cntr' is the center O16 mass fraction,
      'Ne_cntr' is the center Ne20 mass fraction,
      'gam_cntr' is the center plasma interaction parameter,
      'eta_cntr' is the center electron degeneracy parameter,
      'zones' is the number of zones in the current model,
      'iters' is the number of solver iterations for the current step,
      'retry' is the number of step retries required during the run,
      'dt_limit' is an indication of what limited the timestep.

 All this and more are saved in the LOGS directory during the run.
 create pre-main-sequence model
                                          species  mass          25    1.7000000000000000D+00

                                        relax_num_steps         300

 hydro_solver_step returned ierr          -1
 s% model_number           1
 nz        1588
 s% num_retries           0

 retry:  abs(dlogT) > hydro_mtx_max_allowed_abs_dlogT          54       1
         50   5.477152   4570.826 -21.862627 -21.862627   1.700000   1.700000   0.700000   0.001035   0.280000  -9.072297   5991      1
-5.0000E+00   5.476747   1.690841 -99.000000 -22.506634 -99.000000   0.000000   0.280000   0.008572   0.020000   0.050731      3
 4.8481E-04  -3.745523   2.976355 -99.000000 -99.000000  -8.380464   0.000000   0.003501   0.001867   0.020000  0.000E+00        max_dt

        100   5.477152   4331.724 -21.862626 -21.862626   1.700000   1.700000   0.700000   0.001035   0.280000  -9.072297   5991      1
-5.0000E+00   5.476747   1.689948 -99.000000 -22.506633 -99.000000   0.000000   0.280000   0.008572   0.020000   0.050731      3
 9.8481E-04  -3.745522   2.881233 -99.000000 -99.000000  -8.355037   0.000000   0.003501   0.001867   0.020000  0.000E+00        max_dt

        150   5.477152   4207.023 -21.862625 -21.862625   1.700000   1.700000   0.700000   0.001035   0.280000  -9.072297   5989      1
-5.0000E+00   5.476747   1.689342 -99.000000 -22.506632 -99.000000   0.000000   0.280000   0.008572   0.020000   0.050731      3
 1.4848E-03  -3.745522   2.829277 -99.000000 -99.000000  -8.331501   0.000000   0.003501   0.001867   0.020000  0.000E+00        max_dt

        200   5.477152   4128.160 -21.862623 -21.862623   1.700000   1.700000   0.700000   0.001035   0.280000  -9.072297   5988      1
-5.0000E+00   5.476747   1.688887 -99.000000 -22.506630 -99.000000   0.000000   0.280000   0.008572   0.020000   0.050731      2
 1.9848E-03  -3.745522   2.795493 -37.628749 -99.000000  -8.312132   0.000000   0.003501   0.001867   0.020000  0.000E+00        max_dt

        250   5.477152   4072.836 -21.862621 -21.862621   1.700000   1.700000   0.700000   0.001035   0.280000  -9.072297   5986      1
-5.0000E+00   5.476747   1.688519 -99.000000 -22.506628 -99.000000   0.000000   0.280000   0.008572   0.020000   0.050731      2
 2.4848E-03  -3.745522   2.771320 -99.000000 -99.000000  -8.295312   0.000000   0.003501   0.001867   0.020000  0.000E+00        max_dt

        300   5.477153   4031.485 -21.862620 -21.862620   1.700000   1.700000   0.700000   0.001035   0.280000  -9.072297   5984      1
-5.0000E+00   5.476748   1.688211 -99.000000 -22.506627 -99.000000   0.000000   0.280000   0.008572   0.020000   0.050731      2
 2.9848E-03  -3.745522   2.752975 -99.000000 -99.000000  -8.280378   0.000000   0.003501   0.001867   0.020000  0.000E+00        max_dt


 finished doing relax num steps


                                relax_to_radiative_core

         50   5.548738   3793.349 -20.519048 -20.519048   1.700000   1.700000   0.700000   0.001035   0.280000  -8.844856   5969      0
 1.2629E+00   5.548738   1.607336 -99.000000 -21.163055 -99.000000   0.000000   0.280000   0.008572   0.020000   0.050370      3
 4.4778E+02  -3.538843   2.485456 -99.000000 -99.000000  -8.044478   0.000000   0.003501   0.001867   0.020000  0.000E+00    varcontrol

             relative mass of radiative core still tiny          50    1.9532873429817244D-08
        100   5.665908   3924.199 -18.410940 -18.410940   1.700000   1.700000   0.700000   0.001035   0.280000  -8.444716   6044      0
 1.5718E+00   5.665908   1.482736 -99.000000 -19.054947 -99.000000   0.000000   0.280000   0.008572   0.020000   0.050288      3
 1.7934E+03  -3.189472   2.295170 -99.000000 -99.000000  -7.975861   0.000000   0.003501   0.001867   0.020000  0.000E+00    varcontrol

             relative mass of radiative core still tiny         100    1.9532873429817244D-08
        150   5.782336   4053.810 -16.468797 -16.468797   1.700000   1.700000   0.700000   0.001035   0.280000  -8.044301   6114      0
 1.8767E+00   5.782336   1.359964 -99.000000 -17.112803 -99.000000   0.000000   0.280000   0.008572   0.020000   0.050252      3
 4.5188E+03  -2.841105   2.106075 -99.000000 -99.000000  -7.893845   0.000000   0.003501   0.001867   0.020000  0.000E+00    varcontrol

             relative mass of radiative core still tiny         150    1.9532874540040268D-08
        200   5.897948   4180.227 -14.677513 -14.677513   1.700000   1.700000   0.700000   0.001035   0.280000  -7.644940   6181      0
 2.1788E+00   5.897948   1.239053 -99.000000 -15.321520 -99.000000   0.000000   0.280000   0.008572   0.020000   0.050245      3
 9.9964E+03  -2.494444   1.917599 -30.404030 -99.000000  -7.799243   0.000000   0.003501   0.001867   0.020000  0.000E+00    varcontrol

             relative mass of radiative core still tiny         200    1.9532873207772639D-08
        250   6.012717   4300.631 -13.023381 -13.023381   1.700000   1.700000   0.700000   0.001035   0.280000  -7.247378   6248      0
 2.4799E+00   6.012717   1.119928 -99.000000 -13.667387 -99.000000   0.000000   0.280000   0.008572   0.020000   0.050256      3
 2.0963E+04  -2.149863   1.728679 -99.000000 -99.000000  -7.700228   0.000000   0.003501   0.001867   0.020000  0.000E+00    varcontrol

             relative mass of radiative core still tiny         250    1.9532871431415799D-08
        300   6.126674   4413.263 -11.493948 -11.493948   1.700000   1.700000   0.700000   0.001035   0.280000  -6.852705   6303      0
 2.7807E+00   6.126674   1.002487 -99.000000 -12.137970 -99.000000   0.000000   0.280000   0.008572   0.020000   0.050265      3
 4.2888E+04  -1.807763   1.538707 -99.000000 -99.000000  -7.597641   0.000000   0.003501   0.001867   0.020000  0.000E+00    varcontrol

             relative mass of radiative core still tiny         300    1.9532872763683429D-08
        350   6.239731   4516.237 -10.077589 -10.077589   1.700000   1.700000   0.700000   0.001035   0.280000  -6.461700   6365      0
 3.0819E+00   6.239731   0.886664 -99.000000 -10.722433 -99.000000   0.000000   0.280000   0.008572   0.020000   0.050265      3
 8.6725E+04  -1.468581   1.347129 -99.000000 -99.000000  -7.489289   0.000000   0.003501   0.001867   0.020000  0.000E+00    varcontrol

             relative mass of radiative core still tiny         350    1.9532875206174083D-08
        400   6.351836   4606.507  -8.739343  -8.739343   1.700000   1.700000   0.700000   0.001035   0.280000  -6.074486   6425      0
 3.3846E+00   6.351836   0.772356 -99.000000  -9.410579 -99.000000   0.000000   0.280000   0.008572   0.020000   0.050259      3
 1.7459E+05  -1.132440   1.152892 -24.383430 -99.000000  -7.376655   0.000000   0.003501   0.001867   0.020000  0.000E+00    varcontrol

             relative mass of radiative core still tiny         400    1.9532876760486317D-08
        450   6.462888   4680.439  -7.138735  -7.138735   1.700000   1.700000   0.700000   0.001035   0.280000  -5.690827   6482      0
 3.6899E+00   6.462888   0.659502 -99.000000  -8.193323 -99.000000   0.000000   0.280000   0.008572   0.020000   0.050253      3
 3.5157E+05  -0.799417   0.954844 -99.000000 -99.000000  -7.262291   0.000000   0.003501   0.001867   0.020000  0.000E+00    varcontrol

             relative mass of radiative core still tiny         450    1.9532873651861848D-08
                 finished relax to begin radiative core         479    1.1479496862891385D-03

 finished doing relax_to_radiative_core

 read profile_columns.list
                             set_initial_number_retries           0
 net name pp_and_cno_extras.net
                                      atm_option: T_tau
 kap_option a09
 kap_CO_option a09_co
 kap_lowT_option lowT_fa05_a09p
                                        OMP_NUM_THREADS          16


dsct_M2.0: will stop at first post-ZAMS model with log g <=    4.2300
__________________________________________________________________________________________________________________________________________________

       step    lg_Tmax     Teff     lg_LH      lg_Lnuc_tot Mass       H_rich     H_cntr     N_cntr     Y_surf   eta_cntr   zones  retry
  lg_dt_yrs    lg_Tcntr    lg_R     lg_L3a     lg_Lneu     lg_Mdot    He_core    He_cntr    O_cntr     Z_surf   gam_cntr   iters  
    age_yrs    lg_Dcntr    lg_L     lg_LZ      lg_Lphoto   lg_Dsurf   CO_core    C_cntr     Ne_cntr    Z_cntr   v_div_cs       dt_limit
__________________________________________________________________________________________________________________________________________________

save LOGS/profile1.data LOGS/profile1.data.GYRE for model 1
         50   6.526747   4788.374  -5.806284  -5.806284   1.700000   1.700000   0.700000   0.001035   0.280000  -5.469556   6500      0
-1.1201E+00   6.526747   0.594604 -99.000000  -7.527286 -99.000000   0.000000   0.280000   0.008572   0.020000   0.050261      2
 4.5497E-01  -0.607646   0.864654 -99.000000 -99.000000  -7.014584   0.000000   0.003501   0.001867   0.020000  0.000E+00  max increase

save photos/x050 for model 50
        100   6.528075   4789.032  -5.701245  -5.701245   1.700000   1.700000   0.700000   0.001035   0.280000  -5.465194   6500      0
 2.8389E+00   6.528075   0.593283 -99.000000  -7.513946 -99.000000   0.000000   0.280000   0.008572   0.020000   0.050257      3
 4.1409E+03  -0.603761   0.862250 -99.000000 -99.000000  -7.013231   0.000000   0.003501   0.001867   0.020000  0.000E+00  max increase

save LOGS/profile2.data LOGS/profile2.data.GYRE for model 100
save photos/x100 for model 100
        150   6.611074   4828.439  -4.065747  -4.065747   1.700000   1.700000   0.700000   0.001035   0.280000  -5.082226   6534      0
 4.1022E+00   6.611074   0.500489 -99.000000  -6.602865 -99.000000   0.000000   0.280000   0.008572   0.020000   0.051886      4
 4.0998E+05  -0.313198   0.690899 -18.964890 -99.000000  -6.916033   0.000000   0.003501   0.001867   0.020000  0.000E+00    varcontrol

save photos/x150 for model 150
        200   6.696203   4873.731  -3.538464  -3.538464   1.700000   1.700000   0.700000   0.001035   0.280000  -4.482423   6577      0
 4.4053E+00   6.696203   0.398088 -99.000000  -5.615318 -99.000000   0.000000   0.280000   0.008572   0.020000   0.057423      4
 1.3344E+06   0.074289   0.502316 -99.000000 -99.000000  -6.809307   0.000000   0.003501   0.001867   0.020000  0.000E+00    varcontrol

save LOGS/profile3.data LOGS/profile3.data.GYRE for model 200
save photos/x200 for model 200
        250   6.788981   5013.490  -3.151907  -3.151907   1.700000   1.700000   0.700000   0.001035   0.280000  -3.749483   6620      0
 4.6666E+00   6.788981   0.318418 -99.000000  -4.622130 -99.000000   0.000000   0.280000   0.008572   0.020000   0.065800      4
 3.1142E+06   0.530041   0.392090 -99.000000 -99.000000  -6.755192   0.000000   0.003501   0.001867   0.020000  0.000E+00    varcontrol

save photos/x250 for model 250
        300   6.914055   5452.432  -2.074998  -2.074998   1.700000   1.700000   0.699999   0.001035   0.280000  -2.978272   6644      0
 4.6910E+00   6.914055   0.304141 -99.000000  -3.475038 -99.000000   0.000000   0.280001   0.008572   0.020000   0.073461      4
 5.7508E+06   1.048755   0.509336 -16.584678 -99.000000  -6.812770   0.000000   0.003501   0.001867   0.020000  0.000E+00    varcontrol

save LOGS/profile4.data LOGS/profile4.data.GYRE for model 300
save photos/x300 for model 300
        350   7.035550   6012.387  -1.102835  -1.102835   1.700000   1.700000   0.699989   0.001035   0.280000  -2.490036   6643      0
 4.4657E+00   7.035550   0.364439 -52.850405  -2.496947 -99.000000   0.000000   0.280011   0.008572   0.020000   0.074912      5
 7.6339E+06   1.438709   0.799759 -12.686392 -82.764167  -6.964417   0.000000   0.003501   0.001867   0.020000  0.000E+00    varcontrol

save photos/x350 for model 350
        400   7.146546   6609.207  -0.122879  -0.122879   1.700000   1.700000   0.699947   0.001044   0.280000  -2.228734   6659      0
 4.3257E+00   7.146546   0.380371 -46.471099  -1.475841 -99.000000   0.000000   0.280045   0.008572   0.020000   0.071756      5
 8.8612E+06   1.715582   0.996034  -9.526552 -62.349998  -7.178314   0.000000   0.003417   0.001867   0.020007  0.000E+00    varcontrol

save LOGS/profile5.data LOGS/profile5.data.GYRE for model 400
save photos/x400 for model 400
        450   7.242405   7162.632   0.922888   0.922888   1.700000   1.700000   0.699754   0.001946   0.280000  -2.586319   6835      0
 4.7762E+00   7.242405   0.255862 -41.857593  -0.323780 -99.000000   0.000000   0.280078   0.008572   0.020000   0.057288      5
 1.0407E+07   1.709250   0.886709  -7.261136 -49.457829  -7.262772   0.000000   0.002248   0.001867   0.020169  0.000E+00    varcontrol

save photos/x450 for model 450

__________________________________________________________________________________________________________________________________________________

       step    lg_Tmax     Teff     lg_LH      lg_Lnuc_tot Mass       H_rich     H_cntr     N_cntr     Y_surf   eta_cntr   zones  retry
  lg_dt_yrs    lg_Tcntr    lg_R     lg_L3a     lg_Lneu     lg_Mdot    He_core    He_cntr    O_cntr     Z_surf   gam_cntr   iters  
    age_yrs    lg_Dcntr    lg_L     lg_LZ      lg_Lphoto   lg_Dsurf   CO_core    C_cntr     Ne_cntr    Z_cntr   v_div_cs       dt_limit
__________________________________________________________________________________________________________________________________________________

        500   7.292329   7748.029   0.886216   0.886216   1.700000   1.700000   0.697102   0.005144   0.280000  -2.389641   6939      0
 6.1406E+00   7.292329   0.187720 -39.221910  -0.525642 -99.000000   0.000000   0.282318   0.008531   0.020000   0.057844      5
 2.2528E+07   1.868160   0.886898  -5.944364 -42.827419  -7.440373   0.000000   0.000026   0.001867   0.020580  0.000E+00  max increase

save LOGS/profile6.data LOGS/profile6.data.GYRE for model 500
save photos/x500 for model 500
save LOGS/profile7.data LOGS/profile7.data.GYRE for model 519
save LOGS/profile8.data LOGS/profile8.data.GYRE for model 520
save LOGS/profile9.data LOGS/profile9.data.GYRE for model 521
save LOGS/profile10.data LOGS/profile10.data.GYRE for model 522
save LOGS/profile11.data LOGS/profile11.data.GYRE for model 523
save LOGS/profile12.data LOGS/profile12.data.GYRE for model 524
save LOGS/profile13.data LOGS/profile13.data.GYRE for model 525
save LOGS/profile14.data LOGS/profile14.data.GYRE for model 526
save LOGS/profile15.data LOGS/profile15.data.GYRE for model 527
save LOGS/profile16.data LOGS/profile16.data.GYRE for model 528
save LOGS/profile17.data LOGS/profile17.data.GYRE for model 529
save LOGS/profile18.data LOGS/profile18.data.GYRE for model 530
save LOGS/profile19.data LOGS/profile19.data.GYRE for model 531
save LOGS/profile20.data LOGS/profile20.data.GYRE for model 532
save LOGS/profile21.data LOGS/profile21.data.GYRE for model 533
save LOGS/profile22.data LOGS/profile22.data.GYRE for model 534
save LOGS/profile23.data LOGS/profile23.data.GYRE for model 535
save LOGS/profile24.data LOGS/profile24.data.GYRE for model 536
save LOGS/profile25.data LOGS/profile25.data.GYRE for model 537
save LOGS/profile26.data LOGS/profile26.data.GYRE for model 538
save LOGS/profile27.data LOGS/profile27.data.GYRE for model 539
save LOGS/profile28.data LOGS/profile28.data.GYRE for model 540
save LOGS/profile29.data LOGS/profile29.data.GYRE for model 541
save LOGS/profile30.data LOGS/profile30.data.GYRE for model 542
save LOGS/profile31.data LOGS/profile31.data.GYRE for model 543
save LOGS/profile32.data LOGS/profile32.data.GYRE for model 544
save LOGS/profile33.data LOGS/profile33.data.GYRE for model 545
save LOGS/profile34.data LOGS/profile34.data.GYRE for model 546
save LOGS/profile35.data LOGS/profile35.data.GYRE for model 547
save LOGS/profile36.data LOGS/profile36.data.GYRE for model 548
save LOGS/profile37.data LOGS/profile37.data.GYRE for model 549
        550   7.297349   7746.976   0.896753   0.896753   1.700000   1.700000   0.674896   0.005172   0.280000  -2.406041   6939      0
 5.6990E+00   7.297349   0.192689 -38.892165  -0.507696 -99.000000   0.000000   0.304501   0.008060   0.020000   0.058193      5
 1.1945E+08   1.874487   0.896600  -5.846044 -42.263955  -7.447013   0.000000   0.000027   0.001867   0.020603  0.000E+00        max_dt

save LOGS/profile38.data LOGS/profile38.data.GYRE for model 550
save photos/x550 for model 550
save LOGS/profile39.data LOGS/profile39.data.GYRE for model 551
save LOGS/profile40.data LOGS/profile40.data.GYRE for model 552
save LOGS/profile41.data LOGS/profile41.data.GYRE for model 553
save LOGS/profile42.data LOGS/profile42.data.GYRE for model 554
save LOGS/profile43.data LOGS/profile43.data.GYRE for model 555
save LOGS/profile44.data LOGS/profile44.data.GYRE for model 556
save LOGS/profile45.data LOGS/profile45.data.GYRE for model 557
save LOGS/profile46.data LOGS/profile46.data.GYRE for model 558
save LOGS/profile47.data LOGS/profile47.data.GYRE for model 559
save LOGS/profile48.data LOGS/profile48.data.GYRE for model 560
save LOGS/profile49.data LOGS/profile49.data.GYRE for model 561
save LOGS/profile50.data LOGS/profile50.data.GYRE for model 562
save LOGS/profile51.data LOGS/profile51.data.GYRE for model 563
save LOGS/profile52.data LOGS/profile52.data.GYRE for model 564
save LOGS/profile53.data LOGS/profile53.data.GYRE for model 565
save LOGS/profile54.data LOGS/profile54.data.GYRE for model 566
save LOGS/profile55.data LOGS/profile55.data.GYRE for model 567
save LOGS/profile56.data LOGS/profile56.data.GYRE for model 568
save LOGS/profile57.data LOGS/profile57.data.GYRE for model 569
save LOGS/profile58.data LOGS/profile58.data.GYRE for model 570
save LOGS/profile59.data LOGS/profile59.data.GYRE for model 571
save LOGS/profile60.data LOGS/profile60.data.GYRE for model 572
save LOGS/profile61.data LOGS/profile61.data.GYRE for model 573
save LOGS/profile62.data LOGS/profile62.data.GYRE for model 574
save LOGS/profile63.data LOGS/profile63.data.GYRE for model 575
save LOGS/profile64.data LOGS/profile64.data.GYRE for model 576
save LOGS/profile65.data LOGS/profile65.data.GYRE for model 577
save LOGS/profile66.data LOGS/profile66.data.GYRE for model 578
save LOGS/profile67.data LOGS/profile67.data.GYRE for model 579
save LOGS/profile68.data LOGS/profile68.data.GYRE for model 580
save LOGS/profile69.data LOGS/profile69.data.GYRE for model 581
save LOGS/profile70.data LOGS/profile70.data.GYRE for model 582
save LOGS/profile71.data LOGS/profile71.data.GYRE for model 583
save LOGS/profile72.data LOGS/profile72.data.GYRE for model 584
save LOGS/profile73.data LOGS/profile73.data.GYRE for model 585
save LOGS/profile74.data LOGS/profile74.data.GYRE for model 586
save LOGS/profile75.data LOGS/profile75.data.GYRE for model 587
save LOGS/profile76.data LOGS/profile76.data.GYRE for model 588
save LOGS/profile77.data LOGS/profile77.data.GYRE for model 589
save LOGS/profile78.data LOGS/profile78.data.GYRE for model 590
save LOGS/profile79.data LOGS/profile79.data.GYRE for model 591
save LOGS/profile80.data LOGS/profile80.data.GYRE for model 592
save LOGS/profile81.data LOGS/profile81.data.GYRE for model 593
save LOGS/profile82.data LOGS/profile82.data.GYRE for model 594
save LOGS/profile83.data LOGS/profile83.data.GYRE for model 595
save LOGS/profile84.data LOGS/profile84.data.GYRE for model 596
save LOGS/profile85.data LOGS/profile85.data.GYRE for model 597
save LOGS/profile86.data LOGS/profile86.data.GYRE for model 598
save LOGS/profile87.data LOGS/profile87.data.GYRE for model 599
        600   7.298271   7742.662   0.899350   0.899350   1.700000   1.700000   0.669034   0.005191   0.280000  -2.409440   6939      0
 5.6990E+00   7.298271   0.194466 -38.825445  -0.500688 -99.000000   0.000000   0.310359   0.007933   0.020000   0.058334      5
 1.4445E+08   1.875953   0.899186  -5.829994 -42.158381  -7.447518   0.000000   0.000027   0.001867   0.020607  0.000E+00        max_dt

save LOGS/profile88.data LOGS/profile88.data.GYRE for model 600
save photos/x600 for model 600
save LOGS/profile89.data LOGS/profile89.data.GYRE for model 601
save LOGS/profile90.data LOGS/profile90.data.GYRE for model 602
save LOGS/profile91.data LOGS/profile91.data.GYRE for model 603
save LOGS/profile92.data LOGS/profile92.data.GYRE for model 604
save LOGS/profile93.data LOGS/profile93.data.GYRE for model 605
save LOGS/profile94.data LOGS/profile94.data.GYRE for model 606
save LOGS/profile95.data LOGS/profile95.data.GYRE for model 607
save LOGS/profile96.data LOGS/profile96.data.GYRE for model 608
save LOGS/profile97.data LOGS/profile97.data.GYRE for model 609
save LOGS/profile98.data LOGS/profile98.data.GYRE for model 610
save LOGS/profile99.data LOGS/profile99.data.GYRE for model 611
save LOGS/profile100.data LOGS/profile100.data.GYRE for model 612
save LOGS/profile101.data LOGS/profile101.data.GYRE for model 613
save LOGS/profile102.data LOGS/profile102.data.GYRE for model 614
save LOGS/profile103.data LOGS/profile103.data.GYRE for model 615
save LOGS/profile104.data LOGS/profile104.data.GYRE for model 616
save LOGS/profile105.data LOGS/profile105.data.GYRE for model 617
save LOGS/profile106.data LOGS/profile106.data.GYRE for model 618
save LOGS/profile107.data LOGS/profile107.data.GYRE for model 619
save LOGS/profile108.data LOGS/profile108.data.GYRE for model 620
save LOGS/profile109.data LOGS/profile109.data.GYRE for model 621
save LOGS/profile110.data LOGS/profile110.data.GYRE for model 622
save LOGS/profile111.data LOGS/profile111.data.GYRE for model 623
save LOGS/profile112.data LOGS/profile112.data.GYRE for model 624
save LOGS/profile113.data LOGS/profile113.data.GYRE for model 625
save LOGS/profile114.data LOGS/profile114.data.GYRE for model 626
save LOGS/profile115.data LOGS/profile115.data.GYRE for model 627
save LOGS/profile116.data LOGS/profile116.data.GYRE for model 628
save LOGS/profile117.data LOGS/profile117.data.GYRE for model 629
save LOGS/profile118.data LOGS/profile118.data.GYRE for model 630
save LOGS/profile119.data LOGS/profile119.data.GYRE for model 631
save LOGS/profile120.data LOGS/profile120.data.GYRE for model 632
save LOGS/profile121.data LOGS/profile121.data.GYRE for model 633
save LOGS/profile122.data LOGS/profile122.data.GYRE for model 634
save LOGS/profile123.data LOGS/profile123.data.GYRE for model 635
save LOGS/profile124.data LOGS/profile124.data.GYRE for model 636
save LOGS/profile125.data LOGS/profile125.data.GYRE for model 637
save LOGS/profile126.data LOGS/profile126.data.GYRE for model 638
save LOGS/profile127.data LOGS/profile127.data.GYRE for model 639
save LOGS/profile128.data LOGS/profile128.data.GYRE for model 640
save LOGS/profile129.data LOGS/profile129.data.GYRE for model 641
save LOGS/profile130.data LOGS/profile130.data.GYRE for model 642
save LOGS/profile131.data LOGS/profile131.data.GYRE for model 643
save LOGS/profile132.data LOGS/profile132.data.GYRE for model 644
save LOGS/profile133.data LOGS/profile133.data.GYRE for model 645
save LOGS/profile134.data LOGS/profile134.data.GYRE for model 646
save LOGS/profile135.data LOGS/profile135.data.GYRE for model 647
save LOGS/profile136.data LOGS/profile136.data.GYRE for model 648
save LOGS/profile137.data LOGS/profile137.data.GYRE for model 649
        650   7.299172   7737.768   0.901935   0.901935   1.700000   1.700000   0.663126   0.005215   0.280000  -2.412887   6938      0
 5.6990E+00   7.299172   0.196303 -38.760134  -0.493565 -99.000000   0.000000   0.316264   0.007805   0.020000   0.058480      5
 1.6945E+08   1.877384   0.901762  -5.814605 -42.055866  -7.447834   0.000000   0.000027   0.001867   0.020610  0.000E+00        max_dt

save LOGS/profile138.data LOGS/profile138.data.GYRE for model 650
save photos/x650 for model 650
save LOGS/profile139.data LOGS/profile139.data.GYRE for model 651
save LOGS/profile140.data LOGS/profile140.data.GYRE for model 652
save LOGS/profile141.data LOGS/profile141.data.GYRE for model 653
save LOGS/profile142.data LOGS/profile142.data.GYRE for model 654
save LOGS/profile143.data LOGS/profile143.data.GYRE for model 655
save LOGS/profile144.data LOGS/profile144.data.GYRE for model 656
save LOGS/profile145.data LOGS/profile145.data.GYRE for model 657
save LOGS/profile146.data LOGS/profile146.data.GYRE for model 658
save LOGS/profile147.data LOGS/profile147.data.GYRE for model 659
save LOGS/profile148.data LOGS/profile148.data.GYRE for model 660
save LOGS/profile149.data LOGS/profile149.data.GYRE for model 661
save LOGS/profile150.data LOGS/profile150.data.GYRE for model 662
save LOGS/profile151.data LOGS/profile151.data.GYRE for model 663
save LOGS/profile152.data LOGS/profile152.data.GYRE for model 664
save LOGS/profile153.data LOGS/profile153.data.GYRE for model 665
save LOGS/profile154.data LOGS/profile154.data.GYRE for model 666
save LOGS/profile155.data LOGS/profile155.data.GYRE for model 667
save LOGS/profile156.data LOGS/profile156.data.GYRE for model 668
save LOGS/profile157.data LOGS/profile157.data.GYRE for model 669
save LOGS/profile158.data LOGS/profile158.data.GYRE for model 670
save LOGS/profile159.data LOGS/profile159.data.GYRE for model 671
save LOGS/profile160.data LOGS/profile160.data.GYRE for model 672
save LOGS/profile161.data LOGS/profile161.data.GYRE for model 673
save LOGS/profile162.data LOGS/profile162.data.GYRE for model 674
save LOGS/profile163.data LOGS/profile163.data.GYRE for model 675
save LOGS/profile164.data LOGS/profile164.data.GYRE for model 676
save LOGS/profile165.data LOGS/profile165.data.GYRE for model 677
save LOGS/profile166.data LOGS/profile166.data.GYRE for model 678
save LOGS/profile167.data LOGS/profile167.data.GYRE for model 679
save LOGS/profile168.data LOGS/profile168.data.GYRE for model 680
save LOGS/profile169.data LOGS/profile169.data.GYRE for model 681
save LOGS/profile170.data LOGS/profile170.data.GYRE for model 682
save LOGS/profile171.data LOGS/profile171.data.GYRE for model 683
save LOGS/profile172.data LOGS/profile172.data.GYRE for model 684
save LOGS/profile173.data LOGS/profile173.data.GYRE for model 685
save LOGS/profile174.data LOGS/profile174.data.GYRE for model 686
save LOGS/profile175.data LOGS/profile175.data.GYRE for model 687
save LOGS/profile176.data LOGS/profile176.data.GYRE for model 688
save LOGS/profile177.data LOGS/profile177.data.GYRE for model 689
save LOGS/profile178.data LOGS/profile178.data.GYRE for model 690
save LOGS/profile179.data LOGS/profile179.data.GYRE for model 691
save LOGS/profile180.data LOGS/profile180.data.GYRE for model 692
save LOGS/profile181.data LOGS/profile181.data.GYRE for model 693
save LOGS/profile182.data LOGS/profile182.data.GYRE for model 694
save LOGS/profile183.data LOGS/profile183.data.GYRE for model 695
save LOGS/profile184.data LOGS/profile184.data.GYRE for model 696
save LOGS/profile185.data LOGS/profile185.data.GYRE for model 697
save LOGS/profile186.data LOGS/profile186.data.GYRE for model 698
save LOGS/profile187.data LOGS/profile187.data.GYRE for model 699
        700   7.300056   7732.318   0.904508   0.904508   1.700000   1.700000   0.657170   0.005244   0.280000  -2.416407   6935      0
 5.6990E+00   7.300056   0.198196 -38.695996  -0.486369 -99.000000   0.000000   0.322219   0.007675   0.020000   0.058631      5
 1.9445E+08   1.878776   0.904325  -5.799767 -41.955890  -7.447967   0.000000   0.000028   0.001867   0.020611  0.000E+00        max_dt

save LOGS/profile188.data LOGS/profile188.data.GYRE for model 700
save photos/x700 for model 700
save LOGS/profile189.data LOGS/profile189.data.GYRE for model 701
save LOGS/profile190.data LOGS/profile190.data.GYRE for model 702
save LOGS/profile191.data LOGS/profile191.data.GYRE for model 703
save LOGS/profile192.data LOGS/profile192.data.GYRE for model 704
save LOGS/profile193.data LOGS/profile193.data.GYRE for model 705
save LOGS/profile194.data LOGS/profile194.data.GYRE for model 706
save LOGS/profile195.data LOGS/profile195.data.GYRE for model 707
save LOGS/profile196.data LOGS/profile196.data.GYRE for model 708
save LOGS/profile197.data LOGS/profile197.data.GYRE for model 709
save LOGS/profile198.data LOGS/profile198.data.GYRE for model 710
save LOGS/profile199.data LOGS/profile199.data.GYRE for model 711
save LOGS/profile200.data LOGS/profile200.data.GYRE for model 712
save LOGS/profile201.data LOGS/profile201.data.GYRE for model 713
save LOGS/profile202.data LOGS/profile202.data.GYRE for model 714
save LOGS/profile203.data LOGS/profile203.data.GYRE for model 715
save LOGS/profile204.data LOGS/profile204.data.GYRE for model 716
save LOGS/profile205.data LOGS/profile205.data.GYRE for model 717
save LOGS/profile206.data LOGS/profile206.data.GYRE for model 718
save LOGS/profile207.data LOGS/profile207.data.GYRE for model 719
save LOGS/profile208.data LOGS/profile208.data.GYRE for model 720
save LOGS/profile209.data LOGS/profile209.data.GYRE for model 721
save LOGS/profile210.data LOGS/profile210.data.GYRE for model 722
save LOGS/profile211.data LOGS/profile211.data.GYRE for model 723
save LOGS/profile212.data LOGS/profile212.data.GYRE for model 724
save LOGS/profile213.data LOGS/profile213.data.GYRE for model 725
save LOGS/profile214.data LOGS/profile214.data.GYRE for model 726
save LOGS/profile215.data LOGS/profile215.data.GYRE for model 727
save LOGS/profile216.data LOGS/profile216.data.GYRE for model 728
save LOGS/profile217.data LOGS/profile217.data.GYRE for model 729
save LOGS/profile218.data LOGS/profile218.data.GYRE for model 730
save LOGS/profile219.data LOGS/profile219.data.GYRE for model 731
save LOGS/profile220.data LOGS/profile220.data.GYRE for model 732
save LOGS/profile221.data LOGS/profile221.data.GYRE for model 733
save LOGS/profile222.data LOGS/profile222.data.GYRE for model 734
save LOGS/profile223.data LOGS/profile223.data.GYRE for model 735
save LOGS/profile224.data LOGS/profile224.data.GYRE for model 736
save LOGS/profile225.data LOGS/profile225.data.GYRE for model 737
save LOGS/profile226.data LOGS/profile226.data.GYRE for model 738
save LOGS/profile227.data LOGS/profile227.data.GYRE for model 739
save LOGS/profile228.data LOGS/profile228.data.GYRE for model 740
save LOGS/profile229.data LOGS/profile229.data.GYRE for model 741
save LOGS/profile230.data LOGS/profile230.data.GYRE for model 742
save LOGS/profile231.data LOGS/profile231.data.GYRE for model 743
save LOGS/profile232.data LOGS/profile232.data.GYRE for model 744
save LOGS/profile233.data LOGS/profile233.data.GYRE for model 745
save LOGS/profile234.data LOGS/profile234.data.GYRE for model 746
save LOGS/profile235.data LOGS/profile235.data.GYRE for model 747
save LOGS/profile236.data LOGS/profile236.data.GYRE for model 748
save LOGS/profile237.data LOGS/profile237.data.GYRE for model 749
        750   7.300925   7726.318   0.907066   0.907066   1.700000   1.700000   0.651164   0.005279   0.280000  -2.420012   6937      0
 5.6990E+00   7.300925   0.200145 -38.632925  -0.479125 -99.000000   0.000000   0.328224   0.007544   0.020000   0.058785      5
 2.1945E+08   1.880127   0.906875  -5.785433 -41.858234  -7.447918   0.000000   0.000028   0.001867   0.020612  0.000E+00        max_dt

save LOGS/profile238.data LOGS/profile238.data.GYRE for model 750
save photos/x750 for model 750
save LOGS/profile239.data LOGS/profile239.data.GYRE for model 751
save LOGS/profile240.data LOGS/profile240.data.GYRE for model 752
save LOGS/profile241.data LOGS/profile241.data.GYRE for model 753
save LOGS/profile242.data LOGS/profile242.data.GYRE for model 754
save LOGS/profile243.data LOGS/profile243.data.GYRE for model 755
save LOGS/profile244.data LOGS/profile244.data.GYRE for model 756
save LOGS/profile245.data LOGS/profile245.data.GYRE for model 757
save LOGS/profile246.data LOGS/profile246.data.GYRE for model 758
save LOGS/profile247.data LOGS/profile247.data.GYRE for model 759
save LOGS/profile248.data LOGS/profile248.data.GYRE for model 760
save LOGS/profile249.data LOGS/profile249.data.GYRE for model 761
save LOGS/profile250.data LOGS/profile250.data.GYRE for model 762
save LOGS/profile251.data LOGS/profile251.data.GYRE for model 763
save LOGS/profile252.data LOGS/profile252.data.GYRE for model 764
save LOGS/profile253.data LOGS/profile253.data.GYRE for model 765
save LOGS/profile254.data LOGS/profile254.data.GYRE for model 766
save LOGS/profile255.data LOGS/profile255.data.GYRE for model 767
save LOGS/profile256.data LOGS/profile256.data.GYRE for model 768
save LOGS/profile257.data LOGS/profile257.data.GYRE for model 769
save LOGS/profile258.data LOGS/profile258.data.GYRE for model 770
save LOGS/profile259.data LOGS/profile259.data.GYRE for model 771
save LOGS/profile260.data LOGS/profile260.data.GYRE for model 772
save LOGS/profile261.data LOGS/profile261.data.GYRE for model 773
save LOGS/profile262.data LOGS/profile262.data.GYRE for model 774
save LOGS/profile263.data LOGS/profile263.data.GYRE for model 775
save LOGS/profile264.data LOGS/profile264.data.GYRE for model 776
save LOGS/profile265.data LOGS/profile265.data.GYRE for model 777
save LOGS/profile266.data LOGS/profile266.data.GYRE for model 778
save LOGS/profile267.data LOGS/profile267.data.GYRE for model 779
save LOGS/profile268.data LOGS/profile268.data.GYRE for model 780
save LOGS/profile269.data LOGS/profile269.data.GYRE for model 781
save LOGS/profile270.data LOGS/profile270.data.GYRE for model 782
save LOGS/profile271.data LOGS/profile271.data.GYRE for model 783
save LOGS/profile272.data LOGS/profile272.data.GYRE for model 784
save LOGS/profile273.data LOGS/profile273.data.GYRE for model 785
save LOGS/profile274.data LOGS/profile274.data.GYRE for model 786
save LOGS/profile275.data LOGS/profile275.data.GYRE for model 787
save LOGS/profile276.data LOGS/profile276.data.GYRE for model 788
save LOGS/profile277.data LOGS/profile277.data.GYRE for model 789
save LOGS/profile278.data LOGS/profile278.data.GYRE for model 790
save LOGS/profile279.data LOGS/profile279.data.GYRE for model 791
save LOGS/profile280.data LOGS/profile280.data.GYRE for model 792
save LOGS/profile281.data LOGS/profile281.data.GYRE for model 793
save LOGS/profile282.data LOGS/profile282.data.GYRE for model 794
save LOGS/profile283.data LOGS/profile283.data.GYRE for model 795
save LOGS/profile284.data LOGS/profile284.data.GYRE for model 796
save LOGS/profile285.data LOGS/profile285.data.GYRE for model 797
save LOGS/profile286.data LOGS/profile286.data.GYRE for model 798
save LOGS/profile287.data LOGS/profile287.data.GYRE for model 799
        800   7.301779   7719.768   0.909610   0.909610   1.700000   1.700000   0.645107   0.005320   0.280000  -2.423709   6936      0
 5.6990E+00   7.301779   0.202150 -38.570865  -0.471848 -99.000000   0.000000   0.334281   0.007412   0.020000   0.058943      5
 2.4445E+08   1.881438   0.909410  -5.771580 -41.762771  -7.447686   0.000000   0.000028   0.001867   0.020611  0.000E+00        max_dt

save LOGS/profile288.data LOGS/profile288.data.GYRE for model 800
save photos/x800 for model 800
save LOGS/profile289.data LOGS/profile289.data.GYRE for model 801
save LOGS/profile290.data LOGS/profile290.data.GYRE for model 802
save LOGS/profile291.data LOGS/profile291.data.GYRE for model 803
save LOGS/profile292.data LOGS/profile292.data.GYRE for model 804
save LOGS/profile293.data LOGS/profile293.data.GYRE for model 805
save LOGS/profile294.data LOGS/profile294.data.GYRE for model 806
save LOGS/profile295.data LOGS/profile295.data.GYRE for model 807
save LOGS/profile296.data LOGS/profile296.data.GYRE for model 808
save LOGS/profile297.data LOGS/profile297.data.GYRE for model 809
save LOGS/profile298.data LOGS/profile298.data.GYRE for model 810
save LOGS/profile299.data LOGS/profile299.data.GYRE for model 811
save LOGS/profile300.data LOGS/profile300.data.GYRE for model 812
save LOGS/profile301.data LOGS/profile301.data.GYRE for model 813
save LOGS/profile302.data LOGS/profile302.data.GYRE for model 814
save LOGS/profile303.data LOGS/profile303.data.GYRE for model 815
save LOGS/profile304.data LOGS/profile304.data.GYRE for model 816
save LOGS/profile305.data LOGS/profile305.data.GYRE for model 817
save LOGS/profile306.data LOGS/profile306.data.GYRE for model 818
save LOGS/profile307.data LOGS/profile307.data.GYRE for model 819
save LOGS/profile308.data LOGS/profile308.data.GYRE for model 820
save LOGS/profile309.data LOGS/profile309.data.GYRE for model 821
save LOGS/profile310.data LOGS/profile310.data.GYRE for model 822
save LOGS/profile311.data LOGS/profile311.data.GYRE for model 823
save LOGS/profile312.data LOGS/profile312.data.GYRE for model 824
save LOGS/profile313.data LOGS/profile313.data.GYRE for model 825
save LOGS/profile314.data LOGS/profile314.data.GYRE for model 826
save LOGS/profile315.data LOGS/profile315.data.GYRE for model 827
save LOGS/profile316.data LOGS/profile316.data.GYRE for model 828
save LOGS/profile317.data LOGS/profile317.data.GYRE for model 829
save LOGS/profile318.data LOGS/profile318.data.GYRE for model 830
save LOGS/profile319.data LOGS/profile319.data.GYRE for model 831
save LOGS/profile320.data LOGS/profile320.data.GYRE for model 832
save LOGS/profile321.data LOGS/profile321.data.GYRE for model 833
save LOGS/profile322.data LOGS/profile322.data.GYRE for model 834
save LOGS/profile323.data LOGS/profile323.data.GYRE for model 835
save LOGS/profile324.data LOGS/profile324.data.GYRE for model 836
save LOGS/profile325.data LOGS/profile325.data.GYRE for model 837
save LOGS/profile326.data LOGS/profile326.data.GYRE for model 838
save LOGS/profile327.data LOGS/profile327.data.GYRE for model 839
save LOGS/profile328.data LOGS/profile328.data.GYRE for model 840
save LOGS/profile329.data LOGS/profile329.data.GYRE for model 841
save LOGS/profile330.data LOGS/profile330.data.GYRE for model 842
save LOGS/profile331.data LOGS/profile331.data.GYRE for model 843
save LOGS/profile332.data LOGS/profile332.data.GYRE for model 844
save LOGS/profile333.data LOGS/profile333.data.GYRE for model 845
save LOGS/profile334.data LOGS/profile334.data.GYRE for model 846
save LOGS/profile335.data LOGS/profile335.data.GYRE for model 847
save LOGS/profile336.data LOGS/profile336.data.GYRE for model 848
save LOGS/profile337.data LOGS/profile337.data.GYRE for model 849
        850   7.302621   7712.658   0.912139   0.912139   1.700000   1.700000   0.639002   0.005367   0.280000  -2.427505   6931      0
 5.6990E+00   7.302621   0.204210 -38.509805  -0.464551 -99.000000   0.000000   0.340389   0.007280   0.020000   0.059105      5
 2.6945E+08   1.882705   0.911930  -5.758203 -41.669496  -7.447269   0.000000   0.000029   0.001867   0.020609  0.000E+00        max_dt

save LOGS/profile338.data LOGS/profile338.data.GYRE for model 850
save photos/x850 for model 850
save LOGS/profile339.data LOGS/profile339.data.GYRE for model 851
save LOGS/profile340.data LOGS/profile340.data.GYRE for model 852
save LOGS/profile341.data LOGS/profile341.data.GYRE for model 853
save LOGS/profile342.data LOGS/profile342.data.GYRE for model 854
save LOGS/profile343.data LOGS/profile343.data.GYRE for model 855
save LOGS/profile344.data LOGS/profile344.data.GYRE for model 856
save LOGS/profile345.data LOGS/profile345.data.GYRE for model 857
save LOGS/profile346.data LOGS/profile346.data.GYRE for model 858
save LOGS/profile347.data LOGS/profile347.data.GYRE for model 859
save LOGS/profile348.data LOGS/profile348.data.GYRE for model 860
save LOGS/profile349.data LOGS/profile349.data.GYRE for model 861
save LOGS/profile350.data LOGS/profile350.data.GYRE for model 862
save LOGS/profile351.data LOGS/profile351.data.GYRE for model 863
save LOGS/profile352.data LOGS/profile352.data.GYRE for model 864
save LOGS/profile353.data LOGS/profile353.data.GYRE for model 865
save LOGS/profile354.data LOGS/profile354.data.GYRE for model 866
save LOGS/profile355.data LOGS/profile355.data.GYRE for model 867
save LOGS/profile356.data LOGS/profile356.data.GYRE for model 868
save LOGS/profile357.data LOGS/profile357.data.GYRE for model 869
save LOGS/profile358.data LOGS/profile358.data.GYRE for model 870
save LOGS/profile359.data LOGS/profile359.data.GYRE for model 871
save LOGS/profile360.data LOGS/profile360.data.GYRE for model 872
save LOGS/profile361.data LOGS/profile361.data.GYRE for model 873
save LOGS/profile362.data LOGS/profile362.data.GYRE for model 874
save LOGS/profile363.data LOGS/profile363.data.GYRE for model 875
save LOGS/profile364.data LOGS/profile364.data.GYRE for model 876
save LOGS/profile365.data LOGS/profile365.data.GYRE for model 877
save LOGS/profile366.data LOGS/profile366.data.GYRE for model 878
save LOGS/profile367.data LOGS/profile367.data.GYRE for model 879
save LOGS/profile368.data LOGS/profile368.data.GYRE for model 880
save LOGS/profile369.data LOGS/profile369.data.GYRE for model 881
save LOGS/profile370.data LOGS/profile370.data.GYRE for model 882
save LOGS/profile371.data LOGS/profile371.data.GYRE for model 883
save LOGS/profile372.data LOGS/profile372.data.GYRE for model 884
save LOGS/profile373.data LOGS/profile373.data.GYRE for model 885
save LOGS/profile374.data LOGS/profile374.data.GYRE for model 886
save LOGS/profile375.data LOGS/profile375.data.GYRE for model 887
save LOGS/profile376.data LOGS/profile376.data.GYRE for model 888
save LOGS/profile377.data LOGS/profile377.data.GYRE for model 889
save LOGS/profile378.data LOGS/profile378.data.GYRE for model 890
save LOGS/profile379.data LOGS/profile379.data.GYRE for model 891
save LOGS/profile380.data LOGS/profile380.data.GYRE for model 892
save LOGS/profile381.data LOGS/profile381.data.GYRE for model 893
save LOGS/profile382.data LOGS/profile382.data.GYRE for model 894
save LOGS/profile383.data LOGS/profile383.data.GYRE for model 895
save LOGS/profile384.data LOGS/profile384.data.GYRE for model 896
save LOGS/profile385.data LOGS/profile385.data.GYRE for model 897
save LOGS/profile386.data LOGS/profile386.data.GYRE for model 898
save LOGS/profile387.data LOGS/profile387.data.GYRE for model 899
        900   7.303449   7704.982   0.914652   0.914653   1.700000   1.700000   0.632845   0.005420   0.280000  -2.431402   6928      0
 5.6990E+00   7.303449   0.206327 -38.449708  -0.457245 -99.000000   0.000000   0.346549   0.007147   0.020000   0.059271      5
 2.9445E+08   1.883929   0.914434  -5.745294 -41.578343  -7.446665   0.000000   0.000029   0.001867   0.020606  0.000E+00        max_dt

save LOGS/profile388.data LOGS/profile388.data.GYRE for model 900
save photos/x900 for model 900
save LOGS/profile389.data LOGS/profile389.data.GYRE for model 901
save LOGS/profile390.data LOGS/profile390.data.GYRE for model 902
save LOGS/profile391.data LOGS/profile391.data.GYRE for model 903
save LOGS/profile392.data LOGS/profile392.data.GYRE for model 904
save LOGS/profile393.data LOGS/profile393.data.GYRE for model 905
save LOGS/profile394.data LOGS/profile394.data.GYRE for model 906
save LOGS/profile395.data LOGS/profile395.data.GYRE for model 907
save LOGS/profile396.data LOGS/profile396.data.GYRE for model 908
save LOGS/profile397.data LOGS/profile397.data.GYRE for model 909
save LOGS/profile398.data LOGS/profile398.data.GYRE for model 910
save LOGS/profile399.data LOGS/profile399.data.GYRE for model 911
save LOGS/profile400.data LOGS/profile400.data.GYRE for model 912
save LOGS/profile2.data LOGS/profile2.data.GYRE for model 913
save LOGS/profile3.data LOGS/profile3.data.GYRE for model 914
save LOGS/profile4.data LOGS/profile4.data.GYRE for model 915
save LOGS/profile5.data LOGS/profile5.data.GYRE for model 916
save LOGS/profile6.data LOGS/profile6.data.GYRE for model 917
save LOGS/profile7.data LOGS/profile7.data.GYRE for model 918
save LOGS/profile8.data LOGS/profile8.data.GYRE for model 919
save LOGS/profile9.data LOGS/profile9.data.GYRE for model 920
save LOGS/profile10.data LOGS/profile10.data.GYRE for model 921
save LOGS/profile11.data LOGS/profile11.data.GYRE for model 922
save LOGS/profile12.data LOGS/profile12.data.GYRE for model 923
save LOGS/profile13.data LOGS/profile13.data.GYRE for model 924
save LOGS/profile14.data LOGS/profile14.data.GYRE for model 925
save LOGS/profile15.data LOGS/profile15.data.GYRE for model 926
save LOGS/profile16.data LOGS/profile16.data.GYRE for model 927
save LOGS/profile17.data LOGS/profile17.data.GYRE for model 928
save LOGS/profile18.data LOGS/profile18.data.GYRE for model 929
save LOGS/profile19.data LOGS/profile19.data.GYRE for model 930
save LOGS/profile20.data LOGS/profile20.data.GYRE for model 931
save LOGS/profile21.data LOGS/profile21.data.GYRE for model 932
save LOGS/profile22.data LOGS/profile22.data.GYRE for model 933
save LOGS/profile23.data LOGS/profile23.data.GYRE for model 934
save LOGS/profile24.data LOGS/profile24.data.GYRE for model 935
save LOGS/profile25.data LOGS/profile25.data.GYRE for model 936
save LOGS/profile26.data LOGS/profile26.data.GYRE for model 937
save LOGS/profile27.data LOGS/profile27.data.GYRE for model 938
save LOGS/profile28.data LOGS/profile28.data.GYRE for model 939
save LOGS/profile29.data LOGS/profile29.data.GYRE for model 940
save LOGS/profile30.data LOGS/profile30.data.GYRE for model 941
save LOGS/profile31.data LOGS/profile31.data.GYRE for model 942
save LOGS/profile32.data LOGS/profile32.data.GYRE for model 943
save LOGS/profile33.data LOGS/profile33.data.GYRE for model 944
save LOGS/profile34.data LOGS/profile34.data.GYRE for model 945
save LOGS/profile35.data LOGS/profile35.data.GYRE for model 946
save LOGS/profile36.data LOGS/profile36.data.GYRE for model 947
save LOGS/profile37.data LOGS/profile37.data.GYRE for model 948
save LOGS/profile38.data LOGS/profile38.data.GYRE for model 949
        950   7.304265   7696.734   0.917151   0.917151   1.700000   1.700000   0.626637   0.005478   0.280000  -2.435401   6932      0
 5.6990E+00   7.304265   0.208502 -38.390546  -0.449937 -99.000000   0.000000   0.352761   0.007013   0.020000   0.059441      5
 3.1945E+08   1.885110   0.916924  -5.732846 -41.489262  -7.445873   0.000000   0.000029   0.001867   0.020602  0.000E+00        max_dt

save LOGS/profile39.data LOGS/profile39.data.GYRE for model 950
save photos/x950 for model 950
save LOGS/profile40.data LOGS/profile40.data.GYRE for model 951
save LOGS/profile41.data LOGS/profile41.data.GYRE for model 952
save LOGS/profile42.data LOGS/profile42.data.GYRE for model 953
save LOGS/profile43.data LOGS/profile43.data.GYRE for model 954
save LOGS/profile44.data LOGS/profile44.data.GYRE for model 955
save LOGS/profile45.data LOGS/profile45.data.GYRE for model 956
save LOGS/profile46.data LOGS/profile46.data.GYRE for model 957
save LOGS/profile47.data LOGS/profile47.data.GYRE for model 958
save LOGS/profile48.data LOGS/profile48.data.GYRE for model 959
save LOGS/profile49.data LOGS/profile49.data.GYRE for model 960
save LOGS/profile50.data LOGS/profile50.data.GYRE for model 961
save LOGS/profile51.data LOGS/profile51.data.GYRE for model 962
save LOGS/profile52.data LOGS/profile52.data.GYRE for model 963
save LOGS/profile53.data LOGS/profile53.data.GYRE for model 964
save LOGS/profile54.data LOGS/profile54.data.GYRE for model 965
save LOGS/profile55.data LOGS/profile55.data.GYRE for model 966
save LOGS/profile56.data LOGS/profile56.data.GYRE for model 967
save LOGS/profile57.data LOGS/profile57.data.GYRE for model 968
save LOGS/profile58.data LOGS/profile58.data.GYRE for model 969
save LOGS/profile59.data LOGS/profile59.data.GYRE for model 970
save LOGS/profile60.data LOGS/profile60.data.GYRE for model 971
save LOGS/profile61.data LOGS/profile61.data.GYRE for model 972
save LOGS/profile62.data LOGS/profile62.data.GYRE for model 973
save LOGS/profile63.data LOGS/profile63.data.GYRE for model 974
save LOGS/profile64.data LOGS/profile64.data.GYRE for model 975
save LOGS/profile65.data LOGS/profile65.data.GYRE for model 976
save LOGS/profile66.data LOGS/profile66.data.GYRE for model 977
save LOGS/profile67.data LOGS/profile67.data.GYRE for model 978
save LOGS/profile68.data LOGS/profile68.data.GYRE for model 979
save LOGS/profile69.data LOGS/profile69.data.GYRE for model 980
save LOGS/profile70.data LOGS/profile70.data.GYRE for model 981
save LOGS/profile71.data LOGS/profile71.data.GYRE for model 982
save LOGS/profile72.data LOGS/profile72.data.GYRE for model 983
save LOGS/profile73.data LOGS/profile73.data.GYRE for model 984
save LOGS/profile74.data LOGS/profile74.data.GYRE for model 985
save LOGS/profile75.data LOGS/profile75.data.GYRE for model 986
save LOGS/profile76.data LOGS/profile76.data.GYRE for model 987
save LOGS/profile77.data LOGS/profile77.data.GYRE for model 988
save LOGS/profile78.data LOGS/profile78.data.GYRE for model 989
save LOGS/profile79.data LOGS/profile79.data.GYRE for model 990
save LOGS/profile80.data LOGS/profile80.data.GYRE for model 991
save LOGS/profile81.data LOGS/profile81.data.GYRE for model 992
save LOGS/profile82.data LOGS/profile82.data.GYRE for model 993
save LOGS/profile83.data LOGS/profile83.data.GYRE for model 994
save LOGS/profile84.data LOGS/profile84.data.GYRE for model 995
save LOGS/profile85.data LOGS/profile85.data.GYRE for model 996
save LOGS/profile86.data LOGS/profile86.data.GYRE for model 997
save LOGS/profile87.data LOGS/profile87.data.GYRE for model 998
save LOGS/profile88.data LOGS/profile88.data.GYRE for model 999

__________________________________________________________________________________________________________________________________________________

       step    lg_Tmax     Teff     lg_LH      lg_Lnuc_tot Mass       H_rich     H_cntr     N_cntr     Y_surf   eta_cntr   zones  retry
  lg_dt_yrs    lg_Tcntr    lg_R     lg_L3a     lg_Lneu     lg_Mdot    He_core    He_cntr    O_cntr     Z_surf   gam_cntr   iters  
    age_yrs    lg_Dcntr    lg_L     lg_LZ      lg_Lphoto   lg_Dsurf   CO_core    C_cntr     Ne_cntr    Z_cntr   v_div_cs       dt_limit
__________________________________________________________________________________________________________________________________________________

       1000   7.305069   7687.913   0.919635   0.919635   1.700000   1.700000   0.620377   0.005543   0.280000  -2.439502   6934      0
 5.6990E+00   7.305069   0.210736 -38.332297  -0.442636 -99.000000   0.000000   0.359027   0.006879   0.020000   0.059616      5
 3.4445E+08   1.886250   0.919399  -5.720850 -41.402199  -7.444894   0.000000   0.000030   0.001867   0.020596  0.000E+00        max_dt

save LOGS/profile89.data LOGS/profile89.data.GYRE for model 1000
save photos/1000 for model 1000
save LOGS/profile90.data LOGS/profile90.data.GYRE for model 1001
save LOGS/profile91.data LOGS/profile91.data.GYRE for model 1002
save LOGS/profile92.data LOGS/profile92.data.GYRE for model 1003
save LOGS/profile93.data LOGS/profile93.data.GYRE for model 1004
save LOGS/profile94.data LOGS/profile94.data.GYRE for model 1005
save LOGS/profile95.data LOGS/profile95.data.GYRE for model 1006
save LOGS/profile96.data LOGS/profile96.data.GYRE for model 1007
save LOGS/profile97.data LOGS/profile97.data.GYRE for model 1008
save LOGS/profile98.data LOGS/profile98.data.GYRE for model 1009
save LOGS/profile99.data LOGS/profile99.data.GYRE for model 1010
save LOGS/profile100.data LOGS/profile100.data.GYRE for model 1011
save LOGS/profile101.data LOGS/profile101.data.GYRE for model 1012
save LOGS/profile102.data LOGS/profile102.data.GYRE for model 1013
save LOGS/profile103.data LOGS/profile103.data.GYRE for model 1014
save LOGS/profile104.data LOGS/profile104.data.GYRE for model 1015
save LOGS/profile105.data LOGS/profile105.data.GYRE for model 1016
save LOGS/profile106.data LOGS/profile106.data.GYRE for model 1017
save LOGS/profile107.data LOGS/profile107.data.GYRE for model 1018
save LOGS/profile108.data LOGS/profile108.data.GYRE for model 1019
save LOGS/profile109.data LOGS/profile109.data.GYRE for model 1020
save LOGS/profile110.data LOGS/profile110.data.GYRE for model 1021
save LOGS/profile111.data LOGS/profile111.data.GYRE for model 1022
save LOGS/profile112.data LOGS/profile112.data.GYRE for model 1023
save LOGS/profile113.data LOGS/profile113.data.GYRE for model 1024
save LOGS/profile114.data LOGS/profile114.data.GYRE for model 1025
save LOGS/profile115.data LOGS/profile115.data.GYRE for model 1026
save LOGS/profile116.data LOGS/profile116.data.GYRE for model 1027
save LOGS/profile117.data LOGS/profile117.data.GYRE for model 1028
save LOGS/profile118.data LOGS/profile118.data.GYRE for model 1029
save LOGS/profile119.data LOGS/profile119.data.GYRE for model 1030
save LOGS/profile120.data LOGS/profile120.data.GYRE for model 1031
save LOGS/profile121.data LOGS/profile121.data.GYRE for model 1032
save LOGS/profile122.data LOGS/profile122.data.GYRE for model 1033
save LOGS/profile123.data LOGS/profile123.data.GYRE for model 1034
save LOGS/profile124.data LOGS/profile124.data.GYRE for model 1035
save LOGS/profile125.data LOGS/profile125.data.GYRE for model 1036
save LOGS/profile126.data LOGS/profile126.data.GYRE for model 1037
save LOGS/profile127.data LOGS/profile127.data.GYRE for model 1038
save LOGS/profile128.data LOGS/profile128.data.GYRE for model 1039
save LOGS/profile129.data LOGS/profile129.data.GYRE for model 1040
save LOGS/profile130.data LOGS/profile130.data.GYRE for model 1041
save LOGS/profile131.data LOGS/profile131.data.GYRE for model 1042
save LOGS/profile132.data LOGS/profile132.data.GYRE for model 1043
save LOGS/profile133.data LOGS/profile133.data.GYRE for model 1044
save LOGS/profile134.data LOGS/profile134.data.GYRE for model 1045
save LOGS/profile135.data LOGS/profile135.data.GYRE for model 1046
save LOGS/profile136.data LOGS/profile136.data.GYRE for model 1047
save LOGS/profile137.data LOGS/profile137.data.GYRE for model 1048
save LOGS/profile138.data LOGS/profile138.data.GYRE for model 1049
       1050   7.305860   7678.511   0.922105   0.922105   1.700000   1.700000   0.614065   0.005613   0.280000  -2.443707   6931      0
 5.6990E+00   7.305860   0.213029 -38.274934  -0.435348 -99.000000   0.000000   0.365346   0.006745   0.020000   0.059794      5
 3.6945E+08   1.887348   0.921860  -5.709300 -41.317119  -7.443724   0.000000   0.000030   0.001867   0.020589  0.000E+00        max_dt

save LOGS/profile139.data LOGS/profile139.data.GYRE for model 1050
save photos/x050 for model 1050
save LOGS/profile140.data LOGS/profile140.data.GYRE for model 1051
save LOGS/profile141.data LOGS/profile141.data.GYRE for model 1052
save LOGS/profile142.data LOGS/profile142.data.GYRE for model 1053
save LOGS/profile143.data LOGS/profile143.data.GYRE for model 1054
save LOGS/profile144.data LOGS/profile144.data.GYRE for model 1055
save LOGS/profile145.data LOGS/profile145.data.GYRE for model 1056
save LOGS/profile146.data LOGS/profile146.data.GYRE for model 1057
save LOGS/profile147.data LOGS/profile147.data.GYRE for model 1058
save LOGS/profile148.data LOGS/profile148.data.GYRE for model 1059
save LOGS/profile149.data LOGS/profile149.data.GYRE for model 1060
save LOGS/profile150.data LOGS/profile150.data.GYRE for model 1061
save LOGS/profile151.data LOGS/profile151.data.GYRE for model 1062
save LOGS/profile152.data LOGS/profile152.data.GYRE for model 1063
save LOGS/profile153.data LOGS/profile153.data.GYRE for model 1064
save LOGS/profile154.data LOGS/profile154.data.GYRE for model 1065
save LOGS/profile155.data LOGS/profile155.data.GYRE for model 1066
save LOGS/profile156.data LOGS/profile156.data.GYRE for model 1067
save LOGS/profile157.data LOGS/profile157.data.GYRE for model 1068
save LOGS/profile158.data LOGS/profile158.data.GYRE for model 1069
save LOGS/profile159.data LOGS/profile159.data.GYRE for model 1070
save LOGS/profile160.data LOGS/profile160.data.GYRE for model 1071
save LOGS/profile161.data LOGS/profile161.data.GYRE for model 1072
save LOGS/profile162.data LOGS/profile162.data.GYRE for model 1073
save LOGS/profile163.data LOGS/profile163.data.GYRE for model 1074
save LOGS/profile164.data LOGS/profile164.data.GYRE for model 1075
save LOGS/profile165.data LOGS/profile165.data.GYRE for model 1076
save LOGS/profile166.data LOGS/profile166.data.GYRE for model 1077
save LOGS/profile167.data LOGS/profile167.data.GYRE for model 1078
save LOGS/profile168.data LOGS/profile168.data.GYRE for model 1079
save LOGS/profile169.data LOGS/profile169.data.GYRE for model 1080
save LOGS/profile170.data LOGS/profile170.data.GYRE for model 1081
save LOGS/profile171.data LOGS/profile171.data.GYRE for model 1082
save LOGS/profile172.data LOGS/profile172.data.GYRE for model 1083
save LOGS/profile173.data LOGS/profile173.data.GYRE for model 1084
save LOGS/profile174.data LOGS/profile174.data.GYRE for model 1085
save LOGS/profile175.data LOGS/profile175.data.GYRE for model 1086
save LOGS/profile176.data LOGS/profile176.data.GYRE for model 1087
save LOGS/profile177.data LOGS/profile177.data.GYRE for model 1088
save LOGS/profile178.data LOGS/profile178.data.GYRE for model 1089
save LOGS/profile179.data LOGS/profile179.data.GYRE for model 1090
save LOGS/profile180.data LOGS/profile180.data.GYRE for model 1091
save LOGS/profile181.data LOGS/profile181.data.GYRE for model 1092
save LOGS/profile182.data LOGS/profile182.data.GYRE for model 1093
save LOGS/profile183.data LOGS/profile183.data.GYRE for model 1094
save LOGS/profile184.data LOGS/profile184.data.GYRE for model 1095
save LOGS/profile185.data LOGS/profile185.data.GYRE for model 1096
save LOGS/profile186.data LOGS/profile186.data.GYRE for model 1097
save LOGS/profile187.data LOGS/profile187.data.GYRE for model 1098
save LOGS/profile188.data LOGS/profile188.data.GYRE for model 1099
       1100   7.306641   7668.526   0.924561   0.924561   1.700000   1.700000   0.607698   0.005689   0.280000  -2.448013   6936      0
 5.6990E+00   7.306641   0.215383 -38.218407  -0.428081 -99.000000   0.000000   0.371721   0.006611   0.020000   0.059977      5
 3.9445E+08   1.888408   0.924308  -5.698180 -41.233924  -7.442365   0.000000   0.000031   0.001867   0.020581  0.000E+00        max_dt

save LOGS/profile189.data LOGS/profile189.data.GYRE for model 1100
save photos/x100 for model 1100
save LOGS/profile190.data LOGS/profile190.data.GYRE for model 1101
save LOGS/profile191.data LOGS/profile191.data.GYRE for model 1102
save LOGS/profile192.data LOGS/profile192.data.GYRE for model 1103
save LOGS/profile193.data LOGS/profile193.data.GYRE for model 1104
save LOGS/profile194.data LOGS/profile194.data.GYRE for model 1105
save LOGS/profile195.data LOGS/profile195.data.GYRE for model 1106
save LOGS/profile196.data LOGS/profile196.data.GYRE for model 1107
save LOGS/profile197.data LOGS/profile197.data.GYRE for model 1108
save LOGS/profile198.data LOGS/profile198.data.GYRE for model 1109
save LOGS/profile199.data LOGS/profile199.data.GYRE for model 1110
save LOGS/profile200.data LOGS/profile200.data.GYRE for model 1111
save LOGS/profile201.data LOGS/profile201.data.GYRE for model 1112
save LOGS/profile202.data LOGS/profile202.data.GYRE for model 1113
save LOGS/profile203.data LOGS/profile203.data.GYRE for model 1114
save LOGS/profile204.data LOGS/profile204.data.GYRE for model 1115
save LOGS/profile205.data LOGS/profile205.data.GYRE for model 1116
save LOGS/profile206.data LOGS/profile206.data.GYRE for model 1117
save LOGS/profile207.data LOGS/profile207.data.GYRE for model 1118
save LOGS/profile208.data LOGS/profile208.data.GYRE for model 1119
save LOGS/profile209.data LOGS/profile209.data.GYRE for model 1120
save LOGS/profile210.data LOGS/profile210.data.GYRE for model 1121
save LOGS/profile211.data LOGS/profile211.data.GYRE for model 1122
save LOGS/profile212.data LOGS/profile212.data.GYRE for model 1123
save LOGS/profile213.data LOGS/profile213.data.GYRE for model 1124
save LOGS/profile214.data LOGS/profile214.data.GYRE for model 1125
save LOGS/profile215.data LOGS/profile215.data.GYRE for model 1126
save LOGS/profile216.data LOGS/profile216.data.GYRE for model 1127
save LOGS/profile217.data LOGS/profile217.data.GYRE for model 1128
save LOGS/profile218.data LOGS/profile218.data.GYRE for model 1129
save LOGS/profile219.data LOGS/profile219.data.GYRE for model 1130
save LOGS/profile220.data LOGS/profile220.data.GYRE for model 1131
save LOGS/profile221.data LOGS/profile221.data.GYRE for model 1132
save LOGS/profile222.data LOGS/profile222.data.GYRE for model 1133
save LOGS/profile223.data LOGS/profile223.data.GYRE for model 1134
save LOGS/profile224.data LOGS/profile224.data.GYRE for model 1135
save LOGS/profile225.data LOGS/profile225.data.GYRE for model 1136
save LOGS/profile226.data LOGS/profile226.data.GYRE for model 1137
save LOGS/profile227.data LOGS/profile227.data.GYRE for model 1138
save LOGS/profile228.data LOGS/profile228.data.GYRE for model 1139
save LOGS/profile229.data LOGS/profile229.data.GYRE for model 1140
save LOGS/profile230.data LOGS/profile230.data.GYRE for model 1141
save LOGS/profile231.data LOGS/profile231.data.GYRE for model 1142
save LOGS/profile232.data LOGS/profile232.data.GYRE for model 1143
save LOGS/profile233.data LOGS/profile233.data.GYRE for model 1144
save LOGS/profile234.data LOGS/profile234.data.GYRE for model 1145
save LOGS/profile235.data LOGS/profile235.data.GYRE for model 1146
save LOGS/profile236.data LOGS/profile236.data.GYRE for model 1147
save LOGS/profile237.data LOGS/profile237.data.GYRE for model 1148
save LOGS/profile238.data LOGS/profile238.data.GYRE for model 1149
       1150   7.307412   7657.961   0.927005   0.927005   1.700000   1.700000   0.601277   0.005770   0.280000  -2.452417   6938      0
 5.6990E+00   7.307412   0.217798 -38.162672  -0.420839 -99.000000   0.000000   0.378151   0.006478   0.020000   0.060165      5
 4.1945E+08   1.889433   0.926743  -5.687473 -41.152513  -7.440819   0.000000   0.000031   0.001867   0.020572  0.000E+00        max_dt

save LOGS/profile239.data LOGS/profile239.data.GYRE for model 1150
save photos/x150 for model 1150
save LOGS/profile240.data LOGS/profile240.data.GYRE for model 1151
save LOGS/profile241.data LOGS/profile241.data.GYRE for model 1152
save LOGS/profile242.data LOGS/profile242.data.GYRE for model 1153
save LOGS/profile243.data LOGS/profile243.data.GYRE for model 1154
save LOGS/profile244.data LOGS/profile244.data.GYRE for model 1155
save LOGS/profile245.data LOGS/profile245.data.GYRE for model 1156
save LOGS/profile246.data LOGS/profile246.data.GYRE for model 1157
save LOGS/profile247.data LOGS/profile247.data.GYRE for model 1158
save LOGS/profile248.data LOGS/profile248.data.GYRE for model 1159
save LOGS/profile249.data LOGS/profile249.data.GYRE for model 1160
save LOGS/profile250.data LOGS/profile250.data.GYRE for model 1161
save LOGS/profile251.data LOGS/profile251.data.GYRE for model 1162
save LOGS/profile252.data LOGS/profile252.data.GYRE for model 1163
save LOGS/profile253.data LOGS/profile253.data.GYRE for model 1164
save LOGS/profile254.data LOGS/profile254.data.GYRE for model 1165
save LOGS/profile255.data LOGS/profile255.data.GYRE for model 1166
save LOGS/profile256.data LOGS/profile256.data.GYRE for model 1167
save LOGS/profile257.data LOGS/profile257.data.GYRE for model 1168
save LOGS/profile258.data LOGS/profile258.data.GYRE for model 1169
save LOGS/profile259.data LOGS/profile259.data.GYRE for model 1170
save LOGS/profile260.data LOGS/profile260.data.GYRE for model 1171
save LOGS/profile261.data LOGS/profile261.data.GYRE for model 1172
save LOGS/profile262.data LOGS/profile262.data.GYRE for model 1173
save LOGS/profile263.data LOGS/profile263.data.GYRE for model 1174
save LOGS/profile264.data LOGS/profile264.data.GYRE for model 1175
save LOGS/profile265.data LOGS/profile265.data.GYRE for model 1176
save LOGS/profile266.data LOGS/profile266.data.GYRE for model 1177
save LOGS/profile267.data LOGS/profile267.data.GYRE for model 1178
save LOGS/profile268.data LOGS/profile268.data.GYRE for model 1179

reached the target model
  log g      =    4.2300
  Teff       =    7651.3
  R / Rsun   =    1.6568
  log L/Lsun =    0.9282
  center h1  =    0.5974

save LOGS/profile269.data LOGS/profile269.data.GYRE for model 1180
                                         solver retries           1

                                    varcontrol dt limit         833
                                  max increase dt limit        1122
                                  max decrease dt limit           1
                                        solver dt limit           1

 model saved to dsct_M1.7_T7750_final.mod
save photos/x180 for model 1180
termination code: reached target log g
run select_model.py to pick the profile and its .GYRE file
__________________________________________________________________________________________________________________________________________________

       step    lg_Tmax     Teff     lg_LH      lg_Lnuc_tot Mass       H_rich     H_cntr     N_cntr     Y_surf   eta_cntr   zones  retry
  lg_dt_yrs    lg_Tcntr    lg_R     lg_L3a     lg_Lneu     lg_Mdot    He_core    He_cntr    O_cntr     Z_surf   gam_cntr   iters  
    age_yrs    lg_Dcntr    lg_L     lg_LZ      lg_Lphoto   lg_Dsurf   CO_core    C_cntr     Ne_cntr    Z_cntr   v_div_cs       dt_limit
__________________________________________________________________________________________________________________________________________________

       1180   7.307869   7651.344   0.928464   0.928465   1.700000   1.700000   0.597398   0.005822   0.280000  -2.455108   6936      0
 5.6990E+00   7.307869   0.219277 -38.129600  -0.416510 -99.000000   0.000000   0.382036   0.006398   0.020000   0.060280      5
 4.3445E+08   1.890030   0.928198  -5.681244 -41.104510  -7.439801   0.000000   0.000032   0.001867   0.020566  0.000E+00        max_dt

DATE: 2026-08-11
TIME: 16:06:41

--- [dsct_M1.7_T7750] selecting profile at log g = 4.230
matching on log g = 4.230   (400 profiles)

         profile   model     Teff   R/Rsun    logL    logg   nu_dyn     X_c
---------------------------------------------------------------------------
 profile269.data    1180   7651.3    1.657   0.928   4.230    5.278  0.5974
 profile268.data    1179   7651.6    1.657   0.928   4.230    5.279  0.5975
 profile267.data    1178   7651.8    1.656   0.928   4.230    5.280  0.5977
 profile266.data    1177   7652.0    1.656   0.928   4.230    5.281  0.5978
 profile265.data    1176   7652.2    1.656   0.928   4.230    5.282  0.5979
 profile264.data    1175   7652.5    1.656   0.928   4.230    5.282  0.5980
 profile263.data    1174   7652.7    1.656   0.928   4.231    5.283  0.5982
 profile262.data    1173   7652.9    1.656   0.928   4.231    5.284  0.5983

selected: LOGS/profile269.data
GYRE input: LOGS/profile269.data.GYRE

  R_Rsun             1.657   expect     1.657 +/- 0.020   OK
  logg               4.230   expect     4.230 +/- 0.005   OK
  dyn_freq_cpd       5.278   expect     5.278 +/- 0.040   OK

  Teff 7651.3 K, -98.7 K vs MW23
  detuning cut 0.15*nu_dyn = 0.792 c/d
    -> profile269.data.GYRE

--- [dsct_M1.7_T7750] generating GYRE inlists

dsct_M1.7_T7750:  nu_dyn=5.2780  Dnu=6.771  nu_ac=204.0  K=17.621 c/d
  core scan 1.47-46.0-174.9 c/d;  daughter band 3.13-9.58 c/d  (scaled)
  wrote models/dsct_M1.7_T7750/gyre/gyre_ad.in
  wrote models/dsct_M1.7_T7750/gyre/gyre_nad.in
  gnet pass 1 (l 2-15): 424 modes;  pass 2 (l 16-25): 794 modes
  wrote models/dsct_M1.7_T7750/gyre/gyre_ad_wide.in
  wrote models/dsct_M1.7_T7750/gyre/gyre_nad_wide.in
  wrote models/dsct_M1.7_T7750/gyre/gyre_ad_wide_hi.in
  wrote models/dsct_M1.7_T7750/gyre/gyre_nad_wide_hi.in

--- [dsct_M1.7_T7750] GYRE narrow net (l <= 3, |n_pg| <= 20)
gyre [9.1.1]
------------

OpenMP Threads   : 16
Input filename   : gyre_ad.in

Model Init
----------

Reading from MESA file
   File name ../mesa/LOGS/profile269.data.GYRE
   File version 1.01
   Read 7220 points
   No need to add central point

Mode Search
-----------

Mode parameters
   l : 0
   m : 0

Building frequency grid (REAL axis)
   added scan interval :  0.2785E+00 ->  0.8715E+01 (1000 points, INVERSE)
   added scan interval :  0.8715E+01 ->  0.3314E+02 (1000 points, LINEAR)

Building spatial grid
   Scaffold grid from model
   Split 0 subinterval(s) in iteration 1
   Final grid has 1 segment(s) and 7220 point(s):
      Segment 1 : x range 0.0000 -> 1.0009 (1 -> 7220)

Starting search (adiabatic)

Scanning frequencies
  Time elapsed :     0.528 s

Finding roots
  Time elapsed :      0.034 s

Processing modes
   id    l     m    n_pg    n_p    n_g       Re(omega)       Im(omega)        chi n_iter
    1    0     0       1      1      0  0.35616569E+01  0.00000000E+00 0.1457E-13      8
    2    0     0       2      2      0  0.46009229E+01  0.00000000E+00 0.6652E-14      7
    3    0     0       3      3      0  0.56311817E+01  0.00000000E+00 0.3310E-14      6
    4    0     0       4      4      0  0.66638496E+01  0.00000000E+00 0.1825E-14      6
    5    0     0       5      5      0  0.77550560E+01  0.00000000E+00 0.5581E-15      6
    6    0     0       6      6      0  0.89072914E+01  0.00000000E+00 0.3931E-13      5
    7    0     0       7      7      0  0.10067475E+02  0.00000000E+00 0.1653E-12      5
    8    0     0       8      8      0  0.11225284E+02  0.00000000E+00 0.1963E-12      5
    9    0     0       9      9      0  0.12395507E+02  0.00000000E+00 0.4672E-14      5
   10    0     0      10     10      0  0.13590457E+02  0.00000000E+00 0.4718E-13      5
   11    0     0      11     11      0  0.14808073E+02  0.00000000E+00 0.1923E-12      5
   12    0     0      12     12      0  0.16044261E+02  0.00000000E+00 0.1839E-12      5
   13    0     0      13     13      0  0.17296859E+02  0.00000000E+00 0.6907E-13      5
   14    0     0      14     14      0  0.18561528E+02  0.00000000E+00 0.5552E-15      6
   15    0     0      15     15      0  0.19832929E+02  0.00000000E+00 0.1557E-12      6
   16    0     0      16     16      0  0.21106250E+02  0.00000000E+00 0.1065E-12      5
   17    0     0      17     17      0  0.22378918E+02  0.00000000E+00 0.1380E-12      5
   18    0     0      18     18      0  0.23649235E+02  0.00000000E+00 0.3435E-13      5
   19    0     0      19     19      0  0.24916553E+02  0.00000000E+00 0.3374E-12      5
   20    0     0      20     20      0  0.26181137E+02  0.00000000E+00 0.2008E-12      5
  Time elapsed :      0.713 s

Mode Search
-----------

Mode parameters
   l : 1
   m : 0

Building frequency grid (REAL axis)
   added scan interval :  0.2785E+00 ->  0.8715E+01 (1000 points, INVERSE)
   added scan interval :  0.8715E+01 ->  0.3314E+02 (1000 points, LINEAR)

Building spatial grid
   Scaffold grid from model
   Split 0 subinterval(s) in iteration 1
   Final grid has 1 segment(s) and 7220 point(s):
      Segment 1 : x range 0.0000 -> 1.0009 (1 -> 7220)

Starting search (adiabatic)

Scanning frequencies
  Time elapsed :     1.310 s

Finding roots
  Time elapsed :      0.103 s

Processing modes
   id    l     m    n_pg    n_p    n_g       Re(omega)       Im(omega)        chi n_iter
   26    1     0     -15      0     15  0.29511872E+00  0.00000000E+00 0.5590E-13      5
   27    1     0     -14      0     14  0.31555831E+00  0.00000000E+00 0.1069E-12      5
   28    1     0     -13      0     13  0.33906653E+00  0.00000000E+00 0.2791E-13      5
   29    1     0     -12      0     12  0.36635549E+00  0.00000000E+00 0.5862E-13      6
   30    1     0     -11      0     11  0.39842588E+00  0.00000000E+00 0.6358E-14      5
   31    1     0     -10      0     10  0.43667697E+00  0.00000000E+00 0.6776E-13      5
   32    1     0      -9      0      9  0.48339481E+00  0.00000000E+00 0.1628E-12      6
   33    1     0      -8      0      8  0.54204004E+00  0.00000000E+00 0.9092E-13      6
   34    1     0      -7      0      7  0.61757221E+00  0.00000000E+00 0.2961E-13      6
   35    1     0      -6      0      6  0.71829603E+00  0.00000000E+00 0.3042E-14      5
   36    1     0      -5      0      5  0.85704798E+00  0.00000000E+00 0.9592E-13      6
   37    1     0      -4      0      4  0.10568894E+01  0.00000000E+00 0.3322E-13      5
   38    1     0      -3      0      3  0.13601122E+01  0.00000000E+00 0.4430E-13      7
   39    1     0      -2      0      2  0.18384184E+01  0.00000000E+00 0.1592E-13      5
   40    1     0      -1      0      1  0.25356211E+01  0.00000000E+00 0.2527E-13      6
   41    1     0       1      0      0  0.36536255E+01  0.00000000E+00 0.1427E-13      6
   42    1     0       2      1      0  0.47681860E+01  0.00000000E+00 0.1688E-13      6
   43    1     0       3      2      0  0.59280629E+01  0.00000000E+00 0.1582E-13      7
   44    1     0       4      3      0  0.71050222E+01  0.00000000E+00 0.1058E-13      7
   45    1     0       5      4      0  0.82911801E+01  0.00000000E+00 0.5613E-15      7
   46    1     0       6      5      0  0.94741932E+01  0.00000000E+00 0.5705E-13      5
   47    1     0       7      6      0  0.10638843E+02  0.00000000E+00 0.5490E-14      6
   48    1     0       8      7      0  0.11798962E+02  0.00000000E+00 0.1797E-13      5
   49    1     0       9      8      0  0.12976640E+02  0.00000000E+00 0.4763E-13      5
   50    1     0      10      9      0  0.14177821E+02  0.00000000E+00 0.2308E-12      5
   51    1     0      11     10      0  0.15399532E+02  0.00000000E+00 0.2847E-12      5
   52    1     0      12     11      0  0.16639142E+02  0.00000000E+00 0.5326E-13      6
   53    1     0      13     12      0  0.17894385E+02  0.00000000E+00 0.2283E-12      5
   54    1     0      14     13      0  0.19159651E+02  0.00000000E+00 0.8526E-14      5
   55    1     0      15     14      0  0.20430368E+02  0.00000000E+00 0.1821E-12      5
   56    1     0      16     15      0  0.21702059E+02  0.00000000E+00 0.6670E-13      5
   57    1     0      17     16      0  0.22972627E+02  0.00000000E+00 0.2148E-12      5
   58    1     0      18     17      0  0.24241487E+02  0.00000000E+00 0.7417E-13      5
   59    1     0      19     18      0  0.25507671E+02  0.00000000E+00 0.1008E-12      5
   60    1     0      20     19      0  0.26771841E+02  0.00000000E+00 0.7189E-13      5
  Time elapsed :      1.310 s

Mode Search
-----------

Mode parameters
   l : 2
   m : 0

Building frequency grid (REAL axis)
   added scan interval :  0.2785E+00 ->  0.8715E+01 (1000 points, INVERSE)
   added scan interval :  0.8715E+01 ->  0.3314E+02 (1000 points, LINEAR)

Building spatial grid
   Scaffold grid from model
   Split 0 subinterval(s) in iteration 1
   Final grid has 1 segment(s) and 7220 point(s):
      Segment 1 : x range 0.0000 -> 1.0009 (1 -> 7220)

Starting search (adiabatic)

Scanning frequencies
  Time elapsed :     1.216 s

Finding roots
  Time elapsed :      0.133 s

Processing modes
   id    l     m    n_pg    n_p    n_g       Re(omega)       Im(omega)        chi n_iter
   74    2     0     -20      0     20  0.38567668E+00  0.00000000E+00 0.4223E-13      6
   75    2     0     -19      0     19  0.40535965E+00  0.00000000E+00 0.6660E-13      5
   76    2     0     -18      0     18  0.42709863E+00  0.00000000E+00 0.2841E-15      5
   77    2     0     -17      0     17  0.45126375E+00  0.00000000E+00 0.1179E-14      5
   78    2     0     -16      0     16  0.47835752E+00  0.00000000E+00 0.4167E-13      5
   79    2     0     -15      0     15  0.50901241E+00  0.00000000E+00 0.1188E-12      6
   80    2     0     -14      0     14  0.54397200E+00  0.00000000E+00 0.2520E-13      6
   81    2     0     -13      0     13  0.58410965E+00  0.00000000E+00 0.3201E-13      5
   82    2     0     -12      0     12  0.63060239E+00  0.00000000E+00 0.5837E-14      5
   83    2     0     -11      0     11  0.68509802E+00  0.00000000E+00 0.1273E-12      6
   84    2     0     -10      0     10  0.74990516E+00  0.00000000E+00 0.5683E-13      6
   85    2     0      -9      0      9  0.82881553E+00  0.00000000E+00 0.7138E-13      6
   86    2     0      -8      0      8  0.92747966E+00  0.00000000E+00 0.2548E-13      5
   87    2     0      -7      0      7  0.10538495E+01  0.00000000E+00 0.1556E-13      5
   88    2     0      -6      0      6  0.12210450E+01  0.00000000E+00 0.8777E-14      5
   89    2     0      -5      0      5  0.14486718E+01  0.00000000E+00 0.1676E-13      6
   90    2     0      -4      0      4  0.17700679E+01  0.00000000E+00 0.7284E-13      6
   91    2     0      -3      0      3  0.22360494E+01  0.00000000E+00 0.7127E-13      7
   92    2     0      -2      0      2  0.28671094E+01  0.00000000E+00 0.4037E-13      6
   93    2     0      -1      0      1  0.34557470E+01  0.00000000E+00 0.5039E-14      7
   94    2     0       0      1      1  0.38973703E+01  0.00000000E+00 0.1960E-13      6
   95    2     0       1      1      0  0.46375321E+01  0.00000000E+00 0.3109E-14      5
   96    2     0       2      2      0  0.54308709E+01  0.00000000E+00 0.4750E-14      6
   97    2     0       3      3      0  0.64548933E+01  0.00000000E+00 0.2667E-14      6
   98    2     0       4      4      0  0.76021000E+01  0.00000000E+00 0.1230E-13      6
   99    2     0       5      5      0  0.87904890E+01  0.00000000E+00 0.2600E-13      5
  100    2     0       6      6      0  0.99682800E+01  0.00000000E+00 0.6339E-13      5
  101    2     0       7      7      0  0.11132206E+02  0.00000000E+00 0.4668E-13      5
  102    2     0       8      8      0  0.12301427E+02  0.00000000E+00 0.2102E-13      5
  103    2     0       9      9      0  0.13492121E+02  0.00000000E+00 0.1902E-12      5
  104    2     0      10     10      0  0.14704270E+02  0.00000000E+00 0.9658E-13      5
  105    2     0      11     11      0  0.15934606E+02  0.00000000E+00 0.3846E-12      5
  106    2     0      12     12      0  0.17181439E+02  0.00000000E+00 0.1059E-12      5
  107    2     0      13     13      0  0.18441174E+02  0.00000000E+00 0.6752E-14      5
  108    2     0      14     14      0  0.19708530E+02  0.00000000E+00 0.1385E-12      5
  109    2     0      15     15      0  0.20978912E+02  0.00000000E+00 0.8641E-13      5
  110    2     0      16     16      0  0.22249449E+02  0.00000000E+00 0.3860E-12      5
  111    2     0      17     17      0  0.23518245E+02  0.00000000E+00 0.2617E-12      5
  112    2     0      18     18      0  0.24784789E+02  0.00000000E+00 0.2679E-12      5
  113    2     0      19     19      0  0.26049059E+02  0.00000000E+00 0.3135E-12      5
  114    2     0      20     20      0  0.27311925E+02  0.00000000E+00 0.9664E-13      5
  Time elapsed :      1.627 s

Mode Search
-----------

Mode parameters
   l : 3
   m : 0

Building frequency grid (REAL axis)
   added scan interval :  0.2785E+00 ->  0.8715E+01 (1000 points, INVERSE)
   added scan interval :  0.8715E+01 ->  0.3314E+02 (1000 points, LINEAR)

Building spatial grid
   Scaffold grid from model
   Split 0 subinterval(s) in iteration 1
   Final grid has 1 segment(s) and 7220 point(s):
      Segment 1 : x range 0.0000 -> 1.0009 (1 -> 7220)

Starting search (adiabatic)

Scanning frequencies
  Time elapsed :     1.298 s

Finding roots
  Time elapsed :      0.155 s

Processing modes
   id    l     m    n_pg    n_p    n_g       Re(omega)       Im(omega)        chi n_iter
  139    3     0     -20      0     20  0.54339570E+00  0.00000000E+00 0.7401E-13      5
  140    3     0     -19      0     19  0.57091933E+00  0.00000000E+00 0.1066E-13      6
  141    3     0     -18      0     18  0.60128087E+00  0.00000000E+00 0.1240E-13      5
  142    3     0     -17      0     17  0.63498868E+00  0.00000000E+00 0.7764E-13      6
  143    3     0     -16      0     16  0.67273140E+00  0.00000000E+00 0.1516E-14      6
  144    3     0     -15      0     15  0.71536636E+00  0.00000000E+00 0.1036E-13      6
  145    3     0     -14      0     14  0.76388734E+00  0.00000000E+00 0.1079E-12      6
  146    3     0     -13      0     13  0.81944883E+00  0.00000000E+00 0.4542E-13      6
  147    3     0     -12      0     12  0.88359992E+00  0.00000000E+00 0.4814E-13      6
  148    3     0     -11      0     11  0.95850013E+00  0.00000000E+00 0.5302E-13      5
  149    3     0     -10      0     10  0.10471966E+01  0.00000000E+00 0.1613E-13      6
  150    3     0      -9      0      9  0.11547385E+01  0.00000000E+00 0.4341E-13      5
  151    3     0      -8      0      8  0.12884586E+01  0.00000000E+00 0.2433E-13      5
  152    3     0      -7      0      7  0.14584033E+01  0.00000000E+00 0.2903E-14      5
  153    3     0      -6      0      6  0.16808203E+01  0.00000000E+00 0.1874E-13      5
  154    3     0      -5      0      5  0.19789147E+01  0.00000000E+00 0.2551E-13      6
  155    3     0      -4      0      4  0.23889336E+01  0.00000000E+00 0.2255E-13      6
  156    3     0      -3      0      3  0.29394922E+01  0.00000000E+00 0.1757E-13      7
  157    3     0      -2      0      2  0.34425611E+01  0.00000000E+00 0.2545E-13      7
  158    3     0      -1      0      1  0.38678734E+01  0.00000000E+00 0.2093E-13      6
  159    3     0       0      1      1  0.44038352E+01  0.00000000E+00 0.3339E-14      7
  160    3     0       1      1      0  0.48775245E+01  0.00000000E+00 0.4935E-14      6
  161    3     0       2      2      0  0.57362180E+01  0.00000000E+00 0.7481E-15      6
  162    3     0       3      3      0  0.68574590E+01  0.00000000E+00 0.5568E-16      6
  163    3     0       4      4      0  0.80329589E+01  0.00000000E+00 0.2539E-14      6
  164    3     0       5      5      0  0.92264897E+01  0.00000000E+00 0.1351E-13      6
  165    3     0       6      6      0  0.10401879E+02  0.00000000E+00 0.1595E-12      5
  166    3     0       7      7      0  0.11567483E+02  0.00000000E+00 0.4915E-13      5
  167    3     0       8      8      0  0.12746177E+02  0.00000000E+00 0.1089E-12      5
  168    3     0       9      9      0  0.13947565E+02  0.00000000E+00 0.1556E-12      5
  169    3     0      10     10      0  0.15169220E+02  0.00000000E+00 0.7965E-13      5
  170    3     0      11     11      0  0.16408255E+02  0.00000000E+00 0.1874E-12      5
  171    3     0      12     12      0  0.17662928E+02  0.00000000E+00 0.2521E-13      5
  172    3     0      13     13      0  0.18928197E+02  0.00000000E+00 0.4913E-13      5
  173    3     0      14     14      0  0.20199431E+02  0.00000000E+00 0.1664E-12      5
  174    3     0      15     15      0  0.21471946E+02  0.00000000E+00 0.7186E-13      5
  175    3     0      16     16      0  0.22743714E+02  0.00000000E+00 0.1458E-12      5
  176    3     0      17     17      0  0.24013749E+02  0.00000000E+00 0.1209E-12      5
  177    3     0      18     18      0  0.25281060E+02  0.00000000E+00 0.2878E-12      5
  178    3     0      19     19      0  0.26546260E+02  0.00000000E+00 0.2172E-12      5
  179    3     0      20     20      0  0.27810545E+02  0.00000000E+00 0.9753E-15      5
  Time elapsed :      1.599 s

gyre [9.1.1]
------------

OpenMP Threads   : 16
Input filename   : gyre_nad.in

Model Init
----------

Reading from MESA file
   File name ../mesa/LOGS/profile269.data.GYRE
   File version 1.01
   Read 7220 points
   No need to add central point

Mode Search
-----------

Mode parameters
   l : 0
   m : 0

Building frequency grid (REAL axis)
   added scan interval :  0.2785E+00 ->  0.8715E+01 (1000 points, INVERSE)
   added scan interval :  0.8715E+01 ->  0.3314E+02 (1000 points, LINEAR)

Building spatial grid
   Scaffold grid from model
   Split 0 subinterval(s) in iteration 1
   Final grid has 1 segment(s) and 7220 point(s):
      Segment 1 : x range 0.0000 -> 1.0009 (1 -> 7220)

Starting search (adiabatic)

Scanning frequencies
  Time elapsed :     1.222 s

Finding roots
  Time elapsed :      0.072 s

Processing modes
   id    l     m    n_pg    n_p    n_g       Re(omega)       Im(omega)        chi n_iter
    1    0     0       1      1      0  0.35616578E+01  0.00000000E+00 0.5780E-14      7
    2    0     0       2      2      0  0.46009256E+01  0.00000000E+00 0.9548E-13      7
    3    0     0       3      3      0  0.56311890E+01  0.00000000E+00 0.1660E-13      6
    4    0     0       4      4      0  0.66638623E+01  0.00000000E+00 0.1477E-13      6
    5    0     0       5      5      0  0.77550707E+01  0.00000000E+00 0.2892E-13      6
    6    0     0       6      6      0  0.89073058E+01  0.00000000E+00 0.5767E-13      5
    7    0     0       7      7      0  0.10067490E+02  0.00000000E+00 0.8941E-13      6
    8    0     0       8      8      0  0.11225301E+02  0.00000000E+00 0.7963E-13      5
    9    0     0       9      9      0  0.12395526E+02  0.00000000E+00 0.3989E-12      5
   10    0     0      10     10      0  0.13590480E+02  0.00000000E+00 0.2513E-12      5
   11    0     0      11     11      0  0.14808098E+02  0.00000000E+00 0.6542E-13      5
   12    0     0      12     12      0  0.16044289E+02  0.00000000E+00 0.1224E-12      5
   13    0     0      13     13      0  0.17296890E+02  0.00000000E+00 0.7237E-13      8
   14    0     0      14     14      0  0.18561563E+02  0.00000000E+00 0.7251E-13      5
   15    0     0      15     15      0  0.19832969E+02  0.00000000E+00 0.2359E-12      6
   16    0     0      16     16      0  0.21106294E+02  0.00000000E+00 0.3549E-12      5
   17    0     0      17     17      0  0.22378967E+02  0.00000000E+00 0.2540E-13      5
   18    0     0      18     18      0  0.23649290E+02  0.00000000E+00 0.2550E-12      6
   19    0     0      19     19      0  0.24916613E+02  0.00000000E+00 0.4476E-14      5
   20    0     0      20     20      0  0.26181202E+02  0.00000000E+00 0.4076E-12      5
  Time elapsed :      0.043 s

Starting search (non-adiabatic)

Finding roots
  Time elapsed :     23.237 s

Processing modes
   id    l     m    n_pg    n_p    n_g       Re(omega)       Im(omega)        chi n_iter
    1    0     0       1      1      0  0.35616571E+01  0.23381327E-06 0.4883E-08      6
    2    0     0       2      2      0  0.46009231E+01  0.30431255E-05 0.5519E-07     11
    3    0     0       3      3      0  0.56311762E+01  0.14911464E-04 0.9075E-08     13
    4    0     0       4      4      0  0.66637998E+01  0.52375353E-04 0.1629E-07      7
    5    0     0       5      5      0  0.77547917E+01  0.15490049E-03 0.2924E-09      7
    6    0     0       6      6      0  0.89062440E+01  0.37172607E-03 0.2181E-08     10
    7    0     0       7      7      0  0.10064255E+02  0.59836694E-03 0.3627E-10      6
    8    0     0       8      8      0  0.11217883E+02  0.20574767E-03 0.7785E-11      9
    9    0     0       9      9      0  0.12382648E+02 -0.17408489E-02 0.2963E-10     11
   10    0     0      10     10      0  0.13572149E+02 -0.56420305E-02 0.9834E-11      8
   11    0     0      11     11      0  0.14785100E+02 -0.11247891E-01 0.1715E-10     10
   12    0     0      12     12      0  0.16017746E+02 -0.17950603E-01 0.4598E-11      9
   13    0     0      13     13      0  0.17267761E+02 -0.25216368E-01 0.1544E-10     10
   14    0     0      14     14      0  0.18530218E+02 -0.32935132E-01 0.1882E-11      9
   15    0     0      15     15      0  0.19799388E+02 -0.41013101E-01 0.3761E-11      8
   16    0     0      16     16      0  0.21070224E+02 -0.49229109E-01 0.3100E-11      8
   17    0     0      17     17      0  0.22340169E+02 -0.57030243E-01 0.6920E-11      8
   18    0     0      18     18      0  0.23607607E+02 -0.63816169E-01 0.4048E-11     10
   19    0     0      19     19      0  0.24871909E+02 -0.69283974E-01 0.6196E-11     10
   20    0     0      20     20      0  0.26133468E+02 -0.73304342E-01 0.2150E-11      7
  Time elapsed :      1.485 s

Mode Search
-----------

Mode parameters
   l : 1
   m : 0

Building frequency grid (REAL axis)
   added scan interval :  0.2785E+00 ->  0.8715E+01 (1000 points, INVERSE)
   added scan interval :  0.8715E+01 ->  0.3314E+02 (1000 points, LINEAR)

Building spatial grid
   Scaffold grid from model
   Split 0 subinterval(s) in iteration 1
   Final grid has 1 segment(s) and 7220 point(s):
      Segment 1 : x range 0.0000 -> 1.0009 (1 -> 7220)

Starting search (adiabatic)

Scanning frequencies
  Time elapsed :    24.006 s

Finding roots
  Time elapsed :      2.613 s

Processing modes
   id    l     m    n_pg    n_p    n_g       Re(omega)       Im(omega)        chi n_iter
   26    1     0     -15      0     15  0.29511875E+00  0.00000000E+00 0.3067E-12      5
   27    1     0     -14      0     14  0.31555832E+00  0.00000000E+00 0.8011E-13      5
   28    1     0     -13      0     13  0.33906643E+00  0.00000000E+00 0.8205E-13      5
   29    1     0     -12      0     12  0.36635532E+00  0.00000000E+00 0.3293E-12      6
   30    1     0     -11      0     11  0.39842570E+00  0.00000000E+00 0.1370E-12      5
   31    1     0     -10      0     10  0.43667671E+00  0.00000000E+00 0.3965E-12      5
   32    1     0      -9      0      9  0.48339432E+00  0.00000000E+00 0.2180E-12      6
   33    1     0      -8      0      8  0.54203940E+00  0.00000000E+00 0.1946E-12      5
   34    1     0      -7      0      7  0.61757126E+00  0.00000000E+00 0.2601E-12      6
   35    1     0      -6      0      6  0.71829456E+00  0.00000000E+00 0.2599E-12      7
   36    1     0      -5      0      5  0.85704550E+00  0.00000000E+00 0.1769E-13      6
   37    1     0      -4      0      4  0.10568847E+01  0.00000000E+00 0.1080E-12      7
   38    1     0      -3      0      3  0.13601017E+01  0.00000000E+00 0.2696E-12      5
   39    1     0      -2      0      2  0.18383896E+01  0.00000000E+00 0.3901E-12      9
   40    1     0      -1      0      1  0.25355806E+01  0.00000000E+00 0.7505E-12      8
   41    1     0       1      0      0  0.36536254E+01  0.00000000E+00 0.1780E-13      6
   42    1     0       2      1      0  0.47681859E+01  0.00000000E+00 0.3719E-13      7
   43    1     0       3      2      0  0.59280627E+01  0.00000000E+00 0.1679E-13      7
   44    1     0       4      3      0  0.71050223E+01  0.00000000E+00 0.2990E-13      7
   45    1     0       5      4      0  0.82911806E+01  0.00000000E+00 0.1139E-13      8
   46    1     0       6      5      0  0.94741948E+01  0.00000000E+00 0.3643E-14      6
   47    1     0       7      6      0  0.10638846E+02  0.00000000E+00 0.8773E-13      6
   48    1     0       8      7      0  0.11798966E+02  0.00000000E+00 0.1903E-13      5
   49    1     0       9      8      0  0.12976645E+02  0.00000000E+00 0.2074E-12      5
   50    1     0      10      9      0  0.14177828E+02  0.00000000E+00 0.2238E-12      5
   51    1     0      11     10      0  0.15399540E+02  0.00000000E+00 0.1920E-12      5
   52    1     0      12     11      0  0.16639153E+02  0.00000000E+00 0.3409E-13      8
   53    1     0      13     12      0  0.17894397E+02  0.00000000E+00 0.3149E-12      5
   54    1     0      14     13      0  0.19159664E+02  0.00000000E+00 0.1016E-12      5
   55    1     0      15     14      0  0.20430381E+02  0.00000000E+00 0.1202E-12      5
   56    1     0      16     15      0  0.21702073E+02  0.00000000E+00 0.2822E-12      5
   57    1     0      17     16      0  0.22972646E+02  0.00000000E+00 0.2228E-13      5
   58    1     0      18     17      0  0.24241510E+02  0.00000000E+00 0.1279E-12      5
   59    1     0      19     18      0  0.25507694E+02  0.00000000E+00 0.1255E-12      5
   60    1     0      20     19      0  0.26771865E+02  0.00000000E+00 0.1543E-12      5
  Time elapsed :      0.739 s

Starting search (non-adiabatic)

Finding roots
  Time elapsed :     37.781 s

Processing modes
   id    l     m    n_pg    n_p    n_g       Re(omega)       Im(omega)        chi n_iter
   26    1     0     -15      0     15  0.29511876E+00 -0.34827305E-07 0.1427E-07      6
   27    1     0     -14      0     14  0.31555833E+00 -0.22101548E-07 0.2072E-07      5
   28    1     0     -13      0     13  0.33906643E+00 -0.14111665E-07 0.1726E-07      5
   29    1     0     -12      0     12  0.36635532E+00 -0.91291795E-08 0.8988E-07      6
   30    1     0     -11      0     11  0.39842571E+00 -0.59897408E-08 0.3714E-07      5
   31    1     0     -10      0     10  0.43667671E+00 -0.39650075E-08 0.1607E-06      4
   32    1     0      -9      0      9  0.48339432E+00 -0.26255639E-08 0.6181E-07      4
   33    1     0      -8      0      8  0.54203940E+00 -0.17434379E-08 0.1463E-06      5
   34    1     0      -7      0      7  0.61757126E+00 -0.11537189E-08 0.1346E-06      5
   35    1     0      -6      0      6  0.71829456E+00 -0.74784399E-09 0.3649E-06      5
   36    1     0      -5      0      5  0.85704550E+00 -0.46259069E-09 0.2214E-06      4
   37    1     0      -4      0      4  0.10568847E+01 -0.26448672E-09 0.5083E-06      6
   38    1     0      -3      0      3  0.13601017E+01 -0.12832745E-09 0.2366E-06      6
   39    1     0      -2      0      2  0.18383896E+01 -0.24287957E-10 0.1022E-05      5
   40    1     0      -1      0      1  0.25355806E+01  0.13906170E-09 0.6523E-06      6
   41    1     0       1      0      0  0.36536257E+01  0.32954690E-06 0.2910E-07      6
   42    1     0       2      1      0  0.47681865E+01  0.44986574E-05 0.2069E-07      8
   43    1     0       3      2      0  0.59280487E+01  0.25017533E-04 0.4182E-08      5
   44    1     0       4      3      0  0.71049049E+01  0.91119658E-04 0.5529E-09      7
   45    1     0       5      4      0  0.82906396E+01  0.24817675E-03 0.8606E-10      8
   46    1     0       6      5      0  0.94722931E+01  0.50990162E-03 0.5299E-10      6
   47    1     0       7      6      0  0.10633790E+02  0.54425492E-03 0.5047E-10      9
   48    1     0       8      7      0  0.11788965E+02 -0.51419258E-03 0.2308E-10     10
   49    1     0       9      8      0  0.12961114E+02 -0.33926558E-02 0.3713E-10     10
   50    1     0      10      9      0  0.14157206E+02 -0.81409480E-02 0.1244E-10      7
   51    1     0      11     10      0  0.15374801E+02 -0.14312805E-01 0.1783E-10      8
   52    1     0      12     11      0  0.16611394E+02 -0.21282111E-01 0.3535E-10      9
   53    1     0      13     12      0  0.17864290E+02 -0.28737002E-01 0.1063E-10      9
   54    1     0      14     13      0  0.19127362E+02 -0.36621553E-01 0.1722E-10     12
   55    1     0      15     14      0  0.20395715E+02 -0.44820954E-01 0.6280E-11      7
   56    1     0      16     15      0  0.21664798E+02 -0.52908899E-01 0.8750E-11      7
   57    1     0      17     16      0  0.22932539E+02 -0.60321598E-01 0.1065E-10     10
   58    1     0      18     17      0  0.24198423E+02 -0.66557769E-01 0.3808E-11     10
   59    1     0      19     18      0  0.25461560E+02 -0.71351869E-01 0.9448E-11      8
   60    1     0      20     19      0  0.26722692E+02 -0.74820909E-01 0.2741E-11      8
  Time elapsed :      2.444 s

Mode Search
-----------

Mode parameters
   l : 2
   m : 0

Building frequency grid (REAL axis)
   added scan interval :  0.2785E+00 ->  0.8715E+01 (1000 points, INVERSE)
   added scan interval :  0.8715E+01 ->  0.3314E+02 (1000 points, LINEAR)

Building spatial grid
   Scaffold grid from model
   Split 0 subinterval(s) in iteration 1
   Final grid has 1 segment(s) and 7220 point(s):
      Segment 1 : x range 0.0000 -> 1.0009 (1 -> 7220)

Starting search (adiabatic)

Scanning frequencies
  Time elapsed :    23.798 s

Finding roots
  Time elapsed :      3.154 s

Processing modes
   id    l     m    n_pg    n_p    n_g       Re(omega)       Im(omega)        chi n_iter
   74    2     0     -20      0     20  0.38567710E+00  0.00000000E+00 0.1650E-14      5
   75    2     0     -19      0     19  0.40536000E+00  0.00000000E+00 0.1600E-12      5
   76    2     0     -18      0     18  0.42709889E+00  0.00000000E+00 0.1922E-12      5
   77    2     0     -17      0     17  0.45126392E+00  0.00000000E+00 0.1143E-12      5
   78    2     0     -16      0     16  0.47835757E+00  0.00000000E+00 0.7531E-13      5
   79    2     0     -15      0     15  0.50901246E+00  0.00000000E+00 0.1998E-12      6
   80    2     0     -14      0     14  0.54397201E+00  0.00000000E+00 0.5993E-13      6
   81    2     0     -13      0     13  0.58410946E+00  0.00000000E+00 0.1280E-12      5
   82    2     0     -12      0     12  0.63060209E+00  0.00000000E+00 0.1273E-12      5
   83    2     0     -11      0     11  0.68509771E+00  0.00000000E+00 0.2024E-14      6
   84    2     0     -10      0     10  0.74990468E+00  0.00000000E+00 0.7992E-13      6
   85    2     0      -9      0      9  0.82881468E+00  0.00000000E+00 0.2355E-13      5
   86    2     0      -8      0      8  0.92747853E+00  0.00000000E+00 0.7525E-13      5
   87    2     0      -7      0      7  0.10538478E+01  0.00000000E+00 0.1429E-12      5
   88    2     0      -6      0      6  0.12210424E+01  0.00000000E+00 0.1583E-12      7
   89    2     0      -5      0      5  0.14486674E+01  0.00000000E+00 0.2731E-13      7
   90    2     0      -4      0      4  0.17700595E+01  0.00000000E+00 0.2244E-13      6
   91    2     0      -3      0      3  0.22360304E+01  0.00000000E+00 0.1708E-13      6
   92    2     0      -2      0      2  0.28670592E+01  0.00000000E+00 0.6294E-14      6
   93    2     0      -1      0      1  0.34557039E+01  0.00000000E+00 0.3188E-13      7
   94    2     0       0      1      1  0.38973507E+01  0.00000000E+00 0.1129E-12      7
   95    2     0       1      1      0  0.46375274E+01  0.00000000E+00 0.3273E-13      5
   96    2     0       2      2      0  0.54308698E+01  0.00000000E+00 0.2713E-13      6
   97    2     0       3      3      0  0.64548934E+01  0.00000000E+00 0.5867E-14      6
   98    2     0       4      4      0  0.76021004E+01  0.00000000E+00 0.1903E-14      6
   99    2     0       5      5      0  0.87904891E+01  0.00000000E+00 0.1715E-12      6
  100    2     0       6      6      0  0.99682809E+01  0.00000000E+00 0.9778E-13      6
  101    2     0       7      7      0  0.11132208E+02  0.00000000E+00 0.1596E-12      5
  102    2     0       8      8      0  0.12301432E+02  0.00000000E+00 0.9785E-14      6
  103    2     0       9      9      0  0.13492127E+02  0.00000000E+00 0.6977E-13      5
  104    2     0      10     10      0  0.14704277E+02  0.00000000E+00 0.1097E-13      5
  105    2     0      11     11      0  0.15934615E+02  0.00000000E+00 0.1954E-13      5
  106    2     0      12     12      0  0.17181448E+02  0.00000000E+00 0.3708E-12      5
  107    2     0      13     13      0  0.18441185E+02  0.00000000E+00 0.1351E-12      5
  108    2     0      14     14      0  0.19708543E+02  0.00000000E+00 0.4920E-12      6
  109    2     0      15     15      0  0.20978926E+02  0.00000000E+00 0.2151E-12      5
  110    2     0      16     16      0  0.22249465E+02  0.00000000E+00 0.7278E-12      5
  111    2     0      17     17      0  0.23518264E+02  0.00000000E+00 0.6713E-12      5
  112    2     0      18     18      0  0.24784810E+02  0.00000000E+00 0.7202E-13      5
  113    2     0      19     19      0  0.26049081E+02  0.00000000E+00 0.1661E-12      5
  114    2     0      20     20      0  0.27311951E+02  0.00000000E+00 0.2379E-12      5
  Time elapsed :      1.078 s

Starting search (non-adiabatic)

Finding roots
  Time elapsed :     43.202 s

Processing modes
   id    l     m    n_pg    n_p    n_g       Re(omega)       Im(omega)        chi n_iter
   74    2     0     -20      0     20  0.38567718E+00 -0.18043478E-06 0.1556E-08      4
   75    2     0     -19      0     19  0.40536008E+00 -0.13616676E-06 0.3489E-08      6
   76    2     0     -18      0     18  0.42709895E+00 -0.99119164E-07 0.6084E-08      6
   77    2     0     -17      0     17  0.45126397E+00 -0.68957285E-07 0.2119E-08      5
   78    2     0     -16      0     16  0.47835760E+00 -0.45989647E-07 0.1365E-07      4
   79    2     0     -15      0     15  0.50901248E+00 -0.29918721E-07 0.6628E-08      5
   80    2     0     -14      0     14  0.54397202E+00 -0.19431474E-07 0.3901E-07      6
   81    2     0     -13      0     13  0.58410947E+00 -0.12815156E-07 0.8302E-07      5
   82    2     0     -12      0     12  0.63060209E+00 -0.86318906E-08 0.9071E-07      5
   83    2     0     -11      0     11  0.68509771E+00 -0.59174509E-08 0.1239E-06      4
   84    2     0     -10      0     10  0.74990468E+00 -0.40782082E-08 0.1882E-06      4
   85    2     0      -9      0      9  0.82881468E+00 -0.27859700E-08 0.1096E-06      4
   86    2     0      -8      0      8  0.92747853E+00 -0.18885558E-08 0.8606E-07      4
   87    2     0      -7      0      7  0.10538478E+01 -0.12656247E-08 0.7817E-07      4
   88    2     0      -6      0      6  0.12210424E+01 -0.82516620E-09 0.4316E-06      7
   89    2     0      -5      0      5  0.14486674E+01 -0.50259582E-09 0.3137E-06      5
   90    2     0      -4      0      4  0.17700595E+01 -0.24381230E-09 0.4754E-06      5
   91    2     0      -3      0      3  0.22360304E+01  0.11989933E-09 0.2096E-06      4
   92    2     0      -2      0      2  0.28670592E+01  0.28055074E-08 0.5471E-06      5
   93    2     0      -1      0      1  0.34557039E+01  0.65213906E-07 0.3353E-06      5
   94    2     0       0      1      1  0.38973510E+01  0.39995041E-06 0.1199E-06      6
   95    2     0       1      1      0  0.46375279E+01  0.22759323E-05 0.1693E-06      7
   96    2     0       2      2      0  0.54308672E+01  0.10018674E-04 0.4943E-07      6
   97    2     0       3      3      0  0.64548552E+01  0.43711672E-04 0.7625E-08      7
   98    2     0       4      4      0  0.76018698E+01  0.14172609E-03 0.1416E-08      6
   99    2     0       5      5      0  0.87895424E+01  0.35174304E-03 0.3523E-09      9
  100    2     0       6      6      0  0.99652943E+01  0.59440414E-03 0.3451E-09     11
  101    2     0       7      7      0  0.11125188E+02  0.28440867E-03 0.6083E-10      9
  102    2     0       8      8      0  0.12289025E+02 -0.15121703E-02 0.4714E-10      7
  103    2     0       9      9      0  0.13474276E+02 -0.52377768E-02 0.6688E-10     12
  104    2     0      10     10      0  0.14681718E+02 -0.10682671E-01 0.2434E-10     10
  105    2     0      11     11      0  0.15908439E+02 -0.17268640E-01 0.1289E-10      7
  106    2     0      12     12      0  0.17152636E+02 -0.24446370E-01 0.7467E-11      8
  107    2     0      13     13      0  0.18410146E+02 -0.32086604E-01 0.9837E-11      9
  108    2     0      14     14      0  0.19675281E+02 -0.40105716E-01 0.1885E-10      9
  109    2     0      15     15      0  0.20943191E+02 -0.48318652E-01 0.1417E-10      9
  110    2     0      16     16      0  0.22211018E+02 -0.56182520E-01 0.4298E-11      8
  111    2     0      17     17      0  0.23476935E+02 -0.63100925E-01 0.5127E-11      7
  112    2     0      18     18      0  0.24740452E+02 -0.68741907E-01 0.5345E-11      7
  113    2     0      19     19      0  0.26001676E+02 -0.72927047E-01 0.5429E-11      9
  114    2     0      20     20      0  0.27261507E+02 -0.75982534E-01 0.1862E-11      8
  Time elapsed :      2.823 s

Mode Search
-----------

Mode parameters
   l : 3
   m : 0

Building frequency grid (REAL axis)
   added scan interval :  0.2785E+00 ->  0.8715E+01 (1000 points, INVERSE)
   added scan interval :  0.8715E+01 ->  0.3314E+02 (1000 points, LINEAR)

Building spatial grid
   Scaffold grid from model
   Split 0 subinterval(s) in iteration 1
   Final grid has 1 segment(s) and 7220 point(s):
      Segment 1 : x range 0.0000 -> 1.0009 (1 -> 7220)

Starting search (adiabatic)

Scanning frequencies
  Time elapsed :    23.336 s

Finding roots
  Time elapsed :      3.785 s

Processing modes
   id    l     m    n_pg    n_p    n_g       Re(omega)       Im(omega)        chi n_iter
  139    3     0     -20      0     20  0.54339626E+00  0.00000000E+00 0.8081E-13      5
  140    3     0     -19      0     19  0.57091982E+00  0.00000000E+00 0.9484E-13      6
  141    3     0     -18      0     18  0.60128122E+00  0.00000000E+00 0.6361E-13      5
  142    3     0     -17      0     17  0.63498891E+00  0.00000000E+00 0.9966E-13      6
  143    3     0     -16      0     16  0.67273147E+00  0.00000000E+00 0.4060E-13      6
  144    3     0     -15      0     15  0.71536641E+00  0.00000000E+00 0.1263E-12      6
  145    3     0     -14      0     14  0.76388732E+00  0.00000000E+00 0.5896E-13      6
  146    3     0     -13      0     13  0.81944854E+00  0.00000000E+00 0.8391E-13      6
  147    3     0     -12      0     12  0.88359950E+00  0.00000000E+00 0.2823E-13      6
  148    3     0     -11      0     11  0.95849970E+00  0.00000000E+00 0.6948E-13      5
  149    3     0     -10      0     10  0.10471959E+01  0.00000000E+00 0.4890E-13      6
  150    3     0      -9      0      9  0.11547373E+01  0.00000000E+00 0.1484E-13      5
  151    3     0      -8      0      8  0.12884570E+01  0.00000000E+00 0.7541E-13      5
  152    3     0      -7      0      7  0.14584010E+01  0.00000000E+00 0.3323E-13      5
  153    3     0      -6      0      6  0.16808168E+01  0.00000000E+00 0.1794E-13      5
  154    3     0      -5      0      5  0.19789089E+01  0.00000000E+00 0.1154E-12      7
  155    3     0      -4      0      4  0.23889227E+01  0.00000000E+00 0.1807E-13      6
  156    3     0      -3      0      3  0.29394694E+01  0.00000000E+00 0.3348E-13      7
  157    3     0      -2      0      2  0.34425297E+01  0.00000000E+00 0.6216E-13      9
  158    3     0      -1      0      1  0.38677896E+01  0.00000000E+00 0.4054E-14      6
  159    3     0       0      1      1  0.44038088E+01  0.00000000E+00 0.4410E-13      6
  160    3     0       1      1      0  0.48775129E+01  0.00000000E+00 0.3924E-13      6
  161    3     0       2      2      0  0.57362172E+01  0.00000000E+00 0.1312E-13      9
  162    3     0       3      3      0  0.68574591E+01  0.00000000E+00 0.9204E-14      7
  163    3     0       4      4      0  0.80329592E+01  0.00000000E+00 0.2707E-14      7
  164    3     0       5      5      0  0.92264902E+01  0.00000000E+00 0.1955E-13      5
  165    3     0       6      6      0  0.10401881E+02  0.00000000E+00 0.2191E-12      5
  166    3     0       7      7      0  0.11567486E+02  0.00000000E+00 0.4438E-12      6
  167    3     0       8      8      0  0.12746181E+02  0.00000000E+00 0.5475E-13      6
  168    3     0       9      9      0  0.13947571E+02  0.00000000E+00 0.6782E-13      6
  169    3     0      10     10      0  0.15169227E+02  0.00000000E+00 0.2102E-12      5
  170    3     0      11     11      0  0.16408264E+02  0.00000000E+00 0.1603E-12      6
  171    3     0      12     12      0  0.17662938E+02  0.00000000E+00 0.1042E-12      6
  172    3     0      13     13      0  0.18928208E+02  0.00000000E+00 0.1282E-12      5
  173    3     0      14     14      0  0.20199443E+02  0.00000000E+00 0.1675E-12      5
  174    3     0      15     15      0  0.21471959E+02  0.00000000E+00 0.3615E-12      5
  175    3     0      16     16      0  0.22743731E+02  0.00000000E+00 0.2396E-12      5
  176    3     0      17     17      0  0.24013770E+02  0.00000000E+00 0.2967E-13      6
  177    3     0      18     18      0  0.25281080E+02  0.00000000E+00 0.5301E-12      5
  178    3     0      19     19      0  0.26546281E+02  0.00000000E+00 0.3633E-12      5
  179    3     0      20     20      0  0.27810569E+02  0.00000000E+00 0.6686E-13      5
  Time elapsed :      1.046 s

Starting search (non-adiabatic)

Finding roots
  Time elapsed :     46.600 s

Processing modes
   id    l     m    n_pg    n_p    n_g       Re(omega)       Im(omega)        chi n_iter
  139    3     0     -20      0     20  0.54339637E+00 -0.17113502E-06 0.1459E-07      4
  140    3     0     -19      0     19  0.57091991E+00 -0.12348804E-06 0.6087E-08      4
  141    3     0     -18      0     18  0.60128129E+00 -0.87353270E-07 0.5694E-08      5
  142    3     0     -17      0     17  0.63498896E+00 -0.59945819E-07 0.2972E-07      7
  143    3     0     -16      0     16  0.67273150E+00 -0.40033682E-07 0.5295E-08      6
  144    3     0     -15      0     15  0.71536644E+00 -0.26507390E-07 0.3837E-07      6
  145    3     0     -14      0     14  0.76388734E+00 -0.17806700E-07 0.2221E-07      6
  146    3     0     -13      0     13  0.81944855E+00 -0.12296832E-07 0.1211E-06      4
  147    3     0     -12      0     12  0.88359950E+00 -0.87150863E-08 0.7196E-07      5
  148    3     0     -11      0     11  0.95849970E+00 -0.62563055E-08 0.1233E-06      5
  149    3     0     -10      0     10  0.10471959E+01 -0.44557409E-08 0.4634E-06      7
  150    3     0      -9      0      9  0.11547373E+01 -0.30988582E-08 0.2823E-06      4
  151    3     0      -8      0      8  0.12884570E+01 -0.21165096E-08 0.1819E-06      5
  152    3     0      -7      0      7  0.14584010E+01 -0.14199499E-08 0.1899E-06      5
  153    3     0      -6      0      6  0.16808168E+01 -0.91274097E-09 0.2602E-06      7
  154    3     0      -5      0      5  0.19789089E+01 -0.48843775E-09 0.4500E-06      5
  155    3     0      -4      0      4  0.23889227E+01  0.15599347E-09 0.3862E-06      7
  156    3     0      -3      0      3  0.29394694E+01  0.57797551E-08 0.5128E-06      4
  157    3     0      -2      0      2  0.34425298E+01  0.84637706E-07 0.1369E-06      5
  158    3     0      -1      0      1  0.38677897E+01  0.15646903E-06 0.1326E-06      7
  159    3     0       0      1      1  0.44038093E+01  0.12751607E-05 0.5903E-07      7
  160    3     0       1      1      0  0.48775131E+01  0.24526154E-05 0.5045E-07      7
  161    3     0       2      2      0  0.57362096E+01  0.17658474E-04 0.1133E-07      7
  162    3     0       3      3      0  0.68573810E+01  0.69574346E-04 0.1792E-08     10
  163    3     0       4      4      0  0.80325614E+01  0.20348275E-03 0.1178E-08      6
  164    3     0       5      5      0  0.92249942E+01  0.45522712E-03 0.2181E-09      7
  165    3     0       6      6      0  0.10397623E+02  0.59537217E-03 0.8868E-10      7
  166    3     0       7      7      0  0.11558523E+02 -0.17273188E-03 0.8465E-10     12
  167    3     0       8      8      0  0.12731660E+02 -0.26891693E-02 0.5389E-10      9
  168    3     0       9      9      0  0.13927795E+02 -0.71288717E-02 0.1065E-09     10
  169    3     0      10     10      0  0.15145118E+02 -0.13105868E-01 0.2706E-11     11
  170    3     0      11     11      0  0.16380946E+02 -0.19985480E-01 0.1531E-10      7
  171    3     0      12     12      0  0.17633202E+02 -0.27365430E-01 0.1775E-10      9
  172    3     0      13     13      0  0.18896277E+02 -0.35189442E-01 0.1113E-10      9
  173    3     0      14     14      0  0.20165201E+02 -0.43351864E-01 0.7458E-11     10
  174    3     0      15     15      0  0.21435149E+02 -0.51511413E-01 0.8069E-11     10
  175    3     0      16     16      0  0.22704116E+02 -0.59107185E-01 0.2513E-11      7
  176    3     0      17     17      0  0.23971203E+02 -0.65575334E-01 0.6997E-11     11
  177    3     0      18     18      0  0.25235464E+02 -0.70644370E-01 0.1113E-12     11
  178    3     0      19     19      0  0.26497617E+02 -0.74329157E-01 0.1227E-11     10
  179    3     0      20     20      0  0.27758857E+02 -0.77113312E-01 0.5872E-11      8
  Time elapsed :      2.540 s

=== adiabatic (summary_ad.h5, windows from gyre_ad.in) ===
137 modes total, 4 l values requested

  l  count     n_pg range       freq range (c/d)   gaps
--------------------------------------------------------
  0     20      1 ..   20     18.798 ..  138.183      0
  1     35    -15 ..   20      1.558 ..  141.301      0
  2     41    -20 ..   20      2.036 ..  144.151      0
  3     41    -20 ..   20      2.868 ..  146.783      0

137 detail files, 7220 grid points in detail.l2.n+20.h5
dlnrho/dlnr from (As, V_2, Gamma_1) vs numerical
  median rel err 2.77e-07, 95th pct 1.57e-04

=== nonadiabatic (summary_nad.h5) ===

38 driven modes (gamma < 0) of 137
  driven n_pg range -4 .. 8,  freq 11.80 .. 59.21 c/d
  mostly p-modes, as expected for the kappa mechanism
  damping rates (dimensionless): 2.429e-11 .. 7.711e-02
  gamma covers 137 of 137 adiabatic modes (0 duplicate n_pg labels in the nad summary, harmless)

OK

--- [dsct_M1.7_T7750] stages 3-5: triplets, kappa, observables
loading models/dsct_M1.7_T7750 ...
  137 modes, sqrt(GM/R^3) = 3.838241e-04 rad/s, detuning cut = 5.757361e-05 rad/s
stage 3: enumerating triplets ...
  4866 radial triplets, 74520 with m  [3.6s]
  -> out/triplets_dsct_M1.7_T7750.csv
stages 4-5: kappa, mu, thresholds ...
  74520 rows  [111.7s]
  -> out/observables_dsct_M1.7_T7750.csv
  -> out/kappa_dsct_M1.7_T7750.csv
done in 117.3s

--- [dsct_M1.7_T7750] GYRE wide net pass 1 (l <= 15)
gyre [9.1.1]
------------

OpenMP Threads   : 16
Input filename   : gyre_ad_wide.in

Model Init
----------

Reading from MESA file
   File name ../mesa/LOGS/profile269.data.GYRE
   File version 1.01
   Read 7220 points
   No need to add central point

Mode Search
-----------

Mode parameters
   l : 0
   m : 0

Building frequency grid (REAL axis)
   added scan interval :  0.2785E+00 ->  0.8715E+01 (1000 points, INVERSE)
   added scan interval :  0.8715E+01 ->  0.3314E+02 (1000 points, LINEAR)

Building spatial grid
   Scaffold grid from model
   Split 0 subinterval(s) in iteration 1
   Final grid has 1 segment(s) and 7220 point(s):
      Segment 1 : x range 0.0000 -> 1.0009 (1 -> 7220)

Starting search (adiabatic)

Scanning frequencies
  Time elapsed :     0.533 s

Finding roots
  Time elapsed :      0.034 s

Processing modes
   id    l     m    n_pg    n_p    n_g       Re(omega)       Im(omega)        chi n_iter
    1    0     0       1      1      0  0.35616569E+01  0.00000000E+00 0.1457E-13      8
    2    0     0       2      2      0  0.46009229E+01  0.00000000E+00 0.6652E-14      7
    3    0     0       3      3      0  0.56311817E+01  0.00000000E+00 0.3310E-14      6
    4    0     0       4      4      0  0.66638496E+01  0.00000000E+00 0.1825E-14      6
    5    0     0       5      5      0  0.77550560E+01  0.00000000E+00 0.5581E-15      6
    6    0     0       6      6      0  0.89072914E+01  0.00000000E+00 0.3931E-13      5
    7    0     0       7      7      0  0.10067475E+02  0.00000000E+00 0.1653E-12      5
    8    0     0       8      8      0  0.11225284E+02  0.00000000E+00 0.1963E-12      5
    9    0     0       9      9      0  0.12395507E+02  0.00000000E+00 0.4672E-14      5
   10    0     0      10     10      0  0.13590457E+02  0.00000000E+00 0.4718E-13      5
   11    0     0      11     11      0  0.14808073E+02  0.00000000E+00 0.1923E-12      5
   12    0     0      12     12      0  0.16044261E+02  0.00000000E+00 0.1839E-12      5
   13    0     0      13     13      0  0.17296859E+02  0.00000000E+00 0.6907E-13      5
   14    0     0      14     14      0  0.18561528E+02  0.00000000E+00 0.5552E-15      6
   15    0     0      15     15      0  0.19832929E+02  0.00000000E+00 0.1557E-12      6
   16    0     0      16     16      0  0.21106250E+02  0.00000000E+00 0.1065E-12      5
   17    0     0      17     17      0  0.22378918E+02  0.00000000E+00 0.1380E-12      5
   18    0     0      18     18      0  0.23649235E+02  0.00000000E+00 0.3435E-13      5
   19    0     0      19     19      0  0.24916553E+02  0.00000000E+00 0.3374E-12      5
   20    0     0      20     20      0  0.26181137E+02  0.00000000E+00 0.2008E-12      5
  Time elapsed :      0.729 s

Mode Search
-----------

Mode parameters
   l : 1
   m : 0

Building frequency grid (REAL axis)
   added scan interval :  0.2785E+00 ->  0.8715E+01 (1000 points, INVERSE)
   added scan interval :  0.8715E+01 ->  0.3314E+02 (1000 points, LINEAR)

Building spatial grid
   Scaffold grid from model
   Split 0 subinterval(s) in iteration 1
   Final grid has 1 segment(s) and 7220 point(s):
      Segment 1 : x range 0.0000 -> 1.0009 (1 -> 7220)

Starting search (adiabatic)

Scanning frequencies
  Time elapsed :     1.264 s

Finding roots
  Time elapsed :      0.105 s

Processing modes
   id    l     m    n_pg    n_p    n_g       Re(omega)       Im(omega)        chi n_iter
   26    1     0     -15      0     15  0.29511872E+00  0.00000000E+00 0.5590E-13      5
   27    1     0     -14      0     14  0.31555831E+00  0.00000000E+00 0.1069E-12      5
   28    1     0     -13      0     13  0.33906653E+00  0.00000000E+00 0.2791E-13      5
   29    1     0     -12      0     12  0.36635549E+00  0.00000000E+00 0.5862E-13      6
   30    1     0     -11      0     11  0.39842588E+00  0.00000000E+00 0.6358E-14      5
   31    1     0     -10      0     10  0.43667697E+00  0.00000000E+00 0.6776E-13      5
   32    1     0      -9      0      9  0.48339481E+00  0.00000000E+00 0.1628E-12      6
   33    1     0      -8      0      8  0.54204004E+00  0.00000000E+00 0.9092E-13      6
   34    1     0      -7      0      7  0.61757221E+00  0.00000000E+00 0.2961E-13      6
   35    1     0      -6      0      6  0.71829603E+00  0.00000000E+00 0.3042E-14      5
   36    1     0      -5      0      5  0.85704798E+00  0.00000000E+00 0.9592E-13      6
   37    1     0      -4      0      4  0.10568894E+01  0.00000000E+00 0.3322E-13      5
   38    1     0      -3      0      3  0.13601122E+01  0.00000000E+00 0.4430E-13      7
   39    1     0      -2      0      2  0.18384184E+01  0.00000000E+00 0.1592E-13      5
   40    1     0      -1      0      1  0.25356211E+01  0.00000000E+00 0.2527E-13      6
   41    1     0       1      0      0  0.36536255E+01  0.00000000E+00 0.1427E-13      6
   42    1     0       2      1      0  0.47681860E+01  0.00000000E+00 0.1688E-13      6
   43    1     0       3      2      0  0.59280629E+01  0.00000000E+00 0.1582E-13      7
   44    1     0       4      3      0  0.71050222E+01  0.00000000E+00 0.1058E-13      7
   45    1     0       5      4      0  0.82911801E+01  0.00000000E+00 0.5613E-15      7
   46    1     0       6      5      0  0.94741932E+01  0.00000000E+00 0.5705E-13      5
   47    1     0       7      6      0  0.10638843E+02  0.00000000E+00 0.5490E-14      6
   48    1     0       8      7      0  0.11798962E+02  0.00000000E+00 0.1797E-13      5
   49    1     0       9      8      0  0.12976640E+02  0.00000000E+00 0.4763E-13      5
   50    1     0      10      9      0  0.14177821E+02  0.00000000E+00 0.2308E-12      5
   51    1     0      11     10      0  0.15399532E+02  0.00000000E+00 0.2847E-12      5
   52    1     0      12     11      0  0.16639142E+02  0.00000000E+00 0.5326E-13      6
   53    1     0      13     12      0  0.17894385E+02  0.00000000E+00 0.2283E-12      5
   54    1     0      14     13      0  0.19159651E+02  0.00000000E+00 0.8526E-14      5
   55    1     0      15     14      0  0.20430368E+02  0.00000000E+00 0.1821E-12      5
   56    1     0      16     15      0  0.21702059E+02  0.00000000E+00 0.6670E-13      5
   57    1     0      17     16      0  0.22972627E+02  0.00000000E+00 0.2148E-12      5
   58    1     0      18     17      0  0.24241487E+02  0.00000000E+00 0.7417E-13      5
   59    1     0      19     18      0  0.25507671E+02  0.00000000E+00 0.1008E-12      5
   60    1     0      20     19      0  0.26771841E+02  0.00000000E+00 0.7189E-13      5
  Time elapsed :      1.224 s

Mode Search
-----------

Mode parameters
   l : 2
   m : 0

Building frequency grid (REAL axis)
   added scan interval :  0.2785E+00 ->  0.8715E+01 (1000 points, INVERSE)
   added scan interval :  0.8715E+01 ->  0.3314E+02 (1000 points, LINEAR)

Building spatial grid
   Scaffold grid from model
   Split 0 subinterval(s) in iteration 1
   Final grid has 1 segment(s) and 7220 point(s):
      Segment 1 : x range 0.0000 -> 1.0009 (1 -> 7220)

Starting search (adiabatic)

Scanning frequencies
  Time elapsed :     1.199 s

Finding roots
  Time elapsed :      0.130 s

Processing modes
   id    l     m    n_pg    n_p    n_g       Re(omega)       Im(omega)        chi n_iter
   74    2     0     -20      0     20  0.38567668E+00  0.00000000E+00 0.4223E-13      6
   75    2     0     -19      0     19  0.40535965E+00  0.00000000E+00 0.6660E-13      5
   76    2     0     -18      0     18  0.42709863E+00  0.00000000E+00 0.2841E-15      5
   77    2     0     -17      0     17  0.45126375E+00  0.00000000E+00 0.1179E-14      5
   78    2     0     -16      0     16  0.47835752E+00  0.00000000E+00 0.4167E-13      5
   79    2     0     -15      0     15  0.50901241E+00  0.00000000E+00 0.1188E-12      6
   80    2     0     -14      0     14  0.54397200E+00  0.00000000E+00 0.2520E-13      6
   81    2     0     -13      0     13  0.58410965E+00  0.00000000E+00 0.3201E-13      5
   82    2     0     -12      0     12  0.63060239E+00  0.00000000E+00 0.5837E-14      5
   83    2     0     -11      0     11  0.68509802E+00  0.00000000E+00 0.1273E-12      6
   84    2     0     -10      0     10  0.74990516E+00  0.00000000E+00 0.5683E-13      6
   85    2     0      -9      0      9  0.82881553E+00  0.00000000E+00 0.7138E-13      6
   86    2     0      -8      0      8  0.92747966E+00  0.00000000E+00 0.2548E-13      5
   87    2     0      -7      0      7  0.10538495E+01  0.00000000E+00 0.1556E-13      5
   88    2     0      -6      0      6  0.12210450E+01  0.00000000E+00 0.8777E-14      5
   89    2     0      -5      0      5  0.14486718E+01  0.00000000E+00 0.1676E-13      6
   90    2     0      -4      0      4  0.17700679E+01  0.00000000E+00 0.7284E-13      6
   91    2     0      -3      0      3  0.22360494E+01  0.00000000E+00 0.7127E-13      7
   92    2     0      -2      0      2  0.28671094E+01  0.00000000E+00 0.4037E-13      6
   93    2     0      -1      0      1  0.34557470E+01  0.00000000E+00 0.5039E-14      7
   94    2     0       0      1      1  0.38973703E+01  0.00000000E+00 0.1960E-13      6
   95    2     0       1      1      0  0.46375321E+01  0.00000000E+00 0.3109E-14      5
   96    2     0       2      2      0  0.54308709E+01  0.00000000E+00 0.4750E-14      6
   97    2     0       3      3      0  0.64548933E+01  0.00000000E+00 0.2667E-14      6
   98    2     0       4      4      0  0.76021000E+01  0.00000000E+00 0.1230E-13      6
   99    2     0       5      5      0  0.87904890E+01  0.00000000E+00 0.2600E-13      5
  100    2     0       6      6      0  0.99682800E+01  0.00000000E+00 0.6339E-13      5
  101    2     0       7      7      0  0.11132206E+02  0.00000000E+00 0.4668E-13      5
  102    2     0       8      8      0  0.12301427E+02  0.00000000E+00 0.2102E-13      5
  103    2     0       9      9      0  0.13492121E+02  0.00000000E+00 0.1902E-12      5
  104    2     0      10     10      0  0.14704270E+02  0.00000000E+00 0.9658E-13      5
  105    2     0      11     11      0  0.15934606E+02  0.00000000E+00 0.3846E-12      5
  106    2     0      12     12      0  0.17181439E+02  0.00000000E+00 0.1059E-12      5
  107    2     0      13     13      0  0.18441174E+02  0.00000000E+00 0.6752E-14      5
  108    2     0      14     14      0  0.19708530E+02  0.00000000E+00 0.1385E-12      5
  109    2     0      15     15      0  0.20978912E+02  0.00000000E+00 0.8641E-13      5
  110    2     0      16     16      0  0.22249449E+02  0.00000000E+00 0.3860E-12      5
  111    2     0      17     17      0  0.23518245E+02  0.00000000E+00 0.2617E-12      5
  112    2     0      18     18      0  0.24784789E+02  0.00000000E+00 0.2679E-12      5
  113    2     0      19     19      0  0.26049059E+02  0.00000000E+00 0.3135E-12      5
  114    2     0      20     20      0  0.27311925E+02  0.00000000E+00 0.9664E-13      5
  Time elapsed :      1.639 s

Mode Search
-----------

Mode parameters
   l : 3
   m : 0

Building frequency grid (REAL axis)
   added scan interval :  0.2785E+00 ->  0.8715E+01 (1000 points, INVERSE)
   added scan interval :  0.8715E+01 ->  0.3314E+02 (1000 points, LINEAR)

Building spatial grid
   Scaffold grid from model
   Split 0 subinterval(s) in iteration 1
   Final grid has 1 segment(s) and 7220 point(s):
      Segment 1 : x range 0.0000 -> 1.0009 (1 -> 7220)

Starting search (adiabatic)

Scanning frequencies
  Time elapsed :     1.291 s

Finding roots
  Time elapsed :      0.156 s

Processing modes
   id    l     m    n_pg    n_p    n_g       Re(omega)       Im(omega)        chi n_iter
  139    3     0     -20      0     20  0.54339570E+00  0.00000000E+00 0.7401E-13      5
  140    3     0     -19      0     19  0.57091933E+00  0.00000000E+00 0.1066E-13      6
  141    3     0     -18      0     18  0.60128087E+00  0.00000000E+00 0.1240E-13      5
  142    3     0     -17      0     17  0.63498868E+00  0.00000000E+00 0.7764E-13      6
  143    3     0     -16      0     16  0.67273140E+00  0.00000000E+00 0.1516E-14      6
  144    3     0     -15      0     15  0.71536636E+00  0.00000000E+00 0.1036E-13      6
  145    3     0     -14      0     14  0.76388734E+00  0.00000000E+00 0.1079E-12      6
  146    3     0     -13      0     13  0.81944883E+00  0.00000000E+00 0.4542E-13      6
  147    3     0     -12      0     12  0.88359992E+00  0.00000000E+00 0.4814E-13      6
  148    3     0     -11      0     11  0.95850013E+00  0.00000000E+00 0.5302E-13      5
  149    3     0     -10      0     10  0.10471966E+01  0.00000000E+00 0.1613E-13      6
  150    3     0      -9      0      9  0.11547385E+01  0.00000000E+00 0.4341E-13      5
  151    3     0      -8      0      8  0.12884586E+01  0.00000000E+00 0.2433E-13      5
  152    3     0      -7      0      7  0.14584033E+01  0.00000000E+00 0.2903E-14      5
  153    3     0      -6      0      6  0.16808203E+01  0.00000000E+00 0.1874E-13      5
  154    3     0      -5      0      5  0.19789147E+01  0.00000000E+00 0.2551E-13      6
  155    3     0      -4      0      4  0.23889336E+01  0.00000000E+00 0.2255E-13      6
  156    3     0      -3      0      3  0.29394922E+01  0.00000000E+00 0.1757E-13      7
  157    3     0      -2      0      2  0.34425611E+01  0.00000000E+00 0.2545E-13      7
  158    3     0      -1      0      1  0.38678734E+01  0.00000000E+00 0.2093E-13      6
  159    3     0       0      1      1  0.44038352E+01  0.00000000E+00 0.3339E-14      7
  160    3     0       1      1      0  0.48775245E+01  0.00000000E+00 0.4935E-14      6
  161    3     0       2      2      0  0.57362180E+01  0.00000000E+00 0.7481E-15      6
  162    3     0       3      3      0  0.68574590E+01  0.00000000E+00 0.5568E-16      6
  163    3     0       4      4      0  0.80329589E+01  0.00000000E+00 0.2539E-14      6
  164    3     0       5      5      0  0.92264897E+01  0.00000000E+00 0.1351E-13      6
  165    3     0       6      6      0  0.10401879E+02  0.00000000E+00 0.1595E-12      5
  166    3     0       7      7      0  0.11567483E+02  0.00000000E+00 0.4915E-13      5
  167    3     0       8      8      0  0.12746177E+02  0.00000000E+00 0.1089E-12      5
  168    3     0       9      9      0  0.13947565E+02  0.00000000E+00 0.1556E-12      5
  169    3     0      10     10      0  0.15169220E+02  0.00000000E+00 0.7965E-13      5
  170    3     0      11     11      0  0.16408255E+02  0.00000000E+00 0.1874E-12      5
  171    3     0      12     12      0  0.17662928E+02  0.00000000E+00 0.2521E-13      5
  172    3     0      13     13      0  0.18928197E+02  0.00000000E+00 0.4913E-13      5
  173    3     0      14     14      0  0.20199431E+02  0.00000000E+00 0.1664E-12      5
  174    3     0      15     15      0  0.21471946E+02  0.00000000E+00 0.7186E-13      5
  175    3     0      16     16      0  0.22743714E+02  0.00000000E+00 0.1458E-12      5
  176    3     0      17     17      0  0.24013749E+02  0.00000000E+00 0.1209E-12      5
  177    3     0      18     18      0  0.25281060E+02  0.00000000E+00 0.2878E-12      5
  178    3     0      19     19      0  0.26546260E+02  0.00000000E+00 0.2172E-12      5
  179    3     0      20     20      0  0.27810545E+02  0.00000000E+00 0.9753E-15      5
  Time elapsed :      1.609 s

Mode Search
-----------

Mode parameters
   l : 4
   m : 0

Building frequency grid (REAL axis)
   added scan interval :  0.2785E+00 ->  0.8715E+01 (1000 points, INVERSE)
   added scan interval :  0.8715E+01 ->  0.3314E+02 (1000 points, LINEAR)

Building spatial grid
   Scaffold grid from model
   Split 0 subinterval(s) in iteration 1
   Final grid has 1 segment(s) and 7220 point(s):
      Segment 1 : x range 0.0000 -> 1.0009 (1 -> 7220)

Starting search (adiabatic)

Scanning frequencies
  Time elapsed :     1.248 s

Finding roots
  Time elapsed :      0.223 s

Processing modes
   id    l     m    n_pg    n_p    n_g       Re(omega)       Im(omega)        chi n_iter
  216    4     0     -20      0     20  0.69807077E+00  0.00000000E+00 0.2198E-13      6
  217    4     0     -19      0     19  0.73307293E+00  0.00000000E+00 0.1837E-13      5
  218    4     0     -18      0     18  0.77162242E+00  0.00000000E+00 0.3448E-13      6
  219    4     0     -17      0     17  0.81435103E+00  0.00000000E+00 0.1037E-13      5
  220    4     0     -16      0     16  0.86211148E+00  0.00000000E+00 0.1009E-12      6
  221    4     0     -15      0     15  0.91594828E+00  0.00000000E+00 0.2007E-13      6
  222    4     0     -14      0     14  0.97704761E+00  0.00000000E+00 0.1496E-13      6
  223    4     0     -13      0     13  0.10467657E+01  0.00000000E+00 0.8428E-13      6
  224    4     0     -12      0     12  0.11269120E+01  0.00000000E+00 0.1428E-13      5
  225    4     0     -11      0     11  0.12200042E+01  0.00000000E+00 0.2309E-13      6
  226    4     0     -10      0     10  0.13296617E+01  0.00000000E+00 0.4147E-13      6
  227    4     0      -9      0      9  0.14619483E+01  0.00000000E+00 0.2015E-13      6
  228    4     0      -8      0      8  0.16253238E+01  0.00000000E+00 0.2413E-14      5
  229    4     0      -7      0      7  0.18309651E+01  0.00000000E+00 0.2271E-13      5
  230    4     0      -6      0      6  0.20965048E+01  0.00000000E+00 0.3506E-13      6
  231    4     0      -5      0      5  0.24456551E+01  0.00000000E+00 0.2100E-13      6
  232    4     0      -4      0      4  0.29087077E+01  0.00000000E+00 0.1991E-14      6
  233    4     0      -3      0      3  0.33820755E+01  0.00000000E+00 0.9953E-14      6
  234    4     0      -2      0      2  0.37350702E+01  0.00000000E+00 0.1280E-13      6
  235    4     0      -1      1      2  0.43428861E+01  0.00000000E+00 0.1056E-13      7
  236    4     0       0      1      1  0.46636802E+01  0.00000000E+00 0.2634E-13      7
  237    4     0       1      1      0  0.51522081E+01  0.00000000E+00 0.1315E-13      7
  238    4     0       2      2      0  0.59108745E+01  0.00000000E+00 0.1199E-13      7
  239    4     0       3      3      0  0.71149122E+01  0.00000000E+00 0.2437E-13      7
  240    4     0       4      4      0  0.83396102E+01  0.00000000E+00 0.2831E-13      6
  241    4     0       5      5      0  0.95556113E+01  0.00000000E+00 0.5870E-13      6
  242    4     0       6      6      0  0.10745443E+02  0.00000000E+00 0.3810E-13      5
  243    4     0       7      7      0  0.11926862E+02  0.00000000E+00 0.1872E-12      5
  244    4     0       8      8      0  0.13123567E+02  0.00000000E+00 0.1356E-12      5
  245    4     0       9      9      0  0.14340737E+02  0.00000000E+00 0.1534E-12      6
  246    4     0      10     10      0  0.15575651E+02  0.00000000E+00 0.9578E-13      5
  247    4     0      11     11      0  0.16826411E+02  0.00000000E+00 0.8619E-13      5
  248    4     0      12     12      0  0.18090727E+02  0.00000000E+00 0.1741E-12      5
  249    4     0      13     13      0  0.19363174E+02  0.00000000E+00 0.1391E-12      5
  250    4     0      14     14      0  0.20639451E+02  0.00000000E+00 0.2916E-12      5
  251    4     0      15     15      0  0.21915752E+02  0.00000000E+00 0.1455E-12      5
  252    4     0      16     16      0  0.23190174E+02  0.00000000E+00 0.1881E-12      5
  253    4     0      17     17      0  0.24462437E+02  0.00000000E+00 0.1061E-12      5
  254    4     0      18     18      0  0.25731929E+02  0.00000000E+00 0.6932E-14      5
  255    4     0      19     19      0  0.26999474E+02  0.00000000E+00 0.7081E-14      5
  256    4     0      20     20      0  0.28266725E+02  0.00000000E+00 0.5241E-14      5
  Time elapsed :      1.733 s

Mode Search
-----------

Mode parameters
   l : 5
   m : 0

Building frequency grid (REAL axis)
   added scan interval :  0.2785E+00 ->  0.8715E+01 (1000 points, INVERSE)
   added scan interval :  0.8715E+01 ->  0.3314E+02 (1000 points, LINEAR)

Building spatial grid
   Scaffold grid from model
   Split 0 subinterval(s) in iteration 1
   Final grid has 1 segment(s) and 7220 point(s):
      Segment 1 : x range 0.0000 -> 1.0009 (1 -> 7220)

Starting search (adiabatic)

Scanning frequencies
  Time elapsed :     1.265 s

Finding roots
  Time elapsed :      0.221 s

Processing modes
   id    l     m    n_pg    n_p    n_g       Re(omega)       Im(omega)        chi n_iter
  304    5     0     -20      0     20  0.84975626E+00  0.00000000E+00 0.1990E-13      6
  305    5     0     -19      0     19  0.89182671E+00  0.00000000E+00 0.3403E-13      6
  306    5     0     -18      0     18  0.93806985E+00  0.00000000E+00 0.1387E-12      6
  307    5     0     -17      0     17  0.98922474E+00  0.00000000E+00 0.1627E-13      6
  308    5     0     -16      0     16  0.10462828E+01  0.00000000E+00 0.3838E-13      6
  309    5     0     -15      0     15  0.11104306E+01  0.00000000E+00 0.2785E-13      6
  310    5     0     -14      0     14  0.11829765E+01  0.00000000E+00 0.4353E-13      5
  311    5     0     -13      0     13  0.12653833E+01  0.00000000E+00 0.2851E-13      6
  312    5     0     -12      0     12  0.13595906E+01  0.00000000E+00 0.6331E-13      6
  313    5     0     -11      0     11  0.14683201E+01  0.00000000E+00 0.4314E-13      6
  314    5     0     -10      0     10  0.15956454E+01  0.00000000E+00 0.2694E-13      6
  315    5     0      -9      0      9  0.17484361E+01  0.00000000E+00 0.3832E-13      6
  316    5     0      -8      0      8  0.19357042E+01  0.00000000E+00 0.3864E-13      6
  317    5     0      -7      0      7  0.21688258E+01  0.00000000E+00 0.4285E-13      6
  318    5     0      -6      0      6  0.24652663E+01  0.00000000E+00 0.2595E-14      6
  319    5     0      -5      0      5  0.28468046E+01  0.00000000E+00 0.1172E-13      6
  320    5     0      -4      0      4  0.33195705E+01  0.00000000E+00 0.1423E-13      7
  321    5     0      -3      0      3  0.35616716E+01  0.00000000E+00 0.6116E-14      6
  322    5     0      -2      0      2  0.41076100E+01  0.00000000E+00 0.7578E-14      5
  323    5     0      -1      1      2  0.47222834E+01  0.00000000E+00 0.3922E-14      8
  324    5     0       0      1      1  0.48313087E+01  0.00000000E+00 0.3589E-14      9
  325    5     0       1      1      0  0.53818046E+01  0.00000000E+00 0.1461E-13      7
  326    5     0       2      2      0  0.60875499E+01  0.00000000E+00 0.1045E-13      7
  327    5     0       3      3      0  0.73469762E+01  0.00000000E+00 0.3941E-14      6
  328    5     0       4      4      0  0.86070893E+01  0.00000000E+00 0.1221E-13      6
  329    5     0       5      5      0  0.98403641E+01  0.00000000E+00 0.6687E-14      5
  330    5     0       6      6      0  0.11044380E+02  0.00000000E+00 0.4942E-13      6
  331    5     0       7      7      0  0.12243504E+02  0.00000000E+00 0.2415E-13      5
  332    5     0       8      8      0  0.13459020E+02  0.00000000E+00 0.1936E-13      6
  333    5     0       9      9      0  0.14692757E+02  0.00000000E+00 0.1584E-12      5
  334    5     0      10     10      0  0.15942064E+02  0.00000000E+00 0.4793E-14      5
  335    5     0      11     11      0  0.17205722E+02  0.00000000E+00 0.7632E-13      5
  336    5     0      12     12      0  0.18480403E+02  0.00000000E+00 0.7058E-13      5
  337    5     0      13     13      0  0.19760997E+02  0.00000000E+00 0.1411E-12      5
  338    5     0      14     14      0  0.21043096E+02  0.00000000E+00 0.6304E-13      5
  339    5     0      15     15      0  0.22324095E+02  0.00000000E+00 0.2041E-12      5
  340    5     0      16     16      0  0.23602391E+02  0.00000000E+00 0.1441E-12      5
  341    5     0      17     17      0  0.24877620E+02  0.00000000E+00 0.8009E-13      5
  342    5     0      18     18      0  0.26150014E+02  0.00000000E+00 0.2399E-13      5
  343    5     0      19     19      0  0.27420612E+02  0.00000000E+00 0.2575E-12      5
  344    5     0      20     20      0  0.28691653E+02  0.00000000E+00 0.8907E-13      5
  Time elapsed :      1.686 s

Mode Search
-----------

Mode parameters
   l : 6
   m : 0

Building frequency grid (REAL axis)
   added scan interval :  0.2785E+00 ->  0.8715E+01 (1000 points, INVERSE)
   added scan interval :  0.8715E+01 ->  0.3314E+02 (1000 points, LINEAR)

Building spatial grid
   Scaffold grid from model
   Split 0 subinterval(s) in iteration 1
   Final grid has 1 segment(s) and 7220 point(s):
      Segment 1 : x range 0.0000 -> 1.0009 (1 -> 7220)

Starting search (adiabatic)

Scanning frequencies
  Time elapsed :     1.185 s

Finding roots
  Time elapsed :      0.250 s

Processing modes
   id    l     m    n_pg    n_p    n_g       Re(omega)       Im(omega)        chi n_iter
  405    6     0     -20      0     20  0.99818105E+00  0.00000000E+00 0.1860E-14      5
  406    6     0     -19      0     19  0.10468504E+01  0.00000000E+00 0.9339E-13      6
  407    6     0     -18      0     18  0.11002231E+01  0.00000000E+00 0.4083E-13      6
  408    6     0     -17      0     17  0.11591291E+01  0.00000000E+00 0.1050E-13      5
  409    6     0     -16      0     16  0.12246703E+01  0.00000000E+00 0.1482E-14      6
  410    6     0     -15      0     15  0.12981212E+01  0.00000000E+00 0.1517E-14      6
  411    6     0     -14      0     14  0.13808295E+01  0.00000000E+00 0.1445E-13      6
  412    6     0     -13      0     13  0.14742540E+01  0.00000000E+00 0.1336E-13      5
  413    6     0     -12      0     12  0.15803256E+01  0.00000000E+00 0.4151E-14      5
  414    6     0     -11      0     11  0.17018596E+01  0.00000000E+00 0.1360E-13      6
  415    6     0     -10      0     10  0.18433854E+01  0.00000000E+00 0.4638E-13      5
  416    6     0      -9      0      9  0.20124158E+01  0.00000000E+00 0.1427E-14      6
  417    6     0      -8      0      8  0.22179312E+01  0.00000000E+00 0.5055E-14      5
  418    6     0      -7      0      7  0.24707043E+01  0.00000000E+00 0.4661E-14      6
  419    6     0      -6      0      6  0.27868879E+01  0.00000000E+00 0.2927E-14      6
  420    6     0      -5      0      5  0.31848601E+01  0.00000000E+00 0.2912E-13      7
  421    6     0      -4      0      4  0.35659776E+01  0.00000000E+00 0.3201E-13      7
  422    6     0      -3      0      3  0.37549571E+01  0.00000000E+00 0.3386E-14      7
  423    6     0      -2      0      2  0.44284195E+01  0.00000000E+00 0.1070E-13      7
  424    6     0      -1      1      2  0.49535487E+01  0.00000000E+00 0.4246E-14      7
  425    6     0       0      1      1  0.50660301E+01  0.00000000E+00 0.1035E-13      9
  426    6     0       1      1      0  0.55427617E+01  0.00000000E+00 0.1095E-13      7
  427    6     0       2      2      0  0.62747234E+01  0.00000000E+00 0.3157E-14      7
  428    6     0       3      3      0  0.75723633E+01  0.00000000E+00 0.5376E-14      6
  429    6     0       4      4      0  0.88583218E+01  0.00000000E+00 0.4282E-13      5
  430    6     0       5      5      0  0.10104879E+02  0.00000000E+00 0.8591E-13      5
  431    6     0       6      6      0  0.11321800E+02  0.00000000E+00 0.1371E-12      6
  432    6     0       7      7      0  0.12538107E+02  0.00000000E+00 0.1546E-12      5
  433    6     0       8      8      0  0.13771127E+02  0.00000000E+00 0.1204E-12      5
  434    6     0       9      9      0  0.15020437E+02  0.00000000E+00 0.2124E-14      5
  435    6     0      10     10      0  0.16283688E+02  0.00000000E+00 0.2762E-12      5
  436    6     0      11     11      0  0.17559859E+02  0.00000000E+00 0.2235E-12      5
  437    6     0      12     12      0  0.18844565E+02  0.00000000E+00 0.2552E-12      5
  438    6     0      13     13      0  0.20133222E+02  0.00000000E+00 0.9011E-13      5
  439    6     0      14     14      0  0.21421392E+02  0.00000000E+00 0.1512E-12      6
  440    6     0      15     15      0  0.22707257E+02  0.00000000E+00 0.2974E-12      6
  441    6     0      16     16      0  0.23989928E+02  0.00000000E+00 0.1242E-12      5
  442    6     0      17     17      0  0.25268745E+02  0.00000000E+00 0.4372E-13      5
  443    6     0      18     18      0  0.26544560E+02  0.00000000E+00 0.2088E-12      5
  444    6     0      19     19      0  0.27818758E+02  0.00000000E+00 0.4226E-12      5
  445    6     0      20     20      0  0.29094125E+02  0.00000000E+00 0.8560E-13      5
  Time elapsed :      1.743 s

Mode Search
-----------

Mode parameters
   l : 4
   m : 0

Building frequency grid (REAL axis)
   added scan interval :  0.5210E+00 ->  0.2105E+01 (3000 points, INVERSE)

Building spatial grid
   Scaffold grid from model
   Split 0 subinterval(s) in iteration 1
   Final grid has 1 segment(s) and 7220 point(s):
      Segment 1 : x range 0.0000 -> 1.0009 (1 -> 7220)

Starting search (adiabatic)

Scanning frequencies
  Time elapsed :     1.703 s

Finding roots
  Time elapsed :      0.063 s

Processing modes
   id    l     m    n_pg    n_p    n_g       Re(omega)       Im(omega)        chi n_iter
  451    4     0     -25      0     25  0.56365106E+00  0.00000000E+00 0.4849E-12      5
  452    4     0     -24      0     24  0.58602645E+00  0.00000000E+00 0.2180E-12      5
  453    4     0     -23      0     23  0.61043439E+00  0.00000000E+00 0.6527E-12      5
  454    4     0     -22      0     22  0.63706506E+00  0.00000000E+00 0.2410E-12      5
  455    4     0     -21      0     21  0.66617887E+00  0.00000000E+00 0.1191E-11      5
  Time elapsed :      0.179 s

Mode Search
-----------

Mode parameters
   l : 5
   m : 0

Building frequency grid (REAL axis)
   added scan interval :  0.5210E+00 ->  0.2105E+01 (3000 points, INVERSE)

Building spatial grid
   Scaffold grid from model
   Split 0 subinterval(s) in iteration 1
   Final grid has 1 segment(s) and 7220 point(s):
      Segment 1 : x range 0.0000 -> 1.0009 (1 -> 7220)

Starting search (adiabatic)

Scanning frequencies
  Time elapsed :     1.630 s

Finding roots
  Time elapsed :      0.064 s

Processing modes
   id    l     m    n_pg    n_p    n_g       Re(omega)       Im(omega)        chi n_iter
  475    5     0     -30      0     30  0.58719494E+00  0.00000000E+00 0.8885E-13      5
  476    5     0     -29      0     29  0.60353503E+00  0.00000000E+00 0.6166E-12      5
  477    5     0     -28      0     28  0.62064787E+00  0.00000000E+00 0.4620E-12      5
  478    5     0     -27      0     27  0.64032963E+00  0.00000000E+00 0.7962E-12      5
  479    5     0     -26      0     26  0.66270104E+00  0.00000000E+00 0.3419E-12      5
  480    5     0     -25      0     25  0.68747141E+00  0.00000000E+00 0.1981E-12      5
  481    5     0     -24      0     24  0.71456371E+00  0.00000000E+00 0.3438E-12      5
  482    5     0     -23      0     23  0.74407603E+00  0.00000000E+00 0.2224E-12      5
  483    5     0     -22      0     22  0.77623760E+00  0.00000000E+00 0.1826E-12      5
  484    5     0     -21      0     21  0.81135250E+00  0.00000000E+00 0.7541E-13      5
  Time elapsed :      0.331 s

Mode Search
-----------

Mode parameters
   l : 6
   m : 0

Building frequency grid (REAL axis)
   added scan interval :  0.5210E+00 ->  0.2105E+01 (3000 points, INVERSE)

Building spatial grid
   Scaffold grid from model
   Split 0 subinterval(s) in iteration 1
   Final grid has 1 segment(s) and 7220 point(s):
      Segment 1 : x range 0.0000 -> 1.0009 (1 -> 7220)

Starting search (adiabatic)

Scanning frequencies
  Time elapsed :     1.739 s

Finding roots
  Time elapsed :      0.063 s

Processing modes
   id    l     m    n_pg    n_p    n_g       Re(omega)       Im(omega)        chi n_iter
  502    6     0     -36      0     36  0.58200444E+00  0.00000000E+00 0.7435E-13      5
  503    6     0     -35      0     35  0.59844408E+00  0.00000000E+00 0.3646E-12      5
  504    6     0     -34      0     34  0.61573208E+00  0.00000000E+00 0.1210E-12      5
  505    6     0     -33      0     33  0.63389366E+00  0.00000000E+00 0.3254E-12      5
  506    6     0     -32      0     32  0.65288063E+00  0.00000000E+00 0.9742E-13      5
  507    6     0     -31      0     31  0.67244475E+00  0.00000000E+00 0.1341E-12      5
  508    6     0     -30      0     30  0.69196424E+00  0.00000000E+00 0.5492E-12      5
  509    6     0     -29      0     29  0.71098406E+00  0.00000000E+00 0.3219E-12      5
  510    6     0     -28      0     28  0.73111905E+00  0.00000000E+00 0.3008E-12      5
  511    6     0     -27      0     27  0.75428298E+00  0.00000000E+00 0.1025E-11      5
  512    6     0     -26      0     26  0.78050202E+00  0.00000000E+00 0.4287E-12      5
  513    6     0     -25      0     25  0.80945385E+00  0.00000000E+00 0.1502E-12      5
  514    6     0     -24      0     24  0.84106144E+00  0.00000000E+00 0.7048E-12      5
  515    6     0     -23      0     23  0.87544304E+00  0.00000000E+00 0.1155E-12      5
  516    6     0     -22      0     22  0.91286163E+00  0.00000000E+00 0.1950E-12      5
  517    6     0     -21      0     21  0.95365415E+00  0.00000000E+00 0.1413E-12      5
  Time elapsed :      0.569 s

Mode Search
-----------

Mode parameters
   l : 7
   m : 0

Building frequency grid (REAL axis)
   added scan interval :  0.5210E+00 ->  0.2105E+01 (3000 points, INVERSE)

Building spatial grid
   Scaffold grid from model
   Split 11 subinterval(s) in iteration 1
   Split 0 subinterval(s) in iteration 2
   Final grid has 1 segment(s) and 7231 point(s):
      Segment 1 : x range 0.0000 -> 1.0009 (1 -> 7231)

Starting search (adiabatic)

Scanning frequencies
  Time elapsed :     1.736 s

Finding roots
  Time elapsed :      0.095 s

Processing modes
   id    l     m    n_pg    n_p    n_g       Re(omega)       Im(omega)        chi n_iter
  534    7     0     -42      0     42  0.57497218E+00  0.00000000E+00 0.4218E-12      5
  535    7     0     -41      0     41  0.58890823E+00  0.00000000E+00 0.2139E-12      5
  536    7     0     -40      0     40  0.60355082E+00  0.00000000E+00 0.1771E-14      5
  537    7     0     -39      0     39  0.61894253E+00  0.00000000E+00 0.4131E-12      5
  538    7     0     -38      0     38  0.63512661E+00  0.00000000E+00 0.2879E-12      5
  539    7     0     -37      0     37  0.65214483E+00  0.00000000E+00 0.3455E-12      5
  540    7     0     -36      0     36  0.67003680E+00  0.00000000E+00 0.7470E-13      5
  541    7     0     -35      0     35  0.68884294E+00  0.00000000E+00 0.1102E-12      5
  542    7     0     -34      0     34  0.70860654E+00  0.00000000E+00 0.1641E-12      5
  543    7     0     -33      0     33  0.72935151E+00  0.00000000E+00 0.7383E-12      5
  544    7     0     -32      0     32  0.75101023E+00  0.00000000E+00 0.1187E-12      5
  545    7     0     -31      0     31  0.77327556E+00  0.00000000E+00 0.4763E-12      5
  546    7     0     -30      0     30  0.79542162E+00  0.00000000E+00 0.1950E-12      5
  547    7     0     -29      0     29  0.81703908E+00  0.00000000E+00 0.4611E-12      5
  548    7     0     -28      0     28  0.84009192E+00  0.00000000E+00 0.9721E-12      5
  549    7     0     -27      0     27  0.86659230E+00  0.00000000E+00 0.8159E-13      5
  550    7     0     -26      0     26  0.89648891E+00  0.00000000E+00 0.4070E-12      5
  551    7     0     -25      0     25  0.92942549E+00  0.00000000E+00 0.9594E-13      5
  552    7     0     -24      0     24  0.96531948E+00  0.00000000E+00 0.1601E-12      5
  553    7     0     -23      0     23  0.10043057E+01  0.00000000E+00 0.3095E-12      5
  554    7     0     -22      0     22  0.10466742E+01  0.00000000E+00 0.2285E-12      5
  555    7     0     -21      0     21  0.10927812E+01  0.00000000E+00 0.1670E-13      5
  556    7     0     -20      0     20  0.11429944E+01  0.00000000E+00 0.3160E-13      5
  557    7     0     -19      0     19  0.11977361E+01  0.00000000E+00 0.8601E-13      5
  558    7     0     -18      0     18  0.12576099E+01  0.00000000E+00 0.4225E-12      5
  559    7     0     -17      0     17  0.13235206E+01  0.00000000E+00 0.4927E-13      5
  560    7     0     -16      0     16  0.13966488E+01  0.00000000E+00 0.3413E-12      5
  561    7     0     -15      0     15  0.14782936E+01  0.00000000E+00 0.3035E-12      5
  562    7     0     -14      0     14  0.15697428E+01  0.00000000E+00 0.1087E-12      5
  Time elapsed :      1.133 s

Mode Search
-----------

Mode parameters
   l : 8
   m : 0

Building frequency grid (REAL axis)
   added scan interval :  0.5210E+00 ->  0.2105E+01 (3000 points, INVERSE)

Building spatial grid
   Scaffold grid from model
   Split 13 subinterval(s) in iteration 1
   Split 0 subinterval(s) in iteration 2
   Final grid has 1 segment(s) and 7233 point(s):
      Segment 1 : x range 0.0000 -> 1.0009 (1 -> 7233)

Starting search (adiabatic)

Scanning frequencies
  Time elapsed :     1.675 s

Finding roots
  Time elapsed :      0.094 s

Processing modes
   id    l     m    n_pg    n_p    n_g       Re(omega)       Im(omega)        chi n_iter
  573    8     0     -47      0     47  0.58255439E+00  0.00000000E+00 0.2866E-12      5
  574    8     0     -46      0     46  0.59469783E+00  0.00000000E+00 0.5737E-12      5
  575    8     0     -45      0     45  0.60756923E+00  0.00000000E+00 0.2538E-12      5
  576    8     0     -44      0     44  0.62112331E+00  0.00000000E+00 0.1472E-13      5
  577    8     0     -43      0     43  0.63536118E+00  0.00000000E+00 0.2423E-12      5
  578    8     0     -42      0     42  0.65030715E+00  0.00000000E+00 0.2149E-12      5
  579    8     0     -41      0     41  0.66599715E+00  0.00000000E+00 0.6175E-12      5
  580    8     0     -40      0     40  0.68247441E+00  0.00000000E+00 0.3024E-12      5
  581    8     0     -39      0     39  0.69978619E+00  0.00000000E+00 0.4305E-12      5
  582    8     0     -38      0     38  0.71797966E+00  0.00000000E+00 0.3592E-12      5
  583    8     0     -37      0     37  0.73709953E+00  0.00000000E+00 0.6644E-13      5
  584    8     0     -36      0     36  0.75718809E+00  0.00000000E+00 0.5992E-13      5
  585    8     0     -35      0     35  0.77828931E+00  0.00000000E+00 0.4661E-12      5
  586    8     0     -34      0     34  0.80045053E+00  0.00000000E+00 0.6266E-13      5
  587    8     0     -33      0     33  0.82369400E+00  0.00000000E+00 0.7056E-13      5
  588    8     0     -32      0     32  0.84793233E+00  0.00000000E+00 0.5887E-13      5
  589    8     0     -31      0     31  0.87280262E+00  0.00000000E+00 0.2916E-12      5
  590    8     0     -30      0     30  0.89748587E+00  0.00000000E+00 0.1380E-12      5
  591    8     0     -29      0     29  0.92161299E+00  0.00000000E+00 0.1616E-12      5
  592    8     0     -28      0     28  0.94744789E+00  0.00000000E+00 0.2688E-13      5
  593    8     0     -27      0     27  0.97711037E+00  0.00000000E+00 0.4067E-12      5
  594    8     0     -26      0     26  0.10104903E+01  0.00000000E+00 0.8157E-13      5
  595    8     0     -25      0     25  0.10471907E+01  0.00000000E+00 0.1493E-12      5
  596    8     0     -24      0     24  0.10871170E+01  0.00000000E+00 0.4256E-12      5
  597    8     0     -23      0     23  0.11304166E+01  0.00000000E+00 0.7109E-12      5
  598    8     0     -22      0     22  0.11773976E+01  0.00000000E+00 0.1784E-12      5
  599    8     0     -21      0     21  0.12284197E+01  0.00000000E+00 0.1814E-12      5
  600    8     0     -20      0     20  0.12838380E+01  0.00000000E+00 0.1556E-12      5
  601    8     0     -19      0     19  0.13440750E+01  0.00000000E+00 0.7318E-13      5
  602    8     0     -18      0     18  0.14097668E+01  0.00000000E+00 0.8084E-12      5
  603    8     0     -17      0     17  0.14818801E+01  0.00000000E+00 0.8697E-13      5
  604    8     0     -16      0     16  0.15616368E+01  0.00000000E+00 0.3388E-12      5
  Time elapsed :      1.263 s

Mode Search
-----------

Mode parameters
   l : 9
   m : 0

Building frequency grid (REAL axis)
   added scan interval :  0.5210E+00 ->  0.2105E+01 (3000 points, INVERSE)

Building spatial grid
   Scaffold grid from model
   Split 14 subinterval(s) in iteration 1
   Split 0 subinterval(s) in iteration 2
   Final grid has 1 segment(s) and 7234 point(s):
      Segment 1 : x range 0.0000 -> 1.0009 (1 -> 7234)

Starting search (adiabatic)

Scanning frequencies
  Time elapsed :     1.736 s

Finding roots
  Time elapsed :      0.098 s

Processing modes
   id    l     m    n_pg    n_p    n_g       Re(omega)       Im(omega)        chi n_iter
  615    9     0     -53      0     53  0.58396328E+00  0.00000000E+00 0.8569E-12      5
  616    9     0     -52      0     52  0.59453284E+00  0.00000000E+00 0.1008E-11      5
  617    9     0     -51      0     51  0.60489943E+00  0.00000000E+00 0.8262E-12      5
  618    9     0     -50      0     50  0.61493921E+00  0.00000000E+00 0.5252E-12      5
  619    9     0     -49      0     49  0.62538537E+00  0.00000000E+00 0.1226E-12      5
  620    9     0     -48      0     48  0.63698032E+00  0.00000000E+00 0.1424E-11      5
  621    9     0     -47      0     47  0.64966779E+00  0.00000000E+00 0.4922E-12      5
  622    9     0     -46      0     46  0.66323068E+00  0.00000000E+00 0.4457E-12      5
  623    9     0     -45      0     45  0.67755984E+00  0.00000000E+00 0.3675E-12      5
  624    9     0     -44      0     44  0.69262439E+00  0.00000000E+00 0.2473E-12      5
  625    9     0     -43      0     43  0.70843384E+00  0.00000000E+00 0.1414E-12      5
  626    9     0     -42      0     42  0.72501846E+00  0.00000000E+00 0.2660E-12      5
  627    9     0     -41      0     41  0.74241913E+00  0.00000000E+00 0.6554E-12      5
  628    9     0     -40      0     40  0.76068376E+00  0.00000000E+00 0.1799E-12      5
  629    9     0     -39      0     39  0.77986367E+00  0.00000000E+00 0.1178E-12      5
  630    9     0     -38      0     38  0.80000908E+00  0.00000000E+00 0.2268E-12      5
  631    9     0     -37      0     37  0.82116678E+00  0.00000000E+00 0.9184E-14      5
  632    9     0     -36      0     36  0.84338119E+00  0.00000000E+00 0.4060E-13      5
  633    9     0     -35      0     35  0.86669992E+00  0.00000000E+00 0.2141E-12      5
  634    9     0     -34      0     34  0.89117477E+00  0.00000000E+00 0.2763E-12      5
  635    9     0     -33      0     33  0.91682633E+00  0.00000000E+00 0.2827E-12      5
  636    9     0     -32      0     32  0.94354810E+00  0.00000000E+00 0.3589E-14      5
  637    9     0     -31      0     31  0.97092769E+00  0.00000000E+00 0.2882E-12      5
  638    9     0     -30      0     30  0.99806514E+00  0.00000000E+00 0.1410E-13      5
  639    9     0     -29      0     29  0.10246066E+01  0.00000000E+00 0.3217E-12      5
  640    9     0     -28      0     28  0.10530603E+01  0.00000000E+00 0.9283E-13      6
  641    9     0     -27      0     27  0.10856851E+01  0.00000000E+00 0.1469E-12      5
  642    9     0     -26      0     26  0.11223318E+01  0.00000000E+00 0.3651E-12      5
  643    9     0     -25      0     25  0.11625533E+01  0.00000000E+00 0.5275E-12      5
  644    9     0     -24      0     24  0.12062356E+01  0.00000000E+00 0.4645E-13      5
  645    9     0     -23      0     23  0.12535343E+01  0.00000000E+00 0.2712E-13      5
  646    9     0     -22      0     22  0.13047646E+01  0.00000000E+00 0.8614E-13      5
  647    9     0     -21      0     21  0.13602699E+01  0.00000000E+00 0.3364E-12      5
  648    9     0     -20      0     20  0.14203731E+01  0.00000000E+00 0.1191E-12      5
  649    9     0     -19      0     19  0.14854850E+01  0.00000000E+00 0.5824E-12      5
  650    9     0     -18      0     18  0.15562713E+01  0.00000000E+00 0.4577E-13      5
  Time elapsed :      1.401 s

Mode Search
-----------

Mode parameters
   l : 10
   m : 0

Building frequency grid (REAL axis)
   added scan interval :  0.5210E+00 ->  0.2105E+01 (3000 points, INVERSE)

Building spatial grid
   Scaffold grid from model
   Split 15 subinterval(s) in iteration 1
   Split 0 subinterval(s) in iteration 2
   Final grid has 1 segment(s) and 7235 point(s):
      Segment 1 : x range 0.0000 -> 1.0009 (1 -> 7235)

Starting search (adiabatic)

Scanning frequencies
  Time elapsed :     1.740 s

Finding roots
  Time elapsed :      0.126 s

Processing modes
   id    l     m    n_pg    n_p    n_g       Re(omega)       Im(omega)        chi n_iter
  662   10     0     -59      0     59  0.57971462E+00  0.00000000E+00 0.1998E-12      5
  663   10     0     -58      0     58  0.58961516E+00  0.00000000E+00 0.4769E-13      5
  664   10     0     -57      0     57  0.59986408E+00  0.00000000E+00 0.1185E-12      5
  665   10     0     -56      0     56  0.61046025E+00  0.00000000E+00 0.9760E-13      5
  666   10     0     -55      0     55  0.62139145E+00  0.00000000E+00 0.6453E-13      5
  667   10     0     -54      0     54  0.63262177E+00  0.00000000E+00 0.2233E-13      5
  668   10     0     -53      0     53  0.64406255E+00  0.00000000E+00 0.2486E-12      5
  669   10     0     -52      0     52  0.65551329E+00  0.00000000E+00 0.1378E-11      5
  670   10     0     -51      0     51  0.66666171E+00  0.00000000E+00 0.1039E-12      5
  671   10     0     -50      0     50  0.67760782E+00  0.00000000E+00 0.6653E-13      5
  672   10     0     -49      0     49  0.68929829E+00  0.00000000E+00 0.2530E-13      5
  673   10     0     -48      0     48  0.70225353E+00  0.00000000E+00 0.4180E-12      5
  674   10     0     -47      0     47  0.71630263E+00  0.00000000E+00 0.9281E-12      5
  675   10     0     -46      0     46  0.73124648E+00  0.00000000E+00 0.2709E-12      5
  676   10     0     -45      0     45  0.74699676E+00  0.00000000E+00 0.5376E-13      5
  677   10     0     -44      0     44  0.76353407E+00  0.00000000E+00 0.1985E-12      5
  678   10     0     -43      0     43  0.78087494E+00  0.00000000E+00 0.1876E-12      5
  679   10     0     -42      0     42  0.79905484E+00  0.00000000E+00 0.2130E-13      5
  680   10     0     -41      0     41  0.81811907E+00  0.00000000E+00 0.1492E-12      5
  681   10     0     -40      0     40  0.83811965E+00  0.00000000E+00 0.1698E-12      5
  682   10     0     -39      0     39  0.85911127E+00  0.00000000E+00 0.2892E-13      5
  683   10     0     -38      0     38  0.88114624E+00  0.00000000E+00 0.1121E-12      5
  684   10     0     -37      0     37  0.90427255E+00  0.00000000E+00 0.2998E-12      5
  685   10     0     -36      0     36  0.92853636E+00  0.00000000E+00 0.1245E-13      5
  686   10     0     -35      0     35  0.95398932E+00  0.00000000E+00 0.3649E-13      5
  687   10     0     -34      0     34  0.98068828E+00  0.00000000E+00 0.2246E-12      5
  688   10     0     -33      0     33  0.10086522E+01  0.00000000E+00 0.3680E-12      5
  689   10     0     -32      0     32  0.10377570E+01  0.00000000E+00 0.8772E-12      5
  690   10     0     -31      0     31  0.10675498E+01  0.00000000E+00 0.2563E-12      5
  691   10     0     -30      0     30  0.10970633E+01  0.00000000E+00 0.4120E-12      5
  692   10     0     -29      0     29  0.11259188E+01  0.00000000E+00 0.2007E-12      5
  693   10     0     -28      0     28  0.11568056E+01  0.00000000E+00 0.6862E-13      6
  694   10     0     -27      0     27  0.11921697E+01  0.00000000E+00 0.3244E-12      5
  695   10     0     -26      0     26  0.12318462E+01  0.00000000E+00 0.1853E-12      5
  696   10     0     -25      0     25  0.12753262E+01  0.00000000E+00 0.3798E-12      5
  697   10     0     -24      0     24  0.13224697E+01  0.00000000E+00 0.4754E-12      5
  698   10     0     -23      0     23  0.13734350E+01  0.00000000E+00 0.1276E-12      5
  699   10     0     -22      0     22  0.14285292E+01  0.00000000E+00 0.2193E-13      5
  700   10     0     -21      0     21  0.14880572E+01  0.00000000E+00 0.8059E-13      5
  701   10     0     -20      0     20  0.15522904E+01  0.00000000E+00 0.9579E-13      5
  Time elapsed :      1.569 s

Mode Search
-----------

Mode parameters
   l : 11
   m : 0

Building frequency grid (REAL axis)
   added scan interval :  0.5210E+00 ->  0.2105E+01 (3000 points, INVERSE)

Building spatial grid
   Scaffold grid from model
   Split 15 subinterval(s) in iteration 1
   Split 0 subinterval(s) in iteration 2
   Final grid has 1 segment(s) and 7235 point(s):
      Segment 1 : x range 0.0000 -> 1.0009 (1 -> 7235)

Starting search (adiabatic)

Scanning frequencies
  Time elapsed :     1.733 s

Finding roots
  Time elapsed :      0.127 s

Processing modes
   id    l     m    n_pg    n_p    n_g       Re(omega)       Im(omega)        chi n_iter
  716   11     0     -64      0     64  0.58537201E+00  0.00000000E+00 0.2612E-13      5
  717   11     0     -63      0     63  0.59434668E+00  0.00000000E+00 0.1832E-12      5
  718   11     0     -62      0     62  0.60368555E+00  0.00000000E+00 0.5785E-12      5
  719   11     0     -61      0     61  0.61338098E+00  0.00000000E+00 0.1469E-12      5
  720   11     0     -60      0     60  0.62343447E+00  0.00000000E+00 0.6438E-12      5
  721   11     0     -59      0     59  0.63385086E+00  0.00000000E+00 0.7256E-13      5
  722   11     0     -58      0     58  0.64463579E+00  0.00000000E+00 0.1023E-13      5
  723   11     0     -57      0     57  0.65579267E+00  0.00000000E+00 0.9173E-13      5
  724   11     0     -56      0     56  0.66731775E+00  0.00000000E+00 0.3828E-12      5
  725   11     0     -55      0     55  0.67919233E+00  0.00000000E+00 0.6248E-12      5
  726   11     0     -54      0     54  0.69136603E+00  0.00000000E+00 0.1432E-12      5
  727   11     0     -53      0     53  0.70371894E+00  0.00000000E+00 0.1123E-11      5
  728   11     0     -52      0     52  0.71599835E+00  0.00000000E+00 0.3461E-13      5
  729   11     0     -51      0     51  0.72791308E+00  0.00000000E+00 0.2034E-12      5
  730   11     0     -50      0     50  0.73983527E+00  0.00000000E+00 0.1620E-12      5
  731   11     0     -49      0     49  0.75278295E+00  0.00000000E+00 0.2367E-12      5
  732   11     0     -48      0     48  0.76705280E+00  0.00000000E+00 0.5986E-12      5
  733   11     0     -47      0     47  0.78241912E+00  0.00000000E+00 0.2321E-12      5
  734   11     0     -46      0     46  0.79870445E+00  0.00000000E+00 0.5575E-12      5
  735   11     0     -45      0     45  0.81583699E+00  0.00000000E+00 0.1605E-12      5
  736   11     0     -44      0     44  0.83380652E+00  0.00000000E+00 0.1312E-12      5
  737   11     0     -43      0     43  0.85263552E+00  0.00000000E+00 0.4321E-13      5
  738   11     0     -42      0     42  0.87236397E+00  0.00000000E+00 0.1070E-12      5
  739   11     0     -41      0     41  0.89304102E+00  0.00000000E+00 0.1379E-13      5
  740   11     0     -40      0     40  0.91472229E+00  0.00000000E+00 0.2109E-13      5
  741   11     0     -39      0     39  0.93746495E+00  0.00000000E+00 0.1100E-12      5
  742   11     0     -38      0     38  0.96132243E+00  0.00000000E+00 0.3083E-12      5
  743   11     0     -37      0     37  0.98634301E+00  0.00000000E+00 0.6472E-13      5
  744   11     0     -36      0     36  0.10125745E+01  0.00000000E+00 0.2129E-12      5
  745   11     0     -35      0     35  0.10400732E+01  0.00000000E+00 0.1815E-13      5
  746   11     0     -34      0     34  0.10689016E+01  0.00000000E+00 0.2118E-12      5
  747   11     0     -33      0     33  0.10990769E+01  0.00000000E+00 0.2079E-12      5
  748   11     0     -32      0     32  0.11304596E+01  0.00000000E+00 0.1239E-12      6
  749   11     0     -31      0     31  0.11625679E+01  0.00000000E+00 0.1881E-13      6
  750   11     0     -30      0     30  0.11943824E+01  0.00000000E+00 0.1142E-12      5
  751   11     0     -29      0     29  0.12254516E+01  0.00000000E+00 0.4989E-14      5
  752   11     0     -28      0     28  0.12585693E+01  0.00000000E+00 0.3628E-12      6
  753   11     0     -27      0     27  0.12964282E+01  0.00000000E+00 0.2089E-12      5
  754   11     0     -26      0     26  0.13388780E+01  0.00000000E+00 0.1873E-12      6
  755   11     0     -25      0     25  0.13853368E+01  0.00000000E+00 0.2972E-12      6
  756   11     0     -24      0     24  0.14356322E+01  0.00000000E+00 0.2201E-12      5
  757   11     0     -23      0     23  0.14899175E+01  0.00000000E+00 0.1852E-12      5
  758   11     0     -22      0     22  0.15484715E+01  0.00000000E+00 0.5303E-12      5
  Time elapsed :      1.706 s

Mode Search
-----------

Mode parameters
   l : 12
   m : 0

Building frequency grid (REAL axis)
   added scan interval :  0.5210E+00 ->  0.2105E+01 (3000 points, INVERSE)

Building spatial grid
   Scaffold grid from model
   Split 15 subinterval(s) in iteration 1
   Split 0 subinterval(s) in iteration 2
   Final grid has 1 segment(s) and 7235 point(s):
      Segment 1 : x range 0.0000 -> 1.0009 (1 -> 7235)

Starting search (adiabatic)

Scanning frequencies
  Time elapsed :     1.793 s

Finding roots
  Time elapsed :      0.136 s

Processing modes
   id    l     m    n_pg    n_p    n_g       Re(omega)       Im(omega)        chi n_iter
  773   12     0     -70      0     70  0.58636501E+00  0.00000000E+00 0.6138E-12      5
  774   12     0     -69      0     69  0.59374675E+00  0.00000000E+00 0.2821E-12      5
  775   12     0     -68      0     68  0.60095620E+00  0.00000000E+00 0.2791E-12      5
  776   12     0     -67      0     67  0.60858236E+00  0.00000000E+00 0.5539E-12      5
  777   12     0     -66      0     66  0.61690874E+00  0.00000000E+00 0.4321E-12      5
  778   12     0     -65      0     65  0.62581353E+00  0.00000000E+00 0.7046E-12      5
  779   12     0     -64      0     64  0.63516899E+00  0.00000000E+00 0.4897E-12      5
  780   12     0     -63      0     63  0.64491730E+00  0.00000000E+00 0.2181E-12      5
  781   12     0     -62      0     62  0.65504039E+00  0.00000000E+00 0.1863E-12      5
  782   12     0     -61      0     61  0.66553733E+00  0.00000000E+00 0.4737E-12      5
  783   12     0     -60      0     60  0.67641297E+00  0.00000000E+00 0.4420E-12      5
  784   12     0     -59      0     59  0.68767385E+00  0.00000000E+00 0.3959E-12      5
  785   12     0     -58      0     58  0.69932612E+00  0.00000000E+00 0.1471E-12      5
  786   12     0     -57      0     57  0.71137226E+00  0.00000000E+00 0.4833E-12      5
  787   12     0     -56      0     56  0.72380519E+00  0.00000000E+00 0.4370E-12      5
  788   12     0     -55      0     55  0.73659849E+00  0.00000000E+00 0.1609E-12      5
  789   12     0     -54      0     54  0.74968496E+00  0.00000000E+00 0.6132E-12      5
  790   12     0     -53      0     53  0.76291001E+00  0.00000000E+00 0.6528E-13      5
  791   12     0     -52      0     52  0.77597566E+00  0.00000000E+00 0.3454E-12      5
  792   12     0     -51      0     51  0.78866561E+00  0.00000000E+00 0.2158E-12      5
  793   12     0     -50      0     50  0.80161610E+00  0.00000000E+00 0.3070E-12      5
  794   12     0     -49      0     49  0.81580223E+00  0.00000000E+00 0.5118E-13      5
  795   12     0     -48      0     48  0.83133789E+00  0.00000000E+00 0.3492E-12      6
  796   12     0     -47      0     47  0.84797751E+00  0.00000000E+00 0.5688E-12      5
  797   12     0     -46      0     46  0.86556363E+00  0.00000000E+00 0.6377E-12      5
  798   12     0     -45      0     45  0.88403733E+00  0.00000000E+00 0.6038E-12      5
  799   12     0     -44      0     44  0.90339588E+00  0.00000000E+00 0.1107E-12      5
  800   12     0     -43      0     43  0.92366680E+00  0.00000000E+00 0.1255E-12      5
  801   12     0     -42      0     42  0.94489391E+00  0.00000000E+00 0.1835E-12      5
  802   12     0     -41      0     41  0.96712972E+00  0.00000000E+00 0.3187E-12      5
  803   12     0     -40      0     40  0.99043282E+00  0.00000000E+00 0.1419E-12      5
  804   12     0     -39      0     39  0.10148619E+01  0.00000000E+00 0.4614E-12      5
  805   12     0     -38      0     38  0.10404705E+01  0.00000000E+00 0.1465E-12      5
  806   12     0     -37      0     37  0.10673062E+01  0.00000000E+00 0.1430E-12      5
  807   12     0     -36      0     36  0.10954187E+01  0.00000000E+00 0.2529E-13      5
  808   12     0     -35      0     35  0.11248701E+01  0.00000000E+00 0.5261E-12      5
  809   12     0     -34      0     34  0.11557287E+01  0.00000000E+00 0.1951E-12      5
  810   12     0     -33      0     33  0.11880092E+01  0.00000000E+00 0.5953E-12      5
  811   12     0     -32      0     32  0.12215593E+01  0.00000000E+00 0.4076E-12      6
  812   12     0     -31      0     31  0.12558814E+01  0.00000000E+00 0.5966E-13      5
  813   12     0     -30      0     30  0.12899243E+01  0.00000000E+00 0.1832E-12      5
  814   12     0     -29      0     29  0.13231133E+01  0.00000000E+00 0.3170E-12      5
  815   12     0     -28      0     28  0.13582505E+01  0.00000000E+00 0.3467E-13      6
  816   12     0     -27      0     27  0.13983386E+01  0.00000000E+00 0.8992E-13      6
  817   12     0     -26      0     26  0.14432864E+01  0.00000000E+00 0.1242E-12      5
  818   12     0     -25      0     25  0.14924300E+01  0.00000000E+00 0.5770E-13      5
  819   12     0     -24      0     24  0.15455579E+01  0.00000000E+00 0.3543E-13      5
  820   12     0     -23      0     23  0.16028058E+01  0.00000000E+00 0.2733E-12      5
  Time elapsed :      1.900 s

Mode Search
-----------

Mode parameters
   l : 13
   m : 0

Building frequency grid (REAL axis)
   added scan interval :  0.5210E+00 ->  0.2105E+01 (3000 points, INVERSE)

Building spatial grid
   Scaffold grid from model
   Split 16 subinterval(s) in iteration 1
   Split 10 subinterval(s) in iteration 2
   Split 0 subinterval(s) in iteration 3
   Final grid has 1 segment(s) and 7246 point(s):
      Segment 1 : x range 0.0000 -> 1.0009 (1 -> 7246)

Starting search (adiabatic)

Scanning frequencies
  Time elapsed :     1.748 s

Finding roots
  Time elapsed :      0.162 s

Processing modes
   id    l     m    n_pg    n_p    n_g       Re(omega)       Im(omega)        chi n_iter
  837   13     0     -75      0     75  0.59144088E+00  0.00000000E+00 0.3672E-12      5
  838   13     0     -74      0     74  0.59937802E+00  0.00000000E+00 0.5182E-13      5
  839   13     0     -73      0     73  0.60746568E+00  0.00000000E+00 0.1669E-13      5
  840   13     0     -72      0     72  0.61565755E+00  0.00000000E+00 0.5828E-12      6
  841   13     0     -71      0     71  0.62385156E+00  0.00000000E+00 0.3930E-12      5
  842   13     0     -70      0     70  0.63185735E+00  0.00000000E+00 0.1361E-12      5
  843   13     0     -69      0     69  0.63954871E+00  0.00000000E+00 0.4008E-13      5
  844   13     0     -68      0     68  0.64733384E+00  0.00000000E+00 0.1669E-12      5
  845   13     0     -67      0     67  0.65578406E+00  0.00000000E+00 0.4011E-12      5
  846   13     0     -66      0     66  0.66492937E+00  0.00000000E+00 0.1480E-11      5
  847   13     0     -65      0     65  0.67460566E+00  0.00000000E+00 0.1445E-12      5
  848   13     0     -64      0     64  0.68471460E+00  0.00000000E+00 0.2768E-12      5
  849   13     0     -63      0     63  0.69521877E+00  0.00000000E+00 0.6552E-12      5
  850   13     0     -62      0     62  0.70611031E+00  0.00000000E+00 0.1980E-12      5
  851   13     0     -61      0     61  0.71739333E+00  0.00000000E+00 0.1738E-12      5
  852   13     0     -60      0     60  0.72907526E+00  0.00000000E+00 0.3112E-12      5
  853   13     0     -59      0     59  0.74116389E+00  0.00000000E+00 0.2711E-12      5
  854   13     0     -58      0     58  0.75366556E+00  0.00000000E+00 0.5238E-13      5
  855   13     0     -57      0     57  0.76658140E+00  0.00000000E+00 0.3847E-12      5
  856   13     0     -56      0     56  0.77990038E+00  0.00000000E+00 0.2279E-12      5
  857   13     0     -55      0     55  0.79358729E+00  0.00000000E+00 0.2500E-12      5
  858   13     0     -54      0     54  0.80755625E+00  0.00000000E+00 0.3567E-12      5
  859   13     0     -53      0     53  0.82161651E+00  0.00000000E+00 0.5730E-13      5
  860   13     0     -52      0     52  0.83543820E+00  0.00000000E+00 0.1724E-12      5
  861   13     0     -51      0     51  0.84892486E+00  0.00000000E+00 0.4848E-12      5
  862   13     0     -50      0     50  0.86292919E+00  0.00000000E+00 0.2713E-13      5
  863   13     0     -49      0     49  0.87831729E+00  0.00000000E+00 0.1776E-12      5
  864   13     0     -48      0     48  0.89506982E+00  0.00000000E+00 0.1381E-12      6
  865   13     0     -47      0     47  0.91293888E+00  0.00000000E+00 0.2885E-12      5
  866   13     0     -46      0     46  0.93178363E+00  0.00000000E+00 0.8547E-13      5
  867   13     0     -45      0     45  0.95155524E+00  0.00000000E+00 0.2443E-12      5
  868   13     0     -44      0     44  0.97225713E+00  0.00000000E+00 0.4156E-12      5
  869   13     0     -43      0     43  0.99392104E+00  0.00000000E+00 0.2272E-12      5
  870   13     0     -42      0     42  0.10165940E+01  0.00000000E+00 0.1048E-12      5
  871   13     0     -41      0     41  0.10403315E+01  0.00000000E+00 0.6108E-12      5
  872   13     0     -40      0     40  0.10651943E+01  0.00000000E+00 0.1680E-12      5
  873   13     0     -39      0     39  0.10912416E+01  0.00000000E+00 0.2785E-13      5
  874   13     0     -38      0     38  0.11185256E+01  0.00000000E+00 0.2603E-13      5
  875   13     0     -37      0     37  0.11470931E+01  0.00000000E+00 0.1185E-12      5
  876   13     0     -36      0     36  0.11769959E+01  0.00000000E+00 0.1387E-12      5
  877   13     0     -35      0     35  0.12083028E+01  0.00000000E+00 0.5132E-13      5
  878   13     0     -34      0     34  0.12410880E+01  0.00000000E+00 0.7782E-13      5
  879   13     0     -33      0     33  0.12753621E+01  0.00000000E+00 0.2457E-12      5
  880   13     0     -32      0     32  0.13109627E+01  0.00000000E+00 0.1786E-12      6
  881   13     0     -31      0     31  0.13473914E+01  0.00000000E+00 0.6614E-13      6
  882   13     0     -30      0     30  0.13835902E+01  0.00000000E+00 0.1325E-13      6
  883   13     0     -29      0     29  0.14188191E+01  0.00000000E+00 0.2053E-12      5
  884   13     0     -28      0     28  0.14557641E+01  0.00000000E+00 0.7116E-13      5
  885   13     0     -27      0     27  0.14977951E+01  0.00000000E+00 0.2094E-12      5
  886   13     0     -26      0     26  0.15449472E+01  0.00000000E+00 0.1803E-12      6
  887   13     0     -25      0     25  0.15964701E+01  0.00000000E+00 0.1832E-13      5
  Time elapsed :      2.048 s

Mode Search
-----------

Mode parameters
   l : 14
   m : 0

Building frequency grid (REAL axis)
   added scan interval :  0.5210E+00 ->  0.2105E+01 (3000 points, INVERSE)

Building spatial grid
   Scaffold grid from model
   Split 17 subinterval(s) in iteration 1
   Split 20 subinterval(s) in iteration 2
   Split 0 subinterval(s) in iteration 3
   Final grid has 1 segment(s) and 7257 point(s):
      Segment 1 : x range 0.0000 -> 1.0009 (1 -> 7257)

Starting search (adiabatic)

Scanning frequencies
  Time elapsed :     1.718 s

Finding roots
  Time elapsed :      0.166 s

Processing modes
   id    l     m    n_pg    n_p    n_g       Re(omega)       Im(omega)        chi n_iter
  905   14     0     -81      0     81  0.58745147E+00  0.00000000E+00 0.6973E-12      5
  906   14     0     -80      0     80  0.59476844E+00  0.00000000E+00 0.2619E-12      5
  907   14     0     -79      0     79  0.60228899E+00  0.00000000E+00 0.2512E-12      5
  908   14     0     -78      0     78  0.61000826E+00  0.00000000E+00 0.5036E-12      5
  909   14     0     -77      0     77  0.61792316E+00  0.00000000E+00 0.1150E-12      5
  910   14     0     -76      0     76  0.62603041E+00  0.00000000E+00 0.1629E-11      5
  911   14     0     -75      0     75  0.63432345E+00  0.00000000E+00 0.9551E-13      5
  912   14     0     -74      0     74  0.64278760E+00  0.00000000E+00 0.1806E-12      5
  913   14     0     -73      0     73  0.65139060E+00  0.00000000E+00 0.2318E-12      6
  914   14     0     -72      0     72  0.66006124E+00  0.00000000E+00 0.3513E-12      6
  915   14     0     -71      0     71  0.66864974E+00  0.00000000E+00 0.7621E-12      5
  916   14     0     -70      0     70  0.67694100E+00  0.00000000E+00 0.1467E-12      5
  917   14     0     -69      0     69  0.68501948E+00  0.00000000E+00 0.9161E-13      5
  918   14     0     -68      0     68  0.69352768E+00  0.00000000E+00 0.9730E-12      5
  919   14     0     -67      0     67  0.70280835E+00  0.00000000E+00 0.1972E-13      5
  920   14     0     -66      0     66  0.71273235E+00  0.00000000E+00 0.1842E-12      5
  921   14     0     -65      0     65  0.72314994E+00  0.00000000E+00 0.3830E-12      5
  922   14     0     -64      0     64  0.73399112E+00  0.00000000E+00 0.2691E-12      5
  923   14     0     -63      0     63  0.74523382E+00  0.00000000E+00 0.3671E-12      5
  924   14     0     -62      0     62  0.75687774E+00  0.00000000E+00 0.2355E-12      5
  925   14     0     -61      0     61  0.76893081E+00  0.00000000E+00 0.2175E-12      5
  926   14     0     -60      0     60  0.78140242E+00  0.00000000E+00 0.2844E-12      5
  927   14     0     -59      0     59  0.79430127E+00  0.00000000E+00 0.1609E-12      5
  928   14     0     -58      0     58  0.80763361E+00  0.00000000E+00 0.1441E-12      5
  929   14     0     -57      0     57  0.82139888E+00  0.00000000E+00 0.1146E-12      5
  930   14     0     -56      0     56  0.83558159E+00  0.00000000E+00 0.3288E-13      5
  931   14     0     -55      0     55  0.85013693E+00  0.00000000E+00 0.1464E-12      5
  932   14     0     -54      0     54  0.86495919E+00  0.00000000E+00 0.1119E-12      5
  933   14     0     -53      0     53  0.87982216E+00  0.00000000E+00 0.5614E-12      5
  934   14     0     -52      0     52  0.89438116E+00  0.00000000E+00 0.8234E-12      5
  935   14     0     -51      0     51  0.90868668E+00  0.00000000E+00 0.1574E-12      5
  936   14     0     -50      0     50  0.92374527E+00  0.00000000E+00 0.1328E-13      6
  937   14     0     -49      0     49  0.94029021E+00  0.00000000E+00 0.1206E-12      5
  938   14     0     -48      0     48  0.95821124E+00  0.00000000E+00 0.2203E-12      6
  939   14     0     -47      0     47  0.97726543E+00  0.00000000E+00 0.1591E-12      5
  940   14     0     -46      0     46  0.99732511E+00  0.00000000E+00 0.4772E-12      5
  941   14     0     -45      0     45  0.10183494E+01  0.00000000E+00 0.1494E-12      5
  942   14     0     -44      0     44  0.10403466E+01  0.00000000E+00 0.2360E-12      5
  943   14     0     -43      0     43  0.10633521E+01  0.00000000E+00 0.8311E-13      5
  944   14     0     -42      0     42  0.10874156E+01  0.00000000E+00 0.2618E-12      5
  945   14     0     -41      0     41  0.11125949E+01  0.00000000E+00 0.9749E-13      5
  946   14     0     -40      0     40  0.11389522E+01  0.00000000E+00 0.1230E-14      5
  947   14     0     -39      0     39  0.11665460E+01  0.00000000E+00 0.1587E-12      5
  948   14     0     -38      0     38  0.11954263E+01  0.00000000E+00 0.2322E-12      5
  949   14     0     -37      0     37  0.12256381E+01  0.00000000E+00 0.1020E-12      5
  950   14     0     -36      0     36  0.12572366E+01  0.00000000E+00 0.3167E-12      5
  951   14     0     -35      0     35  0.12902987E+01  0.00000000E+00 0.8502E-14      5
  952   14     0     -34      0     34  0.13249029E+01  0.00000000E+00 0.1520E-13      5
  953   14     0     -33      0     33  0.13610534E+01  0.00000000E+00 0.2955E-12      5
  954   14     0     -32      0     32  0.13985802E+01  0.00000000E+00 0.4437E-13      6
  955   14     0     -31      0     31  0.14370010E+01  0.00000000E+00 0.1026E-12      6
  956   14     0     -30      0     30  0.14752810E+01  0.00000000E+00 0.2444E-12      5
  957   14     0     -29      0     29  0.15124898E+01  0.00000000E+00 0.1354E-12      5
  958   14     0     -28      0     28  0.15510424E+01  0.00000000E+00 0.6757E-13      6
  959   14     0     -27      0     27  0.15947099E+01  0.00000000E+00 0.2237E-12      6
  Time elapsed :      2.233 s

Mode Search
-----------

Mode parameters
   l : 15
   m : 0

Building frequency grid (REAL axis)
   added scan interval :  0.5210E+00 ->  0.2105E+01 (3000 points, INVERSE)

Building spatial grid
   Scaffold grid from model
   Split 17 subinterval(s) in iteration 1
   Split 23 subinterval(s) in iteration 2
   Split 0 subinterval(s) in iteration 3
   Final grid has 1 segment(s) and 7260 point(s):
      Segment 1 : x range 0.0000 -> 1.0009 (1 -> 7260)

Starting search (adiabatic)

Scanning frequencies
  Time elapsed :     1.741 s

Finding roots
  Time elapsed :      0.175 s

Processing modes
   id    l     m    n_pg    n_p    n_g       Re(omega)       Im(omega)        chi n_iter
  978   15     0     -87      0     87  0.58605638E+00  0.00000000E+00 0.2238E-12      5
  979   15     0     -86      0     86  0.59204134E+00  0.00000000E+00 0.2987E-13      5
  980   15     0     -85      0     85  0.59837596E+00  0.00000000E+00 0.3229E-12      5
  981   15     0     -84      0     84  0.60511405E+00  0.00000000E+00 0.1901E-12      5
  982   15     0     -83      0     83  0.61218683E+00  0.00000000E+00 0.7875E-13      5
  983   15     0     -82      0     82  0.61953183E+00  0.00000000E+00 0.4529E-12      5
  984   15     0     -81      0     81  0.62711364E+00  0.00000000E+00 0.3766E-13      5
  985   15     0     -80      0     80  0.63491461E+00  0.00000000E+00 0.4231E-12      5
  986   15     0     -79      0     79  0.64292639E+00  0.00000000E+00 0.4186E-12      5
  987   15     0     -78      0     78  0.65114459E+00  0.00000000E+00 0.4076E-12      5
  988   15     0     -77      0     77  0.65956575E+00  0.00000000E+00 0.3190E-12      5
  989   15     0     -76      0     76  0.66818505E+00  0.00000000E+00 0.9688E-12      5
  990   15     0     -75      0     75  0.67699240E+00  0.00000000E+00 0.1820E-12      5
  991   15     0     -74      0     74  0.68596549E+00  0.00000000E+00 0.4158E-12      5
  992   15     0     -73      0     73  0.69505558E+00  0.00000000E+00 0.6983E-12      5
  993   15     0     -72      0     72  0.70415665E+00  0.00000000E+00 0.1775E-12      6
  994   15     0     -71      0     71  0.71306799E+00  0.00000000E+00 0.3943E-13      6
  995   15     0     -70      0     70  0.72163313E+00  0.00000000E+00 0.1857E-12      5
  996   15     0     -69      0     69  0.73024651E+00  0.00000000E+00 0.1711E-13      5
  997   15     0     -68      0     68  0.73955450E+00  0.00000000E+00 0.3720E-13      5
  998   15     0     -67      0     67  0.74963104E+00  0.00000000E+00 0.8474E-13      5
  999   15     0     -66      0     66  0.76029484E+00  0.00000000E+00 0.1264E-12      5
 1000   15     0     -65      0     65  0.77142737E+00  0.00000000E+00 0.1482E-12      5
 1001   15     0     -64      0     64  0.78298111E+00  0.00000000E+00 0.1227E-12      5
 1002   15     0     -63      0     63  0.79494525E+00  0.00000000E+00 0.2809E-12      5
 1003   15     0     -62      0     62  0.80732514E+00  0.00000000E+00 0.1011E-12      5
 1004   15     0     -61      0     61  0.82013165E+00  0.00000000E+00 0.1612E-13      5
 1005   15     0     -60      0     60  0.83337562E+00  0.00000000E+00 0.1371E-12      5
 1006   15     0     -59      0     59  0.84706644E+00  0.00000000E+00 0.2887E-12      5
 1007   15     0     -58      0     58  0.86121004E+00  0.00000000E+00 0.4234E-12      5
 1008   15     0     -57      0     57  0.87580389E+00  0.00000000E+00 0.5186E-12      5
 1009   15     0     -56      0     56  0.89082767E+00  0.00000000E+00 0.8556E-12      5
 1010   15     0     -55      0     55  0.90622652E+00  0.00000000E+00 0.8459E-13      5
 1011   15     0     -54      0     54  0.92187456E+00  0.00000000E+00 0.8883E-13      5
 1012   15     0     -53      0     53  0.93751285E+00  0.00000000E+00 0.3610E-12      6
 1013   15     0     -52      0     52  0.95279902E+00  0.00000000E+00 0.5697E-13      5
 1014   15     0     -51      0     51  0.96793812E+00  0.00000000E+00 0.1721E-13      5
 1015   15     0     -50      0     50  0.98403211E+00  0.00000000E+00 0.1132E-12      6
 1016   15     0     -49      0     49  0.10016850E+01  0.00000000E+00 0.3947E-12      6
 1017   15     0     -48      0     48  0.10207265E+01  0.00000000E+00 0.2681E-12      5
 1018   15     0     -47      0     47  0.10409208E+01  0.00000000E+00 0.7616E-13      5
 1019   15     0     -46      0     46  0.10621502E+01  0.00000000E+00 0.2063E-12      5
 1020   15     0     -45      0     45  0.10843798E+01  0.00000000E+00 0.3488E-12      5
 1021   15     0     -44      0     44  0.11076223E+01  0.00000000E+00 0.3903E-12      5
 1022   15     0     -43      0     43  0.11319158E+01  0.00000000E+00 0.1248E-12      5
 1023   15     0     -42      0     42  0.11573122E+01  0.00000000E+00 0.2595E-12      5
 1024   15     0     -41      0     41  0.11838710E+01  0.00000000E+00 0.6424E-13      5
 1025   15     0     -40      0     40  0.12116551E+01  0.00000000E+00 0.2443E-12      5
 1026   15     0     -39      0     39  0.12407206E+01  0.00000000E+00 0.1921E-12      5
 1027   15     0     -38      0     38  0.12711141E+01  0.00000000E+00 0.3265E-13      5
 1028   15     0     -37      0     37  0.13028795E+01  0.00000000E+00 0.1886E-12      5
 1029   15     0     -36      0     36  0.13360765E+01  0.00000000E+00 0.1570E-12      5
 1030   15     0     -35      0     35  0.13707906E+01  0.00000000E+00 0.1560E-12      5
 1031   15     0     -34      0     34  0.14071022E+01  0.00000000E+00 0.2304E-12      5
 1032   15     0     -33      0     33  0.14450053E+01  0.00000000E+00 0.1241E-12      6
 1033   15     0     -32      0     32  0.14843265E+01  0.00000000E+00 0.5544E-13      6
 1034   15     0     -31      0     31  0.15246163E+01  0.00000000E+00 0.2636E-12      6
 1035   15     0     -30      0     30  0.15648973E+01  0.00000000E+00 0.2937E-12      6
 1036   15     0     -29      0     29  0.16040479E+01  0.00000000E+00 0.1437E-12      5
  Time elapsed :      2.386 s

gyre [9.1.1]
------------

OpenMP Threads   : 16
Input filename   : gyre_nad_wide.in

Model Init
----------

Reading from MESA file
   File name ../mesa/LOGS/profile269.data.GYRE
   File version 1.01
   Read 7220 points
   No need to add central point

Mode Search
-----------

Mode parameters
   l : 0
   m : 0

Building frequency grid (REAL axis)
   added scan interval :  0.2785E+00 ->  0.8715E+01 (1000 points, INVERSE)
   added scan interval :  0.8715E+01 ->  0.3314E+02 (1000 points, LINEAR)

Building spatial grid
   Scaffold grid from model
   Split 0 subinterval(s) in iteration 1
   Final grid has 1 segment(s) and 7220 point(s):
      Segment 1 : x range 0.0000 -> 1.0009 (1 -> 7220)

Starting search (adiabatic)

Scanning frequencies
  Time elapsed :     1.213 s

Finding roots
  Time elapsed :      0.070 s

Processing modes
   id    l     m    n_pg    n_p    n_g       Re(omega)       Im(omega)        chi n_iter
    1    0     0       1      1      0  0.35616578E+01  0.00000000E+00 0.5780E-14      7
    2    0     0       2      2      0  0.46009256E+01  0.00000000E+00 0.9548E-13      7
    3    0     0       3      3      0  0.56311890E+01  0.00000000E+00 0.1660E-13      6
    4    0     0       4      4      0  0.66638623E+01  0.00000000E+00 0.1477E-13      6
    5    0     0       5      5      0  0.77550707E+01  0.00000000E+00 0.2892E-13      6
    6    0     0       6      6      0  0.89073058E+01  0.00000000E+00 0.5767E-13      5
    7    0     0       7      7      0  0.10067490E+02  0.00000000E+00 0.8941E-13      6
    8    0     0       8      8      0  0.11225301E+02  0.00000000E+00 0.7963E-13      5
    9    0     0       9      9      0  0.12395526E+02  0.00000000E+00 0.3989E-12      5
   10    0     0      10     10      0  0.13590480E+02  0.00000000E+00 0.2513E-12      5
   11    0     0      11     11      0  0.14808098E+02  0.00000000E+00 0.6542E-13      5
   12    0     0      12     12      0  0.16044289E+02  0.00000000E+00 0.1224E-12      5
   13    0     0      13     13      0  0.17296890E+02  0.00000000E+00 0.7237E-13      8
   14    0     0      14     14      0  0.18561563E+02  0.00000000E+00 0.7251E-13      5
   15    0     0      15     15      0  0.19832969E+02  0.00000000E+00 0.2359E-12      6
   16    0     0      16     16      0  0.21106294E+02  0.00000000E+00 0.3549E-12      5
   17    0     0      17     17      0  0.22378967E+02  0.00000000E+00 0.2540E-13      5
   18    0     0      18     18      0  0.23649290E+02  0.00000000E+00 0.2550E-12      6
   19    0     0      19     19      0  0.24916613E+02  0.00000000E+00 0.4476E-14      5
   20    0     0      20     20      0  0.26181202E+02  0.00000000E+00 0.4076E-12      5
  Time elapsed :      0.043 s

Starting search (non-adiabatic)

Finding roots
  Time elapsed :     23.636 s

Processing modes
   id    l     m    n_pg    n_p    n_g       Re(omega)       Im(omega)        chi n_iter
    1    0     0       1      1      0  0.35616571E+01  0.23381327E-06 0.4883E-08      6
    2    0     0       2      2      0  0.46009231E+01  0.30431255E-05 0.5519E-07     11
    3    0     0       3      3      0  0.56311762E+01  0.14911464E-04 0.9075E-08     13
    4    0     0       4      4      0  0.66637998E+01  0.52375353E-04 0.1629E-07      7
    5    0     0       5      5      0  0.77547917E+01  0.15490049E-03 0.2924E-09      7
    6    0     0       6      6      0  0.89062440E+01  0.37172607E-03 0.2181E-08     10
    7    0     0       7      7      0  0.10064255E+02  0.59836694E-03 0.3627E-10      6
    8    0     0       8      8      0  0.11217883E+02  0.20574767E-03 0.7785E-11      9
    9    0     0       9      9      0  0.12382648E+02 -0.17408489E-02 0.2963E-10     11
   10    0     0      10     10      0  0.13572149E+02 -0.56420305E-02 0.9834E-11      8
   11    0     0      11     11      0  0.14785100E+02 -0.11247891E-01 0.1715E-10     10
   12    0     0      12     12      0  0.16017746E+02 -0.17950603E-01 0.4598E-11      9
   13    0     0      13     13      0  0.17267761E+02 -0.25216368E-01 0.1544E-10     10
   14    0     0      14     14      0  0.18530218E+02 -0.32935132E-01 0.1882E-11      9
   15    0     0      15     15      0  0.19799388E+02 -0.41013101E-01 0.3761E-11      8
   16    0     0      16     16      0  0.21070224E+02 -0.49229109E-01 0.3100E-11      8
   17    0     0      17     17      0  0.22340169E+02 -0.57030243E-01 0.6920E-11      8
   18    0     0      18     18      0  0.23607607E+02 -0.63816169E-01 0.4048E-11     10
   19    0     0      19     19      0  0.24871909E+02 -0.69283974E-01 0.6196E-11     10
   20    0     0      20     20      0  0.26133468E+02 -0.73304342E-01 0.2150E-11      7
  Time elapsed :      1.406 s

Mode Search
-----------

Mode parameters
   l : 1
   m : 0

Building frequency grid (REAL axis)
   added scan interval :  0.2785E+00 ->  0.8715E+01 (1000 points, INVERSE)
   added scan interval :  0.8715E+01 ->  0.3314E+02 (1000 points, LINEAR)

Building spatial grid
   Scaffold grid from model
   Split 0 subinterval(s) in iteration 1
   Final grid has 1 segment(s) and 7220 point(s):
      Segment 1 : x range 0.0000 -> 1.0009 (1 -> 7220)

Starting search (adiabatic)

Scanning frequencies
  Time elapsed :    24.021 s

Finding roots
  Time elapsed :      2.438 s

Processing modes
   id    l     m    n_pg    n_p    n_g       Re(omega)       Im(omega)        chi n_iter
   26    1     0     -15      0     15  0.29511875E+00  0.00000000E+00 0.3067E-12      5
   27    1     0     -14      0     14  0.31555832E+00  0.00000000E+00 0.8011E-13      5
   28    1     0     -13      0     13  0.33906643E+00  0.00000000E+00 0.8205E-13      5
   29    1     0     -12      0     12  0.36635532E+00  0.00000000E+00 0.3293E-12      6
   30    1     0     -11      0     11  0.39842570E+00  0.00000000E+00 0.1370E-12      5
   31    1     0     -10      0     10  0.43667671E+00  0.00000000E+00 0.3965E-12      5
   32    1     0      -9      0      9  0.48339432E+00  0.00000000E+00 0.2180E-12      6
   33    1     0      -8      0      8  0.54203940E+00  0.00000000E+00 0.1946E-12      5
   34    1     0      -7      0      7  0.61757126E+00  0.00000000E+00 0.2601E-12      6
   35    1     0      -6      0      6  0.71829456E+00  0.00000000E+00 0.2599E-12      7
   36    1     0      -5      0      5  0.85704550E+00  0.00000000E+00 0.1769E-13      6
   37    1     0      -4      0      4  0.10568847E+01  0.00000000E+00 0.1080E-12      7
   38    1     0      -3      0      3  0.13601017E+01  0.00000000E+00 0.2696E-12      5
   39    1     0      -2      0      2  0.18383896E+01  0.00000000E+00 0.3901E-12      9
   40    1     0      -1      0      1  0.25355806E+01  0.00000000E+00 0.7505E-12      8
   41    1     0       1      0      0  0.36536254E+01  0.00000000E+00 0.1780E-13      6
   42    1     0       2      1      0  0.47681859E+01  0.00000000E+00 0.3719E-13      7
   43    1     0       3      2      0  0.59280627E+01  0.00000000E+00 0.1679E-13      7
   44    1     0       4      3      0  0.71050223E+01  0.00000000E+00 0.2990E-13      7
   45    1     0       5      4      0  0.82911806E+01  0.00000000E+00 0.1139E-13      8
   46    1     0       6      5      0  0.94741948E+01  0.00000000E+00 0.3643E-14      6
   47    1     0       7      6      0  0.10638846E+02  0.00000000E+00 0.8773E-13      6
   48    1     0       8      7      0  0.11798966E+02  0.00000000E+00 0.1903E-13      5
   49    1     0       9      8      0  0.12976645E+02  0.00000000E+00 0.2074E-12      5
   50    1     0      10      9      0  0.14177828E+02  0.00000000E+00 0.2238E-12      5
   51    1     0      11     10      0  0.15399540E+02  0.00000000E+00 0.1920E-12      5
   52    1     0      12     11      0  0.16639153E+02  0.00000000E+00 0.3409E-13      8
   53    1     0      13     12      0  0.17894397E+02  0.00000000E+00 0.3149E-12      5
   54    1     0      14     13      0  0.19159664E+02  0.00000000E+00 0.1016E-12      5
   55    1     0      15     14      0  0.20430381E+02  0.00000000E+00 0.1202E-12      5
   56    1     0      16     15      0  0.21702073E+02  0.00000000E+00 0.2822E-12      5
   57    1     0      17     16      0  0.22972646E+02  0.00000000E+00 0.2228E-13      5
   58    1     0      18     17      0  0.24241510E+02  0.00000000E+00 0.1279E-12      5
   59    1     0      19     18      0  0.25507694E+02  0.00000000E+00 0.1255E-12      5
   60    1     0      20     19      0  0.26771865E+02  0.00000000E+00 0.1543E-12      5
  Time elapsed :      0.748 s

Starting search (non-adiabatic)

Finding roots
  Time elapsed :     37.965 s

Processing modes
   id    l     m    n_pg    n_p    n_g       Re(omega)       Im(omega)        chi n_iter
   26    1     0     -15      0     15  0.29511876E+00 -0.34827305E-07 0.1427E-07      6
   27    1     0     -14      0     14  0.31555833E+00 -0.22101548E-07 0.2072E-07      5
   28    1     0     -13      0     13  0.33906643E+00 -0.14111665E-07 0.1726E-07      5
   29    1     0     -12      0     12  0.36635532E+00 -0.91291795E-08 0.8988E-07      6
   30    1     0     -11      0     11  0.39842571E+00 -0.59897408E-08 0.3714E-07      5
   31    1     0     -10      0     10  0.43667671E+00 -0.39650075E-08 0.1607E-06      4
   32    1     0      -9      0      9  0.48339432E+00 -0.26255639E-08 0.6181E-07      4
   33    1     0      -8      0      8  0.54203940E+00 -0.17434379E-08 0.1463E-06      5
   34    1     0      -7      0      7  0.61757126E+00 -0.11537189E-08 0.1346E-06      5
   35    1     0      -6      0      6  0.71829456E+00 -0.74784399E-09 0.3649E-06      5
   36    1     0      -5      0      5  0.85704550E+00 -0.46259069E-09 0.2214E-06      4
   37    1     0      -4      0      4  0.10568847E+01 -0.26448672E-09 0.5083E-06      6
   38    1     0      -3      0      3  0.13601017E+01 -0.12832745E-09 0.2366E-06      6
   39    1     0      -2      0      2  0.18383896E+01 -0.24287957E-10 0.1022E-05      5
   40    1     0      -1      0      1  0.25355806E+01  0.13906170E-09 0.6523E-06      6
   41    1     0       1      0      0  0.36536257E+01  0.32954690E-06 0.2910E-07      6
   42    1     0       2      1      0  0.47681865E+01  0.44986574E-05 0.2069E-07      8
   43    1     0       3      2      0  0.59280487E+01  0.25017533E-04 0.4182E-08      5
   44    1     0       4      3      0  0.71049049E+01  0.91119658E-04 0.5529E-09      7
   45    1     0       5      4      0  0.82906396E+01  0.24817675E-03 0.8606E-10      8
   46    1     0       6      5      0  0.94722931E+01  0.50990162E-03 0.5299E-10      6
   47    1     0       7      6      0  0.10633790E+02  0.54425492E-03 0.5047E-10      9
   48    1     0       8      7      0  0.11788965E+02 -0.51419258E-03 0.2308E-10     10
   49    1     0       9      8      0  0.12961114E+02 -0.33926558E-02 0.3713E-10     10
   50    1     0      10      9      0  0.14157206E+02 -0.81409480E-02 0.1244E-10      7
   51    1     0      11     10      0  0.15374801E+02 -0.14312805E-01 0.1783E-10      8
   52    1     0      12     11      0  0.16611394E+02 -0.21282111E-01 0.3535E-10      9
   53    1     0      13     12      0  0.17864290E+02 -0.28737002E-01 0.1063E-10      9
   54    1     0      14     13      0  0.19127362E+02 -0.36621553E-01 0.1722E-10     12
   55    1     0      15     14      0  0.20395715E+02 -0.44820954E-01 0.6280E-11      7
   56    1     0      16     15      0  0.21664798E+02 -0.52908899E-01 0.8750E-11      7
   57    1     0      17     16      0  0.22932539E+02 -0.60321598E-01 0.1065E-10     10
   58    1     0      18     17      0  0.24198423E+02 -0.66557769E-01 0.3808E-11     10
   59    1     0      19     18      0  0.25461560E+02 -0.71351869E-01 0.9448E-11      8
   60    1     0      20     19      0  0.26722692E+02 -0.74820909E-01 0.2741E-11      8
  Time elapsed :      2.454 s

Mode Search
-----------

Mode parameters
   l : 2
   m : 0

Building frequency grid (REAL axis)
   added scan interval :  0.2785E+00 ->  0.8715E+01 (1000 points, INVERSE)
   added scan interval :  0.8715E+01 ->  0.3314E+02 (1000 points, LINEAR)

Building spatial grid
   Scaffold grid from model
   Split 0 subinterval(s) in iteration 1
   Final grid has 1 segment(s) and 7220 point(s):
      Segment 1 : x range 0.0000 -> 1.0009 (1 -> 7220)

Starting search (adiabatic)

Scanning frequencies
  Time elapsed :    23.751 s

Finding roots
  Time elapsed :      3.248 s

Processing modes
   id    l     m    n_pg    n_p    n_g       Re(omega)       Im(omega)        chi n_iter
   74    2     0     -20      0     20  0.38567710E+00  0.00000000E+00 0.1650E-14      5
   75    2     0     -19      0     19  0.40536000E+00  0.00000000E+00 0.1600E-12      5
   76    2     0     -18      0     18  0.42709889E+00  0.00000000E+00 0.1922E-12      5
   77    2     0     -17      0     17  0.45126392E+00  0.00000000E+00 0.1143E-12      5
   78    2     0     -16      0     16  0.47835757E+00  0.00000000E+00 0.7531E-13      5
   79    2     0     -15      0     15  0.50901246E+00  0.00000000E+00 0.1998E-12      6
   80    2     0     -14      0     14  0.54397201E+00  0.00000000E+00 0.5993E-13      6
   81    2     0     -13      0     13  0.58410946E+00  0.00000000E+00 0.1280E-12      5
   82    2     0     -12      0     12  0.63060209E+00  0.00000000E+00 0.1273E-12      5
   83    2     0     -11      0     11  0.68509771E+00  0.00000000E+00 0.2024E-14      6
   84    2     0     -10      0     10  0.74990468E+00  0.00000000E+00 0.7992E-13      6
   85    2     0      -9      0      9  0.82881468E+00  0.00000000E+00 0.2355E-13      5
   86    2     0      -8      0      8  0.92747853E+00  0.00000000E+00 0.7525E-13      5
   87    2     0      -7      0      7  0.10538478E+01  0.00000000E+00 0.1429E-12      5
   88    2     0      -6      0      6  0.12210424E+01  0.00000000E+00 0.1583E-12      7
   89    2     0      -5      0      5  0.14486674E+01  0.00000000E+00 0.2731E-13      7
   90    2     0      -4      0      4  0.17700595E+01  0.00000000E+00 0.2244E-13      6
   91    2     0      -3      0      3  0.22360304E+01  0.00000000E+00 0.1708E-13      6
   92    2     0      -2      0      2  0.28670592E+01  0.00000000E+00 0.6294E-14      6
   93    2     0      -1      0      1  0.34557039E+01  0.00000000E+00 0.3188E-13      7
   94    2     0       0      1      1  0.38973507E+01  0.00000000E+00 0.1129E-12      7
   95    2     0       1      1      0  0.46375274E+01  0.00000000E+00 0.3273E-13      5
   96    2     0       2      2      0  0.54308698E+01  0.00000000E+00 0.2713E-13      6
   97    2     0       3      3      0  0.64548934E+01  0.00000000E+00 0.5867E-14      6
   98    2     0       4      4      0  0.76021004E+01  0.00000000E+00 0.1903E-14      6
   99    2     0       5      5      0  0.87904891E+01  0.00000000E+00 0.1715E-12      6
  100    2     0       6      6      0  0.99682809E+01  0.00000000E+00 0.9778E-13      6
  101    2     0       7      7      0  0.11132208E+02  0.00000000E+00 0.1596E-12      5
  102    2     0       8      8      0  0.12301432E+02  0.00000000E+00 0.9785E-14      6
  103    2     0       9      9      0  0.13492127E+02  0.00000000E+00 0.6977E-13      5
  104    2     0      10     10      0  0.14704277E+02  0.00000000E+00 0.1097E-13      5
  105    2     0      11     11      0  0.15934615E+02  0.00000000E+00 0.1954E-13      5
  106    2     0      12     12      0  0.17181448E+02  0.00000000E+00 0.3708E-12      5
  107    2     0      13     13      0  0.18441185E+02  0.00000000E+00 0.1351E-12      5
  108    2     0      14     14      0  0.19708543E+02  0.00000000E+00 0.4920E-12      6
  109    2     0      15     15      0  0.20978926E+02  0.00000000E+00 0.2151E-12      5
  110    2     0      16     16      0  0.22249465E+02  0.00000000E+00 0.7278E-12      5
  111    2     0      17     17      0  0.23518264E+02  0.00000000E+00 0.6713E-12      5
  112    2     0      18     18      0  0.24784810E+02  0.00000000E+00 0.7202E-13      5
  113    2     0      19     19      0  0.26049081E+02  0.00000000E+00 0.1661E-12      5
  114    2     0      20     20      0  0.27311951E+02  0.00000000E+00 0.2379E-12      5
  Time elapsed :      0.996 s

Starting search (non-adiabatic)

Finding roots
  Time elapsed :     42.609 s

Processing modes
   id    l     m    n_pg    n_p    n_g       Re(omega)       Im(omega)        chi n_iter
   74    2     0     -20      0     20  0.38567718E+00 -0.18043478E-06 0.1556E-08      4
   75    2     0     -19      0     19  0.40536008E+00 -0.13616676E-06 0.3489E-08      6
   76    2     0     -18      0     18  0.42709895E+00 -0.99119164E-07 0.6084E-08      6
   77    2     0     -17      0     17  0.45126397E+00 -0.68957285E-07 0.2119E-08      5
   78    2     0     -16      0     16  0.47835760E+00 -0.45989647E-07 0.1365E-07      4
   79    2     0     -15      0     15  0.50901248E+00 -0.29918721E-07 0.6628E-08      5
   80    2     0     -14      0     14  0.54397202E+00 -0.19431474E-07 0.3901E-07      6
   81    2     0     -13      0     13  0.58410947E+00 -0.12815156E-07 0.8302E-07      5
   82    2     0     -12      0     12  0.63060209E+00 -0.86318906E-08 0.9071E-07      5
   83    2     0     -11      0     11  0.68509771E+00 -0.59174509E-08 0.1239E-06      4
   84    2     0     -10      0     10  0.74990468E+00 -0.40782082E-08 0.1882E-06      4
   85    2     0      -9      0      9  0.82881468E+00 -0.27859700E-08 0.1096E-06      4
   86    2     0      -8      0      8  0.92747853E+00 -0.18885558E-08 0.8606E-07      4
   87    2     0      -7      0      7  0.10538478E+01 -0.12656247E-08 0.7817E-07      4
   88    2     0      -6      0      6  0.12210424E+01 -0.82516620E-09 0.4316E-06      7
   89    2     0      -5      0      5  0.14486674E+01 -0.50259582E-09 0.3137E-06      5
   90    2     0      -4      0      4  0.17700595E+01 -0.24381230E-09 0.4754E-06      5
   91    2     0      -3      0      3  0.22360304E+01  0.11989933E-09 0.2096E-06      4
   92    2     0      -2      0      2  0.28670592E+01  0.28055074E-08 0.5471E-06      5
   93    2     0      -1      0      1  0.34557039E+01  0.65213906E-07 0.3353E-06      5
   94    2     0       0      1      1  0.38973510E+01  0.39995041E-06 0.1199E-06      6
   95    2     0       1      1      0  0.46375279E+01  0.22759323E-05 0.1693E-06      7
   96    2     0       2      2      0  0.54308672E+01  0.10018674E-04 0.4943E-07      6
   97    2     0       3      3      0  0.64548552E+01  0.43711672E-04 0.7625E-08      7
   98    2     0       4      4      0  0.76018698E+01  0.14172609E-03 0.1416E-08      6
   99    2     0       5      5      0  0.87895424E+01  0.35174304E-03 0.3523E-09      9
  100    2     0       6      6      0  0.99652943E+01  0.59440414E-03 0.3451E-09     11
  101    2     0       7      7      0  0.11125188E+02  0.28440867E-03 0.6083E-10      9
  102    2     0       8      8      0  0.12289025E+02 -0.15121703E-02 0.4714E-10      7
  103    2     0       9      9      0  0.13474276E+02 -0.52377768E-02 0.6688E-10     12
  104    2     0      10     10      0  0.14681718E+02 -0.10682671E-01 0.2434E-10     10
  105    2     0      11     11      0  0.15908439E+02 -0.17268640E-01 0.1289E-10      7
  106    2     0      12     12      0  0.17152636E+02 -0.24446370E-01 0.7467E-11      8
  107    2     0      13     13      0  0.18410146E+02 -0.32086604E-01 0.9837E-11      9
  108    2     0      14     14      0  0.19675281E+02 -0.40105716E-01 0.1885E-10      9
  109    2     0      15     15      0  0.20943191E+02 -0.48318652E-01 0.1417E-10      9
  110    2     0      16     16      0  0.22211018E+02 -0.56182520E-01 0.4298E-11      8
  111    2     0      17     17      0  0.23476935E+02 -0.63100925E-01 0.5127E-11      7
  112    2     0      18     18      0  0.24740452E+02 -0.68741907E-01 0.5345E-11      7
  113    2     0      19     19      0  0.26001676E+02 -0.72927047E-01 0.5429E-11      9
  114    2     0      20     20      0  0.27261507E+02 -0.75982534E-01 0.1862E-11      8
  Time elapsed :      2.606 s

Mode Search
-----------

Mode parameters
   l : 3
   m : 0

Building frequency grid (REAL axis)
   added scan interval :  0.2785E+00 ->  0.8715E+01 (1000 points, INVERSE)
   added scan interval :  0.8715E+01 ->  0.3314E+02 (1000 points, LINEAR)

Building spatial grid
   Scaffold grid from model
   Split 0 subinterval(s) in iteration 1
   Final grid has 1 segment(s) and 7220 point(s):
      Segment 1 : x range 0.0000 -> 1.0009 (1 -> 7220)

Starting search (adiabatic)

Scanning frequencies
  Time elapsed :    23.376 s

Finding roots
  Time elapsed :      3.846 s

Processing modes
   id    l     m    n_pg    n_p    n_g       Re(omega)       Im(omega)        chi n_iter
  139    3     0     -20      0     20  0.54339626E+00  0.00000000E+00 0.8081E-13      5
  140    3     0     -19      0     19  0.57091982E+00  0.00000000E+00 0.9484E-13      6
  141    3     0     -18      0     18  0.60128122E+00  0.00000000E+00 0.6361E-13      5
  142    3     0     -17      0     17  0.63498891E+00  0.00000000E+00 0.9966E-13      6
  143    3     0     -16      0     16  0.67273147E+00  0.00000000E+00 0.4060E-13      6
  144    3     0     -15      0     15  0.71536641E+00  0.00000000E+00 0.1263E-12      6
  145    3     0     -14      0     14  0.76388732E+00  0.00000000E+00 0.5896E-13      6
  146    3     0     -13      0     13  0.81944854E+00  0.00000000E+00 0.8391E-13      6
  147    3     0     -12      0     12  0.88359950E+00  0.00000000E+00 0.2823E-13      6
  148    3     0     -11      0     11  0.95849970E+00  0.00000000E+00 0.6948E-13      5
  149    3     0     -10      0     10  0.10471959E+01  0.00000000E+00 0.4890E-13      6
  150    3     0      -9      0      9  0.11547373E+01  0.00000000E+00 0.1484E-13      5
  151    3     0      -8      0      8  0.12884570E+01  0.00000000E+00 0.7541E-13      5
  152    3     0      -7      0      7  0.14584010E+01  0.00000000E+00 0.3323E-13      5
  153    3     0      -6      0      6  0.16808168E+01  0.00000000E+00 0.1794E-13      5
  154    3     0      -5      0      5  0.19789089E+01  0.00000000E+00 0.1154E-12      7
  155    3     0      -4      0      4  0.23889227E+01  0.00000000E+00 0.1807E-13      6
  156    3     0      -3      0      3  0.29394694E+01  0.00000000E+00 0.3348E-13      7
  157    3     0      -2      0      2  0.34425297E+01  0.00000000E+00 0.6216E-13      9
  158    3     0      -1      0      1  0.38677896E+01  0.00000000E+00 0.4054E-14      6
  159    3     0       0      1      1  0.44038088E+01  0.00000000E+00 0.4410E-13      6
  160    3     0       1      1      0  0.48775129E+01  0.00000000E+00 0.3924E-13      6
  161    3     0       2      2      0  0.57362172E+01  0.00000000E+00 0.1312E-13      9
  162    3     0       3      3      0  0.68574591E+01  0.00000000E+00 0.9204E-14      7
  163    3     0       4      4      0  0.80329592E+01  0.00000000E+00 0.2707E-14      7
  164    3     0       5      5      0  0.92264902E+01  0.00000000E+00 0.1955E-13      5
  165    3     0       6      6      0  0.10401881E+02  0.00000000E+00 0.2191E-12      5
  166    3     0       7      7      0  0.11567486E+02  0.00000000E+00 0.4438E-12      6
  167    3     0       8      8      0  0.12746181E+02  0.00000000E+00 0.5475E-13      6
  168    3     0       9      9      0  0.13947571E+02  0.00000000E+00 0.6782E-13      6
  169    3     0      10     10      0  0.15169227E+02  0.00000000E+00 0.2102E-12      5
  170    3     0      11     11      0  0.16408264E+02  0.00000000E+00 0.1603E-12      6
  171    3     0      12     12      0  0.17662938E+02  0.00000000E+00 0.1042E-12      6
  172    3     0      13     13      0  0.18928208E+02  0.00000000E+00 0.1282E-12      5
  173    3     0      14     14      0  0.20199443E+02  0.00000000E+00 0.1675E-12      5
  174    3     0      15     15      0  0.21471959E+02  0.00000000E+00 0.3615E-12      5
  175    3     0      16     16      0  0.22743731E+02  0.00000000E+00 0.2396E-12      5
  176    3     0      17     17      0  0.24013770E+02  0.00000000E+00 0.2967E-13      6
  177    3     0      18     18      0  0.25281080E+02  0.00000000E+00 0.5301E-12      5
  178    3     0      19     19      0  0.26546281E+02  0.00000000E+00 0.3633E-12      5
  179    3     0      20     20      0  0.27810569E+02  0.00000000E+00 0.6686E-13      5
  Time elapsed :      1.205 s

Starting search (non-adiabatic)

Finding roots
  Time elapsed :     45.475 s

Processing modes
   id    l     m    n_pg    n_p    n_g       Re(omega)       Im(omega)        chi n_iter
  139    3     0     -20      0     20  0.54339637E+00 -0.17113502E-06 0.1459E-07      4
  140    3     0     -19      0     19  0.57091991E+00 -0.12348804E-06 0.6087E-08      4
  141    3     0     -18      0     18  0.60128129E+00 -0.87353270E-07 0.5694E-08      5
  142    3     0     -17      0     17  0.63498896E+00 -0.59945819E-07 0.2972E-07      7
  143    3     0     -16      0     16  0.67273150E+00 -0.40033682E-07 0.5295E-08      6
  144    3     0     -15      0     15  0.71536644E+00 -0.26507390E-07 0.3837E-07      6
  145    3     0     -14      0     14  0.76388734E+00 -0.17806700E-07 0.2221E-07      6
  146    3     0     -13      0     13  0.81944855E+00 -0.12296832E-07 0.1211E-06      4
  147    3     0     -12      0     12  0.88359950E+00 -0.87150863E-08 0.7196E-07      5
  148    3     0     -11      0     11  0.95849970E+00 -0.62563055E-08 0.1233E-06      5
  149    3     0     -10      0     10  0.10471959E+01 -0.44557409E-08 0.4634E-06      7
  150    3     0      -9      0      9  0.11547373E+01 -0.30988582E-08 0.2823E-06      4
  151    3     0      -8      0      8  0.12884570E+01 -0.21165096E-08 0.1819E-06      5
  152    3     0      -7      0      7  0.14584010E+01 -0.14199499E-08 0.1899E-06      5
  153    3     0      -6      0      6  0.16808168E+01 -0.91274097E-09 0.2602E-06      7
  154    3     0      -5      0      5  0.19789089E+01 -0.48843775E-09 0.4500E-06      5
  155    3     0      -4      0      4  0.23889227E+01  0.15599347E-09 0.3862E-06      7
  156    3     0      -3      0      3  0.29394694E+01  0.57797551E-08 0.5128E-06      4
  157    3     0      -2      0      2  0.34425298E+01  0.84637706E-07 0.1369E-06      5
  158    3     0      -1      0      1  0.38677897E+01  0.15646903E-06 0.1326E-06      7
  159    3     0       0      1      1  0.44038093E+01  0.12751607E-05 0.5903E-07      7
  160    3     0       1      1      0  0.48775131E+01  0.24526154E-05 0.5045E-07      7
  161    3     0       2      2      0  0.57362096E+01  0.17658474E-04 0.1133E-07      7
  162    3     0       3      3      0  0.68573810E+01  0.69574346E-04 0.1792E-08     10
  163    3     0       4      4      0  0.80325614E+01  0.20348275E-03 0.1178E-08      6
  164    3     0       5      5      0  0.92249942E+01  0.45522712E-03 0.2181E-09      7
  165    3     0       6      6      0  0.10397623E+02  0.59537217E-03 0.8868E-10      7
  166    3     0       7      7      0  0.11558523E+02 -0.17273188E-03 0.8465E-10     12
  167    3     0       8      8      0  0.12731660E+02 -0.26891693E-02 0.5389E-10      9
  168    3     0       9      9      0  0.13927795E+02 -0.71288717E-02 0.1065E-09     10
  169    3     0      10     10      0  0.15145118E+02 -0.13105868E-01 0.2706E-11     11
  170    3     0      11     11      0  0.16380946E+02 -0.19985480E-01 0.1531E-10      7
  171    3     0      12     12      0  0.17633202E+02 -0.27365430E-01 0.1775E-10      9
  172    3     0      13     13      0  0.18896277E+02 -0.35189442E-01 0.1113E-10      9
  173    3     0      14     14      0  0.20165201E+02 -0.43351864E-01 0.7458E-11     10
  174    3     0      15     15      0  0.21435149E+02 -0.51511413E-01 0.8069E-11     10
  175    3     0      16     16      0  0.22704116E+02 -0.59107185E-01 0.2513E-11      7
  176    3     0      17     17      0  0.23971203E+02 -0.65575334E-01 0.6997E-11     11
  177    3     0      18     18      0  0.25235464E+02 -0.70644370E-01 0.1113E-12     11
  178    3     0      19     19      0  0.26497617E+02 -0.74329157E-01 0.1227E-11     10
  179    3     0      20     20      0  0.27758857E+02 -0.77113312E-01 0.5872E-11      8
  Time elapsed :      2.549 s

Mode Search
-----------

Mode parameters
   l : 4
   m : 0

Building frequency grid (REAL axis)
   added scan interval :  0.2785E+00 ->  0.8715E+01 (1000 points, INVERSE)
   added scan interval :  0.8715E+01 ->  0.3314E+02 (1000 points, LINEAR)

Building spatial grid
   Scaffold grid from model
   Split 0 subinterval(s) in iteration 1
   Final grid has 1 segment(s) and 7220 point(s):
      Segment 1 : x range 0.0000 -> 1.0009 (1 -> 7220)

Starting search (adiabatic)

Scanning frequencies
  Time elapsed :    23.301 s

Finding roots
  Time elapsed :      4.516 s

Processing modes
   id    l     m    n_pg    n_p    n_g       Re(omega)       Im(omega)        chi n_iter
  216    4     0     -20      0     20  0.69807148E+00  0.00000000E+00 0.7134E-13      6
  217    4     0     -19      0     19  0.73307354E+00  0.00000000E+00 0.1477E-13      6
  218    4     0     -18      0     18  0.77162285E+00  0.00000000E+00 0.2645E-13      6
  219    4     0     -17      0     17  0.81435131E+00  0.00000000E+00 0.3308E-13      5
  220    4     0     -16      0     16  0.86211155E+00  0.00000000E+00 0.6040E-13      6
  221    4     0     -15      0     15  0.91594835E+00  0.00000000E+00 0.4970E-13      6
  222    4     0     -14      0     14  0.97704756E+00  0.00000000E+00 0.8707E-13      6
  223    4     0     -13      0     13  0.10467653E+01  0.00000000E+00 0.6900E-13      6
  224    4     0     -12      0     12  0.11269115E+01  0.00000000E+00 0.3933E-13      5
  225    4     0     -11      0     11  0.12200036E+01  0.00000000E+00 0.4925E-13      6
  226    4     0     -10      0     10  0.13296608E+01  0.00000000E+00 0.5376E-13      6
  227    4     0      -9      0      9  0.14619468E+01  0.00000000E+00 0.2943E-13      6
  228    4     0      -8      0      8  0.16253219E+01  0.00000000E+00 0.1281E-13      5
  229    4     0      -7      0      7  0.18309624E+01  0.00000000E+00 0.1902E-13      5
  230    4     0      -6      0      6  0.20965007E+01  0.00000000E+00 0.2196E-13      8
  231    4     0      -5      0      5  0.24456485E+01  0.00000000E+00 0.9540E-13      6
  232    4     0      -4      0      4  0.29086962E+01  0.00000000E+00 0.5645E-14      8
  233    4     0      -3      0      3  0.33820653E+01  0.00000000E+00 0.1839E-14      6
  234    4     0      -2      0      2  0.37350374E+01  0.00000000E+00 0.7114E-14      6
  235    4     0      -1      1      2  0.43427544E+01  0.00000000E+00 0.3644E-13      9
  236    4     0       0      1      1  0.46636612E+01  0.00000000E+00 0.2945E-13      9
  237    4     0       1      1      0  0.51521905E+01  0.00000000E+00 0.3089E-14      8
  238    4     0       2      2      0  0.59108743E+01  0.00000000E+00 0.4086E-14      7
  239    4     0       3      3      0  0.71149125E+01  0.00000000E+00 0.1122E-13      7
  240    4     0       4      4      0  0.83396104E+01  0.00000000E+00 0.7181E-14      7
  241    4     0       5      5      0  0.95556121E+01  0.00000000E+00 0.3381E-13      8
  242    4     0       6      6      0  0.10745445E+02  0.00000000E+00 0.1384E-12      5
  243    4     0       7      7      0  0.11926866E+02  0.00000000E+00 0.1760E-12      6
  244    4     0       8      8      0  0.13123572E+02  0.00000000E+00 0.3097E-13      6
  245    4     0       9      9      0  0.14340744E+02  0.00000000E+00 0.1412E-13      5
  246    4     0      10     10      0  0.15575659E+02  0.00000000E+00 0.1188E-12      5
  247    4     0      11     11      0  0.16826420E+02  0.00000000E+00 0.5688E-13      5
  248    4     0      12     12      0  0.18090737E+02  0.00000000E+00 0.1682E-12      5
  249    4     0      13     13      0  0.19363186E+02  0.00000000E+00 0.1345E-12      5
  250    4     0      14     14      0  0.20639463E+02  0.00000000E+00 0.2325E-13      5
  251    4     0      15     15      0  0.21915765E+02  0.00000000E+00 0.1885E-12      5
  252    4     0      16     16      0  0.23190191E+02  0.00000000E+00 0.2190E-12      5
  253    4     0      17     17      0  0.24462458E+02  0.00000000E+00 0.7107E-13      6
  254    4     0      18     18      0  0.25731951E+02  0.00000000E+00 0.1120E-12      6
  255    4     0      19     19      0  0.26999497E+02  0.00000000E+00 0.1752E-12      5
  256    4     0      20     20      0  0.28266749E+02  0.00000000E+00 0.2465E-12      5
  Time elapsed :      1.294 s

Starting search (non-adiabatic)

Finding roots
  Time elapsed :     92.216 s

Processing modes
   id    l     m    n_pg    n_p    n_g       Re(omega)       Im(omega)        chi n_iter
  216    4     0     -20      0     20  0.69807161E+00 -0.16580685E-06 0.2436E-08      7
  217    4     0     -19      0     19  0.73307364E+00 -0.11666293E-06 0.2465E-08      6
  218    4     0     -18      0     18  0.77162293E+00 -0.81167479E-07 0.1749E-07      7
  219    4     0     -17      0     17  0.81435137E+00 -0.55453598E-07 0.1416E-07      7
  220    4     0     -16      0     16  0.86211159E+00 -0.37437757E-07 0.7457E-07      6
  221    4     0     -15      0     15  0.91594838E+00 -0.25479799E-07 0.8629E-08      4
  222    4     0     -14      0     14  0.97704757E+00 -0.17832785E-07 0.9732E-07      7
  223    4     0     -13      0     13  0.10467653E+01 -0.12901099E-07 0.1268E-06      6
  224    4     0     -12      0     12  0.11269115E+01 -0.95384297E-08 0.4961E-07      6
  225    4     0     -11      0     11  0.12200036E+01 -0.70531294E-08 0.3257E-07      7
  226    4     0     -10      0     10  0.13296609E+01 -0.50859900E-08 0.3746E-07      4
  227    4     0      -9      0      9  0.14619468E+01 -0.35347008E-08 0.1449E-06      6
  228    4     0      -8      0      8  0.16253219E+01 -0.23998446E-08 0.8003E-07      4
  229    4     0      -7      0      7  0.18309624E+01 -0.15913656E-08 0.2327E-06      5
  230    4     0      -6      0      6  0.20965007E+01 -0.96729644E-09 0.1522E-06      5
  231    4     0      -5      0      5  0.24456485E+01 -0.23410405E-09 0.2340E-06      7
  232    4     0      -4      0      4  0.29086962E+01  0.33948986E-08 0.4296E-06      7
  233    4     0      -3      0      3  0.33820654E+01  0.86865543E-07 0.1309E-06      9
  234    4     0      -2      0      2  0.37350375E+01  0.11458177E-06 0.1967E-06      6
  235    4     0      -1      1      2  0.43427545E+01  0.23552693E-06 0.4011E-08      5
  236    4     0       0      1      1  0.46636618E+01  0.30692417E-05 0.1186E-07      8
  237    4     0       1      1      0  0.51521904E+01  0.12242667E-05 0.3073E-07      7
  238    4     0       2      2      0  0.59108614E+01  0.24132655E-04 0.1731E-08      6
  239    4     0       3      3      0  0.71147917E+01  0.94008016E-04 0.5097E-09      6
  240    4     0       4      4      0  0.83390254E+01  0.26362105E-03 0.2366E-10      7
  241    4     0       5      5      0  0.95535169E+01  0.53780411E-03 0.8306E-10      7
  242    4     0       6      6      0  0.10739907E+02  0.51621156E-03 0.3131E-10      9
  243    4     0       7      7      0  0.11916120E+02 -0.74315675E-03 0.2746E-10     10
  244    4     0       8      8      0  0.13107193E+02 -0.39236564E-02 0.1022E-10      9
  245    4     0       9      9      0  0.14319311E+02 -0.89779441E-02 0.1506E-10     10
  246    4     0      10     10      0  0.15550235E+02 -0.15382898E-01 0.1011E-10      9
  247    4     0      11     11      0  0.16798108E+02 -0.22502951E-01 0.8658E-11     10
  248    4     0      12     12      0  0.18060130E+02 -0.30088474E-01 0.8503E-11     10
  249    4     0      13     13      0  0.19330380E+02 -0.38080988E-01 0.1909E-10      9
  250    4     0      14     14      0  0.20604247E+02 -0.46349835E-01 0.7157E-11      8
  251    4     0      15     15      0  0.21877894E+02 -0.54407533E-01 0.5854E-12     11
  252    4     0      16     16      0  0.23149456E+02 -0.61674001E-01 0.8475E-11     11
  253    4     0      17     17      0  0.24418706E+02 -0.67709543E-01 0.3766E-11     10
  254    4     0      18     18      0  0.25685137E+02 -0.72268821E-01 0.2138E-11     10
  255    4     0      19     19      0  0.26949631E+02 -0.75564978E-01 0.4260E-11      8
  256    4     0      20     20      0  0.28213803E+02 -0.78225476E-01 0.6777E-11     10
  Time elapsed :      2.608 s

Mode Search
-----------

Mode parameters
   l : 5
   m : 0

Building frequency grid (REAL axis)
   added scan interval :  0.2785E+00 ->  0.8715E+01 (1000 points, INVERSE)
   added scan interval :  0.8715E+01 ->  0.3314E+02 (1000 points, LINEAR)

Building spatial grid
   Scaffold grid from model
   Split 0 subinterval(s) in iteration 1
   Final grid has 1 segment(s) and 7220 point(s):
      Segment 1 : x range 0.0000 -> 1.0009 (1 -> 7220)

Starting search (adiabatic)

Scanning frequencies
  Time elapsed :    23.006 s

Finding roots
  Time elapsed :      5.248 s

Processing modes
   id    l     m    n_pg    n_p    n_g       Re(omega)       Im(omega)        chi n_iter
  304    5     0     -20      0     20  0.84975711E+00  0.00000000E+00 0.4636E-13      6
  305    5     0     -19      0     19  0.89182742E+00  0.00000000E+00 0.5854E-13      6
  306    5     0     -18      0     18  0.93807034E+00  0.00000000E+00 0.2030E-13      6
  307    5     0     -17      0     17  0.98922505E+00  0.00000000E+00 0.6183E-13      6
  308    5     0     -16      0     16  0.10462829E+01  0.00000000E+00 0.5506E-13      6
  309    5     0     -15      0     15  0.11104307E+01  0.00000000E+00 0.4413E-13      6
  310    5     0     -14      0     14  0.11829764E+01  0.00000000E+00 0.4556E-13      5
  311    5     0     -13      0     13  0.12653828E+01  0.00000000E+00 0.3923E-13      6
  312    5     0     -12      0     12  0.13595900E+01  0.00000000E+00 0.4549E-13      6
  313    5     0     -11      0     11  0.14683194E+01  0.00000000E+00 0.5315E-14      6
  314    5     0     -10      0     10  0.15956443E+01  0.00000000E+00 0.2113E-13      6
  315    5     0      -9      0      9  0.17484344E+01  0.00000000E+00 0.3152E-13      6
  316    5     0      -8      0      8  0.19357021E+01  0.00000000E+00 0.6183E-13      7
  317    5     0      -7      0      7  0.21688227E+01  0.00000000E+00 0.4288E-13      6
  318    5     0      -6      0      6  0.24652618E+01  0.00000000E+00 0.8547E-13      6
  319    5     0      -5      0      5  0.28467979E+01  0.00000000E+00 0.1481E-13      6
  320    5     0      -4      0      4  0.33195618E+01  0.00000000E+00 0.7991E-13      7
  321    5     0      -3      0      3  0.35616668E+01  0.00000000E+00 0.4937E-13      6
  322    5     0      -2      0      2  0.41075761E+01  0.00000000E+00 0.4960E-15      5
  323    5     0      -1      1      2  0.47221391E+01  0.00000000E+00 0.4014E-13      8
  324    5     0       0      1      1  0.48312614E+01  0.00000000E+00 0.3854E-15     12
  325    5     0       1      1      0  0.53817881E+01  0.00000000E+00 0.1731E-13      8
  326    5     0       2      2      0  0.60875501E+01  0.00000000E+00 0.2934E-14      7
  327    5     0       3      3      0  0.73469768E+01  0.00000000E+00 0.9412E-14      7
  328    5     0       4      4      0  0.86070898E+01  0.00000000E+00 0.5910E-15      7
  329    5     0       5      5      0  0.98403652E+01  0.00000000E+00 0.1698E-12      6
  330    5     0       6      6      0  0.11044383E+02  0.00000000E+00 0.1393E-12      5
  331    5     0       7      7      0  0.12243508E+02  0.00000000E+00 0.1511E-12      5
  332    5     0       8      8      0  0.13459026E+02  0.00000000E+00 0.1705E-12      6
  333    5     0       9      9      0  0.14692764E+02  0.00000000E+00 0.1316E-13      5
  334    5     0      10     10      0  0.15942072E+02  0.00000000E+00 0.2189E-12      5
  335    5     0      11     11      0  0.17205731E+02  0.00000000E+00 0.3261E-12      6
  336    5     0      12     12      0  0.18480414E+02  0.00000000E+00 0.6461E-13      5
  337    5     0      13     13      0  0.19761010E+02  0.00000000E+00 0.1055E-12      5
  338    5     0      14     14      0  0.21043110E+02  0.00000000E+00 0.1788E-12      5
  339    5     0      15     15      0  0.22324110E+02  0.00000000E+00 0.4882E-12      5
  340    5     0      16     16      0  0.23602409E+02  0.00000000E+00 0.2103E-12      5
  341    5     0      17     17      0  0.24877640E+02  0.00000000E+00 0.2700E-12      5
  342    5     0      18     18      0  0.26150036E+02  0.00000000E+00 0.1477E-12      5
  343    5     0      19     19      0  0.27420637E+02  0.00000000E+00 0.1815E-12      5
  344    5     0      20     20      0  0.28691679E+02  0.00000000E+00 0.3778E-12      5
  Time elapsed :      1.335 s

Starting search (non-adiabatic)

Finding roots
  Time elapsed :     49.364 s

Processing modes
   id    l     m    n_pg    n_p    n_g       Re(omega)       Im(omega)        chi n_iter
  304    5     0     -20      0     20  0.84975725E+00 -0.16256620E-06 0.6430E-08      5
  305    5     0     -19      0     19  0.89182754E+00 -0.11357115E-06 0.1744E-07      6
  306    5     0     -18      0     18  0.93807043E+00 -0.78999041E-07 0.5709E-08      4
  307    5     0     -17      0     17  0.98922511E+00 -0.54519754E-07 0.5199E-07      5
  308    5     0     -16      0     16  0.10462830E+01 -0.37655874E-07 0.3936E-07      7
  309    5     0     -15      0     15  0.11104307E+01 -0.26527114E-07 0.3526E-07      6
  310    5     0     -14      0     14  0.11829764E+01 -0.19327336E-07 0.3032E-07      6
  311    5     0     -13      0     13  0.12653828E+01 -0.14511823E-07 0.4186E-07      5
  312    5     0     -12      0     12  0.13595900E+01 -0.11016651E-07 0.1863E-06      3
  313    5     0     -11      0     11  0.14683194E+01 -0.82294727E-08 0.1271E-06      6
  314    5     0     -10      0     10  0.15956443E+01 -0.58921710E-08 0.2993E-06      5
  315    5     0      -9      0      9  0.17484344E+01 -0.40323293E-08 0.1934E-06      5
  316    5     0      -8      0      8  0.19357021E+01 -0.26978347E-08 0.2076E-06      4
  317    5     0      -7      0      7  0.21688227E+01 -0.17502933E-08 0.1535E-06      4
  318    5     0      -6      0      6  0.24652618E+01 -0.93475352E-09 0.5803E-06      5
  319    5     0      -5      0      5  0.28467979E+01  0.73766815E-09 0.1865E-06      7
  320    5     0      -4      0      4  0.33195618E+01  0.34909542E-07 0.4681E-07      6
  321    5     0      -3      0      3  0.35616670E+01  0.18294060E-06 0.7410E-07      6
  322    5     0      -2      0      2  0.41075761E+01  0.67106960E-07 0.4458E-06      7
  323    5     0      -1      1      2  0.47221392E+01  0.10843961E-05 0.2441E-07      5
  324    5     0       0      1      1  0.48312618E+01  0.38508447E-05 0.8641E-08      5
  325    5     0       1      1      0  0.53817880E+01  0.47839215E-06 0.6096E-07      7
  326    5     0       2      2      0  0.60875300E+01  0.31749935E-04 0.1383E-08      7
  327    5     0       3      3      0  0.73468042E+01  0.12015631E-03 0.2270E-09      7
  328    5     0       4      4      0  0.86062842E+01  0.32465040E-03 0.7466E-10      8
  329    5     0       5      5      0  0.98376101E+01  0.59730940E-03 0.1365E-09     10
  330    5     0       6      6      0  0.11037562E+02  0.35853351E-03 0.2255E-10      7
  331    5     0       7      7      0  0.12231116E+02 -0.14070878E-02 0.1021E-10      7
  332    5     0       8      8      0  0.13440990E+02 -0.52003194E-02 0.8442E-11      8
  333    5     0       9      9      0  0.14669882E+02 -0.10789293E-01 0.1674E-10     10
  334    5     0      10     10      0  0.15915509E+02 -0.17546505E-01 0.6889E-11      9
  335    5     0      11     11      0  0.17176515E+02 -0.24886794E-01 0.4177E-11      8
  336    5     0      12     12      0  0.18448966E+02 -0.32676185E-01 0.1007E-11     10
  337    5     0      13     13      0  0.19727325E+02 -0.40831139E-01 0.8050E-11     13
  338    5     0      14     14      0  0.21006928E+02 -0.49150027E-01 0.2300E-11      7
  339    5     0      15     15      0  0.22285188E+02 -0.57069535E-01 0.2300E-11     10
  340    5     0      16     16      0  0.23560576E+02 -0.63985008E-01 0.1747E-11      9
  341    5     0      17     17      0  0.24832752E+02 -0.69572686E-01 0.7055E-12      9
  342    5     0      18     18      0  0.26102079E+02 -0.73680726E-01 0.2638E-11     10
  343    5     0      19     19      0  0.27369621E+02 -0.76680885E-01 0.5612E-11      7
  344    5     0      20     20      0  0.28637511E+02 -0.79364144E-01 0.5313E-11     10
  Time elapsed :      2.604 s

Mode Search
-----------

Mode parameters
   l : 6
   m : 0

Building frequency grid (REAL axis)
   added scan interval :  0.2785E+00 ->  0.8715E+01 (1000 points, INVERSE)
   added scan interval :  0.8715E+01 ->  0.3314E+02 (1000 points, LINEAR)

Building spatial grid
   Scaffold grid from model
   Split 0 subinterval(s) in iteration 1
   Final grid has 1 segment(s) and 7220 point(s):
      Segment 1 : x range 0.0000 -> 1.0009 (1 -> 7220)

Starting search (adiabatic)

Scanning frequencies
  Time elapsed :    22.758 s

Finding roots
  Time elapsed :      5.981 s

Processing modes
   id    l     m    n_pg    n_p    n_g       Re(omega)       Im(omega)        chi n_iter
  405    6     0     -20      0     20  0.99818204E+00  0.00000000E+00 0.2653E-13      5
  406    6     0     -19      0     19  0.10468512E+01  0.00000000E+00 0.1287E-13      6
  407    6     0     -18      0     18  0.11002237E+01  0.00000000E+00 0.5623E-13      6
  408    6     0     -17      0     17  0.11591295E+01  0.00000000E+00 0.8278E-14      5
  409    6     0     -16      0     16  0.12246704E+01  0.00000000E+00 0.8734E-14      6
  410    6     0     -15      0     15  0.12981213E+01  0.00000000E+00 0.3440E-13      6
  411    6     0     -14      0     14  0.13808294E+01  0.00000000E+00 0.2855E-13      6
  412    6     0     -13      0     13  0.14742535E+01  0.00000000E+00 0.1743E-13      5
  413    6     0     -12      0     12  0.15803250E+01  0.00000000E+00 0.1548E-14      6
  414    6     0     -11      0     11  0.17018588E+01  0.00000000E+00 0.5177E-13      6
  415    6     0     -10      0     10  0.18433841E+01  0.00000000E+00 0.6166E-14      6
  416    6     0      -9      0      9  0.20124140E+01  0.00000000E+00 0.2741E-13      6
  417    6     0      -8      0      8  0.22179290E+01  0.00000000E+00 0.3381E-13      5
  418    6     0      -7      0      7  0.24707011E+01  0.00000000E+00 0.1036E-13      6
  419    6     0      -6      0      6  0.27868834E+01  0.00000000E+00 0.3522E-13      7
  420    6     0      -5      0      5  0.31848540E+01  0.00000000E+00 0.3345E-14      7
  421    6     0      -4      0      4  0.35659760E+01  0.00000000E+00 0.1154E-12      9
  422    6     0      -3      0      3  0.37549485E+01  0.00000000E+00 0.3700E-13      9
  423    6     0      -2      0      2  0.44283948E+01  0.00000000E+00 0.2775E-13      8
  424    6     0      -1      1      2  0.49535400E+01  0.00000000E+00 0.1397E-14      7
  425    6     0       0      1      1  0.50658019E+01  0.00000000E+00 0.3286E-13      8
  426    6     0       1      1      0  0.55427458E+01  0.00000000E+00 0.1584E-13      7
  427    6     0       2      2      0  0.62747239E+01  0.00000000E+00 0.1241E-13      7
  428    6     0       3      3      0  0.75723643E+01  0.00000000E+00 0.3069E-13      6
  429    6     0       4      4      0  0.88583227E+01  0.00000000E+00 0.1129E-12      5
  430    6     0       5      5      0  0.10104881E+02  0.00000000E+00 0.8273E-13      5
  431    6     0       6      6      0  0.11321803E+02  0.00000000E+00 0.1474E-12      6
  432    6     0       7      7      0  0.12538112E+02  0.00000000E+00 0.1008E-12      7
  433    6     0       8      8      0  0.13771133E+02  0.00000000E+00 0.1148E-12      7
  434    6     0       9      9      0  0.15020444E+02  0.00000000E+00 0.1813E-12      5
  435    6     0      10     10      0  0.16283696E+02  0.00000000E+00 0.1858E-12      5
  436    6     0      11     11      0  0.17559868E+02  0.00000000E+00 0.1761E-12      5
  437    6     0      12     12      0  0.18844576E+02  0.00000000E+00 0.6358E-13      6
  438    6     0      13     13      0  0.20133235E+02  0.00000000E+00 0.1924E-12      5
  439    6     0      14     14      0  0.21421406E+02  0.00000000E+00 0.3570E-12      5
  440    6     0      15     15      0  0.22707273E+02  0.00000000E+00 0.2451E-12      5
  441    6     0      16     16      0  0.23989947E+02  0.00000000E+00 0.3771E-14      5
  442    6     0      17     17      0  0.25268765E+02  0.00000000E+00 0.1489E-12      5
  443    6     0      18     18      0  0.26544581E+02  0.00000000E+00 0.3234E-12      5
  444    6     0      19     19      0  0.27818783E+02  0.00000000E+00 0.3825E-12      5
  445    6     0      20     20      0  0.29094150E+02  0.00000000E+00 0.1628E-12      5
  Time elapsed :      1.767 s

Starting search (non-adiabatic)

Finding roots
  Time elapsed :     44.431 s

Processing modes
   id    l     m    n_pg    n_p    n_g       Re(omega)       Im(omega)        chi n_iter
  405    6     0     -20      0     20  0.99818220E+00 -0.16182167E-06 0.9089E-08      5
  406    6     0     -19      0     19  0.10468513E+01 -0.11386860E-06 0.3183E-08      4
  407    6     0     -18      0     18  0.11002238E+01 -0.80281016E-07 0.7618E-08      6
  408    6     0     -17      0     17  0.11591295E+01 -0.56599426E-07 0.7550E-08      5
  409    6     0     -16      0     16  0.12246704E+01 -0.40254166E-07 0.1495E-07      6
  410    6     0     -15      0     15  0.12981214E+01 -0.29341757E-07 0.9670E-07      4
  411    6     0     -14      0     14  0.13808294E+01 -0.22089045E-07 0.4029E-07      6
  412    6     0     -13      0     13  0.14742535E+01 -0.16995987E-07 0.2380E-06      7
  413    6     0     -12      0     12  0.15803250E+01 -0.13039191E-07 0.9514E-07      7
  414    6     0     -11      0     11  0.17018588E+01 -0.96630972E-08 0.3470E-07      4
  415    6     0     -10      0     10  0.18433841E+01 -0.67525616E-08 0.1415E-06      7
  416    6     0      -9      0      9  0.20124140E+01 -0.45059551E-08 0.3189E-07      4
  417    6     0      -8      0      8  0.22179290E+01 -0.29658984E-08 0.2861E-06      5
  418    6     0      -7      0      7  0.24707011E+01 -0.18818885E-08 0.1227E-06      5
  419    6     0      -6      0      6  0.27868834E+01 -0.79860684E-09 0.2126E-06      5
  420    6     0      -5      0      5  0.31848540E+01  0.35825189E-08 0.2051E-06      4
  421    6     0      -4      0      4  0.35659762E+01  0.24266503E-06 0.1331E-06      6
  422    6     0      -3      0      3  0.37549485E+01  0.76744954E-07 0.2452E-06      5
  423    6     0      -2      0      2  0.44283948E+01  0.46217100E-07 0.3140E-06      8
  424    6     0      -1      1      2  0.49535402E+01  0.64062875E-05 0.5257E-08      6
  425    6     0       0      1      1  0.50658019E+01  0.28431647E-06 0.3266E-07      5
  426    6     0       1      1      0  0.55427458E+01  0.15148708E-06 0.1170E-06      7
  427    6     0       2      2      0  0.62746938E+01  0.40883020E-04 0.1261E-08      4
  428    6     0       3      3      0  0.75721265E+01  0.14954423E-03 0.3319E-09      7
  429    6     0       4      4      0  0.88572502E+01  0.38782938E-03 0.9001E-10      9
  430    6     0       5      5      0  0.10101386E+02  0.63041978E-03 0.1774E-10      6
  431    6     0       6      6      0  0.11313681E+02  0.11915882E-03 0.1609E-10      8
  432    6     0       7      7      0  0.12524165E+02 -0.21647949E-02 0.9806E-11      9
  433    6     0       8      8      0  0.13751589E+02 -0.65293380E-02 0.1066E-10      8
  434    6     0       9      9      0  0.14996275E+02 -0.12585597E-01 0.6678E-11      8
  435    6     0      10     10      0  0.16256130E+02 -0.19635292E-01 0.7251E-11     10
  436    6     0      11     11      0  0.17529816E+02 -0.27185736E-01 0.1063E-10      9
  437    6     0      12     12      0  0.18812317E+02 -0.35167182E-01 0.6182E-11      9
  438    6     0      13     13      0  0.20098673E+02 -0.43474609E-01 0.8938E-11     10
  439    6     0      14     14      0  0.21384271E+02 -0.51788421E-01 0.2522E-11      7
  440    6     0      15     15      0  0.22667323E+02 -0.59521696E-01 0.5190E-11     10
  441    6     0      16     16      0  0.23947031E+02 -0.66091421E-01 0.4140E-11      9
  442    6     0      17     17      0  0.25222775E+02 -0.71228280E-01 0.2272E-11      8
  443    6     0      18     18      0  0.26495521E+02 -0.74940568E-01 0.2791E-11      7
  444    6     0      19     19      0  0.27766651E+02 -0.77730591E-01 0.3270E-11      9
  445    6     0      20     20      0  0.29038743E+02 -0.80577227E-01 0.6128E-11     11
  Time elapsed :      2.570 s

Mode Search
-----------

Mode parameters
   l : 4
   m : 0

Building frequency grid (REAL axis)
   added scan interval :  0.5210E+00 ->  0.2105E+01 (3000 points, INVERSE)

Building spatial grid
   Scaffold grid from model
   Split 0 subinterval(s) in iteration 1
   Final grid has 1 segment(s) and 7220 point(s):
      Segment 1 : x range 0.0000 -> 1.0009 (1 -> 7220)

Starting search (adiabatic)

Scanning frequencies
  Time elapsed :    33.966 s

Finding roots
  Time elapsed :      1.420 s

Processing modes
   id    l     m    n_pg    n_p    n_g       Re(omega)       Im(omega)        chi n_iter
  451    4     0     -25      0     25  0.56365376E+00  0.00000000E+00 0.1074E-11      5
  452    4     0     -24      0     24  0.58602841E+00  0.00000000E+00 0.2644E-12      5
  453    4     0     -23      0     23  0.61043599E+00  0.00000000E+00 0.8002E-12      5
  454    4     0     -22      0     22  0.63706628E+00  0.00000000E+00 0.9434E-12      5
  455    4     0     -21      0     21  0.66617978E+00  0.00000000E+00 0.4356E-12      5
  Time elapsed :      0.359 s

Starting search (non-adiabatic)

Finding roots
  Time elapsed :      3.995 s

Processing modes
   id    l     m    n_pg    n_p    n_g       Re(omega)       Im(omega)        chi n_iter
  452    4     0     -24      0     24  0.58602848E+00 -0.71363627E-06 0.3033E-09      5
  453    4     0     -23      0     23  0.61043612E+00 -0.48973852E-06 0.2299E-09      5
  454    4     0     -22      0     22  0.63706643E+00 -0.33828067E-06 0.4014E-08      4
  455    4     0     -21      0     21  0.66617992E+00 -0.23582062E-06 0.3551E-08      6
  Time elapsed :      0.724 s

Mode Search
-----------

Mode parameters
   l : 5
   m : 0

Building frequency grid (REAL axis)
   added scan interval :  0.5210E+00 ->  0.2105E+01 (3000 points, INVERSE)

Building spatial grid
   Scaffold grid from model
   Split 0 subinterval(s) in iteration 1
   Final grid has 1 segment(s) and 7220 point(s):
      Segment 1 : x range 0.0000 -> 1.0009 (1 -> 7220)

Starting search (adiabatic)

Scanning frequencies
  Time elapsed :    33.814 s

Finding roots
  Time elapsed :      1.767 s

Processing modes
   id    l     m    n_pg    n_p    n_g       Re(omega)       Im(omega)        chi n_iter
  475    5     0     -30      0     30  0.58719928E+00  0.00000000E+00 0.7963E-12      5
  476    5     0     -29      0     29  0.60354432E+00  0.00000000E+00 0.6040E-12      5
  477    5     0     -28      0     28  0.62065771E+00  0.00000000E+00 0.7175E-12      5
  478    5     0     -27      0     27  0.64033659E+00  0.00000000E+00 0.3470E-12      5
  479    5     0     -26      0     26  0.66270573E+00  0.00000000E+00 0.2200E-12      5
  480    5     0     -25      0     25  0.68747457E+00  0.00000000E+00 0.4918E-12      5
  481    5     0     -24      0     24  0.71456604E+00  0.00000000E+00 0.3309E-12      5
  482    5     0     -23      0     23  0.74407793E+00  0.00000000E+00 0.1814E-12      5
  483    5     0     -22      0     22  0.77623904E+00  0.00000000E+00 0.3258E-12      5
  484    5     0     -21      0     21  0.81135357E+00  0.00000000E+00 0.3479E-12      5
  Time elapsed :      0.482 s

Starting search (non-adiabatic)

Finding roots
  Time elapsed :      8.894 s

Processing modes
   id    l     m    n_pg    n_p    n_g       Re(omega)       Im(omega)        chi n_iter
  476    5     0     -30      0     30  0.60354412E+00 -0.30443663E-05 0.5884E-09      5
  477    5     0     -29      0     29  0.62065759E+00 -0.24950833E-05 0.1875E-09      5
  478    5     0     -28      0     28  0.64033657E+00 -0.19965493E-05 0.5422E-09      7
  479    5     0     -27      0     27  0.66270580E+00 -0.14712522E-05 0.6063E-09      5
  480    5     0     -25      0     25  0.68747472E+00 -0.10353212E-05 0.1115E-08      6
  481    5     0     -24      0     24  0.71456622E+00 -0.71598681E-06 0.1660E-08      4
  482    5     0     -23      0     23  0.74407813E+00 -0.49240714E-06 0.2337E-08      6
  483    5     0     -22      0     22  0.77623924E+00 -0.33845234E-06 0.5803E-09      6
  484    5     0     -21      0     21  0.81135374E+00 -0.23364264E-06 0.3276E-08      5
  Time elapsed :      0.813 s

Mode Search
-----------

Mode parameters
   l : 6
   m : 0

Building frequency grid (REAL axis)
   added scan interval :  0.5210E+00 ->  0.2105E+01 (3000 points, INVERSE)

Building spatial grid
   Scaffold grid from model
   Split 0 subinterval(s) in iteration 1
   Final grid has 1 segment(s) and 7220 point(s):
      Segment 1 : x range 0.0000 -> 1.0009 (1 -> 7220)

Starting search (adiabatic)

Scanning frequencies
  Time elapsed :    33.884 s

Finding roots
  Time elapsed :      1.580 s

Processing modes
   id    l     m    n_pg    n_p    n_g       Re(omega)       Im(omega)        chi n_iter
  502    6     0     -36      0     36  0.58200401E+00  0.00000000E+00 0.7084E-12      5
  503    6     0     -35      0     35  0.59844353E+00  0.00000000E+00 0.7055E-12      5
  504    6     0     -34      0     34  0.61573139E+00  0.00000000E+00 0.7535E-13      5
  505    6     0     -33      0     33  0.63389305E+00  0.00000000E+00 0.2549E-12      5
  506    6     0     -32      0     32  0.65288047E+00  0.00000000E+00 0.3217E-12      5
  507    6     0     -31      0     31  0.67244622E+00  0.00000000E+00 0.8070E-12      5
  508    6     0     -30      0     30  0.69196997E+00  0.00000000E+00 0.1974E-12      5
  509    6     0     -29      0     29  0.71099542E+00  0.00000000E+00 0.6438E-13      5
  510    6     0     -28      0     28  0.73113041E+00  0.00000000E+00 0.1064E-12      5
  511    6     0     -27      0     27  0.75429092E+00  0.00000000E+00 0.4109E-12      5
  512    6     0     -26      0     26  0.78050737E+00  0.00000000E+00 0.3622E-12      5
  513    6     0     -25      0     25  0.80945747E+00  0.00000000E+00 0.2460E-12      5
  514    6     0     -24      0     24  0.84106413E+00  0.00000000E+00 0.1366E-13      5
  515    6     0     -23      0     23  0.87544523E+00  0.00000000E+00 0.5001E-13      5
  516    6     0     -22      0     22  0.91286328E+00  0.00000000E+00 0.2060E-12      5
  517    6     0     -21      0     21  0.95365538E+00  0.00000000E+00 0.4504E-13      5
  Time elapsed :      0.393 s

Starting search (non-adiabatic)

Finding roots
  Time elapsed :     13.305 s

Processing modes
   id    l     m    n_pg    n_p    n_g       Re(omega)       Im(omega)        chi n_iter
  503    6     0     -36      0     36  0.59844323E+00 -0.13519751E-04 0.1060E-09      4
  504    6     0     -35      0     35  0.61573120E+00 -0.11149246E-04 0.9014E-10      4
  505    6     0     -34      0     34  0.63389294E+00 -0.90093961E-05 0.1142E-09      5
  506    6     0     -33      0     33  0.65288042E+00 -0.71130584E-05 0.1822E-09      6
  507    6     0     -32      0     32  0.67244623E+00 -0.54454364E-05 0.2640E-09      7
  508    6     0     -31      0     31  0.69197003E+00 -0.39992492E-05 0.2849E-09      5
  509    6     0     -30      0     30  0.71099553E+00 -0.29891764E-05 0.1619E-09      7
  510    6     0     -29      0     29  0.73113057E+00 -0.24613984E-05 0.6620E-09      5
  511    6     0     -28      0     28  0.75429114E+00 -0.19592198E-05 0.6065E-09      4
  512    6     0     -27      0     27  0.78050763E+00 -0.14433243E-05 0.3614E-09      5
  513    6     0     -25      0     25  0.80945775E+00 -0.10198935E-05 0.9640E-09      5
  514    6     0     -24      0     24  0.84106442E+00 -0.70861208E-06 0.1410E-08      7
  515    6     0     -23      0     23  0.87544550E+00 -0.48853901E-06 0.1912E-09      7
  516    6     0     -22      0     22  0.91286351E+00 -0.33589573E-06 0.5305E-08      5
  517    6     0     -21      0     21  0.95365557E+00 -0.23193850E-06 0.2799E-08      5
  Time elapsed :      0.877 s

Mode Search
-----------

Mode parameters
   l : 7
   m : 0

Building frequency grid (REAL axis)
   added scan interval :  0.5210E+00 ->  0.2105E+01 (3000 points, INVERSE)

Building spatial grid
   Scaffold grid from model
   Split 11 subinterval(s) in iteration 1
   Split 0 subinterval(s) in iteration 2
   Final grid has 1 segment(s) and 7231 point(s):
      Segment 1 : x range 0.0000 -> 1.0009 (1 -> 7231)

Starting search (adiabatic)

Scanning frequencies
  Time elapsed :    33.972 s

Finding roots
  Time elapsed :      2.247 s

Processing modes
   id    l     m    n_pg    n_p    n_g       Re(omega)       Im(omega)        chi n_iter
  534    7     0     -42      0     42  0.57497291E+00  0.00000000E+00 0.1806E-12      5
  535    7     0     -41      0     41  0.58890859E+00  0.00000000E+00 0.4098E-12      5
  536    7     0     -40      0     40  0.60355104E+00  0.00000000E+00 0.2399E-12      5
  537    7     0     -39      0     39  0.61894259E+00  0.00000000E+00 0.2389E-12      5
  538    7     0     -38      0     38  0.63512637E+00  0.00000000E+00 0.3687E-13      5
  539    7     0     -37      0     37  0.65214439E+00  0.00000000E+00 0.4697E-13      5
  540    7     0     -36      0     36  0.67003630E+00  0.00000000E+00 0.1158E-12      5
  541    7     0     -35      0     35  0.68884230E+00  0.00000000E+00 0.2802E-12      5
  542    7     0     -34      0     34  0.70860576E+00  0.00000000E+00 0.6251E-12      5
  543    7     0     -33      0     33  0.72935086E+00  0.00000000E+00 0.1178E-12      5
  544    7     0     -32      0     32  0.75101016E+00  0.00000000E+00 0.3973E-12      5
  545    7     0     -31      0     31  0.77327754E+00  0.00000000E+00 0.2846E-12      5
  546    7     0     -30      0     30  0.79542877E+00  0.00000000E+00 0.5934E-12      5
  547    7     0     -29      0     29  0.81705244E+00  0.00000000E+00 0.3546E-12      5
  548    7     0     -28      0     28  0.84010478E+00  0.00000000E+00 0.2731E-12      5
  549    7     0     -27      0     27  0.86660122E+00  0.00000000E+00 0.5426E-12      5
  550    7     0     -26      0     26  0.89649491E+00  0.00000000E+00 0.3262E-12      5
  551    7     0     -25      0     25  0.92942955E+00  0.00000000E+00 0.6925E-12      5
  552    7     0     -24      0     24  0.96532255E+00  0.00000000E+00 0.2513E-12      5
  553    7     0     -23      0     23  0.10043082E+01  0.00000000E+00 0.5227E-13      5
  554    7     0     -22      0     22  0.10466760E+01  0.00000000E+00 0.2071E-12      5
  555    7     0     -21      0     21  0.10927826E+01  0.00000000E+00 0.9408E-15      5
  556    7     0     -20      0     20  0.11429955E+01  0.00000000E+00 0.6315E-13      5
  557    7     0     -19      0     19  0.11977370E+01  0.00000000E+00 0.2112E-13      5
  558    7     0     -18      0     18  0.12576105E+01  0.00000000E+00 0.3570E-12      5
  559    7     0     -17      0     17  0.13235209E+01  0.00000000E+00 0.3625E-12      5
  560    7     0     -16      0     16  0.13966490E+01  0.00000000E+00 0.4015E-12      5
  561    7     0     -15      0     15  0.14782938E+01  0.00000000E+00 0.3909E-14      5
  562    7     0     -14      0     14  0.15697426E+01  0.00000000E+00 0.2472E-12      5
  Time elapsed :      0.747 s

Starting search (non-adiabatic)

Finding roots
  Time elapsed :     23.492 s

Processing modes
   id    l     m    n_pg    n_p    n_g       Re(omega)       Im(omega)        chi n_iter
  535    7     0     -42      0     42  0.58890811E+00 -0.36968855E-04 0.8497E-10      6
  536    7     0     -41      0     41  0.60355104E+00 -0.31525471E-04 0.1759E-10      5
  537    7     0     -40      0     40  0.61894290E+00 -0.26763636E-04 0.2797E-10      6
  538    7     0     -39      0     39  0.63512686E+00 -0.22656709E-04 0.4358E-10      5
  539    7     0     -38      0     38  0.65214497E+00 -0.19137229E-04 0.2918E-10      6
  540    7     0     -37      0     37  0.67003691E+00 -0.16096574E-04 0.3226E-10      5
  541    7     0     -36      0     36  0.68884291E+00 -0.13413153E-04 0.8006E-11      5
  542    7     0     -35      0     35  0.70860633E+00 -0.11000632E-04 0.2618E-10      5
  543    7     0     -34      0     34  0.72935140E+00 -0.88415430E-05 0.1753E-10      4
  544    7     0     -33      0     33  0.75101066E+00 -0.69470168E-05 0.2651E-09      5
  545    7     0     -32      0     32  0.77327801E+00 -0.52952092E-05 0.2847E-09      4
  546    7     0     -31      0     31  0.79542918E+00 -0.38802297E-05 0.3115E-09      6
  547    7     0     -30      0     30  0.81705284E+00 -0.29195227E-05 0.4483E-09      6
  548    7     0     -29      0     29  0.84010519E+00 -0.24094546E-05 0.2174E-09      6
  549    7     0     -28      0     28  0.86660165E+00 -0.19107430E-05 0.3264E-09      5
  550    7     0     -26      0     26  0.89649533E+00 -0.14082531E-05 0.9212E-09      4
  551    7     0     -25      0     25  0.92942995E+00 -0.99900270E-06 0.3563E-08      5
  552    7     0     -24      0     24  0.96532291E+00 -0.69741981E-06 0.3119E-08      4
  553    7     0     -23      0     23  0.10043085E+01 -0.48298046E-06 0.3627E-08      4
  554    7     0     -22      0     22  0.10466763E+01 -0.33384132E-06 0.7301E-08      4
  555    7     0     -21      0     21  0.10927828E+01 -0.23244898E-06 0.6930E-08      5
  556    7     0     -20      0     20  0.11429957E+01 -0.16427560E-06 0.4741E-08      4
  557    7     0     -19      0     19  0.11977372E+01 -0.11765497E-06 0.7396E-08      6
  558    7     0     -18      0     18  0.12576106E+01 -0.84813236E-07 0.2491E-07      5
  559    7     0     -17      0     17  0.13235210E+01 -0.61383841E-07 0.5270E-07      5
  560    7     0     -16      0     16  0.13966490E+01 -0.44934605E-07 0.4998E-07      5
  561    7     0     -15      0     15  0.14782938E+01 -0.33695442E-07 0.6154E-07      6
  562    7     0     -14      0     14  0.15697426E+01 -0.25962157E-07 0.7299E-07      4
  Time elapsed :      1.808 s

Mode Search
-----------

Mode parameters
   l : 8
   m : 0

Building frequency grid (REAL axis)
   added scan interval :  0.5210E+00 ->  0.2105E+01 (3000 points, INVERSE)

Building spatial grid
   Scaffold grid from model
   Split 13 subinterval(s) in iteration 1
   Split 0 subinterval(s) in iteration 2
   Final grid has 1 segment(s) and 7233 point(s):
      Segment 1 : x range 0.0000 -> 1.0009 (1 -> 7233)

Starting search (adiabatic)

Scanning frequencies
  Time elapsed :    34.031 s

Finding roots
  Time elapsed :      2.358 s

Processing modes
   id    l     m    n_pg    n_p    n_g       Re(omega)       Im(omega)        chi n_iter
  573    8     0     -47      0     47  0.58255893E+00  0.00000000E+00 0.2747E-12      5
  574    8     0     -46      0     46  0.59470095E+00  0.00000000E+00 0.2021E-13      5
  575    8     0     -45      0     45  0.60757142E+00  0.00000000E+00 0.4199E-12      5
  576    8     0     -44      0     44  0.62112490E+00  0.00000000E+00 0.4533E-12      5
  577    8     0     -43      0     43  0.63536233E+00  0.00000000E+00 0.1679E-12      5
  578    8     0     -42      0     42  0.65030791E+00  0.00000000E+00 0.4436E-12      5
  579    8     0     -41      0     41  0.66599751E+00  0.00000000E+00 0.6673E-12      5
  580    8     0     -40      0     40  0.68247463E+00  0.00000000E+00 0.1741E-12      5
  581    8     0     -39      0     39  0.69978623E+00  0.00000000E+00 0.3301E-12      5
  582    8     0     -38      0     38  0.71797935E+00  0.00000000E+00 0.1788E-13      5
  583    8     0     -37      0     37  0.73709902E+00  0.00000000E+00 0.1813E-12      5
  584    8     0     -36      0     36  0.75718752E+00  0.00000000E+00 0.1949E-12      5
  585    8     0     -35      0     35  0.77828857E+00  0.00000000E+00 0.2737E-13      5
  586    8     0     -34      0     34  0.80044965E+00  0.00000000E+00 0.2824E-12      5
  587    8     0     -33      0     33  0.82369332E+00  0.00000000E+00 0.3290E-12      5
  588    8     0     -32      0     32  0.84793237E+00  0.00000000E+00 0.8838E-12      5
  589    8     0     -31      0     31  0.87280511E+00  0.00000000E+00 0.5022E-12      5
  590    8     0     -30      0     30  0.89749436E+00  0.00000000E+00 0.4424E-12      5
  591    8     0     -29      0     29  0.92162827E+00  0.00000000E+00 0.4577E-12      5
  592    8     0     -28      0     28  0.94746226E+00  0.00000000E+00 0.1904E-12      5
  593    8     0     -27      0     27  0.97712028E+00  0.00000000E+00 0.5408E-12      5
  594    8     0     -26      0     26  0.10104969E+01  0.00000000E+00 0.6682E-12      6
  595    8     0     -25      0     25  0.10471952E+01  0.00000000E+00 0.2074E-13      5
  596    8     0     -24      0     24  0.10871205E+01  0.00000000E+00 0.5453E-13      5
  597    8     0     -23      0     23  0.11304193E+01  0.00000000E+00 0.5514E-12      5
  598    8     0     -22      0     22  0.11773996E+01  0.00000000E+00 0.3022E-12      5
  599    8     0     -21      0     21  0.12284212E+01  0.00000000E+00 0.4315E-12      5
  600    8     0     -20      0     20  0.12838393E+01  0.00000000E+00 0.5974E-13      5
  601    8     0     -19      0     19  0.13440760E+01  0.00000000E+00 0.7898E-12      5
  602    8     0     -18      0     18  0.14097675E+01  0.00000000E+00 0.5090E-12      5
  603    8     0     -17      0     17  0.14818805E+01  0.00000000E+00 0.3608E-12      5
  604    8     0     -16      0     16  0.15616370E+01  0.00000000E+00 0.3954E-12      5
  Time elapsed :      0.596 s

Starting search (non-adiabatic)

Finding roots
  Time elapsed :     28.590 s

Processing modes
   id    l     m    n_pg    n_p    n_g       Re(omega)       Im(omega)        chi n_iter
  574    8     0     -47      0     47  0.59469841E+00 -0.75898442E-04 0.1129E-10      6
  575    8     0     -46      0     46  0.60757044E+00 -0.66875426E-04 0.7158E-11      5
  576    8     0     -45      0     45  0.62112508E+00 -0.58432681E-04 0.9228E-11      6
  577    8     0     -44      0     44  0.63536331E+00 -0.50662233E-04 0.7366E-11      6
  578    8     0     -43      0     43  0.65030942E+00 -0.43590812E-04 0.2127E-10      5
  579    8     0     -42      0     42  0.66599931E+00 -0.37241008E-04 0.1985E-10      6
  580    8     0     -41      0     41  0.68247656E+00 -0.31625389E-04 0.2579E-10      6
  581    8     0     -40      0     40  0.69978817E+00 -0.26742714E-04 0.4460E-10      7
  582    8     0     -39      0     39  0.71798123E+00 -0.22554865E-04 0.7971E-10      5
  583    8     0     -38      0     38  0.73710078E+00 -0.18982026E-04 0.3399E-10      4
  584    8     0     -37      0     37  0.75718914E+00 -0.15904354E-04 0.3144E-10      4
  585    8     0     -36      0     36  0.77829004E+00 -0.13195174E-04 0.9851E-10      4
  586    8     0     -35      0     35  0.80045095E+00 -0.10771722E-04 0.5297E-10      4
  587    8     0     -34      0     34  0.82369446E+00 -0.86214032E-05 0.1587E-09      6
  588    8     0     -33      0     33  0.84793337E+00 -0.67522894E-05 0.6149E-10      8
  589    8     0     -32      0     32  0.87280598E+00 -0.51341911E-05 0.3732E-09      5
  590    8     0     -31      0     31  0.89749509E+00 -0.37594288E-05 0.6411E-09      5
  591    8     0     -30      0     30  0.92162891E+00 -0.28413314E-05 0.8762E-09      7
  592    8     0     -29      0     29  0.94746289E+00 -0.23465092E-05 0.3760E-09      5
  593    8     0     -27      1     28  0.97712090E+00 -0.18572428E-05 0.6048E-09      6
  594    8     0     -26      0     26  0.10104975E+01 -0.13712973E-05 0.1279E-08      6
  595    8     0     -25      0     25  0.10471957E+01 -0.97751252E-06 0.1664E-08      4
  596    8     0     -24      0     24  0.10871209E+01 -0.68661897E-06 0.9107E-09      4
  597    8     0     -23      0     23  0.11304197E+01 -0.47894237E-06 0.2282E-08      5
  598    8     0     -22      0     22  0.11773999E+01 -0.33441607E-06 0.7422E-09      5
  599    8     0     -21      0     21  0.12284214E+01 -0.23638475E-06 0.6107E-08      5
  600    8     0     -20      0     20  0.12838395E+01 -0.17048506E-06 0.3044E-08      4
  601    8     0     -19      0     19  0.13440761E+01 -0.12506123E-06 0.2593E-07      6
  602    8     0     -18      0     18  0.14097676E+01 -0.92467392E-07 0.4784E-08      5
  603    8     0     -17      0     17  0.14818805E+01 -0.68624661E-07 0.2293E-07      5
  604    8     0     -16      0     16  0.15616370E+01 -0.51447308E-07 0.4244E-07      6
  Time elapsed :      1.817 s

Mode Search
-----------

Mode parameters
   l : 9
   m : 0

Building frequency grid (REAL axis)
   added scan interval :  0.5210E+00 ->  0.2105E+01 (3000 points, INVERSE)

Building spatial grid
   Scaffold grid from model
   Split 14 subinterval(s) in iteration 1
   Split 0 subinterval(s) in iteration 2
   Final grid has 1 segment(s) and 7234 point(s):
      Segment 1 : x range 0.0000 -> 1.0009 (1 -> 7234)

Starting search (adiabatic)

Scanning frequencies
  Time elapsed :    34.206 s

Finding roots
  Time elapsed :      2.346 s

Processing modes
   id    l     m    n_pg    n_p    n_g       Re(omega)       Im(omega)        chi n_iter
  615    9     0     -53      0     53  0.58396192E+00  0.00000000E+00 0.8241E-12      5
  616    9     0     -52      0     52  0.59453243E+00  0.00000000E+00 0.3246E-13      5
  617    9     0     -51      0     51  0.60490200E+00  0.00000000E+00 0.1847E-12      5
  618    9     0     -50      0     50  0.61494641E+00  0.00000000E+00 0.2399E-12      5
  619    9     0     -49      0     49  0.62539387E+00  0.00000000E+00 0.6421E-13      5
  620    9     0     -48      0     48  0.63698694E+00  0.00000000E+00 0.4987E-12      5
  621    9     0     -47      0     47  0.64967242E+00  0.00000000E+00 0.4080E-12      5
  622    9     0     -46      0     46  0.66323390E+00  0.00000000E+00 0.9686E-12      5
  623    9     0     -45      0     45  0.67756212E+00  0.00000000E+00 0.8057E-13      5
  624    9     0     -44      0     44  0.69262606E+00  0.00000000E+00 0.6282E-12      5
  625    9     0     -43      0     43  0.70843504E+00  0.00000000E+00 0.1679E-12      5
  626    9     0     -42      0     42  0.72501923E+00  0.00000000E+00 0.1790E-12      5
  627    9     0     -41      0     41  0.74241949E+00  0.00000000E+00 0.5816E-12      5
  628    9     0     -40      0     40  0.76068398E+00  0.00000000E+00 0.4470E-12      5
  629    9     0     -39      0     39  0.77986367E+00  0.00000000E+00 0.2193E-12      5
  630    9     0     -38      0     38  0.80000870E+00  0.00000000E+00 0.6234E-13      5
  631    9     0     -37      0     37  0.82116620E+00  0.00000000E+00 0.1874E-12      5
  632    9     0     -36      0     36  0.84338056E+00  0.00000000E+00 0.2950E-12      5
  633    9     0     -35      0     35  0.86669909E+00  0.00000000E+00 0.1283E-12      5
  634    9     0     -34      0     34  0.89117381E+00  0.00000000E+00 0.2199E-12      5
  635    9     0     -33      0     33  0.91682561E+00  0.00000000E+00 0.5178E-12      5
  636    9     0     -32      0     32  0.94354824E+00  0.00000000E+00 0.3744E-12      5
  637    9     0     -31      0     31  0.97093064E+00  0.00000000E+00 0.6054E-12      5
  638    9     0     -30      0     30  0.99807484E+00  0.00000000E+00 0.1807E-12      5
  639    9     0     -29      0     29  0.10246238E+01  0.00000000E+00 0.5080E-12      5
  640    9     0     -28      0     28  0.10530763E+01  0.00000000E+00 0.2997E-13      6
  641    9     0     -27      0     27  0.10856961E+01  0.00000000E+00 0.2949E-12      5
  642    9     0     -26      0     26  0.11223391E+01  0.00000000E+00 0.2271E-12      5
  643    9     0     -25      0     25  0.11625583E+01  0.00000000E+00 0.4379E-12      5
  644    9     0     -24      0     24  0.12062394E+01  0.00000000E+00 0.1196E-12      5
  645    9     0     -23      0     23  0.12535374E+01  0.00000000E+00 0.2330E-12      5
  646    9     0     -22      0     22  0.13047668E+01  0.00000000E+00 0.2439E-12      5
  647    9     0     -21      0     21  0.13602716E+01  0.00000000E+00 0.1012E-12      5
  648    9     0     -20      0     20  0.14203745E+01  0.00000000E+00 0.2730E-12      5
  649    9     0     -19      0     19  0.14854861E+01  0.00000000E+00 0.5808E-12      5
  650    9     0     -18      0     18  0.15562720E+01  0.00000000E+00 0.2416E-12      5
  Time elapsed :      0.671 s

Starting search (non-adiabatic)

Finding roots
  Time elapsed :     34.122 s

Processing modes
   id    l     m    n_pg    n_p    n_g       Re(omega)       Im(omega)        chi n_iter
  616    9     0     -53      0     53  0.59451670E+00 -0.16395489E-03 0.1582E-11      5
  617    9     0     -52      0     52  0.60489220E+00 -0.13351637E-03 0.5670E-11      7
  618    9     0     -51      0     51  0.61494041E+00 -0.11229889E-03 0.1231E-10      6
  619    9     0     -50      0     50  0.62539033E+00 -0.10411399E-03 0.1298E-10      6
  620    9     0     -49      0     49  0.63698563E+00 -0.97191345E-04 0.1344E-10      5
  621    9     0     -48      0     48  0.64967301E+00 -0.87681562E-04 0.4684E-11      7
  622    9     0     -47      0     47  0.66323593E+00 -0.77558402E-04 0.7146E-11      5
  623    9     0     -46      0     46  0.67756515E+00 -0.67932208E-04 0.2915E-10      5
  624    9     0     -45      0     45  0.69262972E+00 -0.59069461E-04 0.7465E-11      7
  625    9     0     -44      0     44  0.70843902E+00 -0.50989823E-04 0.3332E-10      6
  626    9     0     -43      0     43  0.72502330E+00 -0.43690531E-04 0.2435E-10      7
  627    9     0     -42      0     42  0.74242346E+00 -0.37177555E-04 0.1835E-10      6
  628    9     0     -41      0     41  0.76068775E+00 -0.31452462E-04 0.1493E-10      5
  629    9     0     -40      0     40  0.77986716E+00 -0.26503951E-04 0.3817E-10      5
  630    9     0     -39      0     39  0.80001188E+00 -0.22282571E-04 0.1069E-10      7
  631    9     0     -38      0     38  0.82116906E+00 -0.18696092E-04 0.3615E-10      5
  632    9     0     -37      0     37  0.84338311E+00 -0.15614030E-04 0.3929E-10      6
  633    9     0     -36      0     36  0.86670134E+00 -0.12906432E-04 0.7128E-10      7
  634    9     0     -35      0     35  0.89117577E+00 -0.10496144E-04 0.4140E-10      4
  635    9     0     -34      0     34  0.91682730E+00 -0.83756601E-05 0.1090E-09      5
  636    9     0     -33      0     33  0.94354969E+00 -0.65486699E-05 0.2793E-09      4
  637    9     0     -32      0     32  0.97093187E+00 -0.49756555E-05 0.7608E-10      5
  638    9     0     -31      0     31  0.99807585E+00 -0.36441826E-05 0.4523E-09      7
  639    9     0     -30      0     30  0.10246246E+01 -0.27597230E-05 0.6693E-09      5
  640    9     0     -29      0     29  0.10530771E+01 -0.22785711E-05 0.2369E-09      5
  641    9     0     -27      0     27  0.10856968E+01 -0.18037107E-05 0.1642E-09      6
  642    9     0     -26      0     26  0.11223398E+01 -0.13366119E-05 0.1966E-08      6
  643    9     0     -25      0     25  0.11625589E+01 -0.95893601E-06 0.9512E-09      6
  644    9     0     -24      0     24  0.12062399E+01 -0.67900029E-06 0.2241E-08      5
  645    9     0     -23      0     23  0.12535377E+01 -0.47845021E-06 0.1164E-08      5
  646    9     0     -22      0     22  0.13047671E+01 -0.33895008E-06 0.6109E-09      5
  647    9     0     -21      0     21  0.13602718E+01 -0.24452382E-06 0.5421E-08      7
  648    9     0     -20      0     20  0.14203747E+01 -0.18081700E-06 0.2025E-07      5
  649    9     0     -19      0     19  0.14854863E+01 -0.13614058E-06 0.2995E-07      5
  650    9     0     -18      0     18  0.15562721E+01 -0.10307015E-06 0.2229E-07      4
  Time elapsed :      2.505 s

Mode Search
-----------

Mode parameters
   l : 10
   m : 0

Building frequency grid (REAL axis)
   added scan interval :  0.5210E+00 ->  0.2105E+01 (3000 points, INVERSE)

Building spatial grid
   Scaffold grid from model
   Split 15 subinterval(s) in iteration 1
   Split 0 subinterval(s) in iteration 2
   Final grid has 1 segment(s) and 7235 point(s):
      Segment 1 : x range 0.0000 -> 1.0009 (1 -> 7235)

Starting search (adiabatic)

Scanning frequencies
  Time elapsed :    34.101 s

Finding roots
  Time elapsed :      2.979 s

Processing modes
   id    l     m    n_pg    n_p    n_g       Re(omega)       Im(omega)        chi n_iter
  662   10     0     -59      0     59  0.57971455E+00  0.00000000E+00 0.3224E-12      5
  663   10     0     -58      0     58  0.58961468E+00  0.00000000E+00 0.1624E-12      5
  664   10     0     -57      0     57  0.59986324E+00  0.00000000E+00 0.2928E-12      5
  665   10     0     -56      0     56  0.61045918E+00  0.00000000E+00 0.4028E-12      5
  666   10     0     -55      0     55  0.62139004E+00  0.00000000E+00 0.3538E-12      5
  667   10     0     -54      0     54  0.63262014E+00  0.00000000E+00 0.1290E-13      5
  668   10     0     -53      0     53  0.64406127E+00  0.00000000E+00 0.1896E-12      5
  669   10     0     -52      0     52  0.65551368E+00  0.00000000E+00 0.6940E-12      5
  670   10     0     -51      0     51  0.66666629E+00  0.00000000E+00 0.4028E-12      5
  671   10     0     -50      0     50  0.67761690E+00  0.00000000E+00 0.3385E-13      5
  672   10     0     -49      0     49  0.68930736E+00  0.00000000E+00 0.1457E-13      5
  673   10     0     -48      0     48  0.70226029E+00  0.00000000E+00 0.7631E-13      6
  674   10     0     -47      0     47  0.71630736E+00  0.00000000E+00 0.6206E-12      5
  675   10     0     -46      0     46  0.73124978E+00  0.00000000E+00 0.1063E-12      5
  676   10     0     -45      0     45  0.74699913E+00  0.00000000E+00 0.4809E-12      5
  677   10     0     -44      0     44  0.76353581E+00  0.00000000E+00 0.3504E-12      5
  678   10     0     -43      0     43  0.78087619E+00  0.00000000E+00 0.6645E-12      5
  679   10     0     -42      0     42  0.79905563E+00  0.00000000E+00 0.5037E-12      5
  680   10     0     -41      0     41  0.81811943E+00  0.00000000E+00 0.1466E-12      5
  681   10     0     -40      0     40  0.83811989E+00  0.00000000E+00 0.4920E-12      5
  682   10     0     -39      0     39  0.85911123E+00  0.00000000E+00 0.3333E-12      5
  683   10     0     -38      0     38  0.88114581E+00  0.00000000E+00 0.4147E-12      5
  684   10     0     -37      0     37  0.90427192E+00  0.00000000E+00 0.4224E-13      5
  685   10     0     -36      0     36  0.92853567E+00  0.00000000E+00 0.2226E-12      5
  686   10     0     -35      0     35  0.95398839E+00  0.00000000E+00 0.2816E-12      5
  687   10     0     -34      0     34  0.98068723E+00  0.00000000E+00 0.1054E-12      5
  688   10     0     -33      0     33  0.10086514E+01  0.00000000E+00 0.1219E-12      5
  689   10     0     -32      0     32  0.10377572E+01  0.00000000E+00 0.1953E-12      5
  690   10     0     -31      0     31  0.10675532E+01  0.00000000E+00 0.6510E-12      5
  691   10     0     -30      0     30  0.10970740E+01  0.00000000E+00 0.2426E-12      5
  692   10     0     -29      0     29  0.11259377E+01  0.00000000E+00 0.2082E-12      5
  693   10     0     -28      0     28  0.11568232E+01  0.00000000E+00 0.1522E-12      6
  694   10     0     -27      0     27  0.11921818E+01  0.00000000E+00 0.3930E-13      5
  695   10     0     -26      0     26  0.12318542E+01  0.00000000E+00 0.2946E-12      5
  696   10     0     -25      0     25  0.12753317E+01  0.00000000E+00 0.4629E-12      5
  697   10     0     -24      0     24  0.13224739E+01  0.00000000E+00 0.3656E-12      5
  698   10     0     -23      0     23  0.13734383E+01  0.00000000E+00 0.5575E-12      5
  699   10     0     -22      0     22  0.14285316E+01  0.00000000E+00 0.1146E-13      5
  700   10     0     -21      0     21  0.14880590E+01  0.00000000E+00 0.2057E-12      5
  701   10     0     -20      0     20  0.15522920E+01  0.00000000E+00 0.2749E-12      5
  Time elapsed :      1.133 s

Starting search (non-adiabatic)

Finding roots
  Time elapsed :     36.369 s

Processing modes
   id    l     m    n_pg    n_p    n_g       Re(omega)       Im(omega)        chi n_iter
  663   10     0     -59      0     59  0.58953132E+00 -0.42286913E-03 0.9766E-12      7
  664   10     0     -58      0     58  0.59980066E+00 -0.37001216E-03 0.4606E-12      7
  665   10     0     -57      0     57  0.61041378E+00 -0.32177001E-03 0.5007E-12      6
  666   10     0     -56      0     56  0.62135848E+00 -0.27801369E-03 0.2433E-11      6
  667   10     0     -55      0     55  0.63259947E+00 -0.23818560E-03 0.5240E-11      5
  668   10     0     -54      0     54  0.64404895E+00 -0.20132452E-03 0.5335E-11      7
  669   10     0     -53      0     53  0.65550749E+00 -0.16637867E-03 0.7052E-11      7
  670   10     0     -52      0     52  0.66666417E+00 -0.13524498E-03 0.2102E-10      6
  671   10     0     -51      0     51  0.67761733E+00 -0.11682433E-03 0.8481E-11      7
  672   10     0     -50      0     50  0.68930991E+00 -0.10902475E-03 0.2485E-10      6
  673   10     0     -49      0     49  0.70226468E+00 -0.10019097E-03 0.3168E-11      6
  674   10     0     -48      0     48  0.71631306E+00 -0.89352273E-04 0.5855E-11      5
  675   10     0     -47      0     47  0.73125630E+00 -0.78491723E-04 0.1395E-10      5
  676   10     0     -46      0     46  0.74700604E+00 -0.68408905E-04 0.2452E-10      5
  677   10     0     -45      0     45  0.76354281E+00 -0.59231017E-04 0.3167E-10      6
  678   10     0     -44      0     44  0.78088302E+00 -0.50926225E-04 0.3242E-11      6
  679   10     0     -43      0     43  0.79906211E+00 -0.43470254E-04 0.1468E-10      6
  680   10     0     -42      0     42  0.81812543E+00 -0.36855728E-04 0.4398E-11      6
  681   10     0     -41      0     41  0.83812535E+00 -0.31075015E-04 0.1190E-10      5
  682   10     0     -40      0     40  0.85911614E+00 -0.26107400E-04 0.2515E-10      8
  683   10     0     -39      0     39  0.88115017E+00 -0.21892050E-04 0.1346E-10      5
  684   10     0     -38      0     38  0.90427578E+00 -0.18324092E-04 0.2328E-10      5
  685   10     0     -37      0     37  0.92853907E+00 -0.15263055E-04 0.1056E-09      6
  686   10     0     -36      0     36  0.95399136E+00 -0.12577764E-04 0.3584E-10      5
  687   10     0     -35      0     35  0.98068979E+00 -0.10198747E-04 0.5219E-10      6
  688   10     0     -34      0     34  0.10086536E+01 -0.81235322E-05 0.2189E-09      5
  689   10     0     -33      0     33  0.10377590E+01 -0.63499976E-05 0.4501E-10      4
  690   10     0     -32      0     32  0.10675547E+01 -0.48285562E-05 0.1238E-09      4
  691   10     0     -31      0     31  0.10970752E+01 -0.35396227E-05 0.4949E-09      5
  692   10     0     -30      0     30  0.11259387E+01 -0.26790553E-05 0.2796E-09      6
  693   10     0     -28      0     28  0.11568242E+01 -0.22102101E-05 0.5064E-09      5
  694   10     0     -27      0     27  0.11921827E+01 -0.17538256E-05 0.1487E-08      5
  695   10     0     -26      0     26  0.12318550E+01 -0.13071513E-05 0.7291E-09      5
  696   10     0     -25      0     25  0.12753323E+01 -0.94559192E-06 0.2342E-08      6
  697   10     0     -24      0     24  0.13224744E+01 -0.67627726E-06 0.1840E-08      4
  698   10     0     -23      0     23  0.13734387E+01 -0.48270408E-06 0.2142E-08      4
  699   10     0     -22      0     22  0.14285319E+01 -0.34824320E-06 0.1513E-08      6
  700   10     0     -21      0     21  0.14880593E+01 -0.25735656E-06 0.1392E-07      7
  701   10     0     -20      0     20  0.15522921E+01 -0.19548691E-06 0.8452E-08      6
  Time elapsed :      2.465 s

Mode Search
-----------

Mode parameters
   l : 11
   m : 0

Building frequency grid (REAL axis)
   added scan interval :  0.5210E+00 ->  0.2105E+01 (3000 points, INVERSE)

Building spatial grid
   Scaffold grid from model
   Split 15 subinterval(s) in iteration 1
   Split 0 subinterval(s) in iteration 2
   Final grid has 1 segment(s) and 7235 point(s):
      Segment 1 : x range 0.0000 -> 1.0009 (1 -> 7235)

Starting search (adiabatic)

Scanning frequencies
  Time elapsed :    34.242 s

Finding roots
  Time elapsed :      3.023 s

Processing modes
   id    l     m    n_pg    n_p    n_g       Re(omega)       Im(omega)        chi n_iter
  716   11     0     -64      0     64  0.58537580E+00  0.00000000E+00 0.7842E-13      5
  717   11     0     -63      0     63  0.59434903E+00  0.00000000E+00 0.4548E-12      5
  718   11     0     -62      0     62  0.60368693E+00  0.00000000E+00 0.4339E-12      5
  719   11     0     -61      0     61  0.61338174E+00  0.00000000E+00 0.3124E-12      5
  720   11     0     -60      0     60  0.62343468E+00  0.00000000E+00 0.7448E-12      5
  721   11     0     -59      0     59  0.63385059E+00  0.00000000E+00 0.1088E-13      5
  722   11     0     -58      0     58  0.64463510E+00  0.00000000E+00 0.3452E-12      5
  723   11     0     -57      0     57  0.65579162E+00  0.00000000E+00 0.1017E-12      5
  724   11     0     -56      0     56  0.66731647E+00  0.00000000E+00 0.3661E-12      5
  725   11     0     -55      0     55  0.67919071E+00  0.00000000E+00 0.1006E-12      5
  726   11     0     -54      0     54  0.69136430E+00  0.00000000E+00 0.4181E-13      5
  727   11     0     -53      0     53  0.70371792E+00  0.00000000E+00 0.3786E-12      5
  728   11     0     -52      0     52  0.71599989E+00  0.00000000E+00 0.2417E-12      5
  729   11     0     -51      0     51  0.72791988E+00  0.00000000E+00 0.6085E-13      5
  730   11     0     -50      0     50  0.73984585E+00  0.00000000E+00 0.4085E-12      5
  731   11     0     -49      0     49  0.75279241E+00  0.00000000E+00 0.1041E-12      5
  732   11     0     -48      0     48  0.76705970E+00  0.00000000E+00 0.9274E-13      6
  733   11     0     -47      0     47  0.78242395E+00  0.00000000E+00 0.3796E-12      6
  734   11     0     -46      0     46  0.79870786E+00  0.00000000E+00 0.8950E-12      5
  735   11     0     -45      0     45  0.81583945E+00  0.00000000E+00 0.3852E-12      5
  736   11     0     -44      0     44  0.83380834E+00  0.00000000E+00 0.1511E-12      5
  737   11     0     -43      0     43  0.85263682E+00  0.00000000E+00 0.3270E-12      5
  738   11     0     -42      0     42  0.87236477E+00  0.00000000E+00 0.1459E-12      5
  739   11     0     -41      0     41  0.89304140E+00  0.00000000E+00 0.7588E-13      5
  740   11     0     -40      0     40  0.91472254E+00  0.00000000E+00 0.6880E-13      5
  741   11     0     -39      0     39  0.93746487E+00  0.00000000E+00 0.1407E-12      5
  742   11     0     -38      0     38  0.96132194E+00  0.00000000E+00 0.6583E-13      5
  743   11     0     -37      0     37  0.98634234E+00  0.00000000E+00 0.5137E-13      5
  744   11     0     -36      0     36  0.10125737E+01  0.00000000E+00 0.4220E-12      5
  745   11     0     -35      0     35  0.10400722E+01  0.00000000E+00 0.2668E-13      5
  746   11     0     -34      0     34  0.10689005E+01  0.00000000E+00 0.5666E-13      5
  747   11     0     -33      0     33  0.10990761E+01  0.00000000E+00 0.1667E-13      5
  748   11     0     -32      0     32  0.11304599E+01  0.00000000E+00 0.6888E-12      5
  749   11     0     -31      0     31  0.11625714E+01  0.00000000E+00 0.3470E-12      5
  750   11     0     -30      0     30  0.11943939E+01  0.00000000E+00 0.1476E-12      5
  751   11     0     -29      0     29  0.12254721E+01  0.00000000E+00 0.2063E-12      5
  752   11     0     -28      0     28  0.12585887E+01  0.00000000E+00 0.2632E-12      6
  753   11     0     -27      0     27  0.12964416E+01  0.00000000E+00 0.2663E-12      5
  754   11     0     -26      0     26  0.13388868E+01  0.00000000E+00 0.1208E-12      6
  755   11     0     -25      0     25  0.13853429E+01  0.00000000E+00 0.4296E-13      6
  756   11     0     -24      0     24  0.14356369E+01  0.00000000E+00 0.1839E-12      5
  757   11     0     -23      0     23  0.14899210E+01  0.00000000E+00 0.6377E-13      5
  758   11     0     -22      0     22  0.15484741E+01  0.00000000E+00 0.4034E-12      5
  Time elapsed :      1.051 s

Starting search (non-adiabatic)

Finding roots
  Time elapsed :     41.331 s

Processing modes
   id    l     m    n_pg    n_p    n_g       Re(omega)       Im(omega)        chi n_iter
  717   11     0     -64      0     64  0.59415403E+00 -0.77974106E-03 0.3699E-12      6
  718   11     0     -63      0     63  0.60352133E+00 -0.71024836E-03 0.5734E-12      6
  719   11     0     -62      0     62  0.61324594E+00 -0.63895607E-03 0.1007E-11     10
  720   11     0     -61      0     61  0.62332704E+00 -0.56931709E-03 0.1502E-11      9
  721   11     0     -60      0     60  0.63376827E+00 -0.50313014E-03 0.2966E-11      7
  722   11     0     -59      0     59  0.64457465E+00 -0.44137129E-03 0.1596E-11      8
  723   11     0     -58      0     58  0.65574943E+00 -0.38456412E-03 0.1373E-11      6
  724   11     0     -57      0     57  0.66728902E+00 -0.33293838E-03 0.2866E-12      6
  725   11     0     -56      0     56  0.67917480E+00 -0.28626566E-03 0.1680E-11      5
  726   11     0     -55      0     55  0.69135710E+00 -0.24383656E-03 0.1149E-11      8
  727   11     0     -54      0     54  0.70371697E+00 -0.20452699E-03 0.4885E-11      6
  728   11     0     -53      0     53  0.71600299E+00 -0.16755715E-03 0.1136E-10      6
  729   11     0     -52      0     52  0.72792524E+00 -0.13692063E-03 0.1110E-10      7
  730   11     0     -51      0     51  0.73985291E+00 -0.12106516E-03 0.9504E-11      6
  731   11     0     -50      0     50  0.75280122E+00 -0.11260914E-03 0.1224E-10      6
  732   11     0     -49      0     49  0.76706975E+00 -0.10208111E-03 0.3302E-11      6
  733   11     0     -48      0     48  0.78243463E+00 -0.90238689E-04 0.9550E-11      6
  734   11     0     -47      0     47  0.79871868E+00 -0.78834181E-04 0.9653E-11      7
  735   11     0     -46      0     46  0.81585006E+00 -0.68417499E-04 0.1001E-10      7
  736   11     0     -45      0     45  0.83381849E+00 -0.59014206E-04 0.1289E-10      5
  737   11     0     -44      0     44  0.85264631E+00 -0.50556528E-04 0.3595E-10      5
  738   11     0     -43      0     43  0.87237348E+00 -0.43004793E-04 0.8923E-11      5
  739   11     0     -42      0     42  0.89304926E+00 -0.36341077E-04 0.1820E-10      7
  740   11     0     -41      0     41  0.91472955E+00 -0.30550230E-04 0.2561E-10      7
  741   11     0     -40      0     40  0.93747107E+00 -0.25602545E-04 0.5328E-10      5
  742   11     0     -39      0     39  0.96132739E+00 -0.21425500E-04 0.2062E-10      5
  743   11     0     -38      0     38  0.98634712E+00 -0.17901201E-04 0.4319E-10      5
  744   11     0     -37      0     37  0.10125779E+01 -0.14880057E-04 0.2313E-10      5
  745   11     0     -36      0     36  0.10400758E+01 -0.12232114E-04 0.2591E-10      5
  746   11     0     -35      0     35  0.10689036E+01 -0.98976710E-05 0.1873E-09      4
  747   11     0     -34      0     34  0.10990787E+01 -0.78787972E-05 0.2058E-09      6
  748   11     0     -33      0     33  0.11304621E+01 -0.61659107E-05 0.9207E-10      5
  749   11     0     -32      0     32  0.11625733E+01 -0.46988446E-05 0.2007E-09      6
  750   11     0     -31      0     31  0.11943954E+01 -0.34494041E-05 0.2343E-09      5
  751   11     0     -29      0     29  0.12254733E+01 -0.26029363E-05 0.4093E-09      7
  752   11     0     -28      0     28  0.12585898E+01 -0.21446247E-05 0.9830E-09      7
  753   11     0     -27      0     27  0.12964425E+01 -0.17100528E-05 0.3402E-09      6
  754   11     0     -26      0     26  0.13388876E+01 -0.12848136E-05 0.2162E-08      6
  755   11     0     -25      0     25  0.13853435E+01 -0.93884099E-06 0.1766E-08      5
  756   11     0     -24      0     24  0.14356374E+01 -0.67937549E-06 0.2050E-08      7
  757   11     0     -23      0     23  0.14899214E+01 -0.49235509E-06 0.2002E-08      4
  758   11     0     -22      0     22  0.15484744E+01 -0.36277881E-06 0.1110E-07      5
  Time elapsed :      2.688 s

Mode Search
-----------

Mode parameters
   l : 12
   m : 0

Building frequency grid (REAL axis)
   added scan interval :  0.5210E+00 ->  0.2105E+01 (3000 points, INVERSE)

Building spatial grid
   Scaffold grid from model
   Split 15 subinterval(s) in iteration 1
   Split 0 subinterval(s) in iteration 2
   Final grid has 1 segment(s) and 7235 point(s):
      Segment 1 : x range 0.0000 -> 1.0009 (1 -> 7235)

Starting search (adiabatic)

Scanning frequencies
  Time elapsed :    34.162 s

Finding roots
  Time elapsed :      3.214 s

Processing modes
   id    l     m    n_pg    n_p    n_g       Re(omega)       Im(omega)        chi n_iter
  773   12     0     -70      0     70  0.58636825E+00  0.00000000E+00 0.2928E-12      5
  774   12     0     -69      0     69  0.59375616E+00  0.00000000E+00 0.3625E-12      5
  775   12     0     -68      0     68  0.60097011E+00  0.00000000E+00 0.5021E-12      5
  776   12     0     -67      0     67  0.60859422E+00  0.00000000E+00 0.6811E-13      5
  777   12     0     -66      0     66  0.61691660E+00  0.00000000E+00 0.4542E-12      5
  778   12     0     -65      0     65  0.62581866E+00  0.00000000E+00 0.1155E-11      5
  779   12     0     -64      0     64  0.63517232E+00  0.00000000E+00 0.1064E-12      5
  780   12     0     -63      0     63  0.64491932E+00  0.00000000E+00 0.2546E-12      5
  781   12     0     -62      0     62  0.65504152E+00  0.00000000E+00 0.4717E-12      5
  782   12     0     -61      0     61  0.66553788E+00  0.00000000E+00 0.5369E-12      5
  783   12     0     -60      0     60  0.67641297E+00  0.00000000E+00 0.1461E-12      5
  784   12     0     -59      0     59  0.68767336E+00  0.00000000E+00 0.3111E-12      5
  785   12     0     -58      0     58  0.69932521E+00  0.00000000E+00 0.9622E-14      5
  786   12     0     -57      0     57  0.71137100E+00  0.00000000E+00 0.7004E-12      5
  787   12     0     -56      0     56  0.72380370E+00  0.00000000E+00 0.4593E-12      5
  788   12     0     -55      0     55  0.73659668E+00  0.00000000E+00 0.8897E-13      5
  789   12     0     -54      0     54  0.74968321E+00  0.00000000E+00 0.5536E-12      5
  790   12     0     -53      0     53  0.76290944E+00  0.00000000E+00 0.2766E-12      5
  791   12     0     -52      0     52  0.77597868E+00  0.00000000E+00 0.3277E-12      5
  792   12     0     -51      0     51  0.78867461E+00  0.00000000E+00 0.4730E-13      5
  793   12     0     -50      0     50  0.80162784E+00  0.00000000E+00 0.1602E-12      5
  794   12     0     -49      0     49  0.81581201E+00  0.00000000E+00 0.1053E-12      5
  795   12     0     -48      0     48  0.83134494E+00  0.00000000E+00 0.1763E-12      5
  796   12     0     -47      0     47  0.84798247E+00  0.00000000E+00 0.2965E-12      5
  797   12     0     -46      0     46  0.86556715E+00  0.00000000E+00 0.4676E-12      5
  798   12     0     -45      0     45  0.88403990E+00  0.00000000E+00 0.3266E-12      5
  799   12     0     -44      0     44  0.90339779E+00  0.00000000E+00 0.2093E-13      5
  800   12     0     -43      0     43  0.92366815E+00  0.00000000E+00 0.2440E-12      5
  801   12     0     -42      0     42  0.94489473E+00  0.00000000E+00 0.2961E-12      5
  802   12     0     -41      0     41  0.96713012E+00  0.00000000E+00 0.2712E-13      5
  803   12     0     -40      0     40  0.99043308E+00  0.00000000E+00 0.6423E-13      5
  804   12     0     -39      0     39  0.10148618E+01  0.00000000E+00 0.7458E-14      5
  805   12     0     -38      0     38  0.10404699E+01  0.00000000E+00 0.3960E-12      5
  806   12     0     -37      0     37  0.10673055E+01  0.00000000E+00 0.4688E-12      5
  807   12     0     -36      0     36  0.10954179E+01  0.00000000E+00 0.3299E-12      5
  808   12     0     -35      0     35  0.11248690E+01  0.00000000E+00 0.6294E-12      5
  809   12     0     -34      0     34  0.11557275E+01  0.00000000E+00 0.2914E-12      5
  810   12     0     -33      0     33  0.11880084E+01  0.00000000E+00 0.6100E-12      5
  811   12     0     -32      0     32  0.12215596E+01  0.00000000E+00 0.2748E-12      6
  812   12     0     -31      0     31  0.12558850E+01  0.00000000E+00 0.2098E-12      5
  813   12     0     -30      0     30  0.12899362E+01  0.00000000E+00 0.1396E-13      5
  814   12     0     -29      0     29  0.13231353E+01  0.00000000E+00 0.2340E-12      5
  815   12     0     -28      0     28  0.13582719E+01  0.00000000E+00 0.3732E-12      6
  816   12     0     -27      0     27  0.13983533E+01  0.00000000E+00 0.2495E-12      6
  817   12     0     -26      0     26  0.14432960E+01  0.00000000E+00 0.1378E-12      6
  818   12     0     -25      0     25  0.14924367E+01  0.00000000E+00 0.3902E-12      5
  819   12     0     -24      0     24  0.15455630E+01  0.00000000E+00 0.8274E-13      5
  820   12     0     -23      0     23  0.16028095E+01  0.00000000E+00 0.1921E-12      5
  Time elapsed :      0.840 s

Starting search (non-adiabatic)

Finding roots
  Time elapsed :     45.909 s

Processing modes
   id    l     m    n_pg    n_p    n_g       Re(omega)       Im(omega)        chi n_iter
  773   12     0     -70      0     70  0.58614939E+00 -0.10639661E-02 0.5294E-12      8
  774   12     0     -69      0     69  0.59355235E+00 -0.97526848E-03 0.1280E-11      8
  775   12     0     -68      0     68  0.60076630E+00 -0.93808136E-03 0.1428E-11      7
  776   12     0     -68      0     68  0.60838254E+00 -0.96527255E-03 0.2169E-11      7
  777   12     0     -67      0     67  0.61670637E+00 -0.97397368E-03 0.3296E-12      8
  778   12     0     -66      0     66  0.62561992E+00 -0.94452636E-03 0.9120E-12      7
  779   12     0     -65      0     65  0.63499251E+00 -0.88980403E-03 0.2124E-11      7
  780   12     0     -64      0     64  0.64476347E+00 -0.82081245E-03 0.1109E-11      8
  781   12     0     -63      0     63  0.65491219E+00 -0.74516086E-03 0.4402E-12      6
  782   12     0     -62      0     62  0.66543524E+00 -0.66823481E-03 0.1690E-11      7
  783   12     0     -61      0     61  0.67633534E+00 -0.59343825E-03 0.3584E-12      8
  784   12     0     -60      0     60  0.68761794E+00 -0.52259507E-03 0.1383E-11      6
  785   12     0     -59      0     59  0.69928865E+00 -0.45672581E-03 0.2567E-11      7
  786   12     0     -58      0     58  0.71134981E+00 -0.39637512E-03 0.2561E-11      6
  787   12     0     -57      0     57  0.72379455E+00 -0.34173663E-03 0.1227E-11      5
  788   12     0     -56      0     56  0.73659653E+00 -0.29247510E-03 0.2463E-11      7
  789   12     0     -55      0     55  0.74968939E+00 -0.24773022E-03 0.2575E-11      6
  790   12     0     -54      0     54  0.76291959E+00 -0.20627059E-03 0.1345E-11      6
  791   12     0     -53      0     53  0.77599070E+00 -0.16789508E-03 0.2544E-11      7
  792   12     0     -52      0     52  0.78868731E+00 -0.13863649E-03 0.5086E-11      5
  793   12     0     -51      0     51  0.80164164E+00 -0.12459239E-03 0.1930E-10      6
  794   12     0     -50      0     50  0.81582706E+00 -0.11497788E-03 0.2711E-11      6
  795   12     0     -49      0     49  0.83136050E+00 -0.10307442E-03 0.1408E-10      7
  796   12     0     -48      0     48  0.84799791E+00 -0.90495500E-04 0.5078E-11      6
  797   12     0     -47      0     47  0.86558205E+00 -0.78704228E-04 0.1615E-10      5
  798   12     0     -46      0     46  0.88405399E+00 -0.68055982E-04 0.2237E-10      6
  799   12     0     -45      0     45  0.90341088E+00 -0.58503074E-04 0.4256E-10      6
  800   12     0     -44      0     44  0.92368011E+00 -0.49953630E-04 0.1154E-10      6
  801   12     0     -43      0     43  0.94490550E+00 -0.42357350E-04 0.2338E-10      6
  802   12     0     -42      0     42  0.96713970E+00 -0.35688248E-04 0.4605E-10      6
  803   12     0     -41      0     41  0.99044151E+00 -0.29925156E-04 0.4184E-10      7
  804   12     0     -40      0     40  0.10148692E+01 -0.25029498E-04 0.6142E-10      5
  805   12     0     -39      0     39  0.10404764E+01 -0.20916419E-04 0.1053E-09      6
  806   12     0     -38      0     38  0.10673111E+01 -0.17454552E-04 0.1381E-09      4
  807   12     0     -37      0     37  0.10954228E+01 -0.14486426E-04 0.3013E-10      5
  808   12     0     -36      0     36  0.11248732E+01 -0.11886252E-04 0.9814E-10      4
  809   12     0     -35      0     35  0.11557311E+01 -0.96060608E-05 0.1874E-09      6
  810   12     0     -34      0     34  0.11880114E+01 -0.76513358E-05 0.1317E-09      5
  811   12     0     -33      0     33  0.12215621E+01 -0.60030640E-05 0.3515E-09      6
  812   12     0     -32      0     32  0.12558871E+01 -0.45903031E-05 0.4709E-09      5
  813   12     0     -30      1     31  0.12899379E+01 -0.33760762E-05 0.2986E-09      7
  814   12     0     -29      0     29  0.13231367E+01 -0.25343371E-05 0.2549E-09      5
  815   12     0     -28      0     28  0.13582731E+01 -0.20838544E-05 0.1943E-08      6
  816   12     0     -27      0     27  0.13983543E+01 -0.16738253E-05 0.1429E-08      5
  817   12     0     -26      0     26  0.14432969E+01 -0.12706211E-05 0.9752E-09      5
  818   12     0     -25      0     25  0.14924374E+01 -0.93929153E-06 0.4066E-08      6
  819   12     0     -24      0     24  0.15455636E+01 -0.68865985E-06 0.3683E-08      5
  820   12     0     -23      0     23  0.16028100E+01 -0.50772577E-06 0.3203E-08      5
  Time elapsed :      2.746 s

Mode Search
-----------

Mode parameters
   l : 13
   m : 0

Building frequency grid (REAL axis)
   added scan interval :  0.5210E+00 ->  0.2105E+01 (3000 points, INVERSE)

Building spatial grid
   Scaffold grid from model
   Split 16 subinterval(s) in iteration 1
   Split 10 subinterval(s) in iteration 2
   Split 0 subinterval(s) in iteration 3
   Final grid has 1 segment(s) and 7246 point(s):
      Segment 1 : x range 0.0000 -> 1.0009 (1 -> 7246)

Starting search (adiabatic)

Scanning frequencies
  Time elapsed :    34.181 s

Finding roots
  Time elapsed :      3.509 s

Processing modes
   id    l     m    n_pg    n_p    n_g       Re(omega)       Im(omega)        chi n_iter
  837   13     0     -75      0     75  0.59143951E+00  0.00000000E+00 0.4799E-12      5
  838   13     0     -74      0     74  0.59937656E+00  0.00000000E+00 0.3393E-12      5
  839   13     0     -73      0     73  0.60746439E+00  0.00000000E+00 0.1272E-12      5
  840   13     0     -72      0     72  0.61565700E+00  0.00000000E+00 0.3123E-12      6
  841   13     0     -71      0     71  0.62385308E+00  0.00000000E+00 0.1400E-13      5
  842   13     0     -70      0     70  0.63186398E+00  0.00000000E+00 0.9341E-13      5
  843   13     0     -69      0     69  0.63956224E+00  0.00000000E+00 0.5198E-12      5
  844   13     0     -68      0     68  0.64734866E+00  0.00000000E+00 0.8745E-12      5
  845   13     0     -67      0     67  0.65579485E+00  0.00000000E+00 0.5314E-13      5
  846   13     0     -66      0     66  0.66493627E+00  0.00000000E+00 0.5079E-13      5
  847   13     0     -65      0     65  0.67461019E+00  0.00000000E+00 0.8675E-12      5
  848   13     0     -64      0     64  0.68471753E+00  0.00000000E+00 0.1675E-12      5
  849   13     0     -63      0     63  0.69522049E+00  0.00000000E+00 0.2645E-12      5
  850   13     0     -62      0     62  0.70611120E+00  0.00000000E+00 0.3585E-12      5
  851   13     0     -61      0     61  0.71739368E+00  0.00000000E+00 0.2135E-12      5
  852   13     0     -60      0     60  0.72907505E+00  0.00000000E+00 0.3956E-12      5
  853   13     0     -59      0     59  0.74116320E+00  0.00000000E+00 0.5703E-12      5
  854   13     0     -58      0     58  0.75366444E+00  0.00000000E+00 0.2661E-12      5
  855   13     0     -57      0     57  0.76657994E+00  0.00000000E+00 0.2624E-12      5
  856   13     0     -56      0     56  0.77989870E+00  0.00000000E+00 0.1010E-12      5
  857   13     0     -55      0     55  0.79358534E+00  0.00000000E+00 0.1679E-12      5
  858   13     0     -54      0     54  0.80755457E+00  0.00000000E+00 0.2909E-12      5
  859   13     0     -53      0     53  0.82161659E+00  0.00000000E+00 0.1838E-12      5
  860   13     0     -52      0     52  0.83544294E+00  0.00000000E+00 0.1354E-12      5
  861   13     0     -51      0     51  0.84893589E+00  0.00000000E+00 0.6669E-12      5
  862   13     0     -50      0     50  0.86294183E+00  0.00000000E+00 0.3015E-12      5
  863   13     0     -49      0     49  0.87832736E+00  0.00000000E+00 0.6345E-14      6
  864   13     0     -48      0     48  0.89507704E+00  0.00000000E+00 0.5881E-12      6
  865   13     0     -47      0     47  0.91294398E+00  0.00000000E+00 0.2486E-12      5
  866   13     0     -46      0     46  0.93178727E+00  0.00000000E+00 0.1038E-12      5
  867   13     0     -45      0     45  0.95155793E+00  0.00000000E+00 0.5638E-12      5
  868   13     0     -44      0     44  0.97225913E+00  0.00000000E+00 0.4215E-13      5
  869   13     0     -43      0     43  0.99392244E+00  0.00000000E+00 0.6526E-13      5
  870   13     0     -42      0     42  0.10165949E+01  0.00000000E+00 0.3029E-12      5
  871   13     0     -41      0     41  0.10403320E+01  0.00000000E+00 0.1225E-13      5
  872   13     0     -40      0     40  0.10651946E+01  0.00000000E+00 0.2789E-12      5
  873   13     0     -39      0     39  0.10912414E+01  0.00000000E+00 0.6590E-12      5
  874   13     0     -38      0     38  0.11185250E+01  0.00000000E+00 0.2512E-13      5
  875   13     0     -37      0     37  0.11470924E+01  0.00000000E+00 0.1898E-12      5
  876   13     0     -36      0     36  0.11769950E+01  0.00000000E+00 0.4281E-12      5
  877   13     0     -35      0     35  0.12083016E+01  0.00000000E+00 0.5569E-13      5
  878   13     0     -34      0     34  0.12410868E+01  0.00000000E+00 0.4055E-12      5
  879   13     0     -33      0     33  0.12753613E+01  0.00000000E+00 0.7025E-13      5
  880   13     0     -32      0     32  0.13109629E+01  0.00000000E+00 0.4184E-13      5
  881   13     0     -31      0     31  0.13473950E+01  0.00000000E+00 0.2078E-12      5
  882   13     0     -30      0     30  0.13836022E+01  0.00000000E+00 0.1102E-13      5
  883   13     0     -29      0     29  0.14188424E+01  0.00000000E+00 0.3521E-12      5
  884   13     0     -28      0     28  0.14557875E+01  0.00000000E+00 0.2113E-12      5
  885   13     0     -27      0     27  0.14978113E+01  0.00000000E+00 0.1760E-12      5
  886   13     0     -26      0     26  0.15449578E+01  0.00000000E+00 0.1076E-12      6
  887   13     0     -25      0     25  0.15964775E+01  0.00000000E+00 0.1069E-12      5
  Time elapsed :      1.348 s

Starting search (non-adiabatic)

Finding roots
  Time elapsed :     50.492 s

Processing modes
   id    l     m    n_pg    n_p    n_g       Re(omega)       Im(omega)        chi n_iter
  837   13     0     -75      0     75  0.59126430E+00 -0.12041174E-02 0.1184E-11      9
  838   13     0     -74      0     74  0.59920034E+00 -0.12154367E-02 0.5241E-12      6
  839   13     0     -73      0     73  0.60728711E+00 -0.12143309E-02 0.3094E-12      8
  840   13     0     -72      0     72  0.61548073E+00 -0.11949146E-02 0.7151E-12      9
  841   13     0     -71      0     71  0.62368253E+00 -0.11481178E-02 0.9127E-12      7
  842   13     0     -70      0     70  0.63170438E+00 -0.10675054E-02 0.8076E-12      7
  843   13     0     -69      0     69  0.63940769E+00 -0.99467453E-03 0.1651E-11      7
  844   13     0     -68      0     68  0.64718630E+00 -0.10035970E-02 0.1937E-11      7
  845   13     0     -67      0     67  0.65562802E+00 -0.10370509E-02 0.1655E-11      6
  846   13     0     -67      0     67  0.66477353E+00 -0.10322784E-02 0.1287E-11      7
  847   13     0     -66      0     66  0.67445857E+00 -0.99260646E-03 0.8542E-12      7
  848   13     0     -65      0     65  0.68458271E+00 -0.93082339E-03 0.2328E-11      7
  849   13     0     -64      0     64  0.69510660E+00 -0.85599228E-03 0.1292E-11      7
  850   13     0     -63      0     63  0.70602036E+00 -0.77499902E-03 0.2105E-11      7
  851   13     0     -62      0     62  0.71732590E+00 -0.69309562E-03 0.3124E-12      7
  852   13     0     -61      0     61  0.72902868E+00 -0.61370183E-03 0.7809E-12      7
  853   13     0     -60      0     60  0.74113552E+00 -0.53869851E-03 0.8373E-12      6
  854   13     0     -59      0     59  0.75365228E+00 -0.46916947E-03 0.1486E-11      7
  855   13     0     -58      0     58  0.76658000E+00 -0.40568813E-03 0.4715E-11      5
  856   13     0     -57      0     57  0.77990787E+00 -0.34840875E-03 0.3070E-12      6
  857   13     0     -56      0     56  0.79360080E+00 -0.29688497E-03 0.2312E-11      8
  858   13     0     -55      0     55  0.80757383E+00 -0.25011612E-03 0.8609E-11      7
  859   13     0     -54      0     54  0.82163742E+00 -0.20684377E-03 0.2964E-11      5
  860   13     0     -53      0     53  0.83546349E+00 -0.16771318E-03 0.8288E-11      7
  861   13     0     -52      0     52  0.84895582E+00 -0.14026128E-03 0.8872E-11      6
  862   13     0     -51      0     51  0.86296236E+00 -0.12719940E-03 0.1281E-10      7
  863   13     0     -50      0     50  0.87834848E+00 -0.11631490E-03 0.1083E-10      6
  864   13     0     -49      0     49  0.89509788E+00 -0.10335371E-03 0.9512E-11      6
  865   13     0     -48      0     48  0.91296393E+00 -0.90254382E-04 0.1745E-10      6
  866   13     0     -47      0     47  0.93180600E+00 -0.78204078E-04 0.8668E-11      6
  867   13     0     -46      0     46  0.95157526E+00 -0.67408748E-04 0.1766E-11      6
  868   13     0     -45      0     45  0.97227494E+00 -0.57769295E-04 0.1100E-10      5
  869   13     0     -44      0     44  0.99393667E+00 -0.49178903E-04 0.3620E-10      6
  870   13     0     -43      0     43  0.10166075E+01 -0.41580420E-04 0.4947E-10      6
  871   13     0     -42      0     42  0.10403431E+01 -0.34942080E-04 0.3490E-10      7
  872   13     0     -41      0     41  0.10652043E+01 -0.29237964E-04 0.1086E-09      5
  873   13     0     -40      0     40  0.10912498E+01 -0.24420323E-04 0.6762E-10      5
  874   13     0     -39      0     39  0.11185324E+01 -0.20390964E-04 0.7482E-10      4
  875   13     0     -38      0     38  0.11470987E+01 -0.17004616E-04 0.5958E-10      6
  876   13     0     -37      0     37  0.11770005E+01 -0.14097760E-04 0.5724E-10      6
  877   13     0     -36      0     36  0.12083063E+01 -0.11552254E-04 0.9464E-10      5
  878   13     0     -35      0     35  0.12410908E+01 -0.93334612E-05 0.5555E-10      4
  879   13     0     -34      0     34  0.12753646E+01 -0.74482804E-05 0.2043E-09      6
  880   13     0     -33      0     33  0.13109657E+01 -0.58659625E-05 0.3302E-09      4
  881   13     0     -32      0     32  0.13473973E+01 -0.45050668E-05 0.3184E-09      6
  882   13     0     -30      0     30  0.13836041E+01 -0.33212565E-05 0.5186E-09      5
  883   13     0     -29      0     29  0.14188438E+01 -0.24758014E-05 0.8945E-09      6
  884   13     0     -28      0     28  0.14557888E+01 -0.20290617E-05 0.9225E-09      5
  885   13     0     -27      0     27  0.14978124E+01 -0.16457096E-05 0.2066E-08      4
  886   13     0     -26      0     26  0.15449587E+01 -0.12648583E-05 0.2247E-09      4
  887   13     0     -25      0     25  0.15964783E+01 -0.94695331E-06 0.2565E-08      5
  Time elapsed :      3.368 s

Mode Search
-----------

Mode parameters
   l : 14
   m : 0

Building frequency grid (REAL axis)
   added scan interval :  0.5210E+00 ->  0.2105E+01 (3000 points, INVERSE)

Building spatial grid
   Scaffold grid from model
   Split 17 subinterval(s) in iteration 1
   Split 20 subinterval(s) in iteration 2
   Split 0 subinterval(s) in iteration 3
   Final grid has 1 segment(s) and 7257 point(s):
      Segment 1 : x range 0.0000 -> 1.0009 (1 -> 7257)

Starting search (adiabatic)

Scanning frequencies
  Time elapsed :    34.498 s

Finding roots
  Time elapsed :      3.714 s

Processing modes
   id    l     m    n_pg    n_p    n_g       Re(omega)       Im(omega)        chi n_iter
  905   14     0     -81      0     81  0.58745294E+00  0.00000000E+00 0.3435E-12      5
  906   14     0     -80      0     80  0.59476901E+00  0.00000000E+00 0.3055E-12      5
  907   14     0     -79      0     79  0.60228881E+00  0.00000000E+00 0.1121E-13      5
  908   14     0     -78      0     78  0.61000757E+00  0.00000000E+00 0.5764E-12      5
  909   14     0     -77      0     77  0.61792220E+00  0.00000000E+00 0.5814E-12      5
  910   14     0     -76      0     76  0.62602911E+00  0.00000000E+00 0.6265E-12      5
  911   14     0     -75      0     75  0.63432194E+00  0.00000000E+00 0.9913E-13      5
  912   14     0     -74      0     74  0.64278612E+00  0.00000000E+00 0.5707E-12      5
  913   14     0     -73      0     73  0.65138956E+00  0.00000000E+00 0.6765E-12      5
  914   14     0     -72      0     72  0.66006160E+00  0.00000000E+00 0.1643E-13      5
  915   14     0     -71      0     71  0.66865370E+00  0.00000000E+00 0.4423E-12      5
  916   14     0     -70      0     70  0.67695207E+00  0.00000000E+00 0.7396E-13      5
  917   14     0     -69      0     69  0.68503595E+00  0.00000000E+00 0.3405E-12      5
  918   14     0     -68      0     68  0.69354198E+00  0.00000000E+00 0.2056E-12      5
  919   14     0     -67      0     67  0.70281793E+00  0.00000000E+00 0.7998E-12      5
  920   14     0     -66      0     66  0.71273841E+00  0.00000000E+00 0.2692E-13      5
  921   14     0     -65      0     65  0.72315395E+00  0.00000000E+00 0.9189E-13      5
  922   14     0     -64      0     64  0.73399370E+00  0.00000000E+00 0.1034E-11      5
  923   14     0     -63      0     63  0.74523526E+00  0.00000000E+00 0.2214E-12      5
  924   14     0     -62      0     62  0.75687841E+00  0.00000000E+00 0.3831E-12      5
  925   14     0     -61      0     61  0.76893096E+00  0.00000000E+00 0.1201E-12      5
  926   14     0     -60      0     60  0.78140200E+00  0.00000000E+00 0.2313E-12      5
  927   14     0     -59      0     59  0.79430037E+00  0.00000000E+00 0.1923E-13      5
  928   14     0     -58      0     58  0.80763229E+00  0.00000000E+00 0.3053E-12      5
  929   14     0     -57      0     57  0.82139724E+00  0.00000000E+00 0.9814E-13      5
  930   14     0     -56      0     56  0.83557974E+00  0.00000000E+00 0.2291E-12      5
  931   14     0     -55      0     55  0.85013488E+00  0.00000000E+00 0.1880E-13      5
  932   14     0     -54      0     54  0.86495766E+00  0.00000000E+00 0.2015E-12      5
  933   14     0     -53      0     53  0.87982305E+00  0.00000000E+00 0.1960E-12      5
  934   14     0     -52      0     52  0.89438774E+00  0.00000000E+00 0.4682E-13      5
  935   14     0     -51      0     51  0.90869951E+00  0.00000000E+00 0.5408E-12      5
  936   14     0     -50      0     50  0.92375866E+00  0.00000000E+00 0.3583E-13      6
  937   14     0     -49      0     49  0.94030059E+00  0.00000000E+00 0.3707E-12      5
  938   14     0     -48      0     48  0.95821866E+00  0.00000000E+00 0.4015E-12      6
  939   14     0     -47      0     47  0.97727069E+00  0.00000000E+00 0.9522E-13      6
  940   14     0     -46      0     46  0.99732889E+00  0.00000000E+00 0.3137E-12      6
  941   14     0     -45      0     45  0.10183522E+01  0.00000000E+00 0.4510E-12      5
  942   14     0     -44      0     44  0.10403487E+01  0.00000000E+00 0.5771E-12      5
  943   14     0     -43      0     43  0.10633535E+01  0.00000000E+00 0.4673E-12      5
  944   14     0     -42      0     42  0.10874165E+01  0.00000000E+00 0.2190E-12      5
  945   14     0     -41      0     41  0.11125954E+01  0.00000000E+00 0.7764E-13      5
  946   14     0     -40      0     40  0.11389525E+01  0.00000000E+00 0.3055E-13      5
  947   14     0     -39      0     39  0.11665458E+01  0.00000000E+00 0.2236E-12      5
  948   14     0     -38      0     38  0.11954257E+01  0.00000000E+00 0.3288E-12      5
  949   14     0     -37      0     37  0.12256374E+01  0.00000000E+00 0.3885E-12      5
  950   14     0     -36      0     36  0.12572357E+01  0.00000000E+00 0.2430E-12      5
  951   14     0     -35      0     35  0.12902974E+01  0.00000000E+00 0.6734E-13      5
  952   14     0     -34      0     34  0.13249016E+01  0.00000000E+00 0.2470E-13      5
  953   14     0     -33      0     33  0.13610524E+01  0.00000000E+00 0.3276E-12      5
  954   14     0     -32      0     32  0.13985803E+01  0.00000000E+00 0.5925E-13      5
  955   14     0     -31      0     31  0.14370043E+01  0.00000000E+00 0.1502E-13      6
  956   14     0     -30      0     30  0.14752928E+01  0.00000000E+00 0.1677E-12      5
  957   14     0     -29      0     29  0.15125139E+01  0.00000000E+00 0.3007E-12      5
  958   14     0     -28      0     28  0.15510680E+01  0.00000000E+00 0.3955E-13      6
  959   14     0     -27      0     27  0.15947279E+01  0.00000000E+00 0.1589E-12      6
  Time elapsed :      1.314 s

Starting search (non-adiabatic)

Finding roots
  Time elapsed :     54.879 s

Processing modes
   id    l     m    n_pg    n_p    n_g       Re(omega)       Im(omega)        chi n_iter
  905   14     0     -81      0     81  0.58728231E+00 -0.10992012E-02 0.1536E-11      7
  906   14     0     -80      0     80  0.59461083E+00 -0.11192638E-02 0.3019E-12      7
  907   14     0     -79      0     79  0.60214220E+00 -0.11407438E-02 0.6650E-12      7
  908   14     0     -78      0     78  0.60987093E+00 -0.11641134E-02 0.1925E-11      8
  909   14     0     -77      0     77  0.61779332E+00 -0.11885832E-02 0.7382E-12      6
  910   14     0     -76      0     76  0.62590547E+00 -0.12118655E-02 0.1690E-11      9
  911   14     0     -75      0     75  0.63420120E+00 -0.12305053E-02 0.8916E-12      8
  912   14     0     -74      0     74  0.64266661E+00 -0.12404261E-02 0.2318E-11      7
  913   14     0     -73      0     73  0.65127089E+00 -0.12361758E-02 0.6728E-12      7
  914   14     0     -72      0     72  0.65994536E+00 -0.12096897E-02 0.9445E-12      6
  915   14     0     -71      0     71  0.66854344E+00 -0.11499482E-02 0.1110E-11      7
  916   14     0     -70      0     70  0.67684796E+00 -0.10649070E-02 0.7702E-12     10
  917   14     0     -69      0     69  0.68492757E+00 -0.10315840E-02 0.1767E-11      7
  918   14     0     -68      0     68  0.69342665E+00 -0.10717567E-02 0.1766E-11      7
  919   14     0     -67      0     67  0.70270209E+00 -0.10967058E-02 0.1532E-11      7
  920   14     0     -67      0     67  0.71262742E+00 -0.10798719E-02 0.2791E-11      7
  921   14     0     -66      0     66  0.72305256E+00 -0.10325730E-02 0.5271E-13      7
  922   14     0     -65      0     65  0.73390628E+00 -0.96528667E-03 0.3026E-11      6
  923   14     0     -64      0     64  0.74516521E+00 -0.88561737E-03 0.1642E-11      7
  924   14     0     -63      0     63  0.75682750E+00 -0.80004615E-03 0.1066E-12      6
  925   14     0     -62      0     62  0.76889910E+00 -0.71380749E-03 0.1346E-11      7
  926   14     0     -61      0     61  0.78138757E+00 -0.63037428E-03 0.5939E-12      6
  927   14     0     -60      0     60  0.79430083E+00 -0.55170690E-03 0.3364E-12      7
  928   14     0     -59      0     59  0.80764466E+00 -0.47896752E-03 0.3465E-11      6
  929   14     0     -58      0     58  0.82141848E+00 -0.41276409E-03 0.1470E-11      5
  930   14     0     -57      0     57  0.83560700E+00 -0.35320789E-03 0.1009E-11      6
  931   14     0     -56      0     56  0.85016561E+00 -0.29974084E-03 0.5024E-11      7
  932   14     0     -55      0     55  0.86498960E+00 -0.25124153E-03 0.5362E-11      6
  933   14     0     -54      0     54  0.87985410E+00 -0.20651645E-03 0.2173E-11      6
  934   14     0     -53      0     53  0.89441643E+00 -0.16721263E-03 0.8091E-11      7
  935   14     0     -52      0     52  0.90872655E+00 -0.14159546E-03 0.7680E-11      7
  936   14     0     -51      0     51  0.92378577E+00 -0.12886101E-03 0.4253E-11      6
  937   14     0     -50      0     50  0.94032751E+00 -0.11681082E-03 0.7585E-11      6
  938   14     0     -49      0     49  0.95824447E+00 -0.10307274E-03 0.1179E-10      5
  939   14     0     -48      0     48  0.97729486E+00 -0.89626919E-04 0.1295E-10      7
  940   14     0     -47      0     47  0.99735119E+00 -0.77420928E-04 0.1343E-10      7
  941   14     0     -46      0     46  0.10183725E+01 -0.66547406E-04 0.2509E-10      5
  942   14     0     -45      0     45  0.10403670E+01 -0.56873039E-04 0.8573E-10      8
  943   14     0     -44      0     44  0.10633698E+01 -0.48283190E-04 0.2120E-10      6
  944   14     0     -43      0     43  0.10874309E+01 -0.40716935E-04 0.1842E-10      5
  945   14     0     -42      0     42  0.11126079E+01 -0.34138881E-04 0.1768E-10      6
  946   14     0     -41      0     41  0.11389634E+01 -0.28519280E-04 0.5621E-10      5
  947   14     0     -40      0     40  0.11665552E+01 -0.23800354E-04 0.7517E-10      9
  948   14     0     -39      0     39  0.11954338E+01 -0.19869199E-04 0.1949E-10      5
  949   14     0     -38      0     38  0.12256444E+01 -0.16566421E-04 0.9303E-10      5
  950   14     0     -37      0     37  0.12572417E+01 -0.13725108E-04 0.1354E-09      6
  951   14     0     -36      0     36  0.12903026E+01 -0.11238748E-04 0.1551E-09      7
  952   14     0     -35      0     35  0.13249060E+01 -0.90869190E-05 0.2540E-10      5
  953   14     0     -34      0     34  0.13610561E+01 -0.72748505E-05 0.3141E-10      5
  954   14     0     -33      0     33  0.13985834E+01 -0.57575076E-05 0.3374E-09      5
  955   14     0     -31      0     31  0.14370068E+01 -0.44439402E-05 0.4478E-09      4
  956   14     0     -30      0     30  0.14752948E+01 -0.32856995E-05 0.1502E-09      6
  957   14     0     -29      0     29  0.15125154E+01 -0.24297011E-05 0.8075E-09      6
  958   14     0     -28      0     28  0.15510693E+01 -0.19808538E-05 0.1385E-08      4
  959   14     0     -27      0     27  0.15947290E+01 -0.16255080E-05 0.4027E-09      5
  Time elapsed :      3.414 s

Mode Search
-----------

Mode parameters
   l : 15
   m : 0

Building frequency grid (REAL axis)
   added scan interval :  0.5210E+00 ->  0.2105E+01 (3000 points, INVERSE)

Building spatial grid
   Scaffold grid from model
   Split 17 subinterval(s) in iteration 1
   Split 23 subinterval(s) in iteration 2
   Split 0 subinterval(s) in iteration 3
   Final grid has 1 segment(s) and 7260 point(s):
      Segment 1 : x range 0.0000 -> 1.0009 (1 -> 7260)

Starting search (adiabatic)

Scanning frequencies
  Time elapsed :    34.318 s

Finding roots
  Time elapsed :      4.046 s

Processing modes
   id    l     m    n_pg    n_p    n_g       Re(omega)       Im(omega)        chi n_iter
  978   15     0     -87      0     87  0.58607146E+00  0.00000000E+00 0.2965E-12      5
  979   15     0     -86      0     86  0.59205589E+00  0.00000000E+00 0.1430E-12      5
  980   15     0     -85      0     85  0.59838641E+00  0.00000000E+00 0.1906E-12      5
  981   15     0     -84      0     84  0.60512066E+00  0.00000000E+00 0.3089E-12      5
  982   15     0     -83      0     83  0.61219074E+00  0.00000000E+00 0.5399E-12      5
  983   15     0     -82      0     82  0.61953398E+00  0.00000000E+00 0.5302E-12      5
  984   15     0     -81      0     81  0.62711475E+00  0.00000000E+00 0.4582E-12      5
  985   15     0     -80      0     80  0.63491486E+00  0.00000000E+00 0.5466E-12      5
  986   15     0     -79      0     79  0.64292592E+00  0.00000000E+00 0.8281E-12      5
  987   15     0     -78      0     78  0.65114367E+00  0.00000000E+00 0.9697E-13      5
  988   15     0     -77      0     77  0.65956459E+00  0.00000000E+00 0.1644E-12      5
  989   15     0     -76      0     76  0.66818357E+00  0.00000000E+00 0.4314E-12      5
  990   15     0     -75      0     75  0.67699080E+00  0.00000000E+00 0.2185E-12      5
  991   15     0     -74      0     74  0.68596412E+00  0.00000000E+00 0.2772E-12      5
  992   15     0     -73      0     73  0.69505509E+00  0.00000000E+00 0.5212E-12      5
  993   15     0     -72      0     72  0.70415861E+00  0.00000000E+00 0.3136E-12      6
  994   15     0     -71      0     71  0.71307561E+00  0.00000000E+00 0.7005E-13      6
  995   15     0     -70      0     70  0.72164875E+00  0.00000000E+00 0.9224E-13      5
  996   15     0     -69      0     69  0.73026408E+00  0.00000000E+00 0.3121E-12      5
  997   15     0     -68      0     68  0.73956761E+00  0.00000000E+00 0.1446E-12      6
  998   15     0     -67      0     67  0.74963951E+00  0.00000000E+00 0.2102E-12      6
  999   15     0     -66      0     66  0.76030020E+00  0.00000000E+00 0.5006E-12      5
 1000   15     0     -65      0     65  0.77143096E+00  0.00000000E+00 0.4784E-12      5
 1001   15     0     -64      0     64  0.78298337E+00  0.00000000E+00 0.6127E-12      5
 1002   15     0     -63      0     63  0.79494643E+00  0.00000000E+00 0.1067E-12      5
 1003   15     0     -62      0     62  0.80732560E+00  0.00000000E+00 0.2875E-12      5
 1004   15     0     -61      0     61  0.82013161E+00  0.00000000E+00 0.1151E-12      5
 1005   15     0     -60      0     60  0.83337500E+00  0.00000000E+00 0.5739E-15      5
 1006   15     0     -59      0     59  0.84706534E+00  0.00000000E+00 0.3870E-12      4
 1007   15     0     -58      0     58  0.86120853E+00  0.00000000E+00 0.1139E-12      5
 1008   15     0     -57      0     57  0.87580207E+00  0.00000000E+00 0.7811E-13      5
 1009   15     0     -56      0     56  0.89082565E+00  0.00000000E+00 0.1752E-12      5
 1010   15     0     -55      0     55  0.90622439E+00  0.00000000E+00 0.7543E-13      5
 1011   15     0     -54      0     54  0.92187328E+00  0.00000000E+00 0.1109E-12      5
 1012   15     0     -53      0     53  0.93751470E+00  0.00000000E+00 0.2088E-12      5
 1013   15     0     -52      0     52  0.95280745E+00  0.00000000E+00 0.1035E-12      5
 1014   15     0     -51      0     51  0.96795255E+00  0.00000000E+00 0.2273E-12      5
 1015   15     0     -50      0     50  0.98404617E+00  0.00000000E+00 0.2173E-12      6
 1016   15     0     -49      0     49  0.10016957E+01  0.00000000E+00 0.2249E-12      6
 1017   15     0     -48      0     48  0.10207342E+01  0.00000000E+00 0.2804E-12      5
 1018   15     0     -47      0     47  0.10409262E+01  0.00000000E+00 0.2634E-12      6
 1019   15     0     -46      0     46  0.10621541E+01  0.00000000E+00 0.2544E-12      6
 1020   15     0     -45      0     45  0.10843828E+01  0.00000000E+00 0.4312E-12      5
 1021   15     0     -44      0     44  0.11076245E+01  0.00000000E+00 0.9921E-13      5
 1022   15     0     -43      0     43  0.11319173E+01  0.00000000E+00 0.5382E-13      5
 1023   15     0     -42      0     42  0.11573131E+01  0.00000000E+00 0.1002E-12      5
 1024   15     0     -41      0     41  0.11838716E+01  0.00000000E+00 0.1873E-12      5
 1025   15     0     -40      0     40  0.12116554E+01  0.00000000E+00 0.2302E-12      5
 1026   15     0     -39      0     39  0.12407203E+01  0.00000000E+00 0.8964E-13      5
 1027   15     0     -38      0     38  0.12711136E+01  0.00000000E+00 0.9924E-13      5
 1028   15     0     -37      0     37  0.13028788E+01  0.00000000E+00 0.3205E-12      5
 1029   15     0     -36      0     36  0.13360755E+01  0.00000000E+00 0.3555E-12      5
 1030   15     0     -35      0     35  0.13707893E+01  0.00000000E+00 0.2044E-12      5
 1031   15     0     -34      0     34  0.14071008E+01  0.00000000E+00 0.3085E-12      5
 1032   15     0     -33      0     33  0.14450043E+01  0.00000000E+00 0.2362E-12      5
 1033   15     0     -32      0     32  0.14843264E+01  0.00000000E+00 0.3090E-12      6
 1034   15     0     -31      0     31  0.15246193E+01  0.00000000E+00 0.2589E-12      6
 1035   15     0     -30      0     30  0.15649085E+01  0.00000000E+00 0.1289E-12      6
 1036   15     0     -29      0     29  0.16040725E+01  0.00000000E+00 0.2258E-12      5
  Time elapsed :      1.337 s

Starting search (non-adiabatic)

Finding roots
  Time elapsed :     63.128 s

Processing modes
   id    l     m    n_pg    n_p    n_g       Re(omega)       Im(omega)        chi n_iter
  978   15     0     -87      0     87  0.58588182E+00 -0.94216380E-03 0.2092E-11      9
  979   15     0     -86      0     86  0.59187164E+00 -0.96465065E-03 0.1349E-11      7
  980   15     0     -85      0     85  0.59820710E+00 -0.10150046E-02 0.7096E-12      8
  981   15     0     -84      0     84  0.60495076E+00 -0.10575849E-02 0.1263E-11      7
  982   15     0     -83      0     83  0.61203326E+00 -0.10868247E-02 0.7130E-12      8
  983   15     0     -82      0     82  0.61939046E+00 -0.11080273E-02 0.8188E-12      8
  984   15     0     -81      0     81  0.62698578E+00 -0.11261862E-02 0.7666E-12      8
  985   15     0     -80      0     80  0.63480027E+00 -0.11445159E-02 0.5553E-12      7
  986   15     0     -79      0     79  0.64282488E+00 -0.11646633E-02 0.3560E-12     12
  987   15     0     -78      0     78  0.65105470E+00 -0.11869620E-02 0.1524E-11      7
  988   15     0     -77      0     77  0.65948563E+00 -0.12104852E-02 0.7807E-12      7
  989   15     0     -76      0     76  0.66811218E+00 -0.12327548E-02 0.6687E-12      9
  990   15     0     -75      0     75  0.67692459E+00 -0.12500173E-02 0.8684E-12      7
  991   15     0     -74      0     74  0.68590121E+00 -0.12575381E-02 0.1022E-11      8
  992   15     0     -73      0     73  0.69499469E+00 -0.12484108E-02 0.1587E-11      7
  993   15     0     -72      0     72  0.70410152E+00 -0.12120954E-02 0.7187E-12      8
  994   15     0     -71      0     71  0.71302288E+00 -0.11398097E-02 0.3690E-12      7
  995   15     0     -70      0     70  0.72159511E+00 -0.10695707E-02 0.1682E-11      9
  996   15     0     -69      0     69  0.73020355E+00 -0.10830387E-02 0.4423E-12      7
  997   15     0     -68      0     68  0.73950488E+00 -0.11316963E-02 0.9301E-12      8
  998   15     0     -67      0     67  0.74957851E+00 -0.11440348E-02 0.9468E-12      6
  999   15     0     -67      0     67  0.76024350E+00 -0.11180904E-02 0.7059E-12      7
 1000   15     0     -66      0     66  0.77138165E+00 -0.10652648E-02 0.1054E-11      9
 1001   15     0     -65      0     65  0.78294478E+00 -0.99371771E-03 0.1281E-11      7
 1002   15     0     -64      0     64  0.79492132E+00 -0.91008012E-03 0.2146E-11      7
 1003   15     0     -63      0     63  0.80731540E+00 -0.82064276E-03 0.2208E-11      7
 1004   15     0     -62      0     62  0.82013614E+00 -0.73068756E-03 0.5166E-12      7
 1005   15     0     -61      0     61  0.83339275E+00 -0.64375848E-03 0.3262E-11      6
 1006   15     0     -60      0     60  0.84709395E+00 -0.56191181E-03 0.1452E-11      7
 1007   15     0     -59      0     59  0.86124527E+00 -0.48640043E-03 0.3017E-11      6
 1008   15     0     -58      0     58  0.87584420E+00 -0.41787054E-03 0.1901E-11      5
 1009   15     0     -57      0     57  0.89087063E+00 -0.35638657E-03 0.1487E-11      6
 1010   15     0     -56      0     56  0.90626995E+00 -0.30128177E-03 0.1610E-11      6
 1011   15     0     -55      0     55  0.92191737E+00 -0.25134081E-03 0.7194E-11      6
 1012   15     0     -54      0     54  0.93755544E+00 -0.20552137E-03 0.1514E-11      7
 1013   15     0     -53      0     53  0.95284392E+00 -0.16648509E-03 0.6304E-11      6
 1014   15     0     -52      0     52  0.96798650E+00 -0.14247725E-03 0.1247E-10      8
 1015   15     0     -51      0     51  0.98407960E+00 -0.12965548E-03 0.1210E-11      5
 1016   15     0     -50      0     50  0.10017281E+01 -0.11663809E-03 0.1557E-10      7
 1017   15     0     -49      0     49  0.10207647E+01 -0.10235981E-03 0.8381E-11      6
 1018   15     0     -48      0     48  0.10409544E+01 -0.88707131E-04 0.1289E-10      7
 1019   15     0     -47      0     47  0.10621797E+01 -0.76428310E-04 0.2351E-10      6
 1020   15     0     -46      0     46  0.10844059E+01 -0.65531880E-04 0.3004E-10      6
 1021   15     0     -45      0     45  0.11076451E+01 -0.55864067E-04 0.1615E-10      7
 1022   15     0     -44      0     44  0.11319355E+01 -0.47307975E-04 0.8781E-11      6
 1023   15     0     -43      0     43  0.11573290E+01 -0.39801523E-04 0.4159E-11      5
 1024   15     0     -42      0     42  0.11838853E+01 -0.33307746E-04 0.2667E-10      5
 1025   15     0     -41      0     41  0.12116672E+01 -0.27793475E-04 0.3520E-10      5
 1026   15     0     -40      0     40  0.12407306E+01 -0.23189389E-04 0.1711E-10      5
 1027   15     0     -39      0     39  0.12711224E+01 -0.19366175E-04 0.3438E-10      4
 1028   15     0     -38      0     38  0.13028864E+01 -0.16150585E-04 0.8837E-10      6
 1029   15     0     -37      0     37  0.13360820E+01 -0.13376041E-04 0.1590E-09      5
 1030   15     0     -36      0     36  0.13707948E+01 -0.10951965E-04 0.1775E-09      5
 1031   15     0     -35      0     35  0.14071055E+01 -0.88718466E-05 0.1668E-09      7
 1032   15     0     -34      0     34  0.14450082E+01 -0.71349285E-05 0.1952E-09      4
 1033   15     0     -32      0     32  0.14843297E+01 -0.56793154E-05 0.2668E-09      5
 1034   15     0     -31      0     31  0.15246220E+01 -0.44065893E-05 0.4808E-09      6
 1035   15     0     -30      0     30  0.15649106E+01 -0.32693359E-05 0.7244E-09      7
 1036   15     0     -29      0     29  0.16040741E+01 -0.23984571E-05 0.5884E-09      6
  Time elapsed :      3.575 s

=== adiabatic (summary_ad_wide.h5, windows from gyre_ad_wide.in) ===
684 modes total, 16 l values requested

  l  count     n_pg range       freq range (c/d)   gaps
--------------------------------------------------------
  0     20      1 ..   20     18.798 ..  138.183      0
  1     35    -15 ..   20      1.558 ..  141.301      0
  2     41    -20 ..   20      2.036 ..  144.151      0
  3     41    -20 ..   20      2.868 ..  146.783      0
  4     46    -25 ..   20      2.975 ..  149.191      0
  5     51    -30 ..   20      3.099 ..  151.433      0
  6     57    -36 ..   20      3.072 ..  153.558      0
  7     29    -42 ..  -14      3.035 ..    8.285      0
  8     32    -47 ..  -16      3.075 ..    8.242      0
  9     36    -53 ..  -18      3.082 ..    8.214      0
 10     40    -59 ..  -20      3.060 ..    8.193      0
 11     43    -64 ..  -22      3.090 ..    8.173      0
 12     48    -70 ..  -23      3.095 ..    8.460      0
 13     51    -75 ..  -25      3.122 ..    8.426      0
 14     55    -81 ..  -27      3.101 ..    8.417      0
 15     59    -87 ..  -29      3.093 ..    8.466      0

684 detail files, 7260 grid points in detail.l15.n-79.h5
dlnrho/dlnr from (As, V_2, Gamma_1) vs numerical
  median rel err 2.77e-07, 95th pct 1.57e-04

=== nonadiabatic (summary_nad_wide.h5) ===

73 driven modes (gamma < 0) of 676
  driven n_pg range -5 .. 8,  freq 11.80 .. 59.71 c/d
  mostly p-modes, as expected for the kappa mechanism
  damping rates (dimensionless): 2.429e-11 .. 8.058e-02
  gamma covers 676 of 684 adiabatic modes (4 duplicate n_pg labels in the nad summary, harmless)
    no gamma: l =  4  n_pg =   -25  2.9749 c/d
    no gamma: l =  5  n_pg =   -30  3.0992 c/d
    no gamma: l =  6  n_pg =   -36  3.0718 c/d
    no gamma: l =  7  n_pg =   -42  3.0347 c/d
    no gamma: l =  8  n_pg =   -47  3.0747 c/d
    no gamma: l =  9  n_pg =   -53  3.0821 c/d
    no gamma: l = 10  n_pg =   -59  3.0597 c/d
    no gamma: l = 11  n_pg =   -64  3.0896 c/d
  pass require_gamma=True to build_mode_list to drop these

OK
nas-1-16:/users/home2/txr7972   24T   17T  6.0T  74% /net/nas-1-16/users/home2/txr7972

--- [dsct_M1.7_T7750] GYRE wide net pass 2 (l = 16-25)
gyre [9.1.1]
------------

OpenMP Threads   : 16
Input filename   : gyre_ad_wide_hi.in

Model Init
----------

Reading from MESA file
   File name ../mesa/LOGS/profile269.data.GYRE
   File version 1.01
   Read 7220 points
   No need to add central point

Mode Search
-----------

Mode parameters
   l : 16
   m : 0

Building frequency grid (REAL axis)
   added scan interval :  0.5210E+00 ->  0.2105E+01 (3000 points, INVERSE)

Building spatial grid
   Scaffold grid from model
   Split 17 subinterval(s) in iteration 1
   Split 25 subinterval(s) in iteration 2
   Split 0 subinterval(s) in iteration 3
   Final grid has 1 segment(s) and 7262 point(s):
      Segment 1 : x range 0.0000 -> 1.0009 (1 -> 7262)

Starting search (adiabatic)

Scanning frequencies
  Time elapsed :     1.702 s

Finding roots
  Time elapsed :      0.191 s

Processing modes
   id    l     m    n_pg    n_p    n_g       Re(omega)       Im(omega)        chi n_iter
   13   16     0     -92      0     92  0.59093801E+00  0.00000000E+00 0.7741E-12      6
   14   16     0     -91      0     91  0.59737507E+00  0.00000000E+00 0.2676E-12      6
   15   16     0     -90      0     90  0.60384869E+00  0.00000000E+00 0.1442E-13      6
   16   16     0     -89      0     89  0.61027743E+00  0.00000000E+00 0.1812E-12      6
   17   16     0     -88      0     88  0.61656734E+00  0.00000000E+00 0.2328E-12      6
   18   16     0     -87      0     87  0.62276436E+00  0.00000000E+00 0.4986E-12      5
   19   16     0     -86      0     86  0.62915864E+00  0.00000000E+00 0.2433E-12      5
   20   16     0     -85      0     85  0.63597232E+00  0.00000000E+00 0.1786E-12      5
   21   16     0     -84      0     84  0.64319225E+00  0.00000000E+00 0.8423E-14      5
   22   16     0     -83      0     83  0.65073778E+00  0.00000000E+00 0.1648E-12      5
   23   16     0     -82      0     82  0.65855243E+00  0.00000000E+00 0.1891E-12      5
   24   16     0     -81      0     81  0.66660621E+00  0.00000000E+00 0.6374E-12      5
   25   16     0     -80      0     80  0.67488444E+00  0.00000000E+00 0.5345E-12      5
   26   16     0     -79      0     79  0.68338013E+00  0.00000000E+00 0.3720E-14      5
   27   16     0     -78      0     78  0.69208911E+00  0.00000000E+00 0.1613E-12      5
   28   16     0     -77      0     77  0.70100713E+00  0.00000000E+00 0.4412E-12      5
   29   16     0     -76      0     76  0.71012711E+00  0.00000000E+00 0.7475E-12      5
   30   16     0     -75      0     75  0.71943398E+00  0.00000000E+00 0.2242E-13      5
   31   16     0     -74      0     74  0.72889473E+00  0.00000000E+00 0.9830E-14      6
   32   16     0     -73      0     73  0.73843753E+00  0.00000000E+00 0.2741E-12      6
   33   16     0     -72      0     72  0.74791212E+00  0.00000000E+00 0.1305E-12      5
   34   16     0     -71      0     71  0.75708927E+00  0.00000000E+00 0.3207E-13      6
   35   16     0     -70      0     70  0.76599785E+00  0.00000000E+00 0.1301E-12      5
   36   16     0     -69      0     69  0.77528686E+00  0.00000000E+00 0.1319E-12      5
   37   16     0     -68      0     68  0.78539835E+00  0.00000000E+00 0.1796E-12      6
   38   16     0     -67      0     67  0.79622561E+00  0.00000000E+00 0.3087E-12      5
   39   16     0     -66      0     66  0.80759563E+00  0.00000000E+00 0.6951E-12      5
   40   16     0     -65      0     65  0.81941986E+00  0.00000000E+00 0.1548E-12      5
   41   16     0     -64      0     64  0.83166748E+00  0.00000000E+00 0.1274E-12      5
   42   16     0     -63      0     63  0.84433603E+00  0.00000000E+00 0.2877E-12      5
   43   16     0     -62      0     62  0.85743515E+00  0.00000000E+00 0.2120E-13      5
   44   16     0     -61      0     61  0.87097790E+00  0.00000000E+00 0.1426E-12      5
   45   16     0     -60      0     60  0.88497629E+00  0.00000000E+00 0.1514E-12      5
   46   16     0     -59      0     59  0.89944019E+00  0.00000000E+00 0.1979E-13      5
   47   16     0     -58      0     58  0.91437503E+00  0.00000000E+00 0.5481E-12      5
   48   16     0     -57      0     57  0.92977611E+00  0.00000000E+00 0.1068E-12      5
   49   16     0     -56      0     56  0.94561811E+00  0.00000000E+00 0.8213E-13      5
   50   16     0     -55      0     55  0.96183604E+00  0.00000000E+00 0.1439E-12      6
   51   16     0     -54      0     54  0.97828444E+00  0.00000000E+00 0.3480E-12      5
   52   16     0     -53      0     53  0.99467574E+00  0.00000000E+00 0.7157E-13      6
   53   16     0     -52      0     52  0.10106838E+01  0.00000000E+00 0.1633E-13      5
   54   16     0     -51      0     51  0.10266601E+01  0.00000000E+00 0.2648E-12      5
   55   16     0     -50      0     50  0.10437574E+01  0.00000000E+00 0.1264E-12      5
   56   16     0     -49      0     49  0.10624677E+01  0.00000000E+00 0.9113E-13      5
   57   16     0     -48      0     48  0.10825819E+01  0.00000000E+00 0.2809E-12      6
   58   16     0     -47      0     47  0.11038702E+01  0.00000000E+00 0.2907E-12      6
   59   16     0     -46      0     46  0.11262224E+01  0.00000000E+00 0.2484E-12      5
   60   16     0     -45      0     45  0.11496086E+01  0.00000000E+00 0.5973E-13      5
   61   16     0     -44      0     44  0.11740444E+01  0.00000000E+00 0.1993E-12      5
   62   16     0     -43      0     43  0.11995702E+01  0.00000000E+00 0.1440E-12      5
   63   16     0     -42      0     42  0.12262397E+01  0.00000000E+00 0.7291E-13      5
   64   16     0     -41      0     41  0.12541137E+01  0.00000000E+00 0.3368E-12      5
   65   16     0     -40      0     40  0.12832542E+01  0.00000000E+00 0.1697E-12      5
   66   16     0     -39      0     39  0.13137138E+01  0.00000000E+00 0.1777E-13      5
   67   16     0     -38      0     38  0.13455347E+01  0.00000000E+00 0.2083E-13      5
   68   16     0     -37      0     37  0.13787599E+01  0.00000000E+00 0.1901E-12      5
   69   16     0     -36      0     36  0.14134560E+01  0.00000000E+00 0.7677E-13      5
   70   16     0     -35      0     35  0.14497168E+01  0.00000000E+00 0.2938E-13      5
   71   16     0     -34      0     34  0.14876198E+01  0.00000000E+00 0.5692E-13      5
   72   16     0     -33      0     33  0.15271455E+01  0.00000000E+00 0.7196E-13      6
   73   16     0     -32      0     32  0.15681210E+01  0.00000000E+00 0.5976E-13      5
   74   16     0     -31      0     31  0.16101481E+01  0.00000000E+00 0.4918E-13      6
  Time elapsed :      2.570 s

Mode Search
-----------

Mode parameters
   l : 17
   m : 0

Building frequency grid (REAL axis)
   added scan interval :  0.5210E+00 ->  0.2105E+01 (3000 points, INVERSE)

Building spatial grid
   Scaffold grid from model
   Split 17 subinterval(s) in iteration 1
   Split 26 subinterval(s) in iteration 2
   Split 0 subinterval(s) in iteration 3
   Final grid has 1 segment(s) and 7263 point(s):
      Segment 1 : x range 0.0000 -> 1.0009 (1 -> 7263)

Starting search (adiabatic)

Scanning frequencies
  Time elapsed :     1.783 s

Finding roots
  Time elapsed :      0.203 s

Processing modes
   id    l     m    n_pg    n_p    n_g       Re(omega)       Im(omega)        chi n_iter
   96   17     0     -98      0     98  0.58752446E+00  0.00000000E+00 0.3515E-14      5
   97   17     0     -97      0     97  0.59362794E+00  0.00000000E+00 0.7933E-12      5
   98   17     0     -96      0     96  0.59985794E+00  0.00000000E+00 0.6487E-12      5
   99   17     0     -95      0     95  0.60621337E+00  0.00000000E+00 0.6561E-14      5
  100   17     0     -94      0     94  0.61269189E+00  0.00000000E+00 0.1982E-12      5
  101   17     0     -93      0     93  0.61928736E+00  0.00000000E+00 0.2489E-12      6
  102   17     0     -92      0     92  0.62598531E+00  0.00000000E+00 0.8041E-12      5
  103   17     0     -91      0     91  0.63275512E+00  0.00000000E+00 0.7749E-14      6
  104   17     0     -90      0     90  0.63953658E+00  0.00000000E+00 0.4774E-12      6
  105   17     0     -89      0     89  0.64623028E+00  0.00000000E+00 0.4227E-12      5
  106   17     0     -88      0     88  0.65276085E+00  0.00000000E+00 0.9176E-12      5
  107   17     0     -87      0     87  0.65927847E+00  0.00000000E+00 0.6266E-12      5
  108   17     0     -86      0     86  0.66611872E+00  0.00000000E+00 0.1764E-12      5
  109   17     0     -85      0     85  0.67341841E+00  0.00000000E+00 0.9915E-14      5
  110   17     0     -84      0     84  0.68111424E+00  0.00000000E+00 0.4177E-12      5
  111   17     0     -83      0     83  0.68912513E+00  0.00000000E+00 0.2061E-12      5
  112   17     0     -82      0     82  0.69740236E+00  0.00000000E+00 0.1160E-12      5
  113   17     0     -81      0     81  0.70592110E+00  0.00000000E+00 0.1805E-13      5
  114   17     0     -80      0     80  0.71466932E+00  0.00000000E+00 0.1781E-12      5
  115   17     0     -79      0     79  0.72364103E+00  0.00000000E+00 0.5278E-12      5
  116   17     0     -78      0     78  0.73283199E+00  0.00000000E+00 0.3365E-12      5
  117   17     0     -77      0     77  0.74223666E+00  0.00000000E+00 0.4723E-12      5
  118   17     0     -76      0     76  0.75184480E+00  0.00000000E+00 0.4344E-12      6
  119   17     0     -75      0     75  0.76163451E+00  0.00000000E+00 0.2954E-12      5
  120   17     0     -74      0     74  0.77155811E+00  0.00000000E+00 0.2853E-12      5
  121   17     0     -73      0     73  0.78151320E+00  0.00000000E+00 0.6593E-13      6
  122   17     0     -72      0     72  0.79130252E+00  0.00000000E+00 0.9788E-13      6
  123   17     0     -71      0     71  0.80073188E+00  0.00000000E+00 0.5427E-12      5
  124   17     0     -70      0     70  0.81011105E+00  0.00000000E+00 0.2850E-12      5
  125   17     0     -69      0     69  0.82015201E+00  0.00000000E+00 0.5106E-12      6
  126   17     0     -68      0     68  0.83103167E+00  0.00000000E+00 0.3366E-12      5
  127   17     0     -67      0     67  0.84256760E+00  0.00000000E+00 0.1469E-12      5
  128   17     0     -66      0     66  0.85461531E+00  0.00000000E+00 0.4721E-13      5
  129   17     0     -65      0     65  0.86711016E+00  0.00000000E+00 0.2726E-12      5
  130   17     0     -64      0     64  0.88003362E+00  0.00000000E+00 0.2807E-12      5
  131   17     0     -63      0     63  0.89338950E+00  0.00000000E+00 0.1370E-12      5
  132   17     0     -62      0     62  0.90719070E+00  0.00000000E+00 0.1127E-12      5
  133   17     0     -61      0     61  0.92145198E+00  0.00000000E+00 0.1945E-12      5
  134   17     0     -60      0     60  0.93618624E+00  0.00000000E+00 0.5244E-14      5
  135   17     0     -59      0     59  0.95140372E+00  0.00000000E+00 0.9307E-13      5
  136   17     0     -58      0     58  0.96710924E+00  0.00000000E+00 0.3222E-12      5
  137   17     0     -57      0     57  0.98329580E+00  0.00000000E+00 0.5862E-12      5
  138   17     0     -56      0     56  0.99993306E+00  0.00000000E+00 0.5816E-12      5
  139   17     0     -55      0     55  0.10169463E+01  0.00000000E+00 0.1089E-12      6
  140   17     0     -54      0     54  0.10341718E+01  0.00000000E+00 0.1007E-13      6
  141   17     0     -53      0     53  0.10512983E+01  0.00000000E+00 0.2876E-12      6
  142   17     0     -52      0     52  0.10680246E+01  0.00000000E+00 0.1350E-12      5
  143   17     0     -51      0     51  0.10848303E+01  0.00000000E+00 0.5724E-13      6
  144   17     0     -50      0     50  0.11028901E+01  0.00000000E+00 0.1506E-12      6
  145   17     0     -49      0     49  0.11226068E+01  0.00000000E+00 0.4705E-13      6
  146   17     0     -48      0     48  0.11437452E+01  0.00000000E+00 0.2604E-12      5
  147   17     0     -47      0     47  0.11660805E+01  0.00000000E+00 0.1083E-12      6
  148   17     0     -46      0     46  0.11895074E+01  0.00000000E+00 0.3365E-12      5
  149   17     0     -45      0     45  0.12139994E+01  0.00000000E+00 0.8167E-13      5
  150   17     0     -44      0     44  0.12395749E+01  0.00000000E+00 0.1286E-12      5
  151   17     0     -43      0     43  0.12662757E+01  0.00000000E+00 0.3011E-12      5
  152   17     0     -42      0     42  0.12941570E+01  0.00000000E+00 0.4023E-13      5
  153   17     0     -41      0     41  0.13232799E+01  0.00000000E+00 0.3837E-13      5
  154   17     0     -40      0     40  0.13537044E+01  0.00000000E+00 0.2589E-13      5
  155   17     0     -39      0     39  0.13854777E+01  0.00000000E+00 0.2518E-12      5
  156   17     0     -38      0     38  0.14186370E+01  0.00000000E+00 0.2223E-12      5
  157   17     0     -37      0     37  0.14532265E+01  0.00000000E+00 0.3421E-12      5
  158   17     0     -36      0     36  0.14893210E+01  0.00000000E+00 0.7562E-13      5
  159   17     0     -35      0     35  0.15270210E+01  0.00000000E+00 0.4392E-12      5
  160   17     0     -34      0     34  0.15663951E+01  0.00000000E+00 0.1996E-12      5
  161   17     0     -33      0     33  0.16074060E+01  0.00000000E+00 0.2241E-14      6
  Time elapsed :      2.641 s

Mode Search
-----------

Mode parameters
   l : 18
   m : 0

Building frequency grid (REAL axis)
   added scan interval :  0.5210E+00 ->  0.2105E+01 (3000 points, INVERSE)

Building spatial grid
   Scaffold grid from model
   Split 20 subinterval(s) in iteration 1
   Split 28 subinterval(s) in iteration 2
   Split 0 subinterval(s) in iteration 3
   Final grid has 1 segment(s) and 7268 point(s):
      Segment 1 : x range 0.0000 -> 1.0009 (1 -> 7268)

Starting search (adiabatic)

Scanning frequencies
  Time elapsed :     1.681 s

Finding roots
  Time elapsed :      0.206 s

Processing modes
   id    l     m    n_pg    n_p    n_g       Re(omega)       Im(omega)        chi n_iter
  184   18     0    -104      0    104  0.58484328E+00  0.00000000E+00 0.4600E-13      5
  185   18     0    -103      0    103  0.59035958E+00  0.00000000E+00 0.2211E-12      5
  186   18     0    -102      0    102  0.59606654E+00  0.00000000E+00 0.6013E-12      5
  187   18     0    -101      0    101  0.60193936E+00  0.00000000E+00 0.3381E-12      5
  188   18     0    -100      0    100  0.60796207E+00  0.00000000E+00 0.4091E-13      5
  189   18     0     -99      0     99  0.61412509E+00  0.00000000E+00 0.2526E-12      5
  190   18     0     -98      0     98  0.62042303E+00  0.00000000E+00 0.5457E-12      5
  191   18     0     -97      0     97  0.62685333E+00  0.00000000E+00 0.1637E-12      5
  192   18     0     -96      0     96  0.63341463E+00  0.00000000E+00 0.8965E-13      5
  193   18     0     -95      0     95  0.64010521E+00  0.00000000E+00 0.6327E-12      5
  194   18     0     -94      0     94  0.64692138E+00  0.00000000E+00 0.1961E-13      6
  195   18     0     -93      0     93  0.65385432E+00  0.00000000E+00 0.1566E-12      6
  196   18     0     -92      0     92  0.66088412E+00  0.00000000E+00 0.1085E-12      6
  197   18     0     -91      0     91  0.66796943E+00  0.00000000E+00 0.4209E-12      6
  198   18     0     -90      0     90  0.67503158E+00  0.00000000E+00 0.2324E-12      6
  199   18     0     -89      0     89  0.68195786E+00  0.00000000E+00 0.2280E-12      6
  200   18     0     -88      0     88  0.68872814E+00  0.00000000E+00 0.8106E-12      5
  201   18     0     -87      0     87  0.69561255E+00  0.00000000E+00 0.1884E-13      5
  202   18     0     -86      0     86  0.70292699E+00  0.00000000E+00 0.2217E-12      5
  203   18     0     -85      0     85  0.71071106E+00  0.00000000E+00 0.6553E-13      5
  204   18     0     -84      0     84  0.71887413E+00  0.00000000E+00 0.2232E-12      5
  205   18     0     -83      0     83  0.72734205E+00  0.00000000E+00 0.5270E-12      5
  206   18     0     -82      0     82  0.73607421E+00  0.00000000E+00 0.1959E-12      5
  207   18     0     -81      0     81  0.74505042E+00  0.00000000E+00 0.7445E-12      5
  208   18     0     -80      0     80  0.75426083E+00  0.00000000E+00 0.2041E-12      5
  209   18     0     -79      0     79  0.76370016E+00  0.00000000E+00 0.1150E-12      5
  210   18     0     -78      0     78  0.77336370E+00  0.00000000E+00 0.4190E-12      5
  211   18     0     -77      0     77  0.78324404E+00  0.00000000E+00 0.2400E-12      5
  212   18     0     -76      0     76  0.79332670E+00  0.00000000E+00 0.1848E-12      5
  213   18     0     -75      0     75  0.80358065E+00  0.00000000E+00 0.2628E-12      6
  214   18     0     -74      0     74  0.81393889E+00  0.00000000E+00 0.1800E-12      6
  215   18     0     -73      0     73  0.82426167E+00  0.00000000E+00 0.1302E-12      5
  216   18     0     -72      0     72  0.83431851E+00  0.00000000E+00 0.1094E-13      6
  217   18     0     -71      0     71  0.84404621E+00  0.00000000E+00 0.3113E-12      5
  218   18     0     -70      0     70  0.85402125E+00  0.00000000E+00 0.7294E-13      5
  219   18     0     -69      0     69  0.86482443E+00  0.00000000E+00 0.1407E-12      6
  220   18     0     -68      0     68  0.87642653E+00  0.00000000E+00 0.2904E-12      5
  221   18     0     -67      0     67  0.88863534E+00  0.00000000E+00 0.6063E-12      5
  222   18     0     -66      0     66  0.90133600E+00  0.00000000E+00 0.1875E-12      5
  223   18     0     -65      0     65  0.91448183E+00  0.00000000E+00 0.2201E-12      5
  224   18     0     -64      0     64  0.92806344E+00  0.00000000E+00 0.3815E-13      5
  225   18     0     -63      0     63  0.94208938E+00  0.00000000E+00 0.2328E-13      5
  226   18     0     -62      0     62  0.95657512E+00  0.00000000E+00 0.2086E-13      5
  227   18     0     -61      0     61  0.97153668E+00  0.00000000E+00 0.6014E-13      5
  228   18     0     -60      0     60  0.98698771E+00  0.00000000E+00 0.3951E-13      5
  229   18     0     -59      0     59  0.10029387E+01  0.00000000E+00 0.9388E-14      5
  230   18     0     -58      0     58  0.10193939E+01  0.00000000E+00 0.6958E-12      5
  231   18     0     -57      0     57  0.10363438E+01  0.00000000E+00 0.1637E-12      5
  232   18     0     -56      0     56  0.10537533E+01  0.00000000E+00 0.3942E-12      5
  233   18     0     -55      0     55  0.10715388E+01  0.00000000E+00 0.5549E-12      6
  234   18     0     -54      0     54  0.10895203E+01  0.00000000E+00 0.1186E-13      6
  235   18     0     -53      0     53  0.11073678E+01  0.00000000E+00 0.2810E-12      6
  236   18     0     -52      0     52  0.11248080E+01  0.00000000E+00 0.2866E-12      5
  237   18     0     -51      0     51  0.11424253E+01  0.00000000E+00 0.5330E-12      5
  238   18     0     -50      0     50  0.11614013E+01  0.00000000E+00 0.3538E-12      6
  239   18     0     -49      0     49  0.11820726E+01  0.00000000E+00 0.4944E-13      6
  240   18     0     -48      0     48  0.12041864E+01  0.00000000E+00 0.5272E-13      5
  241   18     0     -47      0     47  0.12275204E+01  0.00000000E+00 0.2513E-12      5
  242   18     0     -46      0     46  0.12519723E+01  0.00000000E+00 0.1843E-12      5
  243   18     0     -45      0     45  0.12775183E+01  0.00000000E+00 0.3617E-13      5
  244   18     0     -44      0     44  0.13041782E+01  0.00000000E+00 0.4065E-13      5
  245   18     0     -43      0     43  0.13319954E+01  0.00000000E+00 0.2325E-12      5
  246   18     0     -42      0     42  0.13610256E+01  0.00000000E+00 0.2861E-12      5
  247   18     0     -41      0     41  0.13913296E+01  0.00000000E+00 0.6792E-13      5
  248   18     0     -40      0     40  0.14229635E+01  0.00000000E+00 0.2262E-13      5
  249   18     0     -39      0     39  0.14559675E+01  0.00000000E+00 0.1795E-12      5
  250   18     0     -38      0     38  0.14903743E+01  0.00000000E+00 0.5302E-13      5
  251   18     0     -37      0     37  0.15262311E+01  0.00000000E+00 0.5217E-13      5
  252   18     0     -36      0     36  0.15636229E+01  0.00000000E+00 0.3120E-12      5
  253   18     0     -35      0     35  0.16026527E+01  0.00000000E+00 0.2464E-12      5
  Time elapsed :      2.861 s

Mode Search
-----------

Mode parameters
   l : 19
   m : 0

Building frequency grid (REAL axis)
   added scan interval :  0.5210E+00 ->  0.2105E+01 (3000 points, INVERSE)

Building spatial grid
   Scaffold grid from model
   Split 21 subinterval(s) in iteration 1
   Split 28 subinterval(s) in iteration 2
   Split 0 subinterval(s) in iteration 3
   Final grid has 1 segment(s) and 7269 point(s):
      Segment 1 : x range 0.0000 -> 1.0009 (1 -> 7269)

Starting search (adiabatic)

Scanning frequencies
  Time elapsed :     1.691 s

Finding roots
  Time elapsed :      0.225 s

Processing modes
   id    l     m    n_pg    n_p    n_g       Re(omega)       Im(omega)        chi n_iter
  278   19     0    -109      0    109  0.58963607E+00  0.00000000E+00 0.4761E-12      6
  279   19     0    -108      0    108  0.59468319E+00  0.00000000E+00 0.2999E-12      6
  280   19     0    -107      0    107  0.59971024E+00  0.00000000E+00 0.6091E-13      5
  281   19     0    -106      0    106  0.60483642E+00  0.00000000E+00 0.3149E-12      5
  282   19     0    -105      0    105  0.61018018E+00  0.00000000E+00 0.2834E-13      5
  283   19     0    -104      0    104  0.61577312E+00  0.00000000E+00 0.3855E-12      5
  284   19     0    -103      0    103  0.62159083E+00  0.00000000E+00 0.1018E-12      5
  285   19     0    -102      0    102  0.62760114E+00  0.00000000E+00 0.4253E-12      5
  286   19     0    -101      0    101  0.63378013E+00  0.00000000E+00 0.2522E-12      4
  287   19     0    -100      0    100  0.64011269E+00  0.00000000E+00 0.3037E-12      5
  288   19     0     -99      0     99  0.64658970E+00  0.00000000E+00 0.2136E-13      5
  289   19     0     -98      0     98  0.65320598E+00  0.00000000E+00 0.1400E-11      5
  290   19     0     -97      0     97  0.65995891E+00  0.00000000E+00 0.5243E-13      5
  291   19     0     -96      0     96  0.66684675E+00  0.00000000E+00 0.3276E-12      6
  292   19     0     -95      0     95  0.67386684E+00  0.00000000E+00 0.1586E-12      5
  293   19     0     -94      0     94  0.68101366E+00  0.00000000E+00 0.1274E-12      5
  294   19     0     -93      0     93  0.68827470E+00  0.00000000E+00 0.6914E-12      6
  295   19     0     -92      0     92  0.69562258E+00  0.00000000E+00 0.9131E-13      6
  296   19     0     -91      0     91  0.70300157E+00  0.00000000E+00 0.5060E-12      6
  297   19     0     -90      0     90  0.71031165E+00  0.00000000E+00 0.5053E-13      5
  298   19     0     -89      0     89  0.71744310E+00  0.00000000E+00 0.4829E-13      5
  299   19     0     -88      0     88  0.72447847E+00  0.00000000E+00 0.3828E-12      5
  300   19     0     -87      0     87  0.73178237E+00  0.00000000E+00 0.4412E-12      5
  301   19     0     -86      0     86  0.73958526E+00  0.00000000E+00 0.1957E-13      5
  302   19     0     -85      0     85  0.74784554E+00  0.00000000E+00 0.1036E-12      5
  303   19     0     -84      0     84  0.75646556E+00  0.00000000E+00 0.4351E-12      5
  304   19     0     -83      0     83  0.76538159E+00  0.00000000E+00 0.6515E-13      5
  305   19     0     -82      0     82  0.77456060E+00  0.00000000E+00 0.3954E-12      5
  306   19     0     -81      0     81  0.78398636E+00  0.00000000E+00 0.9425E-13      5
  307   19     0     -80      0     80  0.79365076E+00  0.00000000E+00 0.7400E-13      5
  308   19     0     -79      0     79  0.80354885E+00  0.00000000E+00 0.6770E-13      5
  309   19     0     -78      0     78  0.81367503E+00  0.00000000E+00 0.6693E-13      6
  310   19     0     -77      0     77  0.82401938E+00  0.00000000E+00 0.1713E-12      6
  311   19     0     -76      0     76  0.83456186E+00  0.00000000E+00 0.1420E-12      6
  312   19     0     -75      0     75  0.84525971E+00  0.00000000E+00 0.9307E-13      6
  313   19     0     -74      0     74  0.85602164E+00  0.00000000E+00 0.4607E-13      6
  314   19     0     -73      0     73  0.86666781E+00  0.00000000E+00 0.5101E-15      6
  315   19     0     -72      0     72  0.87697277E+00  0.00000000E+00 0.2239E-12      6
  316   19     0     -71      0     71  0.88708992E+00  0.00000000E+00 0.1776E-12      5
  317   19     0     -70      0     70  0.89773920E+00  0.00000000E+00 0.1487E-12      6
  318   19     0     -69      0     69  0.90927659E+00  0.00000000E+00 0.1326E-12      5
  319   19     0     -68      0     68  0.92155805E+00  0.00000000E+00 0.2872E-12      5
  320   19     0     -67      0     67  0.93440960E+00  0.00000000E+00 0.3078E-12      5
  321   19     0     -66      0     66  0.94774107E+00  0.00000000E+00 0.6486E-12      5
  322   19     0     -65      0     65  0.96151915E+00  0.00000000E+00 0.9817E-13      5
  323   19     0     -64      0     64  0.97574133E+00  0.00000000E+00 0.1142E-12      5
  324   19     0     -63      0     63  0.99041986E+00  0.00000000E+00 0.1271E-14      5
  325   19     0     -62      0     62  0.10055722E+01  0.00000000E+00 0.1133E-12      5
  326   19     0     -61      0     61  0.10212153E+01  0.00000000E+00 0.3102E-12      5
  327   19     0     -60      0     60  0.10373634E+01  0.00000000E+00 0.9179E-13      5
  328   19     0     -59      0     59  0.10540275E+01  0.00000000E+00 0.1043E-12      5
  329   19     0     -58      0     58  0.10712107E+01  0.00000000E+00 0.9628E-13      5
  330   19     0     -57      0     57  0.10889015E+01  0.00000000E+00 0.2385E-13      6
  331   19     0     -56      0     56  0.11070602E+01  0.00000000E+00 0.8393E-13      5
  332   19     0     -55      0     55  0.11255955E+01  0.00000000E+00 0.1569E-12      6
  333   19     0     -54      0     54  0.11443138E+01  0.00000000E+00 0.9808E-14      6
  334   19     0     -53      0     53  0.11628706E+01  0.00000000E+00 0.3862E-13      6
  335   19     0     -52      0     52  0.11810184E+01  0.00000000E+00 0.2870E-12      5
  336   19     0     -51      0     51  0.11994215E+01  0.00000000E+00 0.1718E-12      5
  337   19     0     -50      0     50  0.12192641E+01  0.00000000E+00 0.2083E-12      6
  338   19     0     -49      0     49  0.12408375E+01  0.00000000E+00 0.5794E-15      5
  339   19     0     -48      0     48  0.12638770E+01  0.00000000E+00 0.2038E-12      6
  340   19     0     -47      0     47  0.12881604E+01  0.00000000E+00 0.2597E-12      6
  341   19     0     -46      0     46  0.13135865E+01  0.00000000E+00 0.1935E-12      6
  342   19     0     -45      0     45  0.13401331E+01  0.00000000E+00 0.2004E-12      5
  343   19     0     -44      0     44  0.13678212E+01  0.00000000E+00 0.6728E-12      5
  344   19     0     -43      0     43  0.13966948E+01  0.00000000E+00 0.2119E-12      5
  345   19     0     -42      0     42  0.14268100E+01  0.00000000E+00 0.1116E-12      5
  346   19     0     -41      0     41  0.14582259E+01  0.00000000E+00 0.3026E-12      5
  347   19     0     -40      0     40  0.14909925E+01  0.00000000E+00 0.6629E-13      5
  348   19     0     -39      0     39  0.15251420E+01  0.00000000E+00 0.6488E-15      5
  349   19     0     -38      0     38  0.15607037E+01  0.00000000E+00 0.7275E-13      5
  350   19     0     -37      0     37  0.15977308E+01  0.00000000E+00 0.9836E-13      5
  351   19     0     -36      0     36  0.16363186E+01  0.00000000E+00 0.1592E-12      5
  Time elapsed :      3.023 s

Mode Search
-----------

Mode parameters
   l : 20
   m : 0

Building frequency grid (REAL axis)
   added scan interval :  0.5210E+00 ->  0.2105E+01 (3000 points, INVERSE)

Building spatial grid
   Scaffold grid from model
   Split 24 subinterval(s) in iteration 1
   Split 29 subinterval(s) in iteration 2
   Split 0 subinterval(s) in iteration 3
   Final grid has 1 segment(s) and 7273 point(s):
      Segment 1 : x range 0.0000 -> 1.0009 (1 -> 7273)

Starting search (adiabatic)

Scanning frequencies
  Time elapsed :     1.779 s

Finding roots
  Time elapsed :      0.244 s

Processing modes
   id    l     m    n_pg    n_p    n_g       Re(omega)       Im(omega)        chi n_iter
  377   20     0    -115      0    115  0.58749214E+00  0.00000000E+00 0.6539E-12      5
  378   20     0    -114      0    114  0.59266462E+00  0.00000000E+00 0.6287E-12      6
  379   20     0    -113      0    113  0.59790320E+00  0.00000000E+00 0.2670E-12      6
  380   20     0    -112      0    112  0.60319690E+00  0.00000000E+00 0.3236E-12      6
  381   20     0    -111      0    111  0.60852780E+00  0.00000000E+00 0.1701E-12      5
  382   20     0    -110      0    110  0.61386687E+00  0.00000000E+00 0.3251E-12      6
  383   20     0    -109      0    109  0.61917519E+00  0.00000000E+00 0.2755E-13      6
  384   20     0    -108      0    108  0.62442978E+00  0.00000000E+00 0.2560E-12      5
  385   20     0    -107      0    107  0.62968416E+00  0.00000000E+00 0.1004E-11      5
  386   20     0    -106      0    106  0.63507532E+00  0.00000000E+00 0.2846E-12      5
  387   20     0    -105      0    105  0.64070947E+00  0.00000000E+00 0.6482E-13      5
  388   20     0    -104      0    104  0.64660041E+00  0.00000000E+00 0.1928E-12      5
  389   20     0    -103      0    103  0.65271747E+00  0.00000000E+00 0.6603E-13      5
  390   20     0    -102      0    102  0.65902849E+00  0.00000000E+00 0.5392E-12      5
  391   20     0    -101      0    101  0.66551068E+00  0.00000000E+00 0.2117E-12      5
  392   20     0    -100      0    100  0.67214977E+00  0.00000000E+00 0.4676E-12      5
  393   20     0     -99      0     99  0.67893713E+00  0.00000000E+00 0.3842E-13      5
  394   20     0     -98      0     98  0.68586771E+00  0.00000000E+00 0.8674E-13      5
  395   20     0     -97      0     97  0.69293873E+00  0.00000000E+00 0.9059E-13      5
  396   20     0     -96      0     96  0.70014786E+00  0.00000000E+00 0.3643E-12      6
  397   20     0     -95      0     95  0.70749116E+00  0.00000000E+00 0.2741E-12      6
  398   20     0     -94      0     94  0.71496056E+00  0.00000000E+00 0.7630E-14      5
  399   20     0     -93      0     93  0.72253846E+00  0.00000000E+00 0.4618E-12      6
  400   20     0     -92      0     92  0.73018729E+00  0.00000000E+00 0.2389E-12      6
  401   20     0     -91      0     91  0.73783263E+00  0.00000000E+00 0.8350E-13      5
  402   20     0     -90      0     90  0.74535434E+00  0.00000000E+00 0.5914E-12      6
  403   20     0     -89      0     89  0.75268035E+00  0.00000000E+00 0.3835E-13      6
  404   20     0     -88      0     88  0.76003325E+00  0.00000000E+00 0.6148E-13      5
  405   20     0     -87      0     87  0.76780052E+00  0.00000000E+00 0.1885E-12      5
  406   20     0     -86      0     86  0.77609181E+00  0.00000000E+00 0.2140E-12      5
  407   20     0     -85      0     85  0.78481609E+00  0.00000000E+00 0.4752E-13      5
  408   20     0     -84      0     84  0.79388198E+00  0.00000000E+00 0.3568E-12      5
  409   20     0     -83      0     83  0.80323687E+00  0.00000000E+00 0.2155E-12      5
  410   20     0     -82      0     82  0.81285432E+00  0.00000000E+00 0.2843E-12      5
  411   20     0     -81      0     81  0.82272136E+00  0.00000000E+00 0.3192E-12      5
  412   20     0     -80      0     80  0.83283118E+00  0.00000000E+00 0.2268E-12      5
  413   20     0     -79      0     79  0.84317878E+00  0.00000000E+00 0.1427E-13      6
  414   20     0     -78      0     78  0.85375723E+00  0.00000000E+00 0.2331E-12      5
  415   20     0     -77      0     77  0.86455335E+00  0.00000000E+00 0.3377E-12      6
  416   20     0     -76      0     76  0.87554013E+00  0.00000000E+00 0.3065E-12      6
  417   20     0     -75      0     75  0.88666020E+00  0.00000000E+00 0.3567E-12      6
  418   20     0     -74      0     74  0.89779368E+00  0.00000000E+00 0.3852E-12      6
  419   20     0     -73      0     73  0.90872628E+00  0.00000000E+00 0.7687E-13      6
  420   20     0     -72      0     72  0.91929703E+00  0.00000000E+00 0.2479E-12      6
  421   20     0     -71      0     71  0.92990273E+00  0.00000000E+00 0.7924E-12      5
  422   20     0     -70      0     70  0.94125076E+00  0.00000000E+00 0.2537E-13      6
  423   20     0     -69      0     69  0.95348107E+00  0.00000000E+00 0.1784E-12      6
  424   20     0     -68      0     68  0.96640479E+00  0.00000000E+00 0.5230E-12      5
  425   20     0     -67      0     67  0.97987309E+00  0.00000000E+00 0.1257E-12      5
  426   20     0     -66      0     66  0.99381497E+00  0.00000000E+00 0.4193E-13      5
  427   20     0     -65      0     65  0.10082071E+01  0.00000000E+00 0.4520E-13      5
  428   20     0     -64      0     64  0.10230522E+01  0.00000000E+00 0.2228E-12      5
  429   20     0     -63      0     63  0.10383656E+01  0.00000000E+00 0.1712E-12      5
  430   20     0     -62      0     62  0.10541661E+01  0.00000000E+00 0.1100E-12      5
  431   20     0     -61      0     61  0.10704715E+01  0.00000000E+00 0.4930E-13      5
  432   20     0     -60      0     60  0.10872967E+01  0.00000000E+00 0.7357E-13      5
  433   20     0     -59      0     59  0.11046527E+01  0.00000000E+00 0.1024E-12      5
  434   20     0     -58      0     58  0.11225420E+01  0.00000000E+00 0.5901E-12      5
  435   20     0     -57      0     57  0.11409509E+01  0.00000000E+00 0.8107E-13      6
  436   20     0     -56      0     56  0.11598358E+01  0.00000000E+00 0.1078E-12      5
  437   20     0     -55      0     55  0.11790988E+01  0.00000000E+00 0.1117E-12      6
  438   20     0     -54      0     54  0.11985362E+01  0.00000000E+00 0.3595E-12      5
  439   20     0     -53      0     53  0.12177927E+01  0.00000000E+00 0.3233E-14      6
  440   20     0     -52      0     52  0.12366397E+01  0.00000000E+00 0.1137E-12      5
  441   20     0     -51      0     51  0.12557970E+01  0.00000000E+00 0.1675E-12      5
  442   20     0     -50      0     50  0.12764538E+01  0.00000000E+00 0.1109E-12      6
  443   20     0     -49      0     49  0.12988762E+01  0.00000000E+00 0.1543E-12      6
  444   20     0     -48      0     48  0.13227907E+01  0.00000000E+00 0.2519E-12      6
  445   20     0     -47      0     47  0.13479727E+01  0.00000000E+00 0.2088E-13      5
  446   20     0     -46      0     46  0.13743211E+01  0.00000000E+00 0.1058E-12      6
  447   20     0     -45      0     45  0.14018141E+01  0.00000000E+00 0.3453E-12      5
  448   20     0     -44      0     44  0.14304730E+01  0.00000000E+00 0.2673E-12      5
  449   20     0     -43      0     43  0.14603423E+01  0.00000000E+00 0.3941E-12      5
  450   20     0     -42      0     42  0.14914776E+01  0.00000000E+00 0.7837E-13      5
  451   20     0     -41      0     41  0.15239349E+01  0.00000000E+00 0.8287E-13      5
  452   20     0     -40      0     40  0.15577555E+01  0.00000000E+00 0.1895E-12      5
  453   20     0     -39      0     39  0.15929634E+01  0.00000000E+00 0.9209E-13      5
  454   20     0     -38      0     38  0.16295865E+01  0.00000000E+00 0.5320E-13      5
  Time elapsed :      3.159 s

Mode Search
-----------

Mode parameters
   l : 21
   m : 0

Building frequency grid (REAL axis)
   added scan interval :  0.5210E+00 ->  0.2105E+01 (3000 points, INVERSE)

Building spatial grid
   Scaffold grid from model
   Split 26 subinterval(s) in iteration 1
   Split 30 subinterval(s) in iteration 2
   Split 0 subinterval(s) in iteration 3
   Final grid has 1 segment(s) and 7276 point(s):
      Segment 1 : x range 0.0000 -> 1.0009 (1 -> 7276)

Starting search (adiabatic)

Scanning frequencies
  Time elapsed :     1.671 s

Finding roots
  Time elapsed :      0.254 s

Processing modes
   id    l     m    n_pg    n_p    n_g       Re(omega)       Im(omega)        chi n_iter
  481   21     0    -120      0    120  0.58977568E+00  0.00000000E+00 0.3473E-12      5
  482   21     0    -119      0    119  0.59475836E+00  0.00000000E+00 0.3637E-12      5
  483   21     0    -118      0    118  0.59983398E+00  0.00000000E+00 0.3260E-12      6
  484   21     0    -117      0    117  0.60499876E+00  0.00000000E+00 0.4184E-12      5
  485   21     0    -116      0    116  0.61024867E+00  0.00000000E+00 0.3268E-12      6
  486   21     0    -115      0    115  0.61557911E+00  0.00000000E+00 0.2819E-13      5
  487   21     0    -114      0    114  0.62098416E+00  0.00000000E+00 0.2137E-12      6
  488   21     0    -113      0    113  0.62645528E+00  0.00000000E+00 0.8781E-13      6
  489   21     0    -112      0    112  0.63197941E+00  0.00000000E+00 0.4541E-12      6
  490   21     0    -111      0    111  0.63753531E+00  0.00000000E+00 0.5318E-13      6
  491   21     0    -110      0    110  0.64308945E+00  0.00000000E+00 0.4372E-12      6
  492   21     0    -109      0    109  0.64860100E+00  0.00000000E+00 0.3673E-14      5
  493   21     0    -108      0    108  0.65405882E+00  0.00000000E+00 0.1012E-12      6
  494   21     0    -107      0    107  0.65954463E+00  0.00000000E+00 0.4180E-12      4
  495   21     0    -106      0    106  0.66520692E+00  0.00000000E+00 0.3660E-12      5
  496   21     0    -105      0    105  0.67113340E+00  0.00000000E+00 0.3856E-12      5
  497   21     0    -104      0    104  0.67732113E+00  0.00000000E+00 0.4891E-12      5
  498   21     0    -103      0    103  0.68373515E+00  0.00000000E+00 0.4754E-14      5
  499   21     0    -102      0    102  0.69034399E+00  0.00000000E+00 0.5550E-12      5
  500   21     0    -101      0    101  0.69712616E+00  0.00000000E+00 0.1856E-12      5
  501   21     0    -100      0    100  0.70406824E+00  0.00000000E+00 0.7878E-13      5
  502   21     0     -99      0     99  0.71116205E+00  0.00000000E+00 0.2765E-12      5
  503   21     0     -98      0     98  0.71840259E+00  0.00000000E+00 0.5154E-13      5
  504   21     0     -97      0     97  0.72578676E+00  0.00000000E+00 0.5175E-13      6
  505   21     0     -96      0     96  0.73331137E+00  0.00000000E+00 0.1318E-12      6
  506   21     0     -95      0     95  0.74097074E+00  0.00000000E+00 0.1101E-12      5
  507   21     0     -94      0     94  0.74875329E+00  0.00000000E+00 0.2962E-12      5
  508   21     0     -93      0     93  0.75663442E+00  0.00000000E+00 0.2600E-13      5
  509   21     0     -92      0     92  0.76456274E+00  0.00000000E+00 0.2470E-12      6
  510   21     0     -91      0     91  0.77244120E+00  0.00000000E+00 0.3801E-12      6
  511   21     0     -90      0     90  0.78014105E+00  0.00000000E+00 0.3388E-12      6
  512   21     0     -89      0     89  0.78768068E+00  0.00000000E+00 0.9607E-13      5
  513   21     0     -88      0     88  0.79541783E+00  0.00000000E+00 0.7676E-13      5
  514   21     0     -87      0     87  0.80367271E+00  0.00000000E+00 0.7130E-14      6
  515   21     0     -86      0     86  0.81244188E+00  0.00000000E+00 0.3101E-12      5
  516   21     0     -85      0     85  0.82161612E+00  0.00000000E+00 0.1559E-12      5
  517   21     0     -84      0     84  0.83111660E+00  0.00000000E+00 0.4466E-13      5
  518   21     0     -83      0     83  0.84090095E+00  0.00000000E+00 0.7901E-13      5
  519   21     0     -82      0     82  0.85094822E+00  0.00000000E+00 0.5457E-13      5
  520   21     0     -81      0     81  0.86124803E+00  0.00000000E+00 0.6986E-12      5
  521   21     0     -80      0     80  0.87179440E+00  0.00000000E+00 0.3734E-12      6
  522   21     0     -79      0     79  0.88258196E+00  0.00000000E+00 0.2619E-12      6
  523   21     0     -78      0     78  0.89360198E+00  0.00000000E+00 0.6642E-13      6
  524   21     0     -77      0     77  0.90483723E+00  0.00000000E+00 0.8994E-13      6
  525   21     0     -76      0     76  0.91625224E+00  0.00000000E+00 0.4815E-12      5
  526   21     0     -75      0     75  0.92777223E+00  0.00000000E+00 0.2119E-13      6
  527   21     0     -74      0     74  0.93924641E+00  0.00000000E+00 0.2481E-12      6
  528   21     0     -73      0     73  0.95044318E+00  0.00000000E+00 0.5351E-13      6
  529   21     0     -72      0     72  0.96132862E+00  0.00000000E+00 0.3505E-12      5
  530   21     0     -71      0     71  0.97249765E+00  0.00000000E+00 0.4333E-12      5
  531   21     0     -70      0     70  0.98453187E+00  0.00000000E+00 0.5627E-13      6
  532   21     0     -69      0     69  0.99741359E+00  0.00000000E+00 0.6094E-13      6
  533   21     0     -68      0     68  0.10109481E+01  0.00000000E+00 0.1569E-12      6
  534   21     0     -67      0     67  0.10250100E+01  0.00000000E+00 0.5556E-12      5
  535   21     0     -66      0     66  0.10395430E+01  0.00000000E+00 0.1016E-12      5
  536   21     0     -65      0     65  0.10545312E+01  0.00000000E+00 0.3099E-13      5
  537   21     0     -64      0     64  0.10699817E+01  0.00000000E+00 0.4283E-12      5
  538   21     0     -63      0     63  0.10859119E+01  0.00000000E+00 0.1119E-12      5
  539   21     0     -62      0     62  0.11023417E+01  0.00000000E+00 0.9592E-13      5
  540   21     0     -61      0     61  0.11192898E+01  0.00000000E+00 0.1100E-12      5
  541   21     0     -60      0     60  0.11367715E+01  0.00000000E+00 0.9397E-14      5
  542   21     0     -59      0     59  0.11547979E+01  0.00000000E+00 0.2301E-12      5
  543   21     0     -58      0     58  0.11733709E+01  0.00000000E+00 0.1226E-12      5
  544   21     0     -57      0     57  0.11924746E+01  0.00000000E+00 0.3313E-12      5
  545   21     0     -56      0     56  0.12120624E+01  0.00000000E+00 0.1705E-12      5
  546   21     0     -55      0     55  0.12320317E+01  0.00000000E+00 0.2428E-12      5
  547   21     0     -54      0     54  0.12521716E+01  0.00000000E+00 0.5516E-12      5
  548   21     0     -53      0     53  0.12721190E+01  0.00000000E+00 0.4038E-12      5
  549   21     0     -52      0     52  0.12916551E+01  0.00000000E+00 0.5181E-14      5
  550   21     0     -51      0     51  0.13115315E+01  0.00000000E+00 0.3239E-13      6
  551   21     0     -50      0     50  0.13329482E+01  0.00000000E+00 0.9945E-15      6
  552   21     0     -49      0     49  0.13561651E+01  0.00000000E+00 0.1821E-13      6
  553   21     0     -48      0     48  0.13809027E+01  0.00000000E+00 0.8615E-13      6
  554   21     0     -47      0     47  0.14069318E+01  0.00000000E+00 0.3851E-13      6
  555   21     0     -46      0     46  0.14341495E+01  0.00000000E+00 0.1718E-12      6
  556   21     0     -45      0     45  0.14625336E+01  0.00000000E+00 0.6798E-13      5
  557   21     0     -44      0     44  0.14921054E+01  0.00000000E+00 0.2672E-12      5
  558   21     0     -43      0     43  0.15229090E+01  0.00000000E+00 0.5621E-13      5
  559   21     0     -42      0     42  0.15549990E+01  0.00000000E+00 0.2454E-12      5
  560   21     0     -41      0     41  0.15884255E+01  0.00000000E+00 0.3568E-14      5
  561   21     0     -40      0     40  0.16232197E+01  0.00000000E+00 0.9071E-13      5
  Time elapsed :      3.363 s

Mode Search
-----------

Mode parameters
   l : 22
   m : 0

Building frequency grid (REAL axis)
   added scan interval :  0.5210E+00 ->  0.2105E+01 (3000 points, INVERSE)

Building spatial grid
   Scaffold grid from model
   Split 27 subinterval(s) in iteration 1
   Split 30 subinterval(s) in iteration 2
   Split 0 subinterval(s) in iteration 3
   Final grid has 1 segment(s) and 7277 point(s):
      Segment 1 : x range 0.0000 -> 1.0009 (1 -> 7277)

Starting search (adiabatic)

Scanning frequencies
  Time elapsed :     1.666 s

Finding roots
  Time elapsed :      0.252 s

Processing modes
   id    l     m    n_pg    n_p    n_g       Re(omega)       Im(omega)        chi n_iter
  589   22     0    -126      0    126  0.58780620E+00  0.00000000E+00 0.6161E-13      5
  590   22     0    -125      0    125  0.59227958E+00  0.00000000E+00 0.7032E-12      5
  591   22     0    -124      0    124  0.59690688E+00  0.00000000E+00 0.1928E-12      5
  592   22     0    -123      0    123  0.60167104E+00  0.00000000E+00 0.2156E-13      5
  593   22     0    -122      0    122  0.60655708E+00  0.00000000E+00 0.2996E-12      5
  594   22     0    -121      0    121  0.61155480E+00  0.00000000E+00 0.2216E-12      5
  595   22     0    -120      0    120  0.61665728E+00  0.00000000E+00 0.1659E-12      5
  596   22     0    -119      0    119  0.62185948E+00  0.00000000E+00 0.7332E-13      5
  597   22     0    -118      0    118  0.62715731E+00  0.00000000E+00 0.2610E-12      6
  598   22     0    -117      0    117  0.63254685E+00  0.00000000E+00 0.1346E-12      6
  599   22     0    -116      0    116  0.63802371E+00  0.00000000E+00 0.3917E-13      5
  600   22     0    -115      0    115  0.64358274E+00  0.00000000E+00 0.2736E-12      5
  601   22     0    -114      0    114  0.64921711E+00  0.00000000E+00 0.5269E-12      5
  602   22     0    -113      0    113  0.65491679E+00  0.00000000E+00 0.5118E-15      6
  603   22     0    -112      0    112  0.66066622E+00  0.00000000E+00 0.6275E-12      6
  604   22     0    -111      0    111  0.66644024E+00  0.00000000E+00 0.6632E-13      6
  605   22     0    -110      0    110  0.67220057E+00  0.00000000E+00 0.2184E-12      6
  606   22     0    -109      0    109  0.67790667E+00  0.00000000E+00 0.2328E-12      6
  607   22     0    -108      0    108  0.68356559E+00  0.00000000E+00 0.4274E-12      6
  608   22     0    -107      0    107  0.68928929E+00  0.00000000E+00 0.2592E-12      5
  609   22     0    -106      0    106  0.69522880E+00  0.00000000E+00 0.1917E-12      5
  610   22     0    -105      0    105  0.70144867E+00  0.00000000E+00 0.1864E-13      5
  611   22     0    -104      0    104  0.70793140E+00  0.00000000E+00 0.3881E-13      5
  612   22     0    -103      0    103  0.71463961E+00  0.00000000E+00 0.7678E-13      5
  613   22     0    -102      0    102  0.72154313E+00  0.00000000E+00 0.2686E-13      5
  614   22     0    -101      0    101  0.72862181E+00  0.00000000E+00 0.4349E-12      5
  615   22     0    -100      0    100  0.73586310E+00  0.00000000E+00 0.1505E-12      5
  616   22     0     -99      0     99  0.74325916E+00  0.00000000E+00 0.2988E-12      5
  617   22     0     -98      0     98  0.75080497E+00  0.00000000E+00 0.6340E-13      6
  618   22     0     -97      0     97  0.75849690E+00  0.00000000E+00 0.4100E-13      6
  619   22     0     -96      0     96  0.76633057E+00  0.00000000E+00 0.1515E-12      6
  620   22     0     -95      0     95  0.77429786E+00  0.00000000E+00 0.4968E-12      6
  621   22     0     -94      0     94  0.78238241E+00  0.00000000E+00 0.1225E-13      6
  622   22     0     -93      0     93  0.79055005E+00  0.00000000E+00 0.3770E-13      6
  623   22     0     -92      0     92  0.79873124E+00  0.00000000E+00 0.2468E-12      6
  624   22     0     -91      0     91  0.80680531E+00  0.00000000E+00 0.6680E-13      6
  625   22     0     -90      0     90  0.81466481E+00  0.00000000E+00 0.2035E-12      6
  626   22     0     -89      0     89  0.82247138E+00  0.00000000E+00 0.7872E-13      5
  627   22     0     -88      0     88  0.83065251E+00  0.00000000E+00 0.6050E-12      6
  628   22     0     -87      0     87  0.83939813E+00  0.00000000E+00 0.3560E-12      5
  629   22     0     -86      0     86  0.84862892E+00  0.00000000E+00 0.7793E-12      5
  630   22     0     -85      0     85  0.85823870E+00  0.00000000E+00 0.8043E-13      5
  631   22     0     -84      0     84  0.86816261E+00  0.00000000E+00 0.1063E-12      5
  632   22     0     -83      0     83  0.87836699E+00  0.00000000E+00 0.1299E-12      5
  633   22     0     -82      0     82  0.88883532E+00  0.00000000E+00 0.2305E-12      5
  634   22     0     -81      0     81  0.89955917E+00  0.00000000E+00 0.3855E-13      5
  635   22     0     -80      0     80  0.91053304E+00  0.00000000E+00 0.9362E-13      5
  636   22     0     -79      0     79  0.92175078E+00  0.00000000E+00 0.1679E-12      6
  637   22     0     -78      0     78  0.93320146E+00  0.00000000E+00 0.4631E-13      6
  638   22     0     -77      0     77  0.94486303E+00  0.00000000E+00 0.1338E-12      6
  639   22     0     -76      0     76  0.95669002E+00  0.00000000E+00 0.2177E-12      5
  640   22     0     -75      0     75  0.96858795E+00  0.00000000E+00 0.9309E-13      6
  641   22     0     -74      0     74  0.98037622E+00  0.00000000E+00 0.6553E-14      6
  642   22     0     -73      0     73  0.99183389E+00  0.00000000E+00 0.1529E-12      6
  643   22     0     -72      0     72  0.10030964E+01  0.00000000E+00 0.1315E-12      5
  644   22     0     -71      0     71  0.10148674E+01  0.00000000E+00 0.1381E-12      6
  645   22     0     -70      0     70  0.10275574E+01  0.00000000E+00 0.1345E-12      6
  646   22     0     -69      0     69  0.10410533E+01  0.00000000E+00 0.3876E-12      5
  647   22     0     -68      0     68  0.10551713E+01  0.00000000E+00 0.1959E-14      6
  648   22     0     -67      0     67  0.10698058E+01  0.00000000E+00 0.7938E-12      5
  649   22     0     -66      0     66  0.10849112E+01  0.00000000E+00 0.4054E-12      5
  650   22     0     -65      0     65  0.11004778E+01  0.00000000E+00 0.5502E-12      5
  651   22     0     -64      0     64  0.11165157E+01  0.00000000E+00 0.1884E-12      5
  652   22     0     -63      0     63  0.11330443E+01  0.00000000E+00 0.1230E-13      5
  653   22     0     -62      0     62  0.11500844E+01  0.00000000E+00 0.2183E-12      5
  654   22     0     -61      0     61  0.11676550E+01  0.00000000E+00 0.1328E-12      5
  655   22     0     -60      0     60  0.11857721E+01  0.00000000E+00 0.1118E-13      5
  656   22     0     -59      0     59  0.12044472E+01  0.00000000E+00 0.1807E-12      5
  657   22     0     -58      0     58  0.12236810E+01  0.00000000E+00 0.1992E-12      6
  658   22     0     -57      0     57  0.12434559E+01  0.00000000E+00 0.3141E-13      6
  659   22     0     -56      0     56  0.12637230E+01  0.00000000E+00 0.1900E-12      6
  660   22     0     -55      0     55  0.12843773E+01  0.00000000E+00 0.7463E-13      6
  661   22     0     -54      0     54  0.13052037E+01  0.00000000E+00 0.9419E-13      6
  662   22     0     -53      0     53  0.13258341E+01  0.00000000E+00 0.1972E-12      6
  663   22     0     -52      0     52  0.13460482E+01  0.00000000E+00 0.1356E-12      5
  664   22     0     -51      0     51  0.13666062E+01  0.00000000E+00 0.2596E-13      5
  665   22     0     -50      0     50  0.13887271E+01  0.00000000E+00 0.8875E-13      6
  666   22     0     -49      0     49  0.14126829E+01  0.00000000E+00 0.1075E-12      6
  667   22     0     -48      0     48  0.14381902E+01  0.00000000E+00 0.1590E-12      6
  668   22     0     -47      0     47  0.14650138E+01  0.00000000E+00 0.7040E-13      5
  669   22     0     -46      0     46  0.14930470E+01  0.00000000E+00 0.8408E-13      6
  670   22     0     -45      0     45  0.15222664E+01  0.00000000E+00 0.8304E-13      6
  671   22     0     -44      0     44  0.15526923E+01  0.00000000E+00 0.5287E-13      5
  672   22     0     -43      0     43  0.15843687E+01  0.00000000E+00 0.1159E-12      5
  673   22     0     -42      0     42  0.16173471E+01  0.00000000E+00 0.3755E-12      5
  Time elapsed :      3.510 s

Mode Search
-----------

Mode parameters
   l : 23
   m : 0

Building frequency grid (REAL axis)
   added scan interval :  0.5210E+00 ->  0.2105E+01 (3000 points, INVERSE)

Building spatial grid
   Scaffold grid from model
   Split 31 subinterval(s) in iteration 1
   Split 30 subinterval(s) in iteration 2
   Split 0 subinterval(s) in iteration 3
   Final grid has 1 segment(s) and 7281 point(s):
      Segment 1 : x range 0.0000 -> 1.0009 (1 -> 7281)

Starting search (adiabatic)

Scanning frequencies
  Time elapsed :     1.752 s

Finding roots
  Time elapsed :      0.272 s

Processing modes
   id    l     m    n_pg    n_p    n_g       Re(omega)       Im(omega)        chi n_iter
  701   23     0    -132      0    132  0.58711705E+00  0.00000000E+00 0.3191E-12      6
  702   23     0    -131      0    131  0.59149149E+00  0.00000000E+00 0.6186E-12      6
  703   23     0    -130      0    130  0.59584532E+00  0.00000000E+00 0.2799E-12      6
  704   23     0    -129      0    129  0.60016335E+00  0.00000000E+00 0.4487E-12      6
  705   23     0    -128      0    128  0.60447075E+00  0.00000000E+00 0.6185E-13      5
  706   23     0    -127      0    127  0.60884308E+00  0.00000000E+00 0.4685E-12      5
  707   23     0    -126      0    126  0.61335495E+00  0.00000000E+00 0.4558E-13      5
  708   23     0    -125      0    125  0.61803281E+00  0.00000000E+00 0.1631E-12      5
  709   23     0    -124      0    124  0.62286717E+00  0.00000000E+00 0.4443E-12      5
  710   23     0    -123      0    123  0.62783988E+00  0.00000000E+00 0.1473E-12      5
  711   23     0    -122      0    122  0.63293623E+00  0.00000000E+00 0.4225E-12      5
  712   23     0    -121      0    121  0.63814644E+00  0.00000000E+00 0.1348E-11      5
  713   23     0    -120      0    120  0.64346390E+00  0.00000000E+00 0.1023E-11      5
  714   23     0    -119      0    119  0.64888365E+00  0.00000000E+00 0.7457E-12      5
  715   23     0    -118      0    118  0.65440158E+00  0.00000000E+00 0.8353E-12      5
  716   23     0    -117      0    117  0.66001353E+00  0.00000000E+00 0.8838E-12      5
  717   23     0    -116      0    116  0.66571474E+00  0.00000000E+00 0.8668E-12      5
  718   23     0    -115      0    115  0.67149937E+00  0.00000000E+00 0.3142E-13      5
  719   23     0    -114      0    114  0.67735951E+00  0.00000000E+00 0.2110E-12      6
  720   23     0    -113      0    113  0.68328331E+00  0.00000000E+00 0.4897E-12      6
  721   23     0    -112      0    112  0.68925220E+00  0.00000000E+00 0.5195E-12      6
  722   23     0    -111      0    111  0.69523645E+00  0.00000000E+00 0.3339E-12      6
  723   23     0    -110      0    110  0.70119314E+00  0.00000000E+00 0.1050E-12      5
  724   23     0    -109      0    109  0.70708560E+00  0.00000000E+00 0.1917E-12      6
  725   23     0    -108      0    108  0.71294643E+00  0.00000000E+00 0.2803E-12      5
  726   23     0    -107      0    107  0.71891649E+00  0.00000000E+00 0.1880E-12      5
  727   23     0    -106      0    106  0.72513868E+00  0.00000000E+00 0.1890E-13      5
  728   23     0    -105      0    105  0.73165198E+00  0.00000000E+00 0.6594E-12      5
  729   23     0    -104      0    104  0.73842736E+00  0.00000000E+00 0.5203E-14      5
  730   23     0    -103      0    103  0.74542668E+00  0.00000000E+00 0.2728E-12      5
  731   23     0    -102      0    102  0.75262145E+00  0.00000000E+00 0.2834E-12      5
  732   23     0    -101      0    101  0.75999294E+00  0.00000000E+00 0.1818E-13      5
  733   23     0    -100      0    100  0.76752938E+00  0.00000000E+00 0.2556E-12      5
  734   23     0     -99      0     99  0.77522322E+00  0.00000000E+00 0.2436E-12      5
  735   23     0     -98      0     98  0.78306923E+00  0.00000000E+00 0.9029E-13      6
  736   23     0     -97      0     97  0.79106304E+00  0.00000000E+00 0.1663E-14      6
  737   23     0     -96      0     96  0.79919859E+00  0.00000000E+00 0.5080E-12      5
  738   23     0     -95      0     95  0.80746445E+00  0.00000000E+00 0.1881E-12      6
  739   23     0     -94      0     94  0.81583773E+00  0.00000000E+00 0.3125E-13      6
  740   23     0     -93      0     93  0.82427134E+00  0.00000000E+00 0.2921E-12      6
  741   23     0     -92      0     92  0.83267332E+00  0.00000000E+00 0.4024E-12      6
  742   23     0     -91      0     91  0.84090699E+00  0.00000000E+00 0.1523E-12      5
  743   23     0     -90      0     90  0.84893754E+00  0.00000000E+00 0.3816E-12      6
  744   23     0     -89      0     89  0.85708631E+00  0.00000000E+00 0.4073E-12      5
  745   23     0     -88      0     88  0.86574710E+00  0.00000000E+00 0.5095E-13      5
  746   23     0     -87      0     87  0.87497123E+00  0.00000000E+00 0.4004E-12      5
  747   23     0     -86      0     86  0.88464538E+00  0.00000000E+00 0.6370E-13      5
  748   23     0     -85      0     85  0.89467672E+00  0.00000000E+00 0.1541E-12      5
  749   23     0     -84      0     84  0.90501319E+00  0.00000000E+00 0.9096E-13      5
  750   23     0     -83      0     83  0.91562821E+00  0.00000000E+00 0.2167E-13      5
  751   23     0     -82      0     82  0.92650875E+00  0.00000000E+00 0.1436E-12      5
  752   23     0     -81      0     81  0.93764781E+00  0.00000000E+00 0.3170E-13      5
  753   23     0     -80      0     80  0.94903997E+00  0.00000000E+00 0.9249E-14      6
  754   23     0     -79      0     79  0.96067801E+00  0.00000000E+00 0.5051E-13      5
  755   23     0     -78      0     78  0.97254838E+00  0.00000000E+00 0.4522E-13      6
  756   23     0     -77      0     77  0.98462346E+00  0.00000000E+00 0.1084E-12      6
  757   23     0     -76      0     76  0.99684652E+00  0.00000000E+00 0.3561E-13      6
  758   23     0     -75      0     75  0.10091019E+01  0.00000000E+00 0.2826E-12      6
  759   23     0     -74      0     74  0.10211846E+01  0.00000000E+00 0.1338E-12      5
  760   23     0     -73      0     73  0.10329176E+01  0.00000000E+00 0.1658E-12      5
  761   23     0     -72      0     72  0.10446141E+01  0.00000000E+00 0.4357E-12      5
  762   23     0     -71      0     71  0.10569945E+01  0.00000000E+00 0.1883E-13      5
  763   23     0     -70      0     70  0.10703048E+01  0.00000000E+00 0.9457E-13      6
  764   23     0     -69      0     69  0.10843823E+01  0.00000000E+00 0.3983E-14      6
  765   23     0     -68      0     68  0.10990597E+01  0.00000000E+00 0.5217E-13      5
  766   23     0     -67      0     67  0.11142467E+01  0.00000000E+00 0.6835E-13      5
  767   23     0     -66      0     66  0.11299064E+01  0.00000000E+00 0.1163E-13      5
  768   23     0     -65      0     65  0.11460335E+01  0.00000000E+00 0.1250E-12      5
  769   23     0     -64      0     64  0.11626409E+01  0.00000000E+00 0.1477E-12      5
  770   23     0     -63      0     63  0.11797493E+01  0.00000000E+00 0.1936E-12      5
  771   23     0     -62      0     62  0.11973800E+01  0.00000000E+00 0.1023E-13      5
  772   23     0     -61      0     61  0.12155526E+01  0.00000000E+00 0.1987E-12      5
  773   23     0     -60      0     60  0.12342838E+01  0.00000000E+00 0.1182E-13      5
  774   23     0     -59      0     59  0.12535851E+01  0.00000000E+00 0.1605E-12      5
  775   23     0     -58      0     58  0.12734563E+01  0.00000000E+00 0.3652E-12      5
  776   23     0     -57      0     57  0.12938784E+01  0.00000000E+00 0.6339E-13      6
  777   23     0     -56      0     56  0.13148012E+01  0.00000000E+00 0.2428E-12      5
  778   23     0     -55      0     55  0.13361190E+01  0.00000000E+00 0.9035E-13      6
  779   23     0     -54      0     54  0.13576163E+01  0.00000000E+00 0.2847E-12      5
  780   23     0     -53      0     53  0.13789217E+01  0.00000000E+00 0.2203E-12      6
  781   23     0     -52      0     52  0.13998027E+01  0.00000000E+00 0.4538E-13      5
  782   23     0     -51      0     51  0.14210047E+01  0.00000000E+00 0.7047E-13      6
  783   23     0     -50      0     50  0.14437728E+01  0.00000000E+00 0.9138E-14      6
  784   23     0     -49      0     49  0.14684100E+01  0.00000000E+00 0.5154E-13      6
  785   23     0     -48      0     48  0.14946326E+01  0.00000000E+00 0.8935E-13      6
  786   23     0     -47      0     47  0.15221968E+01  0.00000000E+00 0.1157E-12      6
  787   23     0     -46      0     46  0.15509909E+01  0.00000000E+00 0.9687E-13      6
  788   23     0     -45      0     45  0.15809892E+01  0.00000000E+00 0.4302E-13      5
  789   23     0     -44      0     44  0.16122107E+01  0.00000000E+00 0.9827E-14      6
  Time elapsed :      3.612 s

Mode Search
-----------

Mode parameters
   l : 24
   m : 0

Building frequency grid (REAL axis)
   added scan interval :  0.5210E+00 ->  0.2105E+01 (3000 points, INVERSE)

Building spatial grid
   Scaffold grid from model
   Split 32 subinterval(s) in iteration 1
   Split 30 subinterval(s) in iteration 2
   Split 0 subinterval(s) in iteration 3
   Final grid has 1 segment(s) and 7282 point(s):
      Segment 1 : x range 0.0000 -> 1.0009 (1 -> 7282)

Starting search (adiabatic)

Scanning frequencies
  Time elapsed :     1.805 s

Finding roots
  Time elapsed :      0.279 s

Processing modes
   id    l     m    n_pg    n_p    n_g       Re(omega)       Im(omega)        chi n_iter
  820   24     0    -137      0    137  0.58927052E+00  0.00000000E+00 0.4106E-12      6
  821   24     0    -136      0    136  0.59363821E+00  0.00000000E+00 0.3038E-12      6
  822   24     0    -135      0    135  0.59806214E+00  0.00000000E+00 0.2558E-12      6
  823   24     0    -134      0    134  0.60253554E+00  0.00000000E+00 0.2298E-12      5
  824   24     0    -133      0    133  0.60704789E+00  0.00000000E+00 0.3412E-12      6
  825   24     0    -132      0    132  0.61158309E+00  0.00000000E+00 0.5262E-12      5
  826   24     0    -131      0    131  0.61611807E+00  0.00000000E+00 0.4218E-13      5
  827   24     0    -130      0    130  0.62062667E+00  0.00000000E+00 0.5489E-12      6
  828   24     0    -129      0    129  0.62509810E+00  0.00000000E+00 0.7141E-12      6
  829   24     0    -128      0    128  0.62956942E+00  0.00000000E+00 0.1916E-12      5
  830   24     0    -127      0    127  0.63412487E+00  0.00000000E+00 0.7680E-13      5
  831   24     0    -126      0    126  0.63883456E+00  0.00000000E+00 0.1285E-12      5
  832   24     0    -125      0    125  0.64371631E+00  0.00000000E+00 0.6010E-12      5
  833   24     0    -124      0    124  0.64875644E+00  0.00000000E+00 0.6928E-13      5
  834   24     0    -123      0    123  0.65393616E+00  0.00000000E+00 0.1173E-12      5
  835   24     0    -122      0    122  0.65924113E+00  0.00000000E+00 0.6292E-12      5
  836   24     0    -121      0    121  0.66466205E+00  0.00000000E+00 0.7178E-12      5
  837   24     0    -120      0    120  0.67019257E+00  0.00000000E+00 0.2584E-12      5
  838   24     0    -119      0    119  0.67582781E+00  0.00000000E+00 0.1683E-12      5
  839   24     0    -118      0    118  0.68156357E+00  0.00000000E+00 0.3052E-12      6
  840   24     0    -117      0    117  0.68739547E+00  0.00000000E+00 0.7952E-13      6
  841   24     0    -116      0    116  0.69331823E+00  0.00000000E+00 0.1730E-12      6
  842   24     0    -115      0    115  0.69932522E+00  0.00000000E+00 0.3165E-12      5
  843   24     0    -114      0    114  0.70540720E+00  0.00000000E+00 0.4476E-12      6
  844   24     0    -113      0    113  0.71155010E+00  0.00000000E+00 0.8022E-12      5
  845   24     0    -112      0    112  0.71773175E+00  0.00000000E+00 0.1422E-12      6
  846   24     0    -111      0    111  0.72391713E+00  0.00000000E+00 0.2858E-12      5
  847   24     0    -110      0    110  0.73005945E+00  0.00000000E+00 0.3419E-12      5
  848   24     0    -109      0    109  0.73613147E+00  0.00000000E+00 0.1410E-12      6
  849   24     0    -108      0    108  0.74219871E+00  0.00000000E+00 0.4955E-13      6
  850   24     0    -107      0    107  0.74842501E+00  0.00000000E+00 0.1448E-12      5
  851   24     0    -106      0    106  0.75493424E+00  0.00000000E+00 0.3666E-12      5
  852   24     0    -105      0    105  0.76174003E+00  0.00000000E+00 0.7620E-14      5
  853   24     0    -104      0    104  0.76880519E+00  0.00000000E+00 0.9165E-13      5
  854   24     0    -103      0    103  0.77609220E+00  0.00000000E+00 0.2899E-12      5
  855   24     0    -102      0    102  0.78357456E+00  0.00000000E+00 0.2905E-12      5
  856   24     0    -101      0    101  0.79123491E+00  0.00000000E+00 0.5950E-13      5
  857   24     0    -100      0    100  0.79906218E+00  0.00000000E+00 0.5533E-12      5
  858   24     0     -99      0     99  0.80704901E+00  0.00000000E+00 0.3754E-12      6
  859   24     0     -98      0     98  0.81518978E+00  0.00000000E+00 0.5932E-13      5
  860   24     0     -97      0     97  0.82347901E+00  0.00000000E+00 0.6923E-14      6
  861   24     0     -96      0     96  0.83190838E+00  0.00000000E+00 0.4858E-13      6
  862   24     0     -95      0     95  0.84046199E+00  0.00000000E+00 0.2452E-15      6
  863   24     0     -94      0     94  0.84910810E+00  0.00000000E+00 0.4363E-13      6
  864   24     0     -93      0     93  0.85778272E+00  0.00000000E+00 0.9532E-14      6
  865   24     0     -92      0     92  0.86636943E+00  0.00000000E+00 0.1058E-12      6
  866   24     0     -91      0     91  0.87473936E+00  0.00000000E+00 0.1383E-12      6
  867   24     0     -90      0     90  0.88298966E+00  0.00000000E+00 0.2937E-12      5
  868   24     0     -89      0     89  0.89155265E+00  0.00000000E+00 0.1893E-12      6
  869   24     0     -88      0     88  0.90070119E+00  0.00000000E+00 0.1825E-12      5
  870   24     0     -87      0     87  0.91038379E+00  0.00000000E+00 0.3218E-12      6
  871   24     0     -86      0     86  0.92048333E+00  0.00000000E+00 0.2241E-13      5
  872   24     0     -85      0     85  0.93092301E+00  0.00000000E+00 0.2813E-13      5
  873   24     0     -84      0     84  0.94166154E+00  0.00000000E+00 0.1866E-12      5
  874   24     0     -83      0     83  0.95267792E+00  0.00000000E+00 0.5859E-14      5
  875   24     0     -82      0     82  0.96396179E+00  0.00000000E+00 0.4968E-12      5
  876   24     0     -81      0     81  0.97550714E+00  0.00000000E+00 0.4895E-12      5
  877   24     0     -80      0     80  0.98730830E+00  0.00000000E+00 0.2259E-12      6
  878   24     0     -79      0     79  0.99935674E+00  0.00000000E+00 0.1286E-12      6
  879   24     0     -78      0     78  0.10116359E+01  0.00000000E+00 0.7529E-13      6
  880   24     0     -77      0     77  0.10241120E+01  0.00000000E+00 0.2237E-12      6
  881   24     0     -76      0     76  0.10367160E+01  0.00000000E+00 0.3080E-12      6
  882   24     0     -75      0     75  0.10493109E+01  0.00000000E+00 0.3849E-12      6
  883   24     0     -74      0     74  0.10616768E+01  0.00000000E+00 0.4490E-13      6
  884   24     0     -73      0     73  0.10737108E+01  0.00000000E+00 0.5039E-12      6
  885   24     0     -72      0     72  0.10858816E+01  0.00000000E+00 0.9804E-13      5
  886   24     0     -71      0     71  0.10988584E+01  0.00000000E+00 0.1856E-12      6
  887   24     0     -70      0     70  0.11127540E+01  0.00000000E+00 0.4281E-12      6
  888   24     0     -69      0     69  0.11273847E+01  0.00000000E+00 0.4807E-13      6
  889   24     0     -68      0     68  0.11425995E+01  0.00000000E+00 0.2714E-13      5
  890   24     0     -67      0     67  0.11583201E+01  0.00000000E+00 0.2436E-12      5
  891   24     0     -66      0     66  0.11745161E+01  0.00000000E+00 0.1352E-12      5
  892   24     0     -65      0     65  0.11911859E+01  0.00000000E+00 0.1146E-12      5
  893   24     0     -64      0     64  0.12083445E+01  0.00000000E+00 0.5240E-13      5
  894   24     0     -63      0     63  0.12260136E+01  0.00000000E+00 0.1109E-12      5
  895   24     0     -62      0     62  0.12442150E+01  0.00000000E+00 0.1764E-12      5
  896   24     0     -61      0     61  0.12629688E+01  0.00000000E+00 0.9802E-13      5
  897   24     0     -60      0     60  0.12822923E+01  0.00000000E+00 0.3875E-13      5
  898   24     0     -59      0     59  0.13021971E+01  0.00000000E+00 0.1638E-12      5
  899   24     0     -58      0     58  0.13226820E+01  0.00000000E+00 0.1995E-12      6
  900   24     0     -57      0     57  0.13437267E+01  0.00000000E+00 0.1304E-12      5
  901   24     0     -56      0     56  0.13652810E+01  0.00000000E+00 0.4252E-13      6
  902   24     0     -55      0     55  0.13872407E+01  0.00000000E+00 0.4382E-13      6
  903   24     0     -54      0     54  0.14093929E+01  0.00000000E+00 0.2933E-12      5
  904   24     0     -53      0     53  0.14313655E+01  0.00000000E+00 0.7505E-13      6
  905   24     0     -52      0     52  0.14529030E+01  0.00000000E+00 0.8047E-13      5
  906   24     0     -51      0     51  0.14747126E+01  0.00000000E+00 0.1277E-12      6
  907   24     0     -50      0     50  0.14980699E+01  0.00000000E+00 0.9773E-13      6
  908   24     0     -49      0     49  0.15233291E+01  0.00000000E+00 0.2772E-12      6
  909   24     0     -48      0     48  0.15502109E+01  0.00000000E+00 0.8570E-13      5
  910   24     0     -47      0     47  0.15784609E+01  0.00000000E+00 0.1007E-13      5
  911   24     0     -46      0     46  0.16079608E+01  0.00000000E+00 0.3301E-13      5
  Time elapsed :      3.740 s

Mode Search
-----------

Mode parameters
   l : 25
   m : 0

Building frequency grid (REAL axis)
   added scan interval :  0.5210E+00 ->  0.2105E+01 (3000 points, INVERSE)

Building spatial grid
   Scaffold grid from model
   Split 33 subinterval(s) in iteration 1
   Split 30 subinterval(s) in iteration 2
   Split 9 subinterval(s) in iteration 3
   Split 0 subinterval(s) in iteration 4
   Final grid has 1 segment(s) and 7292 point(s):
      Segment 1 : x range 0.0000 -> 1.0009 (1 -> 7292)

Starting search (adiabatic)

Scanning frequencies
  Time elapsed :     1.789 s

Finding roots
  Time elapsed :      0.298 s

Processing modes
   id    l     m    n_pg    n_p    n_g       Re(omega)       Im(omega)        chi n_iter
  942   25     0    -143      0    143  0.58702890E+00  0.00000000E+00 0.2407E-12      5
  943   25     0    -142      0    142  0.59115056E+00  0.00000000E+00 0.6105E-12      5
  944   25     0    -141      0    141  0.59534991E+00  0.00000000E+00 0.1473E-12      6
  945   25     0    -140      0    140  0.59962158E+00  0.00000000E+00 0.3076E-12      6
  946   25     0    -139      0    139  0.60396238E+00  0.00000000E+00 0.7641E-13      5
  947   25     0    -138      0    138  0.60837005E+00  0.00000000E+00 0.6528E-12      5
  948   25     0    -137      0    137  0.61284236E+00  0.00000000E+00 0.4731E-13      5
  949   25     0    -136      0    136  0.61737636E+00  0.00000000E+00 0.5017E-12      5
  950   25     0    -135      0    135  0.62196735E+00  0.00000000E+00 0.2908E-13      6
  951   25     0    -134      0    134  0.62660776E+00  0.00000000E+00 0.4332E-12      6
  952   25     0    -133      0    133  0.63128577E+00  0.00000000E+00 0.1700E-12      5
  953   25     0    -132      0    132  0.63598336E+00  0.00000000E+00 0.2235E-12      6
  954   25     0    -131      0    131  0.64067530E+00  0.00000000E+00 0.2934E-12      6
  955   25     0    -130      0    130  0.64533504E+00  0.00000000E+00 0.1824E-12      6
  956   25     0    -129      0    129  0.64995801E+00  0.00000000E+00 0.1651E-12      6
  957   25     0    -128      0    128  0.65459434E+00  0.00000000E+00 0.3723E-12      5
  958   25     0    -127      0    127  0.65933484E+00  0.00000000E+00 0.1446E-12      5
  959   25     0    -126      0    126  0.66424286E+00  0.00000000E+00 0.1482E-12      5
  960   25     0    -125      0    125  0.66932766E+00  0.00000000E+00 0.7371E-13      5
  961   25     0    -124      0    124  0.67457215E+00  0.00000000E+00 0.2304E-12      5
  962   25     0    -123      0    123  0.67995722E+00  0.00000000E+00 0.1415E-11      5
  963   25     0    -122      0    122  0.68546905E+00  0.00000000E+00 0.2771E-12      5
  964   25     0    -121      0    121  0.69109879E+00  0.00000000E+00 0.3638E-12      5
  965   25     0    -120      0    120  0.69684034E+00  0.00000000E+00 0.2448E-12      6
  966   25     0    -119      0    119  0.70268889E+00  0.00000000E+00 0.1002E-12      6
  967   25     0    -118      0    118  0.70864012E+00  0.00000000E+00 0.7591E-12      5
  968   25     0    -117      0    117  0.71468932E+00  0.00000000E+00 0.3109E-12      5
  969   25     0    -116      0    116  0.72083063E+00  0.00000000E+00 0.4425E-12      6
  970   25     0    -115      0    115  0.72705645E+00  0.00000000E+00 0.1986E-12      6
  971   25     0    -114      0    114  0.73335590E+00  0.00000000E+00 0.2176E-12      6
  972   25     0    -113      0    113  0.73971224E+00  0.00000000E+00 0.2341E-12      6
  973   25     0    -112      0    112  0.74609887E+00  0.00000000E+00 0.1839E-12      6
  974   25     0    -111      0    111  0.75247500E+00  0.00000000E+00 0.2097E-12      6
  975   25     0    -110      0    110  0.75879177E+00  0.00000000E+00 0.2241E-12      6
  976   25     0    -109      0    109  0.76503923E+00  0.00000000E+00 0.4152E-12      5
  977   25     0    -108      0    108  0.77132141E+00  0.00000000E+00 0.4638E-12      5
  978   25     0    -107      0    107  0.77781423E+00  0.00000000E+00 0.2933E-12      5
  979   25     0    -106      0    106  0.78461331E+00  0.00000000E+00 0.3093E-12      5
  980   25     0    -105      0    105  0.79170962E+00  0.00000000E+00 0.2616E-12      5
  981   25     0    -104      0    104  0.79906118E+00  0.00000000E+00 0.3216E-12      5
  982   25     0    -103      0    103  0.80663218E+00  0.00000000E+00 0.8365E-13      5
  983   25     0    -102      0    102  0.81439819E+00  0.00000000E+00 0.2875E-12      5
  984   25     0    -101      0    101  0.82234319E+00  0.00000000E+00 0.2408E-12      5
  985   25     0    -100      0    100  0.83045671E+00  0.00000000E+00 0.8680E-13      5
  986   25     0     -99      0     99  0.83873140E+00  0.00000000E+00 0.2853E-12      6
  987   25     0     -98      0     98  0.84716104E+00  0.00000000E+00 0.1710E-12      6
  988   25     0     -97      0     97  0.85573861E+00  0.00000000E+00 0.2794E-13      5
  989   25     0     -96      0     96  0.86445275E+00  0.00000000E+00 0.1219E-12      6
  990   25     0     -95      0     95  0.87328154E+00  0.00000000E+00 0.7076E-13      6
  991   25     0     -94      0     94  0.88218152E+00  0.00000000E+00 0.4029E-12      6
  992   25     0     -93      0     93  0.89106779E+00  0.00000000E+00 0.7273E-13      5
  993   25     0     -92      0     92  0.89980405E+00  0.00000000E+00 0.3935E-14      6
  994   25     0     -91      0     91  0.90831399E+00  0.00000000E+00 0.1403E-12      6
  995   25     0     -90      0     90  0.91685987E+00  0.00000000E+00 0.1843E-12      5
  996   25     0     -89      0     89  0.92588372E+00  0.00000000E+00 0.8572E-14      6
  997   25     0     -88      0     88  0.93550777E+00  0.00000000E+00 0.4360E-12      5
  998   25     0     -87      0     87  0.94562666E+00  0.00000000E+00 0.6024E-12      5
  999   25     0     -86      0     86  0.95613487E+00  0.00000000E+00 0.2108E-12      5
 1000   25     0     -85      0     85  0.96697054E+00  0.00000000E+00 0.7521E-14      5
 1001   25     0     -84      0     84  0.97810098E+00  0.00000000E+00 0.8394E-13      5
 1002   25     0     -83      0     83  0.98950955E+00  0.00000000E+00 0.1520E-12      5
 1003   25     0     -82      0     82  0.10011879E+01  0.00000000E+00 0.1615E-12      6
 1004   25     0     -81      0     81  0.10131305E+01  0.00000000E+00 0.4776E-12      5
 1005   25     0     -80      0     80  0.10253314E+01  0.00000000E+00 0.2206E-12      5
 1006   25     0     -79      0     79  0.10377804E+01  0.00000000E+00 0.2314E-12      6
 1007   25     0     -78      0     78  0.10504576E+01  0.00000000E+00 0.1215E-12      6
 1008   25     0     -77      0     77  0.10633227E+01  0.00000000E+00 0.2173E-12      6
 1009   25     0     -76      0     76  0.10762938E+01  0.00000000E+00 0.2337E-12      5
 1010   25     0     -75      0     75  0.10892138E+01  0.00000000E+00 0.8481E-13      5
 1011   25     0     -74      0     74  0.11018598E+01  0.00000000E+00 0.1550E-12      6
 1012   25     0     -73      0     73  0.11142238E+01  0.00000000E+00 0.3665E-12      5
 1013   25     0     -72      0     72  0.11268897E+01  0.00000000E+00 0.1234E-12      5
 1014   25     0     -71      0     71  0.11404394E+01  0.00000000E+00 0.4626E-13      6
 1015   25     0     -70      0     70  0.11548881E+01  0.00000000E+00 0.3144E-12      6
 1016   25     0     -69      0     69  0.11700467E+01  0.00000000E+00 0.8389E-13      6
 1017   25     0     -68      0     68  0.11857783E+01  0.00000000E+00 0.2905E-12      5
 1018   25     0     -67      0     67  0.12020139E+01  0.00000000E+00 0.3347E-13      5
 1019   25     0     -66      0     66  0.12187283E+01  0.00000000E+00 0.1013E-13      5
 1020   25     0     -65      0     65  0.12359229E+01  0.00000000E+00 0.2105E-14      5
 1021   25     0     -64      0     64  0.12536143E+01  0.00000000E+00 0.9849E-13      5
 1022   25     0     -63      0     63  0.12718247E+01  0.00000000E+00 0.4738E-13      5
 1023   25     0     -62      0     62  0.12905766E+01  0.00000000E+00 0.2320E-12      5
 1024   25     0     -61      0     61  0.13098903E+01  0.00000000E+00 0.6125E-13      5
 1025   25     0     -60      0     60  0.13297841E+01  0.00000000E+00 0.1792E-13      5
 1026   25     0     -59      0     59  0.13502692E+01  0.00000000E+00 0.4377E-12      5
 1027   25     0     -58      0     58  0.13713433E+01  0.00000000E+00 0.1394E-12      5
 1028   25     0     -57      0     57  0.13929856E+01  0.00000000E+00 0.2440E-12      6
 1029   25     0     -56      0     56  0.14151469E+01  0.00000000E+00 0.2377E-12      5
 1030   25     0     -55      0     55  0.14377265E+01  0.00000000E+00 0.6394E-13      6
 1031   25     0     -54      0     54  0.14605172E+01  0.00000000E+00 0.1555E-12      6
 1032   25     0     -53      0     53  0.14831484E+01  0.00000000E+00 0.2440E-13      6
 1033   25     0     -52      0     52  0.15053336E+01  0.00000000E+00 0.1019E-12      5
 1034   25     0     -51      0     51  0.15277170E+01  0.00000000E+00 0.5592E-13      6
 1035   25     0     -50      0     50  0.15516054E+01  0.00000000E+00 0.7856E-13      6
 1036   25     0     -49      0     49  0.15774251E+01  0.00000000E+00 0.4874E-13      5
 1037   25     0     -48      0     48  0.16049081E+01  0.00000000E+00 0.1033E-12      6
 1038   25     0     -47      0     47  0.16337882E+01  0.00000000E+00 0.3468E-12      6
  Time elapsed :      3.979 s

gyre [9.1.1]
------------

OpenMP Threads   : 16
Input filename   : gyre_nad_wide_hi.in

Model Init
----------

Reading from MESA file
   File name ../mesa/LOGS/profile269.data.GYRE
   File version 1.01
   Read 7220 points
   No need to add central point

Mode Search
-----------

Mode parameters
   l : 16
   m : 0

Building frequency grid (REAL axis)
   added scan interval :  0.5210E+00 ->  0.2105E+01 (3000 points, INVERSE)

Building spatial grid
   Scaffold grid from model
   Split 17 subinterval(s) in iteration 1
   Split 25 subinterval(s) in iteration 2
   Split 0 subinterval(s) in iteration 3
   Final grid has 1 segment(s) and 7262 point(s):
      Segment 1 : x range 0.0000 -> 1.0009 (1 -> 7262)

Starting search (adiabatic)

Scanning frequencies
  Time elapsed :    34.816 s

Finding roots
  Time elapsed :      4.519 s

Processing modes
   id    l     m    n_pg    n_p    n_g       Re(omega)       Im(omega)        chi n_iter
   13   16     0     -92      0     92  0.59093830E+00  0.00000000E+00 0.4545E-12      5
   14   16     0     -91      0     91  0.59737650E+00  0.00000000E+00 0.8630E-12      5
   15   16     0     -90      0     90  0.60385236E+00  0.00000000E+00 0.1892E-12      6
   16   16     0     -89      0     89  0.61028510E+00  0.00000000E+00 0.3063E-12      5
   17   16     0     -88      0     88  0.61658049E+00  0.00000000E+00 0.2153E-12      5
   18   16     0     -87      0     87  0.62278063E+00  0.00000000E+00 0.1238E-12      5
   19   16     0     -86      0     86  0.62917247E+00  0.00000000E+00 0.1149E-12      5
   20   16     0     -85      0     85  0.63598156E+00  0.00000000E+00 0.1253E-12      6
   21   16     0     -84      0     84  0.64319793E+00  0.00000000E+00 0.2503E-13      5
   22   16     0     -83      0     83  0.65074102E+00  0.00000000E+00 0.1329E-11      5
   23   16     0     -82      0     82  0.65855410E+00  0.00000000E+00 0.5405E-12      5
   24   16     0     -81      0     81  0.66660694E+00  0.00000000E+00 0.4932E-12      5
   25   16     0     -80      0     80  0.67488437E+00  0.00000000E+00 0.7508E-13      5
   26   16     0     -79      0     79  0.68337937E+00  0.00000000E+00 0.2200E-12      5
   27   16     0     -78      0     78  0.69208796E+00  0.00000000E+00 0.6918E-13      5
   28   16     0     -77      0     77  0.70100578E+00  0.00000000E+00 0.4181E-12      5
   29   16     0     -76      0     76  0.71012550E+00  0.00000000E+00 0.5395E-12      5
   30   16     0     -75      0     75  0.71943239E+00  0.00000000E+00 0.1260E-12      5
   31   16     0     -74      0     74  0.72889366E+00  0.00000000E+00 0.5063E-13      6
   32   16     0     -73      0     73  0.73843803E+00  0.00000000E+00 0.1568E-12      6
   33   16     0     -72      0     72  0.74791664E+00  0.00000000E+00 0.4789E-13      5
   34   16     0     -71      0     71  0.75710157E+00  0.00000000E+00 0.4012E-12      5
   35   16     0     -70      0     70  0.76601688E+00  0.00000000E+00 0.4536E-12      5
   36   16     0     -69      0     69  0.77530401E+00  0.00000000E+00 0.7412E-12      5
   37   16     0     -68      0     68  0.78541014E+00  0.00000000E+00 0.1919E-12      6
   38   16     0     -67      0     67  0.79623315E+00  0.00000000E+00 0.2592E-12      6
   39   16     0     -66      0     66  0.80760042E+00  0.00000000E+00 0.3965E-12      5
   40   16     0     -65      0     65  0.81942308E+00  0.00000000E+00 0.7025E-12      5
   41   16     0     -64      0     64  0.83166945E+00  0.00000000E+00 0.3370E-12      5
   42   16     0     -63      0     63  0.84433697E+00  0.00000000E+00 0.1505E-12      5
   43   16     0     -62      0     62  0.85743542E+00  0.00000000E+00 0.8718E-13      5
   44   16     0     -61      0     61  0.87097768E+00  0.00000000E+00 0.8406E-13      5
   45   16     0     -60      0     60  0.88497548E+00  0.00000000E+00 0.1006E-12      5
   46   16     0     -59      0     59  0.89943890E+00  0.00000000E+00 0.7305E-13      5
   47   16     0     -58      0     58  0.91437334E+00  0.00000000E+00 0.2725E-12      5
   48   16     0     -57      0     57  0.92977414E+00  0.00000000E+00 0.3174E-12      5
   49   16     0     -56      0     56  0.94561595E+00  0.00000000E+00 0.1191E-12      5
   50   16     0     -55      0     55  0.96183388E+00  0.00000000E+00 0.7956E-12      5
   51   16     0     -54      0     54  0.97828348E+00  0.00000000E+00 0.3298E-12      5
   52   16     0     -53      0     53  0.99467862E+00  0.00000000E+00 0.2773E-12      5
   53   16     0     -52      0     52  0.10106940E+01  0.00000000E+00 0.2553E-12      5
   54   16     0     -51      0     51  0.10266760E+01  0.00000000E+00 0.7027E-14      5
   55   16     0     -50      0     50  0.10437721E+01  0.00000000E+00 0.2604E-12      5
   56   16     0     -49      0     49  0.10624788E+01  0.00000000E+00 0.1539E-12      5
   57   16     0     -48      0     48  0.10825898E+01  0.00000000E+00 0.3826E-12      6
   58   16     0     -47      0     47  0.11038758E+01  0.00000000E+00 0.2650E-12      6
   59   16     0     -46      0     46  0.11262265E+01  0.00000000E+00 0.7629E-13      6
   60   16     0     -45      0     45  0.11496117E+01  0.00000000E+00 0.1004E-12      5
   61   16     0     -44      0     44  0.11740467E+01  0.00000000E+00 0.2221E-12      5
   62   16     0     -43      0     43  0.11995717E+01  0.00000000E+00 0.8117E-13      5
   63   16     0     -42      0     42  0.12262407E+01  0.00000000E+00 0.4864E-13      5
   64   16     0     -41      0     41  0.12541143E+01  0.00000000E+00 0.4730E-12      5
   65   16     0     -40      0     40  0.12832545E+01  0.00000000E+00 0.1023E-12      5
   66   16     0     -39      0     39  0.13137135E+01  0.00000000E+00 0.1291E-12      5
   67   16     0     -38      0     38  0.13455341E+01  0.00000000E+00 0.4612E-14      5
   68   16     0     -37      0     37  0.13787592E+01  0.00000000E+00 0.3212E-12      5
   69   16     0     -36      0     36  0.14134549E+01  0.00000000E+00 0.8578E-13      5
   70   16     0     -35      0     35  0.14497153E+01  0.00000000E+00 0.1401E-12      5
   71   16     0     -34      0     34  0.14876184E+01  0.00000000E+00 0.2507E-12      5
   72   16     0     -33      0     33  0.15271444E+01  0.00000000E+00 0.4514E-12      5
   73   16     0     -32      0     32  0.15681208E+01  0.00000000E+00 0.3170E-12      5
   74   16     0     -31      0     31  0.16101506E+01  0.00000000E+00 0.3565E-14      5
  Time elapsed :      1.199 s

Starting search (non-adiabatic)

Finding roots
  Time elapsed :     64.329 s

Processing modes
   id    l     m    n_pg    n_p    n_g       Re(omega)       Im(omega)        chi n_iter
   13   16     0     -92      0     92  0.59066507E+00 -0.10841753E-02 0.1111E-11      9
   14   16     0     -91      0     91  0.59712794E+00 -0.10719324E-02 0.3105E-12      7
   15   16     0     -90      0     90  0.60362919E+00 -0.10523026E-02 0.1177E-11      8
   16   16     0     -89      0     89  0.61008819E+00 -0.10193040E-02 0.6427E-12      9
   17   16     0     -88      0     88  0.61640708E+00 -0.97774408E-03 0.9316E-13      8
   18   16     0     -87      0     87  0.62261993E+00 -0.96473814E-03 0.1198E-11      6
   19   16     0     -86      0     86  0.62901745E+00 -0.10026356E-02 0.6986E-12      7
   20   16     0     -85      0     85  0.63583528E+00 -0.10531545E-02 0.1006E-11      8
   21   16     0     -84      0     84  0.64306435E+00 -0.10901890E-02 0.1271E-11      7
   22   16     0     -83      0     83  0.65062227E+00 -0.11147481E-02 0.1056E-11      9
   23   16     0     -82      0     82  0.65845121E+00 -0.11326707E-02 0.5073E-12      7
   24   16     0     -81      0     81  0.66652032E+00 -0.11484710E-02 0.5723E-12      7
   25   16     0     -80      0     80  0.67481382E+00 -0.11649944E-02 0.9472E-12      7
   26   16     0     -79      0     79  0.68332415E+00 -0.11836753E-02 0.9259E-12      8
   27   16     0     -78      0     78  0.69204672E+00 -0.12047020E-02 0.1493E-11      8
   28   16     0     -77      0     77  0.70097659E+00 -0.12269827E-02 0.7750E-12      7
   29   16     0     -76      0     76  0.71010598E+00 -0.12478026E-02 0.4569E-12      7
   30   16     0     -75      0     75  0.71942010E+00 -0.12630153E-02 0.6319E-12      9
   31   16     0     -74      0     74  0.72888646E+00 -0.12670053E-02 0.1238E-11      7
   32   16     0     -73      0     73  0.73843453E+00 -0.12510317E-02 0.6865E-12      7
   33   16     0     -72      0     72  0.74791624E+00 -0.12027915E-02 0.2007E-11      9
   34   16     0     -71      0     71  0.75710166E+00 -0.11252366E-02 0.1562E-11      8
   35   16     0     -70      0     70  0.76601131E+00 -0.10902973E-02 0.9779E-12      6
   36   16     0     -69      0     69  0.77529553E+00 -0.11369872E-02 0.6964E-12      7
   37   16     0     -68      0     68  0.78540356E+00 -0.11793787E-02 0.2439E-11      8
   38   16     0     -67      0     67  0.79622897E+00 -0.11805584E-02 0.1384E-11      7
   39   16     0     -69      0     69  0.80759927E+00 -0.11482192E-02 0.1635E-11      8
   40   16     0     -66      0     66  0.81942676E+00 -0.10914605E-02 0.1013E-11      5
   41   16     0     -65      0     65  0.83168036E+00 -0.10166505E-02 0.1286E-11      6
   42   16     0     -64      0     64  0.84435724E+00 -0.92980819E-03 0.2979E-11      8
   43   16     0     -63      0     63  0.85746616E+00 -0.83716627E-03 0.1469E-11      8
   44   16     0     -62      0     62  0.87101866E+00 -0.74408273E-03 0.4846E-12      7
   45   16     0     -61      0     61  0.88502527E+00 -0.65417780E-03 0.2379E-11      6
   46   16     0     -60      0     60  0.89949537E+00 -0.56961662E-03 0.2485E-11      6
   47   16     0     -59      0     59  0.91443405E+00 -0.49175280E-03 0.1942E-11      8
   48   16     0     -58      0     58  0.92983667E+00 -0.42127237E-03 0.2044E-11      5
   49   16     0     -57      0     57  0.94567811E+00 -0.35818874E-03 0.1043E-11      7
   50   16     0     -56      0     56  0.96189371E+00 -0.30173311E-03 0.6306E-11      6
   51   16     0     -55      0     55  0.97833916E+00 -0.25062711E-03 0.6813E-11      6
   52   16     0     -54      0     54  0.99472855E+00 -0.20404473E-03 0.3281E-11      5
   53   16     0     -53      0     53  0.10107379E+01 -0.16555018E-03 0.2665E-11      5
   54   16     0     -52      0     52  0.10267166E+01 -0.14282008E-03 0.3156E-11      6
   55   16     0     -51      0     51  0.10438115E+01 -0.12970458E-03 0.2384E-10      7
   56   16     0     -50      0     50  0.10625164E+01 -0.11594471E-03 0.3719E-11      5
   57   16     0     -49      0     49  0.10826246E+01 -0.10132164E-03 0.1004E-10      7
   58   16     0     -48      0     48  0.11039076E+01 -0.87573679E-04 0.3922E-10      6
   59   16     0     -47      0     47  0.11262552E+01 -0.75287521E-04 0.1310E-10      5
   60   16     0     -46      0     46  0.11496373E+01 -0.64411647E-04 0.1811E-10      5
   61   16     0     -45      0     45  0.11740694E+01 -0.54782942E-04 0.2464E-10      7
   62   16     0     -44      0     44  0.11995916E+01 -0.46286600E-04 0.9146E-10      6
   63   16     0     -43      0     43  0.12262579E+01 -0.38861770E-04 0.3120E-10      6
   64   16     0     -42      0     42  0.12541292E+01 -0.32471826E-04 0.4115E-10      6
   65   16     0     -41      0     41  0.12832673E+01 -0.27079859E-04 0.1069E-11      5
   66   16     0     -40      0     40  0.13137246E+01 -0.22602713E-04 0.4284E-10      5
   67   16     0     -39      0     39  0.13455436E+01 -0.18892802E-04 0.2986E-10      8
   68   16     0     -38      0     38  0.13787673E+01 -0.15764160E-04 0.2085E-09      6
   69   16     0     -37      0     37  0.14134619E+01 -0.13055573E-04 0.5726E-10      7
   70   16     0     -36      0     36  0.14497212E+01 -0.10696633E-04 0.1190E-09      5
   71   16     0     -35      0     35  0.14876234E+01 -0.86926795E-05 0.3692E-09      4
   72   16     0     -33      0     33  0.15271486E+01 -0.70314051E-05 0.8577E-10      5
   73   16     0     -32      0     32  0.15681243E+01 -0.56318541E-05 0.1001E-09      5
   74   16     0     -31      0     31  0.16101534E+01 -0.43916880E-05 0.2603E-09      5
  Time elapsed :      4.147 s

Mode Search
-----------

Mode parameters
   l : 17
   m : 0

Building frequency grid (REAL axis)
   added scan interval :  0.5210E+00 ->  0.2105E+01 (3000 points, INVERSE)

Building spatial grid
   Scaffold grid from model
   Split 17 subinterval(s) in iteration 1
   Split 26 subinterval(s) in iteration 2
   Split 0 subinterval(s) in iteration 3
   Final grid has 1 segment(s) and 7263 point(s):
      Segment 1 : x range 0.0000 -> 1.0009 (1 -> 7263)

Starting search (adiabatic)

Scanning frequencies
  Time elapsed :    35.010 s

Finding roots
  Time elapsed :      4.718 s

Processing modes
   id    l     m    n_pg    n_p    n_g       Re(omega)       Im(omega)        chi n_iter
   96   17     0     -98      0     98  0.58752445E+00  0.00000000E+00 0.4133E-12      5
   97   17     0     -97      0     97  0.59362768E+00  0.00000000E+00 0.1024E-12      5
   98   17     0     -96      0     96  0.59985743E+00  0.00000000E+00 0.1543E-13      5
   99   17     0     -95      0     95  0.60621280E+00  0.00000000E+00 0.2329E-12      4
  100   17     0     -94      0     94  0.61269151E+00  0.00000000E+00 0.2295E-13      5
  101   17     0     -93      0     93  0.61928734E+00  0.00000000E+00 0.1812E-12      5
  102   17     0     -92      0     92  0.62598591E+00  0.00000000E+00 0.5891E-12      5
  103   17     0     -91      0     91  0.63275723E+00  0.00000000E+00 0.2002E-12      5
  104   17     0     -90      0     90  0.63954161E+00  0.00000000E+00 0.4106E-13      6
  105   17     0     -89      0     89  0.64624025E+00  0.00000000E+00 0.2796E-12      5
  106   17     0     -88      0     88  0.65277636E+00  0.00000000E+00 0.6604E-12      5
  107   17     0     -87      0     87  0.65929507E+00  0.00000000E+00 0.1160E-12      5
  108   17     0     -86      0     86  0.66613130E+00  0.00000000E+00 0.3769E-12      5
  109   17     0     -85      0     85  0.67342638E+00  0.00000000E+00 0.2590E-14      5
  110   17     0     -84      0     84  0.68111900E+00  0.00000000E+00 0.8773E-12      5
  111   17     0     -83      0     83  0.68912772E+00  0.00000000E+00 0.1359E-12      5
  112   17     0     -82      0     82  0.69740357E+00  0.00000000E+00 0.3901E-12      5
  113   17     0     -81      0     81  0.70592148E+00  0.00000000E+00 0.9198E-13      5
  114   17     0     -80      0     80  0.71466893E+00  0.00000000E+00 0.2117E-12      5
  115   17     0     -79      0     79  0.72364001E+00  0.00000000E+00 0.1197E-12      5
  116   17     0     -78      0     78  0.73283063E+00  0.00000000E+00 0.4081E-12      5
  117   17     0     -77      0     77  0.74223515E+00  0.00000000E+00 0.1983E-12      5
  118   17     0     -76      0     76  0.75184312E+00  0.00000000E+00 0.6951E-12      5
  119   17     0     -75      0     75  0.76163307E+00  0.00000000E+00 0.6526E-13      5
  120   17     0     -74      0     74  0.77155764E+00  0.00000000E+00 0.5523E-13      5
  121   17     0     -73      0     73  0.78151534E+00  0.00000000E+00 0.3004E-12      6
  122   17     0     -72      0     72  0.79131070E+00  0.00000000E+00 0.6023E-13      6
  123   17     0     -71      0     71  0.80074906E+00  0.00000000E+00 0.9223E-13      5
  124   17     0     -70      0     70  0.81013168E+00  0.00000000E+00 0.6552E-12      5
  125   17     0     -69      0     69  0.82016801E+00  0.00000000E+00 0.9229E-13      6
  126   17     0     -68      0     68  0.83104227E+00  0.00000000E+00 0.5410E-12      6
  127   17     0     -67      0     67  0.84257436E+00  0.00000000E+00 0.4321E-13      5
  128   17     0     -66      0     66  0.85461963E+00  0.00000000E+00 0.2054E-13      5
  129   17     0     -65      0     65  0.86711308E+00  0.00000000E+00 0.5867E-12      5
  130   17     0     -64      0     64  0.88003534E+00  0.00000000E+00 0.4948E-12      5
  131   17     0     -63      0     63  0.89339023E+00  0.00000000E+00 0.1137E-12      5
  132   17     0     -62      0     62  0.90719080E+00  0.00000000E+00 0.8689E-12      5
  133   17     0     -61      0     61  0.92145159E+00  0.00000000E+00 0.5385E-13      5
  134   17     0     -60      0     60  0.93618524E+00  0.00000000E+00 0.1955E-12      5
  135   17     0     -59      0     59  0.95140225E+00  0.00000000E+00 0.2312E-12      5
  136   17     0     -58      0     58  0.96710738E+00  0.00000000E+00 0.1604E-12      5
  137   17     0     -57      0     57  0.98329368E+00  0.00000000E+00 0.6961E-14      5
  138   17     0     -56      0     56  0.99993077E+00  0.00000000E+00 0.1759E-12      5
  139   17     0     -55      0     55  0.10169441E+01  0.00000000E+00 0.1814E-13      5
  140   17     0     -54      0     54  0.10341712E+01  0.00000000E+00 0.5665E-12      6
  141   17     0     -53      0     53  0.10513022E+01  0.00000000E+00 0.4393E-12      5
  142   17     0     -52      0     52  0.10680365E+01  0.00000000E+00 0.6148E-13      5
  143   17     0     -51      0     51  0.10848475E+01  0.00000000E+00 0.9583E-13      6
  144   17     0     -50      0     50  0.11029055E+01  0.00000000E+00 0.9441E-13      6
  145   17     0     -49      0     49  0.11226183E+01  0.00000000E+00 0.3374E-12      6
  146   17     0     -48      0     48  0.11437534E+01  0.00000000E+00 0.1541E-12      5
  147   17     0     -47      0     47  0.11660864E+01  0.00000000E+00 0.4403E-13      6
  148   17     0     -46      0     46  0.11895117E+01  0.00000000E+00 0.6690E-14      5
  149   17     0     -45      0     45  0.12140027E+01  0.00000000E+00 0.1519E-12      5
  150   17     0     -44      0     44  0.12395773E+01  0.00000000E+00 0.1112E-12      5
  151   17     0     -43      0     43  0.12662773E+01  0.00000000E+00 0.6951E-12      5
  152   17     0     -42      0     42  0.12941580E+01  0.00000000E+00 0.1554E-12      5
  153   17     0     -41      0     41  0.13232806E+01  0.00000000E+00 0.2712E-12      5
  154   17     0     -40      0     40  0.13537047E+01  0.00000000E+00 0.2021E-13      5
  155   17     0     -39      0     39  0.13854774E+01  0.00000000E+00 0.3561E-12      5
  156   17     0     -38      0     38  0.14186365E+01  0.00000000E+00 0.1228E-12      5
  157   17     0     -37      0     37  0.14532257E+01  0.00000000E+00 0.1146E-12      5
  158   17     0     -36      0     36  0.14893199E+01  0.00000000E+00 0.1516E-12      5
  159   17     0     -35      0     35  0.15270196E+01  0.00000000E+00 0.3309E-12      5
  160   17     0     -34      0     34  0.15663937E+01  0.00000000E+00 0.2952E-12      5
  161   17     0     -33      0     33  0.16074048E+01  0.00000000E+00 0.7431E-13      5
  Time elapsed :      1.371 s

Starting search (non-adiabatic)

Finding roots
  Time elapsed :     72.335 s

Processing modes
   id    l     m    n_pg    n_p    n_g       Re(omega)       Im(omega)        chi n_iter
   96   17     0     -98      0     98  0.58713393E+00 -0.11787367E-02 0.7672E-12      8
   97   17     0     -97      0     97  0.59326153E+00 -0.11679086E-02 0.1044E-11     10
   98   17     0     -96      0     96  0.59951620E+00 -0.11565966E-02 0.1360E-11      6
   99   17     0     -95      0     95  0.60589680E+00 -0.11453919E-02 0.9197E-12      7
  100   17     0     -94      0     94  0.61240082E+00 -0.11345612E-02 0.1301E-11      7
  101   17     0     -93      0     93  0.61902189E+00 -0.11236910E-02 0.6970E-12      7
  102   17     0     -92      0     92  0.62574572E+00 -0.11111840E-02 0.3704E-12      7
  103   17     0     -91      0     91  0.63254267E+00 -0.10941942E-02 0.1162E-11      6
  104   17     0     -90      0     90  0.63935336E+00 -0.10674987E-02 0.1436E-11      8
  105   17     0     -89      0     89  0.64607821E+00 -0.10262726E-02 0.7956E-12      7
  106   17     0     -88      0     88  0.65263467E+00 -0.98631075E-03 0.7756E-12      8
  107   17     0     -87      0     87  0.65916308E+00 -0.99206187E-03 0.9973E-12      8
  108   17     0     -86      0     86  0.66600742E+00 -0.10404687E-02 0.4924E-12      8
  109   17     0     -85      0     85  0.67331498E+00 -0.10870769E-02 0.6510E-12      7
  110   17     0     -84      0     84  0.68102301E+00 -0.11180192E-02 0.5506E-12      8
  111   17     0     -83      0     83  0.68904850E+00 -0.11380817E-02 0.1382E-11      9
  112   17     0     -82      0     82  0.69734180E+00 -0.11528557E-02 0.1108E-11      8
  113   17     0     -81      0     81  0.70587744E+00 -0.11663274E-02 0.1309E-11      7
  114   17     0     -80      0     80  0.71464243E+00 -0.11810014E-02 0.1062E-11      7
  115   17     0     -79      0     79  0.72363039E+00 -0.11981133E-02 0.1001E-11      6
  116   17     0     -78      0     78  0.73283670E+00 -0.12176960E-02 0.1348E-11      8
  117   17     0     -77      0     77  0.74225509E+00 -0.12384615E-02 0.6921E-12      8
  118   17     0     -76      0     76  0.75187459E+00 -0.12574021E-02 0.5698E-12      7
  119   17     0     -75      0     75  0.76167351E+00 -0.12698581E-02 0.1449E-11      7
  120   17     0     -74      0     74  0.77160454E+00 -0.12690764E-02 0.8297E-12      8
  121   17     0     -73      0     73  0.78156637E+00 -0.12443110E-02 0.9208E-12      7
  122   17     0     -72      0     72  0.79136309E+00 -0.11844799E-02 0.1583E-11      8
  123   17     0     -71      0     71  0.80079743E+00 -0.11164101E-02 0.2271E-11      8
  124   17     0     -70      0     70  0.81017553E+00 -0.11243644E-02 0.4959E-12      7
  125   17     0     -69      0     69  0.82021496E+00 -0.11837095E-02 0.1451E-11      8
  126   17     0     -68      0     68  0.83109339E+00 -0.12151425E-02 0.7236E-12      9
  127   17     0     -67      0     67  0.84262766E+00 -0.12080158E-02 0.7187E-12      7
  128   17     0     -67      1     68  0.85467434E+00 -0.11713701E-02 0.2160E-11      9
  129   17     0     -66      0     66  0.86716989E+00 -0.11118757E-02 0.9569E-12      7
  130   17     0     -65      0     65  0.88009576E+00 -0.10346177E-02 0.8748E-12      6
  131   17     0     -64      0     64  0.89345578E+00 -0.94524727E-03 0.1406E-11      8
  132   17     0     -63      0     63  0.90726228E+00 -0.85001358E-03 0.1492E-11      6
  133   17     0     -62      0     62  0.92152868E+00 -0.75435394E-03 0.3589E-11      7
  134   17     0     -61      0     61  0.93626665E+00 -0.66196281E-03 0.7826E-12      8
  135   17     0     -60      0     60  0.95148608E+00 -0.57512563E-03 0.1299E-11      7
  136   17     0     -59      0     59  0.96719149E+00 -0.49530465E-03 0.7486E-12      6
  137   17     0     -58      0     58  0.98337602E+00 -0.42322479E-03 0.1719E-11      6
  138   17     0     -57      0     57  0.10000095E+01 -0.35884401E-03 0.1765E-11      6
  139   17     0     -56      0     56  0.10170176E+01 -0.30130134E-03 0.8201E-12      6
  140   17     0     -55      0     55  0.10342379E+01 -0.24928720E-03 0.1906E-11      7
  141   17     0     -54      0     54  0.10513608E+01 -0.20222685E-03 0.3358E-11      6
  142   17     0     -53      0     53  0.10680875E+01 -0.16439594E-03 0.5640E-11      6
  143   17     0     -52      0     52  0.10848944E+01 -0.14260696E-03 0.4441E-11      7
  144   17     0     -51      0     51  0.11029506E+01 -0.12913905E-03 0.8640E-11      7
  145   17     0     -50      0     50  0.11226607E+01 -0.11485478E-03 0.2886E-11      5
  146   17     0     -49      0     49  0.11437923E+01 -0.10004667E-03 0.2743E-10      6
  147   17     0     -48      0     48  0.11661215E+01 -0.86291842E-04 0.1097E-10      6
  148   17     0     -47      0     47  0.11895432E+01 -0.74049054E-04 0.1049E-10      7
  149   17     0     -46      0     46  0.12140307E+01 -0.63227000E-04 0.5427E-11      6
  150   17     0     -45      0     45  0.12396019E+01 -0.53662210E-04 0.3688E-10      7
  151   17     0     -44      0     44  0.12662988E+01 -0.45245453E-04 0.3630E-10      5
  152   17     0     -43      0     43  0.12941765E+01 -0.37919441E-04 0.6021E-10      6
  153   17     0     -42      0     42  0.13232965E+01 -0.31649515E-04 0.2949E-10      4
  154   17     0     -41      0     41  0.13537183E+01 -0.26393703E-04 0.8336E-11      8
  155   17     0     -40      0     40  0.13854891E+01 -0.22051907E-04 0.9774E-11      6
  156   17     0     -39      0     39  0.14186466E+01 -0.18456514E-04 0.2815E-10      5
  157   17     0     -38      0     38  0.14532344E+01 -0.15411353E-04 0.9735E-10      5
  158   17     0     -37      0     37  0.14893272E+01 -0.12767012E-04 0.7797E-10      5
  159   17     0     -36      0     36  0.15270258E+01 -0.10476739E-04 0.2915E-09      6
  160   17     0     -34      0     34  0.15663989E+01 -0.85533370E-05 0.2127E-09      5
  161   17     0     -33      0     33  0.16074092E+01 -0.69663078E-05 0.9401E-09      5
  Time elapsed :      4.252 s

Mode Search
-----------

Mode parameters
   l : 18
   m : 0

Building frequency grid (REAL axis)
   added scan interval :  0.5210E+00 ->  0.2105E+01 (3000 points, INVERSE)

Building spatial grid
   Scaffold grid from model
   Split 20 subinterval(s) in iteration 1
   Split 28 subinterval(s) in iteration 2
   Split 0 subinterval(s) in iteration 3
   Final grid has 1 segment(s) and 7268 point(s):
      Segment 1 : x range 0.0000 -> 1.0009 (1 -> 7268)

Starting search (adiabatic)

Scanning frequencies
  Time elapsed :    34.907 s

Finding roots
  Time elapsed :      4.979 s

Processing modes
   id    l     m    n_pg    n_p    n_g       Re(omega)       Im(omega)        chi n_iter
  184   18     0    -104      0    104  0.58484799E+00  0.00000000E+00 0.8659E-13      5
  185   18     0    -103      0    103  0.59036240E+00  0.00000000E+00 0.3410E-12      5
  186   18     0    -102      0    102  0.59606812E+00  0.00000000E+00 0.2105E-12      5
  187   18     0    -101      0    101  0.60194000E+00  0.00000000E+00 0.6382E-13      5
  188   18     0    -100      0    100  0.60796211E+00  0.00000000E+00 0.1347E-12      5
  189   18     0     -99      0     99  0.61412470E+00  0.00000000E+00 0.8056E-13      5
  190   18     0     -98      0     98  0.62042243E+00  0.00000000E+00 0.3121E-12      5
  191   18     0     -97      0     97  0.62685259E+00  0.00000000E+00 0.1008E-12      5
  192   18     0     -96      0     96  0.63341378E+00  0.00000000E+00 0.1530E-12      5
  193   18     0     -95      0     95  0.64010445E+00  0.00000000E+00 0.5076E-12      5
  194   18     0     -94      0     94  0.64692104E+00  0.00000000E+00 0.1420E-11      5
  195   18     0     -93      0     93  0.65385464E+00  0.00000000E+00 0.8487E-12      5
  196   18     0     -92      0     92  0.66088554E+00  0.00000000E+00 0.1266E-12      5
  197   18     0     -91      0     91  0.66797324E+00  0.00000000E+00 0.4151E-13      5
  198   18     0     -90      0     90  0.67503974E+00  0.00000000E+00 0.6227E-13      6
  199   18     0     -89      0     89  0.68197252E+00  0.00000000E+00 0.2769E-12      6
  200   18     0     -88      0     88  0.68874770E+00  0.00000000E+00 0.2914E-12      5
  201   18     0     -87      0     87  0.69563012E+00  0.00000000E+00 0.7039E-12      5
  202   18     0     -86      0     86  0.70293876E+00  0.00000000E+00 0.1485E-12      6
  203   18     0     -85      0     85  0.71071794E+00  0.00000000E+00 0.3044E-14      5
  204   18     0     -84      0     84  0.71887788E+00  0.00000000E+00 0.3491E-12      5
  205   18     0     -83      0     83  0.72734371E+00  0.00000000E+00 0.1138E-11      5
  206   18     0     -82      0     82  0.73607454E+00  0.00000000E+00 0.1596E-12      5
  207   18     0     -81      0     81  0.74504994E+00  0.00000000E+00 0.2437E-12      5
  208   18     0     -80      0     80  0.75425957E+00  0.00000000E+00 0.3835E-12      5
  209   18     0     -79      0     79  0.76369827E+00  0.00000000E+00 0.2616E-12      5
  210   18     0     -78      0     78  0.77336151E+00  0.00000000E+00 0.5282E-13      5
  211   18     0     -77      0     77  0.78324171E+00  0.00000000E+00 0.4169E-12      5
  212   18     0     -76      0     76  0.79332426E+00  0.00000000E+00 0.1914E-12      5
  213   18     0     -75      0     75  0.80357868E+00  0.00000000E+00 0.5325E-13      6
  214   18     0     -74      0     74  0.81393849E+00  0.00000000E+00 0.2010E-12      5
  215   18     0     -73      0     73  0.82426532E+00  0.00000000E+00 0.3546E-12      5
  216   18     0     -72      0     72  0.83433064E+00  0.00000000E+00 0.3388E-12      6
  217   18     0     -71      0     71  0.84406752E+00  0.00000000E+00 0.1152E-12      5
  218   18     0     -70      0     70  0.85404266E+00  0.00000000E+00 0.1353E-12      5
  219   18     0     -69      0     69  0.86483986E+00  0.00000000E+00 0.3247E-13      6
  220   18     0     -68      0     68  0.87643672E+00  0.00000000E+00 0.4199E-12      5
  221   18     0     -67      0     67  0.88864191E+00  0.00000000E+00 0.1932E-13      6
  222   18     0     -66      0     66  0.90134024E+00  0.00000000E+00 0.1752E-12      5
  223   18     0     -65      0     65  0.91448468E+00  0.00000000E+00 0.1909E-12      5
  224   18     0     -64      0     64  0.92806501E+00  0.00000000E+00 0.5802E-13      5
  225   18     0     -63      0     63  0.94208992E+00  0.00000000E+00 0.1899E-12      5
  226   18     0     -62      0     62  0.95657498E+00  0.00000000E+00 0.2490E-12      5
  227   18     0     -61      0     61  0.97153595E+00  0.00000000E+00 0.6904E-13      5
  228   18     0     -60      0     60  0.98698627E+00  0.00000000E+00 0.6080E-13      5
  229   18     0     -59      0     59  0.10029367E+01  0.00000000E+00 0.9180E-13      5
  230   18     0     -58      0     58  0.10193913E+01  0.00000000E+00 0.1414E-12      5
  231   18     0     -57      0     57  0.10363408E+01  0.00000000E+00 0.5368E-12      5
  232   18     0     -56      0     56  0.10537498E+01  0.00000000E+00 0.3935E-13      5
  233   18     0     -55      0     55  0.10715349E+01  0.00000000E+00 0.3607E-12      6
  234   18     0     -54      0     54  0.10895173E+01  0.00000000E+00 0.2441E-12      6
  235   18     0     -53      0     53  0.11073684E+01  0.00000000E+00 0.4688E-12      5
  236   18     0     -52      0     52  0.11248158E+01  0.00000000E+00 0.4774E-12      5
  237   18     0     -51      0     51  0.11424386E+01  0.00000000E+00 0.3625E-12      5
  238   18     0     -50      0     50  0.11614144E+01  0.00000000E+00 0.2680E-12      6
  239   18     0     -49      0     49  0.11820829E+01  0.00000000E+00 0.3974E-13      6
  240   18     0     -48      0     48  0.12041940E+01  0.00000000E+00 0.1054E-12      5
  241   18     0     -47      0     47  0.12275260E+01  0.00000000E+00 0.2461E-12      5
  242   18     0     -46      0     46  0.12519765E+01  0.00000000E+00 0.1396E-12      5
  243   18     0     -45      0     45  0.12775215E+01  0.00000000E+00 0.5553E-13      5
  244   18     0     -44      0     44  0.13041806E+01  0.00000000E+00 0.1905E-12      6
  245   18     0     -43      0     43  0.13319969E+01  0.00000000E+00 0.1769E-12      6
  246   18     0     -42      0     42  0.13610266E+01  0.00000000E+00 0.1535E-13      5
  247   18     0     -41      0     41  0.13913304E+01  0.00000000E+00 0.4537E-13      5
  248   18     0     -40      0     40  0.14229636E+01  0.00000000E+00 0.1102E-12      5
  249   18     0     -39      0     39  0.14559671E+01  0.00000000E+00 0.1290E-12      5
  250   18     0     -38      0     38  0.14903738E+01  0.00000000E+00 0.5433E-13      5
  251   18     0     -37      0     37  0.15262302E+01  0.00000000E+00 0.1481E-12      5
  252   18     0     -36      0     36  0.15636215E+01  0.00000000E+00 0.2933E-13      5
  253   18     0     -35      0     35  0.16026510E+01  0.00000000E+00 0.1674E-12      5
  Time elapsed :      1.282 s

Starting search (non-adiabatic)

Finding roots
  Time elapsed :     73.612 s

Processing modes
   id    l     m    n_pg    n_p    n_g       Re(omega)       Im(omega)        chi n_iter
  184   18     0    -104      0    104  0.58436325E+00 -0.12333807E-02 0.4612E-12      8
  185   18     0    -103      0    103  0.58989288E+00 -0.12448787E-02 0.1928E-12      8
  186   18     0    -102      0    102  0.59561739E+00 -0.12481542E-02 0.6968E-12      8
  187   18     0    -101      0    101  0.60151019E+00 -0.12455203E-02 0.5877E-12      8
  188   18     0    -100      0    100  0.60755462E+00 -0.12387862E-02 0.9622E-12      8
  189   18     0     -99      0     99  0.61374056E+00 -0.12290831E-02 0.2825E-12      7
  190   18     0     -98      0     98  0.62006253E+00 -0.12172863E-02 0.6447E-12      8
  191   18     0     -97      0     97  0.62651764E+00 -0.12043119E-02 0.1401E-12     10
  192   18     0     -96      0     96  0.63310430E+00 -0.11907996E-02 0.5982E-12      7
  193   18     0     -95      0     95  0.63982078E+00 -0.11772928E-02 0.3888E-12      8
  194   18     0     -94      0     94  0.64666327E+00 -0.11639451E-02 0.1281E-11      7
  195   18     0     -93      0     93  0.65362274E+00 -0.11500960E-02 0.1760E-11      7
  196   18     0     -92      0     92  0.66067961E+00 -0.11336812E-02 0.6017E-12      9
  197   18     0     -91      0     91  0.66779367E+00 -0.11110125E-02 0.9733E-12      8
  198   18     0     -90      0     90  0.67488694E+00 -0.10760785E-02 0.6281E-12      8
  199   18     0     -89      0     89  0.68184464E+00 -0.10280805E-02 0.8560E-12      7
  200   18     0     -88      0     88  0.68863613E+00 -0.99778978E-03 0.5485E-12      6
  201   18     0     -87      0     87  0.69552756E+00 -0.10238671E-02 0.1366E-11      7
  202   18     0     -86      0     86  0.70284794E+00 -0.10759771E-02 0.1783E-11      7
  203   18     0     -85      0     85  0.71064280E+00 -0.11162216E-02 0.4561E-12     12
  204   18     0     -84      0     84  0.71882025E+00 -0.11411666E-02 0.9541E-12      7
  205   18     0     -83      0     83  0.72730439E+00 -0.11570433E-02 0.6009E-12      7
  206   18     0     -82      0     82  0.73605397E+00 -0.11688353E-02 0.2112E-11      8
  207   18     0     -81      0     81  0.74504832E+00 -0.11800345E-02 0.1429E-11      8
  208   18     0     -80      0     80  0.75427675E+00 -0.11928427E-02 0.1159E-11      6
  209   18     0     -79      0     79  0.76373369E+00 -0.12083103E-02 0.6306E-12      7
  210   18     0     -78      0     78  0.77341408E+00 -0.12263031E-02 0.8865E-12      8
  211   18     0     -77      0     77  0.78330973E+00 -0.12453014E-02 0.2719E-12      6
  212   18     0     -76      0     76  0.79340539E+00 -0.12619399E-02 0.1885E-11      9
  213   18     0     -75      0     75  0.80367017E+00 -0.12709081E-02 0.1062E-11      7
  214   18     0     -74      0     74  0.81403721E+00 -0.12640875E-02 0.8124E-12      7
  215   18     0     -73      0     73  0.82436760E+00 -0.12291974E-02 0.3500E-12      6
  216   18     0     -72      0     72  0.83443120E+00 -0.11625272E-02 0.1820E-11      8
  217   18     0     -71      0     71  0.84416208E+00 -0.11200500E-02 0.2710E-11      8
  218   18     0     -70      0     70  0.85413871E+00 -0.11621654E-02 0.2755E-11      8
  219   18     0     -69      0     69  0.86494373E+00 -0.12195610E-02 0.1281E-11      8
  220   18     0     -68      0     68  0.87654568E+00 -0.12407327E-02 0.1006E-11      8
  221   18     0     -67      0     67  0.88875240E+00 -0.12279003E-02 0.2228E-11      7
  222   18     0     -67      1     68  0.90145039E+00 -0.11884756E-02 0.7912E-12      6
  223   18     0     -68      0     68  0.91459416E+00 -0.11271591E-02 0.1727E-11      7
  224   18     0     -65      0     65  0.92817447E+00 -0.10481333E-02 0.8669E-12      9
  225   18     0     -64      0     64  0.94220025E+00 -0.95684132E-03 0.1202E-11      7
  226   18     0     -63      0     63  0.95668664E+00 -0.85958255E-03 0.3225E-12      7
  227   18     0     -62      0     62  0.97164857E+00 -0.76186021E-03 0.1562E-11      5
  228   18     0     -61      0     61  0.98709865E+00 -0.66743820E-03 0.1905E-11      6
  229   18     0     -60      0     60  0.10030472E+01 -0.57873342E-03 0.2513E-11      8
  230   18     0     -59      0     59  0.10194981E+01 -0.49732235E-03 0.3456E-11      6
  231   18     0     -58      0     58  0.10364422E+01 -0.42396498E-03 0.1800E-11      6
  232   18     0     -57      0     57  0.10538445E+01 -0.35855891E-03 0.3823E-11      7
  233   18     0     -56      0     56  0.10716215E+01 -0.30016355E-03 0.3002E-11      6
  234   18     0     -55      0     55  0.10895945E+01 -0.24746878E-03 0.1697E-11      6
  235   18     0     -54      0     54  0.11074352E+01 -0.20015943E-03 0.5990E-11      6
  236   18     0     -53      0     53  0.11248734E+01 -0.16301335E-03 0.4947E-11      5
  237   18     0     -52      0     52  0.11424915E+01 -0.14188989E-03 0.8659E-11      6
  238   18     0     -51      0     51  0.11614647E+01 -0.12809704E-03 0.1462E-10      7
  239   18     0     -50      0     50  0.11821297E+01 -0.11347827E-03 0.2195E-11      7
  240   18     0     -49      0     49  0.12042366E+01 -0.98610922E-04 0.6602E-11      5
  241   18     0     -48      0     48  0.12275643E+01 -0.84916643E-04 0.2029E-10      6
  242   18     0     -47      0     47  0.12520106E+01 -0.72754619E-04 0.3288E-10      6
  243   18     0     -46      0     46  0.12775516E+01 -0.62010571E-04 0.1203E-10      7
  244   18     0     -45      0     45  0.13042069E+01 -0.52527692E-04 0.3066E-10      5
  245   18     0     -44      0     44  0.13320198E+01 -0.44205171E-04 0.9943E-11      6
  246   18     0     -43      0     43  0.13610462E+01 -0.36991670E-04 0.1657E-10      6
  247   18     0     -42      0     42  0.13913472E+01 -0.30855535E-04 0.3711E-10      5
  248   18     0     -41      0     41  0.14229780E+01 -0.25747094E-04 0.7674E-10      5
  249   18     0     -40      0     40  0.14559794E+01 -0.21545437E-04 0.6970E-10      5
  250   18     0     -39      0     39  0.14903843E+01 -0.18061762E-04 0.5981E-10      6
  251   18     0     -38      0     38  0.15262393E+01 -0.15094178E-04 0.1145E-09      5
  252   18     0     -37      0     37  0.15636292E+01 -0.12512766E-04 0.2886E-10      4
  253   18     0     -35      1     36  0.16026575E+01 -0.10296185E-04 0.1924E-09      5
  Time elapsed :      4.365 s

Mode Search
-----------

Mode parameters
   l : 19
   m : 0

Building frequency grid (REAL axis)
   added scan interval :  0.5210E+00 ->  0.2105E+01 (3000 points, INVERSE)

Building spatial grid
   Scaffold grid from model
   Split 21 subinterval(s) in iteration 1
   Split 28 subinterval(s) in iteration 2
   Split 0 subinterval(s) in iteration 3
   Final grid has 1 segment(s) and 7269 point(s):
      Segment 1 : x range 0.0000 -> 1.0009 (1 -> 7269)

Starting search (adiabatic)

Scanning frequencies
  Time elapsed :    34.907 s

Finding roots
  Time elapsed :      5.234 s

Processing modes
   id    l     m    n_pg    n_p    n_g       Re(omega)       Im(omega)        chi n_iter
  278   19     0    -109      0    109  0.58964285E+00  0.00000000E+00 0.6928E-12      6
  279   19     0    -108      0    108  0.59469287E+00  0.00000000E+00 0.8605E-12      5
  280   19     0    -107      0    107  0.59972144E+00  0.00000000E+00 0.7931E-13      5
  281   19     0    -106      0    106  0.60484636E+00  0.00000000E+00 0.5659E-13      5
  282   19     0    -105      0    105  0.61018723E+00  0.00000000E+00 0.6617E-13      5
  283   19     0    -104      0    104  0.61577749E+00  0.00000000E+00 0.5880E-12      5
  284   19     0    -103      0    103  0.62159341E+00  0.00000000E+00 0.2813E-12      5
  285   19     0    -102      0    102  0.62760252E+00  0.00000000E+00 0.5294E-13      5
  286   19     0    -101      0    101  0.63378062E+00  0.00000000E+00 0.2066E-13      4
  287   19     0    -100      0    100  0.64011261E+00  0.00000000E+00 0.7791E-14      5
  288   19     0     -99      0     99  0.64658921E+00  0.00000000E+00 0.1806E-12      5
  289   19     0     -98      0     98  0.65320532E+00  0.00000000E+00 0.1848E-12      5
  290   19     0     -97      0     97  0.65995813E+00  0.00000000E+00 0.2456E-12      5
  291   19     0     -96      0     96  0.66684588E+00  0.00000000E+00 0.6143E-12      5
  292   19     0     -95      0     95  0.67386616E+00  0.00000000E+00 0.2678E-12      5
  293   19     0     -94      0     94  0.68101353E+00  0.00000000E+00 0.8500E-13      5
  294   19     0     -93      0     93  0.68827541E+00  0.00000000E+00 0.4893E-12      6
  295   19     0     -92      0     92  0.69562479E+00  0.00000000E+00 0.4941E-12      5
  296   19     0     -91      0     91  0.70300692E+00  0.00000000E+00 0.1269E-12      6
  297   19     0     -90      0     90  0.71032246E+00  0.00000000E+00 0.2373E-12      5
  298   19     0     -89      0     89  0.71746083E+00  0.00000000E+00 0.6920E-12      5
  299   19     0     -88      0     88  0.72449878E+00  0.00000000E+00 0.4074E-12      5
  300   19     0     -87      0     87  0.73179819E+00  0.00000000E+00 0.2269E-12      5
  301   19     0     -86      0     86  0.73959508E+00  0.00000000E+00 0.2469E-12      5
  302   19     0     -85      0     85  0.74785105E+00  0.00000000E+00 0.6172E-12      5
  303   19     0     -84      0     84  0.75646838E+00  0.00000000E+00 0.2502E-13      5
  304   19     0     -83      0     83  0.76538258E+00  0.00000000E+00 0.6763E-12      5
  305   19     0     -82      0     82  0.77456044E+00  0.00000000E+00 0.2468E-12      5
  306   19     0     -81      0     81  0.78398548E+00  0.00000000E+00 0.1694E-13      5
  307   19     0     -80      0     80  0.79364915E+00  0.00000000E+00 0.4846E-13      5
  308   19     0     -79      0     79  0.80354668E+00  0.00000000E+00 0.2508E-12      5
  309   19     0     -78      0     78  0.81367265E+00  0.00000000E+00 0.1884E-12      5
  310   19     0     -77      0     77  0.82401696E+00  0.00000000E+00 0.8584E-12      5
  311   19     0     -76      0     76  0.83455952E+00  0.00000000E+00 0.4424E-12      5
  312   19     0     -75      0     75  0.84525830E+00  0.00000000E+00 0.1042E-12      5
  313   19     0     -74      0     74  0.85602275E+00  0.00000000E+00 0.2560E-12      6
  314   19     0     -73      0     73  0.86667493E+00  0.00000000E+00 0.3696E-12      6
  315   19     0     -72      0     72  0.87699024E+00  0.00000000E+00 0.1036E-12      5
  316   19     0     -71      0     71  0.88711417E+00  0.00000000E+00 0.6056E-12      5
  317   19     0     -70      0     70  0.89775998E+00  0.00000000E+00 0.1029E-12      6
  318   19     0     -69      0     69  0.90929083E+00  0.00000000E+00 0.1736E-12      6
  319   19     0     -68      0     68  0.92156742E+00  0.00000000E+00 0.1268E-12      6
  320   19     0     -67      0     67  0.93441563E+00  0.00000000E+00 0.3082E-12      5
  321   19     0     -66      0     66  0.94774499E+00  0.00000000E+00 0.2657E-12      6
  322   19     0     -65      0     65  0.96152175E+00  0.00000000E+00 0.1436E-12      5
  323   19     0     -64      0     64  0.97574266E+00  0.00000000E+00 0.5184E-12      5
  324   19     0     -63      0     63  0.99042021E+00  0.00000000E+00 0.1941E-12      5
  325   19     0     -62      0     62  0.10055719E+01  0.00000000E+00 0.2847E-12      5
  326   19     0     -61      0     61  0.10212143E+01  0.00000000E+00 0.2507E-12      5
  327   19     0     -60      0     60  0.10373618E+01  0.00000000E+00 0.1856E-12      5
  328   19     0     -59      0     59  0.10540252E+01  0.00000000E+00 0.2546E-12      5
  329   19     0     -58      0     58  0.10712079E+01  0.00000000E+00 0.2735E-12      5
  330   19     0     -57      0     57  0.10888982E+01  0.00000000E+00 0.3375E-12      5
  331   19     0     -56      0     56  0.11070565E+01  0.00000000E+00 0.1165E-12      5
  332   19     0     -55      0     55  0.11255915E+01  0.00000000E+00 0.1767E-12      6
  333   19     0     -54      0     54  0.11443109E+01  0.00000000E+00 0.4833E-14      5
  334   19     0     -53      0     53  0.11628718E+01  0.00000000E+00 0.1621E-12      6
  335   19     0     -52      0     52  0.11810273E+01  0.00000000E+00 0.3759E-13      5
  336   19     0     -51      0     51  0.11994359E+01  0.00000000E+00 0.2213E-12      6
  337   19     0     -50      0     50  0.12192779E+01  0.00000000E+00 0.8455E-13      6
  338   19     0     -49      0     49  0.12408483E+01  0.00000000E+00 0.1069E-12      5
  339   19     0     -48      0     48  0.12638849E+01  0.00000000E+00 0.9707E-13      6
  340   19     0     -47      0     47  0.12881662E+01  0.00000000E+00 0.1697E-12      6
  341   19     0     -46      0     46  0.13135909E+01  0.00000000E+00 0.1429E-12      6
  342   19     0     -45      0     45  0.13401365E+01  0.00000000E+00 0.3994E-13      5
  343   19     0     -44      0     44  0.13678237E+01  0.00000000E+00 0.2615E-12      6
  344   19     0     -43      0     43  0.13966964E+01  0.00000000E+00 0.5012E-12      5
  345   19     0     -42      0     42  0.14268111E+01  0.00000000E+00 0.4274E-14      5
  346   19     0     -41      0     41  0.14582267E+01  0.00000000E+00 0.5090E-12      5
  347   19     0     -40      0     40  0.14909926E+01  0.00000000E+00 0.1806E-12      5
  348   19     0     -39      0     39  0.15251417E+01  0.00000000E+00 0.1251E-13      5
  349   19     0     -38      0     38  0.15607032E+01  0.00000000E+00 0.2036E-12      5
  350   19     0     -37      0     37  0.15977299E+01  0.00000000E+00 0.8910E-14      5
  351   19     0     -36      0     36  0.16363173E+01  0.00000000E+00 0.3005E-12      5
  Time elapsed :      1.545 s

Starting search (non-adiabatic)

Finding roots
  Time elapsed :     79.088 s

Processing modes
   id    l     m    n_pg    n_p    n_g       Re(omega)       Im(omega)        chi n_iter
  278   19     0    -109      1    110  0.58910464E+00 -0.13296316E-02 0.8395E-12      6
  279   19     0    -108      0    108  0.59418650E+00 -0.12758076E-02 0.5083E-12      8
  280   19     0    -107      0    107  0.59923637E+00 -0.12416400E-02 0.4412E-12      9
  281   19     0    -106      0    106  0.60437007E+00 -0.12435493E-02 0.1918E-11      8
  282   19     0    -105      0    105  0.60971785E+00 -0.12649575E-02 0.1784E-12      7
  283   19     0    -104      0    104  0.61531996E+00 -0.12831785E-02 0.8449E-12      8
  284   19     0    -103      0    103  0.62115269E+00 -0.12916751E-02 0.1168E-12      9
  285   19     0    -102      0    102  0.62718172E+00 -0.12922354E-02 0.7325E-12      9
  286   19     0    -101      0    101  0.63338156E+00 -0.12871976E-02 0.9367E-12      9
  287   19     0    -100      0    100  0.63973651E+00 -0.12782388E-02 0.1476E-11      8
  288   19     0     -99      0     99  0.64623699E+00 -0.12663753E-02 0.7448E-12      9
  289   19     0     -98      0     98  0.65287781E+00 -0.12524268E-02 0.5015E-12      8
  290   19     0     -97      0     97  0.65965600E+00 -0.12372692E-02 0.3340E-12      8
  291   19     0     -96      0     96  0.66656966E+00 -0.12214977E-02 0.6701E-12      7
  292   19     0     -95      0     95  0.67361616E+00 -0.12055875E-02 0.1457E-11      9
  293   19     0     -94      0     94  0.68078987E+00 -0.11895352E-02 0.3393E-12      7
  294   19     0     -93      0     93  0.68807809E+00 -0.11723468E-02 0.1652E-11      8
  295   19     0     -92      0     92  0.69545395E+00 -0.11513334E-02 0.1084E-11     10
  296   19     0     -91      0     91  0.70286289E+00 -0.11217976E-02 0.1671E-11      7
  297   19     0     -90      0     90  0.71020496E+00 -0.10778011E-02 0.1449E-11      8
  298   19     0     -89      0     89  0.71736545E+00 -0.10275028E-02 0.7348E-12      7
  299   19     0     -88      0     88  0.72441620E+00 -0.10156948E-02 0.5302E-12      7
  300   19     0     -87      0     87  0.73172654E+00 -0.10582194E-02 0.8765E-12      7
  301   19     0     -86      0     86  0.73953891E+00 -0.11077533E-02 0.7116E-12      7
  302   19     0     -85      0     85  0.74781302E+00 -0.11406036E-02 0.7814E-12      8
  303   19     0     -84      0     84  0.75644946E+00 -0.11599289E-02 0.1049E-11      6
  304   19     0     -83      0     83  0.76538317E+00 -0.11719403E-02 0.4666E-12      6
  305   19     0     -82      0     82  0.77458081E+00 -0.11809124E-02 0.2089E-12      8
  306   19     0     -81      0     81  0.78402580E+00 -0.11899037E-02 0.9818E-12      9
  307   19     0     -80      0     80  0.79370931E+00 -0.12008477E-02 0.7436E-12      7
  308   19     0     -79      0     79  0.80362624E+00 -0.12146188E-02 0.2373E-11      6
  309   19     0     -78      0     78  0.81377063E+00 -0.12309006E-02 0.5979E-12      8
  310   19     0     -77      0     77  0.82413171E+00 -0.12479034E-02 0.3377E-12      7
  311   19     0     -76      0     76  0.83468864E+00 -0.12618345E-02 0.9956E-12      8
  312   19     0     -75      0     75  0.84539870E+00 -0.12665936E-02 0.6894E-12      8
  313   19     0     -74      0     74  0.85617046E+00 -0.12526035E-02 0.1456E-11      7
  314   19     0     -73      0     73  0.86682449E+00 -0.12076697E-02 0.5957E-12     10
  315   19     0     -72      0     72  0.87713492E+00 -0.11433476E-02 0.2583E-11      8
  316   19     0     -71      0     71  0.88725549E+00 -0.11349630E-02 0.1639E-11      6
  317   19     0     -70      0     70  0.89791006E+00 -0.11954144E-02 0.4430E-11      8
  318   19     0     -69      0     69  0.90945147E+00 -0.12447988E-02 0.1061E-11      7
  319   19     0     -68      0     68  0.92173338E+00 -0.12580380E-02 0.2032E-11      9
  320   19     0     -67      0     67  0.93458236E+00 -0.12414812E-02 0.2282E-12      7
  321   19     0     -66      1     67  0.94790964E+00 -0.12003756E-02 0.2002E-12      7
  322   19     0     -68      0     68  0.96168300E+00 -0.11379388E-02 0.1510E-11      7
  323   19     0     -65      0     65  0.97590028E+00 -0.10577163E-02 0.2486E-11      9
  324   19     0     -64      0     64  0.99057447E+00 -0.96504426E-03 0.1062E-11      7
  325   19     0     -63      0     63  0.10057229E+01 -0.86627774E-03 0.2202E-12      8
  326   19     0     -62      0     62  0.10213617E+01 -0.76696179E-03 0.5077E-12      7
  327   19     0     -61      0     61  0.10375043E+01 -0.67092538E-03 0.5615E-12      6
  328   19     0     -60      0     60  0.10541616E+01 -0.58072846E-03 0.6591E-12      6
  329   19     0     -59      0     59  0.10713367E+01 -0.49806458E-03 0.4860E-11      8
  330   19     0     -58      0     58  0.10890181E+01 -0.42372192E-03 0.3313E-11      6
  331   19     0     -57      0     57  0.11071664E+01 -0.35753337E-03 0.3642E-11      5
  332   19     0     -56      0     56  0.11256904E+01 -0.29849503E-03 0.3746E-11      6
  333   19     0     -55      0     55  0.11443980E+01 -0.24532422E-03 0.1655E-11      6
  334   19     0     -54      0     54  0.11629464E+01 -0.19793810E-03 0.9462E-11      5
  335   19     0     -53      0     53  0.11810913E+01 -0.16139130E-03 0.2850E-11      6
  336   19     0     -52      0     52  0.11994944E+01 -0.14068764E-03 0.1868E-10      8
  337   19     0     -51      0     51  0.12193330E+01 -0.12665706E-03 0.7695E-11      6
  338   19     0     -50      0     50  0.12408992E+01 -0.11188557E-03 0.1079E-10      6
  339   19     0     -49      0     49  0.12639310E+01 -0.97067988E-04 0.1807E-10      6
  340   19     0     -48      0     48  0.12882074E+01 -0.83488878E-04 0.1496E-10      6
  341   19     0     -47      0     47  0.13136274E+01 -0.71435791E-04 0.1574E-10      6
  342   19     0     -46      0     46  0.13401685E+01 -0.60787146E-04 0.2599E-10      7
  343   19     0     -45      0     45  0.13678516E+01 -0.51398838E-04 0.1558E-10      6
  344   19     0     -44      0     44  0.13967205E+01 -0.43181353E-04 0.5140E-10      6
  345   19     0     -43      0     43  0.14268317E+01 -0.36091848E-04 0.1749E-10      5
  346   19     0     -42      0     42  0.14582443E+01 -0.30101764E-04 0.3450E-10      5
  347   19     0     -41      0     41  0.14910077E+01 -0.25149509E-04 0.1692E-09      5
  348   19     0     -40      0     40  0.15251546E+01 -0.21088993E-04 0.7685E-10      4
  349   19     0     -39      0     39  0.15607142E+01 -0.17710379E-04 0.6264E-10      4
  350   19     0     -38      0     38  0.15977393E+01 -0.14813138E-04 0.4352E-10      4
  351   19     0     -36      0     36  0.16363253E+01 -0.12295195E-04 0.1941E-09      5
  Time elapsed :      4.559 s

Mode Search
-----------

Mode parameters
   l : 20
   m : 0

Building frequency grid (REAL axis)
   added scan interval :  0.5210E+00 ->  0.2105E+01 (3000 points, INVERSE)

Building spatial grid
   Scaffold grid from model
   Split 24 subinterval(s) in iteration 1
   Split 29 subinterval(s) in iteration 2
   Split 0 subinterval(s) in iteration 3
   Final grid has 1 segment(s) and 7273 point(s):
      Segment 1 : x range 0.0000 -> 1.0009 (1 -> 7273)

Starting search (adiabatic)

Scanning frequencies
  Time elapsed :    34.798 s

Finding roots
  Time elapsed :      5.414 s

Processing modes
   id    l     m    n_pg    n_p    n_g       Re(omega)       Im(omega)        chi n_iter
  377   20     0    -115      0    115  0.58749069E+00  0.00000000E+00 0.3150E-12      5
  378   20     0    -114      0    114  0.59266345E+00  0.00000000E+00 0.6281E-14      5
  379   20     0    -113      0    113  0.59790252E+00  0.00000000E+00 0.8676E-12      5
  380   20     0    -112      0    112  0.60319722E+00  0.00000000E+00 0.4520E-12      5
  381   20     0    -111      0    111  0.60852989E+00  0.00000000E+00 0.1550E-12      5
  382   20     0    -110      0    110  0.61387191E+00  0.00000000E+00 0.4275E-13      6
  383   20     0    -109      0    109  0.61918449E+00  0.00000000E+00 0.2343E-12      5
  384   20     0    -108      0    108  0.62444376E+00  0.00000000E+00 0.1093E-12      5
  385   20     0    -107      0    107  0.62970046E+00  0.00000000E+00 0.3734E-13      5
  386   20     0    -106      0    106  0.63508985E+00  0.00000000E+00 0.5786E-12      5
  387   20     0    -105      0    105  0.64072010E+00  0.00000000E+00 0.1375E-12      6
  388   20     0    -104      0    104  0.64660744E+00  0.00000000E+00 0.8731E-13      5
  389   20     0    -103      0    103  0.65272199E+00  0.00000000E+00 0.2050E-12      5
  390   20     0    -102      0    102  0.65903125E+00  0.00000000E+00 0.1420E-11      5
  391   20     0    -101      0    101  0.66551209E+00  0.00000000E+00 0.1482E-12      5
  392   20     0    -100      0    100  0.67215027E+00  0.00000000E+00 0.1815E-12      5
  393   20     0     -99      0     99  0.67893692E+00  0.00000000E+00 0.3145E-14      5
  394   20     0     -98      0     98  0.68586706E+00  0.00000000E+00 0.4239E-13      5
  395   20     0     -97      0     97  0.69293768E+00  0.00000000E+00 0.4790E-12      5
  396   20     0     -96      0     96  0.70014645E+00  0.00000000E+00 0.2112E-15      5
  397   20     0     -95      0     95  0.70748964E+00  0.00000000E+00 0.5921E-12      5
  398   20     0     -94      0     94  0.71495927E+00  0.00000000E+00 0.6742E-13      5
  399   20     0     -93      0     93  0.72253764E+00  0.00000000E+00 0.3387E-13      6
  400   20     0     -92      0     92  0.73018756E+00  0.00000000E+00 0.3502E-12      6
  401   20     0     -91      0     91  0.73783566E+00  0.00000000E+00 0.8207E-13      5
  402   20     0     -90      0     90  0.74536238E+00  0.00000000E+00 0.6125E-12      6
  403   20     0     -89      0     89  0.75269412E+00  0.00000000E+00 0.7274E-12      5
  404   20     0     -88      0     88  0.76004813E+00  0.00000000E+00 0.6460E-12      5
  405   20     0     -87      0     87  0.76781171E+00  0.00000000E+00 0.1144E-12      5
  406   20     0     -86      0     86  0.77609893E+00  0.00000000E+00 0.6120E-12      5
  407   20     0     -85      0     85  0.78482024E+00  0.00000000E+00 0.3263E-12      6
  408   20     0     -84      0     84  0.79388418E+00  0.00000000E+00 0.2386E-12      5
  409   20     0     -83      0     83  0.80323762E+00  0.00000000E+00 0.1719E-12      5
  410   20     0     -82      0     82  0.81285413E+00  0.00000000E+00 0.2678E-12      5
  411   20     0     -81      0     81  0.82272054E+00  0.00000000E+00 0.2343E-12      5
  412   20     0     -80      0     80  0.83282964E+00  0.00000000E+00 0.8007E-13      5
  413   20     0     -79      0     79  0.84317672E+00  0.00000000E+00 0.1366E-12      5
  414   20     0     -78      0     78  0.85375500E+00  0.00000000E+00 0.3193E-12      5
  415   20     0     -77      0     77  0.86455111E+00  0.00000000E+00 0.1981E-12      6
  416   20     0     -76      0     76  0.87553809E+00  0.00000000E+00 0.1838E-12      6
  417   20     0     -75      0     75  0.88665946E+00  0.00000000E+00 0.1143E-12      6
  418   20     0     -74      0     74  0.89779635E+00  0.00000000E+00 0.3532E-12      6
  419   20     0     -73      0     73  0.90873650E+00  0.00000000E+00 0.7465E-13      6
  420   20     0     -72      0     72  0.91931765E+00  0.00000000E+00 0.1957E-12      5
  421   20     0     -71      0     71  0.92992664E+00  0.00000000E+00 0.4276E-13      6
  422   20     0     -70      0     70  0.94126942E+00  0.00000000E+00 0.1601E-12      6
  423   20     0     -69      0     69  0.95349368E+00  0.00000000E+00 0.3111E-14      6
  424   20     0     -68      0     68  0.96641316E+00  0.00000000E+00 0.6838E-13      6
  425   20     0     -67      0     67  0.97987848E+00  0.00000000E+00 0.1042E-13      6
  426   20     0     -66      0     66  0.99381847E+00  0.00000000E+00 0.1009E-12      5
  427   20     0     -65      0     65  0.10082093E+01  0.00000000E+00 0.7626E-13      5
  428   20     0     -64      0     64  0.10230532E+01  0.00000000E+00 0.3976E-12      5
  429   20     0     -63      0     63  0.10383656E+01  0.00000000E+00 0.3436E-12      5
  430   20     0     -62      0     62  0.10541654E+01  0.00000000E+00 0.3983E-12      5
  431   20     0     -61      0     61  0.10704701E+01  0.00000000E+00 0.1206E-13      5
  432   20     0     -60      0     60  0.10872945E+01  0.00000000E+00 0.4310E-13      5
  433   20     0     -59      0     59  0.11046497E+01  0.00000000E+00 0.1534E-13      5
  434   20     0     -58      0     58  0.11225383E+01  0.00000000E+00 0.1847E-12      5
  435   20     0     -57      0     57  0.11409463E+01  0.00000000E+00 0.5999E-12      5
  436   20     0     -56      0     56  0.11598302E+01  0.00000000E+00 0.2308E-12      5
  437   20     0     -55      0     55  0.11790923E+01  0.00000000E+00 0.2985E-13      5
  438   20     0     -54      0     54  0.11985297E+01  0.00000000E+00 0.3886E-12      5
  439   20     0     -53      0     53  0.12177887E+01  0.00000000E+00 0.3405E-14      5
  440   20     0     -52      0     52  0.12366429E+01  0.00000000E+00 0.2098E-12      5
  441   20     0     -51      0     51  0.12558073E+01  0.00000000E+00 0.6019E-13      5
  442   20     0     -50      0     50  0.12764657E+01  0.00000000E+00 0.1170E-12      6
  443   20     0     -49      0     49  0.12988864E+01  0.00000000E+00 0.1817E-13      6
  444   20     0     -48      0     48  0.13227987E+01  0.00000000E+00 0.1234E-12      6
  445   20     0     -47      0     47  0.13479790E+01  0.00000000E+00 0.6638E-13      5
  446   20     0     -46      0     46  0.13743261E+01  0.00000000E+00 0.7363E-13      6
  447   20     0     -45      0     45  0.14018181E+01  0.00000000E+00 0.1373E-12      5
  448   20     0     -44      0     44  0.14304761E+01  0.00000000E+00 0.2489E-12      5
  449   20     0     -43      0     43  0.14603445E+01  0.00000000E+00 0.3107E-12      6
  450   20     0     -42      0     42  0.14914794E+01  0.00000000E+00 0.3381E-12      5
  451   20     0     -41      0     41  0.15239363E+01  0.00000000E+00 0.7441E-13      5
  452   20     0     -40      0     40  0.15577562E+01  0.00000000E+00 0.2954E-12      5
  453   20     0     -39      0     39  0.15929637E+01  0.00000000E+00 0.2404E-13      5
  454   20     0     -38      0     38  0.16295866E+01  0.00000000E+00 0.1092E-12      5
  Time elapsed :      1.424 s

Starting search (non-adiabatic)

Finding roots
  Time elapsed :     82.829 s

Processing modes
   id    l     m    n_pg    n_p    n_g       Re(omega)       Im(omega)        chi n_iter
  377   20     0    -115      1    116  0.58687174E+00 -0.15839586E-02 0.1415E-11      8
  378   20     0    -114      1    115  0.59205309E+00 -0.15627813E-02 0.1024E-11     10
  379   20     0    -113      1    114  0.59730421E+00 -0.15370896E-02 0.7377E-12      8
  380   20     0    -112      1    113  0.60261513E+00 -0.15061046E-02 0.6744E-12      7
  381   20     0    -111      1    112  0.60796901E+00 -0.14683108E-02 0.9656E-12      7
  382   20     0    -110      1    111  0.61333778E+00 -0.14216464E-02 0.3573E-13      8
  383   20     0    -109      1    110  0.61868135E+00 -0.13660892E-02 0.3113E-12      8
  384   20     0    -108      0    108  0.62396944E+00 -0.13118646E-02 0.8291E-12     10
  385   20     0    -107      0    107  0.62924330E+00 -0.12839158E-02 0.9453E-12      7
  386   20     0    -106      0    106  0.63464010E+00 -0.12921591E-02 0.5518E-12      8
  387   20     0    -105      0    105  0.64027865E+00 -0.13140538E-02 0.2818E-12      8
  388   20     0    -104      0    104  0.64617965E+00 -0.13295393E-02 0.4856E-12      9
  389   20     0    -103      0    103  0.65231235E+00 -0.13349821E-02 0.3944E-12      8
  390   20     0    -102      0    102  0.65864243E+00 -0.13328757E-02 0.1136E-12      9
  391   20     0    -101      0    101  0.66514566E+00 -0.13254746E-02 0.9301E-12      8
  392   20     0    -100      0    100  0.67180727E+00 -0.13143111E-02 0.6074E-12      8
  393   20     0     -99      0     99  0.67861819E+00 -0.13002878E-02 0.1137E-11      7
  394   20     0     -98      0     98  0.68557337E+00 -0.12841726E-02 0.4655E-12      8
  395   20     0     -97      0     97  0.69266967E+00 -0.12667965E-02 0.5187E-12      7
  396   20     0     -96      0     96  0.69990461E+00 -0.12486981E-02 0.1064E-11      8
  397   20     0     -95      0     95  0.70727431E+00 -0.12302561E-02 0.8307E-12      7
  398   20     0     -94      0     94  0.71477056E+00 -0.12112491E-02 0.1651E-11      7
  399   20     0     -93      0     93  0.72237558E+00 -0.11902306E-02 0.6732E-12      7
  400   20     0     -92      0     92  0.73005228E+00 -0.11636920E-02 0.1400E-12      8
  401   20     0     -91      0     91  0.73772722E+00 -0.11259433E-02 0.8213E-12      7
  402   20     0     -90      0     90  0.74527912E+00 -0.10734734E-02 0.1008E-11      6
  403   20     0     -89      0     89  0.75262906E+00 -0.10293982E-02 0.7359E-12      7
  404   20     0     -88      0     88  0.75999460E+00 -0.10413875E-02 0.1520E-11      7
  405   20     0     -87      0     87  0.76777272E+00 -0.10921650E-02 0.4216E-12      7
  406   20     0     -86      0     86  0.77607850E+00 -0.11348883E-02 0.1864E-11      7
  407   20     0     -85      0     85  0.78481974E+00 -0.11603523E-02 0.3752E-12      6
  408   20     0     -84      0     84  0.79390393E+00 -0.11745794E-02 0.2537E-11      7
  409   20     0     -83      0     83  0.80327777E+00 -0.11830463E-02 0.5008E-12      9
  410   20     0     -82      0     82  0.81291487E+00 -0.11893624E-02 0.1504E-11      7
  411   20     0     -81      0     81  0.82280203E+00 -0.11962219E-02 0.4997E-12      7
  412   20     0     -80      0     80  0.83293184E+00 -0.12053208E-02 0.2014E-11      7
  413   20     0     -79      0     79  0.84329926E+00 -0.12173641E-02 0.1378E-11      7
  414   20     0     -78      0     78  0.85389701E+00 -0.12318352E-02 0.8609E-12      9
  415   20     0     -77      0     77  0.86471094E+00 -0.12466349E-02 0.1750E-11     10
  416   20     0     -76      0     76  0.87571322E+00 -0.12574739E-02 0.2156E-11      8
  417   20     0     -75      0     75  0.88684630E+00 -0.12573509E-02 0.4059E-12      7
  418   20     0     -74      0     74  0.89798976E+00 -0.12354375E-02 0.3737E-12      7
  419   20     0     -73      0     73  0.90892916E+00 -0.11827344E-02 0.1365E-11      8
  420   20     0     -72      0     72  0.91950412E+00 -0.11316283E-02 0.2826E-11      8
  421   20     0     -71      0     71  0.93011628E+00 -0.11552279E-02 0.8313E-12      6
  422   20     0     -70      0     70  0.94147372E+00 -0.12205451E-02 0.1136E-11      7
  423   20     0     -69      0     69  0.95370992E+00 -0.12610231E-02 0.1887E-11      6
  424   20     0     -68      0     68  0.96663471E+00 -0.12686067E-02 0.1319E-11      8
  425   20     0     -67      0     67  0.98010002E+00 -0.12497501E-02 0.2058E-11      8
  426   20     0     -66      1     67  0.99403627E+00 -0.12077653E-02 0.5769E-12      7
  427   20     0     -65      1     66  0.10084211E+01 -0.11447640E-02 0.1102E-11      6
  428   20     0     -67      0     67  0.10232578E+01 -0.10638368E-02 0.1178E-11      7
  429   20     0     -64      0     64  0.10385627E+01 -0.97027525E-03 0.2001E-11      7
  430   20     0     -63      0     63  0.10543548E+01 -0.87047427E-03 0.1860E-11      6
  431   20     0     -62      0     62  0.10706511E+01 -0.76999124E-03 0.4628E-11      7
  432   20     0     -61      0     61  0.10874663E+01 -0.67271903E-03 0.1246E-11      6
  433   20     0     -60      0     60  0.11048111E+01 -0.58137246E-03 0.3207E-11      5
  434   20     0     -59      0     59  0.11226882E+01 -0.49776127E-03 0.9797E-11      6
  435   20     0     -58      0     58  0.11410839E+01 -0.42269105E-03 0.1191E-11      6
  436   20     0     -57      0     57  0.11599547E+01 -0.35592584E-03 0.2350E-11      5
  437   20     0     -56      0     56  0.11792031E+01 -0.29641746E-03 0.1272E-12      5
  438   20     0     -55      0     55  0.11986261E+01 -0.24293714E-03 0.5509E-11      6
  439   20     0     -54      0     54  0.12178706E+01 -0.19560043E-03 0.3396E-11      6
  440   20     0     -53      0     53  0.12367128E+01 -0.15956122E-03 0.9479E-11      7
  441   20     0     -52      0     52  0.12558709E+01 -0.13911650E-03 0.1045E-10      6
  442   20     0     -51      0     51  0.12765253E+01 -0.12494328E-03 0.7770E-11      5
  443   20     0     -50      0     50  0.12989411E+01 -0.11015976E-03 0.1028E-10      5
  444   20     0     -49      0     49  0.13228479E+01 -0.95472003E-04 0.1926E-10      7
  445   20     0     -48      0     48  0.13480228E+01 -0.82045697E-04 0.1136E-10      5
  446   20     0     -47      0     47  0.13743647E+01 -0.70119316E-04 0.1135E-10      7
  447   20     0     -46      0     46  0.14018519E+01 -0.59576561E-04 0.3101E-10      8
  448   20     0     -45      0     45  0.14305054E+01 -0.50290554E-04 0.1664E-10      6
  449   20     0     -44      0     44  0.14603697E+01 -0.42185951E-04 0.8739E-10      6
  450   20     0     -43      0     43  0.14915009E+01 -0.35230778E-04 0.2638E-10      6
  451   20     0     -42      0     42  0.15239546E+01 -0.29398023E-04 0.7786E-10      6
  452   20     0     -41      0     41  0.15577718E+01 -0.24608171E-04 0.4359E-11      5
  453   20     0     -40      0     40  0.15929771E+01 -0.20685583E-04 0.6409E-10      5
  454   20     0     -39      0     39  0.16295981E+01 -0.17401865E-04 0.1372E-09      4
  Time elapsed :      4.638 s

Mode Search
-----------

Mode parameters
   l : 21
   m : 0

Building frequency grid (REAL axis)
   added scan interval :  0.5210E+00 ->  0.2105E+01 (3000 points, INVERSE)

Building spatial grid
   Scaffold grid from model
   Split 26 subinterval(s) in iteration 1
   Split 30 subinterval(s) in iteration 2
   Split 0 subinterval(s) in iteration 3
   Final grid has 1 segment(s) and 7276 point(s):
      Segment 1 : x range 0.0000 -> 1.0009 (1 -> 7276)

Starting search (adiabatic)

Scanning frequencies
  Time elapsed :    37.589 s

Finding roots
  Time elapsed :      6.216 s

Processing modes
   id    l     m    n_pg    n_p    n_g       Re(omega)       Im(omega)        chi n_iter
  481   21     0    -120      0    120  0.58977481E+00  0.00000000E+00 0.2674E-12      5
  482   21     0    -119      0    119  0.59475711E+00  0.00000000E+00 0.3065E-12      5
  483   21     0    -118      0    118  0.59983231E+00  0.00000000E+00 0.2087E-13      5
  484   21     0    -117      0    117  0.60499676E+00  0.00000000E+00 0.1955E-12      5
  485   21     0    -116      0    116  0.61024658E+00  0.00000000E+00 0.1653E-12      5
  486   21     0    -115      0    115  0.61557705E+00  0.00000000E+00 0.6011E-13      5
  487   21     0    -114      0    114  0.62098229E+00  0.00000000E+00 0.2620E-12      5
  488   21     0    -113      0    113  0.62645387E+00  0.00000000E+00 0.1110E-11      5
  489   21     0    -112      0    112  0.63197907E+00  0.00000000E+00 0.5298E-12      6
  490   21     0    -111      0    111  0.63753703E+00  0.00000000E+00 0.6847E-12      5
  491   21     0    -110      0    110  0.64309472E+00  0.00000000E+00 0.5249E-12      6
  492   21     0    -109      0    109  0.64861150E+00  0.00000000E+00 0.1200E-12      5
  493   21     0    -108      0    108  0.65407484E+00  0.00000000E+00 0.4444E-12      5
  494   21     0    -107      0    107  0.65956302E+00  0.00000000E+00 0.4924E-14      5
  495   21     0    -106      0    106  0.66522309E+00  0.00000000E+00 0.3608E-12      5
  496   21     0    -105      0    105  0.67114532E+00  0.00000000E+00 0.7584E-13      6
  497   21     0    -104      0    104  0.67732922E+00  0.00000000E+00 0.6300E-13      6
  498   21     0    -103      0    103  0.68374051E+00  0.00000000E+00 0.9938E-13      6
  499   21     0    -102      0    102  0.69034735E+00  0.00000000E+00 0.9769E-12      5
  500   21     0    -101      0    101  0.69712795E+00  0.00000000E+00 0.6697E-13      5
  501   21     0    -100      0    100  0.70406890E+00  0.00000000E+00 0.3866E-12      5
  502   21     0     -99      0     99  0.71116178E+00  0.00000000E+00 0.2945E-12      5
  503   21     0     -98      0     98  0.71840163E+00  0.00000000E+00 0.4864E-13      5
  504   21     0     -97      0     97  0.72578513E+00  0.00000000E+00 0.5325E-12      5
  505   21     0     -96      0     96  0.73330908E+00  0.00000000E+00 0.3012E-13      5
  506   21     0     -95      0     95  0.74096801E+00  0.00000000E+00 0.2470E-12      5
  507   21     0     -94      0     94  0.74875036E+00  0.00000000E+00 0.1531E-12      5
  508   21     0     -93      0     93  0.75663142E+00  0.00000000E+00 0.2016E-12      5
  509   21     0     -92      0     92  0.76456028E+00  0.00000000E+00 0.1807E-12      6
  510   21     0     -91      0     91  0.77244106E+00  0.00000000E+00 0.5082E-12      5
  511   21     0     -90      0     90  0.78014572E+00  0.00000000E+00 0.2501E-12      6
  512   21     0     -89      0     89  0.78769075E+00  0.00000000E+00 0.1080E-12      5
  513   21     0     -88      0     88  0.79542908E+00  0.00000000E+00 0.1914E-12      5
  514   21     0     -87      0     87  0.80368161E+00  0.00000000E+00 0.2221E-14      6
  515   21     0     -86      0     86  0.81244807E+00  0.00000000E+00 0.6563E-12      6
  516   21     0     -85      0     85  0.82162015E+00  0.00000000E+00 0.2752E-12      5
  517   21     0     -84      0     84  0.83111906E+00  0.00000000E+00 0.4585E-13      5
  518   21     0     -83      0     83  0.84090211E+00  0.00000000E+00 0.5220E-13      5
  519   21     0     -82      0     82  0.85094851E+00  0.00000000E+00 0.6514E-13      5
  520   21     0     -81      0     81  0.86124765E+00  0.00000000E+00 0.3257E-12      5
  521   21     0     -80      0     80  0.87179321E+00  0.00000000E+00 0.3045E-12      5
  522   21     0     -79      0     79  0.88258014E+00  0.00000000E+00 0.3884E-13      5
  523   21     0     -78      0     78  0.89359986E+00  0.00000000E+00 0.4314E-12      5
  524   21     0     -77      0     77  0.90483488E+00  0.00000000E+00 0.1515E-12      6
  525   21     0     -76      0     76  0.91624982E+00  0.00000000E+00 0.2088E-12      5
  526   21     0     -75      0     75  0.92777082E+00  0.00000000E+00 0.2727E-12      6
  527   21     0     -74      0     74  0.93924811E+00  0.00000000E+00 0.1961E-13      6
  528   21     0     -73      0     73  0.95045181E+00  0.00000000E+00 0.1231E-12      6
  529   21     0     -72      0     72  0.96134542E+00  0.00000000E+00 0.3492E-13      5
  530   21     0     -71      0     71  0.97251578E+00  0.00000000E+00 0.8562E-13      6
  531   21     0     -70      0     70  0.98454594E+00  0.00000000E+00 0.1216E-12      6
  532   21     0     -69      0     69  0.99742346E+00  0.00000000E+00 0.4214E-13      6
  533   21     0     -68      0     68  0.10109549E+01  0.00000000E+00 0.2051E-12      6
  534   21     0     -67      0     67  0.10250145E+01  0.00000000E+00 0.7236E-13      6
  535   21     0     -66      0     66  0.10395461E+01  0.00000000E+00 0.1630E-13      5
  536   21     0     -65      0     65  0.10545332E+01  0.00000000E+00 0.1777E-13      6
  537   21     0     -64      0     64  0.10699825E+01  0.00000000E+00 0.1579E-13      5
  538   21     0     -63      0     63  0.10859118E+01  0.00000000E+00 0.1188E-12      5
  539   21     0     -62      0     62  0.11023410E+01  0.00000000E+00 0.3255E-12      5
  540   21     0     -61      0     61  0.11192883E+01  0.00000000E+00 0.7723E-13      5
  541   21     0     -60      0     60  0.11367691E+01  0.00000000E+00 0.1853E-12      5
  542   21     0     -59      0     59  0.11547948E+01  0.00000000E+00 0.3056E-13      5
  543   21     0     -58      0     58  0.11733669E+01  0.00000000E+00 0.6986E-13      5
  544   21     0     -57      0     57  0.11924695E+01  0.00000000E+00 0.1649E-12      5
  545   21     0     -56      0     56  0.12120558E+01  0.00000000E+00 0.2679E-12      5
  546   21     0     -55      0     55  0.12320237E+01  0.00000000E+00 0.3598E-14      5
  547   21     0     -54      0     54  0.12521625E+01  0.00000000E+00 0.3744E-12      5
  548   21     0     -53      0     53  0.12721108E+01  0.00000000E+00 0.1355E-12      5
  549   21     0     -52      0     52  0.12916529E+01  0.00000000E+00 0.1104E-12      5
  550   21     0     -51      0     51  0.13115371E+01  0.00000000E+00 0.1869E-12      6
  551   21     0     -50      0     50  0.13329574E+01  0.00000000E+00 0.3168E-12      6
  552   21     0     -49      0     49  0.13561740E+01  0.00000000E+00 0.9748E-13      6
  553   21     0     -48      0     48  0.13809100E+01  0.00000000E+00 0.8461E-13      6
  554   21     0     -47      0     47  0.14069380E+01  0.00000000E+00 0.3439E-12      6
  555   21     0     -46      0     46  0.14341546E+01  0.00000000E+00 0.2391E-12      6
  556   21     0     -45      0     45  0.14625378E+01  0.00000000E+00 0.1340E-13      6
  557   21     0     -44      0     44  0.14921086E+01  0.00000000E+00 0.7196E-13      5
  558   21     0     -43      0     43  0.15229116E+01  0.00000000E+00 0.4089E-13      5
  559   21     0     -42      0     42  0.15550011E+01  0.00000000E+00 0.1459E-12      5
  560   21     0     -41      0     41  0.15884273E+01  0.00000000E+00 0.3759E-13      5
  561   21     0     -40      0     40  0.16232207E+01  0.00000000E+00 0.1203E-12      5
  Time elapsed :      1.975 s

Starting search (non-adiabatic)

Finding roots
  Time elapsed :     99.376 s

Processing modes
   id    l     m    n_pg    n_p    n_g       Re(omega)       Im(omega)        chi n_iter
  481   21     0    -120      1    121  0.58919952E+00 -0.16775314E-02 0.4555E-12      9
  482   21     0    -119      1    120  0.59417668E+00 -0.16762683E-02 0.4693E-12      9
  483   21     0    -118      1    119  0.59924869E+00 -0.16708811E-02 0.6518E-12      8
  484   21     0    -117      1    118  0.60441254E+00 -0.16610599E-02 0.6459E-12      9
  485   21     0    -116      1    117  0.60966452E+00 -0.16474340E-02 0.8079E-12      9
  486   21     0    -115      1    116  0.61499978E+00 -0.16300561E-02 0.5855E-12     10
  487   21     0    -114      1    115  0.62041274E+00 -0.16083614E-02 0.1074E-11      8
  488   21     0    -113      1    114  0.62589555E+00 -0.15815077E-02 0.2730E-12      7
  489   21     0    -112      1    113  0.63143629E+00 -0.15485191E-02 0.2415E-12      8
  490   21     0    -111      1    112  0.63701490E+00 -0.15076227E-02 0.5224E-12      8
  491   21     0    -110      1    111  0.64259876E+00 -0.14567958E-02 0.2521E-12      8
  492   21     0    -109      1    110  0.64814498E+00 -0.13976878E-02 0.5640E-12      9
  493   21     0    -108      0    108  0.65363341E+00 -0.13451643E-02 0.4899E-12      7
  494   21     0    -107      0    107  0.65913484E+00 -0.13253249E-02 0.8806E-12      8
  495   21     0    -106      0    106  0.66480179E+00 -0.13392625E-02 0.5668E-12      7
  496   21     0    -105      0    105  0.67073396E+00 -0.13604895E-02 0.5166E-12      7
  497   21     0    -104      0    104  0.67693317E+00 -0.13727890E-02 0.3001E-13      7
  498   21     0    -103      0    103  0.68336374E+00 -0.13750863E-02 0.7138E-12      8
  499   21     0    -102      0    102  0.68999214E+00 -0.13703038E-02 0.1847E-12      7
  500   21     0    -101      0    101  0.69679559E+00 -0.13605376E-02 0.6396E-12     11
  501   21     0    -100      0    100  0.70376032E+00 -0.13471618E-02 0.4523E-12      8
  502   21     0     -99      0     99  0.71087772E+00 -0.13309623E-02 0.9465E-12      7
  503   21     0     -98      0     98  0.71814282E+00 -0.13126539E-02 0.1803E-11      9
  504   21     0     -97      0     97  0.72555216E+00 -0.12930127E-02 0.1559E-11      6
  505   21     0     -96      0     96  0.73310244E+00 -0.12725040E-02 0.1018E-11      7
  506   21     0     -95      0     95  0.74078799E+00 -0.12513714E-02 0.1282E-11      7
  507   21     0     -94      0     94  0.74859710E+00 -0.12290951E-02 0.5719E-12      7
  508   21     0     -93      0     93  0.75650493E+00 -0.12036268E-02 0.1497E-11      7
  509   21     0     -92      0     92  0.76446057E+00 -0.11704600E-02 0.3915E-12      7
  510   21     0     -91      0     91  0.77236757E+00 -0.11234861E-02 0.4939E-12      7
  511   21     0     -90      0     90  0.78009473E+00 -0.10661591E-02 0.7032E-12      7
  512   21     0     -89      0     89  0.78765436E+00 -0.10388116E-02 0.7053E-12      8
  513   21     0     -88      0     88  0.79540591E+00 -0.10722605E-02 0.8800E-12      8
  514   21     0     -87      0     87  0.80367675E+00 -0.11226149E-02 0.1803E-11      8
  515   21     0     -86      0     86  0.81246396E+00 -0.11568804E-02 0.1459E-11      8
  516   21     0     -85      0     85  0.82165715E+00 -0.11756509E-02 0.7970E-12      8
  517   21     0     -84      0     84  0.83117712E+00 -0.11853790E-02 0.1634E-11      7
  518   21     0     -83      0     83  0.84098122E+00 -0.11906266E-02 0.3624E-11      7
  519   21     0     -82      0     82  0.85104880E+00 -0.11944586E-02 0.1503E-11      7
  520   21     0     -81      0     81  0.86136930E+00 -0.11992764E-02 0.1062E-12      8
  521   21     0     -80      0     80  0.87193626E+00 -0.12065673E-02 0.2575E-11      7
  522   21     0     -79      0     79  0.88274430E+00 -0.12168708E-02 0.7440E-12      7
  523   21     0     -78      0     78  0.89378430E+00 -0.12294515E-02 0.2451E-11      8
  524   21     0     -77      0     77  0.90503795E+00 -0.12418618E-02 0.6886E-12      8
  525   21     0     -76      0     76  0.91646873E+00 -0.12492544E-02 0.7317E-12      8
  526   21     0     -75      0     75  0.92800131E+00 -0.12436814E-02 0.2119E-11      8
  527   21     0     -74      0     74  0.93948362E+00 -0.12137399E-02 0.2879E-11      8
  528   21     0     -73      0     73  0.95068387E+00 -0.11578330E-02 0.2919E-11      6
  529   21     0     -72      0     72  0.96157318E+00 -0.11282047E-02 0.3028E-11      7
  530   21     0     -71      0     71  0.97275470E+00 -0.11748137E-02 0.1516E-11     10
  531   21     0     -70      0     70  0.98480340E+00 -0.12372011E-02 0.1443E-11      7
  532   21     0     -69      0     69  0.99769354E+00 -0.12699667E-02 0.1525E-11      7
  533   21     0     -68      0     68  0.10112302E+01 -0.12736975E-02 0.3123E-11      8
  534   21     0     -67      0     67  0.10252892E+01 -0.12535490E-02 0.1568E-11      8
  535   21     0     -66      1     67  0.10398154E+01 -0.12112767E-02 0.1263E-11      8
  536   21     0     -65      1     66  0.10547940E+01 -0.11481558E-02 0.2505E-11      8
  537   21     0     -66      0     66  0.10702328E+01 -0.10669509E-02 0.2545E-12      7
  538   21     0     -66      0     66  0.10861505E+01 -0.97294273E-03 0.2405E-11      7
  539   21     0     -63      1     64  0.11025675E+01 -0.87253523E-03 0.2379E-11      6
  540   21     0     -62      0     62  0.11195020E+01 -0.77126750E-03 0.2444E-11      7
  541   21     0     -61      0     61  0.11369691E+01 -0.67310019E-03 0.7130E-12      7
  542   21     0     -60      0     60  0.11549803E+01 -0.58091453E-03 0.2999E-11      8
  543   21     0     -59      0     59  0.11735371E+01 -0.49663095E-03 0.3691E-11      6
  544   21     0     -58      0     58  0.11926240E+01 -0.42105825E-03 0.2984E-11      5
  545   21     0     -57      0     57  0.12121942E+01 -0.35388914E-03 0.6843E-11      5
  546   21     0     -56      0     56  0.12321457E+01 -0.29405422E-03 0.6490E-11      5
  547   21     0     -55      0     55  0.12522678E+01 -0.24040237E-03 0.4307E-11      5
  548   21     0     -54      0     54  0.12721996E+01 -0.19319615E-03 0.7988E-11      6
  549   21     0     -53      0     53  0.12917284E+01 -0.15753405E-03 0.1633E-10      7
  550   21     0     -52      0     52  0.13116055E+01 -0.13722066E-03 0.8255E-11      5
  551   21     0     -51      0     51  0.13330211E+01 -0.12301750E-03 0.6141E-11      7
  552   21     0     -50      0     50  0.13562322E+01 -0.10835127E-03 0.2547E-10      8
  553   21     0     -49      0     49  0.13809622E+01 -0.93860337E-04 0.1867E-10      5
  554   21     0     -48      0     48  0.14069842E+01 -0.80614325E-04 0.1917E-10      5
  555   21     0     -47      0     47  0.14341952E+01 -0.68825220E-04 0.1985E-10      5
  556   21     0     -46      0     46  0.14625732E+01 -0.58393578E-04 0.2203E-10      6
  557   21     0     -45      0     45  0.14921392E+01 -0.49213892E-04 0.5251E-11      5
  558   21     0     -44      0     44  0.15229377E+01 -0.41228407E-04 0.4374E-10      7
  559   21     0     -43      0     43  0.15550234E+01 -0.34417840E-04 0.5446E-10      5
  560   21     0     -42      0     42  0.15884462E+01 -0.28752890E-04 0.8474E-10      4
  561   21     0     -41      0     41  0.16232369E+01 -0.24128389E-04 0.2563E-10      5
  Time elapsed :      5.111 s

Mode Search
-----------

Mode parameters
   l : 22
   m : 0

Building frequency grid (REAL axis)
   added scan interval :  0.5210E+00 ->  0.2105E+01 (3000 points, INVERSE)

Building spatial grid
   Scaffold grid from model
   Split 27 subinterval(s) in iteration 1
   Split 30 subinterval(s) in iteration 2
   Split 0 subinterval(s) in iteration 3
   Final grid has 1 segment(s) and 7277 point(s):
      Segment 1 : x range 0.0000 -> 1.0009 (1 -> 7277)

Starting search (adiabatic)

Scanning frequencies
  Time elapsed :    34.967 s

Finding roots
  Time elapsed :      5.967 s

Processing modes
   id    l     m    n_pg    n_p    n_g       Re(omega)       Im(omega)        chi n_iter
  589   22     0    -126      0    126  0.58781461E+00  0.00000000E+00 0.6338E-12      5
  590   22     0    -125      0    125  0.59228541E+00  0.00000000E+00 0.8480E-14      6
  591   22     0    -124      0    124  0.59691047E+00  0.00000000E+00 0.4900E-12      5
  592   22     0    -123      0    123  0.60167305E+00  0.00000000E+00 0.1058E-12      5
  593   22     0    -122      0    122  0.60655788E+00  0.00000000E+00 0.9137E-13      5
  594   22     0    -121      0    121  0.61155463E+00  0.00000000E+00 0.1829E-12      5
  595   22     0    -120      0    120  0.61665651E+00  0.00000000E+00 0.4317E-12      5
  596   22     0    -119      0    119  0.62185838E+00  0.00000000E+00 0.1149E-12      5
  597   22     0    -118      0    118  0.62715583E+00  0.00000000E+00 0.2436E-12      5
  598   22     0    -117      0    117  0.63254509E+00  0.00000000E+00 0.1750E-13      5
  599   22     0    -116      0    116  0.63802195E+00  0.00000000E+00 0.1000E-12      5
  600   22     0    -115      0    115  0.64358110E+00  0.00000000E+00 0.4309E-12      5
  601   22     0    -114      0    114  0.64921581E+00  0.00000000E+00 0.6828E-13      5
  602   22     0    -113      0    113  0.65491618E+00  0.00000000E+00 0.8824E-12      5
  603   22     0    -112      0    112  0.66066707E+00  0.00000000E+00 0.2624E-12      5
  604   22     0    -111      0    111  0.66644371E+00  0.00000000E+00 0.5056E-12      6
  605   22     0    -110      0    110  0.67220838E+00  0.00000000E+00 0.2442E-12      6
  606   22     0    -109      0    109  0.67792032E+00  0.00000000E+00 0.1219E-13      5
  607   22     0    -108      0    108  0.68358433E+00  0.00000000E+00 0.6943E-14      5
  608   22     0    -107      0    107  0.68930878E+00  0.00000000E+00 0.2477E-12      5
  609   22     0    -106      0    106  0.69524468E+00  0.00000000E+00 0.1092E-12      6
  610   22     0    -105      0    105  0.70145978E+00  0.00000000E+00 0.1949E-12      5
  611   22     0    -104      0    104  0.70793863E+00  0.00000000E+00 0.9192E-12      5
  612   22     0    -103      0    103  0.71464418E+00  0.00000000E+00 0.4752E-12      5
  613   22     0    -102      0    102  0.72154573E+00  0.00000000E+00 0.1206E-11      5
  614   22     0    -101      0    101  0.72862288E+00  0.00000000E+00 0.7581E-12      5
  615   22     0    -100      0    100  0.73586305E+00  0.00000000E+00 0.7026E-12      5
  616   22     0     -99      0     99  0.74325819E+00  0.00000000E+00 0.1372E-12      5
  617   22     0     -98      0     98  0.75080330E+00  0.00000000E+00 0.8451E-14      5
  618   22     0     -97      0     97  0.75849452E+00  0.00000000E+00 0.4450E-12      5
  619   22     0     -96      0     96  0.76632750E+00  0.00000000E+00 0.4695E-12      5
  620   22     0     -95      0     95  0.77429435E+00  0.00000000E+00 0.5161E-12      5
  621   22     0     -94      0     94  0.78237874E+00  0.00000000E+00 0.1830E-12      6
  622   22     0     -93      0     93  0.79054644E+00  0.00000000E+00 0.4656E-13      6
  623   22     0     -92      0     92  0.79872871E+00  0.00000000E+00 0.4277E-13      6
  624   22     0     -91      0     91  0.80680635E+00  0.00000000E+00 0.1915E-12      6
  625   22     0     -90      0     90  0.81467212E+00  0.00000000E+00 0.2643E-12      5
  626   22     0     -89      0     89  0.82248354E+00  0.00000000E+00 0.5535E-12      5
  627   22     0     -88      0     88  0.83066418E+00  0.00000000E+00 0.2087E-13      6
  628   22     0     -87      0     87  0.83940687E+00  0.00000000E+00 0.3081E-12      6
  629   22     0     -86      0     86  0.84863497E+00  0.00000000E+00 0.2195E-12      6
  630   22     0     -85      0     85  0.85824266E+00  0.00000000E+00 0.2030E-12      5
  631   22     0     -84      0     84  0.86816504E+00  0.00000000E+00 0.5636E-12      5
  632   22     0     -83      0     83  0.87836815E+00  0.00000000E+00 0.1249E-12      5
  633   22     0     -82      0     82  0.88883562E+00  0.00000000E+00 0.3774E-13      5
  634   22     0     -81      0     81  0.89955878E+00  0.00000000E+00 0.6705E-13      5
  635   22     0     -80      0     80  0.91053181E+00  0.00000000E+00 0.9147E-13      5
  636   22     0     -79      0     79  0.92174894E+00  0.00000000E+00 0.4043E-12      5
  637   22     0     -78      0     78  0.93319932E+00  0.00000000E+00 0.4237E-12      5
  638   22     0     -77      0     77  0.94486064E+00  0.00000000E+00 0.4627E-13      5
  639   22     0     -76      0     76  0.95668765E+00  0.00000000E+00 0.1820E-12      5
  640   22     0     -75      0     75  0.96858691E+00  0.00000000E+00 0.1632E-13      6
  641   22     0     -74      0     74  0.98037891E+00  0.00000000E+00 0.3994E-13      6
  642   22     0     -73      0     73  0.99184394E+00  0.00000000E+00 0.1115E-12      5
  643   22     0     -72      0     72  0.10031129E+01  0.00000000E+00 0.4265E-12      5
  644   22     0     -71      0     71  0.10148834E+01  0.00000000E+00 0.2686E-12      6
  645   22     0     -70      0     70  0.10275695E+01  0.00000000E+00 0.1860E-12      6
  646   22     0     -69      0     69  0.10410617E+01  0.00000000E+00 0.4462E-13      5
  647   22     0     -68      0     68  0.10551771E+01  0.00000000E+00 0.2126E-12      6
  648   22     0     -67      0     67  0.10698096E+01  0.00000000E+00 0.1200E-12      6
  649   22     0     -66      0     66  0.10849138E+01  0.00000000E+00 0.5009E-12      6
  650   22     0     -65      0     65  0.11004793E+01  0.00000000E+00 0.1863E-12      6
  651   22     0     -64      0     64  0.11165161E+01  0.00000000E+00 0.3983E-12      6
  652   22     0     -63      0     63  0.11330439E+01  0.00000000E+00 0.1522E-12      5
  653   22     0     -62      0     62  0.11500834E+01  0.00000000E+00 0.3465E-14      5
  654   22     0     -61      0     61  0.11676532E+01  0.00000000E+00 0.2935E-12      5
  655   22     0     -60      0     60  0.11857695E+01  0.00000000E+00 0.1373E-12      5
  656   22     0     -59      0     59  0.12044438E+01  0.00000000E+00 0.4331E-12      5
  657   22     0     -58      0     58  0.12236768E+01  0.00000000E+00 0.3448E-12      5
  658   22     0     -57      0     57  0.12434507E+01  0.00000000E+00 0.2059E-12      5
  659   22     0     -56      0     56  0.12637165E+01  0.00000000E+00 0.5162E-12      5
  660   22     0     -55      0     55  0.12843696E+01  0.00000000E+00 0.6645E-13      6
  661   22     0     -54      0     54  0.13051955E+01  0.00000000E+00 0.3059E-12      6
  662   22     0     -53      0     53  0.13258278E+01  0.00000000E+00 0.5826E-13      6
  663   22     0     -52      0     52  0.13460490E+01  0.00000000E+00 0.2510E-12      5
  664   22     0     -51      0     51  0.13666151E+01  0.00000000E+00 0.6447E-13      5
  665   22     0     -50      0     50  0.13887388E+01  0.00000000E+00 0.2752E-12      6
  666   22     0     -49      0     49  0.14126934E+01  0.00000000E+00 0.8507E-13      6
  667   22     0     -48      0     48  0.14381988E+01  0.00000000E+00 0.1037E-12      6
  668   22     0     -47      0     47  0.14650208E+01  0.00000000E+00 0.2332E-12      5
  669   22     0     -46      0     46  0.14930527E+01  0.00000000E+00 0.2617E-14      6
  670   22     0     -45      0     45  0.15222710E+01  0.00000000E+00 0.2723E-12      6
  671   22     0     -44      0     44  0.15526960E+01  0.00000000E+00 0.5206E-13      5
  672   22     0     -43      0     43  0.15843716E+01  0.00000000E+00 0.1553E-12      5
  673   22     0     -42      0     42  0.16173496E+01  0.00000000E+00 0.2208E-12      6
  Time elapsed :      2.030 s

Starting search (non-adiabatic)

Finding roots
  Time elapsed :     95.590 s

Processing modes
   id    l     m    n_pg    n_p    n_g       Re(omega)       Im(omega)        chi n_iter
  589   22     0    -126      1    127  0.58735545E+00 -0.15858294E-02 0.4430E-12      8
  590   22     0    -125      1    126  0.59180891E+00 -0.16279706E-02 0.4236E-12     10
  591   22     0    -124      1    125  0.59641923E+00 -0.16617079E-02 0.4122E-12      8
  592   22     0    -123      1    124  0.60116927E+00 -0.16858406E-02 0.5411E-12      9
  593   22     0    -122      1    123  0.60604323E+00 -0.17018477E-02 0.1260E-11      9
  594   22     0    -121      1    122  0.61103099E+00 -0.17112419E-02 0.5266E-12      8
  595   22     0    -120      1    121  0.61612592E+00 -0.17153932E-02 0.3085E-12      8
  596   22     0    -119      1    120  0.62132266E+00 -0.17152909E-02 0.5691E-12      9
  597   22     0    -118      1    119  0.62661671E+00 -0.17108757E-02 0.9455E-13      8
  598   22     0    -117      1    118  0.63200499E+00 -0.17017974E-02 0.8412E-12      8
  599   22     0    -116      1    117  0.63748346E+00 -0.16886370E-02 0.4325E-12      9
  600   22     0    -115      1    116  0.64304672E+00 -0.16713247E-02 0.5223E-12      9
  601   22     0    -114      1    115  0.64868843E+00 -0.16491641E-02 0.1002E-11      7
  602   22     0    -113      1    114  0.65439933E+00 -0.16211414E-02 0.4902E-12      9
  603   22     0    -112      1    113  0.66016513E+00 -0.15860404E-02 0.8952E-13      8
  604   22     0    -111      1    112  0.66596191E+00 -0.15418123E-02 0.5427E-12     10
  605   22     0    -110      1    111  0.67175200E+00 -0.14866864E-02 0.1300E-11      8
  606   22     0    -109      1    110  0.67749131E+00 -0.14248529E-02 0.2923E-12      8
  607   22     0    -108      0    108  0.68317619E+00 -0.13764047E-02 0.1398E-11      8
  608   22     0    -107      0    107  0.68891062E+00 -0.13659103E-02 0.1087E-11      8
  609   22     0    -106      0    106  0.69485366E+00 -0.13843830E-02 0.5653E-12      8
  610   22     0    -105      0    105  0.70108040E+00 -0.14039545E-02 0.3595E-12      7
  611   22     0    -104      0    104  0.70757600E+00 -0.14128294E-02 0.9839E-12      6
  612   22     0    -103      0    103  0.71430175E+00 -0.14119974E-02 0.1499E-11      7
  613   22     0    -102      0    102  0.72122539E+00 -0.14045805E-02 0.4424E-12      6
  614   22     0    -101      0    101  0.72832573E+00 -0.13924739E-02 0.4153E-12      8
  615   22     0    -100      0    100  0.73558989E+00 -0.13768936E-02 0.5861E-12      7
  616   22     0     -99      0     99  0.74300968E+00 -0.13585111E-02 0.8410E-12      8
  617   22     0     -98      0     98  0.75058011E+00 -0.13379881E-02 0.3060E-12      9
  618   22     0     -97      0     97  0.75829721E+00 -0.13160354E-02 0.5578E-12      9
  619   22     0     -96      0     96  0.76615654E+00 -0.12930233E-02 0.1010E-11      7
  620   22     0     -95      0     95  0.77415001E+00 -0.12690105E-02 0.1197E-11     12
  621   22     0     -94      0     94  0.78226112E+00 -0.12430776E-02 0.5656E-12      8
  622   22     0     -93      0     93  0.79045548E+00 -0.12124023E-02 0.1755E-11      8
  623   22     0     -92      0     92  0.79866413E+00 -0.11714305E-02 0.5764E-12      7
  624   22     0     -91      0     91  0.80676646E+00 -0.11153576E-02 0.8985E-12      7
  625   22     0     -90      0     90  0.81465105E+00 -0.10606763E-02 0.3423E-12      7
  626   22     0     -89      0     89  0.82247561E+00 -0.10574442E-02 0.1259E-11      7
  627   22     0     -88      0     88  0.83067308E+00 -0.11037584E-02 0.1345E-11      7
  628   22     0     -87      0     87  0.83943703E+00 -0.11479429E-02 0.1132E-11      7
  629   22     0     -86      0     86  0.84868725E+00 -0.11738979E-02 0.5277E-12      7
  630   22     0     -85      0     85  0.85831682E+00 -0.11868788E-02 0.8499E-12      7
  631   22     0     -84      0     84  0.86826079E+00 -0.11926659E-02 0.2864E-11      7
  632   22     0     -83      0     83  0.87848537E+00 -0.11949899E-02 0.1282E-11      7
  633   22     0     -82      0     82  0.88897444E+00 -0.11965054E-02 0.1225E-11      6
  634   22     0     -81      0     81  0.89971941E+00 -0.11993819E-02 0.1779E-11      9
  635   22     0     -80      0     80  0.91071434E+00 -0.12049208E-02 0.1631E-11      6
  636   22     0     -79      0     79  0.92195317E+00 -0.12135001E-02 0.1937E-11      7
  637   22     0     -78      0     78  0.93342447E+00 -0.12241485E-02 0.1932E-11      6
  638   22     0     -77      0     77  0.94510494E+00 -0.12340436E-02 0.1840E-12      7
  639   22     0     -76      0     76  0.95694797E+00 -0.12377514E-02 0.1138E-11      7
  640   22     0     -75      0     75  0.96885812E+00 -0.12264692E-02 0.1671E-11      8
  641   22     0     -74      0     74  0.98065301E+00 -0.11894457E-02 0.2555E-11      7
  642   22     0     -73      0     73  0.99211276E+00 -0.11362168E-02 0.1748E-11      8
  643   22     0     -72      0     72  0.10033824E+01 -0.11304864E-02 0.3264E-11      7
  644   22     0     -71      0     71  0.10151712E+01 -0.11895930E-02 0.2119E-11      9
  645   22     0     -70      0     70  0.10278781E+01 -0.12460279E-02 0.9416E-12      8
  646   22     0     -69      0     69  0.10413835E+01 -0.12728994E-02 0.4840E-12      7
  647   22     0     -68      0     68  0.10555041E+01 -0.12741968E-02 0.7948E-12      6
  648   22     0     -67      0     67  0.10701353E+01 -0.12535199E-02 0.1940E-11      7
  649   22     0     -66      1     67  0.10852328E+01 -0.12114302E-02 0.2611E-11      7
  650   22     0     -65      1     66  0.11007874E+01 -0.11485686E-02 0.2152E-11      8
  651   22     0     -64      1     65  0.11168105E+01 -0.10674721E-02 0.1816E-11      8
  652   22     0     -65      0     65  0.11333228E+01 -0.97342461E-03 0.7044E-12      7
  653   22     0     -65      0     65  0.11503459E+01 -0.87279872E-03 0.1727E-11      7
  654   22     0     -64      0     64  0.11678985E+01 -0.77108809E-03 0.1140E-11      7
  655   22     0     -61      0     61  0.11859968E+01 -0.67233188E-03 0.2446E-11      6
  656   22     0     -60      0     60  0.12046525E+01 -0.57958788E-03 0.1830E-11      6
  657   22     0     -59      0     59  0.12238665E+01 -0.49487648E-03 0.7099E-11      6
  658   22     0     -58      0     58  0.12436214E+01 -0.41899240E-03 0.1893E-11      7
  659   22     0     -57      0     57  0.12638682E+01 -0.35155829E-03 0.1756E-11      6
  660   22     0     -56      0     56  0.12845023E+01 -0.29151231E-03 0.9585E-11      5
  661   22     0     -55      0     55  0.13053092E+01 -0.23780534E-03 0.7569E-11      7
  662   22     0     -54      0     54  0.13259232E+01 -0.19078817E-03 0.3598E-11      6
  663   22     0     -53      0     53  0.13461297E+01 -0.15535841E-03 0.1534E-10      7
  664   22     0     -52      0     52  0.13666878E+01 -0.13505390E-03 0.1453E-10      7
  665   22     0     -51      0     51  0.13888062E+01 -0.12092581E-03 0.1115E-10      6
  666   22     0     -50      0     50  0.14127548E+01 -0.10649431E-03 0.2027E-10      5
  667   22     0     -49      0     49  0.14382537E+01 -0.92257953E-04 0.1249E-10      5
  668   22     0     -48      0     48  0.14650693E+01 -0.79212704E-04 0.1410E-10      5
  669   22     0     -47      0     47  0.14930952E+01 -0.67566409E-04 0.3275E-10      6
  670   22     0     -46      0     46  0.15223079E+01 -0.57247343E-04 0.1367E-10      6
  671   22     0     -45      0     45  0.15527277E+01 -0.48175809E-04 0.5406E-10      6
  672   22     0     -44      0     44  0.15843987E+01 -0.40315767E-04 0.2961E-10      5
  673   22     0     -43      0     43  0.16173726E+01 -0.33661104E-04 0.2404E-10      5
  Time elapsed :      5.312 s

Mode Search
-----------

Mode parameters
   l : 23
   m : 0

Building frequency grid (REAL axis)
   added scan interval :  0.5210E+00 ->  0.2105E+01 (3000 points, INVERSE)

Building spatial grid
   Scaffold grid from model
   Split 31 subinterval(s) in iteration 1
   Split 30 subinterval(s) in iteration 2
   Split 0 subinterval(s) in iteration 3
   Final grid has 1 segment(s) and 7281 point(s):
      Segment 1 : x range 0.0000 -> 1.0009 (1 -> 7281)

Starting search (adiabatic)

Scanning frequencies
  Time elapsed :    34.768 s

Finding roots
  Time elapsed :      6.115 s

Processing modes
   id    l     m    n_pg    n_p    n_g       Re(omega)       Im(omega)        chi n_iter
  701   23     0    -132      0    132  0.58711589E+00  0.00000000E+00 0.1033E-12      6
  702   23     0    -131      0    131  0.59149206E+00  0.00000000E+00 0.3067E-12      6
  703   23     0    -130      0    130  0.59584879E+00  0.00000000E+00 0.6859E-12      6
  704   23     0    -129      0    129  0.60017084E+00  0.00000000E+00 0.5504E-12      6
  705   23     0    -128      0    128  0.60448189E+00  0.00000000E+00 0.1263E-12      5
  706   23     0    -127      0    127  0.60885533E+00  0.00000000E+00 0.2239E-13      5
  707   23     0    -126      0    126  0.61336587E+00  0.00000000E+00 0.4860E-13      5
  708   23     0    -125      0    125  0.61804135E+00  0.00000000E+00 0.2245E-12      6
  709   23     0    -124      0    124  0.62287338E+00  0.00000000E+00 0.4177E-13      6
  710   23     0    -123      0    123  0.62784426E+00  0.00000000E+00 0.1300E-14      5
  711   23     0    -122      0    122  0.63293907E+00  0.00000000E+00 0.6306E-12      5
  712   23     0    -121      0    121  0.63814801E+00  0.00000000E+00 0.6286E-12      5
  713   23     0    -120      0    120  0.64346456E+00  0.00000000E+00 0.3521E-12      5
  714   23     0    -119      0    119  0.64888370E+00  0.00000000E+00 0.1814E-13      5
  715   23     0    -118      0    118  0.65440093E+00  0.00000000E+00 0.1573E-12      5
  716   23     0    -117      0    117  0.66001233E+00  0.00000000E+00 0.2311E-12      5
  717   23     0    -116      0    116  0.66571323E+00  0.00000000E+00 0.3844E-12      5
  718   23     0    -115      0    115  0.67149763E+00  0.00000000E+00 0.2195E-12      5
  719   23     0    -114      0    114  0.67735768E+00  0.00000000E+00 0.2533E-12      5
  720   23     0    -113      0    113  0.68328164E+00  0.00000000E+00 0.1402E-12      6
  721   23     0    -112      0    112  0.68925134E+00  0.00000000E+00 0.2616E-12      6
  722   23     0    -111      0    111  0.69523738E+00  0.00000000E+00 0.4101E-13      6
  723   23     0    -110      0    110  0.70119737E+00  0.00000000E+00 0.5289E-13      5
  724   23     0    -109      0    109  0.70709450E+00  0.00000000E+00 0.8267E-12      5
  725   23     0    -108      0    108  0.71295941E+00  0.00000000E+00 0.4920E-13      5
  726   23     0    -107      0    107  0.71893024E+00  0.00000000E+00 0.2927E-13      5
  727   23     0    -106      0    106  0.72515007E+00  0.00000000E+00 0.1118E-12      5
  728   23     0    -105      0    105  0.73166013E+00  0.00000000E+00 0.2844E-12      6
  729   23     0    -104      0    104  0.73843278E+00  0.00000000E+00 0.2772E-12      6
  730   23     0    -103      0    103  0.74543016E+00  0.00000000E+00 0.3709E-12      5
  731   23     0    -102      0    102  0.75262337E+00  0.00000000E+00 0.1425E-12      5
  732   23     0    -101      0    101  0.75999353E+00  0.00000000E+00 0.8274E-13      5
  733   23     0    -100      0    100  0.76752897E+00  0.00000000E+00 0.4491E-12      5
  734   23     0     -99      0     99  0.77522190E+00  0.00000000E+00 0.1543E-12      5
  735   23     0     -98      0     98  0.78306716E+00  0.00000000E+00 0.4891E-12      5
  736   23     0     -97      0     97  0.79106014E+00  0.00000000E+00 0.2046E-12      5
  737   23     0     -96      0     96  0.79919484E+00  0.00000000E+00 0.3594E-12      5
  738   23     0     -95      0     95  0.80746007E+00  0.00000000E+00 0.1747E-12      5
  739   23     0     -94      0     94  0.81583295E+00  0.00000000E+00 0.3162E-12      5
  740   23     0     -93      0     93  0.82426642E+00  0.00000000E+00 0.4821E-12      5
  741   23     0     -92      0     92  0.83266967E+00  0.00000000E+00 0.7394E-13      6
  742   23     0     -91      0     91  0.84090785E+00  0.00000000E+00 0.1929E-12      5
  743   23     0     -90      0     90  0.84894559E+00  0.00000000E+00 0.4875E-13      5
  744   23     0     -89      0     89  0.85709860E+00  0.00000000E+00 0.6212E-13      6
  745   23     0     -88      0     88  0.86575846E+00  0.00000000E+00 0.9773E-13      5
  746   23     0     -87      0     87  0.87497999E+00  0.00000000E+00 0.1066E-12      6
  747   23     0     -86      0     86  0.88465180E+00  0.00000000E+00 0.5693E-12      5
  748   23     0     -85      0     85  0.89468123E+00  0.00000000E+00 0.1647E-12      6
  749   23     0     -84      0     84  0.90501623E+00  0.00000000E+00 0.2189E-13      5
  750   23     0     -83      0     83  0.91562996E+00  0.00000000E+00 0.4084E-13      5
  751   23     0     -82      0     82  0.92650959E+00  0.00000000E+00 0.2965E-13      5
  752   23     0     -81      0     81  0.93764778E+00  0.00000000E+00 0.1109E-12      5
  753   23     0     -80      0     80  0.94903887E+00  0.00000000E+00 0.1008E-12      5
  754   23     0     -79      0     79  0.96067603E+00  0.00000000E+00 0.8555E-15      5
  755   23     0     -78      0     78  0.97254565E+00  0.00000000E+00 0.1510E-12      5
  756   23     0     -77      0     77  0.98461976E+00  0.00000000E+00 0.1788E-12      6
  757   23     0     -76      0     76  0.99684174E+00  0.00000000E+00 0.8041E-13      6
  758   23     0     -75      0     75  0.10090967E+01  0.00000000E+00 0.2131E-12      6
  759   23     0     -74      0     74  0.10211802E+01  0.00000000E+00 0.1665E-13      5
  760   23     0     -73      0     73  0.10329172E+01  0.00000000E+00 0.2819E-13      5
  761   23     0     -72      0     72  0.10446190E+01  0.00000000E+00 0.1669E-12      6
  762   23     0     -71      0     71  0.10570014E+01  0.00000000E+00 0.1805E-13      5
  763   23     0     -70      0     70  0.10703111E+01  0.00000000E+00 0.2251E-12      6
  764   23     0     -69      0     69  0.10843874E+01  0.00000000E+00 0.4560E-12      6
  765   23     0     -68      0     68  0.10990636E+01  0.00000000E+00 0.2027E-12      5
  766   23     0     -67      0     67  0.11142495E+01  0.00000000E+00 0.4640E-12      5
  767   23     0     -66      0     66  0.11299085E+01  0.00000000E+00 0.1656E-12      6
  768   23     0     -65      0     65  0.11460349E+01  0.00000000E+00 0.1463E-12      6
  769   23     0     -64      0     64  0.11626414E+01  0.00000000E+00 0.1530E-12      5
  770   23     0     -63      0     63  0.11797492E+01  0.00000000E+00 0.4164E-12      5
  771   23     0     -62      0     62  0.11973794E+01  0.00000000E+00 0.7349E-13      5
  772   23     0     -61      0     61  0.12155513E+01  0.00000000E+00 0.8515E-13      5
  773   23     0     -60      0     60  0.12342818E+01  0.00000000E+00 0.1538E-12      5
  774   23     0     -59      0     59  0.12535824E+01  0.00000000E+00 0.1295E-12      5
  775   23     0     -58      0     58  0.12734529E+01  0.00000000E+00 0.2072E-12      5
  776   23     0     -57      0     57  0.12938740E+01  0.00000000E+00 0.6532E-12      5
  777   23     0     -56      0     56  0.13147956E+01  0.00000000E+00 0.8535E-13      5
  778   23     0     -55      0     55  0.13361123E+01  0.00000000E+00 0.2632E-13      6
  779   23     0     -54      0     54  0.13576089E+01  0.00000000E+00 0.2240E-12      5
  780   23     0     -53      0     53  0.13789158E+01  0.00000000E+00 0.4642E-13      6
  781   23     0     -52      0     52  0.13998029E+01  0.00000000E+00 0.1559E-12      5
  782   23     0     -51      0     51  0.14210124E+01  0.00000000E+00 0.7171E-14      6
  783   23     0     -50      0     50  0.14437834E+01  0.00000000E+00 0.1866E-12      6
  784   23     0     -49      0     49  0.14684196E+01  0.00000000E+00 0.1851E-12      6
  785   23     0     -48      0     48  0.14946407E+01  0.00000000E+00 0.2549E-13      6
  786   23     0     -47      0     47  0.15222035E+01  0.00000000E+00 0.1361E-12      6
  787   23     0     -46      0     46  0.15509965E+01  0.00000000E+00 0.1593E-12      6
  788   23     0     -45      0     45  0.15809938E+01  0.00000000E+00 0.5744E-13      5
  789   23     0     -44      0     44  0.16122144E+01  0.00000000E+00 0.2155E-13      6
  Time elapsed :      2.133 s

Starting search (non-adiabatic)

Finding roots
  Time elapsed :     99.953 s

Processing modes
   id    l     m    n_pg    n_p    n_g       Re(omega)       Im(omega)        chi n_iter
  701   23     0    -132      1    133  0.58671887E+00 -0.15962093E-02 0.2568E-12      7
  702   23     0    -131      1    132  0.59109901E+00 -0.15891122E-02 0.1132E-11      8
  703   23     0    -130      1    131  0.59546072E+00 -0.15715432E-02 0.1220E-11      8
  704   23     0    -129      1    130  0.59978514E+00 -0.15509118E-02 0.1249E-11      8
  705   23     0    -128      1    129  0.60408991E+00 -0.15462866E-02 0.5160E-12      8
  706   23     0    -127      1    128  0.60844850E+00 -0.15712258E-02 0.6519E-12      9
  707   23     0    -126      1    127  0.61294232E+00 -0.16146752E-02 0.8775E-12      8
  708   23     0    -125      1    126  0.61760296E+00 -0.16576531E-02 0.1199E-11      8
  709   23     0    -124      1    125  0.62242234E+00 -0.16915299E-02 0.8387E-12      9
  710   23     0    -123      1    124  0.62738227E+00 -0.17160832E-02 0.9638E-13      8
  711   23     0    -122      1    123  0.63246740E+00 -0.17328712E-02 0.7384E-12      7
  712   23     0    -121      1    122  0.63766820E+00 -0.17432903E-02 0.4746E-12      8
  713   23     0    -120      1    121  0.64297835E+00 -0.17485836E-02 0.1903E-12      9
  714   23     0    -119      1    120  0.64839260E+00 -0.17495921E-02 0.3995E-12     11
  715   23     0    -118      1    119  0.65390647E+00 -0.17461198E-02 0.2051E-12     11
  716   23     0    -117      1    118  0.65951673E+00 -0.17377823E-02 0.5735E-12      8
  717   23     0    -116      1    117  0.66521888E+00 -0.17250954E-02 0.5671E-12      9
  718   23     0    -115      1    116  0.67100690E+00 -0.17078403E-02 0.1564E-11      8
  719   23     0    -114      1    115  0.67687338E+00 -0.16851608E-02 0.4842E-12     11
  720   23     0    -113      1    114  0.68280732E+00 -0.16558312E-02 0.2670E-12      9
  721   23     0    -112      1    113  0.68879143E+00 -0.16183473E-02 0.9044E-12      8
  722   23     0    -111      1    112  0.69479712E+00 -0.15704174E-02 0.4632E-12      9
  723   23     0    -110      1    111  0.70078154E+00 -0.15109954E-02 0.4638E-12      7
  724   23     0    -109      1    110  0.70670318E+00 -0.14481488E-02 0.9315E-13      7
  725   23     0    -108      0    108  0.71258437E+00 -0.14070994E-02 0.4079E-12      9
  726   23     0    -107      0    107  0.71856285E+00 -0.14067255E-02 0.1069E-11      7
  727   23     0    -106      0    106  0.72479081E+00 -0.14279527E-02 0.1716E-11      8
  728   23     0    -105      0    105  0.73131425E+00 -0.14446922E-02 0.4583E-12      7
  729   23     0    -104      0    104  0.73810490E+00 -0.14498137E-02 0.3723E-12      9
  730   23     0    -103      0    103  0.74512320E+00 -0.14458133E-02 0.8275E-12      7
  731   23     0    -102      0    102  0.75233888E+00 -0.14357757E-02 0.1148E-11      8
  732   23     0    -101      0    101  0.75973244E+00 -0.14213411E-02 0.1428E-11      7
  733   23     0    -100      0    100  0.76729195E+00 -0.14035577E-02 0.7526E-12      6
  734   23     0     -99      0     99  0.77500955E+00 -0.13829790E-02 0.1203E-11      8
  735   23     0     -98      0     98  0.78288010E+00 -0.13602092E-02 0.5954E-12      8
  736   23     0     -97      0     97  0.79089887E+00 -0.13358772E-02 0.5355E-12      7
  737   23     0     -96      0     96  0.79905981E+00 -0.13102270E-02 0.1289E-11      7
  738   23     0     -95      0     95  0.80735151E+00 -0.12830630E-02 0.3331E-12      8
  739   23     0     -94      0     94  0.81575088E+00 -0.12529316E-02 0.7695E-12      6
  740   23     0     -93      0     93  0.82421063E+00 -0.12160575E-02 0.2513E-12      7
  741   23     0     -92      0     92  0.83263927E+00 -0.11661936E-02 0.1661E-11      7
  742   23     0     -91      0     91  0.84089949E+00 -0.11035815E-02 0.7485E-12      7
  743   23     0     -90      0     90  0.84895256E+00 -0.10622519E-02 0.2314E-11      8
  744   23     0     -89      0     89  0.85712027E+00 -0.10835726E-02 0.1835E-11      7
  745   23     0     -88      0     88  0.86580080E+00 -0.11326766E-02 0.2055E-11      8
  746   23     0     -87      0     87  0.87504547E+00 -0.11680643E-02 0.1508E-11      6
  747   23     0     -86      0     86  0.88474020E+00 -0.11865085E-02 0.1928E-11      9
  748   23     0     -85      0     85  0.89479193E+00 -0.11944929E-02 0.2145E-11      8
  749   23     0     -84      0     84  0.90514880E+00 -0.11967825E-02 0.4502E-12      8
  750   23     0     -83      0     83  0.91578427E+00 -0.11964241E-02 0.1573E-11      7
  751   23     0     -82      0     82  0.92668574E+00 -0.11957709E-02 0.2672E-11      7
  752   23     0     -81      0     81  0.93784603E+00 -0.11968015E-02 0.3129E-11      6
  753   23     0     -80      0     80  0.94925939E+00 -0.12006467E-02 0.2371E-11      7
  754   23     0     -79      0     79  0.96091867E+00 -0.12075208E-02 0.2077E-11      7
  755   23     0     -78      0     78  0.97280963E+00 -0.12161977E-02 0.1728E-11      7
  756   23     0     -77      0     77  0.98490315E+00 -0.12234544E-02 0.1422E-11      8
  757   23     0     -76      0     76  0.99714095E+00 -0.12232596E-02 0.6779E-12      7
  758   23     0     -75      0     75  0.10094055E+01 -0.12061745E-02 0.4730E-12      6
  759   23     0     -74      0     74  0.10214896E+01 -0.11637725E-02 0.8955E-12      6
  760   23     0     -73      0     73  0.10332212E+01 -0.11188387E-02 0.1290E-11      7
  761   23     0     -72      0     72  0.10449305E+01 -0.11350598E-02 0.1753E-11      7
  762   23     0     -71      0     71  0.10573369E+01 -0.11987937E-02 0.2094E-11      7
  763   23     0     -70      0     70  0.10706688E+01 -0.12487289E-02 0.2065E-11      7
  764   23     0     -69      0     69  0.10847585E+01 -0.12711965E-02 0.2771E-11      7
  765   23     0     -68      0     68  0.10994400E+01 -0.12710073E-02 0.4860E-13      8
  766   23     0     -67      0     67  0.11146242E+01 -0.12503131E-02 0.1032E-11     10
  767   23     0     -66      1     67  0.11302753E+01 -0.12087445E-02 0.2197E-11      8
  768   23     0     -65      1     66  0.11463885E+01 -0.11464441E-02 0.1285E-11      6
  769   23     0     -64      1     65  0.11629782E+01 -0.10657925E-02 0.6252E-12      7
  770   23     0     -63      1     64  0.11800668E+01 -0.97206975E-03 0.1570E-11      7
  771   23     0     -64      0     64  0.11976765E+01 -0.87156818E-03 0.7191E-13      7
  772   23     0     -64      0     64  0.12158270E+01 -0.76971424E-03 0.2136E-11      6
  773   23     0     -63      0     63  0.12345353E+01 -0.67064210E-03 0.6271E-12      6
  774   23     0     -62      0     62  0.12538134E+01 -0.57759194E-03 0.3594E-11      6
  775   23     0     -59      0     59  0.12736614E+01 -0.49266604E-03 0.4251E-11      7
  776   23     0     -58      0     58  0.12940603E+01 -0.41662456E-03 0.7607E-12      6
  777   23     0     -57      0     57  0.13149600E+01 -0.34902508E-03 0.4136E-11      5
  778   23     0     -56      0     56  0.13362552E+01 -0.28884669E-03 0.1386E-12      6
  779   23     0     -55      0     55  0.13577306E+01 -0.23516734E-03 0.4669E-11      6
  780   23     0     -54      0     54  0.13790173E+01 -0.18838138E-03 0.2383E-11      5
  781   23     0     -53      0     53  0.13998884E+01 -0.15308651E-03 0.8161E-11      6
  782   23     0     -52      0     52  0.14210890E+01 -0.13271942E-03 0.2539E-10      7
  783   23     0     -51      0     51  0.14438542E+01 -0.11875184E-03 0.6890E-11      6
  784   23     0     -50      0     50  0.14684840E+01 -0.10464102E-03 0.1199E-10      6
  785   23     0     -49      0     49  0.14946981E+01 -0.90696581E-04 0.3497E-11      5
  786   23     0     -48      0     48  0.15222542E+01 -0.77860327E-04 0.2133E-11      6
  787   23     0     -47      0     47  0.15510407E+01 -0.66354993E-04 0.2953E-10      6
  788   23     0     -46      0     46  0.15810320E+01 -0.56145329E-04 0.1235E-10      8
  789   23     0     -45      0     45  0.16122471E+01 -0.47182013E-04 0.8103E-10      5
  Time elapsed :      5.467 s

Mode Search
-----------

Mode parameters
   l : 24
   m : 0

Building frequency grid (REAL axis)
   added scan interval :  0.5210E+00 ->  0.2105E+01 (3000 points, INVERSE)

Building spatial grid
   Scaffold grid from model
   Split 32 subinterval(s) in iteration 1
   Split 30 subinterval(s) in iteration 2
   Split 0 subinterval(s) in iteration 3
   Final grid has 1 segment(s) and 7282 point(s):
      Segment 1 : x range 0.0000 -> 1.0009 (1 -> 7282)

Starting search (adiabatic)

Scanning frequencies
  Time elapsed :    34.950 s

Finding roots
  Time elapsed :      6.364 s

Processing modes
   id    l     m    n_pg    n_p    n_g       Re(omega)       Im(omega)        chi n_iter
  820   24     0    -137      0    137  0.58926818E+00  0.00000000E+00 0.1492E-13      5
  821   24     0    -136      0    136  0.59363581E+00  0.00000000E+00 0.3240E-12      5
  822   24     0    -135      0    135  0.59805980E+00  0.00000000E+00 0.8151E-12      5
  823   24     0    -134      0    134  0.60253337E+00  0.00000000E+00 0.3382E-12      5
  824   24     0    -133      0    133  0.60704643E+00  0.00000000E+00 0.4212E-12      6
  825   24     0    -132      0    132  0.61158303E+00  0.00000000E+00 0.4045E-12      5
  826   24     0    -131      0    131  0.61612038E+00  0.00000000E+00 0.1871E-12      5
  827   24     0    -130      0    130  0.62063271E+00  0.00000000E+00 0.3030E-12      6
  828   24     0    -129      0    129  0.62510882E+00  0.00000000E+00 0.2769E-12      5
  829   24     0    -128      0    128  0.62958369E+00  0.00000000E+00 0.3665E-12      5
  830   24     0    -127      0    127  0.63413943E+00  0.00000000E+00 0.1979E-13      5
  831   24     0    -126      0    126  0.63884692E+00  0.00000000E+00 0.1417E-12      5
  832   24     0    -125      0    125  0.64372572E+00  0.00000000E+00 0.2246E-12      5
  833   24     0    -124      0    124  0.64876318E+00  0.00000000E+00 0.3780E-12      5
  834   24     0    -123      0    123  0.65394084E+00  0.00000000E+00 0.1400E-12      5
  835   24     0    -122      0    122  0.65924412E+00  0.00000000E+00 0.7149E-12      5
  836   24     0    -121      0    121  0.66466365E+00  0.00000000E+00 0.2821E-12      5
  837   24     0    -120      0    120  0.67019320E+00  0.00000000E+00 0.1614E-13      5
  838   24     0    -119      0    119  0.67582774E+00  0.00000000E+00 0.5465E-13      5
  839   24     0    -118      0    118  0.68156272E+00  0.00000000E+00 0.3730E-12      5
  840   24     0    -117      0    117  0.68739401E+00  0.00000000E+00 0.4993E-14      5
  841   24     0    -116      0    116  0.69331641E+00  0.00000000E+00 0.8346E-12      5
  842   24     0    -115      0    115  0.69932308E+00  0.00000000E+00 0.4872E-13      5
  843   24     0    -114      0    114  0.70540487E+00  0.00000000E+00 0.2213E-12      5
  844   24     0    -113      0    113  0.71154787E+00  0.00000000E+00 0.2807E-12      5
  845   24     0    -112      0    112  0.71773026E+00  0.00000000E+00 0.2225E-12      5
  846   24     0    -111      0    111  0.72391742E+00  0.00000000E+00 0.1614E-12      5
  847   24     0    -110      0    110  0.73006304E+00  0.00000000E+00 0.5984E-12      5
  848   24     0    -109      0    109  0.73613953E+00  0.00000000E+00 0.2913E-12      5
  849   24     0    -108      0    108  0.74221018E+00  0.00000000E+00 0.1346E-12      5
  850   24     0    -107      0    107  0.74843669E+00  0.00000000E+00 0.3592E-12      5
  851   24     0    -106      0    106  0.75494364E+00  0.00000000E+00 0.2910E-12      5
  852   24     0    -105      0    105  0.76174661E+00  0.00000000E+00 0.5783E-13      6
  853   24     0    -104      0    104  0.76880947E+00  0.00000000E+00 0.4932E-12      6
  854   24     0    -103      0    103  0.77609486E+00  0.00000000E+00 0.9076E-13      5
  855   24     0    -102      0    102  0.78357583E+00  0.00000000E+00 0.3481E-12      5
  856   24     0    -101      0    101  0.79123498E+00  0.00000000E+00 0.1174E-12      5
  857   24     0    -100      0    100  0.79906136E+00  0.00000000E+00 0.2999E-13      5
  858   24     0     -99      0     99  0.80704735E+00  0.00000000E+00 0.5776E-13      5
  859   24     0     -98      0     98  0.81518743E+00  0.00000000E+00 0.2392E-12      5
  860   24     0     -97      0     97  0.82347589E+00  0.00000000E+00 0.5000E-13      5
  861   24     0     -96      0     96  0.83190454E+00  0.00000000E+00 0.2619E-12      5
  862   24     0     -95      0     95  0.84045775E+00  0.00000000E+00 0.9406E-13      6
  863   24     0     -94      0     94  0.84910386E+00  0.00000000E+00 0.3605E-12      5
  864   24     0     -93      0     93  0.85777924E+00  0.00000000E+00 0.1376E-14      6
  865   24     0     -92      0     92  0.86636909E+00  0.00000000E+00 0.1995E-13      6
  866   24     0     -91      0     91  0.87474600E+00  0.00000000E+00 0.1980E-12      6
  867   24     0     -90      0     90  0.88300335E+00  0.00000000E+00 0.1814E-12      5
  868   24     0     -89      0     89  0.89156746E+00  0.00000000E+00 0.7134E-13      6
  869   24     0     -88      0     88  0.90071300E+00  0.00000000E+00 0.1806E-12      5
  870   24     0     -87      0     87  0.91039237E+00  0.00000000E+00 0.2810E-13      6
  871   24     0     -86      0     86  0.92048941E+00  0.00000000E+00 0.9036E-13      6
  872   24     0     -85      0     85  0.93092712E+00  0.00000000E+00 0.3033E-12      5
  873   24     0     -84      0     84  0.94166413E+00  0.00000000E+00 0.5015E-12      5
  874   24     0     -83      0     83  0.95267920E+00  0.00000000E+00 0.7393E-13      5
  875   24     0     -82      0     82  0.96396212E+00  0.00000000E+00 0.1720E-12      5
  876   24     0     -81      0     81  0.97550647E+00  0.00000000E+00 0.6214E-13      5
  877   24     0     -80      0     80  0.98730647E+00  0.00000000E+00 0.1363E-12      5
  878   24     0     -79      0     79  0.99935394E+00  0.00000000E+00 0.2228E-12      5
  879   24     0     -78      0     78  0.10116322E+01  0.00000000E+00 0.2270E-12      5
  880   24     0     -77      0     77  0.10241070E+01  0.00000000E+00 0.3507E-13      5
  881   24     0     -76      0     76  0.10367097E+01  0.00000000E+00 0.8728E-13      6
  882   24     0     -75      0     75  0.10493039E+01  0.00000000E+00 0.2126E-12      6
  883   24     0     -74      0     74  0.10616708E+01  0.00000000E+00 0.4590E-13      6
  884   24     0     -73      0     73  0.10737093E+01  0.00000000E+00 0.2225E-12      5
  885   24     0     -72      0     72  0.10858857E+01  0.00000000E+00 0.9131E-13      5
  886   24     0     -71      0     71  0.10988646E+01  0.00000000E+00 0.1769E-12      6
  887   24     0     -70      0     70  0.11127599E+01  0.00000000E+00 0.5484E-12      6
  888   24     0     -69      0     69  0.11273896E+01  0.00000000E+00 0.8197E-13      6
  889   24     0     -68      0     68  0.11426033E+01  0.00000000E+00 0.6178E-14      5
  890   24     0     -67      0     67  0.11583229E+01  0.00000000E+00 0.1227E-12      6
  891   24     0     -66      0     66  0.11745183E+01  0.00000000E+00 0.2873E-12      6
  892   24     0     -65      0     65  0.11911873E+01  0.00000000E+00 0.2490E-12      5
  893   24     0     -64      0     64  0.12083451E+01  0.00000000E+00 0.1127E-12      5
  894   24     0     -63      0     63  0.12260137E+01  0.00000000E+00 0.4006E-12      5
  895   24     0     -62      0     62  0.12442145E+01  0.00000000E+00 0.2450E-12      5
  896   24     0     -61      0     61  0.12629676E+01  0.00000000E+00 0.8834E-13      5
  897   24     0     -60      0     60  0.12822905E+01  0.00000000E+00 0.2971E-13      5
  898   24     0     -59      0     59  0.13021947E+01  0.00000000E+00 0.1192E-12      5
  899   24     0     -58      0     58  0.13226788E+01  0.00000000E+00 0.2763E-13      5
  900   24     0     -57      0     57  0.13437227E+01  0.00000000E+00 0.2126E-12      5
  901   24     0     -56      0     56  0.13652759E+01  0.00000000E+00 0.2526E-12      6
  902   24     0     -55      0     55  0.13872349E+01  0.00000000E+00 0.2129E-12      6
  903   24     0     -54      0     54  0.14093869E+01  0.00000000E+00 0.3732E-12      5
  904   24     0     -53      0     53  0.14313617E+01  0.00000000E+00 0.9356E-13      6
  905   24     0     -52      0     52  0.14529059E+01  0.00000000E+00 0.1612E-12      5
  906   24     0     -51      0     51  0.14747229E+01  0.00000000E+00 0.8496E-13      6
  907   24     0     -50      0     50  0.14980825E+01  0.00000000E+00 0.3379E-12      6
  908   24     0     -49      0     49  0.15233400E+01  0.00000000E+00 0.6919E-13      6
  909   24     0     -48      0     48  0.15502198E+01  0.00000000E+00 0.9940E-13      5
  910   24     0     -47      0     47  0.15784682E+01  0.00000000E+00 0.1779E-12      5
  911   24     0     -46      0     46  0.16079668E+01  0.00000000E+00 0.2016E-12      5
  Time elapsed :      1.857 s

Starting search (non-adiabatic)

Finding roots
  Time elapsed :    108.670 s

Processing modes
   id    l     m    n_pg    n_p    n_g       Re(omega)       Im(omega)        chi n_iter
  820   24     0    -137      1    138  0.58888056E+00 -0.15462464E-02 0.5603E-12      9
  821   24     0    -136      1    137  0.59325298E+00 -0.15658991E-02 0.7508E-13      9
  822   24     0    -135      1    136  0.59768072E+00 -0.15837493E-02 0.8076E-12      8
  823   24     0    -134      1    135  0.60215746E+00 -0.15977976E-02 0.9154E-12     10
  824   24     0    -133      1    134  0.60667412E+00 -0.16063564E-02 0.1385E-11      8
  825   24     0    -132      1    133  0.61121518E+00 -0.16076193E-02 0.6550E-13      9
  826   24     0    -131      1    132  0.61575814E+00 -0.15987995E-02 0.6292E-12      8
  827   24     0    -130      1    131  0.62027645E+00 -0.15800220E-02 0.6607E-12      8
  828   24     0    -129      1    130  0.62475475E+00 -0.15611290E-02 0.5233E-12      7
  829   24     0    -128      1    129  0.62922280E+00 -0.15626492E-02 0.5869E-12      8
  830   24     0    -127      1    128  0.63376472E+00 -0.15941899E-02 0.1455E-11      9
  831   24     0    -126      1    127  0.63845787E+00 -0.16406525E-02 0.5747E-12      8
  832   24     0    -125      1    126  0.64332428E+00 -0.16841019E-02 0.7256E-12     10
  833   24     0    -124      1    125  0.64835116E+00 -0.17179661E-02 0.3607E-12     10
  834   24     0    -123      1    124  0.65351951E+00 -0.17428109E-02 0.5689E-12      9
  835   24     0    -122      1    123  0.65881442E+00 -0.17602342E-02 0.9126E-12      9
  836   24     0    -121      1    122  0.66422682E+00 -0.17715357E-02 0.4539E-12     10
  837   24     0    -120      1    121  0.66975068E+00 -0.17778472E-02 0.5726E-12      9
  838   24     0    -119      1    120  0.67538079E+00 -0.17798623E-02 0.2839E-12      8
  839   24     0    -118      1    119  0.68111265E+00 -0.17772523E-02 0.5777E-12      8
  840   24     0    -117      1    118  0.68694283E+00 -0.17696068E-02 0.3339E-12      8
  841   24     0    -116      1    117  0.69286631E+00 -0.17573611E-02 0.1364E-12      8
  842   24     0    -115      1    116  0.69887628E+00 -0.17401237E-02 0.3546E-12      8
  843   24     0    -114      1    115  0.70496409E+00 -0.17168526E-02 0.1001E-11      8
  844   24     0    -113      1    114  0.71111661E+00 -0.16860710E-02 0.9135E-12      9
  845   24     0    -112      1    113  0.71731298E+00 -0.16459502E-02 0.1284E-11     10
  846   24     0    -111      1    112  0.72351927E+00 -0.15940480E-02 0.7742E-12      9
  847   24     0    -110      1    111  0.72968795E+00 -0.15306965E-02 0.1875E-12     11
  848   24     0    -109      1    110  0.73578547E+00 -0.14690706E-02 0.7376E-12      8
  849   24     0    -108      0    108  0.74186811E+00 -0.14379430E-02 0.1227E-11      8
  850   24     0    -107      0    107  0.74810116E+00 -0.14467590E-02 0.9507E-12      7
  851   24     0    -106      0    106  0.75461769E+00 -0.14687854E-02 0.1157E-11      9
  852   24     0    -105      0    105  0.76143559E+00 -0.14820517E-02 0.1284E-11      9
  853   24     0    -104      0    104  0.76851741E+00 -0.14834680E-02 0.3901E-12      7
  854   24     0    -103      0    103  0.77582423E+00 -0.14764539E-02 0.3766E-14      8
  855   24     0    -102      0    102  0.78332790E+00 -0.14639083E-02 0.6748E-12      9
  856   24     0    -101      0    101  0.79101051E+00 -0.14472119E-02 0.1352E-11      8
  857   24     0    -100      0    100  0.79886093E+00 -0.14272578E-02 0.6482E-13      7
  858   24     0     -99      0     99  0.80687150E+00 -0.14044881E-02 0.6275E-12      7
  859   24     0     -98      0     98  0.81503671E+00 -0.13794492E-02 0.1583E-12      7
  860   24     0     -97      0     97  0.82335078E+00 -0.13526701E-02 0.7599E-12      8
  861   24     0     -96      0     96  0.83180542E+00 -0.13242308E-02 0.1147E-11      7
  862   24     0     -95      0     95  0.84038478E+00 -0.12935963E-02 0.2047E-12      7
  863   24     0     -94      0     94  0.84905696E+00 -0.12586278E-02 0.1807E-11      7
  864   24     0     -93      0     93  0.85775783E+00 -0.12145169E-02 0.1303E-11      8
  865   24     0     -92      0     92  0.86637132E+00 -0.11555736E-02 0.6038E-12      8
  866   24     0     -91      0     91  0.87476676E+00 -0.10926448E-02 0.2253E-11      6
  867   24     0     -90      0     90  0.88303792E+00 -0.10737312E-02 0.1072E-11      6
  868   24     0     -89      0     89  0.89162038E+00 -0.11121519E-02 0.1564E-11      8
  869   24     0     -88      0     88  0.90078949E+00 -0.11566261E-02 0.1031E-11      6
  870   24     0     -87      0     87  0.91049300E+00 -0.11830777E-02 0.2337E-12      7
  871   24     0     -86      0     86  0.92061332E+00 -0.11951375E-02 0.1289E-11      7
  872   24     0     -85      0     85  0.93107351E+00 -0.11988542E-02 0.1208E-11      8
  873   24     0     -84      0     84  0.94183251E+00 -0.11980364E-02 0.4260E-12      7
  874   24     0     -83      0     83  0.95286940E+00 -0.11952195E-02 0.1684E-11      7
  875   24     0     -82      0     82  0.96417427E+00 -0.11925486E-02 0.2431E-11      7
  876   24     0     -81      0     81  0.97574089E+00 -0.11918436E-02 0.8289E-12      7
  877   24     0     -80      0     80  0.98756338E+00 -0.11940786E-02 0.6685E-12      6
  878   24     0     -79      0     79  0.99963324E+00 -0.11993048E-02 0.1250E-11      7
  879   24     0     -78      0     78  0.10119331E+01 -0.12060334E-02 0.6043E-12      9
  880   24     0     -77      0     77  0.10244273E+01 -0.12106446E-02 0.1423E-11      6
  881   24     0     -76      0     76  0.10370453E+01 -0.12065725E-02 0.1252E-11      7
  882   24     0     -75      0     75  0.10496476E+01 -0.11841566E-02 0.6100E-12      9
  883   24     0     -74      0     74  0.10620127E+01 -0.11389606E-02 0.1586E-11      8
  884   24     0     -73      0     73  0.10740477E+01 -0.11058301E-02 0.1208E-11      7
  885   24     0     -72      0     72  0.10862388E+01 -0.11384514E-02 0.1546E-11      8
  886   24     0     -71      0     71  0.10992455E+01 -0.12017871E-02 0.1336E-11      8
  887   24     0     -70      0     70  0.11131639E+01 -0.12460475E-02 0.1138E-11      8
  888   24     0     -69      0     69  0.11278075E+01 -0.12655081E-02 0.1261E-11      8
  889   24     0     -68      0     68  0.11430267E+01 -0.12646228E-02 0.1252E-11      7
  890   24     0     -67      0     67  0.11587443E+01 -0.12443441E-02 0.3830E-11      7
  891   24     0     -66      0     66  0.11749307E+01 -0.12035947E-02 0.9439E-12      7
  892   24     0     -65      1     66  0.11915846E+01 -0.11421344E-02 0.3546E-11      7
  893   24     0     -64      1     65  0.12087227E+01 -0.10622473E-02 0.3052E-12      6
  894   24     0     -63      1     64  0.12263686E+01 -0.96918930E-03 0.3416E-11      8
  895   24     0     -62      1     63  0.12445450E+01 -0.86912104E-03 0.2343E-11      7
  896   24     0     -63      0     63  0.12632726E+01 -0.76739065E-03 0.2195E-11      7
  897   24     0     -62      0     62  0.12825693E+01 -0.66825002E-03 0.7209E-12      6
  898   24     0     -62      0     62  0.13024471E+01 -0.57512190E-03 0.4624E-11      6
  899   24     0     -61      0     61  0.13229053E+01 -0.49016540E-03 0.5203E-11      7
  900   24     0     -60      0     60  0.13439238E+01 -0.41408490E-03 0.5373E-11      6
  901   24     0     -57      1     58  0.13654524E+01 -0.34638587E-03 0.5629E-11      6
  902   24     0     -56      0     56  0.13873875E+01 -0.28612961E-03 0.5907E-12      6
  903   24     0     -55      0     55  0.14095162E+01 -0.23254937E-03 0.5769E-11      6
  904   24     0     -54      0     54  0.14314691E+01 -0.18604101E-03 0.5516E-11      6
  905   24     0     -53      0     53  0.14529959E+01 -0.15079375E-03 0.1070E-10      7
  906   24     0     -52      0     52  0.14748030E+01 -0.13026842E-03 0.8067E-11      6
  907   24     0     -51      0     51  0.14981563E+01 -0.11651964E-03 0.3153E-10      7
  908   24     0     -50      0     50  0.15234071E+01 -0.10280632E-03 0.1215E-10      5
  909   24     0     -49      0     49  0.15502796E+01 -0.89186609E-04 0.2104E-10      7
  910   24     0     -48      0     48  0.15785208E+01 -0.76563836E-04 0.4013E-10      7
  911   24     0     -47      0     47  0.16080125E+01 -0.65194743E-04 0.3429E-10      6
  Time elapsed :      5.497 s

Mode Search
-----------

Mode parameters
   l : 25
   m : 0

Building frequency grid (REAL axis)
   added scan interval :  0.5210E+00 ->  0.2105E+01 (3000 points, INVERSE)

Building spatial grid
   Scaffold grid from model
   Split 33 subinterval(s) in iteration 1
   Split 30 subinterval(s) in iteration 2
   Split 9 subinterval(s) in iteration 3
   Split 0 subinterval(s) in iteration 4
   Final grid has 1 segment(s) and 7292 point(s):
      Segment 1 : x range 0.0000 -> 1.0009 (1 -> 7292)

Starting search (adiabatic)

Scanning frequencies
  Time elapsed :    34.999 s

Finding roots
  Time elapsed :      6.677 s

Processing modes
   id    l     m    n_pg    n_p    n_g       Re(omega)       Im(omega)        chi n_iter
  942   25     0    -143      0    143  0.58703157E+00  0.00000000E+00 0.2232E-12      5
  943   25     0    -142      0    142  0.59115202E+00  0.00000000E+00 0.2168E-12      5
  944   25     0    -141      0    141  0.59535040E+00  0.00000000E+00 0.1096E-11      5
  945   25     0    -140      0    140  0.59962126E+00  0.00000000E+00 0.7184E-12      5
  946   25     0    -139      0    139  0.60396134E+00  0.00000000E+00 0.9434E-13      5
  947   25     0    -138      0    138  0.60836834E+00  0.00000000E+00 0.1117E-12      5
  948   25     0    -137      0    137  0.61284015E+00  0.00000000E+00 0.2429E-12      5
  949   25     0    -136      0    136  0.61737379E+00  0.00000000E+00 0.2449E-12      5
  950   25     0    -135      0    135  0.62196447E+00  0.00000000E+00 0.1776E-12      5
  951   25     0    -134      0    134  0.62660460E+00  0.00000000E+00 0.3173E-13      6
  952   25     0    -133      0    133  0.63128280E+00  0.00000000E+00 0.1307E-12      5
  953   25     0    -132      0    132  0.63598117E+00  0.00000000E+00 0.3719E-13      6
  954   25     0    -131      0    131  0.64067476E+00  0.00000000E+00 0.3902E-12      6
  955   25     0    -130      0    130  0.64533760E+00  0.00000000E+00 0.3603E-12      6
  956   25     0    -129      0    129  0.64996495E+00  0.00000000E+00 0.1036E-11      5
  957   25     0    -128      0    128  0.65460507E+00  0.00000000E+00 0.3030E-12      5
  958   25     0    -127      0    127  0.65934674E+00  0.00000000E+00 0.2092E-12      5
  959   25     0    -126      0    126  0.66425369E+00  0.00000000E+00 0.2414E-12      6
  960   25     0    -125      0    125  0.66933650E+00  0.00000000E+00 0.2089E-12      5
  961   25     0    -124      0    124  0.67457899E+00  0.00000000E+00 0.2957E-12      5
  962   25     0    -123      0    123  0.67996239E+00  0.00000000E+00 0.7601E-12      5
  963   25     0    -122      0    122  0.68547270E+00  0.00000000E+00 0.1815E-12      5
  964   25     0    -121      0    121  0.69110113E+00  0.00000000E+00 0.4099E-12      5
  965   25     0    -120      0    120  0.69684171E+00  0.00000000E+00 0.2860E-12      5
  966   25     0    -119      0    119  0.70268949E+00  0.00000000E+00 0.1295E-14      5
  967   25     0    -118      0    118  0.70863980E+00  0.00000000E+00 0.7766E-13      5
  968   25     0    -117      0    117  0.71468825E+00  0.00000000E+00 0.3906E-12      5
  969   25     0    -116      0    116  0.72082898E+00  0.00000000E+00 0.6435E-12      5
  970   25     0    -115      0    115  0.72705415E+00  0.00000000E+00 0.5247E-12      5
  971   25     0    -114      0    114  0.73335299E+00  0.00000000E+00 0.3052E-12      5
  972   25     0    -113      0    113  0.73970883E+00  0.00000000E+00 0.2722E-12      5
  973   25     0    -112      0    112  0.74609542E+00  0.00000000E+00 0.6009E-13      6
  974   25     0    -111      0    111  0.75247230E+00  0.00000000E+00 0.3071E-12      6
  975   25     0    -110      0    110  0.75879124E+00  0.00000000E+00 0.2162E-12      6
  976   25     0    -109      0    109  0.76504225E+00  0.00000000E+00 0.1662E-12      5
  977   25     0    -108      0    108  0.77132769E+00  0.00000000E+00 0.3612E-12      5
  978   25     0    -107      0    107  0.77782166E+00  0.00000000E+00 0.1573E-15      6
  979   25     0    -106      0    106  0.78461989E+00  0.00000000E+00 0.8639E-13      5
  980   25     0    -105      0    105  0.79171463E+00  0.00000000E+00 0.3300E-12      6
  981   25     0    -104      0    104  0.79906476E+00  0.00000000E+00 0.1542E-12      5
  982   25     0    -103      0    103  0.80663466E+00  0.00000000E+00 0.1355E-12      5
  983   25     0    -102      0    102  0.81439958E+00  0.00000000E+00 0.1759E-12      5
  984   25     0    -101      0    101  0.82234357E+00  0.00000000E+00 0.3971E-13      5
  985   25     0    -100      0    100  0.83045629E+00  0.00000000E+00 0.4382E-13      5
  986   25     0     -99      0     99  0.83873018E+00  0.00000000E+00 0.1572E-12      5
  987   25     0     -98      0     98  0.84715907E+00  0.00000000E+00 0.2709E-12      5
  988   25     0     -97      0     97  0.85573574E+00  0.00000000E+00 0.6845E-13      5
  989   25     0     -96      0     96  0.86444897E+00  0.00000000E+00 0.1489E-12      5
  990   25     0     -95      0     95  0.87327705E+00  0.00000000E+00 0.1150E-12      6
  991   25     0     -94      0     94  0.88217656E+00  0.00000000E+00 0.1171E-12      6
  992   25     0     -93      0     93  0.89106301E+00  0.00000000E+00 0.2334E-13      5
  993   25     0     -92      0     92  0.89980192E+00  0.00000000E+00 0.2124E-12      6
  994   25     0     -91      0     91  0.90831805E+00  0.00000000E+00 0.6908E-12      5
  995   25     0     -90      0     90  0.91686944E+00  0.00000000E+00 0.1335E-12      6
  996   25     0     -89      0     89  0.92589411E+00  0.00000000E+00 0.1547E-12      6
  997   25     0     -88      0     88  0.93551640E+00  0.00000000E+00 0.1540E-12      6
  998   25     0     -87      0     87  0.94563335E+00  0.00000000E+00 0.1001E-12      6
  999   25     0     -86      0     86  0.95613991E+00  0.00000000E+00 0.2140E-12      6
 1000   25     0     -85      0     85  0.96697416E+00  0.00000000E+00 0.4267E-13      5
 1001   25     0     -84      0     84  0.97810343E+00  0.00000000E+00 0.7717E-12      5
 1002   25     0     -83      0     83  0.98951092E+00  0.00000000E+00 0.5135E-13      5
 1003   25     0     -82      0     82  0.10011884E+01  0.00000000E+00 0.7269E-12      5
 1004   25     0     -81      0     81  0.10131301E+01  0.00000000E+00 0.6278E-13      5
 1005   25     0     -80      0     80  0.10253298E+01  0.00000000E+00 0.2356E-12      5
 1006   25     0     -79      0     79  0.10377778E+01  0.00000000E+00 0.2305E-12      6
 1007   25     0     -78      0     78  0.10504538E+01  0.00000000E+00 0.4230E-12      6
 1008   25     0     -77      0     77  0.10633172E+01  0.00000000E+00 0.3465E-12      6
 1009   25     0     -76      0     76  0.10762862E+01  0.00000000E+00 0.3481E-12      5
 1010   25     0     -75      0     75  0.10892042E+01  0.00000000E+00 0.1703E-12      5
 1011   25     0     -74      0     74  0.11018494E+01  0.00000000E+00 0.1035E-12      6
 1012   25     0     -73      0     73  0.11142167E+01  0.00000000E+00 0.2848E-12      5
 1013   25     0     -72      0     72  0.11268883E+01  0.00000000E+00 0.2746E-13      6
 1014   25     0     -71      0     71  0.11404415E+01  0.00000000E+00 0.2541E-12      6
 1015   25     0     -70      0     70  0.11548913E+01  0.00000000E+00 0.2422E-12      6
 1016   25     0     -69      0     69  0.11700499E+01  0.00000000E+00 0.2055E-12      6
 1017   25     0     -68      0     68  0.11857810E+01  0.00000000E+00 0.1934E-12      6
 1018   25     0     -67      0     67  0.12020161E+01  0.00000000E+00 0.6700E-13      5
 1019   25     0     -66      0     66  0.12187302E+01  0.00000000E+00 0.1195E-12      6
 1020   25     0     -65      0     65  0.12359242E+01  0.00000000E+00 0.2389E-12      5
 1021   25     0     -64      0     64  0.12536150E+01  0.00000000E+00 0.1415E-12      5
 1022   25     0     -63      0     63  0.12718251E+01  0.00000000E+00 0.6164E-12      5
 1023   25     0     -62      0     62  0.12905765E+01  0.00000000E+00 0.7375E-12      5
 1024   25     0     -61      0     61  0.13098896E+01  0.00000000E+00 0.1384E-12      5
 1025   25     0     -60      0     60  0.13297829E+01  0.00000000E+00 0.1502E-13      5
 1026   25     0     -59      0     59  0.13502674E+01  0.00000000E+00 0.5017E-13      5
 1027   25     0     -58      0     58  0.13713408E+01  0.00000000E+00 0.6488E-13      5
 1028   25     0     -57      0     57  0.13929822E+01  0.00000000E+00 0.1191E-13      5
 1029   25     0     -56      0     56  0.14151423E+01  0.00000000E+00 0.1700E-12      5
 1030   25     0     -55      0     55  0.14377210E+01  0.00000000E+00 0.3003E-12      5
 1031   25     0     -54      0     54  0.14605107E+01  0.00000000E+00 0.2863E-12      6
 1032   25     0     -53      0     53  0.14831422E+01  0.00000000E+00 0.1760E-12      6
 1033   25     0     -52      0     52  0.15053316E+01  0.00000000E+00 0.1146E-12      5
 1034   25     0     -51      0     51  0.15277217E+01  0.00000000E+00 0.2882E-12      6
 1035   25     0     -50      0     50  0.15516134E+01  0.00000000E+00 0.1118E-12      6
 1036   25     0     -49      0     49  0.15774329E+01  0.00000000E+00 0.4106E-13      6
 1037   25     0     -48      0     48  0.16049151E+01  0.00000000E+00 0.2164E-12      6
 1038   25     0     -47      0     47  0.16337942E+01  0.00000000E+00 0.2307E-12      6
  Time elapsed :      1.890 s

Starting search (non-adiabatic)

Finding roots
  Time elapsed :    115.499 s

Processing modes
   id    l     m    n_pg    n_p    n_g       Re(omega)       Im(omega)        chi n_iter
  942   25     0    -143      1    144  0.58661671E+00 -0.14377380E-02 0.4940E-12      8
  943   25     0    -142      1    143  0.59074457E+00 -0.14606263E-02 0.1369E-12      8
  944   25     0    -141      1    142  0.59495124E+00 -0.14814377E-02 0.6432E-12      9
  945   25     0    -140      1    141  0.59923062E+00 -0.15014621E-02 0.1492E-12      7
  946   25     0    -139      1    140  0.60357897E+00 -0.15214101E-02 0.1316E-11      9
  947   25     0    -138      1    139  0.60799375E+00 -0.15413069E-02 0.9066E-12      9
  948   25     0    -137      1    138  0.61247263E+00 -0.15610585E-02 0.4471E-12      8
  949   25     0    -136      1    137  0.61701248E+00 -0.15800623E-02 0.1218E-11      9
  950   25     0    -135      1    136  0.62160842E+00 -0.15971348E-02 0.2771E-12      9
  951   25     0    -134      1    135  0.62625336E+00 -0.16102034E-02 0.9092E-12      8
  952   25     0    -133      1    134  0.63093687E+00 -0.16175086E-02 0.3194E-12      7
  953   25     0    -132      1    133  0.63564136E+00 -0.16170647E-02 0.2248E-12      9
  954   25     0    -131      1    132  0.64034201E+00 -0.16062141E-02 0.2545E-12      8
  955   25     0    -130      1    131  0.64501153E+00 -0.15864068E-02 0.7304E-12      8
  956   25     0    -129      1    130  0.64964056E+00 -0.15703296E-02 0.7825E-12      8
  957   25     0    -128      1    129  0.65427349E+00 -0.15789847E-02 0.4484E-12      8
  958   25     0    -127      1    128  0.65900280E+00 -0.16166887E-02 0.7631E-12      8
  959   25     0    -126      1    127  0.66389796E+00 -0.16651388E-02 0.7732E-12     10
  960   25     0    -125      1    126  0.66897083E+00 -0.17083466E-02 0.8023E-12      9
  961   25     0    -124      1    125  0.67420478E+00 -0.17417781E-02 0.8393E-12     10
  962   25     0    -123      1    124  0.67958055E+00 -0.17666206E-02 0.7379E-12      9
  963   25     0    -122      1    123  0.68508387E+00 -0.17844386E-02 0.7381E-12      8
  964   25     0    -121      1    122  0.69070630E+00 -0.17964211E-02 0.9178E-12      8
  965   25     0    -120      1    121  0.69644205E+00 -0.18035827E-02 0.3941E-12     11
  966   25     0    -119      1    120  0.70228601E+00 -0.18064586E-02 0.4825E-12      9
  967   25     0    -118      1    119  0.70823360E+00 -0.18045856E-02 0.9833E-12      8
  968   25     0    -117      1    118  0.71428116E+00 -0.17975315E-02 0.6801E-12      8
  969   25     0    -116      1    117  0.72042296E+00 -0.17856286E-02 0.8605E-12      7
  970   25     0    -115      1    116  0.72665127E+00 -0.17682824E-02 0.1044E-11      7
  971   25     0    -114      1    115  0.73295586E+00 -0.17442290E-02 0.6901E-12      9
  972   25     0    -113      1    114  0.73932092E+00 -0.17116889E-02 0.4572E-12      8
  973   25     0    -112      1    113  0.74572116E+00 -0.16684798E-02 0.2131E-11     10
  974   25     0    -111      1    112  0.75211655E+00 -0.16122402E-02 0.8884E-12      8
  975   25     0    -110      1    111  0.75845666E+00 -0.15457913E-02 0.9363E-12      8
  976   25     0    -109      1    110  0.76472456E+00 -0.14886845E-02 0.3380E-12      6
  977   25     0    -108      0    108  0.77101838E+00 -0.14699300E-02 0.7811E-12      8
  978   25     0    -107      0    107  0.77751894E+00 -0.14862969E-02 0.6043E-12      6
  979   25     0    -106      0    106  0.78432843E+00 -0.15071730E-02 0.5698E-12      8
  980   25     0    -105      0    105  0.79143944E+00 -0.15163679E-02 0.2205E-12      8
  981   25     0    -104      0    104  0.79880929E+00 -0.15140622E-02 0.5296E-12      9
  982   25     0    -103      0    103  0.80640095E+00 -0.15041195E-02 0.1085E-11      7
  983   25     0    -102      0    102  0.81418867E+00 -0.14891304E-02 0.1602E-11      7
  984   25     0    -101      0    101  0.82215607E+00 -0.14702076E-02 0.3029E-12      8
  985   25     0    -100      0    100  0.83029270E+00 -0.14480916E-02 0.6224E-12      8
  986   25     0     -99      0     99  0.83859096E+00 -0.14231134E-02 0.9646E-12      7
  987   25     0     -98      0     98  0.84704473E+00 -0.13957527E-02 0.3117E-12      6
  988   25     0     -97      0     97  0.85564670E+00 -0.13664108E-02 0.3211E-11      8
  989   25     0     -96      0     96  0.86438553E+00 -0.13349472E-02 0.1258E-11      8
  990   25     0     -95      0     95  0.87323928E+00 -0.13003705E-02 0.1326E-12      7
  991   25     0     -94      0     94  0.88216413E+00 -0.12596882E-02 0.5670E-12      7
  992   25     0     -93      0     93  0.89107478E+00 -0.12072588E-02 0.1045E-11      7
  993   25     0     -92      0     92  0.89983465E+00 -0.11408621E-02 0.1107E-11      7
  994   25     0     -91      0     91  0.90836595E+00 -0.10874691E-02 0.1370E-11      7
  995   25     0     -90      0     90  0.91693257E+00 -0.10943229E-02 0.6751E-12      7
  996   25     0     -89      0     89  0.92597960E+00 -0.11394638E-02 0.1260E-11      7
  997   25     0     -88      0     88  0.93562714E+00 -0.11754924E-02 0.5299E-12      6
  998   25     0     -87      0     87  0.94576862E+00 -0.11937681E-02 0.4208E-12      8
  999   25     0     -86      0     86  0.95629854E+00 -0.12003897E-02 0.1066E-11      7
 1000   25     0     -85      0     85  0.96715525E+00 -0.12003812E-02 0.7070E-12      7
 1001   25     0     -84      0     84  0.97830646E+00 -0.11967502E-02 0.3027E-12      8
 1002   25     0     -83      0     83  0.98973571E+00 -0.11916573E-02 0.1417E-11      7
 1003   25     0     -82      0     82  0.10014352E+01 -0.11871044E-02 0.2680E-11      8
 1004   25     0     -81      0     81  0.10133992E+01 -0.11847699E-02 0.1810E-11      8
 1005   25     0     -80      0     80  0.10256214E+01 -0.11854799E-02 0.5758E-12      7
 1006   25     0     -79      0     79  0.10380919E+01 -0.11891199E-02 0.1007E-11      8
 1007   25     0     -78      0     78  0.10507896E+01 -0.11939304E-02 0.1833E-11      7
 1008   25     0     -77      0     77  0.10636722E+01 -0.11959048E-02 0.1512E-11     10
 1009   25     0     -76      0     76  0.10766556E+01 -0.11880256E-02 0.3045E-11      9
 1010   25     0     -75      0     75  0.10895799E+01 -0.11608905E-02 0.3972E-11      7
 1011   25     0     -74      0     74  0.11022217E+01 -0.11153842E-02 0.7623E-12      7
 1012   25     0     -73      0     73  0.11145888E+01 -0.10954066E-02 0.2569E-11      7
 1013   25     0     -72      0     72  0.11272818E+01 -0.11391411E-02 0.1493E-11      9
 1014   25     0     -71      0     71  0.11408655E+01 -0.11997530E-02 0.1396E-11      7
 1015   25     0     -70      0     70  0.11553390E+01 -0.12393541E-02 0.1147E-11      7
 1016   25     0     -69      0     69  0.11705120E+01 -0.12567704E-02 0.2181E-11      8
 1017   25     0     -68      0     68  0.11862491E+01 -0.12557022E-02 0.1514E-11      8
 1018   25     0     -67      0     67  0.12024821E+01 -0.12361257E-02 0.2504E-11      7
 1019   25     0     -66      0     66  0.12191862E+01 -0.11964096E-02 0.1864E-11      7
 1020   25     0     -65      1     66  0.12363632E+01 -0.11360169E-02 0.5271E-11      7
 1021   25     0     -64      1     65  0.12540316E+01 -0.10571767E-02 0.7036E-12      6
 1022   25     0     -63      1     64  0.12722159E+01 -0.96508253E-03 0.1051E-11      6
 1023   25     0     -62      1     63  0.12909391E+01 -0.86571237E-03 0.1152E-11      7
 1024   25     0     -61      1     62  0.13102228E+01 -0.76433609E-03 0.1119E-11      6
 1025   25     0     -60      1     61  0.13300859E+01 -0.66534879E-03 0.4542E-11      7
 1026   25     0     -61      0     61  0.13505405E+01 -0.57234623E-03 0.2795E-11      7
 1027   25     0     -60      0     60  0.13715847E+01 -0.48751083E-03 0.2937E-11      5
 1028   25     0     -59      0     59  0.13931977E+01 -0.41147028E-03 0.1572E-11      6
 1029   25     0     -58      0     58  0.14153305E+01 -0.34369983E-03 0.4533E-11      6
 1030   25     0     -57      0     57  0.14378828E+01 -0.28339034E-03 0.2066E-11      7
 1031   25     0     -57      0     57  0.14606471E+01 -0.22995858E-03 0.1577E-11      7
 1032   25     0     -56      0     56  0.14832551E+01 -0.18377319E-03 0.7288E-11      6
 1033   25     0     -55      0     55  0.15054258E+01 -0.14853644E-03 0.1117E-10      7
 1034   25     0     -54      0     54  0.15278050E+01 -0.12778613E-03 0.4982E-11      6
 1035   25     0     -53      0     53  0.15516900E+01 -0.11428866E-03 0.2241E-10      6
 1036   25     0     -52      0     52  0.15775025E+01 -0.10102466E-03 0.9751E-11      8
 1037   25     0     -51      0     51  0.16049770E+01 -0.87747202E-04 0.1537E-10      6
 1038   25     0     -49      0     49  0.16338486E+01 -0.75333103E-04 0.1490E-10      6
  Time elapsed :      6.170 s

=== adiabatic (summary_ad_wide_hi.h5, windows from gyre_ad_wide_hi.in) ===
794 modes total, 10 l values requested

  l  count     n_pg range       freq range (c/d)   gaps
--------------------------------------------------------
 16     62    -92 ..  -31      3.119 ..    8.498      0
 17     66    -98 ..  -33      3.101 ..    8.484      0
 18     70   -104 ..  -35      3.087 ..    8.459      0
 19     74   -109 ..  -36      3.112 ..    8.636      0
 20     78   -115 ..  -38      3.101 ..    8.601      0
 21     81   -120 ..  -40      3.113 ..    8.567      0
 22     85   -126 ..  -42      3.102 ..    8.536      0
 23     89   -132 ..  -44      3.099 ..    8.509      0
 24     92   -137 ..  -46      3.110 ..    8.487      0
 25     97   -143 ..  -47      3.098 ..    8.623      0

1478 detail files, 7273 grid points in detail.l20.n-97.h5
dlnrho/dlnr from (As, V_2, Gamma_1) vs numerical
  median rel err 2.78e-07, 95th pct 1.60e-04

=== nonadiabatic (summary_nad_wide_hi.h5) ===

0 driven modes (gamma < 0) of 794
  damping rates (dimensionless): 4.392e-06 .. 1.806e-03
  gamma covers 794 of 794 adiabatic modes (20 duplicate n_pg labels in the nad summary, harmless)

OK

--- [dsct_M1.7_T7750] four-mode search
1470 modes with gamma, 73 driven, cut 0.792 c/d
13245 direct triples, 549459 four-mode candidates [34 s]
28631 distinct radial triplets to integrate
kappa done, 28631 triplets on 16 core(s) [281 s]

549459 rows -> out/four_mode_dsct_M1.7_T7750.csv
 l_a  n_a  l_b  n_b  l_c  n_c  l_d  n_d comb      f_c      f_d  kappa_direct  kappa_param  E_c_over_E_th
   5    4    5    5   10  -26    6  -34 diff 6.501635 3.249809     14.401628    -4.176945   4.457755e-07
   4    3    4    4    6  -16    4  -23 diff 6.463760 3.221848      3.439568    -1.558661   9.253609e-08
   6   -2    4    2   10  -21    5  -23 diff 7.853906 3.927203      1.397426    -7.268059   2.862818e-08
   4    3    4    4    6  -16    3  -18 diff 6.463760 3.173536      3.439568    -4.420106   2.134679e-08
   4    3    4    4    6  -16   11  -61 diff 6.463760 3.237400      3.439568    -0.460358   1.960348e-08
   5    2    3    3    4  -18    2  -20 diff 4.072592 2.035586      5.257316    -4.950777   1.806939e-08
   6    5    6    6   12  -32   10  -56 diff 6.447341 3.221985     20.508831    -3.386534   9.704219e-09
   4    3    4    4    6  -16   10  -56 diff 6.463760 3.221985      3.439568    -0.432978   7.129562e-09
   4    3    4    4    6  -16    6  -34 diff 6.463760 3.249809      3.439568    -0.731369   6.489990e-09
   4    3    4    4    6  -16   15  -83 diff 6.463760 3.231097      3.439568    -0.231076   6.142126e-09
   6   -1    6    2   10  -24    5  -26 diff 6.979942 3.497709      6.539297    -6.422436   6.012966e-09
   4    3    4    4    6  -16   17  -94 diff 6.463760 3.233763      3.439568    -0.237893   5.546440e-09
   6    3    6    4   12  -30   11  -58 diff 6.808168 3.402362     16.904815    -2.598359   4.504235e-09
   4    3    4    4    6  -16    3  -17 diff 6.463760 3.351445      3.439568    -3.639023   3.842384e-09
   6   -1    6    2   12  -29    6  -32 diff 6.983339 3.445878     13.289465   -21.089707   3.315247e-09

0 candidates above threshold (E_c > E_th) at q_parent = 1e-06; 21 if the detuning factor is dropped

full m for the top 200:
 l_c  n_c  l_d  n_d   kappa_m0  kappa_max         m_max  n_m  refine
  10  -26    6  -34  -4.176945  -7.124551   (-10, 5, 5)  163       1
   6  -16    4  -23  -1.558661  -2.368960    (-6, 3, 3)   71       1
  10  -21    5  -23  -7.268059 -12.397017   (-10, 5, 5)  121       1
   6  -16    3  -18  -4.420106  -6.717980    (-6, 3, 3)   49       1
   6  -16   11  -61  -0.460358   0.790202 (-1, -10, 11)  257       1
   4  -18    2  -20  -4.950777  -6.903529    (-4, 2, 2)   25       1
  12  -32   10  -56  -3.386534  -6.026974   (-12, 6, 6)  369       1
   6  -16   10  -56  -0.432978   0.727026  (-2, -8, 10)  231       1
   6  -16    6  -34  -0.731369  -1.111584    (-6, 3, 3)  127       1
   6  -16   15  -83  -0.231076   0.437260 (-1, -14, 15)  361       2
  10  -24    5  -26  -6.422436 -10.954650   (-10, 5, 5)  121       1
   6  -16   17  -94  -0.237893   0.458716 (-1, -16, 17)  413       2
  12  -30   11  -58  -2.598359  -4.624269   (-12, 6, 6)  419       1
   6  -16    3  -17  -3.639023  -5.530837    (-6, 3, 3)   49       1
  12  -29    6  -32 -21.089707 -37.533101   (-12, 6, 6)  169       1

total 407 s

--- [dsct_M1.7_T7750] M6 network integration
549459 candidates, 0 above threshold at q = 1e-06

system: (5,+4) + (5,+5) -> (10,-26) -> 2x(6,-34)  [diff]
  f = 45.4279, 51.9370, 6.5016, 3.2498 c/d
  kappa  direct +14.402   param -4.177
  Delta  direct -7.539e-03  param -2.017e-03 c/d
  E_c/E_th 4.458e-07 at q = 1e-6 (Gamma/gamma_d 1.146e-02 without detuning)

conservation check (undamped, resonant):
  energy               drift 1.10e-04
  N_P + N_Q            drift 1.09e-08
  N_Q - N_c - N_d/2    drift 5.40e-09

threshold parent amplitude 3.870e-05; driving at 1.161e-04

pumped system (P, Q frozen), t_end 59.24 yr

integrated 5.924e+01 yr
  E_P/E_star  start 1.348e-08  end 1.348e-08  max 1.348e-08
  E_Q/E_star  start 1.348e-08  end 1.348e-08  max 1.348e-08
  E_c/E_star  start 1.348e-14  end 3.777e-09  max 7.677e-07
  E_d/E_star  start 1.348e-16  end 1.723e-07  max 1.084e-06

  daughter energy swing over the second half: 4.618
  bounded limit cycle
  q_c vs 2 mu q_P q_Q at 0.5x threshold (sub-threshold, slaved): median 5.985e-03
  E_d there: start 3.744e-18 -> end 1.031e-62 (decays, as it must below threshold)

-> out/m6_network_dsct_M1.7_T7750.csv

--- [dsct_M1.7_T7750] figures
model models/dsct_M1.7_T7750  tag dsct_M1.7_T7750  -> out/plots/dsct_M1.7_T7750
loading narrow model...
figures:
  fig_propagation
  fig_gamma
  fig_gamma_panels
  fig_kappa_cum
  fig_xi_kappa_p
  fig_xi_kappa_g
  fig_mu
  fig_eth
  fig_fourmode
  fig_m6
done -> out/plots/dsct_M1.7_T7750

=== dsct_M1.7_T7750 done Tue Aug 11 05:41:23 PM CDT 2026 ===
