gyre [9.1.1]
------------

OpenMP Threads   : 12
Input filename   : gyre_ad_wide_hi.in

Model Init
----------

Reading from MESA file
   File name ../mesa/LOGS/profile331.data.GYRE
   File version 1.01
   Read 7137 points
   No need to add central point

Mode Search
-----------

Mode parameters
   l : 16
   m : 0

Building frequency grid (REAL axis)
   added scan interval :  0.5234E+00 ->  0.2094E+01 (3000 points, INVERSE)

Building spatial grid
   Scaffold grid from model
   Split 266 subinterval(s) in iteration 1
   Split 25 subinterval(s) in iteration 2
   Split 0 subinterval(s) in iteration 3
   Final grid has 1 segment(s) and 7428 point(s):
      Segment 1 : x range 0.0000 -> 1.0012 (1 -> 7428)

Starting search (adiabatic)

Scanning frequencies
  Time elapsed :     2.085 s

Finding roots
  Time elapsed :      0.429 s

Processing modes
   id    l     m    n_pg    n_p    n_g       Re(omega)       Im(omega)        chi n_iter
   22   16     0    -160      0    160  0.59376556E+00  0.00000000E+00 0.3117E-12      5
   23   16     0    -159      0    159  0.59753142E+00  0.00000000E+00 0.2312E-12      6
   24   16     0    -158      0    158  0.60097090E+00  0.00000000E+00 0.3140E-12      5
   25   16     0    -157      0    157  0.60469512E+00  0.00000000E+00 0.8925E-14      5
   26   16     0    -156      0    156  0.60879136E+00  0.00000000E+00 0.4155E-12      5
   27   16     0    -155      0    155  0.61273822E+00  0.00000000E+00 0.3507E-12      6
   28   16     0    -154      0    154  0.61632020E+00  0.00000000E+00 0.2612E-12      5
   29   16     0    -153      0    153  0.62024819E+00  0.00000000E+00 0.3047E-12      5
   30   16     0    -152      0    152  0.62458726E+00  0.00000000E+00 0.2048E-12      6
   31   16     0    -151      0    151  0.62876284E+00  0.00000000E+00 0.2443E-12      6
   32   16     0    -150      0    150  0.63252343E+00  0.00000000E+00 0.2054E-12      5
   33   16     0    -149      0    149  0.63664557E+00  0.00000000E+00 0.1521E-12      5
   34   16     0    -148      0    148  0.64121116E+00  0.00000000E+00 0.3687E-12      6
   35   16     0    -147      0    147  0.64559287E+00  0.00000000E+00 0.5514E-12      5
   36   16     0    -146      0    146  0.64955776E+00  0.00000000E+00 0.2880E-12      5
   37   16     0    -145      0    145  0.65393577E+00  0.00000000E+00 0.2014E-12      5
   38   16     0    -144      0    144  0.65875664E+00  0.00000000E+00 0.2708E-12      6
   39   16     0    -143      0    143  0.66335075E+00  0.00000000E+00 0.1461E-12      6
   40   16     0    -142      0    142  0.66753222E+00  0.00000000E+00 0.8603E-13      5
   41   16     0    -141      0    141  0.67218807E+00  0.00000000E+00 0.9084E-14      5
   42   16     0    -140      0    140  0.67727351E+00  0.00000000E+00 0.1566E-14      6
   43   16     0    -139      0    139  0.68207207E+00  0.00000000E+00 0.2883E-12      6
   44   16     0    -138      0    138  0.68649084E+00  0.00000000E+00 0.3444E-12      5
   45   16     0    -137      0    137  0.69147877E+00  0.00000000E+00 0.3542E-12      5
   46   16     0    -136      0    136  0.69688006E+00  0.00000000E+00 0.4211E-13      6
   47   16     0    -135      0    135  0.70191364E+00  0.00000000E+00 0.7031E-12      5
   48   16     0    -134      0    134  0.70655427E+00  0.00000000E+00 0.4583E-12      5
   49   16     0    -133      0    133  0.71187606E+00  0.00000000E+00 0.2845E-12      5
   50   16     0    -132      0    132  0.71761871E+00  0.00000000E+00 0.2024E-12      6
   51   16     0    -131      0    131  0.72292643E+00  0.00000000E+00 0.3263E-12      6
   52   16     0    -130      0    130  0.72784659E+00  0.00000000E+00 0.5591E-12      5
   53   16     0    -129      0    129  0.73352691E+00  0.00000000E+00 0.1201E-11      5
   54   16     0    -128      0    128  0.73960473E+00  0.00000000E+00 0.2306E-12      5
   55   16     0    -127      0    127  0.74515660E+00  0.00000000E+00 0.4107E-12      5
   56   16     0    -126      0    126  0.75039675E+00  0.00000000E+00 0.5718E-13      5
   57   16     0    -125      0    125  0.75650430E+00  0.00000000E+00 0.6641E-12      5
   58   16     0    -124      0    124  0.76296643E+00  0.00000000E+00 0.3407E-13      6
   59   16     0    -123      0    123  0.76880003E+00  0.00000000E+00 0.6657E-12      6
   60   16     0    -122      0    122  0.77436643E+00  0.00000000E+00 0.2181E-12      5
   61   16     0    -121      0    121  0.78091372E+00  0.00000000E+00 0.2469E-12      5
   62   16     0    -120      0    120  0.78780500E+00  0.00000000E+00 0.1731E-12      6
   63   16     0    -119      0    119  0.79398458E+00  0.00000000E+00 0.1806E-12      6
   64   16     0    -118      0    118  0.79990935E+00  0.00000000E+00 0.2739E-12      6
   65   16     0    -117      0    117  0.80691735E+00  0.00000000E+00 0.1522E-12      5
   66   16     0    -116      0    116  0.81426970E+00  0.00000000E+00 0.1432E-12      6
   67   16     0    -115      0    115  0.82081678E+00  0.00000000E+00 0.1345E-12      5
   68   16     0    -114      0    114  0.82713527E+00  0.00000000E+00 0.8226E-13      6
   69   16     0    -113      0    113  0.83465303E+00  0.00000000E+00 0.2525E-12      5
   70   16     0    -112      0    112  0.84251167E+00  0.00000000E+00 0.8144E-13      6
   71   16     0    -111      0    111  0.84945723E+00  0.00000000E+00 0.4484E-12      5
   72   16     0    -110      0    110  0.85617636E+00  0.00000000E+00 0.2895E-12      6
   73   16     0    -109      0    109  0.86422353E+00  0.00000000E+00 0.2152E-13      5
   74   16     0    -108      0    108  0.87263813E+00  0.00000000E+00 0.1185E-12      6
   75   16     0    -107      0    107  0.88007101E+00  0.00000000E+00 0.2042E-12      6
   76   16     0    -106      0    106  0.88721933E+00  0.00000000E+00 0.9598E-13      6
   77   16     0    -105      0    105  0.89581841E+00  0.00000000E+00 0.7942E-12      5
   78   16     0    -104      0    104  0.90487483E+00  0.00000000E+00 0.1183E-12      6
   79   16     0    -103      0    103  0.91291277E+00  0.00000000E+00 0.5725E-13      6
   80   16     0    -102      0    102  0.92048967E+00  0.00000000E+00 0.3953E-12      5
   81   16     0    -101      0    101  0.92966473E+00  0.00000000E+00 0.2605E-13      5
   82   16     0    -100      0    100  0.93945740E+00  0.00000000E+00 0.1336E-12      5
   83   16     0     -99      0     99  0.94822834E+00  0.00000000E+00 0.4134E-13      6
   84   16     0     -98      0     98  0.95629056E+00  0.00000000E+00 0.2198E-13      6
   85   16     0     -97      0     97  0.96609990E+00  0.00000000E+00 0.2361E-12      5
   86   16     0     -96      0     96  0.97673005E+00  0.00000000E+00 0.3950E-13      5
   87   16     0     -95      0     95  0.98634690E+00  0.00000000E+00 0.4815E-13      6
   88   16     0     -94      0     94  0.99500070E+00  0.00000000E+00 0.2877E-12      6
   89   16     0     -93      0     93  0.10055608E+01  0.00000000E+00 0.2815E-12      6
   90   16     0     -92      0     92  0.10171622E+01  0.00000000E+00 0.5074E-13      6
   91   16     0     -91      0     91  0.10277480E+01  0.00000000E+00 0.1300E-12      6
   92   16     0     -90      0     90  0.10370912E+01  0.00000000E+00 0.3662E-12      6
   93   16     0     -89      0     89  0.10485043E+01  0.00000000E+00 0.1898E-12      6
   94   16     0     -88      0     88  0.10612020E+01  0.00000000E+00 0.1862E-12      6
   95   16     0     -87      0     87  0.10729057E+01  0.00000000E+00 0.1926E-12      5
   96   16     0     -86      0     86  0.10830427E+01  0.00000000E+00 0.7797E-13      6
   97   16     0     -85      0     85  0.10953907E+01  0.00000000E+00 0.4579E-14      5
   98   16     0     -84      0     84  0.11093310E+01  0.00000000E+00 0.1685E-12      5
   99   16     0     -83      0     83  0.11223030E+01  0.00000000E+00 0.3663E-14      6
  100   16     0     -82      0     82  0.11332948E+01  0.00000000E+00 0.7473E-13      5
  101   16     0     -81      0     81  0.11467015E+01  0.00000000E+00 0.2139E-12      6
  102   16     0     -80      0     80  0.11620529E+01  0.00000000E+00 0.2474E-12      6
  103   16     0     -79      0     79  0.11763980E+01  0.00000000E+00 0.4956E-13      6
  104   16     0     -78      0     78  0.11883700E+01  0.00000000E+00 0.4764E-13      6
  105   16     0     -77      0     77  0.12030572E+01  0.00000000E+00 0.3359E-12      5
  106   16     0     -76      0     76  0.12200260E+01  0.00000000E+00 0.3223E-13      6
  107   16     0     -75      0     75  0.12359359E+01  0.00000000E+00 0.9540E-13      6
  108   16     0     -74      0     74  0.12490521E+01  0.00000000E+00 0.9085E-13      6
  109   16     0     -73      0     73  0.12651791E+01  0.00000000E+00 0.2291E-12      6
  110   16     0     -72      0     72  0.12839314E+01  0.00000000E+00 0.1485E-13      6
  111   16     0     -71      0     71  0.13014739E+01  0.00000000E+00 0.6488E-13      6
  112   16     0     -70      0     70  0.13158132E+01  0.00000000E+00 0.8875E-13      6
  113   16     0     -69      0     69  0.13336728E+01  0.00000000E+00 0.9699E-13      6
  114   16     0     -68      0     68  0.13544963E+01  0.00000000E+00 0.1691E-14      6
  115   16     0     -67      0     67  0.13739450E+01  0.00000000E+00 0.5064E-13      6
  116   16     0     -66      0     66  0.13896548E+01  0.00000000E+00 0.1260E-12      6
  117   16     0     -65      0     65  0.14095222E+01  0.00000000E+00 0.3508E-12      5
  118   16     0     -64      0     64  0.14327721E+01  0.00000000E+00 0.1722E-12      5
  119   16     0     -63      0     63  0.14542150E+01  0.00000000E+00 0.1528E-12      6
  120   16     0     -62      0     62  0.14714101E+01  0.00000000E+00 0.1538E-12      6
  121   16     0     -61      0     61  0.14939516E+01  0.00000000E+00 0.1222E-12      6
  122   16     0     -60      0     60  0.15200469E+01  0.00000000E+00 0.2249E-13      6
  123   16     0     -59      0     59  0.15435172E+01  0.00000000E+00 0.9658E-13      6
  124   16     0     -58      0     58  0.15627102E+01  0.00000000E+00 0.7703E-13      6
  125   16     0     -57      0     57  0.15885893E+01  0.00000000E+00 0.1068E-12      6
  126   16     0     -56      0     56  0.16179693E+01  0.00000000E+00 0.2930E-13      6
  127   16     0     -55      0     55  0.16439307E+01  0.00000000E+00 0.1131E-13      6
  128   16     0     -54      0     54  0.16653562E+01  0.00000000E+00 0.6292E-13      5
  129   16     0     -53      0     53  0.16948170E+01  0.00000000E+00 0.4723E-13      6
  Time elapsed :      1.311 s

Mode Search
-----------

Mode parameters
   l : 17
   m : 0

Building frequency grid (REAL axis)
   added scan interval :  0.5234E+00 ->  0.2094E+01 (3000 points, INVERSE)

Building spatial grid
   Scaffold grid from model
   Split 270 subinterval(s) in iteration 1
   Split 26 subinterval(s) in iteration 2
   Split 0 subinterval(s) in iteration 3
   Final grid has 1 segment(s) and 7433 point(s):
      Segment 1 : x range 0.0000 -> 1.0012 (1 -> 7433)

Starting search (adiabatic)

Scanning frequencies
  Time elapsed :     0.842 s

Finding roots
  Time elapsed :      0.161 s

Processing modes
   id    l     m    n_pg    n_p    n_g       Re(omega)       Im(omega)        chi n_iter
  163   17     0    -170      0    170  0.59273660E+00  0.00000000E+00 0.5800E-12      5
  164   17     0    -169      0    169  0.59608655E+00  0.00000000E+00 0.2238E-12      5
  165   17     0    -168      0    168  0.59976319E+00  0.00000000E+00 0.1873E-12      6
  166   17     0    -167      0    167  0.60341163E+00  0.00000000E+00 0.6317E-12      6
  167   17     0    -166      0    166  0.60678840E+00  0.00000000E+00 0.4967E-13      6
  168   17     0    -165      0    165  0.61032443E+00  0.00000000E+00 0.3842E-12      5
  169   17     0    -164      0    164  0.61420412E+00  0.00000000E+00 0.1150E-12      6
  170   17     0    -163      0    163  0.61801644E+00  0.00000000E+00 0.8155E-13      6
  171   17     0    -162      0    162  0.62150755E+00  0.00000000E+00 0.2357E-12      6
  172   17     0    -161      0    161  0.62522239E+00  0.00000000E+00 0.3382E-12      5
  173   17     0    -160      0    160  0.62932548E+00  0.00000000E+00 0.3974E-12      6
  174   17     0    -159      0    159  0.63333584E+00  0.00000000E+00 0.2458E-12      6
  175   17     0    -158      0    158  0.63698639E+00  0.00000000E+00 0.3762E-12      5
  176   17     0    -157      0    157  0.64089804E+00  0.00000000E+00 0.3728E-12      5
  177   17     0    -156      0    156  0.64522642E+00  0.00000000E+00 0.2626E-12      5
  178   17     0    -155      0    155  0.64943186E+00  0.00000000E+00 0.3176E-12      6
  179   17     0    -154      0    154  0.65323275E+00  0.00000000E+00 0.3334E-12      5
  180   17     0    -153      0    153  0.65735507E+00  0.00000000E+00 0.1254E-14      5
  181   17     0    -152      0    152  0.66193956E+00  0.00000000E+00 0.1176E-12      5
  182   17     0    -151      0    151  0.66638955E+00  0.00000000E+00 0.2405E-12      6
  183   17     0    -150      0    150  0.67038085E+00  0.00000000E+00 0.3540E-12      5
  184   17     0    -149      0    149  0.67470408E+00  0.00000000E+00 0.1044E-12      5
  185   17     0    -148      0    148  0.67952753E+00  0.00000000E+00 0.3131E-12      6
  186   17     0    -147      0    147  0.68419858E+00  0.00000000E+00 0.8282E-13      6
  187   17     0    -146      0    146  0.68840364E+00  0.00000000E+00 0.4345E-12      5
  188   17     0    -145      0    145  0.69299430E+00  0.00000000E+00 0.1569E-12      5
  189   17     0    -144      0    144  0.69808893E+00  0.00000000E+00 0.1938E-12      6
  190   17     0    -143      0    143  0.70298809E+00  0.00000000E+00 0.2030E-12      6
  191   17     0    -142      0    142  0.70741789E+00  0.00000000E+00 0.8305E-13      5
  192   17     0    -141      0    141  0.71229941E+00  0.00000000E+00 0.1644E-12      5
  193   17     0    -140      0    140  0.71767655E+00  0.00000000E+00 0.7687E-12      6
  194   17     0    -139      0    139  0.72279671E+00  0.00000000E+00 0.1848E-12      6
  195   17     0    -138      0    138  0.72747033E+00  0.00000000E+00 0.2798E-12      5
  196   17     0    -137      0    137  0.73269934E+00  0.00000000E+00 0.3414E-12      5
  197   17     0    -136      0    136  0.73841305E+00  0.00000000E+00 0.5502E-12      6
  198   17     0    -135      0    135  0.74378848E+00  0.00000000E+00 0.2972E-13      6
  199   17     0    -134      0    134  0.74868997E+00  0.00000000E+00 0.4053E-12      5
  200   17     0    -133      0    133  0.75426569E+00  0.00000000E+00 0.8376E-13      5
  201   17     0    -132      0    132  0.76034316E+00  0.00000000E+00 0.1037E-12      6
  202   17     0    -131      0    131  0.76601556E+00  0.00000000E+00 0.1243E-12      6
  203   17     0    -130      0    130  0.77120527E+00  0.00000000E+00 0.1667E-12      5
  204   17     0    -129      0    129  0.77715436E+00  0.00000000E+00 0.1478E-12      5
  205   17     0    -128      0    128  0.78359099E+00  0.00000000E+00 0.2406E-12      6
  206   17     0    -127      0    127  0.78952943E+00  0.00000000E+00 0.1200E-12      5
  207   17     0    -126      0    126  0.79504411E+00  0.00000000E+00 0.7949E-13      5
  208   17     0    -125      0    125  0.80144047E+00  0.00000000E+00 0.5202E-12      5
  209   17     0    -124      0    124  0.80828953E+00  0.00000000E+00 0.1612E-12      6
  210   17     0    -123      0    123  0.81453610E+00  0.00000000E+00 0.3368E-12      6
  211   17     0    -122      0    122  0.82038258E+00  0.00000000E+00 0.1461E-12      6
  212   17     0    -121      0    121  0.82723670E+00  0.00000000E+00 0.1471E-12      5
  213   17     0    -120      0    120  0.83454441E+00  0.00000000E+00 0.6857E-13      6
  214   17     0    -119      0    119  0.84116877E+00  0.00000000E+00 0.1094E-12      6
  215   17     0    -118      0    118  0.84738177E+00  0.00000000E+00 0.7230E-13      5
  216   17     0    -117      0    117  0.85471180E+00  0.00000000E+00 0.1243E-12      5
  217   17     0    -116      0    116  0.86251144E+00  0.00000000E+00 0.8245E-14      6
  218   17     0    -115      0    115  0.86953881E+00  0.00000000E+00 0.9719E-13      6
  219   17     0    -114      0    114  0.87615134E+00  0.00000000E+00 0.1775E-13      5
  220   17     0    -113      0    113  0.88400626E+00  0.00000000E+00 0.6146E-12      5
  221   17     0    -112      0    112  0.89234542E+00  0.00000000E+00 0.4420E-12      6
  222   17     0    -111      0    111  0.89981233E+00  0.00000000E+00 0.2974E-12      6
  223   17     0    -110      0    110  0.90683050E+00  0.00000000E+00 0.9568E-14      6
  224   17     0    -109      0    109  0.91522766E+00  0.00000000E+00 0.2257E-13      5
  225   17     0    -108      0    108  0.92415672E+00  0.00000000E+00 0.8615E-13      6
  226   17     0    -107      0    107  0.93216017E+00  0.00000000E+00 0.1596E-13      6
  227   17     0    -106      0    106  0.93962109E+00  0.00000000E+00 0.1615E-12      6
  228   17     0    -105      0    105  0.94857664E+00  0.00000000E+00 0.1828E-12      5
  229   17     0    -104      0    104  0.95817790E+00  0.00000000E+00 0.1165E-12      6
  230   17     0    -103      0    103  0.96684692E+00  0.00000000E+00 0.2047E-13      5
  231   17     0    -102      0    102  0.97476011E+00  0.00000000E+00 0.3372E-13      6
  232   17     0    -101      0    101  0.98428559E+00  0.00000000E+00 0.1556E-12      5
  233   17     0    -100      0    100  0.99465055E+00  0.00000000E+00 0.3018E-12      6
  234   17     0     -99      0     99  0.10041229E+01  0.00000000E+00 0.5442E-13      6
  235   17     0     -98      0     98  0.10125607E+01  0.00000000E+00 0.2793E-12      6
  236   17     0     -97      0     97  0.10227077E+01  0.00000000E+00 0.4139E-12      5
  237   17     0     -96      0     96  0.10339415E+01  0.00000000E+00 0.2173E-12      6
  238   17     0     -95      0     95  0.10443393E+01  0.00000000E+00 0.4085E-12      6
  239   17     0     -94      0     94  0.10534231E+01  0.00000000E+00 0.8246E-13      5
  240   17     0     -93      0     93  0.10643110E+01  0.00000000E+00 0.4621E-12      6
  241   17     0     -92      0     92  0.10765520E+01  0.00000000E+00 0.6691E-14      6
  242   17     0     -91      0     91  0.10880026E+01  0.00000000E+00 0.2585E-13      6
  243   17     0     -90      0     90  0.10978393E+01  0.00000000E+00 0.1514E-12      6
  244   17     0     -89      0     89  0.11095655E+01  0.00000000E+00 0.2157E-12      6
  245   17     0     -88      0     88  0.11229362E+01  0.00000000E+00 0.2567E-12      5
  246   17     0     -87      0     87  0.11355916E+01  0.00000000E+00 0.1760E-12      6
  247   17     0     -86      0     86  0.11463047E+01  0.00000000E+00 0.1975E-12      5
  248   17     0     -85      0     85  0.11589420E+01  0.00000000E+00 0.4748E-13      5
  249   17     0     -84      0     84  0.11735880E+01  0.00000000E+00 0.2506E-12      6
  250   17     0     -83      0     83  0.11876111E+01  0.00000000E+00 0.4621E-14      6
  251   17     0     -82      0     82  0.11992761E+01  0.00000000E+00 0.3121E-12      6
  252   17     0     -81      0     81  0.12129369E+01  0.00000000E+00 0.1564E-12      6
  253   17     0     -80      0     80  0.12290331E+01  0.00000000E+00 0.2011E-12      6
  254   17     0     -79      0     79  0.12445408E+01  0.00000000E+00 0.1007E-12      5
  255   17     0     -78      0     78  0.12572740E+01  0.00000000E+00 0.4680E-12      5
  256   17     0     -77      0     77  0.12721863E+01  0.00000000E+00 0.4154E-13      6
  257   17     0     -76      0     76  0.12899518E+01  0.00000000E+00 0.6397E-14      6
  258   17     0     -75      0     75  0.13071397E+01  0.00000000E+00 0.1130E-12      6
  259   17     0     -74      0     74  0.13211094E+01  0.00000000E+00 0.3329E-12      6
  260   17     0     -73      0     73  0.13374306E+01  0.00000000E+00 0.5207E-13      6
  261   17     0     -72      0     72  0.13570255E+01  0.00000000E+00 0.7619E-13      6
  262   17     0     -71      0     71  0.13759648E+01  0.00000000E+00 0.3308E-13      6
  263   17     0     -70      0     70  0.13912126E+01  0.00000000E+00 0.1436E-12      6
  264   17     0     -69      0     69  0.14092296E+01  0.00000000E+00 0.1649E-12      6
  265   17     0     -68      0     68  0.14309559E+01  0.00000000E+00 0.1136E-12      6
  266   17     0     -67      0     67  0.14519531E+01  0.00000000E+00 0.9762E-13      6
  267   17     0     -66      0     66  0.14686484E+01  0.00000000E+00 0.6081E-13      6
  268   17     0     -65      0     65  0.14886317E+01  0.00000000E+00 0.1740E-12      6
  269   17     0     -64      0     64  0.15128766E+01  0.00000000E+00 0.7171E-13      6
  270   17     0     -63      0     63  0.15360811E+01  0.00000000E+00 0.5269E-13      6
  271   17     0     -62      0     62  0.15542467E+01  0.00000000E+00 0.1123E-12      6
  272   17     0     -61      0     61  0.15768803E+01  0.00000000E+00 0.4033E-13      6
  273   17     0     -60      0     60  0.16041119E+01  0.00000000E+00 0.9958E-13      5
  274   17     0     -59      0     59  0.16296616E+01  0.00000000E+00 0.1125E-12      6
  275   17     0     -58      0     58  0.16497182E+01  0.00000000E+00 0.7425E-13      6
  276   17     0     -57      0     57  0.16756057E+01  0.00000000E+00 0.5512E-13      6
  277   17     0     -56      0     56  0.17062438E+01  0.00000000E+00 0.2426E-13      6
  Time elapsed :      0.804 s

Mode Search
-----------

Mode parameters
   l : 18
   m : 0

Building frequency grid (REAL axis)
   added scan interval :  0.5234E+00 ->  0.2094E+01 (3000 points, INVERSE)

Building spatial grid
   Scaffold grid from model
   Split 274 subinterval(s) in iteration 1
   Split 28 subinterval(s) in iteration 2
   Split 0 subinterval(s) in iteration 3
   Final grid has 1 segment(s) and 7439 point(s):
      Segment 1 : x range 0.0000 -> 1.0012 (1 -> 7439)

Starting search (adiabatic)

Scanning frequencies
  Time elapsed :     0.868 s

Finding roots
  Time elapsed :      0.193 s

Processing modes
   id    l     m    n_pg    n_p    n_g       Re(omega)       Im(omega)        chi n_iter
  312   18     0    -180      0    180  0.59194042E+00  0.00000000E+00 0.3131E-12      6
  313   18     0    -179      0    179  0.59536494E+00  0.00000000E+00 0.5526E-12      6
  314   18     0    -178      0    178  0.59854694E+00  0.00000000E+00 0.1287E-12      6
  315   18     0    -177      0    177  0.60171920E+00  0.00000000E+00 0.6374E-12      5
  316   18     0    -176      0    176  0.60521361E+00  0.00000000E+00 0.4221E-12      6
  317   18     0    -175      0    175  0.60876283E+00  0.00000000E+00 0.5807E-12      6
  318   18     0    -174      0    174  0.61207302E+00  0.00000000E+00 0.2526E-12      6
  319   18     0    -173      0    173  0.61543042E+00  0.00000000E+00 0.2925E-12      5
  320   18     0    -172      0    172  0.61911154E+00  0.00000000E+00 0.2324E-12      6
  321   18     0    -171      0    171  0.62281091E+00  0.00000000E+00 0.4282E-12      6
  322   18     0    -170      0    170  0.62623915E+00  0.00000000E+00 0.7183E-13      6
  323   18     0    -169      0    169  0.62975374E+00  0.00000000E+00 0.2650E-12      5
  324   18     0    -168      0    168  0.63362247E+00  0.00000000E+00 0.1215E-12      6
  325   18     0    -167      0    167  0.63748948E+00  0.00000000E+00 0.3419E-12      6
  326   18     0    -166      0    166  0.64106587E+00  0.00000000E+00 0.6860E-13      5
  327   18     0    -165      0    165  0.64477267E+00  0.00000000E+00 0.7527E-13      5
  328   18     0    -164      0    164  0.64885534E+00  0.00000000E+00 0.3181E-12      6
  329   18     0    -163      0    163  0.65289916E+00  0.00000000E+00 0.1902E-12      6
  330   18     0    -162      0    162  0.65659632E+00  0.00000000E+00 0.3220E-12      6
  331   18     0    -161      0    161  0.66048596E+00  0.00000000E+00 0.1148E-12      5
  332   18     0    -160      0    160  0.66480414E+00  0.00000000E+00 0.1712E-12      6
  333   18     0    -159      0    159  0.66906062E+00  0.00000000E+00 0.9724E-13      6
  334   18     0    -158      0    158  0.67292648E+00  0.00000000E+00 0.8800E-13      6
  335   18     0    -157      0    157  0.67701883E+00  0.00000000E+00 0.2272E-12      5
  336   18     0    -156      0    156  0.68157383E+00  0.00000000E+00 0.7900E-12      5
  337   18     0    -155      0    155  0.68603986E+00  0.00000000E+00 0.2194E-12      6
  338   18     0    -154      0    154  0.69006446E+00  0.00000000E+00 0.6608E-13      5
  339   18     0    -153      0    153  0.69437315E+00  0.00000000E+00 0.4340E-12      5
  340   18     0    -152      0    152  0.69919694E+00  0.00000000E+00 0.1447E-12      6
  341   18     0    -151      0    151  0.70392352E+00  0.00000000E+00 0.7474E-13      6
  342   18     0    -150      0    150  0.70815121E+00  0.00000000E+00 0.2905E-12      6
  343   18     0    -149      0    149  0.71266667E+00  0.00000000E+00 0.2043E-12      5
  344   18     0    -148      0    148  0.71774122E+00  0.00000000E+00 0.2018E-12      6
  345   18     0    -147      0    147  0.72270422E+00  0.00000000E+00 0.1206E-12      6
  346   18     0    -146      0    146  0.72715529E+00  0.00000000E+00 0.3571E-12      6
  347   18     0    -145      0    145  0.73194867E+00  0.00000000E+00 0.1634E-12      5
  348   18     0    -144      0    144  0.73731007E+00  0.00000000E+00 0.2794E-12      6
  349   18     0    -143      0    143  0.74251758E+00  0.00000000E+00 0.2664E-13      6
  350   18     0    -142      0    142  0.74720141E+00  0.00000000E+00 0.2016E-12      5
  351   18     0    -141      0    141  0.75229742E+00  0.00000000E+00 0.2808E-12      5
  352   18     0    -140      0    140  0.75795923E+00  0.00000000E+00 0.3959E-13      6
  353   18     0    -139      0    139  0.76340546E+00  0.00000000E+00 0.2568E-12      6
  354   18     0    -138      0    138  0.76833903E+00  0.00000000E+00 0.2914E-12      5
  355   18     0    -137      0    137  0.77379622E+00  0.00000000E+00 0.2424E-12      5
  356   18     0    -136      0    136  0.77981518E+00  0.00000000E+00 0.1497E-12      6
  357   18     0    -135      0    135  0.78553834E+00  0.00000000E+00 0.1155E-12      6
  358   18     0    -134      0    134  0.79070577E+00  0.00000000E+00 0.8175E-13      5
  359   18     0    -133      0    133  0.79652008E+00  0.00000000E+00 0.2425E-12      5
  360   18     0    -132      0    132  0.80292483E+00  0.00000000E+00 0.6469E-13      6
  361   18     0    -131      0    131  0.80896939E+00  0.00000000E+00 0.1801E-12      6
  362   18     0    -130      0    130  0.81443380E+00  0.00000000E+00 0.2238E-12      5
  363   18     0    -129      0    129  0.82063395E+00  0.00000000E+00 0.1689E-12      5
  364   18     0    -128      0    128  0.82742154E+00  0.00000000E+00 0.2046E-12      6
  365   18     0    -127      0    127  0.83375638E+00  0.00000000E+00 0.2914E-12      6
  366   18     0    -126      0    126  0.83954945E+00  0.00000000E+00 0.1825E-13      5
  367   18     0    -125      0    125  0.84621437E+00  0.00000000E+00 0.8199E-12      5
  368   18     0    -124      0    124  0.85344234E+00  0.00000000E+00 0.6939E-13      6
  369   18     0    -123      0    123  0.86011454E+00  0.00000000E+00 0.1505E-12      6
  370   18     0    -122      0    122  0.86624432E+00  0.00000000E+00 0.1765E-12      6
  371   18     0    -121      0    121  0.87338161E+00  0.00000000E+00 0.8351E-13      5
  372   18     0    -120      0    120  0.88109679E+00  0.00000000E+00 0.1917E-12      6
  373   18     0    -119      0    119  0.88818125E+00  0.00000000E+00 0.1161E-12      6
  374   18     0    -118      0    118  0.89468628E+00  0.00000000E+00 0.5261E-13      6
  375   18     0    -117      0    117  0.90231036E+00  0.00000000E+00 0.2261E-12      5
  376   18     0    -116      0    116  0.91054651E+00  0.00000000E+00 0.4799E-13      6
  377   18     0    -115      0    115  0.91807273E+00  0.00000000E+00 0.1182E-12      6
  378   18     0    -114      0    114  0.92498390E+00  0.00000000E+00 0.1324E-12      5
  379   18     0    -113      0    113  0.93314261E+00  0.00000000E+00 0.7540E-13      5
  380   18     0    -112      0    112  0.94194905E+00  0.00000000E+00 0.5282E-13      6
  381   18     0    -111      0    111  0.94995961E+00  0.00000000E+00 0.8143E-13      6
  382   18     0    -110      0    110  0.95728383E+00  0.00000000E+00 0.2988E-12      6
  383   18     0    -109      0    109  0.96599121E+00  0.00000000E+00 0.5730E-13      5
  384   18     0    -108      0    108  0.97541820E+00  0.00000000E+00 0.1240E-12      6
  385   18     0    -107      0    107  0.98401693E+00  0.00000000E+00 0.1359E-13      6
  386   18     0    -106      0    106  0.99180359E+00  0.00000000E+00 0.6799E-15      6
  387   18     0    -105      0    105  0.10010682E+01  0.00000000E+00 0.2167E-12      5
  388   18     0    -104      0    104  0.10111921E+01  0.00000000E+00 0.8606E-13      5
  389   18     0    -103      0    103  0.10205162E+01  0.00000000E+00 0.1178E-12      6
  390   18     0    -102      0    102  0.10287912E+01  0.00000000E+00 0.1151E-12      6
  391   18     0    -101      0    101  0.10386096E+01  0.00000000E+00 0.4801E-12      5
  392   18     0    -100      0    100  0.10495164E+01  0.00000000E+00 0.7047E-13      6
  393   18     0     -99      0     99  0.10597103E+01  0.00000000E+00 0.5273E-13      6
  394   18     0     -98      0     98  0.10685686E+01  0.00000000E+00 0.1895E-12      6
  395   18     0     -97      0     97  0.10789852E+01  0.00000000E+00 0.1547E-12      5
  396   18     0     -96      0     96  0.10907830E+01  0.00000000E+00 0.1542E-12      5
  397   18     0     -95      0     95  0.11019767E+01  0.00000000E+00 0.2777E-12      6
  398   18     0     -94      0     94  0.11115570E+01  0.00000000E+00 0.3204E-12      6
  399   18     0     -93      0     93  0.11226945E+01  0.00000000E+00 0.4240E-12      6
  400   18     0     -92      0     92  0.11355242E+01  0.00000000E+00 0.3092E-12      6
  401   18     0     -91      0     91  0.11478467E+01  0.00000000E+00 0.3369E-12      6
  402   18     0     -90      0     90  0.11582656E+01  0.00000000E+00 0.5351E-13      6
  403   18     0     -89      0     89  0.11702162E+01  0.00000000E+00 0.1404E-12      6
  404   18     0     -88      0     88  0.11841955E+01  0.00000000E+00 0.9202E-14      6
  405   18     0     -87      0     87  0.11977985E+01  0.00000000E+00 0.2867E-12      6
  406   18     0     -86      0     86  0.12092028E+01  0.00000000E+00 0.1605E-12      5
  407   18     0     -85      0     85  0.12220324E+01  0.00000000E+00 0.8489E-13      6
  408   18     0     -84      0     84  0.12373033E+01  0.00000000E+00 0.3869E-13      6
  409   18     0     -83      0     83  0.12523589E+01  0.00000000E+00 0.4287E-12      6
  410   18     0     -82      0     82  0.12648422E+01  0.00000000E+00 0.8161E-13      5
  411   18     0     -81      0     81  0.12786497E+01  0.00000000E+00 0.1739E-12      5
  412   18     0     -80      0     80  0.12953903E+01  0.00000000E+00 0.1652E-13      5
  413   18     0     -79      0     79  0.13120287E+01  0.00000000E+00 0.1795E-13      6
  414   18     0     -78      0     78  0.13256996E+01  0.00000000E+00 0.4173E-13      5
  415   18     0     -77      0     77  0.13407162E+01  0.00000000E+00 0.2831E-12      6
  416   18     0     -76      0     76  0.13591589E+01  0.00000000E+00 0.5118E-13      5
  417   18     0     -75      0     75  0.13775779E+01  0.00000000E+00 0.1934E-13      6
  418   18     0     -74      0     74  0.13926024E+01  0.00000000E+00 0.8569E-13      5
  419   18     0     -73      0     73  0.14089804E+01  0.00000000E+00 0.2087E-12      6
  420   18     0     -72      0     72  0.14292748E+01  0.00000000E+00 0.2539E-13      6
  421   18     0     -71      0     71  0.14495493E+01  0.00000000E+00 0.1175E-12      6
  422   18     0     -70      0     70  0.14659394E+01  0.00000000E+00 0.5322E-13      5
  423   18     0     -69      0     69  0.14839506E+01  0.00000000E+00 0.1958E-12      6
  424   18     0     -68      0     68  0.15064188E+01  0.00000000E+00 0.2477E-13      6
  425   18     0     -67      0     67  0.15288931E+01  0.00000000E+00 0.2155E-13      6
  426   18     0     -66      0     66  0.15468575E+01  0.00000000E+00 0.5330E-13      6
  427   18     0     -65      0     65  0.15667571E+01  0.00000000E+00 0.7987E-13      6
  428   18     0     -64      0     64  0.15918108E+01  0.00000000E+00 0.1017E-12      5
  429   18     0     -63      0     63  0.16167049E+01  0.00000000E+00 0.7372E-14      6
  430   18     0     -62      0     62  0.16361963E+01  0.00000000E+00 0.1046E-12      6
  431   18     0     -61      0     61  0.16586319E+01  0.00000000E+00 0.1197E-13      6
  432   18     0     -60      0     60  0.16867748E+01  0.00000000E+00 0.6095E-13      5
  433   18     0     -59      0     59  0.17143369E+01  0.00000000E+00 0.8611E-13      6
  Time elapsed :      2.820 s

Mode Search
-----------

Mode parameters
   l : 19
   m : 0

Building frequency grid (REAL axis)
   added scan interval :  0.5234E+00 ->  0.2094E+01 (3000 points, INVERSE)

Building spatial grid
   Scaffold grid from model
   Split 277 subinterval(s) in iteration 1
   Split 28 subinterval(s) in iteration 2
   Split 0 subinterval(s) in iteration 3
   Final grid has 1 segment(s) and 7442 point(s):
      Segment 1 : x range 0.0000 -> 1.0012 (1 -> 7442)

Starting search (adiabatic)

Scanning frequencies
  Time elapsed :     0.830 s

Finding roots
  Time elapsed :      0.194 s

Processing modes
   id    l     m    n_pg    n_p    n_g       Re(omega)       Im(omega)        chi n_iter
  471   19     0    -189      0    189  0.59412318E+00  0.00000000E+00 0.1559E-12      5
  472   19     0    -188      0    188  0.59736520E+00  0.00000000E+00 0.2830E-12      6
  473   19     0    -187      0    187  0.60071411E+00  0.00000000E+00 0.1864E-12      6
  474   19     0    -186      0    186  0.60381480E+00  0.00000000E+00 0.4377E-12      6
  475   19     0    -185      0    185  0.60682954E+00  0.00000000E+00 0.2860E-12      5
  476   19     0    -184      0    184  0.61018043E+00  0.00000000E+00 0.2722E-12      6
  477   19     0    -183      0    183  0.61364932E+00  0.00000000E+00 0.2866E-13      6
  478   19     0    -182      0    182  0.61688121E+00  0.00000000E+00 0.3040E-12      5
  479   19     0    -181      0    181  0.62005424E+00  0.00000000E+00 0.3672E-12      5
  480   19     0    -180      0    180  0.62356256E+00  0.00000000E+00 0.3081E-12      6
  481   19     0    -179      0    179  0.62717539E+00  0.00000000E+00 0.3012E-12      6
  482   19     0    -178      0    178  0.63054201E+00  0.00000000E+00 0.1638E-12      6
  483   19     0    -177      0    177  0.63386539E+00  0.00000000E+00 0.1406E-12      5
  484   19     0    -176      0    176  0.63752710E+00  0.00000000E+00 0.4014E-12      5
  485   19     0    -175      0    175  0.64127306E+00  0.00000000E+00 0.2883E-12      6
  486   19     0    -174      0    174  0.64477289E+00  0.00000000E+00 0.3876E-12      6
  487   19     0    -173      0    173  0.64828773E+00  0.00000000E+00 0.1214E-11      5
  488   19     0    -172      0    172  0.65214643E+00  0.00000000E+00 0.5042E-12      6
  489   19     0    -171      0    171  0.65605284E+00  0.00000000E+00 0.1067E-12      6
  490   19     0    -170      0    170  0.65967692E+00  0.00000000E+00 0.1179E-12      6
  491   19     0    -169      0    169  0.66335275E+00  0.00000000E+00 0.2731E-12      5
  492   19     0    -168      0    168  0.66740847E+00  0.00000000E+00 0.2096E-12      5
  493   19     0    -167      0    167  0.67149426E+00  0.00000000E+00 0.1102E-12      5
  494   19     0    -166      0    166  0.67527413E+00  0.00000000E+00 0.3251E-13      6
  495   19     0    -165      0    165  0.67914746E+00  0.00000000E+00 0.1066E-12      5
  496   19     0    -164      0    164  0.68342762E+00  0.00000000E+00 0.5400E-12      6
  497   19     0    -163      0    163  0.68770355E+00  0.00000000E+00 0.1884E-12      6
  498   19     0    -162      0    162  0.69161140E+00  0.00000000E+00 0.3318E-12      6
  499   19     0    -161      0    161  0.69567033E+00  0.00000000E+00 0.1207E-12      5
  500   19     0    -160      0    160  0.70019756E+00  0.00000000E+00 0.1093E-12      6
  501   19     0    -159      0    159  0.70470113E+00  0.00000000E+00 0.1319E-12      6
  502   19     0    -158      0    158  0.70878773E+00  0.00000000E+00 0.2281E-12      5
  503   19     0    -157      0    157  0.71305430E+00  0.00000000E+00 0.2901E-12      5
  504   19     0    -156      0    156  0.71782925E+00  0.00000000E+00 0.5660E-13      6
  505   19     0    -155      0    155  0.72255714E+00  0.00000000E+00 0.1872E-12      6
  506   19     0    -154      0    154  0.72681170E+00  0.00000000E+00 0.6645E-13      5
  507   19     0    -153      0    153  0.73129899E+00  0.00000000E+00 0.1042E-12      5
  508   19     0    -152      0    152  0.73635470E+00  0.00000000E+00 0.3067E-13      6
  509   19     0    -151      0    151  0.74135920E+00  0.00000000E+00 0.4085E-12      6
  510   19     0    -150      0    150  0.74583059E+00  0.00000000E+00 0.5114E-13      6
  511   19     0    -149      0    149  0.75052968E+00  0.00000000E+00 0.3821E-12      5
  512   19     0    -148      0    148  0.75584711E+00  0.00000000E+00 0.4482E-13      6
  513   19     0    -147      0    147  0.76110374E+00  0.00000000E+00 0.1254E-13      6
  514   19     0    -146      0    146  0.76580856E+00  0.00000000E+00 0.1669E-12      5
  515   19     0    -145      0    145  0.77079491E+00  0.00000000E+00 0.1849E-13      5
  516   19     0    -144      0    144  0.77641446E+00  0.00000000E+00 0.9418E-13      6
  517   19     0    -143      0    143  0.78193270E+00  0.00000000E+00 0.1729E-12      6
  518   19     0    -142      0    142  0.78687848E+00  0.00000000E+00 0.5892E-13      5
  519   19     0    -141      0    141  0.79217776E+00  0.00000000E+00 0.3168E-12      5
  520   19     0    -140      0    140  0.79811544E+00  0.00000000E+00 0.6360E-13      6
  521   19     0    -139      0    139  0.80389125E+00  0.00000000E+00 0.4831E-12      6
  522   19     0    -138      0    138  0.80909255E+00  0.00000000E+00 0.1083E-12      5
  523   19     0    -137      0    137  0.81476468E+00  0.00000000E+00 0.5755E-13      5
  524   19     0    -136      0    136  0.82107975E+00  0.00000000E+00 0.6284E-13      6
  525   19     0    -135      0    135  0.82715549E+00  0.00000000E+00 0.2852E-12      6
  526   19     0    -134      0    134  0.83259730E+00  0.00000000E+00 0.3309E-12      5
  527   19     0    -133      0    133  0.83863408E+00  0.00000000E+00 0.5430E-13      5
  528   19     0    -132      0    132  0.84535628E+00  0.00000000E+00 0.1456E-12      5
  529   19     0    -131      0    131  0.85177935E+00  0.00000000E+00 0.1201E-12      6
  530   19     0    -130      0    130  0.85752777E+00  0.00000000E+00 0.2879E-12      5
  531   19     0    -129      0    129  0.86396011E+00  0.00000000E+00 0.2116E-12      5
  532   19     0    -128      0    128  0.87108809E+00  0.00000000E+00 0.1233E-12      6
  533   19     0    -127      0    127  0.87782805E+00  0.00000000E+00 0.2003E-12      6
  534   19     0    -126      0    126  0.88390846E+00  0.00000000E+00 0.1275E-12      5
  535   19     0    -125      0    125  0.89081987E+00  0.00000000E+00 0.1919E-12      5
  536   19     0    -124      0    124  0.89841565E+00  0.00000000E+00 0.9082E-13      6
  537   19     0    -123      0    123  0.90552489E+00  0.00000000E+00 0.2949E-12      6
  538   19     0    -122      0    122  0.91194752E+00  0.00000000E+00 0.1121E-12      6
  539   19     0    -121      0    121  0.91934183E+00  0.00000000E+00 0.1752E-12      5
  540   19     0    -120      0    120  0.92745183E+00  0.00000000E+00 0.1648E-12      6
  541   19     0    -119      0    119  0.93501002E+00  0.00000000E+00 0.1476E-13      6
  542   19     0    -118      0    118  0.94181885E+00  0.00000000E+00 0.2723E-13      6
  543   19     0    -117      0    117  0.94970587E+00  0.00000000E+00 0.9915E-13      5
  544   19     0    -116      0    116  0.95836324E+00  0.00000000E+00 0.7418E-14      6
  545   19     0    -115      0    115  0.96640443E+00  0.00000000E+00 0.4858E-13      6
  546   19     0    -114      0    114  0.97362914E+00  0.00000000E+00 0.4671E-12      5
  547   19     0    -113      0    113  0.98205438E+00  0.00000000E+00 0.3581E-13      5
  548   19     0    -112      0    112  0.99130939E+00  0.00000000E+00 0.6221E-13      6
  549   19     0    -111      0    111  0.99988229E+00  0.00000000E+00 0.7791E-13      6
  550   19     0    -110      0    110  0.10075329E+01  0.00000000E+00 0.1895E-12      6
  551   19     0    -109      0    109  0.10165062E+01  0.00000000E+00 0.3155E-12      5
  552   19     0    -108      0    108  0.10264080E+01  0.00000000E+00 0.2776E-12      6
  553   19     0    -107      0    107  0.10356211E+01  0.00000000E+00 0.7817E-13      6
  554   19     0    -106      0    106  0.10437635E+01  0.00000000E+00 0.5396E-13      6
  555   19     0    -105      0    105  0.10532849E+01  0.00000000E+00 0.4081E-12      5
  556   19     0    -104      0    104  0.10639014E+01  0.00000000E+00 0.2689E-12      6
  557   19     0    -103      0    103  0.10738956E+01  0.00000000E+00 0.1167E-12      6
  558   19     0    -102      0    102  0.10825789E+01  0.00000000E+00 0.1211E-12      6
  559   19     0    -101      0    101  0.10926290E+01  0.00000000E+00 0.1203E-12      6
  560   19     0    -100      0    100  0.11040377E+01  0.00000000E+00 0.1451E-12      5
  561   19     0     -99      0     99  0.11149604E+01  0.00000000E+00 0.1343E-12      6
  562   19     0     -98      0     98  0.11243082E+01  0.00000000E+00 0.1358E-12      6
  563   19     0     -97      0     97  0.11349263E+01  0.00000000E+00 0.3061E-12      6
  564   19     0     -96      0     96  0.11472363E+01  0.00000000E+00 0.8488E-13      6
  565   19     0     -95      0     95  0.11592240E+01  0.00000000E+00 0.1328E-12      6
  566   19     0     -94      0     94  0.11693931E+01  0.00000000E+00 0.3454E-13      5
  567   19     0     -93      0     93  0.11807068E+01  0.00000000E+00 0.6353E-13      6
  568   19     0     -92      0     92  0.11940592E+01  0.00000000E+00 0.4323E-13      5
  569   19     0     -91      0     91  0.12072398E+01  0.00000000E+00 0.1071E-12      6
  570   19     0     -90      0     90  0.12183552E+01  0.00000000E+00 0.1439E-12      5
  571   19     0     -89      0     89  0.12304535E+01  0.00000000E+00 0.1498E-12      6
  572   19     0     -88      0     88  0.12449589E+01  0.00000000E+00 0.1177E-12      6
  573   19     0     -87      0     87  0.12594815E+01  0.00000000E+00 0.1200E-13      5
  574   19     0     -86      0     86  0.12717144E+01  0.00000000E+00 0.1438E-12      5
  575   19     0     -85      0     85  0.12846624E+01  0.00000000E+00 0.1165E-14      6
  576   19     0     -84      0     84  0.13004550E+01  0.00000000E+00 0.8968E-13      6
  577   19     0     -83      0     83  0.13164967E+01  0.00000000E+00 0.2625E-13      5
  578   19     0     -82      0     82  0.13299601E+01  0.00000000E+00 0.1327E-12      5
  579   19     0     -81      0     81  0.13438436E+01  0.00000000E+00 0.5408E-13      6
  580   19     0     -80      0     80  0.13611013E+01  0.00000000E+00 0.8927E-13      5
  581   19     0     -79      0     79  0.13788073E+01  0.00000000E+00 0.5264E-13      6
  582   19     0     -78      0     78  0.13936041E+01  0.00000000E+00 0.3987E-13      5
  583   19     0     -77      0     77  0.14086535E+01  0.00000000E+00 0.9307E-13      5
  584   19     0     -76      0     76  0.14276217E+01  0.00000000E+00 0.2292E-12      5
  585   19     0     -75      0     75  0.14471893E+01  0.00000000E+00 0.3046E-12      6
  586   19     0     -74      0     74  0.14634762E+01  0.00000000E+00 0.2511E-12      6
  587   19     0     -73      0     73  0.14798341E+01  0.00000000E+00 0.4113E-12      6
  588   19     0     -72      0     72  0.15006474E+01  0.00000000E+00 0.3489E-13      5
  589   19     0     -71      0     71  0.15221562E+01  0.00000000E+00 0.4023E-13      6
  590   19     0     -70      0     70  0.15399325E+01  0.00000000E+00 0.7413E-13      6
  591   19     0     -69      0     69  0.15578459E+01  0.00000000E+00 0.1816E-12      6
  592   19     0     -68      0     68  0.15808529E+01  0.00000000E+00 0.1322E-12      5
  593   19     0     -67      0     67  0.16046886E+01  0.00000000E+00 0.4898E-13      6
  594   19     0     -66      0     66  0.16242222E+01  0.00000000E+00 0.1007E-12      6
  595   19     0     -65      0     65  0.16439187E+01  0.00000000E+00 0.8373E-13      6
  596   19     0     -64      0     64  0.16695395E+01  0.00000000E+00 0.1340E-12      5
  597   19     0     -63      0     63  0.16959877E+01  0.00000000E+00 0.1864E-12      6
  Time elapsed :      6.524 s

Mode Search
-----------

Mode parameters
   l : 20
   m : 0

Building frequency grid (REAL axis)
   added scan interval :  0.5234E+00 ->  0.2094E+01 (3000 points, INVERSE)

Building spatial grid
   Scaffold grid from model
   Split 279 subinterval(s) in iteration 1
   Split 29 subinterval(s) in iteration 2
   Split 0 subinterval(s) in iteration 3
   Final grid has 1 segment(s) and 7445 point(s):
      Segment 1 : x range 0.0000 -> 1.0012 (1 -> 7445)

Starting search (adiabatic)

Scanning frequencies
  Time elapsed :     0.876 s

Finding roots
  Time elapsed :      0.198 s

Processing modes
   id    l     m    n_pg    n_p    n_g       Re(omega)       Im(omega)        chi n_iter
  637   20     0    -199      0    199  0.59350241E+00  0.00000000E+00 0.3645E-12      6
  638   20     0    -198      0    198  0.59640374E+00  0.00000000E+00 0.1456E-12      6
  639   20     0    -197      0    197  0.59925848E+00  0.00000000E+00 0.1852E-13      6
  640   20     0    -196      0    196  0.60236529E+00  0.00000000E+00 0.4961E-12      6
  641   20     0    -195      0    195  0.60556444E+00  0.00000000E+00 0.1871E-12      6
  642   20     0    -194      0    194  0.60855310E+00  0.00000000E+00 0.6459E-12      6
  643   20     0    -193      0    193  0.61149473E+00  0.00000000E+00 0.8105E-12      5
  644   20     0    -192      0    192  0.61475107E+00  0.00000000E+00 0.2182E-12      6
  645   20     0    -191      0    191  0.61811191E+00  0.00000000E+00 0.1456E-12      6
  646   20     0    -190      0    190  0.62122039E+00  0.00000000E+00 0.1860E-12      6
  647   20     0    -189      0    189  0.62424711E+00  0.00000000E+00 0.1935E-12      5
  648   20     0    -188      0    188  0.62763236E+00  0.00000000E+00 0.4273E-12      6
  649   20     0    -187      0    187  0.63115465E+00  0.00000000E+00 0.4012E-12      6
  650   20     0    -186      0    186  0.63443060E+00  0.00000000E+00 0.9208E-13      6
  651   20     0    -185      0    185  0.63758332E+00  0.00000000E+00 0.9525E-12      5
  652   20     0    -184      0    184  0.64108103E+00  0.00000000E+00 0.1831E-12      6
  653   20     0    -183      0    183  0.64472914E+00  0.00000000E+00 0.3541E-12      6
  654   20     0    -182      0    182  0.64814240E+00  0.00000000E+00 0.3177E-13      6
  655   20     0    -181      0    181  0.65145990E+00  0.00000000E+00 0.1183E-12      5
  656   20     0    -180      0    180  0.65512265E+00  0.00000000E+00 0.4063E-12      5
  657   20     0    -179      0    179  0.65892264E+00  0.00000000E+00 0.5037E-12      6
  658   20     0    -178      0    178  0.66247722E+00  0.00000000E+00 0.2828E-13      6
  659   20     0    -177      0    177  0.66595050E+00  0.00000000E+00 0.6957E-13      5
  660   20     0    -176      0    176  0.66977430E+00  0.00000000E+00 0.1035E-12      5
  661   20     0    -175      0    175  0.67371604E+00  0.00000000E+00 0.4773E-13      6
  662   20     0    -174      0    174  0.67740896E+00  0.00000000E+00 0.3489E-13      6
  663   20     0    -173      0    173  0.68107923E+00  0.00000000E+00 0.1226E-12      5
  664   20     0    -172      0    172  0.68511015E+00  0.00000000E+00 0.1931E-12      5
  665   20     0    -171      0    171  0.68922289E+00  0.00000000E+00 0.2712E-12      6
  666   20     0    -170      0    170  0.69304677E+00  0.00000000E+00 0.5209E-13      5
  667   20     0    -169      0    169  0.69688103E+00  0.00000000E+00 0.8693E-12      5
  668   20     0    -168      0    168  0.70111789E+00  0.00000000E+00 0.1431E-12      6
  669   20     0    -167      0    167  0.70542197E+00  0.00000000E+00 0.7424E-14      6
  670   20     0    -166      0    166  0.70940985E+00  0.00000000E+00 0.3913E-12      6
  671   20     0    -165      0    165  0.71344611E+00  0.00000000E+00 0.5178E-12      5
  672   20     0    -164      0    164  0.71791736E+00  0.00000000E+00 0.1779E-12      6
  673   20     0    -163      0    163  0.72242523E+00  0.00000000E+00 0.4618E-12      6
  674   20     0    -162      0    162  0.72654931E+00  0.00000000E+00 0.7940E-13      6
  675   20     0    -161      0    161  0.73077265E+00  0.00000000E+00 0.2624E-12      5
  676   20     0    -160      0    160  0.73550179E+00  0.00000000E+00 0.2894E-12      6
  677   20     0    -159      0    159  0.74025256E+00  0.00000000E+00 0.1646E-12      6
  678   20     0    -158      0    158  0.74456643E+00  0.00000000E+00 0.4160E-13      5
  679   20     0    -157      0    157  0.74900144E+00  0.00000000E+00 0.1777E-12      5
  680   20     0    -156      0    156  0.75398841E+00  0.00000000E+00 0.1925E-12      5
  681   20     0    -155      0    155  0.75897845E+00  0.00000000E+00 0.3512E-13      6
  682   20     0    -154      0    154  0.76347056E+00  0.00000000E+00 0.3119E-12      6
  683   20     0    -153      0    153  0.76812938E+00  0.00000000E+00 0.2043E-12      5
  684   20     0    -152      0    152  0.77340818E+00  0.00000000E+00 0.1067E-12      6
  685   20     0    -151      0    151  0.77869082E+00  0.00000000E+00 0.5336E-12      5
  686   20     0    -150      0    150  0.78341476E+00  0.00000000E+00 0.1961E-12      6
  687   20     0    -149      0    149  0.78828973E+00  0.00000000E+00 0.2476E-12      5
  688   20     0    -148      0    148  0.79384018E+00  0.00000000E+00 0.3331E-12      6
  689   20     0    -147      0    147  0.79939089E+00  0.00000000E+00 0.8977E-13      6
  690   20     0    -146      0    146  0.80435901E+00  0.00000000E+00 0.5395E-13      6
  691   20     0    -145      0    145  0.80952938E+00  0.00000000E+00 0.6476E-12      5
  692   20     0    -144      0    144  0.81539666E+00  0.00000000E+00 0.4026E-13      5
  693   20     0    -143      0    143  0.82122667E+00  0.00000000E+00 0.1408E-12      6
  694   20     0    -142      0    142  0.82644455E+00  0.00000000E+00 0.5707E-13      6
  695   20     0    -141      0    141  0.83193650E+00  0.00000000E+00 0.4444E-13      5
  696   20     0    -140      0    140  0.83813923E+00  0.00000000E+00 0.3244E-12      6
  697   20     0    -139      0    139  0.84424674E+00  0.00000000E+00 0.9520E-13      6
  698   20     0    -138      0    138  0.84972632E+00  0.00000000E+00 0.2801E-13      5
  699   20     0    -137      0    137  0.85560041E+00  0.00000000E+00 0.1208E-12      5
  700   20     0    -136      0    136  0.86220018E+00  0.00000000E+00 0.2213E-13      6
  701   20     0    -135      0    135  0.86863174E+00  0.00000000E+00 0.1121E-12      6
  702   20     0    -134      0    134  0.87435999E+00  0.00000000E+00 0.6862E-13      5
  703   20     0    -133      0    133  0.88060307E+00  0.00000000E+00 0.4376E-13      5
  704   20     0    -132      0    132  0.88763023E+00  0.00000000E+00 0.9919E-13      6
  705   20     0    -131      0    131  0.89443634E+00  0.00000000E+00 0.2155E-12      6
  706   20     0    -130      0    130  0.90048261E+00  0.00000000E+00 0.2559E-12      5
  707   20     0    -129      0    129  0.90712789E+00  0.00000000E+00 0.6585E-12      5
  708   20     0    -128      0    128  0.91458256E+00  0.00000000E+00 0.1673E-12      6
  709   20     0    -127      0    127  0.92173432E+00  0.00000000E+00 0.7551E-14      6
  710   20     0    -126      0    126  0.92811676E+00  0.00000000E+00 0.3869E-13      5
  711   20     0    -125      0    125  0.93525163E+00  0.00000000E+00 0.1013E-12      5
  712   20     0    -124      0    124  0.94320047E+00  0.00000000E+00 0.7281E-13      6
  713   20     0    -123      0    123  0.95075569E+00  0.00000000E+00 0.1767E-12      6
  714   20     0    -122      0    122  0.95748803E+00  0.00000000E+00 0.1256E-12      5
  715   20     0    -121      0    121  0.96511163E+00  0.00000000E+00 0.1679E-12      5
  716   20     0    -120      0    120  0.97359948E+00  0.00000000E+00 0.3391E-13      6
  717   20     0    -119      0    119  0.98164175E+00  0.00000000E+00 0.3524E-13      6
  718   20     0    -118      0    118  0.98877545E+00  0.00000000E+00 0.1987E-13      5
  719   20     0    -117      0    117  0.99689235E+00  0.00000000E+00 0.7387E-13      5
  720   20     0    -116      0    116  0.10059504E+01  0.00000000E+00 0.2782E-13      6
  721   20     0    -115      0    115  0.10145182E+01  0.00000000E+00 0.2497E-12      6
  722   20     0    -114      0    114  0.10220831E+01  0.00000000E+00 0.3546E-12      5
  723   20     0    -113      0    113  0.10307353E+01  0.00000000E+00 0.9144E-13      5
  724   20     0    -112      0    112  0.10404139E+01  0.00000000E+00 0.9397E-14      6
  725   20     0    -111      0    111  0.10495615E+01  0.00000000E+00 0.3008E-12      6
  726   20     0    -110      0    110  0.10575742E+01  0.00000000E+00 0.4222E-12      6
  727   20     0    -109      0    109  0.10667664E+01  0.00000000E+00 0.4517E-12      5
  728   20     0    -108      0    108  0.10771125E+01  0.00000000E+00 0.1674E-13      6
  729   20     0    -107      0    107  0.10869502E+01  0.00000000E+00 0.3798E-13      6
  730   20     0    -106      0    106  0.10954964E+01  0.00000000E+00 0.1863E-12      5
  731   20     0    -105      0    105  0.11052211E+01  0.00000000E+00 0.9205E-13      5
  732   20     0    -104      0    104  0.11162910E+01  0.00000000E+00 0.1132E-12      6
  733   20     0    -103      0    103  0.11269582E+01  0.00000000E+00 0.4832E-12      6
  734   20     0    -102      0    102  0.11361164E+01  0.00000000E+00 0.1533E-12      5
  735   20     0    -101      0    101  0.11463392E+01  0.00000000E+00 0.2630E-13      5
  736   20     0    -100      0    100  0.11581985E+01  0.00000000E+00 0.1625E-12      6
  737   20     0     -99      0     99  0.11698418E+01  0.00000000E+00 0.2003E-12      6
  738   20     0     -98      0     98  0.11797684E+01  0.00000000E+00 0.1223E-12      5
  739   20     0     -97      0     97  0.11905292E+01  0.00000000E+00 0.1995E-12      6
  740   20     0     -96      0     96  0.12032856E+01  0.00000000E+00 0.4001E-13      6
  741   20     0     -95      0     95  0.12160465E+01  0.00000000E+00 0.1094E-12      6
  742   20     0     -94      0     94  0.12269137E+01  0.00000000E+00 0.1853E-12      5
  743   20     0     -93      0     93  0.12383490E+01  0.00000000E+00 0.2428E-12      6
  744   20     0     -92      0     92  0.12521406E+01  0.00000000E+00 0.1306E-12      6
  745   20     0     -91      0     91  0.12661438E+01  0.00000000E+00 0.2079E-12      6
  746   20     0     -90      0     90  0.12780813E+01  0.00000000E+00 0.2019E-13      6
  747   20     0     -89      0     89  0.12902816E+01  0.00000000E+00 0.1117E-12      6
  748   20     0     -88      0     88  0.13052096E+01  0.00000000E+00 0.4632E-12      5
  749   20     0     -87      0     87  0.13206000E+01  0.00000000E+00 0.3951E-14      6
  750   20     0     -86      0     86  0.13338003E+01  0.00000000E+00 0.1274E-12      6
  751   20     0     -85      0     85  0.13468405E+01  0.00000000E+00 0.6502E-13      6
  752   20     0     -84      0     84  0.13630259E+01  0.00000000E+00 0.4268E-13      5
  753   20     0     -83      0     83  0.13799818E+01  0.00000000E+00 0.3946E-13      6
  754   20     0     -82      0     82  0.13945752E+01  0.00000000E+00 0.1380E-12      5
  755   20     0     -81      0     81  0.14085323E+01  0.00000000E+00 0.8254E-13      6
  756   20     0     -80      0     80  0.14261492E+01  0.00000000E+00 0.7698E-13      5
  757   20     0     -79      0     79  0.14448319E+01  0.00000000E+00 0.9625E-13      6
  758   20     0     -78      0     78  0.14609188E+01  0.00000000E+00 0.2464E-12      6
  759   20     0     -77      0     77  0.14760160E+01  0.00000000E+00 0.4426E-13      6
  760   20     0     -76      0     76  0.14953203E+01  0.00000000E+00 0.4648E-13      5
  761   20     0     -75      0     75  0.15159236E+01  0.00000000E+00 0.1910E-13      6
  762   20     0     -74      0     74  0.15336455E+01  0.00000000E+00 0.3441E-12      5
  763   20     0     -73      0     73  0.15500106E+01  0.00000000E+00 0.8218E-14      6
  764   20     0     -72      0     72  0.15711193E+01  0.00000000E+00 0.3205E-12      5
  765   20     0     -71      0     71  0.15937285E+01  0.00000000E+00 0.6212E-13      6
  766   20     0     -70      0     70  0.16130968E+01  0.00000000E+00 0.6110E-13      6
  767   20     0     -69      0     69  0.16309460E+01  0.00000000E+00 0.3009E-12      6
  768   20     0     -68      0     68  0.16542373E+01  0.00000000E+00 0.2157E-12      5
  769   20     0     -67      0     67  0.16792804E+01  0.00000000E+00 0.2362E-13      6
  770   20     0     -66      0     66  0.17006394E+01  0.00000000E+00 0.2651E-13      5
  Time elapsed :      6.695 s

Mode Search
-----------

Mode parameters
   l : 21
   m : 0

Building frequency grid (REAL axis)
   added scan interval :  0.5234E+00 ->  0.2094E+01 (3000 points, INVERSE)

Building spatial grid
   Scaffold grid from model
   Split 281 subinterval(s) in iteration 1
   Split 30 subinterval(s) in iteration 2
   Split 0 subinterval(s) in iteration 3
   Final grid has 1 segment(s) and 7448 point(s):
      Segment 1 : x range 0.0000 -> 1.0012 (1 -> 7448)

Starting search (adiabatic)

Scanning frequencies
  Time elapsed :     0.824 s

Finding roots
  Time elapsed :      0.211 s

Processing modes
   id    l     m    n_pg    n_p    n_g       Re(omega)       Im(omega)        chi n_iter
  812   21     0    -209      0    209  0.59257648E+00  0.00000000E+00 0.6523E-12      5
  813   21     0    -208      0    208  0.59535270E+00  0.00000000E+00 0.2362E-12      6
  814   21     0    -207      0    207  0.59830995E+00  0.00000000E+00 0.2407E-12      6
  815   21     0    -206      0    206  0.60120275E+00  0.00000000E+00 0.1597E-12      6
  816   21     0    -205      0    205  0.60398434E+00  0.00000000E+00 0.4770E-12      6
  817   21     0    -204      0    204  0.60691613E+00  0.00000000E+00 0.1271E-12      6
  818   21     0    -203      0    203  0.60998662E+00  0.00000000E+00 0.2226E-12      6
  819   21     0    -202      0    202  0.61295349E+00  0.00000000E+00 0.6112E-12      6
  820   21     0    -201      0    201  0.61583549E+00  0.00000000E+00 0.3213E-12      6
  821   21     0    -200      0    200  0.61891653E+00  0.00000000E+00 0.2885E-12      6
  822   21     0    -199      0    199  0.62211999E+00  0.00000000E+00 0.4004E-12      6
  823   21     0    -198      0    198  0.62517278E+00  0.00000000E+00 0.3427E-12      5
  824   21     0    -197      0    197  0.62815473E+00  0.00000000E+00 0.4317E-13      5
  825   21     0    -196      0    196  0.63139341E+00  0.00000000E+00 0.2479E-12      5
  826   21     0    -195      0    195  0.63474927E+00  0.00000000E+00 0.1618E-12      6
  827   21     0    -194      0    194  0.63789711E+00  0.00000000E+00 0.4424E-12      6
  828   21     0    -193      0    193  0.64096631E+00  0.00000000E+00 0.7153E-13      6
  829   21     0    -192      0    192  0.64435834E+00  0.00000000E+00 0.9488E-13      6
  830   21     0    -191      0    191  0.64788438E+00  0.00000000E+00 0.4778E-12      6
  831   21     0    -190      0    190  0.65116188E+00  0.00000000E+00 0.3847E-13      6
  832   21     0    -189      0    189  0.65431894E+00  0.00000000E+00 0.5542E-12      5
  833   21     0    -188      0    188  0.65784242E+00  0.00000000E+00 0.2826E-12      6
  834   21     0    -187      0    187  0.66153661E+00  0.00000000E+00 0.2226E-12      6
  835   21     0    -186      0    186  0.66499110E+00  0.00000000E+00 0.5981E-13      6
  836   21     0    -185      0    185  0.66828193E+00  0.00000000E+00 0.3068E-13      5
  837   21     0    -184      0    184  0.67192109E+00  0.00000000E+00 0.1878E-12      5
  838   21     0    -183      0    183  0.67574669E+00  0.00000000E+00 0.2608E-12      6
  839   21     0    -182      0    182  0.67934465E+00  0.00000000E+00 0.3582E-12      5
  840   21     0    -181      0    181  0.68280652E+00  0.00000000E+00 0.1170E-12      5
  841   21     0    -180      0    180  0.68661817E+00  0.00000000E+00 0.4078E-12      6
  842   21     0    -179      0    179  0.69060355E+00  0.00000000E+00 0.2953E-12      6
  843   21     0    -178      0    178  0.69434960E+00  0.00000000E+00 0.2064E-12      6
  844   21     0    -177      0    177  0.69797238E+00  0.00000000E+00 0.7849E-13      5
  845   21     0    -176      0    176  0.70195250E+00  0.00000000E+00 0.3073E-12      6
  846   21     0    -175      0    175  0.70608837E+00  0.00000000E+00 0.3994E-12      6
  847   21     0    -174      0    174  0.70997812E+00  0.00000000E+00 0.1155E-12      5
  848   21     0    -173      0    173  0.71380262E+00  0.00000000E+00 0.4021E-12      5
  849   21     0    -172      0    172  0.71799972E+00  0.00000000E+00 0.3522E-12      6
  850   21     0    -171      0    171  0.72231737E+00  0.00000000E+00 0.2483E-12      6
  851   21     0    -170      0    170  0.72634540E+00  0.00000000E+00 0.3764E-14      6
  852   21     0    -169      0    169  0.73033613E+00  0.00000000E+00 0.7141E-13      5
  853   21     0    -168      0    168  0.73474746E+00  0.00000000E+00 0.2828E-12      6
  854   21     0    -167      0    167  0.73926857E+00  0.00000000E+00 0.3077E-13      6
  855   21     0    -166      0    166  0.74346954E+00  0.00000000E+00 0.3095E-12      6
  856   21     0    -165      0    165  0.74766605E+00  0.00000000E+00 0.8100E-12      5
  857   21     0    -164      0    164  0.75232103E+00  0.00000000E+00 0.2058E-12      6
  858   21     0    -163      0    163  0.75705976E+00  0.00000000E+00 0.9396E-13      6
  859   21     0    -162      0    162  0.76140639E+00  0.00000000E+00 0.3875E-12      5
  860   21     0    -161      0    161  0.76579024E+00  0.00000000E+00 0.1037E-12      5
  861   21     0    -160      0    160  0.77071302E+00  0.00000000E+00 0.4089E-13      6
  862   21     0    -159      0    159  0.77571005E+00  0.00000000E+00 0.4389E-12      6
  863   21     0    -158      0    158  0.78025867E+00  0.00000000E+00 0.1791E-12      6
  864   21     0    -157      0    157  0.78485743E+00  0.00000000E+00 0.1449E-12      5
  865   21     0    -156      0    156  0.79004718E+00  0.00000000E+00 0.1744E-12      6
  866   21     0    -155      0    155  0.79529845E+00  0.00000000E+00 0.8381E-13      6
  867   21     0    -154      0    154  0.80003686E+00  0.00000000E+00 0.1256E-12      6
  868   21     0    -153      0    153  0.80486135E+00  0.00000000E+00 0.9070E-12      5
  869   21     0    -152      0    152  0.81035289E+00  0.00000000E+00 0.7918E-13      5
  870   21     0    -151      0    151  0.81591255E+00  0.00000000E+00 0.2095E-12      6
  871   21     0    -150      0    150  0.82089918E+00  0.00000000E+00 0.6673E-13      6
  872   21     0    -149      0    149  0.82594375E+00  0.00000000E+00 0.3689E-12      5
  873   21     0    -148      0    148  0.83171556E+00  0.00000000E+00 0.1057E-12      6
  874   21     0    -147      0    147  0.83755930E+00  0.00000000E+00 0.2141E-12      6
  875   21     0    -146      0    146  0.84280189E+00  0.00000000E+00 0.1461E-13      6
  876   21     0    -145      0    145  0.84814881E+00  0.00000000E+00 0.3792E-13      5
  877   21     0    -144      0    144  0.85425140E+00  0.00000000E+00 0.2952E-13      6
  878   21     0    -143      0    143  0.86039258E+00  0.00000000E+00 0.6525E-13      6
  879   21     0    -142      0    142  0.86589473E+00  0.00000000E+00 0.3213E-13      6
  880   21     0    -141      0    141  0.87157012E+00  0.00000000E+00 0.2372E-12      5
  881   21     0    -140      0    140  0.87802484E+00  0.00000000E+00 0.1033E-12      5
  882   21     0    -139      0    139  0.88446435E+00  0.00000000E+00 0.1003E-12      6
  883   21     0    -138      0    138  0.89023543E+00  0.00000000E+00 0.5556E-12      5
  884   21     0    -137      0    137  0.89629961E+00  0.00000000E+00 0.7468E-12      5
  885   21     0    -136      0    136  0.90317013E+00  0.00000000E+00 0.5732E-13      6
  886   21     0    -135      0    135  0.90995865E+00  0.00000000E+00 0.1394E-12      6
  887   21     0    -134      0    134  0.91598896E+00  0.00000000E+00 0.1729E-13      5
  888   21     0    -133      0    133  0.92242304E+00  0.00000000E+00 0.1575E-12      5
  889   21     0    -132      0    132  0.92973968E+00  0.00000000E+00 0.9520E-13      6
  890   21     0    -131      0    131  0.93693082E+00  0.00000000E+00 0.3502E-14      6
  891   21     0    -130      0    130  0.94329338E+00  0.00000000E+00 0.1046E-12      5
  892   21     0    -129      0    129  0.95013315E+00  0.00000000E+00 0.7359E-13      5
  893   21     0    -128      0    128  0.95789719E+00  0.00000000E+00 0.8446E-13      6
  894   21     0    -127      0    127  0.96546441E+00  0.00000000E+00 0.4856E-12      5
  895   21     0    -126      0    126  0.97216964E+00  0.00000000E+00 0.1017E-12      5
  896   21     0    -125      0    125  0.97950526E+00  0.00000000E+00 0.7227E-13      5
  897   21     0    -124      0    124  0.98778823E+00  0.00000000E+00 0.2570E-12      5
  898   21     0    -123      0    123  0.99579464E+00  0.00000000E+00 0.2775E-13      5
  899   21     0    -122      0    122  0.10028613E+01  0.00000000E+00 0.2403E-12      5
  900   21     0    -121      0    121  0.10106864E+01  0.00000000E+00 0.1560E-12      5
  901   21     0    -120      0    120  0.10195302E+01  0.00000000E+00 0.6349E-13      6
  902   21     0    -119      0    119  0.10280621E+01  0.00000000E+00 0.1648E-12      6
  903   21     0    -118      0    118  0.10355514E+01  0.00000000E+00 0.2377E-12      5
  904   21     0    -117      0    117  0.10438652E+01  0.00000000E+00 0.8103E-13      6
  905   21     0    -116      0    116  0.10532974E+01  0.00000000E+00 0.8978E-13      6
  906   21     0    -115      0    115  0.10623968E+01  0.00000000E+00 0.1384E-12      6
  907   21     0    -114      0    114  0.10703410E+01  0.00000000E+00 0.7022E-13      5
  908   21     0    -113      0    113  0.10791811E+01  0.00000000E+00 0.1050E-12      6
  909   21     0    -112      0    112  0.10892510E+01  0.00000000E+00 0.1366E-12      6
  910   21     0    -111      0    111  0.10989770E+01  0.00000000E+00 0.7991E-13      6
  911   21     0    -110      0    110  0.11074022E+01  0.00000000E+00 0.7508E-13      5
  912   21     0    -109      0    109  0.11167682E+01  0.00000000E+00 0.1068E-12      6
  913   21     0    -108      0    108  0.11275193E+01  0.00000000E+00 0.2601E-12      6
  914   21     0    -107      0    107  0.11379804E+01  0.00000000E+00 0.1804E-12      6
  915   21     0    -106      0    106  0.11469952E+01  0.00000000E+00 0.9213E-13      5
  916   21     0    -105      0    105  0.11568743E+01  0.00000000E+00 0.3417E-12      6
  917   21     0    -104      0    104  0.11683479E+01  0.00000000E+00 0.3777E-13      6
  918   21     0    -103      0    103  0.11796766E+01  0.00000000E+00 0.6462E-13      6
  919   21     0    -102      0    102  0.11893918E+01  0.00000000E+00 0.9254E-13      5
  920   21     0    -101      0    101  0.11997399E+01  0.00000000E+00 0.3191E-12      6
  921   21     0    -100      0    100  0.12119856E+01  0.00000000E+00 0.8269E-13      6
  922   21     0     -99      0     99  0.12243243E+01  0.00000000E+00 0.1456E-12      6
  923   21     0     -98      0     98  0.12349294E+01  0.00000000E+00 0.3670E-13      5
  924   21     0     -97      0     97  0.12457977E+01  0.00000000E+00 0.1625E-12      6
  925   21     0     -96      0     96  0.12589182E+01  0.00000000E+00 0.1092E-12      6
  926   21     0     -95      0     95  0.12724126E+01  0.00000000E+00 0.7491E-14      6
  927   21     0     -94      0     94  0.12840882E+01  0.00000000E+00 0.1603E-12      5
  928   21     0     -93      0     93  0.12956286E+01  0.00000000E+00 0.2020E-12      6
  929   21     0     -92      0     92  0.13097555E+01  0.00000000E+00 0.1467E-13      5
  930   21     0     -91      0     91  0.13245252E+01  0.00000000E+00 0.1302E-14      6
  931   21     0     -90      0     90  0.13374008E+01  0.00000000E+00 0.1000E-13      6
  932   21     0     -89      0     89  0.13497119E+01  0.00000000E+00 0.1753E-12      6
  933   21     0     -88      0     88  0.13649353E+01  0.00000000E+00 0.1306E-12      5
  934   21     0     -87      0     87  0.13811203E+01  0.00000000E+00 0.2260E-12      6
  935   21     0     -86      0     86  0.13954018E+01  0.00000000E+00 0.1368E-12      6
  936   21     0     -85      0     85  0.14085826E+01  0.00000000E+00 0.8656E-14      6
  937   21     0     -84      0     84  0.14250049E+01  0.00000000E+00 0.7479E-14      5
  938   21     0     -83      0     83  0.14427802E+01  0.00000000E+00 0.1079E-12      6
  939   21     0     -82      0     82  0.14586107E+01  0.00000000E+00 0.2834E-13      6
  940   21     0     -81      0     81  0.14727374E+01  0.00000000E+00 0.8062E-13      6
  941   21     0     -80      0     80  0.14905248E+01  0.00000000E+00 0.2616E-12      6
  942   21     0     -79      0     79  0.15100690E+01  0.00000000E+00 0.1776E-12      6
  943   21     0     -78      0     78  0.15275499E+01  0.00000000E+00 0.6686E-13      6
  944   21     0     -77      0     77  0.15428286E+01  0.00000000E+00 0.6833E-13      6
  945   21     0     -76      0     76  0.15622430E+01  0.00000000E+00 0.3167E-13      5
  946   21     0     -75      0     75  0.15837409E+01  0.00000000E+00 0.3934E-13      6
  947   21     0     -74      0     74  0.16029965E+01  0.00000000E+00 0.1282E-12      6
  948   21     0     -73      0     73  0.16195383E+01  0.00000000E+00 0.6694E-13      6
  949   21     0     -72      0     72  0.16406775E+01  0.00000000E+00 0.3034E-13      5
  950   21     0     -71      0     71  0.16642249E+01  0.00000000E+00 0.1023E-12      6
  951   21     0     -70      0     70  0.16853046E+01  0.00000000E+00 0.6098E-13      6
  952   21     0     -69      0     69  0.17032983E+01  0.00000000E+00 0.5196E-13      5
  Time elapsed :      7.386 s

Mode Search
-----------

Mode parameters
   l : 22
   m : 0

Building frequency grid (REAL axis)
   added scan interval :  0.5234E+00 ->  0.2094E+01 (3000 points, INVERSE)

Building spatial grid
   Scaffold grid from model
   Split 283 subinterval(s) in iteration 1
   Split 32 subinterval(s) in iteration 2
   Split 0 subinterval(s) in iteration 3
   Final grid has 1 segment(s) and 7452 point(s):
      Segment 1 : x range 0.0000 -> 1.0012 (1 -> 7452)

Starting search (adiabatic)

Scanning frequencies
  Time elapsed :     0.831 s

Finding roots
  Time elapsed :      0.228 s

Processing modes
   id    l     m    n_pg    n_p    n_g       Re(omega)       Im(omega)        chi n_iter
  995   22     0    -219      0    219  0.59188774E+00  0.00000000E+00 0.5909E-13      6
  996   22     0    -218      0    218  0.59461411E+00  0.00000000E+00 0.4416E-13      5
  997   22     0    -217      0    217  0.59721140E+00  0.00000000E+00 0.4675E-12      6
  998   22     0    -216      0    216  0.59992799E+00  0.00000000E+00 0.5703E-13      6
  999   22     0    -215      0    215  0.60281757E+00  0.00000000E+00 0.5607E-12      6
 1000   22     0    -214      0    214  0.60563362E+00  0.00000000E+00 0.5392E-13      6
 1001   22     0    -213      0    213  0.60827951E+00  0.00000000E+00 0.3793E-12      5
 1002   22     0    -212      0    212  0.61108236E+00  0.00000000E+00 0.4559E-12      5
 1003   22     0    -211      0    211  0.61410002E+00  0.00000000E+00 0.4482E-12      6
 1004   22     0    -210      0    210  0.61705921E+00  0.00000000E+00 0.9270E-14      5
 1005   22     0    -209      0    209  0.61983401E+00  0.00000000E+00 0.1944E-12      6
 1006   22     0    -208      0    208  0.62272108E+00  0.00000000E+00 0.1934E-12      5
 1007   22     0    -207      0    207  0.62580852E+00  0.00000000E+00 0.2275E-12      6
 1008   22     0    -206      0    206  0.62884346E+00  0.00000000E+00 0.5850E-12      6
 1009   22     0    -205      0    205  0.63175138E+00  0.00000000E+00 0.7595E-12      5
 1010   22     0    -204      0    204  0.63480179E+00  0.00000000E+00 0.2292E-12      6
 1011   22     0    -203      0    203  0.63801013E+00  0.00000000E+00 0.4609E-12      6
 1012   22     0    -202      0    202  0.64112373E+00  0.00000000E+00 0.4741E-12      6
 1013   22     0    -201      0    201  0.64413260E+00  0.00000000E+00 0.1435E-12      6
 1014   22     0    -200      0    200  0.64733742E+00  0.00000000E+00 0.4997E-12      6
 1015   22     0    -199      0    199  0.65068722E+00  0.00000000E+00 0.2280E-12      6
 1016   22     0    -198      0    198  0.65389335E+00  0.00000000E+00 0.3587E-14      6
 1017   22     0    -197      0    197  0.65700260E+00  0.00000000E+00 0.9730E-13      6
 1018   22     0    -196      0    196  0.66036935E+00  0.00000000E+00 0.3388E-12      6
 1019   22     0    -195      0    195  0.66388042E+00  0.00000000E+00 0.6357E-13      6
 1020   22     0    -194      0    194  0.66719009E+00  0.00000000E+00 0.2769E-12      6
 1021   22     0    -193      0    193  0.67038684E+00  0.00000000E+00 0.2549E-12      5
 1022   22     0    -192      0    192  0.67390991E+00  0.00000000E+00 0.2865E-12      6
 1023   22     0    -191      0    191  0.67759944E+00  0.00000000E+00 0.5451E-13      6
 1024   22     0    -190      0    190  0.68104921E+00  0.00000000E+00 0.1359E-12      6
 1025   22     0    -189      0    189  0.68433701E+00  0.00000000E+00 0.3340E-12      5
 1026   22     0    -188      0    188  0.68799323E+00  0.00000000E+00 0.3109E-12      6
 1027   22     0    -187      0    187  0.69185721E+00  0.00000000E+00 0.3001E-12      6
 1028   22     0    -186      0    186  0.69549351E+00  0.00000000E+00 0.4750E-12      6
 1029   22     0    -185      0    185  0.69892357E+00  0.00000000E+00 0.6684E-13      6
 1030   22     0    -184      0    184  0.70269837E+00  0.00000000E+00 0.1601E-12      6
 1031   22     0    -183      0    183  0.70669901E+00  0.00000000E+00 0.3307E-12      6
 1032   22     0    -182      0    182  0.71048494E+00  0.00000000E+00 0.1086E-12      5
 1033   22     0    -181      0    181  0.71409213E+00  0.00000000E+00 0.2211E-12      5
 1034   22     0    -180      0    180  0.71804671E+00  0.00000000E+00 0.8984E-13      5
 1035   22     0    -179      0    179  0.72221495E+00  0.00000000E+00 0.1156E-12      6
 1036   22     0    -178      0    178  0.72615597E+00  0.00000000E+00 0.1881E-12      6
 1037   22     0    -177      0    177  0.72992895E+00  0.00000000E+00 0.3570E-12      6
 1038   22     0    -176      0    176  0.73405906E+00  0.00000000E+00 0.3326E-12      6
 1039   22     0    -175      0    175  0.73838664E+00  0.00000000E+00 0.1025E-12      6
 1040   22     0    -174      0    174  0.74247701E+00  0.00000000E+00 0.3261E-12      5
 1041   22     0    -173      0    173  0.74645562E+00  0.00000000E+00 0.3621E-13      5
 1042   22     0    -172      0    172  0.75081230E+00  0.00000000E+00 0.4432E-12      6
 1043   22     0    -171      0    171  0.75533253E+00  0.00000000E+00 0.2008E-14      6
 1044   22     0    -170      0    170  0.75956927E+00  0.00000000E+00 0.2623E-12      6
 1045   22     0    -169      0    169  0.76371568E+00  0.00000000E+00 0.2196E-13      5
 1046   22     0    -168      0    168  0.76829407E+00  0.00000000E+00 0.2075E-12      6
 1047   22     0    -167      0    167  0.77302996E+00  0.00000000E+00 0.1601E-12      6
 1048   22     0    -166      0    166  0.77744943E+00  0.00000000E+00 0.2378E-12      6
 1049   22     0    -165      0    165  0.78180481E+00  0.00000000E+00 0.1547E-12      5
 1050   22     0    -164      0    164  0.78663527E+00  0.00000000E+00 0.1952E-13      6
 1051   22     0    -163      0    163  0.79160265E+00  0.00000000E+00 0.1141E-12      6
 1052   22     0    -162      0    162  0.79617865E+00  0.00000000E+00 0.3047E-12      6
 1053   22     0    -161      0    161  0.80072058E+00  0.00000000E+00 0.4426E-14      5
 1054   22     0    -160      0    160  0.80582757E+00  0.00000000E+00 0.2405E-12      6
 1055   22     0    -159      0    159  0.81106866E+00  0.00000000E+00 0.2344E-12      6
 1056   22     0    -158      0    158  0.81586017E+00  0.00000000E+00 0.2024E-12      6
 1057   22     0    -157      0    157  0.82061968E+00  0.00000000E+00 0.2926E-12      5
 1058   22     0    -156      0    156  0.82600157E+00  0.00000000E+00 0.3895E-14      5
 1059   22     0    -155      0    155  0.83151171E+00  0.00000000E+00 0.6083E-13      6
 1060   22     0    -154      0    154  0.83650603E+00  0.00000000E+00 0.1348E-12      6
 1061   22     0    -153      0    153  0.84149222E+00  0.00000000E+00 0.6046E-12      5
 1062   22     0    -152      0    152  0.84718453E+00  0.00000000E+00 0.4589E-12      6
 1063   22     0    -151      0    151  0.85301847E+00  0.00000000E+00 0.1980E-12      6
 1064   22     0    -150      0    150  0.85827884E+00  0.00000000E+00 0.4800E-13      6
 1065   22     0    -149      0    149  0.86348902E+00  0.00000000E+00 0.7932E-13      5
 1066   22     0    -148      0    148  0.86946867E+00  0.00000000E+00 0.4245E-12      6
 1067   22     0    -147      0    147  0.87560254E+00  0.00000000E+00 0.1692E-13      6
 1068   22     0    -146      0    146  0.88113190E+00  0.00000000E+00 0.1635E-12      6
 1069   22     0    -145      0    145  0.88665034E+00  0.00000000E+00 0.2192E-12      5
 1070   22     0    -144      0    144  0.89297369E+00  0.00000000E+00 0.2110E-12      5
 1071   22     0    -143      0    143  0.89942342E+00  0.00000000E+00 0.8014E-13      6
 1072   22     0    -142      0    142  0.90522359E+00  0.00000000E+00 0.9578E-13      6
 1073   22     0    -141      0    141  0.91107562E+00  0.00000000E+00 0.5813E-12      5
 1074   22     0    -140      0    140  0.91776684E+00  0.00000000E+00 0.7317E-13      6
 1075   22     0    -139      0    139  0.92453633E+00  0.00000000E+00 0.6325E-13      5
 1076   22     0    -138      0    138  0.93061440E+00  0.00000000E+00 0.1062E-12      6
 1077   22     0    -137      0    137  0.93685908E+00  0.00000000E+00 0.1289E-13      5
 1078   22     0    -136      0    136  0.94398362E+00  0.00000000E+00 0.1165E-13      6
 1079   22     0    -135      0    135  0.95112751E+00  0.00000000E+00 0.1610E-12      6
 1080   22     0    -134      0    134  0.95747862E+00  0.00000000E+00 0.1196E-12      5
 1081   22     0    -133      0    133  0.96409078E+00  0.00000000E+00 0.1244E-12      5
 1082   22     0    -132      0    132  0.97167802E+00  0.00000000E+00 0.2043E-13      6
 1083   22     0    -131      0    131  0.97925296E+00  0.00000000E+00 0.2525E-13      6
 1084   22     0    -130      0    130  0.98595430E+00  0.00000000E+00 0.7524E-13      5
 1085   22     0    -129      0    129  0.99297268E+00  0.00000000E+00 0.1230E-14      5
 1086   22     0    -128      0    128  0.10010247E+01  0.00000000E+00 0.5243E-14      5
 1087   22     0    -127      0    127  0.10090071E+01  0.00000000E+00 0.7627E-13      6
 1088   22     0    -126      0    126  0.10160615E+01  0.00000000E+00 0.3049E-12      5
 1089   22     0    -125      0    125  0.10235775E+01  0.00000000E+00 0.3706E-12      5
 1090   22     0    -124      0    124  0.10321709E+01  0.00000000E+00 0.6883E-13      5
 1091   22     0    -123      0    123  0.10406288E+01  0.00000000E+00 0.3651E-12      6
 1092   22     0    -122      0    122  0.10480617E+01  0.00000000E+00 0.2678E-12      5
 1093   22     0    -121      0    121  0.10560631E+01  0.00000000E+00 0.1760E-12      5
 1094   22     0    -120      0    120  0.10652352E+01  0.00000000E+00 0.1446E-12      5
 1095   22     0    -119      0    119  0.10742559E+01  0.00000000E+00 0.3527E-13      6
 1096   22     0    -118      0    118  0.10821404E+01  0.00000000E+00 0.1240E-12      5
 1097   22     0    -117      0    117  0.10906217E+01  0.00000000E+00 0.2517E-12      6
 1098   22     0    -116      0    116  0.11003945E+01  0.00000000E+00 0.1788E-12      6
 1099   22     0    -115      0    115  0.11100225E+01  0.00000000E+00 0.1621E-13      6
 1100   22     0    -114      0    114  0.11183955E+01  0.00000000E+00 0.2686E-12      5
 1101   22     0    -113      0    113  0.11273895E+01  0.00000000E+00 0.8913E-14      6
 1102   22     0    -112      0    112  0.11378104E+01  0.00000000E+00 0.2627E-13      6
 1103   22     0    -111      0    111  0.11481080E+01  0.00000000E+00 0.1317E-13      6
 1104   22     0    -110      0    110  0.11570084E+01  0.00000000E+00 0.2458E-12      5
 1105   22     0    -109      0    109  0.11665108E+01  0.00000000E+00 0.1167E-12      6
 1106   22     0    -108      0    108  0.11776176E+01  0.00000000E+00 0.3298E-13      6
 1107   22     0    -107      0    107  0.11886881E+01  0.00000000E+00 0.1909E-13      6
 1108   22     0    -106      0    106  0.11982472E+01  0.00000000E+00 0.1415E-12      5
 1109   22     0    -105      0    105  0.12082454E+01  0.00000000E+00 0.2245E-13      6
 1110   22     0    -104      0    104  0.12200610E+01  0.00000000E+00 0.1428E-12      6
 1111   22     0    -103      0    103  0.12320244E+01  0.00000000E+00 0.1730E-12      5
 1112   22     0    -102      0    102  0.12423845E+01  0.00000000E+00 0.1855E-12      6
 1113   22     0    -101      0    101  0.12528353E+01  0.00000000E+00 0.1833E-12      6
 1114   22     0    -100      0    100  0.12653883E+01  0.00000000E+00 0.4320E-12      5
 1115   22     0     -99      0     99  0.12783811E+01  0.00000000E+00 0.1091E-12      6
 1116   22     0     -98      0     98  0.12897591E+01  0.00000000E+00 0.8985E-15      5
 1117   22     0     -97      0     97  0.13007408E+01  0.00000000E+00 0.4903E-13      6
 1118   22     0     -96      0     96  0.13141251E+01  0.00000000E+00 0.4749E-13      5
 1119   22     0     -95      0     95  0.13282955E+01  0.00000000E+00 0.5813E-13      6
 1120   22     0     -94      0     94  0.13408715E+01  0.00000000E+00 0.1093E-12      6
 1121   22     0     -93      0     93  0.13525581E+01  0.00000000E+00 0.1530E-12      6
 1122   22     0     -92      0     92  0.13668959E+01  0.00000000E+00 0.5538E-12      5
 1123   22     0     -91      0     91  0.13823568E+01  0.00000000E+00 0.5574E-13      6
 1124   22     0     -90      0     90  0.13962536E+01  0.00000000E+00 0.4054E-13      6
 1125   22     0     -89      0     89  0.14087604E+01  0.00000000E+00 0.9712E-13      6
 1126   22     0     -88      0     88  0.14241303E+01  0.00000000E+00 0.2871E-12      5
 1127   22     0     -87      0     87  0.14410163E+01  0.00000000E+00 0.7499E-13      6
 1128   22     0     -86      0     86  0.14564429E+01  0.00000000E+00 0.1500E-12      6
 1129   22     0     -85      0     85  0.14699067E+01  0.00000000E+00 0.1101E-12      6
 1130   22     0     -84      0     84  0.14863890E+01  0.00000000E+00 0.1869E-12      6
 1131   22     0     -83      0     83  0.15048671E+01  0.00000000E+00 0.1041E-12      5
 1132   22     0     -82      0     82  0.15219740E+01  0.00000000E+00 0.1436E-12      6
 1133   22     0     -81      0     81  0.15364789E+01  0.00000000E+00 0.3451E-12      6
 1134   22     0     -80      0     80  0.15542293E+01  0.00000000E+00 0.2006E-12      6
 1135   22     0     -79      0     79  0.15744946E+01  0.00000000E+00 0.4161E-13      6
 1136   22     0     -78      0     78  0.15933882E+01  0.00000000E+00 0.4055E-13      6
 1137   22     0     -77      0     77  0.16091111E+01  0.00000000E+00 0.9381E-13      6
 1138   22     0     -76      0     76  0.16283888E+01  0.00000000E+00 0.1881E-12      6
 1139   22     0     -75      0     75  0.16506118E+01  0.00000000E+00 0.1228E-12      6
 1140   22     0     -74      0     74  0.16713996E+01  0.00000000E+00 0.1198E-12      6
 1141   22     0     -73      0     73  0.16884408E+01  0.00000000E+00 0.3896E-14      6
 1142   22     0     -72      0     72  0.17093257E+01  0.00000000E+00 0.5068E-13      6
  Time elapsed :      9.343 s

Mode Search
-----------

Mode parameters
   l : 23
   m : 0

Building frequency grid (REAL axis)
   added scan interval :  0.5234E+00 ->  0.2094E+01 (3000 points, INVERSE)

Building spatial grid
   Scaffold grid from model
   Split 286 subinterval(s) in iteration 1
   Split 73 subinterval(s) in iteration 2
   Split 0 subinterval(s) in iteration 3
   Final grid has 1 segment(s) and 7496 point(s):
      Segment 1 : x range 0.0000 -> 1.0012 (1 -> 7496)

Starting search (adiabatic)

Scanning frequencies
  Time elapsed :     0.823 s

Finding roots
  Time elapsed :      0.243 s

Processing modes
   id    l     m    n_pg    n_p    n_g       Re(omega)       Im(omega)        chi n_iter
 1188   23     0    -228      0    228  0.59365616E+00  0.00000000E+00 0.9301E-13      6
 1189   23     0    -227      0    227  0.59633176E+00  0.00000000E+00 0.6270E-13      6
 1190   23     0    -226      0    226  0.59901808E+00  0.00000000E+00 0.1559E-12      6
 1191   23     0    -225      0    225  0.60156342E+00  0.00000000E+00 0.4937E-12      6
 1192   23     0    -224      0    224  0.60415259E+00  0.00000000E+00 0.3513E-12      6
 1193   23     0    -223      0    223  0.60692414E+00  0.00000000E+00 0.6532E-13      6
 1194   23     0    -222      0    222  0.60969176E+00  0.00000000E+00 0.1648E-12      6
 1195   23     0    -221      0    221  0.61231675E+00  0.00000000E+00 0.1068E-12      6
 1196   23     0    -220      0    220  0.61501065E+00  0.00000000E+00 0.1043E-12      6
 1197   23     0    -219      0    219  0.61788875E+00  0.00000000E+00 0.5132E-12      6
 1198   23     0    -218      0    218  0.62074274E+00  0.00000000E+00 0.4390E-12      6
 1199   23     0    -217      0    217  0.62345605E+00  0.00000000E+00 0.1142E-13      6
 1200   23     0    -216      0    216  0.62627625E+00  0.00000000E+00 0.3803E-12      5
 1201   23     0    -215      0    215  0.62928588E+00  0.00000000E+00 0.3035E-12      5
 1202   23     0    -214      0    214  0.63223602E+00  0.00000000E+00 0.5823E-13      6
 1203   23     0    -213      0    213  0.63500039E+00  0.00000000E+00 0.1495E-12      5
 1204   23     0    -212      0    212  0.63790736E+00  0.00000000E+00 0.2073E-12      5
 1205   23     0    -211      0    211  0.64104973E+00  0.00000000E+00 0.2261E-12      5
 1206   23     0    -210      0    210  0.64414922E+00  0.00000000E+00 0.2002E-13      6
 1207   23     0    -209      0    209  0.64704969E+00  0.00000000E+00 0.6383E-13      6
 1208   23     0    -208      0    208  0.65004514E+00  0.00000000E+00 0.5063E-13      6
 1209   23     0    -207      0    207  0.65326041E+00  0.00000000E+00 0.1523E-12      5
 1210   23     0    -206      0    206  0.65643829E+00  0.00000000E+00 0.8387E-13      6
 1211   23     0    -205      0    205  0.65947381E+00  0.00000000E+00 0.1994E-12      6
 1212   23     0    -204      0    204  0.66264020E+00  0.00000000E+00 0.2096E-12      6
 1213   23     0    -203      0    203  0.66598433E+00  0.00000000E+00 0.2951E-12      6
 1214   23     0    -202      0    202  0.66924590E+00  0.00000000E+00 0.2964E-12      6
 1215   23     0    -201      0    201  0.67238255E+00  0.00000000E+00 0.2005E-12      5
 1216   23     0    -200      0    200  0.67570788E+00  0.00000000E+00 0.5804E-12      6
 1217   23     0    -199      0    199  0.67920208E+00  0.00000000E+00 0.1467E-12      6
 1218   23     0    -198      0    198  0.68256342E+00  0.00000000E+00 0.4447E-12      6
 1219   23     0    -197      0    197  0.68580067E+00  0.00000000E+00 0.1487E-12      5
 1220   23     0    -196      0    196  0.68929141E+00  0.00000000E+00 0.1231E-12      6
 1221   23     0    -195      0    195  0.69295568E+00  0.00000000E+00 0.3160E-12      6
 1222   23     0    -194      0    194  0.69642980E+00  0.00000000E+00 0.2715E-12      6
 1223   23     0    -193      0    193  0.69975488E+00  0.00000000E+00 0.1486E-12      5
 1224   23     0    -192      0    192  0.70340393E+00  0.00000000E+00 0.4408E-12      6
 1225   23     0    -191      0    191  0.70725464E+00  0.00000000E+00 0.5961E-13      6
 1226   23     0    -190      0    190  0.71087988E+00  0.00000000E+00 0.7827E-13      6
 1227   23     0    -189      0    189  0.71429984E+00  0.00000000E+00 0.1984E-12      5
 1228   23     0    -188      0    188  0.71808286E+00  0.00000000E+00 0.1978E-12      6
 1229   23     0    -187      0    187  0.72211383E+00  0.00000000E+00 0.2453E-12      6
 1230   23     0    -186      0    186  0.72593504E+00  0.00000000E+00 0.1602E-12      6
 1231   23     0    -185      0    185  0.72950660E+00  0.00000000E+00 0.5192E-13      5
 1232   23     0    -184      0    184  0.73341085E+00  0.00000000E+00 0.2313E-12      5
 1233   23     0    -183      0    183  0.73758328E+00  0.00000000E+00 0.3577E-13      6
 1234   23     0    -182      0    182  0.74156032E+00  0.00000000E+00 0.3895E-12      6
 1235   23     0    -181      0    181  0.74531496E+00  0.00000000E+00 0.2491E-12      5
 1236   23     0    -180      0    180  0.74940609E+00  0.00000000E+00 0.1030E-12      5
 1237   23     0    -179      0    179  0.75375382E+00  0.00000000E+00 0.1563E-12      6
 1238   23     0    -178      0    178  0.75789316E+00  0.00000000E+00 0.2186E-12      6
 1239   23     0    -177      0    177  0.76181825E+00  0.00000000E+00 0.3891E-12      6
 1240   23     0    -176      0    176  0.76609161E+00  0.00000000E+00 0.5399E-13      6
 1241   23     0    -175      0    175  0.77060751E+00  0.00000000E+00 0.2202E-12      6
 1242   23     0    -174      0    174  0.77490231E+00  0.00000000E+00 0.7796E-13      6
 1243   23     0    -173      0    173  0.77903617E+00  0.00000000E+00 0.2535E-12      6
 1244   23     0    -172      0    172  0.78354521E+00  0.00000000E+00 0.2307E-12      6
 1245   23     0    -171      0    171  0.78826474E+00  0.00000000E+00 0.3669E-12      6
 1246   23     0    -170      0    170  0.79271479E+00  0.00000000E+00 0.2924E-12      6
 1247   23     0    -169      0    169  0.79701754E+00  0.00000000E+00 0.5884E-13      5
 1248   23     0    -168      0    168  0.80175483E+00  0.00000000E+00 0.3677E-12      6
 1249   23     0    -167      0    167  0.80670215E+00  0.00000000E+00 0.8080E-13      6
 1250   23     0    -166      0    166  0.81134567E+00  0.00000000E+00 0.3188E-12      6
 1251   23     0    -165      0    165  0.81586017E+00  0.00000000E+00 0.1011E-11      5
 1252   23     0    -164      0    164  0.82085695E+00  0.00000000E+00 0.1781E-12      6
 1253   23     0    -163      0    163  0.82604949E+00  0.00000000E+00 0.4564E-13      6
 1254   23     0    -162      0    162  0.83086193E+00  0.00000000E+00 0.1015E-12      6
 1255   23     0    -161      0    161  0.83556146E+00  0.00000000E+00 0.2744E-12      5
 1256   23     0    -160      0    160  0.84084203E+00  0.00000000E+00 0.3512E-12      6
 1257   23     0    -159      0    159  0.84632354E+00  0.00000000E+00 0.2072E-12      6
 1258   23     0    -158      0    158  0.85136640E+00  0.00000000E+00 0.1834E-12      6
 1259   23     0    -157      0    157  0.85628594E+00  0.00000000E+00 0.7247E-12      5
 1260   23     0    -156      0    156  0.86184793E+00  0.00000000E+00 0.4238E-12      6
 1261   23     0    -155      0    155  0.86761291E+00  0.00000000E+00 0.4783E-12      6
 1262   23     0    -154      0    154  0.87287314E+00  0.00000000E+00 0.2650E-12      5
 1263   23     0    -153      0    153  0.87801970E+00  0.00000000E+00 0.9596E-13      5
 1264   23     0    -152      0    152  0.88389914E+00  0.00000000E+00 0.5649E-13      5
 1265   23     0    -151      0    151  0.89000278E+00  0.00000000E+00 0.2536E-12      6
 1266   23     0    -150      0    150  0.89554825E+00  0.00000000E+00 0.2430E-12      6
 1267   23     0    -149      0    149  0.90092326E+00  0.00000000E+00 0.3170E-12      6
 1268   23     0    -148      0    148  0.90709527E+00  0.00000000E+00 0.4585E-12      6
 1269   23     0    -147      0    147  0.91351428E+00  0.00000000E+00 0.1767E-13      6
 1270   23     0    -146      0    146  0.91934323E+00  0.00000000E+00 0.7348E-13      6
 1271   23     0    -145      0    145  0.92503162E+00  0.00000000E+00 0.1322E-13      5
 1272   23     0    -144      0    144  0.93155900E+00  0.00000000E+00 0.5426E-12      5
 1273   23     0    -143      0    143  0.93831227E+00  0.00000000E+00 0.1194E-12      6
 1274   23     0    -142      0    142  0.94442508E+00  0.00000000E+00 0.6598E-13      6
 1275   23     0    -141      0    141  0.95045055E+00  0.00000000E+00 0.1140E-12      6
 1276   23     0    -140      0    140  0.95736025E+00  0.00000000E+00 0.6521E-13      6
 1277   23     0    -139      0    139  0.96445501E+00  0.00000000E+00 0.7439E-13      6
 1278   23     0    -138      0    138  0.97085704E+00  0.00000000E+00 0.9710E-13      5
 1279   23     0    -137      0    137  0.97727628E+00  0.00000000E+00 0.3659E-13      5
 1280   23     0    -136      0    136  0.98463514E+00  0.00000000E+00 0.3591E-13      6
 1281   23     0    -135      0    135  0.99212963E+00  0.00000000E+00 0.6044E-13      6
 1282   23     0    -134      0    134  0.99882252E+00  0.00000000E+00 0.1800E-12      6
 1283   23     0    -133      0    133  0.10056039E+01  0.00000000E+00 0.2182E-12      6
 1284   23     0    -132      0    132  0.10134392E+01  0.00000000E+00 0.2356E-12      6
 1285   23     0    -131      0    131  0.10213929E+01  0.00000000E+00 0.1697E-12      6
 1286   23     0    -130      0    130  0.10284585E+01  0.00000000E+00 0.3275E-12      6
 1287   23     0    -129      0    129  0.10356443E+01  0.00000000E+00 0.1885E-12      5
 1288   23     0    -128      0    128  0.10439586E+01  0.00000000E+00 0.1545E-12      5
 1289   23     0    -127      0    127  0.10523512E+01  0.00000000E+00 0.1614E-12      6
 1290   23     0    -126      0    126  0.10597852E+01  0.00000000E+00 0.2572E-13      5
 1291   23     0    -125      0    125  0.10674664E+01  0.00000000E+00 0.2931E-13      5
 1292   23     0    -124      0    124  0.10763414E+01  0.00000000E+00 0.3114E-12      6
 1293   23     0    -123      0    123  0.10852452E+01  0.00000000E+00 0.3708E-12      6
 1294   23     0    -122      0    122  0.10930817E+01  0.00000000E+00 0.2014E-12      5
 1295   23     0    -121      0    121  0.11012400E+01  0.00000000E+00 0.1866E-12      6
 1296   23     0    -120      0    120  0.11107067E+01  0.00000000E+00 0.1680E-12      6
 1297   23     0    -119      0    119  0.11202080E+01  0.00000000E+00 0.2224E-12      6
 1298   23     0    -118      0    118  0.11285335E+01  0.00000000E+00 0.4635E-13      6
 1299   23     0    -117      0    117  0.11371610E+01  0.00000000E+00 0.8615E-13      6
 1300   23     0    -116      0    116  0.11472335E+01  0.00000000E+00 0.3333E-12      6
 1301   23     0    -115      0    115  0.11573777E+01  0.00000000E+00 0.5754E-13      6
 1302   23     0    -114      0    114  0.11662356E+01  0.00000000E+00 0.1309E-12      6
 1303   23     0    -113      0    113  0.11753612E+01  0.00000000E+00 0.2404E-12      5
 1304   23     0    -112      0    112  0.11860835E+01  0.00000000E+00 0.1216E-12      6
 1305   23     0    -111      0    111  0.11969345E+01  0.00000000E+00 0.1065E-12      6
 1306   23     0    -110      0    110  0.12063784E+01  0.00000000E+00 0.6332E-13      5
 1307   23     0    -109      0    109  0.12159966E+01  0.00000000E+00 0.1118E-12      6
 1308   23     0    -108      0    108  0.12273988E+01  0.00000000E+00 0.1805E-12      6
 1309   23     0    -107      0    107  0.12390513E+01  0.00000000E+00 0.6678E-13      6
 1310   23     0    -106      0    106  0.12492319E+01  0.00000000E+00 0.9141E-13      6
 1311   23     0    -105      0    105  0.12593391E+01  0.00000000E+00 0.1355E-13      6
 1312   23     0    -104      0    104  0.12714217E+01  0.00000000E+00 0.2002E-12      6
 1313   23     0    -103      0    103  0.12839785E+01  0.00000000E+00 0.1818E-12      6
 1314   23     0    -102      0    102  0.12950632E+01  0.00000000E+00 0.1473E-13      6
 1315   23     0    -101      0    101  0.13056338E+01  0.00000000E+00 0.6000E-13      6
 1316   23     0    -100      0    100  0.13183999E+01  0.00000000E+00 0.3636E-12      5
 1317   23     0     -99      0     99  0.13319899E+01  0.00000000E+00 0.1031E-12      6
 1318   23     0     -98      0     98  0.13442129E+01  0.00000000E+00 0.6935E-13      6
 1319   23     0     -97      0     97  0.13553711E+01  0.00000000E+00 0.5993E-13      6
 1320   23     0     -96      0     96  0.13689024E+01  0.00000000E+00 0.1622E-14      6
 1321   23     0     -95      0     95  0.13836740E+01  0.00000000E+00 0.3931E-13      6
 1322   23     0     -94      0     94  0.13972050E+01  0.00000000E+00 0.1632E-12      6
 1323   23     0     -93      0     93  0.14091511E+01  0.00000000E+00 0.5166E-13      6
 1324   23     0     -92      0     92  0.14235603E+01  0.00000000E+00 0.6103E-13      6
 1325   23     0     -91      0     91  0.14396182E+01  0.00000000E+00 0.8559E-13      6
 1326   23     0     -90      0     90  0.14545677E+01  0.00000000E+00 0.1653E-13      6
 1327   23     0     -89      0     89  0.14674400E+01  0.00000000E+00 0.2405E-12      6
 1328   23     0     -88      0     88  0.14827973E+01  0.00000000E+00 0.6634E-13      6
 1329   23     0     -87      0     87  0.15002695E+01  0.00000000E+00 0.2110E-13      6
 1330   23     0     -86      0     86  0.15168397E+01  0.00000000E+00 0.9024E-13      6
 1331   23     0     -85      0     85  0.15308199E+01  0.00000000E+00 0.2175E-12      6
 1332   23     0     -84      0     84  0.15471860E+01  0.00000000E+00 0.2732E-13      5
 1333   23     0     -83      0     83  0.15662265E+01  0.00000000E+00 0.2871E-13      6
 1334   23     0     -82      0     82  0.15845718E+01  0.00000000E+00 0.5341E-13      6
 1335   23     0     -81      0     81  0.15997579E+01  0.00000000E+00 0.5350E-13      6
 1336   23     0     -80      0     80  0.16172774E+01  0.00000000E+00 0.9292E-13      6
 1337   23     0     -79      0     79  0.16380933E+01  0.00000000E+00 0.2357E-13      6
 1338   23     0     -78      0     78  0.16583269E+01  0.00000000E+00 0.1254E-12      6
 1339   23     0     -77      0     77  0.16748556E+01  0.00000000E+00 0.2515E-14      5
 1340   23     0     -76      0     76  0.16937726E+01  0.00000000E+00 0.9415E-13      6
 1341   23     0     -75      0     75  0.17165156E+01  0.00000000E+00 0.1614E-12      6
  Time elapsed :      9.663 s

Mode Search
-----------

Mode parameters
   l : 24
   m : 0

Building frequency grid (REAL axis)
   added scan interval :  0.5234E+00 ->  0.2094E+01 (3000 points, INVERSE)

Building spatial grid
   Scaffold grid from model
   Split 287 subinterval(s) in iteration 1
   Split 100 subinterval(s) in iteration 2
   Split 0 subinterval(s) in iteration 3
   Final grid has 1 segment(s) and 7524 point(s):
      Segment 1 : x range 0.0000 -> 1.0012 (1 -> 7524)

Starting search (adiabatic)

Scanning frequencies
  Time elapsed :     0.805 s

Finding roots
  Time elapsed :      0.255 s

Processing modes
   id    l     m    n_pg    n_p    n_g       Re(omega)       Im(omega)        chi n_iter
 1388   24     0    -238      0    238  0.59304247E+00  0.00000000E+00 0.3438E-12      6
 1389   24     0    -237      0    237  0.59550224E+00  0.00000000E+00 0.8467E-13      6
 1390   24     0    -236      0    236  0.59793105E+00  0.00000000E+00 0.2572E-13      6
 1391   24     0    -235      0    235  0.60048256E+00  0.00000000E+00 0.1820E-12      6
 1392   24     0    -234      0    234  0.60307265E+00  0.00000000E+00 0.3781E-12      6
 1393   24     0    -233      0    233  0.60556713E+00  0.00000000E+00 0.3064E-12      6
 1394   24     0    -232      0    232  0.60809278E+00  0.00000000E+00 0.1452E-12      5
 1395   24     0    -231      0    231  0.61078252E+00  0.00000000E+00 0.1222E-12      6
 1396   24     0    -230      0    230  0.61348860E+00  0.00000000E+00 0.8245E-13      6
 1397   24     0    -229      0    229  0.61604802E+00  0.00000000E+00 0.6621E-12      6
 1398   24     0    -228      0    228  0.61862922E+00  0.00000000E+00 0.2081E-12      6
 1399   24     0    -227      0    227  0.62140769E+00  0.00000000E+00 0.1746E-12      6
 1400   24     0    -226      0    226  0.62421227E+00  0.00000000E+00 0.2677E-13      6
 1401   24     0    -225      0    225  0.62687053E+00  0.00000000E+00 0.2519E-12      6
 1402   24     0    -224      0    224  0.62955601E+00  0.00000000E+00 0.3811E-12      6
 1403   24     0    -223      0    223  0.63243458E+00  0.00000000E+00 0.1637E-12      6
 1404   24     0    -222      0    222  0.63532477E+00  0.00000000E+00 0.4810E-13      6
 1405   24     0    -221      0    221  0.63806506E+00  0.00000000E+00 0.2094E-12      6
 1406   24     0    -220      0    220  0.64085807E+00  0.00000000E+00 0.1293E-12      5
 1407   24     0    -219      0    219  0.64384839E+00  0.00000000E+00 0.2817E-12      6
 1408   24     0    -218      0    218  0.64683026E+00  0.00000000E+00 0.1247E-12      6
 1409   24     0    -217      0    217  0.64966109E+00  0.00000000E+00 0.7215E-13      6
 1410   24     0    -216      0    216  0.65258299E+00  0.00000000E+00 0.2055E-12      6
 1411   24     0    -215      0    215  0.65571037E+00  0.00000000E+00 0.1825E-12      5
 1412   24     0    -214      0    214  0.65879509E+00  0.00000000E+00 0.1194E-12      6
 1413   24     0    -213      0    213  0.66167992E+00  0.00000000E+00 0.8232E-13      6
 1414   24     0    -212      0    212  0.66468852E+00  0.00000000E+00 0.5518E-12      5
 1415   24     0    -211      0    211  0.66795294E+00  0.00000000E+00 0.3602E-12      6
 1416   24     0    -210      0    210  0.67119316E+00  0.00000000E+00 0.1252E-12      6
 1417   24     0    -209      0    209  0.67422155E+00  0.00000000E+00 0.3716E-12      6
 1418   24     0    -208      0    208  0.67732317E+00  0.00000000E+00 0.2083E-12      5
 1419   24     0    -207      0    207  0.68066347E+00  0.00000000E+00 0.1917E-12      5
 1420   24     0    -206      0    206  0.68398476E+00  0.00000000E+00 0.3272E-12      6
 1421   24     0    -205      0    205  0.68714959E+00  0.00000000E+00 0.2579E-12      5
 1422   24     0    -204      0    204  0.69042954E+00  0.00000000E+00 0.1240E-12      6
 1423   24     0    -203      0    203  0.69390697E+00  0.00000000E+00 0.1524E-12      6
 1424   24     0    -202      0    202  0.69731743E+00  0.00000000E+00 0.1036E-12      6
 1425   24     0    -201      0    201  0.70058329E+00  0.00000000E+00 0.2045E-12      6
 1426   24     0    -200      0    200  0.70402596E+00  0.00000000E+00 0.1282E-13      5
 1427   24     0    -199      0    199  0.70766213E+00  0.00000000E+00 0.3501E-12      6
 1428   24     0    -198      0    198  0.71118029E+00  0.00000000E+00 0.2698E-12      6
 1429   24     0    -197      0    197  0.71454692E+00  0.00000000E+00 0.7283E-13      6
 1430   24     0    -196      0    196  0.71815754E+00  0.00000000E+00 0.2485E-12      6
 1431   24     0    -195      0    195  0.72197240E+00  0.00000000E+00 0.2660E-12      6
 1432   24     0    -194      0    194  0.72561339E+00  0.00000000E+00 0.1539E-12      6
 1433   24     0    -193      0    193  0.72906849E+00  0.00000000E+00 0.5351E-12      5
 1434   24     0    -192      0    192  0.73283827E+00  0.00000000E+00 0.7701E-12      5
 1435   24     0    -191      0    191  0.73684717E+00  0.00000000E+00 0.2795E-14      6
 1436   24     0    -190      0    190  0.74065075E+00  0.00000000E+00 0.1362E-13      5
 1437   24     0    -189      0    189  0.74420549E+00  0.00000000E+00 0.2997E-12      6
 1438   24     0    -188      0    188  0.74810914E+00  0.00000000E+00 0.2689E-12      6
 1439   24     0    -187      0    187  0.75230348E+00  0.00000000E+00 0.2693E-12      6
 1440   24     0    -186      0    186  0.75631230E+00  0.00000000E+00 0.5576E-12      6
 1441   24     0    -185      0    185  0.76002895E+00  0.00000000E+00 0.1827E-12      5
 1442   24     0    -184      0    184  0.76405632E+00  0.00000000E+00 0.5978E-12      6
 1443   24     0    -183      0    183  0.76839637E+00  0.00000000E+00 0.3500E-12      5
 1444   24     0    -182      0    182  0.77256720E+00  0.00000000E+00 0.3138E-13      6
 1445   24     0    -181      0    181  0.77647277E+00  0.00000000E+00 0.1416E-12      6
 1446   24     0    -180      0    180  0.78069397E+00  0.00000000E+00 0.2297E-12      5
 1447   24     0    -179      0    179  0.78521682E+00  0.00000000E+00 0.3266E-12      6
 1448   24     0    -178      0    178  0.78955737E+00  0.00000000E+00 0.1669E-12      5
 1449   24     0    -177      0    177  0.79363796E+00  0.00000000E+00 0.2731E-12      6
 1450   24     0    -176      0    176  0.79804761E+00  0.00000000E+00 0.1231E-12      6
 1451   24     0    -175      0    175  0.80274742E+00  0.00000000E+00 0.2112E-12      6
 1452   24     0    -174      0    174  0.80725001E+00  0.00000000E+00 0.5317E-13      6
 1453   24     0    -173      0    173  0.81154181E+00  0.00000000E+00 0.1593E-12      5
 1454   24     0    -172      0    172  0.81619573E+00  0.00000000E+00 0.8124E-13      6
 1455   24     0    -171      0    171  0.82111011E+00  0.00000000E+00 0.2320E-12      6
 1456   24     0    -170      0    170  0.82577771E+00  0.00000000E+00 0.2352E-12      6
 1457   24     0    -169      0    169  0.83023926E+00  0.00000000E+00 0.1485E-12      5
 1458   24     0    -168      0    168  0.83512679E+00  0.00000000E+00 0.1655E-12      6
 1459   24     0    -167      0    167  0.84028091E+00  0.00000000E+00 0.3322E-12      5
 1460   24     0    -166      0    166  0.84515368E+00  0.00000000E+00 0.1235E-12      6
 1461   24     0    -165      0    165  0.84982968E+00  0.00000000E+00 0.5152E-13      5
 1462   24     0    -164      0    164  0.85498298E+00  0.00000000E+00 0.5013E-12      5
 1463   24     0    -163      0    163  0.86039569E+00  0.00000000E+00 0.4459E-13      6
 1464   24     0    -162      0    162  0.86545132E+00  0.00000000E+00 0.3149E-12      6
 1465   24     0    -161      0    161  0.87031047E+00  0.00000000E+00 0.1173E-12      5
 1466   24     0    -160      0    160  0.87575308E+00  0.00000000E+00 0.8272E-13      5
 1467   24     0    -159      0    159  0.88146971E+00  0.00000000E+00 0.1697E-12      6
 1468   24     0    -158      0    158  0.88677200E+00  0.00000000E+00 0.9206E-13      6
 1469   24     0    -157      0    157  0.89185379E+00  0.00000000E+00 0.1932E-13      5
 1470   24     0    -156      0    156  0.89758271E+00  0.00000000E+00 0.6176E-13      5
 1471   24     0    -155      0    155  0.90359661E+00  0.00000000E+00 0.1881E-13      6
 1472   24     0    -154      0    154  0.90913238E+00  0.00000000E+00 0.2424E-12      6
 1473   24     0    -153      0    153  0.91444142E+00  0.00000000E+00 0.1588E-12      5
 1474   24     0    -152      0    152  0.92049292E+00  0.00000000E+00 0.1868E-12      5
 1475   24     0    -151      0    151  0.92685962E+00  0.00000000E+00 0.1904E-13      6
 1476   24     0    -150      0    150  0.93270104E+00  0.00000000E+00 0.9607E-13      6
 1477   24     0    -149      0    149  0.93824418E+00  0.00000000E+00 0.2229E-12      5
 1478   24     0    -148      0    148  0.94459138E+00  0.00000000E+00 0.3608E-12      5
 1479   24     0    -147      0    147  0.95128815E+00  0.00000000E+00 0.1890E-12      6
 1480   24     0    -146      0    146  0.95742910E+00  0.00000000E+00 0.4781E-14      6
 1481   24     0    -145      0    145  0.96329040E+00  0.00000000E+00 0.3306E-12      5
 1482   24     0    -144      0    144  0.97000306E+00  0.00000000E+00 0.1786E-12      6
 1483   24     0    -143      0    143  0.97705217E+00  0.00000000E+00 0.2781E-13      6
 1484   24     0    -142      0    142  0.98349214E+00  0.00000000E+00 0.1932E-12      6
 1485   24     0    -141      0    141  0.98969276E+00  0.00000000E+00 0.7080E-13      5
 1486   24     0    -140      0    140  0.99680044E+00  0.00000000E+00 0.1100E-12      6
 1487   24     0    -139      0    139  0.10042126E+01  0.00000000E+00 0.2365E-13      6
 1488   24     0    -138      0    138  0.10109559E+01  0.00000000E+00 0.1744E-12      6
 1489   24     0    -137      0    137  0.10175491E+01  0.00000000E+00 0.2684E-12      5
 1490   24     0    -136      0    136  0.10251196E+01  0.00000000E+00 0.1785E-12      5
 1491   24     0    -135      0    135  0.10329563E+01  0.00000000E+00 0.3052E-12      6
 1492   24     0    -134      0    134  0.10400127E+01  0.00000000E+00 0.4234E-12      6
 1493   24     0    -133      0    133  0.10469608E+01  0.00000000E+00 0.3246E-13      6
 1494   24     0    -132      0    132  0.10550178E+01  0.00000000E+00 0.1560E-12      5
 1495   24     0    -131      0    131  0.10633407E+01  0.00000000E+00 0.3962E-12      6
 1496   24     0    -130      0    130  0.10707970E+01  0.00000000E+00 0.2939E-12      6
 1497   24     0    -129      0    129  0.10781470E+01  0.00000000E+00 0.2337E-12      6
 1498   24     0    -128      0    128  0.10866929E+01  0.00000000E+00 0.5666E-13      6
 1499   24     0    -127      0    127  0.10954853E+01  0.00000000E+00 0.1623E-12      6
 1500   24     0    -126      0    126  0.11033315E+01  0.00000000E+00 0.8564E-13      6
 1501   24     0    -125      0    125  0.11111713E+01  0.00000000E+00 0.2235E-12      6
 1502   24     0    -124      0    124  0.11202934E+01  0.00000000E+00 0.9354E-13      6
 1503   24     0    -123      0    123  0.11296307E+01  0.00000000E+00 0.1161E-13      5
 1504   24     0    -122      0    122  0.11379108E+01  0.00000000E+00 0.9772E-13      6
 1505   24     0    -121      0    121  0.11462172E+01  0.00000000E+00 0.1855E-13      6
 1506   24     0    -120      0    120  0.11559380E+01  0.00000000E+00 0.2648E-12      6
 1507   24     0    -119      0    119  0.11659037E+01  0.00000000E+00 0.1589E-12      6
 1508   24     0    -118      0    118  0.11747178E+01  0.00000000E+00 0.2095E-12      6
 1509   24     0    -117      0    117  0.11834844E+01  0.00000000E+00 0.7221E-13      6
 1510   24     0    -116      0    116  0.11938073E+01  0.00000000E+00 0.5641E-13      6
 1511   24     0    -115      0    115  0.12044455E+01  0.00000000E+00 0.2182E-13      6
 1512   24     0    -114      0    114  0.12138449E+01  0.00000000E+00 0.2263E-12      6
 1513   24     0    -113      0    113  0.12230992E+01  0.00000000E+00 0.2317E-12      6
 1514   24     0    -112      0    112  0.12340637E+01  0.00000000E+00 0.2976E-13      6
 1515   24     0    -111      0    111  0.12454381E+01  0.00000000E+00 0.2559E-12      6
 1516   24     0    -110      0    110  0.12554909E+01  0.00000000E+00 0.1240E-12      6
 1517   24     0    -109      0    109  0.12652310E+01  0.00000000E+00 0.5969E-13      6
 1518   24     0    -108      0    108  0.12768568E+01  0.00000000E+00 0.4376E-13      6
 1519   24     0    -107      0    107  0.12890507E+01  0.00000000E+00 0.1486E-12      6
 1520   24     0    -106      0    106  0.12999195E+01  0.00000000E+00 0.9584E-13      6
 1521   24     0    -105      0    105  0.13101634E+01  0.00000000E+00 0.1283E-13      6
 1522   24     0    -104      0    104  0.13224249E+01  0.00000000E+00 0.2104E-12      5
 1523   24     0    -103      0    103  0.13355197E+01  0.00000000E+00 0.2288E-12      6
 1524   24     0    -102      0    102  0.13473858E+01  0.00000000E+00 0.1902E-12      6
 1525   24     0    -101      0    101  0.13581457E+01  0.00000000E+00 0.4116E-13      6
 1526   24     0    -100      0    100  0.13710182E+01  0.00000000E+00 0.6244E-13      5
 1527   24     0     -99      0     99  0.13851340E+01  0.00000000E+00 0.1504E-14      6
 1528   24     0     -98      0     98  0.13982363E+01  0.00000000E+00 0.1564E-12      6
 1529   24     0     -97      0     97  0.14096991E+01  0.00000000E+00 0.3692E-13      6
 1530   24     0     -96      0     96  0.14232523E+01  0.00000000E+00 0.9986E-13      6
 1531   24     0     -95      0     95  0.14385330E+01  0.00000000E+00 0.2227E-12      6
 1532   24     0     -94      0     94  0.14530233E+01  0.00000000E+00 0.1323E-12      6
 1533   24     0     -93      0     93  0.14654128E+01  0.00000000E+00 0.2680E-12      6
 1534   24     0     -92      0     92  0.14797557E+01  0.00000000E+00 0.1270E-12      6
 1535   24     0     -91      0     91  0.14962956E+01  0.00000000E+00 0.1416E-12      5
 1536   24     0     -90      0     90  0.15122701E+01  0.00000000E+00 0.1555E-12      6
 1537   24     0     -89      0     89  0.15257468E+01  0.00000000E+00 0.6664E-13      5
 1538   24     0     -88      0     88  0.15409502E+01  0.00000000E+00 0.9968E-13      6
 1539   24     0     -87      0     87  0.15588684E+01  0.00000000E+00 0.1092E-12      6
 1540   24     0     -86      0     86  0.15765151E+01  0.00000000E+00 0.7790E-13      6
 1541   24     0     -85      0     85  0.15913014E+01  0.00000000E+00 0.2082E-12      6
 1542   24     0     -84      0     84  0.16074188E+01  0.00000000E+00 0.7644E-13      6
 1543   24     0     -83      0     83  0.16268507E+01  0.00000000E+00 0.1694E-13      6
 1544   24     0     -82      0     82  0.16463276E+01  0.00000000E+00 0.1362E-12      6
 1545   24     0     -81      0     81  0.16625347E+01  0.00000000E+00 0.1702E-12      5
 1546   24     0     -80      0     80  0.16797007E+01  0.00000000E+00 0.4515E-13      6
 1547   24     0     -79      0     79  0.17008564E+01  0.00000000E+00 0.1379E-12      6
  Time elapsed :     10.456 s

Mode Search
-----------

Mode parameters
   l : 25
   m : 0

Building frequency grid (REAL axis)
   added scan interval :  0.5234E+00 ->  0.2094E+01 (3000 points, INVERSE)

Building spatial grid
   Scaffold grid from model
   Split 290 subinterval(s) in iteration 1
   Split 132 subinterval(s) in iteration 2
   Split 9 subinterval(s) in iteration 3
   Split 0 subinterval(s) in iteration 4
   Final grid has 1 segment(s) and 7568 point(s):
      Segment 1 : x range 0.0000 -> 1.0012 (1 -> 7568)

Starting search (adiabatic)

Scanning frequencies
  Time elapsed :     0.879 s

Finding roots
  Time elapsed :      0.270 s

Processing modes
   id    l     m    n_pg    n_p    n_g       Re(omega)       Im(omega)        chi n_iter
 1597   25     0    -248      0    248  0.59223528E+00  0.00000000E+00 0.3662E-12      5
 1598   25     0    -247      0    247  0.59465341E+00  0.00000000E+00 0.1259E-12      6
 1599   25     0    -246      0    246  0.59716271E+00  0.00000000E+00 0.9952E-13      5
 1600   25     0    -245      0    245  0.59955439E+00  0.00000000E+00 0.4068E-12      5
 1601   25     0    -244      0    244  0.60185768E+00  0.00000000E+00 0.2825E-12      6
 1602   25     0    -243      0    243  0.60432613E+00  0.00000000E+00 0.1807E-12      6
 1603   25     0    -242      0    242  0.60690529E+00  0.00000000E+00 0.7222E-13      6
 1604   25     0    -241      0    241  0.60938735E+00  0.00000000E+00 0.3127E-13      6
 1605   25     0    -240      0    240  0.61178658E+00  0.00000000E+00 0.1902E-12      6
 1606   25     0    -239      0    239  0.61432817E+00  0.00000000E+00 0.9661E-13      5
 1607   25     0    -238      0    238  0.61696994E+00  0.00000000E+00 0.6730E-13      6
 1608   25     0    -237      0    237  0.61953507E+00  0.00000000E+00 0.2582E-12      6
 1609   25     0    -236      0    236  0.62205618E+00  0.00000000E+00 0.1856E-12      6
 1610   25     0    -235      0    235  0.62470095E+00  0.00000000E+00 0.8243E-12      6
 1611   25     0    -234      0    234  0.62739764E+00  0.00000000E+00 0.2073E-12      6
 1612   25     0    -233      0    233  0.62999787E+00  0.00000000E+00 0.6030E-13      6
 1613   25     0    -232      0    232  0.63261544E+00  0.00000000E+00 0.7377E-12      6
 1614   25     0    -231      0    231  0.63540363E+00  0.00000000E+00 0.2768E-12      5
 1615   25     0    -230      0    230  0.63822314E+00  0.00000000E+00 0.3493E-12      6
 1616   25     0    -229      0    229  0.64089305E+00  0.00000000E+00 0.2055E-12      6
 1617   25     0    -228      0    228  0.64356616E+00  0.00000000E+00 0.2858E-12      6
 1618   25     0    -227      0    227  0.64644515E+00  0.00000000E+00 0.6761E-13      6
 1619   25     0    -226      0    226  0.64936771E+00  0.00000000E+00 0.1507E-12      6
 1620   25     0    -225      0    225  0.65214054E+00  0.00000000E+00 0.7707E-12      6
 1621   25     0    -224      0    224  0.65492135E+00  0.00000000E+00 0.1634E-12      6
 1622   25     0    -223      0    223  0.65790451E+00  0.00000000E+00 0.1591E-12      6
 1623   25     0    -222      0    222  0.66091708E+00  0.00000000E+00 0.2304E-13      6
 1624   25     0    -221      0    221  0.66377442E+00  0.00000000E+00 0.2408E-12      6
 1625   25     0    -220      0    220  0.66666524E+00  0.00000000E+00 0.4523E-12      6
 1626   25     0    -219      0    219  0.66976526E+00  0.00000000E+00 0.1483E-12      5
 1627   25     0    -218      0    218  0.67287501E+00  0.00000000E+00 0.5042E-12      6
 1628   25     0    -217      0    217  0.67582523E+00  0.00000000E+00 0.8041E-13      5
 1629   25     0    -216      0    216  0.67884708E+00  0.00000000E+00 0.2285E-12      6
 1630   25     0    -215      0    215  0.68208950E+00  0.00000000E+00 0.3063E-12      6
 1631   25     0    -214      0    214  0.68530906E+00  0.00000000E+00 0.3408E-12      6
 1632   25     0    -213      0    213  0.68831674E+00  0.00000000E+00 0.6037E-13      6
 1633   25     0    -212      0    212  0.69142467E+00  0.00000000E+00 0.7293E-13      5
 1634   25     0    -211      0    211  0.69480804E+00  0.00000000E+00 0.2635E-12      6
 1635   25     0    -210      0    210  0.69818915E+00  0.00000000E+00 0.2341E-12      6
 1636   25     0    -209      0    209  0.70134808E+00  0.00000000E+00 0.3663E-12      6
 1637   25     0    -208      0    208  0.70455388E+00  0.00000000E+00 0.2060E-13      6
 1638   25     0    -207      0    207  0.70801598E+00  0.00000000E+00 0.3928E-12      6
 1639   25     0    -206      0    206  0.71148092E+00  0.00000000E+00 0.2675E-12      6
 1640   25     0    -205      0    205  0.71477720E+00  0.00000000E+00 0.2390E-12      6
 1641   25     0    -204      0    204  0.71816836E+00  0.00000000E+00 0.1629E-12      6
 1642   25     0    -203      0    203  0.72177614E+00  0.00000000E+00 0.2195E-12      6
 1643   25     0    -202      0    202  0.72533625E+00  0.00000000E+00 0.1492E-12      6
 1644   25     0    -201      0    201  0.72873333E+00  0.00000000E+00 0.2703E-12      6
 1645   25     0    -200      0    200  0.73229015E+00  0.00000000E+00 0.2534E-12      6
 1646   25     0    -199      0    199  0.73606527E+00  0.00000000E+00 0.4128E-13      6
 1647   25     0    -198      0    198  0.73974166E+00  0.00000000E+00 0.1327E-12      6
 1648   25     0    -197      0    197  0.74323987E+00  0.00000000E+00 0.1472E-12      5
 1649   25     0    -196      0    196  0.74696614E+00  0.00000000E+00 0.2346E-12      5
 1650   25     0    -195      0    195  0.75092828E+00  0.00000000E+00 0.1040E-12      6
 1651   25     0    -194      0    194  0.75473822E+00  0.00000000E+00 0.1932E-12      6
 1652   25     0    -193      0    193  0.75832615E+00  0.00000000E+00 0.4060E-13      5
 1653   25     0    -192      0    192  0.76221128E+00  0.00000000E+00 0.1413E-12      5
 1654   25     0    -191      0    191  0.76637456E+00  0.00000000E+00 0.6041E-13      6
 1655   25     0    -190      0    190  0.77035889E+00  0.00000000E+00 0.4871E-12      5
 1656   25     0    -189      0    189  0.77405234E+00  0.00000000E+00 0.1583E-12      5
 1657   25     0    -188      0    188  0.77807036E+00  0.00000000E+00 0.1877E-12      5
 1658   25     0    -187      0    187  0.78242355E+00  0.00000000E+00 0.6974E-14      6
 1659   25     0    -186      0    186  0.78662212E+00  0.00000000E+00 0.6377E-13      6
 1660   25     0    -185      0    185  0.79048879E+00  0.00000000E+00 0.2454E-14      6
 1661   25     0    -184      0    184  0.79463299E+00  0.00000000E+00 0.1255E-12      5
 1662   25     0    -183      0    183  0.79913551E+00  0.00000000E+00 0.2051E-14      6
 1663   25     0    -182      0    182  0.80350223E+00  0.00000000E+00 0.4471E-12      5
 1664   25     0    -181      0    181  0.80756363E+00  0.00000000E+00 0.1155E-12      6
 1665   25     0    -180      0    180  0.81190840E+00  0.00000000E+00 0.1872E-13      5
 1666   25     0    -179      0    179  0.81660096E+00  0.00000000E+00 0.5275E-13      6
 1667   25     0    -178      0    178  0.82114501E+00  0.00000000E+00 0.1425E-12      5
 1668   25     0    -177      0    177  0.82538601E+00  0.00000000E+00 0.1009E-12      5
 1669   25     0    -176      0    176  0.82992497E+00  0.00000000E+00 0.5857E-13      5
 1670   25     0    -175      0    175  0.83480306E+00  0.00000000E+00 0.1767E-12      6
 1671   25     0    -174      0    174  0.83951625E+00  0.00000000E+00 0.5096E-14      6
 1672   25     0    -173      0    173  0.84397039E+00  0.00000000E+00 0.5159E-14      5
 1673   25     0    -172      0    172  0.84876155E+00  0.00000000E+00 0.1144E-12      5
 1674   25     0    -171      0    171  0.85386508E+00  0.00000000E+00 0.1025E-12      6
 1675   25     0    -170      0    170  0.85875383E+00  0.00000000E+00 0.2229E-12      6
 1676   25     0    -169      0    169  0.86337863E+00  0.00000000E+00 0.2869E-12      5
 1677   25     0    -168      0    168  0.86840749E+00  0.00000000E+00 0.1804E-12      6
 1678   25     0    -167      0    167  0.87376235E+00  0.00000000E+00 0.5751E-13      6
 1679   25     0    -166      0    166  0.87886892E+00  0.00000000E+00 0.6724E-13      6
 1680   25     0    -165      0    165  0.88371109E+00  0.00000000E+00 0.4032E-12      5
 1681   25     0    -164      0    164  0.88901067E+00  0.00000000E+00 0.4752E-12      6
 1682   25     0    -163      0    163  0.89463700E+00  0.00000000E+00 0.2701E-12      6
 1683   25     0    -162      0    162  0.89994186E+00  0.00000000E+00 0.3184E-14      6
 1684   25     0    -161      0    161  0.90496550E+00  0.00000000E+00 0.3779E-13      5
 1685   25     0    -160      0    160  0.91055784E+00  0.00000000E+00 0.1061E-12      6
 1686   25     0    -159      0    159  0.91650247E+00  0.00000000E+00 0.1698E-12      6
 1687   25     0    -158      0    158  0.92207150E+00  0.00000000E+00 0.9681E-13      5
 1688   25     0    -157      0    157  0.92732118E+00  0.00000000E+00 0.3021E-12      5
 1689   25     0    -156      0    156  0.93320283E+00  0.00000000E+00 0.5722E-13      5
 1690   25     0    -155      0    155  0.93945766E+00  0.00000000E+00 0.4154E-13      5
 1691   25     0    -154      0    154  0.94527769E+00  0.00000000E+00 0.1582E-12      6
 1692   25     0    -153      0    153  0.95075541E+00  0.00000000E+00 0.1112E-12      5
 1693   25     0    -152      0    152  0.95696263E+00  0.00000000E+00 0.4568E-12      5
 1694   25     0    -151      0    151  0.96358343E+00  0.00000000E+00 0.9853E-13      6
 1695   25     0    -150      0    150  0.96973041E+00  0.00000000E+00 0.4738E-12      6
 1696   25     0    -149      0    149  0.97544990E+00  0.00000000E+00 0.3593E-12      5
 1697   25     0    -148      0    148  0.98195365E+00  0.00000000E+00 0.1114E-12      6
 1698   25     0    -147      0    147  0.98891813E+00  0.00000000E+00 0.1676E-12      6
 1699   25     0    -146      0    146  0.99538212E+00  0.00000000E+00 0.2993E-13      6
 1700   25     0    -145      0    145  0.10014249E+01  0.00000000E+00 0.3152E-12      6
 1701   25     0    -144      0    144  0.10083024E+01  0.00000000E+00 0.8038E-13      5
 1702   25     0    -143      0    143  0.10156366E+01  0.00000000E+00 0.2734E-12      6
 1703   25     0    -142      0    142  0.10224169E+01  0.00000000E+00 0.1060E-12      6
 1704   25     0    -141      0    141  0.10288005E+01  0.00000000E+00 0.1806E-12      6
 1705   25     0    -140      0    140  0.10360836E+01  0.00000000E+00 0.5965E-12      5
 1706   25     0    -139      0    139  0.10438018E+01  0.00000000E+00 0.4856E-13      6
 1707   25     0    -138      0    138  0.10509027E+01  0.00000000E+00 0.3014E-13      6
 1708   25     0    -137      0    137  0.10576761E+01  0.00000000E+00 0.2643E-12      5
 1709   25     0    -136      0    136  0.10654329E+01  0.00000000E+00 0.2949E-13      6
 1710   25     0    -135      0    135  0.10735992E+01  0.00000000E+00 0.1372E-12      6
 1711   25     0    -134      0    134  0.10810398E+01  0.00000000E+00 0.2247E-12      6
 1712   25     0    -133      0    133  0.10881605E+01  0.00000000E+00 0.1627E-12      6
 1713   25     0    -132      0    132  0.10964094E+01  0.00000000E+00 0.3038E-13      5
 1714   25     0    -131      0    131  0.11050871E+01  0.00000000E+00 0.1001E-12      6
 1715   25     0    -130      0    130  0.11129593E+01  0.00000000E+00 0.7936E-13      6
 1716   25     0    -129      0    129  0.11204804E+01  0.00000000E+00 0.2050E-12      6
 1717   25     0    -128      0    128  0.11292232E+01  0.00000000E+00 0.2133E-13      6
 1718   25     0    -127      0    127  0.11383988E+01  0.00000000E+00 0.1147E-12      6
 1719   25     0    -126      0    126  0.11466885E+01  0.00000000E+00 0.1025E-12      6
 1720   25     0    -125      0    125  0.11546927E+01  0.00000000E+00 0.1018E-13      6
 1721   25     0    -124      0    124  0.11640221E+01  0.00000000E+00 0.2765E-14      6
 1722   25     0    -123      0    123  0.11737735E+01  0.00000000E+00 0.1281E-12      6
 1723   25     0    -122      0    122  0.11825350E+01  0.00000000E+00 0.6493E-13      6
 1724   25     0    -121      0    121  0.11909965E+01  0.00000000E+00 0.1105E-12      6
 1725   25     0    -120      0    120  0.12009240E+01  0.00000000E+00 0.8433E-13      5
 1726   25     0    -119      0    119  0.12113295E+01  0.00000000E+00 0.4344E-13      6
 1727   25     0    -118      0    118  0.12206757E+01  0.00000000E+00 0.1481E-12      6
 1728   25     0    -117      0    117  0.12295950E+01  0.00000000E+00 0.2174E-12      6
 1729   25     0    -116      0    116  0.12401113E+01  0.00000000E+00 0.1381E-12      5
 1730   25     0    -115      0    115  0.12512111E+01  0.00000000E+00 0.2683E-12      5
 1731   25     0    -114      0    114  0.12612010E+01  0.00000000E+00 0.1242E-12      6
 1732   25     0    -113      0    113  0.12706086E+01  0.00000000E+00 0.1088E-13      6
 1733   25     0    -112      0    112  0.12817472E+01  0.00000000E+00 0.2129E-12      5
 1734   25     0    -111      0    111  0.12936034E+01  0.00000000E+00 0.2256E-12      6
 1735   25     0    -110      0    110  0.13043167E+01  0.00000000E+00 0.1843E-12      6
 1736   25     0    -109      0    109  0.13142215E+01  0.00000000E+00 0.3219E-13      6
 1737   25     0    -108      0    108  0.13259888E+01  0.00000000E+00 0.2907E-12      5
 1738   25     0    -107      0    107  0.13386707E+01  0.00000000E+00 0.7883E-15      6
 1739   25     0    -106      0    106  0.13502717E+01  0.00000000E+00 0.1388E-12      6
 1740   25     0    -105      0    105  0.13607263E+01  0.00000000E+00 0.1394E-12      6
 1741   25     0    -104      0    104  0.13730699E+01  0.00000000E+00 0.2700E-12      6
 1742   25     0    -103      0    103  0.13866334E+01  0.00000000E+00 0.1871E-12      6
 1743   25     0    -102      0    102  0.13993029E+01  0.00000000E+00 0.7074E-13      6
 1744   25     0    -101      0    101  0.14103781E+01  0.00000000E+00 0.3639E-13      6
 1745   25     0    -100      0    100  0.14232478E+01  0.00000000E+00 0.3014E-12      6
 1746   25     0     -99      0     99  0.14378018E+01  0.00000000E+00 0.1999E-13      6
 1747   25     0     -98      0     98  0.14517722E+01  0.00000000E+00 0.9525E-13      6
 1748   25     0     -97      0     97  0.14637235E+01  0.00000000E+00 0.1489E-12      6
 1749   25     0     -96      0     96  0.14771860E+01  0.00000000E+00 0.9563E-13      6
 1750   25     0     -95      0     95  0.14928628E+01  0.00000000E+00 0.9308E-15      6
 1751   25     0     -94      0     94  0.15082649E+01  0.00000000E+00 0.2730E-13      6
 1752   25     0     -93      0     93  0.15213267E+01  0.00000000E+00 0.1221E-12      5
 1753   25     0     -92      0     92  0.15355004E+01  0.00000000E+00 0.5082E-13      6
 1754   25     0     -91      0     91  0.15523819E+01  0.00000000E+00 0.2086E-13      6
 1755   25     0     -90      0     90  0.15692995E+01  0.00000000E+00 0.2853E-13      6
 1756   25     0     -89      0     89  0.15836442E+01  0.00000000E+00 0.3913E-13      5
 1757   25     0     -88      0     88  0.15986167E+01  0.00000000E+00 0.1492E-12      6
 1758   25     0     -87      0     87  0.16168086E+01  0.00000000E+00 0.2786E-13      6
 1759   25     0     -86      0     86  0.16354125E+01  0.00000000E+00 0.1219E-12      6
 1760   25     0     -85      0     85  0.16512860E+01  0.00000000E+00 0.5803E-13      6
 1761   25     0     -84      0     84  0.16671270E+01  0.00000000E+00 0.1644E-12      6
 1762   25     0     -83      0     83  0.16867410E+01  0.00000000E+00 0.1424E-12      5
 1763   25     0     -82      0     82  0.17071938E+01  0.00000000E+00 0.8238E-13      6
  Time elapsed :     10.908 s

