gyre [9.1.1]
------------

OpenMP Threads   : 12
Input filename   : gyre_ad_wide.in

Model Init
----------

Reading from MESA file
   File name ../mesa/LOGS/profile331.data.GYRE
   File version 1.01
   Read 7137 points
   No need to add central point

Mode Search
-----------

Mode parameters
   l : 0
   m : 0

Building frequency grid (REAL axis)
   added scan interval :  0.2791E+00 ->  0.8723E+01 (1000 points, INVERSE)
   added scan interval :  0.8723E+01 ->  0.3315E+02 (1000 points, LINEAR)

Building spatial grid
   Scaffold grid from model
   Split 0 subinterval(s) in iteration 1
   Final grid has 1 segment(s) and 7137 point(s):
      Segment 1 : x range 0.0000 -> 1.0012 (1 -> 7137)

Starting search (adiabatic)

Scanning frequencies
  Time elapsed :     0.560 s

Finding roots
  Time elapsed :      0.012 s

Processing modes
   id    l     m    n_pg    n_p    n_g       Re(omega)       Im(omega)        chi n_iter
    1    0     0       1      1      0  0.35454749E+01  0.00000000E+00 0.1612E-13      6
    2    0     0       2      2      0  0.45766942E+01  0.00000000E+00 0.4976E-14      6
    3    0     0       3      3      0  0.56904748E+01  0.00000000E+00 0.5193E-14      7
    4    0     0       4      4      0  0.68232462E+01  0.00000000E+00 0.3100E-14      7
    5    0     0       5      5      0  0.79549699E+01  0.00000000E+00 0.5018E-14      7
    6    0     0       6      6      0  0.90617875E+01  0.00000000E+00 0.8479E-13      5
    7    0     0       7      7      0  0.10173777E+02  0.00000000E+00 0.1506E-12      5
    8    0     0       8      8      0  0.11321731E+02  0.00000000E+00 0.2245E-12      5
    9    0     0       9      9      0  0.12507623E+02  0.00000000E+00 0.6991E-13      5
   10    0     0      10     10      0  0.13723946E+02  0.00000000E+00 0.3612E-13      5
   11    0     0      11     11      0  0.14966404E+02  0.00000000E+00 0.7913E-13      5
   12    0     0      12     12      0  0.16229244E+02  0.00000000E+00 0.1163E-12      6
   13    0     0      13     13      0  0.17501612E+02  0.00000000E+00 0.2455E-13      5
   14    0     0      14     14      0  0.18775782E+02  0.00000000E+00 0.2421E-13      5
   15    0     0      15     15      0  0.20047424E+02  0.00000000E+00 0.1711E-12      5
   16    0     0      16     16      0  0.21315211E+02  0.00000000E+00 0.3942E-14      5
   17    0     0      17     17      0  0.22579460E+02  0.00000000E+00 0.1792E-12      5
   18    0     0      18     18      0  0.23843060E+02  0.00000000E+00 0.1661E-12      5
   19    0     0      19     19      0  0.25110948E+02  0.00000000E+00 0.1786E-13      5
   20    0     0      20     20      0  0.26388178E+02  0.00000000E+00 0.2114E-12      5
  Time elapsed :      0.154 s

Mode Search
-----------

Mode parameters
   l : 1
   m : 0

Building frequency grid (REAL axis)
   added scan interval :  0.2791E+00 ->  0.8723E+01 (1000 points, INVERSE)
   added scan interval :  0.8723E+01 ->  0.3315E+02 (1000 points, LINEAR)

Building spatial grid
   Scaffold grid from model
   Split 0 subinterval(s) in iteration 1
   Final grid has 1 segment(s) and 7137 point(s):
      Segment 1 : x range 0.0000 -> 1.0012 (1 -> 7137)

Starting search (adiabatic)

Scanning frequencies
  Time elapsed :     0.501 s

Finding roots
  Time elapsed :      0.059 s

Processing modes
   id    l     m    n_pg    n_p    n_g       Re(omega)       Im(omega)        chi n_iter
   34    1     0     -20      0     20  0.38732146E+00  0.00000000E+00 0.5940E-13      6
   35    1     0     -19      0     19  0.40678396E+00  0.00000000E+00 0.6576E-13      6
   36    1     0     -18      0     18  0.43290756E+00  0.00000000E+00 0.1302E-12      5
   37    1     0     -17      0     17  0.46080961E+00  0.00000000E+00 0.1813E-12      6
   38    1     0     -16      0     16  0.48004168E+00  0.00000000E+00 0.6303E-14      6
   39    1     0     -15      0     15  0.50757470E+00  0.00000000E+00 0.2040E-12      6
   40    1     0     -14      0     14  0.54872221E+00  0.00000000E+00 0.1167E-12      5
   41    1     0     -13      0     13  0.59596290E+00  0.00000000E+00 0.7721E-13      6
   42    1     0     -12      0     12  0.63192167E+00  0.00000000E+00 0.8978E-13      6
   43    1     0     -11      0     11  0.67645276E+00  0.00000000E+00 0.4111E-13      6
   44    1     0     -10      0     10  0.75276640E+00  0.00000000E+00 0.2244E-13      6
   45    1     0      -9      0      9  0.84968051E+00  0.00000000E+00 0.6244E-13      5
   46    1     0      -8      0      8  0.93201017E+00  0.00000000E+00 0.3259E-14      6
   47    1     0      -7      0      7  0.10249430E+01  0.00000000E+00 0.5427E-13      6
   48    1     0      -6      0      6  0.12107695E+01  0.00000000E+00 0.2098E-13      6
   49    1     0      -5      0      5  0.14816944E+01  0.00000000E+00 0.5961E-13      6
   50    1     0      -4      0      4  0.17984945E+01  0.00000000E+00 0.4980E-14      7
   51    1     0      -3      0      3  0.20844407E+01  0.00000000E+00 0.1930E-14      7
   52    1     0      -2      0      2  0.28899647E+01  0.00000000E+00 0.3754E-13      6
   53    1     0      -1      0      1  0.36371639E+01  0.00000000E+00 0.5472E-14      7
   54    1     0       1      1      1  0.46948590E+01  0.00000000E+00 0.6200E-15      7
   55    1     0       2      2      1  0.56981343E+01  0.00000000E+00 0.2247E-13      8
   56    1     0       3      3      1  0.61056511E+01  0.00000000E+00 0.1216E-13      7
   57    1     0       4      3      0  0.71385744E+01  0.00000000E+00 0.1050E-13      7
   58    1     0       5      4      0  0.83202280E+01  0.00000000E+00 0.1905E-14      6
   59    1     0       6      5      0  0.94746449E+01  0.00000000E+00 0.3680E-13      6
   60    1     0       7      6      0  0.10630954E+02  0.00000000E+00 0.2435E-13      5
   61    1     0       8      7      0  0.11817400E+02  0.00000000E+00 0.1251E-12      5
   62    1     0       9      8      0  0.13030189E+02  0.00000000E+00 0.5670E-13      5
   63    1     0      10      9      0  0.14266000E+02  0.00000000E+00 0.2208E-13      5
   64    1     0      11     10      0  0.15522747E+02  0.00000000E+00 0.1379E-12      5
   65    1     0      12     11      0  0.16792655E+02  0.00000000E+00 0.1081E-12      5
   66    1     0      13     12      0  0.18067145E+02  0.00000000E+00 0.1978E-12      5
   67    1     0      14     13      0  0.19340415E+02  0.00000000E+00 0.7765E-13      5
   68    1     0      15     14      0  0.20610726E+02  0.00000000E+00 0.4170E-13      5
   69    1     0      16     15      0  0.21877351E+02  0.00000000E+00 0.7028E-14      5
   70    1     0      17     16      0  0.23141559E+02  0.00000000E+00 0.3149E-13      5
   71    1     0      18     17      0  0.24408300E+02  0.00000000E+00 0.4007E-12      5
   72    1     0      19     18      0  0.25682627E+02  0.00000000E+00 0.2174E-12      5
   73    1     0      20     19      0  0.26967957E+02  0.00000000E+00 0.9373E-15      5
  Time elapsed :      0.281 s

Mode Search
-----------

Mode parameters
   l : 2
   m : 0

Building frequency grid (REAL axis)
   added scan interval :  0.2791E+00 ->  0.8723E+01 (1000 points, INVERSE)
   added scan interval :  0.8723E+01 ->  0.3315E+02 (1000 points, LINEAR)

Building spatial grid
   Scaffold grid from model
   Split 0 subinterval(s) in iteration 1
   Final grid has 1 segment(s) and 7137 point(s):
      Segment 1 : x range 0.0000 -> 1.0012 (1 -> 7137)

Starting search (adiabatic)

Scanning frequencies
  Time elapsed :     0.562 s

Finding roots
  Time elapsed :      0.080 s

Processing modes
   id    l     m    n_pg    n_p    n_g       Re(omega)       Im(omega)        chi n_iter
  108    2     0     -20      0     20  0.66841989E+00  0.00000000E+00 0.3972E-14      6
  109    2     0     -19      0     19  0.70116416E+00  0.00000000E+00 0.5631E-13      6
  110    2     0     -18      0     18  0.74572399E+00  0.00000000E+00 0.3015E-13      5
  111    2     0     -17      0     17  0.79383487E+00  0.00000000E+00 0.2428E-13      6
  112    2     0     -16      0     16  0.82763929E+00  0.00000000E+00 0.1107E-13      6
  113    2     0     -15      0     15  0.87301955E+00  0.00000000E+00 0.5072E-13      6
  114    2     0     -14      0     14  0.94256113E+00  0.00000000E+00 0.1175E-12      6
  115    2     0     -13      0     13  0.10233344E+01  0.00000000E+00 0.5947E-13      6
  116    2     0     -12      0     12  0.10872914E+01  0.00000000E+00 0.3602E-13      5
  117    2     0     -11      0     11  0.11591888E+01  0.00000000E+00 0.5275E-13      7
  118    2     0     -10      0     10  0.12865426E+01  0.00000000E+00 0.4136E-13      6
  119    2     0      -9      0      9  0.14499003E+01  0.00000000E+00 0.7774E-15      7
  120    2     0      -8      0      8  0.15960191E+01  0.00000000E+00 0.5944E-13      6
  121    2     0      -7      0      7  0.17410268E+01  0.00000000E+00 0.9682E-14      6
  122    2     0      -6      0      6  0.20394576E+01  0.00000000E+00 0.5178E-14      6
  123    2     0      -5      0      5  0.24657921E+01  0.00000000E+00 0.2820E-13      7
  124    2     0      -4      0      4  0.29672210E+01  0.00000000E+00 0.9169E-14      7
  125    2     0      -3      0      3  0.33028962E+01  0.00000000E+00 0.2486E-13      6
  126    2     0      -2      0      2  0.36991810E+01  0.00000000E+00 0.7212E-14      6
  127    2     0      -1      1      2  0.42936517E+01  0.00000000E+00 0.1226E-13      6
  128    2     0       0      2      2  0.50132881E+01  0.00000000E+00 0.1821E-14      6
  129    2     0       1      2      1  0.57540070E+01  0.00000000E+00 0.4542E-14      6
  130    2     0       2      3      1  0.66434375E+01  0.00000000E+00 0.6473E-15      6
  131    2     0       3      4      1  0.77275124E+01  0.00000000E+00 0.5619E-14      7
  132    2     0       4      5      1  0.88565266E+01  0.00000000E+00 0.2718E-14      7
  133    2     0       5      6      1  0.99183984E+01  0.00000000E+00 0.1645E-13      6
  134    2     0       6      6      0  0.10182829E+02  0.00000000E+00 0.8133E-13      7
  135    2     0       7      7      0  0.11196811E+02  0.00000000E+00 0.1034E-12      6
  136    2     0       8      8      0  0.12390203E+02  0.00000000E+00 0.1040E-12      5
  137    2     0       9      9      0  0.13614164E+02  0.00000000E+00 0.6775E-13      5
  138    2     0      10     10      0  0.14861647E+02  0.00000000E+00 0.2286E-13      5
  139    2     0      11     11      0  0.16127839E+02  0.00000000E+00 0.6671E-13      5
  140    2     0      12     12      0  0.17402460E+02  0.00000000E+00 0.5281E-13      5
  141    2     0      13     13      0  0.18678183E+02  0.00000000E+00 0.8423E-13      5
  142    2     0      14     14      0  0.19950801E+02  0.00000000E+00 0.1197E-12      6
  143    2     0      15     15      0  0.21219362E+02  0.00000000E+00 0.9813E-16      5
  144    2     0      16     16      0  0.22484256E+02  0.00000000E+00 0.1159E-12      5
  145    2     0      17     17      0  0.23748198E+02  0.00000000E+00 0.5458E-13      5
  146    2     0      18     18      0  0.25016372E+02  0.00000000E+00 0.6371E-13      5
  147    2     0      19     19      0  0.26294072E+02  0.00000000E+00 0.1285E-12      5
  148    2     0      20     20      0  0.27582801E+02  0.00000000E+00 0.2870E-12      5
  Time elapsed :      0.328 s

Mode Search
-----------

Mode parameters
   l : 3
   m : 0

Building frequency grid (REAL axis)
   added scan interval :  0.2791E+00 ->  0.8723E+01 (1000 points, INVERSE)
   added scan interval :  0.8723E+01 ->  0.3315E+02 (1000 points, LINEAR)

Building spatial grid
   Scaffold grid from model
   Split 0 subinterval(s) in iteration 1
   Final grid has 1 segment(s) and 7137 point(s):
      Segment 1 : x range 0.0000 -> 1.0012 (1 -> 7137)

Starting search (adiabatic)

Scanning frequencies
  Time elapsed :     0.549 s

Finding roots
  Time elapsed :      0.106 s

Processing modes
   id    l     m    n_pg    n_p    n_g       Re(omega)       Im(omega)        chi n_iter
  204    3     0     -20      0     20  0.94069221E+00  0.00000000E+00 0.8026E-14      6
  205    3     0     -19      0     19  0.98458740E+00  0.00000000E+00 0.7485E-13      6
  206    3     0     -18      0     18  0.10460809E+01  0.00000000E+00 0.5904E-16      5
  207    3     0     -17      0     17  0.11136339E+01  0.00000000E+00 0.1385E-13      6
  208    3     0     -16      0     16  0.11632520E+01  0.00000000E+00 0.1164E-13      6
  209    3     0     -15      0     15  0.12221177E+01  0.00000000E+00 0.1657E-13      6
  210    3     0     -14      0     14  0.13166415E+01  0.00000000E+00 0.1353E-13      6
  211    3     0     -13      0     13  0.14285071E+01  0.00000000E+00 0.1375E-13      6
  212    3     0     -12      0     12  0.15236791E+01  0.00000000E+00 0.1900E-13      6
  213    3     0     -11      0     11  0.16146364E+01  0.00000000E+00 0.1179E-13      7
  214    3     0     -10      0     10  0.17842375E+01  0.00000000E+00 0.1379E-13      6
  215    3     0      -9      0      9  0.20056688E+01  0.00000000E+00 0.3725E-14      7
  216    3     0      -8      0      8  0.22213294E+01  0.00000000E+00 0.3029E-13      7
  217    3     0      -7      0      7  0.23970117E+01  0.00000000E+00 0.2629E-13      6
  218    3     0      -6      0      6  0.27672813E+01  0.00000000E+00 0.1587E-13      6
  219    3     0      -5      0      5  0.32261335E+01  0.00000000E+00 0.1654E-13      7
  220    3     0      -4      0      4  0.35700905E+01  0.00000000E+00 0.2405E-13      7
  221    3     0      -3      1      4  0.41267603E+01  0.00000000E+00 0.1206E-13      7
  222    3     0      -2      1      3  0.44437632E+01  0.00000000E+00 0.1275E-14      7
  223    3     0      -1      1      2  0.47888083E+01  0.00000000E+00 0.1266E-13      7
  224    3     0       0      2      2  0.56057242E+01  0.00000000E+00 0.1832E-13      7
  225    3     0       1      2      1  0.62369125E+01  0.00000000E+00 0.1178E-13      6
  226    3     0       2      3      1  0.69393093E+01  0.00000000E+00 0.7357E-14      8
  227    3     0       3      4      1  0.80970518E+01  0.00000000E+00 0.1254E-13      6
  228    3     0       4      5      1  0.92568121E+01  0.00000000E+00 0.6034E-13      6
  229    3     0       5      6      1  0.10417785E+02  0.00000000E+00 0.1233E-12      6
  230    3     0       6      7      1  0.11604735E+02  0.00000000E+00 0.1578E-12      6
  231    3     0       7      7      0  0.12173675E+02  0.00000000E+00 0.7887E-14      6
  232    3     0       8      8      0  0.12837109E+02  0.00000000E+00 0.9970E-13      6
  233    3     0       9      9      0  0.14074827E+02  0.00000000E+00 0.1533E-12      5
  234    3     0      10     10      0  0.15336049E+02  0.00000000E+00 0.2209E-13      6
  235    3     0      11     11      0  0.16611567E+02  0.00000000E+00 0.1136E-12      5
  236    3     0      12     12      0  0.17891899E+02  0.00000000E+00 0.3147E-14      6
  237    3     0      13     13      0  0.19170835E+02  0.00000000E+00 0.2139E-12      5
  238    3     0      14     14      0  0.20446123E+02  0.00000000E+00 0.2283E-13      5
  239    3     0      15     15      0  0.21717000E+02  0.00000000E+00 0.4792E-13      5
  240    3     0      16     16      0  0.22984663E+02  0.00000000E+00 0.1990E-12      5
  241    3     0      17     17      0  0.24253718E+02  0.00000000E+00 0.2379E-12      5
  242    3     0      18     18      0  0.25529215E+02  0.00000000E+00 0.9562E-13      5
  243    3     0      19     19      0  0.26815237E+02  0.00000000E+00 0.1252E-12      5
  244    3     0      20     20      0  0.28111896E+02  0.00000000E+00 0.3467E-13      5
  Time elapsed :      0.535 s

Mode Search
-----------

Mode parameters
   l : 4
   m : 0

Building frequency grid (REAL axis)
   added scan interval :  0.2791E+00 ->  0.8723E+01 (1000 points, INVERSE)
   added scan interval :  0.8723E+01 ->  0.3315E+02 (1000 points, LINEAR)

Building spatial grid
   Scaffold grid from model
   Split 0 subinterval(s) in iteration 1
   Final grid has 1 segment(s) and 7137 point(s):
      Segment 1 : x range 0.0000 -> 1.0012 (1 -> 7137)

Starting search (adiabatic)

Scanning frequencies
  Time elapsed :     0.805 s

Finding roots
  Time elapsed :      0.214 s

Processing modes
   id    l     m    n_pg    n_p    n_g       Re(omega)       Im(omega)        chi n_iter
  320    4     0     -20      0     20  0.12072446E+01  0.00000000E+00 0.3245E-13      6
  321    4     0     -19      0     19  0.12594204E+01  0.00000000E+00 0.2363E-13      6
  322    4     0     -18      0     18  0.13360110E+01  0.00000000E+00 0.5519E-13      6
  323    4     0     -17      0     17  0.14219457E+01  0.00000000E+00 0.6280E-13      7
  324    4     0     -16      0     16  0.14901638E+01  0.00000000E+00 0.1248E-13      6
  325    4     0     -15      0     15  0.15572544E+01  0.00000000E+00 0.2468E-13      6
  326    4     0     -14      0     14  0.16722825E+01  0.00000000E+00 0.2191E-13      6
  327    4     0     -13      0     13  0.18121131E+01  0.00000000E+00 0.4828E-14      6
  328    4     0     -12      0     12  0.19434102E+01  0.00000000E+00 0.8624E-14      6
  329    4     0     -11      0     11  0.20462802E+01  0.00000000E+00 0.2403E-13      7
  330    4     0     -10      0     10  0.22461495E+01  0.00000000E+00 0.2039E-13      6
  331    4     0      -9      0      9  0.25151661E+01  0.00000000E+00 0.2834E-13      7
  332    4     0      -8      0      8  0.28039717E+01  0.00000000E+00 0.1551E-14      7
  333    4     0      -7      0      7  0.29985562E+01  0.00000000E+00 0.4938E-14      6
  334    4     0      -6      0      6  0.33311749E+01  0.00000000E+00 0.1662E-13      7
  335    4     0      -5      0      5  0.35576795E+01  0.00000000E+00 0.2129E-14      6
  336    4     0      -4      0      4  0.41256419E+01  0.00000000E+00 0.1285E-14      7
  337    4     0      -3      1      4  0.45956195E+01  0.00000000E+00 0.1817E-14      7
  338    4     0      -2      1      3  0.50586687E+01  0.00000000E+00 0.4852E-14      6
  339    4     0      -1      2      3  0.56150677E+01  0.00000000E+00 0.1408E-13      7
  340    4     0       0      2      2  0.58678754E+01  0.00000000E+00 0.1217E-13      7
  341    4     0       1      3      2  0.67652653E+01  0.00000000E+00 0.1374E-13      8
  342    4     0       2      3      1  0.71390215E+01  0.00000000E+00 0.4897E-14      8
  343    4     0       3      4      1  0.83520199E+01  0.00000000E+00 0.6591E-14      7
  344    4     0       4      5      1  0.95420760E+01  0.00000000E+00 0.1638E-12      6
  345    4     0       5      6      1  0.10732145E+02  0.00000000E+00 0.2408E-12      6
  346    4     0       6      7      1  0.11950254E+02  0.00000000E+00 0.1109E-12      5
  347    4     0       7      8      1  0.13190730E+02  0.00000000E+00 0.7673E-13      6
  348    4     0       8      8      0  0.13715963E+02  0.00000000E+00 0.7932E-13      7
  349    4     0       9      9      0  0.14452853E+02  0.00000000E+00 0.1352E-12      6
  350    4     0      10     10      0  0.15730940E+02  0.00000000E+00 0.2905E-12      6
  351    4     0      11     11      0  0.17018248E+02  0.00000000E+00 0.3440E-13      5
  352    4     0      12     12      0  0.18306635E+02  0.00000000E+00 0.1430E-12      5
  353    4     0      13     13      0  0.19591069E+02  0.00000000E+00 0.1325E-12      5
  354    4     0      14     14      0  0.20870649E+02  0.00000000E+00 0.2734E-14      5
  355    4     0      15     15      0  0.22145338E+02  0.00000000E+00 0.1659E-12      5
  356    4     0      16     16      0  0.23417188E+02  0.00000000E+00 0.2642E-12      5
  357    4     0      17     17      0  0.24691798E+02  0.00000000E+00 0.1013E-12      5
  358    4     0      18     18      0  0.25974650E+02  0.00000000E+00 0.1178E-13      5
  359    4     0      19     19      0  0.27268322E+02  0.00000000E+00 0.1679E-12      5
  360    4     0      20     20      0  0.28571614E+02  0.00000000E+00 0.2276E-12      5
  Time elapsed :      0.794 s

Mode Search
-----------

Mode parameters
   l : 5
   m : 0

Building frequency grid (REAL axis)
   added scan interval :  0.2791E+00 ->  0.8723E+01 (1000 points, INVERSE)
   added scan interval :  0.8723E+01 ->  0.3315E+02 (1000 points, LINEAR)

Building spatial grid
   Scaffold grid from model
   Split 0 subinterval(s) in iteration 1
   Final grid has 1 segment(s) and 7137 point(s):
      Segment 1 : x range 0.0000 -> 1.0012 (1 -> 7137)

Starting search (adiabatic)

Scanning frequencies
  Time elapsed :     0.833 s

Finding roots
  Time elapsed :      0.263 s

Processing modes
   id    l     m    n_pg    n_p    n_g       Re(omega)       Im(omega)        chi n_iter
  457    5     0     -20      0     20  0.14683951E+01  0.00000000E+00 0.1063E-13      6
  458    5     0     -19      0     19  0.15253634E+01  0.00000000E+00 0.1225E-13      7
  459    5     0     -18      0     18  0.16144434E+01  0.00000000E+00 0.4927E-13      6
  460    5     0     -17      0     17  0.17168732E+01  0.00000000E+00 0.3556E-13      6
  461    5     0     -16      0     16  0.18072612E+01  0.00000000E+00 0.3170E-14      7
  462    5     0     -15      0     15  0.18784263E+01  0.00000000E+00 0.3343E-13      7
  463    5     0     -14      0     14  0.20074208E+01  0.00000000E+00 0.4696E-13      6
  464    5     0     -13      0     13  0.21711041E+01  0.00000000E+00 0.1843E-13      6
  465    5     0     -12      0     12  0.23413508E+01  0.00000000E+00 0.2103E-13      6
  466    5     0     -11      0     11  0.24573907E+01  0.00000000E+00 0.8973E-14      7
  467    5     0     -10      0     10  0.26701200E+01  0.00000000E+00 0.8186E-14      6
  468    5     0      -9      0      9  0.29739269E+01  0.00000000E+00 0.1054E-13      7
  469    5     0      -8      0      8  0.33168977E+01  0.00000000E+00 0.1754E-13      7
  470    5     0      -7      0      7  0.34878063E+01  0.00000000E+00 0.6578E-14      7
  471    5     0      -6      0      6  0.36084151E+01  0.00000000E+00 0.1269E-13      7
  472    5     0      -5      0      5  0.40093283E+01  0.00000000E+00 0.2578E-14      6
  473    5     0      -4      1      5  0.46507496E+01  0.00000000E+00 0.3232E-14      9
  474    5     0      -3      1      4  0.47898834E+01  0.00000000E+00 0.4749E-14      8
  475    5     0      -2      1      3  0.56287643E+01  0.00000000E+00 0.8596E-14      7
  476    5     0      -1      2      3  0.60455707E+01  0.00000000E+00 0.1323E-13      7
  477    5     0       0      2      2  0.65199479E+01  0.00000000E+00 0.5215E-14      7
  478    5     0       1      3      2  0.71352617E+01  0.00000000E+00 0.1598E-13      8
  479    5     0       2      3      1  0.73420612E+01  0.00000000E+00 0.1887E-13     10
  480    5     0       3      4      1  0.85921717E+01  0.00000000E+00 0.4179E-14      7
  481    5     0       4      5      1  0.98027269E+01  0.00000000E+00 0.2718E-13      5
  482    5     0       5      6      1  0.11017092E+02  0.00000000E+00 0.8332E-13      5
  483    5     0       6      7      1  0.12257322E+02  0.00000000E+00 0.2547E-12      6
  484    5     0       7      8      1  0.13517628E+02  0.00000000E+00 0.4602E-13      6
  485    5     0       8      9      1  0.14795714E+02  0.00000000E+00 0.2976E-13      8
  486    5     0       9      9      0  0.14945162E+02  0.00000000E+00 0.2207E-13      7
  487    5     0      10     10      0  0.16089065E+02  0.00000000E+00 0.4930E-13      6
  488    5     0      11     11      0  0.17387201E+02  0.00000000E+00 0.2958E-12      6
  489    5     0      12     12      0  0.18683402E+02  0.00000000E+00 0.7926E-13      5
  490    5     0      13     13      0  0.19973940E+02  0.00000000E+00 0.2014E-12      5
  491    5     0      14     14      0  0.21258423E+02  0.00000000E+00 0.2704E-12      5
  492    5     0      15     15      0  0.22537695E+02  0.00000000E+00 0.1557E-12      5
  493    5     0      16     16      0  0.23815073E+02  0.00000000E+00 0.2719E-12      5
  494    5     0      17     17      0  0.25096224E+02  0.00000000E+00 0.1342E-12      5
  495    5     0      18     18      0  0.26386663E+02  0.00000000E+00 0.3397E-13      5
  496    5     0      19     19      0  0.27687788E+02  0.00000000E+00 0.1390E-12      5
  497    5     0      20     20      0  0.28997470E+02  0.00000000E+00 0.1664E-13      5
  Time elapsed :      0.802 s

Mode Search
-----------

Mode parameters
   l : 6
   m : 0

Building frequency grid (REAL axis)
   added scan interval :  0.2791E+00 ->  0.8723E+01 (1000 points, INVERSE)
   added scan interval :  0.8723E+01 ->  0.3315E+02 (1000 points, LINEAR)

Building spatial grid
   Scaffold grid from model
   Split 0 subinterval(s) in iteration 1
   Final grid has 1 segment(s) and 7137 point(s):
      Segment 1 : x range 0.0000 -> 1.0012 (1 -> 7137)

Starting search (adiabatic)

Scanning frequencies
  Time elapsed :     0.517 s

Finding roots
  Time elapsed :      0.191 s

Processing modes
   id    l     m    n_pg    n_p    n_g       Re(omega)       Im(omega)        chi n_iter
  615    6     0     -20      0     20  0.17233899E+01  0.00000000E+00 0.1735E-13      6
  616    6     0     -19      0     19  0.17821391E+01  0.00000000E+00 0.3459E-13      7
  617    6     0     -18      0     18  0.18797581E+01  0.00000000E+00 0.2453E-13      6
  618    6     0     -17      0     17  0.19958467E+01  0.00000000E+00 0.1949E-13      6
  619    6     0     -16      0     16  0.21101338E+01  0.00000000E+00 0.6866E-14      7
  620    6     0     -15      0     15  0.21876169E+01  0.00000000E+00 0.1774E-14      7
  621    6     0     -14      0     14  0.23205707E+01  0.00000000E+00 0.2391E-13      6
  622    6     0     -13      0     13  0.25033342E+01  0.00000000E+00 0.3789E-13      6
  623    6     0     -12      0     12  0.27088232E+01  0.00000000E+00 0.1179E-13      7
  624    6     0     -11      0     11  0.28542306E+01  0.00000000E+00 0.2393E-13      6
  625    6     0     -10      0     10  0.30572463E+01  0.00000000E+00 0.3206E-13      6
  626    6     0      -9      0      9  0.33793293E+01  0.00000000E+00 0.1280E-13      7
  627    6     0      -8      0      8  0.35710786E+01  0.00000000E+00 0.2255E-13      6
  628    6     0      -7      0      7  0.38049984E+01  0.00000000E+00 0.1675E-13      7
  629    6     0      -6      0      6  0.41257053E+01  0.00000000E+00 0.1904E-14      6
  630    6     0      -5      1      6  0.44668057E+01  0.00000000E+00 0.1611E-13      6
  631    6     0      -4      1      5  0.48976191E+01  0.00000000E+00 0.2988E-14      7
  632    6     0      -3      1      4  0.51406861E+01  0.00000000E+00 0.1780E-13      6
  633    6     0      -2      2      4  0.60336717E+01  0.00000000E+00 0.1607E-13      8
  634    6     0      -1      2      3  0.62400077E+01  0.00000000E+00 0.1771E-13      8
  635    6     0       0      2      2  0.71885242E+01  0.00000000E+00 0.2479E-14      7
  636    6     0       1      3      2  0.75532386E+01  0.00000000E+00 0.7470E-16     15
  637    6     0       2      3      1  0.75764541E+01  0.00000000E+00 0.4521E-15      7
  638    6     0       3      4      1  0.88262520E+01  0.00000000E+00 0.1540E-12      6
  639    6     0       4      5      1  0.10052969E+02  0.00000000E+00 0.2021E-12      6
  640    6     0       5      6      1  0.11289137E+02  0.00000000E+00 0.8124E-13      5
  641    6     0       6      7      1  0.12548575E+02  0.00000000E+00 0.1258E-12      6
  642    6     0       7      8      1  0.13826221E+02  0.00000000E+00 0.1031E-12      6
  643    6     0       8      9      1  0.15120448E+02  0.00000000E+00 0.1053E-12      6
  644    6     0       9      9      0  0.15964555E+02  0.00000000E+00 0.1509E-13      6
  645    6     0      10     10      0  0.16426385E+02  0.00000000E+00 0.1446E-12      6
  646    6     0      11     11      0  0.17734096E+02  0.00000000E+00 0.1859E-12      6
  647    6     0      12     12      0  0.19037349E+02  0.00000000E+00 0.1625E-12      5
  648    6     0      13     13      0  0.20333807E+02  0.00000000E+00 0.3999E-13      5
  649    6     0      14     14      0  0.21623288E+02  0.00000000E+00 0.1343E-12      5
  650    6     0      15     15      0  0.22907384E+02  0.00000000E+00 0.2598E-12      5
  651    6     0      16     16      0  0.24190874E+02  0.00000000E+00 0.1284E-13      5
  652    6     0      17     17      0  0.25479352E+02  0.00000000E+00 0.1386E-12      5
  653    6     0      18     18      0  0.26777542E+02  0.00000000E+00 0.2014E-13      5
  654    6     0      19     19      0  0.28085813E+02  0.00000000E+00 0.6469E-13      5
  655    6     0      20     20      0  0.29401676E+02  0.00000000E+00 0.6948E-13      5
  Time elapsed :      0.411 s

Mode Search
-----------

Mode parameters
   l : 2
   m : 0

Building frequency grid (REAL axis)
   added scan interval :  0.5234E+00 ->  0.2094E+01 (3000 points, INVERSE)

Building spatial grid
   Scaffold grid from model
   Split 0 subinterval(s) in iteration 1
   Final grid has 1 segment(s) and 7137 point(s):
      Segment 1 : x range 0.0000 -> 1.0012 (1 -> 7137)

Starting search (adiabatic)

Scanning frequencies
  Time elapsed :     0.766 s

Finding roots
  Time elapsed :      0.020 s

Processing modes
   id    l     m    n_pg    n_p    n_g       Re(omega)       Im(omega)        chi n_iter
  661    2     0     -23      0     23  0.58625720E+00  0.00000000E+00 0.7828E-13      5
  662    2     0     -22      0     22  0.61662235E+00  0.00000000E+00 0.3541E-12      5
  663    2     0     -21      0     21  0.64718991E+00  0.00000000E+00 0.3419E-12      5
  Time elapsed :      0.038 s

Mode Search
-----------

Mode parameters
   l : 3
   m : 0

Building frequency grid (REAL axis)
   added scan interval :  0.5234E+00 ->  0.2094E+01 (3000 points, INVERSE)

Building spatial grid
   Scaffold grid from model
   Split 0 subinterval(s) in iteration 1
   Final grid has 1 segment(s) and 7137 point(s):
      Segment 1 : x range 0.0000 -> 1.0012 (1 -> 7137)

Starting search (adiabatic)

Scanning frequencies
  Time elapsed :     0.784 s

Finding roots
  Time elapsed :      0.033 s

Processing modes
   id    l     m    n_pg    n_p    n_g       Re(omega)       Im(omega)        chi n_iter
  683    3     0     -33      0     33  0.59164806E+00  0.00000000E+00 0.4761E-12      5
  684    3     0     -32      0     32  0.60437546E+00  0.00000000E+00 0.1200E-12      5
  685    3     0     -31      0     31  0.62312478E+00  0.00000000E+00 0.1879E-12      5
  686    3     0     -30      0     30  0.64684397E+00  0.00000000E+00 0.1942E-12      5
  687    3     0     -29      0     29  0.66985351E+00  0.00000000E+00 0.5364E-12      5
  688    3     0     -28      0     28  0.68617408E+00  0.00000000E+00 0.2397E-12      5
  689    3     0     -27      0     27  0.71031398E+00  0.00000000E+00 0.3038E-12      5
  690    3     0     -26      0     26  0.74118557E+00  0.00000000E+00 0.7479E-14      5
  691    3     0     -25      0     25  0.77147442E+00  0.00000000E+00 0.1251E-12      5
  692    3     0     -24      0     24  0.79250707E+00  0.00000000E+00 0.4518E-12      5
  693    3     0     -23      0     23  0.82470331E+00  0.00000000E+00 0.1297E-12      5
  694    3     0     -22      0     22  0.86696235E+00  0.00000000E+00 0.4167E-12      5
  695    3     0     -21      0     21  0.91038161E+00  0.00000000E+00 0.4345E-12      5
  Time elapsed :      0.102 s

Mode Search
-----------

Mode parameters
   l : 4
   m : 0

Building frequency grid (REAL axis)
   added scan interval :  0.5234E+00 ->  0.2094E+01 (3000 points, INVERSE)

Building spatial grid
   Scaffold grid from model
   Split 0 subinterval(s) in iteration 1
   Final grid has 1 segment(s) and 7137 point(s):
      Segment 1 : x range 0.0000 -> 1.0012 (1 -> 7137)

Starting search (adiabatic)

Scanning frequencies
  Time elapsed :     0.793 s

Finding roots
  Time elapsed :      0.039 s

Processing modes
   id    l     m    n_pg    n_p    n_g       Re(omega)       Im(omega)        chi n_iter
  713    4     0     -43      0     43  0.58765251E+00  0.00000000E+00 0.2559E-12      6
  714    4     0     -42      0     42  0.60289615E+00  0.00000000E+00 0.3591E-12      5
  715    4     0     -41      0     41  0.61888937E+00  0.00000000E+00 0.3540E-12      5
  716    4     0     -40      0     40  0.63088923E+00  0.00000000E+00 0.5378E-12      5
  717    4     0     -39      0     39  0.64461387E+00  0.00000000E+00 0.1615E-12      5
  718    4     0     -38      0     38  0.66348163E+00  0.00000000E+00 0.2121E-12      5
  719    4     0     -37      0     37  0.68258826E+00  0.00000000E+00 0.2754E-12      5
  720    4     0     -36      0     36  0.69634266E+00  0.00000000E+00 0.3176E-12      5
  721    4     0     -35      0     35  0.71425495E+00  0.00000000E+00 0.5230E-12      5
  722    4     0     -34      0     34  0.73790467E+00  0.00000000E+00 0.9401E-12      5
  723    4     0     -33      0     33  0.76098032E+00  0.00000000E+00 0.2695E-12      6
  724    4     0     -32      0     32  0.77737805E+00  0.00000000E+00 0.5579E-13      6
  725    4     0     -31      0     31  0.80103741E+00  0.00000000E+00 0.1846E-12      5
  726    4     0     -30      0     30  0.83128145E+00  0.00000000E+00 0.5069E-12      5
  727    4     0     -29      0     29  0.86110161E+00  0.00000000E+00 0.3341E-12      5
  728    4     0     -28      0     28  0.88220043E+00  0.00000000E+00 0.2120E-12      6
  729    4     0     -27      0     27  0.91215007E+00  0.00000000E+00 0.3840E-12      5
  730    4     0     -26      0     26  0.95130344E+00  0.00000000E+00 0.1940E-12      5
  731    4     0     -25      0     25  0.99068301E+00  0.00000000E+00 0.1944E-12      5
  732    4     0     -24      0     24  0.10180664E+01  0.00000000E+00 0.3569E-12      5
  733    4     0     -23      0     23  0.10573388E+01  0.00000000E+00 0.2331E-12      5
  734    4     0     -22      0     22  0.11106450E+01  0.00000000E+00 0.6172E-13      5
  735    4     0     -21      0     21  0.11668916E+01  0.00000000E+00 0.1469E-12      5
  Time elapsed :      0.180 s

Mode Search
-----------

Mode parameters
   l : 5
   m : 0

Building frequency grid (REAL axis)
   added scan interval :  0.5234E+00 ->  0.2094E+01 (3000 points, INVERSE)

Building spatial grid
   Scaffold grid from model
   Split 0 subinterval(s) in iteration 1
   Final grid has 1 segment(s) and 7137 point(s):
      Segment 1 : x range 0.0000 -> 1.0012 (1 -> 7137)

Starting search (adiabatic)

Scanning frequencies
  Time elapsed :     0.778 s

Finding roots
  Time elapsed :      0.050 s

Processing modes
   id    l     m    n_pg    n_p    n_g       Re(omega)       Im(omega)        chi n_iter
  752    5     0     -53      0     53  0.59029944E+00  0.00000000E+00 0.6107E-12      5
  753    5     0     -52      0     52  0.60127359E+00  0.00000000E+00 0.6858E-13      5
  754    5     0     -51      0     51  0.61016874E+00  0.00000000E+00 0.3240E-12      5
  755    5     0     -50      0     50  0.62271105E+00  0.00000000E+00 0.4967E-12      5
  756    5     0     -49      0     49  0.63695719E+00  0.00000000E+00 0.1302E-12      5
  757    5     0     -48      0     48  0.64909360E+00  0.00000000E+00 0.1333E-11      5
  758    5     0     -47      0     47  0.65958336E+00  0.00000000E+00 0.7716E-12      5
  759    5     0     -46      0     46  0.67474516E+00  0.00000000E+00 0.3897E-12      5
  760    5     0     -45      0     45  0.69138282E+00  0.00000000E+00 0.2912E-12      6
  761    5     0     -44      0     44  0.70455942E+00  0.00000000E+00 0.2316E-12      5
  762    5     0     -43      0     43  0.71741618E+00  0.00000000E+00 0.2979E-12      6
  763    5     0     -42      0     42  0.73595404E+00  0.00000000E+00 0.1568E-12      5
  764    5     0     -41      0     41  0.75535834E+00  0.00000000E+00 0.8333E-13      5
  765    5     0     -40      0     40  0.76995153E+00  0.00000000E+00 0.7465E-12      5
  766    5     0     -39      0     39  0.78659404E+00  0.00000000E+00 0.1868E-12      5
  767    5     0     -38      0     38  0.80946873E+00  0.00000000E+00 0.1924E-12      5
  768    5     0     -37      0     37  0.83274385E+00  0.00000000E+00 0.1837E-12      6
  769    5     0     -36      0     36  0.84959931E+00  0.00000000E+00 0.3615E-12      6
  770    5     0     -35      0     35  0.87104594E+00  0.00000000E+00 0.5684E-13      5
  771    5     0     -34      0     34  0.89962532E+00  0.00000000E+00 0.5205E-12      5
  772    5     0     -33      0     33  0.92795837E+00  0.00000000E+00 0.4906E-12      6
  773    5     0     -32      0     32  0.94812601E+00  0.00000000E+00 0.3762E-12      6
  774    5     0     -31      0     31  0.97600205E+00  0.00000000E+00 0.3820E-13      6
  775    5     0     -30      0     30  0.10124203E+01  0.00000000E+00 0.2789E-12      5
  776    5     0     -29      0     29  0.10491573E+01  0.00000000E+00 0.2222E-12      5
  777    5     0     -28      0     28  0.10753692E+01  0.00000000E+00 0.3123E-12      6
  778    5     0     -27      0     27  0.11099156E+01  0.00000000E+00 0.1895E-12      5
  779    5     0     -26      0     26  0.11567033E+01  0.00000000E+00 0.3610E-13      5
  780    5     0     -25      0     25  0.12052126E+01  0.00000000E+00 0.3829E-12      5
  781    5     0     -24      0     24  0.12398077E+01  0.00000000E+00 0.6480E-13      5
  782    5     0     -23      0     23  0.12840711E+01  0.00000000E+00 0.4783E-12      5
  783    5     0     -22      0     22  0.13472728E+01  0.00000000E+00 0.1740E-12      5
  784    5     0     -21      0     21  0.14159632E+01  0.00000000E+00 0.2194E-12      6
  Time elapsed :      0.243 s

Mode Search
-----------

Mode parameters
   l : 6
   m : 0

Building frequency grid (REAL axis)
   added scan interval :  0.5234E+00 ->  0.2094E+01 (3000 points, INVERSE)

Building spatial grid
   Scaffold grid from model
   Split 0 subinterval(s) in iteration 1
   Final grid has 1 segment(s) and 7137 point(s):
      Segment 1 : x range 0.0000 -> 1.0012 (1 -> 7137)

Starting search (adiabatic)

Scanning frequencies
  Time elapsed :     0.786 s

Finding roots
  Time elapsed :      0.057 s

Processing modes
   id    l     m    n_pg    n_p    n_g       Re(omega)       Im(omega)        chi n_iter
  799    6     0     -63      0     63  0.58726261E+00  0.00000000E+00 0.2761E-12      5
  800    6     0     -62      0     62  0.59644620E+00  0.00000000E+00 0.5516E-12      5
  801    6     0     -61      0     61  0.60743209E+00  0.00000000E+00 0.5959E-12      5
  802    6     0     -60      0     60  0.61774099E+00  0.00000000E+00 0.2607E-12      6
  803    6     0     -59      0     59  0.62589997E+00  0.00000000E+00 0.2706E-12      5
  804    6     0     -58      0     58  0.63652609E+00  0.00000000E+00 0.1701E-12      5
  805    6     0     -57      0     57  0.64910898E+00  0.00000000E+00 0.3595E-12      6
  806    6     0     -56      0     56  0.66075264E+00  0.00000000E+00 0.2347E-12      6
  807    6     0     -55      0     55  0.66994869E+00  0.00000000E+00 0.5369E-12      5
  808    6     0     -54      0     54  0.68227939E+00  0.00000000E+00 0.6340E-13      5
  809    6     0     -53      0     53  0.69672025E+00  0.00000000E+00 0.5076E-12      5
  810    6     0     -52      0     52  0.70964350E+00  0.00000000E+00 0.4025E-12      6
  811    6     0     -51      0     51  0.72006112E+00  0.00000000E+00 0.1097E-12      5
  812    6     0     -50      0     50  0.73474189E+00  0.00000000E+00 0.2099E-12      5
  813    6     0     -49      0     49  0.75145280E+00  0.00000000E+00 0.1692E-12      6
  814    6     0     -48      0     48  0.76570612E+00  0.00000000E+00 0.2705E-12      6
  815    6     0     -47      0     47  0.77798709E+00  0.00000000E+00 0.4317E-12      6
  816    6     0     -46      0     46  0.79574431E+00  0.00000000E+00 0.5558E-12      5
  817    6     0     -45      0     45  0.81523750E+00  0.00000000E+00 0.1948E-12      6
  818    6     0     -44      0     44  0.83069487E+00  0.00000000E+00 0.1177E-12      5
  819    6     0     -43      0     43  0.84574085E+00  0.00000000E+00 0.3360E-12      5
  820    6     0     -42      0     42  0.86742817E+00  0.00000000E+00 0.2365E-12      5
  821    6     0     -41      0     41  0.89022206E+00  0.00000000E+00 0.3810E-13      6
  822    6     0     -40      0     40  0.90753151E+00  0.00000000E+00 0.6553E-13      5
  823    6     0     -39      0     39  0.92677959E+00  0.00000000E+00 0.7513E-13      6
  824    6     0     -38      0     38  0.95346362E+00  0.00000000E+00 0.2758E-12      5
  825    6     0     -37      0     37  0.98094173E+00  0.00000000E+00 0.6014E-13      5
  826    6     0     -36      0     36  0.10010955E+01  0.00000000E+00 0.1019E-12      5
  827    6     0     -35      0     35  0.10255209E+01  0.00000000E+00 0.2465E-12      5
  828    6     0     -34      0     34  0.10587305E+01  0.00000000E+00 0.1048E-12      5
  829    6     0     -33      0     33  0.10924137E+01  0.00000000E+00 0.2932E-12      6
  830    6     0     -32      0     32  0.11166814E+01  0.00000000E+00 0.2720E-12      6
  831    6     0     -31      0     31  0.11478455E+01  0.00000000E+00 0.6647E-13      6
  832    6     0     -30      0     30  0.11899568E+01  0.00000000E+00 0.6914E-13      5
  833    6     0     -29      0     29  0.12335894E+01  0.00000000E+00 0.2516E-12      5
  834    6     0     -28      0     28  0.12657023E+01  0.00000000E+00 0.1895E-12      5
  835    6     0     -27      0     27  0.13033250E+01  0.00000000E+00 0.4153E-13      5
  836    6     0     -26      0     26  0.13568383E+01  0.00000000E+00 0.2088E-12      5
  837    6     0     -25      0     25  0.14141995E+01  0.00000000E+00 0.3688E-13      6
  838    6     0     -24      0     24  0.14576687E+01  0.00000000E+00 0.1175E-12      5
  839    6     0     -23      0     23  0.15045190E+01  0.00000000E+00 0.1397E-12      6
  840    6     0     -22      0     22  0.15759626E+01  0.00000000E+00 0.1040E-12      5
  841    6     0     -21      0     21  0.16561286E+01  0.00000000E+00 0.2139E-12      5
  Time elapsed :      0.294 s

Mode Search
-----------

Mode parameters
   l : 7
   m : 0

Building frequency grid (REAL axis)
   added scan interval :  0.5234E+00 ->  0.2094E+01 (3000 points, INVERSE)

Building spatial grid
   Scaffold grid from model
   Split 11 subinterval(s) in iteration 1
   Split 0 subinterval(s) in iteration 2
   Final grid has 1 segment(s) and 7148 point(s):
      Segment 1 : x range 0.0000 -> 1.0012 (1 -> 7148)

Starting search (adiabatic)

Scanning frequencies
  Time elapsed :     0.845 s

Finding roots
  Time elapsed :      0.063 s

Processing modes
   id    l     m    n_pg    n_p    n_g       Re(omega)       Im(omega)        chi n_iter
  855    7     0     -72      0     72  0.59535580E+00  0.00000000E+00 0.4613E-14      6
  856    7     0     -71      0     71  0.60223426E+00  0.00000000E+00 0.1201E-11      5
  857    7     0     -70      0     70  0.61044033E+00  0.00000000E+00 0.6999E-12      5
  858    7     0     -69      0     69  0.62031122E+00  0.00000000E+00 0.2109E-12      5
  859    7     0     -68      0     68  0.62983309E+00  0.00000000E+00 0.9817E-14      6
  860    7     0     -67      0     67  0.63746374E+00  0.00000000E+00 0.8426E-12      5
  861    7     0     -66      0     66  0.64666875E+00  0.00000000E+00 0.3882E-12      5
  862    7     0     -65      0     65  0.65779002E+00  0.00000000E+00 0.8421E-13      5
  863    7     0     -64      0     64  0.66848094E+00  0.00000000E+00 0.4410E-12      5
  864    7     0     -63      0     63  0.67691978E+00  0.00000000E+00 0.2106E-13      5
  865    7     0     -62      0     62  0.68732098E+00  0.00000000E+00 0.1710E-12      5
  866    7     0     -61      0     61  0.69991116E+00  0.00000000E+00 0.4514E-12      5
  867    7     0     -60      0     60  0.71185315E+00  0.00000000E+00 0.3304E-12      6
  868    7     0     -59      0     59  0.72123449E+00  0.00000000E+00 0.9875E-13      5
  869    7     0     -58      0     58  0.73327969E+00  0.00000000E+00 0.3252E-12      5
  870    7     0     -57      0     57  0.74769379E+00  0.00000000E+00 0.2751E-12      6
  871    7     0     -56      0     56  0.76115056E+00  0.00000000E+00 0.3889E-12      5
  872    7     0     -55      0     55  0.77168249E+00  0.00000000E+00 0.1792E-13      5
  873    7     0     -54      0     54  0.78567842E+00  0.00000000E+00 0.5601E-13      5
  874    7     0     -53      0     53  0.80220472E+00  0.00000000E+00 0.2549E-12      5
  875    7     0     -52      0     52  0.81709038E+00  0.00000000E+00 0.1978E-13      6
  876    7     0     -51      0     51  0.82897548E+00  0.00000000E+00 0.5295E-13      5
  877    7     0     -50      0     50  0.84567901E+00  0.00000000E+00 0.1799E-12      5
  878    7     0     -49      0     49  0.86479676E+00  0.00000000E+00 0.2842E-12      6
  879    7     0     -48      0     48  0.88120806E+00  0.00000000E+00 0.1709E-12      6
  880    7     0     -47      0     47  0.89517875E+00  0.00000000E+00 0.3354E-13      6
  881    7     0     -46      0     46  0.91538790E+00  0.00000000E+00 0.4443E-12      5
  882    7     0     -45      0     45  0.93768466E+00  0.00000000E+00 0.2646E-13      6
  883    7     0     -44      0     44  0.95553459E+00  0.00000000E+00 0.6368E-12      5
  884    7     0     -43      0     43  0.97255292E+00  0.00000000E+00 0.3302E-12      6
  885    7     0     -42      0     42  0.99719653E+00  0.00000000E+00 0.6914E-13      5
  886    7     0     -41      0     41  0.10233694E+01  0.00000000E+00 0.5060E-12      6
  887    7     0     -40      0     40  0.10436186E+01  0.00000000E+00 0.6084E-13      5
  888    7     0     -39      0     39  0.10650648E+01  0.00000000E+00 0.4239E-12      6
  889    7     0     -38      0     38  0.10952915E+01  0.00000000E+00 0.1177E-12      5
  890    7     0     -37      0     37  0.11269867E+01  0.00000000E+00 0.3009E-12      6
  891    7     0     -36      0     36  0.11508051E+01  0.00000000E+00 0.1755E-13      5
  892    7     0     -35      0     35  0.11775171E+01  0.00000000E+00 0.9777E-13      6
  893    7     0     -34      0     34  0.12149436E+01  0.00000000E+00 0.1576E-12      5
  894    7     0     -33      0     33  0.12539698E+01  0.00000000E+00 0.2779E-12      6
  895    7     0     -32      0     32  0.12830055E+01  0.00000000E+00 0.4778E-13      5
  896    7     0     -31      0     31  0.13163438E+01  0.00000000E+00 0.1408E-12      6
  897    7     0     -30      0     30  0.13634653E+01  0.00000000E+00 0.4691E-12      5
  898    7     0     -29      0     29  0.14137247E+01  0.00000000E+00 0.2543E-12      6
  899    7     0     -28      0     28  0.14529949E+01  0.00000000E+00 0.5479E-13      5
  900    7     0     -27      0     27  0.14921337E+01  0.00000000E+00 0.1278E-12      6
  901    7     0     -26      0     26  0.15510535E+01  0.00000000E+00 0.3125E-12      5
  902    7     0     -25      0     25  0.16165653E+01  0.00000000E+00 0.1607E-12      5
  903    7     0     -24      0     24  0.16710374E+01  0.00000000E+00 0.2932E-12      5
  Time elapsed :      0.353 s

Mode Search
-----------

Mode parameters
   l : 8
   m : 0

Building frequency grid (REAL axis)
   added scan interval :  0.5234E+00 ->  0.2094E+01 (3000 points, INVERSE)

Building spatial grid
   Scaffold grid from model
   Split 13 subinterval(s) in iteration 1
   Split 0 subinterval(s) in iteration 2
   Final grid has 1 segment(s) and 7150 point(s):
      Segment 1 : x range 0.0000 -> 1.0012 (1 -> 7150)

Starting search (adiabatic)

Scanning frequencies
  Time elapsed :     0.770 s

Finding roots
  Time elapsed :      0.079 s

Processing modes
   id    l     m    n_pg    n_p    n_g       Re(omega)       Im(omega)        chi n_iter
  920    8     0     -82      0     82  0.59182692E+00  0.00000000E+00 0.3718E-12      5
  921    8     0     -81      0     81  0.59984915E+00  0.00000000E+00 0.7994E-12      5
  922    8     0     -80      0     80  0.60769660E+00  0.00000000E+00 0.2875E-12      6
  923    8     0     -79      0     79  0.61413826E+00  0.00000000E+00 0.1496E-12      5
  924    8     0     -78      0     78  0.62152317E+00  0.00000000E+00 0.3707E-13      5
  925    8     0     -77      0     77  0.63043196E+00  0.00000000E+00 0.2010E-12      5
  926    8     0     -76      0     76  0.63914763E+00  0.00000000E+00 0.1778E-12      6
  927    8     0     -75      0     75  0.64625288E+00  0.00000000E+00 0.8575E-13      5
  928    8     0     -74      0     74  0.65442152E+00  0.00000000E+00 0.9876E-12      5
  929    8     0     -73      0     73  0.66432769E+00  0.00000000E+00 0.9089E-12      5
  930    8     0     -72      0     72  0.67401479E+00  0.00000000E+00 0.2742E-12      6
  931    8     0     -71      0     71  0.68184255E+00  0.00000000E+00 0.6965E-12      5
  932    8     0     -70      0     70  0.69095359E+00  0.00000000E+00 0.6888E-12      5
  933    8     0     -69      0     69  0.70205685E+00  0.00000000E+00 0.6766E-12      5
  934    8     0     -68      0     68  0.71290754E+00  0.00000000E+00 0.8708E-13      5
  935    8     0     -67      0     67  0.72158627E+00  0.00000000E+00 0.8503E-12      5
  936    8     0     -66      0     66  0.73178849E+00  0.00000000E+00 0.4348E-12      5
  937    8     0     -65      0     65  0.74428630E+00  0.00000000E+00 0.3629E-12      5
  938    8     0     -64      0     64  0.75646074E+00  0.00000000E+00 0.1436E-12      5
  939    8     0     -63      0     63  0.76604391E+00  0.00000000E+00 0.4569E-12      5
  940    8     0     -62      0     62  0.77756210E+00  0.00000000E+00 0.2878E-12      5
  941    8     0     -61      0     61  0.79170751E+00  0.00000000E+00 0.4056E-12      5
  942    8     0     -60      0     60  0.80530144E+00  0.00000000E+00 0.5037E-13      6
  943    8     0     -59      0     59  0.81591251E+00  0.00000000E+00 0.4170E-12      6
  944    8     0     -58      0     58  0.82926227E+00  0.00000000E+00 0.1606E-12      5
  945    8     0     -57      0     57  0.84545203E+00  0.00000000E+00 0.6828E-13      5
  946    8     0     -56      0     56  0.86073968E+00  0.00000000E+00 0.7597E-14      6
  947    8     0     -55      0     55  0.87259277E+00  0.00000000E+00 0.1403E-12      6
  948    8     0     -54      0     54  0.88812559E+00  0.00000000E+00 0.4113E-12      5
  949    8     0     -53      0     53  0.90667397E+00  0.00000000E+00 0.2684E-12      6
  950    8     0     -52      0     52  0.92355081E+00  0.00000000E+00 0.2527E-12      6
  951    8     0     -51      0     51  0.93685233E+00  0.00000000E+00 0.3912E-13      6
  952    8     0     -50      0     50  0.95543228E+00  0.00000000E+00 0.3795E-12      5
  953    8     0     -49      0     49  0.97689473E+00  0.00000000E+00 0.1803E-12      6
  954    8     0     -48      0     48  0.99554565E+00  0.00000000E+00 0.1734E-12      6
  955    8     0     -47      0     47  0.10110918E+01  0.00000000E+00 0.1749E-12      6
  956    8     0     -46      0     46  0.10335630E+01  0.00000000E+00 0.6866E-13      5
  957    8     0     -45      0     45  0.10586090E+01  0.00000000E+00 0.2965E-12      6
  958    8     0     -44      0     44  0.10790382E+01  0.00000000E+00 0.1592E-12      5
  959    8     0     -43      0     43  0.10977622E+01  0.00000000E+00 0.5119E-13      6
  960    8     0     -42      0     42  0.11251027E+01  0.00000000E+00 0.1453E-13      5
  961    8     0     -41      0     41  0.11546259E+01  0.00000000E+00 0.3030E-12      5
  962    8     0     -40      0     40  0.11781548E+01  0.00000000E+00 0.2255E-12      5
  963    8     0     -39      0     39  0.12013437E+01  0.00000000E+00 0.3475E-12      6
  964    8     0     -38      0     38  0.12347421E+01  0.00000000E+00 0.1492E-12      5
  965    8     0     -37      0     37  0.12705917E+01  0.00000000E+00 0.2091E-12      6
  966    8     0     -36      0     36  0.12986364E+01  0.00000000E+00 0.1740E-12      5
  967    8     0     -35      0     35  0.13268968E+01  0.00000000E+00 0.8403E-13      6
  968    8     0     -34      0     34  0.13679563E+01  0.00000000E+00 0.1457E-13      5
  969    8     0     -33      0     33  0.14121437E+01  0.00000000E+00 0.2025E-12      6
  970    8     0     -32      0     32  0.14469366E+01  0.00000000E+00 0.3884E-13      5
  971    8     0     -31      0     31  0.14813624E+01  0.00000000E+00 0.4084E-13      5
  972    8     0     -30      0     30  0.15324934E+01  0.00000000E+00 0.1496E-12      5
  973    8     0     -29      0     29  0.15888035E+01  0.00000000E+00 0.9089E-13      6
  974    8     0     -28      0     28  0.16366085E+01  0.00000000E+00 0.5851E-14      5
  Time elapsed :      0.397 s

Mode Search
-----------

Mode parameters
   l : 9
   m : 0

Building frequency grid (REAL axis)
   added scan interval :  0.5234E+00 ->  0.2094E+01 (3000 points, INVERSE)

Building spatial grid
   Scaffold grid from model
   Split 14 subinterval(s) in iteration 1
   Split 0 subinterval(s) in iteration 2
   Final grid has 1 segment(s) and 7151 point(s):
      Segment 1 : x range 0.0000 -> 1.0012 (1 -> 7151)

Starting search (adiabatic)

Scanning frequencies
  Time elapsed :     0.819 s

Finding roots
  Time elapsed :      0.087 s

Processing modes
   id    l     m    n_pg    n_p    n_g       Re(omega)       Im(omega)        chi n_iter
  993    9     0     -92      0     92  0.59169836E+00  0.00000000E+00 0.2856E-12      6
  994    9     0     -91      0     91  0.59722159E+00  0.00000000E+00 0.4132E-13      5
  995    9     0     -90      0     90  0.60340081E+00  0.00000000E+00 0.6995E-12      5
  996    9     0     -89      0     89  0.61073791E+00  0.00000000E+00 0.1660E-12      5
  997    9     0     -88      0     88  0.61795368E+00  0.00000000E+00 0.1740E-12      5
  998    9     0     -87      0     87  0.62400222E+00  0.00000000E+00 0.4775E-12      5
  999    9     0     -86      0     86  0.63073288E+00  0.00000000E+00 0.2602E-13      5
 1000    9     0     -85      0     85  0.63879819E+00  0.00000000E+00 0.5222E-12      5
 1001    9     0     -84      0     84  0.64677451E+00  0.00000000E+00 0.2555E-12      6
 1002    9     0     -83      0     83  0.65339677E+00  0.00000000E+00 0.4410E-13      5
 1003    9     0     -82      0     82  0.66073431E+00  0.00000000E+00 0.9626E-12      5
 1004    9     0     -81      0     81  0.66963326E+00  0.00000000E+00 0.1091E-11      5
 1005    9     0     -80      0     80  0.67845484E+00  0.00000000E+00 0.3002E-12      5
 1006    9     0     -79      0     79  0.68570444E+00  0.00000000E+00 0.5760E-13      5
 1007    9     0     -78      0     78  0.69378591E+00  0.00000000E+00 0.4040E-13      5
 1008    9     0     -77      0     77  0.70366164E+00  0.00000000E+00 0.2186E-12      5
 1009    9     0     -76      0     76  0.71345924E+00  0.00000000E+00 0.6673E-13      6
 1010    9     0     -75      0     75  0.72145938E+00  0.00000000E+00 0.1707E-12      5
 1011    9     0     -74      0     74  0.73038324E+00  0.00000000E+00 0.2945E-12      6
 1012    9     0     -73      0     73  0.74135670E+00  0.00000000E+00 0.9520E-12      5
 1013    9     0     -72      0     72  0.75224558E+00  0.00000000E+00 0.1179E-12      6
 1014    9     0     -71      0     71  0.76105792E+00  0.00000000E+00 0.3676E-13      5
 1015    9     0     -70      0     70  0.77099486E+00  0.00000000E+00 0.1467E-12      5
 1016    9     0     -69      0     69  0.78328499E+00  0.00000000E+00 0.4766E-12      5
 1017    9     0     -68      0     68  0.79547564E+00  0.00000000E+00 0.6998E-14      6
 1018    9     0     -67      0     67  0.80524159E+00  0.00000000E+00 0.2971E-12      5
 1019    9     0     -66      0     66  0.81634524E+00  0.00000000E+00 0.3316E-13      5
 1020    9     0     -65      0     65  0.83016447E+00  0.00000000E+00 0.6147E-13      6
 1021    9     0     -64      0     64  0.84383295E+00  0.00000000E+00 0.3318E-12      6
 1022    9     0     -63      0     63  0.85460009E+00  0.00000000E+00 0.3130E-12      5
 1023    9     0     -62      0     62  0.86712164E+00  0.00000000E+00 0.3631E-12      5
 1024    9     0     -61      0     61  0.88276091E+00  0.00000000E+00 0.1745E-12      5
 1025    9     0     -60      0     60  0.89802118E+00  0.00000000E+00 0.6778E-13      6
 1026    9     0     -59      0     59  0.90988921E+00  0.00000000E+00 0.1896E-12      6
 1027    9     0     -58      0     58  0.92441137E+00  0.00000000E+00 0.2308E-12      5
 1028    9     0     -57      0     57  0.94230904E+00  0.00000000E+00 0.1309E-12      6
 1029    9     0     -56      0     56  0.95944475E+00  0.00000000E+00 0.2616E-13      6
 1030    9     0     -55      0     55  0.97262388E+00  0.00000000E+00 0.1588E-12      5
 1031    9     0     -54      0     54  0.98954101E+00  0.00000000E+00 0.8840E-13      5
 1032    9     0     -53      0     53  0.10100369E+01  0.00000000E+00 0.1782E-12      6
 1033    9     0     -52      0     52  0.10289479E+01  0.00000000E+00 0.5119E-13      6
 1034    9     0     -51      0     51  0.10436319E+01  0.00000000E+00 0.4136E-12      6
 1035    9     0     -50      0     50  0.10639040E+01  0.00000000E+00 0.2838E-13      6
 1036    9     0     -49      0     49  0.10876394E+01  0.00000000E+00 0.5084E-12      6
 1037    9     0     -48      0     48  0.11086496E+01  0.00000000E+00 0.2436E-12      5
 1038    9     0     -47      0     47  0.11256674E+01  0.00000000E+00 0.8200E-13      6
 1039    9     0     -46      0     46  0.11501474E+01  0.00000000E+00 0.3344E-13      5
 1040    9     0     -45      0     45  0.11778687E+01  0.00000000E+00 0.2393E-14      6
 1041    9     0     -44      0     44  0.12011320E+01  0.00000000E+00 0.2958E-13      6
 1042    9     0     -43      0     43  0.12212960E+01  0.00000000E+00 0.1310E-12      5
 1043    9     0     -42      0     42  0.12509810E+01  0.00000000E+00 0.4073E-12      5
 1044    9     0     -41      0     41  0.12837760E+01  0.00000000E+00 0.2923E-12      6
 1045    9     0     -40      0     40  0.13110248E+01  0.00000000E+00 0.1573E-12      6
 1046    9     0     -39      0     39  0.13355582E+01  0.00000000E+00 0.3905E-12      6
 1047    9     0     -38      0     38  0.13716000E+01  0.00000000E+00 0.6026E-13      5
 1048    9     0     -37      0     37  0.14114181E+01  0.00000000E+00 0.8178E-13      6
 1049    9     0     -36      0     36  0.14443775E+01  0.00000000E+00 0.7273E-15      6
 1050    9     0     -35      0     35  0.14736243E+01  0.00000000E+00 0.7809E-13      6
 1051    9     0     -34      0     34  0.15174727E+01  0.00000000E+00 0.2121E-12      6
 1052    9     0     -33      0     33  0.15664291E+01  0.00000000E+00 0.1334E-12      6
 1053    9     0     -32      0     32  0.16080246E+01  0.00000000E+00 0.6878E-13      6
 1054    9     0     -31      0     31  0.16429853E+01  0.00000000E+00 0.1256E-12      6
  Time elapsed :      0.482 s

Mode Search
-----------

Mode parameters
   l : 10
   m : 0

Building frequency grid (REAL axis)
   added scan interval :  0.5234E+00 ->  0.2094E+01 (3000 points, INVERSE)

Building spatial grid
   Scaffold grid from model
   Split 15 subinterval(s) in iteration 1
   Split 0 subinterval(s) in iteration 2
   Final grid has 1 segment(s) and 7152 point(s):
      Segment 1 : x range 0.0000 -> 1.0012 (1 -> 7152)

Starting search (adiabatic)

Scanning frequencies
  Time elapsed :     0.751 s

Finding roots
  Time elapsed :      0.095 s

Processing modes
   id    l     m    n_pg    n_p    n_g       Re(omega)       Im(omega)        chi n_iter
 1075   10     0    -102      0    102  0.59012760E+00  0.00000000E+00 0.5738E-12      5
 1076   10     0    -101      0    101  0.59637959E+00  0.00000000E+00 0.2349E-12      6
 1077   10     0    -100      0    100  0.60249678E+00  0.00000000E+00 0.6528E-12      5
 1078   10     0     -99      0     99  0.60770229E+00  0.00000000E+00 0.4896E-13      5
 1079   10     0     -98      0     98  0.61344757E+00  0.00000000E+00 0.3357E-12      5
 1080   10     0     -97      0     97  0.62021249E+00  0.00000000E+00 0.4113E-12      5
 1081   10     0     -96      0     96  0.62687115E+00  0.00000000E+00 0.4889E-12      5
 1082   10     0     -95      0     95  0.63251024E+00  0.00000000E+00 0.4924E-13      5
 1083   10     0     -94      0     94  0.63870400E+00  0.00000000E+00 0.1891E-12      5
 1084   10     0     -93      0     93  0.64606489E+00  0.00000000E+00 0.5973E-12      5
 1085   10     0     -92      0     92  0.65335220E+00  0.00000000E+00 0.7042E-12      6
 1086   10     0     -91      0     91  0.65949391E+00  0.00000000E+00 0.1643E-12      5
 1087   10     0     -90      0     90  0.66620295E+00  0.00000000E+00 0.2726E-12      5
 1088   10     0     -89      0     89  0.67425272E+00  0.00000000E+00 0.4168E-12      5
 1089   10     0     -88      0     88  0.68227113E+00  0.00000000E+00 0.2024E-12      6
 1090   10     0     -87      0     87  0.68900593E+00  0.00000000E+00 0.3200E-12      5
 1091   10     0     -86      0     86  0.69630041E+00  0.00000000E+00 0.1623E-12      5
 1092   10     0     -85      0     85  0.70513872E+00  0.00000000E+00 0.9464E-12      5
 1093   10     0     -84      0     84  0.71400074E+00  0.00000000E+00 0.4988E-12      6
 1094   10     0     -83      0     83  0.72138696E+00  0.00000000E+00 0.2809E-13      5
 1095   10     0     -82      0     82  0.72932139E+00  0.00000000E+00 0.3140E-12      5
 1096   10     0     -81      0     81  0.73906299E+00  0.00000000E+00 0.1696E-12      5
 1097   10     0     -80      0     80  0.74886601E+00  0.00000000E+00 0.1342E-12      5
 1098   10     0     -79      0     79  0.75696144E+00  0.00000000E+00 0.1415E-12      5
 1099   10     0     -78      0     78  0.76568017E+00  0.00000000E+00 0.1417E-12      6
 1100   10     0     -77      0     77  0.77648181E+00  0.00000000E+00 0.2100E-12      6
 1101   10     0     -76      0     76  0.78736794E+00  0.00000000E+00 0.3818E-12      6
 1102   10     0     -75      0     75  0.79630816E+00  0.00000000E+00 0.1640E-12      5
 1103   10     0     -74      0     74  0.80591762E+00  0.00000000E+00 0.4200E-12      5
 1104   10     0     -73      0     73  0.81790952E+00  0.00000000E+00 0.1329E-12      5
 1105   10     0     -72      0     72  0.83000593E+00  0.00000000E+00 0.6058E-14      6
 1106   10     0     -71      0     71  0.83985415E+00  0.00000000E+00 0.1751E-13      5
 1107   10     0     -70      0     70  0.85053324E+00  0.00000000E+00 0.9994E-13      5
 1108   10     0     -69      0     69  0.86395184E+00  0.00000000E+00 0.4443E-12      5
 1109   10     0     -68      0     68  0.87748532E+00  0.00000000E+00 0.1729E-12      6
 1110   10     0     -67      0     67  0.88839624E+00  0.00000000E+00 0.6956E-14      5
 1111   10     0     -66      0     66  0.90029974E+00  0.00000000E+00 0.3807E-12      5
 1112   10     0     -65      0     65  0.91537070E+00  0.00000000E+00 0.2387E-12      5
 1113   10     0     -64      0     64  0.93053440E+00  0.00000000E+00 0.3935E-13      6
 1114   10     0     -63      0     63  0.94254674E+00  0.00000000E+00 0.3306E-12      5
 1115   10     0     -62      0     62  0.95594947E+00  0.00000000E+00 0.3097E-12      6
 1116   10     0     -61      0     61  0.97300589E+00  0.00000000E+00 0.5562E-14      6
 1117   10     0     -60      0     60  0.98993801E+00  0.00000000E+00 0.2222E-12      6
 1118   10     0     -59      0     59  0.10031155E+01  0.00000000E+00 0.4370E-12      6
 1119   10     0     -58      0     58  0.10186628E+01  0.00000000E+00 0.1680E-12      6
 1120   10     0     -57      0     57  0.10381853E+01  0.00000000E+00 0.3047E-12      6
 1121   10     0     -56      0     56  0.10571816E+01  0.00000000E+00 0.4166E-12      5
 1122   10     0     -55      0     55  0.10717214E+01  0.00000000E+00 0.1129E-12      5
 1123   10     0     -54      0     54  0.10898444E+01  0.00000000E+00 0.4202E-13      6
 1124   10     0     -53      0     53  0.11121980E+01  0.00000000E+00 0.1456E-12      5
 1125   10     0     -52      0     52  0.11331957E+01  0.00000000E+00 0.1177E-12      6
 1126   10     0     -51      0     51  0.11492662E+01  0.00000000E+00 0.2007E-12      6
 1127   10     0     -50      0     50  0.11709986E+01  0.00000000E+00 0.8494E-13      6
 1128   10     0     -49      0     49  0.11969169E+01  0.00000000E+00 0.2066E-13      6
 1129   10     0     -48      0     48  0.12204303E+01  0.00000000E+00 0.9127E-13      6
 1130   10     0     -47      0     47  0.12388686E+01  0.00000000E+00 0.1107E-12      6
 1131   10     0     -46      0     46  0.12650196E+01  0.00000000E+00 0.5372E-13      6
 1132   10     0     -45      0     45  0.12953003E+01  0.00000000E+00 0.5959E-13      5
 1133   10     0     -44      0     44  0.13216894E+01  0.00000000E+00 0.3851E-12      6
 1134   10     0     -43      0     43  0.13431280E+01  0.00000000E+00 0.2460E-12      6
 1135   10     0     -42      0     42  0.13746740E+01  0.00000000E+00 0.1976E-13      6
 1136   10     0     -41      0     41  0.14105858E+01  0.00000000E+00 0.5522E-13      5
 1137   10     0     -40      0     40  0.14420091E+01  0.00000000E+00 0.1329E-12      6
 1138   10     0     -39      0     39  0.14677389E+01  0.00000000E+00 0.1585E-13      6
 1139   10     0     -38      0     38  0.15056660E+01  0.00000000E+00 0.1275E-12      6
 1140   10     0     -37      0     37  0.15491164E+01  0.00000000E+00 0.6327E-13      6
 1141   10     0     -36      0     36  0.15875886E+01  0.00000000E+00 0.4385E-14      6
 1142   10     0     -35      0     35  0.16178446E+01  0.00000000E+00 0.3546E-13      6
 1143   10     0     -34      0     34  0.16632477E+01  0.00000000E+00 0.4344E-13      6
  Time elapsed :      0.533 s

Mode Search
-----------

Mode parameters
   l : 11
   m : 0

Building frequency grid (REAL axis)
   added scan interval :  0.5234E+00 ->  0.2094E+01 (3000 points, INVERSE)

Building spatial grid
   Scaffold grid from model
   Split 27 subinterval(s) in iteration 1
   Split 0 subinterval(s) in iteration 2
   Final grid has 1 segment(s) and 7164 point(s):
      Segment 1 : x range 0.0000 -> 1.0012 (1 -> 7164)

Starting search (adiabatic)

Scanning frequencies
  Time elapsed :     0.821 s

Finding roots
  Time elapsed :      0.108 s

Processing modes
   id    l     m    n_pg    n_p    n_g       Re(omega)       Im(omega)        chi n_iter
 1167   11     0    -111      0    111  0.59500975E+00  0.00000000E+00 0.1941E-12      5
 1168   11     0    -110      0    110  0.60006920E+00  0.00000000E+00 0.3806E-12      5
 1169   11     0    -109      0    109  0.60595295E+00  0.00000000E+00 0.3488E-12      5
 1170   11     0    -108      0    108  0.61171700E+00  0.00000000E+00 0.4821E-12      6
 1171   11     0    -107      0    107  0.61666920E+00  0.00000000E+00 0.4956E-13      5
 1172   11     0    -106      0    106  0.62209279E+00  0.00000000E+00 0.8307E-12      5
 1173   11     0    -105      0    105  0.62841270E+00  0.00000000E+00 0.2024E-12      6
 1174   11     0    -104      0    104  0.63462014E+00  0.00000000E+00 0.4556E-12      6
 1175   11     0    -103      0    103  0.63992838E+00  0.00000000E+00 0.1707E-12      5
 1176   11     0    -102      0    102  0.64571511E+00  0.00000000E+00 0.8461E-12      5
 1177   11     0    -101      0    101  0.65251950E+00  0.00000000E+00 0.2121E-12      6
 1178   11     0    -100      0    100  0.65925158E+00  0.00000000E+00 0.2271E-13      6
 1179   11     0     -99      0     99  0.66498415E+00  0.00000000E+00 0.5434E-12      5
 1180   11     0     -98      0     98  0.67117260E+00  0.00000000E+00 0.3210E-12      6
 1181   11     0     -97      0     97  0.67852727E+00  0.00000000E+00 0.1376E-14      5
 1182   11     0     -96      0     96  0.68585661E+00  0.00000000E+00 0.2987E-12      6
 1183   11     0     -95      0     95  0.69207665E+00  0.00000000E+00 0.4675E-12      5
 1184   11     0     -94      0     94  0.69873634E+00  0.00000000E+00 0.2052E-12      6
 1185   11     0     -93      0     93  0.70673148E+00  0.00000000E+00 0.1478E-12      5
 1186   11     0     -92      0     92  0.71475405E+00  0.00000000E+00 0.3442E-12      6
 1187   11     0     -91      0     91  0.72153996E+00  0.00000000E+00 0.2976E-12      5
 1188   11     0     -90      0     90  0.72874188E+00  0.00000000E+00 0.6736E-12      5
 1189   11     0     -89      0     89  0.73747614E+00  0.00000000E+00 0.5476E-12      5
 1190   11     0     -88      0     88  0.74630190E+00  0.00000000E+00 0.4654E-12      6
 1191   11     0     -87      0     87  0.75375502E+00  0.00000000E+00 0.3288E-12      5
 1192   11     0     -86      0     86  0.76157105E+00  0.00000000E+00 0.1664E-12      6
 1193   11     0     -85      0     85  0.77114702E+00  0.00000000E+00 0.7603E-12      5
 1194   11     0     -84      0     84  0.78089739E+00  0.00000000E+00 0.1734E-13      6
 1195   11     0     -83      0     83  0.78908820E+00  0.00000000E+00 0.5381E-12      5
 1196   11     0     -82      0     82  0.79757071E+00  0.00000000E+00 0.1281E-12      6
 1197   11     0     -81      0     81  0.80811124E+00  0.00000000E+00 0.1725E-12      5
 1198   11     0     -80      0     80  0.81889680E+00  0.00000000E+00 0.8802E-13      5
 1199   11     0     -79      0     79  0.82788789E+00  0.00000000E+00 0.2102E-12      5
 1200   11     0     -78      0     78  0.83718554E+00  0.00000000E+00 0.6251E-13      6
 1201   11     0     -77      0     77  0.84886046E+00  0.00000000E+00 0.1358E-12      5
 1202   11     0     -76      0     76  0.86083404E+00  0.00000000E+00 0.2176E-12      6
 1203   11     0     -75      0     75  0.87077311E+00  0.00000000E+00 0.3471E-12      5
 1204   11     0     -74      0     74  0.88100061E+00  0.00000000E+00 0.1357E-12      6
 1205   11     0     -73      0     73  0.89394837E+00  0.00000000E+00 0.8744E-12      5
 1206   11     0     -72      0     72  0.90724857E+00  0.00000000E+00 0.1463E-12      6
 1207   11     0     -71      0     71  0.91819949E+00  0.00000000E+00 0.2588E-12      5
 1208   11     0     -70      0     70  0.92953879E+00  0.00000000E+00 0.1104E-12      6
 1209   11     0     -69      0     69  0.94401151E+00  0.00000000E+00 0.5123E-12      5
 1210   11     0     -68      0     68  0.95887903E+00  0.00000000E+00 0.1038E-12      5
 1211   11     0     -67      0     67  0.97101053E+00  0.00000000E+00 0.2988E-12      5
 1212   11     0     -66      0     66  0.98361430E+00  0.00000000E+00 0.1323E-12      5
 1213   11     0     -65      0     65  0.99984935E+00  0.00000000E+00 0.7144E-13      5
 1214   11     0     -64      0     64  0.10164965E+01  0.00000000E+00 0.1261E-12      6
 1215   11     0     -63      0     63  0.10298368E+01  0.00000000E+00 0.4362E-14      5
 1216   11     0     -62      0     62  0.10439978E+01  0.00000000E+00 0.2656E-13      5
 1217   11     0     -61      0     61  0.10623756E+01  0.00000000E+00 0.1476E-12      6
 1218   11     0     -60      0     60  0.10809720E+01  0.00000000E+00 0.3483E-12      6
 1219   11     0     -59      0     59  0.10955404E+01  0.00000000E+00 0.5550E-12      5
 1220   11     0     -58      0     58  0.11119557E+01  0.00000000E+00 0.6637E-13      6
 1221   11     0     -57      0     57  0.11330007E+01  0.00000000E+00 0.2411E-12      6
 1222   11     0     -56      0     56  0.11538601E+01  0.00000000E+00 0.8215E-13      6
 1223   11     0     -55      0     55  0.11698367E+01  0.00000000E+00 0.9638E-14      6
 1224   11     0     -54      0     54  0.11889611E+01  0.00000000E+00 0.2704E-12      6
 1225   11     0     -53      0     53  0.12130609E+01  0.00000000E+00 0.2385E-13      6
 1226   11     0     -52      0     52  0.12361975E+01  0.00000000E+00 0.8215E-13      6
 1227   11     0     -51      0     51  0.12537248E+01  0.00000000E+00 0.1712E-12      6
 1228   11     0     -50      0     50  0.12766300E+01  0.00000000E+00 0.5622E-13      6
 1229   11     0     -49      0     49  0.13046092E+01  0.00000000E+00 0.7893E-13      6
 1230   11     0     -48      0     48  0.13307634E+01  0.00000000E+00 0.5589E-13      5
 1231   11     0     -47      0     47  0.13506895E+01  0.00000000E+00 0.2093E-12      6
 1232   11     0     -46      0     46  0.13780662E+01  0.00000000E+00 0.3324E-13      5
 1233   11     0     -45      0     45  0.14107261E+01  0.00000000E+00 0.1578E-12      5
 1234   11     0     -44      0     44  0.14404984E+01  0.00000000E+00 0.1556E-12      6
 1235   11     0     -43      0     43  0.14633013E+01  0.00000000E+00 0.3712E-12      6
 1236   11     0     -42      0     42  0.14960518E+01  0.00000000E+00 0.1193E-12      6
 1237   11     0     -41      0     41  0.15348259E+01  0.00000000E+00 0.2921E-12      5
 1238   11     0     -40      0     40  0.15707275E+01  0.00000000E+00 0.9517E-13      6
 1239   11     0     -39      0     39  0.15980249E+01  0.00000000E+00 0.8825E-13      6
 1240   11     0     -38      0     38  0.16367824E+01  0.00000000E+00 0.2577E-12      5
 1241   11     0     -37      0     37  0.16833633E+01  0.00000000E+00 0.6790E-14      6
  Time elapsed :      0.603 s

Mode Search
-----------

Mode parameters
   l : 12
   m : 0

Building frequency grid (REAL axis)
   added scan interval :  0.5234E+00 ->  0.2094E+01 (3000 points, INVERSE)

Building spatial grid
   Scaffold grid from model
   Split 57 subinterval(s) in iteration 1
   Split 0 subinterval(s) in iteration 2
   Final grid has 1 segment(s) and 7194 point(s):
      Segment 1 : x range 0.0000 -> 1.0012 (1 -> 7194)

Starting search (adiabatic)

Scanning frequencies
  Time elapsed :     0.847 s

Finding roots
  Time elapsed :      0.118 s

Processing modes
   id    l     m    n_pg    n_p    n_g       Re(omega)       Im(omega)        chi n_iter
 1266   12     0    -121      0    121  0.59399296E+00  0.00000000E+00 0.7022E-14      6
 1267   12     0    -120      0    120  0.59918293E+00  0.00000000E+00 0.2288E-13      6
 1268   12     0    -119      0    119  0.60372789E+00  0.00000000E+00 0.5504E-12      5
 1269   12     0    -118      0    118  0.60843730E+00  0.00000000E+00 0.1801E-12      5
 1270   12     0    -117      0    117  0.61394755E+00  0.00000000E+00 0.7022E-12      5
 1271   12     0    -116      0    116  0.61947025E+00  0.00000000E+00 0.2870E-12      6
 1272   12     0    -115      0    115  0.62427261E+00  0.00000000E+00 0.7180E-12      5
 1273   12     0    -114      0    114  0.62933355E+00  0.00000000E+00 0.3688E-12      5
 1274   12     0    -113      0    113  0.63525618E+00  0.00000000E+00 0.8337E-13      5
 1275   12     0    -112      0    112  0.64114370E+00  0.00000000E+00 0.1871E-12      6
 1276   12     0    -111      0    111  0.64622070E+00  0.00000000E+00 0.2296E-13      5
 1277   12     0    -110      0    110  0.65164668E+00  0.00000000E+00 0.1826E-12      5
 1278   12     0    -109      0    109  0.65800273E+00  0.00000000E+00 0.5111E-14      5
 1279   12     0    -108      0    108  0.66429542E+00  0.00000000E+00 0.8472E-13      6
 1280   12     0    -107      0    107  0.66970355E+00  0.00000000E+00 0.9119E-12      5
 1281   12     0    -106      0    106  0.67551126E+00  0.00000000E+00 0.7381E-12      5
 1282   12     0    -105      0    105  0.68233435E+00  0.00000000E+00 0.3324E-12      6
 1283   12     0    -104      0    104  0.68911295E+00  0.00000000E+00 0.3821E-13      6
 1284   12     0    -103      0    103  0.69491779E+00  0.00000000E+00 0.7993E-13      5
 1285   12     0    -102      0    102  0.70110380E+00  0.00000000E+00 0.5082E-12      5
 1286   12     0    -101      0    101  0.70844183E+00  0.00000000E+00 0.4710E-12      6
 1287   12     0    -100      0    100  0.71579312E+00  0.00000000E+00 0.2146E-12      6
 1288   12     0     -99      0     99  0.72207341E+00  0.00000000E+00 0.3741E-12      5
 1289   12     0     -98      0     98  0.72867633E+00  0.00000000E+00 0.2785E-12      6
 1290   12     0     -97      0     97  0.73659706E+00  0.00000000E+00 0.2720E-12      6
 1291   12     0     -96      0     96  0.74460039E+00  0.00000000E+00 0.2360E-12      5
 1292   12     0     -95      0     95  0.75142807E+00  0.00000000E+00 0.3885E-12      5
 1293   12     0     -94      0     94  0.75852159E+00  0.00000000E+00 0.1600E-13      6
 1294   12     0     -93      0     93  0.76712183E+00  0.00000000E+00 0.3063E-12      6
 1295   12     0     -92      0     92  0.77588181E+00  0.00000000E+00 0.1048E-12      6
 1296   12     0     -91      0     91  0.78334533E+00  0.00000000E+00 0.7086E-13      5
 1297   12     0     -90      0     90  0.79100447E+00  0.00000000E+00 0.4752E-13      5
 1298   12     0     -89      0     89  0.80038717E+00  0.00000000E+00 0.3843E-13      5
 1299   12     0     -88      0     88  0.81001989E+00  0.00000000E+00 0.3418E-13      5
 1300   12     0     -87      0     87  0.81823185E+00  0.00000000E+00 0.2393E-12      5
 1301   12     0     -86      0     86  0.82653040E+00  0.00000000E+00 0.7240E-13      6
 1302   12     0     -85      0     85  0.83679899E+00  0.00000000E+00 0.6686E-12      5
 1303   12     0     -84      0     84  0.84743370E+00  0.00000000E+00 0.2122E-12      5
 1304   12     0     -83      0     83  0.85647871E+00  0.00000000E+00 0.1033E-12      5
 1305   12     0     -82      0     82  0.86546644E+00  0.00000000E+00 0.1969E-12      6
 1306   12     0     -81      0     81  0.87675029E+00  0.00000000E+00 0.7989E-12      5
 1307   12     0     -80      0     80  0.88851092E+00  0.00000000E+00 0.8599E-13      6
 1308   12     0     -79      0     79  0.89845735E+00  0.00000000E+00 0.1274E-12      5
 1309   12     0     -78      0     78  0.90828386E+00  0.00000000E+00 0.1835E-12      6
 1310   12     0     -77      0     77  0.92076520E+00  0.00000000E+00 0.3150E-13      5
 1311   12     0     -76      0     76  0.93381495E+00  0.00000000E+00 0.1026E-12      6
 1312   12     0     -75      0     75  0.94482222E+00  0.00000000E+00 0.9010E-14      6
 1313   12     0     -74      0     74  0.95561105E+00  0.00000000E+00 0.2942E-12      6
 1314   12     0     -73      0     73  0.96943537E+00  0.00000000E+00 0.3149E-13      5
 1315   12     0     -72      0     72  0.98392323E+00  0.00000000E+00 0.2043E-13      6
 1316   12     0     -71      0     71  0.99605529E+00  0.00000000E+00 0.1448E-12      6
 1317   12     0     -70      0     70  0.10079850E+01  0.00000000E+00 0.5207E-12      6
 1318   12     0     -69      0     69  0.10234180E+01  0.00000000E+00 0.4888E-13      5
 1319   12     0     -68      0     68  0.10395961E+01  0.00000000E+00 0.3252E-13      6
 1320   12     0     -67      0     67  0.10530369E+01  0.00000000E+00 0.4158E-13      5
 1321   12     0     -66      0     66  0.10662556E+01  0.00000000E+00 0.2673E-12      5
 1322   12     0     -65      0     65  0.10835453E+01  0.00000000E+00 0.2189E-12      5
 1323   12     0     -64      0     64  0.11016479E+01  0.00000000E+00 0.1230E-12      6
 1324   12     0     -63      0     63  0.11164163E+01  0.00000000E+00 0.5273E-13      5
 1325   12     0     -62      0     62  0.11312242E+01  0.00000000E+00 0.1638E-12      6
 1326   12     0     -61      0     61  0.11508045E+01  0.00000000E+00 0.8294E-13      5
 1327   12     0     -60      0     60  0.11710405E+01  0.00000000E+00 0.2311E-12      6
 1328   12     0     -59      0     59  0.11871105E+01  0.00000000E+00 0.2324E-12      5
 1329   12     0     -58      0     58  0.12042369E+01  0.00000000E+00 0.2806E-13      6
 1330   12     0     -57      0     57  0.12266765E+01  0.00000000E+00 0.5535E-13      6
 1331   12     0     -56      0     56  0.12493861E+01  0.00000000E+00 0.1128E-12      6
 1332   12     0     -55      0     55  0.12669269E+01  0.00000000E+00 0.3960E-12      5
 1333   12     0     -54      0     54  0.12868274E+01  0.00000000E+00 0.1980E-13      6
 1334   12     0     -53      0     53  0.13125309E+01  0.00000000E+00 0.3834E-12      5
 1335   12     0     -52      0     52  0.13378415E+01  0.00000000E+00 0.3374E-13      6
 1336   12     0     -51      0     51  0.13569956E+01  0.00000000E+00 0.6845E-13      6
 1337   12     0     -50      0     50  0.13807281E+01  0.00000000E+00 0.7766E-14      5
 1338   12     0     -49      0     49  0.14105967E+01  0.00000000E+00 0.1601E-12      5
 1339   12     0     -48      0     48  0.14394751E+01  0.00000000E+00 0.6131E-13      6
 1340   12     0     -47      0     47  0.14611513E+01  0.00000000E+00 0.1596E-12      6
 1341   12     0     -46      0     46  0.14891942E+01  0.00000000E+00 0.1836E-12      6
 1342   12     0     -45      0     45  0.15239665E+01  0.00000000E+00 0.9133E-13      6
 1343   12     0     -44      0     44  0.15572409E+01  0.00000000E+00 0.7879E-13      6
 1344   12     0     -43      0     43  0.15819253E+01  0.00000000E+00 0.4312E-13      6
 1345   12     0     -42      0     42  0.16150370E+01  0.00000000E+00 0.2022E-12      6
 1346   12     0     -41      0     41  0.16562901E+01  0.00000000E+00 0.1496E-12      5
 1347   12     0     -40      0     40  0.16966383E+01  0.00000000E+00 0.4976E-13      6
  Time elapsed :      0.608 s

Mode Search
-----------

Mode parameters
   l : 13
   m : 0

Building frequency grid (REAL axis)
   added scan interval :  0.5234E+00 ->  0.2094E+01 (3000 points, INVERSE)

Building spatial grid
   Scaffold grid from model
   Split 89 subinterval(s) in iteration 1
   Split 10 subinterval(s) in iteration 2
   Split 0 subinterval(s) in iteration 3
   Final grid has 1 segment(s) and 7236 point(s):
      Segment 1 : x range 0.0000 -> 1.0012 (1 -> 7236)

Starting search (adiabatic)

Scanning frequencies
  Time elapsed :     0.758 s

Finding roots
  Time elapsed :      0.131 s

Processing modes
   id    l     m    n_pg    n_p    n_g       Re(omega)       Im(omega)        chi n_iter
 1373   13     0    -131      0    131  0.59292241E+00  0.00000000E+00 0.3324E-12      5
 1374   13     0    -130      0    130  0.59703367E+00  0.00000000E+00 0.4121E-13      5
 1375   13     0    -129      0    129  0.60181865E+00  0.00000000E+00 0.7998E-12      5
 1376   13     0    -128      0    128  0.60679360E+00  0.00000000E+00 0.1380E-12      6
 1377   13     0    -127      0    127  0.61124450E+00  0.00000000E+00 0.1496E-12      6
 1378   13     0    -126      0    126  0.61564804E+00  0.00000000E+00 0.1635E-12      5
 1379   13     0    -125      0    125  0.62078988E+00  0.00000000E+00 0.3407E-12      6
 1380   13     0    -124      0    124  0.62606687E+00  0.00000000E+00 0.1443E-12      6
 1381   13     0    -123      0    123  0.63073528E+00  0.00000000E+00 0.1646E-12      6
 1382   13     0    -122      0    122  0.63543756E+00  0.00000000E+00 0.1014E-12      5
 1383   13     0    -121      0    121  0.64095110E+00  0.00000000E+00 0.3169E-12      6
 1384   13     0    -120      0    120  0.64656759E+00  0.00000000E+00 0.2971E-12      6
 1385   13     0    -119      0    119  0.65150224E+00  0.00000000E+00 0.8699E-13      6
 1386   13     0    -118      0    118  0.65653100E+00  0.00000000E+00 0.4070E-12      5
 1387   13     0    -117      0    117  0.66244065E+00  0.00000000E+00 0.3424E-13      6
 1388   13     0    -116      0    116  0.66842169E+00  0.00000000E+00 0.2429E-13      6
 1389   13     0    -115      0    115  0.67363741E+00  0.00000000E+00 0.3138E-12      5
 1390   13     0    -114      0    114  0.67903253E+00  0.00000000E+00 0.1210E-11      5
 1391   13     0    -113      0    113  0.68538277E+00  0.00000000E+00 0.7077E-12      5
 1392   13     0    -112      0    112  0.69176382E+00  0.00000000E+00 0.3612E-12      6
 1393   13     0    -111      0    111  0.69727989E+00  0.00000000E+00 0.8190E-12      5
 1394   13     0    -110      0    110  0.70305369E+00  0.00000000E+00 0.2586E-12      5
 1395   13     0    -109      0    109  0.70986628E+00  0.00000000E+00 0.3387E-12      6
 1396   13     0    -108      0    108  0.71669084E+00  0.00000000E+00 0.4329E-12      6
 1397   13     0    -107      0    107  0.72257084E+00  0.00000000E+00 0.5532E-12      5
 1398   13     0    -106      0    106  0.72874093E+00  0.00000000E+00 0.3868E-12      5
 1399   13     0    -105      0    105  0.73604871E+00  0.00000000E+00 0.2271E-12      6
 1400   13     0    -104      0    104  0.74340142E+00  0.00000000E+00 0.7943E-13      6
 1401   13     0    -103      0    103  0.74972314E+00  0.00000000E+00 0.6592E-12      5
 1402   13     0    -102      0    102  0.75628349E+00  0.00000000E+00 0.1132E-12      6
 1403   13     0    -101      0    101  0.76413180E+00  0.00000000E+00 0.6610E-12      5
 1404   13     0    -100      0    100  0.77210372E+00  0.00000000E+00 0.2352E-12      6
 1405   13     0     -99      0     99  0.77895816E+00  0.00000000E+00 0.3703E-13      5
 1406   13     0     -98      0     98  0.78594824E+00  0.00000000E+00 0.4240E-12      5
 1407   13     0     -97      0     97  0.79440499E+00  0.00000000E+00 0.4982E-12      5
 1408   13     0     -96      0     96  0.80308138E+00  0.00000000E+00 0.2684E-12      6
 1409   13     0     -95      0     95  0.81054994E+00  0.00000000E+00 0.1428E-12      6
 1410   13     0     -94      0     94  0.81804896E+00  0.00000000E+00 0.2590E-12      6
 1411   13     0     -93      0     93  0.82721739E+00  0.00000000E+00 0.2245E-12      5
 1412   13     0     -92      0     92  0.83671116E+00  0.00000000E+00 0.9019E-13      6
 1413   13     0     -91      0     91  0.84489192E+00  0.00000000E+00 0.9016E-13      6
 1414   13     0     -90      0     90  0.85297895E+00  0.00000000E+00 0.1912E-12      6
 1415   13     0     -89      0     89  0.86296497E+00  0.00000000E+00 0.2821E-12      5
 1416   13     0     -88      0     88  0.87339735E+00  0.00000000E+00 0.5946E-13      6
 1417   13     0     -87      0     87  0.88241432E+00  0.00000000E+00 0.1314E-12      5
 1418   13     0     -86      0     86  0.89116559E+00  0.00000000E+00 0.2097E-12      6
 1419   13     0     -85      0     85  0.90207079E+00  0.00000000E+00 0.1500E-12      5
 1420   13     0     -84      0     84  0.91357756E+00  0.00000000E+00 0.1025E-12      6
 1421   13     0     -83      0     83  0.92353175E+00  0.00000000E+00 0.1137E-12      6
 1422   13     0     -82      0     82  0.93299517E+00  0.00000000E+00 0.2044E-12      6
 1423   13     0     -81      0     81  0.94495280E+00  0.00000000E+00 0.1202E-12      5
 1424   13     0     -80      0     80  0.95767070E+00  0.00000000E+00 0.1635E-12      6
 1425   13     0     -79      0     79  0.96863743E+00  0.00000000E+00 0.3251E-12      5
 1426   13     0     -78      0     78  0.97896050E+00  0.00000000E+00 0.4115E-13      6
 1427   13     0     -77      0     77  0.99216450E+00  0.00000000E+00 0.1400E-12      5
 1428   13     0     -76      0     76  0.10062668E+01  0.00000000E+00 0.1203E-12      6
 1429   13     0     -75      0     75  0.10184159E+01  0.00000000E+00 0.2756E-12      6
 1430   13     0     -74      0     74  0.10297322E+01  0.00000000E+00 0.1216E-13      6
 1431   13     0     -73      0     73  0.10443339E+01  0.00000000E+00 0.2623E-14      5
 1432   13     0     -72      0     72  0.10599785E+01  0.00000000E+00 0.1371E-12      6
 1433   13     0     -71      0     71  0.10733737E+01  0.00000000E+00 0.1531E-12      6
 1434   13     0     -70      0     70  0.10858499E+01  0.00000000E+00 0.4584E-12      6
 1435   13     0     -69      0     69  0.11021266E+01  0.00000000E+00 0.1981E-12      5
 1436   13     0     -68      0     68  0.11195751E+01  0.00000000E+00 0.3441E-12      6
 1437   13     0     -67      0     67  0.11344180E+01  0.00000000E+00 0.9373E-13      6
 1438   13     0     -66      0     66  0.11481964E+01  0.00000000E+00 0.3192E-12      5
 1439   13     0     -65      0     65  0.11664057E+01  0.00000000E+00 0.1608E-12      5
 1440   13     0     -64      0     64  0.11859178E+01  0.00000000E+00 0.1160E-12      6
 1441   13     0     -63      0     63  0.12022233E+01  0.00000000E+00 0.9536E-13      6
 1442   13     0     -62      0     62  0.12175951E+01  0.00000000E+00 0.1422E-12      6
 1443   13     0     -61      0     61  0.12382297E+01  0.00000000E+00 0.2462E-12      5
 1444   13     0     -60      0     60  0.12600608E+01  0.00000000E+00 0.1457E-13      6
 1445   13     0     -59      0     59  0.12777687E+01  0.00000000E+00 0.5248E-12      5
 1446   13     0     -58      0     58  0.12954654E+01  0.00000000E+00 0.2574E-12      6
 1447   13     0     -57      0     57  0.13191382E+01  0.00000000E+00 0.1032E-13      5
 1448   13     0     -56      0     56  0.13436610E+01  0.00000000E+00 0.5449E-14      6
 1449   13     0     -55      0     55  0.13629506E+01  0.00000000E+00 0.1581E-12      5
 1450   13     0     -54      0     54  0.13833975E+01  0.00000000E+00 0.9514E-13      6
 1451   13     0     -53      0     53  0.14105174E+01  0.00000000E+00 0.1098E-12      5
 1452   13     0     -52      0     52  0.14379971E+01  0.00000000E+00 0.2656E-12      6
 1453   13     0     -51      0     51  0.14590722E+01  0.00000000E+00 0.1388E-12      6
 1454   13     0     -50      0     50  0.14832491E+01  0.00000000E+00 0.1046E-12      6
 1455   13     0     -49      0     49  0.15147608E+01  0.00000000E+00 0.1285E-12      5
 1456   13     0     -48      0     48  0.15463387E+01  0.00000000E+00 0.1542E-12      6
 1457   13     0     -47      0     47  0.15702717E+01  0.00000000E+00 0.2818E-12      5
 1458   13     0     -46      0     46  0.15983530E+01  0.00000000E+00 0.8272E-13      6
 1459   13     0     -45      0     45  0.16348579E+01  0.00000000E+00 0.8888E-13      6
 1460   13     0     -44      0     44  0.16715283E+01  0.00000000E+00 0.1584E-12      6
 1461   13     0     -43      0     43  0.16990941E+01  0.00000000E+00 0.7402E-14      5
  Time elapsed :      0.712 s

Mode Search
-----------

Mode parameters
   l : 14
   m : 0

Building frequency grid (REAL axis)
   added scan interval :  0.5234E+00 ->  0.2094E+01 (3000 points, INVERSE)

Building spatial grid
   Scaffold grid from model
   Split 203 subinterval(s) in iteration 1
   Split 20 subinterval(s) in iteration 2
   Split 0 subinterval(s) in iteration 3
   Final grid has 1 segment(s) and 7360 point(s):
      Segment 1 : x range 0.0000 -> 1.0012 (1 -> 7360)

Starting search (adiabatic)

Scanning frequencies
  Time elapsed :     0.840 s

Finding roots
  Time elapsed :      0.177 s

Processing modes
   id    l     m    n_pg    n_p    n_g       Re(omega)       Im(omega)        chi n_iter
 1489   14     0    -141      0    141  0.59164354E+00  0.00000000E+00 0.8471E-12      5
 1490   14     0    -140      0    140  0.59613044E+00  0.00000000E+00 0.2562E-12      5
 1491   14     0    -139      0    139  0.60030082E+00  0.00000000E+00 0.5260E-12      6
 1492   14     0    -138      0    138  0.60421608E+00  0.00000000E+00 0.2035E-12      5
 1493   14     0    -137      0    137  0.60868670E+00  0.00000000E+00 0.1515E-12      5
 1494   14     0    -136      0    136  0.61344814E+00  0.00000000E+00 0.4423E-12      5
 1495   14     0    -135      0    135  0.61781711E+00  0.00000000E+00 0.7747E-14      6
 1496   14     0    -134      0    134  0.62194028E+00  0.00000000E+00 0.3994E-12      5
 1497   14     0    -133      0    133  0.62671331E+00  0.00000000E+00 0.7923E-12      5
 1498   14     0    -132      0    132  0.63177104E+00  0.00000000E+00 0.3555E-13      5
 1499   14     0    -131      0    131  0.63637310E+00  0.00000000E+00 0.3815E-13      5
 1500   14     0    -130      0    130  0.64075632E+00  0.00000000E+00 0.1310E-11      5
 1501   14     0    -129      0    129  0.64585268E+00  0.00000000E+00 0.8905E-12      5
 1502   14     0    -128      0    128  0.65119800E+00  0.00000000E+00 0.5840E-13      6
 1503   14     0    -127      0    127  0.65600680E+00  0.00000000E+00 0.2152E-12      6
 1504   14     0    -126      0    126  0.66069400E+00  0.00000000E+00 0.3223E-12      5
 1505   14     0    -125      0    125  0.66617199E+00  0.00000000E+00 0.2065E-12      5
 1506   14     0    -124      0    124  0.67184617E+00  0.00000000E+00 0.1261E-12      6
 1507   14     0    -123      0    123  0.67689159E+00  0.00000000E+00 0.1429E-12      5
 1508   14     0    -122      0    122  0.68188887E+00  0.00000000E+00 0.5175E-12      6
 1509   14     0    -121      0    121  0.68776309E+00  0.00000000E+00 0.3530E-12      6
 1510   14     0    -120      0    120  0.69380657E+00  0.00000000E+00 0.1300E-12      6
 1511   14     0    -119      0    119  0.69914259E+00  0.00000000E+00 0.1132E-12      6
 1512   14     0    -118      0    118  0.70447884E+00  0.00000000E+00 0.1874E-12      5
 1513   14     0    -117      0    117  0.71077309E+00  0.00000000E+00 0.1507E-12      5
 1514   14     0    -116      0    116  0.71721325E+00  0.00000000E+00 0.4246E-13      6
 1515   14     0    -115      0    115  0.72285601E+00  0.00000000E+00 0.1980E-12      6
 1516   14     0    -114      0    114  0.72857047E+00  0.00000000E+00 0.3723E-12      5
 1517   14     0    -113      0    113  0.73533162E+00  0.00000000E+00 0.1432E-12      6
 1518   14     0    -112      0    112  0.74220766E+00  0.00000000E+00 0.1263E-12      6
 1519   14     0    -111      0    111  0.74817954E+00  0.00000000E+00 0.5963E-13      6
 1520   14     0    -110      0    110  0.75428248E+00  0.00000000E+00 0.4927E-13      5
 1521   14     0    -109      0    109  0.76153209E+00  0.00000000E+00 0.3736E-12      6
 1522   14     0    -108      0    108  0.76889004E+00  0.00000000E+00 0.1945E-12      6
 1523   14     0    -107      0    107  0.77526272E+00  0.00000000E+00 0.4555E-12      5
 1524   14     0    -106      0    106  0.78177390E+00  0.00000000E+00 0.7613E-13      6
 1525   14     0    -105      0    105  0.78954281E+00  0.00000000E+00 0.1193E-12      5
 1526   14     0    -104      0    104  0.79746951E+00  0.00000000E+00 0.1103E-12      6
 1527   14     0    -103      0    103  0.80433387E+00  0.00000000E+00 0.1243E-12      6
 1528   14     0    -102      0    102  0.81124613E+00  0.00000000E+00 0.2790E-12      5
 1529   14     0    -101      0    101  0.81957512E+00  0.00000000E+00 0.2474E-12      5
 1530   14     0    -100      0    100  0.82816450E+00  0.00000000E+00 0.1366E-12      6
 1531   14     0     -99      0     99  0.83562423E+00  0.00000000E+00 0.4586E-12      5
 1532   14     0     -98      0     98  0.84297955E+00  0.00000000E+00 0.1884E-12      5
 1533   14     0     -97      0     97  0.85193527E+00  0.00000000E+00 0.3287E-12      5
 1534   14     0     -96      0     96  0.86127842E+00  0.00000000E+00 0.2222E-12      6
 1535   14     0     -95      0     95  0.86942516E+00  0.00000000E+00 0.1703E-12      6
 1536   14     0     -94      0     94  0.87730905E+00  0.00000000E+00 0.1480E-12      6
 1537   14     0     -93      0     93  0.88700016E+00  0.00000000E+00 0.7638E-13      5
 1538   14     0     -92      0     92  0.89721788E+00  0.00000000E+00 0.1324E-12      5
 1539   14     0     -91      0     91  0.90615970E+00  0.00000000E+00 0.3961E-12      5
 1540   14     0     -90      0     90  0.91465624E+00  0.00000000E+00 0.1716E-12      6
 1541   14     0     -89      0     89  0.92518929E+00  0.00000000E+00 0.3505E-13      5
 1542   14     0     -88      0     88  0.93640576E+00  0.00000000E+00 0.5106E-13      6
 1543   14     0     -87      0     87  0.94627666E+00  0.00000000E+00 0.6503E-13      5
 1544   14     0     -86      0     86  0.95546736E+00  0.00000000E+00 0.1879E-12      6
 1545   14     0     -85      0     85  0.96693999E+00  0.00000000E+00 0.8246E-14      5
 1546   14     0     -84      0     84  0.97929638E+00  0.00000000E+00 0.2749E-12      6
 1547   14     0     -83      0     83  0.99021467E+00  0.00000000E+00 0.1146E-12      6
 1548   14     0     -82      0     82  0.10001473E+01  0.00000000E+00 0.1433E-15      6
 1549   14     0     -81      0     81  0.10126934E+01  0.00000000E+00 0.8951E-13      5
 1550   14     0     -80      0     80  0.10263385E+01  0.00000000E+00 0.1509E-12      6
 1551   14     0     -79      0     79  0.10383879E+01  0.00000000E+00 0.2320E-12      6
 1552   14     0     -78      0     78  0.10492050E+01  0.00000000E+00 0.1206E-12      5
 1553   14     0     -77      0     77  0.10630293E+01  0.00000000E+00 0.1745E-12      5
 1554   14     0     -76      0     76  0.10781467E+01  0.00000000E+00 0.4346E-12      6
 1555   14     0     -75      0     75  0.10915063E+01  0.00000000E+00 0.1220E-12      6
 1556   14     0     -74      0     74  0.11033518E+01  0.00000000E+00 0.1511E-12      6
 1557   14     0     -73      0     73  0.11186099E+01  0.00000000E+00 0.3070E-12      5
 1558   14     0     -72      0     72  0.11353637E+01  0.00000000E+00 0.4057E-12      6
 1559   14     0     -71      0     71  0.11500975E+01  0.00000000E+00 0.2099E-12      5
 1560   14     0     -70      0     70  0.11631174E+01  0.00000000E+00 0.3896E-12      6
 1561   14     0     -69      0     69  0.11800957E+01  0.00000000E+00 0.9404E-13      5
 1562   14     0     -68      0     68  0.11987557E+01  0.00000000E+00 0.2036E-12      6
 1563   14     0     -67      0     67  0.12150853E+01  0.00000000E+00 0.1658E-12      6
 1564   14     0     -66      0     66  0.12294176E+01  0.00000000E+00 0.6172E-13      6
 1565   14     0     -65      0     65  0.12483821E+01  0.00000000E+00 0.3819E-12      5
 1566   14     0     -64      0     64  0.12692372E+01  0.00000000E+00 0.1285E-12      6
 1567   14     0     -63      0     63  0.12871845E+01  0.00000000E+00 0.3653E-14      6
 1568   14     0     -62      0     62  0.13030880E+01  0.00000000E+00 0.2190E-12      6
 1569   14     0     -61      0     61  0.13245943E+01  0.00000000E+00 0.9847E-13      5
 1570   14     0     -60      0     60  0.13479524E+01  0.00000000E+00 0.2097E-12      5
 1571   14     0     -59      0     59  0.13674480E+01  0.00000000E+00 0.1348E-12      6
 1572   14     0     -58      0     58  0.13856170E+01  0.00000000E+00 0.6081E-13      6
 1573   14     0     -57      0     57  0.14103164E+01  0.00000000E+00 0.1486E-12      5
 1574   14     0     -56      0     56  0.14365842E+01  0.00000000E+00 0.7424E-14      6
 1575   14     0     -55      0     55  0.14578573E+01  0.00000000E+00 0.5198E-13      5
 1576   14     0     -54      0     54  0.14786529E+01  0.00000000E+00 0.8710E-13      6
 1577   14     0     -53      0     53  0.15069370E+01  0.00000000E+00 0.2223E-12      5
 1578   14     0     -52      0     52  0.15365194E+01  0.00000000E+00 0.2117E-12      6
 1579   14     0     -51      0     51  0.15599261E+01  0.00000000E+00 0.4965E-13      5
 1580   14     0     -50      0     50  0.15841909E+01  0.00000000E+00 0.1155E-12      6
 1581   14     0     -49      0     49  0.16169881E+01  0.00000000E+00 0.1748E-12      5
 1582   14     0     -48      0     48  0.16510958E+01  0.00000000E+00 0.1211E-13      6
 1583   14     0     -47      0     47  0.16779906E+01  0.00000000E+00 0.2377E-12      5
  Time elapsed :      0.969 s

Mode Search
-----------

Mode parameters
   l : 15
   m : 0

Building frequency grid (REAL axis)
   added scan interval :  0.5234E+00 ->  0.2094E+01 (3000 points, INVERSE)

Building spatial grid
   Scaffold grid from model
   Split 261 subinterval(s) in iteration 1
   Split 23 subinterval(s) in iteration 2
   Split 0 subinterval(s) in iteration 3
   Final grid has 1 segment(s) and 7421 point(s):
      Segment 1 : x range 0.0000 -> 1.0012 (1 -> 7421)

Starting search (adiabatic)

Scanning frequencies
  Time elapsed :     1.207 s

Finding roots
  Time elapsed :      0.220 s

Processing modes
   id    l     m    n_pg    n_p    n_g       Re(omega)       Im(omega)        chi n_iter
 1614   15     0    -150      0    150  0.59458274E+00  0.00000000E+00 0.9991E-13      5
 1615   15     0    -149      0    149  0.59849499E+00  0.00000000E+00 0.1989E-12      5
 1616   15     0    -148      0    148  0.60279727E+00  0.00000000E+00 0.3740E-12      6
 1617   15     0    -147      0    147  0.60689287E+00  0.00000000E+00 0.1830E-12      6
 1618   15     0    -146      0    146  0.61062164E+00  0.00000000E+00 0.1740E-12      5
 1619   15     0    -145      0    145  0.61477728E+00  0.00000000E+00 0.8483E-13      5
 1620   15     0    -144      0    144  0.61931880E+00  0.00000000E+00 0.3513E-12      6
 1621   15     0    -143      0    143  0.62361181E+00  0.00000000E+00 0.9899E-14      6
 1622   15     0    -142      0    142  0.62754857E+00  0.00000000E+00 0.2481E-12      5
 1623   15     0    -141      0    141  0.63196798E+00  0.00000000E+00 0.1977E-12      5
 1624   15     0    -140      0    140  0.63675625E+00  0.00000000E+00 0.5249E-13      5
 1625   15     0    -139      0    139  0.64123823E+00  0.00000000E+00 0.9152E-12      5
 1626   15     0    -138      0    138  0.64540486E+00  0.00000000E+00 0.1298E-12      5
 1627   15     0    -137      0    137  0.65013959E+00  0.00000000E+00 0.1006E-11      5
 1628   15     0    -136      0    136  0.65522300E+00  0.00000000E+00 0.4427E-12      6
 1629   15     0    -135      0    135  0.65992112E+00  0.00000000E+00 0.1518E-12      6
 1630   15     0    -134      0    134  0.66430307E+00  0.00000000E+00 0.3841E-12      5
 1631   15     0    -133      0    133  0.66935677E+00  0.00000000E+00 0.2190E-12      5
 1632   15     0    -132      0    132  0.67475898E+00  0.00000000E+00 0.5155E-12      5
 1633   15     0    -131      0    131  0.67971001E+00  0.00000000E+00 0.3220E-12      6
 1634   15     0    -130      0    130  0.68436224E+00  0.00000000E+00 0.1048E-11      5
 1635   15     0    -129      0    129  0.68975766E+00  0.00000000E+00 0.1283E-12      5
 1636   15     0    -128      0    128  0.69547110E+00  0.00000000E+00 0.2327E-12      6
 1637   15     0    -127      0    127  0.70064658E+00  0.00000000E+00 0.2222E-12      6
 1638   15     0    -126      0    126  0.70561190E+00  0.00000000E+00 0.4770E-12      5
 1639   15     0    -125      0    125  0.71141253E+00  0.00000000E+00 0.3893E-12      5
 1640   15     0    -124      0    124  0.71748235E+00  0.00000000E+00 0.1436E-12      6
 1641   15     0    -123      0    123  0.72291584E+00  0.00000000E+00 0.2805E-12      6
 1642   15     0    -122      0    122  0.72820035E+00  0.00000000E+00 0.4096E-13      5
 1643   15     0    -121      0    121  0.73442001E+00  0.00000000E+00 0.8752E-13      5
 1644   15     0    -120      0    120  0.74088903E+00  0.00000000E+00 0.2203E-13      6
 1645   15     0    -119      0    119  0.74663947E+00  0.00000000E+00 0.3200E-12      6
 1646   15     0    -118      0    118  0.75227346E+00  0.00000000E+00 0.3970E-12      6
 1647   15     0    -117      0    117  0.75893498E+00  0.00000000E+00 0.9622E-13      5
 1648   15     0    -116      0    116  0.76583314E+00  0.00000000E+00 0.1100E-12      6
 1649   15     0    -115      0    115  0.77191905E+00  0.00000000E+00 0.1257E-12      6
 1650   15     0    -114      0    114  0.77794004E+00  0.00000000E+00 0.2062E-12      6
 1651   15     0    -113      0    113  0.78509169E+00  0.00000000E+00 0.2751E-12      5
 1652   15     0    -112      0    112  0.79246131E+00  0.00000000E+00 0.2140E-12      6
 1653   15     0    -111      0    111  0.79890891E+00  0.00000000E+00 0.2676E-12      5
 1654   15     0    -110      0    110  0.80532544E+00  0.00000000E+00 0.1903E-12      5
 1655   15     0    -109      0    109  0.81298826E+00  0.00000000E+00 0.3090E-12      6
 1656   15     0    -108      0    108  0.82087756E+00  0.00000000E+00 0.2879E-13      6
 1657   15     0    -107      0    107  0.82776700E+00  0.00000000E+00 0.4770E-12      6
 1658   15     0    -106      0    106  0.83460205E+00  0.00000000E+00 0.4655E-12      5
 1659   15     0    -105      0    105  0.84280340E+00  0.00000000E+00 0.3979E-12      6
 1660   15     0    -104      0    104  0.85129968E+00  0.00000000E+00 0.4272E-12      6
 1661   15     0    -103      0    103  0.85873565E+00  0.00000000E+00 0.1896E-12      6
 1662   15     0    -102      0    102  0.86598359E+00  0.00000000E+00 0.1911E-12      5
 1663   15     0    -101      0    101  0.87475728E+00  0.00000000E+00 0.3284E-12      5
 1664   15     0    -100      0    100  0.88395565E+00  0.00000000E+00 0.1668E-12      6
 1665   15     0     -99      0     99  0.89205427E+00  0.00000000E+00 0.3095E-12      6
 1666   15     0     -98      0     98  0.89976215E+00  0.00000000E+00 0.4919E-13      6
 1667   15     0     -97      0     97  0.90917164E+00  0.00000000E+00 0.2354E-12      5
 1668   15     0     -96      0     96  0.91916864E+00  0.00000000E+00 0.8199E-13      6
 1669   15     0     -95      0     95  0.92803251E+00  0.00000000E+00 0.1430E-12      6
 1670   15     0     -94      0     94  0.93629475E+00  0.00000000E+00 0.5447E-13      6
 1671   15     0     -93      0     93  0.94645305E+00  0.00000000E+00 0.1156E-12      5
 1672   15     0     -92      0     92  0.95737637E+00  0.00000000E+00 0.1377E-12      6
 1673   15     0     -91      0     91  0.96712185E+00  0.00000000E+00 0.1686E-12      6
 1674   15     0     -90      0     90  0.97602866E+00  0.00000000E+00 0.2005E-13      6
 1675   15     0     -89      0     89  0.98704122E+00  0.00000000E+00 0.6125E-12      5
 1676   15     0     -88      0     88  0.99901657E+00  0.00000000E+00 0.9507E-13      6
 1677   15     0     -87      0     87  0.10097865E+01  0.00000000E+00 0.9366E-13      6
 1678   15     0     -86      0     86  0.10194282E+01  0.00000000E+00 0.9544E-13      6
 1679   15     0     -85      0     85  0.10313857E+01  0.00000000E+00 0.1582E-12      5
 1680   15     0     -84      0     84  0.10445576E+01  0.00000000E+00 0.1609E-12      5
 1681   15     0     -83      0     83  0.10564871E+01  0.00000000E+00 0.2563E-12      6
 1682   15     0     -82      0     82  0.10669158E+01  0.00000000E+00 0.8626E-13      6
 1683   15     0     -81      0     81  0.10799493E+01  0.00000000E+00 0.2527E-12      5
 1684   15     0     -80      0     80  0.10944775E+01  0.00000000E+00 0.1643E-12      6
 1685   15     0     -79      0     79  0.11076602E+01  0.00000000E+00 0.1037E-12      6
 1686   15     0     -78      0     78  0.11190102E+01  0.00000000E+00 0.1302E-12      6
 1687   15     0     -77      0     77  0.11333337E+01  0.00000000E+00 0.8330E-13      5
 1688   15     0     -76      0     76  0.11494126E+01  0.00000000E+00 0.5521E-13      6
 1689   15     0     -75      0     75  0.11640347E+01  0.00000000E+00 0.1981E-12      6
 1690   15     0     -74      0     74  0.11764613E+01  0.00000000E+00 0.7303E-13      6
 1691   15     0     -73      0     73  0.11922333E+01  0.00000000E+00 0.1905E-12      6
 1692   15     0     -72      0     72  0.12100301E+01  0.00000000E+00 0.3894E-13      6
 1693   15     0     -71      0     71  0.12261571E+01  0.00000000E+00 0.1515E-12      6
 1694   15     0     -70      0     70  0.12397756E+01  0.00000000E+00 0.1461E-12      6
 1695   15     0     -69      0     69  0.12572879E+01  0.00000000E+00 0.1609E-12      5
 1696   15     0     -68      0     68  0.12770805E+01  0.00000000E+00 0.2112E-12      6
 1697   15     0     -67      0     67  0.12949578E+01  0.00000000E+00 0.1151E-12      6
 1698   15     0     -66      0     66  0.13099068E+01  0.00000000E+00 0.6829E-13      5
 1699   15     0     -65      0     65  0.13294320E+01  0.00000000E+00 0.2891E-12      6
 1700   15     0     -64      0     64  0.13515415E+01  0.00000000E+00 0.9855E-13      6
 1701   15     0     -63      0     63  0.13712140E+01  0.00000000E+00 0.1472E-12      6
 1702   15     0     -62      0     62  0.13876924E+01  0.00000000E+00 0.3987E-12      6
 1703   15     0     -61      0     61  0.14098481E+01  0.00000000E+00 0.5598E-13      6
 1704   15     0     -60      0     60  0.14346385E+01  0.00000000E+00 0.1438E-12      6
 1705   15     0     -59      0     59  0.14560669E+01  0.00000000E+00 0.6251E-13      6
 1706   15     0     -58      0     58  0.14746908E+01  0.00000000E+00 0.2444E-12      6
 1707   15     0     -57      0     57  0.15001498E+01  0.00000000E+00 0.8041E-14      6
 1708   15     0     -56      0     56  0.15280531E+01  0.00000000E+00 0.7282E-13      5
 1709   15     0     -55      0     55  0.15515635E+01  0.00000000E+00 0.1106E-13      6
 1710   15     0     -54      0     54  0.15726150E+01  0.00000000E+00 0.2279E-12      6
 1711   15     0     -53      0     53  0.16017199E+01  0.00000000E+00 0.1156E-12      5
 1712   15     0     -52      0     52  0.16332611E+01  0.00000000E+00 0.4794E-14      6
 1713   15     0     -51      0     51  0.16594525E+01  0.00000000E+00 0.2072E-12      6
 1714   15     0     -50      0     50  0.16836129E+01  0.00000000E+00 0.1419E-12      6
  Time elapsed :      1.033 s

