gyre [9.1.1]
------------

OpenMP Threads   : 12
Input filename   : gyre_nad_wide.in

Model Init
----------

Reading from MESA file
   File name ../mesa/LOGS/profile331.data.GYRE
   File version 1.01
   Read 7137 points
   No need to add central point

Mode Search
-----------

Mode parameters
   l : 0
   m : 0

Building frequency grid (REAL axis)
   added scan interval :  0.2791E+00 ->  0.8723E+01 (1000 points, INVERSE)
   added scan interval :  0.8723E+01 ->  0.3315E+02 (1000 points, LINEAR)

Building spatial grid
   Scaffold grid from model
   Split 0 subinterval(s) in iteration 1
   Final grid has 1 segment(s) and 7137 point(s):
      Segment 1 : x range 0.0000 -> 1.0012 (1 -> 7137)

Starting search (adiabatic)

Scanning frequencies
  Time elapsed :     0.669 s

Finding roots
  Time elapsed :      0.046 s

Processing modes
   id    l     m    n_pg    n_p    n_g       Re(omega)       Im(omega)        chi n_iter
    1    0     0       1      1      0  0.35454752E+01  0.00000000E+00 0.2311E-13      6
    2    0     0       2      2      0  0.45766947E+01  0.00000000E+00 0.8019E-16      6
    3    0     0       3      3      0  0.56904762E+01  0.00000000E+00 0.2028E-13      7
    4    0     0       4      4      0  0.68232501E+01  0.00000000E+00 0.2069E-13      6
    5    0     0       5      5      0  0.79549771E+01  0.00000000E+00 0.1692E-14      9
    6    0     0       6      6      0  0.90617980E+01  0.00000000E+00 0.1051E-12      6
    7    0     0       7      7      0  0.10173791E+02  0.00000000E+00 0.4404E-12      5
    8    0     0       8      8      0  0.11321748E+02  0.00000000E+00 0.4561E-13      7
    9    0     0       9      9      0  0.12507643E+02  0.00000000E+00 0.3399E-13      6
   10    0     0      10     10      0  0.13723970E+02  0.00000000E+00 0.6621E-13      5
   11    0     0      11     11      0  0.14966431E+02  0.00000000E+00 0.3141E-12      5
   12    0     0      12     12      0  0.16229276E+02  0.00000000E+00 0.9652E-13      8
   13    0     0      13     13      0  0.17501647E+02  0.00000000E+00 0.1406E-12      6
   14    0     0      14     14      0  0.18775821E+02  0.00000000E+00 0.3992E-12      5
   15    0     0      15     15      0  0.20047468E+02  0.00000000E+00 0.3369E-12      5
   16    0     0      16     16      0  0.21315261E+02  0.00000000E+00 0.3111E-12      5
   17    0     0      17     17      0  0.22579516E+02  0.00000000E+00 0.1017E-14      5
   18    0     0      18     18      0  0.23843120E+02  0.00000000E+00 0.2923E-12      5
   19    0     0      19     19      0  0.25111010E+02  0.00000000E+00 0.3048E-12      5
   20    0     0      20     20      0  0.26388239E+02  0.00000000E+00 0.3580E-12      5
  Time elapsed :      0.034 s

Starting search (non-adiabatic)

Finding roots
  Time elapsed :     18.652 s

Processing modes
   id    l     m    n_pg    n_p    n_g       Re(omega)       Im(omega)        chi n_iter
    1    0     0       1      1      0  0.35454822E+01  0.86964012E-06 0.3886E-08     10
    2    0     0       2      2      0  0.45767255E+01  0.13547634E-04 0.4860E-09      5
    3    0     0       3      3      0  0.56905313E+01  0.89545454E-04 0.1495E-08      7
    4    0     0       4      4      0  0.68231550E+01  0.38683971E-03 0.2352E-09      6
    5    0     0       5      5      0  0.79538685E+01  0.12720495E-02 0.5818E-11      8
    6    0     0       6      6      0  0.90570861E+01  0.30457794E-02 0.2792E-10     10
    7    0     0       7      7      0  0.10161501E+02  0.44080833E-02 0.3074E-10      7
    8    0     0       8      8      0  0.11299039E+02  0.28140661E-02 0.9899E-11      8
    9    0     0       9      9      0  0.12473617E+02 -0.29864313E-02 0.5715E-11     13
   10    0     0      10     10      0  0.13679739E+02 -0.12509723E-01 0.6024E-11      8
   11    0     0      11     11      0  0.14913857E+02 -0.24258721E-01 0.3869E-11     11
   12    0     0      12     12      0  0.16169043E+02 -0.37274772E-01 0.3735E-11      8
   13    0     0      13     13      0  0.17433406E+02 -0.50861897E-01 0.3808E-11      9
   14    0     0      14     14      0  0.18699109E+02 -0.63779246E-01 0.2419E-11      7
   15    0     0      15     15      0  0.19962469E+02 -0.74391865E-01 0.2196E-11      9
   16    0     0      16     16      0  0.21222622E+02 -0.82044660E-01 0.1573E-11      8
   17    0     0      17     17      0  0.22480055E+02 -0.87447369E-01 0.1982E-11      8
   18    0     0      18     18      0  0.23737209E+02 -0.92628641E-01 0.1880E-11      9
   19    0     0      19     19      0  0.24997101E+02 -0.10071221E+00 0.1473E-11      9
   20    0     0      20     20      0  0.26261846E+02 -0.11455465E+00 0.2473E-11     12
  Time elapsed :      0.975 s

Mode Search
-----------

Mode parameters
   l : 1
   m : 0

Building frequency grid (REAL axis)
   added scan interval :  0.2791E+00 ->  0.8723E+01 (1000 points, INVERSE)
   added scan interval :  0.8723E+01 ->  0.3315E+02 (1000 points, LINEAR)

Building spatial grid
   Scaffold grid from model
   Split 0 subinterval(s) in iteration 1
   Final grid has 1 segment(s) and 7137 point(s):
      Segment 1 : x range 0.0000 -> 1.0012 (1 -> 7137)

Starting search (adiabatic)

Scanning frequencies
  Time elapsed :    21.352 s

Finding roots
  Time elapsed :      2.336 s

Processing modes
   id    l     m    n_pg    n_p    n_g       Re(omega)       Im(omega)        chi n_iter
   34    1     0     -20      0     20  0.38732426E+00  0.00000000E+00 0.3159E-13      6
   35    1     0     -19      0     19  0.40678474E+00  0.00000000E+00 0.3715E-13      6
   36    1     0     -18      0     18  0.43290756E+00  0.00000000E+00 0.1257E-13      5
   37    1     0     -17      0     17  0.46080952E+00  0.00000000E+00 0.1597E-12      6
   38    1     0     -16      0     16  0.48004388E+00  0.00000000E+00 0.2363E-13      6
   39    1     0     -15      0     15  0.50757561E+00  0.00000000E+00 0.5003E-13      6
   40    1     0     -14      0     14  0.54872227E+00  0.00000000E+00 0.1743E-13      5
   41    1     0     -13      0     13  0.59596270E+00  0.00000000E+00 0.9282E-13      6
   42    1     0     -12      0     12  0.63192333E+00  0.00000000E+00 0.1745E-12      6
   43    1     0     -11      0     11  0.67645375E+00  0.00000000E+00 0.1632E-12      6
   44    1     0     -10      0     10  0.75276648E+00  0.00000000E+00 0.6057E-13      6
   45    1     0      -9      0      9  0.84968026E+00  0.00000000E+00 0.2682E-14      5
   46    1     0      -8      0      8  0.93201236E+00  0.00000000E+00 0.1189E-12      6
   47    1     0      -7      0      7  0.10249445E+01  0.00000000E+00 0.1783E-13      6
   48    1     0      -6      0      6  0.12107696E+01  0.00000000E+00 0.7521E-13      6
   49    1     0      -5      0      5  0.14816936E+01  0.00000000E+00 0.6303E-13      7
   50    1     0      -4      0      4  0.17984925E+01  0.00000000E+00 0.5926E-13      9
   51    1     0      -3      0      3  0.20844413E+01  0.00000000E+00 0.3615E-13      7
   52    1     0      -2      0      2  0.28899656E+01  0.00000000E+00 0.1311E-12     10
   53    1     0      -1      0      1  0.36371641E+01  0.00000000E+00 0.2624E-13      7
   54    1     0       1      1      1  0.46948591E+01  0.00000000E+00 0.2125E-13      7
   55    1     0       2      2      1  0.56981366E+01  0.00000000E+00 0.1331E-12     11
   56    1     0       3      3      1  0.61056531E+01  0.00000000E+00 0.1605E-13      8
   57    1     0       4      3      0  0.71385744E+01  0.00000000E+00 0.1757E-13      9
   58    1     0       5      4      0  0.83202282E+01  0.00000000E+00 0.1058E-13      9
   59    1     0       6      5      0  0.94746472E+01  0.00000000E+00 0.7549E-13      6
   60    1     0       7      6      0  0.10630959E+02  0.00000000E+00 0.2861E-14      6
   61    1     0       8      7      0  0.11817408E+02  0.00000000E+00 0.4522E-12      5
   62    1     0       9      8      0  0.13030198E+02  0.00000000E+00 0.1515E-12      5
   63    1     0      10      9      0  0.14266011E+02  0.00000000E+00 0.6969E-12      5
   64    1     0      11     10      0  0.15522760E+02  0.00000000E+00 0.1428E-12      5
   65    1     0      12     11      0  0.16792671E+02  0.00000000E+00 0.6488E-13      6
   66    1     0      13     12      0  0.18067165E+02  0.00000000E+00 0.1650E-12      5
   67    1     0      14     13      0  0.19340439E+02  0.00000000E+00 0.1559E-13      5
   68    1     0      15     14      0  0.20610753E+02  0.00000000E+00 0.5195E-12      5
   69    1     0      16     15      0  0.21877381E+02  0.00000000E+00 0.9227E-13      5
   70    1     0      17     16      0  0.23141592E+02  0.00000000E+00 0.9915E-13      5
   71    1     0      18     17      0  0.24408335E+02  0.00000000E+00 0.1111E-13      6
   72    1     0      19     18      0  0.25682662E+02  0.00000000E+00 0.7432E-13      5
   73    1     0      20     19      0  0.26967990E+02  0.00000000E+00 0.5534E-12      5
  Time elapsed :      0.512 s

Starting search (non-adiabatic)

Finding roots
  Time elapsed :     32.766 s

Processing modes
   id    l     m    n_pg    n_p    n_g       Re(omega)       Im(omega)        chi n_iter
   34    1     0     -20      0     20  0.38732426E+00 -0.29704015E-07 0.2049E-07      4
   35    1     0     -19      0     19  0.40678475E+00 -0.30117991E-07 0.7619E-08      4
   36    1     0     -18      0     18  0.43290757E+00 -0.24544654E-07 0.1980E-08      4
   37    1     0     -17      0     17  0.46080952E+00 -0.18683452E-07 0.2989E-07      5
   38    1     0     -16      0     16  0.48004388E+00 -0.14854712E-07 0.5065E-07      5
   39    1     0     -15      0     15  0.50757561E+00 -0.15001957E-07 0.2209E-07      5
   40    1     0     -14      0     14  0.54872227E+00 -0.12360882E-07 0.4641E-07      4
   41    1     0     -13      0     13  0.59596270E+00 -0.96206340E-08 0.3602E-07      4
   42    1     0     -12      0     12  0.63192333E+00 -0.75863693E-08 0.8492E-07      6
   43    1     0     -11      0     11  0.67645375E+00 -0.70765439E-08 0.1171E-06      7
   44    1     0     -10      0     10  0.75276648E+00 -0.55565422E-08 0.1685E-06      4
   45    1     0      -9      0      9  0.84968026E+00 -0.41414275E-08 0.1080E-06      4
   46    1     0      -8      0      8  0.93201236E+00 -0.32359682E-08 0.4643E-07      4
   47    1     0      -7      0      7  0.10249445E+01 -0.27191026E-08 0.3815E-07      5
   48    1     0      -6      0      6  0.12107696E+01 -0.19050700E-08 0.2521E-06      4
   49    1     0      -5      0      5  0.14816936E+01 -0.12483897E-08 0.6632E-07      5
   50    1     0      -4      0      4  0.17984925E+01 -0.85326420E-09 0.1348E-06      6
   51    1     0      -3      0      3  0.20844413E+01 -0.62138422E-09 0.2516E-06      5
   52    1     0      -2      0      2  0.28899656E+01  0.25420650E-08 0.4784E-06      8
   53    1     0      -1      0      1  0.36371673E+01  0.12198462E-05 0.1200E-07      5
   54    1     0       1      1      1  0.46948777E+01  0.17093784E-04 0.9725E-09      5
   55    1     0       2      2      1  0.56981495E+01  0.52704735E-04 0.6132E-08      6
   56    1     0       3      3      1  0.61056516E+01  0.91260703E-04 0.3476E-09      6
   57    1     0       4      3      0  0.71382578E+01  0.56916702E-03 0.3191E-10      9
   58    1     0       5      4      0  0.83181258E+01  0.18637793E-02 0.4191E-10      9
   59    1     0       6      5      0  0.94671922E+01  0.38755310E-02 0.3340E-10      7
   60    1     0       7      6      0  0.10614213E+02  0.43306336E-02 0.8470E-11     10
   61    1     0       8      7      0  0.11789398E+02  0.90853420E-03 0.8143E-11      8
   62    1     0       9      8      0  0.12991088E+02 -0.67806066E-02 0.5268E-11      9
   63    1     0      10      9      0  0.14217570E+02 -0.17548837E-01 0.2300E-11     10
   64    1     0      11     10      0  0.15466556E+02 -0.29945245E-01 0.1581E-11      8
   65    1     0      12     11      0  0.16728768E+02 -0.43319082E-01 0.3432E-13      8
   66    1     0      13     12      0  0.17995049E+02 -0.56779923E-01 0.2757E-11      8
   67    1     0      14     13      0  0.19259847E+02 -0.68844694E-01 0.1372E-10      8
   68    1     0      15     14      0  0.20522086E+02 -0.78171927E-01 0.4140E-11     10
   69    1     0      16     15      0  0.21781418E+02 -0.84674771E-01 0.2956E-11     10
   70    1     0      17     16      0  0.23039047E+02 -0.89684414E-01 0.1827E-10      8
   71    1     0      18     17      0  0.24298829E+02 -0.95871240E-01 0.5497E-11      8
   72    1     0      19     18      0  0.25563483E+02 -0.10630557E+00 0.4306E-11      8
   73    1     0      20     19      0  0.26832965E+02 -0.12351858E+00 0.9960E-11      8
  Time elapsed :      1.948 s

Mode Search
-----------

Mode parameters
   l : 2
   m : 0

Building frequency grid (REAL axis)
   added scan interval :  0.2791E+00 ->  0.8723E+01 (1000 points, INVERSE)
   added scan interval :  0.8723E+01 ->  0.3315E+02 (1000 points, LINEAR)

Building spatial grid
   Scaffold grid from model
   Split 0 subinterval(s) in iteration 1
   Final grid has 1 segment(s) and 7137 point(s):
      Segment 1 : x range 0.0000 -> 1.0012 (1 -> 7137)

Starting search (adiabatic)

Scanning frequencies
  Time elapsed :    17.952 s

Finding roots
  Time elapsed :      3.281 s

Processing modes
   id    l     m    n_pg    n_p    n_g       Re(omega)       Im(omega)        chi n_iter
  108    2     0     -20      0     20  0.66842475E+00  0.00000000E+00 0.3755E-13      6
  109    2     0     -19      0     19  0.70116560E+00  0.00000000E+00 0.2887E-13      6
  110    2     0     -18      0     18  0.74572403E+00  0.00000000E+00 0.9533E-14      5
  111    2     0     -17      0     17  0.79383458E+00  0.00000000E+00 0.6312E-13      6
  112    2     0     -16      0     16  0.82764291E+00  0.00000000E+00 0.3407E-14      6
  113    2     0     -15      0     15  0.87302121E+00  0.00000000E+00 0.3027E-13      6
  114    2     0     -14      0     14  0.94256129E+00  0.00000000E+00 0.2209E-13      7
  115    2     0     -13      0     13  0.10233340E+01  0.00000000E+00 0.1830E-12      6
  116    2     0     -12      0     12  0.10872940E+01  0.00000000E+00 0.4444E-13      5
  117    2     0     -11      0     11  0.11591906E+01  0.00000000E+00 0.1623E-12      6
  118    2     0     -10      0     10  0.12865428E+01  0.00000000E+00 0.1399E-13      6
  119    2     0      -9      0      9  0.14498997E+01  0.00000000E+00 0.3427E-13      7
  120    2     0      -8      0      8  0.15960222E+01  0.00000000E+00 0.2916E-13      6
  121    2     0      -7      0      7  0.17410295E+01  0.00000000E+00 0.1775E-13      7
  122    2     0      -6      0      6  0.20394577E+01  0.00000000E+00 0.9379E-14      6
  123    2     0      -5      0      5  0.24657909E+01  0.00000000E+00 0.5219E-13     10
  124    2     0      -4      0      4  0.29672179E+01  0.00000000E+00 0.1337E-13      6
  125    2     0      -3      0      3  0.33028954E+01  0.00000000E+00 0.3622E-13      8
  126    2     0      -2      0      2  0.36991812E+01  0.00000000E+00 0.2884E-13      8
  127    2     0      -1      1      2  0.42936517E+01  0.00000000E+00 0.3751E-13      8
  128    2     0       0      2      2  0.50132880E+01  0.00000000E+00 0.1715E-13      7
  129    2     0       1      2      1  0.57540065E+01  0.00000000E+00 0.1206E-13      6
  130    2     0       2      3      1  0.66434377E+01  0.00000000E+00 0.4266E-13      6
  131    2     0       3      4      1  0.77275131E+01  0.00000000E+00 0.1739E-14      7
  132    2     0       4      5      1  0.88565280E+01  0.00000000E+00 0.2671E-12      9
  133    2     0       5      6      1  0.99183995E+01  0.00000000E+00 0.4168E-13      7
  134    2     0       6      6      0  0.10182830E+02  0.00000000E+00 0.3658E-12      7
  135    2     0       7      7      0  0.11196816E+02  0.00000000E+00 0.1993E-12      8
  136    2     0       8      8      0  0.12390211E+02  0.00000000E+00 0.8658E-13      5
  137    2     0       9      9      0  0.13614174E+02  0.00000000E+00 0.3256E-13      6
  138    2     0      10     10      0  0.14861660E+02  0.00000000E+00 0.6403E-13      6
  139    2     0      11     11      0  0.16127854E+02  0.00000000E+00 0.4023E-13      6
  140    2     0      12     12      0  0.17402478E+02  0.00000000E+00 0.5632E-13      6
  141    2     0      13     13      0  0.18678203E+02  0.00000000E+00 0.5206E-12      5
  142    2     0      14     14      0  0.19950825E+02  0.00000000E+00 0.2731E-12      5
  143    2     0      15     15      0  0.21219390E+02  0.00000000E+00 0.1515E-12      5
  144    2     0      16     16      0  0.22484289E+02  0.00000000E+00 0.1745E-12      5
  145    2     0      17     17      0  0.23748233E+02  0.00000000E+00 0.2996E-12      5
  146    2     0      18     18      0  0.25016406E+02  0.00000000E+00 0.1208E-12      6
  147    2     0      19     19      0  0.26294102E+02  0.00000000E+00 0.1525E-13      5
  148    2     0      20     20      0  0.27582831E+02  0.00000000E+00 0.2103E-12      5
  Time elapsed :      0.750 s

Starting search (non-adiabatic)

Finding roots
  Time elapsed :     34.416 s

Processing modes
   id    l     m    n_pg    n_p    n_g       Re(omega)       Im(omega)        chi n_iter
  108    2     0     -20      0     20  0.66842476E+00 -0.30231301E-07 0.1095E-07      6
  109    2     0     -19      0     19  0.70116560E+00 -0.31214310E-07 0.9286E-08      5
  110    2     0     -18      0     18  0.74572403E+00 -0.25651676E-07 0.8711E-07      5
  111    2     0     -17      0     17  0.79383458E+00 -0.19706583E-07 0.3353E-07      6
  112    2     0     -16      0     16  0.82764291E+00 -0.15290364E-07 0.1215E-06      4
  113    2     0     -15      0     15  0.87302121E+00 -0.15718271E-07 0.4897E-07      6
  114    2     0     -14      0     14  0.94256129E+00 -0.13053413E-07 0.4975E-07      4
  115    2     0     -13      0     13  0.10233340E+01 -0.10187678E-07 0.7143E-07      5
  116    2     0     -12      0     12  0.10872940E+01 -0.78725867E-08 0.3027E-07      4
  117    2     0     -11      0     11  0.11591906E+01 -0.74343920E-08 0.2794E-07      5
  118    2     0     -10      0     10  0.12865428E+01 -0.59016149E-08 0.1860E-06      6
  119    2     0      -9      0      9  0.14498997E+01 -0.44226569E-08 0.1960E-08      6
  120    2     0      -8      0      8  0.15960222E+01 -0.34093130E-08 0.4782E-07      6
  121    2     0      -7      0      7  0.17410295E+01 -0.29137727E-08 0.2108E-06      5
  122    2     0      -6      0      6  0.20394577E+01 -0.20202349E-08 0.1709E-06      5
  123    2     0      -5      0      5  0.24657909E+01 -0.64526286E-09 0.4264E-06      4
  124    2     0      -4      0      4  0.29672179E+01  0.89086353E-08 0.4343E-06      6
  125    2     0      -3      0      3  0.33028956E+01  0.73243135E-07 0.1829E-06      6
  126    2     0      -2      0      2  0.36991834E+01  0.88791422E-06 0.1008E-07      7
  127    2     0      -1      1      2  0.42936584E+01  0.43169426E-05 0.3322E-07      7
  128    2     0       0      2      2  0.50133041E+01  0.20617165E-04 0.1897E-08      7
  129    2     0       1      2      1  0.57540201E+01  0.66020720E-04 0.1188E-07      5
  130    2     0       2      3      1  0.66433510E+01  0.27793835E-03 0.3896E-08     11
  131    2     0       3      4      1  0.77266669E+01  0.10151468E-02 0.2627E-09      7
  132    2     0       4      5      1  0.88526020E+01  0.27228853E-02 0.1736E-09      9
  133    2     0       5      6      1  0.99112991E+01  0.29741517E-02 0.3000E-10     10
  134    2     0       6      6      0  0.10178039E+02  0.16423500E-02 0.1234E-09      6
  135    2     0       7      7      0  0.11175082E+02  0.31934714E-02 0.1010E-09      7
  136    2     0       8      8      0  0.12356831E+02 -0.22504357E-02 0.4493E-10     11
  137    2     0       9      9      0  0.13570344E+02 -0.11618860E-01 0.1424E-10     11
  138    2     0      10     10      0  0.14809359E+02 -0.23321835E-01 0.1947E-10      8
  139    2     0      11     11      0  0.16067938E+02 -0.36295958E-01 0.1222E-10     10
  140    2     0      12     12      0  0.17334635E+02 -0.49883248E-01 0.2528E-10     10
  141    2     0      13     13      0  0.18601942E+02 -0.62902252E-01 0.5117E-11      8
  142    2     0      14     14      0  0.19866258E+02 -0.73721125E-01 0.7462E-11     10
  143    2     0      15     15      0  0.21127121E+02 -0.81592899E-01 0.2118E-10      8
  144    2     0      16     16      0  0.22385131E+02 -0.87115916E-01 0.2856E-11      9
  145    2     0      17     17      0  0.23642624E+02 -0.92221975E-01 0.1221E-11     12
  146    2     0      18     18      0  0.24902951E+02 -0.10002264E+00 0.9879E-12     11
  147    2     0      19     19      0  0.26168551E+02 -0.11341670E+00 0.4722E-13      7
  148    2     0      20     20      0  0.27437160E+02 -0.13418929E+00 0.3300E-11      9
  Time elapsed :      1.894 s

Mode Search
-----------

Mode parameters
   l : 3
   m : 0

Building frequency grid (REAL axis)
   added scan interval :  0.2791E+00 ->  0.8723E+01 (1000 points, INVERSE)
   added scan interval :  0.8723E+01 ->  0.3315E+02 (1000 points, LINEAR)

Building spatial grid
   Scaffold grid from model
   Split 0 subinterval(s) in iteration 1
   Final grid has 1 segment(s) and 7137 point(s):
      Segment 1 : x range 0.0000 -> 1.0012 (1 -> 7137)

Starting search (adiabatic)

Scanning frequencies
  Time elapsed :    16.611 s

Finding roots
  Time elapsed :      3.790 s

Processing modes
   id    l     m    n_pg    n_p    n_g       Re(omega)       Im(omega)        chi n_iter
  204    3     0     -20      0     20  0.94069911E+00  0.00000000E+00 0.8638E-14      6
  205    3     0     -19      0     19  0.98458970E+00  0.00000000E+00 0.2117E-13      6
  206    3     0     -18      0     18  0.10460810E+01  0.00000000E+00 0.5118E-13      6
  207    3     0     -17      0     17  0.11136332E+01  0.00000000E+00 0.5615E-13      6
  208    3     0     -16      0     16  0.11632566E+01  0.00000000E+00 0.6310E-13      6
  209    3     0     -15      0     15  0.12221204E+01  0.00000000E+00 0.3984E-13      6
  210    3     0     -14      0     14  0.13166419E+01  0.00000000E+00 0.4660E-13      6
  211    3     0     -13      0     13  0.14285066E+01  0.00000000E+00 0.1451E-13      6
  212    3     0     -12      0     12  0.15236819E+01  0.00000000E+00 0.3982E-13      5
  213    3     0     -11      0     11  0.16146393E+01  0.00000000E+00 0.6965E-14      7
  214    3     0     -10      0     10  0.17842379E+01  0.00000000E+00 0.4086E-13      7
  215    3     0      -9      0      9  0.20056680E+01  0.00000000E+00 0.6935E-13      6
  216    3     0      -8      0      8  0.22213324E+01  0.00000000E+00 0.3653E-13      7
  217    3     0      -7      0      7  0.23970161E+01  0.00000000E+00 0.5114E-15      7
  218    3     0      -6      0      6  0.27672817E+01  0.00000000E+00 0.3444E-14      6
  219    3     0      -5      0      5  0.32261329E+01  0.00000000E+00 0.2545E-14      7
  220    3     0      -4      0      4  0.35700893E+01  0.00000000E+00 0.4126E-14      7
  221    3     0      -3      1      4  0.41267564E+01  0.00000000E+00 0.1290E-13      7
  222    3     0      -2      1      3  0.44437615E+01  0.00000000E+00 0.3492E-14      6
  223    3     0      -1      1      2  0.47888082E+01  0.00000000E+00 0.4398E-13      7
  224    3     0       0      2      2  0.56057242E+01  0.00000000E+00 0.1377E-13      8
  225    3     0       1      2      1  0.62369125E+01  0.00000000E+00 0.2464E-14      6
  226    3     0       2      3      1  0.69393096E+01  0.00000000E+00 0.9334E-15      7
  227    3     0       3      4      1  0.80970526E+01  0.00000000E+00 0.8381E-14      6
  228    3     0       4      5      1  0.92568144E+01  0.00000000E+00 0.1063E-12      6
  229    3     0       5      6      1  0.10417789E+02  0.00000000E+00 0.2972E-14      6
  230    3     0       6      7      1  0.11604741E+02  0.00000000E+00 0.1521E-12      7
  231    3     0       7      7      0  0.12173670E+02  0.00000000E+00 0.5745E-12      7
  232    3     0       8      8      0  0.12837118E+02  0.00000000E+00 0.1406E-13      6
  233    3     0       9      9      0  0.14074838E+02  0.00000000E+00 0.5337E-12      5
  234    3     0      10     10      0  0.15336063E+02  0.00000000E+00 0.2912E-12      9
  235    3     0      11     11      0  0.16611583E+02  0.00000000E+00 0.1584E-12      5
  236    3     0      12     12      0  0.17891918E+02  0.00000000E+00 0.2005E-12      5
  237    3     0      13     13      0  0.19170857E+02  0.00000000E+00 0.2287E-12      6
  238    3     0      14     14      0  0.20446149E+02  0.00000000E+00 0.4573E-12      5
  239    3     0      15     15      0  0.21717029E+02  0.00000000E+00 0.1532E-11      6
  240    3     0      16     16      0  0.22984695E+02  0.00000000E+00 0.2539E-12      5
  241    3     0      17     17      0  0.24253753E+02  0.00000000E+00 0.1757E-12      5
  242    3     0      18     18      0  0.25529249E+02  0.00000000E+00 0.3625E-12      5
  243    3     0      19     19      0  0.26815269E+02  0.00000000E+00 0.9492E-13      5
  244    3     0      20     20      0  0.28111926E+02  0.00000000E+00 0.2856E-13      5
  Time elapsed :      0.865 s

Starting search (non-adiabatic)

Finding roots
  Time elapsed :     33.814 s

Processing modes
   id    l     m    n_pg    n_p    n_g       Re(omega)       Im(omega)        chi n_iter
  204    3     0     -20      0     20  0.94069912E+00 -0.30248585E-07 0.4347E-07      5
  205    3     0     -19      0     19  0.98458970E+00 -0.32430593E-07 0.6225E-07      6
  206    3     0     -18      0     18  0.10460810E+01 -0.27224075E-07 0.8739E-07      5
  207    3     0     -17      0     17  0.11136332E+01 -0.21285591E-07 0.2415E-07      4
  208    3     0     -16      0     16  0.11632566E+01 -0.15811085E-07 0.1216E-06      4
  209    3     0     -15      0     15  0.12221204E+01 -0.16709872E-07 0.4333E-07      3
  210    3     0     -14      0     14  0.13166419E+01 -0.14072506E-07 0.6272E-07      4
  211    3     0     -13      0     13  0.14285066E+01 -0.10987327E-07 0.8309E-07      5
  212    3     0     -12      0     12  0.15236819E+01 -0.81921289E-08 0.5227E-06      6
  213    3     0     -11      0     11  0.16146393E+01 -0.78139752E-08 0.2441E-07      5
  214    3     0     -10      0     10  0.17842379E+01 -0.63002110E-08 0.1178E-07      5
  215    3     0      -9      0      9  0.20056680E+01 -0.46711296E-08 0.1043E-06      5
  216    3     0      -8      0      8  0.22213324E+01 -0.34394309E-08 0.8068E-07      4
  217    3     0      -7      0      7  0.23970161E+01 -0.26609846E-08 0.1213E-06      5
  218    3     0      -6      0      6  0.27672818E+01  0.18048505E-08 0.1039E-06      4
  219    3     0      -5      0      5  0.32261332E+01  0.94943489E-07 0.5533E-07      6
  220    3     0      -4      0      4  0.35700904E+01  0.41665135E-06 0.1206E-07      5
  221    3     0      -3      1      4  0.41267588E+01  0.13360376E-05 0.7876E-08      6
  222    3     0      -2      1      3  0.44437690E+01  0.55493915E-05 0.5135E-08      5
  223    3     0      -1      1      2  0.47888143E+01  0.61853867E-05 0.1536E-07      5
  224    3     0       0      2      2  0.56057455E+01  0.68776712E-04 0.2031E-08      6
  225    3     0       1      2      1  0.62369076E+01  0.53460493E-04 0.5738E-09      9
  226    3     0       2      3      1  0.69391162E+01  0.42033368E-03 0.7643E-09      7
  227    3     0       3      4      1  0.80955184E+01  0.15135158E-02 0.7192E-10      7
  228    3     0       4      5      1  0.92507037E+01  0.35244257E-02 0.6341E-10     10
  229    3     0       5      6      1  0.10402858E+02  0.45213127E-02 0.5639E-10     12
  230    3     0       6      7      1  0.11578877E+02  0.18363128E-02 0.4421E-10     11
  231    3     0       7      7      0  0.12172826E+02 -0.30113591E-04 0.7031E-10      7
  232    3     0       8      8      0  0.12799740E+02 -0.53008352E-02 0.1494E-10     10
  233    3     0       9      9      0  0.14027423E+02 -0.15844759E-01 0.5759E-11      9
  234    3     0      10     10      0  0.15280657E+02 -0.28189265E-01 0.1942E-11      7
  235    3     0      11     11      0  0.16548481E+02 -0.41587031E-01 0.7940E-11     10
  236    3     0      12     12      0  0.17820646E+02 -0.55211303E-01 0.4672E-12     11
  237    3     0      13     13      0  0.19091071E+02 -0.67639107E-01 0.1077E-11      9
  238    3     0      14     14      0  0.20358202E+02 -0.77389909E-01 0.8025E-12      9
  239    3     0      15     15      0  0.21621674E+02 -0.84216510E-01 0.2582E-11      8
  240    3     0      16     16      0  0.22882687E+02 -0.89299344E-01 0.2619E-11      9
  241    3     0      17     17      0  0.24144956E+02 -0.95152787E-01 0.1538E-11     13
  242    3     0      18     18      0  0.25411278E+02 -0.10491466E+00 0.1220E-11      9
  243    3     0      19     19      0  0.26682372E+02 -0.12125942E+00 0.3148E-11      9
  244    3     0      20     20      0  0.27954243E+02 -0.14519404E+00 0.1097E-11     10
  Time elapsed :      1.866 s

Mode Search
-----------

Mode parameters
   l : 4
   m : 0

Building frequency grid (REAL axis)
   added scan interval :  0.2791E+00 ->  0.8723E+01 (1000 points, INVERSE)
   added scan interval :  0.8723E+01 ->  0.3315E+02 (1000 points, LINEAR)

Building spatial grid
   Scaffold grid from model
   Split 0 subinterval(s) in iteration 1
   Final grid has 1 segment(s) and 7137 point(s):
      Segment 1 : x range 0.0000 -> 1.0012 (1 -> 7137)

Starting search (adiabatic)

Scanning frequencies
  Time elapsed :    16.722 s

Finding roots
  Time elapsed :      4.781 s

Processing modes
   id    l     m    n_pg    n_p    n_g       Re(omega)       Im(omega)        chi n_iter
  320    4     0     -20      0     20  0.12072533E+01  0.00000000E+00 0.6570E-13      6
  321    4     0     -19      0     19  0.12594239E+01  0.00000000E+00 0.4176E-13      6
  322    4     0     -18      0     18  0.13360114E+01  0.00000000E+00 0.2611E-13      6
  323    4     0     -17      0     17  0.14219447E+01  0.00000000E+00 0.6402E-13      7
  324    4     0     -16      0     16  0.14901684E+01  0.00000000E+00 0.1728E-13      6
  325    4     0     -15      0     15  0.15572586E+01  0.00000000E+00 0.4055E-13      6
  326    4     0     -14      0     14  0.16722834E+01  0.00000000E+00 0.5701E-13      6
  327    4     0     -13      0     13  0.18121125E+01  0.00000000E+00 0.3338E-13      6
  328    4     0     -12      0     12  0.19434121E+01  0.00000000E+00 0.4461E-13      6
  329    4     0     -11      0     11  0.20462847E+01  0.00000000E+00 0.4258E-13      7
  330    4     0     -10      0     10  0.22461503E+01  0.00000000E+00 0.2687E-13      6
  331    4     0      -9      0      9  0.25151652E+01  0.00000000E+00 0.8230E-14      7
  332    4     0      -8      0      8  0.28039731E+01  0.00000000E+00 0.7533E-14      7
  333    4     0      -7      0      7  0.29985629E+01  0.00000000E+00 0.1692E-13      6
  334    4     0      -6      0      6  0.33311760E+01  0.00000000E+00 0.1986E-13      7
  335    4     0      -5      0      5  0.35576797E+01  0.00000000E+00 0.1042E-13      6
  336    4     0      -4      0      4  0.41256407E+01  0.00000000E+00 0.5045E-14      7
  337    4     0      -3      1      4  0.45956193E+01  0.00000000E+00 0.6057E-14      8
  338    4     0      -2      1      3  0.50586640E+01  0.00000000E+00 0.1268E-14      6
  339    4     0      -1      2      3  0.56150634E+01  0.00000000E+00 0.2910E-13      7
  340    4     0       0      2      2  0.58678755E+01  0.00000000E+00 0.3951E-13      7
  341    4     0       1      3      2  0.67652655E+01  0.00000000E+00 0.1820E-14      8
  342    4     0       2      3      1  0.71390222E+01  0.00000000E+00 0.1946E-13      8
  343    4     0       3      4      1  0.83520210E+01  0.00000000E+00 0.1567E-13      7
  344    4     0       4      5      1  0.95420789E+01  0.00000000E+00 0.2705E-13      7
  345    4     0       5      6      1  0.10732151E+02  0.00000000E+00 0.1459E-12      6
  346    4     0       6      7      1  0.11950261E+02  0.00000000E+00 0.8730E-13      4
  347    4     0       7      8      1  0.13190740E+02  0.00000000E+00 0.1246E-12      6
  348    4     0       8      8      0  0.13715955E+02  0.00000000E+00 0.4929E-13      6
  349    4     0       9      9      0  0.14452864E+02  0.00000000E+00 0.1329E-12      7
  350    4     0      10     10      0  0.15730954E+02  0.00000000E+00 0.1705E-12      8
  351    4     0      11     11      0  0.17018264E+02  0.00000000E+00 0.6657E-12      5
  352    4     0      12     12      0  0.18306655E+02  0.00000000E+00 0.4102E-13      5
  353    4     0      13     13      0  0.19591093E+02  0.00000000E+00 0.5371E-13      8
  354    4     0      14     14      0  0.20870676E+02  0.00000000E+00 0.2588E-12      5
  355    4     0      15     15      0  0.22145369E+02  0.00000000E+00 0.6868E-13      6
  356    4     0      16     16      0  0.23417221E+02  0.00000000E+00 0.2169E-12      5
  357    4     0      17     17      0  0.24691832E+02  0.00000000E+00 0.6505E-13      5
  358    4     0      18     18      0  0.25974682E+02  0.00000000E+00 0.1392E-12      5
  359    4     0      19     19      0  0.27268354E+02  0.00000000E+00 0.1282E-12      5
  360    4     0      20     20      0  0.28571646E+02  0.00000000E+00 0.9678E-13      5
  Time elapsed :      1.031 s

Starting search (non-adiabatic)

Finding roots
  Time elapsed :     35.464 s

Processing modes
   id    l     m    n_pg    n_p    n_g       Re(omega)       Im(omega)        chi n_iter
  320    4     0     -20      0     20  0.12072533E+01 -0.30675629E-07 0.4600E-07      4
  321    4     0     -19      0     19  0.12594239E+01 -0.34386775E-07 0.3098E-07      6
  322    4     0     -18      0     18  0.13360114E+01 -0.29683222E-07 0.8435E-07      5
  323    4     0     -17      0     17  0.14219447E+01 -0.23651372E-07 0.7814E-07      7
  324    4     0     -16      0     16  0.14901684E+01 -0.16691559E-07 0.3419E-07      5
  325    4     0     -15      0     15  0.15572586E+01 -0.17796086E-07 0.3602E-07      6
  326    4     0     -14      0     14  0.16722834E+01 -0.15298762E-07 0.3539E-07      5
  327    4     0     -13      0     13  0.18121125E+01 -0.11899737E-07 0.9235E-07      4
  328    4     0     -12      0     12  0.19434121E+01 -0.86264758E-08 0.3952E-06      7
  329    4     0     -11      0     11  0.20462847E+01 -0.80090771E-08 0.1299E-06      6
  330    4     0     -10      0     10  0.22461503E+01 -0.65353311E-08 0.1656E-06      5
  331    4     0      -9      0      9  0.25151652E+01 -0.43147024E-08 0.1039E-06      4
  332    4     0      -8      0      8  0.28039731E+01 -0.15944762E-08 0.1370E-06      6
  333    4     0      -7      0      7  0.29985630E+01  0.39803235E-08 0.2824E-07      5
  334    4     0      -6      0      6  0.33311766E+01  0.19947550E-06 0.1400E-07      7
  335    4     0      -5      0      5  0.35576807E+01  0.38158992E-06 0.2874E-07      8
  336    4     0      -4      0      4  0.41256417E+01  0.54447755E-06 0.1230E-07      4
  337    4     0      -3      1      4  0.45956346E+01  0.13070176E-04 0.4412E-08      7
  338    4     0      -2      1      3  0.50586662E+01  0.29643838E-05 0.5124E-08      7
  339    4     0      -1      2      3  0.56150658E+01  0.76235025E-05 0.1595E-08      6
  340    4     0       0      2      2  0.58678902E+01  0.11016668E-03 0.6183E-09      8
  341    4     0       1      3      2  0.67652493E+01  0.43485308E-04 0.4948E-09      6
  342    4     0       2      3      1  0.71387180E+01  0.54694682E-03 0.2085E-09      9
  343    4     0       3      4      1  0.83497765E+01  0.19577923E-02 0.5324E-10      7
  344    4     0       4      5      1  0.95339809E+01  0.40679101E-02 0.1741E-10     11
  345    4     0       5      6      1  0.10714067E+02  0.43052434E-02 0.8066E-11      9
  346    4     0       6      7      1  0.11920360E+02  0.27211721E-03 0.1491E-10      9
  347    4     0       7      8      1  0.13149592E+02 -0.81755358E-02 0.9193E-11      9
  348    4     0       8      8      0  0.13715834E+02 -0.34305345E-04 0.1434E-09      5
  349    4     0       9      9      0  0.14402434E+02 -0.19599451E-01 0.8573E-11     11
  350    4     0      10     10      0  0.15672717E+02 -0.32513886E-01 0.2360E-11      8
  351    4     0      11     11      0  0.16952182E+02 -0.46249867E-01 0.3458E-11      9
  352    4     0      12     12      0  0.18232206E+02 -0.59788823E-01 0.5039E-11      8
  353    4     0      13     13      0  0.19508162E+02 -0.71523222E-01 0.3175E-11     10
  354    4     0      14     14      0  0.20779771E+02 -0.80310450E-01 0.3602E-11     11
  355    4     0      15     15      0  0.22047323E+02 -0.86366173E-01 0.2516E-11      9
  356    4     0      16     16      0  0.23312673E+02 -0.91340516E-01 0.2679E-11      8
  357    4     0      17     17      0  0.24579940E+02 -0.98226231E-01 0.2515E-11      8
  358    4     0      18     18      0  0.25852001E+02 -0.11007830E+00 0.8146E-12     10
  359    4     0      19     19      0  0.27127741E+02 -0.12915016E+00 0.1412E-11      8
  360    4     0      20     20      0  0.28401542E+02 -0.15557344E+00 0.8417E-12     11
  Time elapsed :      1.944 s

Mode Search
-----------

Mode parameters
   l : 5
   m : 0

Building frequency grid (REAL axis)
   added scan interval :  0.2791E+00 ->  0.8723E+01 (1000 points, INVERSE)
   added scan interval :  0.8723E+01 ->  0.3315E+02 (1000 points, LINEAR)

Building spatial grid
   Scaffold grid from model
   Split 0 subinterval(s) in iteration 1
   Final grid has 1 segment(s) and 7137 point(s):
      Segment 1 : x range 0.0000 -> 1.0012 (1 -> 7137)

Starting search (adiabatic)

Scanning frequencies
  Time elapsed :    16.103 s

Finding roots
  Time elapsed :      5.710 s

Processing modes
   id    l     m    n_pg    n_p    n_g       Re(omega)       Im(omega)        chi n_iter
  457    5     0     -20      0     20  0.14684049E+01  0.00000000E+00 0.2485E-14      6
  458    5     0     -19      0     19  0.15253688E+01  0.00000000E+00 0.1422E-13      7
  459    5     0     -18      0     18  0.16144442E+01  0.00000000E+00 0.3407E-13      6
  460    5     0     -17      0     17  0.17168721E+01  0.00000000E+00 0.1877E-13      7
  461    5     0     -16      0     16  0.18072646E+01  0.00000000E+00 0.9930E-14      7
  462    5     0     -15      0     15  0.18784328E+01  0.00000000E+00 0.3056E-13      7
  463    5     0     -14      0     14  0.20074223E+01  0.00000000E+00 0.3726E-13      7
  464    5     0     -13      0     13  0.21711036E+01  0.00000000E+00 0.4543E-13      6
  465    5     0     -12      0     12  0.23413510E+01  0.00000000E+00 0.2193E-13      6
  466    5     0     -11      0     11  0.24573969E+01  0.00000000E+00 0.1255E-13      7
  467    5     0     -10      0     10  0.26701215E+01  0.00000000E+00 0.7176E-14      6
  468    5     0      -9      0      9  0.29739262E+01  0.00000000E+00 0.1142E-13      7
  469    5     0      -8      0      8  0.33168969E+01  0.00000000E+00 0.4728E-13      7
  470    5     0      -7      0      7  0.34878086E+01  0.00000000E+00 0.4057E-13      7
  471    5     0      -6      0      6  0.36084221E+01  0.00000000E+00 0.6195E-14      7
  472    5     0      -5      0      5  0.40093302E+01  0.00000000E+00 0.6314E-14      7
  473    5     0      -4      1      5  0.46507494E+01  0.00000000E+00 0.6209E-14      8
  474    5     0      -3      1      4  0.47898831E+01  0.00000000E+00 0.1247E-13     10
  475    5     0      -2      1      3  0.56287616E+01  0.00000000E+00 0.2424E-13      8
  476    5     0      -1      2      3  0.60455712E+01  0.00000000E+00 0.4511E-14      7
  477    5     0       0      2      2  0.65199380E+01  0.00000000E+00 0.1179E-13      8
  478    5     0       1      3      2  0.71352616E+01  0.00000000E+00 0.1353E-13     10
  479    5     0       2      3      1  0.73420623E+01  0.00000000E+00 0.2878E-13     10
  480    5     0       3      4      1  0.85921733E+01  0.00000000E+00 0.5190E-15      7
  481    5     0       4      5      1  0.98027306E+01  0.00000000E+00 0.1656E-12      5
  482    5     0       5      6      1  0.11017098E+02  0.00000000E+00 0.3070E-12      7
  483    5     0       6      7      1  0.12257330E+02  0.00000000E+00 0.6654E-13      6
  484    5     0       7      8      1  0.13517638E+02  0.00000000E+00 0.6756E-12      8
  485    5     0       8      9      1  0.14795726E+02  0.00000000E+00 0.2090E-12      7
  486    5     0       9      9      0  0.14945152E+02  0.00000000E+00 0.1100E-11      8
  487    5     0      10     10      0  0.16089080E+02  0.00000000E+00 0.9023E-15      7
  488    5     0      11     11      0  0.17387218E+02  0.00000000E+00 0.4156E-13      8
  489    5     0      12     12      0  0.18683423E+02  0.00000000E+00 0.4024E-12      6
  490    5     0      13     13      0  0.19973964E+02  0.00000000E+00 0.1442E-12      6
  491    5     0      14     14      0  0.21258452E+02  0.00000000E+00 0.2623E-14      8
  492    5     0      15     15      0  0.22537727E+02  0.00000000E+00 0.1000E-11      7
  493    5     0      16     16      0  0.23815108E+02  0.00000000E+00 0.3543E-13      5
  494    5     0      17     17      0  0.25096258E+02  0.00000000E+00 0.4367E-12      5
  495    5     0      18     18      0  0.26386694E+02  0.00000000E+00 0.4612E-12      5
  496    5     0      19     19      0  0.27687818E+02  0.00000000E+00 0.1383E-12      5
  497    5     0      20     20      0  0.28997501E+02  0.00000000E+00 0.2628E-12      5
  Time elapsed :      1.235 s

Starting search (non-adiabatic)

Finding roots
  Time elapsed :     32.129 s

Processing modes
   id    l     m    n_pg    n_p    n_g       Re(omega)       Im(omega)        chi n_iter
  457    5     0     -20      0     20  0.14684049E+01 -0.32045739E-07 0.4961E-07      4
  458    5     0     -19      0     19  0.15253688E+01 -0.36859330E-07 0.7228E-07      4
  459    5     0     -18      0     18  0.16144442E+01 -0.32979870E-07 0.1528E-07      4
  460    5     0     -17      0     17  0.17168721E+01 -0.26658428E-07 0.4147E-07      3
  461    5     0     -16      0     16  0.18072646E+01 -0.18270746E-07 0.1590E-06      4
  462    5     0     -15      0     15  0.18784328E+01 -0.18380648E-07 0.1080E-06      4
  463    5     0     -14      0     14  0.20074223E+01 -0.16422155E-07 0.2238E-07      4
  464    5     0     -13      0     13  0.21711036E+01 -0.12673086E-07 0.3660E-07      4
  465    5     0     -12      0     12  0.23413510E+01 -0.91475708E-08 0.2836E-06      5
  466    5     0     -11      0     11  0.24573969E+01 -0.78137777E-08 0.6803E-07      5
  467    5     0     -10      0     10  0.26701215E+01 -0.60888912E-08 0.9796E-07      6
  468    5     0      -9      0      9  0.29739262E+01 -0.38911999E-09 0.2169E-06      4
  469    5     0      -8      0      8  0.33168971E+01  0.64198715E-07 0.4068E-07      5
  470    5     0      -7      0      7  0.34878099E+01  0.51386656E-06 0.2807E-08      6
  471    5     0      -6      0      6  0.36084225E+01  0.21160607E-06 0.1420E-07      8
  472    5     0      -5      0      5  0.40093304E+01  0.12285452E-06 0.3076E-07      6
  473    5     0      -4      1      5  0.46507557E+01  0.56226333E-05 0.1279E-08      5
  474    5     0      -3      1      4  0.47898976E+01  0.14879580E-04 0.4246E-09      6
  475    5     0      -2      1      3  0.56287624E+01  0.26678049E-05 0.2137E-08      5
  476    5     0      -1      2      3  0.60455749E+01  0.15710834E-03 0.2707E-09      6
  477    5     0       0      2      2  0.65199377E+01  0.15894124E-05 0.8259E-09      6
  478    5     0       1      3      2  0.71352448E+01  0.30424858E-04 0.4460E-09      5
  479    5     0       2      3      1  0.73415905E+01  0.72303916E-03 0.7353E-10      8
  480    5     0       3      4      1  0.85890779E+01  0.24155556E-02 0.1025E-10      7
  481    5     0       4      5      1  0.97925658E+01  0.44625509E-02 0.1158E-10      8
  482    5     0       5      6      1  0.10996039E+02  0.38283844E-02 0.3740E-11      8
  483    5     0       6      7      1  0.12224097E+02 -0.14694712E-02 0.2028E-11      8
  484    5     0       7      8      1  0.13473353E+02 -0.11056074E-01 0.3747E-11      9
  485    5     0       8      9      1  0.14742661E+02 -0.23162345E-01 0.1301E-11     10
  486    5     0       9      9      0  0.14945093E+02 -0.19474083E-04 0.1035E-08      6
  487    5     0      10     10      0  0.16028203E+02 -0.36576372E-01 0.2239E-12     10
  488    5     0      11     11      0  0.17318304E+02 -0.50554846E-01 0.1011E-11      7
  489    5     0      12     12      0  0.18605978E+02 -0.63885230E-01 0.5323E-11     10
  490    5     0      13     13      0  0.19888113E+02 -0.74879491E-01 0.3592E-11      7
  491    5     0      14     14      0  0.21164836E+02 -0.82788544E-01 0.6902E-12      8
  492    5     0      15     15      0  0.22437191E+02 -0.88298766E-01 0.1788E-11     10
  493    5     0      16     16      0  0.23708045E+02 -0.93499944E-01 0.8535E-12     10
  494    5     0      17     17      0  0.24981098E+02 -0.10164187E+00 0.2891E-11      8
  495    5     0      18     18      0  0.26258845E+02 -0.11568875E+00 0.1442E-11     10
  496    5     0      19     19      0  0.27538741E+02 -0.13735183E+00 0.1199E-11      8
  497    5     0      20     20      0  0.28813928E+02 -0.16574900E+00 0.2547E-11      9
  Time elapsed :      1.914 s

Mode Search
-----------

Mode parameters
   l : 6
   m : 0

Building frequency grid (REAL axis)
   added scan interval :  0.2791E+00 ->  0.8723E+01 (1000 points, INVERSE)
   added scan interval :  0.8723E+01 ->  0.3315E+02 (1000 points, LINEAR)

Building spatial grid
   Scaffold grid from model
   Split 0 subinterval(s) in iteration 1
   Final grid has 1 segment(s) and 7137 point(s):
      Segment 1 : x range 0.0000 -> 1.0012 (1 -> 7137)

Starting search (adiabatic)

Scanning frequencies
  Time elapsed :    16.192 s

Finding roots
  Time elapsed :      6.492 s

Processing modes
   id    l     m    n_pg    n_p    n_g       Re(omega)       Im(omega)        chi n_iter
  615    6     0     -20      0     20  0.17233990E+01  0.00000000E+00 0.5567E-14      6
  616    6     0     -19      0     19  0.17821474E+01  0.00000000E+00 0.9878E-14      7
  617    6     0     -18      0     18  0.18797597E+01  0.00000000E+00 0.2181E-13      6
  618    6     0     -17      0     17  0.19958457E+01  0.00000000E+00 0.3678E-13      6
  619    6     0     -16      0     16  0.21101345E+01  0.00000000E+00 0.1899E-13      7
  620    6     0     -15      0     15  0.21876259E+01  0.00000000E+00 0.1402E-13      7
  621    6     0     -14      0     14  0.23205736E+01  0.00000000E+00 0.3873E-14      7
  622    6     0     -13      0     13  0.25033340E+01  0.00000000E+00 0.2348E-13      6
  623    6     0     -12      0     12  0.27088218E+01  0.00000000E+00 0.1428E-13      7
  624    6     0     -11      0     11  0.28542371E+01  0.00000000E+00 0.4430E-14      6
  625    6     0     -10      0     10  0.30572491E+01  0.00000000E+00 0.1525E-13      6
  626    6     0      -9      0      9  0.33793290E+01  0.00000000E+00 0.1716E-13      7
  627    6     0      -8      0      8  0.35710787E+01  0.00000000E+00 0.3430E-13     10
  628    6     0      -7      0      7  0.38049966E+01  0.00000000E+00 0.5468E-13      7
  629    6     0      -6      0      6  0.41257131E+01  0.00000000E+00 0.3189E-14      6
  630    6     0      -5      1      6  0.44668102E+01  0.00000000E+00 0.4108E-13      6
  631    6     0      -4      1      5  0.48976195E+01  0.00000000E+00 0.1340E-14      8
  632    6     0      -3      1      4  0.51406862E+01  0.00000000E+00 0.1394E-14      6
  633    6     0      -2      2      4  0.60336703E+01  0.00000000E+00 0.2665E-14      8
  634    6     0      -1      2      3  0.62400085E+01  0.00000000E+00 0.6059E-15     11
  635    6     0       0      2      2  0.71885188E+01  0.00000000E+00 0.2178E-13      7
  636    6     0       1      3      2  0.75532384E+01  0.00000000E+00 0.1029E-14     15
  637    6     0       2      3      1  0.75764454E+01  0.00000000E+00 0.8658E-15      7
  638    6     0       3      4      1  0.88262544E+01  0.00000000E+00 0.8979E-13      7
  639    6     0       4      5      1  0.10052974E+02  0.00000000E+00 0.1233E-12      7
  640    6     0       5      6      1  0.11289144E+02  0.00000000E+00 0.2457E-12      7
  641    6     0       6      7      1  0.12548584E+02  0.00000000E+00 0.2746E-12      7
  642    6     0       7      8      1  0.13826232E+02  0.00000000E+00 0.1933E-12      9
  643    6     0       8      9      1  0.15120462E+02  0.00000000E+00 0.4765E-12      7
  644    6     0       9      9      0  0.15964542E+02  0.00000000E+00 0.9503E-13      6
  645    6     0      10     10      0  0.16426401E+02  0.00000000E+00 0.1495E-12      6
  646    6     0      11     11      0  0.17734115E+02  0.00000000E+00 0.1200E-11      9
  647    6     0      12     12      0  0.19037370E+02  0.00000000E+00 0.3469E-12      5
  648    6     0      13     13      0  0.20333832E+02  0.00000000E+00 0.1505E-12      5
  649    6     0      14     14      0  0.21623318E+02  0.00000000E+00 0.2192E-12      8
  650    6     0      15     15      0  0.22907417E+02  0.00000000E+00 0.9566E-12      5
  651    6     0      16     16      0  0.24190909E+02  0.00000000E+00 0.9387E-13      5
  652    6     0      17     17      0  0.25479386E+02  0.00000000E+00 0.1655E-12      5
  653    6     0      18     18      0  0.26777573E+02  0.00000000E+00 0.7079E-13      5
  654    6     0      19     19      0  0.28085843E+02  0.00000000E+00 0.4518E-13      5
  655    6     0      20     20      0  0.29401704E+02  0.00000000E+00 0.7853E-13      5
  Time elapsed :      1.410 s

Starting search (non-adiabatic)

Finding roots
  Time elapsed :     33.108 s

Processing modes
   id    l     m    n_pg    n_p    n_g       Re(omega)       Im(omega)        chi n_iter
  615    6     0     -20      0     20  0.17233990E+01 -0.35172914E-07 0.8537E-07      5
  616    6     0     -19      0     19  0.17821474E+01 -0.38836654E-07 0.2506E-07      4
  617    6     0     -18      0     18  0.18797597E+01 -0.36681615E-07 0.2153E-07      4
  618    6     0     -17      0     17  0.19958457E+01 -0.29782510E-07 0.3419E-07      4
  619    6     0     -16      0     16  0.21101345E+01 -0.20786469E-07 0.5295E-07      4
  620    6     0     -15      0     15  0.21876259E+01 -0.17742887E-07 0.2046E-06      5
  621    6     0     -14      0     14  0.23205736E+01 -0.17022540E-07 0.1839E-06      5
  622    6     0     -13      0     13  0.25033340E+01 -0.13095346E-07 0.1242E-06      5
  623    6     0     -12      0     12  0.27088218E+01 -0.94567050E-08 0.7643E-07      6
  624    6     0     -11      0     11  0.28542371E+01 -0.73005776E-08 0.2054E-06      5
  625    6     0     -10      0     10  0.30572491E+01 -0.38912838E-08 0.1065E-06      4
  626    6     0      -9      0      9  0.33793291E+01  0.42060051E-07 0.7914E-07      4
  627    6     0      -8      0      8  0.35710809E+01  0.10461773E-05 0.1793E-07      7
  628    6     0      -7      0      7  0.38049967E+01  0.76370998E-07 0.2834E-07      5
  629    6     0      -6      0      6  0.41257132E+01  0.18102615E-07 0.3860E-07      4
  630    6     0      -5      1      6  0.44668104E+01  0.10749801E-06 0.8919E-07      6
  631    6     0      -4      1      5  0.48976429E+01  0.26934662E-04 0.5240E-09      6
  632    6     0      -3      1      4  0.51406868E+01  0.87190345E-06 0.1236E-07      6
  633    6     0      -2      2      4  0.60336704E+01  0.33092001E-05 0.2547E-08      7
  634    6     0      -1      2      3  0.62399900E+01  0.20751814E-03 0.6888E-10      7
  635    6     0       0      2      2  0.71885175E+01  0.22010625E-05 0.3994E-08      5
  636    6     0       1      3      2  0.75526104E+01  0.84352916E-03 0.4759E-10      6
  637    6     0       2      3      1  0.75763522E+01  0.11357515E-03 0.1696E-09      7
  638    6     0       3      4      1  0.88221396E+01  0.28855941E-02 0.1819E-10      7
  639    6     0       4      5      1  0.10040628E+02  0.47108709E-02 0.4359E-12     10
  640    6     0       5      6      1  0.11265158E+02  0.31150706E-02 0.8287E-11      9
  641    6     0       6      7      1  0.12512240E+02 -0.33952143E-02 0.2786E-11     10
  642    6     0       7      8      1  0.13779163E+02 -0.13954516E-01 0.6134E-11      9
  643    6     0       8      9      1  0.15064891E+02 -0.26669547E-01 0.5190E-11      9
  644    6     0       9      9      0  0.15964542E+02 -0.53243373E-06 0.1930E-07      5
  645    6     0      10     10      0  0.16362993E+02 -0.40493225E-01 0.2409E-11     10
  646    6     0      11     11      0  0.17662465E+02 -0.54613031E-01 0.2687E-11      8
  647    6     0      12     12      0  0.18957082E+02 -0.67600975E-01 0.2260E-11      9
  648    6     0      13     13      0  0.20245236E+02 -0.77833316E-01 0.2308E-11      7
  649    6     0      14     14      0  0.21527178E+02 -0.84955290E-01 0.1535E-11      9
  650    6     0      15     15      0  0.22804543E+02 -0.90113835E-01 0.1208E-11      7
  651    6     0      16     16      0  0.24081277E+02 -0.95854693E-01 0.1881E-11      9
  652    6     0      17     17      0  0.25360659E+02 -0.10547949E+00 0.2130E-11     10
  653    6     0      18     18      0  0.26643983E+02 -0.12178432E+00 0.1379E-11     11
  654    6     0      19     19      0  0.27927418E+02 -0.14585959E+00 0.5548E-12     10
  655    6     0      20     20      0  0.29203364E+02 -0.17570440E+00 0.9882E-12      9
  Time elapsed :      1.879 s

Mode Search
-----------

Mode parameters
   l : 2
   m : 0

Building frequency grid (REAL axis)
   added scan interval :  0.5234E+00 ->  0.2094E+01 (3000 points, INVERSE)

Building spatial grid
   Scaffold grid from model
   Split 0 subinterval(s) in iteration 1
   Final grid has 1 segment(s) and 7137 point(s):
      Segment 1 : x range 0.0000 -> 1.0012 (1 -> 7137)

Starting search (adiabatic)

Scanning frequencies
  Time elapsed :    25.041 s

Finding roots
  Time elapsed :      0.687 s

Processing modes
   id    l     m    n_pg    n_p    n_g       Re(omega)       Im(omega)        chi n_iter
  661    2     0     -23      0     23  0.58625849E+00  0.00000000E+00 0.2852E-12      5
  662    2     0     -22      0     22  0.61662240E+00  0.00000000E+00 0.6578E-12      5
  663    2     0     -21      0     21  0.64719118E+00  0.00000000E+00 0.1167E-11      5
  Time elapsed :      0.223 s

Starting search (non-adiabatic)

Finding roots
  Time elapsed :      1.795 s

Processing modes
   id    l     m    n_pg    n_p    n_g       Re(omega)       Im(omega)        chi n_iter
  661    2     0     -23      0     23  0.58625851E+00 -0.70358507E-07 0.5383E-08      4
  662    2     0     -22      0     22  0.61662241E+00 -0.54843797E-07 0.2195E-07      5
  663    2     0     -21      0     21  0.64719119E+00 -0.37521111E-07 0.5338E-08      6
  Time elapsed :      0.310 s

Mode Search
-----------

Mode parameters
   l : 3
   m : 0

Building frequency grid (REAL axis)
   added scan interval :  0.5234E+00 ->  0.2094E+01 (3000 points, INVERSE)

Building spatial grid
   Scaffold grid from model
   Split 0 subinterval(s) in iteration 1
   Final grid has 1 segment(s) and 7137 point(s):
      Segment 1 : x range 0.0000 -> 1.0012 (1 -> 7137)

Starting search (adiabatic)

Scanning frequencies
  Time elapsed :    24.143 s

Finding roots
  Time elapsed :      0.872 s

Processing modes
   id    l     m    n_pg    n_p    n_g       Re(omega)       Im(omega)        chi n_iter
  683    3     0     -33      0     33  0.59164999E+00  0.00000000E+00 0.6021E-12      5
  684    3     0     -32      0     32  0.60438087E+00  0.00000000E+00 0.9462E-13      5
  685    3     0     -31      0     31  0.62312628E+00  0.00000000E+00 0.1798E-12      5
  686    3     0     -30      0     30  0.64684403E+00  0.00000000E+00 0.6049E-13      5
  687    3     0     -29      0     29  0.66985499E+00  0.00000000E+00 0.4453E-12      5
  688    3     0     -28      0     28  0.68617878E+00  0.00000000E+00 0.1150E-12      5
  689    3     0     -27      0     27  0.71031525E+00  0.00000000E+00 0.5089E-12      5
  690    3     0     -26      0     26  0.74118553E+00  0.00000000E+00 0.2812E-12      5
  691    3     0     -25      0     25  0.77147671E+00  0.00000000E+00 0.2747E-12      5
  692    3     0     -24      0     24  0.79251397E+00  0.00000000E+00 0.4739E-12      5
  693    3     0     -23      0     23  0.82470528E+00  0.00000000E+00 0.3437E-13      5
  694    3     0     -22      0     22  0.86696244E+00  0.00000000E+00 0.2776E-12      5
  695    3     0     -21      0     21  0.91038288E+00  0.00000000E+00 0.5254E-12      5
  Time elapsed :      0.255 s

Starting search (non-adiabatic)

Finding roots
  Time elapsed :      8.259 s

Processing modes
   id    l     m    n_pg    n_p    n_g       Re(omega)       Im(omega)        chi n_iter
  683    3     0     -33      0     33  0.59165017E+00 -0.35776403E-06 0.3096E-09      5
  684    3     0     -32      0     32  0.60438101E+00 -0.28562137E-06 0.4037E-08      5
  685    3     0     -31      0     31  0.62312646E+00 -0.33878759E-06 0.6281E-08      6
  686    3     0     -30      0     30  0.64684417E+00 -0.27481479E-06 0.2011E-08      5
  687    3     0     -29      0     29  0.66985508E+00 -0.17464655E-06 0.5186E-08      5
  688    3     0     -28      0     28  0.68617885E+00 -0.13786131E-06 0.7083E-08      4
  689    3     0     -27      0     27  0.71031533E+00 -0.15722585E-06 0.1072E-07      7
  690    3     0     -26      0     26  0.74118559E+00 -0.12597710E-06 0.2138E-08      5
  691    3     0     -25      0     25  0.77147674E+00 -0.81331608E-07 0.4727E-08      4
  692    3     0     -24      0     24  0.79251399E+00 -0.64315284E-07 0.1759E-07      6
  693    3     0     -23      0     23  0.82470531E+00 -0.69744779E-07 0.6441E-08      6
  694    3     0     -22      0     22  0.86696246E+00 -0.55569076E-07 0.6537E-08      6
  695    3     0     -21      0     21  0.91038289E+00 -0.39222255E-07 0.2131E-07      4
  Time elapsed :      0.727 s

Mode Search
-----------

Mode parameters
   l : 4
   m : 0

Building frequency grid (REAL axis)
   added scan interval :  0.5234E+00 ->  0.2094E+01 (3000 points, INVERSE)

Building spatial grid
   Scaffold grid from model
   Split 0 subinterval(s) in iteration 1
   Final grid has 1 segment(s) and 7137 point(s):
      Segment 1 : x range 0.0000 -> 1.0012 (1 -> 7137)

Starting search (adiabatic)

Scanning frequencies
  Time elapsed :    24.376 s

Finding roots
  Time elapsed :      1.318 s

Processing modes
   id    l     m    n_pg    n_p    n_g       Re(omega)       Im(omega)        chi n_iter
  713    4     0     -43      0     43  0.58765471E+00  0.00000000E+00 0.2853E-12      6
  714    4     0     -42      0     42  0.60289636E+00  0.00000000E+00 0.1432E-12      5
  715    4     0     -41      0     41  0.61888969E+00  0.00000000E+00 0.1009E-12      5
  716    4     0     -40      0     40  0.63089319E+00  0.00000000E+00 0.9548E-12      5
  717    4     0     -39      0     39  0.64461560E+00  0.00000000E+00 0.1326E-12      5
  718    4     0     -38      0     38  0.66348159E+00  0.00000000E+00 0.1936E-12      5
  719    4     0     -37      0     37  0.68258902E+00  0.00000000E+00 0.1962E-12      6
  720    4     0     -36      0     36  0.69634793E+00  0.00000000E+00 0.8040E-12      5
  721    4     0     -35      0     35  0.71425668E+00  0.00000000E+00 0.4906E-12      5
  722    4     0     -34      0     34  0.73790473E+00  0.00000000E+00 0.7299E-13      5
  723    4     0     -33      0     33  0.76098274E+00  0.00000000E+00 0.5891E-12      6
  724    4     0     -32      0     32  0.77738522E+00  0.00000000E+00 0.3658E-12      6
  725    4     0     -31      0     31  0.80103947E+00  0.00000000E+00 0.3857E-12      5
  726    4     0     -30      0     30  0.83128155E+00  0.00000000E+00 0.2622E-12      5
  727    4     0     -29      0     29  0.86110313E+00  0.00000000E+00 0.5435E-12      5
  728    4     0     -28      0     28  0.88220661E+00  0.00000000E+00 0.3896E-12      6
  729    4     0     -27      0     27  0.91215192E+00  0.00000000E+00 0.5471E-12      5
  730    4     0     -26      0     26  0.95130345E+00  0.00000000E+00 0.1682E-12      5
  731    4     0     -25      0     25  0.99068523E+00  0.00000000E+00 0.6777E-13      5
  732    4     0     -24      0     24  0.10180755E+01  0.00000000E+00 0.2005E-12      5
  733    4     0     -23      0     23  0.10573417E+01  0.00000000E+00 0.2428E-12      6
  734    4     0     -22      0     22  0.11106452E+01  0.00000000E+00 0.1885E-12      5
  735    4     0     -21      0     21  0.11668924E+01  0.00000000E+00 0.2088E-12      5
  Time elapsed :      0.366 s

Starting search (non-adiabatic)

Finding roots
  Time elapsed :     15.140 s

Processing modes
   id    l     m    n_pg    n_p    n_g       Re(omega)       Im(omega)        chi n_iter
  714    4     0     -42      1     43  0.60289658E+00 -0.16763485E-05 0.3697E-09      5
  715    4     0     -41      0     41  0.61889006E+00 -0.12179313E-05 0.2511E-09      4
  716    4     0     -40      0     40  0.63089349E+00 -0.76613222E-06 0.8989E-09      6
  717    4     0     -39      0     39  0.64461611E+00 -0.10228912E-05 0.4625E-09      6
  718    4     0     -38      0     38  0.66348213E+00 -0.93605003E-06 0.7557E-09      5
  719    4     0     -37      0     37  0.68258942E+00 -0.65444267E-06 0.1621E-08      6
  720    4     0     -36      0     36  0.69634820E+00 -0.45137696E-06 0.3442E-08      5
  721    4     0     -35      0     35  0.71425707E+00 -0.58842686E-06 0.2567E-08      5
  722    4     0     -34      0     34  0.73790507E+00 -0.50851605E-06 0.1496E-08      4
  723    4     0     -33      0     33  0.76098296E+00 -0.33230697E-06 0.1472E-08      5
  724    4     0     -32      0     32  0.77738539E+00 -0.25820648E-06 0.4646E-08      5
  725    4     0     -31      0     31  0.80103969E+00 -0.30989116E-06 0.1872E-08      5
  726    4     0     -30      0     30  0.83128173E+00 -0.25535188E-06 0.7052E-08      5
  727    4     0     -29      0     29  0.86110324E+00 -0.16864733E-06 0.1184E-08      5
  728    4     0     -28      0     28  0.88220669E+00 -0.12659371E-06 0.1476E-07      5
  729    4     0     -27      0     27  0.91215202E+00 -0.14901352E-06 0.9980E-08      4
  730    4     0     -26      0     26  0.95130353E+00 -0.12261419E-06 0.7754E-08      7
  731    4     0     -25      0     25  0.99068528E+00 -0.83083119E-07 0.1176E-07      5
  732    4     0     -24      0     24  0.10180756E+01 -0.61490253E-07 0.2909E-07      5
  733    4     0     -23      0     23  0.10573417E+01 -0.69938346E-07 0.5704E-08      5
  734    4     0     -22      0     22  0.11106452E+01 -0.57576481E-07 0.1601E-07      6
  735    4     0     -21      0     21  0.11668925E+01 -0.42328001E-07 0.3666E-07      7
  Time elapsed :      1.056 s

Mode Search
-----------

Mode parameters
   l : 5
   m : 0

Building frequency grid (REAL axis)
   added scan interval :  0.5234E+00 ->  0.2094E+01 (3000 points, INVERSE)

Building spatial grid
   Scaffold grid from model
   Split 0 subinterval(s) in iteration 1
   Final grid has 1 segment(s) and 7137 point(s):
      Segment 1 : x range 0.0000 -> 1.0012 (1 -> 7137)

Starting search (adiabatic)

Scanning frequencies
  Time elapsed :    24.086 s

Finding roots
  Time elapsed :      1.517 s

Processing modes
   id    l     m    n_pg    n_p    n_g       Re(omega)       Im(omega)        chi n_iter
  752    5     0     -53      0     53  0.59029915E+00  0.00000000E+00 0.4988E-12      5
  753    5     0     -52      0     52  0.60127618E+00  0.00000000E+00 0.1829E-12      5
  754    5     0     -51      0     51  0.61017283E+00  0.00000000E+00 0.1663E-12      5
  755    5     0     -50      0     50  0.62271174E+00  0.00000000E+00 0.3312E-12      5
  756    5     0     -49      0     49  0.63695675E+00  0.00000000E+00 0.4872E-12      5
  757    5     0     -48      0     48  0.64909619E+00  0.00000000E+00 0.6301E-12      5
  758    5     0     -47      0     47  0.65958662E+00  0.00000000E+00 0.5801E-12      5
  759    5     0     -46      0     46  0.67474551E+00  0.00000000E+00 0.2145E-12      5
  760    5     0     -45      0     45  0.69138231E+00  0.00000000E+00 0.1723E-13      5
  761    5     0     -44      0     44  0.70456260E+00  0.00000000E+00 0.6983E-13      5
  762    5     0     -43      0     43  0.71741891E+00  0.00000000E+00 0.1924E-12      6
  763    5     0     -42      0     42  0.73595432E+00  0.00000000E+00 0.3942E-12      5
  764    5     0     -41      0     41  0.75535880E+00  0.00000000E+00 0.2807E-12      5
  765    5     0     -40      0     40  0.76995649E+00  0.00000000E+00 0.7794E-12      5
  766    5     0     -39      0     39  0.78659625E+00  0.00000000E+00 0.1844E-12      5
  767    5     0     -38      0     38  0.80946874E+00  0.00000000E+00 0.1826E-12      5
  768    5     0     -37      0     37  0.83274480E+00  0.00000000E+00 0.2749E-12      6
  769    5     0     -36      0     36  0.84960599E+00  0.00000000E+00 0.1446E-12      6
  770    5     0     -35      0     35  0.87104828E+00  0.00000000E+00 0.2579E-12      5
  771    5     0     -34      0     34  0.89962548E+00  0.00000000E+00 0.1390E-12      5
  772    5     0     -33      0     33  0.92796093E+00  0.00000000E+00 0.3108E-12      6
  773    5     0     -32      0     32  0.94813504E+00  0.00000000E+00 0.8858E-12      6
  774    5     0     -31      0     31  0.97600488E+00  0.00000000E+00 0.2536E-12      6
  775    5     0     -30      0     30  0.10124205E+01  0.00000000E+00 0.7309E-12      5
  776    5     0     -29      0     29  0.10491586E+01  0.00000000E+00 0.3359E-12      5
  777    5     0     -28      0     28  0.10753768E+01  0.00000000E+00 0.8063E-13      6
  778    5     0     -27      0     27  0.11099183E+01  0.00000000E+00 0.1159E-12      5
  779    5     0     -26      0     26  0.11567035E+01  0.00000000E+00 0.3359E-12      5
  780    5     0     -25      0     25  0.12052143E+01  0.00000000E+00 0.9744E-13      5
  781    5     0     -24      0     24  0.12398189E+01  0.00000000E+00 0.1407E-12      6
  782    5     0     -23      0     23  0.12840753E+01  0.00000000E+00 0.3320E-12      5
  783    5     0     -22      0     22  0.13472733E+01  0.00000000E+00 0.1755E-12      5
  784    5     0     -21      0     21  0.14159635E+01  0.00000000E+00 0.3994E-12      6
  Time elapsed :      0.442 s

Starting search (non-adiabatic)

Finding roots
  Time elapsed :     21.115 s

Processing modes
   id    l     m    n_pg    n_p    n_g       Re(omega)       Im(omega)        chi n_iter
  753    5     0     -53      0     53  0.60127503E+00 -0.69086914E-05 0.2376E-10      5
  754    5     0     -52      0     52  0.61017164E+00 -0.69623806E-05 0.1367E-09      5
  755    5     0     -51      0     51  0.62271038E+00 -0.77065028E-05 0.8403E-10      4
  756    5     0     -50      0     50  0.63695563E+00 -0.62013737E-05 0.1115E-09      4
  757    5     0     -49      0     49  0.64909556E+00 -0.36036865E-05 0.4826E-09      5
  758    5     0     -48      0     48  0.65958597E+00 -0.39400182E-05 0.3619E-09      5
  759    5     0     -47      0     47  0.67474499E+00 -0.38565783E-05 0.1299E-09      5
  760    5     0     -46      0     46  0.69138211E+00 -0.27961477E-05 0.2840E-09      4
  761    5     0     -45      0     45  0.70456260E+00 -0.15318548E-05 0.3383E-09      6
  762    5     0     -44      0     44  0.71741907E+00 -0.18973782E-05 0.1057E-08      4
  763    5     0     -42      1     43  0.73595472E+00 -0.17422100E-05 0.6017E-09      7
  764    5     0     -41      0     41  0.75535927E+00 -0.12429438E-05 0.1269E-08      5
  765    5     0     -40      0     40  0.76995684E+00 -0.76785819E-06 0.1524E-08      5
  766    5     0     -39      0     39  0.78659682E+00 -0.99830699E-06 0.4783E-09      5
  767    5     0     -38      0     38  0.80946933E+00 -0.89199590E-06 0.4292E-09      5
  768    5     0     -37      0     37  0.83274524E+00 -0.62043475E-06 0.1520E-08      6
  769    5     0     -36      0     36  0.84960629E+00 -0.41733404E-06 0.9582E-09      6
  770    5     0     -35      0     35  0.87104871E+00 -0.54168433E-06 0.5680E-09      6
  771    5     0     -34      0     34  0.89962586E+00 -0.47093210E-06 0.7906E-09      4
  772    5     0     -33      0     33  0.92796119E+00 -0.31724584E-06 0.4044E-09      5
  773    5     0     -32      0     32  0.94813522E+00 -0.23297111E-06 0.5280E-08      5
  774    5     0     -31      0     31  0.97600512E+00 -0.28658233E-06 0.4129E-08      6
  775    5     0     -30      0     30  0.10124207E+01 -0.24191225E-06 0.8880E-09      6
  776    5     0     -29      0     29  0.10491587E+01 -0.16817242E-06 0.1376E-08      4
  777    5     0     -28      0     28  0.10753769E+01 -0.11783424E-06 0.6297E-08      5
  778    5     0     -27      0     27  0.11099184E+01 -0.14449021E-06 0.7827E-08      5
  779    5     0     -26      0     26  0.11567036E+01 -0.12333964E-06 0.1115E-07      5
  780    5     0     -25      0     25  0.12052143E+01 -0.88459389E-07 0.1060E-07      5
  781    5     0     -24      0     24  0.12398190E+01 -0.60304428E-07 0.3664E-07      6
  782    5     0     -23      0     23  0.12840754E+01 -0.72095792E-07 0.1211E-07      4
  783    5     0     -22      0     22  0.13472733E+01 -0.61720625E-07 0.3515E-08      4
  784    5     0     -21      0     21  0.14159635E+01 -0.47278149E-07 0.3107E-07      6
  Time elapsed :      1.543 s

Mode Search
-----------

Mode parameters
   l : 6
   m : 0

Building frequency grid (REAL axis)
   added scan interval :  0.5234E+00 ->  0.2094E+01 (3000 points, INVERSE)

Building spatial grid
   Scaffold grid from model
   Split 0 subinterval(s) in iteration 1
   Final grid has 1 segment(s) and 7137 point(s):
      Segment 1 : x range 0.0000 -> 1.0012 (1 -> 7137)

Starting search (adiabatic)

Scanning frequencies
  Time elapsed :    24.328 s

Finding roots
  Time elapsed :      1.893 s

Processing modes
   id    l     m    n_pg    n_p    n_g       Re(omega)       Im(omega)        chi n_iter
  799    6     0     -63      0     63  0.58726730E+00  0.00000000E+00 0.3546E-12      4
  800    6     0     -62      0     62  0.59644768E+00  0.00000000E+00 0.3383E-12      5
  801    6     0     -61      0     61  0.60743215E+00  0.00000000E+00 0.5743E-12      5
  802    6     0     -60      0     60  0.61774338E+00  0.00000000E+00 0.1887E-12      6
  803    6     0     -59      0     59  0.62590505E+00  0.00000000E+00 0.3086E-12      5
  804    6     0     -58      0     58  0.63652749E+00  0.00000000E+00 0.3339E-12      5
  805    6     0     -57      0     57  0.64910877E+00  0.00000000E+00 0.1182E-11      5
  806    6     0     -56      0     56  0.66075461E+00  0.00000000E+00 0.6069E-13      6
  807    6     0     -55      0     55  0.66995305E+00  0.00000000E+00 0.1008E-12      5
  808    6     0     -54      0     54  0.68228034E+00  0.00000000E+00 0.1108E-11      5
  809    6     0     -53      0     53  0.69671990E+00  0.00000000E+00 0.2839E-12      5
  810    6     0     -52      0     52  0.70964647E+00  0.00000000E+00 0.5428E-12      6
  811    6     0     -51      0     51  0.72006594E+00  0.00000000E+00 0.2919E-12      6
  812    6     0     -50      0     50  0.73474270E+00  0.00000000E+00 0.1923E-12      5
  813    6     0     -49      0     49  0.75145225E+00  0.00000000E+00 0.6461E-12      5
  814    6     0     -48      0     48  0.76570913E+00  0.00000000E+00 0.5981E-13      6
  815    6     0     -47      0     47  0.77799095E+00  0.00000000E+00 0.2274E-13      6
  816    6     0     -46      0     46  0.79574475E+00  0.00000000E+00 0.8277E-12      5
  817    6     0     -45      0     45  0.81523697E+00  0.00000000E+00 0.5123E-13      6
  818    6     0     -44      0     44  0.83069885E+00  0.00000000E+00 0.3883E-13      5
  819    6     0     -43      0     43  0.84574420E+00  0.00000000E+00 0.3258E-13      6
  820    6     0     -42      0     42  0.86742857E+00  0.00000000E+00 0.2144E-13      5
  821    6     0     -41      0     41  0.89022262E+00  0.00000000E+00 0.2764E-12      6
  822    6     0     -40      0     40  0.90753744E+00  0.00000000E+00 0.8933E-12      5
  823    6     0     -39      0     39  0.92678243E+00  0.00000000E+00 0.8738E-13      6
  824    6     0     -38      0     38  0.95346372E+00  0.00000000E+00 0.9215E-13      5
  825    6     0     -37      0     37  0.98094270E+00  0.00000000E+00 0.3106E-12      5
  826    6     0     -36      0     36  0.10011035E+01  0.00000000E+00 0.2112E-12      5
  827    6     0     -35      0     35  0.10255241E+01  0.00000000E+00 0.2077E-12      5
  828    6     0     -34      0     34  0.10587308E+01  0.00000000E+00 0.3555E-12      5
  829    6     0     -33      0     33  0.10924160E+01  0.00000000E+00 0.3138E-12      5
  830    6     0     -32      0     32  0.11166923E+01  0.00000000E+00 0.4117E-12      6
  831    6     0     -31      0     31  0.11478494E+01  0.00000000E+00 0.8371E-13      6
  832    6     0     -30      0     30  0.11899572E+01  0.00000000E+00 0.1973E-12      5
  833    6     0     -29      0     29  0.12335901E+01  0.00000000E+00 0.1974E-12      5
  834    6     0     -28      0     28  0.12657110E+01  0.00000000E+00 0.1665E-12      5
  835    6     0     -27      0     27  0.13033289E+01  0.00000000E+00 0.1295E-12      5
  836    6     0     -26      0     26  0.13568387E+01  0.00000000E+00 0.1798E-12      5
  837    6     0     -25      0     25  0.14142004E+01  0.00000000E+00 0.2225E-12      6
  838    6     0     -24      0     24  0.14576811E+01  0.00000000E+00 0.3867E-12      5
  839    6     0     -23      0     23  0.15045254E+01  0.00000000E+00 0.3585E-12      6
  840    6     0     -22      0     22  0.15759636E+01  0.00000000E+00 0.5174E-13      5
  841    6     0     -21      0     21  0.16561285E+01  0.00000000E+00 0.1761E-13      5
  Time elapsed :      0.490 s

Starting search (non-adiabatic)

Finding roots
  Time elapsed :     27.580 s

Processing modes
   id    l     m    n_pg    n_p    n_g       Re(omega)       Im(omega)        chi n_iter
  800    6     0     -63      0     63  0.59644418E+00 -0.28810215E-04 0.1417E-10      5
  801    6     0     -62      0     62  0.60742916E+00 -0.26336905E-04 0.6435E-11      5
  802    6     0     -61      0     61  0.61774139E+00 -0.18508579E-04 0.6987E-11      5
  803    6     0     -60      0     60  0.62590336E+00 -0.16256979E-04 0.4998E-10      7
  804    6     0     -59      0     59  0.63652553E+00 -0.19523523E-04 0.3346E-10      5
  805    6     0     -58      0     58  0.64910707E+00 -0.17405461E-04 0.1631E-10      5
  806    6     0     -57      0     57  0.66075348E+00 -0.11812748E-04 0.1309E-10      5
  807    6     0     -56      0     56  0.66995202E+00 -0.10708651E-04 0.1529E-09      5
  808    6     0     -55      0     55  0.68227912E+00 -0.12636526E-04 0.4438E-10      4
  809    6     0     -54      0     54  0.69671883E+00 -0.10922611E-04 0.1003E-09      4
  810    6     0     -53      0     53  0.70964578E+00 -0.69357317E-05 0.9503E-10      4
  811    6     0     -52      0     52  0.72006524E+00 -0.69124043E-05 0.2501E-09      4
  812    6     0     -51      0     51  0.73474194E+00 -0.76585448E-05 0.3468E-10      5
  813    6     0     -50      0     50  0.75145168E+00 -0.61532561E-05 0.1516E-09      5
  814    6     0     -49      0     49  0.76570884E+00 -0.35743722E-05 0.2269E-09      5
  815    6     0     -48      0     48  0.77799070E+00 -0.39045410E-05 0.1681E-09      4
  816    6     0     -47      0     47  0.79574467E+00 -0.38529012E-05 0.1899E-09      4
  817    6     0     -46      0     46  0.81523710E+00 -0.28249878E-05 0.1754E-09      5
  818    6     0     -45      0     45  0.83069902E+00 -0.15619706E-05 0.6490E-09      4
  819    6     0     -44      0     44  0.84574458E+00 -0.19391701E-05 0.7039E-09      6
  820    6     0     -42      1     43  0.86742915E+00 -0.17832141E-05 0.3911E-09      6
  821    6     0     -41      0     41  0.89022319E+00 -0.12695150E-05 0.8594E-09      7
  822    6     0     -40      0     40  0.90753784E+00 -0.76511492E-06 0.7326E-09      4
  823    6     0     -39      0     39  0.92678304E+00 -0.97589046E-06 0.1031E-08      6
  824    6     0     -38      0     38  0.95346435E+00 -0.86560572E-06 0.9941E-09      6
  825    6     0     -37      0     37  0.98094317E+00 -0.60806576E-06 0.1622E-08      5
  826    6     0     -36      0     36  0.10011039E+01 -0.39140443E-06 0.1375E-08      5
  827    6     0     -35      0     35  0.10255245E+01 -0.50905069E-06 0.1130E-08      4
  828    6     0     -34      0     34  0.10587312E+01 -0.44906873E-06 0.1862E-08      4
  829    6     0     -33      0     33  0.10924163E+01 -0.31497849E-06 0.1700E-08      4
  830    6     0     -32      0     32  0.11166925E+01 -0.21459939E-06 0.2002E-08      5
  831    6     0     -31      0     31  0.11478496E+01 -0.27236916E-06 0.2406E-08      4
  832    6     0     -30      0     30  0.11899574E+01 -0.23794080E-06 0.1499E-08      6
  833    6     0     -29      0     29  0.12335903E+01 -0.17541909E-06 0.7163E-08      5
  834    6     0     -28      0     28  0.12657110E+01 -0.11429332E-06 0.6635E-08      5
  835    6     0     -27      0     27  0.13033290E+01 -0.14472131E-06 0.4173E-08      5
  836    6     0     -26      0     26  0.13568388E+01 -0.12930746E-06 0.3005E-08      6
  837    6     0     -25      0     25  0.14142005E+01 -0.98009621E-07 0.6277E-08      5
  838    6     0     -24      0     24  0.14576811E+01 -0.61900725E-07 0.8874E-08      6
  839    6     0     -23      0     23  0.15045254E+01 -0.75511665E-07 0.7124E-08      4
  840    6     0     -22      0     22  0.15759636E+01 -0.67809360E-07 0.3444E-07      4
  841    6     0     -21      0     21  0.16561285E+01 -0.53824136E-07 0.6211E-07      8
  Time elapsed :      1.910 s

Mode Search
-----------

Mode parameters
   l : 7
   m : 0

Building frequency grid (REAL axis)
   added scan interval :  0.5234E+00 ->  0.2094E+01 (3000 points, INVERSE)

Building spatial grid
   Scaffold grid from model
   Split 11 subinterval(s) in iteration 1
   Split 0 subinterval(s) in iteration 2
   Final grid has 1 segment(s) and 7148 point(s):
      Segment 1 : x range 0.0000 -> 1.0012 (1 -> 7148)

Starting search (adiabatic)

Scanning frequencies
  Time elapsed :    24.318 s

Finding roots
  Time elapsed :      2.191 s

Processing modes
   id    l     m    n_pg    n_p    n_g       Re(omega)       Im(omega)        chi n_iter
  855    7     0     -72      0     72  0.59535774E+00  0.00000000E+00 0.3475E-13      6
  856    7     0     -71      0     71  0.60223900E+00  0.00000000E+00 0.1991E-14      5
  857    7     0     -70      0     70  0.61044219E+00  0.00000000E+00 0.5439E-12      5
  858    7     0     -69      0     69  0.62031170E+00  0.00000000E+00 0.2230E-12      5
  859    7     0     -68      0     68  0.62983576E+00  0.00000000E+00 0.5488E-12      5
  860    7     0     -67      0     67  0.63746931E+00  0.00000000E+00 0.6367E-12      5
  861    7     0     -66      0     66  0.64667041E+00  0.00000000E+00 0.1630E-12      5
  862    7     0     -65      0     65  0.65778986E+00  0.00000000E+00 0.3471E-12      5
  863    7     0     -64      0     64  0.66848264E+00  0.00000000E+00 0.5667E-15      5
  864    7     0     -63      0     63  0.67692522E+00  0.00000000E+00 0.2099E-12      5
  865    7     0     -62      0     62  0.68732281E+00  0.00000000E+00 0.6056E-13      5
  866    7     0     -61      0     61  0.69991124E+00  0.00000000E+00 0.9378E-12      5
  867    7     0     -60      0     60  0.71185563E+00  0.00000000E+00 0.6743E-12      6
  868    7     0     -59      0     59  0.72124036E+00  0.00000000E+00 0.3766E-12      5
  869    7     0     -58      0     58  0.73328137E+00  0.00000000E+00 0.4442E-12      5
  870    7     0     -57      0     57  0.74769352E+00  0.00000000E+00 0.4187E-12      5
  871    7     0     -56      0     56  0.76115256E+00  0.00000000E+00 0.1541E-12      5
  872    7     0     -55      0     55  0.77168752E+00  0.00000000E+00 0.8872E-13      6
  873    7     0     -54      0     54  0.78567959E+00  0.00000000E+00 0.3164E-13      5
  874    7     0     -53      0     53  0.80220432E+00  0.00000000E+00 0.4297E-12      5
  875    7     0     -52      0     52  0.81709364E+00  0.00000000E+00 0.7879E-13      6
  876    7     0     -51      0     51  0.82898107E+00  0.00000000E+00 0.6245E-13      6
  877    7     0     -50      0     50  0.84567998E+00  0.00000000E+00 0.1102E-12      5
  878    7     0     -49      0     49  0.86479612E+00  0.00000000E+00 0.4544E-13      6
  879    7     0     -48      0     48  0.88121141E+00  0.00000000E+00 0.6034E-13      5
  880    7     0     -47      0     47  0.89518332E+00  0.00000000E+00 0.3898E-12      6
  881    7     0     -46      0     46  0.91538850E+00  0.00000000E+00 0.3738E-12      5
  882    7     0     -45      0     45  0.93768412E+00  0.00000000E+00 0.1348E-12      6
  883    7     0     -44      0     44  0.95553930E+00  0.00000000E+00 0.1318E-12      5
  884    7     0     -43      0     43  0.97255708E+00  0.00000000E+00 0.1044E-12      6
  885    7     0     -42      0     42  0.99719714E+00  0.00000000E+00 0.2166E-13      5
  886    7     0     -41      0     41  0.10233700E+01  0.00000000E+00 0.2628E-12      6
  887    7     0     -40      0     40  0.10436254E+01  0.00000000E+00 0.2387E-12      5
  888    7     0     -39      0     39  0.10650684E+01  0.00000000E+00 0.1376E-12      6
  889    7     0     -38      0     38  0.10952918E+01  0.00000000E+00 0.3595E-12      5
  890    7     0     -37      0     37  0.11269875E+01  0.00000000E+00 0.2144E-12      6
  891    7     0     -36      0     36  0.11508145E+01  0.00000000E+00 0.3434E-12      5
  892    7     0     -35      0     35  0.11775215E+01  0.00000000E+00 0.1442E-12      6
  893    7     0     -34      0     34  0.12149442E+01  0.00000000E+00 0.3226E-12      5
  894    7     0     -33      0     33  0.12539716E+01  0.00000000E+00 0.4249E-12      6
  895    7     0     -32      0     32  0.12830179E+01  0.00000000E+00 0.5135E-14      6
  896    7     0     -31      0     31  0.13163493E+01  0.00000000E+00 0.2378E-12      6
  897    7     0     -30      0     30  0.13634661E+01  0.00000000E+00 0.5340E-13      5
  898    7     0     -29      0     29  0.14137248E+01  0.00000000E+00 0.4600E-12      6
  899    7     0     -28      0     28  0.14530038E+01  0.00000000E+00 0.2181E-13      5
  900    7     0     -27      0     27  0.14921395E+01  0.00000000E+00 0.6382E-13      6
  901    7     0     -26      0     26  0.15510544E+01  0.00000000E+00 0.3342E-12      5
  902    7     0     -25      0     25  0.16165655E+01  0.00000000E+00 0.2631E-12      5
  903    7     0     -24      0     24  0.16710492E+01  0.00000000E+00 0.2423E-12      5
  Time elapsed :      0.578 s

Starting search (non-adiabatic)

Finding roots
  Time elapsed :     32.784 s

Processing modes
   id    l     m    n_pg    n_p    n_g       Re(omega)       Im(omega)        chi n_iter
  856    7     0     -72      0     72  0.60223135E+00 -0.49088199E-04 0.1144E-10      5
  857    7     0     -71      0     71  0.61043378E+00 -0.59111687E-04 0.5926E-11      6
  858    7     0     -70      0     70  0.62030465E+00 -0.55454703E-04 0.6167E-11      6
  859    7     0     -69      0     69  0.62983102E+00 -0.41576018E-04 0.5265E-11      6
  860    7     0     -68      0     68  0.63746569E+00 -0.34082746E-04 0.7649E-11      5
  861    7     0     -67      0     67  0.64666642E+00 -0.41730375E-04 0.1476E-10      6
  862    7     0     -66      0     66  0.65778655E+00 -0.39194755E-04 0.2507E-10      6
  863    7     0     -65      0     65  0.66848047E+00 -0.28952603E-04 0.2531E-10      6
  864    7     0     -64      0     64  0.67692359E+00 -0.23690861E-04 0.2661E-10      6
  865    7     0     -63      0     63  0.68732100E+00 -0.29175450E-04 0.9375E-11      6
  866    7     0     -62      0     62  0.69990978E+00 -0.26827852E-04 0.2027E-10      5
  867    7     0     -61      0     61  0.71185470E+00 -0.19028152E-04 0.5133E-10      7
  868    7     0     -60      0     60  0.72123962E+00 -0.16137155E-04 0.2577E-10      5
  869    7     0     -59      0     59  0.73328054E+00 -0.19573106E-04 0.2494E-10      5
  870    7     0     -58      0     58  0.74769284E+00 -0.17530043E-04 0.5073E-10      6
  871    7     0     -57      0     57  0.76115212E+00 -0.11976422E-04 0.9336E-10      5
  872    7     0     -56      0     56  0.77168713E+00 -0.10538616E-04 0.6254E-10      5
  873    7     0     -55      0     55  0.78567914E+00 -0.12558514E-04 0.4981E-10      6
  874    7     0     -54      0     54  0.80220395E+00 -0.10885743E-04 0.5168E-10      5
  875    7     0     -53      0     53  0.81709341E+00 -0.69330458E-05 0.2470E-09      4
  876    7     0     -52      0     52  0.82898087E+00 -0.67702357E-05 0.9078E-10      4
  877    7     0     -51      0     51  0.84567980E+00 -0.75541568E-05 0.2246E-09      6
  878    7     0     -50      0     50  0.86479606E+00 -0.60881564E-05 0.1083E-09      5
  879    7     0     -49      0     49  0.88121144E+00 -0.35487819E-05 0.8341E-09      5
  880    7     0     -48      0     48  0.89518344E+00 -0.38277823E-05 0.2182E-09      4
  881    7     0     -47      0     47  0.91538880E+00 -0.38318397E-05 0.1303E-09      5
  882    7     0     -46      0     46  0.93768454E+00 -0.28513329E-05 0.8450E-10      5
  883    7     0     -45      0     45  0.95553964E+00 -0.15842459E-05 0.8836E-09      5
  884    7     0     -44      0     44  0.97255763E+00 -0.19463181E-05 0.2147E-09      4
  885    7     0     -42      0     42  0.99719786E+00 -0.18088003E-05 0.7663E-09      5
  886    7     0     -41      0     41  0.10233707E+01 -0.13002100E-05 0.2887E-09      6
  887    7     0     -40      0     40  0.10436258E+01 -0.76060158E-06 0.1423E-08      5
  888    7     0     -39      0     39  0.10650691E+01 -0.95185169E-06 0.2899E-09      8
  889    7     0     -38      0     38  0.10952924E+01 -0.85258688E-06 0.6142E-09      4
  890    7     0     -37      0     37  0.11269880E+01 -0.61335966E-06 0.9441E-09      5
  891    7     0     -36      0     36  0.11508148E+01 -0.37536314E-06 0.1437E-08      5
  892    7     0     -35      0     35  0.11775219E+01 -0.48786995E-06 0.1875E-08      4
  893    7     0     -34      0     34  0.12149446E+01 -0.44203717E-06 0.1015E-08      6
  894    7     0     -33      0     33  0.12539719E+01 -0.32511796E-06 0.4352E-08      4
  895    7     0     -32      0     32  0.12830181E+01 -0.20552852E-06 0.2865E-08      5
  896    7     0     -31      0     31  0.13163495E+01 -0.26641072E-06 0.6833E-09      5
  897    7     0     -30      0     30  0.13634663E+01 -0.24389924E-06 0.1103E-07      6
  898    7     0     -29      0     29  0.14137250E+01 -0.19080822E-06 0.7376E-08      5
  899    7     0     -28      0     28  0.14530039E+01 -0.11820006E-06 0.2101E-07      6
  900    7     0     -27      0     27  0.14921396E+01 -0.14790521E-06 0.9952E-08      6
  901    7     0     -26      0     26  0.15510545E+01 -0.13995448E-06 0.1088E-07      5
  902    7     0     -25      0     25  0.16165656E+01 -0.11101183E-06 0.9281E-08      6
  903    7     0     -24      0     24  0.16710492E+01 -0.67940697E-07 0.2076E-07      4
  Time elapsed :      2.200 s

Mode Search
-----------

Mode parameters
   l : 8
   m : 0

Building frequency grid (REAL axis)
   added scan interval :  0.5234E+00 ->  0.2094E+01 (3000 points, INVERSE)

Building spatial grid
   Scaffold grid from model
   Split 13 subinterval(s) in iteration 1
   Split 0 subinterval(s) in iteration 2
   Final grid has 1 segment(s) and 7150 point(s):
      Segment 1 : x range 0.0000 -> 1.0012 (1 -> 7150)

Starting search (adiabatic)

Scanning frequencies
  Time elapsed :    24.410 s

Finding roots
  Time elapsed :      2.526 s

Processing modes
   id    l     m    n_pg    n_p    n_g       Re(omega)       Im(omega)        chi n_iter
  920    8     0     -82      0     82  0.59182899E+00  0.00000000E+00 0.8448E-12      6
  921    8     0     -81      0     81  0.59984985E+00  0.00000000E+00 0.3087E-14      5
  922    8     0     -80      0     80  0.60769938E+00  0.00000000E+00 0.2370E-12      6
  923    8     0     -79      0     79  0.61414423E+00  0.00000000E+00 0.2302E-12      5
  924    8     0     -78      0     78  0.62152539E+00  0.00000000E+00 0.7942E-12      6
  925    8     0     -77      0     77  0.63043214E+00  0.00000000E+00 0.2393E-12      4
  926    8     0     -76      0     76  0.63914938E+00  0.00000000E+00 0.5468E-12      6
  927    8     0     -75      0     75  0.64625844E+00  0.00000000E+00 0.6562E-12      5
  928    8     0     -74      0     74  0.65442409E+00  0.00000000E+00 0.2962E-12      6
  929    8     0     -73      0     73  0.66432820E+00  0.00000000E+00 0.6742E-13      5
  930    8     0     -72      0     72  0.67401671E+00  0.00000000E+00 0.3944E-12      6
  931    8     0     -71      0     71  0.68184794E+00  0.00000000E+00 0.2640E-13      6
  932    8     0     -70      0     70  0.69095587E+00  0.00000000E+00 0.8449E-12      5
  933    8     0     -69      0     69  0.70205739E+00  0.00000000E+00 0.4330E-12      5
  934    8     0     -68      0     68  0.71291021E+00  0.00000000E+00 0.5826E-13      5
  935    8     0     -67      0     67  0.72159260E+00  0.00000000E+00 0.2791E-12      6
  936    8     0     -66      0     66  0.73179055E+00  0.00000000E+00 0.4430E-12      5
  937    8     0     -65      0     65  0.74428611E+00  0.00000000E+00 0.2342E-12      5
  938    8     0     -64      0     64  0.75646233E+00  0.00000000E+00 0.2348E-12      5
  939    8     0     -63      0     63  0.76605010E+00  0.00000000E+00 0.1854E-12      5
  940    8     0     -62      0     62  0.77756438E+00  0.00000000E+00 0.3779E-12      5
  941    8     0     -61      0     61  0.79170764E+00  0.00000000E+00 0.2565E-12      5
  942    8     0     -60      0     60  0.80530387E+00  0.00000000E+00 0.1117E-13      6
  943    8     0     -59      0     59  0.81591916E+00  0.00000000E+00 0.1115E-12      6
  944    8     0     -58      0     58  0.82926428E+00  0.00000000E+00 0.2866E-12      5
  945    8     0     -57      0     57  0.84545171E+00  0.00000000E+00 0.3599E-12      5
  946    8     0     -56      0     56  0.86074160E+00  0.00000000E+00 0.2491E-12      6
  947    8     0     -55      0     55  0.87259847E+00  0.00000000E+00 0.5507E-13      6
  948    8     0     -54      0     54  0.88812704E+00  0.00000000E+00 0.2466E-12      5
  949    8     0     -53      0     53  0.90667354E+00  0.00000000E+00 0.2102E-12      6
  950    8     0     -52      0     52  0.92355423E+00  0.00000000E+00 0.4463E-12      6
  951    8     0     -51      0     51  0.93685877E+00  0.00000000E+00 0.3477E-12      6
  952    8     0     -50      0     50  0.95543348E+00  0.00000000E+00 0.3759E-12      5
  953    8     0     -49      0     49  0.97689402E+00  0.00000000E+00 0.1434E-12      6
  954    8     0     -48      0     48  0.99554922E+00  0.00000000E+00 0.2627E-12      6
  955    8     0     -47      0     47  0.10110973E+01  0.00000000E+00 0.2662E-12      6
  956    8     0     -46      0     46  0.10335638E+01  0.00000000E+00 0.6886E-12      5
  957    8     0     -45      0     45  0.10586085E+01  0.00000000E+00 0.3648E-12      6
  958    8     0     -44      0     44  0.10790435E+01  0.00000000E+00 0.3583E-12      5
  959    8     0     -43      0     43  0.10977674E+01  0.00000000E+00 0.5458E-13      6
  960    8     0     -42      0     42  0.11251036E+01  0.00000000E+00 0.2827E-12      5
  961    8     0     -41      0     41  0.11546264E+01  0.00000000E+00 0.6731E-13      5
  962    8     0     -40      0     40  0.11781622E+01  0.00000000E+00 0.4065E-12      5
  963    8     0     -39      0     39  0.12013485E+01  0.00000000E+00 0.4885E-14      6
  964    8     0     -38      0     38  0.12347426E+01  0.00000000E+00 0.2211E-12      5
  965    8     0     -37      0     37  0.12705922E+01  0.00000000E+00 0.7929E-13      6
  966    8     0     -36      0     36  0.12986465E+01  0.00000000E+00 0.2015E-12      5
  967    8     0     -35      0     35  0.13269029E+01  0.00000000E+00 0.5975E-13      6
  968    8     0     -34      0     34  0.13679574E+01  0.00000000E+00 0.1328E-12      5
  969    8     0     -33      0     33  0.14121448E+01  0.00000000E+00 0.1228E-12      6
  970    8     0     -32      0     32  0.14469495E+01  0.00000000E+00 0.1015E-12      5
  971    8     0     -31      0     31  0.14813702E+01  0.00000000E+00 0.1328E-12      5
  972    8     0     -30      0     30  0.15324947E+01  0.00000000E+00 0.1346E-12      5
  973    8     0     -29      0     29  0.15888032E+01  0.00000000E+00 0.6185E-13      6
  974    8     0     -28      0     28  0.16366162E+01  0.00000000E+00 0.7897E-13      5
  Time elapsed :      0.647 s

Starting search (non-adiabatic)

Finding roots
  Time elapsed :     36.381 s

Processing modes
   id    l     m    n_pg    n_p    n_g       Re(omega)       Im(omega)        chi n_iter
  921    8     0     -82      0     82  0.59980374E+00 -0.17752855E-03 0.2737E-11      5
  922    8     0     -81      0     81  0.60766706E+00 -0.13663751E-03 0.3047E-11      5
  923    8     0     -80      0     80  0.61411972E+00 -0.10884697E-03 0.3910E-11      5
  924    8     0     -79      0     79  0.62149876E+00 -0.12885772E-03 0.1576E-11      5
  925    8     0     -78      0     78  0.63040961E+00 -0.12177834E-03 0.1526E-11      6
  926    8     0     -77      0     77  0.63913397E+00 -0.93184467E-04 0.3556E-11      6
  927    8     0     -76      0     76  0.64624705E+00 -0.73632899E-04 0.7517E-11      6
  928    8     0     -75      0     75  0.65441189E+00 -0.87727391E-04 0.1090E-10      6
  929    8     0     -74      0     74  0.66431816E+00 -0.82777303E-04 0.6543E-11      5
  930    8     0     -73      0     73  0.67401010E+00 -0.62892555E-04 0.4964E-11      5
  931    8     0     -72      0     72  0.68184319E+00 -0.49671604E-04 0.4056E-11      6
  932    8     0     -71      0     71  0.69095088E+00 -0.60090559E-04 0.9196E-11      5
  933    8     0     -70      0     70  0.70205348E+00 -0.56938568E-04 0.7173E-11      7
  934    8     0     -69      0     69  0.71290779E+00 -0.43292310E-04 0.1431E-10      6
  935    8     0     -68      0     68  0.72159095E+00 -0.34176279E-04 0.6435E-11      6
  936    8     0     -67      0     67  0.73178893E+00 -0.42091108E-04 0.1875E-11      6
  937    8     0     -66      0     66  0.74428500E+00 -0.39910875E-04 0.2030E-11      6
  938    8     0     -65      0     65  0.75646177E+00 -0.29887116E-04 0.4740E-10      5
  939    8     0     -64      0     64  0.76604979E+00 -0.23472998E-04 0.2896E-10      6
  940    8     0     -63      0     63  0.77756419E+00 -0.29137746E-04 0.4440E-10      6
  941    8     0     -62      0     62  0.79170766E+00 -0.27025580E-04 0.1831E-10      7
  942    8     0     -61      0     61  0.80530400E+00 -0.19418039E-04 0.8222E-11      7
  943    8     0     -60      0     60  0.81591931E+00 -0.15793452E-04 0.6282E-10      6
  944    8     0     -59      0     59  0.82926454E+00 -0.19385208E-04 0.3988E-10      5
  945    8     0     -58      0     58  0.84545201E+00 -0.17491999E-04 0.4855E-10      5
  946    8     0     -57      0     57  0.86074184E+00 -0.12081867E-04 0.6114E-10      4
  947    8     0     -56      0     56  0.87259869E+00 -0.10238508E-04 0.1574E-09      4
  948    8     0     -55      0     55  0.88812733E+00 -0.12367849E-04 0.3942E-10      5
  949    8     0     -54      0     54  0.90667383E+00 -0.10788305E-04 0.4322E-10      5
  950    8     0     -53      0     53  0.92355445E+00 -0.69285767E-05 0.6349E-10      5
  951    8     0     -52      0     52  0.93685901E+00 -0.65573945E-05 0.9357E-10      6
  952    8     0     -51      0     51  0.95543383E+00 -0.74128689E-05 0.1017E-09      5
  953    8     0     -50      0     50  0.97689442E+00 -0.60186898E-05 0.6237E-10      6
  954    8     0     -49      0     49  0.99554954E+00 -0.35383244E-05 0.3475E-09      5
  955    8     0     -48      0     48  0.10110977E+01 -0.37124782E-05 0.1896E-09      5
  956    8     0     -47      0     47  0.10335644E+01 -0.37991682E-05 0.2950E-09      4
  957    8     0     -46      0     46  0.10586091E+01 -0.28823001E-05 0.1650E-09      4
  958    8     0     -45      0     45  0.10790439E+01 -0.16091977E-05 0.5028E-09      6
  959    8     0     -44      0     44  0.10977681E+01 -0.19229809E-05 0.2285E-09      5
  960    8     0     -42      0     42  0.11251045E+01 -0.18248450E-05 0.4519E-09      5
  961    8     0     -41      0     41  0.11546271E+01 -0.13356279E-05 0.8601E-09      6
  962    8     0     -40      0     40  0.11781627E+01 -0.76122465E-06 0.3952E-08      5
  963    8     0     -39      0     39  0.12013491E+01 -0.92312424E-06 0.4801E-09      4
  964    8     0     -38      0     38  0.12347433E+01 -0.85031149E-06 0.1419E-08      4
  965    8     0     -37      0     37  0.12705927E+01 -0.63300308E-06 0.1137E-08      4
  966    8     0     -36      0     36  0.12986468E+01 -0.37263142E-06 0.5933E-08      4
  967    8     0     -35      0     35  0.13269033E+01 -0.47345859E-06 0.1927E-08      4
  968    8     0     -34      0     34  0.13679577E+01 -0.44759724E-06 0.1516E-08      4
  969    8     0     -33      0     33  0.14121451E+01 -0.34612511E-06 0.6695E-08      5
  970    8     0     -32      0     32  0.14469497E+01 -0.20881962E-06 0.5381E-09      5
  971    8     0     -31      0     31  0.14813704E+01 -0.26526771E-06 0.2301E-08      4
  972    8     0     -30      0     30  0.15324949E+01 -0.25889416E-06 0.4169E-08      4
  973    8     0     -29      0     29  0.15888033E+01 -0.21368860E-06 0.9986E-08      4
  974    8     0     -28      0     28  0.16366163E+01 -0.13301078E-06 0.1443E-07      4
  Time elapsed :      2.432 s

Mode Search
-----------

Mode parameters
   l : 9
   m : 0

Building frequency grid (REAL axis)
   added scan interval :  0.5234E+00 ->  0.2094E+01 (3000 points, INVERSE)

Building spatial grid
   Scaffold grid from model
   Split 14 subinterval(s) in iteration 1
   Split 0 subinterval(s) in iteration 2
   Final grid has 1 segment(s) and 7151 point(s):
      Segment 1 : x range 0.0000 -> 1.0012 (1 -> 7151)

Starting search (adiabatic)

Scanning frequencies
  Time elapsed :    23.957 s

Finding roots
  Time elapsed :      2.687 s

Processing modes
   id    l     m    n_pg    n_p    n_g       Re(omega)       Im(omega)        chi n_iter
  993    9     0     -92      0     92  0.59170027E+00  0.00000000E+00 0.6561E-12      6
  994    9     0     -91      0     91  0.59722599E+00  0.00000000E+00 0.4481E-12      5
  995    9     0     -90      0     90  0.60340344E+00  0.00000000E+00 0.3518E-13      6
  996    9     0     -89      0     89  0.61073933E+00  0.00000000E+00 0.1174E-12      5
  997    9     0     -88      0     88  0.61795671E+00  0.00000000E+00 0.3513E-12      5
  998    9     0     -87      0     87  0.62400758E+00  0.00000000E+00 0.5838E-13      5
  999    9     0     -86      0     86  0.63073518E+00  0.00000000E+00 0.1449E-12      6
 1000    9     0     -85      0     85  0.63879890E+00  0.00000000E+00 0.4506E-12      5
 1001    9     0     -84      0     84  0.64677685E+00  0.00000000E+00 0.7995E-12      5
 1002    9     0     -83      0     83  0.65340237E+00  0.00000000E+00 0.7857E-12      5
 1003    9     0     -82      0     82  0.66073684E+00  0.00000000E+00 0.2371E-12      6
 1004    9     0     -81      0     81  0.66963406E+00  0.00000000E+00 0.3265E-14      5
 1005    9     0     -80      0     80  0.67845760E+00  0.00000000E+00 0.5322E-13      5
 1006    9     0     -79      0     79  0.68571112E+00  0.00000000E+00 0.1017E-11      5
 1007    9     0     -78      0     78  0.69378863E+00  0.00000000E+00 0.2368E-12      6
 1008    9     0     -77      0     77  0.70366189E+00  0.00000000E+00 0.1907E-12      5
 1009    9     0     -76      0     76  0.71346089E+00  0.00000000E+00 0.4515E-12      6
 1010    9     0     -75      0     75  0.72146556E+00  0.00000000E+00 0.5865E-13      5
 1011    9     0     -74      0     74  0.73038637E+00  0.00000000E+00 0.3957E-13      6
 1012    9     0     -73      0     73  0.74135731E+00  0.00000000E+00 0.2849E-12      5
 1013    9     0     -72      0     72  0.75224741E+00  0.00000000E+00 0.2686E-12      6
 1014    9     0     -71      0     71  0.76106391E+00  0.00000000E+00 0.4964E-12      5
 1015    9     0     -70      0     70  0.77099765E+00  0.00000000E+00 0.3538E-12      6
 1016    9     0     -69      0     69  0.78328560E+00  0.00000000E+00 0.1557E-12      5
 1017    9     0     -68      0     68  0.79547820E+00  0.00000000E+00 0.2797E-12      6
 1018    9     0     -67      0     67  0.80524863E+00  0.00000000E+00 0.3399E-12      5
 1019    9     0     -66      0     66  0.81634779E+00  0.00000000E+00 0.8842E-13      5
 1020    9     0     -65      0     65  0.83016428E+00  0.00000000E+00 0.1140E-13      5
 1021    9     0     -64      0     64  0.84383432E+00  0.00000000E+00 0.1197E-12      6
 1022    9     0     -63      0     63  0.85460696E+00  0.00000000E+00 0.5820E-12      5
 1023    9     0     -62      0     62  0.86712446E+00  0.00000000E+00 0.1002E-12      6
 1024    9     0     -61      0     61  0.88276110E+00  0.00000000E+00 0.2325E-12      5
 1025    9     0     -60      0     60  0.89802343E+00  0.00000000E+00 0.3183E-13      6
 1026    9     0     -59      0     59  0.90989658E+00  0.00000000E+00 0.2276E-12      6
 1027    9     0     -58      0     58  0.92441379E+00  0.00000000E+00 0.4282E-12      6
 1028    9     0     -57      0     57  0.94230871E+00  0.00000000E+00 0.3765E-12      5
 1029    9     0     -56      0     56  0.95944648E+00  0.00000000E+00 0.1895E-12      6
 1030    9     0     -55      0     55  0.97263027E+00  0.00000000E+00 0.4250E-13      5
 1031    9     0     -54      0     54  0.98954280E+00  0.00000000E+00 0.1982E-12      6
 1032    9     0     -53      0     53  0.10100365E+01  0.00000000E+00 0.3174E-12      6
 1033    9     0     -52      0     52  0.10289513E+01  0.00000000E+00 0.6083E-13      6
 1034    9     0     -51      0     51  0.10436393E+01  0.00000000E+00 0.2925E-12      6
 1035    9     0     -50      0     50  0.10639055E+01  0.00000000E+00 0.5033E-12      6
 1036    9     0     -49      0     49  0.10876387E+01  0.00000000E+00 0.4395E-12      6
 1037    9     0     -48      0     48  0.11086532E+01  0.00000000E+00 0.4292E-12      5
 1038    9     0     -47      0     47  0.11256738E+01  0.00000000E+00 0.5497E-13      6
 1039    9     0     -46      0     46  0.11501486E+01  0.00000000E+00 0.7791E-13      5
 1040    9     0     -45      0     45  0.11778681E+01  0.00000000E+00 0.6635E-13      6
 1041    9     0     -44      0     44  0.12011376E+01  0.00000000E+00 0.2280E-12      6
 1042    9     0     -43      0     43  0.12213026E+01  0.00000000E+00 0.1461E-12      6
 1043    9     0     -42      0     42  0.12509824E+01  0.00000000E+00 0.5789E-12      5
 1044    9     0     -41      0     41  0.12837764E+01  0.00000000E+00 0.3309E-12      6
 1045    9     0     -40      0     40  0.13110323E+01  0.00000000E+00 0.4039E-12      5
 1046    9     0     -39      0     39  0.13355646E+01  0.00000000E+00 0.1719E-12      6
 1047    9     0     -38      0     38  0.13716009E+01  0.00000000E+00 0.1825E-12      5
 1048    9     0     -37      0     37  0.14114182E+01  0.00000000E+00 0.1277E-12      6
 1049    9     0     -36      0     36  0.14443875E+01  0.00000000E+00 0.3837E-14      6
 1050    9     0     -35      0     35  0.14736328E+01  0.00000000E+00 0.2493E-12      6
 1051    9     0     -34      0     34  0.15174744E+01  0.00000000E+00 0.3126E-12      6
 1052    9     0     -33      0     33  0.15664296E+01  0.00000000E+00 0.2161E-12      6
 1053    9     0     -32      0     32  0.16080363E+01  0.00000000E+00 0.4211E-14      6
 1054    9     0     -31      0     31  0.16429965E+01  0.00000000E+00 0.1046E-13      6
  Time elapsed :      0.655 s

Starting search (non-adiabatic)

Finding roots
  Time elapsed :     41.131 s

Processing modes
   id    l     m    n_pg    n_p    n_g       Re(omega)       Im(omega)        chi n_iter
  994    9     0     -92      0     92  0.59707930E+00 -0.35048125E-03 0.9296E-12      6
  995    9     0     -91      0     91  0.60324265E+00 -0.40472466E-03 0.7059E-12      7
  996    9     0     -90      0     90  0.61059692E+00 -0.38824467E-03 0.1873E-11      6
  997    9     0     -89      0     89  0.61785294E+00 -0.30647149E-03 0.2344E-11      6
  998    9     0     -88      0     88  0.62392710E+00 -0.24416737E-03 0.4493E-12      5
  999    9     0     -87      0     87  0.63064820E+00 -0.28249723E-03 0.8235E-12      5
 1000    9     0     -86      0     86  0.63872314E+00 -0.27086569E-03 0.1428E-11      6
 1001    9     0     -85      0     85  0.64672281E+00 -0.21295864E-03 0.1844E-11      5
 1002    9     0     -84      0     84  0.65336214E+00 -0.16616492E-03 0.1160E-11      5
 1003    9     0     -83      0     83  0.66069363E+00 -0.19410432E-03 0.9076E-12      5
 1004    9     0     -82      0     82  0.66959724E+00 -0.18587274E-03 0.1340E-12      6
 1005    9     0     -81      0     81  0.67843217E+00 -0.14476501E-03 0.5252E-11      6
 1006    9     0     -80      0     80  0.68569284E+00 -0.11157998E-03 0.4447E-11      5
 1007    9     0     -79      0     79  0.69376927E+00 -0.13190234E-03 0.6866E-12      5
 1008    9     0     -78      0     78  0.70364602E+00 -0.12597081E-03 0.3092E-11      7
 1009    9     0     -77      0     77  0.71345043E+00 -0.97680912E-04 0.1377E-10      5
 1010    9     0     -76      0     76  0.72145841E+00 -0.74511077E-04 0.5547E-11      5
 1011    9     0     -75      0     75  0.73037912E+00 -0.88715668E-04 0.2507E-11      8
 1012    9     0     -74      0     74  0.74135185E+00 -0.84701645E-04 0.4406E-11      5
 1013    9     0     -73      0     73  0.75224421E+00 -0.65340515E-04 0.1140E-10      6
 1014    9     0     -72      0     72  0.76106195E+00 -0.49712745E-04 0.6802E-11      5
 1015    9     0     -71      0     71  0.77099599E+00 -0.60252134E-04 0.1146E-10      6
 1016    9     0     -70      0     70  0.78328480E+00 -0.57842914E-04 0.1167E-10      7
 1017    9     0     -69      0     69  0.79547813E+00 -0.44733569E-04 0.1280E-10      7
 1018    9     0     -68      0     68  0.80524884E+00 -0.33934501E-04 0.1121E-10      6
 1019    9     0     -67      0     67  0.81634843E+00 -0.41914659E-04 0.2004E-10      5
 1020    9     0     -66      0     66  0.83016531E+00 -0.40240779E-04 0.2795E-10      6
 1021    9     0     -65      0     65  0.84383538E+00 -0.30637565E-04 0.2238E-10      7
 1022    9     0     -64      0     64  0.85460788E+00 -0.23024549E-04 0.1643E-10      6
 1023    9     0     -63      0     63  0.86712579E+00 -0.28750325E-04 0.1686E-10      5
 1024    9     0     -62      0     62  0.88276254E+00 -0.26980530E-04 0.9756E-11      5
 1025    9     0     -61      0     61  0.89802459E+00 -0.19708963E-04 0.4321E-10      5
 1026    9     0     -60      0     60  0.90989753E+00 -0.15296226E-04 0.4346E-10      5
 1027    9     0     -59      0     59  0.92441505E+00 -0.19006082E-04 0.3387E-10      4
 1028    9     0     -58      0     58  0.94230993E+00 -0.17333409E-04 0.1435E-10      4
 1029    9     0     -57      0     57  0.95944739E+00 -0.12159663E-04 0.4869E-11      4
 1030    9     0     -56      0     56  0.97263102E+00 -0.98510858E-05 0.1355E-09      5
 1031    9     0     -55      0     55  0.98954378E+00 -0.12096827E-04 0.7216E-10      4
 1032    9     0     -54      0     54  0.10100374E+01 -0.10657025E-04 0.1359E-09      5
 1033    9     0     -53      0     53  0.10289520E+01 -0.69448606E-05 0.1007E-09      4
 1034    9     0     -52      0     52  0.10436400E+01 -0.62894225E-05 0.1112E-09      4
 1035    9     0     -51      0     51  0.10639063E+01 -0.72462697E-05 0.2421E-09      4
 1036    9     0     -50      0     50  0.10876395E+01 -0.59523815E-05 0.1958E-09      4
 1037    9     0     -49      0     49  0.11086538E+01 -0.35563863E-05 0.4671E-09      6
 1038    9     0     -48      0     48  0.11256745E+01 -0.35612461E-05 0.2699E-09      6
 1039    9     0     -47      0     47  0.11501495E+01 -0.37600045E-05 0.8532E-09      5
 1040    9     0     -46      0     46  0.11778690E+01 -0.29216753E-05 0.9349E-09      4
 1041    9     0     -45      0     45  0.12011381E+01 -0.16505012E-05 0.1128E-08      5
 1042    9     0     -44      0     44  0.12213034E+01 -0.18691325E-05 0.2525E-09      6
 1043    9     0     -42      0     42  0.12509833E+01 -0.18336936E-05 0.5292E-09      5
 1044    9     0     -41      0     41  0.12837772E+01 -0.13741771E-05 0.9836E-10      7
 1045    9     0     -40      0     40  0.13110328E+01 -0.77681322E-06 0.8581E-09      6
 1046    9     0     -39      0     39  0.13355652E+01 -0.88593091E-06 0.1045E-08      4
 1047    9     0     -38      0     38  0.13716016E+01 -0.85665165E-06 0.1974E-08      4
 1048    9     0     -37      0     37  0.14114187E+01 -0.66398928E-06 0.1377E-08      4
 1049    9     0     -36      0     36  0.14443879E+01 -0.38890836E-06 0.6760E-08      4
 1050    9     0     -35      0     35  0.14736332E+01 -0.45952200E-06 0.1334E-08      4
 1051    9     0     -34      0     34  0.15174748E+01 -0.46293525E-06 0.4200E-08      6
 1052    9     0     -33      0     33  0.15664299E+01 -0.37612385E-06 0.8772E-08      5
 1053    9     0     -32      0     32  0.16080365E+01 -0.22969706E-06 0.3873E-08      5
 1054    9     0     -31      0     31  0.16429967E+01 -0.26354981E-06 0.1676E-07      4
  Time elapsed :      2.754 s

Mode Search
-----------

Mode parameters
   l : 10
   m : 0

Building frequency grid (REAL axis)
   added scan interval :  0.5234E+00 ->  0.2094E+01 (3000 points, INVERSE)

Building spatial grid
   Scaffold grid from model
   Split 15 subinterval(s) in iteration 1
   Split 0 subinterval(s) in iteration 2
   Final grid has 1 segment(s) and 7152 point(s):
      Segment 1 : x range 0.0000 -> 1.0012 (1 -> 7152)

Starting search (adiabatic)

Scanning frequencies
  Time elapsed :    23.950 s

Finding roots
  Time elapsed :      3.140 s

Processing modes
   id    l     m    n_pg    n_p    n_g       Re(omega)       Im(omega)        chi n_iter
 1075   10     0    -102      0    102  0.59013070E+00  0.00000000E+00 0.2205E-12      6
 1076   10     0    -101      0    101  0.59638075E+00  0.00000000E+00 0.6256E-12      5
 1077   10     0    -100      0    100  0.60249948E+00  0.00000000E+00 0.3373E-12      5
 1078   10     0     -99      0     99  0.60770840E+00  0.00000000E+00 0.5521E-12      5
 1079   10     0     -98      0     98  0.61345088E+00  0.00000000E+00 0.5542E-12      5
 1080   10     0     -97      0     97  0.62021349E+00  0.00000000E+00 0.2622E-12      5
 1081   10     0     -96      0     96  0.62687310E+00  0.00000000E+00 0.1023E-11      5
 1082   10     0     -95      0     95  0.63251555E+00  0.00000000E+00 0.1549E-12      5
 1083   10     0     -94      0     94  0.63870733E+00  0.00000000E+00 0.5104E-13      5
 1084   10     0     -93      0     93  0.64606613E+00  0.00000000E+00 0.1216E-12      5
 1085   10     0     -92      0     92  0.65335414E+00  0.00000000E+00 0.1631E-12      6
 1086   10     0     -91      0     91  0.65949874E+00  0.00000000E+00 0.5294E-12      5
 1087   10     0     -90      0     90  0.66620604E+00  0.00000000E+00 0.9660E-14      6
 1088   10     0     -89      0     89  0.67425431E+00  0.00000000E+00 0.2128E-12      5
 1089   10     0     -88      0     88  0.68227422E+00  0.00000000E+00 0.2028E-12      6
 1090   10     0     -87      0     87  0.68901187E+00  0.00000000E+00 0.3612E-12      5
 1091   10     0     -86      0     86  0.69630316E+00  0.00000000E+00 0.4137E-12      5
 1092   10     0     -85      0     85  0.70513952E+00  0.00000000E+00 0.1893E-12      5
 1093   10     0     -84      0     84  0.71400302E+00  0.00000000E+00 0.2827E-12      6
 1094   10     0     -83      0     83  0.72139313E+00  0.00000000E+00 0.1022E-11      5
 1095   10     0     -82      0     82  0.72932448E+00  0.00000000E+00 0.5859E-13      6
 1096   10     0     -81      0     81  0.73906391E+00  0.00000000E+00 0.2686E-12      5
 1097   10     0     -80      0     80  0.74886865E+00  0.00000000E+00 0.2681E-13      5
 1098   10     0     -79      0     79  0.75696876E+00  0.00000000E+00 0.1724E-12      5
 1099   10     0     -78      0     78  0.76568350E+00  0.00000000E+00 0.1302E-13      6
 1100   10     0     -77      0     77  0.77648217E+00  0.00000000E+00 0.2507E-12      5
 1101   10     0     -76      0     76  0.78736942E+00  0.00000000E+00 0.1282E-12      6
 1102   10     0     -75      0     75  0.79631485E+00  0.00000000E+00 0.7766E-12      5
 1103   10     0     -74      0     74  0.80592140E+00  0.00000000E+00 0.5041E-13      6
 1104   10     0     -73      0     73  0.81791025E+00  0.00000000E+00 0.2506E-12      5
 1105   10     0     -72      0     72  0.83000758E+00  0.00000000E+00 0.1790E-13      6
 1106   10     0     -71      0     71  0.83986065E+00  0.00000000E+00 0.1118E-12      5
 1107   10     0     -70      0     70  0.85053664E+00  0.00000000E+00 0.4585E-12      5
 1108   10     0     -69      0     69  0.86395256E+00  0.00000000E+00 0.2552E-12      5
 1109   10     0     -68      0     68  0.87748768E+00  0.00000000E+00 0.4423E-12      6
 1110   10     0     -67      0     67  0.88840389E+00  0.00000000E+00 0.2544E-12      5
 1111   10     0     -66      0     66  0.90030288E+00  0.00000000E+00 0.1480E-12      5
 1112   10     0     -65      0     65  0.91537055E+00  0.00000000E+00 0.2389E-12      5
 1113   10     0     -64      0     64  0.93053548E+00  0.00000000E+00 0.1179E-12      6
 1114   10     0     -63      0     63  0.94255421E+00  0.00000000E+00 0.3574E-12      5
 1115   10     0     -62      0     62  0.95595296E+00  0.00000000E+00 0.6963E-13      6
 1116   10     0     -61      0     61  0.97300618E+00  0.00000000E+00 0.2110E-12      5
 1117   10     0     -60      0     60  0.98993996E+00  0.00000000E+00 0.1850E-12      6
 1118   10     0     -59      0     59  0.10031235E+01  0.00000000E+00 0.6204E-12      6
 1119   10     0     -58      0     58  0.10186657E+01  0.00000000E+00 0.1128E-12      6
 1120   10     0     -57      0     57  0.10381850E+01  0.00000000E+00 0.1637E-12      5
 1121   10     0     -56      0     56  0.10571830E+01  0.00000000E+00 0.1623E-12      5
 1122   10     0     -55      0     55  0.10717285E+01  0.00000000E+00 0.4718E-12      5
 1123   10     0     -54      0     54  0.10898466E+01  0.00000000E+00 0.1141E-12      6
 1124   10     0     -53      0     53  0.11121976E+01  0.00000000E+00 0.8276E-13      5
 1125   10     0     -52      0     52  0.11331990E+01  0.00000000E+00 0.5300E-13      6
 1126   10     0     -51      0     51  0.11492747E+01  0.00000000E+00 0.5627E-13      6
 1127   10     0     -50      0     50  0.11710007E+01  0.00000000E+00 0.3441E-12      6
 1128   10     0     -49      0     49  0.11969161E+01  0.00000000E+00 0.3004E-12      5
 1129   10     0     -48      0     48  0.12204337E+01  0.00000000E+00 0.3089E-12      6
 1130   10     0     -47      0     47  0.12388763E+01  0.00000000E+00 0.2289E-12      6
 1131   10     0     -46      0     46  0.12650214E+01  0.00000000E+00 0.3009E-12      6
 1132   10     0     -45      0     45  0.12952997E+01  0.00000000E+00 0.2102E-12      5
 1133   10     0     -44      0     44  0.13216948E+01  0.00000000E+00 0.1220E-12      6
 1134   10     0     -43      0     43  0.13431363E+01  0.00000000E+00 0.3627E-12      6
 1135   10     0     -42      0     42  0.13746761E+01  0.00000000E+00 0.2017E-12      6
 1136   10     0     -41      0     41  0.14105862E+01  0.00000000E+00 0.5866E-13      5
 1137   10     0     -40      0     40  0.14420159E+01  0.00000000E+00 0.1839E-12      6
 1138   10     0     -39      0     39  0.14677473E+01  0.00000000E+00 0.1305E-12      6
 1139   10     0     -38      0     38  0.15056675E+01  0.00000000E+00 0.9847E-13      6
 1140   10     0     -37      0     37  0.15491163E+01  0.00000000E+00 0.1137E-13      6
 1141   10     0     -36      0     36  0.15875972E+01  0.00000000E+00 0.5713E-13      6
 1142   10     0     -35      0     35  0.16178563E+01  0.00000000E+00 0.5790E-13      6
 1143   10     0     -34      0     34  0.16632504E+01  0.00000000E+00 0.1683E-13      6
  Time elapsed :      0.794 s

Starting search (non-adiabatic)

Finding roots
  Time elapsed :     48.609 s

Processing modes
   id    l     m    n_pg    n_p    n_g       Re(omega)       Im(omega)        chi n_iter
 1076   10     0    -102      0    102  0.59598623E+00 -0.94087453E-03 0.1112E-11      7
 1077   10     0    -101      0    101  0.60217507E+00 -0.79348956E-03 0.6477E-12      8
 1078   10     0    -100      0    100  0.60741862E+00 -0.65989459E-03 0.1063E-11      6
 1079   10     0     -99      0     99  0.61311033E+00 -0.77495647E-03 0.5600E-12      7
 1080   10     0     -98      0     98  0.61988702E+00 -0.77472159E-03 0.1925E-11      6
 1081   10     0     -97      0     97  0.62661613E+00 -0.63762599E-03 0.5636E-12      7
 1082   10     0     -96      0     96  0.63230105E+00 -0.51565198E-03 0.7758E-12      7
 1083   10     0     -95      0     95  0.63846564E+00 -0.59674547E-03 0.9604E-12      6
 1084   10     0     -94      0     94  0.64584499E+00 -0.58366969E-03 0.5229E-12      7
 1085   10     0     -93      0     93  0.65318819E+00 -0.46949904E-03 0.3836E-12      6
 1086   10     0     -92      0     92  0.65936866E+00 -0.37044617E-03 0.1663E-11      7
 1087   10     0     -91      0     91  0.66606438E+00 -0.42563822E-03 0.6126E-12      6
 1088   10     0     -90      0     90  0.67412927E+00 -0.41195773E-03 0.1375E-11      6
 1089   10     0     -89      0     89  0.68218342E+00 -0.32863228E-03 0.1213E-11      5
 1090   10     0     -88      0     88  0.68894411E+00 -0.25478149E-03 0.2699E-11      5
 1091   10     0     -87      0     87  0.69623090E+00 -0.29303290E-03 0.1351E-11      6
 1092   10     0     -86      0     86  0.70507723E+00 -0.28384956E-03 0.3755E-11      8
 1093   10     0     -85      0     85  0.71395911E+00 -0.22588059E-03 0.2387E-11      6
 1094   10     0     -84      0     84  0.72136204E+00 -0.17108535E-03 0.2850E-11      5
 1095   10     0     -83      0     83  0.72929190E+00 -0.19843262E-03 0.1476E-11      6
 1096   10     0     -82      0     82  0.73903688E+00 -0.19230994E-03 0.1298E-11      7
 1097   10     0     -81      0     81  0.74885062E+00 -0.15191737E-03 0.2138E-11      7
 1098   10     0     -80      0     80  0.75695672E+00 -0.11331968E-03 0.3544E-11      5
 1099   10     0     -79      0     79  0.76567143E+00 -0.13311030E-03 0.6327E-11      6
 1100   10     0     -78      0     78  0.77647306E+00 -0.12886047E-03 0.9376E-12      5
 1101   10     0     -77      0     77  0.78736412E+00 -0.10148932E-03 0.3010E-11      6
 1102   10     0     -76      0     76  0.79631180E+00 -0.74788724E-04 0.6775E-11      6
 1103   10     0     -75      0     75  0.80591896E+00 -0.88496514E-04 0.7255E-11      5
 1104   10     0     -74      0     74  0.81790930E+00 -0.85781220E-04 0.6143E-11      7
 1105   10     0     -73      0     73  0.83000786E+00 -0.67355693E-04 0.9433E-11      7
 1106   10     0     -72      0     72  0.83986133E+00 -0.49416606E-04 0.1601E-11      5
 1107   10     0     -71      0     71  0.85053812E+00 -0.59666489E-04 0.6279E-11      5
 1108   10     0     -70      0     70  0.86395477E+00 -0.58235565E-04 0.8600E-11      6
 1109   10     0     -69      0     69  0.87748997E+00 -0.45919419E-04 0.1687E-10      5
 1110   10     0     -68      0     68  0.88840582E+00 -0.33505773E-04 0.5777E-11      5
 1111   10     0     -67      0     67  0.90030560E+00 -0.41252005E-04 0.3476E-10      5
 1112   10     0     -66      0     66  0.91537360E+00 -0.40234083E-04 0.3083E-10      5
 1113   10     0     -65      0     65  0.93053812E+00 -0.31217574E-04 0.1848E-10      5
 1114   10     0     -64      0     64  0.94255622E+00 -0.22450541E-04 0.4501E-10      6
 1115   10     0     -63      0     63  0.95595565E+00 -0.28057351E-04 0.1210E-10      5
 1116   10     0     -62      0     62  0.97300893E+00 -0.26735772E-04 0.5069E-10      5
 1117   10     0     -61      0     61  0.98994213E+00 -0.19920796E-04 0.5054E-10      5
 1118   10     0     -60      0     60  0.10031252E+01 -0.14716539E-04 0.8986E-10      5
 1119   10     0     -59      0     59  0.10186679E+01 -0.18472383E-04 0.3723E-10      5
 1120   10     0     -58      0     58  0.10381871E+01 -0.17088644E-04 0.5808E-10      5
 1121   10     0     -57      0     57  0.10571845E+01 -0.12232777E-04 0.2724E-09      5
 1122   10     0     -56      0     56  0.10717297E+01 -0.94167805E-05 0.9793E-10      7
 1123   10     0     -55      0     55  0.10898482E+01 -0.11767420E-04 0.9225E-10      5
 1124   10     0     -54      0     54  0.11121991E+01 -0.10509999E-04 0.6401E-10      4
 1125   10     0     -53      0     53  0.11332000E+01 -0.69990932E-05 0.1112E-09      4
 1126   10     0     -52      0     52  0.11492756E+01 -0.59796036E-05 0.8792E-10      5
 1127   10     0     -51      0     51  0.11710019E+01 -0.70597326E-05 0.6341E-10      4
 1128   10     0     -50      0     50  0.11969173E+01 -0.58930955E-05 0.3745E-09      7
 1129   10     0     -49      0     49  0.12204345E+01 -0.36173977E-05 0.1473E-09      5
 1130   10     0     -48      0     48  0.12388772E+01 -0.33778343E-05 0.2594E-09      5
 1131   10     0     -47      0     47  0.12650225E+01 -0.37169481E-05 0.9970E-10      4
 1132   10     0     -46      0     46  0.12953008E+01 -0.29693277E-05 0.4451E-09      4
 1133   10     0     -45      0     45  0.13216955E+01 -0.17232628E-05 0.7328E-09      5
 1134   10     0     -44      1     45  0.13431371E+01 -0.17817534E-05 0.5892E-09      4
 1135   10     0     -42      0     42  0.13746771E+01 -0.18343149E-05 0.4366E-09      5
 1136   10     0     -41      0     41  0.14105871E+01 -0.14129779E-05 0.9804E-09      6
 1137   10     0     -40      0     40  0.14420164E+01 -0.81807050E-06 0.1986E-08      4
 1138   10     0     -39      0     39  0.14677478E+01 -0.83655414E-06 0.1771E-08      5
 1139   10     0     -38      0     38  0.15056682E+01 -0.86905941E-06 0.1349E-08      5
 1140   10     0     -37      0     37  0.15491169E+01 -0.70345484E-06 0.1623E-08      5
 1141   10     0     -36      0     36  0.15875976E+01 -0.43096333E-06 0.2701E-08      4
 1142   10     0     -35      0     35  0.16178566E+01 -0.43950560E-06 0.1087E-08      4
 1143   10     0     -34      0     34  0.16632508E+01 -0.48463069E-06 0.2514E-08      6
  Time elapsed :      3.122 s

Mode Search
-----------

Mode parameters
   l : 11
   m : 0

Building frequency grid (REAL axis)
   added scan interval :  0.5234E+00 ->  0.2094E+01 (3000 points, INVERSE)

Building spatial grid
   Scaffold grid from model
   Split 27 subinterval(s) in iteration 1
   Split 0 subinterval(s) in iteration 2
   Final grid has 1 segment(s) and 7164 point(s):
      Segment 1 : x range 0.0000 -> 1.0012 (1 -> 7164)

Starting search (adiabatic)

Scanning frequencies
  Time elapsed :    24.154 s

Finding roots
  Time elapsed :      3.425 s

Processing modes
   id    l     m    n_pg    n_p    n_g       Re(omega)       Im(omega)        chi n_iter
 1167   11     0    -111      0    111  0.59501570E+00  0.00000000E+00 0.6024E-12      5
 1168   11     0    -110      0    110  0.60007243E+00  0.00000000E+00 0.2584E-13      5
 1169   11     0    -109      0    109  0.60595443E+00  0.00000000E+00 0.7841E-13      5
 1170   11     0    -108      0    108  0.61171996E+00  0.00000000E+00 0.4154E-12      6
 1171   11     0    -107      0    107  0.61667451E+00  0.00000000E+00 0.2057E-12      5
 1172   11     0    -106      0    106  0.62209547E+00  0.00000000E+00 0.6971E-13      6
 1173   11     0    -105      0    105  0.62841392E+00  0.00000000E+00 0.8437E-13      5
 1174   11     0    -104      0    104  0.63462330E+00  0.00000000E+00 0.4254E-12      5
 1175   11     0    -103      0    103  0.63993442E+00  0.00000000E+00 0.1167E-11      5
 1176   11     0    -102      0    102  0.64571795E+00  0.00000000E+00 0.8273E-13      6
 1177   11     0    -101      0    101  0.65252051E+00  0.00000000E+00 0.5259E-12      5
 1178   11     0    -100      0    100  0.65925456E+00  0.00000000E+00 0.7413E-12      5
 1179   11     0     -99      0     99  0.66499080E+00  0.00000000E+00 0.8241E-12      5
 1180   11     0     -98      0     98  0.67117581E+00  0.00000000E+00 0.7629E-13      6
 1181   11     0     -97      0     97  0.67852797E+00  0.00000000E+00 0.4020E-12      5
 1182   11     0     -96      0     96  0.68585866E+00  0.00000000E+00 0.1206E-12      6
 1183   11     0     -95      0     95  0.69208273E+00  0.00000000E+00 0.6968E-12      5
 1184   11     0     -94      0     94  0.69873980E+00  0.00000000E+00 0.2775E-12      6
 1185   11     0     -93      0     93  0.70673232E+00  0.00000000E+00 0.6273E-12      5
 1186   11     0     -92      0     92  0.71475582E+00  0.00000000E+00 0.3939E-12      6
 1187   11     0     -91      0     91  0.72154567E+00  0.00000000E+00 0.3194E-12      5
 1188   11     0     -90      0     90  0.72874538E+00  0.00000000E+00 0.3617E-12      5
 1189   11     0     -89      0     89  0.73747734E+00  0.00000000E+00 0.3091E-12      5
 1190   11     0     -88      0     88  0.74630449E+00  0.00000000E+00 0.1391E-12      6
 1191   11     0     -87      0     87  0.75376184E+00  0.00000000E+00 0.2016E-12      5
 1192   11     0     -86      0     86  0.76157451E+00  0.00000000E+00 0.6191E-12      6
 1193   11     0     -85      0     85  0.77114746E+00  0.00000000E+00 0.4359E-12      5
 1194   11     0     -84      0     84  0.78089877E+00  0.00000000E+00 0.6238E-13      6
 1195   11     0     -83      0     83  0.78909486E+00  0.00000000E+00 0.8277E-12      5
 1196   11     0     -82      0     82  0.79757480E+00  0.00000000E+00 0.4335E-12      6
 1197   11     0     -81      0     81  0.80811204E+00  0.00000000E+00 0.1997E-12      5
 1198   11     0     -80      0     80  0.81889830E+00  0.00000000E+00 0.1511E-12      5
 1199   11     0     -79      0     79  0.82789516E+00  0.00000000E+00 0.2121E-12      5
 1200   11     0     -78      0     78  0.83718995E+00  0.00000000E+00 0.3382E-12      6
 1201   11     0     -77      0     77  0.84886093E+00  0.00000000E+00 0.3504E-13      5
 1202   11     0     -76      0     76  0.86083436E+00  0.00000000E+00 0.2644E-13      6
 1203   11     0     -75      0     75  0.87077901E+00  0.00000000E+00 0.2324E-12      5
 1204   11     0     -74      0     74  0.88100530E+00  0.00000000E+00 0.4779E-13      6
 1205   11     0     -73      0     73  0.89394943E+00  0.00000000E+00 0.1252E-12      5
 1206   11     0     -72      0     72  0.90724925E+00  0.00000000E+00 0.1549E-13      6
 1207   11     0     -71      0     71  0.91820476E+00  0.00000000E+00 0.8977E-13      5
 1208   11     0     -70      0     70  0.92954277E+00  0.00000000E+00 0.2435E-12      6
 1209   11     0     -69      0     69  0.94401261E+00  0.00000000E+00 0.3295E-12      5
 1210   11     0     -68      0     68  0.95888065E+00  0.00000000E+00 0.4453E-12      5
 1211   11     0     -67      0     67  0.97101684E+00  0.00000000E+00 0.2601E-12      5
 1212   11     0     -66      0     66  0.98361766E+00  0.00000000E+00 0.7386E-13      5
 1213   11     0     -65      0     65  0.99984948E+00  0.00000000E+00 0.5943E-13      5
 1214   11     0     -64      0     64  0.10164970E+01  0.00000000E+00 0.1999E-12      6
 1215   11     0     -63      0     63  0.10298431E+01  0.00000000E+00 0.6317E-12      5
 1216   11     0     -62      0     62  0.10440014E+01  0.00000000E+00 0.2047E-12      5
 1217   11     0     -61      0     61  0.10623762E+01  0.00000000E+00 0.3581E-12      5
 1218   11     0     -60      0     60  0.10809736E+01  0.00000000E+00 0.1585E-12      6
 1219   11     0     -59      0     59  0.10955476E+01  0.00000000E+00 0.2193E-12      6
 1220   11     0     -58      0     58  0.11119585E+01  0.00000000E+00 0.3854E-12      6
 1221   11     0     -57      0     57  0.11330004E+01  0.00000000E+00 0.1019E-13      6
 1222   11     0     -56      0     56  0.11538614E+01  0.00000000E+00 0.1007E-12      6
 1223   11     0     -55      0     55  0.11698436E+01  0.00000000E+00 0.1270E-12      6
 1224   11     0     -54      0     54  0.11889632E+01  0.00000000E+00 0.3818E-13      6
 1225   11     0     -53      0     53  0.12130604E+01  0.00000000E+00 0.4225E-12      6
 1226   11     0     -52      0     52  0.12362008E+01  0.00000000E+00 0.2320E-13      6
 1227   11     0     -51      0     51  0.12537340E+01  0.00000000E+00 0.3570E-13      6
 1228   11     0     -50      0     50  0.12766321E+01  0.00000000E+00 0.2102E-12      6
 1229   11     0     -49      0     49  0.13046083E+01  0.00000000E+00 0.5737E-13      6
 1230   11     0     -48      0     48  0.13307666E+01  0.00000000E+00 0.1151E-12      5
 1231   11     0     -47      0     47  0.13506985E+01  0.00000000E+00 0.1531E-13      6
 1232   11     0     -46      0     46  0.13780682E+01  0.00000000E+00 0.8757E-13      5
 1233   11     0     -45      0     45  0.14107252E+01  0.00000000E+00 0.2093E-12      5
 1234   11     0     -44      0     44  0.14405031E+01  0.00000000E+00 0.1802E-12      6
 1235   11     0     -43      0     43  0.14633117E+01  0.00000000E+00 0.2867E-13      6
 1236   11     0     -42      0     42  0.14960545E+01  0.00000000E+00 0.1762E-12      6
 1237   11     0     -41      0     41  0.15348259E+01  0.00000000E+00 0.1551E-12      5
 1238   11     0     -40      0     40  0.15707326E+01  0.00000000E+00 0.1222E-12      6
 1239   11     0     -39      0     39  0.15980355E+01  0.00000000E+00 0.7092E-13      6
 1240   11     0     -38      0     38  0.16367847E+01  0.00000000E+00 0.7208E-13      5
 1241   11     0     -37      0     37  0.16833628E+01  0.00000000E+00 0.1110E-12      6
  Time elapsed :      0.899 s

Starting search (non-adiabatic)

Finding roots
  Time elapsed :     55.105 s

Processing modes
   id    l     m    n_pg    n_p    n_g       Re(omega)       Im(omega)        chi n_iter
 1167   11     0    -111      0    111  0.59479642E+00 -0.84065379E-03 0.9249E-12      8
 1168   11     0    -110      0    110  0.59978934E+00 -0.10338746E-02 0.4294E-12      7
 1169   11     0    -109      0    109  0.60565807E+00 -0.11127705E-02 0.3703E-12      9
 1170   11     0    -108      0    108  0.61146185E+00 -0.99386333E-03 0.1649E-11      7
 1171   11     0    -107      0    107  0.61640967E+00 -0.87399633E-03 0.1107E-11      7
 1172   11     0    -107      0    107  0.62175702E+00 -0.10588452E-02 0.6669E-12      8
 1173   11     0    -106      0    106  0.62806222E+00 -0.11123167E-02 0.8329E-12     10
 1174   11     0    -105      0    105  0.63432097E+00 -0.96972921E-03 0.6536E-12      9
 1175   11     0    -104      0    104  0.63964587E+00 -0.82226933E-03 0.7517E-12      6
 1176   11     0    -103      0    103  0.64536207E+00 -0.97786850E-03 0.4686E-12      7
 1177   11     0    -102      0    102  0.65216260E+00 -0.10069913E-02 0.7366E-12      7
 1178   11     0    -101      0    101  0.65895745E+00 -0.85894389E-03 0.9383E-12      7
 1179   11     0    -100      0    100  0.66472984E+00 -0.70230112E-03 0.7765E-12      7
 1180   11     0     -99      0     99  0.67086759E+00 -0.82071337E-03 0.1440E-11      6
 1181   11     0     -98      0     98  0.67823087E+00 -0.82871915E-03 0.4831E-12      8
 1182   11     0     -97      0     97  0.68562337E+00 -0.68961266E-03 0.7071E-12      6
 1183   11     0     -96      0     96  0.69189143E+00 -0.54572209E-03 0.5062E-12      7
 1184   11     0     -95      0     95  0.69852484E+00 -0.62669479E-03 0.1618E-12      7
 1185   11     0     -94      0     94  0.70653553E+00 -0.61923728E-03 0.1738E-11      7
 1186   11     0     -93      0     93  0.71460806E+00 -0.50378408E-03 0.7048E-12      7
 1187   11     0     -92      0     92  0.72143383E+00 -0.38772276E-03 0.1689E-11      5
 1188   11     0     -91      0     91  0.72862488E+00 -0.44137902E-03 0.7992E-12      6
 1189   11     0     -90      0     90  0.73737159E+00 -0.43214520E-03 0.1268E-11      6
 1190   11     0     -89      0     89  0.74622828E+00 -0.34911410E-03 0.5731E-12      5
 1191   11     0     -88      0     88  0.75370744E+00 -0.26363633E-03 0.4180E-11      5
 1192   11     0     -87      0     87  0.76151774E+00 -0.29977969E-03 0.4382E-12      5
 1193   11     0     -86      0     86  0.77109947E+00 -0.29418626E-03 0.2936E-11      6
 1194   11     0     -85      0     85  0.78086582E+00 -0.23741621E-03 0.3167E-11      5
 1195   11     0     -84      0     84  0.78907298E+00 -0.17495262E-03 0.3533E-12      5
 1196   11     0     -83      0     83  0.79755293E+00 -0.20008721E-03 0.2189E-11      6
 1197   11     0     -82      0     82  0.80809502E+00 -0.19687312E-03 0.1499E-11      5
 1198   11     0     -81      0     81  0.81888801E+00 -0.15804922E-03 0.8147E-11      6
 1199   11     0     -80      0     80  0.82788921E+00 -0.11447430E-03 0.4422E-11      6
 1200   11     0     -79      0     79  0.83718494E+00 -0.13254367E-03 0.2148E-11      6
 1201   11     0     -78      0     78  0.84885852E+00 -0.13050591E-03 0.1737E-11      6
 1202   11     0     -77      0     77  0.86083431E+00 -0.10458435E-03 0.5159E-11      5
 1203   11     0     -76      0     76  0.87077986E+00 -0.74767730E-04 0.8437E-11      5
 1204   11     0     -75      0     75  0.88100735E+00 -0.87148031E-04 0.7496E-11      5
 1205   11     0     -74      0     74  0.89395282E+00 -0.86085417E-04 0.1318E-10      6
 1206   11     0     -73      0     73  0.90725298E+00 -0.68936028E-04 0.9570E-11      5
 1207   11     0     -72      0     72  0.91820791E+00 -0.49003648E-04 0.1551E-10      6
 1208   11     0     -71      0     71  0.92954710E+00 -0.58403565E-04 0.9293E-11      5
 1209   11     0     -70      0     70  0.94401767E+00 -0.58176325E-04 0.1766E-10      6
 1210   11     0     -69      0     69  0.95888527E+00 -0.46848898E-04 0.3160E-10      6
 1211   11     0     -68      0     68  0.97102035E+00 -0.33041567E-04 0.2975E-10      6
 1212   11     0     -67      0     67  0.98362224E+00 -0.40148802E-04 0.6257E-11      6
 1213   11     0     -66      0     66  0.99985441E+00 -0.39932491E-04 0.2165E-10      5
 1214   11     0     -65      0     65  0.10165012E+01 -0.31626524E-04 0.3957E-10      5
 1215   11     0     -64      0     64  0.10298461E+01 -0.21855420E-04 0.3494E-10      5
 1216   11     0     -63      0     63  0.10440052E+01 -0.27096788E-04 0.3222E-10      5
 1217   11     0     -62      0     62  0.10623801E+01 -0.26328285E-04 0.1757E-10      7
 1218   11     0     -61      0     61  0.10809768E+01 -0.20063340E-04 0.3971E-10      6
 1219   11     0     -60      0     60  0.10955499E+01 -0.14124712E-04 0.5942E-10      4
 1220   11     0     -59      0     59  0.11119614E+01 -0.17812231E-04 0.7083E-10      7
 1221   11     0     -58      0     58  0.11330033E+01 -0.16785704E-04 0.2731E-10      6
 1222   11     0     -57      0     57  0.11538636E+01 -0.12316255E-04 0.1076E-09      6
 1223   11     0     -56      0     56  0.11698452E+01 -0.89756710E-05 0.2843E-10      6
 1224   11     0     -55      0     55  0.11889653E+01 -0.11391781E-04 0.7723E-10      5
 1225   11     0     -54      0     54  0.12130625E+01 -0.10358040E-04 0.2071E-09      4
 1226   11     0     -53      0     53  0.12362023E+01 -0.71012752E-05 0.1585E-09      5
 1227   11     0     -52      0     52  0.12537352E+01 -0.56439808E-05 0.2954E-09      4
 1228   11     0     -51      0     51  0.12766337E+01 -0.68533315E-05 0.3881E-10      6
 1229   11     0     -50      0     50  0.13046098E+01 -0.58423977E-05 0.2038E-09      5
 1230   11     0     -49      0     49  0.13307677E+01 -0.37334075E-05 0.5363E-09      5
 1231   11     0     -48      0     48  0.13506995E+01 -0.31708201E-05 0.2641E-09      5
 1232   11     0     -47      0     47  0.13780696E+01 -0.36683284E-05 0.1045E-09      4
 1233   11     0     -46      0     46  0.14107264E+01 -0.30213004E-05 0.8535E-09      7
 1234   11     0     -45      0     45  0.14405039E+01 -0.18383362E-05 0.1151E-08      6
 1235   11     0     -43      0     43  0.14633125E+01 -0.16601073E-05 0.7983E-09      4
 1236   11     0     -42      0     42  0.14960555E+01 -0.18224220E-05 0.9041E-09      5
 1237   11     0     -41      0     41  0.15348268E+01 -0.14492037E-05 0.1118E-08      4
 1238   11     0     -40      0     40  0.15707332E+01 -0.89173390E-06 0.1603E-08      5
 1239   11     0     -39      0     39  0.15980360E+01 -0.77585731E-06 0.1177E-08      4
 1240   11     0     -38      0     38  0.16367853E+01 -0.88345217E-06 0.2481E-08      6
 1241   11     0     -37      0     37  0.16833633E+01 -0.74853665E-06 0.2021E-08      5
  Time elapsed :      3.333 s

Mode Search
-----------

Mode parameters
   l : 12
   m : 0

Building frequency grid (REAL axis)
   added scan interval :  0.5234E+00 ->  0.2094E+01 (3000 points, INVERSE)

Building spatial grid
   Scaffold grid from model
   Split 57 subinterval(s) in iteration 1
   Split 0 subinterval(s) in iteration 2
   Final grid has 1 segment(s) and 7194 point(s):
      Segment 1 : x range 0.0000 -> 1.0012 (1 -> 7194)

Starting search (adiabatic)

Scanning frequencies
  Time elapsed :    24.120 s

Finding roots
  Time elapsed :      3.724 s

Processing modes
   id    l     m    n_pg    n_p    n_g       Re(omega)       Im(omega)        chi n_iter
 1266   12     0    -121      0    121  0.59399439E+00  0.00000000E+00 0.2672E-12      5
 1267   12     0    -120      0    120  0.59918586E+00  0.00000000E+00 0.1062E-12      6
 1268   12     0    -119      0    119  0.60373335E+00  0.00000000E+00 0.3902E-12      5
 1269   12     0    -118      0    118  0.60844023E+00  0.00000000E+00 0.2560E-12      5
 1270   12     0    -117      0    117  0.61394810E+00  0.00000000E+00 0.3412E-12      5
 1271   12     0    -116      0    116  0.61947145E+00  0.00000000E+00 0.2521E-12      6
 1272   12     0    -115      0    115  0.62427733E+00  0.00000000E+00 0.5272E-12      5
 1273   12     0    -114      0    114  0.62933701E+00  0.00000000E+00 0.3102E-12      6
 1274   12     0    -113      0    113  0.63525696E+00  0.00000000E+00 0.7207E-13      5
 1275   12     0    -112      0    112  0.64114386E+00  0.00000000E+00 0.6821E-12      6
 1276   12     0    -111      0    111  0.64622393E+00  0.00000000E+00 0.2968E-12      5
 1277   12     0    -110      0    110  0.65165034E+00  0.00000000E+00 0.4913E-12      5
 1278   12     0    -109      0    109  0.65800470E+00  0.00000000E+00 0.1999E-12      5
 1279   12     0    -108      0    108  0.66429623E+00  0.00000000E+00 0.2142E-12      6
 1280   12     0    -107      0    107  0.66970471E+00  0.00000000E+00 0.3877E-12      5
 1281   12     0    -106      0    106  0.67551298E+00  0.00000000E+00 0.2716E-12      6
 1282   12     0    -105      0    105  0.68233615E+00  0.00000000E+00 0.7928E-13      5
 1283   12     0    -104      0    104  0.68911561E+00  0.00000000E+00 0.6613E-13      6
 1284   12     0    -103      0    103  0.69492077E+00  0.00000000E+00 0.2149E-12      5
 1285   12     0    -102      0    102  0.70110491E+00  0.00000000E+00 0.6715E-13      6
 1286   12     0    -101      0    101  0.70844263E+00  0.00000000E+00 0.6652E-12      5
 1287   12     0    -100      0    100  0.71579592E+00  0.00000000E+00 0.5430E-13      6
 1288   12     0     -99      0     99  0.72207864E+00  0.00000000E+00 0.6328E-13      5
 1289   12     0     -98      0     98  0.72867835E+00  0.00000000E+00 0.3370E-12      6
 1290   12     0     -97      0     97  0.73659712E+00  0.00000000E+00 0.1740E-12      5
 1291   12     0     -96      0     96  0.74460143E+00  0.00000000E+00 0.3371E-12      5
 1292   12     0     -95      0     95  0.75143245E+00  0.00000000E+00 0.1119E-12      5
 1293   12     0     -94      0     94  0.75852439E+00  0.00000000E+00 0.1736E-12      6
 1294   12     0     -93      0     93  0.76712247E+00  0.00000000E+00 0.3263E-12      5
 1295   12     0     -92      0     92  0.77588245E+00  0.00000000E+00 0.5040E-13      6
 1296   12     0     -91      0     91  0.78334804E+00  0.00000000E+00 0.3651E-13      5
 1297   12     0     -90      0     90  0.79100664E+00  0.00000000E+00 0.6495E-12      5
 1298   12     0     -89      0     89  0.80038846E+00  0.00000000E+00 0.3949E-13      5
 1299   12     0     -88      0     88  0.81002236E+00  0.00000000E+00 0.4201E-13      5
 1300   12     0     -87      0     87  0.81823597E+00  0.00000000E+00 0.7614E-13      5
 1301   12     0     -86      0     86  0.82653155E+00  0.00000000E+00 0.2659E-12      6
 1302   12     0     -85      0     85  0.83679889E+00  0.00000000E+00 0.1035E-12      5
 1303   12     0     -84      0     84  0.84743554E+00  0.00000000E+00 0.4018E-12      5
 1304   12     0     -83      0     83  0.85648440E+00  0.00000000E+00 0.8847E-13      5
 1305   12     0     -82      0     82  0.86546844E+00  0.00000000E+00 0.3788E-13      6
 1306   12     0     -81      0     81  0.87674990E+00  0.00000000E+00 0.2094E-12      5
 1307   12     0     -80      0     80  0.88851242E+00  0.00000000E+00 0.8886E-13      6
 1308   12     0     -79      0     79  0.89846472E+00  0.00000000E+00 0.1185E-12      5
 1309   12     0     -78      0     78  0.90828706E+00  0.00000000E+00 0.9392E-13      6
 1310   12     0     -77      0     77  0.92076440E+00  0.00000000E+00 0.4723E-12      5
 1311   12     0     -76      0     76  0.93381472E+00  0.00000000E+00 0.4694E-12      6
 1312   12     0     -75      0     75  0.94482787E+00  0.00000000E+00 0.1141E-13      5
 1313   12     0     -74      0     74  0.95561474E+00  0.00000000E+00 0.1269E-12      6
 1314   12     0     -73      0     73  0.96943521E+00  0.00000000E+00 0.4163E-13      5
 1315   12     0     -72      0     72  0.98392341E+00  0.00000000E+00 0.1511E-12      6
 1316   12     0     -71      0     71  0.99606053E+00  0.00000000E+00 0.3958E-12      5
 1317   12     0     -70      0     70  0.10079877E+01  0.00000000E+00 0.2008E-12      6
 1318   12     0     -69      0     69  0.10234175E+01  0.00000000E+00 0.2666E-12      5
 1319   12     0     -68      0     68  0.10395971E+01  0.00000000E+00 0.7729E-13      6
 1320   12     0     -67      0     67  0.10530445E+01  0.00000000E+00 0.3029E-12      5
 1321   12     0     -66      0     66  0.10662584E+01  0.00000000E+00 0.1830E-12      6
 1322   12     0     -65      0     65  0.10835434E+01  0.00000000E+00 0.2044E-12      5
 1323   12     0     -64      0     64  0.11016470E+01  0.00000000E+00 0.7610E-13      6
 1324   12     0     -63      0     63  0.11164244E+01  0.00000000E+00 0.6198E-13      5
 1325   12     0     -62      0     62  0.11312285E+01  0.00000000E+00 0.5347E-12      6
 1326   12     0     -61      0     61  0.11508032E+01  0.00000000E+00 0.2216E-12      5
 1327   12     0     -60      0     60  0.11710394E+01  0.00000000E+00 0.4090E-12      6
 1328   12     0     -59      0     59  0.11871184E+01  0.00000000E+00 0.2320E-12      5
 1329   12     0     -58      0     58  0.12042405E+01  0.00000000E+00 0.3422E-12      6
 1330   12     0     -57      0     57  0.12266749E+01  0.00000000E+00 0.1573E-12      5
 1331   12     0     -56      0     56  0.12493841E+01  0.00000000E+00 0.1707E-12      6
 1332   12     0     -55      0     55  0.12669329E+01  0.00000000E+00 0.1351E-12      5
 1333   12     0     -54      0     54  0.12868299E+01  0.00000000E+00 0.5259E-13      6
 1334   12     0     -53      0     53  0.13125292E+01  0.00000000E+00 0.8822E-13      5
 1335   12     0     -52      0     52  0.13378416E+01  0.00000000E+00 0.8532E-13      6
 1336   12     0     -51      0     51  0.13570044E+01  0.00000000E+00 0.2389E-12      6
 1337   12     0     -50      0     50  0.13807303E+01  0.00000000E+00 0.2389E-12      5
 1338   12     0     -49      0     49  0.14105943E+01  0.00000000E+00 0.1388E-12      5
 1339   12     0     -48      0     48  0.14394753E+01  0.00000000E+00 0.7190E-13      6
 1340   12     0     -47      0     47  0.14611613E+01  0.00000000E+00 0.1184E-12      6
 1341   12     0     -46      0     46  0.14891966E+01  0.00000000E+00 0.3124E-12      6
 1342   12     0     -45      0     45  0.15239637E+01  0.00000000E+00 0.1737E-12      6
 1343   12     0     -44      0     44  0.15572408E+01  0.00000000E+00 0.2084E-13      6
 1344   12     0     -43      0     43  0.15819378E+01  0.00000000E+00 0.4413E-13      6
 1345   12     0     -42      0     42  0.16150413E+01  0.00000000E+00 0.1128E-12      6
 1346   12     0     -41      0     41  0.16562882E+01  0.00000000E+00 0.1439E-12      5
 1347   12     0     -40      0     40  0.16966358E+01  0.00000000E+00 0.8581E-13      6
  Time elapsed :      0.967 s

Starting search (non-adiabatic)

Finding roots
  Time elapsed :     60.898 s

Processing modes
   id    l     m    n_pg    n_p    n_g       Re(omega)       Im(omega)        chi n_iter
 1266   12     0    -121      0    121  0.59378183E+00 -0.90310580E-03 0.5073E-12      8
 1267   12     0    -120      0    120  0.59900821E+00 -0.84407104E-03 0.1269E-11      7
 1268   12     0    -119      0    119  0.60357015E+00 -0.73959005E-03 0.7468E-12      7
 1269   12     0    -118      0    118  0.60823918E+00 -0.88310103E-03 0.1944E-11      7
 1270   12     0    -117      0    117  0.61374750E+00 -0.97728536E-03 0.5698E-12      8
 1271   12     0    -116      0    116  0.61930508E+00 -0.90758899E-03 0.1045E-11      7
 1272   12     0    -115      0    115  0.62411583E+00 -0.80249984E-03 0.6426E-12      8
 1273   12     0    -114      0    114  0.62913188E+00 -0.97559028E-03 0.4790E-12      8
 1274   12     0    -113      0    113  0.63504881E+00 -0.10744926E-02 0.3601E-12      7
 1275   12     0    -112      0    112  0.64096800E+00 -0.98758696E-03 0.1857E-11      6
 1276   12     0    -111      0    111  0.64604301E+00 -0.87340722E-03 0.8384E-12      8
 1277   12     0    -110      0    110  0.65141296E+00 -0.10705156E-02 0.6697E-12      6
 1278   12     0    -110      0    110  0.65775596E+00 -0.11631607E-02 0.4126E-12      8
 1279   12     0    -108      0    108  0.66407893E+00 -0.10502225E-02 0.2205E-12      6
 1280   12     0    -108      0    108  0.66948191E+00 -0.91270559E-03 0.5235E-12      7
 1281   12     0    -107      0    107  0.67522302E+00 -0.11031574E-02 0.9315E-12      8
 1282   12     0    -106      0    106  0.68203254E+00 -0.11716721E-02 0.4924E-12      8
 1283   12     0    -105      0    105  0.68885204E+00 -0.10341666E-02 0.3768E-12      7
 1284   12     0    -104      0    104  0.69467140E+00 -0.86481818E-03 0.6428E-12      7
 1285   12     0    -103      0    103  0.70079296E+00 -0.10241159E-02 0.8405E-12      6
 1286   12     0    -102      0    102  0.70812621E+00 -0.10671569E-02 0.8657E-12      7
 1287   12     0    -101      0    101  0.71553049E+00 -0.92203948E-03 0.2350E-11      7
 1288   12     0    -100      0    100  0.72184975E+00 -0.74120368E-03 0.4268E-12      6
 1289   12     0     -99      0     99  0.72840644E+00 -0.85872816E-03 0.1994E-11      7
 1290   12     0     -98      0     98  0.73633359E+00 -0.87749498E-03 0.1066E-11      8
 1291   12     0     -97      0     97  0.74439146E+00 -0.73934480E-03 0.1001E-12      8
 1292   12     0     -96      0     96  0.75126649E+00 -0.57314211E-03 0.1793E-11      5
 1293   12     0     -95      0     95  0.75833884E+00 -0.64991509E-03 0.4809E-12      8
 1294   12     0     -94      0     94  0.76695280E+00 -0.65015580E-03 0.6788E-12      6
 1295   12     0     -93      0     93  0.77575535E+00 -0.53570959E-03 0.1783E-11      7
 1296   12     0     -92      0     92  0.78325547E+00 -0.40304097E-03 0.1548E-11      6
 1297   12     0     -91      0     91  0.79090850E+00 -0.45196823E-03 0.1588E-11      6
 1298   12     0     -90      0     90  0.80030336E+00 -0.44875963E-03 0.1458E-11      5
 1299   12     0     -89      0     89  0.80996208E+00 -0.36763669E-03 0.1926E-11      5
 1300   12     0     -88      0     88  0.81819521E+00 -0.27127054E-03 0.2925E-11      5
 1301   12     0     -87      0     87  0.82649049E+00 -0.30284409E-03 0.9496E-12      7
 1302   12     0     -86      0     86  0.83676565E+00 -0.30194355E-03 0.2235E-11      5
 1303   12     0     -85      0     85  0.84741416E+00 -0.24744169E-03 0.1935E-11      5
 1304   12     0     -84      0     84  0.85647166E+00 -0.17818433E-03 0.1830E-11      5
 1305   12     0     -83      0     83  0.86545699E+00 -0.19916977E-03 0.3812E-11      6
 1306   12     0     -82      0     82  0.87674286E+00 -0.19966319E-03 0.3763E-11      5
 1307   12     0     -81      0     81  0.88851006E+00 -0.16312429E-03 0.4165E-11      6
 1308   12     0     -80      0     80  0.89846466E+00 -0.11538705E-03 0.1857E-11      5
 1309   12     0     -79      0     79  0.90828866E+00 -0.13028357E-03 0.3622E-11      5
 1310   12     0     -78      0     78  0.92076846E+00 -0.13099492E-03 0.6200E-11      5
 1311   12     0     -77      0     77  0.93381992E+00 -0.10695998E-03 0.8975E-11      6
 1312   12     0     -76      0     76  0.94483242E+00 -0.74706354E-04 0.1696E-11      6
 1313   12     0     -75      0     75  0.95562084E+00 -0.84745411E-04 0.1098E-10      6
 1314   12     0     -74      0     74  0.96944270E+00 -0.85694962E-04 0.1094E-10      5
 1315   12     0     -73      0     73  0.98393054E+00 -0.70098169E-04 0.2221E-10      5
 1316   12     0     -72      0     72  0.99606598E+00 -0.48667845E-04 0.1778E-10      6
 1317   12     0     -71      0     71  0.10079946E+01 -0.56516393E-04 0.2948E-10      6
 1318   12     0     -70      0     70  0.10234252E+01 -0.57721747E-04 0.8703E-11      5
 1319   12     0     -69      0     69  0.10396040E+01 -0.47530756E-04 0.9018E-11      7
 1320   12     0     -68      0     68  0.10530495E+01 -0.32679218E-04 0.2528E-10      5
 1321   12     0     -67      0     67  0.10662645E+01 -0.38629882E-04 0.1883E-10      5
 1322   12     0     -66      0     66  0.10835501E+01 -0.39369133E-04 0.5731E-10      7
 1323   12     0     -65      0     65  0.11016526E+01 -0.31868210E-04 0.2544E-10      6
 1324   12     0     -64      0     64  0.11164283E+01 -0.21340760E-04 0.3209E-10      6
 1325   12     0     -63      0     63  0.11312334E+01 -0.25889924E-04 0.1272E-09      5
 1326   12     0     -62      0     62  0.11508082E+01 -0.25786360E-04 0.9701E-10      4
 1327   12     0     -61      0     61  0.11710435E+01 -0.20144066E-04 0.4367E-10      6
 1328   12     0     -60      0     60  0.11871212E+01 -0.13594364E-04 0.4624E-10      5
 1329   12     0     -59      0     59  0.12042441E+01 -0.17040148E-04 0.5150E-10      5
 1330   12     0     -58      0     58  0.12266784E+01 -0.16444349E-04 0.9723E-10      5
 1331   12     0     -57      0     57  0.12493869E+01 -0.12417702E-04 0.7009E-10      6
 1332   12     0     -56      0     56  0.12669348E+01 -0.85740723E-05 0.1910E-09      4
 1333   12     0     -55      0     55  0.12868324E+01 -0.10970076E-04 0.5274E-10      4
 1334   12     0     -54      0     54  0.13125317E+01 -0.10204143E-04 0.1390E-09      4
 1335   12     0     -53      0     53  0.13378435E+01 -0.72508450E-05 0.4127E-10      7
 1336   12     0     -52      0     52  0.13570058E+01 -0.53099648E-05 0.4389E-09      4
 1337   12     0     -51      0     51  0.13807321E+01 -0.66215331E-05 0.1374E-09      6
 1338   12     0     -50      0     50  0.14105961E+01 -0.58003085E-05 0.1093E-09      4
 1339   12     0     -49      0     49  0.14394766E+01 -0.39076113E-05 0.2924E-09      4
 1340   12     0     -48      0     48  0.14611624E+01 -0.29610987E-05 0.5226E-09      4
 1341   12     0     -47      0     47  0.14891981E+01 -0.36053902E-05 0.5545E-09      5
 1342   12     0     -46      0     46  0.15239651E+01 -0.30695843E-05 0.6741E-09      5
 1343   12     0     -45      0     45  0.15572417E+01 -0.19914052E-05 0.4667E-09      5
 1344   12     0     -43      0     43  0.15819385E+01 -0.15175287E-05 0.3707E-09      4
 1345   12     0     -42      0     42  0.16150423E+01 -0.17903773E-05 0.2519E-09      5
 1346   12     0     -41      0     41  0.16562891E+01 -0.14809822E-05 0.3666E-09      5
 1347   12     0     -40      0     40  0.16966364E+01 -0.99296257E-06 0.1025E-08      5
  Time elapsed :      3.716 s

Mode Search
-----------

Mode parameters
   l : 13
   m : 0

Building frequency grid (REAL axis)
   added scan interval :  0.5234E+00 ->  0.2094E+01 (3000 points, INVERSE)

Building spatial grid
   Scaffold grid from model
   Split 89 subinterval(s) in iteration 1
   Split 10 subinterval(s) in iteration 2
   Split 0 subinterval(s) in iteration 3
   Final grid has 1 segment(s) and 7236 point(s):
      Segment 1 : x range 0.0000 -> 1.0012 (1 -> 7236)

Starting search (adiabatic)

Scanning frequencies
  Time elapsed :    24.431 s

Finding roots
  Time elapsed :      4.042 s

Processing modes
   id    l     m    n_pg    n_p    n_g       Re(omega)       Im(omega)        chi n_iter
 1373   13     0    -131      0    131  0.59292700E+00  0.00000000E+00 0.1586E-12      5
 1374   13     0    -130      0    130  0.59703728E+00  0.00000000E+00 0.2163E-12      6
 1375   13     0    -129      0    129  0.60182065E+00  0.00000000E+00 0.3085E-12      5
 1376   13     0    -128      0    128  0.60679551E+00  0.00000000E+00 0.1253E-12      6
 1377   13     0    -127      0    127  0.61124776E+00  0.00000000E+00 0.4709E-12      5
 1378   13     0    -126      0    126  0.61565120E+00  0.00000000E+00 0.6375E-12      6
 1379   13     0    -125      0    125  0.62079226E+00  0.00000000E+00 0.3287E-12      5
 1380   13     0    -124      0    124  0.62606950E+00  0.00000000E+00 0.6683E-13      5
 1381   13     0    -123      0    123  0.63073835E+00  0.00000000E+00 0.2002E-12      5
 1382   13     0    -122      0    122  0.63543957E+00  0.00000000E+00 0.6811E-14      6
 1383   13     0    -121      0    121  0.64095294E+00  0.00000000E+00 0.1288E-12      5
 1384   13     0    -120      0    120  0.64657100E+00  0.00000000E+00 0.1110E-12      6
 1385   13     0    -119      0    119  0.65150713E+00  0.00000000E+00 0.5389E-13      5
 1386   13     0    -118      0    118  0.65653349E+00  0.00000000E+00 0.2736E-12      5
 1387   13     0    -117      0    117  0.66244199E+00  0.00000000E+00 0.5472E-12      5
 1388   13     0    -116      0    116  0.66842425E+00  0.00000000E+00 0.5034E-12      6
 1389   13     0    -115      0    115  0.67364144E+00  0.00000000E+00 0.1108E-12      5
 1390   13     0    -114      0    114  0.67903464E+00  0.00000000E+00 0.1058E-12      6
 1391   13     0    -113      0    113  0.68538406E+00  0.00000000E+00 0.2458E-12      5
 1392   13     0    -112      0    112  0.69176662E+00  0.00000000E+00 0.2537E-12      6
 1393   13     0    -111      0    111  0.69728419E+00  0.00000000E+00 0.3847E-12      5
 1394   13     0    -110      0    110  0.70305564E+00  0.00000000E+00 0.2317E-12      5
 1395   13     0    -109      0    109  0.70986758E+00  0.00000000E+00 0.4625E-12      5
 1396   13     0    -108      0    108  0.71669421E+00  0.00000000E+00 0.1335E-13      6
 1397   13     0    -107      0    107  0.72257575E+00  0.00000000E+00 0.1726E-12      5
 1398   13     0    -106      0    106  0.72874241E+00  0.00000000E+00 0.5037E-13      5
 1399   13     0    -105      0    105  0.73604912E+00  0.00000000E+00 0.3904E-12      5
 1400   13     0    -104      0    104  0.74340425E+00  0.00000000E+00 0.3903E-12      6
 1401   13     0    -103      0    103  0.74972920E+00  0.00000000E+00 0.1071E-12      5
 1402   13     0    -102      0    102  0.75628605E+00  0.00000000E+00 0.9788E-13      6
 1403   13     0    -101      0    101  0.76413248E+00  0.00000000E+00 0.1849E-12      5
 1404   13     0    -100      0    100  0.77210616E+00  0.00000000E+00 0.1887E-12      5
 1405   13     0     -99      0     99  0.77896367E+00  0.00000000E+00 0.5460E-13      5
 1406   13     0     -98      0     98  0.78595045E+00  0.00000000E+00 0.9945E-14      6
 1407   13     0     -97      0     97  0.79440542E+00  0.00000000E+00 0.2824E-12      5
 1408   13     0     -96      0     96  0.80308403E+00  0.00000000E+00 0.7903E-13      6
 1409   13     0     -95      0     95  0.81055635E+00  0.00000000E+00 0.6614E-14      5
 1410   13     0     -94      0     94  0.81805122E+00  0.00000000E+00 0.4642E-12      6
 1411   13     0     -93      0     93  0.82721700E+00  0.00000000E+00 0.2134E-12      5
 1412   13     0     -92      0     92  0.83671294E+00  0.00000000E+00 0.1109E-12      6
 1413   13     0     -91      0     91  0.84489943E+00  0.00000000E+00 0.4051E-14      5
 1414   13     0     -90      0     90  0.85298280E+00  0.00000000E+00 0.3372E-12      6
 1415   13     0     -89      0     89  0.86296510E+00  0.00000000E+00 0.4044E-12      5
 1416   13     0     -88      0     88  0.87339893E+00  0.00000000E+00 0.3142E-12      6
 1417   13     0     -87      0     87  0.88242175E+00  0.00000000E+00 0.1257E-12      5
 1418   13     0     -86      0     86  0.89116957E+00  0.00000000E+00 0.1002E-12      6
 1419   13     0     -85      0     85  0.90207052E+00  0.00000000E+00 0.7470E-12      5
 1420   13     0     -84      0     84  0.91357830E+00  0.00000000E+00 0.8844E-13      6
 1421   13     0     -83      0     83  0.92353898E+00  0.00000000E+00 0.1012E-12      5
 1422   13     0     -82      0     82  0.93299956E+00  0.00000000E+00 0.3384E-12      6
 1423   13     0     -81      0     81  0.94495255E+00  0.00000000E+00 0.4109E-13      5
 1424   13     0     -80      0     80  0.95767146E+00  0.00000000E+00 0.5659E-13      6
 1425   13     0     -79      0     79  0.96864637E+00  0.00000000E+00 0.6019E-13      5
 1426   13     0     -78      0     78  0.97896620E+00  0.00000000E+00 0.2720E-12      6
 1427   13     0     -77      0     77  0.99216392E+00  0.00000000E+00 0.3571E-12      5
 1428   13     0     -76      0     76  0.10062660E+01  0.00000000E+00 0.8957E-13      6
 1429   13     0     -75      0     75  0.10184231E+01  0.00000000E+00 0.2149E-12      6
 1430   13     0     -74      0     74  0.10297384E+01  0.00000000E+00 0.2173E-12      6
 1431   13     0     -73      0     73  0.10443339E+01  0.00000000E+00 0.3799E-12      5
 1432   13     0     -72      0     72  0.10599780E+01  0.00000000E+00 0.4030E-13      6
 1433   13     0     -71      0     71  0.10733812E+01  0.00000000E+00 0.2876E-12      5
 1434   13     0     -70      0     70  0.10858559E+01  0.00000000E+00 0.1588E-12      6
 1435   13     0     -69      0     69  0.11021263E+01  0.00000000E+00 0.1647E-12      5
 1436   13     0     -68      0     68  0.11195744E+01  0.00000000E+00 0.3466E-12      6
 1437   13     0     -67      0     67  0.11344267E+01  0.00000000E+00 0.1230E-12      6
 1438   13     0     -66      0     66  0.11482032E+01  0.00000000E+00 0.2090E-12      5
 1439   13     0     -65      0     65  0.11664048E+01  0.00000000E+00 0.1148E-12      5
 1440   13     0     -64      0     64  0.11859151E+01  0.00000000E+00 0.7594E-13      6
 1441   13     0     -63      0     63  0.12022300E+01  0.00000000E+00 0.3134E-12      5
 1442   13     0     -62      0     62  0.12176022E+01  0.00000000E+00 0.2368E-12      6
 1443   13     0     -61      0     61  0.12382298E+01  0.00000000E+00 0.1090E-12      5
 1444   13     0     -60      0     60  0.12600593E+01  0.00000000E+00 0.1471E-12      6
 1445   13     0     -59      0     59  0.12777762E+01  0.00000000E+00 0.2951E-12      5
 1446   13     0     -58      0     58  0.12954708E+01  0.00000000E+00 0.9255E-13      6
 1447   13     0     -57      0     57  0.13191371E+01  0.00000000E+00 0.3103E-12      5
 1448   13     0     -56      0     56  0.13436589E+01  0.00000000E+00 0.1585E-12      6
 1449   13     0     -55      0     55  0.13629593E+01  0.00000000E+00 0.1263E-12      5
 1450   13     0     -54      0     54  0.13834029E+01  0.00000000E+00 0.2003E-14      6
 1451   13     0     -53      0     53  0.14105159E+01  0.00000000E+00 0.1323E-13      5
 1452   13     0     -52      0     52  0.14379949E+01  0.00000000E+00 0.8927E-14      6
 1453   13     0     -51      0     51  0.14590827E+01  0.00000000E+00 0.6322E-14      6
 1454   13     0     -50      0     50  0.14832551E+01  0.00000000E+00 0.2100E-12      6
 1455   13     0     -49      0     49  0.15147597E+01  0.00000000E+00 0.8445E-13      5
 1456   13     0     -48      0     48  0.15463359E+01  0.00000000E+00 0.7486E-13      6
 1457   13     0     -47      0     47  0.15702799E+01  0.00000000E+00 0.2324E-12      5
 1458   13     0     -46      0     46  0.15983582E+01  0.00000000E+00 0.1964E-12      6
 1459   13     0     -45      0     45  0.16348571E+01  0.00000000E+00 0.8389E-13      5
 1460   13     0     -44      0     44  0.16715272E+01  0.00000000E+00 0.1745E-12      6
 1461   13     0     -43      0     43  0.16991063E+01  0.00000000E+00 0.1284E-12      5
  Time elapsed :      1.060 s

Starting search (non-adiabatic)

Finding roots
  Time elapsed :     70.287 s

Processing modes
   id    l     m    n_pg    n_p    n_g       Re(omega)       Im(omega)        chi n_iter
 1373   13     0    -131      0    131  0.59272659E+00 -0.66468971E-03 0.1073E-11      6
 1374   13     0    -130      0    130  0.59680860E+00 -0.72916418E-03 0.1314E-11      6
 1375   13     0    -129      0    129  0.60158428E+00 -0.82709310E-03 0.8162E-12      8
 1376   13     0    -128      0    128  0.60659134E+00 -0.79469304E-03 0.9554E-12      6
 1377   13     0    -127      0    127  0.61107386E+00 -0.68765096E-03 0.3471E-12      7
 1378   13     0    -126      0    126  0.61544656E+00 -0.78020750E-03 0.4763E-12      8
 1379   13     0    -125      0    125  0.62058547E+00 -0.87540869E-03 0.7042E-13      7
 1380   13     0    -124      0    124  0.62589539E+00 -0.82988173E-03 0.6343E-12      7
 1381   13     0    -123      0    123  0.63058623E+00 -0.71883396E-03 0.5437E-12      7
 1382   13     0    -122      0    122  0.63525570E+00 -0.83643413E-03 0.1029E-11      7
 1383   13     0    -121      0    121  0.64077062E+00 -0.93361223E-03 0.5004E-13      8
 1384   13     0    -120      0    120  0.64642092E+00 -0.87903415E-03 0.7002E-12      7
 1385   13     0    -119      0    119  0.65137210E+00 -0.76400557E-03 0.8679E-13      9
 1386   13     0    -118      0    118  0.65636593E+00 -0.90483210E-03 0.1983E-12      7
 1387   13     0    -117      0    117  0.66227739E+00 -0.10094280E-02 0.1061E-11      8
 1388   13     0    -116      0    116  0.66829062E+00 -0.94581295E-03 0.1053E-11      7
 1389   13     0    -115      0    115  0.67351372E+00 -0.82749731E-03 0.4294E-12      6
 1390   13     0    -114      0    114  0.67886950E+00 -0.99929969E-03 0.9457E-12      7
 1391   13     0    -113      0    113  0.68521885E+00 -0.11114097E-02 0.4067E-12      8
 1392   13     0    -112      0    112  0.69162928E+00 -0.10327594E-02 0.1004E-11      7
 1393   13     0    -112      0    112  0.69714333E+00 -0.90139320E-03 0.8070E-12      6
 1394   13     0    -111      0    111  0.70286528E+00 -0.10987878E-02 0.7573E-12      6
 1395   13     0    -110      0    110  0.70966837E+00 -0.12079517E-02 0.8971E-12      7
 1396   13     0    -109      0    109  0.71651982E+00 -0.11050292E-02 0.1150E-11      7
 1397   13     0    -108      0    108  0.72239725E+00 -0.94659935E-03 0.3806E-12      9
 1398   13     0    -107      0    107  0.72850331E+00 -0.11372119E-02 0.8757E-12      8
 1399   13     0    -106      0    106  0.73579675E+00 -0.12241761E-02 0.6259E-12      8
 1400   13     0    -105      0    105  0.74318256E+00 -0.10965297E-02 0.4621E-12      7
 1401   13     0    -104      0    104  0.74952162E+00 -0.90411890E-03 0.2048E-12      7
 1402   13     0    -103      0    103  0.75602133E+00 -0.10604704E-02 0.1141E-11      7
 1403   13     0    -102      0    102  0.76386145E+00 -0.11208467E-02 0.1704E-11      9
 1404   13     0    -101      0    101  0.77187611E+00 -0.98289135E-03 0.2381E-11      9
 1405   13     0    -100      0    100  0.77876912E+00 -0.77805545E-03 0.1784E-11      7
 1406   13     0     -99      0     99  0.78571780E+00 -0.88822327E-03 0.1179E-11      8
 1407   13     0     -98      0     98  0.79417875E+00 -0.92067756E-03 0.9713E-12      6
 1408   13     0     -97      0     97  0.80290245E+00 -0.78680273E-03 0.4161E-12      7
 1409   13     0     -96      0     96  0.81041723E+00 -0.59883152E-03 0.1959E-11      6
 1410   13     0     -95      0     95  0.81789693E+00 -0.66566058E-03 0.5445E-12      6
 1411   13     0     -94      0     94  0.82707649E+00 -0.67618224E-03 0.1414E-11      7
 1412   13     0     -93      0     93  0.83660848E+00 -0.56542080E-03 0.8066E-12      7
 1413   13     0     -92      0     92  0.84482668E+00 -0.41743250E-03 0.5066E-11      6
 1414   13     0     -91      0     91  0.85290762E+00 -0.45680253E-03 0.7065E-12      6
 1415   13     0     -90      0     90  0.86290150E+00 -0.46156927E-03 0.7008E-12      7
 1416   13     0     -89      0     89  0.87335561E+00 -0.38420505E-03 0.2384E-11      6
 1417   13     0     -88      0     88  0.88239465E+00 -0.27871923E-03 0.2672E-11      5
 1418   13     0     -87      0     87  0.89114399E+00 -0.30198822E-03 0.2431E-11      6
 1419   13     0     -86      0     86  0.90205210E+00 -0.30695456E-03 0.2791E-11      6
 1420   13     0     -85      0     85  0.91356889E+00 -0.25582627E-03 0.1900E-11      6
 1421   13     0     -84      0     84  0.92353522E+00 -0.18154155E-03 0.3585E-11      5
 1422   13     0     -83      0     83  0.93299795E+00 -0.19571301E-03 0.2647E-11      7
 1423   13     0     -82      0     82  0.94495521E+00 -0.20063501E-03 0.3673E-11      6
 1424   13     0     -81      0     81  0.95767707E+00 -0.16703220E-03 0.3686E-11      6
 1425   13     0     -80      0     80  0.96865200E+00 -0.11655051E-03 0.4362E-11      7
 1426   13     0     -79      0     79  0.97897378E+00 -0.12642945E-03 0.3645E-11      6
 1427   13     0     -78      0     78  0.99217409E+00 -0.13033885E-03 0.7973E-11      6
 1428   13     0     -77      0     77  0.10062763E+01 -0.10855427E-03 0.1833E-10      5
 1429   13     0     -76      0     76  0.10184312E+01 -0.74914237E-04 0.7937E-11      5
 1430   13     0     -75      0     75  0.10297480E+01 -0.81395311E-04 0.5930E-11      6
 1431   13     0     -74      0     74  0.10443452E+01 -0.84648902E-04 0.1372E-11      6
 1432   13     0     -73      0     73  0.10599884E+01 -0.70818266E-04 0.5622E-11      6
 1433   13     0     -72      0     72  0.10733888E+01 -0.48623076E-04 0.1656E-10      6
 1434   13     0     -71      0     71  0.10858648E+01 -0.54078881E-04 0.5423E-11      8
 1435   13     0     -70      0     70  0.11021364E+01 -0.56897824E-04 0.2800E-11      5
 1436   13     0     -69      0     69  0.11195835E+01 -0.47934499E-04 0.1801E-10      5
 1437   13     0     -68      0     68  0.11344331E+01 -0.32552660E-04 0.1494E-10      5
 1438   13     0     -67      0     67  0.11482106E+01 -0.36744756E-04 0.3199E-10      9
 1439   13     0     -66      0     66  0.11664129E+01 -0.38563138E-04 0.5362E-10     10
 1440   13     0     -65      0     65  0.11859221E+01 -0.31922061E-04 0.2659E-10      5
 1441   13     0     -64      0     64  0.12022347E+01 -0.20992535E-04 0.1942E-10      5
 1442   13     0     -63      0     63  0.12176078E+01 -0.24475353E-04 0.1713E-10      6
 1443   13     0     -62      0     62  0.12382358E+01 -0.25135113E-04 0.7467E-10      5
 1444   13     0     -61      0     61  0.12600642E+01 -0.20159271E-04 0.4459E-10      5
 1445   13     0     -60      0     60  0.12777795E+01 -0.13188762E-04 0.1326E-09      4
 1446   13     0     -59      0     59  0.12954748E+01 -0.16170301E-04 0.2227E-10      4
 1447   13     0     -58      0     58  0.13191413E+01 -0.16081603E-04 0.6707E-10      9
 1448   13     0     -57      0     57  0.13436622E+01 -0.12536452E-04 0.5567E-10      6
 1449   13     0     -56      0     56  0.13629615E+01 -0.82592222E-05 0.4062E-09      5
 1450   13     0     -55      0     55  0.13834058E+01 -0.10492355E-04 0.1061E-09      4
 1451   13     0     -54      0     54  0.14105188E+01 -0.10046417E-04 0.4338E-10      4
 1452   13     0     -53      0     53  0.14379971E+01 -0.74341644E-05 0.1531E-09      5
 1453   13     0     -52      0     52  0.14590843E+01 -0.50203962E-05 0.4647E-09      5
 1454   13     0     -51      0     51  0.14832572E+01 -0.63535264E-05 0.5635E-09      4
 1455   13     0     -50      0     50  0.15147618E+01 -0.57666695E-05 0.9625E-10      5
 1456   13     0     -49      0     49  0.15463374E+01 -0.41268085E-05 0.5040E-09      4
 1457   13     0     -48      0     48  0.15702810E+01 -0.27879595E-05 0.8599E-09      4
 1458   13     0     -47      0     47  0.15983596E+01 -0.35090472E-05 0.5391E-09      4
 1459   13     0     -46      0     46  0.16348585E+01 -0.31023842E-05 0.2688E-09      4
 1460   13     0     -44      0     44  0.16715282E+01 -0.21546797E-05 0.6981E-09      4
 1461   13     0     -43      0     43  0.16991070E+01 -0.13914357E-05 0.2370E-08      7
  Time elapsed :      4.225 s

Mode Search
-----------

Mode parameters
   l : 14
   m : 0

Building frequency grid (REAL axis)
   added scan interval :  0.5234E+00 ->  0.2094E+01 (3000 points, INVERSE)

Building spatial grid
   Scaffold grid from model
   Split 203 subinterval(s) in iteration 1
   Split 20 subinterval(s) in iteration 2
   Split 0 subinterval(s) in iteration 3
   Final grid has 1 segment(s) and 7360 point(s):
      Segment 1 : x range 0.0000 -> 1.0012 (1 -> 7360)

Starting search (adiabatic)

Scanning frequencies
  Time elapsed :    25.361 s

Finding roots
  Time elapsed :      4.658 s

Processing modes
   id    l     m    n_pg    n_p    n_g       Re(omega)       Im(omega)        chi n_iter
 1489   14     0    -141      0    141  0.59164431E+00  0.00000000E+00 0.9670E-13      5
 1490   14     0    -140      0    140  0.59613240E+00  0.00000000E+00 0.7125E-13      5
 1491   14     0    -139      0    139  0.60030399E+00  0.00000000E+00 0.3959E-13      6
 1492   14     0    -138      0    138  0.60421748E+00  0.00000000E+00 0.1321E-12      5
 1493   14     0    -137      0    137  0.60868707E+00  0.00000000E+00 0.1831E-12      5
 1494   14     0    -136      0    136  0.61344964E+00  0.00000000E+00 0.5199E-12      5
 1495   14     0    -135      0    135  0.61781992E+00  0.00000000E+00 0.2889E-12      5
 1496   14     0    -134      0    134  0.62194135E+00  0.00000000E+00 0.3024E-12      6
 1497   14     0    -133      0    133  0.62671351E+00  0.00000000E+00 0.3599E-12      5
 1498   14     0    -132      0    132  0.63177280E+00  0.00000000E+00 0.8494E-13      5
 1499   14     0    -131      0    131  0.63637661E+00  0.00000000E+00 0.5576E-13      5
 1500   14     0    -130      0    130  0.64075738E+00  0.00000000E+00 0.3468E-12      6
 1501   14     0    -129      0    129  0.64585243E+00  0.00000000E+00 0.2282E-12      5
 1502   14     0    -128      0    128  0.65119941E+00  0.00000000E+00 0.9116E-13      6
 1503   14     0    -127      0    127  0.65601031E+00  0.00000000E+00 0.1082E-11      5
 1504   14     0    -126      0    126  0.66069505E+00  0.00000000E+00 0.5941E-12      5
 1505   14     0    -125      0    125  0.66617179E+00  0.00000000E+00 0.1601E-12      5
 1506   14     0    -124      0    124  0.67184810E+00  0.00000000E+00 0.2889E-12      6
 1507   14     0    -123      0    123  0.67689621E+00  0.00000000E+00 0.1981E-12      5
 1508   14     0    -122      0    122  0.68189022E+00  0.00000000E+00 0.2923E-12      6
 1509   14     0    -121      0    121  0.68776266E+00  0.00000000E+00 0.4162E-13      5
 1510   14     0    -120      0    120  0.69380814E+00  0.00000000E+00 0.3489E-12      6
 1511   14     0    -119      0    119  0.69914697E+00  0.00000000E+00 0.8407E-13      5
 1512   14     0    -118      0    118  0.70447998E+00  0.00000000E+00 0.8173E-13      5
 1513   14     0    -117      0    117  0.71077250E+00  0.00000000E+00 0.6833E-13      5
 1514   14     0    -116      0    116  0.71721515E+00  0.00000000E+00 0.9109E-13      6
 1515   14     0    -115      0    115  0.72286128E+00  0.00000000E+00 0.2018E-13      5
 1516   14     0    -114      0    114  0.72857183E+00  0.00000000E+00 0.9634E-13      6
 1517   14     0    -113      0    113  0.73533062E+00  0.00000000E+00 0.3602E-12      5
 1518   14     0    -112      0    112  0.74220888E+00  0.00000000E+00 0.6817E-12      5
 1519   14     0    -111      0    111  0.74818474E+00  0.00000000E+00 0.2504E-12      5
 1520   14     0    -110      0    110  0.75428404E+00  0.00000000E+00 0.2096E-12      6
 1521   14     0    -109      0    109  0.76153111E+00  0.00000000E+00 0.1697E-12      5
 1522   14     0    -108      0    108  0.76889114E+00  0.00000000E+00 0.4235E-12      6
 1523   14     0    -107      0    107  0.77526802E+00  0.00000000E+00 0.3470E-13      5
 1524   14     0    -106      0    106  0.78177536E+00  0.00000000E+00 0.1678E-12      6
 1525   14     0    -105      0    105  0.78954129E+00  0.00000000E+00 0.1344E-14      5
 1526   14     0    -104      0    104  0.79746998E+00  0.00000000E+00 0.1723E-12      6
 1527   14     0    -103      0    103  0.80434010E+00  0.00000000E+00 0.1258E-12      5
 1528   14     0    -102      0    102  0.81124907E+00  0.00000000E+00 0.4525E-12      5
 1529   14     0    -101      0    101  0.81957425E+00  0.00000000E+00 0.4222E-14      5
 1530   14     0    -100      0    100  0.82816473E+00  0.00000000E+00 0.5608E-13      6
 1531   14     0     -99      0     99  0.83562994E+00  0.00000000E+00 0.4881E-13      5
 1532   14     0     -98      0     98  0.84298230E+00  0.00000000E+00 0.2130E-12      5
 1533   14     0     -97      0     97  0.85193396E+00  0.00000000E+00 0.2636E-12      5
 1534   14     0     -96      0     96  0.86127816E+00  0.00000000E+00 0.5867E-13      6
 1535   14     0     -95      0     95  0.86943180E+00  0.00000000E+00 0.2722E-12      5
 1536   14     0     -94      0     94  0.87731356E+00  0.00000000E+00 0.1922E-13      6
 1537   14     0     -93      0     93  0.88699930E+00  0.00000000E+00 0.6724E-12      5
 1538   14     0     -92      0     92  0.89721679E+00  0.00000000E+00 0.2834E-12      5
 1539   14     0     -91      0     91  0.90616507E+00  0.00000000E+00 0.2876E-12      5
 1540   14     0     -90      0     90  0.91466089E+00  0.00000000E+00 0.2157E-12      6
 1541   14     0     -89      0     89  0.92518873E+00  0.00000000E+00 0.3908E-13      6
 1542   14     0     -88      0     88  0.93640485E+00  0.00000000E+00 0.1006E-12      6
 1543   14     0     -87      0     87  0.94628282E+00  0.00000000E+00 0.2392E-12      5
 1544   14     0     -86      0     86  0.95547286E+00  0.00000000E+00 0.3218E-13      6
 1545   14     0     -85      0     85  0.96693892E+00  0.00000000E+00 0.1278E-12      6
 1546   14     0     -84      0     84  0.97929346E+00  0.00000000E+00 0.2050E-12      6
 1547   14     0     -83      0     83  0.99021822E+00  0.00000000E+00 0.3683E-13      6
 1548   14     0     -82      0     82  0.10001533E+01  0.00000000E+00 0.4497E-13      6
 1549   14     0     -81      0     81  0.10126936E+01  0.00000000E+00 0.9818E-13      5
 1550   14     0     -80      0     80  0.10263369E+01  0.00000000E+00 0.1428E-12      6
 1551   14     0     -79      0     79  0.10383933E+01  0.00000000E+00 0.3728E-12      6
 1552   14     0     -78      0     78  0.10492118E+01  0.00000000E+00 0.1395E-12      5
 1553   14     0     -77      0     77  0.10630288E+01  0.00000000E+00 0.1805E-12      5
 1554   14     0     -76      0     76  0.10781430E+01  0.00000000E+00 0.1132E-12      6
 1555   14     0     -75      0     75  0.10915086E+01  0.00000000E+00 0.4318E-13      6
 1556   14     0     -74      0     74  0.11033588E+01  0.00000000E+00 0.1679E-12      6
 1557   14     0     -73      0     73  0.11186105E+01  0.00000000E+00 0.2100E-12      6
 1558   14     0     -72      0     72  0.11353612E+01  0.00000000E+00 0.1930E-12      6
 1559   14     0     -71      0     71  0.11501009E+01  0.00000000E+00 0.3768E-13      5
 1560   14     0     -70      0     70  0.11631246E+01  0.00000000E+00 0.2103E-12      6
 1561   14     0     -69      0     69  0.11800960E+01  0.00000000E+00 0.1433E-12      6
 1562   14     0     -68      0     68  0.11987526E+01  0.00000000E+00 0.6719E-13      6
 1563   14     0     -67      0     67  0.12150885E+01  0.00000000E+00 0.8378E-14      6
 1564   14     0     -66      0     66  0.12294254E+01  0.00000000E+00 0.1638E-12      6
 1565   14     0     -65      0     65  0.12483823E+01  0.00000000E+00 0.1631E-12      6
 1566   14     0     -64      0     64  0.12692326E+01  0.00000000E+00 0.7055E-13      6
 1567   14     0     -63      0     63  0.12871840E+01  0.00000000E+00 0.1277E-12      6
 1568   14     0     -62      0     62  0.13030938E+01  0.00000000E+00 0.6689E-13      6
 1569   14     0     -61      0     61  0.13245947E+01  0.00000000E+00 0.2044E-12      6
 1570   14     0     -60      0     60  0.13479493E+01  0.00000000E+00 0.3689E-12      5
 1571   14     0     -59      0     59  0.13674523E+01  0.00000000E+00 0.1681E-12      6
 1572   14     0     -58      0     58  0.13856238E+01  0.00000000E+00 0.8883E-13      6
 1573   14     0     -57      0     57  0.14103156E+01  0.00000000E+00 0.3847E-12      5
 1574   14     0     -56      0     56  0.14365777E+01  0.00000000E+00 0.7240E-16      6
 1575   14     0     -55      0     55  0.14578563E+01  0.00000000E+00 0.2344E-12      5
 1576   14     0     -54      0     54  0.14786584E+01  0.00000000E+00 0.1572E-12      6
 1577   14     0     -53      0     53  0.15069372E+01  0.00000000E+00 0.1059E-12      5
 1578   14     0     -52      0     52  0.15365163E+01  0.00000000E+00 0.2638E-12      6
 1579   14     0     -51      0     51  0.15599314E+01  0.00000000E+00 0.6097E-13      5
 1580   14     0     -50      0     50  0.15841969E+01  0.00000000E+00 0.3871E-12      6
 1581   14     0     -49      0     49  0.16169873E+01  0.00000000E+00 0.4055E-13      5
 1582   14     0     -48      0     48  0.16510902E+01  0.00000000E+00 0.2384E-13      6
 1583   14     0     -47      0     47  0.16779930E+01  0.00000000E+00 0.7389E-13      6
  Time elapsed :      1.134 s

Starting search (non-adiabatic)

Finding roots
  Time elapsed :     75.853 s

Processing modes
   id    l     m    n_pg    n_p    n_g       Re(omega)       Im(omega)        chi n_iter
 1489   14     0    -141      0    141  0.59129712E+00 -0.79450979E-03 0.1599E-11      7
 1490   14     0    -140      0    140  0.59581371E+00 -0.78968458E-03 0.6837E-12      7
 1491   14     0    -139      0    139  0.60004064E+00 -0.68583623E-03 0.5037E-12      7
 1492   14     0    -138      0    138  0.60393698E+00 -0.70431577E-03 0.1792E-12      6
 1493   14     0    -137      0    137  0.60838923E+00 -0.80293060E-03 0.3625E-12      7
 1494   14     0    -136      0    136  0.61318210E+00 -0.79030536E-03 0.5224E-12      7
 1495   14     0    -135      0    135  0.61760144E+00 -0.68001929E-03 0.1209E-11      6
 1496   14     0    -134      0    134  0.62170070E+00 -0.71868985E-03 0.9351E-12      7
 1497   14     0    -133      0    133  0.62646073E+00 -0.82346287E-03 0.5848E-12      8
 1498   14     0    -132      0    132  0.63154988E+00 -0.80612933E-03 0.1061E-11      7
 1499   14     0    -131      0    131  0.63619434E+00 -0.69296131E-03 0.6565E-12      7
 1500   14     0    -130      0    130  0.64055078E+00 -0.74948179E-03 0.6997E-12      7
 1501   14     0    -129      0    129  0.64563937E+00 -0.85541817E-03 0.6731E-12      8
 1502   14     0    -128      0    128  0.65101654E+00 -0.82784037E-03 0.7472E-12      6
 1503   14     0    -127      0    127  0.65585782E+00 -0.71332173E-03 0.8250E-12      7
 1504   14     0    -126      0    126  0.66051593E+00 -0.79860072E-03 0.8909E-12      7
 1505   14     0    -125      0    125  0.66599210E+00 -0.90255527E-03 0.3976E-12      7
 1506   14     0    -124      0    124  0.67169870E+00 -0.86260286E-03 0.7228E-12      8
 1507   14     0    -123      0    123  0.67676910E+00 -0.74249542E-03 0.5698E-12      6
 1508   14     0    -122      0    122  0.68173595E+00 -0.85287172E-03 0.3263E-12      7
 1509   14     0    -121      0    121  0.68761206E+00 -0.95994556E-03 0.1456E-11      8
 1510   14     0    -120      0    120  0.69368710E+00 -0.91218604E-03 0.1575E-11      7
 1511   14     0    -119      0    119  0.69904126E+00 -0.78681682E-03 0.1507E-11      7
 1512   14     0    -118      0    118  0.70434688E+00 -0.92058922E-03 0.1070E-11      7
 1513   14     0    -117      0    117  0.71064515E+00 -0.10369870E-02 0.6440E-12      8
 1514   14     0    -116      0    116  0.71711563E+00 -0.98233713E-03 0.5575E-12      8
 1515   14     0    -115      0    115  0.72276830E+00 -0.85092334E-03 0.1466E-11      6
 1516   14     0    -114      0    114  0.72844739E+00 -0.10159758E-02 0.8447E-12      6
 1517   14     0    -113      0    113  0.73520954E+00 -0.11428917E-02 0.5922E-12      7
 1518   14     0    -112      0    112  0.74211158E+00 -0.10758109E-02 0.1721E-12      6
 1519   14     0    -112      0    112  0.74808472E+00 -0.92791280E-03 0.6265E-12      8
 1520   14     0    -111      0    111  0.75414132E+00 -0.11188965E-02 0.6633E-12      7
 1521   14     0    -110      0    110  0.76138293E+00 -0.12461701E-02 0.4088E-12      8
 1522   14     0    -108      0    108  0.76876177E+00 -0.11566755E-02 0.1764E-11      7
 1523   14     0    -108      0    108  0.77513479E+00 -0.97867310E-03 0.6015E-12      7
 1524   14     0    -107      0    107  0.78158825E+00 -0.11621801E-02 0.8502E-12      7
 1525   14     0    -106      0    106  0.78934249E+00 -0.12696136E-02 0.5474E-12      7
 1526   14     0    -105      0    105  0.79729321E+00 -0.11555717E-02 0.6148E-12      7
 1527   14     0    -104      0    104  0.80417591E+00 -0.94185558E-03 0.8677E-12      6
 1528   14     0    -103      0    103  0.81103344E+00 -0.10875545E-02 0.1057E-11      6
 1529   14     0    -102      0    102  0.81935151E+00 -0.11679746E-02 0.1093E-11      7
 1530   14     0    -101      0    101  0.82797333E+00 -0.10410101E-02 0.8060E-12      8
 1531   14     0    -100      0    100  0.83547123E+00 -0.81456935E-03 0.1160E-11      6
 1532   14     0     -99      0     99  0.84279073E+00 -0.90889811E-03 0.1208E-11      7
 1533   14     0     -98      0     98  0.85174666E+00 -0.95762932E-03 0.4712E-12      8
 1534   14     0     -97      0     97  0.86112776E+00 -0.83111390E-03 0.1428E-11      7
 1535   14     0     -96      0     96  0.86932028E+00 -0.62479493E-03 0.1055E-11      6
 1536   14     0     -95      0     95  0.87719140E+00 -0.67404765E-03 0.1605E-11      6
 1537   14     0     -94      0     94  0.88688936E+00 -0.69678438E-03 0.1810E-11      7
 1538   14     0     -93      0     93  0.89713673E+00 -0.59188032E-03 0.1555E-11      6
 1539   14     0     -92      0     92  0.90611236E+00 -0.43205530E-03 0.8601E-12      5
 1540   14     0     -91      0     91  0.91460848E+00 -0.45654673E-03 0.1668E-11      5
 1541   14     0     -90      0     90  0.92514696E+00 -0.47054053E-03 0.2369E-11      6
 1542   14     0     -89      0     89  0.93637925E+00 -0.39830786E-03 0.1264E-11      5
 1543   14     0     -88      0     88  0.94626936E+00 -0.28651923E-03 0.3128E-11      5
 1544   14     0     -87      0     87  0.95546206E+00 -0.29769238E-03 0.2242E-11      5
 1545   14     0     -86      0     86  0.96693507E+00 -0.30928586E-03 0.1754E-11      6
 1546   14     0     -85      0     85  0.97929616E+00 -0.26235375E-03 0.2408E-11      7
 1547   14     0     -84      0     84  0.99022333E+00 -0.18536787E-03 0.3405E-11      6
 1548   14     0     -83      0     83  0.10001607E+01 -0.19009009E-03 0.3607E-11      5
 1549   14     0     -82      0     82  0.10127055E+01 -0.19986505E-03 0.1475E-11      6
 1550   14     0     -81      0     81  0.10263503E+01 -0.16967501E-03 0.5300E-11      5
 1551   14     0     -80      0     80  0.10384045E+01 -0.11818207E-03 0.1249E-10      5
 1552   14     0     -79      0     79  0.10492246E+01 -0.12124995E-03 0.1097E-10      5
 1553   14     0     -78      0     78  0.10630446E+01 -0.12860145E-03 0.1335E-10      5
 1554   14     0     -77      0     77  0.10781583E+01 -0.10932657E-03 0.1345E-10      7
 1555   14     0     -76      0     76  0.10915201E+01 -0.75530122E-04 0.4831E-11      6
 1556   14     0     -75      0     75  0.11033713E+01 -0.77313008E-04 0.2262E-10      7
 1557   14     0     -74      0     74  0.11186252E+01 -0.83013797E-04 0.1256E-10      6
 1558   14     0     -73      0     73  0.11353747E+01 -0.71090713E-04 0.3517E-10      5
 1559   14     0     -72      0     72  0.11501108E+01 -0.48960946E-04 0.1506E-10      6
 1560   14     0     -71      0     71  0.11631353E+01 -0.51222740E-04 0.4588E-11      6
 1561   14     0     -70      0     70  0.11801083E+01 -0.55741981E-04 0.1160E-10      7
 1562   14     0     -69      0     69  0.11987637E+01 -0.48051091E-04 0.2260E-10      6
 1563   14     0     -68      0     68  0.12150963E+01 -0.32708326E-04 0.3241E-10      6
 1564   14     0     -67      0     67  0.12294338E+01 -0.34567069E-04 0.3490E-10      6
 1565   14     0     -66      0     66  0.12483918E+01 -0.37538308E-04 0.4192E-11      5
 1566   14     0     -65      0     65  0.12692409E+01 -0.31791678E-04 0.3149E-10      6
 1567   14     0     -64      0     64  0.12871896E+01 -0.20860133E-04 0.1469E-10      4
 1568   14     0     -63      0     63  0.13031000E+01 -0.22890064E-04 0.2775E-10      6
 1569   14     0     -62      0     62  0.13246014E+01 -0.24394465E-04 0.6613E-10      6
 1570   14     0     -61      0     61  0.13479550E+01 -0.20112331E-04 0.1431E-09      4
 1571   14     0     -60      0     60  0.13674560E+01 -0.12971235E-04 0.5042E-10      6
 1572   14     0     -59      0     59  0.13856282E+01 -0.15208137E-04 0.4238E-10      5
 1573   14     0     -58      0     58  0.14103203E+01 -0.15705012E-04 0.5358E-10      5
 1574   14     0     -57      0     57  0.14365815E+01 -0.12659836E-04 0.1314E-09      6
 1575   14     0     -56      0     56  0.14578588E+01 -0.80890347E-05 0.1225E-09      5
 1576   14     0     -55      0     55  0.14786615E+01 -0.99424061E-05 0.2275E-09      4
 1577   14     0     -54      0     54  0.15069404E+01 -0.98783109E-05 0.2946E-09      5
 1578   14     0     -53      0     53  0.15365189E+01 -0.76262944E-05 0.1052E-09      8
 1579   14     0     -52      0     52  0.15599330E+01 -0.48362244E-05 0.1586E-09      6
 1580   14     0     -51      0     51  0.15841991E+01 -0.60335921E-05 0.2130E-09      4
 1581   14     0     -50      0     50  0.16169895E+01 -0.57403168E-05 0.3802E-09      6
 1582   14     0     -49      0     49  0.16510920E+01 -0.43630430E-05 0.4219E-09      4
 1583   14     0     -48      0     48  0.16779941E+01 -0.27083164E-05 0.8058E-09      5
  Time elapsed :      4.406 s

Mode Search
-----------

Mode parameters
   l : 15
   m : 0

Building frequency grid (REAL axis)
   added scan interval :  0.5234E+00 ->  0.2094E+01 (3000 points, INVERSE)

Building spatial grid
   Scaffold grid from model
   Split 261 subinterval(s) in iteration 1
   Split 23 subinterval(s) in iteration 2
   Split 0 subinterval(s) in iteration 3
   Final grid has 1 segment(s) and 7421 point(s):
      Segment 1 : x range 0.0000 -> 1.0012 (1 -> 7421)

Starting search (adiabatic)

Scanning frequencies
  Time elapsed :    25.118 s

Finding roots
  Time elapsed :      4.937 s

Processing modes
   id    l     m    n_pg    n_p    n_g       Re(omega)       Im(omega)        chi n_iter
 1614   15     0    -150      0    150  0.59458488E+00  0.00000000E+00 0.5366E-12      5
 1615   15     0    -149      0    149  0.59849544E+00  0.00000000E+00 0.8140E-12      5
 1616   15     0    -148      0    148  0.60279854E+00  0.00000000E+00 0.7447E-12      5
 1617   15     0    -147      0    147  0.60689615E+00  0.00000000E+00 0.5016E-12      6
 1618   15     0    -146      0    146  0.61062369E+00  0.00000000E+00 0.6611E-12      6
 1619   15     0    -145      0    145  0.61477739E+00  0.00000000E+00 0.3376E-12      6
 1620   15     0    -144      0    144  0.61931987E+00  0.00000000E+00 0.4610E-12      6
 1621   15     0    -143      0    143  0.62361514E+00  0.00000000E+00 0.7040E-12      6
 1622   15     0    -142      0    142  0.62755040E+00  0.00000000E+00 0.3302E-13      6
 1623   15     0    -141      0    141  0.63196769E+00  0.00000000E+00 0.3706E-12      5
 1624   15     0    -140      0    140  0.63675704E+00  0.00000000E+00 0.4301E-13      5
 1625   15     0    -139      0    139  0.64124156E+00  0.00000000E+00 0.6330E-13      5
 1626   15     0    -138      0    138  0.64540640E+00  0.00000000E+00 0.2793E-12      5
 1627   15     0    -137      0    137  0.65013885E+00  0.00000000E+00 0.1565E-12      5
 1628   15     0    -136      0    136  0.65522349E+00  0.00000000E+00 0.5966E-12      6
 1629   15     0    -135      0    135  0.65992450E+00  0.00000000E+00 0.4880E-12      6
 1630   15     0    -134      0    134  0.66430450E+00  0.00000000E+00 0.2236E-12      6
 1631   15     0    -133      0    133  0.66935576E+00  0.00000000E+00 0.1299E-12      5
 1632   15     0    -132      0    132  0.67475938E+00  0.00000000E+00 0.1146E-12      5
 1633   15     0    -131      0    131  0.67971382E+00  0.00000000E+00 0.2636E-12      6
 1634   15     0    -130      0    130  0.68436394E+00  0.00000000E+00 0.1171E-12      6
 1635   15     0    -129      0    129  0.68975668E+00  0.00000000E+00 0.9454E-12      5
 1636   15     0    -128      0    128  0.69547172E+00  0.00000000E+00 0.3049E-12      6
 1637   15     0    -127      0    127  0.70065122E+00  0.00000000E+00 0.3438E-12      6
 1638   15     0    -126      0    126  0.70561402E+00  0.00000000E+00 0.3506E-12      6
 1639   15     0    -125      0    125  0.71141160E+00  0.00000000E+00 0.2521E-12      5
 1640   15     0    -124      0    124  0.71748315E+00  0.00000000E+00 0.3212E-12      6
 1641   15     0    -123      0    123  0.72292132E+00  0.00000000E+00 0.8523E-12      5
 1642   15     0    -122      0    122  0.72820296E+00  0.00000000E+00 0.3360E-12      6
 1643   15     0    -121      0    121  0.73441923E+00  0.00000000E+00 0.8480E-13      5
 1644   15     0    -120      0    120  0.74088999E+00  0.00000000E+00 0.2147E-12      5
 1645   15     0    -119      0    119  0.74664549E+00  0.00000000E+00 0.6107E-12      5
 1646   15     0    -118      0    118  0.75227629E+00  0.00000000E+00 0.1433E-12      6
 1647   15     0    -117      0    117  0.75893406E+00  0.00000000E+00 0.2311E-12      5
 1648   15     0    -116      0    116  0.76583394E+00  0.00000000E+00 0.2589E-12      5
 1649   15     0    -115      0    115  0.77192523E+00  0.00000000E+00 0.6772E-12      5
 1650   15     0    -114      0    114  0.77794291E+00  0.00000000E+00 0.2565E-12      6
 1651   15     0    -113      0    113  0.78509045E+00  0.00000000E+00 0.1687E-12      5
 1652   15     0    -112      0    112  0.79246145E+00  0.00000000E+00 0.4454E-12      6
 1653   15     0    -111      0    111  0.79891484E+00  0.00000000E+00 0.7464E-13      5
 1654   15     0    -110      0    110  0.80532835E+00  0.00000000E+00 0.1674E-12      5
 1655   15     0    -109      0    109  0.81298682E+00  0.00000000E+00 0.3620E-12      5
 1656   15     0    -108      0    108  0.82087705E+00  0.00000000E+00 0.9770E-13      6
 1657   15     0    -107      0    107  0.82777255E+00  0.00000000E+00 0.6085E-12      5
 1658   15     0    -106      0    106  0.83460514E+00  0.00000000E+00 0.2169E-12      6
 1659   15     0    -105      0    105  0.84280181E+00  0.00000000E+00 0.1757E-12      5
 1660   15     0    -104      0    104  0.85129847E+00  0.00000000E+00 0.9029E-13      6
 1661   15     0    -103      0    103  0.85874096E+00  0.00000000E+00 0.1400E-12      5
 1662   15     0    -102      0    102  0.86598741E+00  0.00000000E+00 0.8580E-13      5
 1663   15     0    -101      0    101  0.87475603E+00  0.00000000E+00 0.3508E-13      5
 1664   15     0    -100      0    100  0.88395409E+00  0.00000000E+00 0.5776E-12      5
 1665   15     0     -99      0     99  0.89205945E+00  0.00000000E+00 0.1199E-12      6
 1666   15     0     -98      0     98  0.89976697E+00  0.00000000E+00 0.4208E-13      6
 1667   15     0     -97      0     97  0.90917094E+00  0.00000000E+00 0.4313E-12      5
 1668   15     0     -96      0     96  0.91916701E+00  0.00000000E+00 0.3490E-12      6
 1669   15     0     -95      0     95  0.92803769E+00  0.00000000E+00 0.3460E-12      6
 1670   15     0     -94      0     94  0.93630083E+00  0.00000000E+00 0.2054E-12      6
 1671   15     0     -93      0     93  0.94645298E+00  0.00000000E+00 0.3210E-12      6
 1672   15     0     -92      0     92  0.95737461E+00  0.00000000E+00 0.3297E-12      6
 1673   15     0     -91      0     91  0.96712688E+00  0.00000000E+00 0.1574E-13      6
 1674   15     0     -90      0     90  0.97603592E+00  0.00000000E+00 0.4223E-14      6
 1675   15     0     -89      0     89  0.98704189E+00  0.00000000E+00 0.5844E-13      6
 1676   15     0     -88      0     88  0.99901476E+00  0.00000000E+00 0.1484E-12      6
 1677   15     0     -87      0     87  0.10097911E+01  0.00000000E+00 0.1066E-12      6
 1678   15     0     -86      0     86  0.10194362E+01  0.00000000E+00 0.2931E-13      6
 1679   15     0     -85      0     85  0.10313867E+01  0.00000000E+00 0.8554E-13      6
 1680   15     0     -84      0     84  0.10445554E+01  0.00000000E+00 0.4644E-12      5
 1681   15     0     -83      0     83  0.10564905E+01  0.00000000E+00 0.1543E-12      6
 1682   15     0     -82      0     82  0.10669241E+01  0.00000000E+00 0.7409E-13      6
 1683   15     0     -81      0     81  0.10799506E+01  0.00000000E+00 0.2699E-13      6
 1684   15     0     -80      0     80  0.10944748E+01  0.00000000E+00 0.6004E-12      6
 1685   15     0     -79      0     79  0.11076622E+01  0.00000000E+00 0.9152E-13      6
 1686   15     0     -78      0     78  0.11190182E+01  0.00000000E+00 0.1651E-12      6
 1687   15     0     -77      0     77  0.11333351E+01  0.00000000E+00 0.1944E-12      5
 1688   15     0     -76      0     76  0.11494094E+01  0.00000000E+00 0.2150E-12      6
 1689   15     0     -75      0     75  0.11640350E+01  0.00000000E+00 0.5825E-13      6
 1690   15     0     -74      0     74  0.11764686E+01  0.00000000E+00 0.6693E-13      6
 1691   15     0     -73      0     73  0.11922346E+01  0.00000000E+00 0.1227E-12      6
 1692   15     0     -72      0     72  0.12100266E+01  0.00000000E+00 0.4372E-12      5
 1693   15     0     -71      0     71  0.12261563E+01  0.00000000E+00 0.2189E-12      6
 1694   15     0     -70      0     70  0.12397827E+01  0.00000000E+00 0.5952E-14      6
 1695   15     0     -69      0     69  0.12572895E+01  0.00000000E+00 0.2214E-12      5
 1696   15     0     -68      0     68  0.12770770E+01  0.00000000E+00 0.8655E-13      6
 1697   15     0     -67      0     67  0.12949567E+01  0.00000000E+00 0.7250E-13      6
 1698   15     0     -66      0     66  0.13099141E+01  0.00000000E+00 0.1019E-13      5
 1699   15     0     -65      0     65  0.13294338E+01  0.00000000E+00 0.2024E-12      6
 1700   15     0     -64      0     64  0.13515382E+01  0.00000000E+00 0.1006E-12      6
 1701   15     0     -63      0     63  0.13712137E+01  0.00000000E+00 0.7702E-13      6
 1702   15     0     -62      0     62  0.13877005E+01  0.00000000E+00 0.2518E-13      6
 1703   15     0     -61      0     61  0.14098501E+01  0.00000000E+00 0.2489E-12      6
 1704   15     0     -60      0     60  0.14346351E+01  0.00000000E+00 0.1989E-12      6
 1705   15     0     -59      0     59  0.14560674E+01  0.00000000E+00 0.2497E-13      6
 1706   15     0     -58      0     58  0.14746988E+01  0.00000000E+00 0.2693E-14      6
 1707   15     0     -57      0     57  0.15001516E+01  0.00000000E+00 0.8719E-13      6
 1708   15     0     -56      0     56  0.15280493E+01  0.00000000E+00 0.2342E-12      5
 1709   15     0     -55      0     55  0.15515637E+01  0.00000000E+00 0.9846E-13      6
 1710   15     0     -54      0     54  0.15726221E+01  0.00000000E+00 0.4157E-13      6
 1711   15     0     -53      0     53  0.16017210E+01  0.00000000E+00 0.1076E-12      5
 1712   15     0     -52      0     52  0.16332568E+01  0.00000000E+00 0.9746E-13      6
 1713   15     0     -51      0     51  0.16594519E+01  0.00000000E+00 0.3151E-13      6
 1714   15     0     -50      0     50  0.16836195E+01  0.00000000E+00 0.2104E-13      6
  Time elapsed :      1.247 s

Starting search (non-adiabatic)

Finding roots
  Time elapsed :     81.639 s

Processing modes
   id    l     m    n_pg    n_p    n_g       Re(omega)       Im(omega)        chi n_iter
 1614   15     0    -150      0    150  0.59418800E+00 -0.72495057E-03 0.3499E-12      6
 1615   15     0    -149      0    149  0.59805335E+00 -0.83605071E-03 0.7326E-12      6
 1616   15     0    -148      0    148  0.60237726E+00 -0.85515199E-03 0.3805E-12      8
 1617   15     0    -147      0    147  0.60654565E+00 -0.75388076E-03 0.4028E-12      6
 1618   15     0    -146      0    146  0.61027370E+00 -0.72138628E-03 0.8486E-12      6
 1619   15     0    -145      0    145  0.61439173E+00 -0.83026497E-03 0.7938E-13      7
 1620   15     0    -144      0    144  0.61895790E+00 -0.84056875E-03 0.5027E-12      7
 1621   15     0    -143      0    143  0.62331626E+00 -0.73605599E-03 0.6377E-12      7
 1622   15     0    -142      0    142  0.62724586E+00 -0.71983016E-03 0.8448E-12      6
 1623   15     0    -141      0    141  0.63163732E+00 -0.82549200E-03 0.6554E-12      8
 1624   15     0    -140      0    140  0.63645336E+00 -0.82586896E-03 0.5429E-12      6
 1625   15     0    -139      0    139  0.64099246E+00 -0.71881502E-03 0.1247E-11      6
 1626   15     0    -138      0    138  0.64514472E+00 -0.72661945E-03 0.5301E-12      6
 1627   15     0    -137      0    137  0.64986052E+00 -0.83134321E-03 0.7875E-12      6
 1628   15     0    -136      0    136  0.65497358E+00 -0.82398258E-03 0.2623E-12      6
 1629   15     0    -135      0    135  0.65972275E+00 -0.71007480E-03 0.8851E-12      6
 1630   15     0    -134      0    134  0.66408498E+00 -0.73782929E-03 0.2931E-12      6
 1631   15     0    -133      0    133  0.66912514E+00 -0.84976971E-03 0.4570E-12      7
 1632   15     0    -132      0    132  0.67455674E+00 -0.83813298E-03 0.8652E-12      6
 1633   15     0    -131      0    131  0.67955094E+00 -0.72075165E-03 0.1943E-11      9
 1634   15     0    -130      0    130  0.68418097E+00 -0.76605332E-03 0.4668E-12      8
 1635   15     0    -129      0    129  0.68956863E+00 -0.87990060E-03 0.7809E-12      6
 1636   15     0    -128      0    128  0.69531182E+00 -0.85871170E-03 0.4384E-12      8
 1637   15     0    -127      0    127  0.70052120E+00 -0.73836140E-03 0.5043E-12      6
 1638   15     0    -126      0    126  0.70546161E+00 -0.81280867E-03 0.7596E-12     10
 1639   15     0    -125      0    125  0.71126043E+00 -0.92562895E-03 0.9137E-12      7
 1640   15     0    -124      0    124  0.71736001E+00 -0.89281503E-03 0.8376E-12      7
 1641   15     0    -123      0    123  0.72282011E+00 -0.76527519E-03 0.4688E-12      6
 1642   15     0    -122      0    122  0.72807907E+00 -0.86473028E-03 0.8322E-12      8
 1643   15     0    -121      0    121  0.73430144E+00 -0.98209254E-03 0.7432E-12      7
 1644   15     0    -120      0    120  0.74079934E+00 -0.94300539E-03 0.8184E-12      6
 1645   15     0    -119      0    119  0.74656985E+00 -0.80872504E-03 0.7050E-12      6
 1646   15     0    -118      0    118  0.75217808E+00 -0.93090341E-03 0.7478E-12      7
 1647   15     0    -117      0    117  0.75884483E+00 -0.10598763E-02 0.2959E-12      7
 1648   15     0    -116      0    116  0.76576988E+00 -0.10163302E-02 0.1392E-11      6
 1649   15     0    -115      0    115  0.77186755E+00 -0.87366828E-03 0.1372E-11      7
 1650   15     0    -114      0    114  0.77785919E+00 -0.10266152E-02 0.7715E-12      6
 1651   15     0    -113      0    113  0.78501420E+00 -0.11692687E-02 0.4912E-12      9
 1652   15     0    -112      0    112  0.79240563E+00 -0.11161921E-02 0.1444E-12      7
 1653   15     0    -111      0    111  0.79885615E+00 -0.95366047E-03 0.1111E-11      7
 1654   15     0    -111      0    111  0.80523306E+00 -0.11316078E-02 0.9559E-12      7
 1655   15     0    -109      0    109  0.81289046E+00 -0.12783237E-02 0.9315E-12      6
 1656   15     0    -110      0    110  0.82079453E+00 -0.12051160E-02 0.9518E-12      8
 1657   15     0    -108      0    108  0.82768528E+00 -0.10099292E-02 0.1649E-11      7
 1658   15     0    -107      0    107  0.83447017E+00 -0.11783473E-02 0.8130E-12      9
 1659   15     0    -106      0    106  0.84265803E+00 -0.13081679E-02 0.1808E-11      8
 1660   15     0    -105      0    105  0.85116925E+00 -0.12110351E-02 0.6182E-12      7
 1661   15     0    -104      0    104  0.85862124E+00 -0.97956956E-03 0.1195E-11      7
 1662   15     0    -103      0    103  0.86582165E+00 -0.11056514E-02 0.1259E-11      7
 1663   15     0    -102      0    102  0.87458356E+00 -0.12084379E-02 0.1015E-11      9
 1664   15     0    -101      0    101  0.88380425E+00 -0.10956994E-02 0.5508E-12      8
 1665   15     0    -100      0    100  0.89193757E+00 -0.85213072E-03 0.2279E-11      6
 1666   15     0     -99      0     99  0.89961720E+00 -0.92118224E-03 0.2857E-12      6
 1667   15     0     -98      0     98  0.90902464E+00 -0.98821434E-03 0.8896E-12      7
 1668   15     0     -97      0     97  0.91905015E+00 -0.87160918E-03 0.8472E-12      7
 1669   15     0     -96      0     96  0.92795437E+00 -0.65151840E-03 0.3100E-12      6
 1670   15     0     -95      0     95  0.93621079E+00 -0.67546939E-03 0.4358E-12      6
 1671   15     0     -94      0     94  0.94637427E+00 -0.71202002E-03 0.3186E-12      7
 1672   15     0     -93      0     93  0.95732022E+00 -0.61500073E-03 0.2275E-11      5
 1673   15     0     -92      0     92  0.96709440E+00 -0.44752605E-03 0.2224E-11      6
 1674   15     0     -91      0     91  0.97600551E+00 -0.45138062E-03 0.1379E-11      5
 1675   15     0     -90      0     90  0.98702178E+00 -0.47561680E-03 0.2770E-11      6
 1676   15     0     -89      0     89  0.99900730E+00 -0.40980683E-03 0.1987E-11      6
 1677   15     0     -88      0     88  0.10097912E+01 -0.29509122E-03 0.4622E-11      5
 1678   15     0     -87      0     87  0.10194391E+01 -0.29036152E-03 0.2683E-11      7
 1679   15     0     -86      0     86  0.10313969E+01 -0.30895810E-03 0.1730E-11      6
 1680   15     0     -85      0     85  0.10445701E+01 -0.26699270E-03 0.2494E-11      5
 1681   15     0     -84      0     84  0.10565045E+01 -0.18980965E-03 0.2211E-11      7
 1682   15     0     -83      0     83  0.10669394E+01 -0.18263716E-03 0.4023E-11      5
 1683   15     0     -82      0     82  0.10799711E+01 -0.19739252E-03 0.3979E-11      6
 1684   15     0     -81      0     81  0.10944958E+01 -0.17105506E-03 0.2624E-11      5
 1685   15     0     -80      0     80  0.11076789E+01 -0.12036493E-03 0.5960E-11      7
 1686   15     0     -79      0     79  0.11190353E+01 -0.11504825E-03 0.4926E-11      5
 1687   15     0     -78      0     78  0.11333560E+01 -0.12582509E-03 0.1214E-10      6
 1688   15     0     -77      0     77  0.11494293E+01 -0.10931329E-03 0.1570E-10      5
 1689   15     0     -76      0     76  0.11640499E+01 -0.76581619E-04 0.6745E-11      5
 1690   15     0     -75      0     75  0.11764834E+01 -0.72719331E-04 0.2294E-10      5
 1691   15     0     -74      0     74  0.11922522E+01 -0.80834942E-04 0.2111E-10      6
 1692   15     0     -73      0     73  0.12100430E+01 -0.70953112E-04 0.1708E-10      8
 1693   15     0     -72      0     72  0.12261684E+01 -0.49706180E-04 0.2900E-10      5
 1694   15     0     -71      0     71  0.12397947E+01 -0.48086273E-04 0.2200E-10      6
 1695   15     0     -70      0     70  0.12573036E+01 -0.54265803E-04 0.1562E-10      7
 1696   15     0     -69      0     69  0.12770899E+01 -0.47889861E-04 0.2466E-10      5
 1697   15     0     -68      0     68  0.12949659E+01 -0.33150958E-04 0.3278E-10      5
 1698   15     0     -67      0     67  0.13099232E+01 -0.32182191E-04 0.4455E-10      6
 1699   15     0     -66      0     66  0.13294443E+01 -0.36302609E-04 0.7325E-10      4
 1700   15     0     -65      0     65  0.13515476E+01 -0.31491969E-04 0.3982E-10      7
 1701   15     0     -64      0     64  0.13712200E+01 -0.20975858E-04 0.2169E-10      6
 1702   15     0     -63      0     63  0.13877070E+01 -0.21174731E-04 0.3904E-10      6
 1703   15     0     -62      0     62  0.14098575E+01 -0.23573020E-04 0.8486E-10      5
 1704   15     0     -61      0     61  0.14346415E+01 -0.20008703E-04 0.8064E-10      4
 1705   15     0     -60      0     60  0.14560716E+01 -0.12990595E-04 0.1495E-09      5
 1706   15     0     -59      0     59  0.14747034E+01 -0.14161547E-04 0.5107E-10      5
 1707   15     0     -58      0     58  0.15001567E+01 -0.15316334E-04 0.1964E-09      5
 1708   15     0     -57      0     57  0.15280536E+01 -0.12779720E-04 0.6720E-10      6
 1709   15     0     -56      0     56  0.15515664E+01 -0.81176362E-05 0.3303E-09      4
 1710   15     0     -55      0     55  0.15726253E+01 -0.92899798E-05 0.2039E-09      4
 1711   15     0     -54      0     54  0.16017245E+01 -0.96878333E-05 0.4396E-09      6
 1712   15     0     -53      0     53  0.16332597E+01 -0.78036195E-05 0.1608E-09      5
 1713   15     0     -52      0     52  0.16594537E+01 -0.48326466E-05 0.2228E-09      5
 1714   15     0     -51      0     51  0.16836217E+01 -0.56395492E-05 0.2149E-09      5
  Time elapsed :      4.675 s

