gyre [9.1.1]
------------

OpenMP Threads   : 12
Input filename   : gyre_nad_wide_hi.in

Model Init
----------

Reading from MESA file
   File name ../mesa/LOGS/profile331.data.GYRE
   File version 1.01
   Read 7137 points
   No need to add central point

Mode Search
-----------

Mode parameters
   l : 16
   m : 0

Building frequency grid (REAL axis)
   added scan interval :  0.5234E+00 ->  0.2094E+01 (3000 points, INVERSE)

Building spatial grid
   Scaffold grid from model
   Split 266 subinterval(s) in iteration 1
   Split 25 subinterval(s) in iteration 2
   Split 0 subinterval(s) in iteration 3
   Final grid has 1 segment(s) and 7428 point(s):
      Segment 1 : x range 0.0000 -> 1.0012 (1 -> 7428)

Starting search (adiabatic)

Scanning frequencies
  Time elapsed :    17.693 s

Finding roots
  Time elapsed :      4.585 s

Processing modes
   id    l     m    n_pg    n_p    n_g       Re(omega)       Im(omega)        chi n_iter
   22   16     0    -160      0    160  0.59376584E+00  0.00000000E+00 0.2724E-12      5
   23   16     0    -159      0    159  0.59753475E+00  0.00000000E+00 0.7585E-13      6
   24   16     0    -158      0    158  0.60097415E+00  0.00000000E+00 0.2548E-12      5
   25   16     0    -157      0    157  0.60469502E+00  0.00000000E+00 0.4733E-12      6
   26   16     0    -156      0    156  0.60879126E+00  0.00000000E+00 0.2745E-12      5
   27   16     0    -155      0    155  0.61274109E+00  0.00000000E+00 0.2288E-12      6
   28   16     0    -154      0    154  0.61632310E+00  0.00000000E+00 0.3269E-12      5
   29   16     0    -153      0    153  0.62024777E+00  0.00000000E+00 0.3673E-12      6
   30   16     0    -152      0    152  0.62458677E+00  0.00000000E+00 0.9965E-13      5
   31   16     0    -151      0    151  0.62876519E+00  0.00000000E+00 0.4088E-12      6
   32   16     0    -150      0    150  0.63252594E+00  0.00000000E+00 0.8913E-13      5
   33   16     0    -149      0    149  0.63664492E+00  0.00000000E+00 0.1282E-13      6
   34   16     0    -148      0    148  0.64121054E+00  0.00000000E+00 0.6579E-12      5
   35   16     0    -147      0    147  0.64559528E+00  0.00000000E+00 0.2098E-12      5
   36   16     0    -146      0    146  0.64956021E+00  0.00000000E+00 0.8905E-13      6
   37   16     0    -145      0    145  0.65393496E+00  0.00000000E+00 0.1528E-12      6
   38   16     0    -144      0    144  0.65875598E+00  0.00000000E+00 0.4192E-12      6
   39   16     0    -143      0    143  0.66335360E+00  0.00000000E+00 0.3283E-12      6
   40   16     0    -142      0    142  0.66753508E+00  0.00000000E+00 0.1345E-13      6
   41   16     0    -141      0    141  0.67218737E+00  0.00000000E+00 0.9701E-13      5
   42   16     0    -140      0    140  0.67727304E+00  0.00000000E+00 0.7358E-14      6
   43   16     0    -139      0    139  0.68207574E+00  0.00000000E+00 0.1069E-12      6
   44   16     0    -138      0    138  0.68649433E+00  0.00000000E+00 0.6745E-12      5
   45   16     0    -137      0    137  0.69147828E+00  0.00000000E+00 0.1653E-12      5
   46   16     0    -136      0    136  0.69687982E+00  0.00000000E+00 0.2011E-12      6
   47   16     0    -135      0    135  0.70191804E+00  0.00000000E+00 0.5472E-12      5
   48   16     0    -134      0    134  0.70655825E+00  0.00000000E+00 0.2009E-12      6
   49   16     0    -133      0    133  0.71187561E+00  0.00000000E+00 0.6971E-12      5
   50   16     0    -132      0    132  0.71761854E+00  0.00000000E+00 0.8920E-14      6
   51   16     0    -131      0    131  0.72293134E+00  0.00000000E+00 0.4832E-12      6
   52   16     0    -130      0    130  0.72785083E+00  0.00000000E+00 0.5507E-12      6
   53   16     0    -129      0    129  0.73352640E+00  0.00000000E+00 0.3547E-12      5
   54   16     0    -128      0    128  0.73960446E+00  0.00000000E+00 0.7220E-13      5
   55   16     0    -127      0    127  0.74516168E+00  0.00000000E+00 0.2173E-12      5
   56   16     0    -126      0    126  0.75040072E+00  0.00000000E+00 0.3571E-13      6
   57   16     0    -125      0    125  0.75650337E+00  0.00000000E+00 0.4217E-12      5
   58   16     0    -124      0    124  0.76296562E+00  0.00000000E+00 0.2835E-12      6
   59   16     0    -123      0    123  0.76880481E+00  0.00000000E+00 0.1185E-12      6
   60   16     0    -122      0    122  0.77437007E+00  0.00000000E+00 0.3974E-13      5
   61   16     0    -121      0    121  0.78091244E+00  0.00000000E+00 0.5144E-12      5
   62   16     0    -120      0    120  0.78780363E+00  0.00000000E+00 0.2294E-12      6
   63   16     0    -119      0    119  0.79398889E+00  0.00000000E+00 0.5308E-12      5
   64   16     0    -118      0    118  0.79991271E+00  0.00000000E+00 0.1790E-12      6
   65   16     0    -117      0    117  0.80691578E+00  0.00000000E+00 0.2624E-12      5
   66   16     0    -116      0    116  0.81426795E+00  0.00000000E+00 0.2857E-12      6
   67   16     0    -115      0    115  0.82082097E+00  0.00000000E+00 0.1584E-12      5
   68   16     0    -114      0    114  0.82713877E+00  0.00000000E+00 0.1430E-12      6
   69   16     0    -113      0    113  0.83465143E+00  0.00000000E+00 0.1235E-12      5
   70   16     0    -112      0    112  0.84250961E+00  0.00000000E+00 0.1828E-12      6
   71   16     0    -111      0    111  0.84946163E+00  0.00000000E+00 0.1632E-12      5
   72   16     0    -110      0    110  0.85618056E+00  0.00000000E+00 0.1227E-12      6
   73   16     0    -109      0    109  0.86422238E+00  0.00000000E+00 0.1887E-13      5
   74   16     0    -108      0    108  0.87263614E+00  0.00000000E+00 0.6087E-13      6
   75   16     0    -107      0    107  0.88007575E+00  0.00000000E+00 0.4154E-12      6
   76   16     0    -106      0    106  0.88722445E+00  0.00000000E+00 0.1876E-12      6
   77   16     0    -105      0    105  0.89581780E+00  0.00000000E+00 0.1975E-12      5
   78   16     0    -104      0    104  0.90487288E+00  0.00000000E+00 0.8707E-13      6
   79   16     0    -103      0    103  0.91291773E+00  0.00000000E+00 0.1705E-12      5
   80   16     0    -102      0    102  0.92049604E+00  0.00000000E+00 0.1760E-13      6
   81   16     0    -101      0    101  0.92966492E+00  0.00000000E+00 0.2597E-12      6
   82   16     0    -100      0    100  0.93945542E+00  0.00000000E+00 0.4516E-13      5
   83   16     0     -99      0     99  0.94823281E+00  0.00000000E+00 0.3021E-12      6
   84   16     0     -98      0     98  0.95629782E+00  0.00000000E+00 0.2122E-12      6
   85   16     0     -97      0     97  0.96610082E+00  0.00000000E+00 0.2532E-14      6
   86   16     0     -96      0     96  0.97672801E+00  0.00000000E+00 0.1579E-12      5
   87   16     0     -95      0     95  0.98635032E+00  0.00000000E+00 0.9478E-13      5
   88   16     0     -94      0     94  0.99500836E+00  0.00000000E+00 0.2119E-12      6
   89   16     0     -93      0     93  0.10055622E+01  0.00000000E+00 0.3842E-12      6
   90   16     0     -92      0     92  0.10171598E+01  0.00000000E+00 0.1642E-12      5
   91   16     0     -91      0     91  0.10277499E+01  0.00000000E+00 0.1050E-12      6
   92   16     0     -90      0     90  0.10370988E+01  0.00000000E+00 0.1648E-12      6
   93   16     0     -89      0     89  0.10485060E+01  0.00000000E+00 0.5083E-13      6
   94   16     0     -88      0     88  0.10611993E+01  0.00000000E+00 0.5535E-13      6
   95   16     0     -87      0     87  0.10729060E+01  0.00000000E+00 0.1145E-12      5
   96   16     0     -86      0     86  0.10830496E+01  0.00000000E+00 0.4357E-13      6
   97   16     0     -85      0     85  0.10953924E+01  0.00000000E+00 0.3075E-12      6
   98   16     0     -84      0     84  0.11093279E+01  0.00000000E+00 0.1922E-12      5
   99   16     0     -83      0     83  0.11223016E+01  0.00000000E+00 0.2080E-12      6
  100   16     0     -82      0     82  0.11333012E+01  0.00000000E+00 0.7775E-13      5
  101   16     0     -81      0     81  0.11467034E+01  0.00000000E+00 0.1103E-12      6
  102   16     0     -80      0     80  0.11620496E+01  0.00000000E+00 0.6223E-13      6
  103   16     0     -79      0     79  0.11763954E+01  0.00000000E+00 0.1625E-12      6
  104   16     0     -78      0     78  0.11883761E+01  0.00000000E+00 0.8165E-13      6
  105   16     0     -77      0     77  0.12030596E+01  0.00000000E+00 0.2350E-12      6
  106   16     0     -76      0     76  0.12200229E+01  0.00000000E+00 0.1222E-12      6
  107   16     0     -75      0     75  0.12359326E+01  0.00000000E+00 0.2180E-12      6
  108   16     0     -74      0     74  0.12490581E+01  0.00000000E+00 0.1375E-12      6
  109   16     0     -73      0     73  0.12651820E+01  0.00000000E+00 0.2431E-12      6
  110   16     0     -72      0     72  0.12839287E+01  0.00000000E+00 0.2387E-13      6
  111   16     0     -71      0     71  0.13014710E+01  0.00000000E+00 0.4856E-13      6
  112   16     0     -70      0     70  0.13158201E+01  0.00000000E+00 0.6624E-14      6
  113   16     0     -69      0     69  0.13336763E+01  0.00000000E+00 0.7408E-13      6
  114   16     0     -68      0     68  0.13544942E+01  0.00000000E+00 0.9100E-13      6
  115   16     0     -67      0     67  0.13739424E+01  0.00000000E+00 0.1379E-12      6
  116   16     0     -66      0     66  0.13896622E+01  0.00000000E+00 0.1543E-12      6
  117   16     0     -65      0     65  0.14095259E+01  0.00000000E+00 0.6976E-13      6
  118   16     0     -64      0     64  0.14327700E+01  0.00000000E+00 0.4229E-13      5
  119   16     0     -63      0     63  0.14542125E+01  0.00000000E+00 0.2217E-12      6
  120   16     0     -62      0     62  0.14714174E+01  0.00000000E+00 0.1243E-12      6
  121   16     0     -61      0     61  0.14939548E+01  0.00000000E+00 0.5926E-13      6
  122   16     0     -60      0     60  0.15200441E+01  0.00000000E+00 0.8993E-13      6
  123   16     0     -59      0     59  0.15435136E+01  0.00000000E+00 0.4370E-13      6
  124   16     0     -58      0     58  0.15627162E+01  0.00000000E+00 0.8668E-14      6
  125   16     0     -57      0     57  0.15885917E+01  0.00000000E+00 0.2538E-13      6
  126   16     0     -56      0     56  0.16179655E+01  0.00000000E+00 0.1886E-12      6
  127   16     0     -55      0     55  0.16439251E+01  0.00000000E+00 0.1183E-12      6
  128   16     0     -54      0     54  0.16653606E+01  0.00000000E+00 0.6287E-13      5
  129   16     0     -53      0     53  0.16948188E+01  0.00000000E+00 0.5780E-13      6
  Time elapsed :      1.109 s

Starting search (non-adiabatic)

Finding roots
  Time elapsed :     79.690 s

Processing modes
   id    l     m    n_pg    n_p    n_g       Re(omega)       Im(omega)        chi n_iter
   22   16     0    -160      0    160  0.59314432E+00 -0.97200368E-03 0.3318E-12      7
   23   16     0    -159      0    159  0.59700220E+00 -0.87729824E-03 0.5931E-12      7
   24   16     0    -158      0    158  0.60046614E+00 -0.80570115E-03 0.2225E-12      7
   25   16     0    -157      0    157  0.60413273E+00 -0.90739053E-03 0.2316E-12      7
   26   16     0    -156      0    156  0.60824729E+00 -0.93657473E-03 0.7435E-12      7
   27   16     0    -155      0    155  0.61228234E+00 -0.83690383E-03 0.7414E-12      6
   28   16     0    -154      0    154  0.61588034E+00 -0.77595676E-03 0.3302E-12      6
   29   16     0    -153      0    153  0.61975473E+00 -0.88823215E-03 0.5653E-12      7
   30   16     0    -152      0    152  0.62411214E+00 -0.91648150E-03 0.1085E-11      6
   31   16     0    -151      0    151  0.62836812E+00 -0.81633062E-03 0.7789E-12      6
   32   16     0    -150      0    150  0.63214316E+00 -0.75598884E-03 0.5467E-12      9
   33   16     0    -149      0    149  0.63621732E+00 -0.87049242E-03 0.5824E-12      6
   34   16     0    -148      0    148  0.64080154E+00 -0.89632538E-03 0.6117E-12      8
   35   16     0    -147      0    147  0.64525523E+00 -0.79432591E-03 0.3066E-12      6
   36   16     0    -146      0    146  0.64922646E+00 -0.74846866E-03 0.8386E-12      6
   37   16     0    -145      0    145  0.65356614E+00 -0.86113511E-03 0.2125E-12      6
   38   16     0    -144      0    144  0.65840885E+00 -0.87789184E-03 0.2123E-12      6
   39   16     0    -143      0    143  0.66306786E+00 -0.77236631E-03 0.4148E-12      7
   40   16     0    -142      0    142  0.66724892E+00 -0.74298660E-03 0.2493E-12      8
   41   16     0    -141      0    141  0.67187611E+00 -0.85303111E-03 0.4150E-12      6
   42   16     0    -140      0    140  0.67698654E+00 -0.85973375E-03 0.8777E-12      8
   43   16     0    -139      0    139  0.68184239E+00 -0.75113561E-03 0.5163E-12      7
   44   16     0    -138      0    138  0.68625322E+00 -0.74609488E-03 0.3437E-12      6
   45   16     0    -137      0    137  0.69122141E+00 -0.85619270E-03 0.4144E-12      6
   46   16     0    -136      0    136  0.69664945E+00 -0.85533320E-03 0.1369E-12      8
   47   16     0    -135      0    135  0.70173430E+00 -0.73958065E-03 0.5200E-12      7
   48   16     0    -134      0    134  0.70636128E+00 -0.75384029E-03 0.3286E-12      7
   49   16     0    -133      0    133  0.71166874E+00 -0.87244948E-03 0.1170E-11      8
   50   16     0    -132      0    132  0.71743783E+00 -0.86781656E-03 0.1119E-11      8
   51   16     0    -131      0    131  0.72278899E+00 -0.74795515E-03 0.1072E-11      8
   52   16     0    -130      0    130  0.72769260E+00 -0.77906738E-03 0.4347E-12      7
   53   16     0    -129      0    129  0.73336465E+00 -0.90058033E-03 0.1285E-11      6
   54   16     0    -128      0    128  0.73946898E+00 -0.88717614E-03 0.1759E-12      7
   55   16     0    -127      0    127  0.74505505E+00 -0.76276391E-03 0.2392E-12      7
   56   16     0    -126      0    126  0.75027576E+00 -0.82306032E-03 0.1217E-11      8
   57   16     0    -125      0    125  0.75638169E+00 -0.94472932E-03 0.9315E-12      6
   58   16     0    -124      0    124  0.76287000E+00 -0.92049650E-03 0.9061E-12      7
   59   16     0    -123      0    123  0.76873023E+00 -0.78736101E-03 0.1883E-11      6
   60   16     0    -122      0    122  0.77427691E+00 -0.87211067E-03 0.3554E-12      6
   61   16     0    -121      0    121  0.78082814E+00 -0.99999520E-03 0.3575E-13      6
   62   16     0    -120      0    120  0.78774455E+00 -0.97113667E-03 0.1048E-11      7
   63   16     0    -119      0    119  0.79394389E+00 -0.83020026E-03 0.9492E-12      6
   64   16     0    -118      0    118  0.79984933E+00 -0.93637115E-03 0.2520E-12      6
   65   16     0    -117      0    117  0.80686507E+00 -0.10782879E-02 0.3024E-12      7
   66   16     0    -116      0    116  0.81424048E+00 -0.10476720E-02 0.1028E-11      6
   67   16     0    -115      0    115  0.82079903E+00 -0.89639833E-03 0.1870E-11      6
   68   16     0    -114      0    114  0.82709531E+00 -0.10315879E-02 0.1110E-11      7
   69   16     0    -113      0    113  0.83462021E+00 -0.11906514E-02 0.1952E-12      6
   70   16     0    -112      0    112  0.84249647E+00 -0.11537862E-02 0.8134E-12      7
   71   16     0    -111      0    111  0.84944461E+00 -0.97989330E-03 0.1535E-11      7
   72   16     0    -110      0    110  0.85613192E+00 -0.11372877E-02 0.3968E-12      8
   73   16     0    -109      0    109  0.86417804E+00 -0.13044670E-02 0.8945E-12      8
   74   16     0    -110      0    110  0.87260201E+00 -0.12501895E-02 0.3650E-12      7
   75   16     0    -108      0    108  0.88003491E+00 -0.10420031E-02 0.3694E-12      8
   76   16     0    -107      0    107  0.88714099E+00 -0.11861077E-02 0.1311E-11      6
   77   16     0    -106      0    106  0.89572967E+00 -0.13398811E-02 0.3957E-12      7
   78   16     0    -105      0    105  0.90479336E+00 -0.12628373E-02 0.1171E-11      7
   79   16     0    -104      0    104  0.91284328E+00 -0.10191719E-02 0.9096E-12      8
   80   16     0    -103      0    103  0.92038000E+00 -0.11150163E-02 0.8789E-12      7
   81   16     0    -102      0    102  0.92954380E+00 -0.12419911E-02 0.9669E-12      7
   82   16     0    -101      0    101  0.93934957E+00 -0.11465424E-02 0.8709E-12      7
   83   16     0    -100      0    100  0.94814857E+00 -0.89207896E-03 0.2008E-11      6
   84   16     0     -99      0     99  0.95618968E+00 -0.92541582E-03 0.1074E-11      9
   85   16     0     -98      0     98  0.96599631E+00 -0.10120227E-02 0.9243E-12      7
   86   16     0     -97      0     97  0.97664654E+00 -0.90782921E-03 0.3595E-12      7
   87   16     0     -96      0     96  0.98629570E+00 -0.68003802E-03 0.1836E-11      6
   88   16     0     -95      0     95  0.99494967E+00 -0.67047767E-03 0.2039E-11      7
   89   16     0     -94      0     94  0.10055147E+01 -0.72154408E-03 0.1429E-11      7
   90   16     0     -93      0     93  0.10171319E+01 -0.63433585E-03 0.1220E-11      6
   91   16     0     -92      0     92  0.10277379E+01 -0.46431144E-03 0.2497E-11      5
   92   16     0     -91      0     91  0.10370891E+01 -0.44222064E-03 0.1621E-11      6
   93   16     0     -90      0     90  0.10485069E+01 -0.47672587E-03 0.4384E-11      5
   94   16     0     -89      0     89  0.10612100E+01 -0.41852743E-03 0.9841E-12      6
   95   16     0     -88      0     88  0.10729199E+01 -0.30454788E-03 0.3532E-11      5
   96   16     0     -87      0     87  0.10830649E+01 -0.28075378E-03 0.3217E-12      6
   97   16     0     -86      0     86  0.10954157E+01 -0.30591933E-03 0.3789E-11      5
   98   16     0     -85      0     85  0.11093543E+01 -0.26963749E-03 0.5233E-11      6
   99   16     0     -84      0     84  0.11223244E+01 -0.19484682E-03 0.1482E-11      6
  100   16     0     -83      0     83  0.11333234E+01 -0.17411169E-03 0.8443E-12      5
  101   16     0     -82      0     82  0.11467316E+01 -0.19322825E-03 0.6813E-11      6
  102   16     0     -81      0     81  0.11620778E+01 -0.17115681E-03 0.4566E-11      6
  103   16     0     -80      0     80  0.11764177E+01 -0.12297586E-03 0.2923E-11      5
  104   16     0     -79      0     79  0.11883968E+01 -0.10832844E-03 0.1965E-10      5
  105   16     0     -78      0     78  0.12030848E+01 -0.12202249E-03 0.1051E-10      6
  106   16     0     -77      0     77  0.12200471E+01 -0.10853676E-03 0.1545E-10      6
  107   16     0     -76      0     76  0.12359510E+01 -0.77989475E-04 0.9268E-11      6
  108   16     0     -75      0     75  0.12490748E+01 -0.67999189E-04 0.1091E-10      5
  109   16     0     -74      0     74  0.12652021E+01 -0.78134559E-04 0.9445E-11      6
  110   16     0     -73      0     73  0.12839477E+01 -0.70434652E-04 0.1647E-10      6
  111   16     0     -72      0     72  0.13014853E+01 -0.50791337E-04 0.2245E-10      6
  112   16     0     -71      0     71  0.13158330E+01 -0.44888207E-04 0.3423E-10      7
  113   16     0     -70      0     70  0.13336919E+01 -0.52454329E-04 0.2158E-10      6
  114   16     0     -69      0     69  0.13545087E+01 -0.47450639E-04 0.2293E-10      6
  115   16     0     -68      0     68  0.13739530E+01 -0.33817768E-04 0.4730E-10      4
  116   16     0     -67      0     67  0.13896717E+01 -0.29742607E-04 0.5710E-10      5
  117   16     0     -66      0     66  0.14095373E+01 -0.34849532E-04 0.6818E-10      5
  118   16     0     -65      0     65  0.14327804E+01 -0.31028493E-04 0.2746E-10      4
  119   16     0     -64      0     64  0.14542197E+01 -0.21316618E-04 0.1046E-09      4
  120   16     0     -63      0     63  0.14714241E+01 -0.19428639E-04 0.6911E-10      4
  121   16     0     -62      0     62  0.14939627E+01 -0.22674739E-04 0.1133E-10      6
  122   16     0     -61      0     61  0.15200511E+01 -0.19856127E-04 0.7921E-10      6
  123   16     0     -60      0     60  0.15435184E+01 -0.13272460E-04 0.3650E-10      4
  124   16     0     -59      0     59  0.15627209E+01 -0.13057682E-04 0.1738E-10      5
  125   16     0     -58      0     58  0.15885971E+01 -0.14902019E-04 0.1734E-09      5
  126   16     0     -57      0     57  0.16179703E+01 -0.12873021E-04 0.9455E-10      6
  127   16     0     -56      0     56  0.16439282E+01 -0.83873850E-05 0.1827E-09      5
  128   16     0     -55      0     55  0.16653639E+01 -0.85333709E-05 0.4739E-10      5
  129   16     0     -54      0     54  0.16948225E+01 -0.94611935E-05 0.2370E-09      5
  Time elapsed :      4.058 s

Mode Search
-----------

Mode parameters
   l : 17
   m : 0

Building frequency grid (REAL axis)
   added scan interval :  0.5234E+00 ->  0.2094E+01 (3000 points, INVERSE)

Building spatial grid
   Scaffold grid from model
   Split 270 subinterval(s) in iteration 1
   Split 26 subinterval(s) in iteration 2
   Split 0 subinterval(s) in iteration 3
   Final grid has 1 segment(s) and 7433 point(s):
      Segment 1 : x range 0.0000 -> 1.0012 (1 -> 7433)

Starting search (adiabatic)

Scanning frequencies
  Time elapsed :    23.846 s

Finding roots
  Time elapsed :      5.320 s

Processing modes
   id    l     m    n_pg    n_p    n_g       Re(omega)       Im(omega)        chi n_iter
  163   17     0    -170      0    170  0.59274048E+00  0.00000000E+00 0.2993E-12      5
  164   17     0    -169      0    169  0.59608660E+00  0.00000000E+00 0.1250E-12      6
  165   17     0    -168      0    168  0.59976255E+00  0.00000000E+00 0.2979E-12      5
  166   17     0    -167      0    167  0.60341428E+00  0.00000000E+00 0.1701E-12      6
  167   17     0    -166      0    166  0.60679214E+00  0.00000000E+00 0.6632E-12      5
  168   17     0    -165      0    165  0.61032413E+00  0.00000000E+00 0.2980E-12      6
  169   17     0    -164      0    164  0.61420279E+00  0.00000000E+00 0.6221E-12      5
  170   17     0    -163      0    163  0.61801851E+00  0.00000000E+00 0.2090E-12      6
  171   17     0    -162      0    162  0.62151130E+00  0.00000000E+00 0.2308E-12      5
  172   17     0    -161      0    161  0.62522203E+00  0.00000000E+00 0.4231E-13      6
  173   17     0    -160      0    160  0.62932378E+00  0.00000000E+00 0.4747E-12      5
  174   17     0    -159      0    159  0.63333746E+00  0.00000000E+00 0.8097E-13      6
  175   17     0    -158      0    158  0.63699017E+00  0.00000000E+00 0.2741E-13      5
  176   17     0    -157      0    157  0.64089787E+00  0.00000000E+00 0.1475E-12      6
  177   17     0    -156      0    156  0.64522469E+00  0.00000000E+00 0.4045E-12      5
  178   17     0    -155      0    155  0.64943343E+00  0.00000000E+00 0.2317E-12      6
  179   17     0    -154      0    154  0.65323684E+00  0.00000000E+00 0.2304E-12      5
  180   17     0    -153      0    153  0.65735518E+00  0.00000000E+00 0.5035E-13      5
  181   17     0    -152      0    152  0.66193802E+00  0.00000000E+00 0.6644E-13      5
  182   17     0    -151      0    151  0.66639129E+00  0.00000000E+00 0.2727E-12      6
  183   17     0    -150      0    150  0.67038537E+00  0.00000000E+00 0.4041E-12      5
  184   17     0    -149      0    149  0.67470458E+00  0.00000000E+00 0.2571E-12      6
  185   17     0    -148      0    148  0.67952635E+00  0.00000000E+00 0.3828E-12      5
  186   17     0    -147      0    147  0.68420095E+00  0.00000000E+00 0.1228E-12      6
  187   17     0    -146      0    146  0.68840868E+00  0.00000000E+00 0.4288E-12      6
  188   17     0    -145      0    145  0.69299500E+00  0.00000000E+00 0.2285E-12      6
  189   17     0    -144      0    144  0.69808794E+00  0.00000000E+00 0.7518E-13      6
  190   17     0    -143      0    143  0.70299100E+00  0.00000000E+00 0.1572E-12      6
  191   17     0    -142      0    142  0.70742330E+00  0.00000000E+00 0.2817E-12      6
  192   17     0    -141      0    141  0.71230012E+00  0.00000000E+00 0.6295E-12      6
  193   17     0    -140      0    140  0.71767550E+00  0.00000000E+00 0.3405E-12      6
  194   17     0    -139      0    139  0.72279994E+00  0.00000000E+00 0.1049E-12      6
  195   17     0    -138      0    138  0.72747576E+00  0.00000000E+00 0.1989E-14      5
  196   17     0    -137      0    137  0.73269978E+00  0.00000000E+00 0.2355E-12      6
  197   17     0    -136      0    136  0.73841167E+00  0.00000000E+00 0.5272E-12      6
  198   17     0    -135      0    135  0.74379141E+00  0.00000000E+00 0.2985E-12      5
  199   17     0    -134      0    134  0.74869493E+00  0.00000000E+00 0.1818E-12      6
  200   17     0    -133      0    133  0.75426553E+00  0.00000000E+00 0.1763E-12      5
  201   17     0    -132      0    132  0.76034122E+00  0.00000000E+00 0.1944E-12      6
  202   17     0    -131      0    131  0.76601802E+00  0.00000000E+00 0.1036E-12      6
  203   17     0    -130      0    130  0.77120973E+00  0.00000000E+00 0.1147E-12      5
  204   17     0    -129      0    129  0.77715377E+00  0.00000000E+00 0.2549E-12      6
  205   17     0    -128      0    128  0.78358855E+00  0.00000000E+00 0.2478E-12      6
  206   17     0    -127      0    127  0.78953160E+00  0.00000000E+00 0.1833E-12      5
  207   17     0    -126      0    126  0.79504816E+00  0.00000000E+00 0.1360E-12      6
  208   17     0    -125      0    125  0.80143953E+00  0.00000000E+00 0.2350E-13      6
  209   17     0    -124      0    124  0.80828671E+00  0.00000000E+00 0.1426E-12      6
  210   17     0    -123      0    123  0.81453828E+00  0.00000000E+00 0.1233E-12      6
  211   17     0    -122      0    122  0.82038681E+00  0.00000000E+00 0.7942E-13      6
  212   17     0    -121      0    121  0.82723585E+00  0.00000000E+00 0.3593E-12      5
  213   17     0    -120      0    120  0.83454155E+00  0.00000000E+00 0.1492E-12      5
  214   17     0    -119      0    119  0.84117128E+00  0.00000000E+00 0.8974E-13      6
  215   17     0    -118      0    118  0.84738655E+00  0.00000000E+00 0.1116E-13      5
  216   17     0    -117      0    117  0.85471133E+00  0.00000000E+00 0.1663E-12      5
  217   17     0    -116      0    116  0.86250892E+00  0.00000000E+00 0.6036E-13      6
  218   17     0    -115      0    115  0.86954203E+00  0.00000000E+00 0.1108E-12      5
  219   17     0    -114      0    114  0.87615693E+00  0.00000000E+00 0.2074E-12      5
  220   17     0    -113      0    113  0.88400624E+00  0.00000000E+00 0.1163E-12      5
  221   17     0    -112      0    112  0.89234310E+00  0.00000000E+00 0.1987E-12      6
  222   17     0    -111      0    111  0.89981608E+00  0.00000000E+00 0.2620E-12      5
  223   17     0    -110      0    110  0.90683701E+00  0.00000000E+00 0.6454E-13      6
  224   17     0    -109      0    109  0.91522830E+00  0.00000000E+00 0.2853E-13      5
  225   17     0    -108      0    108  0.92415458E+00  0.00000000E+00 0.4454E-12      5
  226   17     0    -107      0    107  0.93216376E+00  0.00000000E+00 0.1488E-12      6
  227   17     0    -106      0    106  0.93962807E+00  0.00000000E+00 0.3297E-12      6
  228   17     0    -105      0    105  0.94857768E+00  0.00000000E+00 0.2618E-13      6
  229   17     0    -104      0    104  0.95817564E+00  0.00000000E+00 0.8025E-13      6
  230   17     0    -103      0    103  0.96684965E+00  0.00000000E+00 0.3359E-12      5
  231   17     0    -102      0    102  0.97476737E+00  0.00000000E+00 0.1359E-12      6
  232   17     0    -101      0    101  0.98428707E+00  0.00000000E+00 0.4548E-14      6
  233   17     0    -100      0    100  0.99464794E+00  0.00000000E+00 0.1803E-13      6
  234   17     0     -99      0     99  0.10041238E+01  0.00000000E+00 0.4679E-12      6
  235   17     0     -98      0     98  0.10125676E+01  0.00000000E+00 0.4053E-14      6
  236   17     0     -97      0     97  0.10227096E+01  0.00000000E+00 0.2249E-13      6
  237   17     0     -96      0     96  0.10339387E+01  0.00000000E+00 0.8107E-13      6
  238   17     0     -95      0     95  0.10443384E+01  0.00000000E+00 0.4589E-13      6
  239   17     0     -94      0     94  0.10534291E+01  0.00000000E+00 0.1039E-12      5
  240   17     0     -93      0     93  0.10643130E+01  0.00000000E+00 0.3136E-12      6
  241   17     0     -92      0     92  0.10765490E+01  0.00000000E+00 0.8931E-13      6
  242   17     0     -91      0     91  0.10880001E+01  0.00000000E+00 0.1596E-12      6
  243   17     0     -90      0     90  0.10978445E+01  0.00000000E+00 0.1041E-12      6
  244   17     0     -89      0     89  0.11095678E+01  0.00000000E+00 0.3512E-12      6
  245   17     0     -88      0     88  0.11229333E+01  0.00000000E+00 0.4577E-13      5
  246   17     0     -87      0     87  0.11355879E+01  0.00000000E+00 0.1627E-12      6
  247   17     0     -86      0     86  0.11463091E+01  0.00000000E+00 0.1661E-12      5
  248   17     0     -85      0     85  0.11589446E+01  0.00000000E+00 0.8117E-13      6
  249   17     0     -84      0     84  0.11735854E+01  0.00000000E+00 0.2725E-12      6
  250   17     0     -83      0     83  0.11876069E+01  0.00000000E+00 0.2700E-12      6
  251   17     0     -82      0     82  0.11992803E+01  0.00000000E+00 0.3144E-12      6
  252   17     0     -81      0     81  0.12129401E+01  0.00000000E+00 0.1749E-12      6
  253   17     0     -80      0     80  0.12290309E+01  0.00000000E+00 0.2463E-12      5
  254   17     0     -79      0     79  0.12445367E+01  0.00000000E+00 0.2382E-12      5
  255   17     0     -78      0     78  0.12572787E+01  0.00000000E+00 0.5621E-13      6
  256   17     0     -77      0     77  0.12721904E+01  0.00000000E+00 0.2379E-12      6
  257   17     0     -76      0     76  0.12899503E+01  0.00000000E+00 0.7365E-13      6
  258   17     0     -75      0     75  0.13071357E+01  0.00000000E+00 0.1885E-12      6
  259   17     0     -74      0     74  0.13211143E+01  0.00000000E+00 0.7148E-13      6
  260   17     0     -73      0     73  0.13374354E+01  0.00000000E+00 0.1399E-12      6
  261   17     0     -72      0     72  0.13570247E+01  0.00000000E+00 0.1025E-12      6
  262   17     0     -71      0     71  0.13759614E+01  0.00000000E+00 0.1023E-12      6
  263   17     0     -70      0     70  0.13912181E+01  0.00000000E+00 0.6869E-13      6
  264   17     0     -69      0     69  0.14092346E+01  0.00000000E+00 0.2322E-13      6
  265   17     0     -68      0     68  0.14309552E+01  0.00000000E+00 0.3283E-12      5
  266   17     0     -67      0     67  0.14519492E+01  0.00000000E+00 0.4167E-13      6
  267   17     0     -66      0     66  0.14686530E+01  0.00000000E+00 0.3637E-12      6
  268   17     0     -65      0     65  0.14886362E+01  0.00000000E+00 0.1452E-12      6
  269   17     0     -64      0     64  0.15128755E+01  0.00000000E+00 0.7038E-13      6
  270   17     0     -63      0     63  0.15360757E+01  0.00000000E+00 0.1193E-12      6
  271   17     0     -62      0     62  0.15542497E+01  0.00000000E+00 0.9319E-13      6
  272   17     0     -61      0     61  0.15768836E+01  0.00000000E+00 0.6812E-13      6
  273   17     0     -60      0     60  0.16041096E+01  0.00000000E+00 0.1256E-13      5
  274   17     0     -59      0     59  0.16296542E+01  0.00000000E+00 0.1243E-13      6
  275   17     0     -58      0     58  0.16497195E+01  0.00000000E+00 0.2020E-13      6
  276   17     0     -57      0     57  0.16756081E+01  0.00000000E+00 0.3711E-13      6
  277   17     0     -56      0     56  0.17062409E+01  0.00000000E+00 0.1467E-12      5
  Time elapsed :      1.302 s

Starting search (non-adiabatic)

Finding roots
  Time elapsed :     85.997 s

Processing modes
   id    l     m    n_pg    n_p    n_g       Re(omega)       Im(omega)        chi n_iter
  163   17     0    -170      0    170  0.59207013E+00 -0.99793286E-03 0.7972E-12      7
  164   17     0    -169      0    169  0.59534585E+00 -0.10668742E-02 0.4096E-12      9
  165   17     0    -168      0    168  0.59901387E+00 -0.11245844E-02 0.1931E-12      7
  166   17     0    -167      0    167  0.60274463E+00 -0.10476143E-02 0.7521E-12      7
  167   17     0    -166      0    166  0.60616442E+00 -0.94741616E-03 0.3740E-12      7
  168   17     0    -165      0    165  0.60963363E+00 -0.10251118E-02 0.3911E-12      8
  169   17     0    -164      0    164  0.61351589E+00 -0.10711974E-02 0.2783E-12      8
  170   17     0    -163      0    163  0.61741854E+00 -0.98165358E-03 0.7525E-12      9
  171   17     0    -162      0    162  0.62094787E+00 -0.88765700E-03 0.5345E-12      6
  172   17     0    -161      0    161  0.62459768E+00 -0.98307485E-03 0.4073E-12      7
  173   17     0    -160      0    160  0.62871060E+00 -0.10241610E-02 0.3050E-12      7
  174   17     0    -159      0    159  0.63281059E+00 -0.92975265E-03 0.2650E-12      6
  175   17     0    -158      0    158  0.63649475E+00 -0.84491803E-03 0.4212E-12      9
  176   17     0    -157      0    157  0.64034897E+00 -0.94705257E-03 0.6049E-12      6
  177   17     0    -156      0    156  0.64469113E+00 -0.98366378E-03 0.1640E-12      6
  178   17     0    -155      0    155  0.64898235E+00 -0.88460611E-03 0.6061E-12      6
  179   17     0    -154      0    154  0.65280864E+00 -0.80979460E-03 0.1257E-12      7
  180   17     0    -153      0    153  0.65687744E+00 -0.92357906E-03 0.4935E-12      6
  181   17     0    -152      0    152  0.66147606E+00 -0.95940961E-03 0.7052E-12      7
  182   17     0    -151      0    151  0.66600402E+00 -0.86029875E-03 0.4600E-12      6
  183   17     0    -150      0    150  0.67001882E+00 -0.78549927E-03 0.1023E-11      6
  184   17     0    -149      0    149  0.67429419E+00 -0.90139761E-03 0.5790E-13      6
  185   17     0    -148      0    148  0.67913218E+00 -0.93505238E-03 0.6723E-12      7
  186   17     0    -147      0    147  0.68387313E+00 -0.83411731E-03 0.1007E-11      6
  187   17     0    -146      0    146  0.68809309E+00 -0.77362146E-03 0.8423E-12      6
  188   17     0    -145      0    145  0.69264537E+00 -0.88834492E-03 0.8586E-12      7
  189   17     0    -144      0    144  0.69775789E+00 -0.91266958E-03 0.1088E-11      7
  190   17     0    -143      0    143  0.70272000E+00 -0.80786200E-03 0.9181E-12      6
  191   17     0    -142      0    142  0.70715717E+00 -0.76385344E-03 0.9279E-12      7
  192   17     0    -141      0    141  0.71200993E+00 -0.87688988E-03 0.4094E-12      8
  193   17     0    -140      0    140  0.71740816E+00 -0.89099766E-03 0.7922E-12      7
  194   17     0    -139      0    139  0.72258376E+00 -0.78253798E-03 0.4088E-12      6
  195   17     0    -138      0    138  0.72725656E+00 -0.76300309E-03 0.4258E-12      7
  196   17     0    -137      0    137  0.73246595E+00 -0.87744575E-03 0.1162E-11      6
  197   17     0    -136      0    136  0.73820252E+00 -0.88410362E-03 0.5116E-12      7
  198   17     0    -135      0    135  0.74362688E+00 -0.76826804E-03 0.2395E-12      6
  199   17     0    -134      0    134  0.74852151E+00 -0.76710793E-03 0.1069E-11      7
  200   17     0    -133      0    133  0.75408363E+00 -0.89152501E-03 0.4624E-12      8
  201   17     0    -132      0    132  0.76018389E+00 -0.89490594E-03 0.1527E-11      9
  202   17     0    -131      0    131  0.76589716E+00 -0.77445995E-03 0.7226E-12      6
  203   17     0    -130      0    130  0.77107691E+00 -0.78910138E-03 0.4822E-12      6
  204   17     0    -129      0    129  0.77701920E+00 -0.91755546E-03 0.5856E-12      6
  205   17     0    -128      0    128  0.78347870E+00 -0.91305968E-03 0.1093E-11      7
  206   17     0    -127      0    127  0.78944911E+00 -0.78664243E-03 0.1281E-11      6
  207   17     0    -126      0    126  0.79495101E+00 -0.82980955E-03 0.8268E-12      6
  208   17     0    -125      0    125  0.80134792E+00 -0.95991718E-03 0.1116E-11      6
  209   17     0    -124      0    124  0.80821964E+00 -0.94557109E-03 0.1159E-11      8
  210   17     0    -123      0    123  0.81449090E+00 -0.80917626E-03 0.1582E-11      6
  211   17     0    -122      0    122  0.82032436E+00 -0.87538830E-03 0.1622E-11      7
  212   17     0    -121      0    121  0.82718531E+00 -0.10137306E-02 0.1614E-11      7
  213   17     0    -120      0    120  0.83451495E+00 -0.99667940E-03 0.6446E-12      7
  214   17     0    -119      0    119  0.84115739E+00 -0.85187086E-03 0.2191E-11      7
  215   17     0    -118      0    118  0.84735758E+00 -0.93716811E-03 0.5688E-12      7
  216   17     0    -117      0    117  0.85469912E+00 -0.10922221E-02 0.8996E-12      6
  217   17     0    -116      0    116  0.86251893E+00 -0.10764344E-02 0.3633E-12      6
  218   17     0    -115      0    115  0.86955626E+00 -0.91998820E-03 0.1025E-11      7
  219   17     0    -114      0    114  0.87615284E+00 -0.10310703E-02 0.1272E-11      8
  220   17     0    -113      0    113  0.88401978E+00 -0.12070069E-02 0.6349E-12      8
  221   17     0    -112      0    112  0.89237360E+00 -0.11885310E-02 0.9874E-12      6
  222   17     0    -111      0    111  0.89984113E+00 -0.10076973E-02 0.2287E-12      6
  223   17     0    -110      0    110  0.90683374E+00 -0.11361757E-02 0.5170E-12      8
  224   17     0    -109      0    109  0.91523558E+00 -0.13245065E-02 0.3410E-12      7
  225   17     0    -110      0    110  0.92417009E+00 -0.12916219E-02 0.1273E-11      6
  226   17     0    -108      0    108  0.93216982E+00 -0.10762790E-02 0.9401E-12      8
  227   17     0    -107      0    107  0.93959486E+00 -0.11860818E-02 0.1271E-11      7
  228   17     0    -106      0    106  0.94854514E+00 -0.13646606E-02 0.1546E-11      7
  229   17     0    -105      0    105  0.95814759E+00 -0.13105033E-02 0.8776E-12      6
  230   17     0    -104      0    104  0.96682123E+00 -0.10619603E-02 0.1061E-11      7
  231   17     0    -103      0    103  0.97470014E+00 -0.11167222E-02 0.5411E-12      8
  232   17     0    -102      0    102  0.98421752E+00 -0.12684503E-02 0.1109E-11      8
  233   17     0    -101      0    101  0.99458797E+00 -0.11930024E-02 0.3914E-12      7
  234   17     0    -100      0    100  0.10040780E+01 -0.93530920E-03 0.2781E-12      7
  235   17     0     -99      0     99  0.10125001E+01 -0.92285382E-03 0.2204E-12      7
  236   17     0     -98      0     98  0.10226468E+01 -0.10286418E-02 0.6337E-12      6
  237   17     0     -97      0     97  0.10338939E+01 -0.93920660E-03 0.1007E-11      6
  238   17     0     -96      0     96  0.10443130E+01 -0.71062775E-03 0.8374E-12     10
  239   17     0     -95      0     95  0.10534004E+01 -0.66054010E-03 0.1946E-12      6
  240   17     0     -94      0     94  0.10642962E+01 -0.72514309E-03 0.2409E-11      5
  241   17     0     -93      0     93  0.10765481E+01 -0.64968176E-03 0.8477E-12      6
  242   17     0     -92      0     92  0.10880088E+01 -0.48241507E-03 0.3929E-11      6
  243   17     0     -91      0     91  0.10978540E+01 -0.43034930E-03 0.9030E-12      7
  244   17     0     -90      0     90  0.11095888E+01 -0.47372328E-03 0.2924E-11      7
  245   17     0     -89      0     89  0.11229620E+01 -0.42438149E-03 0.8207E-12      6
  246   17     0     -88      0     88  0.11356158E+01 -0.31465807E-03 0.1364E-11      6
  247   17     0     -87      0     87  0.11463354E+01 -0.26994886E-03 0.1869E-11      6
  248   17     0     -86      0     86  0.11589798E+01 -0.30008943E-03 0.2354E-11      6
  249   17     0     -85      0     85  0.11736230E+01 -0.27030833E-03 0.1063E-11      6
  250   17     0     -84      0     84  0.11876386E+01 -0.20015503E-03 0.1062E-10      5
  251   17     0     -83      0     83  0.11993082E+01 -0.16534809E-03 0.7735E-11      7
  252   17     0     -82      0     82  0.12129749E+01 -0.18731671E-03 0.3141E-11      7
  253   17     0     -81      0     81  0.12290658E+01 -0.17000066E-03 0.1001E-10      6
  254   17     0     -80      0     80  0.12445645E+01 -0.12571141E-03 0.2601E-10      6
  255   17     0     -79      0     79  0.12573022E+01 -0.10173236E-03 0.1150E-10      5
  256   17     0     -78      0     78  0.12722192E+01 -0.11718329E-03 0.1163E-11      6
  257   17     0     -77      0     77  0.12899783E+01 -0.10705534E-03 0.2793E-10      5
  258   17     0     -76      0     76  0.13071576E+01 -0.79537500E-04 0.8017E-11      5
  259   17     0     -75      0     75  0.13211324E+01 -0.63599955E-04 0.5639E-11      6
  260   17     0     -74      0     74  0.13374575E+01 -0.74909647E-04 0.8411E-11      6
  261   17     0     -73      0     73  0.13570461E+01 -0.69565792E-04 0.1548E-10      6
  262   17     0     -72      0     72  0.13759779E+01 -0.52045633E-04 0.1042E-10      7
  263   17     0     -71      0     71  0.13912317E+01 -0.41922118E-04 0.1535E-10      5
  264   17     0     -70      0     70  0.14092514E+01 -0.50273978E-04 0.5694E-10      5
  265   17     0     -69      0     69  0.14309712E+01 -0.46734880E-04 0.1628E-10      6
  266   17     0     -68      0     68  0.14519612E+01 -0.34568048E-04 0.7395E-10      5
  267   17     0     -67      0     67  0.14686627E+01 -0.27466481E-04 0.1032E-09      5
  268   17     0     -66      0     66  0.14886482E+01 -0.33168090E-04 0.9546E-11      5
  269   17     0     -65      0     65  0.15128866E+01 -0.30420732E-04 0.1092E-10      5
  270   17     0     -64      0     64  0.15360838E+01 -0.21815203E-04 0.4230E-10      5
  271   17     0     -63      0     63  0.15542564E+01 -0.17788201E-04 0.1623E-09      4
  272   17     0     -62      0     62  0.15768918E+01 -0.21689602E-04 0.6704E-10      4
  273   17     0     -61      0     61  0.16041172E+01 -0.19664103E-04 0.1096E-10      7
  274   17     0     -60      0     60  0.16296595E+01 -0.13798996E-04 0.1776E-09      6
  275   17     0     -59      0     59  0.16497242E+01 -0.11969523E-04 0.1879E-09      4
  276   17     0     -58      0     58  0.16756138E+01 -0.14432012E-04 0.1251E-09      5
  277   17     0     -57      0     57  0.17062461E+01 -0.12921448E-04 0.5785E-10      4
  Time elapsed :      4.879 s

Mode Search
-----------

Mode parameters
   l : 18
   m : 0

Building frequency grid (REAL axis)
   added scan interval :  0.5234E+00 ->  0.2094E+01 (3000 points, INVERSE)

Building spatial grid
   Scaffold grid from model
   Split 274 subinterval(s) in iteration 1
   Split 28 subinterval(s) in iteration 2
   Split 0 subinterval(s) in iteration 3
   Final grid has 1 segment(s) and 7439 point(s):
      Segment 1 : x range 0.0000 -> 1.0012 (1 -> 7439)

Starting search (adiabatic)

Scanning frequencies
  Time elapsed :    23.559 s

Finding roots
  Time elapsed :      5.599 s

Processing modes
   id    l     m    n_pg    n_p    n_g       Re(omega)       Im(omega)        chi n_iter
  312   18     0    -180      0    180  0.59193993E+00  0.00000000E+00 0.4117E-12      5
  313   18     0    -179      0    179  0.59536620E+00  0.00000000E+00 0.2531E-12      6
  314   18     0    -178      0    178  0.59855080E+00  0.00000000E+00 0.2468E-12      5
  315   18     0    -177      0    177  0.60172043E+00  0.00000000E+00 0.4780E-12      6
  316   18     0    -176      0    176  0.60521272E+00  0.00000000E+00 0.2605E-12      5
  317   18     0    -175      0    175  0.60876403E+00  0.00000000E+00 0.1759E-12      6
  318   18     0    -174      0    174  0.61207679E+00  0.00000000E+00 0.1400E-12      5
  319   18     0    -173      0    173  0.61543112E+00  0.00000000E+00 0.1589E-12      5
  320   18     0    -172      0    172  0.61911000E+00  0.00000000E+00 0.3248E-12      5
  321   18     0    -171      0    171  0.62281171E+00  0.00000000E+00 0.4489E-12      6
  322   18     0    -170      0    170  0.62624294E+00  0.00000000E+00 0.3293E-13      5
  323   18     0    -169      0    169  0.62975433E+00  0.00000000E+00 0.1897E-12      6
  324   18     0    -168      0    168  0.63362058E+00  0.00000000E+00 0.7245E-12      5
  325   18     0    -167      0    167  0.63749013E+00  0.00000000E+00 0.1801E-12      6
  326   18     0    -166      0    166  0.64106995E+00  0.00000000E+00 0.9362E-13      5
  327   18     0    -165      0    165  0.64477341E+00  0.00000000E+00 0.2828E-14      6
  328   18     0    -164      0    164  0.64885327E+00  0.00000000E+00 0.3779E-12      5
  329   18     0    -163      0    163  0.65289968E+00  0.00000000E+00 0.2034E-12      6
  330   18     0    -162      0    162  0.65660100E+00  0.00000000E+00 0.6209E-12      5
  331   18     0    -161      0    161  0.66048717E+00  0.00000000E+00 0.7407E-13      5
  332   18     0    -160      0    160  0.66480218E+00  0.00000000E+00 0.9861E-12      5
  333   18     0    -159      0    159  0.66906118E+00  0.00000000E+00 0.4103E-12      6
  334   18     0    -158      0    158  0.67293171E+00  0.00000000E+00 0.4676E-12      5
  335   18     0    -157      0    157  0.67702065E+00  0.00000000E+00 0.1706E-12      6
  336   18     0    -156      0    156  0.68157218E+00  0.00000000E+00 0.2606E-13      5
  337   18     0    -155      0    155  0.68604061E+00  0.00000000E+00 0.5741E-12      5
  338   18     0    -154      0    154  0.69007024E+00  0.00000000E+00 0.1015E-12      5
  339   18     0    -153      0    153  0.69437536E+00  0.00000000E+00 0.1597E-12      6
  340   18     0    -152      0    152  0.69919554E+00  0.00000000E+00 0.6552E-12      5
  341   18     0    -151      0    151  0.70392430E+00  0.00000000E+00 0.5949E-12      6
  342   18     0    -150      0    150  0.70815710E+00  0.00000000E+00 0.1484E-12      6
  343   18     0    -149      0    149  0.71266905E+00  0.00000000E+00 0.2778E-13      5
  344   18     0    -148      0    148  0.71773991E+00  0.00000000E+00 0.2515E-12      5
  345   18     0    -147      0    147  0.72270509E+00  0.00000000E+00 0.1325E-12      6
  346   18     0    -146      0    146  0.72716101E+00  0.00000000E+00 0.4308E-12      6
  347   18     0    -145      0    145  0.73195078E+00  0.00000000E+00 0.9611E-13      6
  348   18     0    -144      0    144  0.73730854E+00  0.00000000E+00 0.6092E-12      5
  349   18     0    -143      0    143  0.74251826E+00  0.00000000E+00 0.1993E-13      5
  350   18     0    -142      0    142  0.74720669E+00  0.00000000E+00 0.1917E-12      5
  351   18     0    -141      0    141  0.75229897E+00  0.00000000E+00 0.2541E-12      6
  352   18     0    -140      0    140  0.75795716E+00  0.00000000E+00 0.7695E-13      6
  353   18     0    -139      0    139  0.76340580E+00  0.00000000E+00 0.2262E-12      6
  354   18     0    -138      0    138  0.76834383E+00  0.00000000E+00 0.1956E-12      6
  355   18     0    -137      0    137  0.77379723E+00  0.00000000E+00 0.2741E-12      5
  356   18     0    -136      0    136  0.77981258E+00  0.00000000E+00 0.3495E-12      5
  357   18     0    -135      0    135  0.78553807E+00  0.00000000E+00 0.5792E-12      6
  358   18     0    -134      0    134  0.79071000E+00  0.00000000E+00 0.6794E-12      5
  359   18     0    -133      0    133  0.79652051E+00  0.00000000E+00 0.1530E-12      6
  360   18     0    -132      0    132  0.80292181E+00  0.00000000E+00 0.5558E-13      6
  361   18     0    -131      0    131  0.80896889E+00  0.00000000E+00 0.9944E-14      6
  362   18     0    -130      0    130  0.81443793E+00  0.00000000E+00 0.2150E-13      5
  363   18     0    -129      0    129  0.82063429E+00  0.00000000E+00 0.4638E-13      6
  364   18     0    -128      0    128  0.82741840E+00  0.00000000E+00 0.1941E-12      6
  365   18     0    -127      0    127  0.83375618E+00  0.00000000E+00 0.1131E-12      6
  366   18     0    -126      0    126  0.83955391E+00  0.00000000E+00 0.2755E-12      5
  367   18     0    -125      0    125  0.84621486E+00  0.00000000E+00 0.4153E-12      6
  368   18     0    -124      0    124  0.85343939E+00  0.00000000E+00 0.3401E-13      6
  369   18     0    -123      0    123  0.86011507E+00  0.00000000E+00 0.3454E-12      6
  370   18     0    -122      0    122  0.86624962E+00  0.00000000E+00 0.1207E-12      6
  371   18     0    -121      0    121  0.87338256E+00  0.00000000E+00 0.4545E-13      6
  372   18     0    -120      0    120  0.88109414E+00  0.00000000E+00 0.2012E-12      6
  373   18     0    -119      0    119  0.88818244E+00  0.00000000E+00 0.4805E-13      6
  374   18     0    -118      0    118  0.89469240E+00  0.00000000E+00 0.7446E-14      6
  375   18     0    -117      0    117  0.90231185E+00  0.00000000E+00 0.9090E-13      6
  376   18     0    -116      0    116  0.91054428E+00  0.00000000E+00 0.2316E-12      6
  377   18     0    -115      0    115  0.91807437E+00  0.00000000E+00 0.6244E-12      5
  378   18     0    -114      0    114  0.92499052E+00  0.00000000E+00 0.1046E-12      6
  379   18     0    -113      0    113  0.93314437E+00  0.00000000E+00 0.3446E-12      5
  380   18     0    -112      0    112  0.94194686E+00  0.00000000E+00 0.5373E-13      6
  381   18     0    -111      0    111  0.94996110E+00  0.00000000E+00 0.3633E-13      6
  382   18     0    -110      0    110  0.95729070E+00  0.00000000E+00 0.1774E-12      6
  383   18     0    -109      0    109  0.96599329E+00  0.00000000E+00 0.5500E-12      5
  384   18     0    -108      0    108  0.97541592E+00  0.00000000E+00 0.2356E-12      5
  385   18     0    -107      0    107  0.98401736E+00  0.00000000E+00 0.6567E-13      6
  386   18     0    -106      0    106  0.99180992E+00  0.00000000E+00 0.3219E-12      6
  387   18     0    -105      0    105  0.10010703E+01  0.00000000E+00 0.1013E-12      5
  388   18     0    -104      0    104  0.10111896E+01  0.00000000E+00 0.3997E-12      5
  389   18     0    -103      0    103  0.10205151E+01  0.00000000E+00 0.7103E-13      6
  390   18     0    -102      0    102  0.10287968E+01  0.00000000E+00 0.2178E-12      6
  391   18     0    -101      0    101  0.10386118E+01  0.00000000E+00 0.1897E-12      6
  392   18     0    -100      0    100  0.10495137E+01  0.00000000E+00 0.1506E-12      6
  393   18     0     -99      0     99  0.10597074E+01  0.00000000E+00 0.1100E-12      6
  394   18     0     -98      0     98  0.10685730E+01  0.00000000E+00 0.1635E-12      6
  395   18     0     -97      0     97  0.10789877E+01  0.00000000E+00 0.1310E-12      5
  396   18     0     -96      0     96  0.10907803E+01  0.00000000E+00 0.1043E-12      5
  397   18     0     -95      0     95  0.11019724E+01  0.00000000E+00 0.2773E-12      6
  398   18     0     -94      0     94  0.11115601E+01  0.00000000E+00 0.1441E-12      6
  399   18     0     -93      0     93  0.11226972E+01  0.00000000E+00 0.1077E-12      6
  400   18     0     -92      0     92  0.11355218E+01  0.00000000E+00 0.1959E-12      6
  401   18     0     -91      0     91  0.11478416E+01  0.00000000E+00 0.3229E-13      6
  402   18     0     -90      0     90  0.11582678E+01  0.00000000E+00 0.1137E-13      6
  403   18     0     -89      0     89  0.11702193E+01  0.00000000E+00 0.7261E-13      6
  404   18     0     -88      0     88  0.11841937E+01  0.00000000E+00 0.3192E-13      6
  405   18     0     -87      0     87  0.11977934E+01  0.00000000E+00 0.1263E-12      6
  406   18     0     -86      0     86  0.12092047E+01  0.00000000E+00 0.2314E-12      5
  407   18     0     -85      0     85  0.12220362E+01  0.00000000E+00 0.5558E-13      6
  408   18     0     -84      0     84  0.12373023E+01  0.00000000E+00 0.2336E-12      5
  409   18     0     -83      0     83  0.12523542E+01  0.00000000E+00 0.3676E-13      6
  410   18     0     -82      0     82  0.12648442E+01  0.00000000E+00 0.4100E-12      5
  411   18     0     -81      0     81  0.12786541E+01  0.00000000E+00 0.1934E-12      5
  412   18     0     -80      0     80  0.12953900E+01  0.00000000E+00 0.6893E-13      5
  413   18     0     -79      0     79  0.13120248E+01  0.00000000E+00 0.3132E-13      6
  414   18     0     -78      0     78  0.13257023E+01  0.00000000E+00 0.1016E-12      5
  415   18     0     -77      0     77  0.13407215E+01  0.00000000E+00 0.2880E-14      6
  416   18     0     -76      0     76  0.13591593E+01  0.00000000E+00 0.1289E-12      5
  417   18     0     -75      0     75  0.13775741E+01  0.00000000E+00 0.1157E-12      6
  418   18     0     -74      0     74  0.13926050E+01  0.00000000E+00 0.8104E-13      6
  419   18     0     -73      0     73  0.14089861E+01  0.00000000E+00 0.5797E-13      6
  420   18     0     -72      0     72  0.14292756E+01  0.00000000E+00 0.4102E-12      5
  421   18     0     -71      0     71  0.14495456E+01  0.00000000E+00 0.1527E-13      6
  422   18     0     -70      0     70  0.14659414E+01  0.00000000E+00 0.2468E-12      5
  423   18     0     -69      0     69  0.14839558E+01  0.00000000E+00 0.9626E-13      6
  424   18     0     -68      0     68  0.15064192E+01  0.00000000E+00 0.1488E-13      5
  425   18     0     -67      0     67  0.15288883E+01  0.00000000E+00 0.4824E-14      6
  426   18     0     -66      0     66  0.15468573E+01  0.00000000E+00 0.9500E-13      6
  427   18     0     -65      0     65  0.15667611E+01  0.00000000E+00 0.2129E-14      6
  428   18     0     -64      0     64  0.15918104E+01  0.00000000E+00 0.4348E-13      5
  429   18     0     -63      0     63  0.16166982E+01  0.00000000E+00 0.2226E-14      6
  430   18     0     -62      0     62  0.16361937E+01  0.00000000E+00 0.3246E-13      6
  431   18     0     -61      0     61  0.16586346E+01  0.00000000E+00 0.1263E-12      6
  432   18     0     -60      0     60  0.16867735E+01  0.00000000E+00 0.1717E-12      5
  433   18     0     -59      0     59  0.17143288E+01  0.00000000E+00 0.9399E-13      6
  Time elapsed :      1.373 s

Starting search (non-adiabatic)

Finding roots
  Time elapsed :     94.926 s

Processing modes
   id    l     m    n_pg    n_p    n_g       Re(omega)       Im(omega)        chi n_iter
  312   18     0    -180      0    180  0.59111930E+00 -0.13712149E-02 0.6244E-12      8
  313   18     0    -179      0    179  0.59460360E+00 -0.13254128E-02 0.5123E-12      7
  314   18     0    -178      0    178  0.59785618E+00 -0.11761449E-02 0.5407E-12      9
  315   18     0    -177      0    177  0.60094847E+00 -0.12066248E-02 0.2741E-12      9
  316   18     0    -176      0    176  0.60440636E+00 -0.13001589E-02 0.3160E-12      9
  317   18     0    -175      0    175  0.60802063E+00 -0.12472214E-02 0.1791E-12      8
  318   18     0    -174      0    174  0.61138878E+00 -0.11202142E-02 0.2830E-12      9
  319   18     0    -173      0    173  0.61467290E+00 -0.11696877E-02 0.5346E-12      8
  320   18     0    -172      0    172  0.61833078E+00 -0.12442883E-02 0.6273E-12      8
  321   18     0    -171      0    171  0.62210257E+00 -0.11782053E-02 0.2262E-12      7
  322   18     0    -170      0    170  0.62558598E+00 -0.10561708E-02 0.3400E-12      8
  323   18     0    -169      0    169  0.62902887E+00 -0.11200023E-02 0.6411E-12      8
  324   18     0    -168      0    168  0.63288330E+00 -0.11854436E-02 0.5433E-12      8
  325   18     0    -167      0    167  0.63682780E+00 -0.11104021E-02 0.9272E-12      7
  326   18     0    -166      0    166  0.64045485E+00 -0.99889405E-03 0.2803E-12      9
  327   18     0    -165      0    165  0.64409747E+00 -0.10724419E-02 0.1265E-11      9
  328   18     0    -164      0    164  0.64817727E+00 -0.11261250E-02 0.1013E-11      9
  329   18     0    -163      0    163  0.65230679E+00 -0.10383687E-02 0.1392E-12      7
  330   18     0    -162      0    162  0.65605114E+00 -0.93164180E-03 0.1829E-12      7
  331   18     0    -161      0    161  0.65987807E+00 -0.10245071E-02 0.1021E-11      6
  332   18     0    -160      0    160  0.66420087E+00 -0.10736879E-02 0.5377E-12      9
  333   18     0    -159      0    159  0.66854265E+00 -0.98114961E-03 0.4935E-12      9
  334   18     0    -158      0    158  0.67245136E+00 -0.88283654E-03 0.5476E-12      6
  335   18     0    -157      0    157  0.67648836E+00 -0.98327755E-03 0.6405E-12      6
  336   18     0    -156      0    156  0.68105209E+00 -0.10281885E-02 0.3456E-12      7
  337   18     0    -155      0    155  0.68559951E+00 -0.93133479E-03 0.4050E-12      7
  338   18     0    -154      0    154  0.68965873E+00 -0.84219669E-03 0.3359E-12      9
  339   18     0    -153      0    153  0.69391567E+00 -0.95544467E-03 0.4303E-12      6
  340   18     0    -152      0    152  0.69874892E+00 -0.99975356E-03 0.1290E-11      6
  341   18     0    -151      0    151  0.70354887E+00 -0.90320368E-03 0.4067E-12      6
  342   18     0    -150      0    150  0.70780853E+00 -0.81355636E-03 0.2093E-12      7
  343   18     0    -149      0    149  0.71227816E+00 -0.92875880E-03 0.6981E-12      6
  344   18     0    -148      0    148  0.71736290E+00 -0.97109656E-03 0.1090E-11      6
  345   18     0    -147      0    147  0.72239128E+00 -0.87272041E-03 0.4518E-12      7
  346   18     0    -146      0    146  0.72686504E+00 -0.79710929E-03 0.2342E-12      8
  347   18     0    -145      0    145  0.73162222E+00 -0.91201266E-03 0.6684E-12      7
  348   18     0    -144      0    144  0.73699756E+00 -0.94472455E-03 0.1130E-11      6
  349   18     0    -143      0    143  0.74226354E+00 -0.84213345E-03 0.1311E-11      6
  350   18     0    -142      0    142  0.74696178E+00 -0.78280855E-03 0.6955E-12      7
  351   18     0    -141      0    141  0.75203139E+00 -0.89721732E-03 0.4974E-12      6
  352   18     0    -140      0    140  0.75771067E+00 -0.91957925E-03 0.6233E-12      7
  353   18     0    -139      0    139  0.76320805E+00 -0.81286009E-03 0.1162E-11      7
  354   18     0    -138      0    138  0.76814749E+00 -0.77773597E-03 0.9955E-12      7
  355   18     0    -137      0    137  0.77358763E+00 -0.89520904E-03 0.8893E-12      8
  356   18     0    -136      0    136  0.77962607E+00 -0.91031622E-03 0.1366E-11      6
  357   18     0    -135      0    135  0.78539374E+00 -0.79619581E-03 0.2746E-12      7
  358   18     0    -134      0    134  0.79056081E+00 -0.77792631E-03 0.1054E-11      8
  359   18     0    -133      0    133  0.79636445E+00 -0.90700190E-03 0.2961E-12      7
  360   18     0    -132      0    132  0.80278901E+00 -0.91947809E-03 0.5155E-12      7
  361   18     0    -131      0    131  0.80887034E+00 -0.80047286E-03 0.6769E-12      7
  362   18     0    -130      0    130  0.81433093E+00 -0.79633356E-03 0.5855E-12      7
  363   18     0    -129      0    129  0.82052745E+00 -0.93074158E-03 0.4001E-12      8
  364   18     0    -128      0    128  0.82733514E+00 -0.93642153E-03 0.6453E-12      7
  365   18     0    -127      0    127  0.83369846E+00 -0.81026817E-03 0.6085E-13      9
  366   18     0    -126      0    126  0.83948463E+00 -0.83316142E-03 0.4330E-12      6
  367   18     0    -125      0    125  0.84615354E+00 -0.97106455E-03 0.1210E-11      9
  368   18     0    -124      0    124  0.85340168E+00 -0.96800803E-03 0.7408E-12      7
  369   18     0    -123      0    123  0.86009540E+00 -0.83104880E-03 0.1247E-11      6
  370   18     0    -122      0    122  0.86621757E+00 -0.87477232E-03 0.8056E-12      7
  371   18     0    -121      0    121  0.87336570E+00 -0.10231862E-02 0.4871E-12      6
  372   18     0    -120      0    120  0.88110069E+00 -0.10194787E-02 0.1599E-11      6
  373   18     0    -119      0    119  0.88820010E+00 -0.87416194E-03 0.6615E-12      7
  374   18     0    -118      0    118  0.89469710E+00 -0.93375544E-03 0.7510E-12      7
  375   18     0    -117      0    117  0.90233773E+00 -0.11015916E-02 0.7644E-12      7
  376   18     0    -116      0    116  0.91059243E+00 -0.11023210E-02 0.1600E-11      6
  377   18     0    -115      0    115  0.91812522E+00 -0.94506620E-03 0.1860E-11      7
  378   18     0    -114      0    114  0.92502464E+00 -0.10257896E-02 0.6401E-12      8
  379   18     0    -113      0    113  0.93320193E+00 -0.12182454E-02 0.9788E-12      6
  380   18     0    -112      0    112  0.94202173E+00 -0.12199925E-02 0.5321E-12      7
  381   18     0    -111      0    111  0.95002869E+00 -0.10379635E-02 0.1191E-11      9
  382   18     0    -110      0    110  0.95733120E+00 -0.11292465E-02 0.7423E-12      7
  383   18     0    -109      0    109  0.96605128E+00 -0.13383471E-02 0.1073E-11      7
  384   18     0    -108      1    109  0.97548199E+00 -0.13289991E-02 0.1834E-11      7
  385   18     0    -108      0    108  0.98407091E+00 -0.11138821E-02 0.1398E-11      8
  386   18     0    -107      0    107  0.99182531E+00 -0.11795975E-02 0.1287E-11      8
  387   18     0    -106      0    106  0.10010925E+01 -0.13824234E-02 0.1023E-11      7
  388   18     0    -105      0    105  0.10112143E+01 -0.13537538E-02 0.1412E-11      9
  389   18     0    -104      0    104  0.10205336E+01 -0.11089648E-02 0.1025E-11      7
  390   18     0    -103      0    103  0.10287770E+01 -0.11124171E-02 0.3773E-12      7
  391   18     0    -102      0    102  0.10385933E+01 -0.12874845E-02 0.1148E-11      7
  392   18     0    -101      0    101  0.10495009E+01 -0.12347164E-02 0.1257E-11      6
  393   18     0    -100      0    100  0.10597008E+01 -0.98215159E-03 0.1783E-11      6
  394   18     0     -99      0     99  0.10685449E+01 -0.91535350E-03 0.1373E-11      8
  395   18     0     -98      0     98  0.10789660E+01 -0.10374696E-02 0.7388E-12      6
  396   18     0     -97      0     97  0.10907729E+01 -0.96535324E-03 0.1706E-11      7
  397   18     0     -96      0     96  0.11019769E+01 -0.74299097E-03 0.1119E-11      6
  398   18     0     -95      0     95  0.11115597E+01 -0.64767615E-03 0.2145E-11      6
  399   18     0     -94      0     94  0.11227096E+01 -0.72243035E-03 0.2700E-11      8
  400   18     0     -93      0     93  0.11355476E+01 -0.66088156E-03 0.1858E-11      6
  401   18     0     -92      0     92  0.11478715E+01 -0.50130048E-03 0.4495E-12      6
  402   18     0     -91      0     91  0.11582948E+01 -0.41755842E-03 0.1569E-11      5
  403   18     0     -90      0     90  0.11702587E+01 -0.46636540E-03 0.1022E-11      8
  404   18     0     -89      0     89  0.11842398E+01 -0.42728719E-03 0.1607E-11      5
  405   18     0     -88      0     88  0.11978354E+01 -0.32476248E-03 0.2152E-11      6
  406   18     0     -87      0     87  0.12092407E+01 -0.25938522E-03 0.6676E-11      5
  407   18     0     -86      0     86  0.12220819E+01 -0.29135119E-03 0.3099E-11      5
  408   18     0     -85      0     85  0.12373504E+01 -0.26901283E-03 0.5674E-11      7
  409   18     0     -84      0     84  0.12523949E+01 -0.20514710E-03 0.3599E-11      6
  410   18     0     -83      0     83  0.12648771E+01 -0.15742776E-03 0.1973E-11      6
  411   18     0     -82      0     82  0.12786945E+01 -0.17959796E-03 0.7076E-11      6
  412   18     0     -81      0     81  0.12954308E+01 -0.16760865E-03 0.1380E-10      5
  413   18     0     -80      0     80  0.13120580E+01 -0.12810923E-03 0.5420E-11      5
  414   18     0     -79      0     79  0.13257282E+01 -0.96022722E-04 0.2930E-10      6
  415   18     0     -78      0     78  0.13407530E+01 -0.11130515E-03 0.1340E-10      8
  416   18     0     -77      0     77  0.13591906E+01 -0.10493469E-03 0.1548E-10      8
  417   18     0     -76      0     76  0.13775994E+01 -0.80944523E-04 0.2039E-10      6
  418   18     0     -75      0     75  0.13926242E+01 -0.60026959E-04 0.1744E-10      5
  419   18     0     -74      0     74  0.14090096E+01 -0.71145198E-04 0.2742E-10      6
  420   18     0     -73      0     73  0.14292990E+01 -0.68370248E-04 0.1709E-10      5
  421   18     0     -72      0     72  0.14495644E+01 -0.53240318E-04 0.9576E-11      5
  422   18     0     -71      0     71  0.14659556E+01 -0.39514199E-04 0.3492E-10      6
  423   18     0     -70      0     70  0.14839733E+01 -0.47676432E-04 0.5928E-10      6
  424   18     0     -69      0     69  0.15064363E+01 -0.45746156E-04 0.6317E-10      6
  425   18     0     -68      0     68  0.15289017E+01 -0.35233904E-04 0.6417E-10      5
  426   18     0     -67      0     67  0.15468672E+01 -0.25598545E-04 0.4928E-10      5
  427   18     0     -66      0     66  0.15667733E+01 -0.31236462E-04 0.3343E-10      5
  428   18     0     -65      0     65  0.15918222E+01 -0.29688828E-04 0.3618E-10      6
  429   18     0     -64      0     64  0.16167072E+01 -0.22370013E-04 0.6698E-10      5
  430   18     0     -63      0     63  0.16362003E+01 -0.16436208E-04 0.8629E-10      4
  431   18     0     -62      0     62  0.16586429E+01 -0.20591196E-04 0.6922E-10      6
  432   18     0     -61      0     61  0.16867815E+01 -0.19440231E-04 0.1746E-10      6
  433   18     0     -60      0     60  0.17143348E+01 -0.14488765E-04 0.9167E-10      5
  Time elapsed :      5.263 s

Mode Search
-----------

Mode parameters
   l : 19
   m : 0

Building frequency grid (REAL axis)
   added scan interval :  0.5234E+00 ->  0.2094E+01 (3000 points, INVERSE)

Building spatial grid
   Scaffold grid from model
   Split 277 subinterval(s) in iteration 1
   Split 28 subinterval(s) in iteration 2
   Split 0 subinterval(s) in iteration 3
   Final grid has 1 segment(s) and 7442 point(s):
      Segment 1 : x range 0.0000 -> 1.0012 (1 -> 7442)

Starting search (adiabatic)

Scanning frequencies
  Time elapsed :    23.841 s

Finding roots
  Time elapsed :      5.782 s

Processing modes
   id    l     m    n_pg    n_p    n_g       Re(omega)       Im(omega)        chi n_iter
  471   19     0    -189      0    189  0.59412692E+00  0.00000000E+00 0.2092E-12      6
  472   19     0    -188      0    188  0.59736472E+00  0.00000000E+00 0.4796E-12      5
  473   19     0    -187      0    187  0.60071315E+00  0.00000000E+00 0.1773E-12      6
  474   19     0    -186      0    186  0.60381778E+00  0.00000000E+00 0.6974E-13      6
  475   19     0    -185      0    185  0.60683252E+00  0.00000000E+00 0.6567E-12      5
  476   19     0    -184      0    184  0.61017980E+00  0.00000000E+00 0.3278E-12      5
  477   19     0    -183      0    183  0.61364839E+00  0.00000000E+00 0.3353E-12      6
  478   19     0    -182      0    182  0.61688382E+00  0.00000000E+00 0.5678E-13      5
  479   19     0    -181      0    181  0.62005650E+00  0.00000000E+00 0.2844E-12      6
  480   19     0    -180      0    180  0.62356150E+00  0.00000000E+00 0.1567E-12      5
  481   19     0    -179      0    179  0.62717429E+00  0.00000000E+00 0.1835E-12      6
  482   19     0    -178      0    178  0.63054445E+00  0.00000000E+00 0.1230E-11      5
  483   19     0    -177      0    177  0.63386736E+00  0.00000000E+00 0.1315E-12      5
  484   19     0    -176      0    176  0.63752589E+00  0.00000000E+00 0.1532E-13      5
  485   19     0    -175      0    175  0.64127223E+00  0.00000000E+00 0.6574E-12      5
  486   19     0    -174      0    174  0.64477584E+00  0.00000000E+00 0.1526E-12      5
  487   19     0    -173      0    173  0.64828971E+00  0.00000000E+00 0.7405E-13      6
  488   19     0    -172      0    172  0.65214509E+00  0.00000000E+00 0.1002E-12      5
  489   19     0    -171      0    171  0.65605214E+00  0.00000000E+00 0.4221E-12      6
  490   19     0    -170      0    170  0.65968053E+00  0.00000000E+00 0.2477E-12      5
  491   19     0    -169      0    169  0.66335516E+00  0.00000000E+00 0.1334E-12      6
  492   19     0    -168      0    168  0.66740726E+00  0.00000000E+00 0.1932E-12      5
  493   19     0    -167      0    167  0.67149386E+00  0.00000000E+00 0.3253E-12      5
  494   19     0    -166      0    166  0.67527851E+00  0.00000000E+00 0.3351E-12      5
  495   19     0    -165      0    165  0.67915042E+00  0.00000000E+00 0.2201E-12      6
  496   19     0    -164      0    164  0.68342659E+00  0.00000000E+00 0.3644E-13      5
  497   19     0    -163      0    163  0.68770328E+00  0.00000000E+00 0.1100E-13      6
  498   19     0    -162      0    162  0.69161655E+00  0.00000000E+00 0.4829E-12      5
  499   19     0    -161      0    161  0.69567382E+00  0.00000000E+00 0.5731E-13      6
  500   19     0    -160      0    160  0.70019664E+00  0.00000000E+00 0.1410E-12      5
  501   19     0    -159      0    159  0.70470076E+00  0.00000000E+00 0.6092E-13      6
  502   19     0    -158      0    158  0.70879311E+00  0.00000000E+00 0.2114E-12      5
  503   19     0    -157      0    157  0.71305813E+00  0.00000000E+00 0.2739E-12      6
  504   19     0    -156      0    156  0.71782840E+00  0.00000000E+00 0.2742E-12      5
  505   19     0    -155      0    155  0.72255649E+00  0.00000000E+00 0.3943E-12      6
  506   19     0    -154      0    154  0.72681699E+00  0.00000000E+00 0.1434E-12      5
  507   19     0    -153      0    153  0.73130272E+00  0.00000000E+00 0.1163E-12      5
  508   19     0    -152      0    152  0.73635369E+00  0.00000000E+00 0.2123E-13      6
  509   19     0    -151      0    151  0.74135793E+00  0.00000000E+00 0.8857E-13      6
  510   19     0    -150      0    150  0.74583506E+00  0.00000000E+00 0.9111E-12      5
  511   19     0    -149      0    149  0.75053298E+00  0.00000000E+00 0.2189E-12      6
  512   19     0    -148      0    148  0.75584572E+00  0.00000000E+00 0.1559E-12      5
  513   19     0    -147      0    147  0.76110193E+00  0.00000000E+00 0.6091E-12      5
  514   19     0    -146      0    146  0.76581219E+00  0.00000000E+00 0.7366E-12      5
  515   19     0    -145      0    145  0.77079753E+00  0.00000000E+00 0.1883E-12      6
  516   19     0    -144      0    144  0.77641263E+00  0.00000000E+00 0.6607E-12      5
  517   19     0    -143      0    143  0.78193040E+00  0.00000000E+00 0.5709E-13      6
  518   19     0    -142      0    142  0.78688143E+00  0.00000000E+00 0.1869E-12      5
  519   19     0    -141      0    141  0.79217972E+00  0.00000000E+00 0.1260E-12      6
  520   19     0    -140      0    140  0.79811307E+00  0.00000000E+00 0.7254E-13      6
  521   19     0    -139      0    139  0.80388872E+00  0.00000000E+00 0.1392E-13      6
  522   19     0    -138      0    138  0.80909546E+00  0.00000000E+00 0.8130E-13      5
  523   19     0    -137      0    137  0.81476644E+00  0.00000000E+00 0.9302E-13      5
  524   19     0    -136      0    136  0.82107721E+00  0.00000000E+00 0.2399E-12      6
  525   19     0    -135      0    135  0.82715284E+00  0.00000000E+00 0.5435E-12      6
  526   19     0    -134      0    134  0.83260037E+00  0.00000000E+00 0.3455E-12      5
  527   19     0    -133      0    133  0.83863577E+00  0.00000000E+00 0.2809E-13      6
  528   19     0    -132      0    132  0.84535384E+00  0.00000000E+00 0.9400E-13      5
  529   19     0    -131      0    131  0.85177719E+00  0.00000000E+00 0.1448E-13      6
  530   19     0    -130      0    130  0.85753153E+00  0.00000000E+00 0.2110E-12      6
  531   19     0    -129      0    129  0.86396218E+00  0.00000000E+00 0.5183E-12      6
  532   19     0    -128      0    128  0.87108594E+00  0.00000000E+00 0.1815E-12      5
  533   19     0    -127      0    127  0.87782667E+00  0.00000000E+00 0.9704E-14      6
  534   19     0    -126      0    126  0.88391307E+00  0.00000000E+00 0.4064E-13      5
  535   19     0    -125      0    125  0.89082235E+00  0.00000000E+00 0.1750E-12      6
  536   19     0    -124      0    124  0.89841391E+00  0.00000000E+00 0.1862E-12      6
  537   19     0    -123      0    123  0.90552434E+00  0.00000000E+00 0.1459E-12      6
  538   19     0    -122      0    122  0.91195298E+00  0.00000000E+00 0.2099E-12      6
  539   19     0    -121      0    121  0.91934464E+00  0.00000000E+00 0.1581E-12      6
  540   19     0    -120      0    120  0.92745020E+00  0.00000000E+00 0.5963E-13      5
  541   19     0    -119      0    119  0.93500966E+00  0.00000000E+00 0.2427E-12      6
  542   19     0    -118      0    118  0.94182466E+00  0.00000000E+00 0.7070E-13      6
  543   19     0    -117      0    117  0.94970890E+00  0.00000000E+00 0.1991E-13      5
  544   19     0    -116      0    116  0.95836166E+00  0.00000000E+00 0.2076E-12      5
  545   19     0    -115      0    115  0.96640370E+00  0.00000000E+00 0.9739E-13      6
  546   19     0    -114      0    114  0.97363457E+00  0.00000000E+00 0.3853E-13      6
  547   19     0    -113      0    113  0.98205717E+00  0.00000000E+00 0.3378E-12      6
  548   19     0    -112      0    112  0.99130752E+00  0.00000000E+00 0.2045E-12      6
  549   19     0    -111      0    111  0.99988066E+00  0.00000000E+00 0.1156E-12      6
  550   19     0    -110      0    110  0.10075377E+01  0.00000000E+00 0.8804E-13      6
  551   19     0    -109      0    109  0.10165089E+01  0.00000000E+00 0.3242E-13      6
  552   19     0    -108      0    108  0.10264059E+01  0.00000000E+00 0.4310E-13      6
  553   19     0    -107      0    107  0.10356180E+01  0.00000000E+00 0.2817E-12      6
  554   19     0    -106      0    106  0.10437670E+01  0.00000000E+00 0.1810E-12      6
  555   19     0    -105      0    105  0.10532874E+01  0.00000000E+00 0.4104E-12      6
  556   19     0    -104      0    104  0.10638992E+01  0.00000000E+00 0.1234E-12      6
  557   19     0    -103      0    103  0.10738913E+01  0.00000000E+00 0.5527E-13      6
  558   19     0    -102      0    102  0.10825811E+01  0.00000000E+00 0.4770E-12      6
  559   19     0    -101      0    101  0.10926314E+01  0.00000000E+00 0.1030E-13      6
  560   19     0    -100      0    100  0.11040355E+01  0.00000000E+00 0.2070E-12      5
  561   19     0     -99      0     99  0.11149552E+01  0.00000000E+00 0.3802E-12      6
  562   19     0     -98      0     98  0.11243092E+01  0.00000000E+00 0.2605E-12      6
  563   19     0     -97      0     97  0.11349291E+01  0.00000000E+00 0.2586E-12      6
  564   19     0     -96      0     96  0.11472347E+01  0.00000000E+00 0.8704E-14      6
  565   19     0     -95      0     95  0.11592185E+01  0.00000000E+00 0.6058E-13      6
  566   19     0     -94      0     94  0.11693931E+01  0.00000000E+00 0.8320E-14      5
  567   19     0     -93      0     93  0.11807099E+01  0.00000000E+00 0.9499E-14      6
  568   19     0     -92      0     92  0.11940584E+01  0.00000000E+00 0.1338E-12      5
  569   19     0     -91      0     91  0.12072348E+01  0.00000000E+00 0.1810E-12      6
  570   19     0     -90      0     90  0.12183549E+01  0.00000000E+00 0.1475E-12      5
  571   19     0     -89      0     89  0.12304572E+01  0.00000000E+00 0.2957E-14      6
  572   19     0     -88      0     88  0.12449590E+01  0.00000000E+00 0.6366E-13      5
  573   19     0     -87      0     87  0.12594773E+01  0.00000000E+00 0.2430E-13      5
  574   19     0     -86      0     86  0.12717142E+01  0.00000000E+00 0.1534E-12      5
  575   19     0     -85      0     85  0.12846668E+01  0.00000000E+00 0.1148E-12      6
  576   19     0     -84      0     84  0.13004560E+01  0.00000000E+00 0.1993E-12      5
  577   19     0     -83      0     83  0.13164933E+01  0.00000000E+00 0.3869E-12      5
  578   19     0     -82      0     82  0.13299601E+01  0.00000000E+00 0.8691E-13      5
  579   19     0     -81      0     81  0.13438485E+01  0.00000000E+00 0.3845E-13      6
  580   19     0     -80      0     80  0.13611030E+01  0.00000000E+00 0.1736E-13      5
  581   19     0     -79      0     79  0.13788046E+01  0.00000000E+00 0.4629E-13      6
  582   19     0     -78      0     78  0.13936044E+01  0.00000000E+00 0.1237E-12      5
  583   19     0     -77      0     77  0.14086588E+01  0.00000000E+00 0.1482E-12      5
  584   19     0     -76      0     76  0.14276235E+01  0.00000000E+00 0.2652E-12      5
  585   19     0     -75      0     75  0.14471865E+01  0.00000000E+00 0.3715E-12      6
  586   19     0     -74      0     74  0.14634756E+01  0.00000000E+00 0.3087E-12      5
  587   19     0     -73      0     73  0.14798391E+01  0.00000000E+00 0.8633E-13      6
  588   19     0     -72      0     72  0.15006492E+01  0.00000000E+00 0.1031E-12      5
  589   19     0     -71      0     71  0.15221528E+01  0.00000000E+00 0.7571E-13      6
  590   19     0     -70      0     70  0.15399300E+01  0.00000000E+00 0.6678E-13      5
  591   19     0     -69      0     69  0.15578495E+01  0.00000000E+00 0.1044E-12      6
  592   19     0     -68      0     68  0.15808538E+01  0.00000000E+00 0.3108E-12      5
  593   19     0     -67      0     67  0.16046839E+01  0.00000000E+00 0.5138E-12      6
  594   19     0     -66      0     66  0.16242167E+01  0.00000000E+00 0.2188E-12      5
  595   19     0     -65      0     65  0.16439207E+01  0.00000000E+00 0.3370E-13      6
  596   19     0     -64      0     64  0.16695396E+01  0.00000000E+00 0.2321E-13      5
  597   19     0     -63      0     63  0.16959814E+01  0.00000000E+00 0.1104E-12      6
  Time elapsed :      1.456 s

Starting search (non-adiabatic)

Finding roots
  Time elapsed :    122.524 s

Processing modes
   id    l     m    n_pg    n_p    n_g       Re(omega)       Im(omega)        chi n_iter
  471   19     0    -189      0    189  0.59351097E+00 -0.14042310E-02 0.5173E-12      8
  472   19     0    -188      0    188  0.59669435E+00 -0.15597284E-02 0.1869E-11     10
  473   19     0    -187      0    187  0.60007766E+00 -0.15310097E-02 0.4725E-12      9
  474   19     0    -186      0    186  0.60323590E+00 -0.13514898E-02 0.3631E-12      9
  475   19     0    -185      0    185  0.60614227E+00 -0.13661690E-02 0.7577E-12      8
  476   19     0    -184      0    184  0.60942935E+00 -0.15057771E-02 0.3310E-12     10
  477   19     0    -183      0    183  0.61293976E+00 -0.14725775E-02 0.7458E-12      8
  478   19     0    -182      0    182  0.61623627E+00 -0.13053884E-02 0.1168E-11      9
  479   19     0    -181      0    181  0.61932011E+00 -0.13206932E-02 0.9373E-12      9
  480   19     0    -180      0    180  0.62277580E+00 -0.14382331E-02 0.2944E-12      7
  481   19     0    -177      0    177  0.63312470E+00 -0.12638791E-02 0.3114E-12     13
  482   19     0    -178      0    178  0.62987657E+00 -0.12423685E-02 0.5421E-12      9
  483   19     0    -176      0    176  0.63674486E+00 -0.13657724E-02 0.8020E-12      8
  484   19     0    -175      0    175  0.64054820E+00 -0.13174981E-02 0.8295E-12      9
  485   19     0    -174      0    174  0.64410845E+00 -0.11826392E-02 0.6173E-12      9
  486   19     0    -173      0    173  0.64755458E+00 -0.12244205E-02 0.2882E-12      9
  487   19     0    -172      0    172  0.65138496E+00 -0.13067869E-02 0.6952E-12      9
  488   19     0    -171      0    171  0.65535668E+00 -0.12443923E-02 0.3305E-12     10
  489   19     0    -170      0    170  0.65904039E+00 -0.11128004E-02 0.5583E-12      8
  490   19     0    -169      0    169  0.66264910E+00 -0.11695947E-02 0.4434E-12     10
  491   19     0    -168      0    168  0.66668546E+00 -0.12430844E-02 0.8435E-12      7
  492   19     0    -167      0    167  0.67084237E+00 -0.11712737E-02 0.6977E-12      9
  493   19     0    -166      0    166  0.67467901E+00 -0.10488655E-02 0.3618E-12     10
  494   19     0    -165      0    165  0.67849268E+00 -0.11162870E-02 0.3776E-12     10
  495   19     0    -164      0    164  0.68276505E+00 -0.11780896E-02 0.7600E-12      8
  496   19     0    -163      0    163  0.68712047E+00 -0.10934657E-02 0.3861E-12      8
  497   19     0    -162      0    162  0.69108285E+00 -0.97414279E-03 0.3279E-12      8
  498   19     0    -161      0    161  0.69508319E+00 -0.10624068E-02 0.8159E-12      7
  499   19     0    -160      0    160  0.69961033E+00 -0.11204155E-02 0.8065E-12      8
  500   19     0    -159      0    159  0.70419318E+00 -0.10310898E-02 0.1261E-12      8
  501   19     0    -158      0    158  0.70832999E+00 -0.91932667E-03 0.2819E-12      8
  502   19     0    -157      0    157  0.71254517E+00 -0.10160370E-02 0.7613E-12      9
  503   19     0    -156      0    156  0.71732449E+00 -0.10700337E-02 0.1068E-11      9
  504   19     0    -155      0    155  0.72212758E+00 -0.97674547E-03 0.8310E-12      9
  505   19     0    -154      0    154  0.72642392E+00 -0.87321698E-03 0.3773E-12      9
  506   19     0    -153      0    153  0.73086335E+00 -0.98386694E-03 0.3729E-12      8
  507   19     0    -152      0    152  0.73592471E+00 -0.10374505E-02 0.4624E-12      9
  508   19     0    -151      0    151  0.74099626E+00 -0.94479701E-03 0.8504E-12      8
  509   19     0    -150      0    150  0.74550586E+00 -0.84029548E-03 0.4669E-12      8
  510   19     0    -149      0    149  0.75016346E+00 -0.95259936E-03 0.2805E-12      8
  511   19     0    -148      0    148  0.75548784E+00 -0.10044359E-02 0.4839E-12      8
  512   19     0    -147      0    147  0.76080376E+00 -0.91002657E-03 0.4387E-12      9
  513   19     0    -146      0    146  0.76553701E+00 -0.81909919E-03 0.3020E-12      8
  514   19     0    -145      0    145  0.77049159E+00 -0.93209825E-03 0.2101E-11      9
  515   19     0    -144      0    144  0.77612240E+00 -0.97406605E-03 0.3652E-12      8
  516   19     0    -143      0    143  0.78169330E+00 -0.87519723E-03 0.4640E-12      9
  517   19     0    -142      0    142  0.78665870E+00 -0.80000524E-03 0.3213E-12      9
  518   19     0    -141      0    141  0.79193596E+00 -0.91390995E-03 0.4607E-12      8
  519   19     0    -140      0    140  0.79788883E+00 -0.94550907E-03 0.1057E-11      9
  520   19     0    -139      0    139  0.80371051E+00 -0.84220621E-03 0.2595E-12      8
  521   19     0    -138      0    138  0.80892271E+00 -0.79044311E-03 0.5292E-12      8
  522   19     0    -137      0    137  0.81458194E+00 -0.90935010E-03 0.6429E-12     10
  523   19     0    -136      0    136  0.82091447E+00 -0.93398863E-03 0.1109E-11      9
  524   19     0    -135      0    135  0.82702961E+00 -0.82349448E-03 0.1074E-11      8
  525   19     0    -134      0    134  0.83247587E+00 -0.78648829E-03 0.8250E-12      8
  526   19     0    -133      0    133  0.83850609E+00 -0.91871522E-03 0.5741E-12      9
  527   19     0    -132      0    132  0.84524648E+00 -0.94148882E-03 0.3683E-12      9
  528   19     0    -131      0    131  0.85170167E+00 -0.82611328E-03 0.1113E-11     10
  529   19     0    -130      0    130  0.85745051E+00 -0.80107205E-03 0.7187E-12      9
  530   19     0    -129      0    129  0.86388328E+00 -0.93997026E-03 0.9747E-12      8
  531   19     0    -128      0    128  0.87102998E+00 -0.95713470E-03 0.8758E-12      9
  532   19     0    -127      0    127  0.87779426E+00 -0.83379553E-03 0.6610E-12     10
  533   19     0    -126      0    126  0.88387149E+00 -0.83353520E-03 0.1032E-11      8
  534   19     0    -125      0    125  0.89079121E+00 -0.97802271E-03 0.1559E-11      8
  535   19     0    -124      0    124  0.89840612E+00 -0.98762257E-03 0.9396E-12     11
  536   19     0    -123      0    123  0.90553281E+00 -0.85323111E-03 0.5094E-12      9
  537   19     0    -122      0    122  0.91195077E+00 -0.87085720E-03 0.1067E-11     10
  538   19     0    -121      0    121  0.91936099E+00 -0.10282560E-02 0.6355E-12      8
  539   19     0    -120      0    120  0.92749036E+00 -0.10393421E-02 0.1187E-11      8
  540   19     0    -119      0    119  0.93505931E+00 -0.89744766E-03 0.2134E-12      9
  541   19     0    -118      0    118  0.94186210E+00 -0.92692546E-03 0.9403E-12      8
  542   19     0    -117      0    117  0.94977206E+00 -0.11062905E-02 0.1970E-11      9
  543   19     0    -116      0    116  0.95844836E+00 -0.11251182E-02 0.5029E-12      8
  544   19     0    -115      0    115  0.96649169E+00 -0.97217137E-03 0.5950E-12      8
  545   19     0    -114      0    114  0.97370556E+00 -0.10167200E-02 0.2240E-12     10
  546   19     0    -113      0    113  0.98215758E+00 -0.12241856E-02 0.9003E-12      9
  547   19     0    -112      0    112  0.99142717E+00 -0.12478758E-02 0.8447E-12     10
  548   19     0    -111      0    111  0.99999141E+00 -0.10713537E-02 0.8920E-12      9
  549   19     0    -110      0    110  0.10076203E+01 -0.11177311E-02 0.3325E-12      8
  550   19     0    -109      0    109  0.10166161E+01 -0.13457252E-02 0.2103E-11      8
  551   19     0    -108      1    109  0.10265231E+01 -0.13620286E-02 0.3658E-12      8
  552   19     0    -108      0    108  0.10357199E+01 -0.11555115E-02 0.2333E-12     12
  553   19     0    -107      0    107  0.10438292E+01 -0.11684362E-02 0.9592E-12     10
  554   19     0    -106      0    106  0.10533629E+01 -0.13928622E-02 0.9985E-12     10
  555   19     0    -105      0    105  0.10639776E+01 -0.13923466E-02 0.1531E-11      8
  556   19     0    -104      0    104  0.10739577E+01 -0.11605349E-02 0.1525E-11      8
  557   19     0    -103      0    103  0.10826072E+01 -0.11045655E-02 0.5552E-12      8
  558   19     0    -102      0    102  0.10926624E+01 -0.12985021E-02 0.1299E-11      9
  559   19     0    -101      0    101  0.11040707E+01 -0.12712554E-02 0.1169E-11      9
  560   19     0    -100      0    100  0.11149889E+01 -0.10320039E-02 0.6319E-12      9
  561   19     0     -99      0     99  0.11243188E+01 -0.90584546E-03 0.5046E-12      8
  562   19     0     -98      0     98  0.11349466E+01 -0.10377376E-02 0.2133E-11      9
  563   19     0     -97      0     97  0.11472647E+01 -0.98585841E-03 0.8506E-12     10
  564   19     0     -96      0     96  0.11592537E+01 -0.77601781E-03 0.1166E-11      9
  565   19     0     -95      0     95  0.11694193E+01 -0.63482862E-03 0.1761E-11      8
  566   19     0     -94      0     94  0.11807497E+01 -0.71297786E-03 0.2786E-11      9
  567   19     0     -93      0     93  0.11941104E+01 -0.66778303E-03 0.1073E-11      9
  568   19     0     -92      0     92  0.12072862E+01 -0.51987291E-03 0.1819E-12      8
  569   19     0     -91      0     91  0.12183980E+01 -0.40618155E-03 0.4498E-11      8
  570   19     0     -90      0     90  0.12305131E+01 -0.45439846E-03 0.3141E-11      8
  571   19     0     -89      0     89  0.12450215E+01 -0.42716601E-03 0.1789E-11     10
  572   19     0     -88      0     88  0.12595333E+01 -0.33391559E-03 0.1829E-11      9
  573   19     0     -87      0     87  0.12717592E+01 -0.25071205E-03 0.6583E-11      8
  574   19     0     -86      0     86  0.12847213E+01 -0.27962303E-03 0.9594E-11      8
  575   19     0     -85      0     85  0.13005135E+01 -0.26576754E-03 0.4465E-11     10
  576   19     0     -84      0     84  0.13165426E+01 -0.20914775E-03 0.3563E-11      8
  577   19     0     -83      0     83  0.13299977E+01 -0.15142085E-03 0.2582E-11      9
  578   19     0     -82      0     82  0.13438931E+01 -0.17004357E-03 0.1330E-10      9
  579   19     0     -81      0     81  0.13611489E+01 -0.16400808E-03 0.6145E-11      9
  580   19     0     -80      0     80  0.13788431E+01 -0.12972210E-03 0.5935E-11     10
  581   19     0     -79      0     79  0.13936327E+01 -0.91890466E-04 0.1111E-10      9
  582   19     0     -78      0     78  0.14086921E+01 -0.10441878E-03 0.1215E-10     10
  583   19     0     -77      0     77  0.14276576E+01 -0.10224345E-03 0.1997E-10     10
  584   19     0     -76      0     76  0.14472150E+01 -0.81965979E-04 0.1902E-10      9
  585   19     0     -75      0     75  0.14634961E+01 -0.57708947E-04 0.1523E-10      8
  586   19     0     -74      0     74  0.14798634E+01 -0.66824172E-04 0.2031E-10     10
  587   19     0     -73      0     73  0.15006743E+01 -0.66852292E-04 0.1267E-10     10
  588   19     0     -72      0     72  0.15221737E+01 -0.54155927E-04 0.1001E-10     10
  589   19     0     -71      0     71  0.15399448E+01 -0.37946934E-04 0.1744E-10      8
  590   19     0     -70      0     70  0.15578673E+01 -0.44615499E-04 0.6208E-10      8
  591   19     0     -69      0     69  0.15808719E+01 -0.44484052E-04 0.3050E-10      9
  592   19     0     -68      0     68  0.16046985E+01 -0.35668484E-04 0.1324E-10     10
  593   19     0     -67      0     67  0.16242268E+01 -0.24364249E-04 0.2455E-10      8
  594   19     0     -66      0     66  0.16439329E+01 -0.29033145E-04 0.9372E-10     10
  595   19     0     -65      0     65  0.16695518E+01 -0.28849771E-04 0.1087E-09     11
  596   19     0     -64      0     64  0.16959912E+01 -0.22874945E-04 0.3393E-10     10
  597   19     0     -63      0     63  0.17172147E+01 -0.15579033E-04 0.4523E-10      9
  Time elapsed :      5.484 s

Mode Search
-----------

Mode parameters
   l : 20
   m : 0

Building frequency grid (REAL axis)
   added scan interval :  0.5234E+00 ->  0.2094E+01 (3000 points, INVERSE)

Building spatial grid
   Scaffold grid from model
   Split 279 subinterval(s) in iteration 1
   Split 29 subinterval(s) in iteration 2
   Split 0 subinterval(s) in iteration 3
   Final grid has 1 segment(s) and 7445 point(s):
      Segment 1 : x range 0.0000 -> 1.0012 (1 -> 7445)

Starting search (adiabatic)

Scanning frequencies
  Time elapsed :    23.807 s

Finding roots
  Time elapsed :      6.232 s

Processing modes
   id    l     m    n_pg    n_p    n_g       Re(omega)       Im(omega)        chi n_iter
  637   20     0    -199      0    199  0.59350246E+00  0.00000000E+00 0.1199E-13      6
  638   20     0    -198      0    198  0.59640819E+00  0.00000000E+00 0.4826E-12      5
  639   20     0    -197      0    197  0.59926203E+00  0.00000000E+00 0.8191E-14      6
  640   20     0    -196      0    196  0.60236442E+00  0.00000000E+00 0.1728E-12      5
  641   20     0    -195      0    195  0.60556348E+00  0.00000000E+00 0.1184E-12      6
  642   20     0    -194      0    194  0.60855690E+00  0.00000000E+00 0.7008E-12      5
  643   20     0    -193      0    193  0.61149814E+00  0.00000000E+00 0.9738E-13      6
  644   20     0    -192      0    192  0.61475004E+00  0.00000000E+00 0.4113E-13      5
  645   20     0    -191      0    191  0.61811028E+00  0.00000000E+00 0.2042E-12      6
  646   20     0    -190      0    190  0.62122333E+00  0.00000000E+00 0.1574E-12      5
  647   20     0    -189      0    189  0.62425030E+00  0.00000000E+00 0.4635E-13      6
  648   20     0    -188      0    188  0.62763138E+00  0.00000000E+00 0.4821E-12      5
  649   20     0    -187      0    187  0.63115286E+00  0.00000000E+00 0.1982E-12      6
  650   20     0    -186      0    186  0.63443273E+00  0.00000000E+00 0.1402E-13      5
  651   20     0    -185      0    185  0.63758613E+00  0.00000000E+00 0.4214E-13      6
  652   20     0    -184      0    184  0.64108023E+00  0.00000000E+00 0.1316E-12      5
  653   20     0    -183      0    183  0.64472783E+00  0.00000000E+00 0.4434E-12      6
  654   20     0    -182      0    182  0.64814484E+00  0.00000000E+00 0.8100E-12      5
  655   20     0    -181      0    181  0.65146258E+00  0.00000000E+00 0.2166E-14      6
  656   20     0    -180      0    180  0.65512189E+00  0.00000000E+00 0.1437E-12      5
  657   20     0    -179      0    179  0.65892168E+00  0.00000000E+00 0.4489E-12      6
  658   20     0    -178      0    178  0.66248017E+00  0.00000000E+00 0.2279E-12      6
  659   20     0    -177      0    177  0.66595343E+00  0.00000000E+00 0.3828E-12      5
  660   20     0    -176      0    176  0.66977377E+00  0.00000000E+00 0.4127E-12      5
  661   20     0    -175      0    175  0.67371574E+00  0.00000000E+00 0.3290E-14      6
  662   20     0    -174      0    174  0.67741290E+00  0.00000000E+00 0.5725E-12      5
  663   20     0    -173      0    173  0.68108251E+00  0.00000000E+00 0.7715E-12      5
  664   20     0    -172      0    172  0.68510969E+00  0.00000000E+00 0.1824E-12      5
  665   20     0    -171      0    171  0.68922285E+00  0.00000000E+00 0.1073E-14      6
  666   20     0    -170      0    170  0.69305149E+00  0.00000000E+00 0.5885E-13      5
  667   20     0    -169      0    169  0.69688476E+00  0.00000000E+00 0.5666E-13      6
  668   20     0    -168      0    168  0.70111746E+00  0.00000000E+00 0.6959E-13      5
  669   20     0    -167      0    167  0.70542201E+00  0.00000000E+00 0.2736E-12      5
  670   20     0    -166      0    166  0.70941501E+00  0.00000000E+00 0.2975E-12      5
  671   20     0    -165      0    165  0.71345011E+00  0.00000000E+00 0.4602E-12      6
  672   20     0    -164      0    164  0.71791681E+00  0.00000000E+00 0.1635E-14      5
  673   20     0    -163      0    163  0.72242490E+00  0.00000000E+00 0.2020E-12      6
  674   20     0    -162      0    162  0.72655461E+00  0.00000000E+00 0.2557E-12      5
  675   20     0    -161      0    161  0.73077669E+00  0.00000000E+00 0.1784E-12      6
  676   20     0    -160      0    160  0.73550094E+00  0.00000000E+00 0.1786E-12      5
  677   20     0    -159      0    159  0.74025154E+00  0.00000000E+00 0.3622E-12      6
  678   20     0    -158      0    158  0.74457118E+00  0.00000000E+00 0.2226E-12      5
  679   20     0    -157      0    157  0.74900527E+00  0.00000000E+00 0.6502E-12      6
  680   20     0    -156      0    156  0.75398719E+00  0.00000000E+00 0.8293E-13      5
  681   20     0    -155      0    155  0.75897657E+00  0.00000000E+00 0.2815E-12      6
  682   20     0    -154      0    154  0.76347457E+00  0.00000000E+00 0.7468E-12      5
  683   20     0    -153      0    153  0.76813276E+00  0.00000000E+00 0.3139E-12      6
  684   20     0    -152      0    152  0.77340661E+00  0.00000000E+00 0.6903E-13      5
  685   20     0    -151      0    151  0.77868811E+00  0.00000000E+00 0.9804E-15      5
  686   20     0    -150      0    150  0.78341765E+00  0.00000000E+00 0.1469E-12      5
  687   20     0    -149      0    149  0.78829254E+00  0.00000000E+00 0.9522E-13      6
  688   20     0    -148      0    148  0.79383822E+00  0.00000000E+00 0.4782E-12      5
  689   20     0    -147      0    147  0.79938776E+00  0.00000000E+00 0.4007E-12      6
  690   20     0    -146      0    146  0.80436137E+00  0.00000000E+00 0.3691E-12      5
  691   20     0    -145      0    145  0.80953182E+00  0.00000000E+00 0.3474E-13      6
  692   20     0    -144      0    144  0.81539457E+00  0.00000000E+00 0.4566E-13      5
  693   20     0    -143      0    143  0.82122352E+00  0.00000000E+00 0.1111E-12      6
  694   20     0    -142      0    142  0.82644688E+00  0.00000000E+00 0.5771E-12      5
  695   20     0    -141      0    141  0.83193876E+00  0.00000000E+00 0.4933E-12      5
  696   20     0    -140      0    140  0.83813707E+00  0.00000000E+00 0.2398E-12      5
  697   20     0    -139      0    139  0.84424405E+00  0.00000000E+00 0.4392E-13      6
  698   20     0    -138      0    138  0.84972950E+00  0.00000000E+00 0.8623E-13      6
  699   20     0    -137      0    137  0.85560306E+00  0.00000000E+00 0.3623E-15      6
  700   20     0    -136      0    136  0.86219831E+00  0.00000000E+00 0.7903E-13      6
  701   20     0    -135      0    135  0.86862951E+00  0.00000000E+00 0.2006E-12      6
  702   20     0    -134      0    134  0.87436400E+00  0.00000000E+00 0.5978E-12      5
  703   20     0    -133      0    133  0.88060604E+00  0.00000000E+00 0.2083E-12      5
  704   20     0    -132      0    132  0.88762872E+00  0.00000000E+00 0.8679E-13      5
  705   20     0    -131      0    131  0.89443481E+00  0.00000000E+00 0.2693E-12      6
  706   20     0    -130      0    130  0.90048752E+00  0.00000000E+00 0.5773E-13      6
  707   20     0    -129      0    129  0.90713131E+00  0.00000000E+00 0.3686E-12      6
  708   20     0    -128      0    128  0.91458129E+00  0.00000000E+00 0.8218E-13      6
  709   20     0    -127      0    127  0.92173330E+00  0.00000000E+00 0.5217E-13      6
  710   20     0    -126      0    126  0.92812221E+00  0.00000000E+00 0.8808E-13      6
  711   20     0    -125      0    125  0.93525519E+00  0.00000000E+00 0.5006E-13      5
  712   20     0    -124      0    124  0.94319930E+00  0.00000000E+00 0.3064E-13      6
  713   20     0    -123      0    123  0.95075484E+00  0.00000000E+00 0.1790E-12      6
  714   20     0    -122      0    122  0.95749363E+00  0.00000000E+00 0.3474E-12      5
  715   20     0    -121      0    121  0.96511502E+00  0.00000000E+00 0.1877E-12      6
  716   20     0    -120      0    120  0.97359792E+00  0.00000000E+00 0.5191E-12      5
  717   20     0    -119      0    119  0.98164027E+00  0.00000000E+00 0.2136E-13      6
  718   20     0    -118      0    118  0.98878059E+00  0.00000000E+00 0.7396E-14      6
  719   20     0    -117      0    117  0.99689554E+00  0.00000000E+00 0.4916E-13      6
  720   20     0    -116      0    116  0.10059485E+01  0.00000000E+00 0.1665E-12      6
  721   20     0    -115      0    115  0.10145156E+01  0.00000000E+00 0.3159E-12      6
  722   20     0    -114      0    114  0.10220872E+01  0.00000000E+00 0.1490E-12      5
  723   20     0    -113      0    113  0.10307380E+01  0.00000000E+00 0.4667E-13      6
  724   20     0    -112      0    112  0.10404116E+01  0.00000000E+00 0.1593E-12      6
  725   20     0    -111      0    111  0.10495578E+01  0.00000000E+00 0.2394E-12      6
  726   20     0    -110      0    110  0.10575773E+01  0.00000000E+00 0.2565E-13      6
  727   20     0    -109      0    109  0.10667690E+01  0.00000000E+00 0.2772E-12      6
  728   20     0    -108      0    108  0.10771101E+01  0.00000000E+00 0.1701E-12      6
  729   20     0    -107      0    107  0.10869453E+01  0.00000000E+00 0.2244E-12      6
  730   20     0    -106      0    106  0.10954983E+01  0.00000000E+00 0.8681E-13      6
  731   20     0    -105      0    105  0.11052237E+01  0.00000000E+00 0.2818E-13      6
  732   20     0    -104      0    104  0.11162890E+01  0.00000000E+00 0.1216E-12      5
  733   20     0    -103      0    103  0.11269529E+01  0.00000000E+00 0.1409E-12      6
  734   20     0    -102      0    102  0.11361173E+01  0.00000000E+00 0.1537E-12      6
  735   20     0    -101      0    101  0.11463421E+01  0.00000000E+00 0.1237E-12      5
  736   20     0    -100      0    100  0.11581970E+01  0.00000000E+00 0.2661E-13      5
  737   20     0     -99      0     99  0.11698365E+01  0.00000000E+00 0.1388E-12      6
  738   20     0     -98      0     98  0.11797686E+01  0.00000000E+00 0.1069E-12      6
  739   20     0     -97      0     97  0.11905328E+01  0.00000000E+00 0.1920E-12      6
  740   20     0     -96      0     96  0.12032850E+01  0.00000000E+00 0.2786E-12      5
  741   20     0     -95      0     95  0.12160416E+01  0.00000000E+00 0.2026E-12      6
  742   20     0     -94      0     94  0.12269133E+01  0.00000000E+00 0.2553E-12      5
  743   20     0     -93      0     93  0.12383533E+01  0.00000000E+00 0.3638E-13      6
  744   20     0     -92      0     92  0.12521411E+01  0.00000000E+00 0.3074E-12      5
  745   20     0     -91      0     91  0.12661399E+01  0.00000000E+00 0.3002E-13      6
  746   20     0     -90      0     90  0.12780810E+01  0.00000000E+00 0.7482E-13      5
  747   20     0     -89      0     89  0.12902865E+01  0.00000000E+00 0.1889E-13      6
  748   20     0     -88      0     88  0.13052111E+01  0.00000000E+00 0.1967E-13      5
  749   20     0     -87      0     87  0.13205970E+01  0.00000000E+00 0.1156E-12      6
  750   20     0     -86      0     86  0.13338001E+01  0.00000000E+00 0.1088E-12      5
  751   20     0     -85      0     85  0.13468460E+01  0.00000000E+00 0.1055E-12      6
  752   20     0     -84      0     84  0.13630282E+01  0.00000000E+00 0.4378E-13      5
  753   20     0     -83      0     83  0.13799793E+01  0.00000000E+00 0.1076E-12      6
  754   20     0     -82      0     82  0.13945746E+01  0.00000000E+00 0.1161E-13      5
  755   20     0     -81      0     81  0.14085380E+01  0.00000000E+00 0.7512E-14      6
  756   20     0     -80      0     80  0.14261519E+01  0.00000000E+00 0.1158E-12      5
  757   20     0     -79      0     79  0.14448298E+01  0.00000000E+00 0.9932E-13      6
  758   20     0     -78      0     78  0.14609174E+01  0.00000000E+00 0.8828E-13      6
  759   20     0     -77      0     77  0.14760212E+01  0.00000000E+00 0.2114E-12      6
  760   20     0     -76      0     76  0.14953227E+01  0.00000000E+00 0.1120E-12      5
  761   20     0     -75      0     75  0.15159208E+01  0.00000000E+00 0.5708E-13      6
  762   20     0     -74      0     74  0.15336420E+01  0.00000000E+00 0.3371E-13      5
  763   20     0     -73      0     73  0.15500145E+01  0.00000000E+00 0.2791E-12      6
  764   20     0     -72      0     72  0.15711212E+01  0.00000000E+00 0.7455E-13      6
  765   20     0     -71      0     71  0.15937249E+01  0.00000000E+00 0.6506E-13      6
  766   20     0     -70      0     70  0.16130907E+01  0.00000000E+00 0.1058E-12      6
  767   20     0     -69      0     69  0.16309480E+01  0.00000000E+00 0.1503E-12      6
  768   20     0     -68      0     68  0.16542383E+01  0.00000000E+00 0.1120E-12      6
  769   20     0     -67      0     67  0.16792758E+01  0.00000000E+00 0.9373E-13      6
  770   20     0     -66      0     66  0.17006307E+01  0.00000000E+00 0.9752E-13      5
  Time elapsed :      1.531 s

Starting search (non-adiabatic)

Finding roots
  Time elapsed :    130.629 s

Processing modes
   id    l     m    n_pg    n_p    n_g       Re(omega)       Im(omega)        chi n_iter
  637   20     0    -199      0    199  0.59315006E+00 -0.13881841E-02 0.6471E-12      8
  638   20     0    -198      0    198  0.59607510E+00 -0.12889711E-02 0.2497E-12      9
  639   20     0    -197      0    197  0.59885992E+00 -0.13401033E-02 0.6589E-12      8
  640   20     0    -196      0    196  0.60193793E+00 -0.14747203E-02 0.5846E-12      8
  641   20     0    -195      0    195  0.60517244E+00 -0.14666254E-02 0.3880E-12      9
  642   20     0    -194      0    194  0.60818610E+00 -0.13350343E-02 0.2433E-12      8
  643   20     0    -193      0    193  0.61102986E+00 -0.14054868E-02 0.7059E-12     10
  644   20     0    -192      0    192  0.61424515E+00 -0.15622982E-02 0.5319E-12      9
  645   20     0    -191      0    191  0.61763890E+00 -0.15466628E-02 0.3473E-12      8
  646   20     0    -190      0    190  0.62078441E+00 -0.13775962E-02 0.2708E-12      8
  647   20     0    -189      0    189  0.62369243E+00 -0.14303372E-02 0.2232E-12      9
  648   20     0    -188      0    188  0.62701938E+00 -0.15980064E-02 0.3416E-12      8
  649   20     0    -186      0    186  0.63390014E+00 -0.14016438E-02 0.3729E-12     11
  650   20     0    -185      0    185  0.63694895E+00 -0.14076686E-02 0.4461E-12      8
  651   20     0    -184      0    184  0.64038009E+00 -0.15590286E-02 0.1063E-11     11
  652   20     0    -183      0    183  0.64406236E+00 -0.15355831E-02 0.4545E-12     11
  653   20     0    -182      0    182  0.64753765E+00 -0.13653657E-02 0.4522E-12      9
  654   20     0    -181      0    181  0.65076934E+00 -0.13702579E-02 0.4263E-12      8
  655   20     0    -180      0    180  0.65437527E+00 -0.14981373E-02 0.3831E-12      8
  656   20     0    -179      0    179  0.65821917E+00 -0.14657921E-02 0.3815E-12      9
  657   20     0    -178      0    178  0.66184339E+00 -0.13044788E-02 0.7007E-12      9
  658   20     0    -177      0    177  0.66524478E+00 -0.13147435E-02 0.7900E-12      8
  659   20     0    -175      0    175  0.67301490E+00 -0.13848414E-02 0.8040E-12     11
  660   20     0    -176      0    176  0.66902221E+00 -0.14263461E-02 0.6260E-12      7
  661   20     0    -174      0    174  0.67677017E+00 -0.12421603E-02 0.5672E-12      8
  662   20     0    -173      0    173  0.68037476E+00 -0.12739385E-02 0.2374E-12      8
  663   20     0    -172      0    172  0.68437234E+00 -0.13654262E-02 0.2374E-12      9
  664   20     0    -171      0    171  0.68854433E+00 -0.13086398E-02 0.5515E-12      9
  665   20     0    -170      0    170  0.69243165E+00 -0.11672212E-02 0.8385E-12     10
  666   20     0    -169      0    169  0.69620191E+00 -0.12145114E-02 0.4937E-13      8
  667   20     0    -168      0    168  0.70041443E+00 -0.12974181E-02 0.3612E-12     10
  668   20     0    -167      0    167  0.70478417E+00 -0.12306254E-02 0.2936E-12      8
  669   20     0    -166      0    166  0.70883410E+00 -0.10969182E-02 0.3161E-12      8
  670   20     0    -165      0    165  0.71281394E+00 -0.11557600E-02 0.6704E-12      9
  671   20     0    -164      0    164  0.71727267E+00 -0.12270224E-02 0.5649E-12     11
  672   20     0    -163      0    163  0.72185459E+00 -0.11473268E-02 0.7106E-12     10
  673   20     0    -162      0    162  0.72603956E+00 -0.10149449E-02 0.2129E-12      9
  674   20     0    -161      0    161  0.73020747E+00 -0.10960775E-02 0.6619E-12      9
  675   20     0    -160      0    160  0.73493223E+00 -0.11643266E-02 0.9806E-12      9
  676   20     0    -159      0    159  0.73975698E+00 -0.10799874E-02 0.3906E-12      9
  677   20     0    -158      0    158  0.74412733E+00 -0.95432321E-03 0.4318E-12      8
  678   20     0    -157      0    157  0.74851413E+00 -0.10447202E-02 0.4196E-12     10
  679   20     0    -156      0    156  0.75350168E+00 -0.11092101E-02 0.7358E-12     10
  680   20     0    -155      0    155  0.75856161E+00 -0.10213125E-02 0.5207E-12     11
  681   20     0    -154      0    154  0.76310159E+00 -0.90287924E-03 0.3899E-12     10
  682   20     0    -153      0    153  0.76771574E+00 -0.10082588E-02 0.6355E-12      8
  683   20     0    -152      0    152  0.77299716E+00 -0.10725211E-02 0.1766E-11      9
  684   20     0    -151      0    151  0.77834169E+00 -0.98557840E-03 0.5679E-13      9
  685   20     0    -150      0    150  0.78310913E+00 -0.86580174E-03 0.9342E-12      8
  686   20     0    -149      0    149  0.78794607E+00 -0.97230449E-03 0.1649E-12      9
  687   20     0    -148      0    148  0.79350106E+00 -0.10350819E-02 0.1397E-11      9
  688   20     0    -147      0    147  0.79910649E+00 -0.94654997E-03 0.3102E-12      8
  689   20     0    -146      0    146  0.80410805E+00 -0.83969068E-03 0.4719E-12      8
  690   20     0    -145      0    145  0.80924981E+00 -0.94798857E-03 0.5525E-12     10
  691   20     0    -144      0    144  0.81512642E+00 -0.10006875E-02 0.2746E-12      8
  692   20     0    -143      0    143  0.82100510E+00 -0.90755231E-03 0.8225E-12      9
  693   20     0    -142      0    142  0.82624719E+00 -0.81556499E-03 0.2653E-12      9
  694   20     0    -141      0    141  0.83171980E+00 -0.92639108E-03 0.1092E-11      8
  695   20     0    -140      0    140  0.83793617E+00 -0.96877412E-03 0.9538E-12     10
  696   20     0    -139      0    139  0.84408622E+00 -0.87105799E-03 0.6376E-12      8
  697   20     0    -138      0    138  0.84958094E+00 -0.80129555E-03 0.9862E-13      8
  698   20     0    -137      0    137  0.85544427E+00 -0.91936317E-03 0.8638E-12      8
  699   20     0    -136      0    136  0.86206017E+00 -0.95507547E-03 0.7531E-12      8
  700   20     0    -135      0    135  0.86852807E+00 -0.85059409E-03 0.6936E-12      9
  701   20     0    -134      0    134  0.87426451E+00 -0.79307553E-03 0.1065E-12      8
  702   20     0    -133      0    133  0.88050297E+00 -0.92619994E-03 0.7669E-12      9
  703   20     0    -132      0    132  0.88754744E+00 -0.96084837E-03 0.6881E-12      9
  704   20     0    -131      0    131  0.89438291E+00 -0.85176221E-03 0.8336E-12      9
  705   20     0    -130      0    130  0.90043251E+00 -0.80375144E-03 0.5060E-12      8
  706   20     0    -129      0    129  0.90708021E+00 -0.94480505E-03 0.1497E-11      9
  707   20     0    -128      0    128  0.91455307E+00 -0.97505404E-03 0.4520E-12      8
  708   20     0    -127      0    127  0.92172666E+00 -0.85763170E-03 0.1008E-11      9
  709   20     0    -126      0    126  0.92810801E+00 -0.83147459E-03 0.8438E-12      8
  710   20     0    -125      0    125  0.93525376E+00 -0.98038808E-03 0.3376E-11     10
  711   20     0    -124      0    124  0.94322172E+00 -0.10042488E-02 0.1260E-11     10
  712   20     0    -123      0    123  0.95079186E+00 -0.87620241E-03 0.4570E-12     10
  713   20     0    -122      0    122  0.95752059E+00 -0.86436118E-03 0.8441E-12      8
  714   20     0    -121      0    121  0.96516374E+00 -0.10285678E-02 0.1150E-11     10
  715   20     0    -120      0    120  0.97367186E+00 -0.10561133E-02 0.9733E-12     10
  716   20     0    -119      0    119  0.98172239E+00 -0.92226805E-03 0.7488E-12      8
  717   20     0    -118      0    118  0.98884981E+00 -0.91763147E-03 0.1196E-11      9
  718   20     0    -117      0    117  0.99699474E+00 -0.11059048E-02 0.7882E-12      9
  719   20     0    -116      0    116  0.10060738E+01 -0.11446264E-02 0.8987E-12     10
  720   20     0    -115      0    115  0.10146414E+01 -0.10018986E-02 0.6556E-12     10
  721   20     0    -114      0    114  0.10221938E+01 -0.10051150E-02 0.1242E-11      8
  722   20     0    -113      0    113  0.10308796E+01 -0.12242696E-02 0.1074E-11      9
  723   20     0    -112      0    112  0.10405761E+01 -0.12718389E-02 0.1257E-11     11
  724   20     0    -111      0    111  0.10497126E+01 -0.11083940E-02 0.1940E-12      9
  725   20     0    -110      0    110  0.10577004E+01 -0.11033968E-02 0.3785E-12      8
  726   20     0    -109      0    109  0.10669233E+01 -0.13459573E-02 0.2831E-11     11
  727   20     0    -108      1    109  0.10772785E+01 -0.13903382E-02 0.1295E-11      8
  728   20     0    -109      0    109  0.10870965E+01 -0.12014910E-02 0.9783E-12     10
  729   20     0    -107      0    107  0.10956058E+01 -0.11552745E-02 0.1637E-11      9
  730   20     0    -106      0    106  0.11053502E+01 -0.13952324E-02 0.1953E-11      9
  731   20     0    -105      0    105  0.11164214E+01 -0.14259376E-02 0.2227E-11     10
  732   20     0    -104      0    104  0.11270685E+01 -0.12163590E-02 0.8396E-12      9
  733   20     0    -103      0    103  0.11361879E+01 -0.10968511E-02 0.8008E-12     11
  734   20     0    -102      0    102  0.11464202E+01 -0.13004704E-02 0.9241E-12      9
  735   20     0    -101      0    101  0.11582802E+01 -0.13020539E-02 0.1517E-11      9
  736   20     0    -100      0    100  0.11699114E+01 -0.10834494E-02 0.2326E-12     10
  737   20     0     -99      0     99  0.11798146E+01 -0.89842860E-03 0.1678E-11      9
  738   20     0     -98      0     98  0.11905871E+01 -0.10284312E-02 0.2325E-11      9
  739   20     0     -97      0     97  0.12033520E+01 -0.10002621E-02 0.2885E-12      9
  740   20     0     -96      0     96  0.12161081E+01 -0.80806994E-03 0.1462E-11      9
  741   20     0     -95      0     95  0.12269647E+01 -0.62560970E-03 0.4152E-12      8
  742   20     0     -94      0     94  0.12384178E+01 -0.69630251E-03 0.2751E-11     10
  743   20     0     -93      0     93  0.12522181E+01 -0.67019017E-03 0.1154E-11      8
  744   20     0     -92      0     92  0.12662130E+01 -0.53678825E-03 0.1531E-12      8
  745   20     0     -91      0     91  0.12781394E+01 -0.39872082E-03 0.2883E-11      8
  746   20     0     -90      0     90  0.12903566E+01 -0.43760227E-03 0.1277E-11      8
  747   20     0     -89      0     89  0.13052887E+01 -0.42389599E-03 0.4061E-11      9
  748   20     0     -88      0     88  0.13206668E+01 -0.34116608E-03 0.2463E-11      8
  749   20     0     -87      0     87  0.13338537E+01 -0.24543632E-03 0.4102E-11      9
  750   20     0     -86      0     86  0.13469074E+01 -0.26494023E-03 0.7629E-11      8
  751   20     0     -85      0     85  0.13630940E+01 -0.26054997E-03 0.1849E-10      9
  752   20     0     -84      0     84  0.13800369E+01 -0.21158526E-03 0.2585E-11      9
  753   20     0     -83      0     83  0.13946169E+01 -0.14812124E-03 0.6845E-11      8
  754   20     0     -82      0     82  0.14085852E+01 -0.15875222E-03 0.7677E-11      9
  755   20     0     -81      0     81  0.14262021E+01 -0.15920438E-03 0.1114E-10      8
  756   20     0     -80      0     80  0.14448730E+01 -0.13024741E-03 0.8837E-11     11
  757   20     0     -79      0     79  0.14609482E+01 -0.89787759E-04 0.1115E-10      9
  758   20     0     -78      0     78  0.14760553E+01 -0.96660144E-04 0.2518E-10      8
  759   20     0     -77      0     77  0.14953590E+01 -0.99027015E-04 0.1687E-10      9
  760   20     0     -76      0     76  0.15159521E+01 -0.82452537E-04 0.1066E-10     10
  761   20     0     -75      0     75  0.15336641E+01 -0.56899493E-04 0.1887E-10      8
  762   20     0     -74      0     74  0.15500391E+01 -0.61979662E-04 0.2067E-10      8
  763   20     0     -73      0     73  0.15711476E+01 -0.64980029E-04 0.2207E-10      9
  764   20     0     -72      0     72  0.15937476E+01 -0.54630419E-04 0.3807E-10      9
  765   20     0     -71      0     71  0.16131065E+01 -0.37385670E-04 0.4511E-11      8
  766   20     0     -70      0     70  0.16309656E+01 -0.41095664E-04 0.2213E-10      9
  767   20     0     -69      0     69  0.16542569E+01 -0.42939081E-04 0.8942E-11     10
  768   20     0     -68      0     68  0.16792915E+01 -0.35786108E-04 0.3711E-10     13
  769   20     0     -67      0     67  0.17006413E+01 -0.23915023E-04 0.6633E-10      8
  770   20     0     -66      0     66  0.17201785E+01 -0.26566744E-04 0.1471E-09      9
  Time elapsed :      5.678 s

Mode Search
-----------

Mode parameters
   l : 21
   m : 0

Building frequency grid (REAL axis)
   added scan interval :  0.5234E+00 ->  0.2094E+01 (3000 points, INVERSE)

Building spatial grid
   Scaffold grid from model
   Split 281 subinterval(s) in iteration 1
   Split 30 subinterval(s) in iteration 2
   Split 0 subinterval(s) in iteration 3
   Final grid has 1 segment(s) and 7448 point(s):
      Segment 1 : x range 0.0000 -> 1.0012 (1 -> 7448)

Starting search (adiabatic)

Scanning frequencies
  Time elapsed :    23.579 s

Finding roots
  Time elapsed :      6.530 s

Processing modes
   id    l     m    n_pg    n_p    n_g       Re(omega)       Im(omega)        chi n_iter
  812   21     0    -209      0    209  0.59258100E+00  0.00000000E+00 0.4087E-13      5
  813   21     0    -208      0    208  0.59535452E+00  0.00000000E+00 0.9659E-13      6
  814   21     0    -207      0    207  0.59831003E+00  0.00000000E+00 0.6083E-12      5
  815   21     0    -206      0    206  0.60120542E+00  0.00000000E+00 0.5604E-12      6
  816   21     0    -205      0    205  0.60398865E+00  0.00000000E+00 0.4655E-12      6
  817   21     0    -204      0    204  0.60691713E+00  0.00000000E+00 0.5107E-12      5
  818   21     0    -203      0    203  0.60998594E+00  0.00000000E+00 0.2372E-12      5
  819   21     0    -202      0    202  0.61295595E+00  0.00000000E+00 0.2267E-12      6
  820   21     0    -201      0    201  0.61583951E+00  0.00000000E+00 0.3704E-12      6
  821   21     0    -200      0    200  0.61891693E+00  0.00000000E+00 0.2044E-12      5
  822   21     0    -199      0    199  0.62211864E+00  0.00000000E+00 0.2926E-12      6
  823   21     0    -198      0    198  0.62517506E+00  0.00000000E+00 0.2896E-12      5
  824   21     0    -197      0    197  0.62815868E+00  0.00000000E+00 0.6978E-13      5
  825   21     0    -196      0    196  0.63139333E+00  0.00000000E+00 0.1047E-12      5
  826   21     0    -195      0    195  0.63474704E+00  0.00000000E+00 0.5380E-14      6
  827   21     0    -194      0    194  0.63789887E+00  0.00000000E+00 0.3639E-12      5
  828   21     0    -193      0    193  0.64097037E+00  0.00000000E+00 0.1993E-12      6
  829   21     0    -192      0    192  0.64435833E+00  0.00000000E+00 0.1026E-11      5
  830   21     0    -191      0    191  0.64788176E+00  0.00000000E+00 0.5784E-13      6
  831   21     0    -190      0    190  0.65116303E+00  0.00000000E+00 0.2533E-12      6
  832   21     0    -189      0    189  0.65432307E+00  0.00000000E+00 0.1572E-12      6
  833   21     0    -188      0    188  0.65784267E+00  0.00000000E+00 0.8442E-12      5
  834   21     0    -187      0    187  0.66153413E+00  0.00000000E+00 0.1085E-12      5
  835   21     0    -186      0    186  0.66499174E+00  0.00000000E+00 0.3466E-12      6
  836   21     0    -185      0    185  0.66828587E+00  0.00000000E+00 0.1267E-12      5
  837   21     0    -184      0    184  0.67192173E+00  0.00000000E+00 0.2736E-12      5
  838   21     0    -183      0    183  0.67574487E+00  0.00000000E+00 0.3598E-12      6
  839   21     0    -182      0    182  0.67934584E+00  0.00000000E+00 0.3694E-12      5
  840   21     0    -181      0    181  0.68281048E+00  0.00000000E+00 0.7188E-13      6
  841   21     0    -180      0    180  0.68661899E+00  0.00000000E+00 0.4033E-12      5
  842   21     0    -179      0    179  0.69060223E+00  0.00000000E+00 0.1002E-12      6
  843   21     0    -178      0    178  0.69435137E+00  0.00000000E+00 0.3119E-12      6
  844   21     0    -177      0    177  0.69797657E+00  0.00000000E+00 0.1926E-12      6
  845   21     0    -176      0    176  0.70195353E+00  0.00000000E+00 0.1396E-13      5
  846   21     0    -175      0    175  0.70608763E+00  0.00000000E+00 0.2033E-12      6
  847   21     0    -174      0    174  0.70998076E+00  0.00000000E+00 0.2827E-12      5
  848   21     0    -173      0    173  0.71380699E+00  0.00000000E+00 0.3095E-12      6
  849   21     0    -172      0    172  0.71800070E+00  0.00000000E+00 0.9637E-14      5
  850   21     0    -171      0    171  0.72231670E+00  0.00000000E+00 0.7029E-13      6
  851   21     0    -170      0    170  0.72634851E+00  0.00000000E+00 0.3035E-12      5
  852   21     0    -169      0    169  0.73034068E+00  0.00000000E+00 0.1580E-12      6
  853   21     0    -168      0    168  0.73474823E+00  0.00000000E+00 0.3993E-13      5
  854   21     0    -167      0    167  0.73926767E+00  0.00000000E+00 0.1487E-12      6
  855   21     0    -166      0    166  0.74347268E+00  0.00000000E+00 0.2802E-12      5
  856   21     0    -165      0    165  0.74767054E+00  0.00000000E+00 0.1172E-13      6
  857   21     0    -164      0    164  0.75232145E+00  0.00000000E+00 0.4166E-12      5
  858   21     0    -163      0    163  0.75705819E+00  0.00000000E+00 0.2102E-12      6
  859   21     0    -162      0    162  0.76140920E+00  0.00000000E+00 0.2045E-13      5
  860   21     0    -161      0    161  0.76579453E+00  0.00000000E+00 0.2701E-14      6
  861   21     0    -160      0    160  0.77071300E+00  0.00000000E+00 0.2521E-13      5
  862   21     0    -159      0    159  0.77570765E+00  0.00000000E+00 0.5194E-13      6
  863   21     0    -158      0    158  0.78026064E+00  0.00000000E+00 0.6614E-13      5
  864   21     0    -157      0    157  0.78486131E+00  0.00000000E+00 0.1324E-12      6
  865   21     0    -156      0    156  0.79004672E+00  0.00000000E+00 0.3461E-12      5
  866   21     0    -155      0    155  0.79529517E+00  0.00000000E+00 0.1366E-12      6
  867   21     0    -154      0    154  0.80003804E+00  0.00000000E+00 0.4593E-12      5
  868   21     0    -153      0    153  0.80486486E+00  0.00000000E+00 0.1328E-12      6
  869   21     0    -152      0    152  0.81035221E+00  0.00000000E+00 0.1572E-12      5
  870   21     0    -151      0    151  0.81590868E+00  0.00000000E+00 0.6645E-13      6
  871   21     0    -150      0    150  0.82089940E+00  0.00000000E+00 0.2696E-12      5
  872   21     0    -149      0    149  0.82594682E+00  0.00000000E+00 0.1121E-12      6
  873   21     0    -148      0    148  0.83171467E+00  0.00000000E+00 0.3425E-12      5
  874   21     0    -147      0    147  0.83755529E+00  0.00000000E+00 0.1008E-12      5
  875   21     0    -146      0    146  0.84280199E+00  0.00000000E+00 0.3440E-12      5
  876   21     0    -145      0    145  0.84815181E+00  0.00000000E+00 0.6535E-13      6
  877   21     0    -144      0    144  0.85425065E+00  0.00000000E+00 0.1000E-12      5
  878   21     0    -143      0    143  0.86038887E+00  0.00000000E+00 0.6919E-13      6
  879   21     0    -142      0    142  0.86589520E+00  0.00000000E+00 0.4563E-12      5
  880   21     0    -141      0    141  0.87157322E+00  0.00000000E+00 0.3661E-12      6
  881   21     0    -140      0    140  0.87802426E+00  0.00000000E+00 0.5824E-13      5
  882   21     0    -139      0    139  0.88446131E+00  0.00000000E+00 0.3082E-13      6
  883   21     0    -138      0    138  0.89023710E+00  0.00000000E+00 0.2461E-12      5
  884   21     0    -137      0    137  0.89630328E+00  0.00000000E+00 0.4887E-13      6
  885   21     0    -136      0    136  0.90316990E+00  0.00000000E+00 0.3680E-13      5
  886   21     0    -135      0    135  0.90995609E+00  0.00000000E+00 0.2982E-12      6
  887   21     0    -134      0    134  0.91599151E+00  0.00000000E+00 0.4020E-12      5
  888   21     0    -133      0    133  0.92242709E+00  0.00000000E+00 0.1999E-13      6
  889   21     0    -132      0    132  0.92973973E+00  0.00000000E+00 0.1237E-12      6
  890   21     0    -131      0    131  0.93692875E+00  0.00000000E+00 0.3605E-12      5
  891   21     0    -130      0    130  0.94329656E+00  0.00000000E+00 0.8049E-13      5
  892   21     0    -129      0    129  0.95013741E+00  0.00000000E+00 0.2302E-14      5
  893   21     0    -128      0    128  0.95789726E+00  0.00000000E+00 0.2298E-12      5
  894   21     0    -127      0    127  0.96546238E+00  0.00000000E+00 0.1638E-12      5
  895   21     0    -126      0    126  0.97217295E+00  0.00000000E+00 0.2157E-13      5
  896   21     0    -125      0    125  0.97950939E+00  0.00000000E+00 0.4094E-12      5
  897   21     0    -124      0    124  0.98778818E+00  0.00000000E+00 0.6593E-13      5
  898   21     0    -123      0    123  0.99579236E+00  0.00000000E+00 0.4135E-14      5
  899   21     0    -122      0    122  0.10028643E+01  0.00000000E+00 0.3023E-13      6
  900   21     0    -121      0    121  0.10106901E+01  0.00000000E+00 0.3590E-13      5
  901   21     0    -120      0    120  0.10195296E+01  0.00000000E+00 0.2741E-13      5
  902   21     0    -119      0    119  0.10280590E+01  0.00000000E+00 0.2584E-12      5
  903   21     0    -118      0    118  0.10355535E+01  0.00000000E+00 0.2466E-12      6
  904   21     0    -117      0    117  0.10438685E+01  0.00000000E+00 0.7783E-13      6
  905   21     0    -116      0    116  0.10532963E+01  0.00000000E+00 0.1706E-12      6
  906   21     0    -115      0    115  0.10623926E+01  0.00000000E+00 0.7567E-13      6
  907   21     0    -114      0    114  0.10703418E+01  0.00000000E+00 0.2320E-12      6
  908   21     0    -113      0    113  0.10791837E+01  0.00000000E+00 0.6728E-13      6
  909   21     0    -112      0    112  0.10892497E+01  0.00000000E+00 0.2343E-12      6
  910   21     0    -111      0    111  0.10989721E+01  0.00000000E+00 0.2346E-13      6
  911   21     0    -110      0    110  0.11074021E+01  0.00000000E+00 0.1468E-12      6
  912   21     0    -109      0    109  0.11167707E+01  0.00000000E+00 0.1960E-12      6
  913   21     0    -108      0    108  0.11275180E+01  0.00000000E+00 0.7068E-13      6
  914   21     0    -107      0    107  0.11379750E+01  0.00000000E+00 0.6386E-13      6
  915   21     0    -106      0    106  0.11469940E+01  0.00000000E+00 0.1916E-12      5
  916   21     0    -105      0    105  0.11568768E+01  0.00000000E+00 0.1865E-12      6
  917   21     0    -104      0    104  0.11683473E+01  0.00000000E+00 0.2122E-12      6
  918   21     0    -103      0    103  0.11796714E+01  0.00000000E+00 0.2901E-12      6
  919   21     0    -102      0    102  0.11893899E+01  0.00000000E+00 0.2734E-12      5
  920   21     0    -101      0    101  0.11997427E+01  0.00000000E+00 0.1800E-12      6
  921   21     0    -100      0    100  0.12119857E+01  0.00000000E+00 0.9281E-13      5
  922   21     0     -99      0     99  0.12243200E+01  0.00000000E+00 0.9581E-13      6
  923   21     0     -98      0     98  0.12349271E+01  0.00000000E+00 0.4218E-13      5
  924   21     0     -97      0     97  0.12458010E+01  0.00000000E+00 0.7435E-13      6
  925   21     0     -96      0     96  0.12589192E+01  0.00000000E+00 0.5804E-13      5
  926   21     0     -95      0     95  0.12724093E+01  0.00000000E+00 0.9024E-13      6
  927   21     0     -94      0     94  0.12840859E+01  0.00000000E+00 0.2744E-12      5
  928   21     0     -93      0     93  0.12956324E+01  0.00000000E+00 0.1199E-13      6
  929   21     0     -92      0     92  0.13097575E+01  0.00000000E+00 0.4205E-13      6
  930   21     0     -91      0     91  0.13245231E+01  0.00000000E+00 0.8778E-13      6
  931   21     0     -90      0     90  0.13373987E+01  0.00000000E+00 0.7867E-13      5
  932   21     0     -89      0     89  0.13497160E+01  0.00000000E+00 0.1941E-12      6
  933   21     0     -88      0     88  0.13649381E+01  0.00000000E+00 0.1405E-12      6
  934   21     0     -87      0     87  0.13811191E+01  0.00000000E+00 0.1213E-13      6
  935   21     0     -86      0     86  0.13954000E+01  0.00000000E+00 0.1040E-12      6
  936   21     0     -85      0     85  0.14085869E+01  0.00000000E+00 0.1164E-12      6
  937   21     0     -84      0     84  0.14250082E+01  0.00000000E+00 0.3412E-13      5
  938   21     0     -83      0     83  0.14427793E+01  0.00000000E+00 0.9593E-13      6
  939   21     0     -82      0     82  0.14586083E+01  0.00000000E+00 0.2927E-12      6
  940   21     0     -81      0     81  0.14727412E+01  0.00000000E+00 0.9983E-13      6
  941   21     0     -80      0     80  0.14905282E+01  0.00000000E+00 0.2325E-12      6
  942   21     0     -79      0     79  0.15100682E+01  0.00000000E+00 0.7643E-13      6
  943   21     0     -78      0     78  0.15275464E+01  0.00000000E+00 0.6533E-13      6
  944   21     0     -77      0     77  0.15428311E+01  0.00000000E+00 0.1217E-12      6
  945   21     0     -76      0     76  0.15622456E+01  0.00000000E+00 0.1505E-12      5
  946   21     0     -75      0     75  0.15837394E+01  0.00000000E+00 0.1416E-13      6
  947   21     0     -74      0     74  0.16029908E+01  0.00000000E+00 0.1883E-12      6
  948   21     0     -73      0     73  0.16195388E+01  0.00000000E+00 0.6483E-13      6
  949   21     0     -72      0     72  0.16406793E+01  0.00000000E+00 0.8461E-15      6
  950   21     0     -71      0     71  0.16642225E+01  0.00000000E+00 0.5471E-14      6
  951   21     0     -70      0     70  0.16852965E+01  0.00000000E+00 0.2538E-13      6
  952   21     0     -69      0     69  0.17032966E+01  0.00000000E+00 0.1086E-12      5
  Time elapsed :      1.587 s

Starting search (non-adiabatic)

Finding roots
  Time elapsed :    137.759 s

Processing modes
   id    l     m    n_pg    n_p    n_g       Re(omega)       Im(omega)        chi n_iter
  812   21     0    -209      1    210  0.59228945E+00 -0.11099245E-02 0.3095E-12      9
  813   21     0    -208      1    209  0.59502908E+00 -0.12206438E-02 0.1284E-12      8
  814   21     0    -207      1    208  0.59800268E+00 -0.12701565E-02 0.3408E-12      8
  815   21     0    -206      0    206  0.60092695E+00 -0.12086334E-02 0.7950E-12      9
  816   21     0    -205      0    205  0.60367944E+00 -0.11988944E-02 0.8200E-12      8
  817   21     0    -204      0    204  0.60658165E+00 -0.13037510E-02 0.6337E-12      8
  818   21     0    -203      0    203  0.60967233E+00 -0.13306339E-02 0.7305E-12      9
  819   21     0    -202      0    202  0.61266633E+00 -0.12542163E-02 0.8943E-12      8
  820   21     0    -201      0    201  0.61550608E+00 -0.12698962E-02 0.6250E-12      9
  821   21     0    -200      0    200  0.61856160E+00 -0.13867363E-02 0.7744E-12      8
  822   21     0    -199      0    199  0.62179213E+00 -0.13980127E-02 0.5540E-12      9
  823   21     0    -198      0    198  0.62487038E+00 -0.13012112E-02 0.5008E-12      9
  824   21     0    -197      0    197  0.62779221E+00 -0.13435015E-02 0.5091E-12      9
  825   21     0    -196      0    196  0.63100373E+00 -0.14809917E-02 0.7347E-12      9
  826   21     0    -195      0    195  0.63439089E+00 -0.14811486E-02 0.4334E-12      8
  827   21     0    -194      0    194  0.63756550E+00 -0.13523416E-02 0.4586E-12      8
  828   21     0    -193      0    193  0.64054814E+00 -0.14129342E-02 0.8053E-12      7
  829   21     0    -190      0    190  0.65076954E+00 -0.14060179E-02 0.8615E-13     16
  830   21     0    -191      0    191  0.64745541E+00 -0.15710255E-02 0.2648E-12     10
  831   21     0    -189      0    189  0.65381930E+00 -0.14486205E-02 0.9433E-12      9
  832   21     0    -188      0    188  0.65728554E+00 -0.16261094E-02 0.5352E-12      8
  833   21     0    -185      0    185  0.66770186E+00 -0.14406653E-02 0.1017E-11     13
  834   21     0    -187      0    187  0.66100155E+00 -0.16208662E-02 0.1685E-12      8
  835   21     0    -186      0    186  0.66450632E+00 -0.14455887E-02 0.1379E-12      7
  836   21     0    -184      0    184  0.67127292E+00 -0.16018636E-02 0.1006E-11      8
  837   21     0    -183      0    183  0.67512414E+00 -0.15899406E-02 0.1208E-12      9
  838   21     0    -182      0    182  0.67878007E+00 -0.14200638E-02 0.4073E-12     10
  839   21     0    -181      0    181  0.68216306E+00 -0.14129518E-02 0.7613E-12      9
  840   21     0    -180      0    180  0.68591484E+00 -0.15498110E-02 0.5064E-12      9
  841   21     0    -179      0    179  0.68993515E+00 -0.15271077E-02 0.4057E-12      9
  842   21     0    -178      0    178  0.69374790E+00 -0.13630963E-02 0.4515E-12      9
  843   21     0    -177      0    177  0.69730527E+00 -0.13605420E-02 0.6899E-12     11
  844   21     0    -176      0    176  0.70123533E+00 -0.14807377E-02 0.7789E-12      8
  845   21     0    -175      0    175  0.70541357E+00 -0.14475342E-02 0.4765E-12      8
  846   21     0    -174      0    174  0.70936500E+00 -0.12994422E-02 0.3202E-12      8
  847   21     0    -173      0    173  0.71312985E+00 -0.13194225E-02 0.2711E-12     11
  848   21     0    -172      0    172  0.71728981E+00 -0.14192162E-02 0.4933E-12      8
  849   21     0    -171      0    171  0.72165842E+00 -0.13693598E-02 0.5772E-12      9
  850   21     0    -170      0    170  0.72575096E+00 -0.12201782E-02 0.4392E-12      9
  851   21     0    -169      0    169  0.72968400E+00 -0.12558127E-02 0.2837E-12     10
  852   21     0    -168      0    168  0.73406730E+00 -0.13475715E-02 0.8283E-13      9
  853   21     0    -167      0    167  0.73864641E+00 -0.12870863E-02 0.6835E-12      9
  854   21     0    -166      0    166  0.74291204E+00 -0.11438769E-02 0.3731E-12      9
  855   21     0    -165      0    165  0.74705861E+00 -0.11917519E-02 0.7697E-12      9
  856   21     0    -164      0    164  0.75169769E+00 -0.12721772E-02 0.1279E-12      8
  857   21     0    -163      0    163  0.75650293E+00 -0.11987684E-02 0.1459E-12     10
  858   21     0    -162      0    162  0.76091421E+00 -0.10549554E-02 0.2205E-12      8
  859   21     0    -161      0    161  0.76524911E+00 -0.11261924E-02 0.6861E-12      8
  860   21     0    -160      0    160  0.77016449E+00 -0.12047553E-02 0.2826E-12     10
  861   21     0    -159      0    159  0.77522831E+00 -0.11268446E-02 0.6240E-12      9
  862   21     0    -158      0    158  0.77983720E+00 -0.98874347E-03 0.5015E-12      9
  863   21     0    -157      0    157  0.78439402E+00 -0.10698464E-02 0.7917E-12      7
  864   21     0    -156      0    156  0.78958183E+00 -0.11451185E-02 0.5836E-12      8
  865   21     0    -155      0    155  0.79489599E+00 -0.10641491E-02 0.2290E-12     10
  866   21     0    -154      0    154  0.79968605E+00 -0.93212449E-03 0.4030E-12      9
  867   21     0    -153      0    153  0.80447187E+00 -0.10289885E-02 0.1118E-11      9
  868   21     0    -152      0    152  0.80996412E+00 -0.11043862E-02 0.7750E-12      8
  869   21     0    -151      0    151  0.81557907E+00 -0.10246849E-02 0.7961E-12      9
  870   21     0    -150      0    150  0.82061223E+00 -0.89100960E-03 0.5227E-12      8
  871   21     0    -149      0    149  0.82562472E+00 -0.98820346E-03 0.7894E-12      9
  872   21     0    -148      0    148  0.83139977E+00 -0.10624547E-02 0.3364E-12      7
  873   21     0    -147      0    147  0.83729225E+00 -0.98141914E-03 0.4475E-12      8
  874   21     0    -146      0    146  0.84257104E+00 -0.85984578E-03 0.3701E-12      8
  875   21     0    -145      0    145  0.84789473E+00 -0.96001511E-03 0.7012E-12      8
  876   21     0    -144      0    144  0.85400582E+00 -0.10240385E-02 0.9418E-12      8
  877   21     0    -143      0    143  0.86019022E+00 -0.93832083E-03 0.5160E-12      9
  878   21     0    -142      0    142  0.86571890E+00 -0.83050825E-03 0.3428E-12     10
  879   21     0    -141      0    141  0.87137971E+00 -0.93501529E-03 0.7196E-12      8
  880   21     0    -140      0    140  0.87784767E+00 -0.98886675E-03 0.1527E-11      8
  881   21     0    -139      0    139  0.88432476E+00 -0.89858669E-03 0.2789E-12      9
  882   21     0    -138      0    138  0.89011289E+00 -0.81143060E-03 0.5326E-12      9
  883   21     0    -137      0    137  0.89617050E+00 -0.92560095E-03 0.1402E-11      9
  884   21     0    -136      0    136  0.90305708E+00 -0.97310126E-03 0.1234E-11      8
  885   21     0    -135      0    135  0.90987714E+00 -0.87667062E-03 0.1348E-11      8
  886   21     0    -134      0    134  0.91591697E+00 -0.79897265E-03 0.1053E-11      8
  887   21     0    -133      0    133  0.92235058E+00 -0.92975910E-03 0.1437E-11      9
  888   21     0    -132      0    132  0.92968500E+00 -0.97709339E-03 0.8927E-12     10
  889   21     0    -131      0    131  0.93690099E+00 -0.87662433E-03 0.4944E-12      9
  890   21     0    -130      0    130  0.94326731E+00 -0.80577280E-03 0.3198E-12     10
  891   21     0    -129      0    129  0.95011371E+00 -0.94549890E-03 0.9587E-12      8
  892   21     0    -128      0    128  0.95789705E+00 -0.98970408E-03 0.9639E-12      8
  893   21     0    -127      0    127  0.96548191E+00 -0.88104852E-03 0.1557E-11      8
  894   21     0    -126      0    126  0.97218565E+00 -0.82847480E-03 0.1944E-12      8
  895   21     0    -125      0    125  0.97953689E+00 -0.97836186E-03 0.1188E-11     10
  896   21     0    -124      0    124  0.98784088E+00 -0.10174501E-02 0.5884E-12      9
  897   21     0    -123      0    123  0.99585829E+00 -0.89929270E-03 0.8145E-12     10
  898   21     0    -122      0    122  0.10029197E+01 -0.85694627E-03 0.1395E-11     12
  899   21     0    -121      0    121  0.10107700E+01 -0.10242815E-02 0.1679E-11      9
  900   21     0    -120      0    120  0.10196372E+01 -0.10693935E-02 0.9301E-12     10
  901   21     0    -119      0    119  0.10281740E+01 -0.94791890E-03 0.6463E-12      8
  902   21     0    -118      0    118  0.10356536E+01 -0.90781090E-03 0.2829E-12      8
  903   21     0    -117      0    117  0.10440021E+01 -0.11005200E-02 0.2004E-11      9
  904   21     0    -116      0    116  0.10534601E+01 -0.11604120E-02 0.4385E-12      9
  905   21     0    -115      0    115  0.10625569E+01 -0.10333708E-02 0.9957E-12      9
  906   21     0    -114      0    114  0.10704830E+01 -0.99334834E-03 0.1216E-11     10
  907   21     0    -113      0    113  0.10793642E+01 -0.12184335E-02 0.7653E-12     10
  908   21     0    -112      0    112  0.10894587E+01 -0.12913329E-02 0.2488E-11      9
  909   21     0    -111      0    111  0.10991717E+01 -0.11477967E-02 0.9563E-12      9
  910   21     0    -110      0    110  0.11075646E+01 -0.10893632E-02 0.1731E-11      9
  911   21     0    -109      0    109  0.11169694E+01 -0.13389076E-02 0.1479E-11      9
  912   21     0    -108      0    108  0.11277374E+01 -0.14134442E-02 0.1083E-11     10
  913   21     0    -109      0    109  0.11381767E+01 -0.12500879E-02 0.3642E-12      9
  914   21     0    -107      0    107  0.11471460E+01 -0.11442678E-02 0.9641E-12      9
  915   21     0    -106      0    106  0.11570514E+01 -0.13893937E-02 0.1930E-11      9
  916   21     0    -105      0    105  0.11685334E+01 -0.14541745E-02 0.1186E-11     10
  917   21     0    -104      0    104  0.11798375E+01 -0.12740951E-02 0.1340E-11     10
  918   21     0    -103      0    103  0.11895045E+01 -0.10942350E-02 0.2032E-11      9
  919   21     0    -102      0    102  0.11998647E+01 -0.12929710E-02 0.1252E-11     10
  920   21     0    -101      0    101  0.12121162E+01 -0.13265745E-02 0.1407E-11      8
  921   21     0    -100      0    100  0.12244371E+01 -0.11335631E-02 0.4453E-12      9
  922   21     0     -99      0     99  0.12350088E+01 -0.89773472E-03 0.1079E-11      9
  923   21     0     -98      0     98  0.12458888E+01 -0.10093069E-02 0.1490E-11      8
  924   21     0     -97      0     97  0.12590218E+01 -0.10082389E-02 0.1647E-11      9
  925   21     0     -96      0     96  0.12725074E+01 -0.83687863E-03 0.1195E-11     10
  926   21     0     -95      0     95  0.12841619E+01 -0.62334067E-03 0.2189E-11      9
  927   21     0     -94      0     94  0.12957185E+01 -0.67264787E-03 0.2239E-11      9
  928   21     0     -93      0     93  0.13098580E+01 -0.66798659E-03 0.8882E-12     10
  929   21     0     -92      0     92  0.13246177E+01 -0.55057402E-03 0.1279E-11     10
  930   21     0     -91      0     91  0.13374723E+01 -0.39697895E-03 0.5000E-12     10
  931   21     0     -90      0     90  0.13497975E+01 -0.41635439E-03 0.7755E-12      8
  932   21     0     -89      0     89  0.13650293E+01 -0.41740018E-03 0.2380E-11      8
  933   21     0     -88      0     88  0.13812020E+01 -0.34571417E-03 0.2595E-11      9
  934   21     0     -87      0     87  0.13954625E+01 -0.24428529E-03 0.1208E-11      9
  935   21     0     -86      0     86  0.14086531E+01 -0.24783677E-03 0.7229E-11      8
  936   21     0     -85      0     85  0.14250809E+01 -0.25334353E-03 0.8333E-11      9
  937   21     0     -84      0     84  0.14428443E+01 -0.21208496E-03 0.8264E-11      9
  938   21     0     -83      0     83  0.14586557E+01 -0.14764630E-03 0.5286E-11     11
  939   21     0     -82      0     82  0.14727897E+01 -0.14621578E-03 0.5349E-11     11
  940   21     0     -81      0     81  0.14905816E+01 -0.15321624E-03 0.8780E-11      8
  941   21     0     -80      0     80  0.15101154E+01 -0.12957947E-03 0.1748E-10      8
  942   21     0     -79      0     79  0.15275802E+01 -0.89702541E-04 0.2369E-11      9
  943   21     0     -78      0     78  0.15428652E+01 -0.88427415E-04 0.5650E-11      9
  944   21     0     -77      0     77  0.15622836E+01 -0.95313233E-04 0.1443E-10     10
  945   21     0     -76      0     76  0.15837733E+01 -0.82357746E-04 0.1429E-10      9
  946   21     0     -75      0     75  0.16030150E+01 -0.57532902E-04 0.4866E-11      8
  947   21     0     -74      0     74  0.16195630E+01 -0.56810021E-04 0.1584E-10      9
  948   21     0     -73      0     73  0.16407066E+01 -0.62691761E-04 0.2558E-10     11
  949   21     0     -72      0     72  0.16642467E+01 -0.54577663E-04 0.9376E-11      9
  950   21     0     -71      0     71  0.16853135E+01 -0.37771742E-04 0.4530E-10      8
  951   21     0     -70      0     70  0.17033135E+01 -0.37268882E-04 0.3014E-10      8
  952   21     0     -69      0     69  0.17265855E+01 -0.41098126E-04 0.5799E-10     11
  Time elapsed :      6.108 s

Mode Search
-----------

Mode parameters
   l : 22
   m : 0

Building frequency grid (REAL axis)
   added scan interval :  0.5234E+00 ->  0.2094E+01 (3000 points, INVERSE)

Building spatial grid
   Scaffold grid from model
   Split 283 subinterval(s) in iteration 1
   Split 32 subinterval(s) in iteration 2
   Split 0 subinterval(s) in iteration 3
   Final grid has 1 segment(s) and 7452 point(s):
      Segment 1 : x range 0.0000 -> 1.0012 (1 -> 7452)

Starting search (adiabatic)

Scanning frequencies
  Time elapsed :    23.765 s

Finding roots
  Time elapsed :      6.815 s

Processing modes
   id    l     m    n_pg    n_p    n_g       Re(omega)       Im(omega)        chi n_iter
  995   22     0    -219      0    219  0.59188734E+00  0.00000000E+00 0.4930E-13      5
  996   22     0    -218      0    218  0.59461629E+00  0.00000000E+00 0.6831E-13      5
  997   22     0    -217      0    217  0.59721660E+00  0.00000000E+00 0.4405E-12      5
  998   22     0    -216      0    216  0.59992980E+00  0.00000000E+00 0.3748E-12      5
  999   22     0    -215      0    215  0.60281634E+00  0.00000000E+00 0.1676E-13      5
 1000   22     0    -214      0    214  0.60563488E+00  0.00000000E+00 0.6337E-12      5
 1001   22     0    -213      0    213  0.60828437E+00  0.00000000E+00 0.9605E-13      5
 1002   22     0    -212      0    212  0.61108408E+00  0.00000000E+00 0.2355E-12      5
 1003   22     0    -211      0    211  0.61409863E+00  0.00000000E+00 0.3041E-12      5
 1004   22     0    -210      0    210  0.61705946E+00  0.00000000E+00 0.2883E-12      5
 1005   22     0    -209      0    209  0.61983735E+00  0.00000000E+00 0.2198E-12      5
 1006   22     0    -208      0    208  0.62272206E+00  0.00000000E+00 0.6399E-12      5
 1007   22     0    -207      0    207  0.62580723E+00  0.00000000E+00 0.4116E-12      5
 1008   22     0    -206      0    206  0.62884437E+00  0.00000000E+00 0.3778E-12      6
 1009   22     0    -205      0    205  0.63175465E+00  0.00000000E+00 0.1312E-12      5
 1010   22     0    -204      0    204  0.63480215E+00  0.00000000E+00 0.7478E-12      5
 1011   22     0    -203      0    203  0.63800829E+00  0.00000000E+00 0.3890E-12      6
 1012   22     0    -202      0    202  0.64112463E+00  0.00000000E+00 0.7308E-13      6
 1013   22     0    -201      0    201  0.64413595E+00  0.00000000E+00 0.5822E-12      6
 1014   22     0    -200      0    200  0.64733762E+00  0.00000000E+00 0.3985E-12      5
 1015   22     0    -199      0    199  0.65068521E+00  0.00000000E+00 0.3346E-13      6
 1016   22     0    -198      0    198  0.65389456E+00  0.00000000E+00 0.5633E-12      5
 1017   22     0    -197      0    197  0.65700635E+00  0.00000000E+00 0.2859E-12      6
 1018   22     0    -196      0    196  0.66036955E+00  0.00000000E+00 0.1182E-12      6
 1019   22     0    -195      0    195  0.66387814E+00  0.00000000E+00 0.7569E-13      6
 1020   22     0    -194      0    194  0.66719143E+00  0.00000000E+00 0.1620E-13      5
 1021   22     0    -193      0    193  0.67039121E+00  0.00000000E+00 0.8614E-13      5
 1022   22     0    -192      0    192  0.67391055E+00  0.00000000E+00 0.1990E-12      5
 1023   22     0    -191      0    191  0.67759727E+00  0.00000000E+00 0.6426E-12      5
 1024   22     0    -190      0    190  0.68105052E+00  0.00000000E+00 0.2757E-12      6
 1025   22     0    -189      0    189  0.68434180E+00  0.00000000E+00 0.1251E-12      6
 1026   22     0    -188      0    188  0.68799432E+00  0.00000000E+00 0.1424E-12      6
 1027   22     0    -187      0    187  0.69185543E+00  0.00000000E+00 0.2924E-12      6
 1028   22     0    -186      0    186  0.69549461E+00  0.00000000E+00 0.3071E-12      6
 1029   22     0    -185      0    185  0.69892824E+00  0.00000000E+00 0.2850E-12      6
 1030   22     0    -184      0    184  0.70269980E+00  0.00000000E+00 0.3766E-12      6
 1031   22     0    -183      0    183  0.70669783E+00  0.00000000E+00 0.1672E-12      6
 1032   22     0    -182      0    182  0.71048656E+00  0.00000000E+00 0.1053E-12      5
 1033   22     0    -181      0    181  0.71409664E+00  0.00000000E+00 0.5253E-12      5
 1034   22     0    -180      0    180  0.71804801E+00  0.00000000E+00 0.3377E-13      5
 1035   22     0    -179      0    179  0.72221393E+00  0.00000000E+00 0.2274E-12      5
 1036   22     0    -178      0    178  0.72615782E+00  0.00000000E+00 0.2486E-12      6
 1037   22     0    -177      0    177  0.72993329E+00  0.00000000E+00 0.5622E-12      6
 1038   22     0    -176      0    176  0.73406009E+00  0.00000000E+00 0.1408E-12      5
 1039   22     0    -175      0    175  0.73838561E+00  0.00000000E+00 0.1922E-12      6
 1040   22     0    -174      0    174  0.74247919E+00  0.00000000E+00 0.1451E-12      5
 1041   22     0    -173      0    173  0.74645973E+00  0.00000000E+00 0.1663E-13      5
 1042   22     0    -172      0    172  0.75081278E+00  0.00000000E+00 0.3381E-12      5
 1043   22     0    -171      0    171  0.75533087E+00  0.00000000E+00 0.1300E-12      5
 1044   22     0    -170      0    170  0.75957121E+00  0.00000000E+00 0.1071E-12      6
 1045   22     0    -169      0    169  0.76371960E+00  0.00000000E+00 0.1877E-12      6
 1046   22     0    -168      0    168  0.76829400E+00  0.00000000E+00 0.1094E-12      5
 1047   22     0    -167      0    167  0.77302753E+00  0.00000000E+00 0.1932E-12      6
 1048   22     0    -166      0    166  0.77745084E+00  0.00000000E+00 0.8168E-13      5
 1049   22     0    -165      0    165  0.78180851E+00  0.00000000E+00 0.1744E-12      6
 1050   22     0    -164      0    164  0.78663479E+00  0.00000000E+00 0.1611E-12      5
 1051   22     0    -163      0    163  0.79159923E+00  0.00000000E+00 0.2113E-12      6
 1052   22     0    -162      0    162  0.79617932E+00  0.00000000E+00 0.2452E-12      5
 1053   22     0    -161      0    161  0.80072414E+00  0.00000000E+00 0.1246E-12      5
 1054   22     0    -160      0    160  0.80582688E+00  0.00000000E+00 0.1780E-12      5
 1055   22     0    -159      0    159  0.81106458E+00  0.00000000E+00 0.3895E-13      6
 1056   22     0    -158      0    158  0.81586001E+00  0.00000000E+00 0.7967E-12      5
 1057   22     0    -157      0    157  0.82062306E+00  0.00000000E+00 0.1640E-12      6
 1058   22     0    -156      0    156  0.82600084E+00  0.00000000E+00 0.6285E-13      5
 1059   22     0    -155      0    155  0.83150721E+00  0.00000000E+00 0.1257E-13      6
 1060   22     0    -154      0    154  0.83650547E+00  0.00000000E+00 0.4165E-13      5
 1061   22     0    -153      0    153  0.84149568E+00  0.00000000E+00 0.8193E-13      6
 1062   22     0    -152      0    152  0.84718413E+00  0.00000000E+00 0.3060E-13      5
 1063   22     0    -151      0    151  0.85301409E+00  0.00000000E+00 0.3648E-12      6
 1064   22     0    -150      0    150  0.85827790E+00  0.00000000E+00 0.9130E-13      5
 1065   22     0    -149      0    149  0.86349243E+00  0.00000000E+00 0.1402E-12      5
 1066   22     0    -148      0    148  0.86946853E+00  0.00000000E+00 0.1465E-12      5
 1067   22     0    -147      0    147  0.87559867E+00  0.00000000E+00 0.3508E-12      6
 1068   22     0    -146      0    146  0.88113147E+00  0.00000000E+00 0.7929E-12      5
 1069   22     0    -145      0    145  0.88665400E+00  0.00000000E+00 0.1324E-12      6
 1070   22     0    -144      0    144  0.89297401E+00  0.00000000E+00 0.1513E-12      5
 1071   22     0    -143      0    143  0.89942028E+00  0.00000000E+00 0.9028E-13      6
 1072   22     0    -142      0    142  0.90522387E+00  0.00000000E+00 0.1014E-12      5
 1073   22     0    -141      0    141  0.91107939E+00  0.00000000E+00 0.9567E-13      6
 1074   22     0    -140      0    140  0.91776734E+00  0.00000000E+00 0.1105E-12      5
 1075   22     0    -139      0    139  0.92453398E+00  0.00000000E+00 0.1297E-12      5
 1076   22     0    -138      0    138  0.93061588E+00  0.00000000E+00 0.4750E-13      5
 1077   22     0    -137      0    137  0.93686312E+00  0.00000000E+00 0.1318E-13      6
 1078   22     0    -136      0    136  0.94398407E+00  0.00000000E+00 0.2718E-12      5
 1079   22     0    -135      0    135  0.95112527E+00  0.00000000E+00 0.1180E-14      6
 1080   22     0    -134      0    134  0.95748061E+00  0.00000000E+00 0.5727E-13      5
 1081   22     0    -133      0    133  0.96409477E+00  0.00000000E+00 0.2313E-13      6
 1082   22     0    -132      0    132  0.97167823E+00  0.00000000E+00 0.1342E-12      5
 1083   22     0    -131      0    131  0.97925055E+00  0.00000000E+00 0.4158E-13      6
 1084   22     0    -130      0    130  0.98595628E+00  0.00000000E+00 0.1465E-12      5
 1085   22     0    -129      0    129  0.99297635E+00  0.00000000E+00 0.3305E-12      5
 1086   22     0    -128      0    128  0.10010243E+01  0.00000000E+00 0.4031E-13      5
 1087   22     0    -127      0    127  0.10090040E+01  0.00000000E+00 0.3882E-13      6
 1088   22     0    -126      0    126  0.10160630E+01  0.00000000E+00 0.8815E-13      5
 1089   22     0    -125      0    125  0.10235807E+01  0.00000000E+00 0.2766E-12      5
 1090   22     0    -124      0    124  0.10321700E+01  0.00000000E+00 0.8999E-13      5
 1091   22     0    -123      0    123  0.10406248E+01  0.00000000E+00 0.2278E-12      6
 1092   22     0    -122      0    122  0.10480625E+01  0.00000000E+00 0.4663E-14      6
 1093   22     0    -121      0    121  0.10560658E+01  0.00000000E+00 0.4023E-12      5
 1094   22     0    -120      0    120  0.10652337E+01  0.00000000E+00 0.1181E-12      5
 1095   22     0    -119      0    119  0.10742508E+01  0.00000000E+00 0.1216E-12      6
 1096   22     0    -118      0    118  0.10821403E+01  0.00000000E+00 0.1652E-12      6
 1097   22     0    -117      0    117  0.10906243E+01  0.00000000E+00 0.8448E-14      6
 1098   22     0    -116      0    116  0.11003927E+01  0.00000000E+00 0.4184E-12      5
 1099   22     0    -115      0    115  0.11100165E+01  0.00000000E+00 0.2243E-12      6
 1100   22     0    -114      0    114  0.11183942E+01  0.00000000E+00 0.7509E-13      6
 1101   22     0    -113      0    113  0.11273920E+01  0.00000000E+00 0.2798E-12      6
 1102   22     0    -112      0    112  0.11378090E+01  0.00000000E+00 0.1926E-12      6
 1103   22     0    -111      0    111  0.11481018E+01  0.00000000E+00 0.1433E-12      6
 1104   22     0    -110      0    110  0.11570063E+01  0.00000000E+00 0.1225E-12      6
 1105   22     0    -109      0    109  0.11665136E+01  0.00000000E+00 0.4167E-13      6
 1106   22     0    -108      0    108  0.11776168E+01  0.00000000E+00 0.8366E-13      5
 1107   22     0    -107      0    107  0.11886821E+01  0.00000000E+00 0.3097E-12      5
 1108   22     0    -106      0    106  0.11982443E+01  0.00000000E+00 0.4205E-13      5
 1109   22     0    -105      0    105  0.12082485E+01  0.00000000E+00 0.3484E-12      6
 1110   22     0    -104      0    104  0.12200614E+01  0.00000000E+00 0.3083E-12      5
 1111   22     0    -103      0    103  0.12320194E+01  0.00000000E+00 0.1839E-12      5
 1112   22     0    -102      0    102  0.12423810E+01  0.00000000E+00 0.1775E-12      5
 1113   22     0    -101      0    101  0.12528386E+01  0.00000000E+00 0.7128E-13      6
 1114   22     0    -100      0    100  0.12653898E+01  0.00000000E+00 0.4735E-12      5
 1115   22     0     -99      0     99  0.12783776E+01  0.00000000E+00 0.1607E-12      6
 1116   22     0     -98      0     98  0.12897554E+01  0.00000000E+00 0.2327E-13      5
 1117   22     0     -97      0     97  0.13007441E+01  0.00000000E+00 0.1475E-12      6
 1118   22     0     -96      0     96  0.13141274E+01  0.00000000E+00 0.2890E-12      5
 1119   22     0     -95      0     95  0.13282934E+01  0.00000000E+00 0.3983E-13      6
 1120   22     0     -94      0     94  0.13408680E+01  0.00000000E+00 0.8335E-13      6
 1121   22     0     -93      0     93  0.13525613E+01  0.00000000E+00 0.3232E-13      6
 1122   22     0     -92      0     92  0.13668989E+01  0.00000000E+00 0.2046E-12      6
 1123   22     0     -91      0     91  0.13823558E+01  0.00000000E+00 0.1996E-12      6
 1124   22     0     -90      0     90  0.13962503E+01  0.00000000E+00 0.1663E-12      6
 1125   22     0     -89      0     89  0.14087632E+01  0.00000000E+00 0.1185E-12      6
 1126   22     0     -88      0     88  0.14241335E+01  0.00000000E+00 0.1058E-12      6
 1127   22     0     -87      0     87  0.14410159E+01  0.00000000E+00 0.8018E-13      6
 1128   22     0     -86      0     86  0.14564398E+01  0.00000000E+00 0.9553E-13      6
 1129   22     0     -85      0     85  0.14699088E+01  0.00000000E+00 0.8432E-13      6
 1130   22     0     -84      0     84  0.14863918E+01  0.00000000E+00 0.1530E-13      6
 1131   22     0     -83      0     83  0.15048664E+01  0.00000000E+00 0.2465E-12      5
 1132   22     0     -82      0     82  0.15219700E+01  0.00000000E+00 0.8971E-13      6
 1133   22     0     -81      0     81  0.15364800E+01  0.00000000E+00 0.3493E-13      6
 1134   22     0     -80      0     80  0.15542318E+01  0.00000000E+00 0.1555E-12      6
 1135   22     0     -79      0     79  0.15744934E+01  0.00000000E+00 0.4348E-13      6
 1136   22     0     -78      0     78  0.15933826E+01  0.00000000E+00 0.1108E-13      6
 1137   22     0     -77      0     77  0.16091102E+01  0.00000000E+00 0.1651E-13      6
 1138   22     0     -76      0     76  0.16283903E+01  0.00000000E+00 0.1842E-12      6
 1139   22     0     -75      0     75  0.16506097E+01  0.00000000E+00 0.9324E-13      6
 1140   22     0     -74      0     74  0.16713918E+01  0.00000000E+00 0.1500E-12      6
 1141   22     0     -73      0     73  0.16884377E+01  0.00000000E+00 0.5265E-13      6
 1142   22     0     -72      0     72  0.17093265E+01  0.00000000E+00 0.1115E-13      6
  Time elapsed :      1.652 s

Starting search (non-adiabatic)

Finding roots
  Time elapsed :    142.078 s

Processing modes
   id    l     m    n_pg    n_p    n_g       Re(omega)       Im(omega)        chi n_iter
  995   22     0    -219      1    220  0.59155049E+00 -0.10907401E-02 0.7060E-13      8
  996   22     0    -218      1    219  0.59431797E+00 -0.10443961E-02 0.3700E-12      9
  997   22     0    -217      1    218  0.59691043E+00 -0.10145989E-02 0.1011E-11      7
  998   22     0    -216      1    217  0.59959760E+00 -0.11061985E-02 0.3320E-12      9
  999   22     0    -215      1    216  0.60250339E+00 -0.11529476E-02 0.2873E-12      8
 1000   22     0    -214      1    215  0.60536509E+00 -0.10867035E-02 0.1050E-12      8
 1001   22     0    -213      1    214  0.60799528E+00 -0.10517342E-02 0.4455E-12      7
 1002   22     0    -212      1    213  0.61076226E+00 -0.11718577E-02 0.1801E-12      8
 1003   22     0    -211      1    212  0.61379507E+00 -0.12297036E-02 0.9509E-12      8
 1004   22     0    -210      1    211  0.61679607E+00 -0.11661613E-02 0.5039E-12     10
 1005   22     0    -209      1    210  0.61955827E+00 -0.11172383E-02 0.4633E-12      9
 1006   22     0    -208      1    209  0.62240878E+00 -0.12249253E-02 0.3464E-12      7
 1007   22     0    -207      1    208  0.62551068E+00 -0.12806463E-02 0.4203E-12      8
 1008   22     0    -206      0    206  0.62857790E+00 -0.12220178E-02 0.6322E-12      9
 1009   22     0    -205      0    205  0.63146268E+00 -0.12038929E-02 0.3547E-12      7
 1010   22     0    -204      0    204  0.63448398E+00 -0.13073724E-02 0.7945E-12      9
 1011   22     0    -203      0    203  0.63771086E+00 -0.13405894E-02 0.4189E-12      8
 1012   22     0    -202      0    202  0.64085335E+00 -0.12663697E-02 0.7601E-12      8
 1013   22     0    -201      0    201  0.64382646E+00 -0.12727678E-02 0.6535E-12      7
 1014   22     0    -200      0    200  0.64700627E+00 -0.13906153E-02 0.6843E-12      8
 1015   22     0    -199      0    199  0.65038127E+00 -0.14095103E-02 0.1608E-11      9
 1016   22     0    -198      0    198  0.65361537E+00 -0.13143605E-02 0.9855E-12      8
 1017   22     0    -197      0    197  0.65667171E+00 -0.13455779E-02 0.2850E-12      8
 1018   22     0    -196      0    196  0.66001201E+00 -0.14866161E-02 0.3644E-12      9
 1019   22     0    -195      0    195  0.66355213E+00 -0.14962614E-02 0.9049E-12      9
 1020   22     0    -194      0    194  0.66689146E+00 -0.13693647E-02 0.7973E-12      8
 1021   22     0    -193      0    193  0.67001011E+00 -0.14166077E-02 0.4273E-12      9
 1022   22     0    -192      0    192  0.67349539E+00 -0.15865157E-02 0.7742E-12     10
 1023   22     0    -191      0    191  0.67721034E+00 -0.15932916E-02 0.8398E-12      8
 1024   22     0    -189      0    189  0.68388797E+00 -0.14596821E-02 0.4155E-12     10
 1025   22     0    -188      0    188  0.68748729E+00 -0.16471389E-02 0.1802E-11      9
 1026   22     0    -187      0    187  0.69136920E+00 -0.16557927E-02 0.2342E-12      9
 1027   22     0    -186      0    186  0.69505420E+00 -0.14847715E-02 0.7098E-12      9
 1028   22     0    -185      0    185  0.69839636E+00 -0.14647810E-02 0.4904E-12      7
 1029   22     0    -184      0    184  0.70210102E+00 -0.16360877E-02 0.5809E-13      9
 1030   22     0    -183      0    183  0.70612132E+00 -0.16381840E-02 0.2511E-12      8
 1031   22     0    -182      0    182  0.70996286E+00 -0.14699701E-02 0.5248E-12      9
 1032   22     0    -181      0    181  0.71349674E+00 -0.14474558E-02 0.2550E-12      7
 1033   22     0    -180      0    180  0.71738765E+00 -0.15939286E-02 0.1995E-12      8
 1034   22     0    -179      0    179  0.72158380E+00 -0.15836253E-02 0.5309E-12      9
 1035   22     0    -178      0    178  0.72558964E+00 -0.14183401E-02 0.4075E-12     10
 1036   22     0    -177      0    177  0.72930222E+00 -0.13996294E-02 0.6220E-12      9
 1037   22     0    -176      0    176  0.73337760E+00 -0.15291217E-02 0.9746E-12      9
 1038   22     0    -175      0    175  0.73774041E+00 -0.15069333E-02 0.3512E-12     10
 1039   22     0    -174      0    174  0.74189261E+00 -0.13545251E-02 0.4181E-12     10
 1040   22     0    -173      0    173  0.74581627E+00 -0.13592672E-02 0.9391E-12      9
 1041   22     0    -172      0    172  0.75013086E+00 -0.14680767E-02 0.7369E-12      8
 1042   22     0    -171      0    171  0.75469487E+00 -0.14277027E-02 0.1520E-12      9
 1043   22     0    -170      0    170  0.75899791E+00 -0.12717954E-02 0.2936E-12      8
 1044   22     0    -169      0    169  0.76309203E+00 -0.12920364E-02 0.6673E-12      8
 1045   22     0    -168      0    168  0.76763766E+00 -0.13933648E-02 0.3459E-12      7
 1046   22     0    -167      0    167  0.77242476E+00 -0.13416261E-02 0.2282E-12     10
 1047   22     0    -166      0    166  0.77691214E+00 -0.11899462E-02 0.4346E-12      8
 1048   22     0    -165      0    165  0.78122353E+00 -0.12230137E-02 0.4533E-12      9
 1049   22     0    -164      0    164  0.78603375E+00 -0.13133044E-02 0.4647E-13     10
 1050   22     0    -163      0    163  0.79106077E+00 -0.12485952E-02 0.7915E-12      8
 1051   22     0    -162      0    162  0.79570572E+00 -0.10944725E-02 0.1393E-12     10
 1052   22     0    -161      0    161  0.80020491E+00 -0.11517006E-02 0.1028E-11      9
 1053   22     0    -160      0    160  0.80530069E+00 -0.12414688E-02 0.6544E-12      9
 1054   22     0    -159      0    159  0.81060202E+00 -0.11723218E-02 0.8311E-13      8
 1055   22     0    -158      0    158  0.81545803E+00 -0.10229603E-02 0.2258E-12      9
 1056   22     0    -157      0    157  0.82018160E+00 -0.10905429E-02 0.3101E-12     13
 1057   22     0    -156      0    156  0.82555836E+00 -0.11775442E-02 0.6293E-12     10
 1058   22     0    -155      0    155  0.83112514E+00 -0.11058043E-02 0.1941E-12      9
 1059   22     0    -154      0    154  0.83617523E+00 -0.96136454E-03 0.1118E-11     10
 1060   22     0    -153      0    153  0.84112827E+00 -0.10453064E-02 0.1223E-11      9
 1061   22     0    -152      0    152  0.84681887E+00 -0.11328561E-02 0.2273E-11      9
 1062   22     0    -151      0    151  0.85270247E+00 -0.10625483E-02 0.3084E-12      8
 1063   22     0    -150      0    150  0.85801262E+00 -0.91635621E-03 0.3455E-12      9
 1064   22     0    -149      0    149  0.86319590E+00 -0.99964629E-03 0.5505E-12     10
 1065   22     0    -148      0    148  0.86917708E+00 -0.10863970E-02 0.1125E-11      9
 1066   22     0    -147      0    147  0.87535488E+00 -0.10150196E-02 0.9576E-12      8
 1067   22     0    -146      0    146  0.88092331E+00 -0.87999634E-03 0.1837E-12      8
 1068   22     0    -145      0    145  0.88642266E+00 -0.96759801E-03 0.3726E-12     10
 1069   22     0    -144      0    144  0.89275342E+00 -0.10439993E-02 0.6849E-12      8
 1070   22     0    -143      0    143  0.89924226E+00 -0.96787768E-03 0.4752E-12      8
 1071   22     0    -142      0    142  0.90507125E+00 -0.84527904E-03 0.7082E-12      8
 1072   22     0    -141      0    141  0.91091177E+00 -0.93925191E-03 0.4666E-12      7
 1073   22     0    -140      0    140  0.91761573E+00 -0.10057293E-02 0.4344E-12      8
 1074   22     0    -139      0    139  0.92441935E+00 -0.92519996E-03 0.8883E-12      9
 1075   22     0    -138      0    138  0.93051613E+00 -0.82132285E-03 0.7253E-13      8
 1076   22     0    -137      0    137  0.93675639E+00 -0.92754801E-03 0.2393E-11     10
 1077   22     0    -136      0    136  0.94389698E+00 -0.98801689E-03 0.2235E-11      8
 1078   22     0    -135      0    135  0.95106932E+00 -0.90210065E-03 0.7785E-12      8
 1079   22     0    -134      0    134  0.95743096E+00 -0.80474424E-03 0.9908E-12     11
 1080   22     0    -133      0    133  0.96404449E+00 -0.92884843E-03 0.1891E-11      8
 1081   22     0    -132      0    132  0.97165023E+00 -0.99015838E-03 0.1236E-11     10
 1082   22     0    -131      0    131  0.97924736E+00 -0.90102111E-03 0.2794E-12     10
 1083   22     0    -130      0    130  0.98595256E+00 -0.80785050E-03 0.1938E-11      8
 1084   22     0    -129      0    129  0.99297931E+00 -0.94146727E-03 0.8317E-12      8
 1085   22     0    -128      0    128  0.10010521E+01 -0.10009557E-02 0.1643E-11      8
 1086   22     0    -127      0    127  0.10090500E+01 -0.90430791E-03 0.2191E-12      9
 1087   22     0    -126      0    126  0.10161022E+01 -0.82544196E-03 0.1093E-11     10
 1088   22     0    -125      0    125  0.10236360E+01 -0.97135098E-03 0.9415E-12     11
 1089   22     0    -124      0    124  0.10322528E+01 -0.10270612E-02 0.1458E-11      8
 1090   22     0    -123      0    123  0.10407200E+01 -0.92269258E-03 0.3788E-12      8
 1091   22     0    -122      0    122  0.10481458E+01 -0.84987193E-03 0.1331E-11      9
 1092   22     0    -121      0    121  0.10561753E+01 -0.10147953E-02 0.1770E-11      8
 1093   22     0    -120      0    120  0.10653745E+01 -0.10789689E-02 0.1031E-11      9
 1094   22     0    -119      0    119  0.10743993E+01 -0.97441808E-03 0.1057E-11     10
 1095   22     0    -118      0    118  0.10822708E+01 -0.89924173E-03 0.1412E-11      8
 1096   22     0    -117      0    117  0.10907902E+01 -0.10894612E-02 0.1423E-11      8
 1097   22     0    -116      0    116  0.11005944E+01 -0.11721369E-02 0.1016E-11      8
 1098   22     0    -115      0    115  0.11102200E+01 -0.10662690E-02 0.4110E-12      9
 1099   22     0    -114      0    114  0.11185696E+01 -0.98392101E-03 0.1937E-11      9
 1100   22     0    -113      0    113  0.11276087E+01 -0.12058219E-02 0.1250E-11      8
 1101   22     0    -112      0    112  0.11380616E+01 -0.13058167E-02 0.5871E-12      9
 1102   22     0    -111      0    111  0.11483471E+01 -0.11886623E-02 0.6282E-12     10
 1103   22     0    -110      0    110  0.11572081E+01 -0.10792118E-02 0.6475E-12     10
 1104   22     0    -109      0    109  0.11667531E+01 -0.13236697E-02 0.1255E-11      9
 1105   22     0    -108      0    108  0.11778862E+01 -0.14308258E-02 0.8276E-12      9
 1106   22     0    -107      1    108  0.11889354E+01 -0.12998779E-02 0.1081E-11      9
 1107   22     0    -109      0    109  0.11984410E+01 -0.11402168E-02 0.5494E-12     10
 1108   22     0    -106      0    106  0.12084673E+01 -0.13745061E-02 0.1500E-11     10
 1109   22     0    -105      0    105  0.12203002E+01 -0.14765616E-02 0.1590E-11      9
 1110   22     0    -104      0    104  0.12322372E+01 -0.13317261E-02 0.4285E-12     11
 1111   22     0    -103      0    103  0.12425400E+01 -0.11020840E-02 0.3118E-12      9
 1112   22     0    -102      0    102  0.12530004E+01 -0.12751017E-02 0.1927E-11     11
 1113   22     0    -101      0    101  0.12655660E+01 -0.13440048E-02 0.1903E-11      9
 1114   22     0    -100      0    100  0.12785374E+01 -0.11799646E-02 0.6024E-12     10
 1115   22     0     -99      0     99  0.12898728E+01 -0.90801137E-03 0.1505E-11      9
 1116   22     0     -98      0     98  0.13008615E+01 -0.98025340E-03 0.7155E-12     11
 1117   22     0     -97      0     97  0.13142637E+01 -0.10092406E-02 0.1844E-11      9
 1118   22     0     -96      0     96  0.13284230E+01 -0.86090509E-03 0.3389E-12      8
 1119   22     0     -95      0     95  0.13409689E+01 -0.63036966E-03 0.2323E-12      9
 1120   22     0     -94      0     94  0.13526656E+01 -0.64270227E-03 0.2185E-11      8
 1121   22     0     -93      0     93  0.13670207E+01 -0.66080941E-03 0.1994E-11      8
 1122   22     0     -92      0     92  0.13824711E+01 -0.56033595E-03 0.5499E-12      9
 1123   22     0     -91      0     91  0.13963396E+01 -0.40167622E-03 0.1065E-11      9
 1124   22     0     -90      0     90  0.14088534E+01 -0.39159749E-03 0.1062E-11      8
 1125   22     0     -89      0     89  0.14242363E+01 -0.40742998E-03 0.2888E-11      9
 1126   22     0     -88      0     88  0.14411109E+01 -0.34720194E-03 0.3355E-11      8
 1127   22     0     -87      0     87  0.14565117E+01 -0.24706906E-03 0.2120E-11      8
 1128   22     0     -86      0     86  0.14699779E+01 -0.22938324E-03 0.3159E-11      9
 1129   22     0     -85      0     85  0.14864699E+01 -0.24399313E-03 0.1212E-11      9
 1130   22     0     -84      0     84  0.15049379E+01 -0.21053734E-03 0.8348E-11      9
 1131   22     0     -83      0     83  0.15220231E+01 -0.14944193E-03 0.3548E-11      8
 1132   22     0     -82      0     82  0.15365286E+01 -0.13338835E-03 0.1085E-10      8
 1133   22     0     -81      0     81  0.15542873E+01 -0.14599932E-03 0.7405E-11      8
 1134   22     0     -80      0     80  0.15745440E+01 -0.12779502E-03 0.7368E-11      9
 1135   22     0     -79      0     79  0.15934199E+01 -0.91201673E-04 0.1132E-10      8
 1136   22     0     -78      0     78  0.16091437E+01 -0.80429865E-04 0.1247E-10      8
 1137   22     0     -77      0     77  0.16284293E+01 -0.91048550E-04 0.5654E-10      9
 1138   22     0     -76      0     76  0.16506456E+01 -0.81695738E-04 0.2055E-10      9
 1139   22     0     -75      0     75  0.16714184E+01 -0.59228861E-04 0.8581E-11      8
 1140   22     0     -74      0     74  0.16884612E+01 -0.51754860E-04 0.2259E-10      8
 1141   22     0     -73      0     73  0.17093541E+01 -0.59866637E-04 0.3249E-10      9
 1142   22     0     -72      0     72  0.17336411E+01 -0.53971165E-04 0.2941E-10     10
  Time elapsed :      6.379 s

Mode Search
-----------

Mode parameters
   l : 23
   m : 0

Building frequency grid (REAL axis)
   added scan interval :  0.5234E+00 ->  0.2094E+01 (3000 points, INVERSE)

Building spatial grid
   Scaffold grid from model
   Split 286 subinterval(s) in iteration 1
   Split 73 subinterval(s) in iteration 2
   Split 0 subinterval(s) in iteration 3
   Final grid has 1 segment(s) and 7496 point(s):
      Segment 1 : x range 0.0000 -> 1.0012 (1 -> 7496)

Starting search (adiabatic)

Scanning frequencies
  Time elapsed :    23.952 s

Finding roots
  Time elapsed :      7.169 s

Processing modes
   id    l     m    n_pg    n_p    n_g       Re(omega)       Im(omega)        chi n_iter
 1188   23     0    -228      0    228  0.59366038E+00  0.00000000E+00 0.1676E-13      6
 1189   23     0    -227      0    227  0.59633258E+00  0.00000000E+00 0.8778E-13      5
 1190   23     0    -226      0    226  0.59901834E+00  0.00000000E+00 0.2397E-12      5
 1191   23     0    -225      0    225  0.60156703E+00  0.00000000E+00 0.1999E-12      5
 1192   23     0    -224      0    224  0.60415602E+00  0.00000000E+00 0.3965E-12      6
 1193   23     0    -223      0    223  0.60692441E+00  0.00000000E+00 0.1126E-11      5
 1194   23     0    -222      0    222  0.60969196E+00  0.00000000E+00 0.5047E-12      5
 1195   23     0    -221      0    221  0.61232034E+00  0.00000000E+00 0.4910E-12      5
 1196   23     0    -220      0    220  0.61501358E+00  0.00000000E+00 0.1852E-12      6
 1197   23     0    -219      0    219  0.61788842E+00  0.00000000E+00 0.1014E-12      5
 1198   23     0    -218      0    218  0.62074264E+00  0.00000000E+00 0.2182E-12      6
 1199   23     0    -217      0    217  0.62345945E+00  0.00000000E+00 0.3343E-13      5
 1200   23     0    -216      0    216  0.62627859E+00  0.00000000E+00 0.8573E-13      5
 1201   23     0    -215      0    215  0.62928464E+00  0.00000000E+00 0.3303E-12      5
 1202   23     0    -214      0    214  0.63223496E+00  0.00000000E+00 0.2448E-12      6
 1203   23     0    -213      0    213  0.63500365E+00  0.00000000E+00 0.4176E-12      5
 1204   23     0    -212      0    212  0.63790979E+00  0.00000000E+00 0.3591E-12      5
 1205   23     0    -211      0    211  0.64104836E+00  0.00000000E+00 0.1058E-12      5
 1206   23     0    -210      0    210  0.64414729E+00  0.00000000E+00 0.5127E-13      6
 1207   23     0    -209      0    209  0.64705155E+00  0.00000000E+00 0.4375E-12      5
 1208   23     0    -208      0    208  0.65004702E+00  0.00000000E+00 0.4165E-12      5
 1209   23     0    -207      0    207  0.65325929E+00  0.00000000E+00 0.1383E-12      5
 1210   23     0    -206      0    206  0.65643719E+00  0.00000000E+00 0.1914E-12      6
 1211   23     0    -205      0    205  0.65947597E+00  0.00000000E+00 0.5879E-12      5
 1212   23     0    -204      0    204  0.66264172E+00  0.00000000E+00 0.2861E-12      6
 1213   23     0    -203      0    203  0.66598297E+00  0.00000000E+00 0.8167E-13      6
 1214   23     0    -202      0    202  0.66924511E+00  0.00000000E+00 0.2920E-12      6
 1215   23     0    -201      0    201  0.67238515E+00  0.00000000E+00 0.3623E-13      5
 1216   23     0    -200      0    200  0.67570945E+00  0.00000000E+00 0.3727E-12      6
 1217   23     0    -199      0    199  0.67920083E+00  0.00000000E+00 0.2669E-12      6
 1218   23     0    -198      0    198  0.68256328E+00  0.00000000E+00 0.3975E-12      6
 1219   23     0    -197      0    197  0.68580397E+00  0.00000000E+00 0.1354E-12      5
 1220   23     0    -196      0    196  0.68929306E+00  0.00000000E+00 0.2970E-12      6
 1221   23     0    -195      0    195  0.69295431E+00  0.00000000E+00 0.4400E-12      6
 1222   23     0    -194      0    194  0.69643010E+00  0.00000000E+00 0.6580E-13      6
 1223   23     0    -193      0    193  0.69975909E+00  0.00000000E+00 0.2422E-12      5
 1224   23     0    -192      0    192  0.70340599E+00  0.00000000E+00 0.1688E-12      6
 1225   23     0    -191      0    191  0.70725330E+00  0.00000000E+00 0.2643E-12      6
 1226   23     0    -190      0    190  0.71088019E+00  0.00000000E+00 0.5866E-12      6
 1227   23     0    -189      0    189  0.71430459E+00  0.00000000E+00 0.2391E-12      6
 1228   23     0    -188      0    188  0.71808528E+00  0.00000000E+00 0.4746E-12      5
 1229   23     0    -187      0    187  0.72211260E+00  0.00000000E+00 0.3134E-12      6
 1230   23     0    -186      0    186  0.72593495E+00  0.00000000E+00 0.9189E-13      6
 1231   23     0    -185      0    185  0.72951108E+00  0.00000000E+00 0.9609E-13      6
 1232   23     0    -184      0    184  0.73341341E+00  0.00000000E+00 0.1272E-12      5
 1233   23     0    -183      0    183  0.73758224E+00  0.00000000E+00 0.6407E-13      6
 1234   23     0    -182      0    182  0.74156032E+00  0.00000000E+00 0.1882E-13      6
 1235   23     0    -181      0    181  0.74531911E+00  0.00000000E+00 0.1881E-12      6
 1236   23     0    -180      0    180  0.74940837E+00  0.00000000E+00 0.1144E-12      5
 1237   23     0    -179      0    179  0.75375258E+00  0.00000000E+00 0.1455E-12      6
 1238   23     0    -178      0    178  0.75789283E+00  0.00000000E+00 0.5615E-13      6
 1239   23     0    -177      0    177  0.76182196E+00  0.00000000E+00 0.4303E-14      6
 1240   23     0    -176      0    176  0.76609351E+00  0.00000000E+00 0.6630E-12      5
 1241   23     0    -175      0    175  0.77060594E+00  0.00000000E+00 0.1661E-12      5
 1242   23     0    -174      0    174  0.77490180E+00  0.00000000E+00 0.4216E-13      5
 1243   23     0    -173      0    173  0.77903945E+00  0.00000000E+00 0.8395E-13      6
 1244   23     0    -172      0    172  0.78354662E+00  0.00000000E+00 0.3010E-12      6
 1245   23     0    -171      0    171  0.78826247E+00  0.00000000E+00 0.7360E-13      6
 1246   23     0    -170      0    170  0.79271358E+00  0.00000000E+00 0.2076E-12      6
 1247   23     0    -169      0    169  0.79702044E+00  0.00000000E+00 0.5795E-13      6
 1248   23     0    -168      0    168  0.80175585E+00  0.00000000E+00 0.8222E-12      5
 1249   23     0    -167      0    167  0.80669931E+00  0.00000000E+00 0.4239E-12      6
 1250   23     0    -166      0    166  0.81134376E+00  0.00000000E+00 0.2041E-12      6
 1251   23     0    -165      0    165  0.81586265E+00  0.00000000E+00 0.6655E-12      6
 1252   23     0    -164      0    164  0.82085773E+00  0.00000000E+00 0.1381E-13      5
 1253   23     0    -163      0    163  0.82604613E+00  0.00000000E+00 0.8687E-13      6
 1254   23     0    -162      0    162  0.83085940E+00  0.00000000E+00 0.2436E-13      5
 1255   23     0    -161      0    161  0.83556378E+00  0.00000000E+00 0.1387E-12      5
 1256   23     0    -160      0    160  0.84084282E+00  0.00000000E+00 0.1781E-12      5
 1257   23     0    -159      0    159  0.84632017E+00  0.00000000E+00 0.1918E-12      6
 1258   23     0    -158      0    158  0.85136355E+00  0.00000000E+00 0.1039E-12      6
 1259   23     0    -157      0    157  0.85628805E+00  0.00000000E+00 0.2109E-12      6
 1260   23     0    -156      0    156  0.86184870E+00  0.00000000E+00 0.4908E-12      5
 1261   23     0    -155      0    155  0.86760966E+00  0.00000000E+00 0.2229E-12      6
 1262   23     0    -154      0    154  0.87287067E+00  0.00000000E+00 0.2484E-13      5
 1263   23     0    -153      0    153  0.87802220E+00  0.00000000E+00 0.1536E-12      6
 1264   23     0    -152      0    152  0.88390022E+00  0.00000000E+00 0.1358E-12      5
 1265   23     0    -151      0    151  0.88999994E+00  0.00000000E+00 0.2898E-12      6
 1266   23     0    -150      0    150  0.89554615E+00  0.00000000E+00 0.2888E-12      5
 1267   23     0    -149      0    149  0.90092603E+00  0.00000000E+00 0.8319E-13      6
 1268   23     0    -148      0    148  0.90709652E+00  0.00000000E+00 0.2478E-12      6
 1269   23     0    -147      0    147  0.91351186E+00  0.00000000E+00 0.2747E-12      6
 1270   23     0    -146      0    146  0.91934201E+00  0.00000000E+00 0.1588E-12      6
 1271   23     0    -145      0    145  0.92503500E+00  0.00000000E+00 0.1135E-12      6
 1272   23     0    -144      0    144  0.93156058E+00  0.00000000E+00 0.6371E-13      5
 1273   23     0    -143      0    143  0.93831015E+00  0.00000000E+00 0.2988E-13      6
 1274   23     0    -142      0    142  0.94442441E+00  0.00000000E+00 0.3629E-12      5
 1275   23     0    -141      0    141  0.95045425E+00  0.00000000E+00 0.1416E-12      6
 1276   23     0    -140      0    140  0.95736197E+00  0.00000000E+00 0.4437E-12      5
 1277   23     0    -139      0    139  0.96445316E+00  0.00000000E+00 0.1435E-12      6
 1278   23     0    -138      0    138  0.97085691E+00  0.00000000E+00 0.1059E-12      5
 1279   23     0    -137      0    137  0.97728015E+00  0.00000000E+00 0.1134E-12      6
 1280   23     0    -136      0    136  0.98463671E+00  0.00000000E+00 0.1167E-12      5
 1281   23     0    -135      0    135  0.99212738E+00  0.00000000E+00 0.2700E-13      6
 1282   23     0    -134      0    134  0.99882205E+00  0.00000000E+00 0.2381E-14      5
 1283   23     0    -133      0    133  0.10056075E+01  0.00000000E+00 0.5114E-13      6
 1284   23     0    -132      0    132  0.10134405E+01  0.00000000E+00 0.5534E-13      5
 1285   23     0    -131      0    131  0.10213902E+01  0.00000000E+00 0.5073E-13      6
 1286   23     0    -130      0    130  0.10284572E+01  0.00000000E+00 0.4102E-12      5
 1287   23     0    -129      0    129  0.10356472E+01  0.00000000E+00 0.2286E-12      6
 1288   23     0    -128      0    128  0.10439592E+01  0.00000000E+00 0.2833E-13      5
 1289   23     0    -127      0    127  0.10523478E+01  0.00000000E+00 0.1272E-12      5
 1290   23     0    -126      0    126  0.10597832E+01  0.00000000E+00 0.2513E-12      5
 1291   23     0    -125      0    125  0.10674685E+01  0.00000000E+00 0.2694E-12      6
 1292   23     0    -124      0    124  0.10763416E+01  0.00000000E+00 0.3543E-12      5
 1293   23     0    -123      0    123  0.10852412E+01  0.00000000E+00 0.1643E-12      6
 1294   23     0    -122      0    122  0.10930790E+01  0.00000000E+00 0.1802E-12      5
 1295   23     0    -121      0    121  0.11012415E+01  0.00000000E+00 0.4806E-13      6
 1296   23     0    -120      0    120  0.11107063E+01  0.00000000E+00 0.1395E-12      5
 1297   23     0    -119      0    119  0.11202035E+01  0.00000000E+00 0.3167E-12      6
 1298   23     0    -118      0    118  0.11285303E+01  0.00000000E+00 0.4258E-12      5
 1299   23     0    -117      0    117  0.11371624E+01  0.00000000E+00 0.2523E-12      6
 1300   23     0    -116      0    116  0.11472329E+01  0.00000000E+00 0.5661E-12      5
 1301   23     0    -115      0    115  0.11573728E+01  0.00000000E+00 0.2457E-13      6
 1302   23     0    -114      0    114  0.11662319E+01  0.00000000E+00 0.6191E-13      5
 1303   23     0    -113      0    113  0.11753627E+01  0.00000000E+00 0.1689E-12      6
 1304   23     0    -112      0    112  0.11860834E+01  0.00000000E+00 0.1976E-12      5
 1305   23     0    -111      0    111  0.11969299E+01  0.00000000E+00 0.1510E-12      6
 1306   23     0    -110      0    110  0.12063745E+01  0.00000000E+00 0.9838E-13      5
 1307   23     0    -109      0    109  0.12159984E+01  0.00000000E+00 0.4238E-13      6
 1308   23     0    -108      0    108  0.12273994E+01  0.00000000E+00 0.2886E-13      5
 1309   23     0    -107      0    107  0.12390475E+01  0.00000000E+00 0.3034E-12      6
 1310   23     0    -106      0    106  0.12492279E+01  0.00000000E+00 0.1091E-12      5
 1311   23     0    -105      0    105  0.12593412E+01  0.00000000E+00 0.1330E-12      6
 1312   23     0    -104      0    104  0.12714233E+01  0.00000000E+00 0.6147E-12      5
 1313   23     0    -103      0    103  0.12839760E+01  0.00000000E+00 0.2213E-12      6
 1314   23     0    -102      0    102  0.12950595E+01  0.00000000E+00 0.1832E-12      6
 1315   23     0    -101      0    101  0.13056360E+01  0.00000000E+00 0.3697E-13      6
 1316   23     0    -100      0    100  0.13184022E+01  0.00000000E+00 0.2105E-12      6
 1317   23     0     -99      0     99  0.13319887E+01  0.00000000E+00 0.1077E-12      6
 1318   23     0     -98      0     98  0.13442097E+01  0.00000000E+00 0.1397E-12      6
 1319   23     0     -97      0     97  0.13553734E+01  0.00000000E+00 0.5434E-13      6
 1320   23     0     -96      0     96  0.13689052E+01  0.00000000E+00 0.1055E-13      6
 1321   23     0     -95      0     95  0.13836737E+01  0.00000000E+00 0.3793E-13      6
 1322   23     0     -94      0     94  0.13972021E+01  0.00000000E+00 0.1067E-12      6
 1323   23     0     -93      0     93  0.14091533E+01  0.00000000E+00 0.2697E-12      6
 1324   23     0     -92      0     92  0.14235636E+01  0.00000000E+00 0.3103E-12      6
 1325   23     0     -91      0     91  0.14396184E+01  0.00000000E+00 0.7582E-13      5
 1326   23     0     -90      0     90  0.14545645E+01  0.00000000E+00 0.1090E-12      6
 1327   23     0     -89      0     89  0.14674415E+01  0.00000000E+00 0.1242E-12      6
 1328   23     0     -88      0     88  0.14828009E+01  0.00000000E+00 0.1207E-12      6
 1329   23     0     -87      0     87  0.15002701E+01  0.00000000E+00 0.2664E-12      6
 1330   23     0     -86      0     86  0.15168358E+01  0.00000000E+00 0.8427E-13      6
 1331   23     0     -85      0     85  0.15308195E+01  0.00000000E+00 0.7924E-13      6
 1332   23     0     -84      0     84  0.15471890E+01  0.00000000E+00 0.3193E-13      5
 1333   23     0     -83      0     83  0.15662269E+01  0.00000000E+00 0.7692E-14      6
 1334   23     0     -82      0     82  0.15845668E+01  0.00000000E+00 0.4634E-13      6
 1335   23     0     -81      0     81  0.15997550E+01  0.00000000E+00 0.8558E-13      6
 1336   23     0     -80      0     80  0.16172795E+01  0.00000000E+00 0.1499E-12      6
 1337   23     0     -79      0     79  0.16380933E+01  0.00000000E+00 0.2571E-13      5
 1338   23     0     -78      0     78  0.16583208E+01  0.00000000E+00 0.4791E-13      6
 1339   23     0     -77      0     77  0.16748495E+01  0.00000000E+00 0.6229E-13      6
 1340   23     0     -76      0     76  0.16937732E+01  0.00000000E+00 0.4634E-13      6
 1341   23     0     -75      0     75  0.17165151E+01  0.00000000E+00 0.2597E-12      6
  Time elapsed :      1.757 s

Starting search (non-adiabatic)

Finding roots
  Time elapsed :    149.809 s

Processing modes
   id    l     m    n_pg    n_p    n_g       Re(omega)       Im(omega)        chi n_iter
 1188   23     0    -228      1    229  0.59325969E+00 -0.96405287E-03 0.2647E-12      7
 1189   23     0    -227      1    228  0.59593464E+00 -0.10259746E-02 0.4875E-12      7
 1190   23     0    -226      1    227  0.59865963E+00 -0.99738714E-03 0.4872E-12      8
 1191   23     0    -225      1    226  0.60122271E+00 -0.94405155E-03 0.3368E-12      7
 1192   23     0    -224      1    225  0.60378320E+00 -0.10030478E-02 0.5157E-12      7
 1193   23     0    -223      1    224  0.60655918E+00 -0.10608970E-02 0.2368E-12      8
 1194   23     0    -222      1    223  0.60936611E+00 -0.10258041E-02 0.6870E-12      8
 1195   23     0    -221      1    222  0.61200112E+00 -0.97923629E-03 0.1107E-11      9
 1196   23     0    -220      1    221  0.61466713E+00 -0.10509892E-02 0.1009E-11      7
 1197   23     0    -219      1    220  0.61755440E+00 -0.11055249E-02 0.8305E-12      9
 1198   23     0    -218      1    219  0.62044688E+00 -0.10622640E-02 0.1048E-11      8
 1199   23     0    -217      1    218  0.62315976E+00 -0.10269437E-02 0.2926E-12      8
 1200   23     0    -216      1    217  0.62595273E+00 -0.11155835E-02 0.7494E-13     10
 1201   23     0    -215      1    216  0.62897617E+00 -0.11669439E-02 0.3610E-12      9
 1202   23     0    -214      1    215  0.63196930E+00 -0.11044349E-02 0.3362E-12      7
 1203   23     0    -213      1    214  0.63472372E+00 -0.10617937E-02 0.5605E-12      7
 1204   23     0    -212      1    213  0.63759667E+00 -0.11787899E-02 0.6999E-12      9
 1205   23     0    -211      1    212  0.64075191E+00 -0.12421253E-02 0.1162E-12      7
 1206   23     0    -210      1    211  0.64389068E+00 -0.11826366E-02 0.5026E-12      8
 1207   23     0    -209      1    210  0.64678435E+00 -0.11263822E-02 0.1125E-11      9
 1208   23     0    -208      1    209  0.64974573E+00 -0.12298486E-02 0.4274E-12      7
 1209   23     0    -207      1    208  0.65297331E+00 -0.12913383E-02 0.1418E-11      8
 1210   23     0    -206      0    206  0.65618193E+00 -0.12362211E-02 0.5100E-12      8
 1211   23     0    -205      0    205  0.65920007E+00 -0.12105795E-02 0.2046E-12      7
 1212   23     0    -204      0    204  0.66233988E+00 -0.13117112E-02 0.1012E-11      9
 1213   23     0    -203      0    203  0.66570076E+00 -0.13508816E-02 0.1167E-12      8
 1214   23     0    -202      0    202  0.66899059E+00 -0.12793894E-02 0.2794E-12      7
 1215   23     0    -201      0    201  0.67209764E+00 -0.12768888E-02 0.1226E-11      7
 1216   23     0    -200      0    200  0.67540010E+00 -0.13948798E-02 0.1595E-12      7
 1217   23     0    -199      0    199  0.67891754E+00 -0.14212172E-02 0.7560E-12      8
 1218   23     0    -198      0    198  0.68230704E+00 -0.13282637E-02 0.2115E-12      9
 1219   23     0    -197      0    197  0.68549821E+00 -0.13481039E-02 0.1678E-12      7
 1220   23     0    -196      0    196  0.68896438E+00 -0.14917750E-02 0.7142E-12      8
 1221   23     0    -195      0    195  0.69265536E+00 -0.15109347E-02 0.7227E-12      9
 1222   23     0    -194      0    194  0.69615988E+00 -0.13866470E-02 0.4999E-12      7
 1223   23     0    -193      0    193  0.69941514E+00 -0.14192147E-02 0.8495E-12      8
 1224   23     0    -192      0    192  0.70302833E+00 -0.15945140E-02 0.1744E-12      8
 1225   23     0    -190      0    190  0.71056482E+00 -0.14564611E-02 0.4422E-12     12
 1226   23     0    -189      0    189  0.71389660E+00 -0.14673140E-02 0.4464E-12      9
 1227   23     0    -188      0    188  0.71762423E+00 -0.16626140E-02 0.1272E-12      9
 1228   23     0    -187      0    187  0.72166938E+00 -0.16854399E-02 0.1177E-11      9
 1229   23     0    -186      0    186  0.72553619E+00 -0.15205359E-02 0.9612E-12      9
 1230   23     0    -185      0    185  0.72902903E+00 -0.14838037E-02 0.6910E-12      8
 1231   23     0    -184      0    184  0.73286298E+00 -0.16627073E-02 0.5193E-12     11
 1232   23     0    -183      0    183  0.73704919E+00 -0.16797126E-02 0.2453E-12     10
 1233   23     0    -182      0    182  0.74107757E+00 -0.15158572E-02 0.4760E-12      9
 1234   23     0    -181      0    181  0.74476671E+00 -0.14768282E-02 0.8725E-12      9
 1235   23     0    -180      0    180  0.74879258E+00 -0.16307551E-02 0.1063E-11     10
 1236   23     0    -179      0    179  0.75316070E+00 -0.16340436E-02 0.4304E-12      8
 1237   23     0    -178      0    178  0.75736034E+00 -0.14704196E-02 0.3752E-12      8
 1238   23     0    -177      0    177  0.76123237E+00 -0.14345501E-02 0.3305E-12      8
 1239   23     0    -176      0    176  0.76544869E+00 -0.15714302E-02 0.4088E-12      9
 1240   23     0    -175      0    175  0.76999179E+00 -0.15614488E-02 0.5777E-12      8
 1241   23     0    -174      0    174  0.77434533E+00 -0.14074206E-02 0.5770E-12     10
 1242   23     0    -173      0    173  0.77843128E+00 -0.13956109E-02 0.1188E-11      9
 1243   23     0    -172      0    172  0.78289594E+00 -0.15119269E-02 0.4474E-12     10
 1244   23     0    -171      0    171  0.78765110E+00 -0.14820744E-02 0.2299E-12     10
 1245   23     0    -170      0    170  0.79216553E+00 -0.13218867E-02 0.3528E-12     10
 1246   23     0    -169      0    169  0.79642368E+00 -0.13250017E-02 0.5272E-12      8
 1247   23     0    -168      0    168  0.80112633E+00 -0.14347506E-02 0.7476E-12      8
 1248   23     0    -167      0    167  0.80611733E+00 -0.13927880E-02 0.4614E-12     10
 1249   23     0    -166      0    166  0.81082799E+00 -0.12348194E-02 0.5164E-12      8
 1250   23     0    -165      0    165  0.81530626E+00 -0.12510376E-02 0.6790E-12      9
 1251   23     0    -164      0    164  0.82028151E+00 -0.13504764E-02 0.8236E-12      9
 1252   23     0    -163      0    163  0.82552659E+00 -0.12955787E-02 0.3138E-12      8
 1253   23     0    -162      0    162  0.83040809E+00 -0.11331747E-02 0.4219E-12      9
 1254   23     0    -161      0    161  0.83507228E+00 -0.11737694E-02 0.4830E-12      9
 1255   23     0    -160      0    160  0.84034076E+00 -0.12745698E-02 0.1066E-11      8
 1256   23     0    -159      0    159  0.84587624E+00 -0.12154229E-02 0.5186E-12      9
 1257   23     0    -158      0    158  0.85098375E+00 -0.10567053E-02 0.7081E-12     10
 1258   23     0    -157      0    157  0.85587374E+00 -0.11077221E-02 0.1035E-11      8
 1259   23     0    -156      0    156  0.86143013E+00 -0.12065947E-02 0.2008E-12      9
 1260   23     0    -155      0    155  0.86724625E+00 -0.11454479E-02 0.5941E-12      9
 1261   23     0    -154      0    154  0.87256266E+00 -0.99049919E-03 0.8841E-12      9
 1262   23     0    -153      0    153  0.87768140E+00 -0.10579012E-02 0.1163E-11      9
 1263   23     0    -152      0    152  0.88355899E+00 -0.11579473E-02 0.9330E-12      9
 1264   23     0    -151      0    151  0.88970762E+00 -0.10984307E-02 0.2246E-12      9
 1265   23     0    -150      0    150  0.89530305E+00 -0.94192417E-03 0.3164E-12     10
 1266   23     0    -149      0    149  0.90065583E+00 -0.10072181E-02 0.2938E-12      9
 1267   23     0    -148      0    148  0.90682947E+00 -0.11068148E-02 0.1517E-11     10
 1268   23     0    -147      0    147  0.91328841E+00 -0.10466414E-02 0.7422E-12      8
 1269   23     0    -146      0    146  0.91915676E+00 -0.90051169E-03 0.1858E-11      8
 1270   23     0    -145      0    145  0.92482986E+00 -0.97125372E-03 0.3939E-12     10
 1271   23     0    -144      0    144  0.93136495E+00 -0.10603753E-02 0.3253E-12      9
 1272   23     0    -143      0    143  0.93815363E+00 -0.99549878E-03 0.1049E-12      8
 1273   23     0    -142      0    142  0.94429546E+00 -0.86054528E-03 0.9390E-12      8
 1274   23     0    -141      0    141  0.95031267E+00 -0.93961456E-03 0.4186E-12      9
 1275   23     0    -140      0    140  0.95723581E+00 -0.10191158E-02 0.6116E-12      9
 1276   23     0    -139      0    139  0.96436111E+00 -0.95014044E-03 0.7149E-12      9
 1277   23     0    -138      0    138  0.97078148E+00 -0.83192094E-03 0.3876E-12      9
 1278   23     0    -137      0    137  0.97719926E+00 -0.92570576E-03 0.8264E-12      9
 1279   23     0    -136      0    136  0.98457556E+00 -0.99953699E-03 0.8019E-12     10
 1280   23     0    -135      0    135  0.99209495E+00 -0.92599752E-03 0.1272E-11     10
 1281   23     0    -134      0    134  0.99879705E+00 -0.81155671E-03 0.1750E-12      8
 1282   23     0    -133      0    133  0.10055829E+01 -0.92395238E-03 0.9643E-12      9
 1283   23     0    -132      0    132  0.10134392E+01 -0.99975354E-03 0.1500E-11      8
 1284   23     0    -131      0    131  0.10214120E+01 -0.92394236E-03 0.1826E-11      9
 1285   23     0    -130      0    130  0.10284787E+01 -0.81127008E-03 0.9448E-13      8
 1286   23     0    -129      0    129  0.10356758E+01 -0.93318949E-03 0.1271E-11      9
 1287   23     0    -128      0    128  0.10440147E+01 -0.10085316E-02 0.1546E-11      8
 1288   23     0    -127      0    127  0.10524205E+01 -0.92626978E-03 0.1830E-11      9
 1289   23     0    -126      0    126  0.10598484E+01 -0.82380537E-03 0.3951E-12     10
 1290   23     0    -125      0    125  0.10675502E+01 -0.95982228E-03 0.2296E-12     10
 1291   23     0    -124      0    124  0.10764539E+01 -0.10329140E-02 0.2438E-12     10
 1292   23     0    -123      0    123  0.10853659E+01 -0.94515664E-03 0.2129E-11      9
 1293   23     0    -122      0    122  0.10931898E+01 -0.84479483E-03 0.5703E-12     10
 1294   23     0    -121      0    121  0.11013788E+01 -0.10005426E-02 0.1406E-11      9
 1295   23     0    -120      0    120  0.11108797E+01 -0.10847570E-02 0.1878E-11     12
 1296   23     0    -119      0    119  0.11203858E+01 -0.10003346E-02 0.1483E-12      9
 1297   23     0    -118      0    118  0.11286911E+01 -0.89391148E-03 0.1697E-11      8
 1298   23     0    -117      0    117  0.11373583E+01 -0.10730887E-02 0.1204E-11     12
 1299   23     0    -116      0    116  0.11474714E+01 -0.11797225E-02 0.1785E-11     11
 1300   23     0    -115      0    115  0.11576159E+01 -0.10987777E-02 0.1845E-11     10
 1301   23     0    -114      0    114  0.11664417E+01 -0.97934512E-03 0.1008E-11      8
 1302   23     0    -113      0    113  0.11756124E+01 -0.11866192E-02 0.1662E-11      9
 1303   23     0    -112      0    112  0.11863785E+01 -0.13151536E-02 0.6251E-12      9
 1304   23     0    -111      0    111  0.11972216E+01 -0.12286634E-02 0.9609E-12     10
 1305   23     0    -110      0    110  0.12066163E+01 -0.10762989E-02 0.1021E-11      9
 1306   23     0    -109      0    109  0.12162750E+01 -0.13004162E-02 0.3943E-11      8
 1307   23     0    -108      0    108  0.12277174E+01 -0.14424657E-02 0.1374E-11     11
 1308   23     0    -107      1    108  0.12393534E+01 -0.13483684E-02 0.5882E-12      9
 1309   23     0    -108      0    108  0.12494709E+01 -0.11472627E-02 0.9041E-12      9
 1310   23     0    -108      0    108  0.12596001E+01 -0.13508421E-02 0.2840E-11     10
 1311   23     0    -105      0    105  0.12717132E+01 -0.14930157E-02 0.2393E-12      9
 1312   23     0    -104      0    104  0.12842463E+01 -0.13867479E-02 0.1325E-11     10
 1313   23     0    -103      0    103  0.12952645E+01 -0.11243191E-02 0.7184E-12      9
 1314   23     0    -102      0    102  0.13058332E+01 -0.12472682E-02 0.3396E-11      8
 1315   23     0    -101      0    101  0.13186217E+01 -0.13537177E-02 0.2514E-11      9
 1316   23     0    -100      0    100  0.13321912E+01 -0.12204779E-02 0.3114E-12      9
 1317   23     0     -99      0     99  0.13443638E+01 -0.93124754E-03 0.1463E-12      9
 1318   23     0     -98      0     98  0.13555164E+01 -0.94294428E-03 0.2914E-11      9
 1319   23     0     -97      0     97  0.13690723E+01 -0.10027941E-02 0.1906E-11     10
 1320   23     0     -96      0     96  0.13838340E+01 -0.87909648E-03 0.1123E-11      8
 1321   23     0     -95      0     95  0.13973287E+01 -0.64678267E-03 0.2470E-12     10
 1322   23     0     -94      0     94  0.14092725E+01 -0.60880049E-03 0.1966E-11      9
 1323   23     0     -93      0     93  0.14237042E+01 -0.64821346E-03 0.8210E-12     10
 1324   23     0     -92      0     92  0.14397531E+01 -0.56553781E-03 0.1417E-11     10
 1325   23     0     -91      0     91  0.14546703E+01 -0.41171938E-03 0.3002E-11     10
 1326   23     0     -90      0     90  0.14675380E+01 -0.36562382E-03 0.4521E-11      8
 1327   23     0     -89      0     89  0.14829129E+01 -0.39368956E-03 0.3417E-11      9
 1328   23     0     -88      0     88  0.15003757E+01 -0.34551994E-03 0.8764E-11      8
 1329   23     0     -87      0     87  0.15169177E+01 -0.25236837E-03 0.2032E-11      8
 1330   23     0     -86      0     86  0.15308903E+01 -0.21154897E-03 0.3778E-11      9
 1331   23     0     -85      0     85  0.15472708E+01 -0.23230270E-03 0.1537E-10      9
 1332   23     0     -84      0     84  0.15663036E+01 -0.20697004E-03 0.1099E-10      9
 1333   23     0     -83      0     83  0.15846257E+01 -0.15223037E-03 0.3224E-11      8
 1334   23     0     -82      0     82  0.15998032E+01 -0.12179493E-03 0.1394E-10      8
 1335   23     0     -81      0     81  0.16173359E+01 -0.13752392E-03 0.2998E-10      8
 1336   23     0     -80      0     80  0.16381465E+01 -0.12506117E-03 0.6969E-11      9
 1337   23     0     -79      0     79  0.16583617E+01 -0.93436905E-04 0.1270E-10     12
 1338   23     0     -78      0     78  0.16748823E+01 -0.73689930E-04 0.1463E-10      8
 1339   23     0     -77      0     77  0.16938125E+01 -0.86132505E-04 0.1523E-10      9
 1340   23     0     -76      0     76  0.17165527E+01 -0.80487541E-04 0.2409E-10      9
 1341   23     0     -75      0     75  0.17387545E+01 -0.61286829E-04 0.1828E-10      9
  Time elapsed :      6.671 s

Mode Search
-----------

Mode parameters
   l : 24
   m : 0

Building frequency grid (REAL axis)
   added scan interval :  0.5234E+00 ->  0.2094E+01 (3000 points, INVERSE)

Building spatial grid
   Scaffold grid from model
   Split 287 subinterval(s) in iteration 1
   Split 100 subinterval(s) in iteration 2
   Split 0 subinterval(s) in iteration 3
   Final grid has 1 segment(s) and 7524 point(s):
      Segment 1 : x range 0.0000 -> 1.0012 (1 -> 7524)

Starting search (adiabatic)

Scanning frequencies
  Time elapsed :    23.924 s

Finding roots
  Time elapsed :      7.432 s

Processing modes
   id    l     m    n_pg    n_p    n_g       Re(omega)       Im(omega)        chi n_iter
 1388   24     0    -238      0    238  0.59304257E+00  0.00000000E+00 0.5228E-12      5
 1389   24     0    -237      0    237  0.59550539E+00  0.00000000E+00 0.6797E-12      5
 1390   24     0    -236      0    236  0.59793466E+00  0.00000000E+00 0.1063E-12      5
 1391   24     0    -235      0    235  0.60048301E+00  0.00000000E+00 0.8647E-12      5
 1392   24     0    -234      0    234  0.60307285E+00  0.00000000E+00 0.2589E-12      6
 1393   24     0    -233      0    233  0.60557094E+00  0.00000000E+00 0.2158E-12      5
 1394   24     0    -232      0    232  0.60809640E+00  0.00000000E+00 0.9620E-14      5
 1395   24     0    -231      0    231  0.61078236E+00  0.00000000E+00 0.1023E-12      5
 1396   24     0    -230      0    230  0.61348771E+00  0.00000000E+00 0.3973E-12      6
 1397   24     0    -229      0    229  0.61605099E+00  0.00000000E+00 0.1180E-12      5
 1398   24     0    -228      0    228  0.61863251E+00  0.00000000E+00 0.2128E-12      6
 1399   24     0    -227      0    227  0.62140744E+00  0.00000000E+00 0.2634E-12      5
 1400   24     0    -226      0    226  0.62421130E+00  0.00000000E+00 0.8038E-13      5
 1401   24     0    -225      0    225  0.62687298E+00  0.00000000E+00 0.2118E-12      5
 1402   24     0    -224      0    224  0.62955841E+00  0.00000000E+00 0.3632E-12      6
 1403   24     0    -223      0    223  0.63243360E+00  0.00000000E+00 0.4654E-12      5
 1404   24     0    -222      0    222  0.63532351E+00  0.00000000E+00 0.4643E-13      6
 1405   24     0    -221      0    221  0.63806750E+00  0.00000000E+00 0.1074E-12      5
 1406   24     0    -220      0    220  0.64086013E+00  0.00000000E+00 0.2527E-12      5
 1407   24     0    -219      0    219  0.64384683E+00  0.00000000E+00 0.1101E-12      5
 1408   24     0    -218      0    218  0.64682856E+00  0.00000000E+00 0.3871E-12      6
 1409   24     0    -217      0    217  0.64966337E+00  0.00000000E+00 0.3224E-12      5
 1410   24     0    -216      0    216  0.65258472E+00  0.00000000E+00 0.3208E-12      6
 1411   24     0    -215      0    215  0.65570819E+00  0.00000000E+00 0.2186E-12      5
 1412   24     0    -214      0    214  0.65879258E+00  0.00000000E+00 0.7109E-12      5
 1413   24     0    -213      0    213  0.66168212E+00  0.00000000E+00 0.1232E-12      6
 1414   24     0    -212      0    212  0.66469054E+00  0.00000000E+00 0.3955E-12      5
 1415   24     0    -211      0    211  0.66795095E+00  0.00000000E+00 0.6180E-12      5
 1416   24     0    -210      0    210  0.67119021E+00  0.00000000E+00 0.2876E-12      6
 1417   24     0    -209      0    209  0.67422263E+00  0.00000000E+00 0.2496E-12      5
 1418   24     0    -208      0    208  0.67732476E+00  0.00000000E+00 0.2507E-12      6
 1419   24     0    -207      0    207  0.68066187E+00  0.00000000E+00 0.2392E-12      5
 1420   24     0    -206      0    206  0.68398302E+00  0.00000000E+00 0.3464E-12      5
 1421   24     0    -205      0    205  0.68715155E+00  0.00000000E+00 0.1965E-12      5
 1422   24     0    -204      0    204  0.69043100E+00  0.00000000E+00 0.2148E-12      6
 1423   24     0    -203      0    203  0.69390509E+00  0.00000000E+00 0.6356E-12      5
 1424   24     0    -202      0    202  0.69731603E+00  0.00000000E+00 0.2109E-12      6
 1425   24     0    -201      0    201  0.70058615E+00  0.00000000E+00 0.3273E-13      6
 1426   24     0    -200      0    200  0.70402792E+00  0.00000000E+00 0.5510E-14      5
 1427   24     0    -199      0    199  0.70766035E+00  0.00000000E+00 0.3460E-12      6
 1428   24     0    -198      0    198  0.71117913E+00  0.00000000E+00 0.2342E-12      5
 1429   24     0    -197      0    197  0.71455042E+00  0.00000000E+00 0.1645E-12      6
 1430   24     0    -196      0    196  0.71815990E+00  0.00000000E+00 0.5329E-12      6
 1431   24     0    -195      0    195  0.72197073E+00  0.00000000E+00 0.1840E-12      5
 1432   24     0    -194      0    194  0.72561217E+00  0.00000000E+00 0.1945E-12      6
 1433   24     0    -193      0    193  0.72907230E+00  0.00000000E+00 0.3497E-12      5
 1434   24     0    -192      0    192  0.73284099E+00  0.00000000E+00 0.6374E-12      5
 1435   24     0    -191      0    191  0.73684579E+00  0.00000000E+00 0.4372E-12      6
 1436   24     0    -190      0    190  0.74064937E+00  0.00000000E+00 0.1588E-12      5
 1437   24     0    -189      0    189  0.74420904E+00  0.00000000E+00 0.5580E-12      6
 1438   24     0    -188      0    188  0.74811175E+00  0.00000000E+00 0.7527E-13      5
 1439   24     0    -187      0    187  0.75230225E+00  0.00000000E+00 0.3537E-13      6
 1440   24     0    -186      0    186  0.75631073E+00  0.00000000E+00 0.1173E-12      6
 1441   24     0    -185      0    185  0.76003173E+00  0.00000000E+00 0.2664E-12      5
 1442   24     0    -184      0    184  0.76405835E+00  0.00000000E+00 0.2489E-12      6
 1443   24     0    -183      0    183  0.76839491E+00  0.00000000E+00 0.1360E-12      5
 1444   24     0    -182      0    182  0.77256580E+00  0.00000000E+00 0.1097E-12      6
 1445   24     0    -181      0    181  0.77647538E+00  0.00000000E+00 0.2186E-12      6
 1446   24     0    -180      0    180  0.78069540E+00  0.00000000E+00 0.1600E-12      5
 1447   24     0    -179      0    179  0.78521458E+00  0.00000000E+00 0.2620E-13      6
 1448   24     0    -178      0    178  0.78955524E+00  0.00000000E+00 0.1013E-12      5
 1449   24     0    -177      0    177  0.79364028E+00  0.00000000E+00 0.8619E-13      6
 1450   24     0    -176      0    176  0.79804883E+00  0.00000000E+00 0.5715E-13      6
 1451   24     0    -175      0    175  0.80274459E+00  0.00000000E+00 0.6430E-13      6
 1452   24     0    -174      0    174  0.80724707E+00  0.00000000E+00 0.1741E-12      5
 1453   24     0    -173      0    173  0.81154351E+00  0.00000000E+00 0.1639E-14      6
 1454   24     0    -172      0    172  0.81619680E+00  0.00000000E+00 0.7087E-13      6
 1455   24     0    -171      0    171  0.82110697E+00  0.00000000E+00 0.4187E-12      5
 1456   24     0    -170      0    170  0.82577383E+00  0.00000000E+00 0.6161E-13      6
 1457   24     0    -169      0    169  0.83024005E+00  0.00000000E+00 0.2942E-12      5
 1458   24     0    -168      0    168  0.83512752E+00  0.00000000E+00 0.3855E-12      6
 1459   24     0    -167      0    167  0.84027789E+00  0.00000000E+00 0.6734E-13      5
 1460   24     0    -166      0    166  0.84514981E+00  0.00000000E+00 0.2954E-12      6
 1461   24     0    -165      0    165  0.84982990E+00  0.00000000E+00 0.1261E-13      5
 1462   24     0    -164      0    164  0.85498309E+00  0.00000000E+00 0.5280E-12      5
 1463   24     0    -163      0    163  0.86039248E+00  0.00000000E+00 0.8514E-13      6
 1464   24     0    -162      0    162  0.86544797E+00  0.00000000E+00 0.1800E-12      6
 1465   24     0    -161      0    161  0.87031124E+00  0.00000000E+00 0.8734E-13      5
 1466   24     0    -160      0    160  0.87575307E+00  0.00000000E+00 0.1174E-12      5
 1467   24     0    -159      0    159  0.88146630E+00  0.00000000E+00 0.9118E-13      6
 1468   24     0    -158      0    158  0.88676903E+00  0.00000000E+00 0.3347E-14      6
 1469   24     0    -157      0    157  0.89185538E+00  0.00000000E+00 0.1533E-12      6
 1470   24     0    -156      0    156  0.89758294E+00  0.00000000E+00 0.5936E-13      5
 1471   24     0    -155      0    155  0.90359298E+00  0.00000000E+00 0.2698E-13      6
 1472   24     0    -154      0    154  0.90912957E+00  0.00000000E+00 0.2873E-12      6
 1473   24     0    -153      0    153  0.91444399E+00  0.00000000E+00 0.4232E-12      5
 1474   24     0    -152      0    152  0.92049403E+00  0.00000000E+00 0.2046E-15      5
 1475   24     0    -151      0    151  0.92685636E+00  0.00000000E+00 0.4496E-13      6
 1476   24     0    -150      0    150  0.93269787E+00  0.00000000E+00 0.1944E-12      6
 1477   24     0    -149      0    149  0.93824669E+00  0.00000000E+00 0.6753E-13      6
 1478   24     0    -148      0    148  0.94459294E+00  0.00000000E+00 0.1766E-12      5
 1479   24     0    -147      0    147  0.95128566E+00  0.00000000E+00 0.9268E-13      6
 1480   24     0    -146      0    146  0.95742652E+00  0.00000000E+00 0.2849E-13      6
 1481   24     0    -145      0    145  0.96329278E+00  0.00000000E+00 0.7069E-13      6
 1482   24     0    -144      0    144  0.97000456E+00  0.00000000E+00 0.1073E-12      5
 1483   24     0    -143      0    143  0.97705008E+00  0.00000000E+00 0.1834E-15      6
 1484   24     0    -142      0    142  0.98349039E+00  0.00000000E+00 0.1202E-12      6
 1485   24     0    -141      0    141  0.98969517E+00  0.00000000E+00 0.6480E-13      6
 1486   24     0    -140      0    140  0.99680140E+00  0.00000000E+00 0.2266E-13      5
 1487   24     0    -139      0    139  0.10042102E+01  0.00000000E+00 0.3156E-13      6
 1488   24     0    -138      0    138  0.10109549E+01  0.00000000E+00 0.5213E-12      6
 1489   24     0    -137      0    137  0.10175520E+01  0.00000000E+00 0.2049E-12      5
 1490   24     0    -136      0    136  0.10251200E+01  0.00000000E+00 0.1832E-12      5
 1491   24     0    -135      0    135  0.10329525E+01  0.00000000E+00 0.3472E-12      6
 1492   24     0    -134      0    134  0.10400107E+01  0.00000000E+00 0.3330E-12      6
 1493   24     0    -133      0    133  0.10469638E+01  0.00000000E+00 0.8784E-13      6
 1494   24     0    -132      0    132  0.10550182E+01  0.00000000E+00 0.2172E-12      5
 1495   24     0    -131      0    131  0.10633358E+01  0.00000000E+00 0.1227E-12      6
 1496   24     0    -130      0    130  0.10707928E+01  0.00000000E+00 0.3703E-13      6
 1497   24     0    -129      0    129  0.10781491E+01  0.00000000E+00 0.7704E-12      6
 1498   24     0    -128      0    128  0.10866932E+01  0.00000000E+00 0.2283E-13      5
 1499   24     0    -127      0    127  0.10954799E+01  0.00000000E+00 0.1865E-12      6
 1500   24     0    -126      0    126  0.11033257E+01  0.00000000E+00 0.4165E-12      5
 1501   24     0    -125      0    125  0.11111720E+01  0.00000000E+00 0.6879E-13      6
 1502   24     0    -124      0    124  0.11202934E+01  0.00000000E+00 0.1856E-13      5
 1503   24     0    -123      0    123  0.11296256E+01  0.00000000E+00 0.7818E-13      5
 1504   24     0    -122      0    122  0.11379047E+01  0.00000000E+00 0.1649E-12      5
 1505   24     0    -121      0    121  0.11462170E+01  0.00000000E+00 0.2025E-12      6
 1506   24     0    -120      0    120  0.11559373E+01  0.00000000E+00 0.1977E-12      5
 1507   24     0    -119      0    119  0.11658987E+01  0.00000000E+00 0.2567E-12      6
 1508   24     0    -118      0    118  0.11747125E+01  0.00000000E+00 0.1520E-12      5
 1509   24     0    -117      0    117  0.11834846E+01  0.00000000E+00 0.2238E-12      6
 1510   24     0    -116      0    116  0.11938063E+01  0.00000000E+00 0.1131E-13      5
 1511   24     0    -115      0    115  0.12044399E+01  0.00000000E+00 0.6416E-13      6
 1512   24     0    -114      0    114  0.12138395E+01  0.00000000E+00 0.1570E-12      6
 1513   24     0    -113      0    113  0.12231004E+01  0.00000000E+00 0.4650E-13      6
 1514   24     0    -112      0    112  0.12340637E+01  0.00000000E+00 0.2986E-13      5
 1515   24     0    -111      0    111  0.12454326E+01  0.00000000E+00 0.1371E-12      6
 1516   24     0    -110      0    110  0.12554843E+01  0.00000000E+00 0.1247E-12      6
 1517   24     0    -109      0    109  0.12652326E+01  0.00000000E+00 0.3460E-12      6
 1518   24     0    -108      0    108  0.12768583E+01  0.00000000E+00 0.4909E-13      6
 1519   24     0    -107      0    107  0.12890467E+01  0.00000000E+00 0.1131E-12      6
 1520   24     0    -106      0    106  0.12999120E+01  0.00000000E+00 0.2590E-12      6
 1521   24     0    -105      0    105  0.13101638E+01  0.00000000E+00 0.2682E-12      6
 1522   24     0    -104      0    104  0.13224273E+01  0.00000000E+00 0.7273E-13      5
 1523   24     0    -103      0    103  0.13355180E+01  0.00000000E+00 0.1630E-12      6
 1524   24     0    -102      0    102  0.13473796E+01  0.00000000E+00 0.6050E-13      6
 1525   24     0    -101      0    101  0.13581450E+01  0.00000000E+00 0.9946E-13      6
 1526   24     0    -100      0    100  0.13710205E+01  0.00000000E+00 0.3699E-13      6
 1527   24     0     -99      0     99  0.13851337E+01  0.00000000E+00 0.2528E-12      6
 1528   24     0     -98      0     98  0.13982322E+01  0.00000000E+00 0.2075E-12      6
 1529   24     0     -97      0     97  0.14096985E+01  0.00000000E+00 0.4501E-13      6
 1530   24     0     -96      0     96  0.14232543E+01  0.00000000E+00 0.1167E-12      6
 1531   24     0     -95      0     95  0.14385327E+01  0.00000000E+00 0.6577E-13      6
 1532   24     0     -94      0     94  0.14530196E+01  0.00000000E+00 0.9707E-13      6
 1533   24     0     -93      0     93  0.14654128E+01  0.00000000E+00 0.2565E-12      6
 1534   24     0     -92      0     92  0.14797583E+01  0.00000000E+00 0.4912E-13      6
 1535   24     0     -91      0     91  0.14962952E+01  0.00000000E+00 0.7520E-13      5
 1536   24     0     -90      0     90  0.15122648E+01  0.00000000E+00 0.5308E-13      6
 1537   24     0     -89      0     89  0.15257449E+01  0.00000000E+00 0.1067E-12      5
 1538   24     0     -88      0     88  0.15409534E+01  0.00000000E+00 0.1886E-12      6
 1539   24     0     -87      0     87  0.15588689E+01  0.00000000E+00 0.2717E-12      5
 1540   24     0     -86      0     86  0.15765087E+01  0.00000000E+00 0.3979E-13      6
 1541   24     0     -85      0     85  0.15912947E+01  0.00000000E+00 0.1885E-12      6
 1542   24     0     -84      0     84  0.16074201E+01  0.00000000E+00 0.5914E-13      6
 1543   24     0     -83      0     83  0.16268515E+01  0.00000000E+00 0.3221E-12      5
 1544   24     0     -82      0     82  0.16463219E+01  0.00000000E+00 0.6196E-13      6
 1545   24     0     -81      0     81  0.16625246E+01  0.00000000E+00 0.1705E-13      6
 1546   24     0     -80      0     80  0.16796991E+01  0.00000000E+00 0.1272E-12      6
 1547   24     0     -79      0     79  0.17008562E+01  0.00000000E+00 0.1497E-13      5
  Time elapsed :      1.839 s

Starting search (non-adiabatic)

Finding roots
  Time elapsed :    155.917 s

Processing modes
   id    l     m    n_pg    n_p    n_g       Re(omega)       Im(omega)        chi n_iter
 1388   24     0    -238      1    239  0.59256632E+00 -0.95192689E-03 0.1169E-12      8
 1389   24     0    -237      1    238  0.59506393E+00 -0.90585318E-03 0.6284E-12      8
 1390   24     0    -236      1    237  0.59748139E+00 -0.91386858E-03 0.6868E-12      9
 1391   24     0    -235      1    236  0.60002362E+00 -0.96473070E-03 0.3351E-12      8
 1392   24     0    -234      1    235  0.60264546E+00 -0.95541147E-03 0.3073E-12      8
 1393   24     0    -233      1    234  0.60516473E+00 -0.91319362E-03 0.4035E-12      9
 1394   24     0    -232      1    233  0.60766632E+00 -0.95387587E-03 0.4660E-12      8
 1395   24     0    -231      1    232  0.61035235E+00 -0.10098636E-02 0.4666E-12      9
 1396   24     0    -230      1    231  0.61309701E+00 -0.98608126E-03 0.3988E-13      8
 1397   24     0    -229      1    230  0.61568330E+00 -0.92585735E-03 0.6507E-12      8
 1398   24     0    -228      1    229  0.61823432E+00 -0.97598099E-03 0.3989E-12      8
 1399   24     0    -227      1    228  0.62100964E+00 -0.10423700E-02 0.6069E-12      8
 1400   24     0    -226      1    227  0.62385185E+00 -0.10178227E-02 0.4986E-12      7
 1401   24     0    -225      1    226  0.62653192E+00 -0.95992717E-03 0.1062E-12      8
 1402   24     0    -224      1    225  0.62918952E+00 -0.10138083E-02 0.3520E-12      9
 1403   24     0    -223      1    224  0.63207004E+00 -0.10764570E-02 0.6142E-12      7
 1404   24     0    -222      1    223  0.63499866E+00 -0.10455816E-02 0.8705E-12      8
 1405   24     0    -221      1    222  0.63775341E+00 -0.99358640E-03 0.2917E-12      8
 1406   24     0    -220      1    221  0.64051890E+00 -0.10607548E-02 0.8487E-12      8
 1407   24     0    -219      1    220  0.64351584E+00 -0.11206178E-02 0.3977E-12      7
 1408   24     0    -218      1    219  0.64653559E+00 -0.10814992E-02 0.4712E-12      9
 1409   24     0    -217      1    218  0.64937097E+00 -0.10392504E-02 0.8331E-12      7
 1410   24     0    -216      1    217  0.65226571E+00 -0.11239987E-02 0.5853E-12      6
 1411   24     0    -215      1    216  0.65540432E+00 -0.11814028E-02 0.5138E-12      7
 1412   24     0    -214      1    215  0.65853116E+00 -0.11237248E-02 0.6326E-12      7
 1413   24     0    -213      1    214  0.66141198E+00 -0.10718973E-02 0.4977E-12      7
 1414   24     0    -212      1    213  0.66438631E+00 -0.11848873E-02 0.7635E-12      7
 1415   24     0    -211      1    212  0.66766149E+00 -0.12552567E-02 0.1260E-11      8
 1416   24     0    -210      1    211  0.67094032E+00 -0.12008437E-02 0.7496E-12      7
 1417   24     0    -209      1    210  0.67396764E+00 -0.11357899E-02 0.2400E-12      8
 1418   24     0    -208      1    209  0.67703525E+00 -0.12340354E-02 0.5114E-12      7
 1419   24     0    -207      1    208  0.68038591E+00 -0.13029743E-02 0.3741E-12      8
 1420   24     0    -206      0    206  0.68373849E+00 -0.12523610E-02 0.3710E-12     10
 1421   24     0    -205      0    205  0.68689160E+00 -0.12173683E-02 0.7605E-12      8
 1422   24     0    -204      0    204  0.69014475E+00 -0.13152901E-02 0.5393E-12      8
 1423   24     0    -203      0    203  0.69363695E+00 -0.13621542E-02 0.8011E-12     10
 1424   24     0    -202      0    202  0.69707716E+00 -0.12946284E-02 0.1356E-11      8
 1425   24     0    -201      0    201  0.70031985E+00 -0.12810123E-02 0.1283E-11      9
 1426   24     0    -200      0    200  0.70373913E+00 -0.13981455E-02 0.1455E-12      8
 1427   24     0    -199      0    199  0.70739592E+00 -0.14336080E-02 0.1501E-12      8
 1428   24     0    -198      0    198  0.71094389E+00 -0.13444108E-02 0.1233E-11      8
 1429   24     0    -197      0    197  0.71427190E+00 -0.13504420E-02 0.3281E-12      8
 1430   24     0    -196      0    196  0.71785773E+00 -0.14955632E-02 0.4269E-12      7
 1431   24     0    -195      0    195  0.72169624E+00 -0.15256762E-02 0.4205E-12      8
 1432   24     0    -194      0    194  0.72536879E+00 -0.14056812E-02 0.1161E-12      8
 1433   24     0    -193      0    193  0.72876280E+00 -0.14208375E-02 0.8059E-12      9
 1434   24     0    -192      0    192  0.73249733E+00 -0.16001379E-02 0.9387E-12      8
 1435   24     0    -191      0    191  0.73652612E+00 -0.16318971E-02 0.6505E-12      8
 1436   24     0    -190      0    190  0.74036726E+00 -0.14813853E-02 0.1144E-11      9
 1437   24     0    -188      0    188  0.74769277E+00 -0.16736013E-02 0.2786E-12     13
 1438   24     0    -187      0    187  0.75189858E+00 -0.17117895E-02 0.1158E-11     11
 1439   24     0    -186      0    186  0.75595052E+00 -0.15545682E-02 0.3387E-12      9
 1440   24     0    -185      0    185  0.75959731E+00 -0.14981268E-02 0.6315E-12      9
 1441   24     0    -184      0    184  0.76355386E+00 -0.16827999E-02 0.1738E-12      8
 1442   24     0    -183      0    183  0.76790352E+00 -0.17165432E-02 0.1251E-11     10
 1443   24     0    -182      0    182  0.77212262E+00 -0.15591301E-02 0.4390E-12     11
 1444   24     0    -181      0    181  0.77597025E+00 -0.15006837E-02 0.9166E-12     10
 1445   24     0    -180      0    180  0.78012383E+00 -0.16606539E-02 0.1249E-11      9
 1446   24     0    -179      0    179  0.78466094E+00 -0.16798956E-02 0.5636E-12      9
 1447   24     0    -178      0    178  0.78905839E+00 -0.15204594E-02 0.7046E-12      9
 1448   24     0    -177      0    177  0.79309329E+00 -0.14644789E-02 0.1192E-11      9
 1449   24     0    -176      0    176  0.79744266E+00 -0.16074687E-02 0.9332E-12     10
 1450   24     0    -175      0    175  0.80216243E+00 -0.16122037E-02 0.1111E-11      9
 1451   24     0    -174      0    174  0.80672128E+00 -0.14589791E-02 0.5599E-12      8
 1452   24     0    -173      0    173  0.81097227E+00 -0.14275027E-02 0.7993E-13     10
 1453   24     0    -172      0    172  0.81557885E+00 -0.15503629E-02 0.5331E-12      9
 1454   24     0    -171      0    171  0.82052153E+00 -0.15333771E-02 0.6664E-12     11
 1455   24     0    -170      0    170  0.82525178E+00 -0.13711551E-02 0.6490E-12      8
 1456   24     0    -169      0    169  0.82967593E+00 -0.13536423E-02 0.1863E-12      7
 1457   24     0    -168      0    168  0.83452648E+00 -0.14712801E-02 0.1203E-11     10
 1458   24     0    -167      0    167  0.83971807E+00 -0.14414682E-02 0.4331E-12     10
 1459   24     0    -166      0    166  0.84465774E+00 -0.12792768E-02 0.6556E-13      9
 1460   24     0    -165      0    165  0.84930401E+00 -0.12746415E-02 0.6838E-12      8
 1461   24     0    -164      0    164  0.85443334E+00 -0.13830764E-02 0.2236E-12      8
 1462   24     0    -163      0    163  0.85989313E+00 -0.13405805E-02 0.2779E-12     10
 1463   24     0    -162      0    162  0.86501948E+00 -0.11722214E-02 0.2521E-12      9
 1464   24     0    -161      0    161  0.86984931E+00 -0.11912023E-02 0.4563E-12      8
 1465   24     0    -160      0    160  0.87527671E+00 -0.13032212E-02 0.6734E-13      9
 1466   24     0    -159      0    159  0.88104216E+00 -0.12567771E-02 0.1265E-11      8
 1467   24     0    -158      0    158  0.88641162E+00 -0.10915162E-02 0.5064E-12     10
 1468   24     0    -157      0    157  0.89146973E+00 -0.11204706E-02 0.5170E-12      8
 1469   24     0    -156      0    156  0.89718966E+00 -0.12312519E-02 0.8079E-12     11
 1470   24     0    -155      0    155  0.90324928E+00 -0.11833026E-02 0.1013E-11      8
 1471   24     0    -154      0    154  0.90884375E+00 -0.10211692E-02 0.6466E-12      9
 1472   24     0    -153      0    153  0.91413090E+00 -0.10662684E-02 0.4900E-12      8
 1473   24     0    -152      0    152  0.92017793E+00 -0.11786891E-02 0.4015E-12      8
 1474   24     0    -151      0    151  0.92658437E+00 -0.11321690E-02 0.4531E-12      9
 1475   24     0    -150      0    150  0.93247680E+00 -0.96907392E-03 0.2310E-12      9
 1476   24     0    -149      0    149  0.93800350E+00 -0.10108575E-02 0.1435E-11      9
 1477   24     0    -148      0    148  0.94435109E+00 -0.11229729E-02 0.4736E-12      8
 1478   24     0    -147      0    147  0.95108344E+00 -0.10760180E-02 0.1185E-11      9
 1479   24     0    -146      0    146  0.95726406E+00 -0.92237226E-03 0.6284E-12      8
 1480   24     0    -145      0    145  0.96311414E+00 -0.97104711E-03 0.4389E-12      8
 1481   24     0    -144      0    144  0.96983437E+00 -0.10727172E-02 0.1208E-11      9
 1482   24     0    -143      0    143  0.97691576E+00 -0.10210407E-02 0.3614E-12      8
 1483   24     0    -142      0    142  0.98338500E+00 -0.87709129E-03 0.2215E-12      9
 1484   24     0    -141      0    141  0.98957959E+00 -0.93604775E-03 0.1872E-11      9
 1485   24     0    -140      0    140  0.99670089E+00 -0.10287507E-02 0.7337E-12      8
 1486   24     0    -139      0    139  0.10041413E+01 -0.97345554E-03 0.4337E-12      9
 1487   24     0    -138      0    138  0.10109037E+01 -0.84406306E-03 0.5012E-12     10
 1488   24     0    -137      0    137  0.10174966E+01 -0.91979680E-03 0.8337E-12      9
 1489   24     0    -136      0    136  0.10250847E+01 -0.10073447E-02 0.1378E-11      9
 1490   24     0    -135      0    135  0.10329439E+01 -0.94841253E-03 0.9088E-12      8
 1491   24     0    -134      0    134  0.10400102E+01 -0.82048822E-03 0.7162E-12      8
 1492   24     0    -133      0    133  0.10469640E+01 -0.91467554E-03 0.1032E-11      8
 1493   24     0    -132      0    132  0.10550432E+01 -0.10054543E-02 0.1470E-11      8
 1494   24     0    -131      0    131  0.10633828E+01 -0.94528047E-03 0.6264E-12      8
 1495   24     0    -130      0    130  0.10708394E+01 -0.81735909E-03 0.1374E-11      8
 1496   24     0    -129      0    129  0.10782022E+01 -0.92030150E-03 0.1816E-11      8
 1497   24     0    -128      0    128  0.10867756E+01 -0.10119129E-02 0.4326E-12      8
 1498   24     0    -127      0    127  0.10955795E+01 -0.94661340E-03 0.2196E-12     11
 1499   24     0    -126      0    126  0.11034169E+01 -0.82516448E-03 0.7022E-12     10
 1500   24     0    -125      0    125  0.11112785E+01 -0.94348315E-03 0.2642E-11      8
 1501   24     0    -124      0    124  0.11204344E+01 -0.10345221E-02 0.1940E-11     11
 1502   24     0    -123      0    123  0.11297800E+01 -0.96619930E-03 0.1083E-11      8
 1503   24     0    -122      0    122  0.11380431E+01 -0.84369938E-03 0.8215E-12     10
 1504   24     0    -121      0    121  0.11463799E+01 -0.98122012E-03 0.1128E-11      9
 1505   24     0    -120      0    120  0.11561421E+01 -0.10862437E-02 0.1817E-11      9
 1506   24     0    -119      0    119  0.11661151E+01 -0.10249450E-02 0.1525E-11     10
 1507   24     0    -118      0    118  0.11749040E+01 -0.89437164E-03 0.8613E-12      9
 1508   24     0    -117      0    117  0.11837076E+01 -0.10510450E-02 0.1477E-11     10
 1509   24     0    -116      0    116  0.11940802E+01 -0.11824448E-02 0.1303E-11      8
 1510   24     0    -115      0    115  0.12047229E+01 -0.11296142E-02 0.7933E-12      9
 1511   24     0    -114      0    114  0.12140851E+01 -0.98297769E-03 0.4775E-12     13
 1512   24     0    -113      0    113  0.12233796E+01 -0.11604841E-02 0.1292E-11     10
 1513   24     0    -112      0    112  0.12343991E+01 -0.13183540E-02 0.7056E-12     10
 1514   24     0    -111      0    111  0.12457708E+01 -0.12657524E-02 0.4817E-12     11
 1515   24     0    -110      0    110  0.12557684E+01 -0.10848854E-02 0.1227E-11     10
 1516   24     0    -109      0    109  0.12655422E+01 -0.12693359E-02 0.3771E-11      9
 1517   24     0    -108      0    108  0.12772227E+01 -0.14474282E-02 0.1380E-11     10
 1518   24     0    -107      1    108  0.12894057E+01 -0.13931611E-02 0.1005E-11      9
 1519   24     0    -106      1    107  0.13002043E+01 -0.11698142E-02 0.1057E-11      9
 1520   24     0    -108      0    108  0.13104585E+01 -0.13195345E-02 0.1489E-11     10
 1521   24     0    -107      0    107  0.13227659E+01 -0.15025701E-02 0.1840E-11      9
 1522   24     0    -104      0    104  0.13358411E+01 -0.14367555E-02 0.1987E-11      9
 1523   24     0    -103      0    103  0.13476331E+01 -0.11635632E-02 0.2039E-11     12
 1524   24     0    -102      0    102  0.13583734E+01 -0.12118143E-02 0.7634E-12      9
 1525   24     0    -101      0    101  0.13712799E+01 -0.13543848E-02 0.1208E-11      9
 1526   24     0    -100      0    100  0.13853781E+01 -0.12533460E-02 0.7543E-12      9
 1527   24     0     -99      0     99  0.13984245E+01 -0.96689795E-03 0.1408E-11      9
 1528   24     0     -98      0     98  0.14098639E+01 -0.90169757E-03 0.1007E-11      9
 1529   24     0     -97      0     97  0.14234488E+01 -0.98801476E-03 0.2066E-11      9
 1530   24     0     -96      0     96  0.14387224E+01 -0.89081757E-03 0.3540E-11     11
 1531   24     0     -95      0     95  0.14531730E+01 -0.67028709E-03 0.9753E-12      9
 1532   24     0     -94      0     94  0.14655447E+01 -0.57536797E-03 0.2121E-11     10
 1533   24     0     -93      0     93  0.14799142E+01 -0.62947456E-03 0.6301E-11     10
 1534   24     0     -92      0     92  0.14964476E+01 -0.56590164E-03 0.3063E-11      8
 1535   24     0     -91      0     91  0.15123875E+01 -0.42440968E-03 0.6773E-12     10
 1536   24     0     -90      0     90  0.15258466E+01 -0.34202852E-03 0.2271E-11      8
 1537   24     0     -89      0     89  0.15410719E+01 -0.37580881E-03 0.5385E-11     10
 1538   24     0     -88      0     88  0.15589835E+01 -0.34071541E-03 0.4904E-11     10
 1539   24     0     -87      0     87  0.15766005E+01 -0.25801451E-03 0.1873E-11     12
 1540   24     0     -86      0     86  0.15913669E+01 -0.19677931E-03 0.5039E-11      9
 1541   24     0     -85      0     85  0.16075034E+01 -0.21807177E-03 0.4489E-11      8
 1542   24     0     -84      0     84  0.16269322E+01 -0.20150758E-03 0.3276E-11     10
 1543   24     0     -83      0     83  0.16463863E+01 -0.15459494E-03 0.4830E-11      9
 1544   24     0     -82      0     82  0.16625728E+01 -0.11304339E-03 0.7770E-11      8
 1545   24     0     -81      0     81  0.16797552E+01 -0.12777995E-03 0.5599E-11      9
 1546   24     0     -80      0     80  0.17009113E+01 -0.12156925E-03 0.1373E-10      8
 1547   24     0     -79      0     79  0.17223208E+01 -0.95565910E-04 0.1569E-11      8
  Time elapsed :      7.010 s

Mode Search
-----------

Mode parameters
   l : 25
   m : 0

Building frequency grid (REAL axis)
   added scan interval :  0.5234E+00 ->  0.2094E+01 (3000 points, INVERSE)

Building spatial grid
   Scaffold grid from model
   Split 290 subinterval(s) in iteration 1
   Split 132 subinterval(s) in iteration 2
   Split 9 subinterval(s) in iteration 3
   Split 0 subinterval(s) in iteration 4
   Final grid has 1 segment(s) and 7568 point(s):
      Segment 1 : x range 0.0000 -> 1.0012 (1 -> 7568)

Starting search (adiabatic)

Scanning frequencies
  Time elapsed :    23.957 s

Finding roots
  Time elapsed :      7.857 s

Processing modes
   id    l     m    n_pg    n_p    n_g       Re(omega)       Im(omega)        chi n_iter
 1597   25     0    -248      0    248  0.59223963E+00  0.00000000E+00 0.7681E-12      5
 1598   25     0    -247      0    247  0.59465553E+00  0.00000000E+00 0.1323E-13      5
 1599   25     0    -246      0    246  0.59716190E+00  0.00000000E+00 0.4228E-12      5
 1600   25     0    -245      0    245  0.59955516E+00  0.00000000E+00 0.2053E-12      5
 1601   25     0    -244      0    244  0.60186189E+00  0.00000000E+00 0.4346E-13      6
 1602   25     0    -243      0    243  0.60432842E+00  0.00000000E+00 0.3297E-13      6
 1603   25     0    -242      0    242  0.60690460E+00  0.00000000E+00 0.1154E-12      6
 1604   25     0    -241      0    241  0.60938802E+00  0.00000000E+00 0.3366E-13      6
 1605   25     0    -240      0    240  0.61179049E+00  0.00000000E+00 0.1853E-12      5
 1606   25     0    -239      0    239  0.61433031E+00  0.00000000E+00 0.2466E-12      5
 1607   25     0    -238      0    238  0.61696922E+00  0.00000000E+00 0.1108E-12      6
 1608   25     0    -237      0    237  0.61953558E+00  0.00000000E+00 0.1339E-12      6
 1609   25     0    -236      0    236  0.62205940E+00  0.00000000E+00 0.8857E-12      5
 1610   25     0    -235      0    235  0.62470251E+00  0.00000000E+00 0.6966E-12      5
 1611   25     0    -234      0    234  0.62739674E+00  0.00000000E+00 0.1912E-12      5
 1612   25     0    -233      0    233  0.62999876E+00  0.00000000E+00 0.3191E-12      5
 1613   25     0    -232      0    232  0.63261861E+00  0.00000000E+00 0.2709E-12      6
 1614   25     0    -231      0    231  0.63540449E+00  0.00000000E+00 0.7026E-13      5
 1615   25     0    -230      0    230  0.63822113E+00  0.00000000E+00 0.4866E-12      6
 1616   25     0    -229      0    229  0.64089289E+00  0.00000000E+00 0.3531E-12      5
 1617   25     0    -228      0    228  0.64356892E+00  0.00000000E+00 0.5364E-12      6
 1618   25     0    -227      0    227  0.64644585E+00  0.00000000E+00 0.2042E-12      5
 1619   25     0    -226      0    226  0.64936552E+00  0.00000000E+00 0.2154E-12      6
 1620   25     0    -225      0    225  0.65213988E+00  0.00000000E+00 0.1113E-13      5
 1621   25     0    -224      0    224  0.65492330E+00  0.00000000E+00 0.3348E-12      5
 1622   25     0    -223      0    223  0.65790457E+00  0.00000000E+00 0.7377E-12      5
 1623   25     0    -222      0    222  0.66091459E+00  0.00000000E+00 0.2307E-12      5
 1624   25     0    -221      0    221  0.66377383E+00  0.00000000E+00 0.1971E-12      5
 1625   25     0    -220      0    220  0.66666712E+00  0.00000000E+00 0.2614E-12      6
 1626   25     0    -219      0    219  0.66976507E+00  0.00000000E+00 0.8998E-13      5
 1627   25     0    -218      0    218  0.67287228E+00  0.00000000E+00 0.1013E-12      6
 1628   25     0    -217      0    217  0.67582455E+00  0.00000000E+00 0.1463E-12      5
 1629   25     0    -216      0    216  0.67884875E+00  0.00000000E+00 0.1346E-12      6
 1630   25     0    -215      0    215  0.68208907E+00  0.00000000E+00 0.1094E-12      5
 1631   25     0    -214      0    214  0.68530613E+00  0.00000000E+00 0.1455E-12      6
 1632   25     0    -213      0    213  0.68831632E+00  0.00000000E+00 0.3959E-12      5
 1633   25     0    -212      0    212  0.69142677E+00  0.00000000E+00 0.3547E-12      6
 1634   25     0    -211      0    211  0.69480788E+00  0.00000000E+00 0.4730E-12      5
 1635   25     0    -210      0    210  0.69818632E+00  0.00000000E+00 0.1037E-12      6
 1636   25     0    -209      0    209  0.70134718E+00  0.00000000E+00 0.5090E-12      5
 1637   25     0    -208      0    208  0.70455566E+00  0.00000000E+00 0.9966E-14      6
 1638   25     0    -207      0    207  0.70801606E+00  0.00000000E+00 0.5328E-12      5
 1639   25     0    -206      0    206  0.71147914E+00  0.00000000E+00 0.3772E-13      6
 1640   25     0    -205      0    205  0.71477759E+00  0.00000000E+00 0.2810E-12      5
 1641   25     0    -204      0    204  0.71817037E+00  0.00000000E+00 0.2081E-12      6
 1642   25     0    -203      0    203  0.72177596E+00  0.00000000E+00 0.7558E-12      5
 1643   25     0    -202      0    202  0.72533441E+00  0.00000000E+00 0.2710E-12      6
 1644   25     0    -201      0    201  0.72873435E+00  0.00000000E+00 0.3150E-12      5
 1645   25     0    -200      0    200  0.73229278E+00  0.00000000E+00 0.2862E-12      6
 1646   25     0    -199      0    199  0.73606549E+00  0.00000000E+00 0.3419E-12      6
 1647   25     0    -198      0    198  0.73974000E+00  0.00000000E+00 0.1628E-12      6
 1648   25     0    -197      0    197  0.74324092E+00  0.00000000E+00 0.1483E-12      6
 1649   25     0    -196      0    196  0.74696862E+00  0.00000000E+00 0.9428E-13      5
 1650   25     0    -195      0    195  0.75092860E+00  0.00000000E+00 0.3783E-12      6
 1651   25     0    -194      0    194  0.75473699E+00  0.00000000E+00 0.8184E-13      6
 1652   25     0    -193      0    193  0.75832754E+00  0.00000000E+00 0.6239E-13      5
 1653   25     0    -192      0    192  0.76221350E+00  0.00000000E+00 0.1216E-12      5
 1654   25     0    -191      0    191  0.76637443E+00  0.00000000E+00 0.1293E-12      6
 1655   25     0    -190      0    190  0.77035753E+00  0.00000000E+00 0.8260E-13      5
 1656   25     0    -189      0    189  0.77405403E+00  0.00000000E+00 0.1215E-12      5
 1657   25     0    -188      0    188  0.77807251E+00  0.00000000E+00 0.4874E-12      5
 1658   25     0    -187      0    187  0.78242286E+00  0.00000000E+00 0.2791E-12      5
 1659   25     0    -186      0    186  0.78661973E+00  0.00000000E+00 0.1156E-12      6
 1660   25     0    -185      0    185  0.79048966E+00  0.00000000E+00 0.2701E-12      5
 1661   25     0    -184      0    184  0.79463491E+00  0.00000000E+00 0.1469E-12      5
 1662   25     0    -183      0    183  0.79913453E+00  0.00000000E+00 0.5041E-12      5
 1663   25     0    -182      0    182  0.80349917E+00  0.00000000E+00 0.1204E-12      5
 1664   25     0    -181      0    181  0.80756353E+00  0.00000000E+00 0.1479E-12      5
 1665   25     0    -180      0    180  0.81190971E+00  0.00000000E+00 0.1578E-12      5
 1666   25     0    -179      0    179  0.81659967E+00  0.00000000E+00 0.6215E-12      5
 1667   25     0    -178      0    178  0.82114152E+00  0.00000000E+00 0.5725E-14      5
 1668   25     0    -177      0    177  0.82538515E+00  0.00000000E+00 0.1719E-12      5
 1669   25     0    -176      0    176  0.82992549E+00  0.00000000E+00 0.1536E-14      5
 1670   25     0    -175      0    175  0.83480124E+00  0.00000000E+00 0.3387E-12      6
 1671   25     0    -174      0    174  0.83951282E+00  0.00000000E+00 0.3160E-13      6
 1672   25     0    -173      0    173  0.84396972E+00  0.00000000E+00 0.4729E-12      5
 1673   25     0    -172      0    172  0.84876173E+00  0.00000000E+00 0.3872E-12      5
 1674   25     0    -171      0    171  0.85386241E+00  0.00000000E+00 0.1008E-12      6
 1675   25     0    -170      0    170  0.85874962E+00  0.00000000E+00 0.9777E-13      6
 1676   25     0    -169      0    169  0.86337810E+00  0.00000000E+00 0.3201E-12      6
 1677   25     0    -168      0    168  0.86840803E+00  0.00000000E+00 0.2997E-12      6
 1678   25     0    -167      0    167  0.87375973E+00  0.00000000E+00 0.8345E-13      6
 1679   25     0    -166      0    166  0.87886425E+00  0.00000000E+00 0.3745E-13      6
 1680   25     0    -165      0    165  0.88371019E+00  0.00000000E+00 0.2666E-13      6
 1681   25     0    -164      0    164  0.88901128E+00  0.00000000E+00 0.1269E-12      6
 1682   25     0    -163      0    163  0.89463473E+00  0.00000000E+00 0.1154E-12      6
 1683   25     0    -162      0    162  0.89993764E+00  0.00000000E+00 0.3797E-13      6
 1684   25     0    -161      0    161  0.90496499E+00  0.00000000E+00 0.5841E-12      5
 1685   25     0    -160      0    160  0.91055855E+00  0.00000000E+00 0.6659E-13      6
 1686   25     0    -159      0    159  0.91650052E+00  0.00000000E+00 0.8023E-13      6
 1687   25     0    -158      0    158  0.92206812E+00  0.00000000E+00 0.2788E-13      5
 1688   25     0    -157      0    157  0.92732157E+00  0.00000000E+00 0.1397E-12      6
 1689   25     0    -156      0    156  0.93320372E+00  0.00000000E+00 0.1578E-13      5
 1690   25     0    -155      0    155  0.93945553E+00  0.00000000E+00 0.1032E-12      5
 1691   25     0    -154      0    154  0.94527462E+00  0.00000000E+00 0.1809E-12      6
 1692   25     0    -153      0    153  0.95075707E+00  0.00000000E+00 0.1044E-12      6
 1693   25     0    -152      0    152  0.95696450E+00  0.00000000E+00 0.8172E-13      6
 1694   25     0    -151      0    151  0.96358153E+00  0.00000000E+00 0.1327E-12      6
 1695   25     0    -150      0    150  0.96972663E+00  0.00000000E+00 0.2227E-12      6
 1696   25     0    -149      0    149  0.97545119E+00  0.00000000E+00 0.7940E-13      6
 1697   25     0    -148      0    148  0.98195594E+00  0.00000000E+00 0.1664E-12      6
 1698   25     0    -147      0    147  0.98891693E+00  0.00000000E+00 0.1242E-13      6
 1699   25     0    -146      0    146  0.99537868E+00  0.00000000E+00 0.1055E-13      6
 1700   25     0    -145      0    145  0.10014257E+01  0.00000000E+00 0.1180E-12      6
 1701   25     0    -144      0    144  0.10083042E+01  0.00000000E+00 0.3676E-13      5
 1702   25     0    -143      0    143  0.10156353E+01  0.00000000E+00 0.4790E-12      5
 1703   25     0    -142      0    142  0.10224139E+01  0.00000000E+00 0.2689E-12      6
 1704   25     0    -141      0    141  0.10288015E+01  0.00000000E+00 0.9511E-13      6
 1705   25     0    -140      0    140  0.10360849E+01  0.00000000E+00 0.1976E-12      6
 1706   25     0    -139      0    139  0.10437996E+01  0.00000000E+00 0.1644E-12      6
 1707   25     0    -138      0    138  0.10508991E+01  0.00000000E+00 0.7702E-13      6
 1708   25     0    -137      0    137  0.10576773E+01  0.00000000E+00 0.3408E-12      5
 1709   25     0    -136      0    136  0.10654341E+01  0.00000000E+00 0.6643E-13      6
 1710   25     0    -135      0    135  0.10735958E+01  0.00000000E+00 0.4659E-12      6
 1711   25     0    -134      0    134  0.10810340E+01  0.00000000E+00 0.2598E-12      6
 1712   25     0    -133      0    133  0.10881606E+01  0.00000000E+00 0.1778E-12      6
 1713   25     0    -132      0    132  0.10964106E+01  0.00000000E+00 0.3032E-12      5
 1714   25     0    -131      0    131  0.11050838E+01  0.00000000E+00 0.5895E-13      6
 1715   25     0    -130      0    130  0.11129521E+01  0.00000000E+00 0.4912E-13      6
 1716   25     0    -129      0    129  0.11204786E+01  0.00000000E+00 0.2024E-12      6
 1717   25     0    -128      0    128  0.11292234E+01  0.00000000E+00 0.6312E-13      6
 1718   25     0    -127      0    127  0.11383955E+01  0.00000000E+00 0.9005E-13      6
 1719   25     0    -126      0    126  0.11466819E+01  0.00000000E+00 0.4231E-13      6
 1720   25     0    -125      0    125  0.11546906E+01  0.00000000E+00 0.1302E-12      6
 1721   25     0    -124      0    124  0.11640215E+01  0.00000000E+00 0.1395E-12      5
 1722   25     0    -123      0    123  0.11737693E+01  0.00000000E+00 0.3039E-12      6
 1723   25     0    -122      0    122  0.11825284E+01  0.00000000E+00 0.1819E-14      5
 1724   25     0    -121      0    121  0.11909952E+01  0.00000000E+00 0.1201E-12      6
 1725   25     0    -120      0    120  0.12009239E+01  0.00000000E+00 0.1400E-12      5
 1726   25     0    -119      0    119  0.12113251E+01  0.00000000E+00 0.5710E-13      6
 1727   25     0    -118      0    118  0.12206677E+01  0.00000000E+00 0.6103E-13      6
 1728   25     0    -117      0    117  0.12295936E+01  0.00000000E+00 0.1149E-12      6
 1729   25     0    -116      0    116  0.12401122E+01  0.00000000E+00 0.1646E-12      5
 1730   25     0    -115      0    115  0.12512080E+01  0.00000000E+00 0.2908E-12      5
 1731   25     0    -114      0    114  0.12611927E+01  0.00000000E+00 0.1755E-12      6
 1732   25     0    -113      0    113  0.12706059E+01  0.00000000E+00 0.7840E-13      6
 1733   25     0    -112      0    112  0.12817481E+01  0.00000000E+00 0.5558E-13      6
 1734   25     0    -111      0    111  0.12936022E+01  0.00000000E+00 0.2813E-13      6
 1735   25     0    -110      0    110  0.13043112E+01  0.00000000E+00 0.1335E-12      6
 1736   25     0    -109      0    109  0.13142191E+01  0.00000000E+00 0.9117E-13      6
 1737   25     0    -108      0    108  0.13259893E+01  0.00000000E+00 0.3768E-13      6
 1738   25     0    -107      0    107  0.13386697E+01  0.00000000E+00 0.1275E-12      6
 1739   25     0    -106      0    106  0.13502680E+01  0.00000000E+00 0.1078E-12      6
 1740   25     0    -105      0    105  0.13607257E+01  0.00000000E+00 0.8601E-14      6
 1741   25     0    -104      0    104  0.13730712E+01  0.00000000E+00 0.2851E-13      6
 1742   25     0    -103      0    103  0.13866324E+01  0.00000000E+00 0.3577E-13      6
 1743   25     0    -102      0    102  0.13992983E+01  0.00000000E+00 0.3657E-12      5
 1744   25     0    -101      0    101  0.14103769E+01  0.00000000E+00 0.1303E-12      6
 1745   25     0    -100      0    100  0.14232503E+01  0.00000000E+00 0.1048E-12      6
 1746   25     0     -99      0     99  0.14378025E+01  0.00000000E+00 0.1293E-12      6
 1747   25     0     -98      0     98  0.14517678E+01  0.00000000E+00 0.7092E-13      6
 1748   25     0     -97      0     97  0.14637192E+01  0.00000000E+00 0.4513E-13      6
 1749   25     0     -96      0     96  0.14771873E+01  0.00000000E+00 0.8106E-13      6
 1750   25     0     -95      0     95  0.14928644E+01  0.00000000E+00 0.7593E-13      5
 1751   25     0     -94      0     94  0.15082631E+01  0.00000000E+00 0.1210E-12      6
 1752   25     0     -93      0     93  0.15213223E+01  0.00000000E+00 0.6602E-14      5
 1753   25     0     -92      0     92  0.15354998E+01  0.00000000E+00 0.8120E-13      6
 1754   25     0     -91      0     91  0.15523822E+01  0.00000000E+00 0.2840E-12      5
 1755   25     0     -90      0     90  0.15692978E+01  0.00000000E+00 0.2981E-13      6
 1756   25     0     -89      0     89  0.15836413E+01  0.00000000E+00 0.3219E-13      5
 1757   25     0     -88      0     88  0.15986164E+01  0.00000000E+00 0.1469E-12      6
 1758   25     0     -87      0     87  0.16168080E+01  0.00000000E+00 0.2338E-12      5
 1759   25     0     -86      0     86  0.16354085E+01  0.00000000E+00 0.7789E-13      5
 1760   25     0     -85      0     85  0.16512796E+01  0.00000000E+00 0.1307E-12      5
 1761   25     0     -84      0     84  0.16671261E+01  0.00000000E+00 0.1162E-12      6
 1762   25     0     -83      0     83  0.16867410E+01  0.00000000E+00 0.6815E-13      5
 1763   25     0     -82      0     82  0.17071891E+01  0.00000000E+00 0.1050E-12      6
  Time elapsed :      1.963 s

Starting search (non-adiabatic)

Finding roots
  Time elapsed :    158.724 s

Processing modes
   id    l     m    n_pg    n_p    n_g       Re(omega)       Im(omega)        chi n_iter
 1597   25     0    -248      1    249  0.59167252E+00 -0.87841396E-03 0.3146E-12      9
 1598   25     0    -247      1    248  0.59405909E+00 -0.95368206E-03 0.5644E-12      9
 1599   25     0    -246      1    247  0.59659624E+00 -0.96099897E-03 0.7529E-12      9
 1600   25     0    -245      1    246  0.59904790E+00 -0.89037553E-03 0.9897E-12      7
 1601   25     0    -244      1    245  0.60133985E+00 -0.87642184E-03 0.2377E-12      8
 1602   25     0    -243      1    244  0.60377708E+00 -0.95280088E-03 0.5280E-12      7
 1603   25     0    -242      1    243  0.60638002E+00 -0.96673465E-03 0.5041E-12      7
 1604   25     0    -241      1    242  0.60891332E+00 -0.90611832E-03 0.6165E-14      7
 1605   25     0    -240      1    241  0.61130640E+00 -0.89435050E-03 0.2350E-12      8
 1606   25     0    -239      1    240  0.61382571E+00 -0.96054443E-03 0.2683E-12      7
 1607   25     0    -238      1    239  0.61648979E+00 -0.97223477E-03 0.3378E-12      7
 1608   25     0    -237      1    238  0.61909209E+00 -0.92615762E-03 0.7881E-12      9
 1609   25     0    -236      1    237  0.62160632E+00 -0.93018849E-03 0.2876E-12      7
 1610   25     0    -235      1    236  0.62424215E+00 -0.98182201E-03 0.7552E-12      8
 1611   25     0    -234      1    235  0.62696727E+00 -0.97525465E-03 0.4078E-12      8
 1612   25     0    -233      1    234  0.62959264E+00 -0.93139998E-03 0.6854E-12      8
 1613   25     0    -232      1    233  0.63218995E+00 -0.96848544E-03 0.8710E-12      9
 1614   25     0    -231      1    232  0.63497439E+00 -0.10267989E-02 0.5650E-12      7
 1615   25     0    -230      1    231  0.63782923E+00 -0.10060784E-02 0.1010E-11      9
 1616   25     0    -229      1    230  0.64052684E+00 -0.94313109E-03 0.3757E-13      8
 1617   25     0    -228      1    229  0.64317366E+00 -0.98854611E-03 0.6566E-12      8
 1618   25     0    -227      1    228  0.64604919E+00 -0.10582570E-02 0.5080E-12      9
 1619   25     0    -226      1    227  0.64900626E+00 -0.10372132E-02 0.6193E-12      9
 1620   25     0    -225      1    226  0.65180207E+00 -0.97612899E-03 0.1125E-12      7
 1621   25     0    -224      1    225  0.65455877E+00 -0.10252554E-02 0.1828E-12      9
 1622   25     0    -223      1    224  0.65754364E+00 -0.10916084E-02 0.1124E-12      9
 1623   25     0    -222      1    223  0.66059160E+00 -0.10643884E-02 0.2698E-12      8
 1624   25     0    -221      1    222  0.66346481E+00 -0.10083324E-02 0.4784E-12      7
 1625   25     0    -220      1    221  0.66633149E+00 -0.10712448E-02 0.3459E-12      8
 1626   25     0    -219      1    220  0.66943797E+00 -0.11354539E-02 0.1196E-11      9
 1627   25     0    -218      1    219  0.67258284E+00 -0.10998848E-02 0.5761E-12      7
 1628   25     0    -217      1    218  0.67553936E+00 -0.10519688E-02 0.9927E-13      8
 1629   25     0    -216      1    217  0.67853685E+00 -0.11331474E-02 0.4645E-12      7
 1630   25     0    -215      1    216  0.68179049E+00 -0.11958959E-02 0.8539E-12      8
 1631   25     0    -214      1    215  0.68504955E+00 -0.11424598E-02 0.9412E-12      7
 1632   25     0    -213      1    214  0.68805578E+00 -0.10825055E-02 0.6220E-12      7
 1633   25     0    -212      1    213  0.69113159E+00 -0.11915556E-02 0.8223E-12      7
 1634   25     0    -211      1    212  0.69452586E+00 -0.12685105E-02 0.4291E-12      8
 1635   25     0    -210      1    211  0.69794349E+00 -0.12188179E-02 0.3757E-12      7
 1636   25     0    -209      1    210  0.70110401E+00 -0.11459332E-02 0.1096E-11      8
 1637   25     0    -208      1    209  0.70427782E+00 -0.12388232E-02 0.4582E-12      6
 1638   25     0    -207      1    208  0.70775027E+00 -0.13147080E-02 0.6973E-12      8
 1639   25     0    -206      0    206  0.71124527E+00 -0.12683572E-02 0.6372E-12      7
 1640   25     0    -205      0    205  0.71453284E+00 -0.12249890E-02 0.3145E-12      7
 1641   25     0    -204      0    204  0.71789918E+00 -0.13195904E-02 0.4948E-12      8
 1642   25     0    -203      0    203  0.72152170E+00 -0.13736005E-02 0.5592E-12      8
 1643   25     0    -202      0    202  0.72511068E+00 -0.13096758E-02 0.1032E-11      7
 1644   25     0    -201      0    201  0.72848798E+00 -0.12858501E-02 0.6449E-12      8
 1645   25     0    -200      0    200  0.73202338E+00 -0.14022159E-02 0.1040E-11      7
 1646   25     0    -199      0    199  0.73581915E+00 -0.14464301E-02 0.7344E-12      7
 1647   25     0    -198      0    198  0.73952478E+00 -0.13603811E-02 0.2631E-12      9
 1648   25     0    -197      0    197  0.74298776E+00 -0.13528614E-02 0.4218E-12      8
 1649   25     0    -196      0    196  0.74669089E+00 -0.14997925E-02 0.3798E-12      9
 1650   25     0    -195      0    195  0.75067691E+00 -0.15410694E-02 0.4693E-12      7
 1651   25     0    -194      0    194  0.75451873E+00 -0.14249490E-02 0.1112E-13      8
 1652   25     0    -193      0    193  0.75805000E+00 -0.14214410E-02 0.3298E-12      8
 1653   25     0    -192      0    192  0.76190081E+00 -0.16047899E-02 0.1785E-11      7
 1654   25     0    -191      0    191  0.76608397E+00 -0.16504053E-02 0.1622E-12      9
 1655   25     0    -190      0    190  0.77010598E+00 -0.15066791E-02 0.2517E-12      8
 1656   25     0    -189      0    189  0.77372842E+00 -0.14749243E-02 0.7549E-12      7
 1657   25     0    -188      0    188  0.77769214E+00 -0.16811695E-02 0.7481E-13      7
 1658   25     0    -187      0    187  0.78205579E+00 -0.17356419E-02 0.6263E-12      9
 1659   25     0    -186      0    186  0.78629508E+00 -0.15875729E-02 0.6811E-12      7
 1660   25     0    -185      0    185  0.79010042E+00 -0.15097348E-02 0.1410E-11      7
 1661   25     0    -184      0    184  0.79417390E+00 -0.16974202E-02 0.3066E-12      7
 1662   25     0    -183      0    183  0.79868313E+00 -0.17488065E-02 0.5015E-12      8
 1663   25     0    -182      0    182  0.80309382E+00 -0.15997730E-02 0.6406E-12      8
 1664   25     0    -181      0    181  0.80710434E+00 -0.15212796E-02 0.6647E-12      8
 1665   25     0    -180      0    180  0.81138147E+00 -0.16849114E-02 0.8018E-12      7
 1666   25     0    -179      0    179  0.81608418E+00 -0.17210732E-02 0.2131E-12     10
 1667   25     0    -178      0    178  0.82068005E+00 -0.15676629E-02 0.8966E-12      7
 1668   25     0    -177      0    177  0.82488072E+00 -0.14907794E-02 0.6223E-12      7
 1669   25     0    -176      0    176  0.82935815E+00 -0.16383744E-02 0.9614E-12      8
 1670   25     0    -175      0    175  0.83425173E+00 -0.16592865E-02 0.1370E-12      8
 1671   25     0    -174      0    174  0.83901806E+00 -0.15086746E-02 0.3276E-12      8
 1672   25     0    -172      0    172  0.84817738E+00 -0.15837265E-02 0.6198E-12     12
 1673   25     0    -171      0    171  0.85330389E+00 -0.15815483E-02 0.5172E-12     10
 1674   25     0    -170      0    170  0.85825383E+00 -0.14197635E-02 0.3578E-12      9
 1675   25     0    -169      0    169  0.86284793E+00 -0.13785434E-02 0.1839E-12     11
 1676   25     0    -168      0    168  0.86783686E+00 -0.15025881E-02 0.5779E-12      9
 1677   25     0    -167      0    167  0.87322341E+00 -0.14869314E-02 0.5674E-12      9
 1678   25     0    -166      0    166  0.87839601E+00 -0.13236389E-02 0.5511E-12     10
 1679   25     0    -165      0    165  0.88321601E+00 -0.12950959E-02 0.4992E-12     10
 1680   25     0    -164      0    164  0.88848954E+00 -0.14107499E-02 0.8821E-12      9
 1681   25     0    -163      0    163  0.89415715E+00 -0.13823327E-02 0.3534E-12      9
 1682   25     0    -162      0    162  0.89953203E+00 -0.12114950E-02 0.3643E-12      8
 1683   25     0    -161      0    161  0.90453362E+00 -0.12057085E-02 0.4312E-12      9
 1684   25     0    -160      0    160  0.91010922E+00 -0.13274811E-02 0.1228E-11      8
 1685   25     0    -159      0    159  0.91609768E+00 -0.12951725E-02 0.3455E-12      8
 1686   25     0    -158      0    158  0.92173317E+00 -0.11267449E-02 0.3738E-12     10
 1687   25     0    -157      0    157  0.92696531E+00 -0.11304005E-02 0.8238E-12      9
 1688   25     0    -156      0    156  0.93283672E+00 -0.12519156E-02 0.1150E-11      9
 1689   25     0    -155      0    155  0.93913282E+00 -0.12185223E-02 0.3281E-12     10
 1690   25     0    -154      0    154  0.94501094E+00 -0.10525943E-02 0.4727E-12      8
 1691   25     0    -153      0    153  0.95047217E+00 -0.10715914E-02 0.3477E-12      8
 1692   25     0    -152      0    152  0.95667423E+00 -0.11954634E-02 0.8592E-12     12
 1693   25     0    -151      0    151  0.96333093E+00 -0.11632690E-02 0.7807E-12      8
 1694   25     0    -150      0    150  0.96952749E+00 -0.99721173E-03 0.4349E-12      8
 1695   25     0    -149      0    149  0.97523528E+00 -0.10114175E-02 0.1230E-11      9
 1696   25     0    -148      0    148  0.98173977E+00 -0.11350375E-02 0.1149E-11      8
 1697   25     0    -147      0    147  0.98873680E+00 -0.11027330E-02 0.8918E-12      8
 1698   25     0    -146      0    146  0.99523884E+00 -0.94544193E-03 0.1857E-12      8
 1699   25     0    -145      0    145  0.10012735E+01 -0.96770659E-03 0.9093E-12      9
 1700   25     0    -144      0    144  0.10081597E+01 -0.10809452E-02 0.4977E-12     10
 1701   25     0    -143      0    143  0.10155238E+01 -0.10439024E-02 0.5247E-12      9
 1702   25     0    -142      0    142  0.10223318E+01 -0.89515435E-03 0.7701E-12      9
 1703   25     0    -141      0    141  0.10287116E+01 -0.92948668E-03 0.9697E-12      9
 1704   25     0    -140      0    140  0.10360100E+01 -0.10345033E-02 0.8637E-12      8
 1705   25     0    -139      0    139  0.10437542E+01 -0.99422450E-03 0.4994E-12     12
 1706   25     0    -138      0    138  0.10508717E+01 -0.85802544E-03 0.8723E-12      8
 1707   25     0    -137      0    137  0.10576466E+01 -0.91099776E-03 0.8126E-12     10
 1708   25     0    -136      0    136  0.10654243E+01 -0.10114931E-02 0.5914E-12      8
 1709   25     0    -135      0    135  0.10736115E+01 -0.96826766E-03 0.1657E-12      8
 1710   25     0    -134      0    134  0.10810577E+01 -0.83155460E-03 0.4011E-12      8
 1711   25     0    -133      0    133  0.10881847E+01 -0.90221393E-03 0.1125E-11      9
 1712   25     0    -132      0    132  0.10964613E+01 -0.10075631E-02 0.5043E-12     10
 1713   25     0    -131      0    131  0.11051562E+01 -0.96417698E-03 0.9418E-12      9
 1714   25     0    -130      0    130  0.11130236E+01 -0.82598879E-03 0.4573E-12      8
 1715   25     0    -129      0    129  0.11205548E+01 -0.90363584E-03 0.2542E-11      8
 1716   25     0    -128      0    128  0.11293320E+01 -0.10114130E-02 0.1616E-11      9
 1717   25     0    -127      0    127  0.11385221E+01 -0.96471273E-03 0.1609E-11     11
 1718   25     0    -126      0    126  0.11467991E+01 -0.82992410E-03 0.6438E-12     10
 1719   25     0    -125      0    125  0.11548201E+01 -0.92278175E-03 0.4031E-12      9
 1720   25     0    -124      0    124  0.11641899E+01 -0.10319644E-02 0.2636E-11     10
 1721   25     0    -123      0    123  0.11739534E+01 -0.98502371E-03 0.1319E-12      9
 1722   25     0    -122      0    122  0.11826948E+01 -0.84776566E-03 0.1510E-11      8
 1723   25     0    -121      0    121  0.11911815E+01 -0.95738981E-03 0.3195E-11     11
 1724   25     0    -120      0    120  0.12011585E+01 -0.10832974E-02 0.2280E-11     10
 1725   25     0    -119      0    119  0.12115754E+01 -0.10468538E-02 0.2394E-11      9
 1726   25     0    -118      0    118  0.12208912E+01 -0.90199912E-03 0.6685E-12      9
 1727   25     0    -117      0    117  0.12298411E+01 -0.10244722E-02 0.1554E-11      9
 1728   25     0    -116      0    116  0.12404195E+01 -0.11802693E-02 0.1521E-11      8
 1729   25     0    -115      0    115  0.12515308E+01 -0.11569241E-02 0.1784E-11      8
 1730   25     0    -114      0    114  0.12614759E+01 -0.99572958E-03 0.7154E-12      8
 1731   25     0    -113      0    113  0.12709112E+01 -0.11288721E-02 0.3091E-11      9
 1732   25     0    -112      0    112  0.12821214E+01 -0.13156602E-02 0.4951E-11      9
 1733   25     0    -111      0    111  0.12939869E+01 -0.12984525E-02 0.1814E-11     12
 1734   25     0    -110      0    110  0.13046405E+01 -0.11057779E-02 0.9991E-12      8
 1735   25     0    -109      0    109  0.13145579E+01 -0.12319012E-02 0.3929E-11      9
 1736   25     0    -108      0    108  0.13263974E+01 -0.14458810E-02 0.1182E-11      9
 1737   25     0    -107      0    107  0.13390820E+01 -0.14334909E-02 0.1036E-11      9
 1738   25     0    -106      1    107  0.13506135E+01 -0.12089400E-02 0.5340E-12     10
 1739   25     0    -105      1    106  0.13610526E+01 -0.12827251E-02 0.1842E-11      9
 1740   25     0    -107      0    107  0.13734547E+01 -0.15044211E-02 0.1209E-11     10
 1741   25     0    -106      0    106  0.13870077E+01 -0.14807759E-02 0.8348E-12     10
 1742   25     0    -103      0    103  0.13996031E+01 -0.12188610E-02 0.3039E-12     10
 1743   25     0    -102      0    102  0.14106338E+01 -0.11733697E-02 0.1373E-11      8
 1744   25     0    -101      0    101  0.14235450E+01 -0.13443691E-02 0.9675E-12      8
 1745   25     0    -100      0    100  0.14380873E+01 -0.12777452E-02 0.2015E-11      9
 1746   25     0     -99      0     99  0.14519993E+01 -0.10108603E-02 0.1957E-11      9
 1747   25     0     -98      0     98  0.14639052E+01 -0.86351431E-03 0.1026E-11      8
 1748   25     0     -97      0     97  0.14774045E+01 -0.96397314E-03 0.1766E-11      9
 1749   25     0     -96      0     96  0.14930814E+01 -0.89597320E-03 0.1983E-11      9
 1750   25     0     -95      0     95  0.15084437E+01 -0.69637026E-03 0.2397E-11      9
 1751   25     0     -94      0     94  0.15214660E+01 -0.54800472E-03 0.1930E-11      8
 1752   25     0     -93      0     93  0.15356671E+01 -0.60394014E-03 0.4487E-11      8
 1753   25     0     -92      0     92  0.15525500E+01 -0.56148499E-03 0.1976E-11      9
 1754   25     0     -91      0     91  0.15694372E+01 -0.43641327E-03 0.1312E-11      9
 1755   25     0     -90      0     90  0.15837483E+01 -0.32443819E-03 0.2005E-11      8
 1756   25     0     -89      0     89  0.15987383E+01 -0.35348999E-03 0.4130E-11      9
 1757   25     0     -88      0     88  0.16169298E+01 -0.33292482E-03 0.3449E-11      9
 1758   25     0     -87      0     87  0.16355094E+01 -0.26203402E-03 0.6524E-11      9
 1759   25     0     -86      0     86  0.16513541E+01 -0.18704761E-03 0.4284E-11     10
 1760   25     0     -85      0     85  0.16672087E+01 -0.20120669E-03 0.9136E-11      9
 1761   25     0     -84      0     84  0.16868242E+01 -0.19428071E-03 0.1104E-10      8
 1762   25     0     -83      0     83  0.17072583E+01 -0.15556611E-03 0.2881E-11      9
 1763   25     0     -82      0     82  0.17247518E+01 -0.10826856E-03 0.1082E-11      9
  Time elapsed :      7.434 s

